source_item_code,source_uom,source_product_name,category,manufacturer,brand,product_type,previous_status,previous_model,forensic_model,manufacturer_part_number,alternate_model_numbers,model_exact,suffix_exact,regional_variant_exact,finish_exact,size_capacity_exact,configuration_exact,internal_code_mapping,uom_assessment,current_historical_status,official_product_page,official_malaysia_page,official_global_page,official_catalogue,official_manual,official_datasheet,authorised_distributor_source,historical_source,primary_image_url,primary_image_source,primary_image_resolution,primary_image_sha256,identity_confidence,evidence_quality,image_confidence,closest_sibling,sibling_elimination_result,contradiction_hypothesis,contradiction_result,duplicate_image_risk,rights_status,rights_evidence,first_pass_status,second_pass_status,review_agreement,final_image_status,final_decision_reason,remaining_ambiguity,possible_source_data_issue,evidence_ceiling,human_action,research_depth,source_independence,source_type,confirmed_attributes,asset_notes,original_item_code,original_uom,original_display_name,original_category,original_stock_qty,original_price_myr,original_priority_score,original_priority_tier,original_detected_brand,original_detected_model,original_suggested_family_key,original_family_listing_count,original_candidate_page_url,original_candidate_image_url,original_source_owner,original_rights_status,original_match_confidence,original_review_status,original_image_url,original_local_asset_path,original_checksum,original_notes,original_source_rights_status_original,original_source_match_confidence_original,original_source_review_status_original,original_interpreted_manufacturer,original_interpreted_brand,original_interpreted_product_type,original_exact_model_or_variant_found,original_manufacturer_part_number,original_alternate_model_numbers,original_identity_evidence_1_url,original_identity_evidence_1_type,original_identity_evidence_1_notes,original_identity_evidence_2_url,original_identity_evidence_2_type,original_identity_evidence_2_notes,original_additional_evidence_urls,original_official_product_page_url,original_official_malaysia_page_url,original_official_global_page_url,original_official_catalogue_url,original_official_datasheet_url,original_official_manual_url,original_primary_image_url,original_primary_image_source_page,original_primary_image_resolution,original_primary_image_notes,original_alternative_image_1_url,original_alternative_image_1_source,original_alternative_image_2_url,original_alternative_image_2_source,original_source_type,original_exact_match_confidence,original_evidence_quality,original_image_quality,original_match_reason,original_confirmed_attributes,original_conflicting_attributes,original_rights_evidence_url,original_rights_evidence_notes,original_image_status,original_ambiguity_or_risk,original_duplicate_image_risk,original_reviewer_action,original_research_notes
JOV-WAT-HEA-SL30IP-BLK-RS,PCS,Joven (black) Instant Water Heater SL30IP-RS,Home Appliances,Joven,Joven,Home Appliances,candidate,SL30iP-RS,SL30iP-RS,5101501,UNKNOWN,yes,yes,yes,yes,yes,yes,probable,exact_match,current,https://www.joven-electric.com/my/sl30ip-rs-instant-water-heater-5101501.html,https://www.joven-electric.com/my/sl30ip-rs-instant-water-heater-5101501.html,UNKNOWN,https://www.joven-electric.com/my/products/instant-water-heater/sl30-series.html,UNKNOWN,UNKNOWN,UNKNOWN,UNKNOWN,https://www.joven-electric.com/media/catalog/product/cache/0bde81fe0c905f83e0b9fd7fea6ccbea/5/1/5101501002-1.jpg,Exact Joven Malaysia product page / model asset,430x430,023422d80580a8858a060b1d4fc070fbc49cd2ca823d40c943fb0c3fb719a05d,97,97,94,SL30iP,RS has rotatable 8-inch rainshower; non-RS has slim slider-bar configuration | Official SL30 family page and exact SL30iP/SL30iP-RS pages,Could the black source suffix point to a different wattage or a reused family image?,cleared,low,needs_permission,Joven page copyright/footer; no commercial reuse grant,candidate,candidate,yes,candidate,"Exact Malaysian model page, SKU, black rendering, RS accessories and 3.6kW specs; sibling RS/non-RS explicitly eliminated.",Source BLK is internal/color shorthand; exact SKU 5101501 is verified but not printed in Ekoway row,UNKNOWN,rights/model-code confirmation only,Request Joven permission for exact 5101501 image and confirm BLK mapping.,excellent,same_owner_same_dataset,Tier 1A official Malaysian exact product page,3.6kW 240V; inverter DC pump; 8-inch rotatable rainshower; 5-spray showerhead; 237x358x70mm; 4.7kg,UNKNOWN,JOV-WAT-HEA-SL30IP-BLK-RS,PCS,Joven (black) Instant Water Heater SL30IP-RS,Home Appliances,6,719.00,96.8,1,Joven,SL30IP-RS,joven:joven-instant-water-heater-sl30ip-rs,2,https://www.joven-electric.com/my/products/instant-water-heater/sl30-series.html,,Joven Marketing Sdn Bhd,needs_permission,C,candidate,,,,Official page confirms SL30iP-RS but black finish and package contents still need visual verification.,pending,C,candidate,Joven Malaysia,Joven,instant water heater,SL30iP-RS,5101501,SL30IP-RS,https://www.joven-electric.com/my/sl30ip-rs-instant-water-heater-5101501.html,official Malaysia product page,Exact SL30iP-RS page; 3.6kW/240V; two colour options; rendered black variant; rainshower and accessory set agree.,https://www.joven-electric.com/my/products/instant-water-heater/sl30-series.html,official Malaysia category page,SL30 Series category lists SL30iP-RS and links manufacturer image/product page.,https://www.joven-electric.com/my/products/instant-water-heater/sl30-series.html,https://www.joven-electric.com/my/sl30ip-rs-instant-water-heater-5101501.html,https://www.joven-electric.com/my/sl30ip-rs-instant-water-heater-5101501.html,UNKNOWN,UNKNOWN,UNKNOWN,UNKNOWN,https://www.joven-electric.com/media/catalog/product/cache/0bde81fe0c905f83e0b9fd7fea6ccbea/5/1/5101501002-1.jpg,https://www.joven-electric.com/my/sl30ip-rs-instant-water-heater-5101501.html,UNKNOWN,Official black SL30iP-RS product image; image page confirms rainshower configuration.,UNKNOWN,UNKNOWN,UNKNOWN,UNKNOWN,official Malaysia manufacturer product page,98,97,90,"Exact manufacturer page confirms model, 3.6kW variant, black casing, accessories, dimensions and official image.",Joven; SL30iP-RS; 3.6kW; 240V; black casing; rainshower set; PCS,Catalogue row omits electrical rating; source page identifies 3.6kW.,https://www.joven-electric.com/my/sl30ip-rs-instant-water-heater-5101501.html,Official page is public but no explicit Ekoway commercial catalogue reuse grant was located.,candidate,UNKNOWN,no,Request Joven permission for commercial catalogue use; retain the written grant and exact asset URL.,"Second-pass re-audit: exact model page, electrical rating, black finish, accessories and image were checked again; no material identity contradiction remains. Rights remains needs_permission."
JOV-WAT-HEA-SL30IP-BLK,PCS,Joven (black) Instant Water Heater SL30IP,Home Appliances,Joven,Joven,Home Appliances,pending,SL30iP; black finish unresolved,SL30iP,5101401,UNKNOWN,yes,yes,unresolved,unresolved,yes,yes,probable,exact_match,current,https://www.joven-electric.com/my/sl30ip-instant-water-heater-5101401.html,https://www.joven-electric.com/my/sl30ip-instant-water-heater-5101401.html,UNKNOWN,https://www.joven-electric.com/my/products/instant-water-heater/sl30-series.html,UNKNOWN,UNKNOWN,UNKNOWN,UNKNOWN,UNKNOWN,UNKNOWN,UNKNOWN,UNKNOWN,94,95,0,SL30iP-RS; SL30iP(WB),"RS has rainshower; WB has wall-bracket variant; official page/image set recovered is white, not exact black | https://www.joven-electric.com/my/products/instant-water-heater/sl30-series.html",Official page lists two colours but accessible exact asset is white; black row may be internal color variant without exact asset.,unresolved_material_conflict,low,unknown,UNKNOWN,pending,pending,yes,pending,Model page is exact but candidate gate fails exact black image/finish proof.,Exact model identity known; exact black image and source color code not proven,UNKNOWN,manufacturer black asset or label required,Request Joven black SL30iP image/SKU confirmation; do not use white image.,strong,same_owner_same_dataset,Tier 1A exact model page but image-variant gap,3.6kW 240V; inverter DC pump; slim slider bar; 5-spray head; 237x358x70mm; 3.5kg,UNKNOWN,JOV-WAT-HEA-SL30IP-BLK,PCS,Joven (black) Instant Water Heater SL30IP,Home Appliances,7,589.00,96.7,1,Joven,SL30IP,joven:joven-instant-water-heater-sl30ip,2,https://www.joven-electric.com/my/products/instant-water-heater/sl30-series.html,,Joven Marketing Sdn Bhd,needs_permission,C,candidate,,,,Official page confirms SL30iP but black finish and package contents still need visual verification.,pending,C,candidate,Joven Malaysia,Joven,instant water heater,SL30iP; black finish unresolved,5101401,SL30IP,https://www.joven-electric.com/my/sl30ip-instant-water-heater-5101401.html,official Malaysia product page,Exact SL30iP model and 3.6kW specification confirmed; page states two colour options but the official image exposed in the page is white.,https://www.joven-electric.com/my/products/instant-water-heater/sl30-series.html,official Malaysia category page,Category lists SL30iP and provides white official image assets.,https://www.joven-electric.com/my/products/instant-water-heater/sl30-series.html,https://www.joven-electric.com/my/sl30ip-instant-water-heater-5101401.html,https://www.joven-electric.com/my/sl30ip-instant-water-heater-5101401.html,UNKNOWN,UNKNOWN,UNKNOWN,UNKNOWN,UNKNOWN,https://www.joven-electric.com/my/sl30ip-instant-water-heater-5101401.html,UNKNOWN,Exact black asset was not established; do not use the white official image for the black row.,https://www.joven-electric.com/media/catalog/product/cache/0bde81fe0c905f83e0b9fd7fea6ccbea/s/l/sl30ip_white_2026-2_1.jpg,official Joven category image (white; wrong colour for this row),UNKNOWN,UNKNOWN,official Malaysia manufacturer page; exact colour asset unresolved,88,94,0,"Model and electrical specification are exact, but the authoritative image available is white while the catalogue row requires black.",Joven; SL30iP; 3.6kW; two-colour product family; PCS,Black finish image/asset not established; white official image must not represent black row.,https://www.joven-electric.com/my/sl30ip-instant-water-heater-5101401.html,Official page found but commercial reuse permission is not stated.,pending,Black-vs-white variant risk; do not substitute white image.,no,Obtain the official black SL30iP asset or supplier label/photo confirming the black variant before publication.,Searched exact SL30iP page and SL30 category; model is confirmed but the black image variant is not. Second-pass review keeps pending.
JOV-WAT-HEA-SL30IP-WHI,PCS,Joven (white) Instant Water Heater SL30IP,Home Appliances,Joven,Joven,Home Appliances,candidate,SL30iP,SL30iP,5101401,UNKNOWN,yes,yes,yes,yes,yes,yes,probable,exact_match,current,https://www.joven-electric.com/my/sl30ip-instant-water-heater-5101401.html,https://www.joven-electric.com/my/sl30ip-instant-water-heater-5101401.html,UNKNOWN,https://www.joven-electric.com/my/products/instant-water-heater/sl30-series.html,UNKNOWN,UNKNOWN,UNKNOWN,UNKNOWN,https://www.joven-electric.com/media/catalog/product/cache/0bde81fe0c905f83e0b9fd7fea6ccbea/s/l/sl30ip_white_2026-2_1.jpg,Exact SL30iP category/product asset,430x430,b249fb9a58d4d46e3a3605d4367f00d6c309f25d770671c13db5956ed0ae403b,96,96,93,SL30iP-RS; SL30iP(WB),RS rainshower and WB wall-bracket variants differ in accessories | https://www.joven-electric.com/my/products/instant-water-heater/sl30-series.html,Could white asset be family-level rather than exact SL30iP?,cleared,low,needs_permission,Joven copyright/footer,candidate,candidate,yes,candidate,Exact product page plus model-specific white asset and non-RS accessory fingerprint.,Internal row code has no manufacturer SKU,UNKNOWN,rights only,Request Joven permission and retain exact 5101401 model/SKU evidence.,excellent,same_owner_same_dataset,Tier 1A official Malaysian exact product page,3.6kW 240V; inverter DC pump; slim slider bar; 5-spray head; 237x358x70mm; 3.5kg,UNKNOWN,JOV-WAT-HEA-SL30IP-WHI,PCS,Joven (white) Instant Water Heater SL30IP,Home Appliances,5,509.00,94.8,1,Joven,SL30IP,joven:joven-instant-water-heater-sl30ip,2,https://www.joven-electric.com/my/products/instant-water-heater/sl30-series.html,,Joven Marketing Sdn Bhd,needs_permission,C,candidate,,,,Official page confirms SL30iP but white finish and package contents still need visual verification.,pending,C,candidate,Joven Malaysia,Joven,instant water heater,SL30iP,5101401,SL30IP,https://www.joven-electric.com/my/sl30ip-instant-water-heater-5101401.html,official Malaysia product page,Exact SL30iP page; 3.6kW/240V; rendered white variant; accessories and dimensions agree.,https://www.joven-electric.com/my/products/instant-water-heater/sl30-series.html,official Malaysia category page,SL30 Series category links the white SL30iP image and product page.,https://www.joven-electric.com/my/products/instant-water-heater/sl30-series.html,https://www.joven-electric.com/my/sl30ip-instant-water-heater-5101401.html,https://www.joven-electric.com/my/sl30ip-instant-water-heater-5101401.html,UNKNOWN,UNKNOWN,UNKNOWN,UNKNOWN,https://www.joven-electric.com/media/catalog/product/cache/0bde81fe0c905f83e0b9fd7fea6ccbea/s/l/sl30ip_white_2026-2_1.jpg,https://www.joven-electric.com/my/sl30ip-instant-water-heater-5101401.html,UNKNOWN,Official white SL30iP image.,https://www.joven-electric.com/media/catalog/product/cache/0bde81fe0c905f83e0b9fd7fea6ccbea/s/l/sl30ip_white_2026_1.jpg,official Joven category image,UNKNOWN,UNKNOWN,official Malaysia manufacturer product page,98,97,90,"Exact manufacturer page and white official image match model, finish, electrical rating and accessories.",Joven; SL30iP; 3.6kW; white casing; PCS,Catalogue row omits electrical rating; source page identifies 3.6kW.,https://www.joven-electric.com/my/sl30ip-instant-water-heater-5101401.html,No explicit Ekoway commercial image reuse grant found.,candidate,UNKNOWN,no,Request permission and retain manufacturer asset provenance.,Second-pass re-audit: exact product page and white image were compared with catalogue model and UOM; no material identity contradiction remains. Rights remains needs_permission.
JOV-WAT-HEA-SL30IP-WHI-RS,PCS,Joven (white) Instant Water Heater SL30IP-RS,Home Appliances,Joven,Joven,Home Appliances,pending,SL30iP-RS; white finish unresolved,SL30iP-RS,5101501,UNKNOWN,yes,yes,unresolved,unresolved,yes,yes,probable,exact_match,current,https://www.joven-electric.com/my/sl30ip-rs-instant-water-heater-5101501.html,https://www.joven-electric.com/my/sl30ip-rs-instant-water-heater-5101501.html,UNKNOWN,https://www.joven-electric.com/my/products/instant-water-heater/sl30-series.html,UNKNOWN,UNKNOWN,UNKNOWN,UNKNOWN,UNKNOWN,UNKNOWN,UNKNOWN,UNKNOWN,94,96,0,SL30iP-RS black; SL30iP white,RS rainshower configuration is distinct; page exposes two colours but accessible exact image is not proven white | https://www.joven-electric.com/my/products/instant-water-heater/sl30-series.html,White row is not tied to a model-specific white asset; using black RS image would be a finish error.,unresolved_material_conflict,low,unknown,UNKNOWN,pending,pending,yes,pending,Exact model is known but exact white image/finish is not proven.,White RS image/asset missing,UNKNOWN,manufacturer white asset or label required,Request exact white SL30iP-RS image and confirm color SKU.,strong,same_owner_same_dataset,Tier 1A exact model page but image-variant gap,3.6kW 240V; rotatable 8-inch rainshower; 5-spray head; 237x358x70mm; 4.7kg,UNKNOWN,JOV-WAT-HEA-SL30IP-WHI-RS,PCS,Joven (white) Instant Water Heater SL30IP-RS,Home Appliances,4,629.00,94.8,1,Joven,SL30IP-RS,joven:joven-instant-water-heater-sl30ip-rs,2,https://www.joven-electric.com/my/products/instant-water-heater/sl30-series.html,,Joven Marketing Sdn Bhd,needs_permission,C,candidate,,,,Official page confirms SL30iP-RS but white finish and package contents still need visual verification.,pending,C,candidate,Joven Malaysia,Joven,instant water heater,SL30iP-RS; white finish unresolved,5101501,SL30IP-RS,https://www.joven-electric.com/my/sl30ip-rs-instant-water-heater-5101501.html,official Malaysia product page,"Exact SL30iP-RS model, 3.6kW configuration and two-colour product family confirmed; official image exposed in research is black.",https://www.joven-electric.com/my/products/instant-water-heater/sl30-series.html,official Malaysia category page,Category lists exact SL30iP-RS product and black image asset.,https://www.joven-electric.com/my/products/instant-water-heater/sl30-series.html,https://www.joven-electric.com/my/sl30ip-rs-instant-water-heater-5101501.html,https://www.joven-electric.com/my/sl30ip-rs-instant-water-heater-5101501.html,UNKNOWN,UNKNOWN,UNKNOWN,UNKNOWN,UNKNOWN,https://www.joven-electric.com/my/sl30ip-rs-instant-water-heater-5101501.html,UNKNOWN,White official image variant not established; black image must not be used for this row.,https://www.joven-electric.com/media/catalog/product/cache/0bde81fe0c905f83e0b9fd7fea6ccbea/5/1/5101501002-1.jpg,official Joven category image (black; wrong colour for this row),UNKNOWN,UNKNOWN,official Malaysia manufacturer page; exact colour asset unresolved,88,94,0,"Model and electrical configuration are exact, but the authoritative image available is black while the catalogue row requires white.",Joven; SL30iP-RS; 3.6kW; two-colour product family; PCS,White finish image/asset not established.,https://www.joven-electric.com/my/sl30ip-rs-instant-water-heater-5101501.html,Official page found but commercial reuse permission is not stated.,pending,White-vs-black variant risk; do not substitute black image.,no,Obtain the official white SL30iP-RS asset or supplier label/photo before publication.,Searched exact product page and SL30 category; model is confirmed but the white image variant is not. Second-pass review keeps pending.
JOV-WAT-HEA-SA20E,PCS,Joven Instant Water Heater,Home Appliances,Joven,Joven,Home Appliances,candidate,SA20e,SA20e,UNKNOWN,UNKNOWN,yes,yes,yes,yes,yes,yes,probable,exact_match,current,https://www.joven-electric.com/my/products/instant-water-heater/sa-series.html,https://www.joven-electric.com/my/products/instant-water-heater/sa-series.html,UNKNOWN,UNKNOWN,UNKNOWN,UNKNOWN,UNKNOWN,UNKNOWN,https://www.joven-electric.com/media/catalog/product/cache/0bde81fe0c905f83e0b9fd7fea6ccbea/s/a/sa20e_-_feature_image_2026.jpg,Official Joven Malaysia SA series exact listing,430x430,7d6a1ee6b62ac1d97e7a936511c01a70c7027a5d60434b2e2297773945afc0d3,95,94,91,SA15m; SA8e,Different capacity/model and accessory/bracket descriptions | https://www.joven-electric.com/my/products/instant-water-heater/sa-series.html,Only a category/series page rather than dedicated SKU page; exact image is tied by adjacent model label.,cleared,low,needs_permission,Joven page copyright/footer,candidate,candidate,yes,candidate,Exact model entry and model-specific image on official Malaysian series page; candidate below exceptional confidence due single-source/category dependency.,No manufacturer part number beyond model,UNKNOWN,rights or dedicated datasheet only,Request Joven permission and exact SA20e datasheet/SKU.,strong,same_owner_same_dataset,Tier 1A official Malaysian series page,Slim slider bar; 5-spray head; double-pole EELS 10mA,UNKNOWN,JOV-WAT-HEA-SA20E,PCS,Joven Instant Water Heater,Home Appliances,18,329.00,91.1,1,Joven,SA20E,joven:joven-instant-water-heater,1,https://www.joven-electric.com/my/products/instant-water-heater/sa-series.html,,Joven Marketing Sdn Bhd,needs_permission,A,candidate,,,,Official SA Series page lists SA20e; obtain dealer media permission before download.,pending,A,candidate,Joven Malaysia,Joven,instant water heater,SA20e,511601002,SA20E,https://www.joven-electric.com/my/products/instant-water-heater/sa-series.html,official Malaysia category page,"Exact SA20e listing and official image; slim slider bar, double-pole EELS, 5-spray showerhead.",UNKNOWN,UNKNOWN,Only one primary manufacturer category source located; independent corroboration not established.,https://www.joven-electric.com/my/sa20e-instant-water-heater-511601002.html,https://www.joven-electric.com/my/sa20e-instant-water-heater-511601002.html,https://www.joven-electric.com/my/sa20e-instant-water-heater-511601002.html,UNKNOWN,UNKNOWN,UNKNOWN,UNKNOWN,https://www.joven-electric.com/media/catalog/product/cache/0bde81fe0c905f83e0b9fd7fea6ccbea/s/a/sa20e_-_feature_image_2026.jpg,https://www.joven-electric.com/my/products/instant-water-heater/sa-series.html,UNKNOWN,Official SA20e feature image.,UNKNOWN,UNKNOWN,UNKNOWN,UNKNOWN,official Malaysia manufacturer category page,98,94,88,"Exact SA20e listing, manufacturer part number and official image match the row.",Joven; SA20e; slim slider bar; PCS,Catalogue display name omits model but detected model and official page agree.,https://www.joven-electric.com/my/products/instant-water-heater/sa-series.html,Copyright is reserved and no explicit commercial catalogue reuse grant was found.,candidate,UNKNOWN,no,Obtain Joven image permission.,"Second-pass re-audit: exact SA20e model, manufacturer part number and official image were checked against the row; no material contradiction remains. Rights remains needs_permission."
SIN-SOR-SRTKS2406,PCS,Sorento S/s 304 Kitchen Sink Ultrasonic Nano Tech SRTS2406,Kitchen & Sinks,Sorento,Sorento,Kitchen & Sinks,candidate,SRTKS2406,SRTKS2406,SRTKS2406,Source SRTS2406; SRTKS2406-OF also appears in result pages,yes,unresolved,yes,unresolved,yes,yes,unconfirmed,exact_match,current,https://sorento.com.my/,https://sorento.com.my/,UNKNOWN,https://www.sorento.com.my/media/attachments/2024/09/19/sorento-catalog-2024.pdf#page=94,UNKNOWN,UNKNOWN,UNKNOWN,UNKNOWN,https://www.sorento.com.my/media/attachments/2024/09/19/sorento-catalog-2024.pdf#page=94,Official Sorento catalogue PDF page 94/printed page 88 crop,UNKNOWN,UNKNOWN,86,92,78,SRTKS2426-BL; SRTKS2426-RG/GY; SRTKS2409,Same 540x440x230 family but different model/finish; exact 2406 upper-left item crop | https://www.sorento.com.my/media/attachments/2024/09/19/sorento-catalog-2024.pdf#page=94,Source omits K and says Ultrasonic Nano Tech; current result names SRTKS2406/2406-OF; exact equivalence/variant not proven.,unresolved_material_conflict,low,needs_permission,https://www.sorento.com.my/media/attachments/2024/09/19/sorento-catalog-2024.pdf,pending,pending,yes,pending,Exact family model present but source-name/technology ambiguity is material.,SRTS/SRTKS and technology mapping,UNKNOWN,Sorento/supplier confirmation and direct asset,Request written source-code mapping and approved exact image; do not finalize crop.,excellent,same_owner_same_dataset,Tier 1A catalogue plus official result pages,L540xW440xH230; 304 stainless; undermount; page 94 crop x105-345/y110-315 at 993x1404,UNKNOWN,SIN-SOR-SRTKS2406,PCS,Sorento S/s 304 Kitchen Sink Ultrasonic Nano Tech SRTS2406,Kitchen & Sinks,2,439.00,90.8,1,Sorento,SRTS2406,sorento:sorento-s-s-304-kitchen-sink-ultrasonic-nano,2,https://www.sorento.com.my/media/attachments/2024/09/19/sorento-catalog-2024.pdf,,Sorento,needs_permission,A,candidate,,,,Official Sorento catalogue contains exact model SRTKS2406; commercial image permission still required.,pending,A,candidate,Sorento,Sorento,undermount kitchen sink,SRTKS2406,SRTKS2406,UNKNOWN,https://www.sorento.com.my/media/attachments/2024/09/19/sorento-catalog-2024.pdf#page=94,official manufacturer catalogue PDF,Exact SRTKS2406 on printed catalogue page 88/PDF page 94; dimensions L540 x W440 x H230mm; stainless sink family.,UNKNOWN,UNKNOWN,Only one authoritative source located; independent corroboration not established.,https://www.sorento.com.my/media/attachments/2024/09/19/sorento-catalog-2024.pdf,UNKNOWN,UNKNOWN,UNKNOWN,https://www.sorento.com.my/media/attachments/2024/09/19/sorento-catalog-2024.pdf,UNKNOWN,UNKNOWN,https://www.sorento.com.my/media/attachments/2024/09/19/sorento-catalog-2024.pdf#page=94,https://www.sorento.com.my/media/attachments/2024/09/19/sorento-catalog-2024.pdf,UNKNOWN; PDF page 94,Official catalogue page contains the exact model image; crop/model selection must be verified before use.,UNKNOWN,UNKNOWN,UNKNOWN,UNKNOWN,official manufacturer catalogue PDF,98,96,75,Exact model and dimensions appear in Sorento’s official 2024 catalogue; catalogue image is the strongest available official asset.,Sorento; SRTKS2406; L540 x W440 x H230mm; PCS,Direct image asset URL and independent corroborating source were not found.,https://www.sorento.com.my/media/attachments/2024/09/19/sorento-catalog-2024.pdf,Official catalogue is public but no explicit Ekoway commercial image reuse grant was found.,candidate,Shared PDF page contains multiple sink models; crop must be model-specific.,yes,"Request Sorento permission and verify the crop corresponds to SRTKS2406, not a sibling sink.","Second-pass re-audit: exact model, dimensions and printed catalogue location were rechecked; no model contradiction remains, but shared-page crop and rights require review."
JOV-WAT-HEA-SA8E,PCS,Joven SA8E Instant Water Heater,Home Appliances,Joven,Joven,Home Appliances,candidate,SA8e,SA8e,UNKNOWN,UNKNOWN,yes,yes,yes,yes,yes,yes,probable,exact_match,current,https://www.joven-electric.com/my/products/instant-water-heater/sa-series.html,https://www.joven-electric.com/my/products/instant-water-heater/sa-series.html,UNKNOWN,UNKNOWN,UNKNOWN,UNKNOWN,UNKNOWN,UNKNOWN,https://www.joven-electric.com/media/catalog/product/cache/0bde81fe0c905f83e0b9fd7fea6ccbea/5/1/511801001-1.jpg,Official Joven Malaysia SA series exact listing,430x430,89c1148e68d8ec22084c0e1e06616a09ebb6094324a828969fc08155f55596e4,95,94,91,SA10e; SA20e,Different capacity/model and wall-bracket/accessory configuration | https://www.joven-electric.com/my/products/instant-water-heater/sa-series.html,Series page is only meaningful primary source; exact image tied to exact model entry but no dedicated page.,cleared,low,needs_permission,Joven page copyright/footer,candidate,candidate,yes,candidate,Exact model entry and model-specific official asset; candidate at 95 due category-page dependence.,No manufacturer part number beyond model,UNKNOWN,rights or dedicated datasheet only,Request Joven permission and exact SA8e datasheet/SKU.,strong,same_owner_same_dataset,Tier 1A official Malaysian series page,Inclinable wall bracket; 5-spray head; double-pole EELS 10mA,UNKNOWN,JOV-WAT-HEA-SA8E,PCS,Joven SA8E Instant Water Heater,Home Appliances,16,329.00,90.6,1,Joven,SA8E,joven:joven-sa8e-instant-water-heater,1,https://www.joven-electric.com/my/products/instant-water-heater/sa-series.html,,Joven Marketing Sdn Bhd,needs_permission,A,candidate,,,,Official SA Series page lists SA8e; obtain dealer media permission before download.,pending,A,candidate,Joven Malaysia,Joven,instant water heater,SA8e,511801001,SA8E,https://www.joven-electric.com/my/products/instant-water-heater/sa-series.html,official Malaysia category page,"Exact SA8e listing and official image; inclinable wall bracket, double-pole EELS and 5-spray showerhead.",UNKNOWN,UNKNOWN,Only one primary manufacturer category source located; independent corroboration not established.,https://www.joven-electric.com/my/sa8e-instant-water-heater-511801001.html,https://www.joven-electric.com/my/sa8e-instant-water-heater-511801001.html,https://www.joven-electric.com/my/sa8e-instant-water-heater-511801001.html,UNKNOWN,UNKNOWN,UNKNOWN,UNKNOWN,https://www.joven-electric.com/media/catalog/product/cache/0bde81fe0c905f83e0b9fd7fea6ccbea/5/1/511801001-1.jpg,https://www.joven-electric.com/my/products/instant-water-heater/sa-series.html,UNKNOWN,Official SA8e product image.,UNKNOWN,UNKNOWN,UNKNOWN,UNKNOWN,official Malaysia manufacturer category page,98,94,88,"Exact SA8e listing, manufacturer part number and official image match the row.",Joven; SA8e; inclinable wall bracket; PCS,Catalogue display name omits model but detected model and official page agree.,https://www.joven-electric.com/my/products/instant-water-heater/sa-series.html,Copyright is reserved and no explicit commercial catalogue reuse grant was found.,candidate,UNKNOWN,no,Obtain Joven image permission.,"Second-pass re-audit: exact SA8e model, manufacturer part number and official image were checked against the row; no material contradiction remains. Rights remains needs_permission."
SIN-SOR-SRTKS2408,PCS,Sorento S/s 304 Kitchen Sink Ultrasonic Nano Tech SRTKS2408,Kitchen & Sinks,Sorento,Sorento,Kitchen & Sinks,candidate,SRTKS2408,SRTKS2408,SRTKS2408,Source SRTS2408,yes,unresolved,yes,unresolved,yes,yes,unconfirmed,exact_match,current,https://sorento.com.my/,https://sorento.com.my/,UNKNOWN,https://www.sorento.com.my/media/attachments/2024/09/19/sorento-catalog-2024.pdf#page=95,UNKNOWN,UNKNOWN,UNKNOWN,UNKNOWN,https://www.sorento.com.my/media/attachments/2024/09/19/sorento-catalog-2024.pdf#page=95,Official Sorento catalogue PDF page 95/printed page 89 crop,UNKNOWN,UNKNOWN,86,92,78,SRTKS2405; SRTKS2425-BL; SRTKS7051/7080,Exact 920x440x230 double-bowl item distinct from neighboring 440 and other sink models | https://www.sorento.com.my/media/attachments/2024/09/19/sorento-catalog-2024.pdf#page=95,Source SRTS vs current SRTKS and family-level Ultrasonic Nano claim not mapped.,unresolved_material_conflict,low,needs_permission,https://www.sorento.com.my/media/attachments/2024/09/19/sorento-catalog-2024.pdf,pending,pending,yes,pending,Exact 2408 page item exists but source mapping remains material.,SRTS/SRTKS and technology mapping,UNKNOWN,Sorento/supplier confirmation and direct asset,Request written mapping and approved exact image; do not use sibling crop.,excellent,same_owner_same_dataset,Tier 1A catalogue plus official result pages,L920xW440xH230; 304 stainless; undermount double bowl; page 95 crop x105-430/y335-510,UNKNOWN,SIN-SOR-SRTKS2408,PCS,Sorento S/s 304 Kitchen Sink Ultrasonic Nano Tech SRTKS2408,Kitchen & Sinks,1,819.00,90.5,1,Sorento,SRTKS2408,sorento:sorento-s-s-304-kitchen-sink-ultrasonic-nano,2,https://www.sorento.com.my/media/attachments/2024/09/19/sorento-catalog-2024.pdf,,Sorento,needs_permission,A,candidate,,,,Official Sorento catalogue contains exact model SRTKS2408; commercial image permission still required.,pending,A,candidate,Sorento,Sorento,undermount kitchen sink,SRTKS2408,SRTKS2408,UNKNOWN,https://www.sorento.com.my/media/attachments/2024/09/19/sorento-catalog-2024.pdf#page=95,official manufacturer catalogue PDF,Exact SRTKS2408 on printed catalogue page 89/PDF page 95; dimensions L920 x W440 x H230mm.,UNKNOWN,UNKNOWN,Only one authoritative source located; independent corroboration not established.,https://www.sorento.com.my/media/attachments/2024/09/19/sorento-catalog-2024.pdf,UNKNOWN,UNKNOWN,UNKNOWN,https://www.sorento.com.my/media/attachments/2024/09/19/sorento-catalog-2024.pdf,UNKNOWN,UNKNOWN,https://www.sorento.com.my/media/attachments/2024/09/19/sorento-catalog-2024.pdf#page=95,https://www.sorento.com.my/media/attachments/2024/09/19/sorento-catalog-2024.pdf,UNKNOWN; PDF page 95,Official catalogue page contains exact model and image.,UNKNOWN,UNKNOWN,UNKNOWN,UNKNOWN,official manufacturer catalogue PDF,98,96,75,Exact model and dimensions appear in Sorento’s official 2024 catalogue.,Sorento; SRTKS2408; L920 x W440 x H230mm; PCS,Direct image asset URL and independent corroborating source were not found.,https://www.sorento.com.my/media/attachments/2024/09/19/sorento-catalog-2024.pdf,No explicit Ekoway commercial image reuse grant found.,candidate,UNKNOWN,no,Request Sorento permission and verify PDF image crop.,"Second-pass re-audit: exact model, dimensions and catalogue location were rechecked; no material contradiction remains. Rights remains needs_permission."
TOI-TRP-WC-2122A-P,SET,Saniware Washdown Two-piece Closet WC-2122A-P180MM,Bathroom,Saniware,Saniware,Bathroom,pending,WC-2122A-P180MM,WC-2122A-P180MM,WC-2122A-P180MM,UNKNOWN,no,unresolved,unresolved,yes,unresolved,unresolved,unconfirmed,exact_match,unknown,https://saniware.com/product/wc-2122a-s300/,https://saniware.com/product/wc-2122a-s300/,UNKNOWN,UNKNOWN,UNKNOWN,UNKNOWN,UNKNOWN,UNKNOWN,UNKNOWN,UNKNOWN,UNKNOWN,UNKNOWN,72,88,0,WC-2122A-S300,S300 is explicit S-trap 250/300mm + P-trap 180mm; source P180 label is not mapped | https://saniware.com/product/wc-2122a-s300/,Official exact family page found only S300; source P180 row may be a configuration of same family but no exact P180 model/image.,unresolved_material_conflict,low,unknown,UNKNOWN,pending,pending,yes,pending,Closest official page proves sibling but not exact source variant.,Exact P180 SKU/image absent,UNKNOWN,supplier label/invoice/private catalogue or manufacturer confirmation,Request P180 label/invoice and exact product image; do not use S300 image.,evidence_ceiling,same_owner_same_dataset,Tier 1A sibling page only,WC-2122A family; official S300 page supports P180 option but not source SKU,UNKNOWN,TOI-TRP-WC-2122A-P,SET,Saniware Washdown Two-piece Closet WC-2122A-P180MM,Bathroom,2,379.00,90.2,1,Saniware,WC-2122A-P180MM,saniware:saniware-washdown-two-piece-closet-wc-p180mm,2,https://saniware.com/product-category/water-closet/page/8/,,Saniware,unknown,C,candidate,,,,Official site confirms WC-2122A family but found S-trap variants; P180 configuration still needs exact verification.,pending,C,candidate,Saniware,Saniware,two-piece washdown closet,WC-2122A-P180MM,UNKNOWN,UNKNOWN,https://saniware.com/product-category/water-closet/page/8/,official Saniware water-closet category,"Official page lists WC-2122A-S300, not the source row’s P180MM variant.",UNKNOWN,UNKNOWN,Independent corroboration not established.,https://saniware.com/product-category/water-closet/page/8/,https://saniware.com/product-category/water-closet/page/8/,https://saniware.com/product-category/water-closet/page/8/,UNKNOWN,UNKNOWN,UNKNOWN,UNKNOWN,UNKNOWN,UNKNOWN,UNKNOWN,No exact authoritative image suitable for this row was established.,UNKNOWN,UNKNOWN,UNKNOWN,UNKNOWN,research-only / exact source unresolved,0,0,0,Exact identity or exact variant not sufficiently established; conservative pending status.,UNKNOWN,Authoritative page shows WC-2122A-S300; requested P180MM variant is not verified.,UNKNOWN,No reliable rights conclusion for an exact production image.,pending,P-trap/P180 vs S-trap/S300 mismatch; wrong toilet image would mislead.,no,Obtain the missing exact model/variant/image evidence from the manufacturer or supplier before publication.,"Searched exact row model, official water-closet category and sibling WC-2122A page. Only S300 variant was found; pending until P180 evidence is supplied."
TOI-TRP-WC2110A-P,SET,Saniware Washdown Two-piece Closet WC-2110A-P180MM,Bathroom,Saniware,Saniware,Bathroom,pending,WC-2110A-P180MM,WC-2110A-P180MM,WC-2110A-P180MM,UNKNOWN,no,unresolved,unresolved,yes,unresolved,unresolved,unconfirmed,exact_match,unknown,https://saniware.com/product/wc-2110a-s200/,https://saniware.com/product/wc-2110a-s200/,UNKNOWN,UNKNOWN,UNKNOWN,UNKNOWN,UNKNOWN,UNKNOWN,UNKNOWN,UNKNOWN,UNKNOWN,UNKNOWN,72,88,0,WC-2110A-S200,S200 is explicit S-trap 200/250mm; source P180 label is not mapped | https://saniware.com/product/wc-2110a-s200/,Official exact page found only S200; source P180 row may be family configuration but no exact P180 image.,unresolved_material_conflict,low,unknown,UNKNOWN,pending,pending,yes,pending,Closest official page proves sibling but not exact source variant.,Exact P180 SKU/image absent,UNKNOWN,supplier label/invoice/private catalogue or manufacturer confirmation,Request P180 label/invoice and exact product image; do not use S200 image.,evidence_ceiling,same_owner_same_dataset,Tier 1A sibling page only,WC-2110A family; exact P180 mapping unresolved,UNKNOWN,TOI-TRP-WC2110A-P,SET,Saniware Washdown Two-piece Closet WC-2110A-P180MM,Bathroom,2,379.00,90.2,1,Saniware,WC-2110A-P180MM,saniware:saniware-washdown-two-piece-closet-wc-p180mm,2,https://saniware.com/product-category/water-closet/page/8/,,Saniware,unknown,C,candidate,,,,Official site confirms WC-2110A family but found S-trap variants; P180 configuration still needs exact verification.,pending,C,candidate,Saniware,Saniware,two-piece washdown closet,WC-2110A-P180MM,UNKNOWN,UNKNOWN,https://saniware.com/product-category/water-closet/page/8/,official Saniware water-closet category,"Official page lists WC-2110A-S200, not the source row’s P180MM variant.",UNKNOWN,UNKNOWN,Independent corroboration not established.,https://saniware.com/product-category/water-closet/page/8/,https://saniware.com/product-category/water-closet/page/8/,https://saniware.com/product-category/water-closet/page/8/,UNKNOWN,UNKNOWN,UNKNOWN,UNKNOWN,UNKNOWN,UNKNOWN,UNKNOWN,No exact authoritative image suitable for this row was established.,UNKNOWN,UNKNOWN,UNKNOWN,UNKNOWN,research-only / exact source unresolved,0,0,0,Exact identity or exact variant not sufficiently established; conservative pending status.,UNKNOWN,Authoritative page shows WC-2110A-S200; requested P180MM variant is not verified.,UNKNOWN,No reliable rights conclusion for an exact production image.,pending,P-trap/P180 vs S-trap/S200 mismatch; wrong toilet image would mislead.,no,Obtain the missing exact model/variant/image evidence from the manufacturer or supplier before publication.,"Searched exact row model, official water-closet category and sibling WC-2110A page. Only S200 variant was found; pending until P180 evidence is supplied."
JOV-WAT-HEA-SL30E-WHI-RS,PCS,Joven (white) Instant Water Heater SL30E-RS,Home Appliances,Joven,Joven,Home Appliances,candidate,SL30e-RS; white finish,SL30e-RS,5100601,UNKNOWN,yes,yes,yes,yes,yes,yes,probable,exact_match,current,https://www.joven-electric.com/my/sl30e-rs-instant-water-heater-5100601.html,https://www.joven-electric.com/my/sl30e-rs-instant-water-heater-5100601.html,UNKNOWN,https://www.joven-electric.com/my/products/instant-water-heater/sl30-series.html,UNKNOWN,UNKNOWN,UNKNOWN,UNKNOWN,https://www.joven-electric.com/media/catalog/product/cache/81feca21a488f339124f3c58fa0f1a2e/5/1/5100601001-4_2.jpg,Exact Joven SL30e-RS page white variant asset,90x90,216b645093d9b4574029ebf243da802aeee165c49cb708a7c301a3fcf641ca04,95,96,91,SL30e; SL30iP-RS,RS rainshower and e/non-inverter electrical family distinctions | https://www.joven-electric.com/my/sl30e-rs-instant-water-heater-5100601.html,Could white asset be black gallery variant? Asset filename and page color selector identify white option.,cleared,low,needs_permission,Joven copyright/footer,candidate,candidate,yes,candidate,"Exact product page, SKU, white selector variant, RS accessory fingerprint and image asset.",Internal WHI suffix not manufacturer code,UNKNOWN,rights only,Request Joven permission for 5100601 white asset.,excellent,same_owner_same_dataset,Tier 1A official Malaysian exact product page,3.6kW 240V; EELS; rotatable 8-inch rainshower; 237x358x70mm,UNKNOWN,JOV-WAT-HEA-SL30E-WHI-RS,PCS,Joven (white) Instant Water Heater SL30E-RS,Home Appliances,9,509.00,90.1,1,Joven,SL30E-RS,joven:joven-instant-water-heater-sl30e-rs,1,https://www.joven-electric.com/my/products/instant-water-heater/sl30-series.html,,Joven Marketing Sdn Bhd,needs_permission,C,candidate,,,,Official page confirms SL30e-RS but stocked white finish and package contents still need visual verification.,pending,C,candidate,Joven Malaysia,Joven,instant water heater,SL30e-RS; white finish,5100601,SL30E-RS,https://www.joven-electric.com/my/sl30e-rs-instant-water-heater-5100601.html,official Malaysia product page,Exact SL30e-RS; page exposes Black and White options and 3.6kW/240V configuration with rainshower accessories.,https://www.joven-electric.com/my/products/instant-water-heater/sl30-series.html,official Malaysia category page,Category lists exact SL30e-RS and manufacturer image.,https://www.joven-electric.com/my/products/instant-water-heater/sl30-series.html,https://www.joven-electric.com/my/sl30e-rs-instant-water-heater-5100601.html,https://www.joven-electric.com/my/sl30e-rs-instant-water-heater-5100601.html,UNKNOWN,UNKNOWN,UNKNOWN,UNKNOWN,https://www.joven-electric.com/media/catalog/product/cache/81feca21a488f339124f3c58fa0f1a2e/5/1/5100601001-4.jpg,https://www.joven-electric.com/my/sl30e-rs-instant-water-heater-5100601.html,UNKNOWN,Official white SL30e-RS gallery asset selected from the page colour options.,https://www.joven-electric.com/media/catalog/product/cache/31a2d70fb58a618bb8b7718cf9e4a892/5/1/5100601002-1_2.jpg,official Joven black variant image; alternative variant only,UNKNOWN,UNKNOWN,official Malaysia manufacturer product page,96,97,88,"Exact product page confirms model, white colour option, 3.6kW/240V, rainshower accessories and official white image.",Joven; SL30e-RS; 3.6kW; 240V; white; rainshower set; PCS,Source display name uses SL30E-RS capitalization; official page uses SL30e-RS.,https://www.joven-electric.com/my/sl30e-rs-instant-water-heater-5100601.html,No explicit Ekoway commercial image reuse grant found.,candidate,UNKNOWN,no,Request Joven permission and retain exact white asset URL.,"Second-pass re-audit: exact model page, white colour selector, 3.6kW configuration and white gallery image were checked again; no material identity contradiction remains. Rights remains needs_permission."
SHO-SAN-SWP-BSP-9003G,PCS,Saniware Premier 3WAY Bath Expose Shower Set-mixer (gold),Bathroom,Saniware,Saniware,Bathroom,pending,SWP-BSP-9003G,SWP-BSP-9003G,SWP-BSP-9003G,UNKNOWN,yes,yes,yes,yes,yes,yes,confirmed,exact_match,current,https://saniware.com/product/3-way-bath-shower-set-swp-bsp-9003g/,https://saniware.com/product/3-way-bath-shower-set-swp-bsp-9003g/,UNKNOWN,UNKNOWN,UNKNOWN,UNKNOWN,UNKNOWN,UNKNOWN,https://saniware.com/wp-content/uploads/2025/05/SWP-BSP-9003G.jpg,Exact Saniware product page asset,1200x1200,e388e4bf593da07063f1cb3729ff4633908eed447c15776d490b42fc5ba0c079,98,97,95,SWP-BSP-9003RG; SWP-BSP-9003GM; SWP-BSP-9018B,Finish and/or set family differs; 9003G page exact | https://saniware.com/product/3-way-bath-shower-set-swp-bsp-9003g/,Could gold image be generic 9003 family asset?,cleared,low,needs_permission,Saniware exact page; no reuse grant,candidate,candidate,yes,candidate,Exact official SKU/title/image and 1set/box 5sets/ctn packaging; complete set image verified.,None identity-critical,UNKNOWN,rights only,Request Saniware permission for exact SWP-BSP-9003G set image.,excellent,same_owner_same_dataset,Tier 1A exact product page,3-way bath expose shower set; mixer; 1set/box; 5sets/ctn,UNKNOWN,SHO-SAN-SWP-BSP-9003G,PCS,Saniware Premier 3WAY Bath Expose Shower Set-mixer (gold),Bathroom,1,729.00,90.1,1,Saniware,3WAY,saniware:saniware-premier-3way-bath-expose-shower-set-mixer,2,,,,unknown,,pending,,,,,pending,,pending,Saniware,Saniware,3-way bath expose shower set mixer,SWP-BSP-9003G,UNKNOWN,UNKNOWN,UNKNOWN,UNKNOWN,No reliable exact-match evidence established.,UNKNOWN,UNKNOWN,Independent corroboration not established.,UNKNOWN,UNKNOWN,UNKNOWN,UNKNOWN,UNKNOWN,UNKNOWN,UNKNOWN,UNKNOWN,UNKNOWN,UNKNOWN,No exact authoritative image suitable for this row was established.,UNKNOWN,UNKNOWN,UNKNOWN,UNKNOWN,research-only / exact source unresolved,0,0,0,Exact identity or exact variant not sufficiently established; conservative pending status.,UNKNOWN,Exact official page for gold 9003G was not found; only rose-gold 9003RG sibling is confirmed.,UNKNOWN,No reliable rights conclusion for an exact production image.,pending,Gold vs rose-gold finish mismatch.,no,Obtain the missing exact model/variant/image evidence from the manufacturer or supplier before publication.,"Searched exact 9003G and official Saniware shower-set pages. 9003RG is confirmed, but no exact 9003G source/image was found; pending."
SHO-SAN-SWP-BSP-9003RG,PCS,Saniware Premier 3WAY Bath Expose Shower Set-mixer (rose Gold),Bathroom,Saniware,Saniware,Bathroom,candidate,SWP-BSP-9003RG,SWP-BSP-9003RG,SWP-BSP-9003RG,UNKNOWN,yes,yes,yes,yes,yes,yes,confirmed,exact_match,current,https://saniware.com/product/3-way-bath-shower-set-swp-bsp-9003rg/,https://saniware.com/product/3-way-bath-shower-set-swp-bsp-9003rg/,UNKNOWN,UNKNOWN,UNKNOWN,UNKNOWN,UNKNOWN,UNKNOWN,https://saniware.com/wp-content/uploads/2025/05/SWP-BSP-9003RG.jpg,Exact Saniware product page asset,1200x1200,f5fb28322daf77a56be17949fac1c4224f80e750c75b8a2451516df27c637b4d,97,96,94,SWP-BSP-9003G; SWP-BSP-9003GM,Finish suffix G/RG/GM material | https://saniware.com/product/3-way-bath-shower-set-swp-bsp-9003rg/,Could page image be reused across 9003 finish variants?,cleared,low,needs_permission,Saniware exact page; no reuse grant,candidate,candidate,yes,candidate,Exact SKU/page/image and set packaging; finish explicitly named in page title/description.,None identity-critical,UNKNOWN,rights only,Request Saniware permission for exact rose-gold set image.,excellent,same_owner_same_dataset,Tier 1A exact product page,3-way bath expose shower set; rose gold; 1set/box; 5sets/ctn,UNKNOWN,SHO-SAN-SWP-BSP-9003RG,PCS,Saniware Premier 3WAY Bath Expose Shower Set-mixer (rose Gold),Bathroom,1,729.00,90.1,1,Saniware,3WAY,saniware:saniware-premier-3way-bath-expose-shower-set-mixer,2,,,,needs_permission,,pending,,,,,pending,,pending,TC Bath Mart / Saniware,Saniware,3-way bath expose shower set mixer,SWP-BSP-9003RG,SWP-BSP-9003RG,UNKNOWN,https://saniware.com/product/3-way-bath-shower-set-swp-bsp-9003rg/,official Saniware product page,"Exact SKU, rose-gold 3-way bath expose shower set, 1 set/box and official image match the row.",https://saniware.com/product-category/faucet/,official Saniware category page,Same-organization category corroboration; no independent source used.,https://saniware.com/product/3-way-bath-shower-set-swp-bsp-9003rg/,https://saniware.com/product/3-way-bath-shower-set-swp-bsp-9003rg/,https://saniware.com/product/3-way-bath-shower-set-swp-bsp-9003rg/,UNKNOWN,UNKNOWN,UNKNOWN,UNKNOWN,https://saniware.com/wp-content/uploads/2025/05/SWP-BSP-9003RG.jpg,https://saniware.com/product/3-way-bath-shower-set-swp-bsp-9003rg/,UNKNOWN,Official Saniware product image.,UNKNOWN,UNKNOWN,UNKNOWN,UNKNOWN,official Malaysia manufacturer product page,98,94,88,"Exact SKU, rose-gold 3-way bath expose shower set, 1 set/box and official image match the row.",Saniware; SWP-BSP-9003RG; 3-way bath expose shower set mixer,UNKNOWN,https://saniware.com/product/3-way-bath-shower-set-swp-bsp-9003rg/,Public official page has no explicit Ekoway commercial image reuse grant.,candidate,UNKNOWN,no,Request Saniware permission and retain exact asset URL.,Second-pass re-audit: exact SKU/title/image and catalogue variant were checked again; no material identity contradiction remains. Rights remains needs_permission.
TAP-SAN-SWP-RG-304-3905,PCS,Saniware Premier Kitchen Pillar Sink Tap-rg SWP-RG-304-3905,Kitchen & Sinks,Saniware,Saniware,Kitchen & Sinks,pending,SWP-RG-304-3905,SWP-RG-304-3905,SWP-RG-304-3905,UNKNOWN,no,unresolved,unresolved,unresolved,unresolved,unresolved,unconfirmed,unresolved,unknown,UNKNOWN,UNKNOWN,UNKNOWN,UNKNOWN,UNKNOWN,UNKNOWN,UNKNOWN,UNKNOWN,UNKNOWN,UNKNOWN,UNKNOWN,UNKNOWN,66,75,0,SWP-SS-304-3900-RG; SWP-SS-304-3940-RG,Different model family/part number and configuration | https://saniware.com/product/flexible-hose-kitchen-swp-ss-304-3900-rg/; https://saniware.com/product/kitchen-pillar-sink-tap-swp-ss-304-3940-rg/,Search finds catalogue/discovery mentions but no exact official product page or exact image.,unresolved_material_conflict,low,unknown,UNKNOWN,pending,pending,yes,pending,Exact identity and image proof unavailable.,Could be older/internal code or typo,Possible source_data_issue: exact model code may be old/shortened,supplier invoice/catalogue or Saniware confirmation,Request exact model label and manufacturer image; do not substitute 3900RG/3940RG.,evidence_ceiling,unknown,Discovery plus sibling pages,Saniware 304/RG tap family only,UNKNOWN,TAP-SAN-SWP-RG-304-3905,PCS,Saniware Premier Kitchen Pillar Sink Tap-rg SWP-RG-304-3905,Kitchen & Sinks,3,224.00,89.8,1,Saniware,SWP-RG-304-3905,saniware:saniware-premier-kitchen-pillar-sink-tap-rg-swp,2,,,,unknown,,pending,,,,,pending,,pending,Saniware,Saniware,rose-gold kitchen pillar sink tap,SWP-RG-304-3905,UNKNOWN,UNKNOWN,UNKNOWN,UNKNOWN,No reliable exact-match evidence established.,UNKNOWN,UNKNOWN,Independent corroboration not established.,UNKNOWN,UNKNOWN,UNKNOWN,UNKNOWN,UNKNOWN,UNKNOWN,UNKNOWN,UNKNOWN,UNKNOWN,UNKNOWN,No exact authoritative image suitable for this row was established.,UNKNOWN,UNKNOWN,UNKNOWN,UNKNOWN,research-only / exact source unresolved,0,0,0,Exact identity or exact variant not sufficiently established; conservative pending status.,UNKNOWN,No exact official Saniware product page or authoritative image found.,UNKNOWN,No reliable rights conclusion for an exact production image.,pending,Part number and finish unresolved.,no,Obtain the missing exact model/variant/image evidence from the manufacturer or supplier before publication.,Searched exact model and Saniware kitchen-tap sources; only unrelated 3940-RG/3970 sources appeared. Pending.
FAN-CEI-DEKA-CF5DCL46MB12,UNIT,Deka Ceiling Fan F5 DC~46L Pro Matt Blk,Fans & Ventilation,Deka,Deka,Fans & Ventilation,candidate,F5 DC 46 PRO; MB,F5 DC 46L PRO,F5 DC 46L PRO,UNKNOWN,yes,yes,yes,yes,yes,yes,probable,exact_match,current,https://deka.my/f5-dc-46l-pro/,https://deka.my/f5-dc-46l-pro/,UNKNOWN,UNKNOWN,https://deka.my/wp-content/uploads/2026/01/F5-DC-PRO-DX-PRO-IM.pdf,UNKNOWN,UNKNOWN,UNKNOWN,https://deka.my/wp-content/uploads/2025/07/F5-DC-46L-PRO-MB-Jpg-OK.jpg,Exact Deka Malaysia product page asset,1000x1000,0772e3ba90190968a965c211451bbfc8caba3c52146356014fce531bf2ca6024,94,98,96,F5 DC 46 PRO; F5 DCL PRO; F5 DC 56L PRO,46L has integrated LED; 46 PRO is fan-only; 46-inch vs other sizes | https://deka.my/f5-dc-46l-pro/,Source internal CF5DCL46MB12 is not printed on page; exact code mapping not confirmed.,cleared,low,needs_permission,Deka exact page; no reuse grant,candidate,candidate,yes,candidate,Corrected from sibling F5 DC 46 PRO to exact 46L LED model; official page explicitly answers difference.,Internal code mapping only,UNKNOWN,Deka written code confirmation,Request Deka confirmation CF5DCL46MB12=F5 DC 46L PRO MB and image permission.,excellent,same_owner_same_dataset,Tier 1A exact product page,46-inch; 5 ABS blades; 18W LED; 40W DC; 20 speeds; 8389 CFM; RF remote; MB,UNKNOWN,FAN-CEI-DEKA-CF5DCL46MB12,UNIT,Deka Ceiling Fan F5 DC~46L Pro Matt Blk,Fans & Ventilation,3,219.00,89.7,1,Deka,DC~46L,deka:deka-ceiling-fan-f5-dc-pro-matt-blk,2,https://deka.my/wp-content/uploads/2026/01/F5-DC-PRO-DX-PRO-IM.pdf,,Deka,needs_permission,C,candidate,,,,Official F5 DC Pro manual confirms product family; 46-inch matt-black package must be verified.,pending,C,candidate,Deka,Deka,ceiling fan,F5 DC 46 PRO; MB,F5 DC 46 PRO,CF5DCL46MB12; F5DC 46L PRO,https://deka.my/f5-dc-46-pro/,official Malaysia product page,"Exact 46-inch F5 DC PRO family, MB colour selector, 5 blades, 40W DC inverter motor, RF remote and official MB image.",https://deka.my/wp-content/uploads/2026/01/F5-DC-PRO-DX-PRO-IM.pdf,official manufacturer manual PDF,"Official F5 DC PRO manual corroborates product family, but catalogue code equivalence is internal.",https://deka.my/f5-dc-46-pro/,https://deka.my/f5-dc-46-pro/,https://deka.my/f5-dc-46-pro/,UNKNOWN,UNKNOWN,UNKNOWN,https://deka.my/wp-content/uploads/2026/01/F5-DC-PRO-DX-PRO-IM.pdf,https://deka.my/wp-content/uploads/2025/06/MB.png,https://deka.my/f5-dc-46-pro/,UNKNOWN; original PNG,Full-resolution official MB colour asset; 46-inch and MB selector are on same official page.,https://deka.my/wp-content/uploads/2025/06/MB-244x300.png,official Deka thumbnail,https://deka.my/wp-content/uploads/2025/06/Dimension-275mm-315mm-scaled.png,official Deka dimension image,official Malaysia manufacturer product page,94,94,88,"Official Deka page confirms the exact 46-inch, MB, F5 DC PRO variant; internal code CF5DCL46MB12 remains an Ekoway/source-code mapping.",Deka; F5 DC 46 PRO; MB; 46-inch; 5 blades; 40W; UNIT,Manufacturer page uses F5 DC 46 PRO while source detected model uses DC~46L/internal code.,https://deka.my/f5-dc-46-pro/,No explicit Ekoway commercial image reuse grant found.,candidate,Internal manufacturer-part-number equivalence should be confirmed.,no,Confirm source code mapping and request Deka permission.,"Second-pass re-audit: official product page, MB selector, 46-inch specification and original PNG were rechecked. Candidate retained at 94 due to internal-code naming difference."
ELE-BUL-E27-3W-RED,PCS,Taicon E27 3W LED Color Bulb-red,Lighting,Taicon,Taicon,Lighting,pending,E27,Taicon E27 3W LED Color Bulb Red,UNKNOWN,UNKNOWN,partial,unresolved,unresolved,yes,yes,unresolved,unconfirmed,unresolved,unknown,UNKNOWN,https://www.facebook.com/100063586223862/posts/taicon-3w-b22e27-led-colour-bulb3w-b22-led-colour-bulb%EF%B8%8Fblue%EF%B8%8Fred%EF%B8%8Fyellow%EF%B8%8Fwhite%EF%B8%8Fpin/1546526540810205/,UNKNOWN,UNKNOWN,UNKNOWN,UNKNOWN,UNKNOWN,UNKNOWN,UNKNOWN,UNKNOWN,UNKNOWN,UNKNOWN,58,55,0,Taicon E27/B22 color bulb variants,E27 vs B22 base and 3W vs other wattages; exact source image absent | Tier-3 Taicon social discovery only,No manufacturer/importer exact technical page or asset found; marketplace/social is discovery only.,unresolved_material_conflict,low,unknown,UNKNOWN,pending,pending,yes,pending,Discovery confirms a Taicon 3W color-bulb family but not exact row proof.,"Exact SKU, seller, package, image and rights",UNKNOWN,"Taicon/importer catalogue, box label or supplier invoice",Request package photo/model code and Taicon/importer image/specification.,evidence_ceiling,unknown,Tier-3 discovery,E27; 3W; Red source claim only,UNKNOWN,ELE-BUL-E27-3W-RED,PCS,Taicon E27 3W LED Color Bulb-red,Lighting,166,3.80,89.5,1,Taicon,E27,taicon:taicon-e27-led-color-bulb,3,,,,unknown,,pending,,,,,pending,,pending,Taicon,Taicon,E27 3W red LED colour bulb,E27,UNKNOWN,UNKNOWN,UNKNOWN,UNKNOWN,No reliable exact-match evidence established.,UNKNOWN,UNKNOWN,Independent corroboration not established.,UNKNOWN,UNKNOWN,UNKNOWN,UNKNOWN,UNKNOWN,UNKNOWN,UNKNOWN,UNKNOWN,UNKNOWN,UNKNOWN,No exact authoritative image suitable for this row was established.,UNKNOWN,UNKNOWN,UNKNOWN,UNKNOWN,research-only / exact source unresolved,0,0,0,Exact identity or exact variant not sufficiently established; conservative pending status.,UNKNOWN,Exact Taicon manufacturer/model page and rights-cleared image not found; only reseller/social clues.,UNKNOWN,No reliable rights conclusion for an exact production image.,pending,"Bulb shape, socket, colour and brand source unresolved.",no,Obtain the missing exact model/variant/image evidence from the manufacturer or supplier before publication.,Searched Taicon E27 3W red queries; search results were social/reseller sources and prohibited as final image sources. Pending.
TAP-SAN-SWP-B-2521,PCS,Saniware Premier Basin Pillar Tap-mixer SWP-B-2521,Bathroom,Saniware,Saniware,Bathroom,candidate,SWP-B-2521,SWP-B-2521,SWP-B-2521,UNKNOWN,yes,yes,yes,yes,yes,yes,confirmed,manufacturer_packaging_difference,current,https://saniware.com/product/swp-b-2521/,https://saniware.com/product/swp-b-2521/,UNKNOWN,UNKNOWN,UNKNOWN,UNKNOWN,UNKNOWN,UNKNOWN,https://saniware.com/wp-content/uploads/2021/10/SWP-B-2521.png,Exact Saniware product page asset,1000x1000,a667588f9ead34445a8676bf9925e794ac0fc9bc9731c4a7195d7b7b942d9bb9,96,95,94,SWP-B-2930; SWP-B-2931; SWP-B-2934,Different SKU/shape/finish family | https://saniware.com/product-tag/mixer-series/,Page says 1set/box/10sets/ctn while source PCS; image is one mixer.,cleared,low,needs_permission,Saniware exact page,candidate,candidate,yes,candidate,Exact SKU/title/image and manufacturer page; packaging is separate from identity.,UOM pack vs PCS only,UNKNOWN,rights/UOM confirmation,Request Saniware permission and confirm PCS is one mixer from 1-set box.,excellent,same_owner_same_dataset,Tier 1A exact product page,Brass mixer faucet; basin pillar tap; 1set/box; 10sets/ctn,UNKNOWN,TAP-SAN-SWP-B-2521,PCS,Saniware Premier Basin Pillar Tap-mixer SWP-B-2521,Bathroom,3,209.00,89.5,1,Saniware,SWP-B-2521,saniware:saniware-premier-basin-pillar-tap-mixer-swp-b,4,https://saniware.com/product-category/faucet/mixer-series/,,Saniware,needs_permission,A,candidate,,,,Official Saniware category lists exact SWP-B-2521 basin pillar mixer.,pending,A,candidate,TC Bath Mart / Saniware,Saniware,basin pillar mixer,SWP-B-2521,SWP-B-2521,UNKNOWN,https://saniware.com/product/swp-b-2521/,official Saniware product page,"Exact SKU, brass basin-pillar mixer description and full official image match the row.",UNKNOWN,UNKNOWN,Only one authoritative source located; independent corroboration not established.,https://saniware.com/product/swp-b-2521/,https://saniware.com/product/swp-b-2521/,https://saniware.com/product/swp-b-2521/,UNKNOWN,UNKNOWN,UNKNOWN,UNKNOWN,https://saniware.com/wp-content/uploads/2021/10/SWP-B-2521.png,https://saniware.com/product/swp-b-2521/,UNKNOWN,Official Saniware product image.,UNKNOWN,UNKNOWN,UNKNOWN,UNKNOWN,official Malaysia manufacturer product page,98,94,88,"Exact SKU, brass basin-pillar mixer description and full official image match the row.",Saniware; SWP-B-2521; basin pillar mixer,UNKNOWN,https://saniware.com/product/swp-b-2521/,Public official page has no explicit Ekoway commercial image reuse grant.,candidate,UNKNOWN,no,Request Saniware permission and retain exact asset URL.,Second-pass re-audit: exact SKU/title/image and catalogue variant were checked again; no material identity contradiction remains. Rights remains needs_permission.
JOV-WAT-HEA-SB11IP-BLK-RS,PCS,Joven (blk) Instant Water Heater,Home Appliances,Joven,Joven,Home Appliances,pending,SB11iP-RS; black; rating unresolved,SB11iP-RS,UNKNOWN,UNKNOWN,yes,yes,unresolved,partial,unresolved,yes,probable,unresolved,current,https://www.joven-electric.com/my/products/instant-water-heater/sb11-series.html,https://www.joven-electric.com/my/products/instant-water-heater/sb11-series.html,UNKNOWN,UNKNOWN,UNKNOWN,UNKNOWN,UNKNOWN,UNKNOWN,UNKNOWN,UNKNOWN,UNKNOWN,UNKNOWN,88,94,0,SB11iP-RS 3.6kW vs 4.2kW; SB11iP non-RS,Power loading and image/finish variants differ materially | https://www.joven-electric.com/my/products/instant-water-heater/sb11-series.html,Source omits 3.6/4.2kW and exact manufacturer image; black may correspond to 4.2kW but cannot infer from color.,unresolved_material_conflict,low,unknown,UNKNOWN,pending,pending,yes,pending,Manufacturer lists multiple materially different SB11iP-RS variants; source row is under-specified.,Electrical rating and exact black asset missing,UNKNOWN,stock label/model plate or supplier invoice required,Request Joven model label showing SB11iP-RS and kW rating plus exact image.,strong,same_owner_same_dataset,Tier 1A series page with unresolved variant,SB11iP-RS family; 4.2/3.6kW variants; exact power and image unresolved,UNKNOWN,JOV-WAT-HEA-SB11IP-BLK-RS,PCS,Joven (blk) Instant Water Heater,Home Appliances,5,759.00,89.4,1,Joven,SB11IP-RS,joven:joven-blk-instant-water-heater,1,https://www.joven-electric.com/my/products/instant-water-heater/sb11-series.html,,Joven Marketing Sdn Bhd,unknown,C,candidate,,,,Official SB11 page confirms SB11iP-RS; stocked black finish and electrical loading still need label verification.,pending,C,candidate,Joven Malaysia,Joven,instant water heater,SB11iP-RS; black; rating unresolved,UNKNOWN,UNKNOWN,https://www.joven-electric.com/my/products/instant-water-heater/sb11-series.html,official Joven Malaysia category page,Official page lists SB11iP-RS at 4.2kW with black image and 3.6kW sibling variant; source row omits rating.,UNKNOWN,UNKNOWN,Independent corroboration not established.,UNKNOWN,UNKNOWN,UNKNOWN,UNKNOWN,UNKNOWN,UNKNOWN,UNKNOWN,UNKNOWN,UNKNOWN,UNKNOWN,No exact authoritative image suitable for this row was established.,UNKNOWN,UNKNOWN,UNKNOWN,UNKNOWN,research-only / exact source unresolved,0,0,0,Exact identity or exact variant not sufficiently established; conservative pending status.,UNKNOWN,Electrical rating is not present in source row; 4.2kW and 3.6kW SB11iP-RS variants are distinct.,UNKNOWN,No reliable rights conclusion for an exact production image.,pending,Wrong electrical model/image variant.,no,Obtain the missing exact model/variant/image evidence from the manufacturer or supplier before publication.,Searched official SB11 page; black 4.2kW and other rating variants are shown. Pending until supplier label or exact part number resolves rating.
RUB-TAE11-M330,UNIT,Rubine C/hood,Home Appliances,Rubine,Rubine,Home Appliances,pending,RCH-NOVARA-90SS,RCH-NOVARA-90SS,RCH-NOVARA-90SS,UNKNOWN,yes,yes,yes,yes,yes,yes,probable,exact_match,current,https://www.rubine.com.my/product/RCH-NOVARA-90SS,https://www.rubine.com.my/product/RCH-NOVARA-90SS,UNKNOWN,UNKNOWN,https://www.rubine.com.my/files/product_attachment/attach_url-A00300.pdf,UNKNOWN,UNKNOWN,UNKNOWN,https://www.rubine.com.my/files/product_img/IM01791.jpg,Exact Rubine product page asset,800x800,703fac2c3144a255b069a59cd2103984512ddd95ebb35cb285c7c1c20508eb22,94,95,93,Rubine other RCH cooker hoods,NOVARA 90SS exact model and 90cm size | https://www.rubine.com.my/product/RCH-NOVARA-90SS,Source display name generic C/hood; detected exact model must be confirmed against owner master.,cleared,low,needs_permission,Rubine exact page,candidate,candidate,yes,candidate,Exact official model page/image/spec; source display name is generic but detected model is exact.,Original name is generic; internal code mapping,UNKNOWN,owner/source master confirmation,Confirm RUB-TAE11-M330 maps to RCH-NOVARA-90SS; request Rubine permission.,strong,same_owner_same_dataset,Tier 1A exact product page,1500m3/hr; DC motor; O-Touch; 9 extraction speeds,UNKNOWN,RUB-TAE11-M330,UNIT,Rubine C/hood,Home Appliances,1,3699.00,89.3,1,Rubine,RCH-NOVARA-90SS,rubine:rubine-c-hood,1,,,,unknown,,pending,,,,,pending,,pending,Rubine,Rubine,cooker hood,RCH-NOVARA-90SS,UNKNOWN,UNKNOWN,UNKNOWN,UNKNOWN,No reliable exact-match evidence established.,UNKNOWN,UNKNOWN,Independent corroboration not established.,UNKNOWN,UNKNOWN,UNKNOWN,UNKNOWN,UNKNOWN,UNKNOWN,UNKNOWN,UNKNOWN,UNKNOWN,UNKNOWN,No exact authoritative image suitable for this row was established.,UNKNOWN,UNKNOWN,UNKNOWN,UNKNOWN,research-only / exact source unresolved,0,0,0,Exact identity or exact variant not sufficiently established; conservative pending status.,UNKNOWN,"Detected model is supported by later research, but source display name is generic and exact source item mapping is not independently confirmed.",UNKNOWN,No reliable rights conclusion for an exact production image.,pending,Generic source display name may conceal a different hood variant.,no,Obtain the missing exact model/variant/image evidence from the manufacturer or supplier before publication.,"Official RCH-NOVARA-90SS page was found and image is exact, but this row’s source display name is only “Rubine C/hood”. Held pending for supplier label/source-item confirmation rather than silently correcting source data."
STA-ROT-HAM-SHR263KA,UNIT,Stanley Rotary Hammer 26MM,Power Tools,Stanley,Stanley,Power Tools,pending,SHR263KA,SHR263KA,SHR263KA,SHR263K; SHR263KA-XD,partial,unresolved,unresolved,yes,yes,unresolved,unconfirmed,unresolved,unknown,https://ultimamac.com/Uploads/models/manuals/SHR263K-IN_MI597_V1M1.pdf,https://theleedenstore.com.my/product/stanley-shr263ka-xd-2kg-26mm-rotary-hammer-with-chisel-drill-bit-tool-box/,UNKNOWN,UNKNOWN,https://ultimamac.com/Uploads/models/manuals/SHR263K-IN_MI597_V1M1.pdf,UNKNOWN,UNKNOWN,UNKNOWN,UNKNOWN,UNKNOWN,UNKNOWN,UNKNOWN,72,80,0,SHR263K; SHR263KA-XD,Manual family SHR263K; dealer package adds KA-XD and accessories | https://ultimamac.com/Uploads/models/manuals/SHR263K-IN_MI597_V1M1.pdf; https://theleedenstore.com.my/product/stanley-shr263ka-xd-2kg-26mm-rotary-hammer-with-chisel-drill-bit-tool-box/,Exact Stanley manufacturer suffix/image/rights missing; dealer image cannot be final.,unresolved_material_conflict,low,unknown,UNKNOWN,pending,pending,yes,pending,Family/spec evidence is insufficient for exact regional package.,KA/XD suffix and set components,UNKNOWN,"Stanley/authorized importer confirmation, label or invoice",Request model plate/box label and Stanley or importer confirmation; do not use dealer image.,evidence_ceiling,unknown,Tier 1B family manual plus Tier 2 dealer,800W; SDS-Plus; 26mm; 3 modes; dealer title says case/bits,UNKNOWN,STA-ROT-HAM-SHR263KA,UNIT,Stanley Rotary Hammer 26MM,Power Tools,4,509.00,89.0,1,Stanley,SHR263KA,stanley:stanley-rotary-hammer,2,,,,unknown,,pending,,,,,pending,,pending,Stanley,Stanley,26mm rotary hammer,SHR263KA,UNKNOWN,UNKNOWN,https://ultimamac.com/Uploads/models/manuals/SHR263K-IN_MI597_V1M1.pdf,non-manufacturer manual mirror,SHR263 family manual supports rotary-hammer family but not exact Malaysia part suffix or production image.,UNKNOWN,UNKNOWN,Independent corroboration not established.,UNKNOWN,UNKNOWN,UNKNOWN,UNKNOWN,UNKNOWN,UNKNOWN,UNKNOWN,UNKNOWN,UNKNOWN,UNKNOWN,No exact authoritative image suitable for this row was established.,UNKNOWN,UNKNOWN,UNKNOWN,UNKNOWN,research-only / exact source unresolved,0,0,0,Exact identity or exact variant not sufficiently established; conservative pending status.,UNKNOWN,No official Stanley-hosted exact product page/image; only manual/retailer sources found.,UNKNOWN,No reliable rights conclusion for an exact production image.,pending,SHR263KA vs SHR263KA-XD kit/suffix and included accessories unresolved.,no,Obtain the missing exact model/variant/image evidence from the manufacturer or supplier before publication.,"Searched Stanley exact model, official/distributor and manual sources. Exact model family is plausible, but no authoritative exact image or Malaysian variant proof; pending."
TAP-SAN-SWP-B-3023,PCS,Saniware Premier Basin Pillar Cold Tap (rose Gold) SWP-B-3023,Bathroom,Saniware,Saniware,Bathroom,candidate,SWP-B-3023,SWP-B-3023,SWP-B-3023,UNKNOWN,yes,yes,yes,yes,yes,yes,confirmed,exact_match,current,https://saniware.com/product/swp-b-3023/,https://saniware.com/product/swp-b-3023/,UNKNOWN,UNKNOWN,UNKNOWN,UNKNOWN,UNKNOWN,UNKNOWN,https://saniware.com/wp-content/uploads/2021/10/SWP-B-3023.png,Exact Saniware product page asset,1000x1000,41eada044c31f7d1ecccbaa74f0aa31152739a1a1656b025ef23c4a235535f00,96,94,93,SWP-B-2924; SWP-B-2934,Different SKU and finish/shape; 2924 exact page missing | https://saniware.com/product/swp-b-3023/,Could source rose-gold description refer to a sibling 2924/2934?,cleared,low,needs_permission,Saniware exact page,candidate,candidate,yes,candidate,Exact official page states Rose Gold Pillar Tap and exact model image.,No packaging note in saved page,UNKNOWN,rights only,Request Saniware permission for exact SWP-B-3023 asset.,strong,same_owner_same_dataset,Tier 1A exact product page,Brass cold mixer tap; rose gold pillar tap,UNKNOWN,TAP-SAN-SWP-B-3023,PCS,Saniware Premier Basin Pillar Cold Tap (rose Gold) SWP-B-3023,Bathroom,2,274.00,89.0,1,Saniware,SWP-B-3023,saniware:saniware-premier-basin-pillar-cold-tap-rose-swp,2,,,,needs_permission,,pending,,,,,pending,,pending,TC Bath Mart / Saniware,Saniware,rose-gold basin cold mixer tap,SWP-B-3023,SWP-B-3023,UNKNOWN,https://saniware.com/product/swp-b-3023/,official Saniware product page,Exact SKU and Brass Cold Mixer Tap – Rose Gold Pillar Tap description match the row.,https://saniware.com/product-category/faucet/mixer-series/,official Saniware category page,Same-organization category corroboration; exact product page is primary.,https://saniware.com/product/swp-b-3023/,https://saniware.com/product/swp-b-3023/,https://saniware.com/product/swp-b-3023/,UNKNOWN,UNKNOWN,UNKNOWN,UNKNOWN,https://saniware.com/wp-content/uploads/2021/10/SWP-B-3023.png,https://saniware.com/product/swp-b-3023/,UNKNOWN,Official rose-gold SWP-B-3023 image.,UNKNOWN,UNKNOWN,UNKNOWN,UNKNOWN,official Malaysia manufacturer product page,98,95,90,Exact SKU and rose-gold official image match the row.,Saniware; SWP-B-3023; rose gold; PCS,UNKNOWN,https://saniware.com/product/swp-b-3023/,Public official page has no explicit Ekoway commercial image reuse grant.,candidate,UNKNOWN,no,Request Saniware permission.,"Second-pass re-audit: exact SKU, rose-gold finish and image were checked again; no material identity contradiction remains. Rights remains needs_permission."
OVEN-RUB-TAE13-M266,UNIT,Rubine Built-in Oven RBO-IA8X-70SS,Home Appliances,Rubine,Rubine,Home Appliances,candidate,RBO-IA8X-70SS,RBO-IA8X-70SS,RBO-IA8X-70SS,UNKNOWN,yes,yes,yes,yes,yes,yes,confirmed,exact_match,current,https://www.rubine.com.my/product/RBO-IA8X-70SS,https://www.rubine.com.my/product/RBO-IA8X-70SS,UNKNOWN,UNKNOWN,https://www.rubine.com.my/product/files/product_attachment/attach_url-A00339.pdf,UNKNOWN,UNKNOWN,UNKNOWN,https://www.rubine.com.my/files/product_img/IM01811.jpg,Exact Rubine product page asset,800x800,f0c003ade846024b233a493459078b452d0caf69aa16e7b2f9bb819be3b263c4,98,98,94,RBO-IA6X-70SS,IA8X 8 functions vs IA6X sibling; do not use IA8X image for IA6X | https://www.rubine.com.my/product/RBO-IA8X-70SS; https://www.rubine.com.my/offers/kitchen-appliances-2018-october.pdf,Could prior offer/historical file be stale or IA6X sibling?,cleared,low,needs_permission,Rubine exact page,candidate,candidate,yes,candidate,"Exact current Rubine page, model, 70L, 8 functions and direct asset; IA6X explicitly treated as sibling.",None identity-critical,UNKNOWN,rights only,Request Rubine permission for exact IA8X image.,excellent,same_owner_same_dataset,Tier 1A exact product page,70L; 8 functions; A-class; 594x548x594; LCD; turnspit; telescopic runner,UNKNOWN,OVEN-RUB-TAE13-M266,UNIT,Rubine Built-in Oven RBO-IA8X-70SS,Home Appliances,2,1699.00,88.9,1,Rubine,RBO-IA8X-70SS,rubine:rubine-built-in-oven-rbo-ia8x-70ss,1,https://www.rubine.com.my/manual-download.php?parent_id=all,,Rubine Malaysia,needs_permission,A,candidate,,,,Official Rubine manual page lists exact RBO-IA8X-70SS model.,pending,A,candidate,Rubine / Fiamma Trading,Rubine,built-in oven,RBO-IA8X-70SS,RBO-IA8X-70SS,IM01811,https://www.rubine.com.my/product/RBO-IA8X-70SS,official Malaysia product page,"Exact model, 70L, 8 functions and official product image.",https://www.rubine.com.my/files/product_attachment/attach_url-A00339.pdf,official manufacturer user guide,Official user guide linked from the exact product page.,https://www.rubine.com.my/product/RBO-IA8X-70SS,https://www.rubine.com.my/product/RBO-IA8X-70SS,https://www.rubine.com.my/product/RBO-IA8X-70SS,UNKNOWN,UNKNOWN,UNKNOWN,https://www.rubine.com.my/files/product_attachment/attach_url-A00339.pdf,https://www.rubine.com.my/files/product_img/IM01811.jpg,https://www.rubine.com.my/product/RBO-IA8X-70SS,UNKNOWN,Official exact-model product image.,UNKNOWN,UNKNOWN,UNKNOWN,UNKNOWN,official Malaysia manufacturer product page,98,97,92,"Exact model page, official image and user guide agree on RBO-IA8X-70SS and 70L built-in-oven variant.",Rubine; RBO-IA8X-70SS; 70L; 8 functions; UNIT,Source display name is exact model; no material conflict.,https://www.rubine.com.my/product/RBO-IA8X-70SS,No explicit Ekoway commercial image reuse grant found.,candidate,UNKNOWN,no,Request Rubine permission and retain linked user guide.,"Second-pass re-audit: exact model, capacity, functions and official image were checked again; no material identity contradiction remains. Rights remains needs_permission."
KHI-COO-RC3636,SET,3.6L Rice Cooker (cool Grey),Home Appliances,Khind,Khind,Home Appliances,pending,RC365,RC365,RC365XXXXXCGKD,UNKNOWN,yes,yes,yes,unresolved,yes,yes,probable,exact_match,current,https://khind.com.my/products/3-6l-commercial-rice-cooker,https://khind.com.my/products/3-6l-commercial-rice-cooker,UNKNOWN,UNKNOWN,UNKNOWN,UNKNOWN,UNKNOWN,UNKNOWN,https://khind.com.my/cdn/shop/files/ssmy.zone-1717059514-RC365_WH_Cover.jpg?v=1751809047,Exact Khind RC365 product page asset,2000x2000,83405e481772989e0227429cb57e53bbd05357cd2902a84adf415d42123855f0,87,93,89,RC360; RC365; RC565,RC365 exact page; source display 3.6L; source detected KHIND-RC365 but source AutoCount code KHI-COO-RC3636 | https://khind.com.my/products/3-6l-commercial-rice-cooker,Source internal code/description conflicts with exact RC365 product and Cool Grey finish is not textually established in prior asset metadata.,unresolved_material_conflict,low,needs_permission,Khind exact page; no reuse grant,pending,pending,yes,pending,Exact 3.6L RC365 page exists but strict source-code/finish chain is incomplete.,Source code KHI-COO-RC3636 vs RC365; finish text,Possible source_data_issue: source item/name and detected model may be inconsistent; owner label check needed,box/model label or Khind confirmation,Request owner photo/label confirming RC365 and Cool Grey; do not approve until code/finish mapping.,excellent,same_owner_same_dataset,Tier 1A exact page with source-data conflict,3.6L commercial rice cooker; official RC365 page/image; source Cool Grey unresolved,UNKNOWN,KHI-COO-RC3636,SET,3.6L Rice Cooker (cool Grey),Home Appliances,2,254.00,88.7,1,Khind,KHIND-RC365,khind:rice-cooker-cool,2,https://khind.com.my/products/khind-rice-cooker-rc360,,Khind Malaysia,unknown,C,rejected,,,,AutoCount description and original model data conflict with the official RC360/RC365 family; owner photo or exact label check required.,pending,C,rejected,Khind Malaysia,Khind,3.6L commercial rice cooker,RC365,UNKNOWN,UNKNOWN,https://khind.com.my/products/3-6l-commercial-rice-cooker,official Malaysia product page,Exact RC365 and 3.6L model/image found; recovered metadata did not establish the catalogue row’s Cool Grey finish.,UNKNOWN,UNKNOWN,Independent corroboration not established.,UNKNOWN,UNKNOWN,UNKNOWN,UNKNOWN,UNKNOWN,UNKNOWN,UNKNOWN,UNKNOWN,UNKNOWN,UNKNOWN,No exact authoritative image suitable for this row was established.,UNKNOWN,UNKNOWN,UNKNOWN,UNKNOWN,research-only / exact source unresolved,0,0,0,Exact identity or exact variant not sufficiently established; conservative pending status.,UNKNOWN,Colour/variant is not explicitly established in the source metadata; source notes previously conflict with RC360/RC365 family.,UNKNOWN,No reliable rights conclusion for an exact production image.,pending,Cool Grey vs other RC365 finish/packaging variant.,no,Obtain the missing exact model/variant/image evidence from the manufacturer or supplier before publication.,"Searched official RC365 page and live product metadata. Model/capacity/image are strong, but Cool Grey exact variant is not proven; pending rather than using a potentially wrong finish."
SHO-SOR-SRTSA830,PCS,Sorento 450MM Shower Arm,Bathroom,Sorento,Sorento,Bathroom,candidate,SRTSA830,SRTSA830,SRTSA830,UNKNOWN,yes,yes,yes,yes,yes,yes,confirmed,exact_match,current,https://sorentomasterclub.com.my/international/index.php/products-menu/sorento-mobile/bathroom-mobile/showerbidet-mobile/showerarm-mobile/srtsa830-detail,https://sorentomasterclub.com.my/international/index.php/products-menu/sorento-mobile/bathroom-mobile/showerbidet-mobile/showerarm-mobile/srtsa830-detail,UNKNOWN,https://www.sorento.com.my/media/attachments/2024/09/19/sorento-catalog-2024.pdf#page=64,UNKNOWN,UNKNOWN,UNKNOWN,UNKNOWN,https://www.sorento.com.my/media/attachments/2024/09/19/sorento-catalog-2024.pdf#page=64,Official Sorento catalogue page 64 exact labeled crop,UNKNOWN,UNKNOWN,94,95,91,SRTSA831; SRTSA832; SRTSA860-GM,400/450/500mm and finish/shape labels; SRTSA830 exact crop is lower grid first round-horizontal entry | https://www.sorento.com.my/media/attachments/2024/09/19/sorento-catalog-2024.pdf#page=64,Direct Master Club page exact but asset retrieval failed; PDF crop could be mis-cropped if not preserved.,cleared,low,needs_permission,Sorento Master Club exact page and catalogue,candidate,candidate,yes,candidate,Exact page and exact labeled catalogue crop; candidate image confidence 91 after visual sibling elimination.,Direct asset unavailable; crop coordinates required,UNKNOWN,rights/direct asset only,Request direct SRTSA830 asset or crop approval; preserve page 64/printed 58 crop.,excellent,same_owner_same_dataset,Tier 1A exact regional page plus catalogue,SS304; 450mm; Round Horizontal; PDF page64/printed58 exact entry,UNKNOWN,SHO-SOR-SRTSA830,PCS,Sorento 450MM Shower Arm,Bathroom,6,84.90,88.7,1,Sorento,SRTSA830,sorento:sorento-shower-arm,2,https://sorento.com.my/bathroom/shower-bidet/shower-arm/srtsa830-detail,,Sorento,needs_permission,A,candidate,,,,Official product page matches SRTSA830 and 450mm SS304 shower arm.,pending,A,candidate,Sorento,Sorento,shower arm,SRTSA830,SRTSA830,UNKNOWN,https://www.sorento.com.my/media/attachments/2024/09/19/sorento-catalog-2024.pdf#page=64,official manufacturer catalogue PDF,Exact SRTSA830; Shower Arm - 450mm SS304; printed catalogue page 58/PDF page 64.,https://sorento.com.my/bathroom/shower-bidet/shower-arm/srtsa830-detail,official Sorento product URL (currently 404),Candidate URL checked and currently returns 404; exact catalogue evidence remains primary.,https://www.sorento.com.my/media/attachments/2024/09/19/sorento-catalog-2024.pdf,UNKNOWN,UNKNOWN,UNKNOWN,https://www.sorento.com.my/media/attachments/2024/09/19/sorento-catalog-2024.pdf,UNKNOWN,UNKNOWN,https://www.sorento.com.my/media/attachments/2024/09/19/sorento-catalog-2024.pdf#page=64,https://www.sorento.com.my/media/attachments/2024/09/19/sorento-catalog-2024.pdf,UNKNOWN; PDF page 64,Official catalogue page contains exact SRTSA830 image; page crop required.,UNKNOWN,UNKNOWN,UNKNOWN,UNKNOWN,official manufacturer catalogue PDF,94,91,72,Exact model and 450mm SS304 specification appear in official Sorento catalogue; current product URL is stale/404.,Sorento; SRTSA830; 450mm; SS304; PCS,Current product-page URL is 404; no independent live page confirmed.,https://www.sorento.com.my/media/attachments/2024/09/19/sorento-catalog-2024.pdf,No explicit Ekoway commercial image reuse grant found.,candidate,Catalogue crop and stale product URL require reviewer confirmation.,yes,Request Sorento permission and verify crop.,Second-pass re-audit: exact model and 450mm SS304 spec were rechecked against official catalogue; stale page URL is documented.
SHO-SOR-SRTSA860-GM,PCS,Sorento 400MM Shower Arm,Bathroom,Sorento,Sorento,Bathroom,candidate,SRTSA860-GM,SRTSA860-GM,SRTSA860-GM,UNKNOWN,yes,yes,yes,yes,yes,yes,confirmed,exact_match,current,https://sorentomasterclub.com.my/international/index.php/products-menu/sorento-mobile/bathroom-mobile/showerbidet-mobile/showerarm-mobile/srtsa860-gm-detail,https://sorentomasterclub.com.my/international/index.php/products-menu/sorento-mobile/bathroom-mobile/showerbidet-mobile/showerarm-mobile/srtsa860-gm-detail,UNKNOWN,https://www.sorento.com.my/media/attachments/2024/09/19/sorento-catalog-2024.pdf#page=64,UNKNOWN,UNKNOWN,UNKNOWN,UNKNOWN,https://sorentomasterclub.com.my/international/images/virtuemart/product/SRTSA860-GM-(product).jpg,Exact Sorento Master Club product asset,UNKNOWN,UNKNOWN,99,99,96,SRTSA860-RG; SRTSA860-GY; SRTSA830,Gunmetal vs rose/golden yellow; 400mm vs 450mm | https://www.sorento.com.my/media/attachments/2024/09/19/sorento-catalog-2024.pdf#page=64,Could direct asset filename be reused across finish siblings?,cleared,low,needs_permission,Exact Master Club page; no reuse grant,candidate,candidate,yes,candidate,"Exact regional page text says SRTSA860-GM, SS304, 400mm, Gunmetal; direct asset filename is exact.",None identity-critical,UNKNOWN,rights only,Request Sorento permission for exact SRTSA860-GM asset.,excellent,same_owner_same_dataset,Tier 1A exact regional page,SS304; 400mm; Gunmetal; product image tied to exact page,UNKNOWN,SHO-SOR-SRTSA860-GM,PCS,Sorento 400MM Shower Arm,Bathroom,4,124.00,88.6,1,Sorento,SRTSA860-GM,sorento:sorento-shower-arm,2,https://www.sorento.com.my/media/attachments/2024/09/19/sorento-catalog-2024.pdf,,Sorento,needs_permission,A,candidate,,,,Official catalogue matches SRTSA860-GM 400mm gunmetal SS304 shower arm.,pending,A,candidate,Sorento,Sorento,shower arm,SRTSA860-GM,SRTSA860-GM,UNKNOWN,https://www.sorento.com.my/media/attachments/2024/09/19/sorento-catalog-2024.pdf#page=64,official manufacturer catalogue PDF,"Exact SRTSA860-GM; round horizontal SS304 shower arm, 400mm, gunmetal; printed catalogue page 58/PDF page 64.",https://sorentomasterclub.com.my/my/index.php/products/sorento/gunmetal-series/shower-bidet-gm/srtsa860-gm-detail,regional Sorento master-club page,"Search result identifies exact model and 400mm Gunmetal description; used only as corroboration, not primary image rights source.",https://www.sorento.com.my/media/attachments/2024/09/19/sorento-catalog-2024.pdf; https://sorentomasterclub.com.my/my/index.php/products/sorento/gunmetal-series/shower-bidet-gm/srtsa860-gm-detail,UNKNOWN,UNKNOWN,UNKNOWN,https://www.sorento.com.my/media/attachments/2024/09/19/sorento-catalog-2024.pdf,UNKNOWN,UNKNOWN,https://www.sorento.com.my/media/attachments/2024/09/19/sorento-catalog-2024.pdf#page=64,https://www.sorento.com.my/media/attachments/2024/09/19/sorento-catalog-2024.pdf,UNKNOWN; PDF page 64,Official catalogue page contains exact SRTSA860-GM image; page crop required.,UNKNOWN,UNKNOWN,UNKNOWN,UNKNOWN,official manufacturer catalogue PDF with regional corroboration,96,94,72,"Official catalogue and exact regional Sorento page agree on SRTSA860-GM, 400mm, Gunmetal, SS304.",Sorento; SRTSA860-GM; 400mm; Gunmetal; SS304; PCS,No stable direct official image asset identified.,https://www.sorento.com.my/media/attachments/2024/09/19/sorento-catalog-2024.pdf,No explicit Ekoway commercial image reuse grant found.,candidate,Shared PDF page crop must exclude sibling shower arms.,yes,Request Sorento permission and verify crop.,"Second-pass re-audit: exact model, size, finish and material were checked against catalogue and regional corroboration; no material contradiction remains."
JOV-WAT-HEA-SB11IP-WHI,PCS,Joven (white) Instant Water Heater SB11IP,Home Appliances,Joven,Joven,Home Appliances,pending,SB11iP; white; rating unresolved,SB11iP,UNKNOWN,UNKNOWN,yes,yes,unresolved,partial,unresolved,yes,probable,unresolved,current,https://www.joven-electric.com/my/products/instant-water-heater/sb11-series.html,https://www.joven-electric.com/my/products/instant-water-heater/sb11-series.html,UNKNOWN,UNKNOWN,UNKNOWN,UNKNOWN,UNKNOWN,UNKNOWN,UNKNOWN,UNKNOWN,UNKNOWN,UNKNOWN,88,94,0,SB11iP 3.6kW vs 4.2kW; SB11iP-RS,Power and RS accessory configuration differ materially | https://www.joven-electric.com/my/products/instant-water-heater/sb11-series.html,Source omits 3.6/4.2kW; white image exists for 3.6kW but source row does not prove that rating.,unresolved_material_conflict,low,unknown,UNKNOWN,pending,pending,yes,pending,Variant cannot be selected without the omitted electrical rating.,Electrical rating and exact white asset mapping,UNKNOWN,stock label/model plate or supplier invoice required,Request Joven model label with SB11iP rating and exact asset.,strong,same_owner_same_dataset,Tier 1A series page with unresolved variant,SB11iP family; 3.6/4.2kW variants; exact power unresolved,UNKNOWN,JOV-WAT-HEA-SB11IP-WHI,PCS,Joven (white) Instant Water Heater SB11IP,Home Appliances,5,599.00,88.5,1,Joven,SB11IP,joven:joven-instant-water-heater-sb11ip,1,https://www.joven-electric.com/my/products/instant-water-heater/sb11-series.html,,Joven Marketing Sdn Bhd,unknown,C,candidate,,,,Official SB11 page confirms SB11iP; stocked white finish and electrical loading still need label verification.,pending,C,candidate,Joven Malaysia,Joven,instant water heater,SB11iP; white; rating unresolved,UNKNOWN,UNKNOWN,https://www.joven-electric.com/my/products/instant-water-heater/sb11-series.html,official Joven Malaysia category page,Official page lists SB11iP at 3.6kW with white image and 4.2kW sibling variant; source row omits rating.,UNKNOWN,UNKNOWN,Independent corroboration not established.,UNKNOWN,UNKNOWN,UNKNOWN,UNKNOWN,UNKNOWN,UNKNOWN,UNKNOWN,UNKNOWN,UNKNOWN,UNKNOWN,No exact authoritative image suitable for this row was established.,UNKNOWN,UNKNOWN,UNKNOWN,UNKNOWN,research-only / exact source unresolved,0,0,0,Exact identity or exact variant not sufficiently established; conservative pending status.,UNKNOWN,Electrical rating is not present in source row; 3.6kW and 4.2kW SB11iP variants are distinct.,UNKNOWN,No reliable rights conclusion for an exact production image.,pending,Wrong electrical model/image variant.,no,Obtain the missing exact model/variant/image evidence from the manufacturer or supplier before publication.,Searched official SB11 page; white 3.6kW and other rating variants are shown. Pending until supplier label or exact part number resolves rating.
TAP-SAN-SWP-SS-304-3940-RG,PCS,Saniware Premier Kitchen Pillar Sink Tap-rg SWP-SS-304-3940-RG,Kitchen & Sinks,Saniware,Saniware,Kitchen & Sinks,candidate,SWP-SS-304-3940-RG,SWP-SS-304-3940-RG,SWP-SS-304-3940-RG,UNKNOWN,yes,yes,yes,yes,yes,yes,confirmed,manufacturer_packaging_difference,current,https://saniware.com/product/kitchen-pillar-sink-tap-swp-ss-304-3940-rg/,https://saniware.com/product/kitchen-pillar-sink-tap-swp-ss-304-3940-rg/,UNKNOWN,UNKNOWN,UNKNOWN,UNKNOWN,UNKNOWN,UNKNOWN,https://saniware.com/wp-content/uploads/2025/05/SWP-SS-304-3940-RG-1.jpg,Exact Saniware product page asset,1200x1200,6996f7409fc66a539778a5369aeef88910b83fd579f67cd1ccf785d39433310c,97,95,94,SWP-SS-304-3940-MB; SWP-SS-304-3970-MB,Finish and flexible-hose/model family differ | https://saniware.com/product/kitchen-pillar-sink-tap-swp-ss-304-3940-rg/,Could RG image be a generic 3940 family asset?,cleared,low,needs_permission,Saniware exact page,candidate,candidate,yes,candidate,Exact official SKU/page/image; textual Rose Gold and 1set/box/10sets/ctn.,Source uses tap-rg shorthand but exact SKU resolves it,UNKNOWN,rights/UOM confirmation,Request Saniware permission and confirm 1set/box against PCS.,excellent,same_owner_same_dataset,Tier 1A exact product page,SUS304; rose gold; 1set/box; 10sets/ctn,UNKNOWN,TAP-SAN-SWP-SS-304-3940-RG,PCS,Saniware Premier Kitchen Pillar Sink Tap-rg SWP-SS-304-3940-RG,Kitchen & Sinks,2,234.00,88.4,1,Saniware,SWP-SS-304-3940-RG,saniware:saniware-premier-kitchen-pillar-sink-tap-rg-swp,2,,,,needs_permission,,pending,,,,,pending,,pending,TC Bath Mart / Saniware,Saniware,rose-gold kitchen pillar sink tap,SWP-SS-304-3940-RG,SWP-SS-304-3940-RG,UNKNOWN,https://saniware.com/product/kitchen-pillar-sink-tap-swp-ss-304-3940-rg/,official Saniware product page,"Exact SKU, Rose Gold title, 1 set/box, 10 sets/ctn and official image match the row.",https://saniware.com/product-category/faucet/,official Saniware category page,Same-organization category corroboration; no independent source used.,https://saniware.com/product/kitchen-pillar-sink-tap-swp-ss-304-3940-rg/,https://saniware.com/product/kitchen-pillar-sink-tap-swp-ss-304-3940-rg/,https://saniware.com/product/kitchen-pillar-sink-tap-swp-ss-304-3940-rg/,UNKNOWN,UNKNOWN,UNKNOWN,UNKNOWN,https://saniware.com/wp-content/uploads/2025/05/SWP-SS-304-3940-RG-1.jpg,https://saniware.com/product/kitchen-pillar-sink-tap-swp-ss-304-3940-rg/,UNKNOWN,Official Saniware product image.,UNKNOWN,UNKNOWN,UNKNOWN,UNKNOWN,official Malaysia manufacturer product page,98,95,90,"Exact SKU, Rose Gold title, 1 set/box, 10 sets/ctn and official image match the row.",Saniware; SWP-SS-304-3940-RG; rose-gold kitchen pillar sink tap,UNKNOWN,https://saniware.com/product/kitchen-pillar-sink-tap-swp-ss-304-3940-rg/,Public official page has no explicit Ekoway commercial image reuse grant.,candidate,UNKNOWN,no,Request Saniware permission and retain exact asset URL.,Second-pass re-audit: exact SKU/title/image and catalogue variant were checked again; no material identity contradiction remains. Rights remains needs_permission.
TOI-TRP-WC2300-S,SET,Saniware One Piece Washdown Closet,Bathroom,Saniware,Saniware,Bathroom,candidate,WC-2300-S250mm,WC-2300-S250MM,WC-2300-S250MM,UNKNOWN,yes,yes,yes,yes,yes,yes,confirmed,exact_match,current,https://saniware.com/product/one-piece-washdown-closet-wc-2300-s250mm/,https://saniware.com/product/one-piece-washdown-closet-wc-2300-s250mm/,UNKNOWN,UNKNOWN,UNKNOWN,UNKNOWN,UNKNOWN,UNKNOWN,https://saniware.com/wp-content/uploads/2025/05/WC-2300.jpg,Exact Saniware product page asset,498x539,773cdaf08d48519273726ad044b427ec2aa327d3e97af6a507976ec2aa0a3f29,97,96,94,WC-2098-S300; WC-2098RL-S250MM unresolved,One-piece model/shape and trap suffix differ | https://saniware.com/product/one-piece-washdown-closet-wc-2300-s250mm/,Could page image be generic one-piece family image?,cleared,low,needs_permission,Saniware exact page,candidate,candidate,yes,candidate,"Exact SKU, one-piece title, trap distances and exact image.",None identity-critical,UNKNOWN,rights only,Request Saniware permission for WC-2300 image.,excellent,same_owner_same_dataset,Tier 1A exact product page,720x400x760mm; S-trap 250mm; P-trap 180mm,UNKNOWN,TOI-TRP-WC2300-S,SET,Saniware One Piece Washdown Closet,Bathroom,5,579.00,88.3,1,Saniware,WC2300-S250MM,saniware:saniware-one-piece-washdown-closet,1,,,,needs_permission,,pending,,,,,pending,,pending,TC Bath Mart / Saniware,Saniware,one-piece washdown closet,WC-2300-S250mm,WC-2300-S250mm,UNKNOWN,https://saniware.com/product/one-piece-washdown-closet-wc-2300-s250mm/,official Saniware product page,"Exact SKU, one-piece configuration, 720 x 400 x 760mm, S-trap 250mm/P-trap 180mm and official image match the row.",UNKNOWN,UNKNOWN,Only one authoritative source located; independent corroboration not established.,https://saniware.com/product/one-piece-washdown-closet-wc-2300-s250mm/,https://saniware.com/product/one-piece-washdown-closet-wc-2300-s250mm/,https://saniware.com/product/one-piece-washdown-closet-wc-2300-s250mm/,UNKNOWN,UNKNOWN,UNKNOWN,UNKNOWN,https://saniware.com/wp-content/uploads/2025/05/WC-2300.jpg,https://saniware.com/product/one-piece-washdown-closet-wc-2300-s250mm/,UNKNOWN,Official Saniware product image.,UNKNOWN,UNKNOWN,UNKNOWN,UNKNOWN,official Malaysia manufacturer product page,98,94,88,"Exact SKU, one-piece configuration, 720 x 400 x 760mm, S-trap 250mm/P-trap 180mm and official image match the row.",Saniware; WC-2300-S250mm; one-piece washdown closet,UNKNOWN,https://saniware.com/product/one-piece-washdown-closet-wc-2300-s250mm/,Public official page has no explicit Ekoway commercial image reuse grant.,candidate,UNKNOWN,no,Request Saniware permission and retain exact asset URL.,Second-pass re-audit: exact SKU/title/image and catalogue variant were checked again; no material identity contradiction remains. Rights remains needs_permission.
FAN-STA-KHI-SF1682,SET,Khind 16 Stand Fan,Fans & Ventilation,Khind,Khind,Fans & Ventilation,pending,SF1682SE,SF1682SE,SF1682SE,UNKNOWN,no,unresolved,unresolved,unresolved,unresolved,unresolved,unconfirmed,unresolved,unknown,https://khind.com.my/products/khind-12-and-16-real-guard-lock,https://khind.com.my/products/khind-12-and-16-real-guard-lock,UNKNOWN,UNKNOWN,UNKNOWN,UNKNOWN,UNKNOWN,UNKNOWN,UNKNOWN,UNKNOWN,UNKNOWN,UNKNOWN,70,80,0,SF1663H; SF1682; SF1683; SF1688A; SF169R,Accessory page only says rear guard lock fits several fan models; no SF1682SE product image | https://khind.com.my/products/khind-12-and-16-real-guard-lock,Accessory page confirms family existence but cannot prove exact SF1682SE suffix or fan image.,unresolved_material_conflict,low,unknown,UNKNOWN,pending,pending,yes,pending,No exact product image or suffix mapping.,SE suffix/exact product/image,UNKNOWN,Khind product page/manual/label required,"Request exact SF1682SE product page, manual or box label; never use guard-lock image.",evidence_ceiling,same_owner_same_dataset,Tier 1A accessory page not product source,SF1682 family only,UNKNOWN,FAN-STA-KHI-SF1682,SET,Khind 16 Stand Fan,Fans & Ventilation,3,149.00,88.2,1,Khind,SF1682SE,khind:khind-16-stand-fan,2,https://khind.com.my/products/khind-12-and-16-real-guard-lock,,Khind Malaysia,unknown,C,candidate,,,,Official spare-part page confirms SF1682 as a valid model but is not a product-image source.,pending,C,candidate,Khind Malaysia,Khind,16-inch stand fan,SF1682SE,UNKNOWN,UNKNOWN,https://khind.com.my/products/khind-12-and-16-real-guard-lock,official Khind accessory page,Official page confirms SF1682 family suitability but not exact SF1682SE product/image.,UNKNOWN,UNKNOWN,Independent corroboration not established.,UNKNOWN,UNKNOWN,UNKNOWN,UNKNOWN,UNKNOWN,UNKNOWN,UNKNOWN,UNKNOWN,UNKNOWN,UNKNOWN,No exact authoritative image suitable for this row was established.,UNKNOWN,UNKNOWN,UNKNOWN,UNKNOWN,research-only / exact source unresolved,0,0,0,Exact identity or exact variant not sufficiently established; conservative pending status.,UNKNOWN,"Source page confirms SF1682 without SE suffix and is an accessory page, not a fan image source.",UNKNOWN,No reliable rights conclusion for an exact production image.,pending,"SF1682SE suffix, colour and exact fan image unresolved.",no,Obtain the missing exact model/variant/image evidence from the manufacturer or supplier before publication.,Searched exact SF1682SE and official Khind pages. Only accessory evidence found; pending.
ELE-BUL-E27-15W-RED,PCS,Taicon E27 Stick Bulb Red 15W,Lighting,Taicon,Taicon,Lighting,pending,E27,Taicon E2-Red 15W / E27 stick bulb mapping unresolved,UNKNOWN,UNKNOWN,partial,unresolved,unresolved,yes,yes,unresolved,unconfirmed,unresolved,unknown,UNKNOWN,https://www.facebook.com/KIONGSINGHARDWARE/posts/-new-arrival-%F0%9D%90%93%F0%9D%90%9A%F0%9C%9C%9F%9F%9F%9F,UNKNOWN,UNKNOWN,UNKNOWN,UNKNOWN,UNKNOWN,UNKNOWN,UNKNOWN,UNKNOWN,UNKNOWN,UNKNOWN,58,58,0,Taicon E27 3W color bulb,15W stick form vs 3W bulb; exact E27/base and SKU need proof | Tier-3 retailer/social result mentions E2-Red 15W TC-11002,Source says E27 stick bulb but discovery result says E2-Red; base and exact part number may differ.,unresolved_material_conflict,low,unknown,UNKNOWN,pending,pending,yes,pending,Do not map E2-Red discovery to E27 source row without evidence.,"E2 vs E27, exact SKU and image",UNKNOWN,package label/importer catalogue,"Request label showing base, wattage and exact Taicon model plus approved image.",evidence_ceiling,unknown,Tier-3 discovery,15W red stick-bulb family only,UNKNOWN,ELE-BUL-E27-15W-RED,PCS,Taicon E27 Stick Bulb Red 15W,Lighting,28,15.00,88.0,1,Taicon,E27,taicon:taicon-e27-stick-bulb,2,,,,unknown,,pending,,,,,pending,,pending,Taicon,Taicon,E27 15W red LED stick bulb,E27,UNKNOWN,UNKNOWN,UNKNOWN,UNKNOWN,No reliable exact-match evidence established.,UNKNOWN,UNKNOWN,Independent corroboration not established.,UNKNOWN,UNKNOWN,UNKNOWN,UNKNOWN,UNKNOWN,UNKNOWN,UNKNOWN,UNKNOWN,UNKNOWN,UNKNOWN,No exact authoritative image suitable for this row was established.,UNKNOWN,UNKNOWN,UNKNOWN,UNKNOWN,research-only / exact source unresolved,0,0,0,Exact identity or exact variant not sufficiently established; conservative pending status.,UNKNOWN,Exact Taicon manufacturer/model page and rights-cleared image not found.,UNKNOWN,No reliable rights conclusion for an exact production image.,pending,"Bulb shape, socket, colour and brand source unresolved.",no,Obtain the missing exact model/variant/image evidence from the manufacturer or supplier before publication.,Searched exact Taicon E27 15W red queries; only reseller/social sources were found and are prohibited as final image sources. Pending.
TAP-SAN-SWP-B-3213,PCS,Saniware Premier Tall Basin Cold Tap,Bathroom,Saniware,Saniware,Bathroom,candidate,SWP-SS-304-3213,SWP-SS-304-3213,SWP-SS-304-3213,UNKNOWN,yes,yes,yes,yes,yes,yes,confirmed,manufacturer_packaging_difference,current,https://saniware.com/product/tall-basin-cold-tap-swp-ss-304-3213/,https://saniware.com/product/tall-basin-cold-tap-swp-ss-304-3213/,UNKNOWN,UNKNOWN,UNKNOWN,UNKNOWN,UNKNOWN,UNKNOWN,https://saniware.com/wp-content/uploads/2025/05/3213.png,Exact Saniware product page asset,1080x1350,a153c8bd47b436d3280af5412f3d1c066e8897f12d23b27e6597f7c831a1b36c,98,97,95,SWP-B-2521; SWP-SS-304-3940-RG,Tall cold tap vs mixer/kitchen tap | https://saniware.com/product/tall-basin-cold-tap-swp-ss-304-3213/,"Manufacturer says 2set/box while source PCS; this is packaging/UOM, not image identity.",cleared,low,needs_permission,Saniware exact page,candidate,candidate,yes,candidate,Exact SKU/title/direct image; packaging recorded separately.,PCS vs 2set/box requires supplier confirmation,UNKNOWN,UOM/rights confirmation,Confirm Ekoway PCS convention and request Saniware image permission.,excellent,same_owner_same_dataset,Tier 1A exact product page,Tall Basin Cold Tap; 2set/box; 40set/ctn,UNKNOWN,TAP-SAN-SWP-B-3213,PCS,Saniware Premier Tall Basin Cold Tap,Bathroom,3,139.00,88.0,1,Saniware,SWP-SS-304-3213,saniware:saniware-premier-tall-basin-cold-tap,2,,,,needs_permission,,pending,,,,,pending,,pending,TC Bath Mart / Saniware,Saniware,tall basin cold tap,SWP-SS-304-3213,SWP-SS-304-3213,UNKNOWN,https://saniware.com/product/tall-basin-cold-tap-swp-ss-304-3213/,official Saniware product page,"Exact SKU and Tall Basin Cold Tap image match. Manufacturer states 2set/box, while source UOM is PCS.",https://saniware.com/product-category/faucet/,official Saniware category page,Same-organization category corroboration; no independent source used.,https://saniware.com/product/tall-basin-cold-tap-swp-ss-304-3213/,https://saniware.com/product/tall-basin-cold-tap-swp-ss-304-3213/,https://saniware.com/product/tall-basin-cold-tap-swp-ss-304-3213/,UNKNOWN,UNKNOWN,UNKNOWN,UNKNOWN,https://saniware.com/wp-content/uploads/2025/05/3213.png,https://saniware.com/product/tall-basin-cold-tap-swp-ss-304-3213/,UNKNOWN,Official Saniware product image.,UNKNOWN,UNKNOWN,UNKNOWN,UNKNOWN,official Malaysia manufacturer product page,96,95,88,"Exact SKU and Tall Basin Cold Tap image match. Manufacturer states 2set/box, while source UOM is PCS.",Saniware; SWP-SS-304-3213; tall basin cold tap,Manufacturer page states 2set/box while source UOM is PCS; source UOM preserved as PCS.,https://saniware.com/product/tall-basin-cold-tap-swp-ss-304-3213/,Public official page has no explicit Ekoway commercial image reuse grant.,candidate,UNKNOWN,no,Request Saniware permission and retain exact asset URL.,"Second-pass re-audit: exact SKU, title, image and manufacturer pack description were checked again. Candidate retained; reviewer must confirm Ekoway PCS sales convention. Rights remains needs_permission."
JOV-WAT-HEA-SL30IP-WHI-AWB,PCS,Joven (white) Instant Water Heater SL30IP-AWB,Home Appliances,Joven,Joven,Home Appliances,pending,SL30IP-AWB,SL30iP(WB) or SL30iP-AWB unresolved,UNKNOWN,UNKNOWN,no,unresolved,unresolved,partial,unresolved,unresolved,unconfirmed,unresolved,unknown,https://www.joven-electric.com/my/products/instant-water-heater/sl30-series.html,https://www.joven-electric.com/my/products/instant-water-heater/sl30-series.html,UNKNOWN,UNKNOWN,UNKNOWN,UNKNOWN,UNKNOWN,UNKNOWN,UNKNOWN,UNKNOWN,UNKNOWN,UNKNOWN,75,87,0,SL30iP; SL30iP(WB),Source AWB may encode wall bracket or alternate package; exact manufacturer suffix not found | https://www.joven-electric.com/my/products/instant-water-heater/sl30-series.html,Official page exposes SL30iP(WB) but not exact SL30IP-AWB code; image/package not tied.,unresolved_material_conflict,low,unknown,UNKNOWN,pending,pending,yes,pending,No defensible exact code-to-model mapping.,Possible source-code typo/alias,Possible source_data_issue: SL30IP-AWB may be a shortened or erroneous internal code,supplier label/invoice or Joven confirmation required,"Request product label, invoice or written Joven mapping for AWB.",adequate,same_owner_same_dataset,Official family page; exact internal code unresolved,SL30iP family only,UNKNOWN,JOV-WAT-HEA-SL30IP-WHI-AWB,PCS,Joven (white) Instant Water Heater SL30IP-AWB,Home Appliances,5,519.00,87.9,1,Joven,SL30IP-AWB,joven:joven-instant-water-heater-sl30ip-awb,1,,,,unknown,,pending,,,,,pending,,pending,Joven Malaysia,Joven,instant water heater,SL30IP-AWB,UNKNOWN,UNKNOWN,https://www.joven-electric.com/my/products/instant-water-heater/sl30-series.html,official Joven category page,"Official category lists SL30iP(WB), not exact SL30IP-AWB source suffix.",UNKNOWN,UNKNOWN,Independent corroboration not established.,UNKNOWN,UNKNOWN,UNKNOWN,UNKNOWN,UNKNOWN,UNKNOWN,UNKNOWN,UNKNOWN,UNKNOWN,UNKNOWN,No exact authoritative image suitable for this row was established.,UNKNOWN,UNKNOWN,UNKNOWN,UNKNOWN,research-only / exact source unresolved,0,0,0,Exact identity or exact variant not sufficiently established; conservative pending status.,UNKNOWN,AWB suffix is not matched to official SL30iP(WB) naming; exact wall-bracket/market variant unresolved.,UNKNOWN,No reliable rights conclusion for an exact production image.,pending,AWB vs WB suffix and accessory/configuration mismatch.,no,Obtain the missing exact model/variant/image evidence from the manufacturer or supplier before publication.,Searched exact AWB and official SL30 category. Only SL30iP(WB) sibling was found; pending until supplier/manufacturer confirms equivalence.
TOI-TRP-WC2098RL-S,SET,Saniware Washdown One Piece Closet-rimless,Bathroom,Saniware,Saniware,Bathroom,pending,WC2098RL-S250MM,WC-2098RL-S250MM,WC-2098RL-S250MM,UNKNOWN,no,unresolved,unresolved,yes,unresolved,unresolved,unconfirmed,exact_match,unknown,https://saniware.com/product/wc-2098-s300/,https://saniware.com/product/wc-2098-s300/,UNKNOWN,UNKNOWN,UNKNOWN,UNKNOWN,UNKNOWN,UNKNOWN,UNKNOWN,UNKNOWN,UNKNOWN,UNKNOWN,70,88,0,WC-2098-S300,S300 page supports S250/300 and P180 family but does not expose RL suffix | https://saniware.com/product/wc-2098-s300/,Source RL-S250MM not found as exact official page; using S300 image would ignore rimless/suffix distinction.,unresolved_material_conflict,low,unknown,UNKNOWN,pending,pending,yes,pending,Closest exact family page is not exact source variant.,RL suffix and exact 250mm image unresolved,UNKNOWN,supplier label/private catalogue/manufacturer confirmation,Request exact WC2098RL-S250MM label and image; do not use WC-2098-S300 asset.,evidence_ceiling,same_owner_same_dataset,Tier 1A sibling page only,WC-2098 family; S/P trap family; exact RL mapping unresolved,UNKNOWN,TOI-TRP-WC2098RL-S,SET,Saniware Washdown One Piece Closet-rimless,Bathroom,5,519.00,87.9,1,Saniware,WC2098RL-S250MM,saniware:saniware-washdown-one-piece-closet-rimless,1,,,,unknown,,pending,,,,,pending,,pending,Saniware,Saniware,rimless one-piece washdown closet,WC2098RL-S250MM,UNKNOWN,UNKNOWN,UNKNOWN,UNKNOWN,No reliable exact-match evidence established.,UNKNOWN,UNKNOWN,Independent corroboration not established.,UNKNOWN,UNKNOWN,UNKNOWN,UNKNOWN,UNKNOWN,UNKNOWN,UNKNOWN,UNKNOWN,UNKNOWN,UNKNOWN,No exact authoritative image suitable for this row was established.,UNKNOWN,UNKNOWN,UNKNOWN,UNKNOWN,research-only / exact source unresolved,0,0,0,Exact identity or exact variant not sufficiently established; conservative pending status.,UNKNOWN,Exact official page/image not found; source model and 250mm rough-in remain unresolved.,UNKNOWN,No reliable rights conclusion for an exact production image.,pending,Wrong WC sibling or trap configuration.,no,Obtain the missing exact model/variant/image evidence from the manufacturer or supplier before publication.,Searched exact WC2098RL-S250MM and official water-closet sources; no exact page found. Pending.
SIN-SOR-SRTKS2429-BL,PCS,Sorento S/steel 304 Kitchen Sink-black,Kitchen & Sinks,Sorento,Sorento,Kitchen & Sinks,candidate,SRTKS2429-BL,SRTKS2429-BL,SRTKS2429-BL,UNKNOWN,yes,yes,yes,yes,yes,yes,confirmed,exact_match,current,https://sorento.com.my/,https://sorento.com.my/,UNKNOWN,https://www.sorento.com.my/media/attachments/2024/09/19/sorento-catalog-2024.pdf#page=94,UNKNOWN,UNKNOWN,UNKNOWN,UNKNOWN,https://www.sorento.com.my/media/attachments/2024/09/19/sorento-catalog-2024.pdf#page=94,Exact Sorento catalogue page 94 / printed page 88 crop,UNKNOWN,UNKNOWN,95,94,91,SRTKS2409; SRTKS2429-RG; SRTKS2429-GY,750x440x230; BL vs RG/GY finish; exact printed labels adjacent | https://www.sorento.com.my/media/attachments/2024/09/19/sorento-catalog-2024.pdf#page=94,Shared PDF page could encourage wrong 2409/2429 finish crop; item label and crop must stay linked.,cleared,low,needs_permission,https://www.sorento.com.my/media/attachments/2024/09/19/sorento-catalog-2024.pdf#page=94,candidate,candidate,yes,candidate,Exact model/finish/dimensions printed adjacent to unique black item image; siblings eliminated.,Direct asset not recovered; crop needs human check,UNKNOWN,rights/direct asset only,Request Sorento permission and preserve crop coordinates.,strong,same_owner_same_dataset,Tier 1A exact catalogue listing,L750xW440xH230mm; Matt Black; 304 stainless steel; undermount,UNKNOWN,SIN-SOR-SRTKS2429-BL,PCS,Sorento S/steel 304 Kitchen Sink-black,Kitchen & Sinks,4,629.00,87.8,1,Sorento,SRTKS2429-BL,sorento:sorento-s-steel-304-kitchen-sink,1,https://sorento.com.my/result/floor-standing-water-closet__or__nanomagma__or__others__or__seat-cover__or__semi-recessed-basin__or__squatting-pan__or__toilet-safety-handrail__or__under-mount__or__water-closet-accessories,,Sorento,needs_permission,A,candidate,,,,Official Sorento result page lists exact SRTKS2429-BL SS304 undermount sink.,pending,A,candidate,Sorento,Sorento,undermount kitchen sink,SRTKS2429-BL,SRTKS2429-BL,SRTKS2429-RG; SRTKS2429-GY,https://www.sorento.com.my/media/attachments/2024/09/19/sorento-catalog-2024.pdf#page=94,official manufacturer catalogue PDF,Exact SRTKS2429-BL; dimensions L750 x W440 x H230mm; Matt Black; siblings RG and GY are separate variants.,UNKNOWN,UNKNOWN,Only one authoritative source located; current Sorento result page was blank/insufficient.,https://www.sorento.com.my/media/attachments/2024/09/19/sorento-catalog-2024.pdf,UNKNOWN,UNKNOWN,UNKNOWN,https://www.sorento.com.my/media/attachments/2024/09/19/sorento-catalog-2024.pdf,UNKNOWN,UNKNOWN,https://www.sorento.com.my/media/attachments/2024/09/19/sorento-catalog-2024.pdf#page=94,https://www.sorento.com.my/media/attachments/2024/09/19/sorento-catalog-2024.pdf,UNKNOWN; PDF page 94,Official catalogue page contains exact matt-black model image; use only the SRTKS2429-BL crop.,UNKNOWN,UNKNOWN,UNKNOWN,UNKNOWN,official manufacturer catalogue PDF,98,96,75,"Exact model, finish, dimensions and sibling-variant distinction appear in official Sorento catalogue.",Sorento; SRTKS2429-BL; Matt Black; L750 x W440 x H230mm; PCS,Direct image asset URL and independent corroborating source were not found.,https://www.sorento.com.my/media/attachments/2024/09/19/sorento-catalog-2024.pdf,No explicit Ekoway commercial image reuse grant found.,candidate,Shared PDF page contains multiple sink models and finishes.,yes,Request Sorento permission and verify crop is the black SRTKS2429-BL variant.,"Second-pass re-audit: model, finish, dimensions and sibling variants were checked again; no material identity contradiction remains."
TAP-SAN-SWP-B-2934,PCS,Saniware Premier Basin Pillar Tap-mixer (gold) SWP-B-2934,Bathroom,Saniware,Saniware,Bathroom,candidate,SWP-B-2934,SWP-B-2934,SWP-B-2934,UNKNOWN,yes,yes,yes,unresolved,yes,yes,confirmed,manufacturer_packaging_difference,current,https://saniware.com/product/basin-pillar-tap-mixer-swp-b-2934/,https://saniware.com/product/basin-pillar-tap-mixer-swp-b-2934/,UNKNOWN,UNKNOWN,UNKNOWN,UNKNOWN,UNKNOWN,UNKNOWN,https://saniware.com/wp-content/uploads/2026/01/SWP-B-2934.jpg,Exact Saniware product page asset,574x800,a47dc8d54e188e8ffc3fc2c2465f7067302ded40dd8741e025138a0d1e672f0c,86,95,92,SWP-B-2924; SWP-B-3023,Source says Gold but exact page does not name finish; image appearance insufficient | https://saniware.com/product/basin-pillar-tap-mixer-swp-b-2934/,Gold/champagne appearance conflicts with absence of textual finish name; visual-only finish cannot pass.,unresolved_material_conflict,low,needs_permission,Saniware exact page,pending,pending,yes,pending,Exact model/image but material finish field unresolved; forensic rule requires pending.,Finish naming and PCS vs 1set/box,UNKNOWN,manufacturer finish confirmation,Request Saniware written finish name and pack/UOM clarification.,excellent,same_owner_same_dataset,Tier 1A exact product page but finish gap,SWP-B-2934; Basin Pillar Tap–Mixer; 1set/box; 10sets/ctn,UNKNOWN,TAP-SAN-SWP-B-2934,PCS,Saniware Premier Basin Pillar Tap-mixer (gold) SWP-B-2934,Bathroom,1,399.00,87.8,1,Saniware,SWP-B-2934,saniware:saniware-premier-basin-pillar-tap-mixer-swp-b,4,,,,needs_permission,,pending,,,,,pending,,pending,TC Bath Mart / Saniware,Saniware,basin pillar mixer tap,SWP-B-2934,SWP-B-2934,UNKNOWN,https://saniware.com/product/basin-pillar-tap-mixer-swp-b-2934/,official Saniware product page,"Exact SKU, basin pillar mixer title, gold/champagne visual and 1 set/box/10 sets/ctn match the row.",UNKNOWN,UNKNOWN,Only one authoritative exact product source located; independent corroboration not established.,https://saniware.com/product/basin-pillar-tap-mixer-swp-b-2934/,https://saniware.com/product/basin-pillar-tap-mixer-swp-b-2934/,https://saniware.com/product/basin-pillar-tap-mixer-swp-b-2934/,UNKNOWN,UNKNOWN,UNKNOWN,UNKNOWN,https://saniware.com/wp-content/uploads/2026/01/SWP-B-2934.jpg,https://saniware.com/product/basin-pillar-tap-mixer-swp-b-2934/,UNKNOWN,Official SWP-B-2934 image.,UNKNOWN,UNKNOWN,UNKNOWN,UNKNOWN,official Malaysia manufacturer product page,98,95,90,"Exact SKU, basin pillar mixer title, gold/champagne visual and official image match.",Saniware; SWP-B-2934; gold visual; PCS,Source UOM PCS while manufacturer describes 1 set/box; preserve source UOM.,https://saniware.com/product/basin-pillar-tap-mixer-swp-b-2934/,Public official page has no explicit Ekoway commercial image reuse grant.,candidate,UOM pack description should be checked against Ekoway sales unit.,no,Request Saniware permission and confirm Ekoway PCS sales unit.,"Second-pass re-audit: exact SKU, image finish and package description were checked again; no material identity contradiction remains. Rights remains needs_permission."
TAP-SAN-SWP-B-2931,PCS,Saniware Premier Basin Pillar Tap-mixer (matt Black) SWP-B-2931,Bathroom,Saniware,Saniware,Bathroom,candidate,SWP-B-2931,SWP-B-2931,SWP-B-2931,UNKNOWN,yes,yes,yes,yes,yes,yes,confirmed,manufacturer_packaging_difference,current,https://saniware.com/product/basin-pillar-tap-mixer-swp-b-2931/,https://saniware.com/product/basin-pillar-tap-mixer-swp-b-2931/,UNKNOWN,UNKNOWN,UNKNOWN,UNKNOWN,UNKNOWN,UNKNOWN,https://saniware.com/wp-content/uploads/2025/05/SWP-B-2931.png,Exact Saniware product page asset,1587x2245,4feb4ab6bfcd5e593e42971deb31ec366c5a58a749efa34eb02fec625f587735,96,95,94,SWP-B-2930; SWP-B-2934,Matt black/tall mixer vs chrome/gold siblings | https://saniware.com/product/basin-pillar-tap-mixer-swp-b-2931/,Could category sibling image be reused?,cleared,low,needs_permission,Saniware exact page,candidate,candidate,yes,candidate,Exact model page/title/image and matt-black description; sibling chrome/gold pages excluded.,PCS vs 1set/box,UNKNOWN,rights/UOM confirmation,Request Saniware permission and confirm PCS/box convention.,excellent,same_owner_same_dataset,Tier 1A exact product page,1set/box; 10sets/ctn; matt-black visual/descriptor,UNKNOWN,TAP-SAN-SWP-B-2931,PCS,Saniware Premier Basin Pillar Tap-mixer (matt Black) SWP-B-2931,Bathroom,1,389.00,87.7,1,Saniware,SWP-B-2931,saniware:saniware-premier-basin-pillar-tap-mixer-matt-swp,2,https://saniware.com/product-category/faucet/mixer-series/,,Saniware,needs_permission,A,candidate,,,,Official Saniware category lists exact SWP-B-2931 basin pillar mixer.,pending,A,candidate,TC Bath Mart / Saniware,Saniware,basin pillar mixer tap,SWP-B-2931,SWP-B-2931,UNKNOWN,https://saniware.com/product/basin-pillar-tap-mixer-swp-b-2931/,official Saniware product page,"Exact SKU, basin pillar mixer, matt-black visual, 1 set/box/10 sets/ctn and official image match the row.",https://saniware.com/product-category/faucet/,official Saniware category page,Same-organization category corroboration; no independent source used.,https://saniware.com/product/basin-pillar-tap-mixer-swp-b-2931/,https://saniware.com/product/basin-pillar-tap-mixer-swp-b-2931/,https://saniware.com/product/basin-pillar-tap-mixer-swp-b-2931/,UNKNOWN,UNKNOWN,UNKNOWN,UNKNOWN,https://saniware.com/wp-content/uploads/2025/05/SWP-B-2931.png,https://saniware.com/product/basin-pillar-tap-mixer-swp-b-2931/,UNKNOWN,Official Saniware product image.,UNKNOWN,UNKNOWN,UNKNOWN,UNKNOWN,official Malaysia manufacturer product page,98,95,88,"Exact SKU, basin pillar mixer, matt-black visual, 1 set/box/10 sets/ctn and official image match the row.",Saniware; SWP-B-2931; basin pillar mixer tap,UNKNOWN,https://saniware.com/product/basin-pillar-tap-mixer-swp-b-2931/,Public official page has no explicit Ekoway commercial image reuse grant.,candidate,UNKNOWN,no,Request Saniware permission and retain exact asset URL.,Second-pass re-audit: exact SKU/title/image and catalogue variant were checked again; no material identity contradiction remains. Rights remains needs_permission.
TAP-SAN-SWP-B-2930,PCS,Saniware Premier Basin Pillar Tap-mixer SWP-B-2930,Bathroom,Saniware,Saniware,Bathroom,candidate,SWP-B-2930,SWP-B-2930,SWP-B-2930,UNKNOWN,yes,yes,yes,yes,yes,yes,confirmed,manufacturer_packaging_difference,current,https://saniware.com/product/basin-pillar-tap-mixer-swp-b-2930/,https://saniware.com/product/basin-pillar-tap-mixer-swp-b-2930/,UNKNOWN,UNKNOWN,UNKNOWN,UNKNOWN,UNKNOWN,UNKNOWN,https://saniware.com/wp-content/uploads/2025/05/SWP-B-2930.png,Exact Saniware product page asset,1080x1350,3075c3a00899e4d0725102de628b50bf59f0fa9531f5209ef0bb2b970c8029b3,96,95,94,SWP-B-2931; SWP-B-2934,Chrome/metallic vs matt black/gold; exact SKU page | https://saniware.com/product/basin-pillar-tap-mixer-swp-b-2930/,Could chrome visual be a generic mixer family image?,cleared,low,needs_permission,Saniware exact page,candidate,candidate,yes,candidate,Exact model page/title/image; exact chrome/metallic appearance and pack text.,PCS vs 1set/box,UNKNOWN,rights/UOM confirmation,Request Saniware permission and confirm PCS/box convention.,excellent,same_owner_same_dataset,Tier 1A exact product page,1set/box; 10sets/ctn; chrome/metallic appearance,UNKNOWN,TAP-SAN-SWP-B-2930,PCS,Saniware Premier Basin Pillar Tap-mixer SWP-B-2930,Bathroom,1,354.00,87.3,1,Saniware,SWP-B-2930,saniware:saniware-premier-basin-pillar-tap-mixer-swp-b,4,https://saniware.com/product-category/faucet/mixer-series/,,Saniware,needs_permission,A,candidate,,,,Official Saniware category lists exact SWP-B-2930 basin pillar mixer.,pending,A,candidate,TC Bath Mart / Saniware,Saniware,basin pillar mixer tap,SWP-B-2930,SWP-B-2930,UNKNOWN,https://saniware.com/product/basin-pillar-tap-mixer-swp-b-2930/,official Saniware product page,"Exact SKU, basin pillar mixer, official image and 1 set/box/10 set/ctn match the row.",https://saniware.com/product-category/faucet/,official Saniware category page,Same-organization category corroboration; no independent source used.,https://saniware.com/product/basin-pillar-tap-mixer-swp-b-2930/,https://saniware.com/product/basin-pillar-tap-mixer-swp-b-2930/,https://saniware.com/product/basin-pillar-tap-mixer-swp-b-2930/,UNKNOWN,UNKNOWN,UNKNOWN,UNKNOWN,https://saniware.com/wp-content/uploads/2025/05/SWP-B-2930.png,https://saniware.com/product/basin-pillar-tap-mixer-swp-b-2930/,UNKNOWN,Official Saniware product image.,UNKNOWN,UNKNOWN,UNKNOWN,UNKNOWN,official Malaysia manufacturer product page,98,95,88,"Exact SKU, basin pillar mixer, official image and 1 set/box/10 set/ctn match the row.",Saniware; SWP-B-2930; basin pillar mixer tap,UNKNOWN,https://saniware.com/product/basin-pillar-tap-mixer-swp-b-2930/,Public official page has no explicit Ekoway commercial image reuse grant.,candidate,UNKNOWN,no,Request Saniware permission and retain exact asset URL.,Second-pass re-audit: exact SKU/title/image and catalogue variant were checked again; no material identity contradiction remains. Rights remains needs_permission.
IND-RIC-COO-RC7878,SET,5.6L Rice Cooker (cool Grey),Home Appliances,Khind,Khind,Home Appliances,candidate,RC565,RC565,RC565,UNKNOWN,yes,yes,yes,yes,yes,yes,probable,internal_sales_convention_likely,current,https://khind.com.my/products/5-6l-commercial-rice-cooker-rc565,https://khind.com.my/products/5-6l-commercial-rice-cooker-rc565,UNKNOWN,https://cdn.shopify.com/s/files/1/0921/1566/5177/files/KHIND_Product_Catalogue_2026_R1.pdf?v=1778483966,UNKNOWN,UNKNOWN,UNKNOWN,UNKNOWN,https://khind.com.my/cdn/shop/files/rc565-wh-cover_190224150612.jpg?v=1751809130&width=1946,Exact Khind Malaysia product page asset,1946x1946,67547248084233a90095705f2e43e6fdbcb9a2298ddbe867eb865b0da0791dee,99,99,95,RC365; RC360,5.6L vs 3.6L/other capacity; exact page names RC565 | https://khind.com.my/products/5-6l-commercial-rice-cooker-rc565,Source prefix KHIND-RC565/SET vs manufacturer RC565/quantity1; no physical conflict.,cleared,low,needs_permission,Khind exact page,candidate,candidate,yes,candidate,Exact page/spec/image and color; UOM separated as internal convention.,Internal source prefix and SET convention,UNKNOWN,rights/source-code/UOM confirmation only,Request Khind permission and confirm SET means one retail RC565 with included accessories.,excellent,same_owner_same_dataset,Tier 1A exact page,5.6L; Cool Grey; 1650–1950W; 512x449x332; accessories included,UNKNOWN,IND-RIC-COO-RC7878,SET,5.6L Rice Cooker (cool Grey),Home Appliances,1,339.00,87.2,1,Khind,KHIND-RC565,khind:rice-cooker-cool,2,,,,needs_permission,,pending,,,,,pending,,pending,Khind Malaysia,Khind,5.6L commercial rice cooker,RC565,RC565,KHIND-RC565,https://khind.com.my/products/5-6l-commercial-rice-cooker-rc565,official Malaysia product page,Exact 5.6L Commercial Rice Cooker RC565; Cool Grey; official 2000x2000 product image; specifications match row.,UNKNOWN,UNKNOWN,Only one authoritative exact product source located; independent corroboration not established.,https://khind.com.my/products/5-6l-commercial-rice-cooker-rc565,https://khind.com.my/products/5-6l-commercial-rice-cooker-rc565,https://khind.com.my/products/5-6l-commercial-rice-cooker-rc565,UNKNOWN,UNKNOWN,UNKNOWN,UNKNOWN,https://khind.com.my/cdn/shop/files/rc565-wh-cover_190224150612.jpg?v=1751809130&width=1946,https://khind.com.my/products/5-6l-commercial-rice-cooker-rc565,1946px width parameter; source page image,Official exact RC565 cover image; Cool Grey specification on page.,UNKNOWN,UNKNOWN,UNKNOWN,UNKNOWN,official Malaysia manufacturer product page,98,97,92,"Exact page confirms RC565, 5.6L, Cool Grey, dimensions, power and official image.",Khind; RC565; 5.6L; Cool Grey; 1650–1950W; SET,Source UOM SET preserved; manufacturer page describes a retail product.,https://khind.com.my/products/5-6l-commercial-rice-cooker-rc565,Official store page does not grant explicit Ekoway commercial image reuse.,candidate,Source UOM SET should be checked with catalogue sales convention.,no,Request Khind permission and confirm SET/UOM interpretation.,"Second-pass re-audit: exact model, capacity, Cool Grey, technical specs and official image were checked again; no material identity contradiction remains. Rights remains needs_permission."
FAN-STA-KHI-SF1663H,SET,Khind 16 Stand Fan (black),Fans & Ventilation,Khind,Khind,Fans & Ventilation,candidate,SF1663H,SF1663H,SF1663H,UNKNOWN,yes,yes,yes,yes,yes,yes,confirmed,internal_sales_convention_likely,current,https://khind.com.my/products/16-stand-fan,https://khind.com.my/products/16-stand-fan,UNKNOWN,https://cdn.shopify.com/s/files/1/0921/1566/5177/files/KHIND_Product_Catalogue_2026_R1.pdf?v=1778483966,UNKNOWN,UNKNOWN,UNKNOWN,UNKNOWN,https://khind.com.my/cdn/shop/files/sf1663h-cover_010721155036.jpg?v=1751809588&width=1946,Exact Khind Malaysia product page asset,1000x1000,8a3812d92b36a98f51ac46120b1be00f798780500d2286fbbb21e6dcf22f7e8e,99,99,95,SF1682; SF1682SE,Exact SF1663H black page/5-blade configuration; accessory page siblings are not exact | https://khind.com.my/products/16-stand-fan,Could image be a generic 16-inch stand fan image?,cleared,low,needs_permission,Khind exact page,candidate,candidate,yes,candidate,"Exact page names model, black, 16-inch and 50W; image embedded on exact page.",SET convention only,UNKNOWN,rights/UOM confirmation,Request Khind permission; confirm SET represents one complete fan.,excellent,same_owner_same_dataset,Tier 1A exact page,16-inch; Black; 50W; 5 blades; 3 speeds; 2 height levels; complete stand fan,UNKNOWN,FAN-STA-KHI-SF1663H,SET,Khind 16 Stand Fan (black),Fans & Ventilation,2,164.00,87.1,1,Khind,SF1663H,khind:khind-16-stand-fan,2,https://khind.com.my/products/16-stand-fan,,Khind Malaysia,needs_permission,A,candidate,,,,Official Khind product page matches SF1663H black 16-inch stand fan.,pending,A,candidate,Khind Malaysia,Khind,16-inch stand fan,SF1663H,SF1663H,UNKNOWN,https://khind.com.my/products/16-stand-fan,official Malaysia product page,Exact SF1663H; 16-inch blade; black; 50W; AS plastic blade; official product image.,UNKNOWN,UNKNOWN,Only one authoritative exact product source located; independent corroboration not established.,https://khind.com.my/products/16-stand-fan,https://khind.com.my/products/16-stand-fan,https://khind.com.my/products/16-stand-fan,UNKNOWN,UNKNOWN,UNKNOWN,UNKNOWN,https://cdn.shopify.com/s/files/1/0921/1566/5177/files/km048620-khindstandfansf1663-leaflet-en--01_010721154900.jpg,https://khind.com.my/products/16-stand-fan,UNKNOWN,Official exact SF1663H image/leaflet.,UNKNOWN,UNKNOWN,UNKNOWN,UNKNOWN,official Malaysia manufacturer product page,98,96,88,"Exact official page confirms model, black finish, 16-inch size and official image.",Khind; SF1663H; 16-inch; black; 50W; SET,Source UOM SET retained; manufacturer page is unit product.,https://khind.com.my/products/16-stand-fan,Official store page does not grant explicit Ekoway commercial image reuse.,candidate,Source UOM SET should be confirmed against Ekoway sales unit.,no,Request Khind permission and confirm SET/UOM interpretation.,"Second-pass re-audit: exact model, black finish, size and official image were checked again; no material identity contradiction remains. Rights remains needs_permission."
TAP-SAN-SWP-B-2924,PCS,Saniware Premier Basin Pillar Tap-mixer (gold) SWP-B-2924,Bathroom,Saniware,Saniware,Bathroom,pending,SWP-B-2924,SWP-B-2924,SWP-B-2924,UNKNOWN,no,unresolved,unresolved,unresolved,unresolved,unresolved,unconfirmed,unresolved,unknown,UNKNOWN,UNKNOWN,UNKNOWN,UNKNOWN,UNKNOWN,UNKNOWN,UNKNOWN,UNKNOWN,UNKNOWN,UNKNOWN,UNKNOWN,UNKNOWN,60,70,0,SWP-B-2934; SWP-B-3023,Exact 2924 page not found; cannot use sibling images | https://saniware.com/product/swp-b-2924/ (Page not found); https://saniware.com/product/swp-b-3023/,Likely URL/page absent; distributor gold listing is discovery only and not final image evidence.,unresolved_material_conflict,low,unknown,UNKNOWN,pending,pending,yes,pending,Exact official page and image absent.,Exact model/page/image/finish,UNKNOWN,supplier label/catalogue or Saniware confirmation,Request exact 2924 image and finish documentation; do not substitute 2934/3023.,evidence_ceiling,unknown,Discovery/Tier-3 plus sibling pages,Saniware mixer family only,UNKNOWN,TAP-SAN-SWP-B-2924,PCS,Saniware Premier Basin Pillar Tap-mixer (gold) SWP-B-2924,Bathroom,1,334.00,87.1,1,Saniware,SWP-B-2924,saniware:saniware-premier-basin-pillar-tap-mixer-swp-b,4,,,,unknown,,pending,,,,,pending,,pending,Saniware,Saniware,basin pillar mixer tap,SWP-B-2924,UNKNOWN,UNKNOWN,https://saniware.com/product/swp-b-2924/,official Saniware URL (currently 404),Likely exact URL was checked and returned Page not found.,UNKNOWN,UNKNOWN,Independent corroboration not established.,UNKNOWN,UNKNOWN,UNKNOWN,UNKNOWN,UNKNOWN,UNKNOWN,UNKNOWN,UNKNOWN,UNKNOWN,UNKNOWN,No exact authoritative image suitable for this row was established.,UNKNOWN,UNKNOWN,UNKNOWN,UNKNOWN,research-only / exact source unresolved,0,0,0,Exact identity or exact variant not sufficiently established; conservative pending status.,UNKNOWN,No exact official page/image found for SWP-B-2924; do not substitute 2934/3023.,UNKNOWN,No reliable rights conclusion for an exact production image.,pending,Gold finish and model unresolved.,no,Obtain the missing exact model/variant/image evidence from the manufacturer or supplier before publication.,"Searched exact model, Saniware category and likely product URL; URL is 404 and no exact image found. Pending."
TAP-SAN-SWP-B-2921,PCS,Saniware Premier Basin Pillar Tap-mixer (matt Black) SWP-B-2921,Bathroom,Saniware,Saniware,Bathroom,pending,SWP-B-2921,SWP-B-2921,SWP-B-2921,UNKNOWN,no,unresolved,unresolved,unresolved,unresolved,unresolved,unconfirmed,unresolved,unknown,UNKNOWN,UNKNOWN,UNKNOWN,UNKNOWN,UNKNOWN,UNKNOWN,UNKNOWN,UNKNOWN,UNKNOWN,UNKNOWN,UNKNOWN,UNKNOWN,62,72,0,SWP-B-2931,Category page does not list 2921; guessed direct URL page not found; 2931 is different SKU | https://saniware.com/product-tag/mixer-series/,Source exact model cannot be confirmed by current official page.,unresolved_material_conflict,low,unknown,UNKNOWN,pending,pending,yes,pending,Do not substitute 2931 image.,Exact page/image/finish absent,UNKNOWN,supplier label/catalogue or Saniware confirmation,Request exact 2921 image and written SKU/finish confirmation.,evidence_ceiling,same_owner_same_dataset,Official category negative result,Saniware mixer family only,UNKNOWN,TAP-SAN-SWP-B-2921,PCS,Saniware Premier Basin Pillar Tap-mixer (matt Black) SWP-B-2921,Bathroom,1,319.00,86.9,1,Saniware,SWP-B-2921,saniware:saniware-premier-basin-pillar-tap-mixer-matt-swp,2,https://saniware.com/product-tag/mixer-series/,,Saniware,unknown,A,candidate,,,,Official Saniware category lists exact SWP-B-2921 basin pillar mixer.,pending,A,candidate,Saniware,Saniware,basin pillar mixer tap,SWP-B-2921,UNKNOWN,UNKNOWN,https://saniware.com/product-tag/mixer-series/,official Saniware mixer-series category,Category page lists 2930/2931/2932 but not 2921; guessed exact product URL returned Page not found.,UNKNOWN,UNKNOWN,Independent corroboration not established.,UNKNOWN,UNKNOWN,UNKNOWN,UNKNOWN,UNKNOWN,UNKNOWN,UNKNOWN,UNKNOWN,UNKNOWN,UNKNOWN,No exact authoritative image suitable for this row was established.,UNKNOWN,UNKNOWN,UNKNOWN,UNKNOWN,research-only / exact source unresolved,0,0,0,Exact identity or exact variant not sufficiently established; conservative pending status.,UNKNOWN,Exact official 2921 page/image not established.,UNKNOWN,No reliable rights conclusion for an exact production image.,pending,Matt-black sibling confusion with 2931.,no,Obtain the missing exact model/variant/image evidence from the manufacturer or supplier before publication.,Searched exact 2921 and official mixer-series category; no exact page was found. Pending.
CAB-SAN-SWBC-SS6615,SET,Saniware Bathroom Cabinet Set Water Tap SWBC-SS6615,Bathroom,Saniware,Saniware,Bathroom,candidate,SWBC-SS6615,SWBC-SS6615,SWBC-SS6615,UNKNOWN,yes,yes,yes,yes,yes,yes,confirmed,exact_match,current,https://saniware.com/product/swbc-ss6615/,https://saniware.com/product/swbc-ss6615/,UNKNOWN,UNKNOWN,UNKNOWN,UNKNOWN,UNKNOWN,UNKNOWN,https://saniware.com/wp-content/uploads/2025/04/SWBC-SS6615.jpeg,Exact Saniware product page asset,337x505,95b0e604a2dc64c326cc6b70263a823472780c54264f129bb724d0ecf408d608,98,97,95,SWBC-SS6411,Different cabinet dimensions and basin/mirror/shelf components | https://saniware.com/product/swbc-ss6615/,Could image show only cabinet rather than complete set?,cleared,low,needs_permission,Saniware exact page,candidate,candidate,yes,candidate,"Exact page confirms cabinet, ceramic basin, mirror, shelf, tap and waste; UOM SET matches.",None identity-critical,UNKNOWN,rights only,Request permission for complete set image and retain included-component list.,excellent,same_owner_same_dataset,Tier 1A exact product page,"580x455x400; cabinet, basin, mirror, shelf, tap SWS-SS304-61, pop-up waste",UNKNOWN,CAB-SAN-SWBC-SS6615,SET,Saniware Bathroom Cabinet Set Water Tap SWBC-SS6615,Bathroom,3,649.00,86.8,1,Saniware,SWBC-SS6615,saniware:saniware-bathroom-cabinet-set-water-tap-swbc-ss6615,1,,,,needs_permission,,pending,,,,,pending,,pending,TC Bath Mart / Saniware,Saniware,bathroom cabinet set with water tap,SWBC-SS6615,SWBC-SS6615,UNKNOWN,https://saniware.com/product/swbc-ss6615/,official Saniware product page,"Exact SKU; cabinet set includes water tap, pop-up waste, stainless-steel cabinet, basin, mirror and shelf; official image matches SET row.",UNKNOWN,UNKNOWN,Only one authoritative exact product source located; independent corroboration not established.,https://saniware.com/product/swbc-ss6615/,https://saniware.com/product/swbc-ss6615/,https://saniware.com/product/swbc-ss6615/,UNKNOWN,UNKNOWN,UNKNOWN,UNKNOWN,https://saniware.com/wp-content/uploads/2025/04/SWBC-SS6615-side.jpg,https://saniware.com/product/swbc-ss6615/,UNKNOWN,Official side image for the exact set; included-in-set image is an alternative.,https://saniware.com/wp-content/uploads/2025/04/Item-Include-in-Set.jpg,official Saniware included-in-set image,https://saniware.com/wp-content/uploads/2025/04/SWBC-SS6615-dimension.jpg,official Saniware dimension image,official Malaysia manufacturer product page,98,95,90,"Exact SKU, cabinet dimensions, included water tap and official image match the SET row.",Saniware; SWBC-SS6615; cabinet + basin + mirror + shelf + water tap; SET,Source display name says Water Tap but page uses Water Tap/SWS-SS304-61; same set identity.,https://saniware.com/product/swbc-ss6615/,Public official page has no explicit Ekoway commercial image reuse grant.,candidate,UNKNOWN,no,Request Saniware permission and retain included-in-set evidence.,"Second-pass re-audit: exact set contents, dimensions, SKU and official image were checked again; no material identity contradiction remains. Rights remains needs_permission."
GAS-STO-RUB-TAE10-M523,UNIT,Rubine Glass Hob RGH-LOTOFLEXI2B-BLFX,Kitchen & Sinks,Rubine,Rubine,Kitchen & Sinks,candidate,RGH-LOTOFLEXI2B-BLFX,RGH-LOTOFLEXI2B-BLFX,RGH-LOTOFLEXI2B-BLFX,UNKNOWN,yes,yes,yes,yes,yes,yes,confirmed,exact_match,current,https://www.rubine.com.my/product/RGH-LOTOFLEXI2B-BLFX,https://www.rubine.com.my/product/RGH-LOTOFLEXI2B-BLFX,UNKNOWN,UNKNOWN,https://www.rubine.com.my/files/product_attachment/attach_url-A00319.pdf,UNKNOWN,UNKNOWN,UNKNOWN,https://www.rubine.com.my/files/product_img/IM01801.jpg,Exact Rubine product page asset,800x800,e89daff3e40ca4669d85722ca1c39e5075e061333a761be0ab20d9b67221be2f,97,97,94,other RGH LOTO/FLEXI models,Exact 2B-BLFX code and black flexi configuration | https://www.rubine.com.my/product/RGH-LOTOFLEXI2B-BLFX,Could 2B/BLFX code map to different burner/finish variant?,cleared,low,needs_permission,Rubine exact page,candidate,candidate,yes,candidate,"Exact current product page, model, 2-burner/flexi features and direct asset.",None identity-critical,UNKNOWN,rights only,Request Rubine permission for exact RGH image.,excellent,same_owner_same_dataset,Tier 1A exact product page,Dritto flame; 5.0kW; auto ignition; flame-failure protection,UNKNOWN,GAS-STO-RUB-TAE10-M523,UNIT,Rubine Glass Hob RGH-LOTOFLEXI2B-BLFX,Kitchen & Sinks,1,1949.00,86.8,1,Rubine,RGH-LOTOFLEXI2B-BLFX,rubine:rubine-glass-hob-rgh-lotoflexi2b-blfx,1,https://www.rubine.com.my/manual-download.php?parent_id=all,,Rubine Malaysia,needs_permission,A,candidate,,,,Official Rubine manual page lists exact RGH-LOTOFLEXI2B-BLFX model.,pending,A,candidate,Rubine / Fiamma Trading,Rubine,built-in gas hob,RGH-LOTOFLEXI2B-BLFX,RGH-LOTOFLEXI2B-BLFX,IM01801,https://www.rubine.com.my/product/RGH-LOTOFLEXI2B-BLFX,official Malaysia product page,"Exact model, 5.0kW flame power, Dritto/Straight flame, smart/auto ignition, flexi cut-out and black-glass product image.",https://www.rubine.com.my/files/product_attachment/attach_url-A00319.pdf,official manufacturer user guide,Official user guide linked from exact product page.,https://www.rubine.com.my/product/RGH-LOTOFLEXI2B-BLFX,https://www.rubine.com.my/product/RGH-LOTOFLEXI2B-BLFX,https://www.rubine.com.my/product/RGH-LOTOFLEXI2B-BLFX,UNKNOWN,UNKNOWN,UNKNOWN,https://www.rubine.com.my/files/product_attachment/attach_url-A00319.pdf,https://www.rubine.com.my/files/product_img/IM01801.jpg,https://www.rubine.com.my/product/RGH-LOTOFLEXI2B-BLFX,UNKNOWN,Official exact-model product image.,UNKNOWN,UNKNOWN,UNKNOWN,UNKNOWN,official Malaysia manufacturer product page,98,97,92,Exact model page and user guide agree on black two-burner/flexi hob identity and official image.,Rubine; RGH-LOTOFLEXI2B-BLFX; 5.0kW; black glass; UNIT,Source display name and exact model agree.,https://www.rubine.com.my/product/RGH-LOTOFLEXI2B-BLFX,No explicit Ekoway commercial image reuse grant found.,candidate,UNKNOWN,no,Request Rubine permission and retain linked user guide.,"Second-pass re-audit: exact model, flame power, black-glass visual and official image were checked again; no material identity contradiction remains. Rights remains needs_permission."
TAP-SAN-SWP-SS-304-3970-MB,PCS,Saniware Premier Flexible Hose Pillar Sink Tap Waterfall (matt Blk),Kitchen & Sinks,Saniware,Saniware,Kitchen & Sinks,pending,SWP-SS-304-3970-MB,SWP-SS-304-3970-MB,SWP-SS-304-3970-MB,UNKNOWN,no,unresolved,unresolved,unresolved,unresolved,unresolved,unconfirmed,unresolved,unknown,UNKNOWN,UNKNOWN,UNKNOWN,UNKNOWN,UNKNOWN,UNKNOWN,UNKNOWN,UNKNOWN,UNKNOWN,UNKNOWN,UNKNOWN,UNKNOWN,60,70,0,SWP-SS-304-3970; SWP-SS-304-3940-MB/RG,MB exact page absent; non-MB or 3940 images are different model/finish | https://www.facebook.com/SaniwareMY/videos/introducing-saniware-malaysia-latest-arrival-flexible-hose-kitchen-sink-tap-cw-w/257534673822811/,Guessed official MB page is Page not found; marketplace/social discovery cannot prove exact source image or rights.,unresolved_material_conflict,low,unknown,UNKNOWN,pending,pending,yes,pending,Exact model/finish proof absent.,Exact page/image/finish,UNKNOWN,supplier label/catalogue or Saniware confirmation,Request exact 3970MB image and finish/SKU confirmation; never use 3940MB/RG.,evidence_ceiling,unknown,Discovery plus negative official URL,Saniware 304 flexible-hose family only,UNKNOWN,TAP-SAN-SWP-SS-304-3970-MB,PCS,Saniware Premier Flexible Hose Pillar Sink Tap Waterfall (matt Blk),Kitchen & Sinks,1,289.00,86.6,1,Saniware,SWP-SS-304-3970-MB,saniware:saniware-premier-flexible-hose-pillar-sink-tap-waterfall,2,,,,unknown,,pending,,,,,pending,,pending,Saniware,Saniware,matte-black flexible-hose waterfall kitchen sink tap,SWP-SS-304-3970-MB,UNKNOWN,UNKNOWN,https://saniware.com/product/kitchen-pillar-sink-tap-swp-ss-304-3970-mb/,official Saniware URL (currently 404),Likely exact URL was checked and returned Page not found.,UNKNOWN,UNKNOWN,Independent corroboration not established.,UNKNOWN,UNKNOWN,UNKNOWN,UNKNOWN,UNKNOWN,UNKNOWN,UNKNOWN,UNKNOWN,UNKNOWN,UNKNOWN,No exact authoritative image suitable for this row was established.,UNKNOWN,UNKNOWN,UNKNOWN,UNKNOWN,research-only / exact source unresolved,0,0,0,Exact identity or exact variant not sufficiently established; conservative pending status.,UNKNOWN,No exact official page/image; only non-authoritative marketplace/social clues found.,UNKNOWN,No reliable rights conclusion for an exact production image.,pending,MB finish and exact 3970 variant unresolved.,no,Obtain the missing exact model/variant/image evidence from the manufacturer or supplier before publication.,Searched exact model and official Saniware kitchen-tap sources; only marketplace/social sources appeared and are prohibited as final image sources. Pending.
TOI-TRP-WC-8826-S,SET,Sorento Washdown Flushing Tech,Bathroom,Sorento,Sorento,Bathroom,candidate,SRTWC8826-RL; S-trap 250mm / P-trap 180mm,SRTWC8826-RL,SRTWC8826-RL,TECH.SRTWC8826-S-RL; source -S likely S-trap,yes,probable,yes,yes,yes,partial,probable,exact_match,current,https://sorentomasterclub.com.my/my/index.php/products-menu/sorento-mobile/bathroom-mobile/watercloset-mobile/closedcoupled-mobile/srtwc8826-detail,https://sorentomasterclub.com.my/my/index.php/products-menu/sorento-mobile/bathroom-mobile/watercloset-mobile/closedcoupled-mobile/srtwc8826-detail,UNKNOWN,https://www.sorento.com.my/media/attachments/2024/09/19/sorento-catalog-2024.pdf#page=10,UNKNOWN,UNKNOWN,UNKNOWN,UNKNOWN,https://sorentomasterclub.com.my/my/images/virtuemart/product/SRTWC8826-(product).jpg,Exact Sorento Master Club page image,UNKNOWN,UNKNOWN,89,97,95,SRTWC7405-RL; SRTWC8605-RL; SRTWC8840-RL,Different dimensions/shape; exact 670x390x800 item printed on page 10 | https://www.sorento.com.my/media/attachments/2024/09/19/sorento-catalog-2024.pdf#page=10,Manufacturer page supports both trap options but does not explicitly map source TECH./-S to S-trap; source item name is generic.,unresolved_material_conflict,low,needs_permission,Exact Master Club page and catalogue,pending,pending,yes,pending,"Product/image exact, but source-code mapping is unresolved under strict gate.",Internal code/trap mapping,UNKNOWN,supplier/model-label or Sorento confirmation,Request confirmation that -S maps to S-trap 250mm and retain direct exact image only after mapping.,excellent,same_owner_same_dataset,Tier 1A exact page plus catalogue,Rimless; L670xW390xH800; S-trap bottom outlet250; P-trap horizontal180; PP seat,UNKNOWN,TOI-TRP-WC-8826-S,SET,Sorento Washdown Flushing Tech,Bathroom,3,609.00,86.6,1,Sorento,TECH.SRTWC8826-S-RL,sorento:sorento-washdown-flushing-tech,1,,,,needs_permission,,pending,,,,,pending,,pending,Sorento,Sorento,close-coupled water closet,SRTWC8826-RL; S-trap 250mm / P-trap 180mm,SRTWC8826-RL,TECH.SRTWC8826-S-RL,https://www.sorento.com.my/media/attachments/2024/09/19/sorento-catalog-2024.pdf#page=10,official manufacturer catalogue PDF,Exact SRTWC8826-RL; washdown flushing technology; S-trap 250mm; P-trap 180mm; dimensions L670 x W390 x H800mm.,https://sorentomasterclub.com.my/my/index.php/products-menu/sorento-mobile/bathroom-mobile/watercloset-mobile/closedcoupled-mobile/srtwc8826-detail,regional Sorento master-club page,Exact model and trap/dimension details corroborated; primary image remains official catalogue.,https://www.sorento.com.my/media/attachments/2024/09/19/sorento-catalog-2024.pdf,UNKNOWN,UNKNOWN,UNKNOWN,https://www.sorento.com.my/media/attachments/2024/09/19/sorento-catalog-2024.pdf,UNKNOWN,UNKNOWN,https://www.sorento.com.my/media/attachments/2024/09/19/sorento-catalog-2024.pdf#page=10,https://www.sorento.com.my/media/attachments/2024/09/19/sorento-catalog-2024.pdf,UNKNOWN; PDF page 10,Official catalogue image for exact model.,UNKNOWN,UNKNOWN,UNKNOWN,UNKNOWN,official manufacturer catalogue PDF with regional corroboration,96,95,75,Official catalogue and regional source agree on exact SRTWC8826-RL and trap options.,Sorento; SRTWC8826-RL; S-trap 250mm; P-trap 180mm; SET,Source detected_model has TECH. prefix; source item uses -S trap convention.,https://www.sorento.com.my/media/attachments/2024/09/19/sorento-catalog-2024.pdf,No explicit Ekoway commercial image reuse grant found.,candidate,Internal TECH. prefix should be confirmed.,no,Confirm source-item code mapping and request Sorento permission.,"Second-pass re-audit: exact model, rimless/washdown technology, trap options and dimensions were checked; TECH. prefix is documented as source naming difference."
CAB-SAN-SWBC-SS6411,SET,Saniware Bathroom Cabinet Set Water Tap SWBC-SS6411,Bathroom,Saniware,Saniware,Bathroom,candidate,SWBC-SS6411,SWBC-SS6411,SWBC-SS6411,UNKNOWN,yes,yes,yes,yes,yes,yes,confirmed,exact_match,current,https://saniware.com/product/swbc-ss6411/,https://saniware.com/product/swbc-ss6411/,UNKNOWN,UNKNOWN,UNKNOWN,UNKNOWN,UNKNOWN,UNKNOWN,https://saniware.com/wp-content/uploads/2025/04/SWBC-SS6411-1.jpeg,Exact Saniware product page asset,1173x960,09e3da92ff38842fa236c85cc4a401510d483c6547a5650e1fc8e48edf882da5,98,97,95,SWBC-SS6615,Different dimensions and components | https://saniware.com/product/swbc-ss6411/,Could source label “water tap” omit included basin/mirror/shelf?,cleared,low,needs_permission,Saniware exact page,candidate,candidate,yes,candidate,"Exact page confirms cabinet, ceramic basin, mirror, shelf, tap and waste; SET matches.",None identity-critical,UNKNOWN,rights only,Request permission for complete SWBC-SS6411 set image.,excellent,same_owner_same_dataset,Tier 1A exact product page,380x345x400 cabinet; 410x360x180 basin; mirror/shelf; tap/waste included,UNKNOWN,CAB-SAN-SWBC-SS6411,SET,Saniware Bathroom Cabinet Set Water Tap SWBC-SS6411,Bathroom,4,439.00,86.4,1,Saniware,SWBC-SS6411,saniware:saniware-bathroom-cabinet-set-water-tap-swbc-ss6411,1,,,,needs_permission,,pending,,,,,pending,,pending,TC Bath Mart / Saniware,Saniware,bathroom cabinet set with water tap,SWBC-SS6411,SWBC-SS6411,UNKNOWN,https://saniware.com/product/swbc-ss6411/,official Saniware product page,"Exact SKU; set includes water tap, pop-up waste, stainless-steel cabinet, basin, mirror and shelf; official image matches SET row.",UNKNOWN,UNKNOWN,Only one authoritative exact product source located; independent corroboration not established.,https://saniware.com/product/swbc-ss6411/,https://saniware.com/product/swbc-ss6411/,https://saniware.com/product/swbc-ss6411/,UNKNOWN,UNKNOWN,UNKNOWN,UNKNOWN,https://saniware.com/wp-content/uploads/2025/04/SWBC-SS6411-1.jpeg,https://saniware.com/product/swbc-ss6411/,UNKNOWN,Official exact-set image.,https://saniware.com/wp-content/uploads/2025/04/Item-Include-in-Set.jpg,official Saniware included-in-set image,https://saniware.com/wp-content/uploads/2025/04/SWBC-ss6411-dimension-1.jpg,official Saniware dimension image,official Malaysia manufacturer product page,98,95,90,"Exact SKU, set contents, dimensions and official image match the row.",Saniware; SWBC-SS6411; cabinet + basin + mirror + shelf + water tap; SET,Source display name says Water Tap; official page confirms included water tap.,https://saniware.com/product/swbc-ss6411/,Public official page has no explicit Ekoway commercial image reuse grant.,candidate,UNKNOWN,no,Request Saniware permission and retain included-in-set evidence.,"Second-pass re-audit: exact set contents, dimensions, SKU and official image were checked again; no material identity contradiction remains. Rights remains needs_permission."
SHO-HAN-SWP-HS-502,SET,Saniware Premier Hand Shower With Flexible Hose SWP-HS-502,Bathroom,Saniware,Saniware,Bathroom,pending,SWP-HS-502,SWP-HS-502,SWP-HS-502,UNKNOWN,no,unresolved,unresolved,unresolved,unresolved,unresolved,unconfirmed,unresolved,unknown,UNKNOWN,UNKNOWN,UNKNOWN,UNKNOWN,UNKNOWN,UNKNOWN,UNKNOWN,UNKNOWN,UNKNOWN,UNKNOWN,UNKNOWN,UNKNOWN,58,65,0,SWP-HS-504,Exact 502 page not found; 504 is different model suffix | https://saniware.com/product/hand-shower-swp-hs-504/,Tier-2 listing exists but exact manufacturer page/image absent.,unresolved_material_conflict,low,unknown,UNKNOWN,pending,pending,yes,pending,Public evidence ceiling reached for exact 502.,Exact model/image/components,UNKNOWN,supplier label/catalogue or Saniware confirmation,Request exact SWP-HS-502 image and component/pack confirmation; do not use HS-504.,evidence_ceiling,unknown,Tier-2 discovery plus negative official page,"Tier-2 description: ABS, holder, flexible hose, 2 functions; not sufficient final proof",UNKNOWN,SHO-HAN-SWP-HS-502,SET,Saniware Premier Hand Shower With Flexible Hose SWP-HS-502,Bathroom,4,69.90,86.4,1,Saniware,SWP-HS-502,saniware:saniware-premier-hand-shower-with-flexible-hose-swp,2,,,,unknown,,pending,,,,,pending,,pending,Saniware,Saniware,hand shower with flexible hose,SWP-HS-502,UNKNOWN,UNKNOWN,UNKNOWN,UNKNOWN,No reliable exact-match evidence established.,UNKNOWN,UNKNOWN,Independent corroboration not established.,UNKNOWN,UNKNOWN,UNKNOWN,UNKNOWN,UNKNOWN,UNKNOWN,UNKNOWN,UNKNOWN,UNKNOWN,UNKNOWN,No exact authoritative image suitable for this row was established.,UNKNOWN,UNKNOWN,UNKNOWN,UNKNOWN,research-only / exact source unresolved,0,0,0,Exact identity or exact variant not sufficiently established; conservative pending status.,UNKNOWN,No exact official Saniware page/image found.,UNKNOWN,No reliable rights conclusion for an exact production image.,pending,Model and included hose configuration unresolved.,no,Obtain the missing exact model/variant/image evidence from the manufacturer or supplier before publication.,Searched exact model and Saniware bathroom fitting sources; no exact authoritative image found. Pending.
FAN-CEI-KHI-WHI-CF618,SET,Khind - 60 Ceiling Fan,Fans & Ventilation,Khind,Khind,Fans & Ventilation,pending,CF618,CF618,CF618,UNKNOWN,partial,unresolved,unresolved,unresolved,unresolved,unresolved,probable,unresolved,unknown,https://khind.com.my/collections/user-manuals?page=28,https://khind.com.my/collections/user-manuals?page=28,UNKNOWN,UNKNOWN,UNKNOWN,UNKNOWN,UNKNOWN,UNKNOWN,UNKNOWN,UNKNOWN,UNKNOWN,UNKNOWN,68,78,0,Khind current ceiling-fan models,Manual collection confirms CF618 but no exact product image/finish/package | https://khind.com.my/collections/user-manuals?page=28,Source name says “60 Ceiling Fan” and White; exact manual/product page and image not tied.,unresolved_material_conflict,low,unknown,UNKNOWN,pending,pending,yes,pending,Manual collection existence alone cannot support exact image.,Size/color/image/UOM,UNKNOWN,Khind product page/manual/label and image required,Request exact CF618 product page/label/photo and package contents.,evidence_ceiling,same_owner_same_dataset,Tier 1A manual collection only,CF618 model only; white/60 source fields unresolved,UNKNOWN,FAN-CEI-KHI-WHI-CF618,SET,Khind - 60 Ceiling Fan,Fans & Ventilation,9,189.00,86.3,1,Khind,CF618,khind:khind-60-ceiling-fan,1,https://khind.com.my/collections/user-manuals?page=28,,Khind Malaysia,unknown,C,candidate,,,,Official manual collection confirms CF618; stocked white finish and package quantity need verification.,pending,C,candidate,Khind Malaysia,Khind,60-inch ceiling fan,CF618,UNKNOWN,UNKNOWN,https://khind.com.my/collections/user-manuals?page=28,official Khind manual collection,"Official collection note confirms CF618 model family, but no exact product-image source was established.",UNKNOWN,UNKNOWN,Independent corroboration not established.,UNKNOWN,UNKNOWN,UNKNOWN,UNKNOWN,UNKNOWN,UNKNOWN,UNKNOWN,UNKNOWN,UNKNOWN,UNKNOWN,No exact authoritative image suitable for this row was established.,UNKNOWN,UNKNOWN,UNKNOWN,UNKNOWN,research-only / exact source unresolved,0,0,0,Exact identity or exact variant not sufficiently established; conservative pending status.,UNKNOWN,Image source and white finish/package configuration unresolved.,UNKNOWN,No reliable rights conclusion for an exact production image.,pending,60-inch vs source shorthand and exact white product asset unresolved.,no,Obtain the missing exact model/variant/image evidence from the manufacturer or supplier before publication.,"Searched official Khind manual collection and CF618 references. Exact manual-family evidence exists, but no production image was found; pending."
OVEN-RUB-TAE13-M265,UNIT,Rubine Built-in Oven RBO-IA6X-70SS,Home Appliances,Rubine,Rubine,Home Appliances,pending,RBO-IA6X-70SS,RBO-IA6X-70SS,RBO-IA6X-70SS,UNKNOWN,partial,yes,unresolved,unresolved,yes,unresolved,confirmed,exact_match,unknown,https://www.rubine.com.my/product/RBO-IA6X-70SS,https://www.rubine.com.my/product/RBO-IA6X-70SS,UNKNOWN,https://www.rubine.com.my/offers/kitchen-appliances-2018-october.pdf,UNKNOWN,UNKNOWN,UNKNOWN,UNKNOWN,UNKNOWN,UNKNOWN,UNKNOWN,UNKNOWN,68,72,0,RBO-IA8X-70SS,IA6X vs IA8X functions/model; exact IA6X page/image absent | https://www.rubine.com.my/product/RBO-IA8X-70SS,Historical offer PDF and guessed product URL do not establish exact IA6X image; using IA8X would be wrong sibling.,unresolved_material_conflict,low,unknown,UNKNOWN,pending,pending,yes,pending,Exact model string is source-detected but no exact product image/page evidence.,Exact page/image/current status,UNKNOWN,Rubine historical catalogue/manual or supplier photo/label,Request exact IA6X asset or model plate; do not use IA8X image.,evidence_ceiling,same_owner_same_dataset,Negative exact-page result plus sibling page,RBO IA6X family; 70L source claim; exact functions unresolved,UNKNOWN,OVEN-RUB-TAE13-M265,UNIT,Rubine Built-in Oven RBO-IA6X-70SS,Home Appliances,1,1699.00,86.3,1,Rubine,RBO-IA6X-70SS,rubine:rubine-built-in-oven-rbo-ia6x-70ss,1,https://www.rubine.com.my/offers/kitchen-appliances-2018-october.pdf,,Rubine Malaysia,unknown,A,candidate,,,,Official Rubine publication lists exact RBO-IA6X-70SS model.,pending,A,candidate,Rubine,Rubine,built-in oven,RBO-IA6X-70SS,UNKNOWN,UNKNOWN,https://www.rubine.com.my/offers/kitchen-appliances-2018-october.pdf,official Rubine offer PDF,"Source row cites official publication, but local text extraction did not contain exact model and exact current product page was not found.",UNKNOWN,UNKNOWN,Independent corroboration not established.,UNKNOWN,UNKNOWN,UNKNOWN,UNKNOWN,UNKNOWN,UNKNOWN,UNKNOWN,UNKNOWN,UNKNOWN,UNKNOWN,No exact authoritative image suitable for this row was established.,UNKNOWN,UNKNOWN,UNKNOWN,UNKNOWN,research-only / exact source unresolved,0,0,0,Exact identity or exact variant not sufficiently established; conservative pending status.,UNKNOWN,Exact official model/image evidence unresolved; do not reuse RBO-IA8X-70SS.,UNKNOWN,No reliable rights conclusion for an exact production image.,pending,IA6X vs IA8X sibling image substitution risk.,no,Obtain the missing exact model/variant/image evidence from the manufacturer or supplier before publication.,"Searched exact model, official offer PDF and guessed product page; exact current page/image not found. Pending."
TAP-SAN-SWP-SS-304-3970,PCS,Saniware Premier Flexible Hose Pillar Sink Tap Waterfall,Kitchen & Sinks,Saniware,Saniware,Kitchen & Sinks,pending,SWP-SS-304-3970,SWP-SS-304-3970,SWP-SS-304-3970,UNKNOWN,no,unresolved,unresolved,unresolved,unresolved,unresolved,unconfirmed,unresolved,unknown,UNKNOWN,UNKNOWN,UNKNOWN,UNKNOWN,UNKNOWN,UNKNOWN,UNKNOWN,UNKNOWN,UNKNOWN,UNKNOWN,UNKNOWN,UNKNOWN,60,70,0,SWP-SS-304-3970-MB; SWP-SS-304-3940-MB/RG,Exact 3970 page absent; MB and 3940 are different finish/model variants | https://www.facebook.com/SaniwareMY/videos/introducing-saniware-malaysia-latest-arrival-flexible-hose-kitchen-sink-tap-cw-w/257534673822811/,Manufacturer social discovery mentions 3970 but no exact official product page/image; marketplace image is discovery only.,unresolved_material_conflict,low,unknown,UNKNOWN,pending,pending,yes,pending,Exact model is mentioned in discovery material but not established as a final authoritative image source.,Exact official page/image/finish/package absent,UNKNOWN,supplier label/catalogue or Saniware confirmation,"Request exact 3970 product image, finish and package/UOM confirmation; do not use 3970MB/3940 assets.",evidence_ceiling,unknown,Discovery-only social source,Saniware 304 flexible-hose family only,UNKNOWN,TAP-SAN-SWP-SS-304-3970,PCS,Saniware Premier Flexible Hose Pillar Sink Tap Waterfall,Kitchen & Sinks,1,269.00,86.3,1,Saniware,SWP-SS-304-3970,saniware:saniware-premier-flexible-hose-pillar-sink-tap-waterfall,2,,,,unknown,,pending,,,,,pending,,pending,Saniware,Saniware,flexible-hose waterfall kitchen sink tap,SWP-SS-304-3970,UNKNOWN,UNKNOWN,UNKNOWN,UNKNOWN,No reliable exact-match evidence established.,UNKNOWN,UNKNOWN,Independent corroboration not established.,UNKNOWN,UNKNOWN,UNKNOWN,UNKNOWN,UNKNOWN,UNKNOWN,UNKNOWN,UNKNOWN,UNKNOWN,UNKNOWN,No exact authoritative image suitable for this row was established.,UNKNOWN,UNKNOWN,UNKNOWN,UNKNOWN,research-only / exact source unresolved,0,0,0,Exact identity or exact variant not sufficiently established; conservative pending status.,UNKNOWN,No exact official product page/image found; only marketplace/social clues.,UNKNOWN,No reliable rights conclusion for an exact production image.,pending,Exact finish/variant and source asset unresolved.,no,Obtain the missing exact model/variant/image evidence from the manufacturer or supplier before publication.,Searched exact model and Saniware kitchen-tap sources; prohibited marketplace/social images were not used. Pending.
