item_code,uom,display_name,category,official_product_page,official_image_url,match_confidence,finish_exact,model_exact,uom_assessment,rights_status,decision,reason,human_action
JOV-WAT-HEA-SL30IP-BLK-RS,PCS,Joven (black) Instant Water Heater SL30IP-RS,Home Appliances,https://www.joven-electric.com/my/sl30ip-rs-instant-water-heater-5101501.html,https://www.joven-electric.com/media/catalog/product/5/1/5101501002-1.jpg,A,yes,yes,PCS matches official (single unit incl. rainshower set),needs_permission,candidate,"Official MY page found: SL30iP-RS (SKU 5101501, 3.6kW 240V, 2 colour options). Main image pixel-analysis = black unit on white studio bg (matches black calibration profile); RS suffix confirmed.",Visually confirm black finish at download; request Joven media permission before use.
JOV-WAT-HEA-SL30IP-BLK,PCS,Joven (black) Instant Water Heater SL30IP,Home Appliances,https://www.joven-electric.com/my/sl30ip-instant-water-heater-5101401.html,,B,unresolved,yes,PCS matches official (single unit),needs_permission,pending,Official SL30iP page (SKU 5101401) confirms model but main image is white (sl30ip_white_2026_1.jpg); black SL30iP variant not shown on official page.,Obtain official black SL30iP image from Joven/dealer (e.g. SL30IP-BLACK) or photograph stock unit.
JOV-WAT-HEA-SL30IP-WHI,PCS,Joven (white) Instant Water Heater SL30IP,Home Appliances,https://www.joven-electric.com/my/sl30ip-instant-water-heater-5101401.html,https://www.joven-electric.com/media/catalog/product/s/l/sl30ip_white_2026_1.jpg,A,yes,yes,PCS matches official (single unit),needs_permission,candidate,"Official SL30iP page (SKU 5101401, 3.6kW) found; main image filename and pixel analysis = white unit, matches row.",Request Joven media permission before download.
JOV-WAT-HEA-SL30IP-WHI-RS,PCS,Joven (white) Instant Water Heater SL30IP-RS,Home Appliances,https://www.joven-electric.com/my/sl30ip-rs-instant-water-heater-5101501.html,,B,unresolved,yes,PCS matches official (single unit incl. rainshower set),needs_permission,pending,"Official SL30iP-RS page confirms model but main image is black; white variant (SL30IP-RS-WHITE) exists per authorised dealers only, not shown on official MY site.",Confirm white stock on shelf; request official white SL30iP-RS media from Joven.
JOV-WAT-HEA-SA20E,PCS,Joven Instant Water Heater,Home Appliances,https://www.joven-electric.com/my/sa20e-instant-water-heater-511601002.html,https://www.joven-electric.com/media/catalog/product/s/a/sa20e_-_feature_image_2026.jpg,A,yes,yes,PCS matches official (single unit),needs_permission,candidate,"Official SA20e page (SKU 511601002) found; model exact, no finish claimed in row, official unit is white.",Request dealer media permission before download (as flagged in input notes).
SIN-SOR-SRTKS2406,PCS,Sorento S/s 304 Kitchen Sink Ultrasonic Nano Tech SRTS2406,Kitchen & Sinks,https://sorento.com.my/sorento-kitchen/kitchen-sink/double-bowl/srtks2406-detail,https://sorento.com.my/images/stories/virtuemart/product/SRTKS24061.jpg,A,yes,yes,PCS - official page sells unit as single piece,needs_permission,candidate,"Exact official MY page: SRTKS2406 Undermount SS304 540x440x230mm Chrome; matches model and finish. 'Ultrasonic Nano Tech' wording from catalogue, not on page.",Confirm brand image use rights with Sorento before commercial use
JOV-WAT-HEA-SA8E,PCS,Joven SA8E Instant Water Heater,Home Appliances,https://www.joven-electric.com/my/sa8e-instant-water-heater-511801001.html,https://www.joven-electric.com/media/catalog/product/5/1/511801001-1.jpg,A,yes,yes,PCS matches official (single unit),needs_permission,candidate,"Official SA8e page (SKU 511801001, 3.6kW 240V) found; model exact, no finish claimed in row, official unit is white.",Request dealer media permission before download (as flagged in input notes).
SIN-SOR-SRTKS2408,PCS,Sorento S/s 304 Kitchen Sink Ultrasonic Nano Tech SRTKS2408,Kitchen & Sinks,https://sorento.com.my/sorento-kitchen/kitchen-sink/double-bowl/srtks2408-detail,https://sorento.com.my/images/stories/virtuemart/product/SRTKS24084.jpg,A,yes,yes,PCS - official page sells unit as single piece,needs_permission,candidate,Exact official MY page: SRTKS2408 Undermount SS304 920x440x230mm Chrome; matches model and finish.,Confirm brand image use rights with Sorento before commercial use
TOI-TRP-WC-2122A-P,SET,Saniware Washdown Two-piece Closet WC-2122A-P180MM,Bathroom,,,C,unresolved,no,consistent (SET),no_asset,pending,No WC-2122A-P180MM page on saniware.com; official site lists only WC-2122A-S300 (S-trap 250/300mm; P-trap 180mm supported per page description). P180 not available as separate official listing; family page for reference: https://saniware.com/product/wc-2122a-s300/,Confirm P180 variant with Saniware; obtain official P180 image from catalogue/dealer before use
TOI-TRP-WC2110A-P,SET,Saniware Washdown Two-piece Closet WC-2110A-P180MM,Bathroom,,,C,unresolved,no,consistent (SET),no_asset,pending,"No WC-2110A-P180MM page on saniware.com; official site lists only WC-2110A-S200 (S-trap 200/250mm; P-trap 180mm not stated on official page, only mentioned by a dealer). Family page for reference: https://saniware.com/product/wc-2110a-s200/",Confirm P180 variant with Saniware; obtain official P180 image from catalogue/dealer before use
JOV-WAT-HEA-SL30E-WHI-RS,PCS,Joven (white) Instant Water Heater SL30E-RS,Home Appliances,https://www.joven-electric.com/my/sl30e-rs-instant-water-heater-5100601.html,,B,unresolved,yes,PCS matches official (single unit incl. rainshower set),needs_permission,pending,"Official SL30e-RS page (SKU 5100601) confirms model but main image is black; white variant (SL30eRS-WH) exists per authorised dealers only, not shown on official MY site.",Confirm white stock on shelf; request official white SL30e-RS media from Joven.
SHO-SAN-SWP-BSP-9003G,PCS,Saniware Premier 3WAY Bath Expose Shower Set-mixer (gold),Bathroom,https://saniware.com/product/3-way-bath-shower-set-swp-bsp-9003g/,https://saniware.com/wp-content/uploads/2025/05/SWP-BSP-9003G.jpg,A,yes,yes,mismatch (official 1 SET/box; input PCS),needs_permission,pending,"Exact model + Gold finish on official page (SWP-BSP-9003G, RM1250); however packaging states 1set/box, 5sets/ctn so natural UOM is SET while input says PCS",Confirm UOM (PCS vs SET) with buyer/brand before release
SHO-SAN-SWP-BSP-9003RG,PCS,Saniware Premier 3WAY Bath Expose Shower Set-mixer (rose Gold),Bathroom,https://saniware.com/product/3-way-bath-shower-set-swp-bsp-9003rg/,https://saniware.com/wp-content/uploads/2025/05/SWP-BSP-9003RG.jpg,A,yes,yes,mismatch (official 1 SET/box; input PCS),needs_permission,pending,"Exact model + Rose Gold finish on official page (SWP-BSP-9003RG, RM1250); however packaging states 1set/box, 5sets/ctn so natural UOM is SET while input says PCS",Confirm UOM (PCS vs SET) with buyer/brand before release
TAP-SAN-SWP-RG-304-3905,PCS,Saniware Premier Kitchen Pillar Sink Tap-rg SWP-RG-304-3905,Kitchen & Sinks,,,C,yes,no,consistent (PCS),no_asset,pending,Model SWP-RG-304-3905 (Kitchen Wall Sink Tap - Rose Gold) confirmed only in official Saniware 2022 catalogue (Scribd doc 660820908); no live page on saniware.com (site search 3905 = no results),Request official image from Saniware or source from official catalogue with permission
FAN-CEI-DEKA-CF5DCL46MB12,UNIT,Deka Ceiling Fan F5 DC~46L Pro Matt Blk,Fans & Ventilation,https://deka.my/f5-dc-46l-pro/,https://deka.my/wp-content/uploads/2025/07/F5-DC-46L-PRO-MB-Jpg-OK.jpg,A,yes,yes,UNIT - official page sells as single retail unit,needs_permission,candidate,Official deka.my F5 DC 46L PRO page confirms 46-inch LED model with Matt Black (MB) colour option and MB product image,Request image usage permission from Deka Marketing Sdn Bhd; confirm SKU CF5DCL46MB12 mapping with supplier
ELE-BUL-E27-3W-RED,PCS,Taicon E27 3W LED Color Bulb-red,Lighting,,,R,unresolved,unresolved,PCS consistent with single bulb; unverifiable without official source,no_asset,reject,No official Taicon website; model unverifiable against official source; E27 3W red colour bulb unconfirmed,request catalogue/photo from Taicon distributor; alternatively photograph own stock
TAP-SAN-SWP-B-2521,PCS,Saniware Premier Basin Pillar Tap-mixer SWP-B-2521,Bathroom,https://saniware.com/product/swp-b-2521/,https://saniware.com/wp-content/uploads/2021/10/SWP-B-2521.png,B,unresolved,yes,consistent (PCS; no set/box stated),needs_permission,candidate,"Exact model page (Basin Pillar Tap - Mixer SWP-B-2521, RM278); finish not stated on page (polished chrome per distributor) and no colour claimed in input",Verify finish is acceptable (chrome) if colour matters to buyer
JOV-WAT-HEA-SB11IP-BLK-RS,PCS,Joven (blk) Instant Water Heater,Home Appliances,https://www.joven-electric.com/my/sb11ip-rs-4-2kw-instant-water-heater-5111102.html,https://www.joven-electric.com/media/catalog/product/s/b/sb11ip-rs_4.2kw_black__1.jpg,A,yes,yes,PCS matches official (single unit incl. rainshower set),needs_permission,candidate,Official SB11iP-RS 4.2kW page (SKU 5111102) found; image filename + pixel analysis = black unit. NB: official black variant is 4.2kW; 3.6kW SB11iP-RS is white.,Verify kW (4.2kW) on shelf label before catalogue use.
RUB-TAE11-M330,UNIT,Rubine C/hood,Home Appliances,https://www.rubine.com.my/product/RCH-NOVARA-90SS,https://www.rubine.com.my/files/product_img/IM01791.jpg,A,yes,yes,UNIT match,unknown,candidate,Official Rubine MY product page confirmed; model and SS finish exact; image from official site slider.,No action required.
STA-ROT-HAM-SHR263KA,UNIT,Stanley Rotary Hammer 26MM,Power Tools,https://my.stanleytools.global/product/shr263ka-xd/720w-22mm-3-mode-sds-plus-hammer,https://my.stanleytools.global/ASIA/PRODUCT/IMAGES/HIRES/SHR263KA_1.jpg,B,yes,unresolved,UNIT consistent,needs_permission,candidate,"Official MY page; page is XD kit variant of SHR263KA. Manual confirms 800W/26mm (matches catalog 26MM), but page title says 720W 22mm while page features say 800W.",Verify 720W vs 800W/26mm discrepancy on official page; confirm XD kit packaging matches catalog image.
TAP-SAN-SWP-B-3023,PCS,Saniware Premier Basin Pillar Cold Tap (rose Gold) SWP-B-3023,Bathroom,https://saniware.com/product/swp-b-3023/,https://saniware.com/wp-content/uploads/2021/10/SWP-B-3023.png,A,yes,yes,consistent (PCS),needs_permission,candidate,"Exact model + Rose Gold finish confirmed on official page (Brass Cold Mixer Tap - Rose Gold Pillar Tap, RM380)",None
OVEN-RUB-TAE13-M266,UNIT,Rubine Built-in Oven RBO-IA8X-70SS,Home Appliances,https://www.rubine.com.my/product/RBO-IA8X-70SS,https://www.rubine.com.my/files/product_img/IM01811.jpg,A,yes,yes,UNIT match,unknown,candidate,Official Rubine MY product page confirmed; model exact; image from official site slider.,No action required.
KHI-COO-RC3636,SET,3.6L Rice Cooker (cool Grey),Home Appliances,https://khind.com.my/products/3-6l-commercial-rice-cooker,https://cdn.shopify.com/s/files/1/0921/1566/5177/files/ssmy.zone-1717059514-RC365_WH_Cover.jpg?v=1751809047,A,yes,yes,SET - official page sells per unit; SET acceptable,needs_permission,candidate,Official RC365 3.6L Cool Grey page matches detected model & finish; item_code RC3636 conflicts with official RC365,Confirm with owner that RC3636 = RC365; correct item_code
SHO-SOR-SRTSA830,PCS,Sorento 450MM Shower Arm,Bathroom,https://sorento.com.my/sorento-bathroom/shower-bidet/shower-arm/srtsa830-detail,https://sorento.com.my/images/stories/virtuemart/product/SRTSA830%20%2B-04.jpg,A,yes,yes,PCS - official page sells unit as single piece,needs_permission,candidate,"Exact official MY page: SRTSA830 Shower Arm 304 SS, Length 450mm Chrome; matches input model and 450mm size.",Confirm brand image use rights with Sorento before commercial use
SHO-SOR-SRTSA860-GM,PCS,Sorento 400MM Shower Arm,Bathroom,https://sorento.com.my/sorento-bathroom/shower-bidet/shower-arm/srtsa860-gm-detail,https://sorento.com.my/images/stories/virtuemart/product/SRTSA860-GM8.jpg,A,yes,yes,PCS - official page sells unit as single piece,needs_permission,candidate,"Exact official MY page: SRTSA860-GM Shower Arm 304 SS, Length 400mm Gunmetal; matches model, finish and size.",Confirm brand image use rights with Sorento before commercial use
JOV-WAT-HEA-SB11IP-WHI,PCS,Joven (white) Instant Water Heater SB11IP,Home Appliances,https://www.joven-electric.com/my/sb11ip-instant-water-heater-5110201.html,https://www.joven-electric.com/media/catalog/product/s/b/sb11ip_white__1.jpg,A,yes,yes,PCS matches official (single unit),needs_permission,candidate,Official SB11iP 3.6kW page (SKU 5110201) found; image filename + pixel analysis = white unit. NB: official white variant is 3.6kW; 4.2kW SB11iP is dark grey.,Verify kW (3.6kW) on shelf label before catalogue use.
TAP-SAN-SWP-SS-304-3940-RG,PCS,Saniware Premier Kitchen Pillar Sink Tap-rg SWP-SS-304-3940-RG,Kitchen & Sinks,https://saniware.com/product/kitchen-pillar-sink-tap-swp-ss-304-3940-rg/,https://saniware.com/wp-content/uploads/2025/05/SWP-SS-304-3940-RG-1.jpg,A,yes,yes,consistent (PCS; packaging 1set/box = per unit),needs_permission,candidate,"Exact model + Rose Gold finish on official page (Kitchen Pillar Sink Tap SWP-SS-304-3940-RG, RM319)",None
TOI-TRP-WC2300-S,SET,Saniware One Piece Washdown Closet,Bathroom,https://saniware.com/product/one-piece-washdown-closet-wc-2300-s250mm/,https://saniware.com/wp-content/uploads/2025/05/WC-2300.jpg,A,unresolved,yes,consistent (SET),needs_permission,candidate,"Exact model + S250mm config on official page (One-piece Washdown Closet WC-2300-S250mm, S-Trap 250mm, RM1500); white ceramic standard finish",None
FAN-STA-KHI-SF1682,SET,Khind 16 Stand Fan,Fans & Ventilation,https://khind.com.my/products/khind-stand-fan-sf1682se,https://cdn.shopify.com/s/files/1/0921/1566/5177/files/SF1682SE_BG_white_7fc568d3-0556-4785-a1de-68302f995233.jpg?v=1751809076,A,yes,yes,SET - per-unit fan; SET acceptable,needs_permission,candidate,Official SF1682SE page (Winter Grey) exact match; display name has no finish to contradict,None
ELE-BUL-E27-15W-RED,PCS,Taicon E27 Stick Bulb Red 15W,Lighting,,,R,unresolved,unresolved,PCS consistent with single bulb; unverifiable without official source,no_asset,reject,No official Taicon website; model unverifiable against official source; E27 15W red stick bulb unconfirmed,request catalogue/photo from Taicon distributor; alternatively photograph own stock
TAP-SAN-SWP-B-3213,PCS,Saniware Premier Tall Basin Cold Tap,Bathroom,https://saniware.com/product/tall-basin-cold-tap-swp-ss-304-3213/,https://saniware.com/wp-content/uploads/2025/05/3213.png,B,unresolved,yes,consistent (PCS; packaging 2set/box),needs_permission,candidate,"Exact model on official page (Tall Basin Cold Tap SWP-SS-304-3213, RM160); no colour variant claimed in input; base SUS304 finish",None
JOV-WAT-HEA-SL30IP-WHI-AWB,PCS,Joven (white) Instant Water Heater SL30IP-AWB,Home Appliances,,,C,unresolved,no,PCS matches official family unit (AWB not a separate SKU),no_asset,pending,"No official SL30iP-AWB page on joven-electric.com.my (SL30 series lists SL30iP, SL30iP-RS, SL30e, SL30e-RS, SL30iP-WB only). AWB white variant appears only on dealer sites (J&Y World Hardware, SMJ Electrical).",Ask Joven Marketing Sdn Bhd whether SL30iP-AWB is a current official SKU; else photograph shelf unit.
TOI-TRP-WC2098RL-S,SET,Saniware Washdown One Piece Closet-rimless,Bathroom,,,C,unresolved,no,consistent (SET),no_asset,pending,No WC-2098RL page on saniware.com; site lists only WC-2098-S300 (S-trap 250/300mm; P-trap 180mm). RL (rimless) variant not found on live site; family page for reference: https://saniware.com/product/wc-2098-s300/,Confirm WC-2098RL-S250mm model with Saniware; obtain official image before use
SIN-SOR-SRTKS2429-BL,PCS,Sorento S/steel 304 Kitchen Sink-black,Kitchen & Sinks,https://sorento.com.my/sorento-kitchen/kitchen-sink/double-bowl/srtks2429-bl-detail,https://sorento.com.my/images/stories/virtuemart/product/SRTKS2429-BL.jpg,A,yes,yes,PCS - official page sells unit as single piece,needs_permission,candidate,Exact official MY page: SRTKS2429-BL Undermount SS304 750x440x230mm Black; matches model and black finish.,Confirm brand image use rights with Sorento before commercial use
TAP-SAN-SWP-B-2934,PCS,Saniware Premier Basin Pillar Tap-mixer (gold) SWP-B-2934,Bathroom,https://saniware.com/product/basin-pillar-tap-mixer-swp-b-2934/,https://saniware.com/wp-content/uploads/2026/01/SWP-B-2934.jpg,R,no,yes,mismatch (official 1 SET/box; input PCS),needs_permission,reject,Input claims GOLD but official page states no finish and Saniware distributor (Heng Sheng) lists SWP-B-2934 as POLISHED CHROME - likely colour mismatch (gold/chrome trap); using this page as 'gold' would be wrong,"Re-verify actual finish; if gold is required use the correct gold model (e.g. SWP-B-2924 gold), do not use SWP-B-2934 as gold"
TAP-SAN-SWP-B-2931,PCS,Saniware Premier Basin Pillar Tap-mixer (matt Black) SWP-B-2931,Bathroom,https://saniware.com/product/basin-pillar-tap-mixer-swp-b-2931/,https://saniware.com/wp-content/uploads/2025/05/SWP-B-2931.png,B,unresolved,yes,"PCS ok (official: 1 set/box, 10 sets/ctn)",needs_permission,candidate,"Official Saniware page, exact SKU SWP-B-2931; page text states no finish (CSV claims matt Black) - no black-series listing, no -B variant page found",Visually confirm matt black finish on image (model cannot view image); if confirmed upgrade to A
TAP-SAN-SWP-B-2930,PCS,Saniware Premier Basin Pillar Tap-mixer SWP-B-2930,Bathroom,https://saniware.com/product/basin-pillar-tap-mixer-swp-b-2930/,https://saniware.com/wp-content/uploads/2025/05/SWP-B-2930.png,A,yes,yes,"PCS ok (official: 1 set/box, 10 sets/ctn)",needs_permission,candidate,"Official Saniware page, exact SKU SWP-B-2930; no finish claim on either side",None
IND-RIC-COO-RC7878,SET,5.6L Rice Cooker (cool Grey),Home Appliances,https://khind.com.my/products/5-6l-commercial-rice-cooker-rc565,https://cdn.shopify.com/s/files/1/0921/1566/5177/files/rc565-wh-cover_190224150612.jpg?v=1751809130,A,yes,yes,SET - official page sells per unit; SET acceptable,needs_permission,candidate,Official RC565 5.6L Cool Grey page matches detected model & finish; item_code RC7878 conflicts with official RC565,Confirm with owner that RC7878 = RC565; correct item_code
FAN-STA-KHI-SF1663H,SET,Khind 16 Stand Fan (black),Fans & Ventilation,https://khind.com.my/products/16-stand-fan,https://cdn.shopify.com/s/files/1/0921/1566/5177/files/sf1663h-cover_010721155036.jpg?v=1751809588,A,yes,yes,SET - per-unit fan; SET acceptable,needs_permission,candidate,Official SF1663H Black page exact match; display black confirmed,None
TAP-SAN-SWP-B-2924,PCS,Saniware Premier Basin Pillar Tap-mixer (gold) SWP-B-2924,Bathroom,https://saniware.com/product/basin-pillar-tap-mixergold-swp-b-2924/,https://saniware.com/wp-content/uploads/2026/01/SWP-B-2924.jpg,A,yes,yes,"PCS ok (official: 1 set/box, 10 sets/ctn)",needs_permission,candidate,"Official Saniware page ""Basin Pillar Tap-Mixer(Gold) SWP-B-2924"" - gold matches CSV",None
TAP-SAN-SWP-B-2921,PCS,Saniware Premier Basin Pillar Tap-mixer (matt Black) SWP-B-2921,Bathroom,https://saniware.com/product/swp-b-2921/,https://saniware.com/wp-content/uploads/2021/10/SWP-B-2921.png,A,yes,yes,"PCS ok (official: 1 set/box, 10 sets/ctn)",needs_permission,candidate,"Official Saniware page, exact SKU; description ""Brass Mixer Tap - Matt Black Pillar Tap"" matches CSV matt Black",None
CAB-SAN-SWBC-SS6615,SET,Saniware Bathroom Cabinet Set Water Tap SWBC-SS6615,Bathroom,https://saniware.com/product/swbc-ss6615/,https://saniware.com/wp-content/uploads/2025/04/SWBC-SS6615-side.jpg,A,yes,yes,"SET matches (official: Bathroom Cabinet Set c/w Water Tap, RM1650)",needs_permission,candidate,"Official Saniware page, exact SKU SWBC-SS6615, cabinet set w/ water tap as per CSV",None
GAS-STO-RUB-TAE10-M523,UNIT,Rubine Glass Hob RGH-LOTOFLEXI2B-BLFX,Kitchen & Sinks,https://www.rubine.com.my/product/RGH-LOTOFLEXI2B-BLFX,https://www.rubine.com.my/files/product_img/IM01801.jpg,A,yes,yes,UNIT match,unknown,candidate,Official Rubine MY product page confirmed; BLFX black finish; image from official site slider.,No action required.
TAP-SAN-SWP-SS-304-3970-MB,PCS,Saniware Premier Flexible Hose Pillar Sink Tap Waterfall (matt Blk),Kitchen & Sinks,,,R,no,no,PCS (unverifiable),no_asset,reject,"No official page: site search '3970', June-2025 sitemap and 39-Series category all return nothing; nearest official family is Flexible Hose Kitchen Pillar 3900/3940 series",Re-check with supplier for correct code; possibly discontinued/not yet listed
TOI-TRP-WC-8826-S,SET,Sorento Washdown Flushing Tech,Bathroom,https://sorento.com.my/sorento-bathroom/water-closet/close-coupled-wc/srtwc8826-detail,https://sorento.com.my/images/stories/virtuemart/product/SRTWC8826.jpg,B,yes,no,SET - official page sells WC with PP seat cover (c/w seat),needs_permission,candidate,"Official MY page found but model listed as SRTWC8826-RL (input SRTWC8826-S-RL); same product: close-coupled washdown rimless, S-Trap 250mm, White. Suffix variance only.",Confirm SRTWC8826-S-RL equals SRTWC8826-RL with supplier before publishing
CAB-SAN-SWBC-SS6411,SET,Saniware Bathroom Cabinet Set Water Tap SWBC-SS6411,Bathroom,https://saniware.com/product/swbc-ss6411/,https://saniware.com/wp-content/uploads/2025/04/SWBC-SS6411-1.jpeg,A,yes,yes,"SET matches (official: Bathroom Cabinet Set c/w Water Tap, RM950)",needs_permission,candidate,"Official Saniware page, exact SKU SWBC-SS6411, cabinet set w/ water tap as per CSV",None
SHO-HAN-SWP-HS-502,SET,Saniware Premier Hand Shower With Flexible Hose SWP-HS-502,Bathroom,,,R,no,no,SET (unverifiable),no_asset,reject,No official page: site search 'hs-502'/'502' and sitemap show hand-shower family only as SWP-HS-503/504/511-516; SWP-HS-502 absent,Re-check code with supplier; may be discontinued
FAN-CEI-KHI-WHI-CF618,SET,Khind - 60 Ceiling Fan,Fans & Ventilation,https://khind.com.my/products/khind-60-ceiling-fan-white,https://cdn.shopify.com/s/files/1/0921/1566/5177/files/cf618-wh-cofer_210621213834_ac05ef81-c594-4547-9022-fe749f7d1e34.jpg?v=1751809410,C,yes,no,SET - official page sells 3-unit box packaging; SET acceptable,needs_permission,pending,"Official white 60"" ceiling fan page is model CF618S (white variant), not exact CF618; black CF618BN page (khind-celling-fan-cf618bn) exists but finish is Black vs required White; manual collection only proves CF618 existence",Confirm whether white CF618 = CF618S variant with owner before approving
OVEN-RUB-TAE13-M265,UNIT,Rubine Built-in Oven RBO-IA6X-70SS,Home Appliances,https://www.rubine.com.my/offers/kitchen-appliances-2018-october.pdf,,C,unresolved,unresolved,UNIT match,no_asset,pending,No official product page (product/RBO-IA6X-70SS returns Product not found) and model absent from official manual-download index; only official evidence is 2018 brochure PDF citing the model.,Obtain product image from brochure or Rubine supplier; confirm finish before use.
TAP-SAN-SWP-SS-304-3970,PCS,Saniware Premier Flexible Hose Pillar Sink Tap Waterfall,Kitchen & Sinks,,,R,no,no,PCS (unverifiable),no_asset,reject,"No official page: site search '3970', June-2025 sitemap and 39-Series category all return nothing; nearest official family is Flexible Hose Kitchen Pillar 3900/3940 series",Re-check with supplier for correct code; possibly discontinued/not yet listed
TOI-TRP-WC-SRTWC8354-SH-UF(250MM),PCS,Sorento Twister Flush Tech,Bathroom,https://sorento.com.my/sorento-bathroom/water-closet/one-piece-wc/srtwc8354-sh-detail,https://sorento.com.my/images/stories/virtuemart/product/SRTWC8354-01.jpg,B,yes,no,PCS - official page sells WC as single unit,needs_permission,candidate,"Official MY page found but model listed as SRTWC8354-SH; page description confirms UF Seat Cover (input -SH-UF). One Piece Twister, S-Trap 150/200/250mm, White. Suffix variance only.",Confirm SRTWC8354-SH-UF equals SRTWC8354-SH (UF seat) with supplier
SHO-SOR-SRTWT2634-RG,PCS,Sorento Exposed Shower Set (matt Blk+rose Gold),Bathroom,https://sorento.com.my/sorento-bathroom/shower-bidet/exposed-shower-set/srtwt2634-rg-detail,https://sorento.com.my/images/stories/virtuemart/product/SRTWT2634-RG%20(new).jpg,A,yes,yes,PCS - official page sells 3-ways set as single unit (rain head+hand shower+hose included),needs_permission,candidate,"Exact official MY page: SRTWT2634-RG 3-Ways Exposed Shower Set C/W Spout, colour Black & Rose Gold; matches model and finish.",Confirm brand image use rights with Sorento before commercial use
STA-GRI-SG6100,UNIT,Stanley Grinder 620W,Power Tools,https://my.stanleytools.global/product/sg6100-xd/620w-100mm-slim-small-angle-grinder,https://my.stanleytools.global/ASIA/PRODUCT/IMAGES/HIRES/SG6100_1.jpg,B,yes,unresolved,UNIT consistent,needs_permission,candidate,Official MY page; 620W matches catalog. Page model SG6100-XD (kit variant) vs catalog SG6100.,Confirm XD kit vs bare-tool image equivalence.
STA-DRI-SCH10D2K,UNIT,Stanley 12V Tower Up Hammer Drill/driver 2.0AH,Power Tools,,,R,unresolved,unresolved,UNIT consistent,no_asset,reject,"No official page found on my/asia/in/th/ph stanleytools.global; only third-party MY/SG resellers (horme, theleedenstore).",Request official image from Stanley Black+Decker MY distributor/contact; verify 12V Tower Up availability in MY.
TOI-TRP-WC-2110A-S,SET,Saniware Eco Seat Cover Top&bottom Washdown Two-piece Closet,Bathroom,https://saniware.com/product/wc-2110a-s200/,https://saniware.com/wp-content/uploads/2021/03/WC-2110A-S200.jpg,C,yes,no,SET plausible (official sells closet per set; no seat-cover SKU on page),needs_permission,pending,"Official page exists only as WC-2110A-S200 (S-trap, 200/250mm roughing-in); no S250 code page; CSV display name also mentions 'Eco Seat Cover' not present on official page",Confirm with supplier whether S250 order = WC-2110A-S200 (250mm roughing-in) and whether seat cover included
TOI-TRP-WC-2122A-S,SET,Saniware Washdown Closet WC-2122A-S250MM,Bathroom,https://saniware.com/product/wc-2122a-s300/,https://saniware.com/wp-content/uploads/2021/03/WC-2122A-S300.jpg,C,yes,no,SET plausible (official sells closet per set),needs_permission,pending,"Official page exists only as WC-2122A-S300 (S-trap, 250/300mm roughing-in); no S250 code page",Confirm with supplier whether S250 order = WC-2122A-S300 (250mm roughing-in)
TOI-TRP-WC-SRTWC286-SH-S(250MM),PCS,Sorento One Piece Washdown Flush Tech,Bathroom,https://sorento.com.my/sorento-bathroom/water-closet/one-piece-wc/srtwc286-sh-detail,https://sorento.com.my/images/stories/virtuemart/product/SRTWC286-01.jpg,B,yes,no,PCS - official page sells WC as single unit,needs_permission,candidate,"Official MY page found but model listed as SRTWC286-SH (input -SH-S); same product: One Piece Twister, S-Trap 150/200/250mm covers 250mm, PP seat, White. Suffix variance only.",Confirm SRTWC286-SH-S equals SRTWC286-SH with supplier before publishing
TOI-TRP-WC-SRTWC8504-S,PCS,Sorento Washdown W Rimless Flush Tech,Bathroom,,,C,unresolved,no,PCS - no official page to verify unit of sale,no_asset,pending,"No exact page for SRTWC8504-S on sorento.com.my; only SRTWC8504-RL (one-piece washdown rimless, PP seat) exists in same family. Do not invent URL.",Check 2024 catalogue for SRTWC8504-S; verify if -S equals -RL variant or is discontinued
STA-GRI-SCG400-SOLO,UNIT,Stanley 20V Grinder,Power Tools,https://my.stanleytools.global/product/scg400-b1/20v-grinder-tool-only,https://my.stanleytools.global/ASIA/PRODUCT/IMAGES/HIRES/SCG400_1.jpg,B,yes,unresolved,UNIT consistent,needs_permission,candidate,Official MY page '20V Grinder (Tool Only)' matches SOLO (bare tool). Page model SCG400-B1 vs catalog SCG400 (regional suffix only).,Confirm SCG400-B1 is the MY-market SKU for SCG400.
SHO-SOR-SRTWT2634,PCS,Sorento Exposed Shower Set 3-WAYS SRTWT2634,Bathroom,https://sorento.com.my/sorento-bathroom/shower-bidet/exposed-shower-set/srtwt2634-detail,https://sorento.com.my/images/stories/virtuemart/product/SRTWT2634.jpg,A,yes,yes,PCS - official page sells 3-ways set as single unit (rain head+hand shower+hose included),needs_permission,candidate,"Exact official MY page: SRTWT2634 3-Ways Exposed Shower Set C/W Spout, Chrome; matches model and finish.",Confirm brand image use rights with Sorento before commercial use
STA-ROT-HAM-SHR243KA,UNIT,Stanley Rotary Hammer 24MM,Power Tools,,,R,unresolved,unresolved,UNIT consistent,no_asset,reject,No official page found on any stanleytools.global site (my/asia/in/th/ph/cee); only third-party MY resellers.,Request official image from Stanley Black+Decker MY distributor; confirm SHR243KA MY availability.
SHO-SOR-SRTSH22614-BL,PCS,Sorento 229MM ABS Rain Shower Head (matt Blk),Bathroom,https://sorento.com.my/sorento-bathroom/shower-bidet/rain-shower-head/srtsh22614-bl-detail,https://sorento.com.my/images/stories/virtuemart/product/SRTSH22614-BL%20(new).jpg,R,yes,yes,PCS - official page sells unit as single piece,needs_permission,reject,"Official page SRTSH22614-BL (ABS, Black) exists but lists Dimensions 200x200mm; input states 229MM - named size fact fails exact-match rule. SRTSH22914-BL is 280x190mm, so 229mm matches neither official listing.",Verify actual size with supplier/catalogue (200x200mm per official site); correct input size or model before use
SIN-SOR-SRTKS6091,PCS,Sorento Undermount Kitchen Sink,Kitchen & Sinks,,,C,unresolved,unresolved,PCS consistent,unknown,pending,Not found on official sorento.com.my (only third-party marketplaces: Lazada/HomePro/Shopee/fullshun),Verify model existence with Sorento MY; request official asset
FAN-CEI-LED-RCF-MOZIA56-5BL-BT,PCS,Rubine Blk Timber LED Ceiling Fan,Fans & Ventilation,https://www.rubine.com.my/product/RCF-MOZIA56-5BL,https://www.rubine.com.my/files/option_image/RB-O41182.png,B,yes,no,PCS match,unknown,candidate,Official page lists base model RCF-MOZIA56-5BL with Black Timber colour option (= -BT suffix); page model code omits -BT.,Confirm -BT variant label matches before use.
TOI-TRP-WC-SRTWC8366-S(250MM),PCS,Sorento One Piece Washdown W Rimless Flush Tech,Bathroom,https://www.sorento.com.my/index.php/shop/bathroom/water-closet/one-piece-wc/srtwc8366-rl-uf-detail,https://www.sorento.com.my/images/sorento/products/SRTWC8366-RL-UF (2)_560x560.jpg,A,yes,yes,PCS consistent,needs_permission,candidate,"Official page exact (SRTWC8366-RL-UF one-piece WC, UF seat per page)",Request commercial image permission from Sorento MY
TOI-TRP-WC-SRTWC8518-SH-S,PCS,Sorento One Piece Twister Flushing Tech,Bathroom,,,C,unresolved,unresolved,PCS consistent,unknown,pending,Not found on official sorento.com.my (third-party marketplaces only),Verify model with Sorento MY
GAS-STO-RUB-TAE10-E102,UNIT,Rubine Ceramic Hob,Kitchen & Sinks,https://www.rubine.com.my/product/RCE-VULCAN40-BL,https://www.rubine.com.my/files/product_img/IM02133.jpg,A,yes,yes,UNIT match,unknown,candidate,Official Rubine MY product page confirmed; BL black finish; image from official site slider.,No action required.
ELE-BUL-B22-3W-RED,PCS,Taicon B22 3W LED Color Bulb - Red,Lighting,,,R,unresolved,unresolved,PCS consistent with single bulb; unverifiable without official source,no_asset,reject,No official Taicon website; model unverifiable against official source; B22 3W red colour bulb unconfirmed,request catalogue/photo from Taicon distributor; alternatively photograph own stock
ELE-BUL-E27-10W-RED,PCS,Taicon E27 Stick Bulb Red 10W,Lighting,,,R,unresolved,unresolved,PCS consistent with single bulb; unverifiable without official source,no_asset,reject,No official Taicon website; model unverifiable against official source; E27 10W red stick bulb unconfirmed,request catalogue/photo from Taicon distributor; alternatively photograph own stock
MIR-SWBC-SS6414,SET,Saniware Bathroom Cabinet Set Water Tap SWBC-SS6414,Bathroom,,,R,no,no,SET (unverifiable),no_asset,reject,No official page: site search '6414' and sitemap return nothing; closest official SWBC-SS6614 is a different model,Re-check code with supplier; possibly discontinued/not yet listed
OVEN-RUB-TAE13-M507,UNIT,Rubine M/wave Oven RMO-934SS-GD34X,Home Appliances,https://www.rubine.com.my/product/RMO-934SS-GD34,https://www.rubine.com.my/files/product_img/IM01814.jpg,A,yes,yes,UNIT match,unknown,candidate,Official page title is RMO-934SS-GD34 while its spec table lists RMO-934SS-GD34X matching input code; trailing X is officially used.,Verify appliance label before use (per input note).
SHO-SOR-SRTSH2623-BL,PCS,Sorento 225MM ABS Rain Shower Head Matt Blk,Bathroom,,,C,unresolved,no,PCS consistent,unknown,pending,Not found on official sorento.com.my (third-party marketplaces only); 225mm size unverified,Verify model/size with Sorento MY
SIN-SOR-SRTKS2426-BL,PCS,Sorento Kitch. Sink-blk Ultrasonic Nano Tech,Kitchen & Sinks,https://www.sorento.com.my/index.php/kitchen/kitchen-sink/double-bowl/srtks2426-bl-detail,https://www.sorento.com.my/images/sorento/products/SRTKS24266_560x560.jpg,A,yes,yes,PCS consistent,needs_permission,candidate,Official page exact SRTKS2426-BL double-bowl SS304 sink,Request commercial image permission from Sorento MY
SHO-SAN-SWP-BSP-5505B,PCS,Saniware Premier 3WAY Bath Shower Set For Water Heater (black),Bathroom,,,C,unresolved,unresolved,"PCS plausible (complete shower set, 1 set/box typical; official packing unstated)",unknown,pending,Exact SKU SWP-BSP-5505B (black) has no page on saniware.com; official site only lists stainless variant SWP-BSP-5505SS (/product/3-way-bath-shower-set-for-water-heater-swp-bsp-5505ss/); black -B variant confirmed only via resellers (Yes Bath: SUS304 3-WAY BLACK SWP-BSP-5505B),Ask Saniware (sales@saniware.com) for official 5505B black product images or shoot own photos; confirm black finish before catalogue use
TAP-SAN-SWP-SS-304-3950-MB,PCS,Saniware Premier Flexible Hose Kitchen Pillar Sink Tap (matt Blk),Kitchen & Sinks,,,C,unresolved,unresolved,PCS ok (single tap),unknown,pending,"No saniware.com page for any 3950 SKU (official Kitchen Sink category has 10 products, none 3950); SWP-SS-304-3950-MB matt-black variant only seen at resellers (bath2u, GST Hardware); finish unconfirmed on official site",Request official SWP-SS-304-3950-MB image/spec sheet from Saniware or photograph item in-store
FAN-CEI-RCF-MOZIA56-5B-BT,PCS,Rubine Blk Timber Ceiling Fan,Fans & Ventilation,https://www.rubine.com.my/product/RCF-MOZIA56-5B,https://www.rubine.com.my/files/option_image/RB-O1553.png,B,yes,no,PCS match,unknown,candidate,Official page lists base model RCF-MOZIA56-5B with Black Timber colour option (= -BT suffix); page model code omits -BT.,Confirm -BT variant label matches before use.
TOI-TRP-WC-SRTWC8840-S,PCS,Sorento Close Coupled Wash,Bathroom,https://www.sorento.com.my/index.php/shop/bathroom/water-closet/close-coupled-water-closet/srtwc8840-rl-detail,https://www.sorento.com.my/images/sorento/products/SRTWC8840-RL_560x560.jpg,A,yes,yes,PCS consistent,needs_permission,candidate,Official page exact (listed as SRTWC8840-RL close-coupled WC); row suffix -S matches family,Request commercial image permission from Sorento MY
BATH-SRTBF31416,PCS,Sorento 304 S/s 5 IN 1 Bathroom Furn,Bathroom,,,C,unresolved,unresolved,PCS consistent,unknown,pending,Not found on official sorento.com.my (third-party marketplaces only),Verify model with Sorento MY
ELE-D/L-MEG-YTT100ZI-30W,PCS,Megaman E27 LED Bulb,Lighting,,,C,unresolved,no,PCS,no_asset,pending,"Official MY LED T Bulb page lists YTT100Z1 30W E27 (3000K/6500K), not YTT100ZI; code YTT100ZI not found on megaman.com.my or in web search",Verify correct SKU with supplier (YTT100Z1 vs YTT100ZI); official family page: https://megaman.com.my/product/t-bulb/
RUB-TAE10-M371,UNIT,Rubine Glass Hob RGH-FIGATA2B-BL,Kitchen & Sinks,https://www.rubine.com.my/product/RGH-FIGATA2B-BL,https://www.rubine.com.my/files/product_img/IM01807.jpg,A,yes,yes,UNIT match,unknown,candidate,Official Rubine MY product page confirmed; BL black finish; image from official site slider.,No action required.
SHO-SAN-SWP-BSP-5504B,PCS,Saniware Premier 2WAY Bath Shower Set For Water Heater (black),Bathroom,,,C,unresolved,unresolved,PCS plausible (complete shower set; official packing unstated),unknown,pending,Exact SKU SWP-BSP-5504B (black) not on saniware.com; official page exists only for SWP-BSP-5504SS (/product/2-way-bath-shower-set-for-water-heater-swp-bsp-5504ss/); black -B variant confirmed only via resellers (Yes Bath: SUS304 2-WAY BLACK SWP-BSP-5504B),Request official 5504B black images from Saniware or use own photography; do NOT reuse 5504SS (silver) image for black item
SIN-SOR-SRTKS2431,PCS,Sorento Nanograin Texture Kitchen Sink,Kitchen & Sinks,https://www.sorento.com.my/index.php/shop/kitchen/kitchen-sink/nanograin-kitchen-sink/srtks2431-detail,https://www.sorento.com.my/images/sorento/products/SRTKS2431-19_560x560.jpg,A,yes,yes,PCS consistent,needs_permission,candidate,Official page exact SRTKS2431 nanograin sink,Request commercial image permission from Sorento MY
ELE-CAB-WIR-MKK-2.5MM-RED,ROLL,MKK Cable 2.5MM (7/0.49MM) Red,Electrical,,-,C,unresolved,unresolved,ROLL plausible but unverified,no_asset,pending,No official MKK website exists (mkk.com.my does not resolve); brand only seen on third-party marketplaces (buatanmalaysia.com). Strand spec 7/0.49 unverifiable (MY-standard 2.5mm2 is 7/0.67). No official page/image; do not invent URLs.,Request catalogue/product photo + spec sheet from MKK cable distributor; verify strand count before listing.
FAN-CEI-DEKA-CGNL54MB12,UNIT,Deka Ceiling Fan Geno Matt Black,Fans & Ventilation,https://deka.my/geno-54-led/,https://deka.my/wp-content/uploads/2025/07/GENO-54LED-MB-Jpg.jpg,A,yes,yes,UNIT - official page sells as single retail unit,needs_permission,candidate,Official deka.my GENO 54LED page confirms 54-inch LED model with Matt Black (MB) colour option and MB product image; CGNL54 matches Geno 54 LED,Request image usage permission from Deka Marketing Sdn Bhd; confirm SKU CGNL54MB12 with supplier
KHI-HDR-HD515,SET,Hair Dryer 1800W (matt Black),Home Appliances,https://khind.com.my/products/1800w-hair-dryer,https://cdn.shopify.com/s/files/1/0921/1566/5177/files/hd1800-wh-cover_280521152043.jpg?v=1751809539,A,yes,yes,SET - per-unit item; SET acceptable,needs_permission,candidate,Official HD1800 1800W Matt Black page matches detected model & finish; item_code HD515 conflicts with official HD1800,Confirm with owner that HD515 = HD1800; correct item_code
OVEN-RUB-TAE13-M503,UNIT,Rubine M/wave Oven RMO-OREO-28BL,Home Appliances,https://www.rubine.com.my/product/RMO-OREO-28BL,https://www.rubine.com.my/files/product_img/IM01815.jpg,A,yes,yes,UNIT match,unknown,candidate,Official Rubine MY product page confirmed; 28BL black finish; image from official site slider.,No action required.
ELE-CAB-WIR-MKK-2.5MM-BLACK,ROLL,MKK Cable 2.5MM (7/0.49MM) Black,Electrical,,-,C,unresolved,unresolved,ROLL plausible but unverified,no_asset,pending,No official MKK site; brand only on third-party marketplaces. 7/0.49 spec and black colour unverifiable from an official source.,Obtain product photo/spec sheet from MKK distributor.
MIR-SWBC-SS6811,SET,Saniware Bathroom Cabinet Set Water Tap SWBC-SS6811,Bathroom,,,C,unresolved,unresolved,SET correct (bathroom cabinet set c/w water tap),unknown,pending,"Model SWBC-SS6811 confirmed real via official Saniware Instagram (saniwaremy): Bathroom Cabinet Set c/w Water Tap 780x405x400mm, main cabinet 580(W); but no saniware.com product page found (Bathroom Cabinet category has 90 SKUs, SS6811 not indexed)",Request official SWBC-SS6811 product image from Saniware; verify dimensions against IG spec
SPR-BID-SWP-SS-304-6875-BA,PCS,Saniware Premier Two Way Tap With Bidet SET&1.2M Flex. Hose,Bathroom,,,C,unresolved,unresolved,PCS questionable - item is a bundle (two-way tap + bidet spray + 1.2m flex hose); consider SET,unknown,pending,"No saniware.com page; SWP-SS-304-6875-BA (black two-way tap w/ bidet) confirmed only at resellers (H Trends KL); official Bidet Set category lists other SKUs (SWSB-ABS-365 series, SW-SS-304-76/81)",Verify -BA suffix and black finish against Saniware price list; request official image
TAP-SAN-SWP-SS-304-3950,PCS,Saniware Premier Flexible Hose Kitchen Pillar Sink Tap,Kitchen & Sinks,,,C,unresolved,unresolved,PCS ok (single tap),unknown,pending,"No saniware.com page for SWP-SS-304-3950; official kitchen-sink faucet range tops out at 3940 series plus 3318/MX-330x; 3950 flexible-hose pull-out tap sold via resellers only (bath2u, GST Hardware)",Request official 3950 series image/data from Saniware before listing
TAP-SAN-SWP-B-3213-G,PCS,Saniware Premier Tall Basin Cold Tap (gold),Bathroom,https://saniware.com/product/tall-basin-cold-tap-swp-ss-304-3213-g/,,B,unresolved,yes,"PCS ok (official packing 2set/box, 40set/ctn; sold per piece)",needs_permission,candidate,"Official saniware.com page exists for SWP-SS-304-3213-G Tall Basin Cold Tap RM210 (matches detected_model); -G suffix = Gold per Saniware's own convention (SWSB-ABS-365-G labelled '(Gold)', 3203-G '(Gold)' in 2024 catalogue), but page description text could not be loaded directly (site blocked fetching) so gold finish not verbatim-confirmed; image URL not extractable","Open official page in browser, confirm '(Gold)' wording and copy the product image URL; then request usage permission from Saniware"
BATH-SRTBF31514,PCS,Sorento 5IN1 Bath Furn,Bathroom,,,C,unresolved,unresolved,PCS consistent,unknown,pending,Not found on official sorento.com.my (third-party marketplaces only),Verify model with Sorento MY
FAN-CEI-DEKA-CF66DC66MB12,UNIT,Deka Ceiling Fan F66 DC Matt Black,Fans & Ventilation,https://deka.my/f66-dc/,https://deka.my/wp-content/uploads/2026/04/F66-2560X2560-BK.png,A,yes,yes,UNIT - official page sells as single retail unit,needs_permission,candidate,Official deka.my F66 DC page confirms 66-inch model with MB (matt black) colour option and matching BK product image,Request image usage permission from Deka Marketing Sdn Bhd; confirm SKU CF66DC66MB12 with supplier
JOV-WAT-FIL-JP200,PCS,Joven (red) Water Purifier,Home Appliances,https://www.joven-electric.com/my/jp200-water-purifier.html,https://www.joven-electric.com/media/catalog/product/5/1/5111304001-4.jpg,A,yes,yes,PCS matches official (single unit),needs_permission,candidate,Official JP200 page (SKU 5111304) found; gallery image 5111304001-4 pixel analysis = red unit (main image is white; JP200 also sold white/blue per dealers).,Confirm red variant image matches shelf stock before download.
KHI-HDR-HD511-GRE,SET,Hair Dryer 1400W (matt Grey),Home Appliances,https://khind.com.my/products/khind-hair-dryer-hd1400,https://cdn.shopify.com/s/files/1/0921/1566/5177/files/HD1400_1_HiRes_1a611a78-9046-49f7-96cd-f0af17337545.jpg?v=1751809409,A,yes,yes,SET - per-unit item; SET acceptable,needs_permission,candidate,Official HD1400 1400W Matt Grey page matches detected model & finish; item_code HD511-GRE conflicts with official HD1400,Confirm with owner that HD511 = HD1400; correct item_code
SHO-SOR-SRTWT9605RG,PCS,Sorento Exposed Shower Set 2WAYS SRTWT9605-RG,Bathroom,https://www.sorento.com.my/index.php/bathroom/shower-bidet/exposed-shower-set/srtwt9605-rg-detail,https://www.sorento.com.my/images/sorento/products/SRTWT9605-RG9_560x560.jpg,A,yes,yes,PCS consistent,needs_permission,candidate,Official page exact SRTWT9605-RG exposed shower set,Request commercial image permission from Sorento MY
SHO-SOR-SRTWT9614,PCS,Sorento Shower Set,Bathroom,,,C,unresolved,unresolved,PCS consistent,unknown,pending,Not found on official sorento.com.my (third-party marketplaces only),Verify model with Sorento MY
TAP-SAN-SWP-SS-304-3939,PCS,Saniware Premier Double Spout Kitchen Pillar Sink Tap,Kitchen & Sinks,,,C,unresolved,unresolved,PCS ok (single tap),unknown,pending,No saniware.com page for SWP-SS-304-3939; double-spout 3939 confirmed only by reseller (Pan Timur: 'Double Spout Kitchen Pillar Sink Tap SUS304 3939'); official double-spout sink taps on saniware.com are SWS-Z-5185/5186 and SWP-SS-304-86,Verify 3939 model code in official Saniware catalogue/price list; request official image
X-GAS-STO-RUB-TAE10-M372,UNIT,Rubine Glass Hob RGH-ALLORA2B-BL,Kitchen & Sinks,,,R,unresolved,no,UNIT match,no_asset,reject,No official Rubine MY page (product/RGH-ALLORA2B-BL returns Product not found) and model absent from official manual-download index.,Source from Rubine dealer/supplier with permission; no official asset.
FAN-FLO-KHI-FF2005,PCS,20 Ind Floor Fan Black,Fans & Ventilation,https://khind.com.my/products/20-industrial-floor-fan,https://cdn.shopify.com/s/files/1/0921/1566/5177/files/ssmy.zone-1731060431-FF2005_WH.jpg?v=1751808994,A,yes,yes,PCS - official page sells single unit; PCS consistent,needs_permission,candidate,"Official FF2005 Black 20"" industrial floor fan page exact match",None
SIN-SOR-SRTKS2427-BL,PCS,Sorento S/s 304 Kitchen Sink-blk Ultrasonic Nano Tech,Kitchen & Sinks,https://www.sorento.com.my/index.php/kitchen/kitchen-sink/double-bowl/srtks2427-bl-detail,https://www.sorento.com.my/images/sorento/products/SRTKS2427-BL24_560x560.jpg,A,yes,yes,PCS consistent,needs_permission,candidate,Official page exact SRTKS2427-BL,Request commercial image permission from Sorento MY
BAS-SOR-SRTWB7132,PCS,Sorento Counter Top Basin,Bathroom,https://www.sorento.com.my/index.php/shop/bathroom/wash-basin/counter-top-ultra-thin-edge-basin/srtwb7132-detail,https://www.sorento.com.my/images/sorento/products/SRTWB7132_560x560.jpg,A,yes,yes,PCS consistent,needs_permission,candidate,Official page exact SRTWB7132 counter-top basin,Request commercial image permission from Sorento MY
ELE-D/L-MEG-YTPDGLE5-70W,PCS,Megaman E27 Led-t Bulb,Lighting,,,C,yes,no,PCS,no_asset,pending,Official MY High Lumen T Bulb page lists YTPDGLE5-70W 70W 6500K but cap is PLC; input display claims E27 (E27 variants on page are 50W/100W),Confirm cap type; official family page: https://megaman.com.my/product/high-lumen-t-bulb/
X-ELE-LED-FFL-CHA-10W,PCS,Taicon Stick LED Mini 5W E27 - Red,Lighting,,,R,unresolved,unresolved,PCS plausible; item code states 10W while display name states 5W - wattage conflict unresolved,no_asset,reject,No official Taicon website; model unverifiable against official source; wattage conflict (code 10W vs name 5W) on E27 red mini stick bulb,request catalogue/photo from Taicon distributor; alternatively photograph own stock
ELE-BUL-E27-3W-BLUE,PCS,Taicon E27 3W LED Color Bulb-blue,Lighting,,,R,unresolved,unresolved,PCS consistent with single bulb; unverifiable without official source,no_asset,reject,No official Taicon website; model unverifiable against official source; E27 3W blue colour bulb unconfirmed,request catalogue/photo from Taicon distributor; alternatively photograph own stock
ELE-HOL-TC818-E27,PCS,Taicon Tc 818 E27 Lamp Holder,Lighting,,,R,unresolved,unresolved,PCS consistent with single lamp holder; unverifiable without official source,no_asset,reject,No official Taicon website; model unverifiable against official source; TC818 E27 lamp holder model unconfirmed,request catalogue/photo from Taicon distributor; alternatively photograph own stock
FAN-WAL-KHI-FW1660TH,SET,16 Wall Fan,Fans & Ventilation,https://khind.com.my/products/khind-16-wall-fan-wf1602se,https://cdn.shopify.com/s/files/1/0921/1566/5177/files/WF1602SE_BG_white_24486b2f-abe3-4a09-a129-f55196625ec2.jpg?v=1751809066,A,yes,yes,SET - per-unit fan; SET acceptable,needs_permission,candidate,"Official WF1602SE 16"" wall fan page (Winter Grey) matches detected model; item_code FW1660TH conflicts with official WF1602SE",Confirm with owner that FW1660TH = WF1602SE; correct item_code
KHI-POT-AP550,SET,Khind Thermos Pot 5.5L,Home Appliances,https://khind.com.my/products/khind-thermo-pot-ap550,https://cdn.shopify.com/s/files/1/0921/1566/5177/files/AP550_LO_62af8a03-4546-442f-8e15-058caac09f14.jpg?v=1751809071,A,yes,yes,SET - per-unit item; SET acceptable,needs_permission,candidate,Official AP550 5.5L Thermo Pot page (Mint) exact match; display name has no finish to contradict,None
RAINBOW-G888-250GM,BTL,Nippon Gold Paint 999 Gold,Paint & Sundries,https://www.nipponpaint.com.my/product/gold-paint/,https://www.nipponpaint.com.my/wp-content/uploads/2024/11/gold-paint.webp,C,unresolved,unresolved,250GM sold in MY trade (HomePro/LKK 250G & 1KG); official page lists no pack sizes,needs_permission,pending,"Official page confirms Gold Paint line (water-based acrylic, gold finish) but page never uses ""999"" branding nor 250GM size; 999/250GM only seen on third-party retail listings","Confirm ""999"" 250GM SKU with Nippon Paint MY and request written permission for official product image"
TAP-SAN-SWP-B-3203-RG,PCS,Saniware Premier Basin Pillar Cold Tap (rose Gold) SWP-SS-304-3203-RG,Bathroom,https://saniware.com/product/premier-basin-pillar-cold-tap-swp-ss-304-3203-rg/,https://saniware.com/wp-content/uploads/2025/05/SWP-SS-304-3203-RG.jpg,A,yes,yes,"PCS ok (official description: 2set/box, 40set/ctn; sold per piece on site)",needs_permission,candidate,Official page 'Premier Basin Pillar Cold Tap SWP-SS-304-3203-RG' RM180 matches display_name model and rose-gold finish explicitly ('Premier Basin Pillar Cold Tap (Rose Gold)'); brand+model+finish all exact,Request reproduction permission from Saniware (TC Bath Mart Sdn Bhd) before publishing their image
TAP-SAN-SWP-SS-3391,PCS,Saniware Premier Kitchen Pillar Sink Tap SWP-SS-3391,Kitchen & Sinks,,,C,unresolved,unresolved,PCS ok (single tap),unknown,pending,"No saniware.com page for SWP-SS-3391; model exists in market (bath2u: 304 SS filter tap, brushed silver, RM128) but is described as a dedicated filter tap rather than generic kitchen pillar sink tap as in display_name",Confirm product type and model with Saniware; request official image
SPR-BID-SWP-SS-304-6875A,PCS,Saniware Premier Two Way Tap With Bidet Set 1.2M Flex. Hose,Bathroom,,,C,unresolved,unresolved,PCS questionable - item is a bundle set (tap + bidet + 1.2m hose); consider SET,unknown,pending,No saniware.com page; SWP-SS-304-6875A referenced on marketplaces and via reseller 'SWP-6875 Series' listings but absent from official Bidet Set category (16 SKUs checked across available indexes),Verify 6875A vs 6875-BA variant codes with Saniware; request official product image
SPR-BID-SWSB-ABS-362,PCS,Saniware ABS Spray Bidet Set Holder & 1.2MM Flexible Hose,Bathroom,,,C,unresolved,unresolved,PCS questionable - set includes holder & 1.2m flexible hose; consider SET,unknown,pending,"SWSB-ABS-362 not found on saniware.com or with any reseller; official ABS bidet sets are SWSB-ABS-262 (spray only, RM21) and SWSB-ABS-365-CR/G/MB (c/w holder & 1.2mm hose); resellers stock 261/361 - possible digit transposition in source data",Verify model code (362 vs 262/361/365) with Saniware before sourcing any image; do not substitute 365 images without confirmation
BATH-SRTBF31417,PCS,Sorento 6 IN 1 Bathroom Furniture,Bathroom,https://www.sorento.com.my/index.php/shop/bathroom/bathroom-furniture/cabinet-basin/srtbf31417-detail,https://www.sorento.com.my/images/sorento/products/SRTBF31417-01_560x560.jpg,A,yes,yes,PCS consistent,needs_permission,candidate,Official page exact SRTBF31417 6-in-1 bathroom furniture,Request commercial image permission from Sorento MY
ELE-D/L-MEG-FE2155D-18W-3000K,PCS,Megaman Plce T3 3U E27 Bulb,Lighting,,,C,unresolved,no,PCS,no_asset,pending,"Official MY PLCE 3U page lists FD2155D 18W (3000K/6500K), not FE2155D; FE2155D sold by MY dealers but not on official site",Verify correct code FE2155D vs FD2155D; official family page: https://megaman.com.my/product/plce-energy-saving-bulb/
FAN-CEI-DEKA-CF5DC46MB12,UNIT,Deka Ceiling Fan F5 DC~46 Pro Matt Blk,Fans & Ventilation,https://deka.my/f5-dc-46-pro/,https://deka.my/wp-content/uploads/2025/07/F5-DC-46-PRO-MB-Jpg-OK.jpg,A,yes,yes,UNIT - official page sells as single retail unit,needs_permission,candidate,Official deka.my F5 DC 46 PRO page confirms 46-inch non-LED model with Matt Black (MB) colour option and MB product image,Request image usage permission from Deka Marketing Sdn Bhd; confirm SKU CF5DC46MB12 with supplier
X-RUB-TRB08-006,UNIT,Rubine Rjs 622 S/s Sink (1BB+1SB),Kitchen & Sinks,,,R,unresolved,no,UNIT match,no_asset,reject,Rubine MY site has no Sink category and RJS 622 is absent from official manual-download index; no official page or image found.,Source from Rubine dealer/supplier with permission; no official asset.
ELE-BUL-B22-3W-BLU,PCS,Taicon B22 3W LED Color Bulb - Blue,Lighting,,,R,unresolved,unresolved,PCS consistent with single bulb; unverifiable without official source,no_asset,reject,No official Taicon website; model unverifiable against official source; B22 3W blue colour bulb unconfirmed,request catalogue/photo from Taicon distributor; alternatively photograph own stock
STA-HAM-SBD715D2K,UNIT,Stanley Fatmax 20V Brushless Hammer Drill,Power Tools,https://my.stanleytools.global/product/sbd715d2k-b1/20v-brushless-hammer-drill-kit-crystal-box-100-pc,https://my.stanleytools.global/ASIA/PRODUCT/IMAGES/HIRES/SBD715D2K_K1.jpg,B,yes,unresolved,UNIT consistent,needs_permission,candidate,"Official MY page for SBD715D2K-B1 (20V brushless hammer drill kit, crystal box 100pc). Page model suffix -B1 vs catalog SBD715D2K.",Confirm kit contents (2x2.0Ah? 100pc box) match catalog listing.
BOS-0601-227-1L2,UNIT,Gsb 13RE Impact Drill (blow Mode Set),Power Tools,https://www.bosch-pt.com.my/my/en/products/gsb-13-re-06012271L2,https://www.bosch-pt.com.my/binary/ocsmedia/optimized/750x422/o260232v54_lv-144432-12-GSB13RE_stat_01.png,A,yes,yes,"OK: single unit SKU 0 601 227 1L2, 650W impact drill",needs_permission,candidate,Exact MY page for GSB 13 RE 0 601 227 1L2 on bosch-pt.com.my; og:image captured from page,None
GAS-STO-KHI-GC7125,SET,Khind Gas Cooker (stainless Steel),Home Appliances,https://khind.com.my/products/khind-gas-cooker-gc7125,https://cdn.shopify.com/s/files/1/0921/1566/5177/files/gc7125-cover-wh_210923192148.jpg?v=1751809100,A,yes,yes,SET - per-unit cooker; SET acceptable,needs_permission,candidate,Official GC7125 Stainless Steel gas cooker page exact match,None
SHO-SOR-SRTWT9600HP,PCS,Sorento Exposed Shower Set - 2WAYS SRTWT9600HP,Bathroom,https://www.sorento.com.my/index.php/bathroom/shower-bidet/exposed-shower-set/srtwt9600hp-detail,https://www.sorento.com.my/images/sorento/products/SRTWT9600HP-10_560x560.jpg,B,yes,unresolved,PCS consistent,needs_permission,candidate,Official page is SRTWT9600HP; plain SRTWT9600 does not exist — row code matches HP variant,Confirm HP variant is the stocked item; request image permission
LOC-YALE-Y120B-50-KA5,SET,Yale (key Alike) Boron Shackle Padlock Y120B-50-KA5,Lifting & Rigging,,-,C,unresolved,no,SET correct for keyed-alike multipack,no_asset,pending,"SKU Y120B-50-KA5 does not exist on yalehome.com/my. Official series is Y120B/50/127/x keyed-alike multipacks (/2,/3,/4; /5 sold via distributors e.g. Sui U). Family confirmed (50mm boron shackle, keyed alike) but exact SKU code is not an official Yale code.",Confirm SKU mapping with ASSA ABLOY Malaysia/Yale distributor (likely Y120B/50/127/5 keyed-alike 5-pack) then source image from official series page yalehome.com/my/en/products/padlocks/outdoor-environment/y120b-series.
SHO-SOR-SRTSS8730,PCS,Sorento Sliding BAR Shower Set - SRTSS8730,Bathroom,https://www.sorento.com.my/index.php/bathroom/shower-bidet/sliding-bar/srtss8730-detail,https://www.sorento.com.my/images/sorento/products/SRTSS8730-04_560x560.jpg,A,yes,yes,SET consistent,needs_permission,candidate,Official page exact SRTSS8730 sliding bar shower set,Request commercial image permission from Sorento MY
ELE-BUL-E27-3W-GREEN,PCS,Taicon E27 3W LED Color Bulb-green,Lighting,,,R,unresolved,unresolved,PCS consistent with single bulb; unverifiable without official source,no_asset,reject,No official Taicon website; model unverifiable against official source; E27 3W green colour bulb unconfirmed,request catalogue/photo from Taicon distributor; alternatively photograph own stock
KHI-INF-COO-IRC2000,SET,Khind - Infrared Cooker (black),Home Appliances,https://khind.com.my/products/infrared-cooker,https://cdn.shopify.com/s/files/1/0921/1566/5177/files/irc2000-wh-cover_280521171520.jpg?v=1751809514,A,yes,yes,SET - per-unit cooker; SET acceptable,needs_permission,candidate,Official IRC2000 Infrared Cooker Black page exact match; display black confirmed,None
STA-DRI-BRU-SBD710D2K,UNIT,Stanley Fatmax 20V Max Brushless Drill Driver,Power Tools,,,R,unresolved,unresolved,UNIT consistent,no_asset,reject,No official page found on any stanleytools.global site; model only referenced in SB202-B1/SC200-B1 compatibility lists (SBD710D2K-B1).,Request official image from Stanley Black+Decker MY distributor.
ELE-BUL-B22-3W-GRE,PCS,Taicon B22 3W LED Color Bulb - Green,Lighting,,,R,unresolved,unresolved,PCS consistent with single bulb; unverifiable without official source,no_asset,reject,No official Taicon website; model unverifiable against official source; B22 3W green colour bulb unconfirmed,request catalogue/photo from Taicon distributor; alternatively photograph own stock
ELE-D/L-MEG-FE2155D-18W,PCS,Megaman E27 3U Bulb,Lighting,,,C,unresolved,no,PCS,no_asset,pending,"Official MY PLCE 3U page lists FD2155D 18W E27, not FE2155D; code mismatch unconfirmed",Verify correct code FE2155D vs FD2155D; official family page: https://megaman.com.my/product/plce-energy-saving-bulb/
NIP-MAT-W9102-18L,DRUM,18L Super Matex Bs 9102 White,Paint & Sundries,https://www.nipponpaint.com.my/product/super-matex/,https://www.nipponpaint.com.my/wp-content/uploads/2024/11/super-matex.webp,C,unresolved,unresolved,18L is standard trade drum for Super Matex; official page/store silent on sizes,needs_permission,pending,Official page confirms Super Matex interior matt emulsion; BS 9102 White colour code and 18L pack not stated on official page (9102 White seen only in third-party trade listings),Verify 18L BS 9102 White pack visually with distributor; request image permission from Nippon Paint MY
STA-GRI-SCG400-SET,UNIT,Stanley 20V Grinder 1PC Charger (SC200)+2PCS Battery 2.0AH (SB202),Power Tools,https://my.stanleytools.global/product/scg400-b1/20v-grinder-tool-only | https://my.stanleytools.global/product/sc200-b1/20v-2a-charger | https://my.stanleytools.global/product/sb202-b1/20v-2ah-battery,https://my.stanleytools.global/ASIA/PRODUCT/IMAGES/HIRES/SCG400_1.jpg,B,yes,unresolved,UNIT consistent,needs_permission,candidate,"No official SCG400-SET kit page found; official MY pages exist for all 3 components (SCG400-B1 grinder, SC200-B1 2A charger, SB202-B1 2.0Ah battery). SCG400M2K-B1 is 4Ah kit, not this config.",Confirm bundle/box image with grinder+SC200+2xSB202; may need to compose from component images.
STA-PRE-WAS-BEPW1800T,UNIT,Black+decker Vertical Pressure Washer 125 BAR,Power Tools,https://asia.blackanddecker.global/product/bepw1800t-b1/bd-124-bar-pressure-washer,https://asia.blackanddecker.global/ASIA/PRODUCT/IMAGES/HIRES/BEPW1800T_1.jpg,B,yes,unresolved,UNIT consistent,needs_permission,candidate,"Official B+D Asia page for BEPW1800T-B1; image shows vertical trolley washer, 1700W/max 125 bar (1810 PSI) per manual. Page title says '124 Bar' while options say 125 Bar.",Verify 124 vs 125 bar labeling; confirm B1 variant is MY SKU.
TAP-SAN-SWP-SS-304-106,PCS,Saniware Premier Kitchen Pillar Sink Tap SWP-SS-304-106,Kitchen & Sinks,,,C,unresolved,unresolved,PCS ok (per-unit listing),no_asset,pending,No official saniware.com page found; model SWP-SS-304-106 with SS finish confirmed via MY distributors kiongjounghardware and Pan Timur,Obtain official product page/image from Saniware; confirm finish (SS) and PCS UOM with supplier
ELE-D/L-MEG-YTA60Z1-10W,PCS,Megaman A60 E27 LED Bulb YTA60Z1 10W/6500K,Lighting,https://megaman.com.my/product/led-g-a-bulb/,https://megaman.com.my/wp-content/uploads/2020/12/1-min.jpg,A,yes,yes,PCS,needs_permission,candidate,"YTA60Z1 10W confirmed on official MY LED G/A Bulb page; 6500K Daylight variant listed (810lm, 3000K/4000K&6500K)",None - official page confirmed
BOS-0601-9H9-0L2C2,SET,Gws + Gsb Set + Gbh Solo + Gdx Solo Combo,Power Tools,,,C,unresolved,unresolved,SET row matches combo nature of item,no_asset,pending,"Exact combo 0 601 9H9 0L2C2 not listed on MY site (site search returns no-results; combo-kits category lists 6 combos, none with this order number). Family page exists for 0 601 9H9 0L2 (GSB 185-LI + GWS 180) and MY Facebook promos reference 0L2C2/3/4/5/6 variants; exact code needs supplier confirmation",Confirm exact combo order code and obtain official page/image from Bosch MY
ELE-CAB-WIR-MKK-1.5MM-BLACK,ROLL,MKK Cable 1.5MM (7/0.39MM) Black,Electrical,,-,C,unresolved,unresolved,ROLL plausible but unverified,no_asset,pending,No official MKK site. 7/0.39 spec unverifiable (MY-standard 1.5mm2 is 7/0.53); no official page/image.,Obtain product photo/spec sheet from MKK distributor.
GAS-STO-KHI-GS1516,SET,Khind - Infrared Gas Cooker (stainless Steel),Home Appliances,https://khind.com.my/products/khind-infrared-gas-stove-igs1516,https://khind.com.my/cdn/shop/files/igs1516_220523172501.jpg?v=1751809784,A,yes,yes,SET (single unit; official sold per unit - verify PCS vs SET),needs_permission,candidate,"Official Khind MY product page 'KHIND Infrared Gas Stove IGS1516', Stainless Steel. FLAG: AutoCount code 'GS1516' is not the official model - official is IGS1516 (as noted in input).",Verify physical label/model sticker; update item code to IGS1516; obtain brand permission for image reuse.
ELE-D/L-MEG-YTP38B1-10W,PCS,Megaman LED Stick Bulb Plc YTP38B1 10W/6500K,Lighting,https://megaman.com.my/product/led-stick/,https://megaman.com.my/wp-content/uploads/2020/12/Untitled-8-2.jpg,A,yes,yes,PCS,needs_permission,candidate,YTP38B1 10W PLC confirmed on official MY LED Stick Bulb page; 6500K variant listed (810lm),None - official page confirmed
ELE-D/L-TC-3260-32W-RND-4000K,PCS,Taicon V3 32W Adjusted LED Dl Round (TC-3260),Lighting,,,R,unresolved,unresolved,PCS plausible for single downlight; item code specifies 4000K CCT absent from display name - colour temp unconfirmed,no_asset,reject,No official Taicon website; model unverifiable against official source; TC-3260 32W round downlight with 4000K CCT (V3 variant) unconfirmed,request catalogue/photo from Taicon distributor
KHI-COO-RC918T,SET,Khind - Rc 1.8L Teflon Pot (cream Magnolia),Home Appliances,https://khind.com.my/products/khind-9-series-electric-rice-cooker-cream-magnolia-540704063,https://khind.com.my/cdn/shop/files/rc9t-larger-cream-lo_200621145353_36ee746f-d09f-4730-b54e-498a47b5b6ab.jpg?v=1751809454,A,yes,yes,SET (single unit; official sold per unit - verify PCS vs SET),needs_permission,candidate,"Official Khind MY page 'KHIND 1.8L Electric Rice Cooker RC918T', Colour Cream Magnolia, 1.8L; matches display name and manual-confirmed RC918T.",Obtain brand permission for image; confirm pack includes steam tray/accessories as catalogued.
NIP-SEA-5100-20L,DRUM,18L Nippon Vinilex 5100 Wall Sealer,Paint & Sundries,https://www.nipponpaint.com.my/product/5100-wall-sealer/,https://www.nipponpaint.com.my/wp-content/uploads/2024/10/vinilex-5100-wall-sealer.webp,C,unresolved,unresolved,Display name says 18L but item_code says 20L - internal conflict; trade commonly sells 18L; official page silent on sizes,needs_permission,pending,Official page confirms 5100 Wall Sealer (exterior water-based sealer); exact 18L pack not confirmed on official page; row internally inconsistent (code 20L vs name 18L),Resolve 18L-vs-20L discrepancy in item master; confirm pack with Nippon Paint MY before cataloguing
X-STA-PLANER-STP18-1800W,UNIT,Stanley Thickness Planer 1800W,Power Tools,,,R,unresolved,unresolved,UNIT consistent,no_asset,reject,"No official MY/Asia page. STP18 only on br.stanleytools.global (STP18-BR) and co.stanleytools.global (STP18-B3), both 127V variants; catalog is 1800W MY STP18-B1.",Request official image from Stanley Black+Decker MY distributor for STP18-B1 (230V).
BOS-0600-910-0L0SH,UNIT,Ghp High Pressure Cleaner,Power Tools,,,C,unresolved,unresolved,OK: single unit item,no_asset,pending,No GHP 5-13 C page on bosch-pt.com.my (guessed URL 404; site search shows only broad/fuzzy matches; high-pressure cleaner is Home & Garden line not listed on MY Professional site). GHP 5-13 C is sold in SG/IN markets; MY availability unverified,Confirm Malaysian availability and source official page (e.g. bosch garden MY site)
FAN-KHI-AF1801,SET,Khind 18 Auto Fan (white),Fans & Ventilation,https://khind.com.my/products/khind-auto-fan-af1801,https://khind.com.my/cdn/shop/files/AutoFanAF1801_HI_56ed10ee-5d1f-44bd-a48c-63c8f8e75798.jpg?v=1751809530,A,yes,yes,SET (single unit; official sold per unit - verify PCS vs SET),needs_permission,candidate,"Official Khind MY page 'KHIND 18"" Auto Fan AF1801', Colour White; exact model and finish match.",Obtain brand permission for image reuse.
FAN-WAL-TAICON-TC-11006,SET,Taicon 16 Wall Fan Sirim-whi,Fans & Ventilation,,,R,unresolved,unresolved,SET plausible (wall fan motor + 5 blades packaged); unverifiable without official source,no_asset,reject,No official Taicon website; model unverifiable against official source; TC-11006 16in white SIRIM 5-blade wall fan unconfirmed,request catalogue/photo from Taicon distributor
KHI-COO-RCJ188,SET,Khind - Jar Rice Cooker 1.8L (mint),Home Appliances,https://khind.com.my/products/khind-1-8l-jar-rice-cooker-rcj188,https://khind.com.my/cdn/shop/files/RCJ188_zalora_cover_3bbd0996-43a8-44a5-802e-d582f347d147.jpg?v=1751809117,A,yes,yes,SET (single unit; official sold per unit - verify PCS vs SET),needs_permission,candidate,"Official Khind MY page 'KHIND 1.8L Jar Rice Cooker RCJ188', Colour Mint, 1.8L; exact match.",Obtain brand permission for image reuse.
BOS-2608-619-701,PCS,Cutting Disc Metal,Abrasives & Cutting,https://www.bosch-pt.com.my/my/en/stainless-steel-and-metal-cutting-disc-green-long-life-for-small-angle-grinders-with-bore-16-mm-8107424-ocs-ac/,https://www.bosch-pt.com.my/binary/ocsmedia/optimized/767x431/o615543v82_2608619701_bo_pro_u_f_1.png,A,yes,yes,"OK: single piece; official variant ""Stainless Steel and Metal Cutting Disc, 105 x 1.2 x 16 mm""",needs_permission,candidate,Exact MY OCS page for order 2 608 619 701 (SKU 2608619701) on bosch-pt.com.my; product image captured from page,None
NIP-MAT-15245-18L,DRUM,18L Super Matex 15245 Maxtwhite,Paint & Sundries,https://www.nipponpaint.com.my/product/super-matex/,https://www.nipponpaint.com.my/wp-content/uploads/2024/11/super-matex.webp,C,unresolved,unresolved,18L Maxi White 15245 seen in MY trade (eWarehouse MXW15245-18L); official page silent on sizes/colours,needs_permission,pending,"Official page confirms Super Matex line only; colour 15245 (trade spells it ""Maxi White"", row says ""Maxtwhite"") and 18L pack not confirmed on any official nipponpaint.com.my page",Confirm official spelling (Maxi White vs Maxtwhite) and 18L availability with Nippon Paint MY
NIP-SAT-GLO-18L-145,CAN,18L Nippon Satin Glo 145 White,Paint & Sundries,https://www.nipponpaint.com.my/product/satin-glo/,https://www.nipponpaint.com.my/wp-content/uploads/2024/11/Satin-Glo.webp,C,unresolved,unresolved,Official shoponline Satin Glo colour picker shows Black 144 / Brilliant White 1001 etc.; 145 White and 18L pack not observed on official channels,needs_permission,pending,Official page confirms Satin Glo mid-sheen interior paint; colour code 145 White not verifiable on official site (145 appears in other Nippon lines e.g. Super Matex Brilliant White 145) and 18L pack unconfirmed,Verify Satin Glo is offered in 145 White 18L; else correct colour code or substitute product
PSN-MJ-CS100WSK,PCS,Panasonic Juicer 1.7L 400W (white),Home Appliances,https://www.panasonic.com/my/consumer/kitchen-appliance/beverage-preparation/juicer-slow-juicer/mj-cs100wsk.html,https://panasonic.com/content/dam/panasonic/my/en/pim/dam/MJ/MJ-CS1/MJ-CS100/ast-1933782.jpg,A,yes,yes,PCS matches,needs_permission,candidate,"Official Panasonic MY product page; MJ-CS100WSK compact juicer, body colour White, max motor wattage 400W - matches. NOTE: display name says 1.7L but official juice container is 0.6L (pulp 0.5L) - correct capacity in PIM.",Download og:image; send image-use request to Panasonic Malaysia; fix 1.7L capacity claim in display name.
STA-IMP-DRI-STDH7213V,UNIT,Stanley Percussion Drill 800W+VP,Power Tools,https://asia.stanleytools.global/product/stdh7213v-b1/13mm-800w-percussion-drill,https://asia.stanleytools.global/ASIA/PRODUCT/IMAGES/HIRES/STDH7213V_F1.jpg,B,yes,unresolved,UNIT consistent,needs_permission,candidate,Official Asia page; 13mm 800W matches catalog 'Percussion Drill 800W+VP'. Page model STDH7213V-B1 vs catalog STDH7213V.,Confirm B1 suffix is MY-market variant.
TAP-SAN-SWP-SS-304-3936-SS,PCS,Saniware Premier Kitchen Wall Sink Tap-ss,Kitchen & Sinks,,,C,unresolved,unresolved,PCS ok (per-unit listing),no_asset,pending,No official saniware.com page found; model SWP-SS-304-3936 Kitchen Wall Sink Tap (SS) confirmed via Pan Timur,Obtain official product page/image from Saniware; confirm finish and PCS UOM with supplier
ELE-D/L-MEG-YTA70Z1-15W,PCS,Megaman A70 E27 LED Bulb YTA70Z1 15W/6500K,Lighting,https://megaman.com.my/product/led-g-a-bulb/,https://megaman.com.my/wp-content/uploads/2020/12/1-min.jpg,A,yes,yes,PCS,needs_permission,candidate,YTA70Z1 15W confirmed on official MY LED G/A Bulb page; 6500K Daylight variant listed (1350lm),None - official page confirmed
ELE-D/L-MEG-YTP38B1-10W-4000K,PCS,Megaman LED Stick Bulb Plc YTP38B1 10W/4000K,Lighting,https://megaman.com.my/product/led-stick/,https://megaman.com.my/wp-content/uploads/2020/12/Untitled-8-2.jpg,A,yes,yes,PCS,needs_permission,candidate,YTP38B1 10W PLC confirmed on official MY LED Stick Bulb page; 4000K Cool White variant listed,None - official page confirmed
FAN-CEI-DEKA-CF5DC56MB,UNIT,Deka Ceiling Fan F5 Dc~pro Matt Blk 56,Fans & Ventilation,https://deka.my/f5-dc-pro/,https://deka.my/wp-content/uploads/2025/07/F5-DC-PRO-MB-Jpg.jpg,A,yes,yes,UNIT - official page sells as single retail unit,needs_permission,candidate,Official deka.my F5 DC PRO page confirms 56-inch non-LED model with Matt Black (MB) colour option and MB product image,Request image usage permission from Deka Marketing Sdn Bhd; confirm SKU CF5DC56MB with supplier
TAP-SAN-SWP-B-304-3915,PCS,Saniware Premier Kitchen Wall Sink Tap-blk,Kitchen & Sinks,,,R,unresolved,unresolved,unverified,no_asset,reject,No official or distributor listing found for SWP-B-304-3915; product may not exist or be discontinued,Verify item code with supplier; obtain official details or remove from catalogue
FAN-CEI-DEKA-CGNL54OAK12,UNIT,Deka Ceiling Fan Geno Oak,Fans & Ventilation,https://deka.my/geno-54-led/,https://deka.my/wp-content/uploads/2025/07/GENO-54LED-OAK-Jpg.jpg,A,yes,yes,UNIT - official page sells as single retail unit,needs_permission,candidate,Official deka.my GENO 54LED page confirms 54-inch LED model with Oak (OAK) colour option and OAK product image; CGNL54 matches Geno 54 LED,Request image usage permission from Deka Marketing Sdn Bhd; confirm SKU CGNL54OAK12 with supplier
JOV-WAT-FIL-JWP20,PCS,Joven Water Filter,Pumps & Water,https://www.joven-electric.com/my/jwp20-water-filter.html,https://www.joven-electric.com/media/catalog/product/5/1/5134612001-1.jpg,A,yes,yes,PCS matches official (single unit),needs_permission,candidate,"Official JWP20 page (SKU 5134612) found; floor-standing outdoor POE filter, SUS304 stainless (silver). Row category says Pumps & Water but official category is Outdoor Water Filter.",Request Joven media permission before download.
STA-PRE-WAS-BEPW1750,UNIT,Black+decker Pressure Washer 120BAR,Power Tools,https://asia.blackanddecker.global/product/bepw1750-b1/1500w-high-pressure-washer-wheels-1740-psi,https://asia.blackanddecker.global/ASIA/PRODUCT/IMAGES/HIRES/BEPW1750_1.jpg,B,yes,unresolved,UNIT consistent,needs_permission,candidate,"Official B+D Asia page for BEPW1750-B1; 1740 PSI = 120 bar (matches catalog 120BAR), 1500W per manual. Page model suffix -B1 vs catalog BEPW1750.",Confirm BEPW1750-B1 is current MY SKU (BEPW1750-IN page marked discontinued).
BOS-AHI4-4PC-R,UNIT,Adelino S/steel Multi Stage Centrifugal Pump (1.0HP),Pumps & Water,,,C,unresolved,unresolved,OK: single pump unit,no_asset,pending,"Adelino pumps are not indexed on bosch-pt.com.my (site search for ""Adelino"" returns 0 products; no pumps category in MY nav). Only third-party MY dealers (elitems, totalwell, cmw, totalequip) list this range; official Adelino model names (e.g. AWJ4 / JET-G1) do not carry the 1.0HP rating",Confirm official Adelino model number and official page with Bosch MY / distributor
BOS-AJS37PC,UNIT,Adelino Automatic Self-priming Jet Pump With Pc (0.5HP),Pumps & Water,,,C,unresolved,unresolved,OK: single pump unit,no_asset,pending,Same as BOS-AHI4-4PC-R: Adelino has no bosch-pt.com.my product pages (0 search results); official naming (e.g. AP37L1 / JET-G1) lacks 0.5HP rating,Confirm official Adelino model number and official page with Bosch MY / distributor
ELE-D/L-TC-2260-22W,PCS,Taicon 24W Adjusted LED Dl Rnd,Lighting,,,R,unresolved,unresolved,PCS plausible for single downlight; item code states 22W while display name states 24W - wattage conflict unresolved,no_asset,reject,No official Taicon website; model unverifiable against official source; wattage conflict (code 22W vs name 24W) on TC-2260 round downlight (6000K),request catalogue/photo from Taicon distributor
"EXH-FAN-KHI-12""-WHI-EF1201",SET,Khind 12 Exhaust Fan (off White),Fans & Ventilation,https://khind.com.my/products/khind-exhaust-fan-ef1201,https://cdn.shopify.com/s/files/1/0921/1566/5177/files/Khind_20Exhaust_20Fan_20EF1201_thumbnail.jpg?v=1751809706,A,yes,yes,SET (single unit; official sold per unit - verify PCS vs SET),needs_permission,candidate,"Official Khind MY page 'KHIND Exhaust Fan EF1201' 12""; SKU FE1201XXXXOWKD confirms off-white finish (page spec lists 'White').","Obtain brand permission; note page lists White vs catalog off-white - visually consistent, no separate variant."
BOS-0601-9K3-1L2,UNIT,Gsb Batt. Impact Drill,Power Tools,https://www.bosch-pt.com.my/my/en/products/gsb-185-li-06019K31L2,https://www.bosch-pt.com.my/binary/ocsmedia/optimized/750x422/o363996v54_9gsb_185-li_sos_06019K31K2.png,A,yes,yes,OK as single SKU: 0 601 9K3 1L2 is a kit variant (2x GBA 18V 2.0Ah + GAL 18V-20 charger + 23-pc bit set + case); row UOM UNIT acceptable for this order number,needs_permission,candidate,Exact MY page for GSB 185-LI variant 0 601 9K3 1L2 on bosch-pt.com.my; og:image captured from page,None
BOS-2608-522-405,PCS,Impact Bit PH2 X 65MM,Power Tools,https://www.bosch-pt.com.my/my/en/pro-long-groove-double-ended-impact-bit-3095581-ocs-ac/,https://www.bosch-pt.com.my/binary/ocsmedia/optimized/767x431/o469856v82_2608522405_bo_pro_u_f_1.png,A,yes,yes,"Row UOM PCS; official SKU 2 608 522 405 is a 10-pc pack (""PRO Softwood and Stainless Steel Long Groove Double-Ended Impact Bit, PH2, 65 mm, 10 pcs"")",needs_permission,candidate,Exact MY OCS page for order 2 608 522 405 (SKU 2608522405) on bosch-pt.com.my; product image captured from page,None
ELE-CAB-WIR-MKK-2.5MM-YEL,ROLL,MKK Cable 2.5MM (7/0.49MM) Yellow,Electrical,,-,C,unresolved,unresolved,ROLL plausible but unverified,no_asset,pending,No official MKK site; yellow colour and 7/0.49 spec unverifiable from official source.,Obtain product photo/spec sheet from MKK distributor.
ELE-D/L-MEG-YTP45B1-15W-3000K,PCS,Megaman LED Stick Bulb Plc YTP45B1 15W/3000K,Lighting,,,C,unresolved,no,PCS,no_asset,pending,Official MY LED Stick Bulb page lists YTP45BA (not YTP45B1) for 15W PLC; YTP45B1 code not found on megaman.com.my or in web search,Verify correct SKU code (YTP45BA vs YTP45B1); official family page: https://megaman.com.my/product/led-stick/
ELE-D/L-MEG-YTP45Z1-15W-4000K,PCS,Megaman LED Stick Bulb E27 YTP45Z1 15W/4000K,Lighting,https://megaman.com.my/product/led-stick/,https://megaman.com.my/wp-content/uploads/2020/12/Untitled-8-2.jpg,A,yes,yes,PCS,needs_permission,candidate,YTP45Z1 15W E27 confirmed on official MY LED Stick Bulb page; 4000K Cool White variant listed (1350lm),None - official page confirmed
STA-PRE-WAS-HD4,UNIT,Karcher Classic High Pressure Washer,Power Tools,https://www.kaercher.com/my/en/professional/products/hd-4-10-x-classic-kap-15209760.html,https://d1y4tv7o00gnfq.cloudfront.net/mam/15209760/mainproduct/188873/d0.jpg,A,yes,yes,UNIT,needs_permission,candidate,"Exact official MY page for Karcher HD 4/10 X Classic *KAP (order 1.520-976.0, 220V, 100-145 bar, 400 l/h). Model and finish confirmed.",Verify image rights/permission with Karcher MY before commercial use.
STA-SAW-SCR121S2K,UNIT,Stanley 12V Reciprocating Saw,Power Tools,,,C,unresolved,no,UNIT,no_asset,pending,No official MY/asia page found for SCR121S2K; only retailer listings (e.g. UKHardwareTrading SCR121S2K-B1). No brand asset available.,Contact Stanley MY for product asset or availability confirmation.
FAN-TAB-KHI-TF1210SE-LAV,SET,Khind - 12 Table Fan (sweet Lavender),Fans & Ventilation,https://khind.com.my/products/12-table-fan,https://cdn.shopify.com/s/files/1/0921/1566/5177/files/tf1210se-wh-cover_220621111611_9007479b-2adc-4a5c-94d0-ef4226ea6314.jpg?v=1751809399,A,yes,yes,SET (single unit; official sold per unit - verify PCS vs SET),needs_permission,candidate,"Official Khind MY page 'KHIND 12"" Table Fan TF1210SE', Colour Sweet Lavender (SKU FT1210SEXXSLKD); exact model and finish.",Obtain brand permission for image reuse.
BOS-0611-321-0L0,UNIT,Gsh 5CE Demolition Hammer,Power Tools,https://www.bosch-pt.com.my/my/en/products/gsh-5-ce-06113210L0,https://www.bosch-pt.com.my/binary/ocsmedia/optimized/750x422/o36076v54_f4gd7027_GSH_5_CE_V01.png,A,yes,yes,"OK: single unit SKU 0 611 321 0L0, SDS-max demolition hammer",needs_permission,candidate,Exact MY page for GSH 5 CE 0 611 321 0L0 on bosch-pt.com.my; og:image captured from page,None
ELE-CAB-WIR-MKK-2.5MM-GRE,ROLL,MKK Cable 2.5MM (7/0.49MM) Green,Electrical,,-,C,unresolved,unresolved,ROLL plausible but unverified,no_asset,pending,No official MKK site; green colour and 7/0.49 spec unverifiable from official source.,Obtain product photo/spec sheet from MKK distributor.
ELE-D/L-MEG-YTP45Z1-15W-3000K,PCS,Megaman LED Stick Bulb E27 YTP45Z1 15W/3000K,Lighting,https://megaman.com.my/product/led-stick/,https://megaman.com.my/wp-content/uploads/2020/12/Untitled-8-2.jpg,A,yes,yes,PCS,needs_permission,candidate,YTP45Z1 15W E27 confirmed on official MY LED Stick Bulb page; 3000K Warm White variant listed (1200lm),None - official page confirmed
FAN-WAL-TAICON-TC-11007,SET,Taicon 16 Wall Fan Sirim-blk,Fans & Ventilation,,,R,unresolved,unresolved,SET plausible (wall fan motor + 5 blades packaged); unverifiable without official source,no_asset,reject,No official Taicon website; model unverifiable against official source; TC-11007 16in black SIRIM 5-blade wall fan unconfirmed,request catalogue/photo from Taicon distributor
BOS-0601-1A2-1L0,UNIT,Gsb Impact Drill,Power Tools,https://www.bosch-pt.com.my/my/en/products/gsb-20-2-re-06011A21L0,https://www.bosch-pt.com.my/binary/ocsmedia/optimized/750x422/o275202v54_lv-95422-12-GSB_20_2_RE_Keyed_Dy.png,A,yes,yes,"OK: single unit SKU 0 601 1A2 1L0, 800W impact drill",needs_permission,candidate,Exact MY page for GSB 20-2 RE 0 601 1A2 1L0 on bosch-pt.com.my; og:image captured from page,None
BOS-0601-9N9-0L0C1,SET,Gws + Gds + Gsb Plus Combo Set,Power Tools,,,C,unresolved,unresolved,SET row matches combo nature of item,no_asset,pending,"Exact combo 0 601 9N9 0L0C1 (GWS 18V-8 + GDS + GSB combo) not found on MY site (site search has no direct match). Only the solo GWS 18V-8 page 0 601 9N9 0L0 exists, which is a different order number and not usable as exact match",Confirm exact combo order code with supplier; obtain official page/image from Bosch MY
ELE-D/L-MEG-YTP38B1-10W-3000K,PCS,Megaman LED Stick Bulb Plc YTP38B1 10W/3000K,Lighting,https://megaman.com.my/product/led-stick/,https://megaman.com.my/wp-content/uploads/2020/12/Untitled-8-2.jpg,A,yes,yes,PCS,needs_permission,candidate,YTP38B1 10W PLC confirmed on official MY LED Stick Bulb page; 3000K Warm White variant listed (720lm),None - official page confirmed
ELE-D/L-TC-3260-32W-RND,PCS,Taicon 32W Adjusted LED Round (TC-3260),Lighting,,,R,unresolved,unresolved,PCS plausible for single downlight; unverifiable without official source,no_asset,reject,No official Taicon website; model unverifiable against official source; TC-3260 32W round downlight unconfirmed,request catalogue/photo from Taicon distributor
BOS-AHI2-4PC,UNIT,Adelino S/steel Multi Stage Centrifugal Pump (0.75HP),Pumps & Water,,,C,unresolved,unresolved,OK: single pump unit,no_asset,pending,Same as BOS-AHI4-4PC-R: Adelino has no bosch-pt.com.my product pages (0 search results); official naming (e.g. AWJ2 / BL(T)) lacks 0.75HP rating,Confirm official Adelino model number and official page with Bosch MY / distributor
KHI-FRY-ARF35,SET,Khind Air Fryer (mint),Home Appliances,https://khind.com.my/products/khind-3-5l-air-fryer-arf35,https://cdn.shopify.com/s/files/1/0921/1566/5177/files/ssmy.zone-1682563305-ARF35_Mint_WH_Cover.jpg?v=1751809314,A,yes,yes,SET (single unit; official sold per unit - verify PCS vs SET),needs_permission,candidate,"Official Khind MY page 'KHIND 3.5L Air Fryer ARF35', Colour Mint; exact match.",Obtain brand permission for image reuse.
STA-DRI-SCD10D2K,UNIT,Stanley 12V Tower Up Drill/driver 2.0AH,Power Tools,,,C,unresolved,no,UNIT,no_asset,pending,No official MY/asia page found for SCD10D2K; appears only in Stanley 2025 catalog and retailer listings (e.g. TheLeedenStore MY). No brand asset available.,Contact Stanley MY for product asset or availability confirmation.
BOS-0601-9F7-0L0,UNIT,Gsr Battery Screwdriver,Hand Tools,https://www.bosch-pt.com.my/my/en/products/gsr-120-li-06019G80L0,https://www.bosch-pt.com.my/binary/ocsmedia/optimized/750x422/o338447v54_o338447v12gsr_120-li_full_execution_06019G8080_06019G80F0_06019G80F1_06019G80K0_06019G80L0.png,B,no,yes,UNIT (consistent),needs_permission,candidate,Official MY page for PRO GSR 120-LI (model 120-LI match); page order variant is 0 601 9G8 0L0 (2x2.0Ah); item order 0 601 9F7 0L0 not found on any official Bosch page.,"Verify order number 0 601 9F7 0L0; if single-battery kit differs, capture variant-specific page/image."
BOS-0611-924-0L1,UNIT,Gbh Batt. Rotary Hammer,Power Tools,https://www.bosch-pt.com.my/my/en/products/gbh-185-li-06119240L1,https://www.bosch-pt.com.my/binary/ocsmedia/optimized/750x422/o397710v54_GBH_185-Li_4Ah_Ghost_Image_dyn.png,A,yes,yes,UNIT (consistent),needs_permission,candidate,"Exact match: PRO GBH 185-LI Cordless Rotary Hammer SDS plus, order 0 611 924 0L1, 18V, MY official page (1689 MYR).",None.
ELE-D/L-MEG-YTA60Z1-10W-4000K,PCS,Megaman A60 E27 LED Bulb YTA60Z1 10W/4000K,Lighting,https://megaman.com.my/product/led-g-a-bulb/,https://megaman.com.my/wp-content/uploads/2020/12/1-min.jpg,A,yes,yes,PCS,needs_permission,candidate,YTA60Z1 10W confirmed on official MY LED G/A Bulb page; 4000K Cool White variant listed (810lm),None - official page confirmed
ELE-D/L-MEG-YTA70Z1-15W-4000K,PCS,Megaman A70 E27 LED Bulb YTA70Z1 15W/4000K,Lighting,https://megaman.com.my/product/led-g-a-bulb/,https://megaman.com.my/wp-content/uploads/2020/12/1-min.jpg,A,yes,yes,PCS,needs_permission,candidate,YTA70Z1 15W confirmed on official MY LED G/A Bulb page; 4000K Cool White variant listed (1350lm),None - official page confirmed
ELE-D/L-TC-2261-32W-SQ,PCS,Taicon 32W Adjusted LED Square (TC-2261),Lighting,,,R,unresolved,unresolved,PCS plausible for single downlight; unverifiable without official source,no_asset,reject,No official Taicon website; model unverifiable against official source; TC-2261 32W square downlight unconfirmed,request catalogue/photo from Taicon distributor
KHI-COO-RC828N,SET,Khind Rice Cooker 2.8L,Home Appliances,https://khind.com.my/products/khind-electric-rice-cooker-cool-grey-490095298,https://cdn.shopify.com/s/files/1/0921/1566/5177/files/rc828n-wh-cover-coolgrey_111021154853_714986b7-6896-4693-98dc-6a2a2f222730.jpg?v=1751809645,B,unresolved,yes,SET (single unit; official sold per unit - verify PCS vs SET),needs_permission,candidate,"Official Khind MY page 'KHIND 2.8L Electric Rice Cooker RC828N' found; two colour variants exist (Cool Grey and Light Winter Grey) and item display name specifies no colour, so finish unresolved.",Confirm which colour variant (Cool Grey vs Light Winter Grey) the stock carries before using image.
BOS-0601-9K0-0L0,UNITS,Gds Batt. Impact Wrench 18V-400,Power Tools,,,C,unresolved,yes,UNITS (page/UOM expected UNIT),unknown,pending,"Model/order 0 601 9K0 0L0 confirmed on global and SG Bosch Professional sites (18V, 400Nm) but no bosch-pt.com.my page exists (direct URL 404; search returned none).","Confirm MY availability; if needed use global Bosch page with permission, or ask Bosch MY for page."
ELE-D/L-MEG-YTP45B1-15W-4000K,PCS,Megaman LED Stick Bulb Plc YTP45B1 15W/4000K,Lighting,,,C,unresolved,no,PCS,no_asset,pending,Official MY LED Stick Bulb page lists YTP45BA (not YTP45B1) for 15W PLC; YTP45B1 code not found on megaman.com.my or in web search,Verify correct SKU code (YTP45BA vs YTP45B1); official family page: https://megaman.com.my/product/led-stick/
"EXH-FAN-KHI-08""-WHI-EF8001",SET,Khind 8 Exhaust Fan (off White),Fans & Ventilation,https://khind.com.my/products/khind-exhaust-fan-ef8001,https://cdn.shopify.com/s/files/1/0921/1566/5177/files/Khind_20Exhaust_20Fan_20EF8001_thumbnail_d9127cde-d554-45dc-b621-6ff1383e5c83.jpg?v=1751809705,A,yes,yes,SET (single unit; official sold per unit - verify PCS vs SET),needs_permission,candidate,"Official Khind MY page 'KHIND Exhaust Fan EF8001' 8""; SKU FE8001XXXXOWKD confirms off-white finish (page spec lists 'White').","Obtain brand permission; note page lists White vs catalog off-white - visually consistent, no separate variant."
GAS-COO-TC-2288-PGC,SET,Taicon Portable Gas Cooker,Home Appliances,,,R,unresolved,unresolved,SET plausible (portable cooker sold with packaging/accessories); unverifiable without official source,no_asset,reject,No official Taicon website; model unverifiable against official source; TC-2288PGC portable gas cooker unconfirmed,request catalogue/photo from Taicon distributor
BOS-0601-228-1L2,UNIT,Gsb 16RE Impact Drill (blow Mode Set),Power Tools,https://www.bosch-pt.com.my/my/en/products/gsb-16-re-06012281L2,https://www.bosch-pt.com.my/binary/ocsmedia/optimized/750x422/o260252v54_lv-84560-12-GSB_16_RE_dyn_highres_02.png,A,yes,yes,UNIT (consistent),needs_permission,candidate,"Exact match: PRO GSB 16 RE Impact Drill, order 0 601 228 1L2 (carrying case w/ chuck key), MY official page (499 MYR). Blow-mode-set retail naming matches.",None.
BOS-0601-9G8-1L7,UNIT,Gsb 121B Batt. Impact Drill (1 Batt.),Power Tools,https://www.bosch-pt.com.my/my/en/products/gsb-120-li-06019G81L0,https://www.bosch-pt.com.my/binary/ocsmedia/optimized/750x422/o338476v54_o338476v12gsb_120-li_full_execution_06019G8180_06019G81K0_06019G81L0.png,B,no,yes,UNIT (consistent),needs_permission,candidate,Order 0 601 9G8 1L7 not listed on any official page; official model is GSB 120-LI (MY page variants 1L0/1L1). Item label GSB 121B corresponds to GSB 120-LI Gen2 1-battery kit.,Confirm 1-batt variant order number; replace with exact variant page/image if available.
BOS-2608-522-406,PCS,Impact Bit PH2 X 110MM,Power Tools,https://www.bosch-pt.com.my/my/en/pro-long-groove-double-ended-impact-bit-3095581-ocs-ac/,https://www.bosch-pt.com.my/binary/ocsmedia/optimized/750x422/o469860v82_2608522406_bo_pro_u_f_1.png,A,yes,yes,PCS (MY page lists pack qty 1 Pcs; retailers sell as 10-pc pack),needs_permission,candidate,"Exact part 2 608 522 406, PRO Impact Long-Groove Double-Ended Bit PH2 x 110mm, listed on MY official accessory page.",None.
BOS-2608-522-407,PCS,Impact Bit PH2 X 150MM,Power Tools,https://www.bosch-pt.com.my/my/en/pro-long-groove-double-ended-impact-bit-3095581-ocs-ac/,https://www.bosch-pt.com.my/binary/ocsmedia/optimized/750x422/o466604v82_2608522407_bo_pro_u_f_1.png,A,yes,yes,PCS (MY page lists pack qty 1 Pcs; retailers sell as 5-pc pack),needs_permission,candidate,"Exact part 2 608 522 407, PRO Impact Long-Groove Double-Ended Bit PH2 x 150mm, listed on MY official accessory page.",None.
ELE-D/L-MEG-YTA65Z2-12W,PCS,Megaman A65 E27 LED Bulb,Lighting,https://megaman.com.my/product/led-g-a-bulb/,https://megaman.com.my/wp-content/uploads/2020/12/1-min.jpg,B,unresolved,yes,PCS,needs_permission,candidate,YTA65Z2 12W confirmed on official MY LED G/A Bulb page (1080lm); input specifies no colour temp,Confirm colour temp variant with supplier (page lists 3000K/4000K/6500K)
BOS-0601-9G8-0L4,UNIT,Gsr 121B Batt. Screwdriver (1 Batt.),Hand Tools,https://www.bosch-pt.com.my/my/en/products/gsr-120-li-06019G80L0,https://www.bosch-pt.com.my/binary/ocsmedia/optimized/750x422/o338447v54_o338447v12gsr_120-li_full_execution_06019G8080_06019G80F0_06019G80F1_06019G80K0_06019G80L0.png,B,no,yes,UNIT (consistent),needs_permission,candidate,Order 0 601 9G8 0L4 = GSR 120-LI Gen2 single-battery (2.0Ah) kit; MY page lists only 0 601 9G8 0L0 (2-batt) variant. Item label GSR 121B maps to GSR 120-LI family.,Confirm single-batt variant; capture variant-specific page/image if published.
ELE-BUL-B22-3W-YEL,PCS,Taicon B22 3W LED Color Bulb - Yellow,Lighting,,,R,unresolved,unresolved,PCS consistent with single bulb; unverifiable without official source,no_asset,reject,No official Taicon website; model unverifiable against official source; B22 3W yellow colour bulb unconfirmed,request catalogue/photo from Taicon distributor; alternatively photograph own stock
CHA-SAW-STIHL-MS172,UNIT,Stihl Chainsaw 16 Stihl Chain & Guide BAR,"Rope, Chain & Netting",,,C,unresolved,unresolved,UNIT - chainsaw sold as single unit (MY availability unverified),unknown,pending,No official Malaysian page for STIHL MS 172: stihl.com.my and stihlmalaysia.com.my do not resolve; official West MY importer site stihl-thk.com.my returns 404 for /products/ms-172/ and does not list MS 172 in its chainsaw range (MS 170/MS 180/MS 210/MS 230 etc.); East MY KTS site (stihl-kts.com.my) is inactive. Model is genuine globally (16-inch bar variant exists) but no exact MY official page found - do not invent URLs,"Confirm with Ekoway's supplier whether MS 172 (16"") is carried by STIHL Malaysia (THK Powertools) or is a parallel/regional import; obtain dealer photo + permission if stocked"
ELE-D/L-MEG-YTA70Z1-15W-3000K,PCS,Megaman A70 E27 LED Bulb YTA70Z1 15W/3000K,Lighting,https://megaman.com.my/product/led-g-a-bulb/,https://megaman.com.my/wp-content/uploads/2020/12/1-min.jpg,A,yes,yes,PCS,needs_permission,candidate,YTA70Z1 15W confirmed on official MY LED G/A Bulb page; 3000K Warm White variant listed (1200lm),None - official page confirmed
KET-PSN-NC-GK1WSK,PCS,Panasonic 1.7L Plastick Kettle,Home Appliances,https://www.panasonic.com/my/support/product-archives/consumer/kitchen-appliances/breakfast-appliances/kettles/nc-gk1.specs.html,,A,yes,yes,PCS matches,no_asset,pending,"Official Panasonic MY product-archive specs page confirms Kettle NC-GK1WSK, colour White, 1.7L plastic body. Page is bot-blocked (404 on automated fetch) though live in search index; image URL could not be extracted so none recorded.",Open page in browser to confirm it still resolves; capture product image manually and request usage permission from Panasonic Malaysia.
RUB-TRT02-SA302,UNIT,Rubine Double Spout Wall Mounted S'tap,Home Appliances,,,R,no,no,UNIT match,no_asset,reject,"No official Rubine MY page for RT-SA-302/7C; absent from official manual-download index; only third-party dealer listings exist (chrome finish, not black).",Source from Rubine dealer/supplier with permission; no official asset.
STA-PRE-WAS-BEPW1600L,UNIT,Black+decker Pressure Washer L 110 BAR,Power Tools,https://asia.blackanddecker.global/product/bepw1600l-xd/110-bar-pressure-washer,https://asia.blackanddecker.global/ASIA/PRODUCT/IMAGES/HIRES/BEPW1600L_1.jpg?resize=530x530,A,yes,yes,UNIT,needs_permission,candidate,"Official asia B+D page BEPW1600L-XD, 110 bar pressure washer. Model exact. Wattage discrepancy: brand FB states 1300W, HomePro MY states 1400W.",Verify rated wattage (1300W vs 1400W) and image rights/permission.
"EXH-FAN-KHI-10""-WHI-EF1001",SET,Khind 10 Exhaust Fan (off White),Fans & Ventilation,https://khind.com.my/products/khind-exhaust-fan-ef1001,https://cdn.shopify.com/s/files/1/0921/1566/5177/files/ef1001_010223112124.jpg?v=1751809533,A,yes,yes,SET (single unit; official sold per unit - verify PCS vs SET),needs_permission,candidate,"Official Khind MY page 'KHIND Exhaust Fan EF1001' 10""; SKU FE1001XXXXOWKD confirms off-white finish (page spec lists 'White').","Obtain brand permission; note page lists White vs catalog off-white - visually consistent, no separate variant."
NIP-PHG-1L-A,CAN,1L Platone High Gloss Accent Base,Paint & Sundries,https://www.nipponpaint.com.my/product/platone-high-gloss/,https://www.nipponpaint.com.my/wp-content/uploads/2024/11/platone.webp,C,unresolved,unresolved,Nominal 1L tins actually filled 0.90-0.94L per MY trade (HomePro BASE P 0.94L); official page silent on sizes/bases,needs_permission,pending,"Official page confirms Platone High Gloss alkyd enamel line; ""Accent Base"" tinting-base variant and 1L pack not shown on official page (trade shows Base P/Base D SKUs)",Confirm Accent Base (Base A?) SKU code and fill size with Nippon Paint MY
NIP-PHG-5L-A,CAN,5L Platone High Gloss Accent Base,Paint & Sundries,https://www.nipponpaint.com.my/product/platone-high-gloss/,https://www.nipponpaint.com.my/wp-content/uploads/2024/11/platone.webp,C,unresolved,unresolved,5L is common trade pack for Platone High Gloss; official page silent on sizes/bases,needs_permission,pending,Official page confirms Platone High Gloss line; Accent Base variant in 5L not confirmed on official page,Confirm 5L Accent Base availability with Nippon Paint MY
BOS-0601-068-000,UNIT,Gol 26D Optical Leveller,Power Tools,https://www.bosch-pt.com.my/my/en/products/gol-26-d-0601068000,https://www.bosch-pt.com.my/binary/ocsmedia/optimized/750x422/o451656v54_GOL_26_D_SOS_0601068000_f4_V2.png,A,yes,yes,UNIT (consistent),needs_permission,candidate,"Exact match: PRO GOL 26 D Optical Level, order 0 601 068 000, MY official page (1099 MYR).",None.
CHA-SAW-STIHL-MS162,UNIT,Stihl Chainsaw 14 Stihl Chain & Guide BAR,"Rope, Chain & Netting",,,C,unresolved,unresolved,UNIT - chainsaw sold as single unit (MY availability unverified),unknown,pending,No official Malaysian page for STIHL MS 162: stihl.com.my / stihlmalaysia.com.my do not resolve; stihl-thk.com.my (official West MY importer) returns 404 for /products/ms-162/ and does not list MS 162 in its chainsaw range; East MY KTS site inactive. Model is genuine globally (14-inch bar variant exists) but no exact MY official page found - do not invent URLs,"Confirm with Ekoway's supplier whether MS 162 (14"") is carried by STIHL Malaysia (THK Powertools) or is a parallel/regional import; obtain dealer photo + permission if stocked"
KHI-COO-RC806N,SET,Khind 0.6L Rice Cooker (light Winter GREY)-RC806N,Home Appliances,https://khind.com.my/products/khind-electric-rice-cooker-light-winter-grey,https://cdn.shopify.com/s/files/1/0921/1566/5177/files/rc806n-wh-cover-lightwintergrey_111021153752_e42fbdf3-0718-455a-8986-c57ca0bc3154.jpg?v=1751809474,A,yes,yes,SET (single unit; official sold per unit - verify PCS vs SET),needs_permission,candidate,"Official Khind MY page 'KHIND 0.6L Electric Rice Cooker RC806N', Colour Light Winter Grey; exact model and finish match.",Obtain brand permission for image reuse.
KHI-TOA-BT808,SET,Khind Bread Toaster (mint),Home Appliances,https://khind.com.my/products/khind-2-slices-bread-toaster-with-anti-dust-cover-bt808,https://cdn.shopify.com/s/files/1/0921/1566/5177/files/BT808_cover_WH.jpg?v=1751809360,A,yes,yes,SET (single unit; official sold per unit - verify PCS vs SET),needs_permission,candidate,"Official Khind MY page 'KHIND 2 Slices Bread Toaster with Anti-Dust Cover BT808', Colour Mint; exact match. CSV detected_model '2SLICES' is not a model code - actual model is BT808.",Obtain brand permission; correct detected_model field to BT808.
STA-PRE-WAS-BCPC20D1,UNIT,Black+decker 20V Power Cleaner,Chemicals & Adhesives,https://asia.blackanddecker.global/product/bcpc20d1-b1/pressure-gun-cleaning-battery-20v-350-psi,https://asia.blackanddecker.global/ASIA/PRODUCT/IMAGES/HIRES/BCPC20D1_10.jpg?resize=530x530,A,yes,yes,SET,needs_permission,candidate,"Official asia B+D page BCPC20D1-B1, 20V 350 PSI Power Cleaner. Model exact. B1 indicates kit (battery + charger); CSV lists UNIT, likely should be SET.",Confirm kit contents and UOM (SET vs UNIT) with buying team; verify image rights.
STI-BRU-CUT-FR3001,UNIT,Stihl Brush Cutter,Outdoor & Garden,https://stihl-thk.com.my/products/fr-3001/,https://stihl-thk.com.my/wp-content/uploads/2023/03/FR-3001.jpg,B,unresolved,yes,UNIT - sold as single brushcutter unit,needs_permission,candidate,Exact match: official West Malaysia STIHL importer (THK Powertools) product page confirms FR 3001 brushcutter (30.5 cc backpack type) with FR 3001 product image; detected model FR3001 matches exactly; verified FR 3001 (not FS/FR 230) is the official MY model,"Request image usage permission from THK Powertools (M) Sdn Bhd / STIHL Malaysia; confirm kit contents (AutoCut head / 2T blade, backpack harness) match Ekoway's stock"
BOS-AQSD110F,UNIT,Adelino Submersible Sewage Pump 1.1KW,Pumps & Water,,,R,no,no,UNIT (consistent),no_asset,reject,"Brand is ADELINO, not Bosch Power Tools: submersible sewage pump AQSD110F/WVSD110F 1.1kW (1.5HP); no official Bosch MY page exists.",Route to Adelino/water-pump brand owner; exclude from Bosch sourcing.
NIP-PHG-1L-P,CAN,1L Platone High Gloss Paster Base,Paint & Sundries,https://www.nipponpaint.com.my/product/platone-high-gloss/,https://www.nipponpaint.com.my/wp-content/uploads/2024/11/platone.webp,C,unresolved,unresolved,"Trade shows 1L nominal as 0.94L ""BASE P"" tin (HomePro 415P4); official page silent",needs_permission,pending,"Official page confirms Platone High Gloss line; ""Paster Base"" naming not used on official page - trade calls it BASE P; exact 1L pack unconfirmed","Match ""Paster Base"" to official BASE P SKU code; confirm fill size"
PSN-TK-CS10-WMA,PCS,Panasonic Water Purifier (white),Home Appliances,https://www.panasonic.com/my/consumer/kitchen-appliance/water/water-purifier/tk-cs10.html,https://panasonic.com/content/dam/panasonic/my/en/pim/dam/TK/TK-CS1/TK-CS10/ast-1864838.png,A,yes,yes,PCS matches,needs_permission,candidate,Official Panasonic MY page titled Water Purifier TK-CS10-WMA (white). Item code verified CORRECT; CSV detected_model CS200-WMA is wrong (that is a different model TK-CS200) - fix detected_model to TK-CS10-WMA.,Download og:image; request image usage permission from Panasonic Malaysia; correct detected_model field.
STA-CHO-SSC22,UNIT,Stanley Chopsaw 2200W 355MM,Power Tools,https://my.stanleytools.global/product/ssc22-xd/2200w-355mm-chop-saw,https://my.stanleytools.global/ASIA/PRODUCT/IMAGES/HIRES/SSC22_1.jpg?resize=530x530,A,yes,yes,UNIT,needs_permission,candidate,"Exact official MY page SSC22-XD, 2200W 355mm chop saw confirmed. Model and finish exact.",Verify image rights/permission with Stanley MY before commercial use.
BOS-0601-9K3-1L2C1,SET,Gsb + Gdr Kit Combo Kit,Power Tools,https://www.bosch-pt.com.my/my/en/products/gsb-185-li-06019K31L2,https://www.bosch-pt.com.my/binary/ocsmedia/optimized/750x422/o363996v54_9gsb_185-li_sos_06019K31K2.png,B,unresolved,yes,SET (page shows single-tool kit 0 601 9K3 1L2; GSB+GDR combo content unverified),needs_permission,candidate,Official MY page for GSB 185-LI (order 0 601 9K3 1L2). No MY page for a GSB+GDR combo kit found; GDR component of order 0 601 9K3 1L2C1 unconfirmed.,Confirm exact combo contents/order 0 601 9K3 1L2C1; update to combo-specific MY page/image if available.
NIP-PHG-5L-P,CAN,5L Platone High Gloss Paster Base,Paint & Sundries,https://www.nipponpaint.com.my/product/platone-high-gloss/,https://www.nipponpaint.com.my/wp-content/uploads/2024/11/platone.webp,C,unresolved,unresolved,5L common trade pack; official page silent on sizes/bases,needs_permission,pending,Official page confirms Platone High Gloss line; Paster (P) Base in 5L not confirmed on official page,Confirm 5L Paster Base availability with Nippon Paint MY
OVEN-KHI-TOA-OT3005,SET,Khind Oven Toaster (black),Home Appliances,https://khind.com.my/products/khind-electric-oven-ot3005,https://cdn.shopify.com/s/files/1/0921/1566/5177/files/OT3005-KOL02_1ecd9a79-1018-4b1d-ac81-dbaaf2223795.jpg?v=1751809728,A,yes,yes,SET (single unit; official sold per unit - verify PCS vs SET),needs_permission,candidate,"Official Khind MY page 'KHIND Electric Oven OT3005' 30L, Colour Black (SKU OT3005XXXXBKKD); exact match.",Obtain brand permission for image reuse.
PAI-SPR-SAM-2K01,PCS,Samurai Clearcoat Spray,Paint & Sundries,https://samuraipaint.com/products/2k01-top-coat-clear,https://samuraipaint.com/cdn/shop/files/2K01_467e5ff6-2529-4889-b249-e99de298513f.jpg?v=1754291362&width=1100,A,yes,yes,PCS matches (per aerosol can),needs_permission,candidate,"samuraipaint.com is the official Samurai Paint Malaysia store (SAMURAI 2K AEROSOL SDN BHD, Johor Bahru). Product 2K01 Top Coat Clear (2-component clearcoat) exact match.",Request image usage permission from Samurai 2K Aerosol Sdn Bhd (support@samuraipaint.jp).
NIP-QSH-EXT-20L-P,DRUM,18L Nippon Q-shield Extra Pastel Base,Paint & Sundries,https://www.nipponpaint.com.my/product/q-shield-extra/,https://www.nipponpaint.com.my/wp-content/uploads/2024/11/q-shield-extra-new.webp,C,unresolved,unresolved,Display name says 18L but item_code says 20L - internal conflict; trade sells 18L; official page silent on sizes/bases,needs_permission,pending,"Official page confirms Q-Shield Extra exterior matt topcoat; ""Pastel Base"" tinting-base variant and 18L pack not stated on official page (trade shows 0.94L LS BASE L)",Resolve 18L-vs-20L code/name conflict; confirm Pastel Base SKU with Nippon Paint MY
PSN-TK-CS200C-EX,PCS,Panasonic Water Cartridge,Home Appliances,https://www.panasonic.com/my/consumer/kitchen-appliance/water/cartridge/tk-cs200c-ex.html,https://panasonic.com/content/dam/panasonic/my/en/pim/dam/TK/TK-CS2/TK-CS200C/ast-1885804.jpg,A,yes,yes,PCS matches,needs_permission,candidate,Official Panasonic MY replacement cartridge page TK-CS200C-EX (fits TK-CS200/CS20/CS10 purifiers); RM65; exact model match.,Download og:image; request image usage permission from Panasonic Malaysia.
STA-TRI-ST55,UNIT,Stanley 550W 6.35MM Corded Trimmer,Power Tools,https://my.stanleytools.global/product/st55-b1/550w-palm-router,https://my.stanleytools.global/ASIA/PRODUCT/IMAGES/HIRES/ST55_1.jpg?resize=530x530,B,no,no,UNIT,needs_permission,pending,"Requested ST55-XD not on official MY site; closest official page is ST55-B1 (550W palm router, 6.35mm). Same model family, variant suffix differs. Retailers confirm ST55-XD is sold in MY.",Confirm whether ST55-B1 official asset is acceptable for ST55-XD or request exact ST55-XD asset from Stanley MY.
TAP-SAN-SWP-SS-304-3937-MB,PCS,Saniware Premier Kitchen Pillar Sink Tap-matt Blk,Kitchen & Sinks,,,C,no,unresolved,unverified for MB variant,no_asset,pending,Base model SWP-SS-304-3937 exists (Pan Timur) in SS finish only; matt-black MB variant not found on official site or distributors,Confirm matt black variant availability and obtain official asset from supplier
BOS-0611-338-9L1,UNIT,Gsh 5MX Demolition Hammer,Power Tools,https://www.bosch-pt.com.my/my/en/products/gsh5mx-06113389L1,https://www.bosch-pt.com.my/binary/ocsmedia/optimized/750x422/o596317v54_o587462v12.png,A,yes,yes,UNIT (consistent),needs_permission,candidate,"Exact match: PRO GSH5MX Demolition Hammer SDS max, order 0 611 338 9L1, MY official page (999 MYR).",None.
ELE-D/L-MEG-YTP38Z1-10W,PCS,Megaman LED Stick Bulb E27 YTP38Z1 10W/6500K,Lighting,https://megaman.com.my/product/led-stick/,https://megaman.com.my/wp-content/uploads/2020/12/Untitled-8-2.jpg,A,yes,yes,PCS,needs_permission,candidate,YTP38Z1 10W E27 confirmed on official MY LED Stick Bulb page; 6500K Daylight variant listed (810lm),None - official page confirmed
X-LOC-YALE-Y120B-50-KA3,SET,Yale (key Alike) Boron Shackle Padlock Y120B-50-KA3,Lifting & Rigging,,-,C,unresolved,no,SET correct for keyed-alike multipack,no_asset,pending,SKU Y120B-50-KA3 not an official Yale code; closest official family Y120B/50/127/x keyed-alike multipacks on yalehome.com/my (e.g. /3 sold via distributors). Exact model page absent; no URL invented.,Confirm SKU mapping with Yale/ASSA ABLOY MY distributor (likely Y120B/50/127/3 keyed-alike 3-pack) then source image from official Y120B series page.
ELE-CAB-WIR-MKK-1.5MM-YELLOW,ROLL,MKK Cable 1.5MM (7/0.39MM) Yellow,Electrical,,-,C,unresolved,unresolved,ROLL plausible but unverified,no_asset,pending,No official MKK site; yellow colour and 7/0.39 spec unverifiable from official source.,Obtain product photo/spec sheet from MKK distributor.
NIP-WTRB-5L-P,CAN,5L Nippon Weatherbond Quartz Pastel Base,Paint & Sundries,https://www.nipponpaint.com.my/product/weatherbond-quartz/,https://www.nipponpaint.com.my/wp-content/uploads/2024/12/weatherbond-quartz-best-in-class.webp,C,unresolved,unresolved,5L standard Weatherbond trade pack; official page silent on sizes/bases,needs_permission,pending,Official page confirms Weatherbond Quartz sheen exterior line; Pastel Base tinting-base variant and 5L pack not shown on official page or official store,Confirm Pastel Base SKU and 5L pack with Nippon Paint MY
STA-POL-SP137,UNIT,Stanley 1300W 180MM Polisher,Power Tools,https://my.stanleytools.global/product/sp137-xd/1300w-180mm-polisher,https://my.stanleytools.global/ASIA/PRODUCT/IMAGES/HIRES/SP137_1.jpg?resize=530x530,A,yes,yes,UNIT,needs_permission,candidate,"Exact official MY page SP137-XD, 1300W 180mm polisher confirmed. Model and finish exact.",Verify image rights/permission with Stanley MY before commercial use.
ELE-D/L-MEG-YTP38Z1-10W-4000K,PCS,Megaman LED Stick Bulb E27 YTP38Z1 10W/4000K,Lighting,https://megaman.com.my/product/led-stick/,https://megaman.com.my/wp-content/uploads/2020/12/Untitled-8-2.jpg,A,yes,yes,PCS,needs_permission,candidate,YTP38Z1 10W E27 confirmed on official MY LED Stick Bulb page; 4000K Cool White variant listed (810lm),None - official page confirmed
FAN-CEI-DEKA-CCNL54RG12,UNIT,Deka Ceiling Fan Geno Rose Gold,Fans & Ventilation,https://deka.my/geno-54-led/,https://deka.my/wp-content/uploads/2025/07/GENO-54LED-RG-Jpg.jpg,A,yes,yes,UNIT - official page sells as single retail unit,needs_permission,candidate,Official deka.my GENO 54LED page confirms 54-inch LED model with Rose Gold (RG) colour option and RG product image; item code prefix CCNL differs from Geno CGNL series codes,Verify item code CCNL54RG12 prefix with supplier (likely typo for CGNL54RG12); request permission from Deka
FAN-FLO-KHI-FF1803B,SET,Floor Fan 18,Fans & Ventilation,https://khind.com.my/products/khind-18-industrial-floor-fan,https://cdn.shopify.com/s/files/1/0921/1566/5177/files/ff1803b_220923182730.jpg?v=1751809195,A,yes,yes,SET (single unit; official sold per unit - verify PCS vs SET),needs_permission,candidate,"Official Khind MY page 'KHIND 18"" Industrial Floor Fan FF1803B'; SKU FF1803BXXXBKKD confirms black finish (page spec 'Colour' field is malformed on site).",Obtain brand permission; confirm 18-inch blade size vs 20-inch variant FF2003B not substituted.
STA-PLA-STEL630,UNIT,Stanley Planer 82MM,Power Tools,https://my.stanleytools.global/product/stel630-xd/750w-9mm-planer,https://my.stanleytools.global/ASIA/PRODUCT/IMAGES/HIRES/STEL630_1.jpg?resize=530x530,A,yes,yes,UNIT,needs_permission,candidate,"Exact official MY page STEL630-XD, 750W planer with 82mm planing width confirmed. Model and finish exact.",Verify image rights/permission with Stanley MY before commercial use.
BOS-0601-387-0L0,UNIT,Gex Eccentric Disc Sander 125-1A,Power Tools,https://www.bosch-pt.com.my/my/en/products/gex-125-1-a-06013870L0,https://www.bosch-pt.com.my/binary/ocsmedia/optimized/750x422/o275485v54_lv-50426-12-50426.png,A,yes,yes,UNIT,needs_permission,candidate,"Official MY page with exact order 0 601 387 0L0. Page is titled 'PRO GEX 125-1 AE' by Bosch MY but SKU/article 3 601 C87 0.. plus fixed 12,000 rpm confirm it is the GEX 125-1 A (250 W); matches display name 'Gex 125-1A'. Model+finish exact.",Verify with Bosch MY that the AE-labelled page is the correct asset for the 125-1A (0 601 387 0L0) before publishing.
ELE-D/L-MEG-YTG45Z1-5W,PCS,Megaman G45 E27 LED Bulb YTG45Z1/5W 5W/6500K,Lighting,https://megaman.com.my/product/led-g-a-bulb/,https://megaman.com.my/wp-content/uploads/2020/12/1-min.jpg,A,yes,yes,PCS,needs_permission,candidate,YTG45Z1 5W confirmed on official MY LED G/A Bulb page; 6500K Daylight variant listed (450lm),None - official page confirmed
NIP-SEA-5170-20L,DRUM,20L Nippon Acrylic 5170 Wall Sealer,Paint & Sundries,https://www.nipponpaint.com.my/product/acrylic-5170-wall-sealer/,https://www.nipponpaint.com.my/wp-content/uploads/2024/11/acrylic-5170-wall-sealer.webp,C,unresolved,unresolved,Official shoponline store has a Packsize dropdown (options not rendered); 20L is common trade drum for 5170,needs_permission,pending,Official page confirms Acrylic 5170 Wall Sealer solvent-based sealer; exact 20L pack not confirmed on official page,Open official shoponline packsize options or ask Nippon Paint MY to confirm 20L SKU
NIP-VIN-EAS-15L-A,DRUM,15L Nippon Vinilex Easywash Accent Base,Paint & Sundries,,C,R,no,no,FAIL: official EasyWash packs are 1L/5L/18L (shoponline.nipponpaint.com.my/easywash.html); 15L not offered; no Accent Base variant - EasyWash is a pre-mixed interior topcoat,no_asset,reject,"No official ""Vinilex Easywash"" product exists on nipponpaint.com.my - official line is ""EasyWash"" (interior matt topcoat, 1L/5L/18L). Row's line name (Vinilex prefix), 15L size and Accent Base base-type all fail exact-match rules",Drop listing or re-spec as EasyWash 18L; re-source image only after product re-spec is approved
TAP-SAN-SWS-304-3964,PCS,Saniware Sliver Kitchen W Sink Tap,Kitchen & Sinks,https://saniware.com/product/sws-304-3964/,https://saniware.com/wp-content/uploads/2021/03/SWS-304-3964.jpg,A,yes,yes,PCS ok (per-unit listing),needs_permission,candidate,"Official page found: exact SKU SWS-304-3964 Kitchen Wall Sink Tap in silver, 39 Series; official image available",Request permission from Saniware/TC Bath Mart for catalogue image use
JUG-KHI-KET-EK5813,SET,Khind 1.7L Jug Kettle (white),Home Appliances,https://khind.com.my/products/khind-electric-jug-kettle-ek5813,https://cdn.shopify.com/s/files/1/0921/1566/5177/files/ek5813_220523154827.jpg?v=1751809735,A,yes,yes,SET (single unit; official sold per unit - verify PCS vs SET),needs_permission,candidate,"Official Khind MY page 'KHIND 1.7L Electric Jug Kettle EK5813', Colour White; exact match.",Obtain brand permission for image reuse.
NIP-PHG-5L-MBLK,CAN,5L Platone High Gloss 8103 Matt Black,Paint & Sundries,https://www.nipponpaint.com.my/product/platone-high-gloss/,https://www.nipponpaint.com.my/wp-content/uploads/2024/11/platone.webp,C,unresolved,unresolved,5L offered for 8103 Matt Black in MY trade (Cheng Huat / Bitara variant lists); official page silent on codes/sizes,needs_permission,pending,Official page confirms Platone High Gloss line; colour 8103 Matt Black appears in trade colour lists and Platone colour-card ecosystem but is not printed on the official product page; 5L pack unconfirmed officially,Verify 8103 Matt Black 5L against official Platone colour card PDF; request image permission
NIP-SAT-GLO-5L-145,CAN,5L Nippon Satin Glo 145 White,Paint & Sundries,https://www.nipponpaint.com.my/product/satin-glo/,https://www.nipponpaint.com.my/wp-content/uploads/2024/11/Satin-Glo.webp,C,unresolved,unresolved,5L plausible but not confirmed; official shoponline colour picker did not show 145 White,needs_permission,pending,Official page confirms Satin Glo line; 145 White colour code and 5L pack not verifiable on official pages,Verify Satin Glo 145 White 5L SKU with Nippon Paint MY
NIP-WTRB-18L-A,DRUM,18L Nippon Weatherbond Quartz Accent Base,Paint & Sundries,https://www.nipponpaint.com.my/product/weatherbond-quartz/,https://www.nipponpaint.com.my/wp-content/uploads/2024/12/weatherbond-quartz-best-in-class.webp,C,unresolved,unresolved,18L standard Weatherbond trade drum; official page silent on sizes/bases,needs_permission,pending,Official page confirms Weatherbond Quartz line; Accent Base tinting-base variant and 18L pack not shown on official page/store,Confirm Accent Base SKU and 18L pack with Nippon Paint MY
NIP-WTRB-18L-T,DRUM,18L Nippon Weatherbond Quartz Tint Base,Paint & Sundries,https://www.nipponpaint.com.my/product/weatherbond-quartz/,https://www.nipponpaint.com.my/wp-content/uploads/2024/12/weatherbond-quartz-best-in-class.webp,C,unresolved,unresolved,18L standard Weatherbond trade drum; official page silent on sizes/bases,needs_permission,pending,Official page confirms Weatherbond Quartz line; Tint Base variant and 18L pack not shown on official page/store,Confirm Tint Base SKU and 18L pack with Nippon Paint MY
TAP-SAN-SWP-SS-304-3938-MB,PCS,Saniware Premier Double Spout Kit. Wall Sink Tap-matt Blk,Kitchen & Sinks,,,C,no,unresolved,unverified for MB variant,no_asset,pending,Base model SWP-SS-304-3938 Double Spout Kitchen Wall Sink Tap exists (Pan Timur) in SS finish only; matt-black MB variant not found on official site or distributors,Confirm matt black variant availability and obtain official asset from supplier
"HOS-FLE-GLO-60""",PCS,Glotool Flexible Tube F1/2 X F12 X 60,Outdoor & Garden,https://www.sonichardware.com.my/categories-listing/product/2116-glotool-flexible-tube-stainless-steel-f1-2-x-f1-2,https://www.sonichardware.com.my/images/com_hikashop/upload/01_1223683543.jpg,A,yes,yes,PCS matches (sold per Pcs; packing 1 bag=10pcs),needs_permission,candidate,"Glotool is Sonic Hardware (Sarawak) house brand; sonichardware.com.my is the official brand source. Flexible Tube (Stainless Steel) F1/2 x F1/2 with 60"" length option - exact. Display-name F12 is a typo for F1/2.","Select 60"" variant imagery; request image usage permission from Sonic Hardware sales@sonichardware.com.my; fix F12 typo in display name."
NIP-PHG-5L-D,CAN,5L Platone High Gloss Deep Base,Paint & Sundries,https://www.nipponpaint.com.my/product/platone-high-gloss/,https://www.nipponpaint.com.my/wp-content/uploads/2024/11/platone.webp,C,unresolved,unresolved,Trade shows Deep Base as 0.90L nominal tin (HomePro 41509 BASE D); 5L Deep Base not observed in trade,needs_permission,pending,Official page confirms Platone High Gloss line; Deep (D) Base exists in trade but only as ~1L tin; 5L Deep Base unverified anywhere,Verify whether 5L Deep Base is actually produced; else correct UOM to 1L
BOS-0601-9K3-0L2,UNIT,Gsr Batt. Screwdriver 185-LI,Hand Tools,https://www.bosch-pt.com.my/my/en/products/gsr-185-li-06019K30L2,https://www.bosch-pt.com.my/my/en/ocsmedia/363991-54/application-image/full/cordless-drill-driver-pro-gsr-185-li-06019k30l2.png,A,yes,yes,UNIT,needs_permission,candidate,"Official MY page, order 0 601 9K3 0L2 exact = PRO GSR 185-LI (18 V). Input brief said 'GSR 120-LI' but CSV item code/order number and display name confirm GSR 185-LI; CSV is authoritative.",None.
CHA-SAW-STIHL-MS230,UNIT,Stihl Chainsaw 18 Stihl Chain & Guide BAR,"Rope, Chain & Netting",https://stihl-thk.com.my/products/ms-230/,https://stihl-thk.com.my/wp-content/uploads/2021/04/9ba6436ebe224792bd67edd7d604992a-1.jpg,B,unresolved,yes,UNIT - sold as single chainsaw unit,needs_permission,candidate,Exact model match: official West Malaysia STIHL importer (THK Powertools) page confirms MS 230 petrol chainsaw with MS 230 product image; display name claims 18-inch guide bar but bar size is not stated on the official page; note THK page technical table shows 45.4 cm3 (typically MS 250 displacement) - flag for verification,"Confirm 18"" guide bar variant and displacement with THK/supplier; request image usage permission from THK Powertools (M) Sdn Bhd"
FAN-CEI-DEKA-CX156BK12,UNIT,Deka Ceiling Fan X-one 56 Blk,Fans & Ventilation,https://deka.my/x-one-56/,https://deka.my/wp-content/uploads/2025/11/X-ONE-56-2560X2560-BK.png,A,yes,yes,UNIT - official page sells as single retail unit,needs_permission,candidate,Official deka.my X-ONE 56 page confirms 56-inch model with BK (black) colour option and matching BK product image; X156 code aligns with X-ONE 56,Request image usage permission from Deka Marketing Sdn Bhd; confirm SKU CX156BK12 (X-ONE 56 BK) with supplier
BOS-0600-8A7-FLO,UNIT,Easy Aqt 110 High P/cleaner,Chemicals & Adhesives,,,C,unresolved,unresolved,UNIT,unknown,pending,EasyAquatak 110 order 0 600 8A7 FL0 confirmed via MY retailer (Cheng Huat) but no official product page on bosch-pt.com.my; DIY/green line not listed on the PRO site. Do not invent URLs.,Source from official Bosch DIY/channel asset or obtain brand permission for retailer image; re-check bosch-pt.com.my DIY catalogue.
BOS-0601-375-6L0,UNIT,Gws 060 Angle Grinder,Power Tools,,,C,unresolved,unresolved,UNIT,needs_permission,pending,"GWS 060 order 0 601 375 6L0 (670 W) appears in official MY catalogue PDF (per input note) and MY retailers (Maxpoint, Wilda) but no dedicated product page on bosch-pt.com.my (verified 404 for expected URL). Commercial image permission required per input note.",Confirm official page/asset with Bosch MY; request commercial image rights before use.
STA-HAM-BRU-SBH900M2K,UNIT,Stanley Fatmax V20 Brushless Sds Plus Hammer Drill,Power Tool Accessories,https://my.stanleytools.global/product/sbh900m2k-b1/20v-brushless-sds-hammer,https://my.stanleytools.global/ASIA/PRODUCT/IMAGES/HIRES/SBH900M2K_1.jpg?resize=530x530,A,yes,yes,SET,needs_permission,candidate,"Exact official MY page SBH900M2K-B1, 20V Brushless SDS hammer kit. B1 indicates kit (2x4.0Ah batteries + charger); CSV lists UNIT, likely should be SET.",Confirm kit contents and UOM (SET vs UNIT) with buying team; verify image rights.
ELE-FAJAR-FLX-2.5MM-GREY,MTR,Fajar 2.5MM (50/0.25) X Flexible Cable (grey) (COIL),Electrical,,-,C,unresolved,unresolved,COIL vs official roll packing unverified,no_asset,pending,"Fajar Cables official site (fajarcables.com.my) exists but publishes only category pages + PDF datasheets, no per-model pages/images. 2.5mm 50/0.25 3-core grey cord confirmed to exist via distributors (Intech Electric JB, 90m coil) but not on official site.",Contact Fajar Cables (contact@fajarcables.com.my) for product photo + datasheet; confirm core count (detected_model says 3CORE) and coil length.
ELE-CAB-FLE-P40163CW-ROLL,ROLL,Taicon 40/016 X Flexible Cable,Electrical,,,R,unresolved,unresolved,ROLL consistent with flexible cable; core count/spec (40/016 3-core) unverifiable without official source,no_asset,reject,No official Taicon website; model unverifiable against official source; 40/016 3-core flexible cable specification unconfirmed,request catalogue/photo from Taicon distributor
TAR-SHT-GT2-O/B-6',MTR,Glotool PE Trap (GT-02) 6'X70YDS,Plumbing,https://www.sonichardware.com.my/product/product/1173-pe-tarp-orange-blue,https://www.sonichardware.com.my/images/com_hikashop/upload/08_1145225809.jpg,A,yes,yes,Official UOM is Roll (input COIL treated as equivalent roll unit),needs_permission,candidate,"Sonic Hardware official Glotool PE Tarp Orange/Blue page: Model options GT-01/GT-02/GT-03 (GT-02 present), SIZE 6' X 70 YARD, orange/blue - exact match. Display name PE Trap is a misspelling of PE Tarp.",Request image usage permission from Sonic Hardware; fix Trap->Tarp in display name.
NIP-ROOF-20L-T,UNIT,20L Nippon Roof Coating Tint Base,Building Materials,https://www.nipponpaint.com.my/product/roof-coating/,https://www.nipponpaint.com.my/wp-content/uploads/2024/11/roof-coating.webp,C,unresolved,unresolved,20L plausible trade drum; official page silent on sizes; Tint Base variant unconfirmed,needs_permission,pending,"Official page confirms Roof Coating gloss topcoat for tiles; ""Tint Base"" variant and 20L pack not stated on official page",Confirm Roof Coating Tint Base 20L SKU with Nippon Paint MY
BOS-0611-338-5L0,UNIT,Gsh 500 Demolition Hammer,Power Tools,,,C,unresolved,unresolved,UNIT,unknown,pending,"GSH 500 order 0 611 338 5L0 (older 17 mm hex, 1025 W model) not on official MY site (expected URL 404); MY site carries GSH 500 GEN II (0 611 338 6L0) and GSH5MX (0 611 338 9L1) with different order numbers; 5L0 only confirmed via MY retailer (Eromman).",Confirm whether item is legacy GSH 500 (0 611 338 5L0) or current GEN II (0 611 338 6L0); source from official MY catalogue/retailer asset.
BOS-0611-272-1L4,UNIT,Gbh 2-24 Dre Rotary Hammer Set,Power Tools,https://www.bosch-pt.com.my/my/en/products/gbh-2-24-dre-06112721L0,https://www.bosch-pt.com.my/binary/ocsmedia/optimized/750x422/o246408v54_lv-105498-12-GBH2-24DRE_dyn_02.png,B,yes,yes,UNIT,needs_permission,pending,"Official MY page = PRO GBH 2-24 DRE (790 W) exact model; page lists variants 0 611 272 1L0/1L9 but order 0 611 272 1L4 (set with drill-bit set) is not shown (1L4 URL 404). 1L4 confirmed by MY retailers (Seagull, GH Hardware).",Confirm with Bosch MY that the 1L4 set uses the same product image; otherwise use page image with variant caveat.
NIP-WTRB-18L-WHITE,CAN,18L Nippon Weatherbond Quartz 145 White,Paint & Sundries,https://www.nipponpaint.com.my/product/weatherbond-quartz/,https://www.nipponpaint.com.my/wp-content/uploads/2024/12/weatherbond-quartz-best-in-class.webp,C,unresolved,unresolved,18L White 145 sold in MY trade (Cheng Huat 1L/5L/18L WHITE 145); official page silent on colour codes/sizes,needs_permission,pending,Official page confirms Weatherbond Quartz line; colour 145 White not printed on official page (trade listings suggest White 145 exists in Weatherbond range but Quartz lineage unclear),Confirm whether White 145 18L is Quartz formulation; request official packshot
BOS-0600-8A7-AL0,UNIT,Aquatak 125 High P/cleaner,Chemicals & Adhesives,,,C,unresolved,unresolved,UNIT,unknown,pending,"UniversalAquatak 125 (0 600 8A7 AL0, 1500 W induction motor) confirmed via MY retailer (Cheng Huat) but no official product page on bosch-pt.com.my; DIY/green line not listed on the PRO site. Do not invent URLs.",Source from official Bosch DIY/channel asset or obtain brand permission for retailer image; re-check bosch-pt.com.my DIY catalogue.
NIP-WTRB-WHI-15004,CAN,18L Nippon Weatherbond Quartz 15004 Ws White,Paint & Sundries,https://www.nipponpaint.com.my/product/weatherbond-quartz/,https://www.nipponpaint.com.my/wp-content/uploads/2024/12/weatherbond-quartz-best-in-class.webp,C,unresolved,unresolved,18L 15004 White sold in MY trade (GST Hardware 18L; Shopee 5L); official page silent on colour codes/sizes,needs_permission,pending,"Official page confirms Weatherbond Quartz line; colour 15004 ""WS White"" not printed on any official nipponpaint.com.my page - code seen only in third-party listings",Confirm 15004 WS White official shade name/code; request image permission
NIP-WTRB-5L-WHITE,CAN,5L Nippon Weatherbond 145 White,Paint & Sundries,https://www.nipponpaint.com.my/weatherbond-exterior-paint/,,C,unresolved,unresolved,5L White 145 sold in MY trade for classic Weatherbond; current official range page covers Ultimate/Solareflect Extreme/Hi-Gloss/Quartz without colour codes,unknown,pending,"Only the Weatherbond family page is official; no dedicated official page for legacy plain ""Weatherbond"" 145 White; 5L pack and colour code not confirmed officially",Identify which current Weatherbond variant replaced legacy WB 145 White; re-source accordingly
BOS-0601-6A0-0L0,UNIT,Gkf 550 Router,Power Tools,https://www.bosch-pt.com.my/my/en/products/gkf-550-06016A00L0,https://www.bosch-pt.com.my/binary/ocsmedia/optimized/750x422/o316066v54_gkf_550_dyn_1.png,A,yes,yes,UNIT,needs_permission,candidate,"Official MY page, order 0 601 6A0 0L0 exact = PRO GKF 550 (550 W) palm router. Model+finish exact.",None.
STA-HIGH-PRE-WAS-K2,UNIT,Karcher K2 Power Vps High Pressure Washer,Power Tools,https://www.kaercher.com/my/en/home-and-garden/products/k2-power-vps-kap-11180010.html,https://d1y4tv7o00gnfq.cloudfront.net/mam/11180010/mainproduct/166106/d0.jpg,A,yes,yes,UNIT,needs_permission,candidate,"Exact official MY page K2 Power VPS *KAP (order 1.118-001.0, 20-100 bar, 360 l/h). Model and finish confirmed.",Verify image rights/permission with Karcher MY before commercial use.
STA-PRE-WAS-K3-DEL,UNIT,Karcher Pressure Washer K3 Deluxe Premium,Power Tools,https://www.kaercher.com/my/en/home-and-garden/products/k-3-deluxe-premium-16032200.html,https://d1y4tv7o00gnfq.cloudfront.net/mam/16032200/mainproduct/194232/d0.jpg,A,yes,yes,UNIT,needs_permission,candidate,"Exact official MY page K 3 Deluxe Premium (max 120 bar, 1600W, 380 l/h). Model and finish confirmed.",Verify image rights/permission with Karcher MY before commercial use.
X-STA-PRE-WAS-K4,UNIT,Karcher K4 Basic High Pressure Cleaner,Power Tools,https://www.kaercher.com/my/en/home-and-garden/products/k-4-basic-11800800.html,https://d1y4tv7o00gnfq.cloudfront.net/mam/11800800/mainproduct/72592/d0.jpg,A,yes,yes,UNIT,needs_permission,candidate,"Exact official MY page K 4 Basic (20-130 bar, 1.8kW, 420 l/h). Model and finish confirmed.",Verify image rights/permission with Karcher MY before commercial use.
BOS-2608-600-017,PCS,4 Grinding Disc,Abrasives & Cutting,https://www.bosch-pt.com.my/my/en/pro-metal-bonded-grinding-disc-for-small-angle-grinders-bore-16-mm-osa-3090859-ocs-ac/,https://www.bosch-pt.com.my/my/en/ocsmedia/470318-82/product-image/full/pro-metal-grinding-disc-100-x-6-x-16-mm-2608600017.png,A,yes,yes,PCS,needs_permission,candidate,"Official MY accessory page, part 2 608 600 017 exact = PRO Metal Grinding Disc 100 x 6 x 16 mm (A 24 S BF), pack qty 1 Pcs matches UOM PCS.",None.
CIMA-DL-L-199Y-RND-18W-CIELO-DL,SET,Cielo Iii 199Y 18W L/dl (rnd/daylight),Lighting,https://www.cimawholesale.com/led-downlight/cielo-gen-iii-199y-f-12w-18w-round-square-led-downlight-2-year-warranty,,B,no,yes,OK - SET fits complete downlight unit,needs_permission,pending,Cielo is a CIMA Lighting brand; official manufacturer family page covers Gen III 199Y/F 12W/18W round/square incl. daylight variant,Confirm exact 18W round daylight variant and request image permission from CIMA Lighting
AGR-NET-SUN-GLO-70%,MTR,Glotool Sun Shade Netting (70%),"Rope, Chain & Netting",https://sonichardware.com.my/categories-listing/product/2378-glotool-sun-shade-netting-70,https://sonichardware.com.my/images/com_hikashop/upload/01_379559507.jpg,A,yes,yes,ROLL matches (Roll 30Mtr / 40Mtr options),needs_permission,candidate,"Sonic Hardware official Glotool Sun Shade Netting 70% page; 70% shading exact, sold by Roll - exact match.",Select roll-length variant; request image usage permission from Sonic Hardware.
SIN-CKS7406,PCS,Cabana Kitchen Sink CKS7406,Kitchen & Sinks,https://cabana.com.my/index.php/products/kitchen/kitchen-sink/undermount-kitchen-sink/cks7406-detail,,A,no,yes,OK - PCS per sink unit,needs_permission,pending,Official Cabana (Sorento Sdn Bhd) product page found for CKS7406 undermount kitchen sink,Request usage permission from Cabana/Sorento or photograph own stock
MIR-SBC-600603A,SET,S600 Bathroom Cabinet Set (610X475X450MM),Bathroom,,,R,no,no,OK - SET fits cabinet+basin+mirror set,no_asset,reject,Generic S600 basin cabinet set - no identifiable manufacturer or official product page,Use supplier-provided photo or photograph own stock
ELE-CAB-FLE-7076,ROLL,Yazaki 70/076 3C Flexible Cable White,Electrical,,-,C,unresolved,unresolved,ROLL plausible but unverified,no_asset,pending,Yazaki-branded retail cables in Malaysia are made by Yazaki Cable (Malaysia) Sdn Bhd (TA TUN group) which has no product website; yazaki-group.com is automotive-only. 70/076 = 70x0.0076in (~1.5mm2) 3-core flex confirmed via distributor listings (grey variants common); WHITE variant not verifiable from official source.,Identify Yazaki cable importer/distributor; request product photo confirming white 70/076 3C; verify SIRIM marking.
ELE-CAB-FAJ-2.5MM-80M,ROLL,Fajar 2C X 2MM Twin Flat Wire,Electrical,,-,C,unresolved,unresolved,ROLL vs item-code 80M length unverified,no_asset,pending,Fajar official site has no model-level pages; 2C x 2mm twin flat wire not locatable on fajarcables.com.my (twin flat/speaker cables are made by Fajar but not published). No official page/image.,Ask Fajar Cables whether 2C x 2mm twin flat (80M roll) is a current catalogue item; request photo + spec sheet.
DC-DCSM03-100EK,SET,Cordless Brushless Angle Grinder 20V,Power Tools,https://www.dongchengmalaysia.com/product/dcsm03-100ek/,,A,no,yes,OK - SET fits 2-battery kit with case,needs_permission,pending,DongCheng official MY site lists exact model DCSM03-100EK cordless brushless angle grinder,Request image permission from DongCheng Malaysia
PUM-WTR-JHP4-40,UNIT,Water Pump Complete Set JHP4-40,Pumps & Water,https://www.joven-electric.com/my/jhp-4-40-water-pump.html,,A,no,yes,OK - UNIT per pump set,needs_permission,pending,Official Joven Malaysia page for JHP4-40 1.0HP automatic domestic water pump,Request permission from Joven Marketing or use own stock photo
DC-20V-SETS-XB,SET,"DCZC0424Z, DCPB488Z, / Cordless Full Sets Xb",Power Tools,https://www.dongchengmalaysia.com/,,C,no,no,OK - SET fits multi-tool combo,unknown,pending,DongCheng combo set (DCZC0424Z+DCPB488Z); official brand site exists but no exact combo-set page located,Locate individual model pages on dongchengmalaysia.com; request permission or use supplier photo
DC-20V-XA,SET,"20V DCZC22Z, DCJZ2060IZ, - Sets Xa",Power Tools,https://www.dongchengmalaysia.com/,,C,no,no,OK - SET fits multi-tool combo,unknown,pending,DongCheng combo set (DCZC22Z+DCJZ2060IZ); official brand site exists but no exact combo-set page located,Locate individual model pages on dongchengmalaysia.com; request permission or use supplier photo
"DOR-HIN-JTC-SSS-4""",SET,"Smr S/steel Hinges 4""X3""X2.0MM",Doors & Hardware,,,R,no,no,OK - SET per pair,no_asset,reject,Unbranded commodity SS hinge 4x3x2.0mm - no official product page,Photograph own stock
SUMO-SM-138,UNIT,Sumo High Pressure Washer 130 BAR,Power Tools,,,R,no,yes,OK - UNIT per washer,no_asset,reject,"Sumo SM-138 sold via dealers only (Total Equip, Litat, Totalwell) - no official manufacturer MY page found",Request photo from distributor or photograph own stock
DL5-WAT-FIL-0942-GRY,UNIT,DL5 Dalqua 9''X42 Water Filt Sys-fiber Tank Gry,Other,,,R,no,no,OK - UNIT per filter system,no_asset,reject,Dalqua brand has no verifiable online presence - no official page found,Confirm brand/supplier and use supplier-provided photo
IND-CEM-50KGS,BAG,Portland Limestone Cement,Building Materials,https://ytlcement.my/,,C,no,no,OK - BAG 50kg standard packing,unknown,pending,Portland limestone cement 50kg matches YTL Castle (CEM II/B-L 32.5N PLC); official YTL Cement site exists but exact PLC product page not yet located,Confirm bag brand (YTL Castle vs other mill) and locate exact ytlcement.my page; else photograph own bag
"PIP-HDPE-25MM-3/4""",MTR,"HDPE Pipe 25MM (3/4"") PN12.5(MS-1058)",Plumbing,,,R,no,no,Review - ROLL plausible for coil HDPE; confirm cut-length selling basis,no_asset,reject,Unbranded commodity HDPE pipe to MS 1058 - no official product page,Use supplier-provided photo
WOO-PLY-3.6MM,PCS,Plywood 3.6MM X 4 X 8,Building Materials,,,R,no,no,OK - PCS per 4x8 sheet,no_asset,reject,Unbranded commodity plywood - no official product page,Photograph own stock
IND-GAL-WIRE-20#-COIL,COIL,20 X 12KG Wire,Electrical,,,R,no,no,OK - COIL per 12kg bundle,no_asset,reject,Unbranded commodity galvanized binding wire - no official product page,Photograph own stock
ELE-D/L-ECO-3030-24W,PCS,Hms Downlite Hsp 503-24W 6500K,Electrical,,,R,no,no,OK - PCS per downlight,no_asset,reject,HMS/Himsen HSP 503-24W not found on any official manufacturer page (only similar FSL FSP503 of another brand),Verify actual brand/model with supplier; use supplier photo
TOO-BOS-BAG-101,PCS,Bossman 20V Angle Grinder 105MM,Power Tools,,,R,no,yes,Review - PCS vs SET; cordless grinders usually sold with battery,no_asset,reject,"Bossman BAG101 sold via dealers only (Cheng Huat, Sui U) - no official manufacturer site found",Request photo from dealer/distributor or photograph own stock
IND-WIR-MES-1212-20GX100,FTS,Wire Mesh 1/2/ X 1/2 X 3 X 20G X 100,Electrical,,,R,no,no,OK - ROLL per mesh roll,no_asset,reject,Unbranded commodity wire mesh - no official product page,Photograph own stock
BAT-ENE-MAX-AA4PCS,PCK,En Max Aa 4 Pc,Electrical,https://energizer.com/apac/malaysia/product/energizer-max-aa/,,A,no,yes,OK - PCK of 4 pcs,needs_permission,pending,Item maps to Energizer MAX AA; official Energizer Malaysia product page exists,Request permission from Energizer Malaysia or photograph own packs
BAT-ENE-MAX-AAA4PCS,PCK,En Max Aaa 4 Pc,Electrical,https://energizer.com/apac/malaysia/power/energizer-max/,,C,no,yes,OK - PCK of 4 pcs,needs_permission,pending,Item maps to Energizer MAX AAA; official MAX family page on Energizer MY site (exact AAA page not individually captured),Locate exact AAA product page on energizer.com/apac/malaysia; request permission
WOO-HOE-CANGKUL-HARDWOOD,PCS,Kayu Cangkul (hardwood),Building Materials,,,R,no,no,OK - PCS per handle,no_asset,reject,Unbranded commodity kayu cangkul handle - no official product page,Photograph own stock
IND-ALUM-SHE-FLA-0.3MMX3',KGS,Flat Sheet Alum. 0.3MM X 3,Building Materials,,,R,no,no,Review - KGS unusual for sheet stock; verify pricing basis,no_asset,reject,Unbranded commodity aluminium flat sheet - no official product page,Photograph own stock
CEI-FRA-30MM,PCS,Ceiling Frame 30MM,Building Materials,,,R,no,no,OK - PCS per length,no_asset,reject,Unbranded commodity ceiling frame/batten - no official product page,Photograph own stock
ROO-ZIN-SHE-10'X35G,PCS,Corrugated Steel Zinc 10 X 35G,Building Materials,,,R,no,no,OK - PCS per sheet,no_asset,reject,Unbranded commodity corrugated zinc roofing - no official product page,Photograph own stock
NAI-COM-65MM-20KG,PCK,2 1/2 Wire Nail,Fasteners & Fixings,,,R,no,no,OK - BOX 20kg,no_asset,reject,Unbranded commodity wire nails - no official product page,Photograph own stock
ELE-CAB-ZI-C70763G-ROLL,ROLL,Zi 3C X 70/076 PVC Flex Wire (grey),Electrical,,-,C,unresolved,unresolved,ROLL plausible but unverified,no_asset,pending,ZI wire brand unverifiable - no official manufacturer/distributor site found (not Zawaya; no MY cable brand ZI with web presence). 3C x 70/076 grey spec cannot be validated against any official source.,Identify actual supplier/manufacturer of ZI-brand wire from purchase records; then re-run sourcing with correct brand name.
PIP-CON-WHI-20MM3M,LTH,"3/4""(20MM) X 2.9M Eep - White",Plumbing,,,R,no,no,Review - LTH non-standard UOM; likely per length/pc,no_asset,reject,Unbranded commodity white PVC conduit - no official product page,Photograph own stock
NAI-COM-50MM-20KG,PCK,2 Wire Nail,Fasteners & Fixings,,,R,no,no,OK - BOX 20kg,no_asset,reject,Unbranded commodity wire nails - no official product page,Photograph own stock
"DRA-COV-TEC-GRE-9""X17""",PCS,Techplas 9 X 17 Drain Cover - Grey,Plumbing,https://techplas.com.my/products/injection-moulded-products/drain-cover/otd-5120/,,A,no,yes,OK - PCS per cover,needs_permission,pending,Official Techplas (Prominent Image Sdn Bhd) page: OTD-5120 plastic drain cover 9x17; grey colour variant to confirm,Request permission from Techplas and confirm grey variant
