source_position,item_code,uom,display_name,category,detected_brand,detected_model,existing_source_url,existing_image_url,campaign_classification,manufacturer,exact_model,variant_suffix,product_identity,source_url,source_type,source_tier,image_source_url,image_exactness,identity_confidence,image_confidence,research_notes,sibling_elimination,classification_reason,hard_failure,tls_verification_issue,first_pass_status,final_image_status,rights_status_final,evidence_asset_path,evidence_sha256,evidence_bytes,research_state
2501,LAD-ALU-WEL-D07,UNIT,Alum Welded Ladder - D07,Ladders & Access,,D07,,,PENDING,,,,,,,,,,,,,,,,,PENDING,pending,needs_permission,,,,RETRY_RESEARCHED_PENDING
2502,LAD-EXT-DOU-15X15,UNIT,Double Ext Ladder 15X15FT,Ladders & Access,,15X15FT,,,PENDING,,,,,,,,,,,,,,,,,PENDING,pending,needs_permission,,,,RETRY_RESEARCHED_PENDING
2503,CHE-LUB-HD4D-200ML,TIN,4D Penetrant/lubricant Spray :,Chemicals & Adhesives,,HD420/200ML,,,PENDING,,,,,,,,,,,,,,,,,PENDING,pending,needs_permission,,,,RETRY_RESEARCHED_PENDING
2505,COC-SINK-K505L-WALL,SET,Sink Tap: Lever Type -wall 1/2,Kitchen & Sinks,,K500L,,,PENDING,,,,,,,,,,,,,,,,,PENDING,pending,needs_permission,,,,RETRY_RESEARCHED_PENDING
2506,CUT-DIS-MARK-01600,PCS,Mr. Mark 110MM Wet Cutting Diamond Wheel (1.4X5X20MM),Abrasives & Cutting,,1.4X5X20MM,,,PENDING,,,,,,,,,,,,,,,,,PENDING,pending,needs_permission,,,,RETRY_RESEARCHED_PENDING
2507,DC-S1B-FF03-110X100,SET,Orbital Sander,Power Tools,,DSB03-100,,,PENDING,,,,,,,,,,,,,,,,,PENDING,pending,needs_permission,,,,RETRY_RESEARCHED_PENDING
2508,DOR-KEY-SGEP-S3030/60-SN,PCS,"Sn""st Guchi""single Key & Thumbturn Profile Cyl",Doors & Hardware,,SGEP-S3030/60,,,PENDING,,,,,,,,,,,,,,,,,PENDING,pending,needs_permission,,,,RETRY_RESEARCHED_PENDING
2509,ELE-BUL-THL-15W-E14,PCS,Thl E14 15W Fridge Bulb,Lighting,,E14,,,PENDING,,,,,,,,,,,,,,,,,PENDING,pending,needs_permission,,,,RETRY_RESEARCHED_PENDING
2510,FLO-PVC-NO.100-10,ROLL,PVC Flooring No. 100-10,Flooring,,NO.100-10,,,PENDING,,,,,,,,,,,,,,,,,PENDING,pending,needs_permission,,,,RETRY_RESEARCHED_PENDING
2511,FLO-PVC-NO.483-13,ROLL,PVC Flooring No. 524-08,Flooring,,NO.524-08,,,PENDING,,,,,,,,,,,,,,,,,PENDING,pending,needs_permission,,,,RETRY_RESEARCHED_PENDING
2512,GUM-HAR-3000W,PCS,Silicone Hardex G/p White,Chemicals & Adhesives,,HA-3000W,,,PENDING,,,,,,,,,,,,,,,,,PENDING,pending,needs_permission,,,,RETRY_RESEARCHED_PENDING
2513,GUM-RAT-BOSNY-NO.214,CAN,Bosny 400ML Rat Glue (NO:214) (plastic Can),Chemicals & Adhesives,,NO:214,,,PENDING,,,,,,,,,,,,,,,,,PENDING,pending,needs_permission,,,,RETRY_RESEARCHED_PENDING
2514,LAD-ALU-WEL-D10,UNIT,Alum Welded Ladder - D10,Ladders & Access,,D10,,,PENDING,,,,,,,,,,,,,,,,,PENDING,pending,needs_permission,,,,RETRY_RESEARCHED_PENDING
2515,LAD-H/D-STRO-DS07,UNIT,Strongman D/s H/d Ladder DSHD07 7STEP,Ladders & Access,,DSHD07,,,PENDING,Strongman / NIETZ-Strongman MIM,DSHD07,"Heavy Duty Double Sided, 7 Steps",Strongman D/S H/D Ladder DSHD07 7 Step,https://b2b-uat.sunwaywinstar.com/my/strongman-ds-hd-ladder-dshd07-7step,Authorised Malaysian distributor/manufacturer-owner page,1B,https://myhwwsstorprod01.obs.my-kualalumpur-1.alphaedge.tmone.com.my/product_images/0000855_strongman-double-sided-heavy-duty-dshd07-7-step_510.jpeg?AccessKeyId=IDRIC5ESEFAJ08W4Q4Q9&Expires=1787228864&Signature=9NtYO%2FjO%2FYfZM41kRi4VG9AtOkU%3D,EXACT_SKU,99,97,Exact model/variant is identified on the authoritative source page and the page exposes a model-specific product image preserved locally for SHA-256 evidence.,"Model-specific page/image was used; adjacent size, colour, pack or step variants were not substituted.","Exact model, relevant suffix/size/variant, authoritative source URL and exact image asset are preserved; no material conflict.",NONE,NONE,VERIFIED_CANDIDATE,candidate,needs_permission,/home/ubuntu/work/retry_branded_2501_7771/assets/2515.jpg,7c5156410b3f20d5d0a15ee2f1e330a40e5b5e7987c9c106b8e1a60d9a0d6e5c,17717,RETRY_RESEARCHED
2516,SWI-T/SOC-MS3233-1.5M3G,PCS,Morries Extension Socket 3G 1.5M W Neon (pink),Electrical,,MS3233-1.5,,,PENDING,,,,,,,,,,,,,,,,,PENDING,pending,needs_permission,,,,RETRY_RESEARCHED_PENDING
2517,TOO-NIE-ALL-KEY-04MM,PCS,Nietz E/long Ball Point Satin Wrch 53252040 4MM,Power Tools,Nietz,,,,PENDING,,,,,,,,,,,,,,,,,PENDING,pending,needs_permission,,,,RETRY_RESEARCHED_PENDING
2518,TOO-SET-W018,SET,W018 18PCS Tool Set,Power Tools,,W018,,,PENDING,,,,,,,,,,,,,,,,,PENDING,pending,needs_permission,,,,RETRY_RESEARCHED_PENDING
2520,TRA-SOC-METAL-125502,PCS,Taicon 2G 70/0076 Metal Trailing Socket 5M (125502),Electrical,Taicon,,,,PENDING,,,,,,,,,,,,,,,,,PENDING,pending,needs_permission,,,,RETRY_RESEARCHED_PENDING
2521,CLI-HOS-ORB-M00,PCS,Orbit Hose Clip No : M00,Outdoor & Garden,,M00,,,PENDING,,,,,,,,,,,,,,,,,PENDING,pending,needs_permission,,,,RETRY_RESEARCHED_PENDING
2522,FAN-TAB-KDK-KB-304,PCS,Kdk Table Fan 12,Fans & Ventilation,,,,,PENDING,KDK Fans (M) Sdn. Bhd.,KB-304,30cm / 12-inch table fan,KDK KB-304 Table Fan,https://www.kdk.com.my/product/kb-304/,Official Malaysian manufacturer product page,1A,https://www.kdk.com.my/wp-content/uploads/2020/09/product-mobile_Table-Fans_KB-304.png,EXACT_SKU,99,97,Exact model/variant is identified on the authoritative source page and the page exposes a model-specific product image preserved locally for SHA-256 evidence.,"Model-specific page/image was used; adjacent size, colour, pack or step variants were not substituted.","Exact model, relevant suffix/size/variant, authoritative source URL and exact image asset are preserved; no material conflict.",NONE,NONE,VERIFIED_CANDIDATE,candidate,needs_permission,/home/ubuntu/work/retry_branded_2501_7771/assets/2522.png,c14a9c9021aee661ee91f9bd813585eee2f0af2c891aabefc4aef517fc280382,32099,RETRY_RESEARCHED
2523,"FAS-SCR-CSK-1 1/2"" X 8G-BOX",BOX,Sr Csk Tapping Screw 1 1/2 X 8G (1000PCS/BOX),Fasteners & Fixings,,1000PCS/BOX,,,PENDING,,,,,,,,,,,,,,,,,PENDING,pending,needs_permission,,,,RETRY_RESEARCHED_PENDING
2524,FLO-PVC-25208,ROLL,PVC Flooring No. K35808,Flooring,,K35808,,,PENDING,,,,,,,,,,,,,,,,,PENDING,pending,needs_permission,,,,RETRY_RESEARCHED_PENDING
2525,FLO-PVC-501-16,ROLL,PVC Flooring No. K35602,Flooring,,K35602,,,PENDING,,,,,,,,,,,,,,,,,PENDING,pending,needs_permission,,,,RETRY_RESEARCHED_PENDING
2526,FLO-PVC-D15903,ROLL,PVC Flooring No. K28505,Flooring,,K28505,,,PENDING,,,,,,,,,,,,,,,,,PENDING,pending,needs_permission,,,,RETRY_RESEARCHED_PENDING
2527,FLO-PVC-K27711,ROLL,PVC Flooring No. K33605,Flooring,,K33605,,,PENDING,,,,,,,,,,,,,,,,,PENDING,pending,needs_permission,,,,RETRY_RESEARCHED_PENDING
2528,FLO-PVC-NO-7512,ROLL,PVC Flooring No. K20101,Flooring,,K20101,,,PENDING,,,,,,,,,,,,,,,,,PENDING,pending,needs_permission,,,,RETRY_RESEARCHED_PENDING
2529,FLO-PVC-NO-K10305,ROLL,PVC Flooring No. K35301,Flooring,,K35301,,,PENDING,,,,,,,,,,,,,,,,,PENDING,pending,needs_permission,,,,RETRY_RESEARCHED_PENDING
2530,FLO-PVC-NO-K11114,ROLL,PVC Flooring No. K11114,Flooring,,K11114,,,PENDING,,,,,,,,,,,,,,,,,PENDING,pending,needs_permission,,,,RETRY_RESEARCHED_PENDING
2532,MARK-X-STA-MKX-2020,UNIT,Mark-x Angle Grinder Stand,Power Tools,,MKX-2020,,,PENDING,,,,,,,,,,,,,,,,,PENDING,pending,needs_permission,,,,RETRY_RESEARCHED_PENDING
2533,NUM-PUNC-50730080,SET,Nietz 0-9 Number Punches 8MM 50730080,Signage & Numbering,Nietz,,,,PENDING,,,,,,,,,,,,,,,,,PENDING,pending,needs_permission,,,,RETRY_RESEARCHED_PENDING
2534,PEN-T200-GREY,PAIL,Pentens T200 Fleseal GREY-5KG,Housewares,,T200,,,PENDING,,,,,,,,,,,,,,,,,PENDING,pending,needs_permission,,,,RETRY_RESEARCHED_PENDING
2535,PEN-T200-WHI,PAIL,Pentens T200 Fleseal WHITE-5KG,Housewares,,T200,,,PENDING,,,,,,,,,,,,,,,,,PENDING,pending,needs_permission,,,,RETRY_RESEARCHED_PENDING
2536,TOO-COM-W0287N-21MM,PCS,Com Ratchet Wrench 21MM,Hand Tools,,W0287N,,,PENDING,,,,,,,,,,,,,,,,,PENDING,pending,needs_permission,,,,RETRY_RESEARCHED_PENDING
2538,WEL-ELE-J38.12-3.2MM,BOX,Welding Electrode X 3.2MM (BOX),Welding,,J38.12,,,PENDING,,,,,,,,,,,,,,,,,PENDING,pending,needs_permission,,,,RETRY_RESEARCHED_PENDING
2539,X-FLO-MOC-KH19T01,PCS,"8""X8 Homogeneous Tiles",Power Tools,,KH19T01,,,PENDING,,,,,,,,,,,,,,,,,PENDING,pending,needs_permission,,,,RETRY_RESEARCHED_PENDING
2540,ADH-GLU-PE175GM,SET,175GM E P Glue,Chemicals & Adhesives,,175GM,,,PENDING,,,,,,,,,,,,,,,,,PENDING,pending,needs_permission,,,,RETRY_RESEARCHED_PENDING
2541,BAT-CHA-KENDE-SM1212,UNIT,Kende Battery Charger 12V,Electrical,,12AMP-SM1212,,,PENDING,KENDE,SM1212,"6/12V, 2-12A",KENDE SM1212 Portable Battery Inverter Charger,https://www.suiumachinery.com.my/showproducts/productid/4797799/cid/467542/kende-sm1212-612v-portable-battery-inverter-charger-212a/,Authorised Malaysian distributor page,1B,https://cdn1.npcdn.net/images/f943283aec8e5551a94e1b64d8a07115_1704511396.webp?md5id=a7a0da96b4c16537050114ceed8368c9&new_width=1000&new_height=1000&size=max&w=1694400547&from=jpeg&type=9,EXACT_SKU,99,97,Exact model/variant is identified on the authoritative source page and the page exposes a model-specific product image preserved locally for SHA-256 evidence.,"Model-specific page/image was used; adjacent size, colour, pack or step variants were not substituted.","Exact model, relevant suffix/size/variant, authoritative source URL and exact image asset are preserved; no material conflict.",NONE,NONE,VERIFIED_CANDIDATE,candidate,needs_permission,/home/ubuntu/work/retry_branded_2501_7771/assets/2541.webp,5f07d0a6861627eda24792ec13612e96922c3aaacfc441dcce605280022c6550,275034,RETRY_RESEARCHED
2542,BOS-0600-8A7-508,PCS,(508) 3 IN 1 Nozzle,Power Tool Accessories,Bosch,,,,PENDING,,,,,,,,,,,,,,,,,PENDING,pending,needs_permission,,,,RETRY_RESEARCHED_PENDING
2543,CHA-CAP-SQU-EXT-25MM,PCK,Square External Cap 25MM (4PCS/PCK),Outdoor & Garden,,4PCS/PCK,,,PENDING,,,,,,,,,,,,,,,,,PENDING,pending,needs_permission,,,,RETRY_RESEARCHED_PENDING
2544,CUT-DIS-MARK-00900,PCS,Mr. Mark 108MM Segmented Diamond Wheel (1.8X8X20MM),Abrasives & Cutting,,1.8X8X20MM,,,PENDING,,,,,,,,,,,,,,,,,PENDING,pending,needs_permission,,,,RETRY_RESEARCHED_PENDING
2545,FAS-SCR-TECH-WOOD-50MM-BOX,BOX,Techscrew-wood Screw X 50MM (250PCS/BOX),Fasteners & Fixings,,250PCS/BOX,,,PENDING,,,,,,,,,,,,,,,,,PENDING,pending,needs_permission,,,,RETRY_RESEARCHED_PENDING
2546,GAR-SPR-16LTR-BB3G,SET,Knapsack Sprayer (BB-3G),Outdoor & Garden,,BB-3G,,,PENDING,,,,,,,,,,,,,,,,,PENDING,pending,needs_permission,,,,RETRY_RESEARCHED_PENDING
2547,HOS-CON-STO-ECO4112,PCS,"Ecogreen- Quick Connector W. Wtr Stop 5/8""-3/4",Outdoor & Garden,,EG4112,,,PENDING,,,,,,,,,,,,,,,,,PENDING,pending,needs_permission,,,,RETRY_RESEARCHED_PENDING
2548,KGR-KIM-1L-9215,TIN,1 Litre KIMTONE-9215,Paint & Sundries,,KIMTONE-9215,,,PENDING,,,,,,,,,,,,,,,,,PENDING,pending,needs_permission,,,,RETRY_RESEARCHED_PENDING
2549,PAI-ROL-REF-CRI-7,PCS,"7""XD6 Cristin Rainbow Refill",Paint & Sundries,,XD6,,,PENDING,,,,,,,,,,,,,,,,,PENDING,pending,needs_permission,,,,RETRY_RESEARCHED_PENDING
2550,PAP-WALL-HAVANA-11866-12,ROLL,Wallpaper Havana 11866-12(10MX53CM),Paint & Sundries,,10MX53CM,,,PENDING,,,,,,,,,,,,,,,,,PENDING,pending,needs_permission,,,,RETRY_RESEARCHED_PENDING
2551,SHH-YEL-HOSE-10MMX2MM,MTR,Yellow Hose (10MMX2MM),Outdoor & Garden,,10MMX2MM,,,PENDING,,,,,,,,,,,,,,,,,PENDING,pending,needs_permission,,,,RETRY_RESEARCHED_PENDING
2552,TOO-WRE-PIP-W450C,PCS,Heavy Pipe Wrench (450MM),Hand Tools,,W450C,,,PENDING,,,,,,,,,,,,,,,,,PENDING,pending,needs_permission,,,,RETRY_RESEARCHED_PENDING
2553,WAL-DOW-YB-A7201S/W/AB,PCS,Outdoor Gate Light YB-A7201S/W/AB,Doors & Hardware,,YB-A7201S/W/AB,,,PENDING,,,,,,,,,,,,,,,,,PENDING,pending,needs_permission,,,,RETRY_RESEARCHED_PENDING
2555,ADH-TAP-SEA-3255,PCS,Calvallo 3255 Yellow Seal Tape,Chemicals & Adhesives,,13X15M,,,PENDING,,,,,,,,,,,,,,,,,PENDING,pending,needs_permission,,,,RETRY_RESEARCHED_PENDING
2556,BAS-AGRI-BASK-V1034,PCS,Rayaco Metal Handle Fruit& Veg Basket 59X37X32CM,Doors & Hardware,,59X37X32CM,,,PENDING,,,,,,,,,,,,,,,,,PENDING,pending,needs_permission,,,,RETRY_RESEARCHED_PENDING
2557,BOS-2608-521-043,PCS,Screwdriver Bit - 2608-521-043,Power Tool Accessories,Bosch,,,,PENDING,,,,,,,,,,,,,,,,,PENDING,pending,needs_permission,,,,RETRY_RESEARCHED_PENDING
2558,GAR-HOE-JM3812,PCS,Jayamata Hoe-d Curve,Outdoor & Garden,,JM-3812,,,PENDING,,,,,,,,,,,,,,,,,PENDING,pending,needs_permission,,,,RETRY_RESEARCHED_PENDING
2559,GUM-HAR-660,SET,Black Rtv Silicon Hardex,Chemicals & Adhesives,,RS660,,,PENDING,,,,,,,,,,,,,,,,,PENDING,pending,needs_permission,,,,RETRY_RESEARCHED_PENDING
2560,HEA-SPA-FAUCET-SH332,CARD,Faucet Spare Handle,Doors & Hardware,,SH332,,,PENDING,,,,,,,,,,,,,,,,,PENDING,pending,needs_permission,,,,RETRY_RESEARCHED_PENDING
2561,INS-IS6099,NOS,One Piece Wash Down WC S-TRAP-250MM IS6099,Plumbing,,S-TRAP-250MM,,,PENDING,,,,,,,,,,,,,,,,,PENDING,pending,needs_permission,,,,RETRY_RESEARCHED_PENDING
2562,LET-BOX-HW307,PCS,0124/0129 Letter Box (360X80X470MM),Doors & Hardware,,360X80X470MM,,,PENDING,,,,,,,,,,,,,,,,,PENDING,pending,needs_permission,,,,RETRY_RESEARCHED_PENDING
2563,PAI-SPR-PMT-021,DOZ,Paint Master Spray Paint - No. 21 Medium Blue,Paint & Sundries,,NO.21,,,PENDING,,,,,,,,,,,,,,,,,PENDING,pending,needs_permission,,,,RETRY_RESEARCHED_PENDING
2564,PLA-BAG-W1000-2024,KG,20 X 24 X Tbag Aa,Packaging,,WHITE/1KG,,,PENDING,,,,,,,,,,,,,,,,,PENDING,pending,needs_permission,,,,RETRY_RESEARCHED_PENDING
2565,SWI-SOC-SUM-MS-D213,PCS,D'ner 13A 2G M/clad S/skt (sr),Electrical,,DS-8219,,,PENDING,,,,,,,,,,,,,,,,,PENDING,pending,needs_permission,,,,RETRY_RESEARCHED_PENDING
2566,TIE-CAB-WHI-8MMX200MM,PCK,"White PVC Cable Ties (8"")",Electrical,,8MMX200MM,,,PENDING,,,,,,,,,,,,,,,,,PENDING,pending,needs_permission,,,,RETRY_RESEARCHED_PENDING
2567,TOO-COM-W0287M-20MM,PCS,Com Ratchet Wrench 20MM,Hand Tools,,W0287M,,,PENDING,,,,,,,,,,,,,,,,,PENDING,pending,needs_permission,,,,RETRY_RESEARCHED_PENDING
2568,TOR-LIG-HEA-GD-G010,SET,Googda LED Head Light Rechargable,Lighting,,GD-G010,,,PENDING,,,,,,,,,,,,,,,,,PENDING,pending,needs_permission,,,,RETRY_RESEARCHED_PENDING
2569,X-FAN-TAB-KHI-TF12A06,SET,Butterfly 9 Table Fan (black),Power Tools,,BTF-9001,,,PENDING,,,,,,,,,,,,,,,,,PENDING,pending,needs_permission,,,,RETRY_RESEARCHED_PENDING
2570,ACE-HAM-ANC-1/4X1 1/4,PCK,Ace Hammer Drive Anchor 630 1/4 X1 1/4 (10PCS/PCK) (PCK),Hand Tools,,10PCS/PCK,,,PENDING,,,,,,,,,,,,,,,,,PENDING,pending,needs_permission,,,,RETRY_RESEARCHED_PENDING
2571,BOX-POS-KH2078,PCS,PVC Post Box/letter Box (KH2078),Doors & Hardware,,KH2078,,,PENDING,,,,,,,,,,,,,,,,,PENDING,pending,needs_permission,,,,RETRY_RESEARCHED_PENDING
2572,CLI-HOS-16-25,PCS,PVC Wing Hose Clip 16-25,Outdoor & Garden,,WH300,,,PENDING,,,,,,,,,,,,,,,,,PENDING,pending,needs_permission,,,,RETRY_RESEARCHED_PENDING
2573,COC-BAS-SSS-LSS101,PCS,Leon Sus 304 S/steel Basin TAP-LSS101,Bathroom,,TAP-LSS101,,,PENDING,,,,,,,,,,,,,,,,,PENDING,pending,needs_permission,,,,RETRY_RESEARCHED_PENDING
2574,DC-DMY02-185SH,SET,7 Electric Circular Saw (1100W),Power Tools,,DMY02-185SH,,,PENDING,,,,,,,,,,,,,,,,,PENDING,pending,needs_permission,,,,RETRY_RESEARCHED_PENDING
2575,DOR-HAN-CF350-NA-R,PCS,Na-r Cresent Fastener,Doors & Hardware,,CF350,,,PENDING,,,,,,,,,,,,,,,,,PENDING,pending,needs_permission,,,,RETRY_RESEARCHED_PENDING
2577,HOS-6MTR-6396-736,PCS,"High Pressure Hose 13, MTR",Outdoor & Garden,,5MPA/6,,,PENDING,,,,,,,,,,,,,,,,,PENDING,pending,needs_permission,,,,RETRY_RESEARCHED_PENDING
2578,HOS-CON-SET-40200023,SET,Ecogreen- Hose Basic Set / 1/2,Outdoor & Garden,,EG4400,,,PENDING,,,,,,,,,,,,,,,,,PENDING,pending,needs_permission,,,,RETRY_RESEARCHED_PENDING
2579,HOS-SPA-SAT-ST300,CARD,Saturn Heavy Duty Spare Cartridge,Outdoor & Garden,,ST300,,,PENDING,,,,,,,,,,,,,,,,,PENDING,pending,needs_permission,,,,RETRY_RESEARCHED_PENDING
2580,IND-CAS-100MM,PCS,4 DL5 Tpr M/duty 2 Bearing Fixed Caster,Building Materials,,DL5,,,PENDING,,,,,,,,,,,,,,,,,PENDING,pending,needs_permission,,,,RETRY_RESEARCHED_PENDING
2581,PAI-SPR-PMT-1007,CAN,Paint Master Spray Paint - No. 1007 Matt White,Paint & Sundries,,NO.1007,,,PENDING,,,,,,,,,,,,,,,,,PENDING,pending,needs_permission,,,,RETRY_RESEARCHED_PENDING
2583,SHH-FISH-NET-0.15D-30MM-30MD/6A,PCS,30MM (180/5),Fishing & Tackle,,0.15D,,,PENDING,,,,,,,,,,,,,,,,,PENDING,pending,needs_permission,,,,RETRY_RESEARCHED_PENDING
2584,TOO-NIE-ALL-KEY-06MM,PCS,Nietz E/long Ball Point Satin Wrch 53252060 6MM,Power Tools,Nietz,,,,PENDING,,,,,,,,,,,,,,,,,PENDING,pending,needs_permission,,,,RETRY_RESEARCHED_PENDING
2585,TOO-PLI-LOC-GT175,PCS,Glotool Locking Plier 7,Hand Tools,Glotool,,,,PENDING,,,,,,,,,,,,,,,,,PENDING,pending,needs_permission,,,,RETRY_RESEARCHED_PENDING
2586,TRO-SHO-CNSC5001,SET,Shopping Trolley (LC-303E) (DC-675),Other,,LC-303E,,,PENDING,,,,,,,,,,,,,,,,,PENDING,pending,needs_permission,,,,RETRY_RESEARCHED_PENDING
2587,WEL-ELE-J38.12-2.5MM,PCK,Welding Electrode X 2.5MM (PCK),Welding,,J38.12,,,PENDING,,,,,,,,,,,,,,,,,PENDING,pending,needs_permission,,,,RETRY_RESEARCHED_PENDING
2588,ADH-TAP-WIR-SINO-48X10,ROLL,Sino PVC Tape (big) Black,Chemicals & Adhesives,,48X10,,,PENDING,,,,,,,,,,,,,,,,,PENDING,pending,needs_permission,,,,RETRY_RESEARCHED_PENDING
2589,DC-J1Z-FF-10A,SET,Electric Drill / DJZ10A,Power Tools,,DJZ10A,,,PENDING,,,,,,,,,,,,,,,,,PENDING,pending,needs_permission,,,,RETRY_RESEARCHED_PENDING
2590,"DOR-PVC-OAK-72""X30""",PCS,"72""X30 PVC Door""oak""hinges Yes""/bolt""no",Fasteners & Fixings,,X30,,,PENDING,,,,,,,,,,,,,,,,,PENDING,pending,needs_permission,,,,RETRY_RESEARCHED_PENDING
2591,IND-DUS-CLEAN-120L,PCS,Cleanguard Wheeled Bin,Building Materials,,120LT,,,PENDING,,,,,,,,,,,,,,,,,PENDING,pending,needs_permission,,,,RETRY_RESEARCHED_PENDING
2592,IND-FOIL-SML-BUBLE-ELISE,ROLL,Elise Small Bubblem Foil,Building Materials,,1.2MX30M,,,PENDING,,,,,,,,,,,,,,,,,PENDING,pending,needs_permission,,,,RETRY_RESEARCHED_PENDING
2593,LOC-VIVOZ-V50MM,PCS,Vivoz Chrome Pad V-6000 LOCK-50MM,Locks & Security,,V-6000,,,PENDING,,,,,,,,,,,,,,,,,PENDING,pending,needs_permission,,,,RETRY_RESEARCHED_PENDING
2594,MF-PO-30-SOL-FAN,PCS,Solar Fan MF-PO-30,Other,,MF-PO-30,,,PENDING,,,,,,,,,,,,,,,,,PENDING,pending,needs_permission,,,,RETRY_RESEARCHED_PENDING
2595,TOO-COM-W0287D-11MM,PCS,Com Ratchet Wrench 11MM,Hand Tools,,W0287D,,,PENDING,,,,,,,,,,,,,,,,,PENDING,pending,needs_permission,,,,RETRY_RESEARCHED_PENDING
2596,"TOO-HOL-MAG-VESIC-4""",PCS,4 Bossman Magnetic Weld Holder (50-LBS),Power Tools,,50-LBS,,,PENDING,,,,,,,,,,,,,,,,,PENDING,pending,needs_permission,,,,RETRY_RESEARCHED_PENDING
2597,CAR-WAX-MTS1,BTL,MTS1 Super Top Shine - 500ML,Automotive,,MTS1,,,PENDING,,,,,,,,,,,,,,,,,PENDING,pending,needs_permission,,,,RETRY_RESEARCHED_PENDING
2599,GAR-HOE-CRO-2.0LB,PCS,2LB Chillington Crocodile Hoe,Outdoor & Garden,,2LB,,,PENDING,,,,,,,,,,,,,,,,,PENDING,pending,needs_permission,,,,RETRY_RESEARCHED_PENDING
2600,GAR-SPR-P17-PI808,PCS,PI7 Garden Sprayer - Pi 808,Outdoor & Garden,,PI7,,,PENDING,,,,,,,,,,,,,,,,,PENDING,pending,needs_permission,,,,RETRY_RESEARCHED_PENDING
2601,GUM-HAR-850W,SET,Silicon Hardex Anti Fungus White,Chemicals & Adhesives,,RS850W,,,PENDING,,,,,,,,,,,,,,,,,PENDING,pending,needs_permission,,,,RETRY_RESEARCHED_PENDING
2602,IND-CEM-GREY-25KG,BAG,Sika Ceram 88 (25KG/BAG),Building Materials,,25KG/BAG,,,PENDING,Sika Kimia Sdn. Bhd.,SikaCeram-88,"25 kg bag, grey powder",SikaCeram-88 Cementitious Tile Adhesive,https://mys.sika.com/en/construction/tile-setting/tile-adhesives/sikaceram-88.html,Official Malaysian manufacturer product page,1A,https://sika.scene7.com/is/image/sikacs/my-SikaCeram-88-25kg-01536099:1-1?wid=480&hei=480&fit=crop%2C1,EXACT_SKU,99,97,Exact model/variant is identified on the authoritative source page and the page exposes a model-specific product image preserved locally for SHA-256 evidence.,"Model-specific page/image was used; adjacent size, colour, pack or step variants were not substituted.","Exact model, relevant suffix/size/variant, authoritative source URL and exact image asset are preserved; no material conflict.",NONE,NONE,VERIFIED_CANDIDATE,candidate,needs_permission,/home/ubuntu/work/retry_branded_2501_7771/assets/2602.jpg,9b27a1b02c02f6340ba7f28cf48031739a21f0e963e1dd306ae65169a619bfeb,31479,RETRY_RESEARCHED
2603,LAD-H/D-STRO-DS06,UNIT,D/s H/d Ladder DSHD06 6STEP,Ladders & Access,,DSHD06,,,PENDING,,,,,,,,,,,,,,,,,PENDING,pending,needs_permission,,,,RETRY_RESEARCHED_PENDING
2604,LAD-H/D-STRO-DS12,UNIT,D/s H/d Ladder DSHD12 12STEP,Ladders & Access,,DSHD12,,,PENDING,,,,,,,,,,,,,,,,,PENDING,pending,needs_permission,,,,RETRY_RESEARCHED_PENDING
2605,"TOO-PE-CLMP-CT6-20MM 1/2""",PCS,PE Clamp Tools CT6 20MM 1/2,Hand Tools,,CT6,,,PENDING,,,,,,,,,,,,,,,,,PENDING,pending,needs_permission,,,,RETRY_RESEARCHED_PENDING
2606,"TOO-PE-CLMP-CT7-25MM 3/4""",PCS,PE Clamp Tools: CT7 25MM 3/4,Hand Tools,,CT7,,,PENDING,,,,,,,,,,,,,,,,,PENDING,pending,needs_permission,,,,RETRY_RESEARCHED_PENDING
2607,TOO-PLI-DIA-GT150,PCS,Glotool Diagonal Plier 6,Hand Tools,Glotool,,,,PENDING,,,,,,,,,,,,,,,,,PENDING,pending,needs_permission,,,,RETRY_RESEARCHED_PENDING
2608,TOO-WRE-PIP-W300C,PCS,Heavy Pipe Wrench (300MM),Hand Tools,,W300C,,,PENDING,,,,,,,,,,,,,,,,,PENDING,pending,needs_permission,,,,RETRY_RESEARCHED_PENDING
2609,ADH-TAP-ADH-GT100,PCS,Globand Adhesive Tape 100MM X 10M,Chemicals & Adhesives,,,,,PENDING,,,,,,,,,,,,,,,,,PENDING,pending,needs_permission,,,,RETRY_RESEARCHED_PENDING
2610,ALP-WAT-HEA-EZY,UNIT,Alpha Instant Water Heater Ezy-e,Home Appliances,,,,,PENDING,,,,,,,,,,,,,,,,,PENDING,pending,needs_permission,,,,RETRY_RESEARCHED_PENDING
2611,BEAR-DOOR,PCK,Sliding Door Bearing (2PCS/PCK),Doors & Hardware,,2PCS/PCK,,,PENDING,,,,,,,,,,,,,,,,,PENDING,pending,needs_permission,,,,RETRY_RESEARCHED_PENDING
2612,BOS-2608-578-156,SET,Concrete Drill Bit Set (3/4/5/6/7/8/9/10),Power Tool Accessories,Bosch,,,,PENDING,,,,,,,,,,,,,,,,,PENDING,pending,needs_permission,,,,RETRY_RESEARCHED_PENDING
2613,CHE-ELE-CLE-HD390,TIN,Electronic Contact Cleaner: 400ML,Chemicals & Adhesives,,HD-390,,,PENDING,,,,,,,,,,,,,,,,,PENDING,pending,needs_permission,,,,RETRY_RESEARCHED_PENDING
2614,CIS-HAN-METAL-L/L-00531G,PCS,3GL Metal Cho-low Level System Handle,Doors & Hardware,,3GL,,,PENDING,,,,,,,,,,,,,,,,,PENDING,pending,needs_permission,,,,RETRY_RESEARCHED_PENDING
2615,"CUT-BLA-M'MAN-F1X4""",PCS,M'man Diamond Blade - F1X4,Abrasives & Cutting,,F1X4,,,PENDING,,,,,,,,,,,,,,,,,PENDING,pending,needs_permission,,,,RETRY_RESEARCHED_PENDING
2616,DOR-ALU-LOC-NA4420,PCS,Aluminium Sliding Door (small),Doors & Hardware,,NA4420,,,PENDING,,,,,,,,,,,,,,,,,PENDING,pending,needs_permission,,,,RETRY_RESEARCHED_PENDING
2617,ELE-ELCB-KOR-40A-2P,EA,Grow Elcb 2P 40A/0.1,Electrical,,40A/0.1,,,PENDING,,,,,,,,,,,,,,,,,PENDING,pending,needs_permission,,,,RETRY_RESEARCHED_PENDING
2619,HOS-CON-ECO4113,PCS,Ecogreen- Hose Connector / 3/4,Outdoor & Garden,,EG4113,,,PENDING,,,,,,,,,,,,,,,,,PENDING,pending,needs_permission,,,,RETRY_RESEARCHED_PENDING
2620,LAD-EXT-DOU-12X12,UNIT,Double Ext Ladder 12X12FT,Ladders & Access,,12X12FT,,,PENDING,,,,,,,,,,,,,,,,,PENDING,pending,needs_permission,,,,RETRY_RESEARCHED_PENDING
2621,LEO-SUS304-S/S-PIL-L332P,PCS,Leon Sus 304 S/steel Pillar Sink,Kitchen & Sinks,,TAP-L332P,,,PENDING,,,,,,,,,,,,,,,,,PENDING,pending,needs_permission,,,,RETRY_RESEARCHED_PENDING
2622,LET-BOX-HW305B-0126S,PCS,Metal Letter Box (256X176X51MM) Black,Doors & Hardware,,256X176X51MM,,,PENDING,,,,,,,,,,,,,,,,,PENDING,pending,needs_permission,,,,RETRY_RESEARCHED_PENDING
2623,LOC-COL-RB501,PCS,Colex Anti- Cut Long Shackkle Padlock RB-501,Locks & Security,,RB-501,,,PENDING,,,,,,,,,,,,,,,,,PENDING,pending,needs_permission,,,,RETRY_RESEARCHED_PENDING
2624,TAP-SIN-CAV-CA2080,PCS,Cavallo Flex Tube Sink Tap Pillar,Kitchen & Sinks,,CA2080,,,PENDING,,,,,,,,,,,,,,,,,PENDING,pending,needs_permission,,,,RETRY_RESEARCHED_PENDING
2625,TOO-DRV-STA-6.5X125MM-9960651920,PCS,"Cushion Grip S/dr Std - (1/4""X5"")",Power Tools,,6.5X125MM,,,PENDING,,,,,,,,,,,,,,,,,PENDING,pending,needs_permission,,,,RETRY_RESEARCHED_PENDING
2626,TOO-WRE-SET-69256,SET,9PC L/arm Ball Point Hex Key Set,Power Tools,,1.5MM-10MM,,,PENDING,,,,,,,,,,,,,,,,,PENDING,pending,needs_permission,,,,RETRY_RESEARCHED_PENDING
2627,ACE-HAM-ANC-1/4X2,PCK,Ace Hammer Drive Anchor 650 1/4 X 2 (10PCS/PCK),Hand Tools,,10PCS/PCK,,,PENDING,,,,,,,,,,,,,,,,,PENDING,pending,needs_permission,,,,RETRY_RESEARCHED_PENDING
2628,BOS-2608-684-774,PCS,Hexagon Pointed Chisel,Hand Tools,Bosch,,,,PENDING,,,,,,,,,,,,,,,,,PENDING,pending,needs_permission,,,,RETRY_RESEARCHED_PENDING
2629,ELE-CAB-PVC-4.00MM-BLK-MTR,MTR,Ktk PVC Cable Black 100M -mtr,Electrical,,4.0MM2,,,PENDING,,,,,,,,,,,,,,,,,PENDING,pending,needs_permission,,,,RETRY_RESEARCHED_PENDING
2630,ELE-D/L-LSM-96W-3CLR-SQ,PCS,LED Source Module 96W 3CLR (sq),Lighting,,3CLR,,,PENDING,,,,,,,,,,,,,,,,,PENDING,pending,needs_permission,,,,RETRY_RESEARCHED_PENDING
2632,"IND-CAS-H/DUTY-MCLSC-6""",PCS,6 DL5 H/duty Mcl Swivel Caster,Fishing & Tackle,,DL5,,,PENDING,,,,,,,,,,,,,,,,,PENDING,pending,needs_permission,,,,RETRY_RESEARCHED_PENDING
2633,IND-TRU-300KG,UNIT,PVC Platform Hand Truck STP300 300KGS,Building Materials,,STP300,,,PENDING,,,,,,,,,,,,,,,,,PENDING,pending,needs_permission,,,,RETRY_RESEARCHED_PENDING
2634,IND-TRU-FD150,SET,PVC Platform Handtruck FD150,Building Materials,,FD150,,,PENDING,,,,,,,,,,,,,,,,,PENDING,pending,needs_permission,,,,RETRY_RESEARCHED_PENDING
2635,PAP-WALL-PARADISEII-AC9371-06,ROLL,Wallpaper Paradise Ii AC9371-06(10MX53CM),Paint & Sundries,,AC9371-06,,,PENDING,,,,,,,,,,,,,,,,,PENDING,pending,needs_permission,,,,RETRY_RESEARCHED_PENDING
2636,RAI-BOO-KRK-B39M,PAIR,Rainshoes - 39 (6) 6000BLK,Curtains & Blinds,,6000BLK,,,PENDING,,,,,,,,,,,,,,,,,PENDING,pending,needs_permission,,,,RETRY_RESEARCHED_PENDING
2637,SWI-LAM-ADA-3041B22,PCS,B22 Nylon Lamp Adaptor (blk),Lighting,,B22,,,PENDING,,,,,,,,,,,,,,,,,PENDING,pending,needs_permission,,,,RETRY_RESEARCHED_PENDING
2638,TANK-REC-450L,DRUM,450L Rectangular Tank (2),Other,,RT4.5CB,,,PENDING,,,,,,,,,,,,,,,,,PENDING,pending,needs_permission,,,,RETRY_RESEARCHED_PENDING
2639,TOO-COM-GLO-08MM,PCS,Glotool Combination Wrench 08MM,Hand Tools,Glotool,,,,PENDING,,,,,,,,,,,,,,,,,PENDING,pending,needs_permission,,,,RETRY_RESEARCHED_PENDING
2640,TOO-PLI-CIRWHS175,PCS,Intl Plier Straight 175MM,Hand Tools,,WHS175B,,,PENDING,,,,,,,,,,,,,,,,,PENDING,pending,needs_permission,,,,RETRY_RESEARCHED_PENDING
2641,TOO-WRE-PIP-A350MM,PCS,Glotool Pipe Wrench American Type 14,Hand Tools,Glotool,,,,PENDING,,,,,,,,,,,,,,,,,PENDING,pending,needs_permission,,,,RETRY_RESEARCHED_PENDING
2642,VAC-HYU-HD-1600,UNIT,Hyundai Vacuum Cleaner 1600W 30L,Chemicals & Adhesives,,,,,PENDING,,,,,,,,,,,,,,,,,PENDING,pending,needs_permission,,,,RETRY_RESEARCHED_PENDING
2643,X-ELE-BUL-D/L-HOME-25W,PCS,Hermanns Ens Spiral 25W,Power Tools,,6500K,,,PENDING,,,,,,,,,,,,,,,,,PENDING,pending,needs_permission,,,,RETRY_RESEARCHED_PENDING
2644,BRO-PLA-SB200,PCS,Plastic Broom 260G,Housewares,,SB200,,,PENDING,,,,,,,,,,,,,,,,,PENDING,pending,needs_permission,,,,RETRY_RESEARCHED_PENDING
2647,FAS-ANC-PJA-0650,BOX,Glotool P. J. Anchor 1/4 X 2,Fasteners & Fixings,Glotool,,,,PENDING,,,,,,,,,,,,,,,,,PENDING,pending,needs_permission,,,,RETRY_RESEARCHED_PENDING
2648,"FAS-SCR-F/H-1"" X 8# BOX",BOX,Sr F/h Self Drilling Screw 1 X 8 (1000PCS/BOX),Fasteners & Fixings,,1000PCS/BOX,,,PENDING,,,,,,,,,,,,,,,,,PENDING,pending,needs_permission,,,,RETRY_RESEARCHED_PENDING
2649,FLO-PVC-NO-K24708,ROLL,PVC Flooring No. K35810,Flooring,,K35810,,,PENDING,,,,,,,,,,,,,,,,,PENDING,pending,needs_permission,,,,RETRY_RESEARCHED_PENDING
2650,JAC-BOT-MAS-MHB-30TON,PCS,Masada Bottle Jack,Automotive,,MHB-30Y,,,PENDING,,,,,,,,,,,,,,,,,PENDING,pending,needs_permission,,,,RETRY_RESEARCHED_PENDING
2651,JAC-FLO-ESKO-3TON-EK-J3075L,UNIT,Esko 3 Ton Low Profile Hyd Floor Jack (d. Pump),Lifting & Rigging,,EK-J3075L,,,PENDING,,,,,,,,,,,,,,,,,PENDING,pending,needs_permission,,,,RETRY_RESEARCHED_PENDING
2652,KGR-KIM-1L-9216,TIN,1 Litre KIMTONE-9216,Paint & Sundries,,KIMTONE-9216,,,PENDING,,,,,,,,,,,,,,,,,PENDING,pending,needs_permission,,,,RETRY_RESEARCHED_PENDING
2653,SHE-CAB-CB476-BLK,PCS,Cabana Corner Shelf S/s Matt Blk,Housewares,,CB476-BLK,,,PENDING,,,,,,,,,,,,,,,,,PENDING,pending,needs_permission,,,,RETRY_RESEARCHED_PENDING
2654,SWI-T/SOC-2540B-5M2G,SET,2G Extension Socket Sp,Electrical,,EXT-2540B,,,PENDING,,,,,,,,,,,,,,,,,PENDING,pending,needs_permission,,,,RETRY_RESEARCHED_PENDING
2655,TOO-COM-W0287F-13MM,PCS,Com Ratchet Wrench 13MM,Hand Tools,,W0287F,,,PENDING,,,,,,,,,,,,,,,,,PENDING,pending,needs_permission,,,,RETRY_RESEARCHED_PENDING
2656,"TOO-DRV-STA-PH0-1/8""X4""-9960651580",PCS,"Cushion Grip S/dr PHILIPS-1/8""X4""X0PT ( 0X100MM)",Power Tools,,PHILIPS-1/8,,,PENDING,,,,,,,,,,,,,,,,,PENDING,pending,needs_permission,,,,RETRY_RESEARCHED_PENDING
2657,TOO-FIL-BCC-4.5200MM,CARD,Bahco Chain Saw File 168-8-4.5-3P 11/641IN (CARD),Hand Tools,,168-8-4.5-3P,,,PENDING,,,,,,,,,,,,,,,,,PENDING,pending,needs_permission,,,,RETRY_RESEARCHED_PENDING
2658,TOO-HAM-CLA-MHT2839,PCS,Steel Handle Magnetic Claw,Hand Tools,,HAMMER-28X390MM,,,PENDING,,,,,,,,,,,,,,,,,PENDING,pending,needs_permission,,,,RETRY_RESEARCHED_PENDING
2659,WAL-PLU-JWP-6MM,PCK,Jaw Wall Plug 6MM (10PCS/PCK),Fasteners & Fixings,,10PCS/PCK,,,PENDING,,,,,,,,,,,,,,,,,PENDING,pending,needs_permission,,,,RETRY_RESEARCHED_PENDING
2661,ELE-PEN-81219/3L-E27,PCS,Pendant Lamp Long Base 81219/3L,Lighting,,81219/3L,,,PENDING,,,,,,,,,,,,,,,,,PENDING,pending,needs_permission,,,,RETRY_RESEARCHED_PENDING
2662,"FAS-SCR-P/H-1 1/2"" X 8#-500PCS/BOX",BOX,Sr P/h Self Drilling Screw 1 1/2 X 8 (500PCS/BOX),Fasteners & Fixings,,500PCS/BOX,,,PENDING,,,,,,,,,,,,,,,,,PENDING,pending,needs_permission,,,,RETRY_RESEARCHED_PENDING
2664,LAD-ALU-WORKER-SS09,UNIT,Worker SS09 S/side Alum. Ladder (LDS09-MF),Ladders & Access,,SS09,,,PENDING,,,,,,,,,,,,,,,,,PENDING,pending,needs_permission,,,,RETRY_RESEARCHED_PENDING
2665,LAM-LIG-T16W-60W,PCS,National Light Output T16W Light Capsule,Lighting,,T16W,,,PENDING,,,,,,,,,,,,,,,,,PENDING,pending,needs_permission,,,,RETRY_RESEARCHED_PENDING
2666,MEA-TAP-SUN-10M,PCS,Sunlon M. Tape 10.0M/33,Hand Tools,,10.0M/33,,,PENDING,,,,,,,,,,,,,,,,,PENDING,pending,needs_permission,,,,RETRY_RESEARCHED_PENDING
2667,SWI-T/SOC-MS3255-5-5M5G,PCS,Morries Extension Socket 5G 5M W Neon,Electrical,,MS3255-5,,,PENDING,,,,,,,,,,,,,,,,,PENDING,pending,needs_permission,,,,RETRY_RESEARCHED_PENDING
2668,"TOO-CUT-BOL-GT36""",PCS,Glotool Bolt Clipper 36,Fasteners & Fixings,Glotool,,,,PENDING,,,,,,,,,,,,,,,,,PENDING,pending,needs_permission,,,,RETRY_RESEARCHED_PENDING
2669,TOO-WRE-PIP-A250MM,PCS,Glotool Pipe Wrench American Type 10,Hand Tools,Glotool,,,,PENDING,,,,,,,,,,,,,,,,,PENDING,pending,needs_permission,,,,RETRY_RESEARCHED_PENDING
2670,WAL-DOW-071/1 W,PCS,Wall Light W-071/1,Lighting,,W-071/1,,,PENDING,,,,,,,,,,,,,,,,,PENDING,pending,needs_permission,,,,RETRY_RESEARCHED_PENDING
2671,WEL-MAC-FIG-MMA160,UNIT,Fighter Inverter Welding Machine 160A,Welding,,,,,PENDING,,,,,,,,,,,,,,,,,PENDING,pending,needs_permission,,,,RETRY_RESEARCHED_PENDING
2672,BRU-HAN0HAW-452135,PCS,Glotool 452135-3008 Steel Wire Brush,Electrical,Glotool,,,,PENDING,,,,,,,,,,,,,,,,,PENDING,pending,needs_permission,,,,RETRY_RESEARCHED_PENDING
2673,CUT-DIS-ARC06,PCS,Aracut Glass & Tile Grinding,Abrasives & Cutting,,A-505A,,,PENDING,,,,,,,,,,,,,,,,,PENDING,pending,needs_permission,,,,RETRY_RESEARCHED_PENDING
2674,DOR-BELL-EB3303DB,PCS,Eurobell Digital Wireless Door Bell,Doors & Hardware,,EB-3303DB,,,PENDING,,,,,,,,,,,,,,,,,PENDING,pending,needs_permission,,,,RETRY_RESEARCHED_PENDING
2675,DOR-HAN-DK063-NA-L,PCS,Dekko Na-l Casement Handle,Doors & Hardware,,DK063,,,PENDING,,,,,,,,,,,,,,,,,PENDING,pending,needs_permission,,,,RETRY_RESEARCHED_PENDING
2676,GAR-SHE-TIG-H9622,SET,Telescopic Pruner Saw:tiger,Outdoor & Garden,,H-9622,,,PENDING,,,,,,,,,,,,,,,,,PENDING,pending,needs_permission,,,,RETRY_RESEARCHED_PENDING
2677,GRA-CUT-BLA-GCD01,PCS,Cutting Grass,Outdoor & Garden,,DT-04,,,PENDING,,,,,,,,,,,,,,,,,PENDING,pending,needs_permission,,,,RETRY_RESEARCHED_PENDING
2678,GUM-HAR-205,SET,Clear Epoxy Hardex 5 Min,Chemicals & Adhesives,,HE-205,,,PENDING,,,,,,,,,,,,,,,,,PENDING,pending,needs_permission,,,,RETRY_RESEARCHED_PENDING
2679,"IND-CAS-H/DUTY-MCLSC-4""",PCS,4 DL5 H/duty Mcl Swivel Caster,Fishing & Tackle,,DL5,,,PENDING,,,,,,,,,,,,,,,,,PENDING,pending,needs_permission,,,,RETRY_RESEARCHED_PENDING
2681,KOYA-GRE-KOY-2KG,JAR,2KG P525 All Purpose Grease,Chemicals & Adhesives,,P525,,,PENDING,,,,,,,,,,,,,,,,,PENDING,pending,needs_permission,,,,RETRY_RESEARCHED_PENDING
2682,KOYA-GRE-P611-1/2KG,TIN,Koya P611 H/d Lithium Mp,Chemicals & Adhesives,,P611,,,PENDING,,,,,,,,,,,,,,,,,PENDING,pending,needs_permission,,,,RETRY_RESEARCHED_PENDING
2683,LAD-ALU-WORKER-SS08,UNIT,Worker SS08 S/side Alum. Ladder (LDS08-MF),Ladders & Access,,SS08,,,PENDING,,,,,,,,,,,,,,,,,PENDING,pending,needs_permission,,,,RETRY_RESEARCHED_PENDING
2684,PYE-CEM-CLE-1L,BOT,PYE Cem Cleaner,Chemicals & Adhesives,,118-1L,,,PENDING,,,,,,,,,,,,,,,,,PENDING,pending,needs_permission,,,,RETRY_RESEARCHED_PENDING
2685,PYE-DRA-REM-R01-500ML,PCS,PYE Drain Clog Free Remover 500ML,Chemicals & Adhesives,,CLDR01,,,PENDING,,,,,,,,,,,,,,,,,PENDING,pending,needs_permission,,,,RETRY_RESEARCHED_PENDING
2686,RIG-SHA-BOW-G209-20MM,PCS,Pin Type Bow Shackle (G209) 20 MM,Lifting & Rigging,,G209,,,PENDING,,,,,,,,,,,,,,,,,PENDING,pending,needs_permission,,,,RETRY_RESEARCHED_PENDING
2687,SIN-CAV-CA215,PCS,SS Sink With Waste,Plumbing,,CA215,,,PENDING,,,,,,,,,,,,,,,,,PENDING,pending,needs_permission,,,,RETRY_RESEARCHED_PENDING
2688,SWI-T/SOC-TAI-2G-2000,PCS,Taicon 2G Trailing Socket Neon-empty (2000),Electrical,Taicon,,,,PENDING,,,,,,,,,,,,,,,,,PENDING,pending,needs_permission,,,,RETRY_RESEARCHED_PENDING
2689,"TOO-LEV-MAG-3804X18""",PCS,T&t Magnetic Flat Aluminium Level - 3804X18,Power Tools,,3804X18,,,PENDING,,,,,,,,,,,,,,,,,PENDING,pending,needs_permission,,,,RETRY_RESEARCHED_PENDING
2690,"TOO-LEV-MAG-3805X24""",PCS,T&t Magnetic Flat Aluminium Level - 3805X24,Power Tools,,3805X24,,,PENDING,,,,,,,,,,,,,,,,,PENDING,pending,needs_permission,,,,RETRY_RESEARCHED_PENDING
2691,"TOO-LEV-SPE-3801X18""",PCS,Speed L/duty Flat Water Level - 3801X18,Power Tools,,3801X18,,,PENDING,,,,,,,,,,,,,,,,,PENDING,pending,needs_permission,,,,RETRY_RESEARCHED_PENDING
2692,"TOO-LEV-SPE-3801X24""",PCS,Speed L/duty Flat Water Level - 3801X24,Power Tools,,3801X24,,,PENDING,,,,,,,,,,,,,,,,,PENDING,pending,needs_permission,,,,RETRY_RESEARCHED_PENDING
2693,TOO-NIE-ALL-KEY-02.5MM,PCS,Nietz E/long Ball Point Satin Wrch 53252025 2.5MM,Power Tools,Nietz,,,,PENDING,,,,,,,,,,,,,,,,,PENDING,pending,needs_permission,,,,RETRY_RESEARCHED_PENDING
2694,TOO-PLI-CIR-GTES150,PCS,Glotool Circlip Plier - Ext Straight,Hand Tools,Glotool,,,,PENDING,,,,,,,,,,,,,,,,,PENDING,pending,needs_permission,,,,RETRY_RESEARCHED_PENDING
2695,TOO-PLI-CIR-GTIB150,PCS,Glotool Circlip Plier - Int Bent,Hand Tools,Glotool,,,,PENDING,,,,,,,,,,,,,,,,,PENDING,pending,needs_permission,,,,RETRY_RESEARCHED_PENDING
2697,BOS-2609-390-394,PCS,Sds Plus Flat Chisel 250MM,Power Tool Accessories,Bosch,,,,PENDING,,,,,,,,,,,,,,,,,PENDING,pending,needs_permission,,,,RETRY_RESEARCHED_PENDING
2698,BOS-2609-390-576,PCS,Sds Plus Pointed Chisel 250MM,Power Tool Accessories,Bosch,,,,PENDING,,,,,,,,,,,,,,,,,PENDING,pending,needs_permission,,,,RETRY_RESEARCHED_PENDING
2699,CHA-CAP-SQU-INT-16X51MM,PCK,Rectangular Internal Cap (4PCS/PCK),Outdoor & Garden,,4PCS/PCK,,,PENDING,,,,,,,,,,,,,,,,,PENDING,pending,needs_permission,,,,RETRY_RESEARCHED_PENDING
2700,ELE-CEI-LIG-9392-300-3CLR,PCS,Ceiling Light 9392-300 3CLR,Lighting,,3CLR,,,PENDING,,,,,,,,,,,,,,,,,PENDING,pending,needs_permission,,,,RETRY_RESEARCHED_PENDING
2701,GUM-PVC-OCI-500G,TIN,Sr Oci PVC Gum 500G,Chemicals & Adhesives,,,,,PENDING,,,,,,,,,,,,,,,,,PENDING,pending,needs_permission,,,,RETRY_RESEARCHED_PENDING
2702,KGR-ADH-0300ML,TIN,Kangaroo Brand 505 Super Adhesive 300ML,Chemicals & Adhesives,,,,,PENDING,,,,,,,,,,,,,,,,,PENDING,pending,needs_permission,,,,RETRY_RESEARCHED_PENDING
2704,LAD-EXT-DOU-10X10,UNIT,Double Ext Ladder 10X10FT,Ladders & Access,,10X10FT,,,PENDING,,,,,,,,,,,,,,,,,PENDING,pending,needs_permission,,,,RETRY_RESEARCHED_PENDING
2706,SHE-CAB-CB789,UNIT,Cabana Double Glass Shelf,Building Materials,,CB789,,,PENDING,,,,,,,,,,,,,,,,,PENDING,pending,needs_permission,,,,RETRY_RESEARCHED_PENDING
2707,TOO-ELE-WJ-315,PCS,Tool Oubao 8P8C Modular Crimping Tool (WJ-315),Power Tools,,8P8C,,,PENDING,,,,,,,,,,,,,,,,,PENDING,pending,needs_permission,,,,RETRY_RESEARCHED_PENDING
2708,TOO-MAG-MC03A,PCK,Magnetic Catch (4PCS/PCK),Power Tools,,4PCS/PCK,,,PENDING,,,,,,,,,,,,,,,,,PENDING,pending,needs_permission,,,,RETRY_RESEARCHED_PENDING
2709,BRA-BID-SHO-SA033,PCS,28 Milano Hand Shower Bracket,Bathroom,,SA033,,,PENDING,,,,,,,,,,,,,,,,,PENDING,pending,needs_permission,,,,RETRY_RESEARCHED_PENDING
2710,BRO-MOP-350,PCS,No. 350 Mop Broom With Handle,Doors & Hardware,,NO.350,,,PENDING,,,,,,,,,,,,,,,,,PENDING,pending,needs_permission,,,,RETRY_RESEARCHED_PENDING
2711,DOR-CLO-ELOY-E061,PCS,Leon Door CLOSER-L061,Doors & Hardware,,CLOSER-L061,,,PENDING,,,,,,,,,,,,,,,,,PENDING,pending,needs_permission,,,,RETRY_RESEARCHED_PENDING
2712,DRAI-POW-350G,BTL,Drain Cleaner Powder,Chemicals & Adhesives,,350GM,,,PENDING,,,,,,,,,,,,,,,,,PENDING,pending,needs_permission,,,,RETRY_RESEARCHED_PENDING
2713,FAS-SCR-TECH-METAL-45MM-BOX,BOX,Techscrew-metal Screw X 45MM (300PCS/BOX),Fasteners & Fixings,,300PCS/BOX,,,PENDING,,,,,,,,,,,,,,,,,PENDING,pending,needs_permission,,,,RETRY_RESEARCHED_PENDING
2714,FRE-MID-MD-RC151FZB01,PCS,Midea Chest FREEZER-99L MD-RC151FZB01,Other,,FREEZER-99L,,,PENDING,,,,,,,,,,,,,,,,,PENDING,pending,needs_permission,,,,RETRY_RESEARCHED_PENDING
2715,GAR-RAK-PALM-12T,PCS,12T Oil Palm Rake,Outdoor & Garden,,12T,,,PENDING,,,,,,,,,,,,,,,,,PENDING,pending,needs_permission,,,,RETRY_RESEARCHED_PENDING
2716,GAR-SHE-JM1002,PCS,Jayamata Pruning Shear Curved 8,Outdoor & Garden,,JM-1002,,,PENDING,,,,,,,,,,,,,,,,,PENDING,pending,needs_permission,,,,RETRY_RESEARCHED_PENDING
2718,"IND-CAS-H/DUTY-MCLSCB-6""",PCS,6 DL5 H/duty Mcl Swivel Caster W Double Brake,Fishing & Tackle,,DL5,,,PENDING,,,,,,,,,,,,,,,,,PENDING,pending,needs_permission,,,,RETRY_RESEARCHED_PENDING
2719,LET-BOX-HW305A,PCS,0125 Metal Letter Box (200X75X260MM),Doors & Hardware,,200X75X260MM,,,PENDING,,,,,,,,,,,,,,,,,PENDING,pending,needs_permission,,,,RETRY_RESEARCHED_PENDING
2721,RIG-SHA-BOW-G209-12MM,PCS,Pin Type Bow Shackle (G209) 12 MM,Lifting & Rigging,,G209,,,PENDING,,,,,,,,,,,,,,,,,PENDING,pending,needs_permission,,,,RETRY_RESEARCHED_PENDING
2722,TOO-CUT-SNIW107A,PCS,Aviation Snips 250MM W0107A,Power Tools,,W0107A,,,PENDING,,,,,,,,,,,,,,,,,PENDING,pending,needs_permission,,,,RETRY_RESEARCHED_PENDING
2724,TOO-WRE-ADJ-GT250,PCS,Glotool Adjustable Wrench 10,Hand Tools,Glotool,,,,PENDING,,,,,,,,,,,,,,,,,PENDING,pending,needs_permission,,,,RETRY_RESEARCHED_PENDING
2725,TOO-WRE-PIP-W350C,PCS,Heavy Pipe Wrench (350MM),Hand Tools,,W350C,,,PENDING,,,,,,,,,,,,,,,,,PENDING,pending,needs_permission,,,,RETRY_RESEARCHED_PENDING
2726,BOS-2608-608-N96,PCS,Fiber Sanding Disc 100MM P100,Abrasives & Cutting,Bosch,P100,,,PENDING,,,,,,,,,,,,,,,,,PENDING,pending,needs_permission,,,,RETRY_RESEARCHED_PENDING
2727,BRU-SPO-B3PCS,PKT,3M 213 Scouring Sponge Pad W/ab 3'S (kh SB1200775),Other,,SB1200775,,,PENDING,,,,,,,,,,,,,,,,,PENDING,pending,needs_permission,,,,RETRY_RESEARCHED_PENDING
2728,DOR-HAN-CH608-NA-L,PCS,Na-l Casement Handle,Doors & Hardware,,CH608,,,PENDING,,,,,,,,,,,,,,,,,PENDING,pending,needs_permission,,,,RETRY_RESEARCHED_PENDING
2729,ELE-ADA-EE1427,PCS,E14 To E27 Lamp Adaptor,Lighting,,E14,,,PENDING,,,,,,,,,,,,,,,,,PENDING,pending,needs_permission,,,,RETRY_RESEARCHED_PENDING
2730,ELE-BUL-C7-E12-MINI,PCS,C7 E12 Mini Candle Bulb (clear),Lighting,,E12,,,PENDING,,,,,,,,,,,,,,,,,PENDING,pending,needs_permission,,,,RETRY_RESEARCHED_PENDING
2732,FAS-SCR-TECH-METAL-19MM-BOX,BOX,Techscrew-metal Screw X 19MM (600PCS/BOX),Fasteners & Fixings,,600PCS/BOX,,,PENDING,,,,,,,,,,,,,,,,,PENDING,pending,needs_permission,,,,RETRY_RESEARCHED_PENDING
2733,FAS-SCR-TECH-METAL-50MM-BOX,BOX,Techscrew-metal Screw X 50MM (250PCS/BOX),Fasteners & Fixings,,250PCS/BOX,,,PENDING,,,,,,,,,,,,,,,,,PENDING,pending,needs_permission,,,,RETRY_RESEARCHED_PENDING
2734,HAR-BON-NAIL-RS880-75G,PCS,Bonding Nail:hardex 75G,Fasteners & Fixings,,RS880,,,PENDING,,,,,,,,,,,,,,,,,PENDING,pending,needs_permission,,,,RETRY_RESEARCHED_PENDING
2735,IND-WHE-WB6111A,UNIT,Pu H/d Wheel Barrow,Building Materials,,WB6111,,,PENDING,,,,,,,,,,,,,,,,,PENDING,pending,needs_permission,,,,RETRY_RESEARCHED_PENDING
2736,LAM-KOA,UNIT(S),Outdoor Use Lamp Koa 240V,Lighting,,250W/S,,,PENDING,,,,,,,,,,,,,,,,,PENDING,pending,needs_permission,,,,RETRY_RESEARCHED_PENDING
2737,PAI-SPR-PMT-023,DOZ,Paint Master Spray Paint - No. 23 Scarlet,Paint & Sundries,,NO.23,,,PENDING,,,,,,,,,,,,,,,,,PENDING,pending,needs_permission,,,,RETRY_RESEARCHED_PENDING
2738,PAI-SPR-PMT-031,DOZ,Paint Master Spray Paint - No. 31 Deep Yellow,Paint & Sundries,,NO.31,,,PENDING,,,,,,,,,,,,,,,,,PENDING,pending,needs_permission,,,,RETRY_RESEARCHED_PENDING
2739,PAI-SPR-PMT-327,DOZ,Paint Master Spray Paint - No. 327 Deep Voilet,Paint & Sundries,,NO.327,,,PENDING,,,,,,,,,,,,,,,,,PENDING,pending,needs_permission,,,,RETRY_RESEARCHED_PENDING
2740,TOO-COM-SET-STMT80944-8,SET,14PC Combination Wrench Set,Hand Tools,,8MM-32MM,,,PENDING,,,,,,,,,,,,,,,,,PENDING,pending,needs_permission,,,,RETRY_RESEARCHED_PENDING
2741,TOW-CON-MIN66A52,PACK,13 X30 Cotton Face Towel (37G) -min (PACK),Bathroom,,X30,,,PENDING,,,,,,,,,,,,,,,,,PENDING,pending,needs_permission,,,,RETRY_RESEARCHED_PENDING
2742,X-FLO-MOC-CB6061,PCS,2'X2 Floor Tiles,Power Tools,,CB6061,,,PENDING,,,,,,,,,,,,,,,,,PENDING,pending,needs_permission,,,,RETRY_RESEARCHED_PENDING
2743,BOS-GUN-EXT-TUBE,PCS,Extension Tube For Aqt 33-10/35-12/37-13,Electrical,Bosch,,,,PENDING,,,,,,,,,,,,,,,,,PENDING,pending,needs_permission,,,,RETRY_RESEARCHED_PENDING
2744,CHA-SAW-IETO-HD3012,SET,Ieto Electric Chain Saw Stand HD3012,"Rope, Chain & Netting",,HD3012,,,PENDING,,,,,,,,,,,,,,,,,PENDING,pending,needs_permission,,,,RETRY_RESEARCHED_PENDING
2745,ELE-D/L-MGM-MQTL1119-SQ-12W-4000K,PCS,"Mgm 5""/SQ LED Panel Light (sr)",Lighting,,MQTL1119-F/12W,,,PENDING,,,,,,,,,,,,,,,,,PENDING,pending,needs_permission,,,,RETRY_RESEARCHED_PENDING
2746,ELE-D/L-PHL-59466-RD-6500K,SET,59466 Meson 17 1200 150 Round 6500K,Electrical,,6500K,,,PENDING,,,,,,,,,,,,,,,,,PENDING,pending,needs_permission,,,,RETRY_RESEARCHED_PENDING
2748,HAN-BLI-STE-600MMX32MM,PCS,Bliton Steel Pull Handle 600MMX32MM,Doors & Hardware,,600MMX32MM,,,PENDING,,,,,,,,,,,,,,,,,PENDING,pending,needs_permission,,,,RETRY_RESEARCHED_PENDING
2749,LAD-ALU-WORKER-DS10,UNIT,Worker DS10 D/side Alum. Ladder (LDD10-MF),Ladders & Access,,DS10,,,PENDING,,,,,,,,,,,,,,,,,PENDING,pending,needs_permission,,,,RETRY_RESEARCHED_PENDING
2750,LET-BOX-HW305A-0125,PCS,0125W Metal Letter Box (200X75X260MM) White,Doors & Hardware,,200X75X260MM,,,PENDING,,,,,,,,,,,,,,,,,PENDING,pending,needs_permission,,,,RETRY_RESEARCHED_PENDING
2751,SHE-CAB-CB474-BLK,PCS,Cabana Shelf L350 X W140 X,Housewares,,L350,,,PENDING,,,,,,,,,,,,,,,,,PENDING,pending,needs_permission,,,,RETRY_RESEARCHED_PENDING
2752,SHH-LURE-H2125-2.5CM,PCS,Huizhu Fishing Super Lure Frog 2.5CM (soft),Fishing & Tackle,,H2125,,,PENDING,,,,,,,,,,,,,,,,,PENDING,pending,needs_permission,,,,RETRY_RESEARCHED_PENDING
2753,TOO-WRE-PIP-A200MM,PCS,Glotool Pipe Wrench American Type 8,Hand Tools,Glotool,,,,PENDING,,,,,,,,,,,,,,,,,PENDING,pending,needs_permission,,,,RETRY_RESEARCHED_PENDING
2754,AUT-POL-AUT-SS75ML,PCS,Autosol S/steel,Other,,POLISH-75ML,,,PENDING,,,,,,,,,,,,,,,,,PENDING,pending,needs_permission,,,,RETRY_RESEARCHED_PENDING
2755,BOS-2608-680-795,PCS,Multi Purpose D/bit 8 X 80 X 120MM,Power Tools,Bosch,,,,PENDING,,,,,,,,,,,,,,,,,PENDING,pending,needs_permission,,,,RETRY_RESEARCHED_PENDING
2756,CHA-CAP-ROU-EXT-22MM,PCK,Round External Cap 22MM (4PCS/PCK),Outdoor & Garden,,4PCS/PCK,,,PENDING,,,,,,,,,,,,,,,,,PENDING,pending,needs_permission,,,,RETRY_RESEARCHED_PENDING
2757,CIS-HAN-042B#L/L,PCS,Dekko 042B L/l Cistern Handle,Doors & Hardware,,042B,,,PENDING,,,,,,,,,,,,,,,,,PENDING,pending,needs_permission,,,,RETRY_RESEARCHED_PENDING
2759,DRI-KUS-SET,SET,"Kusama Fully Ground Drill 1/16""-1/4",Power Tools,,13PCS/SET,,,PENDING,,,,,,,,,,,,,,,,,PENDING,pending,needs_permission,,,,RETRY_RESEARCHED_PENDING
2760,ELE-HOL-2727HD-E27,PCS,E27 To E27 Lamp Holder,Lighting,,E27,,,PENDING,,,,,,,,,,,,,,,,,PENDING,pending,needs_permission,,,,RETRY_RESEARCHED_PENDING
2762,"FAS-SCR-TAP-CSK-8#1""-BOX",BOX,"8 X1""CSK Self Tapping Screw-flat Head (1000 Pcs/box)",Fasteners & Fixings,,8#X1,,,PENDING,,,,,,,,,,,,,,,,,PENDING,pending,needs_permission,,,,RETRY_RESEARCHED_PENDING
2763,HOS-BLI-B5016,PCS,6FT Bliton H/pressure F/hose (silver),Outdoor & Garden,,6FT,,,PENDING,,,,,,,,,,,,,,,,,PENDING,pending,needs_permission,,,,RETRY_RESEARCHED_PENDING
2764,HOS-FLE-BLI-B1201,SET,12CM Bliton S/steel Flexible Tube,Outdoor & Garden,,B1201,,,PENDING,,,,,,,,,,,,,,,,,PENDING,pending,needs_permission,,,,RETRY_RESEARCHED_PENDING
2765,IND-CAN-4.5M,SET,Black King Kong CANOPY:3MX4.5MX15KGS - Blue,Building Materials,,CANOPY:3MX4.5MX15KGS,,,PENDING,,,,,,,,,,,,,,,,,PENDING,pending,needs_permission,,,,RETRY_RESEARCHED_PENDING
2766,IND-WHE-WB288-PU,UNIT,Belway HD Wheel Barrow Wheel,Building Materials,,WB288-PU,,,PENDING,,,,,,,,,,,,,,,,,PENDING,pending,needs_permission,,,,RETRY_RESEARCHED_PENDING
2768,KGR-KIM-1L-9212,TIN,1 Litre KIMTONE-9212,Paint & Sundries,,KIMTONE-9212,,,PENDING,,,,,,,,,,,,,,,,,PENDING,pending,needs_permission,,,,RETRY_RESEARCHED_PENDING
2769,PAI-ROL-SET-CRI-424,SET,"4""X20 Cristin Tiger Stripe Roller Set",Paint & Sundries,,X20,,,PENDING,,,,,,,,,,,,,,,,,PENDING,pending,needs_permission,,,,RETRY_RESEARCHED_PENDING
2770,PLUG-TOP-UMS-13A,PCS,Ums 13A Plugtop (PT130R-S),Other,,PT130R-S,,,PENDING,,,,,,,,,,,,,,,,,PENDING,pending,needs_permission,,,,RETRY_RESEARCHED_PENDING
2772,CHA-CAP-ROU-EXT-25MM,PCK,Round External Cap 25MM (4PCS/PCK),Outdoor & Garden,,4PCS/PCK,,,PENDING,,,,,,,,,,,,,,,,,PENDING,pending,needs_permission,,,,RETRY_RESEARCHED_PENDING
2773,CUT-BLA-ECL-1218T,PCS,Eclipse Hacksaw Blade - 12MM X 18T Predator,Hand Tools,,18T,,,PENDING,,,,,,,,,,,,,,,,,PENDING,pending,needs_permission,,,,RETRY_RESEARCHED_PENDING
2774,"DOR-HIN-STE-CLO-5/8""",PCS,Soft Close HINGES-5/8,Doors & Hardware,,HINGES-5/8,,,PENDING,,,,,,,,,,,,,,,,,PENDING,pending,needs_permission,,,,RETRY_RESEARCHED_PENDING
2775,ELE-D/L-PHL-59467-SQ-4000K,SET,59467 Meson 17 1200 150 Square 4000K,Electrical,,4000K,,,PENDING,,,,,,,,,,,,,,,,,PENDING,pending,needs_permission,,,,RETRY_RESEARCHED_PENDING
2776,ELE-ELCB-GRW-63A-2P,EA,Grow Elcb 2P 63A/0.1,Electrical,,63A/0.1,,,PENDING,,,,,,,,,,,,,,,,,PENDING,pending,needs_permission,,,,RETRY_RESEARCHED_PENDING
2777,"FAS-SCR-TAP-CSK-10#1-1/2""-BOX",BOX,"10 X1-1/2""CSK Self Tapping Screw-flat Head (500PCS/BOX)",Fasteners & Fixings,,X1-1/2,,,PENDING,,,,,,,,,,,,,,,,,PENDING,pending,needs_permission,,,,RETRY_RESEARCHED_PENDING
2778,GRA-CUT-BRU-4141406601,PAIR,Brush Pair - Spt 4141406601,Outdoor & Garden,,STGS8100,,,PENDING,,,,,,,,,,,,,,,,,PENDING,pending,needs_permission,,,,RETRY_RESEARCHED_PENDING
2779,IND-WHE-WST8126PU,UNIT,Wheel Barrow - PVC Rim Pu Tyre,Automotive,,WB8126PU,,,PENDING,,,,,,,,,,,,,,,,,PENDING,pending,needs_permission,,,,RETRY_RESEARCHED_PENDING
2780,KGR-KIM-1L-9211,TIN,1 Litre KIMTONE-9211,Paint & Sundries,,KIMTONE-9211,,,PENDING,,,,,,,,,,,,,,,,,PENDING,pending,needs_permission,,,,RETRY_RESEARCHED_PENDING
2782,LAD-ALU-WORKER-DS08,UNIT,Worker DS08 D/side Alum. Ladder (LDD08-MF),Ladders & Access,,DS08,,,PENDING,,,,,,,,,,,,,,,,,PENDING,pending,needs_permission,,,,RETRY_RESEARCHED_PENDING
2784,SCA-TCS-150-JCS67Z-150KG,PCS,Camry-price Computing Scale TCS-150-JCS67Z/150KG,Housewares,,TCS-150-JCS67Z/150KG,,,PENDING,,,,,,,,,,,,,,,,,PENDING,pending,needs_permission,,,,RETRY_RESEARCHED_PENDING
2786,TOO-BRA-STA-991002130,PCS,(5/8 Cap) Bit Brace 10,Power Tools,,4-JAW,,,PENDING,,,,,,,,,,,,,,,,,PENDING,pending,needs_permission,,,,RETRY_RESEARCHED_PENDING
2787,TOO-PLI-PUMW5010,PCS,Water Pump Pliers 250MM,Pumps & Water,,WNS5010B,,,PENDING,,,,,,,,,,,,,,,,,PENDING,pending,needs_permission,,,,RETRY_RESEARCHED_PENDING
2788,TOO-WRE-ADJ-GT150,PCS,Glotool Adjustable Wrench 6,Hand Tools,Glotool,,,,PENDING,,,,,,,,,,,,,,,,,PENDING,pending,needs_permission,,,,RETRY_RESEARCHED_PENDING
2789,TOO-WRE-PIP-W600C,PCS,Heavy Pipe Wrench (600MM),Hand Tools,,W600C,,,PENDING,,,,,,,,,,,,,,,,,PENDING,pending,needs_permission,,,,RETRY_RESEARCHED_PENDING
2792,COV-JAC-RED-2XL,PCS,Red Jacket (r) : 2XL,Outdoor & Garden,,2XL,,,PENDING,,,,,,,,,,,,,,,,,PENDING,pending,needs_permission,,,,RETRY_RESEARCHED_PENDING
2793,CUT-DEW-DW4790,PCS,"Diamond Blade, Continous Rim 4",Abrasives & Cutting,,DW4790,,,PENDING,,,,,,,,,,,,,,,,,PENDING,pending,needs_permission,,,,RETRY_RESEARCHED_PENDING
2794,DOR-HAN-CF350-NA-L,PCS,Na-l Cresent Fastener,Doors & Hardware,,CF350,,,PENDING,,,,,,,,,,,,,,,,,PENDING,pending,needs_permission,,,,RETRY_RESEARCHED_PENDING
2795,DOR-VIE-SGD-DV3776SN,PCS,Sn St. Guchi Door Viewer 180,Doors & Hardware,,SGAC-DV3776,,,PENDING,,,,,,,,,,,,,,,,,PENDING,pending,needs_permission,,,,RETRY_RESEARCHED_PENDING
2796,HOS-SPA-TAP-C333,CARD,C333 Spare Cartridge (for Cross Handle),Doors & Hardware,,C333,,,PENDING,,,,,,,,,,,,,,,,,PENDING,pending,needs_permission,,,,RETRY_RESEARCHED_PENDING
2797,IND-SCO-METAL-S503MH,DOZ,Scoop Metal Handle S503MH,Doors & Hardware,,S503MH,,,PENDING,,,,,,,,,,,,,,,,,PENDING,pending,needs_permission,,,,RETRY_RESEARCHED_PENDING
2799,MAC-SEA-SF-200-90200007,PCS,Spare Part-impulse Sealer Heat Element Kit,Paint & Sundries,,SF-300,,,PENDING,,,,,,,,,,,,,,,,,PENDING,pending,needs_permission,,,,RETRY_RESEARCHED_PENDING
2800,RAI-BOO-KRK-Y42#,PAIR,Rainshoes - 42 (9) 7000YLW,Curtains & Blinds,,7000YLW,,,PENDING,,,,,,,,,,,,,,,,,PENDING,pending,needs_permission,,,,RETRY_RESEARCHED_PENDING
2802,SAF-SHO-NK85-10,PAIR,Neuking NK85 Black 10,Safety & Workwear,,NK85,,,PENDING,,,,,,,,,,,,,,,,,PENDING,pending,needs_permission,,,,RETRY_RESEARCHED_PENDING
2803,SWI-SOC-NNE-9498,PCS,NNE 9498 Metalclad Switch Socket 2GANG 13A,Electrical,,2GANG,,,PENDING,,,,,,,,,,,,,,,,,PENDING,pending,needs_permission,,,,RETRY_RESEARCHED_PENDING
2804,SWI-T/SOC-4540B-5M4G,SET,4G Extension Socket Sp,Electrical,,EXT-4540B,,,PENDING,,,,,,,,,,,,,,,,,PENDING,pending,needs_permission,,,,RETRY_RESEARCHED_PENDING
2805,TOO-HOL-PUN,SET,Hollow Punch Set (55600),Power Tools,,9PCS/SET,,,PENDING,,,,,,,,,,,,,,,,,PENDING,pending,needs_permission,,,,RETRY_RESEARCHED_PENDING
2806,TOO-PLI-COMW406D150,PCS,Combination Pliers 150MM,Power Tools,,AC406,,,PENDING,,,,,,,,,,,,,,,,,PENDING,pending,needs_permission,,,,RETRY_RESEARCHED_PENDING
2807,TOO-SOC-SET-4610M,SET,Mr. Mark 10PCS 1/2 6P. Socket,Hand Tools,,6P.,,,PENDING,,,,,,,,,,,,,,,,,PENDING,pending,needs_permission,,,,RETRY_RESEARCHED_PENDING
2808,X-MEA-TAP-STA-POW-5.0M,PCS,5M/16 X 3/4 Powerlock Tape Ruler,Power Tools,,5M/16,,,PENDING,,,,,,,,,,,,,,,,,PENDING,pending,needs_permission,,,,RETRY_RESEARCHED_PENDING
2809,BOX-POS-KH2088,PCS,PVC Post Box/letter Box With Magz. Tray (KH2088),Doors & Hardware,,KH2088,,,PENDING,,,,,,,,,,,,,,,,,PENDING,pending,needs_permission,,,,RETRY_RESEARCHED_PENDING
2810,CUT-BLA-ECL-2510T14,PCS,Eclipse Hacksaw Blade - 25MM X 10T X 14,Hand Tools,,10T,,,PENDING,,,,,,,,,,,,,,,,,PENDING,pending,needs_permission,,,,RETRY_RESEARCHED_PENDING
2811,"DOR-HIN-SSS-4""",PAIR,"Leon Universal Door HINGE-4""X3X3.0",Doors & Hardware,,HINGE-4,,,PENDING,,,,,,,,,,,,,,,,,PENDING,pending,needs_permission,,,,RETRY_RESEARCHED_PENDING
2812,ELE-ELCB-GRW-40A-4P,EA,Grow Elcb 4P 40A/0.3,Electrical,,40A/0.3,,,PENDING,,,,,,,,,,,,,,,,,PENDING,pending,needs_permission,,,,RETRY_RESEARCHED_PENDING
2813,ELE-ELCB-GRW-63A-4P,EA,Grow Elcb 4P 63A/0.3,Electrical,,63A/0.3,,,PENDING,,,,,,,,,,,,,,,,,PENDING,pending,needs_permission,,,,RETRY_RESEARCHED_PENDING
2814,FLO-PVC-NO.490-12,ROLL,PVC Flooring No. 359-03,Flooring,,NO.359-03,,,PENDING,,,,,,,,,,,,,,,,,PENDING,pending,needs_permission,,,,RETRY_RESEARCHED_PENDING
2815,GAS-RACK-WMGR01,UNIT,Gas Rack -copper,Housewares,,WMGR01,,,PENDING,,,,,,,,,,,,,,,,,PENDING,pending,needs_permission,,,,RETRY_RESEARCHED_PENDING
2817,IND-CAS-75MM,PCS,3 DL5 Tpr M/duty 2 Bearing Fixed Caster,Building Materials,,DL5,,,PENDING,,,,,,,,,,,,,,,,,PENDING,pending,needs_permission,,,,RETRY_RESEARCHED_PENDING
2820,LAM-4402SB,BOX,Seal Beam 4402-24V,Lighting,,4402-24V,,,PENDING,,,,,,,,,,,,,,,,,PENDING,pending,needs_permission,,,,RETRY_RESEARCHED_PENDING
2821,NUM-PUNC-50730040,SET,Nietz 0-9 Number Punches 4MM 50730040,Signage & Numbering,Nietz,,,,PENDING,,,,,,,,,,,,,,,,,PENDING,pending,needs_permission,,,,RETRY_RESEARCHED_PENDING
2823,RAI-BOO-KRK-Y38#,PAIR,Rainshoes - 38 (5) 7000YLW,Curtains & Blinds,,7000YLW,,,PENDING,,,,,,,,,,,,,,,,,PENDING,pending,needs_permission,,,,RETRY_RESEARCHED_PENDING
2825,SINK-PROTECTOR-A90,PCS,Sink Protector A90,Kitchen & Sinks,,A90,,,PENDING,,,,,,,,,,,,,,,,,PENDING,pending,needs_permission,,,,RETRY_RESEARCHED_PENDING
2826,"TOO-DRV-STA-PH-1/4""X04""-996060809",PCS,Cushion Grip S/dr PHILIPS-1/4” X 4 ( 2 X 100MM),Power Tools,,PHILIPS-1/4,,,PENDING,,,,,,,,,,,,,,,,,PENDING,pending,needs_permission,,,,RETRY_RESEARCHED_PENDING
2827,TOO-SET-W022,SET,W022 22PCS Tool Set,Power Tools,,W022,,,PENDING,,,,,,,,,,,,,,,,,PENDING,pending,needs_permission,,,,RETRY_RESEARCHED_PENDING
2828,TOO-WRE-KEY-W0199A,SET,9PCS Extralong Ball Point W0199A,Power Tools,,W0199A,,,PENDING,,,,,,,,,,,,,,,,,PENDING,pending,needs_permission,,,,RETRY_RESEARCHED_PENDING
2829,VAC-HYU-HD-1600E,UNIT,Hyundai Vacuum Cleaner 1600W 25L,Chemicals & Adhesives,,,,,PENDING,,,,,,,,,,,,,,,,,PENDING,pending,needs_permission,,,,RETRY_RESEARCHED_PENDING
2831,DOE-LOC-ATLP-0910SN,SETS,Sn Armor Tubular Lever On Plate,Other,,ATLP-0910,,,PENDING,,,,,,,,,,,,,,,,,PENDING,pending,needs_permission,,,,RETRY_RESEARCHED_PENDING
2833,"FAS-SCR-F/H-2"" X 8# BOX",BOX,Sr F/h Self Drilling Screw 2 X 8 (500PCS/BOX),Fasteners & Fixings,,500PCS/BOX,,,PENDING,,,,,,,,,,,,,,,,,PENDING,pending,needs_permission,,,,RETRY_RESEARCHED_PENDING
2834,"FAS-SCR-TAP-CSK-6#1-1/2""-BOX",BOX,"6 X1-1/2""CSK Self Tap Screw-flat Head (1000PCS/BOX)",Fasteners & Fixings,,X1-1/2,,,PENDING,,,,,,,,,,,,,,,,,PENDING,pending,needs_permission,,,,RETRY_RESEARCHED_PENDING
2835,FLO-PVC-477-12,ROLL,PVC Flooring No. 105-03,Flooring,,NO.105-03,,,PENDING,,,,,,,,,,,,,,,,,PENDING,pending,needs_permission,,,,RETRY_RESEARCHED_PENDING
2836,FLO-PVC-NO-K21314,ROLL,PVC Flooring No. K15201,Flooring,,K15201,,,PENDING,,,,,,,,,,,,,,,,,PENDING,pending,needs_permission,,,,RETRY_RESEARCHED_PENDING
2837,FLO-PVC-NO-YP 25709,ROLL,PVC Flooring No. K31210,Flooring,,K31210,,,PENDING,,,,,,,,,,,,,,,,,PENDING,pending,needs_permission,,,,RETRY_RESEARCHED_PENDING
2838,FLO-PVC-NO.K28605,ROLL,PVC Flooring No. K28605,Flooring,,K28605,,,PENDING,,,,,,,,,,,,,,,,,PENDING,pending,needs_permission,,,,RETRY_RESEARCHED_PENDING
2839,GAR-SPR-0063,PCS,Activ Garden Sprayer 2LTR - 0063,Outdoor & Garden,,2LTR,,,PENDING,,,,,,,,,,,,,,,,,PENDING,pending,needs_permission,,,,RETRY_RESEARCHED_PENDING
2840,GAS-STO-KD-120B,PCS,Dekka Gas Stove KD-120B,Kitchen & Sinks,,KD-120B,,,PENDING,,,,,,,,,,,,,,,,,PENDING,pending,needs_permission,,,,RETRY_RESEARCHED_PENDING
2841,GER-PLUG-BPM6A,PCS,Ngk 14 X 9.5 Sparkplug -BPM6A,Other,,BPM6A,,,PENDING,,,,,,,,,,,,,,,,,PENDING,pending,needs_permission,,,,RETRY_RESEARCHED_PENDING
2842,HHD-TOI-COV-FTS-002021-1TKWHI,PCS,DL5 Eco L/duty Toilet Seat 202 + Child Seat,Bathroom,,DL5,,,PENDING,,,,,,,,,,,,,,,,,PENDING,pending,needs_permission,,,,RETRY_RESEARCHED_PENDING
2843,LOC-BCK-SSS-2PCS,PCS,Buick Keyalike 2PCS,Locks & Security,,PADLOCK50MM,,,PENDING,,,,,,,,,,,,,,,,,PENDING,pending,needs_permission,,,,RETRY_RESEARCHED_PENDING
2845,SAF-SHO-NK85-7,PAIR,Neuking NK85 Black 07,Safety & Workwear,,NK85,,,PENDING,,,,,,,,,,,,,,,,,PENDING,pending,needs_permission,,,,RETRY_RESEARCHED_PENDING
2846,TOI-TRP-C1310P-WHT,NOS,Washdown Close Coupled P-trap,Plumbing,,C1310P,,,PENDING,,,,,,,,,,,,,,,,,PENDING,pending,needs_permission,,,,RETRY_RESEARCHED_PENDING
2847,TOI-TRP-C1310S-WHT,NOS,Washdown Close Coupled S-trap,Plumbing,,C1310S,,,PENDING,,,,,,,,,,,,,,,,,PENDING,pending,needs_permission,,,,RETRY_RESEARCHED_PENDING
2848,TOO-PLI-DIA-W106T,PCS,Long Nose Pliers 150MM,Power Tools,,W106T,,,PENDING,,,,,,,,,,,,,,,,,PENDING,pending,needs_permission,,,,RETRY_RESEARCHED_PENDING
2849,TOO-PLI-RIV-ASAKI,PCS,Asaki Hand Riveter,Power Tools,,AK6802,,,PENDING,,,,,,,,,,,,,,,,,PENDING,pending,needs_permission,,,,RETRY_RESEARCHED_PENDING
2850,TOO-WRE-PIP-A300MM,PCS,Glotool Pipe Wrench American Type 12,Hand Tools,Glotool,,,,PENDING,,,,,,,,,,,,,,,,,PENDING,pending,needs_permission,,,,RETRY_RESEARCHED_PENDING
2851,WIR-BRC-65C-45M,ROLL,65C X 45M Brc Welded MS Grill,Other,,65C,,,PENDING,,,,,,,,,,,,,,,,,PENDING,pending,needs_permission,,,,RETRY_RESEARCHED_PENDING
2852,X-BOX-ICE-150LTR,PCS,Insulated Ice Box 130L (ocn),Power Tools,,,,,PENDING,,,,,,,,,,,,,,,,,PENDING,pending,needs_permission,,,,RETRY_RESEARCHED_PENDING
2853,ADH-TAP-VIP-2510,PCS,PTFE Thread Seal Tape VIP-2510,Chemicals & Adhesives,,VIP-2510,,,PENDING,,,,,,,,,,,,,,,,,PENDING,pending,needs_permission,,,,RETRY_RESEARCHED_PENDING
2854,AIR-DUS-HITMAX-HTM-255,SET,Hitmax Air Blower:,Power Tools,,HTM-255,,,PENDING,,,,,,,,,,,,,,,,,PENDING,pending,needs_permission,,,,RETRY_RESEARCHED_PENDING
2855,BRO-MOP-300,PCS,No. 300 Mop Broom With Handle,Doors & Hardware,,NO.300,,,PENDING,,,,,,,,,,,,,,,,,PENDING,pending,needs_permission,,,,RETRY_RESEARCHED_PENDING
2856,CLI-HOS-13-23,PCS,PVC Wing Hose Clip 13-23,Outdoor & Garden,,WH300,,,PENDING,,,,,,,,,,,,,,,,,PENDING,pending,needs_permission,,,,RETRY_RESEARCHED_PENDING
2857,CUT-SICKLE-JM22B,PCS,Sickle Harvesting Palm Black 30,Outdoor & Garden,,JYMTJM-22B,,,PENDING,,,,,,,,,,,,,,,,,PENDING,pending,needs_permission,,,,RETRY_RESEARCHED_PENDING
2858,DUS-11L-GHO2811,SET,11L Step Dustbin,Housewares,,GHO2811,,,PENDING,,,,,,,,,,,,,,,,,PENDING,pending,needs_permission,,,,RETRY_RESEARCHED_PENDING
2859,ELE-CAB-WIR-ASIA-2.5BK*,MTR,"Asia PVC Cable, Black - MTR",Electrical,,2.5MM2,,,PENDING,,,,,,,,,,,,,,,,,PENDING,pending,needs_permission,,,,RETRY_RESEARCHED_PENDING
2860,ELE-CAB-WIR-ML-2.5MM-RED,ROLL,ML PVC Cable Red 2.5MM2,Electrical,,2.5MM2,,,PENDING,,,,,,,,,,,,,,,,,PENDING,pending,needs_permission,,,,RETRY_RESEARCHED_PENDING
2861,"HOS-FLE-VIP-PP48""",PCS,PP-48 White Nylon Vip Flexible Tube,Outdoor & Garden,,PP-48,,,PENDING,,,,,,,,,,,,,,,,,PENDING,pending,needs_permission,,,,RETRY_RESEARCHED_PENDING
2862,"HOS-FLE-VIP-PP60""",PCS,PP-60 White Nylon Vip Flexible Tube,Outdoor & Garden,,PP-60,,,PENDING,,,,,,,,,,,,,,,,,PENDING,pending,needs_permission,,,,RETRY_RESEARCHED_PENDING
2864,IND-WHE-TYR-SOLI,PCS,ST22 Solid Wheel,Building Materials,,ST22,,,PENDING,,,,,,,,,,,,,,,,,PENDING,pending,needs_permission,,,,RETRY_RESEARCHED_PENDING
2865,LAD-H/D-STRO-DS08,UNIT,Strongman D/s H/d Ladder DSHD08 8STEP,Ladders & Access,,DSHD08,,,PENDING,Strongman / NIETZ-Strongman MIM,DSHD08,"Heavy Duty Double Sided, 8 Steps",Strongman D/S H/D Ladder DSHD08 8 Step,https://b2b-uat.sunwaywinstar.com/my/strongman-ds-hd-ladder-dshd08-8step,Authorised Malaysian distributor/manufacturer-owner page,1B,https://myhwwsstorprod01.obs.my-kualalumpur-1.alphaedge.tmone.com.my/product_images/0000584_strongman-double-sided-heavy-duty-dshd08-8-step_510.png?AccessKeyId=IDRIC5ESEFAJ08W4Q4Q9&Expires=1787229446&Signature=Z3lDNPZdwZ3%2FjeKeLJmqRYoSvlc%3D,EXACT_SKU,99,97,Exact model/variant is identified on the authoritative source page and the page exposes a model-specific product image preserved locally for SHA-256 evidence.,"Model-specific page/image was used; adjacent size, colour, pack or step variants were not substituted.","Exact model, relevant suffix/size/variant, authoritative source URL and exact image asset are preserved; no material conflict.",NONE,NONE,VERIFIED_CANDIDATE,candidate,needs_permission,/home/ubuntu/work/retry_branded_2501_7771/assets/2865.png,da154532f09fed27875d8a6bc92a531b97295eeba55c5652a02ee0a7ff664a4d,88263,RETRY_RESEARCHED
2866,LOC-COL-RA501,PCS,Colex Anti-cut Steel Padlock RA-501,Locks & Security,,RA-501,,,PENDING,,,,,,,,,,,,,,,,,PENDING,pending,needs_permission,,,,RETRY_RESEARCHED_PENDING
2868,SPO-SCOTCH-BRITE-3M,PCK,3M Scotch Brite 31B 3PCS Scouring Pad (KH1578-6),Other,,31B,,,PENDING,,,,,,,,,,,,,,,,,PENDING,pending,needs_permission,,,,RETRY_RESEARCHED_PENDING
2869,"TOO-CUT-BOL-GT48""",PCS,Glotool Bolt Clipper 48,Fasteners & Fixings,Glotool,,,,PENDING,,,,,,,,,,,,,,,,,PENDING,pending,needs_permission,,,,RETRY_RESEARCHED_PENDING
2870,"TOO-LEV-SPE-3801X12""",PCS,Speed L/duty Flat Water Level - 3801X12,Power Tools,,3801X12,,,PENDING,,,,,,,,,,,,,,,,,PENDING,pending,needs_permission,,,,RETRY_RESEARCHED_PENDING
2871,X-ELE-LED-SOL-GAR-7W,SET,Solar Garden Lamp,Lighting,,7W-3000K,,,PENDING,,,,,,,,,,,,,,,,,PENDING,pending,needs_permission,,,,RETRY_RESEARCHED_PENDING
2872,ELE-LED-SOL-SF-200W-65K,PCS,Il-solar Flood Light -isf 200W 65K,Electrical,,65K,,,PENDING,,,,,,,,,,,,,,,,,PENDING,pending,needs_permission,,,,RETRY_RESEARCHED_PENDING
2873,LOC-COL-ZK502,SET,Safety Chrome Plated Padlock ZK-502,Safety & Workwear,,ZK-502,,,PENDING,,,,,,,,,,,,,,,,,PENDING,pending,needs_permission,,,,RETRY_RESEARCHED_PENDING
2875,PAI-ROL-SET-CRI-416,SET,"4""X15 Cristin Tiger Stripe Roller Set",Paint & Sundries,,X15,,,PENDING,,,,,,,,,,,,,,,,,PENDING,pending,needs_permission,,,,RETRY_RESEARCHED_PENDING
2876,RAI-BOO-KRK-Y39#,PAIR,Rainshoes - 39 (6) 7000YLW,Curtains & Blinds,,7000YLW,,,PENDING,,,,,,,,,,,,,,,,,PENDING,pending,needs_permission,,,,RETRY_RESEARCHED_PENDING
2877,SWI-T/BOX-923A,SET,Extension Box Sp PP100-923A,Electrical,,PP100-923A,,,PENDING,,,,,,,,,,,,,,,,,PENDING,pending,needs_permission,,,,RETRY_RESEARCHED_PENDING
2878,TOO-CUT-SNIW107C,PCS,Aviation Snips 250MM W0107C,Power Tools,,W0107C,,,PENDING,,,,,,,,,,,,,,,,,PENDING,pending,needs_permission,,,,RETRY_RESEARCHED_PENDING
2879,TOO-GUN-GLU-STA-996069GR20B,PCS,Trigger Feed Hot Melt Glue Gun- Round Pin,Chemicals & Adhesives,,240V/40W,,,PENDING,,,,,,,,,,,,,,,,,PENDING,pending,needs_permission,,,,RETRY_RESEARCHED_PENDING
2881,BOS-1/4-12,PCS,Sumo Router Bit 1/4 Shark (each),Power Tool Accessories,Bosch,,,,PENDING,,,,,,,,,,,,,,,,,PENDING,pending,needs_permission,,,,RETRY_RESEARCHED_PENDING
2883,ELE-HOL-033,PCS,Lamp HOLDER-033,Lighting,,HOLDER-033,,,PENDING,,,,,,,,,,,,,,,,,PENDING,pending,needs_permission,,,,RETRY_RESEARCHED_PENDING
2884,ELE-T5-4FT-CIELO-D/L,PCS,Cielo T5 LED Fitting 4FT 18W DL-860,Plumbing,,4FT,,,PENDING,,,,,,,,,,,,,,,,,PENDING,pending,needs_permission,,,,RETRY_RESEARCHED_PENDING
2885,HAR-HUR-SRA-02-200ML,PCS,Hardex Sticker Remover 200ML,Chemicals & Adhesives,,HUR-SRA-02,,,PENDING,,,,,,,,,,,,,,,,,PENDING,pending,needs_permission,,,,RETRY_RESEARCHED_PENDING
2886,HOL-GAT-10MM,PCS,Gate Holder 10MM (T92),Doors & Hardware,,T92,,,PENDING,,,,,,,,,,,,,,,,,PENDING,pending,needs_permission,,,,RETRY_RESEARCHED_PENDING
2888,IND-WIR-MES-2512-18GX100,ROLL,Wire Mesh 1 X 1/2 X3 X18G,Electrical,,X18G,,,PENDING,,,,,,,,,,,,,,,,,PENDING,pending,needs_permission,,,,RETRY_RESEARCHED_PENDING
2889,INS-IS6080A-S,SET,One Piece Wash Down WC S-TRAP-250MM IS6080A,Plumbing,,S-TRAP-250MM,,,PENDING,,,,,,,,,,,,,,,,,PENDING,pending,needs_permission,,,,RETRY_RESEARCHED_PENDING
2892,MEA-TAP-CHTR-30011,PCS,Takado Measuring Tape PVC Case 5M X 19MM,Hand Tools,,CHTR-30011,,,PENDING,,,,,,,,,,,,,,,,,PENDING,pending,needs_permission,,,,RETRY_RESEARCHED_PENDING
2893,NAI-SQU-SUP-038MM-1KG,PKG,E. G Square Boat Nail 38MM - 1KGS,Fasteners & Fixings,,1KGS,,,PENDING,,,,,,,,,,,,,,,,,PENDING,pending,needs_permission,,,,RETRY_RESEARCHED_PENDING
2894,SAF-SHO-NK86-06,PAIR,Neuking NK86 Black 06,Safety & Workwear,,NK86,,,PENDING,,,,,,,,,,,,,,,,,PENDING,pending,needs_permission,,,,RETRY_RESEARCHED_PENDING
2895,SAF-SHO-NK86-09,PAIR,Neuking NK86 Black 09,Safety & Workwear,,NK86,,,PENDING,,,,,,,,,,,,,,,,,PENDING,pending,needs_permission,,,,RETRY_RESEARCHED_PENDING
2896,TOO-COM-W0287J-17MM,PCS,Com Ratchet Wrench 17MM,Hand Tools,,W0287J,,,PENDING,,,,,,,,,,,,,,,,,PENDING,pending,needs_permission,,,,RETRY_RESEARCHED_PENDING
2897,TOO-COM-W0287K-18MM,PCS,Com Ratchet Wrench 18MM,Hand Tools,,W0287K,,,PENDING,,,,,,,,,,,,,,,,,PENDING,pending,needs_permission,,,,RETRY_RESEARCHED_PENDING
2898,TOO-CUT-SNIW107B,PCS,Aviation Snips 250MM W0107B,Power Tools,,W0107B,,,PENDING,,,,,,,,,,,,,,,,,PENDING,pending,needs_permission,,,,RETRY_RESEARCHED_PENDING
2899,"TOO-DRV-STA-PH1-3/16""X4""-9960651630",PCS,"Cushion Grip S/dr PHILIPS-3/16""X4""X1PT ( 1X100MM)",Power Tools,,PHILIPS-3/16,,,PENDING,,,,,,,,,,,,,,,,,PENDING,pending,needs_permission,,,,RETRY_RESEARCHED_PENDING
2900,TOO-FIL-BCC-4.5200MM,PCS,Bahco Chain Saw File 168-8-4.5-3P 11/641IN (PCS),Hand Tools,,168-8-4.5-3P,,,PENDING,,,,,,,,,,,,,,,,,PENDING,pending,needs_permission,,,,RETRY_RESEARCHED_PENDING
2901,"TOO-HOL-MAG-BOSSMAN-5""",PCS,Bossman Magnetic Weld Holder 5,Power Tools,,BMWH-5,,,PENDING,,,,,,,,,,,,,,,,,PENDING,pending,needs_permission,,,,RETRY_RESEARCHED_PENDING
2902,TOO-PLI-COM-W208D,PCS,Combination Pliers 200MM B208D,Power Tools,,B208D,,,PENDING,,,,,,,,,,,,,,,,,PENDING,pending,needs_permission,,,,RETRY_RESEARCHED_PENDING
2903,WOR-REM-CEM-WK-PT-59909,TIN,Worker 2KG Cement Remover,Chemicals & Adhesives,,W-909,,,PENDING,,,,,,,,,,,,,,,,,PENDING,pending,needs_permission,,,,RETRY_RESEARCHED_PENDING
2904,CHE-LUB-HD250-400ML,CAN,Belt Dressing Spray:hardex 400ML,Chemicals & Adhesives,,HD-250,,,PENDING,,,,,,,,,,,,,,,,,PENDING,pending,needs_permission,,,,RETRY_RESEARCHED_PENDING
2905,DOR-LOC-LEV-SMR-3491SS,SET,Heavy Duty Level Lock SMR-3491SS,Locks & Security,,SMR-3491SS,,,PENDING,,,,,,,,,,,,,,,,,PENDING,pending,needs_permission,,,,RETRY_RESEARCHED_PENDING
2906,FAS-SCR-DS520HW-MET,BOX,10 X 3/4 Self Drilling Screw (500PCS/BOX),Fasteners & Fixings,,500PCS/BOX,,,PENDING,,,,,,,,,,,,,,,,,PENDING,pending,needs_permission,,,,RETRY_RESEARCHED_PENDING
2908,IND-TRU-PVC-300P,PCS,300P PVC Flat-bed Trailer,Building Materials,,300P,,,PENDING,,,,,,,,,,,,,,,,,PENDING,pending,needs_permission,,,,RETRY_RESEARCHED_PENDING
2909,LOC-GLO-BRA-GLBBC50,PCS,Glocks Brass Padlock GLBBC50,Locks & Security,,GLBBC50,,,PENDING,,,,,,,,,,,,,,,,,PENDING,pending,needs_permission,,,,RETRY_RESEARCHED_PENDING
2910,RAI-BOO-KRK-Y41#,PAIR,Rainshoes - 41 (8) 7000YLW,Curtains & Blinds,,7000YLW,,,PENDING,,,,,,,,,,,,,,,,,PENDING,pending,needs_permission,,,,RETRY_RESEARCHED_PENDING
2911,SCP-FIL-POW-464GM,BOX,Scin Powder Filla,Paint & Sundries,,464GM,,,PENDING,,,,,,,,,,,,,,,,,PENDING,pending,needs_permission,,,,RETRY_RESEARCHED_PENDING
2912,SWI-ADA-3388-931L,PCS,Taicon 3388 Multi Travel Adaptor,Electrical,Taicon,,,,PENDING,,,,,,,,,,,,,,,,,PENDING,pending,needs_permission,,,,RETRY_RESEARCHED_PENDING
2913,SWI-T/SOC-1540B-5M1G,SET,1G Extension Socket Sp,Electrical,,EXT-1540B,,,PENDING,,,,,,,,,,,,,,,,,PENDING,pending,needs_permission,,,,RETRY_RESEARCHED_PENDING
2916,CUT-TIL-BLI-BLM800,SET,Blimax Laser Tile Cutter (laser),Flooring,,MACHINE-C850,,,PENDING,,,,,,,,,,,,,,,,,PENDING,pending,needs_permission,,,,RETRY_RESEARCHED_PENDING
2917,DOR-STO-TRANSP-38MM,PCS,Transparent Door Stopper,Doors & Hardware,,25X38MM,,,PENDING,,,,,,,,,,,,,,,,,PENDING,pending,needs_permission,,,,RETRY_RESEARCHED_PENDING
2918,DRI-26170(4-12),PCS,Br 6250 Hex Shank Step Drill 4-12MM,Power Tool Accessories,,4-12MM,,,PENDING,,,,,,,,,,,,,,,,,PENDING,pending,needs_permission,,,,RETRY_RESEARCHED_PENDING
2920,"FAS-SCR-CSK-1 1/4"" X 6G - BOX",BOX,Sr Csk Tapping Screw 1 1/4 X 6G (1000PCS/BOX),Fasteners & Fixings,,1000PCS/BOX,,,PENDING,,,,,,,,,,,,,,,,,PENDING,pending,needs_permission,,,,RETRY_RESEARCHED_PENDING
2922,KGR-KIM-1L-9222,TIN,1 Litre KIMTONE-9222,Paint & Sundries,,KIMTONE-9222,,,PENDING,,,,,,,,,,,,,,,,,PENDING,pending,needs_permission,,,,RETRY_RESEARCHED_PENDING
2923,LOC-CZS-L40MM,PCS,Czs 360 Padlock L40MM,Locks & Security,,L40MM,,,PENDING,,,,,,,,,,,,,,,,,PENDING,pending,needs_permission,,,,RETRY_RESEARCHED_PENDING
2924,NP-BAR-B800-5L,UNIT,5L Bintang Automative Refinish B800 Black (basic),Other,,B800,,,PENDING,,,,,,,,,,,,,,,,,PENDING,pending,needs_permission,,,,RETRY_RESEARCHED_PENDING
2925,"PAI-ROL-FRA-7""",PCS,Smr F380 Paint Roller Frame 7,Paint & Sundries,,F380,,,PENDING,,,,,,,,,,,,,,,,,PENDING,pending,needs_permission,,,,RETRY_RESEARCHED_PENDING
2926,TOO-COM-W0287I-16MM,PCS,Com Ratchet Wrench 16MM,Hand Tools,,W0287I,,,PENDING,,,,,,,,,,,,,,,,,PENDING,pending,needs_permission,,,,RETRY_RESEARCHED_PENDING
2927,TOO-NIE-SCR-EXT-12/240,SET,Nietz 5 Screw Extractor Set 12/240 50149805,Fasteners & Fixings,Nietz,,,,PENDING,,,,,,,,,,,,,,,,,PENDING,pending,needs_permission,,,,RETRY_RESEARCHED_PENDING
2928,WIN-HOO-PIN-8406,PCK,Sr Pin Hook 8406 (25PCS/PCK),Doors & Hardware,,25PCS/PCK,,,PENDING,,,,,,,,,,,,,,,,,PENDING,pending,needs_permission,,,,RETRY_RESEARCHED_PENDING
2929,CUT-PRU-PAS-W815,PCS,W815 By-pass Pruner 200MM,Abrasives & Cutting,,W815,,,PENDING,,,,,,,,,,,,,,,,,PENDING,pending,needs_permission,,,,RETRY_RESEARCHED_PENDING
2930,ELE-D/L-PHL-59466-RD-4000K,SET,59466 Meson 17 1200 150 Round 4000K,Electrical,,4000K,,,PENDING,,,,,,,,,,,,,,,,,PENDING,pending,needs_permission,,,,RETRY_RESEARCHED_PENDING
2931,"FAS-SCR-CSK-1 1/4"" X 8G",PCK,Sr Csk Tapping Screw 1 1/4 X 8G (20PCS/PCK),Fasteners & Fixings,,20PCS/PCK,,,PENDING,,,,,,,,,,,,,,,,,PENDING,pending,needs_permission,,,,RETRY_RESEARCHED_PENDING
2932,"FAS-SCR-F/H-1 1/4"" X 8# BOX",BOX,Sr F/h Self Drilling Screw 1 1/4 X 8 (1000PCS/BOX),Fasteners & Fixings,,1000PCS/BOX,,,PENDING,,,,,,,,,,,,,,,,,PENDING,pending,needs_permission,,,,RETRY_RESEARCHED_PENDING
2935,"IND-CAS-H/DUTY-MCLSCB-4""",PCS,4 DL5 H/duty Mcl Swivel Caster W Double Brake,Fishing & Tackle,,DL5,,,PENDING,,,,,,,,,,,,,,,,,PENDING,pending,needs_permission,,,,RETRY_RESEARCHED_PENDING
2936,KGR-KIM-1L-9213,TIN,1 Litre KIMTONE-9213,Paint & Sundries,,KIMTONE-9213,,,PENDING,,,,,,,,,,,,,,,,,PENDING,pending,needs_permission,,,,RETRY_RESEARCHED_PENDING
2937,KGR-KIM-1L-9221,TIN,1 Litre KIMTONE-9221,Paint & Sundries,,KIMTONE-9221,,,PENDING,,,,,,,,,,,,,,,,,PENDING,pending,needs_permission,,,,RETRY_RESEARCHED_PENDING
2939,PIP-HDPE-25MM-N-SIRIM,COIL,HDPE Pipe 25MM (non-sirim),Plumbing,,PN12.5,,,PENDING,,,,,,,,,,,,,,,,,PENDING,pending,needs_permission,,,,RETRY_RESEARCHED_PENDING
2941,SHH-REEL-DH200,PCS,Baitcasting Reel 18+1BB (left),Fishing & Tackle,,18+1BB,,,PENDING,,,,,,,,,,,,,,,,,PENDING,pending,needs_permission,,,,RETRY_RESEARCHED_PENDING
2942,TOO-PLI-CIR-WSS175B,PCS,External Circlip Pliers Straight 175MM,Power Tools,,WSS175B,,,PENDING,,,,,,,,,,,,,,,,,PENDING,pending,needs_permission,,,,RETRY_RESEARCHED_PENDING
2943,TOO-PLI-NOSW508200,PCS,F508 Long Nose Pliers 200MM,Power Tools,,F508,,,PENDING,,,,,,,,,,,,,,,,,PENDING,pending,needs_permission,,,,RETRY_RESEARCHED_PENDING
2944,TOO-WRE-KEY-W0198A,SET,9PCS Extralong Ball Point W0198A,Power Tools,,W0198A,,,PENDING,,,,,,,,,,,,,,,,,PENDING,pending,needs_permission,,,,RETRY_RESEARCHED_PENDING
2945,ABR-PAP-621-527,SHT,G60 Ewd Hand Sanding Sheet,Abrasives & Cutting,,G60,,,PENDING,,,,,,,,,,,,,,,,,PENDING,pending,needs_permission,,,,RETRY_RESEARCHED_PENDING
2946,DOR-SET-ATH-130,SET,Mb Armor Double Handleset,Doors & Hardware,,ATH-130/60-70MM,,,PENDING,,,,,,,,,,,,,,,,,PENDING,pending,needs_permission,,,,RETRY_RESEARCHED_PENDING
2947,"FAS-SCR-CSK-1"" X 6G - BOX",BOX,Sr Csk Tapping Screw 1 X 6G (1000PCS/BOX),Fasteners & Fixings,,1000PCS/BOX,,,PENDING,,,,,,,,,,,,,,,,,PENDING,pending,needs_permission,,,,RETRY_RESEARCHED_PENDING
2948,"HHD-SOC-YG241-1/2""X50MM",PCS,"Mxm Brass Connector 1/2""X50MM",Bathroom,,X50MM,,,PENDING,,,,,,,,,,,,,,,,,PENDING,pending,needs_permission,,,,RETRY_RESEARCHED_PENDING
2949,HOS-FLE-MMAN-F13X6,PCS,M'man S/steel Flexible Hose - F13 X 6,Outdoor & Garden,,F13,,,PENDING,,,,,,,,,,,,,,,,,PENDING,pending,needs_permission,,,,RETRY_RESEARCHED_PENDING
2950,HOS-REL-EAG-EG2030#,PCS,Eagle Hose Reel 20M Hose (EG2030 ),Fishing & Tackle,,EG2030,,,PENDING,,,,,,,,,,,,,,,,,PENDING,pending,needs_permission,,,,RETRY_RESEARCHED_PENDING
2952,LAD-ALU-WORKER-DS06,UNIT,Worker DS06 D/side Alum. Ladder (LDD06-MF),Ladders & Access,,DS06,,,PENDING,,,,,,,,,,,,,,,,,PENDING,pending,needs_permission,,,,RETRY_RESEARCHED_PENDING
2953,LOC-COL-RB401,PCS,Colex Anti- Cut Long Shackkle Padlock RB-401,Locks & Security,,RB-401,,,PENDING,,,,,,,,,,,,,,,,,PENDING,pending,needs_permission,,,,RETRY_RESEARCHED_PENDING
2954,MAC-SEA-SF-200-90200005,PCS,Spare Part- Impulse Sealer Heat Element Kit,Paint & Sundries,,SF-200,,,PENDING,,,,,,,,,,,,,,,,,PENDING,pending,needs_permission,,,,RETRY_RESEARCHED_PENDING
2955,MEA-TAP-BLI-7.5M-B7,PCS,Blimax Measuring Ds Luban Tape 7.5M LB7,Hand Tools,,LB7,,,PENDING,,,,,,,,,,,,,,,,,PENDING,pending,needs_permission,,,,RETRY_RESEARCHED_PENDING
2956,RAINBOW-G888-90GM,BTL,90GM Rainbow Sparkle Gold Paint G888,Paint & Sundries,,90GM,,,PENDING,,,,,,,,,,,,,,,,,PENDING,pending,needs_permission,,,,RETRY_RESEARCHED_PENDING
2957,TOI-TRP-C102P-WHT,NOS,Water Closet P Trap - White,Plumbing,,C102P,,,PENDING,,,,,,,,,,,,,,,,,PENDING,pending,needs_permission,,,,RETRY_RESEARCHED_PENDING
2958,"TOO-CUT-BOL-GT24""",PCS,Glotool Bolt Clipper 24,Fasteners & Fixings,Glotool,,,,PENDING,,,,,,,,,,,,,,,,,PENDING,pending,needs_permission,,,,RETRY_RESEARCHED_PENDING
2959,TOO-ELE-TESW0183,PCS,W0183 Tester,Power Tools,,W0183,,,PENDING,,,,,,,,,,,,,,,,,PENDING,pending,needs_permission,,,,RETRY_RESEARCHED_PENDING
2960,TOO-WRE-KEY-69213,SET,10PC Ring Hex Key Set,Power Tools,,1.5MM-10MM,,,PENDING,,,,,,,,,,,,,,,,,PENDING,pending,needs_permission,,,,RETRY_RESEARCHED_PENDING
2962,CLI-HOS-13-19,PCS,PVC Wing Hose Clip 13-19,Outdoor & Garden,,WH300,,,PENDING,,,,,,,,,,,,,,,,,PENDING,pending,needs_permission,,,,RETRY_RESEARCHED_PENDING
2963,COC-PVC-SOW-SWL-31,PCS,Sowali (SWL-31) Rotatable Water Tap Filter,Pumps & Water,,SWL-31,,,PENDING,,,,,,,,,,,,,,,,,PENDING,pending,needs_permission,,,,RETRY_RESEARCHED_PENDING
2964,CUT-DIS-HIT-14X25.4MM,PCS,Cut Off Wheel 14 (355X2.8X25.4MM),Abrasives & Cutting,,355X2.8X25.4MM,,,PENDING,,,,,,,,,,,,,,,,,PENDING,pending,needs_permission,,,,RETRY_RESEARCHED_PENDING
2965,DC-D03-T50DC,SET,Air Brad Nailer,Power Tools,,D03-T50DC,,,PENDING,,,,,,,,,,,,,,,,,PENDING,pending,needs_permission,,,,RETRY_RESEARCHED_PENDING
2966,DOR-SET-ATH-120,SET,AC Armor Double Handleset,Doors & Hardware,,ATH-120/60-70MM,,,PENDING,,,,,,,,,,,,,,,,,PENDING,pending,needs_permission,,,,RETRY_RESEARCHED_PENDING
2968,"FAS-SCR-TAP-CSK-10#2-1/2""-BOX",BOX,10 X2-1/2 Csk Self Tapping Screw-flat Head (250PCS/BOX),Fasteners & Fixings,,X2-1/2,,,PENDING,,,,,,,,,,,,,,,,,PENDING,pending,needs_permission,,,,RETRY_RESEARCHED_PENDING
2969,GRA-CUT-LIN-A6481,PCS,Spool&line,Outdoor & Garden,,A6481-GL430-GL4525,,,PENDING,,,,,,,,,,,,,,,,,PENDING,pending,needs_permission,,,,RETRY_RESEARCHED_PENDING
2970,IND-FIL-100MM,ROLL,Stretch Film 4IN X,Building Materials,,230GM,,,PENDING,,,,,,,,,,,,,,,,,PENDING,pending,needs_permission,,,,RETRY_RESEARCHED_PENDING
2971,IND-SCP-FR9788-2-1/2,PCS,2-1/2 Faris W Handle Finishing Scraper,Doors & Hardware,,FR9788,,,PENDING,,,,,,,,,,,,,,,,,PENDING,pending,needs_permission,,,,RETRY_RESEARCHED_PENDING
2972,IND-TRU-MET-300KG,UNIT,Platform Hand Truck-metal STP300 300KGS,Building Materials,,STP300,,,PENDING,,,,,,,,,,,,,,,,,PENDING,pending,needs_permission,,,,RETRY_RESEARCHED_PENDING
2974,LOC-CZS-L50MM,PCS,Czs 360 Padlock L50MM,Locks & Security,,L50MM,,,PENDING,,,,,,,,,,,,,,,,,PENDING,pending,needs_permission,,,,RETRY_RESEARCHED_PENDING
2975,LOC-ENT-EPO-H041/AC,SET,Epo Entrance Lock Set (H041/AC),Locks & Security,,H041/AC,,,PENDING,,,,,,,,,,,,,,,,,PENDING,pending,needs_permission,,,,RETRY_RESEARCHED_PENDING
2976,PUL-GAT-6153X2T,PCS,R'key Gate Puller,Doors & Hardware,,6153X2T,,,PENDING,,,,,,,,,,,,,,,,,PENDING,pending,needs_permission,,,,RETRY_RESEARCHED_PENDING
2977,RAK-BLU-YEL-6'H X4'X3'X4'(L),UNIT,Gs Boltless Rack 6'(H)X4'(L)X2'(W)X4LVLS (blu/yel) 9MM Thk Plywood,Building Materials,,X4LVLS,,,PENDING,,,,,,,,,,,,,,,,,PENDING,pending,needs_permission,,,,RETRY_RESEARCHED_PENDING
2979,SAF-LAS-CAR-GLO-50MM,SET,"Ratchet Tie DOWN-2""X10M",Safety & Workwear,,DOWN-2,,,PENDING,,,,,,,,,,,,,,,,,PENDING,pending,needs_permission,,,,RETRY_RESEARCHED_PENDING
2981,TOO-CUT-SNI-W108B,PCS,Tin Cutter 200MM W108B,Power Tools,,W108B,,,PENDING,,,,,,,,,,,,,,,,,PENDING,pending,needs_permission,,,,RETRY_RESEARCHED_PENDING
2982,TOO-WRE-PIP-W250C,PCS,Heavy Pipe Wrench (250MM),Hand Tools,,W250C,,,PENDING,,,,,,,,,,,,,,,,,PENDING,pending,needs_permission,,,,RETRY_RESEARCHED_PENDING
2984,BNW-B&N-RBN-250-BOX,BOX,Sr G. I Boit & Nut 1/4 X 5 (box),Fasteners & Fixings,,RBN-250,,,PENDING,,,,,,,,,,,,,,,,,PENDING,pending,needs_permission,,,,RETRY_RESEARCHED_PENDING
2985,"CLI-HOS-GP-1""",PCS,Gp S/steel Hose CLIP-1 (16-25MM),Outdoor & Garden,,CLIP-1,,,PENDING,,,,,,,,,,,,,,,,,PENDING,pending,needs_permission,,,,RETRY_RESEARCHED_PENDING
2986,CUT-DIS-HIT-GRI-4X6MM,PCS,Grinding Wheel 4 X 6MM (100X6X16MM),Abrasives & Cutting,,100X6X16MM,,,PENDING,,,,,,,,,,,,,,,,,PENDING,pending,needs_permission,,,,RETRY_RESEARCHED_PENDING
2987,DOR-LOC-MOR-H-003,SET,Double Elephant Mortice Lock,Locks & Security,,H-003,,,PENDING,,,,,,,,,,,,,,,,,PENDING,pending,needs_permission,,,,RETRY_RESEARCHED_PENDING
2988,DOR-ROL-GAT-75MM-V70,PCS,"V70 V Roller Bolt & Nut 3""X23MM",Fasteners & Fixings,,V70,,,PENDING,,,,,,,,,,,,,,,,,PENDING,pending,needs_permission,,,,RETRY_RESEARCHED_PENDING
2990,FAS-SCR-DS665HW-MET,BOX,12 X 2.1/2 Self Drilling Screw (250PCS/BOX),Fasteners & Fixings,,250PCS/BOX,,,PENDING,,,,,,,,,,,,,,,,,PENDING,pending,needs_permission,,,,RETRY_RESEARCHED_PENDING
2991,"FAS-SCR-TAP-CSK-8#2 1/2""-BOX",BOX,"8 X2-1/2""CSK Self Tapping Screw-flat Head (500PCS/BOX)",Fasteners & Fixings,,X2-1/2,,,PENDING,,,,,,,,,,,,,,,,,PENDING,pending,needs_permission,,,,RETRY_RESEARCHED_PENDING
2992,IND-TRU-150KG,UNIT,PVC Platform Hand Truck STP150 150KGS,Building Materials,,STP150,,,PENDING,,,,,,,,,,,,,,,,,PENDING,pending,needs_permission,,,,RETRY_RESEARCHED_PENDING
2993,LAD-ALU-WORKER-SS07,UNIT,Worker SS07 S/side Alum. Ladder (LDS07-MF),Ladders & Access,,SS07,,,PENDING,,,,,,,,,,,,,,,,,PENDING,pending,needs_permission,,,,RETRY_RESEARCHED_PENDING
2994,PAI-SPR-PMT-015,DOZ,Paint Master Spray Paint - No. 15 Sky Blue (DOZ),Paint & Sundries,,NO.15,,,PENDING,,,,,,,,,,,,,,,,,PENDING,pending,needs_permission,,,,RETRY_RESEARCHED_PENDING
2995,PAI-SPR-PMT-190,DOZ,Paint Master Spray Paint - No. 190 Lacquer,Paint & Sundries,,NO.190,,,PENDING,,,,,,,,,,,,,,,,,PENDING,pending,needs_permission,,,,RETRY_RESEARCHED_PENDING
2996,PLUG-TOP-SIR-13AMP,PCS,Isafe Plug Top With SIRIM,Electrical,,13AMP,,,PENDING,,,,,,,,,,,,,,,,,PENDING,pending,needs_permission,,,,RETRY_RESEARCHED_PENDING
2998,SAF-MAS-3MR6200+3MR6003,SET,3M Half Facepiece RESPIRATOR+3M Organic Vapor,Safety & Workwear,,RESPIRATOR+3M,,,PENDING,,,,,,,,,,,,,,,,,PENDING,pending,needs_permission,,,,RETRY_RESEARCHED_PENDING
2999,TOO-NIE-TAM-T25,PCS,Nietz E/long Tamper Tx-star Wrench (red) 53283025,Hand Tools,Nietz,,,,PENDING,,,,,,,,,,,,,,,,,PENDING,pending,needs_permission,,,,RETRY_RESEARCHED_PENDING
3000,WEL-CAB-UNI-500AMP,MTR,Uniflux 500A X 90M Welding Cable,Electrical,,,,,PENDING,,,,,,,,,,,,,,,,,PENDING,pending,needs_permission,,,,RETRY_RESEARCHED_PENDING
3001,WEL-MAC-STW-200E,UNIT,Starweld Welding Machine Acc. MMA200E,Welding,,MMA200E,,,PENDING,,,,,,,,,,,,,,,,,PENDING,pending,needs_permission,,,,RETRY_RESEARCHED_PENDING
3002,ABR-PAP-621-532,SHT,G180 Ewd Hand Sanding Sheet,Abrasives & Cutting,,G180,,,PENDING,,,,,,,,,,,,,,,,,PENDING,pending,needs_permission,,,,RETRY_RESEARCHED_PENDING
3003,ABR-PAP-621-533,SHT,G220 Ewd Hand Sanding Sheet,Abrasives & Cutting,,G220,,,PENDING,,,,,,,,,,,,,,,,,PENDING,pending,needs_permission,,,,RETRY_RESEARCHED_PENDING
3004,BBQ-GRI-JJD-40X60CM,PCS,40X60CM Bbq Grid,Outdoor & Garden,,40X60CM,,,PENDING,,,,,,,,,,,,,,,,,PENDING,pending,needs_permission,,,,RETRY_RESEARCHED_PENDING
3005,"CLI-HOS-GP-5/8""",PCS,Gp S/steel Hose CLIP-5/8 (9-16MM),Outdoor & Garden,,CLIP-5/8,,,PENDING,,,,,,,,,,,,,,,,,PENDING,pending,needs_permission,,,,RETRY_RESEARCHED_PENDING
3006,COC-BAL-SAN-CKT1512,PCS,Sanwa BALLCOCK-CKT15 1/2,Plumbing,,BALLCOCK-CKT15,,,PENDING,,,,,,,,,,,,,,,,,PENDING,pending,needs_permission,,,,RETRY_RESEARCHED_PENDING
3007,CUT-PIP-W0204PVC,PCS,PVC Pipe Cutter (36MM),Plumbing,,W0204,,,PENDING,,,,,,,,,,,,,,,,,PENDING,pending,needs_permission,,,,RETRY_RESEARCHED_PENDING
3008,DOR-HAN-CH608-NA-R,PCS,Na-r Casement Handle,Doors & Hardware,,CH608,,,PENDING,,,,,,,,,,,,,,,,,PENDING,pending,needs_permission,,,,RETRY_RESEARCHED_PENDING
3009,ELE-CAB-WIR-ML-1.5MM2-RED,ROLL,ML PVC Cable Red 1.5MM2,Electrical,,1.5MM2,,,PENDING,,,,,,,,,,,,,,,,,PENDING,pending,needs_permission,,,,RETRY_RESEARCHED_PENDING
3011,"FAS-SCR-CSK-1 1/2"" X 6G - BOX",BOX,Sr Csk Tapping Screw 1 1/2 X 6G (1000PCS/BOX),Fasteners & Fixings,,1000PCS/BOX,,,PENDING,,,,,,,,,,,,,,,,,PENDING,pending,needs_permission,,,,RETRY_RESEARCHED_PENDING
3012,"FAS-SCR-F/H-5/8"" X 8# BOX",BOX,Sr F/h Self Drilling Screw 5/8 X 8 (1000PCS/BOX),Fasteners & Fixings,,1000PCS/BOX,,,PENDING,,,,,,,,,,,,,,,,,PENDING,pending,needs_permission,,,,RETRY_RESEARCHED_PENDING
3013,GAR-HOE-12141,PCS,Gh 202 2WAY Rubber Handle Hoe,Doors & Hardware,,2WAY,,,PENDING,,,,,,,,,,,,,,,,,PENDING,pending,needs_permission,,,,RETRY_RESEARCHED_PENDING
3014,GRE-TOYO-450GM,TIN,Toyo Eaj 8000 Hi-temp Bentonite Grease,Other,,450GM,,,PENDING,,,,,,,,,,,,,,,,,PENDING,pending,needs_permission,,,,RETRY_RESEARCHED_PENDING
3015,HOS-SPA-TAP-C222,PCS,C222 Spare Cartridge (for L Handle),Doors & Hardware,,C222,,,PENDING,,,,,,,,,,,,,,,,,PENDING,pending,needs_permission,,,,RETRY_RESEARCHED_PENDING
3016,LOC-COL-ZK505,SET,Safety Chrome Plated Padlock ZK-505,Safety & Workwear,,ZK-505,,,PENDING,,,,,,,,,,,,,,,,,PENDING,pending,needs_permission,,,,RETRY_RESEARCHED_PENDING
3017,NP-BAR-BS1094-1L,TIN,1L Bintang Automotive Refinish 033 White (premixed),Automotive,,BS1094,,,PENDING,,,,,,,,,,,,,,,,,PENDING,pending,needs_permission,,,,RETRY_RESEARCHED_PENDING
3020,RAI-BOO-KRK-Y40#,PAIR,Rainshoes - 40 (7) 7000YLW,Curtains & Blinds,,7000YLW,,,PENDING,,,,,,,,,,,,,,,,,PENDING,pending,needs_permission,,,,RETRY_RESEARCHED_PENDING
3021,SCP-TOI-CONCR-CLE-1LTR,BTL,1LTR Scp Concrete Cleaner,Chemicals & Adhesives,,1LTR,,,PENDING,,,,,,,,,,,,,,,,,PENDING,pending,needs_permission,,,,RETRY_RESEARCHED_PENDING
3022,SWI-SOC-ALM-MK-G2873,PCS,Mk Alm 15A X 2 M/c S/socket,Electrical,,G2873,,,PENDING,,,,,,,,,,,,,,,,,PENDING,pending,needs_permission,,,,RETRY_RESEARCHED_PENDING
3023,TOO-COM-W0287A-08MM,PCS,Com Ratchet Wrench 08MM,Hand Tools,,W0287A,,,PENDING,,,,,,,,,,,,,,,,,PENDING,pending,needs_permission,,,,RETRY_RESEARCHED_PENDING
3024,TOO-COM-W0287H-15MM,PCS,Com Ratchet Wrench 15MM,Hand Tools,,W0287H,,,PENDING,,,,,,,,,,,,,,,,,PENDING,pending,needs_permission,,,,RETRY_RESEARCHED_PENDING
3025,TOO-PLI-DIA-W608,PCS,C608 Diagonal Cutting Pliers 200MM,Power Tools,,C608,,,PENDING,,,,,,,,,,,,,,,,,PENDING,pending,needs_permission,,,,RETRY_RESEARCHED_PENDING
3026,TOO-WRE-KEY-69251,SET,8PC S/arm Hex Key Set,Power Tools,,1.5MM-6MM,,,PENDING,,,,,,,,,,,,,,,,,PENDING,pending,needs_permission,,,,RETRY_RESEARCHED_PENDING
3027,ABR-PAP-621-536,PCS,G400 Ewd Hand Sanding Sheet,Abrasives & Cutting,,G400,,,PENDING,,,,,,,,,,,,,,,,,PENDING,pending,needs_permission,,,,RETRY_RESEARCHED_PENDING
3028,DOR-LOC-CAM-30MMX90,PCS,Degree Excel Camlock,Doors & Hardware,,30MMX90,,,PENDING,,,,,,,,,,,,,,,,,PENDING,pending,needs_permission,,,,RETRY_RESEARCHED_PENDING
3029,GAS-REF-RG2,PCS,RG-2 18ML Neon Mini Lighter Gas Refill,Home Appliances,,RG-2,,,PENDING,,,,,,,,,,,,,,,,,PENDING,pending,needs_permission,,,,RETRY_RESEARCHED_PENDING
3030,GRE-TOYO-350GM,TIN,Toyo MP2 Lithium Ep Grease,Other,,MP2,,,PENDING,,,,,,,,,,,,,,,,,PENDING,pending,needs_permission,,,,RETRY_RESEARCHED_PENDING
3031,HAR-SHOE-HE450-20G,PCS,Shoe Adhesive Hardex,Chemicals & Adhesives,,HE-450,,,PENDING,,,,,,,,,,,,,,,,,PENDING,pending,needs_permission,,,,RETRY_RESEARCHED_PENDING
3032,HOS-BW14/15-1004512-26,PCS,HP Hose Black+decker,Outdoor & Garden,,BW14/15,,,PENDING,,,,,,,,,,,,,,,,,PENDING,pending,needs_permission,,,,RETRY_RESEARCHED_PENDING
3033,HOS-CON-EG-368-CLIPS,PCS,Eagle (EG-368) : Tap Adapter With Clips,Outdoor & Garden,,EG-368,,,PENDING,,,,,,,,,,,,,,,,,PENDING,pending,needs_permission,,,,RETRY_RESEARCHED_PENDING
3034,HOS-CON-EG4111-40200017,PCS,Ecogreen - Hose Quick Connector / 1/2,Outdoor & Garden,,EG4111,,,PENDING,,,,,,,,,,,,,,,,,PENDING,pending,needs_permission,,,,RETRY_RESEARCHED_PENDING
3035,ICE-COO-INO-23LTR-THBW/JUMBO-K,PCS,Inova 23LTR. Jumbo K Ice Cooler W/rice Ladle,Other,,23LTR.,,,PENDING,,,,,,,,,,,,,,,,,PENDING,pending,needs_permission,,,,RETRY_RESEARCHED_PENDING
3038,SELF-HOO-SIN-GS304SH,PCS,No Drill Self Adhesive Single Hook,Power Tools,,SUS304,,,PENDING,,,,,,,,,,,,,,,,,PENDING,pending,needs_permission,,,,RETRY_RESEARCHED_PENDING
3039,SWI-SOC-ELE-E0813B,PCS,Elegance 13A Flat Pin Double Pole Swi Soc-blk (E0813B),Electrical,,E0813B,,,PENDING,,,,,,,,,,,,,,,,,PENDING,pending,needs_permission,,,,RETRY_RESEARCHED_PENDING
3040,TIE-CAB-WHI-8MMX300MM,PCK,"White PVC Cable Ties (12"")",Electrical,,8MMX300MM,,,PENDING,,,,,,,,,,,,,,,,,PENDING,pending,needs_permission,,,,RETRY_RESEARCHED_PENDING
3041,TOO-CUT-BOLW0121A,PCS,Bolt Cutter 900MM,Fasteners & Fixings,,W0121A,,,PENDING,,,,,,,,,,,,,,,,,PENDING,pending,needs_permission,,,,RETRY_RESEARCHED_PENDING
3042,WAL-PLU-JWP-8MM,PCK,Jaw Wall Plug 8MM (10PCS/PCK),Fasteners & Fixings,,10PCS/PCK,,,PENDING,,,,,,,,,,,,,,,,,PENDING,pending,needs_permission,,,,RETRY_RESEARCHED_PENDING
3043,X-ADH-TAP-MWP037A,PCS,Vago Seal Tape,Power Tools,,12MMX0.075MMX15M,,,PENDING,,,,,,,,,,,,,,,,,PENDING,pending,needs_permission,,,,RETRY_RESEARCHED_PENDING
3044,AUT-POL-AUT-MET75ML,PCS,Autosol Metal,Other,,POLISH-75ML,,,PENDING,,,,,,,,,,,,,,,,,PENDING,pending,needs_permission,,,,RETRY_RESEARCHED_PENDING
3045,COV-JAC-L/B-2XL,PCS,L/blue Jacket (r) : 2XL,Outdoor & Garden,,2XL,,,PENDING,,,,,,,,,,,,,,,,,PENDING,pending,needs_permission,,,,RETRY_RESEARCHED_PENDING
3046,CUT-SAW-STA-MINI-992020807,PCS,"Mini Hacksaw (220MM/ 8-3/4"")",Hand Tools,,220MM/,,,PENDING,,,,,,,,,,,,,,,,,PENDING,pending,needs_permission,,,,RETRY_RESEARCHED_PENDING
3047,"FAS-SCR-CSK-3/4"" X 6G - BOX",BOX,Sr Csk Tapping Screw 3/4 X 6G (1000PCS/BOX),Fasteners & Fixings,,1000PCS/BOX,,,PENDING,,,,,,,,,,,,,,,,,PENDING,pending,needs_permission,,,,RETRY_RESEARCHED_PENDING
3048,FAS-SCR-TD650HW-WOOD-400PCS,BOX,12X2 Self Drilling Scrw (400PCS/BOX),Fasteners & Fixings,,12X2,,,PENDING,,,,,,,,,,,,,,,,,PENDING,pending,needs_permission,,,,RETRY_RESEARCHED_PENDING
3049,FAS-SCR-TECH-METAL-65MM-BOX,BOX,Techscrew-metal Screw X 65MM (200PCS/BOX),Fasteners & Fixings,,200PCS/BOX,,,PENDING,,,,,,,,,,,,,,,,,PENDING,pending,needs_permission,,,,RETRY_RESEARCHED_PENDING
3050,FLO-PVC-KJ-TH121-2,ROLL,Zirafah PVC Flooring H117-12,Flooring,,H117-12,,,PENDING,,,,,,,,,,,,,,,,,PENDING,pending,needs_permission,,,,RETRY_RESEARCHED_PENDING
3051,FLO-PVC-NO-H198-1,ROLL,Zirafah PVC Flooring H065-6,Flooring,,H065-6,,,PENDING,,,,,,,,,,,,,,,,,PENDING,pending,needs_permission,,,,RETRY_RESEARCHED_PENDING
3052,GAR-SPR-E93/G851,PCS,Water Sprayer 1000CC,Outdoor & Garden,,1000CC,,,PENDING,,,,,,,,,,,,,,,,,PENDING,pending,needs_permission,,,,RETRY_RESEARCHED_PENDING
3053,"HOS-CON-EG-314-13MM-1/2""",PCS,Eagle (EG-314) : Hose Connecter Adapter,Outdoor & Garden,,EG-314,,,PENDING,,,,,,,,,,,,,,,,,PENDING,pending,needs_permission,,,,RETRY_RESEARCHED_PENDING
3054,"IND-CAS-SWI-INS-2""",PCS,2 DL5 Tpe Insertion Rod Swivel Caster,Fishing & Tackle,,DL5,,,PENDING,,,,,,,,,,,,,,,,,PENDING,pending,needs_permission,,,,RETRY_RESEARCHED_PENDING
3055,IND-WHE-TYR-AIR-ST22,PCS,ST22 Air Wheel,Building Materials,,ST22,,,PENDING,,,,,,,,,,,,,,,,,PENDING,pending,needs_permission,,,,RETRY_RESEARCHED_PENDING
3056,INS-IS6035,SET,One Piece Wash Down WC S-TRAP-250MM IS6035,Plumbing,,S-TRAP-250MM,,,PENDING,,,,,,,,,,,,,,,,,PENDING,pending,needs_permission,,,,RETRY_RESEARCHED_PENDING
3057,LOC-GLO-BRA-GLBBC40,PCS,Glocks Brass Padlock GLBBC40,Locks & Security,,GLBBC40,,,PENDING,,,,,,,,,,,,,,,,,PENDING,pending,needs_permission,,,,RETRY_RESEARCHED_PENDING
3058,LOC-VIVOZ-V40MM,PCS,Vivoz Chrome Pad V-6000 LOCK-40MM,Locks & Security,,V-6000,,,PENDING,,,,,,,,,,,,,,,,,PENDING,pending,needs_permission,,,,RETRY_RESEARCHED_PENDING
3059,MEA-TAP-STA-8.0M,PCS,8M/26 X 1 Global Tape,Hand Tools,,8M/26,,,PENDING,,,,,,,,,,,,,,,,,PENDING,pending,needs_permission,,,,RETRY_RESEARCHED_PENDING
3060,POW-YELLOW,TIN,Yellow Powder,Other,,500GM,,,PENDING,,,,,,,,,,,,,,,,,PENDING,pending,needs_permission,,,,RETRY_RESEARCHED_PENDING
3061,SWI-S/SKT-LWD-4013-13A,PCS,NNE 13A S/skt (sr),Electrical,,813/S,,,PENDING,,,,,,,,,,,,,,,,,PENDING,pending,needs_permission,,,,RETRY_RESEARCHED_PENDING
3062,SWI-SOC-NNE-9499,PCS,NNE 9499 Metalclad Switch Socket 1GANG 13A,Electrical,,1GANG,,,PENDING,,,,,,,,,,,,,,,,,PENDING,pending,needs_permission,,,,RETRY_RESEARCHED_PENDING
3063,TAP-CAB-CB65SS,PCS,Cab S/s 304 Basin Cold Tap,Bathroom,,CB65SS,,,PENDING,,,,,,,,,,,,,,,,,PENDING,pending,needs_permission,,,,RETRY_RESEARCHED_PENDING
3064,TOI-CAS-WD005-S-TRAP,SET,Closed Coupled WC 250MM S Trap,Plumbing,,WD005,,,PENDING,,,,,,,,,,,,,,,,,PENDING,pending,needs_permission,,,,RETRY_RESEARCHED_PENDING
3065,TOO-DRV-IMP-2500#,SET,Impact Screw,Power Tools,,DRIVER-2500,,,PENDING,,,,,,,,,,,,,,,,,PENDING,pending,needs_permission,,,,RETRY_RESEARCHED_PENDING
3066,TOO-NIE-TAM-T20,PCS,Nietz E/long Tamper Tx-star Wrench (red) 53283020,Hand Tools,Nietz,,,,PENDING,,,,,,,,,,,,,,,,,PENDING,pending,needs_permission,,,,RETRY_RESEARCHED_PENDING
3067,BOS-SM2040,BTL,Sumo 4T Motor Oil (1.0 Liter),Automotive,Bosch,,,,PENDING,,,,,,,,,,,,,,,,,PENDING,pending,needs_permission,,,,RETRY_RESEARCHED_PENDING
3068,BRO-PLA-SB9226,PCS,Colourful Plastic Broom 180G,Housewares,,SB9226,,,PENDING,,,,,,,,,,,,,,,,,PENDING,pending,needs_permission,,,,RETRY_RESEARCHED_PENDING
3069,"CLI-HOS-GP-1.1/2""",PCS,Gp S/steel Hose Clip- 1.1/2 (21-38MM),Outdoor & Garden,,21-38MM,,,PENDING,,,,,,,,,,,,,,,,,PENDING,pending,needs_permission,,,,RETRY_RESEARCHED_PENDING
3070,"CUT-SAW-BAH-20""",PCS,NP-19 Bahco Universal Handsaw,Abrasives & Cutting,,NP-19,,,PENDING,,,,,,,,,,,,,,,,,PENDING,pending,needs_permission,,,,RETRY_RESEARCHED_PENDING
3071,ELE-CON-TOO-A86-BLK,PCS,Taicon Nut Box Conceal Tools,Fasteners & Fixings,Taicon,A86-BLACK,,,PENDING,,,,,,,,,,,,,,,,,PENDING,pending,needs_permission,,,,RETRY_RESEARCHED_PENDING
3073,GUM-HAR-205-25ML,SET,Clear Epoxy Hardex 5MIN 25ML,Chemicals & Adhesives,,5MIN,,,PENDING,,,,,,,,,,,,,,,,,PENDING,pending,needs_permission,,,,RETRY_RESEARCHED_PENDING
3074,"IND-CAS-SWI-BRA-2""",PCS,2 DL5 Tpe 360 Degree Swivel Caster W Brakes,Fishing & Tackle,,DL5,,,PENDING,,,,,,,,,,,,,,,,,PENDING,pending,needs_permission,,,,RETRY_RESEARCHED_PENDING
3075,IND-WHE-TYR-PUPVC,PCS,13X3 Pu Wheel - PVC Rim,Building Materials,,13X3,,,PENDING,,,,,,,,,,,,,,,,,PENDING,pending,needs_permission,,,,RETRY_RESEARCHED_PENDING
3076,LOC-COL-ZK503,SET,Safety Chrome Plated Padlock ZK-503,Safety & Workwear,,ZK-503,,,PENDING,,,,,,,,,,,,,,,,,PENDING,pending,needs_permission,,,,RETRY_RESEARCHED_PENDING
3078,SCA-TCS-60-JCS67Z-60KG,PCS,Camry-price Computing Scale TCS-60-JCS67Z/60KG,Housewares,,TCS-60-JCS67Z/60KG,,,PENDING,,,,,,,,,,,,,,,,,PENDING,pending,needs_permission,,,,RETRY_RESEARCHED_PENDING
3079,TAP-SIN-STN116BK,PCS,Sksk S/steel Sink Out Kitchen Tap-black,Kitchen & Sinks,,STN116BK,,,PENDING,,,,,,,,,,,,,,,,,PENDING,pending,needs_permission,,,,RETRY_RESEARCHED_PENDING
3080,TOL-POW-500G,BTL,500G Toilet Powder,Bathroom,,,,,PENDING,,,,,,,,,,,,,,,,,PENDING,pending,needs_permission,,,,RETRY_RESEARCHED_PENDING
3081,TOO-DRV-STA-5X200MM,PCS,"Cushion Grip S/dr Std - (3/16""X8"")",Power Tools,,5X200MM,,,PENDING,,,,,,,,,,,,,,,,,PENDING,pending,needs_permission,,,,RETRY_RESEARCHED_PENDING
3082,"TOO-DRV-STA-PH2-1/4""X08""",PCS,"Cushion Grip S/dr PHILIPS-1/4""X8""X2PT ( 2X200MM)",Power Tools,,PHILIPS-1/4,,,PENDING,,,,,,,,,,,,,,,,,PENDING,pending,needs_permission,,,,RETRY_RESEARCHED_PENDING
3084,ABR-PAP-621-537,SHT,G500 Ewd Hand Sanding Sheet,Abrasives & Cutting,,G500,,,PENDING,,,,,,,,,,,,,,,,,PENDING,pending,needs_permission,,,,RETRY_RESEARCHED_PENDING
3085,ABR-PAP-621-538,SHT,G600 Ewd Hand Sanding Sheet,Abrasives & Cutting,,G600,,,PENDING,,,,,,,,,,,,,,,,,PENDING,pending,needs_permission,,,,RETRY_RESEARCHED_PENDING
3086,BOS-1607-950-045,PCS,Bosch Drill Chuck Key,Power Tool Accessories,Bosch,,,,PENDING,,,,,,,,,,,,,,,,,PENDING,pending,needs_permission,,,,RETRY_RESEARCHED_PENDING
3088,"CLI-HOS-GP-1/2""",PCS,Gp S/steel Hose CLIP-1/2 (6-12MM),Outdoor & Garden,,CLIP-1/2,,,PENDING,,,,,,,,,,,,,,,,,PENDING,pending,needs_permission,,,,RETRY_RESEARCHED_PENDING
3089,CUT-BLA-ECL-2514T14,PCS,Eclipse Hacksaw Blade - 25MM X 14T X 14,Hand Tools,,14T,,,PENDING,,,,,,,,,,,,,,,,,PENDING,pending,needs_permission,,,,RETRY_RESEARCHED_PENDING
3090,DOR-LOC-LEV-SMR-3491AC,SET,Heavy Duty Level Lock SMR-3491AC,Locks & Security,,SMR-3491AC,,,PENDING,,,,,,,,,,,,,,,,,PENDING,pending,needs_permission,,,,RETRY_RESEARCHED_PENDING
3091,DOR-LOC-LEV-SMR-3491MG,SET,Heavy Duty Level Lock SMR-3491MG,Locks & Security,,SMR-3491MG,,,PENDING,,,,,,,,,,,,,,,,,PENDING,pending,needs_permission,,,,RETRY_RESEARCHED_PENDING
3092,"FAS-SCR-DRY-WHI-6#1""BOX",BOX,Hunter/wh - Drywall Screw 6 X1,Fasteners & Fixings,,6#X1,,,PENDING,,,,,,,,,,,,,,,,,PENDING,pending,needs_permission,,,,RETRY_RESEARCHED_PENDING
3093,"FAS-SCR-P/H-1"" X 8#-BOX",BOX,Sr P/h Self Drilling Screw 1 X 8 (1000PCS/BOX),Fasteners & Fixings,,1000PCS/BOX,,,PENDING,,,,,,,,,,,,,,,,,PENDING,pending,needs_permission,,,,RETRY_RESEARCHED_PENDING
3094,FAS-SCR-TD640HW-WOOD,BOX,12 X 1 1/2 Self Drilling Screw (300PCS/BOX),Fasteners & Fixings,,300PCS/BOX,,,PENDING,,,,,,,,,,,,,,,,,PENDING,pending,needs_permission,,,,RETRY_RESEARCHED_PENDING
3095,FLO-PVC-NO-279-02,ROLL,PVC Flooring No. 521-05,Flooring,,NO.521-05,,,PENDING,,,,,,,,,,,,,,,,,PENDING,pending,needs_permission,,,,RETRY_RESEARCHED_PENDING
3096,FLO-PVC-NO.9607,ROLL,PVC Flooring No. 522-02,Flooring,,NO.522-02,,,PENDING,,,,,,,,,,,,,,,,,PENDING,pending,needs_permission,,,,RETRY_RESEARCHED_PENDING
3097,GAR-HOE-106B,PCS,Garden Hoes With Wood Handle 106B,Doors & Hardware,,106B,,,PENDING,,,,,,,,,,,,,,,,,PENDING,pending,needs_permission,,,,RETRY_RESEARCHED_PENDING
3098,GAS-TOR-ASUMA-AS605,SET,Asuma Multi Purpose Flamme Tor,Home Appliances,,AS605,,,PENDING,,,,,,,,,,,,,,,,,PENDING,pending,needs_permission,,,,RETRY_RESEARCHED_PENDING
3100,HOS-FLE-MIX-YG407,PCS,"Flex. Hose For Mixer 1/2""XM10",Outdoor & Garden,,XM10,,,PENDING,,,,,,,,,,,,,,,,,PENDING,pending,needs_permission,,,,RETRY_RESEARCHED_PENDING
3101,"IND-CAS-SWI-INS-BRA-2""",PCS,2 DL5 Tpe Insertion Rod Swivel Caster W Brake,Fishing & Tackle,,DL5,,,PENDING,,,,,,,,,,,,,,,,,PENDING,pending,needs_permission,,,,RETRY_RESEARCHED_PENDING
3102,LAD-ALU-WORKER-SS06,UNIT,Worker SS06 S/side Alum. Ladder (LDS06-MF),Ladders & Access,,SS06,,,PENDING,,,,,,,,,,,,,,,,,PENDING,pending,needs_permission,,,,RETRY_RESEARCHED_PENDING
3103,LOC-COL-RA401,PCS,Colex Anti-cut Steel Padlock RA-401,Locks & Security,,RA-401,,,PENDING,,,,,,,,,,,,,,,,,PENDING,pending,needs_permission,,,,RETRY_RESEARCHED_PENDING
3104,MEA-TAP-SENSUI-JBM048-25FT,PCS,25FT Sensui Measuring Tape (S10),Hand Tools,,25FT,,,PENDING,,,,,,,,,,,,,,,,,PENDING,pending,needs_permission,,,,RETRY_RESEARCHED_PENDING
3105,MEA-TAP-SUN-7.5M,PCS,Sunlon M. Tape 7.5M/25,Hand Tools,,7.5M/25,,,PENDING,,,,,,,,,,,,,,,,,PENDING,pending,needs_permission,,,,RETRY_RESEARCHED_PENDING
3108,PAI-TIG-250ML-RED,DOZ,250ML Ocean Gloss (red),Paint & Sundries,,PAINT-725,,,PENDING,,,,,,,,,,,,,,,,,PENDING,pending,needs_permission,,,,RETRY_RESEARCHED_PENDING
3110,SAF-SHO-NK80-10,PAIR,Neuking NK80 Black 10,Safety & Workwear,,NK80,,,PENDING,,,,,,,,,,,,,,,,,PENDING,pending,needs_permission,,,,RETRY_RESEARCHED_PENDING
3111,SAF-SHO-NK80-11,PAIR,Neuking NK80 Black 11,Safety & Workwear,,NK80,,,PENDING,,,,,,,,,,,,,,,,,PENDING,pending,needs_permission,,,,RETRY_RESEARCHED_PENDING
3112,SWI-CABLE-REEL-MS4000-7M,PCS,Morries 7M Portable Cable Reel,Fishing & Tackle,,MS4000,,,PENDING,,,,,,,,,,,,,,,,,PENDING,pending,needs_permission,,,,RETRY_RESEARCHED_PENDING
3113,TOI-CAS-WD014-S,SET,Epson Close Couple S-trap 250MM,Plumbing,,WD014,,,PENDING,,,,,,,,,,,,,,,,,PENDING,pending,needs_permission,,,,RETRY_RESEARCHED_PENDING
3114,"TOO-CLA-F-BLI-12""",PCS,Blimax Quick Release F CLAMP-12,Hand Tools,,CLAMP-12,,,PENDING,,,,,,,,,,,,,,,,,PENDING,pending,needs_permission,,,,RETRY_RESEARCHED_PENDING
3115,"TOO-CUT-BOL-GT18""",PCS,Glotool Bolt Clipper 18,Fasteners & Fixings,Glotool,,,,PENDING,,,,,,,,,,,,,,,,,PENDING,pending,needs_permission,,,,RETRY_RESEARCHED_PENDING
3116,TOO-CUT-BOLW0118A,PCS,Bolt Cutter 450MM,Fasteners & Fixings,,W0118A,,,PENDING,,,,,,,,,,,,,,,,,PENDING,pending,needs_permission,,,,RETRY_RESEARCHED_PENDING
3117,TOO-PAC-SET-TP16,SET,TP16 Manual Packing Machine & Plier,Hand Tools,,TP16,,,PENDING,,,,,,,,,,,,,,,,,PENDING,pending,needs_permission,,,,RETRY_RESEARCHED_PENDING
3118,BBQ-GRI-JJD-B017,PCS,38X50CM Bbq Grid,Outdoor & Garden,,38X50CM,,,PENDING,,,,,,,,,,,,,,,,,PENDING,pending,needs_permission,,,,RETRY_RESEARCHED_PENDING
3119,CHA-CAP-SQU-EXT-19MM,PCK,Square External Cap 19MM (4PCS/PCK),Outdoor & Garden,,4PCS/PCK,,,PENDING,,,,,,,,,,,,,,,,,PENDING,pending,needs_permission,,,,RETRY_RESEARCHED_PENDING
3121,DOR-HIN-SGD-DH753030,PCK,"(5""X3""X3.0MMX3PCS) 4BB St. Guchi Hinges",Doors & Hardware,,X3.0MMX3PCS,,,PENDING,,,,,,,,,,,,,,,,,PENDING,pending,needs_permission,,,,RETRY_RESEARCHED_PENDING
3122,DOR-INS-KIT-180MM,PCS,200MM Bott Installation Kit,Doors & Hardware,,,,,PENDING,,,,,,,,,,,,,,,,,PENDING,pending,needs_permission,,,,RETRY_RESEARCHED_PENDING
3123,FLO-PVC- NO.483-01,ROLL,PVC Flooring No. K35707,Flooring,,K35707,,,PENDING,,,,,,,,,,,,,,,,,PENDING,pending,needs_permission,,,,RETRY_RESEARCHED_PENDING
3124,FLO-PVC-300-11,ROLL,PVC Flooring No. K36004,Flooring,,K36004,,,PENDING,,,,,,,,,,,,,,,,,PENDING,pending,needs_permission,,,,RETRY_RESEARCHED_PENDING
3125,FLO-PVC-469-02,ROLL,PVC Flooring No. 470-21,Flooring,,NO.470-21,,,PENDING,,,,,,,,,,,,,,,,,PENDING,pending,needs_permission,,,,RETRY_RESEARCHED_PENDING
3126,FLO-PVC-482-14,ROLL,PVC Flooring No. 090-30,Flooring,,NO.090-30,,,PENDING,,,,,,,,,,,,,,,,,PENDING,pending,needs_permission,,,,RETRY_RESEARCHED_PENDING
3127,FLO-PVC-K32606,ROLL,PVC Flooring No. K36205,Flooring,,K36205,,,PENDING,,,,,,,,,,,,,,,,,PENDING,pending,needs_permission,,,,RETRY_RESEARCHED_PENDING
3128,FLO-PVC-NO-K21114,ROLL,PVC Flooring No. K20901,Flooring,,K20901,,,PENDING,,,,,,,,,,,,,,,,,PENDING,pending,needs_permission,,,,RETRY_RESEARCHED_PENDING
3129,FLO-PVC-NO-K23706,ROLL,PVC Flooring No. K11116,Flooring,,K11116,,,PENDING,,,,,,,,,,,,,,,,,PENDING,pending,needs_permission,,,,RETRY_RESEARCHED_PENDING
3130,GAR-CUT-SCIW4143A,PCS,Multi-functional SS Scissors 150MM,Outdoor & Garden,,W4143A,,,PENDING,,,,,,,,,,,,,,,,,PENDING,pending,needs_permission,,,,RETRY_RESEARCHED_PENDING
3132,HHD-FLU-M0676-L110W-40MM,PCS,Techplas Flap Outlet Valve,Plumbing,,L110-W,,,PENDING,,,,,,,,,,,,,,,,,PENDING,pending,needs_permission,,,,RETRY_RESEARCHED_PENDING
3134,IND-SCP-FR9788-1,PCS,1 Faris W Handle Finishing Scraper,Doors & Hardware,,FR9788,,,PENDING,,,,,,,,,,,,,,,,,PENDING,pending,needs_permission,,,,RETRY_RESEARCHED_PENDING
3135,IND-TRO-SMR1011B,PCS,"Smr Blue H'dle SS Trowel 4""X11",Hand Tools,,X11,,,PENDING,,,,,,,,,,,,,,,,,PENDING,pending,needs_permission,,,,RETRY_RESEARCHED_PENDING
3137,LOC-CYL-SGD-C3010/70MM,PCS,Ss/privacy St. Guchi Cyl Lock,Locks & Security,,SDCD-C3010/70MM,,,PENDING,,,,,,,,,,,,,,,,,PENDING,pending,needs_permission,,,,RETRY_RESEARCHED_PENDING
3138,LOC-ENT-EPO-H061/AC,SET,Epo Entrance Lock Set (H061/AC),Locks & Security,,H061/AC,,,PENDING,,,,,,,,,,,,,,,,,PENDING,pending,needs_permission,,,,RETRY_RESEARCHED_PENDING
3139,PAI-BRU-633-100MM,DOZ,Paint Brush 633 X 100MM,Paint & Sundries,,,,,PENDING,,,,,,,,,,,,,,,,,PENDING,pending,needs_permission,,,,RETRY_RESEARCHED_PENDING
3140,SAF-SHO-NK80-08,PAIR,Neuking NK80 Black 08,Safety & Workwear,,NK80,,,PENDING,,,,,,,,,,,,,,,,,PENDING,pending,needs_permission,,,,RETRY_RESEARCHED_PENDING
3141,SHH-SINKER-NO.6,PCS,Single Head Sinker No. 6 (1PC/PCK),Fishing & Tackle,,1PC/PCK,,,PENDING,,,,,,,,,,,,,,,,,PENDING,pending,needs_permission,,,,RETRY_RESEARCHED_PENDING
3143,TOO-COM-PLI-AC208,PCS,Combination Pliers 200MM AC208,Power Tools,,AC208,,,PENDING,,,,,,,,,,,,,,,,,PENDING,pending,needs_permission,,,,RETRY_RESEARCHED_PENDING
3144,"TOO-DRV-STA-PH2-1/4""X10""-9960651710",PCS,"Cushion Grip S/dr PHILIPS-1/4""X10""X2PT ( 2X250MM)",Power Tools,,PHILIPS-1/4,,,PENDING,,,,,,,,,,,,,,,,,PENDING,pending,needs_permission,,,,RETRY_RESEARCHED_PENDING
3145,"TOO-HOL-MAG-VESIC-3""-BMWH-3",PCS,3 Bossman Magnetic Weld Holder (25-LBS),Power Tools,,25-LBS,,,PENDING,,,,,,,,,,,,,,,,,PENDING,pending,needs_permission,,,,RETRY_RESEARCHED_PENDING
3146,TOO-PLI-CUTW106,PCS,Side Cut Pliers 150MM,Power Tools,,WNS106D,,,PENDING,,,,,,,,,,,,,,,,,PENDING,pending,needs_permission,,,,RETRY_RESEARCHED_PENDING
3147,TOO-TYR-LEV-W0014D,PCS,"Type Lever 24""/600MM",Power Tools,,W0014D,,,PENDING,,,,,,,,,,,,,,,,,PENDING,pending,needs_permission,,,,RETRY_RESEARCHED_PENDING
3148,TOO-WRE-FOLW0408,PCS,8PCS Folding Box End Hex Key,Power Tools,,W0408,,,PENDING,,,,,,,,,,,,,,,,,PENDING,pending,needs_permission,,,,RETRY_RESEARCHED_PENDING
3149,TOO-WRE-FOLW0409,PCS,8PCS Folding Hex Key,Power Tools,,W0409,,,PENDING,,,,,,,,,,,,,,,,,PENDING,pending,needs_permission,,,,RETRY_RESEARCHED_PENDING
3150,VAL-BAL-VIP-343-12MM,PCS,Full Bore Ball VALVE:PN25 343 1/2,Plumbing,,VALVE:PN25,,,PENDING,,,,,,,,,,,,,,,,,PENDING,pending,needs_permission,,,,RETRY_RESEARCHED_PENDING
3151,X-GUN-TAC-BC-R23,PCS,Rapid Stapler,Power Tools,,GUN-R23,,,PENDING,,,,,,,,,,,,,,,,,PENDING,pending,needs_permission,,,,RETRY_RESEARCHED_PENDING
3152,ABR-PAP-621-528,SHT,G80 Ewd Hand Sanding Sheet,Abrasives & Cutting,,G80,,,PENDING,,,,,,,,,,,,,,,,,PENDING,pending,needs_permission,,,,RETRY_RESEARCHED_PENDING
3153,BNW-BOL-SS304-M10-50MM,PCS,SS 304 Bolt - M10 X 50MM,Fasteners & Fixings,,M10,,,PENDING,,,,,,,,,,,,,,,,,PENDING,pending,needs_permission,,,,RETRY_RESEARCHED_PENDING
3154,CUT-CHI-JM-30-5,PCS,Jayamata Harvest Palm Oil Chisel 5,Hand Tools,,JM-30-5,,,PENDING,,,,,,,,,,,,,,,,,PENDING,pending,needs_permission,,,,RETRY_RESEARCHED_PENDING
3155,ELE-CAB-VDE-BLK,MTR,Taicon 23/0.15 X 2 Core Vde Cable - Black,Electrical,Taicon,,,,PENDING,,,,,,,,,,,,,,,,,PENDING,pending,needs_permission,,,,RETRY_RESEARCHED_PENDING
3156,"FAS-SCR-TAP-CSK-8#2""-BOX",BOX,8 X2 Csk Self Tapping Screw-flat Head (500PCS/BOX),Fasteners & Fixings,,500PCS/BOX,,,PENDING,,,,,,,,,,,,,,,,,PENDING,pending,needs_permission,,,,RETRY_RESEARCHED_PENDING
3158,IND-DUS-ALI-120L,PCS,Aliclean HDPE Dustbin 120LTR,Plumbing,,120LTR,,,PENDING,,,,,,,,,,,,,,,,,PENDING,pending,needs_permission,,,,RETRY_RESEARCHED_PENDING
3159,INS-IS6127,SET,One Piece Wash Down WC S-TRAP-250MM IS6127,Plumbing,,S-TRAP-250MM,,,PENDING,,,,,,,,,,,,,,,,,PENDING,pending,needs_permission,,,,RETRY_RESEARCHED_PENDING
3160,LOC-SGD-PL100-40MM,PCS,Armor Solid Brass Cp Anti-cut Padlock APL1000-40MM,Locks & Security,,APL1000-40MM,,,PENDING,,,,,,,,,,,,,,,,,PENDING,pending,needs_permission,,,,RETRY_RESEARCHED_PENDING
3161,NAIL-TUFTING-TN-7225-BOX,BOX,U Clip Tufting Nail 25MM X 7.3MM (100PCS/BOX),Fasteners & Fixings,,100PCS/BOX,,,PENDING,,,,,,,,,,,,,,,,,PENDING,pending,needs_permission,,,,RETRY_RESEARCHED_PENDING
3162,ROP-WIR-GAL-6.0MM,MTR,Galv Wire Rope-cnn 6.0MMX6X19,Lifting & Rigging,,6.0MMX6X19,,,PENDING,,,,,,,,,,,,,,,,,PENDING,pending,needs_permission,,,,RETRY_RESEARCHED_PENDING
3163,"SANDEX-VEL-PAD-M10-4""",PCS,"Sandex 4 Velcro Backing Pad, M10",Abrasives & Cutting,,M10,,,PENDING,,,,,,,,,,,,,,,,,PENDING,pending,needs_permission,,,,RETRY_RESEARCHED_PENDING
3164,SIN-CLE-DRA-07024(5HD),PCS,H/duty Drain Cleaner,Chemicals & Adhesives,,9MMX5M,,,PENDING,,,,,,,,,,,,,,,,,PENDING,pending,needs_permission,,,,RETRY_RESEARCHED_PENDING
3165,TOO-PLI-CIR-WNS01,PCS,Circlip Pliers 175MM,Power Tools,,WNS01,,,PENDING,,,,,,,,,,,,,,,,,PENDING,pending,needs_permission,,,,RETRY_RESEARCHED_PENDING
3166,CUT-BLA-DT3676,PAIR,"Planer Blades, Dewalt",Power Tools,,DT3676,,,PENDING,,,,,,,,,,,,,,,,,PENDING,pending,needs_permission,,,,RETRY_RESEARCHED_PENDING
3167,DOR-LOC-CAM-X16MMX90,PCS,Target 9007 CAMLOCK-16MM,Doors & Hardware,,CAMLOCK-16MM,,,PENDING,,,,,,,,,,,,,,,,,PENDING,pending,needs_permission,,,,RETRY_RESEARCHED_PENDING
3169,FAS-SCR-ZPH-DSMHO516-BOX,BOX,Sr Zph Self Drilling Screw (1000PCS/BOX) DSM-HO516,Fasteners & Fixings,,1000PCS/BOX,,,PENDING,,,,,,,,,,,,,,,,,PENDING,pending,needs_permission,,,,RETRY_RESEARCHED_PENDING
3170,GAR-RAK-PVC-20T,PCS,20T Hero Garden Rake,Outdoor & Garden,,20T,,,PENDING,,,,,,,,,,,,,,,,,PENDING,pending,needs_permission,,,,RETRY_RESEARCHED_PENDING
3171,SHH-SINKER-NO.1,PCK,Single Head Sinker No. 1 (2PCS/PCK),Fishing & Tackle,,2PCS/PCK,,,PENDING,,,,,,,,,,,,,,,,,PENDING,pending,needs_permission,,,,RETRY_RESEARCHED_PENDING
3172,TOO-COM-W0287E-12MM,PCS,Com Ratchet Wrench 12MM,Hand Tools,,W0287E,,,PENDING,,,,,,,,,,,,,,,,,PENDING,pending,needs_permission,,,,RETRY_RESEARCHED_PENDING
3173,TOO-NIE-TAM-T30,PCS,Nietz E/long Tamper Tx-star Wrench (red) 53283030,Hand Tools,Nietz,,,,PENDING,,,,,,,,,,,,,,,,,PENDING,pending,needs_permission,,,,RETRY_RESEARCHED_PENDING
3174,TOO-PLI-CIR-GTEB150,PCS,Glotool Circlip Plier - Ext Bent,Hand Tools,Glotool,,,,PENDING,,,,,,,,,,,,,,,,,PENDING,pending,needs_permission,,,,RETRY_RESEARCHED_PENDING
3176,BNW-B&N-RBN-220-BOX,BOX,Sr G. I Boit & Nut 1/4 X 2 (box),Fasteners & Fixings,,RBN-220,,,PENDING,,,,,,,,,,,,,,,,,PENDING,pending,needs_permission,,,,RETRY_RESEARCHED_PENDING
3177,BNW-B&N-RBN-240-BOX,BOX,Sr G. I Boit & Nut 1/4 X 4 (box),Fasteners & Fixings,,RBN-240,,,PENDING,,,,,,,,,,,,,,,,,PENDING,pending,needs_permission,,,,RETRY_RESEARCHED_PENDING
3178,"BRA-SHE-YG782-20""",PAIR,White H/duty Shelf Bracket 20,Housewares,,YG782,,,PENDING,,,,,,,,,,,,,,,,,PENDING,pending,needs_permission,,,,RETRY_RESEARCHED_PENDING
3179,CHA-CAP-ROU-EXT-16MM,PCK,Round External Cap 16MM (4PCS/PCK),Outdoor & Garden,,4PCS/PCK,,,PENDING,,,,,,,,,,,,,,,,,PENDING,pending,needs_permission,,,,RETRY_RESEARCHED_PENDING
3180,DRI-26170(4-32),PCS,Br 6250 Hex Shank Step Drill 4-32MM,Power Tool Accessories,,4-32MM,,,PENDING,,,,,,,,,,,,,,,,,PENDING,pending,needs_permission,,,,RETRY_RESEARCHED_PENDING
3181,"FAS-SCR-TAP-CSK-8#2 1/2""",PACK,8 X2-1/2 Csk Self Tapping Screw-flat Head (10PCS/PCK),Fasteners & Fixings,,X2-1/2,,,PENDING,,,,,,,,,,,,,,,,,PENDING,pending,needs_permission,,,,RETRY_RESEARCHED_PENDING
3182,FLO-MOC-AZ617GRY,PCS,Azuba Grey AZ617GRY 600X600MM,Flooring,,AZ617GRY,,,PENDING,,,,,,,,,,,,,,,,,PENDING,pending,needs_permission,,,,RETRY_RESEARCHED_PENDING
3183,GUM-HAR-30,SET,Metal Expoxy Hardex 3 Ton,Lifting & Rigging,,HE-30,,,PENDING,,,,,,,,,,,,,,,,,PENDING,pending,needs_permission,,,,RETRY_RESEARCHED_PENDING
3184,HOS-CON-EG4134-40200043,PCS,"Ecogreen-quick Connector (universal) 1/2"", 5/8"", 3/4",Outdoor & Garden,,EG4134,,,PENDING,,,,,,,,,,,,,,,,,PENDING,pending,needs_permission,,,,RETRY_RESEARCHED_PENDING
3185,HOS-NET-MIK-12MM,MTR,Mikasa Net Hose - 12MM X 100M,Outdoor & Garden,,,,,PENDING,,,,,,,,,,,,,,,,,PENDING,pending,needs_permission,,,,RETRY_RESEARCHED_PENDING
3186,MEA-TAP-SENSUI-X7-25FT,PCS,X7 25FT Sensui Measuring Tape,Hand Tools,,25FT,,,PENDING,,,,,,,,,,,,,,,,,PENDING,pending,needs_permission,,,,RETRY_RESEARCHED_PENDING
3187,MEA-TAP-STA-POW-10M,PCS,10M/33 X 1 Powerlock Tape Ruler,Hand Tools,,10M/33,,,PENDING,,,,,,,,,,,,,,,,,PENDING,pending,needs_permission,,,,RETRY_RESEARCHED_PENDING
3188,SHH-SINKER-NO.2,PCK,Single Head Sinker No. 2 (2PCS/PCK),Fishing & Tackle,,2PCS/PCK,,,PENDING,,,,,,,,,,,,,,,,,PENDING,pending,needs_permission,,,,RETRY_RESEARCHED_PENDING
3189,SHO-PVC-ARM100,SET,Sy PVC Shower Rose ARM-4,Bathroom,,ARM-4,,,PENDING,,,,,,,,,,,,,,,,,PENDING,pending,needs_permission,,,,RETRY_RESEARCHED_PENDING
3190,SWI-T/SOC-9822-2M2G,SET,2GL T/skt W/surge (sr) 9822/2M,Electrical,,2GL,,,PENDING,,,,,,,,,,,,,,,,,PENDING,pending,needs_permission,,,,RETRY_RESEARCHED_PENDING
3191,"TOO-CUT-BOL-MIN-GT8""",PCS,Glotool Mini Bolt Clipper 8,Fasteners & Fixings,Glotool,,,,PENDING,,,,,,,,,,,,,,,,,PENDING,pending,needs_permission,,,,RETRY_RESEARCHED_PENDING
3193,TOO-ELE-TESW0288A,PCS,W0288A Tester,Power Tools,,W0288A,,,PENDING,,,,,,,,,,,,,,,,,PENDING,pending,needs_permission,,,,RETRY_RESEARCHED_PENDING
3194,TOO-TES-PEN-KT1960,PCS,Kingtoyo Auto,Power Tools,,TESTER-KT1960,,,PENDING,,,,,,,,,,,,,,,,,PENDING,pending,needs_permission,,,,RETRY_RESEARCHED_PENDING
3195,WAS-BAS-FIL-S90(185),PCS,S90 (185) Steel Washing Basin Filter,Bathroom,,S90,,,PENDING,,,,,,,,,,,,,,,,,PENDING,pending,needs_permission,,,,RETRY_RESEARCHED_PENDING
3196,WEL-MAC-STW-120G,UNIT,Starweld Welding Machine Acc. MMA120G,Welding,,MMA120G,,,PENDING,,,,,,,,,,,,,,,,,PENDING,pending,needs_permission,,,,RETRY_RESEARCHED_PENDING
3197,ABR-PAP-621-540,SHT,Ewd Hand Sanding Sheet G1000,Abrasives & Cutting,,G1000,,,PENDING,,,,,,,,,,,,,,,,,PENDING,pending,needs_permission,,,,RETRY_RESEARCHED_PENDING
3199,CUT-CHI-JM-30-4,PCS,Jayamata Harvesting Palm Oil Chisel 4,Hand Tools,,JM-30-4,,,PENDING,,,,,,,,,,,,,,,,,PENDING,pending,needs_permission,,,,RETRY_RESEARCHED_PENDING
3200,CUT-DEW-DW4785,PCS,"Diamond Blade, Dry 4",Abrasives & Cutting,,DW4785,,,PENDING,,,,,,,,,,,,,,,,,PENDING,pending,needs_permission,,,,RETRY_RESEARCHED_PENDING
3201,"DL5SS-HOS-NIPP-1""X25MM",PCS,DL5 Hose Nipple 1 X 25MM,Outdoor & Garden,,DL5,,,PENDING,,,,,,,,,,,,,,,,,PENDING,pending,needs_permission,,,,RETRY_RESEARCHED_PENDING
3202,DOR-HOL-SGD-020SN,PCS,Sn St. Guchi Door Holder,Doors & Hardware,,SGDS-020,,,PENDING,,,,,,,,,,,,,,,,,PENDING,pending,needs_permission,,,,RETRY_RESEARCHED_PENDING
3203,ELE-LED-FLO-SOR-25W-6500K,PCS,Ilite Solar Spotlite ILS-25W 6500K,Electrical,,ILS-25W,,,PENDING,,,,,,,,,,,,,,,,,PENDING,pending,needs_permission,,,,RETRY_RESEARCHED_PENDING
3204,IND-TRU-MET-150KGS,UNIT,Platform Hand Truck-metal ST150 150KGS,Building Materials,,ST150,,,PENDING,,,,,,,,,,,,,,,,,PENDING,pending,needs_permission,,,,RETRY_RESEARCHED_PENDING
3205,JAC-BOT-CNN-B10TON,PCS,China Bottle Jack -10TON (l/w),Automotive,,10TON,,,PENDING,,,,,,,,,,,,,,,,,PENDING,pending,needs_permission,,,,RETRY_RESEARCHED_PENDING
3206,LOC-DEL-TZ-DL3871SS,PCS,Deluxe Cylindrical Lock,Locks & Security,,DL3871SS,,,PENDING,,,,,,,,,,,,,,,,,PENDING,pending,needs_permission,,,,RETRY_RESEARCHED_PENDING
3208,SAF-LAS-CAR-GLO-50MM*,SET,Cargo Lashing 2 X 30FT (glolift),Safety & Workwear,,30FT,,,PENDING,,,,,,,,,,,,,,,,,PENDING,pending,needs_permission,,,,RETRY_RESEARCHED_PENDING
3209,SHH-LURE-H2130-3.0CM,PCS,Huizhu Fishing Super Lure Frog 3.0CM (soft),Fishing & Tackle,,H2130,,,PENDING,,,,,,,,,,,,,,,,,PENDING,pending,needs_permission,,,,RETRY_RESEARCHED_PENDING
3210,SWI-BUT-HOI-15A-250V,PCS,Hoist Push Button Switch 15A 250V,Lifting & Rigging,,THS-21,,,PENDING,,,,,,,,,,,,,,,,,PENDING,pending,needs_permission,,,,RETRY_RESEARCHED_PENDING
3211,SWI-SOC-ELE-E062B,PCS,Elegance 16A 2 GANG Auto Gate Swi-blk (E062B),Doors & Hardware,,E062B,,,PENDING,,,,,,,,,,,,,,,,,PENDING,pending,needs_permission,,,,RETRY_RESEARCHED_PENDING
3212,TIM-BUI-HAG-EH711,PCS,Hager Built IN Timer,Electrical,,EH711,,,PENDING,,,,,,,,,,,,,,,,,PENDING,pending,needs_permission,,,,RETRY_RESEARCHED_PENDING
3213,TOO-HAM-WOOD-BLI-27MM,PCS,Blimax Wood Claw,Hand Tools,,HAMMER-27MM,,,PENDING,,,,,,,,,,,,,,,,,PENDING,pending,needs_permission,,,,RETRY_RESEARCHED_PENDING
3214,TOO-PLI-CIRWSB175,PCS,External Circlip Pliers Bent Nose 175MM,Power Tools,,WSB175,,,PENDING,,,,,,,,,,,,,,,,,PENDING,pending,needs_permission,,,,RETRY_RESEARCHED_PENDING
3215,TOO-WRE-ADJW300,PCS,Adjustable Wrench 300MM,Hand Tools,,WNS300B,,,PENDING,,,,,,,,,,,,,,,,,PENDING,pending,needs_permission,,,,RETRY_RESEARCHED_PENDING
3216,VER-MAR-3M-HRZTL,PAIR,3M Vehicle Marking Hrztl Vert,Other,,600X150MM,,,PENDING,,,,,,,,,,,,,,,,,PENDING,pending,needs_permission,,,,RETRY_RESEARCHED_PENDING
3217,WIN-HOO-PIN-8430,PCK,Sr Pleak Hook 8430 (10PCS/PCK),Doors & Hardware,,10PCS/PCK,,,PENDING,,,,,,,,,,,,,,,,,PENDING,pending,needs_permission,,,,RETRY_RESEARCHED_PENDING
3218,"X-FAS-SCR-CSK-3/4"" X 8G - BOX",BOX,Sr Csk Tapping Screw 3/4 X 8G (1000PCS/BOX),Fasteners & Fixings,,1000PCS/BOX,,,PENDING,,,,,,,,,,,,,,,,,PENDING,pending,needs_permission,,,,RETRY_RESEARCHED_PENDING
3219,BOS-2607-010-079,PCS,Anti Splintering Device Gst 65,Power Tools,Bosch,,,,PENDING,,,,,,,,,,,,,,,,,PENDING,pending,needs_permission,,,,RETRY_RESEARCHED_PENDING
3220,BOX-ICE-5LTR-RED/BLUE/GRE,PCS,5LTR Cooler Box,Housewares,,5LTR,,,PENDING,,,,,,,,,,,,,,,,,PENDING,pending,needs_permission,,,,RETRY_RESEARCHED_PENDING
3221,DOR-STO-25X25MM,PCS,Red Rubber Door Stopper,Doors & Hardware,,25X25MM,,,PENDING,,,,,,,,,,,,,,,,,PENDING,pending,needs_permission,,,,RETRY_RESEARCHED_PENDING
3222,ELE-LED-SOL-YB-L10507-34W,SET,Marviss 34W Outdoor Sensor Solar Light (L10517),Electrical,,L10517,,,PENDING,,,,,,,,,,,,,,,,,PENDING,pending,needs_permission,,,,RETRY_RESEARCHED_PENDING
3223,ELE-T5-4-CIELO-W/W,PCS,Cielo T5 LED Fitting 4FT 18W WW-830,Plumbing,,4FT,,,PENDING,,,,,,,,,,,,,,,,,PENDING,pending,needs_permission,,,,RETRY_RESEARCHED_PENDING
3224,FAS-BOL-EXP-12100,PCS,Sh Expansion Bolt M12 X 100,Fasteners & Fixings,,M12,,,PENDING,,,,,,,,,,,,,,,,,PENDING,pending,needs_permission,,,,RETRY_RESEARCHED_PENDING
3225,FAS-RIV-PAT-5/32X1/2-BOX,BOX,Blind Rivet: Jaguar 5/32 X 1/2 (500PCS/BOX),Fasteners & Fixings,,500PCS/BOX,,,PENDING,,,,,,,,,,,,,,,,,PENDING,pending,needs_permission,,,,RETRY_RESEARCHED_PENDING
3226,"FAS-SCR-CSK-1 1/2"" X 8G",PCK,Sr Csk Tapping Screw 1 1/2 X 8G (20PCS/PCK),Fasteners & Fixings,,20PCS/PCK,,,PENDING,,,,,,,,,,,,,,,,,PENDING,pending,needs_permission,,,,RETRY_RESEARCHED_PENDING
3228,"IND-CAS-FIX-1.5""",PCS,1.5 DL5 Tpe Fixed Caster,Building Materials,,DL5,,,PENDING,,,,,,,,,,,,,,,,,PENDING,pending,needs_permission,,,,RETRY_RESEARCHED_PENDING
3230,NAI-ROO-SUP-P50MM-1KGS,KG,E. G Roofing Nail - Plain 50MM 1KGS,Fasteners & Fixings,,1KGS,,,PENDING,,,,,,,,,,,,,,,,,PENDING,pending,needs_permission,,,,RETRY_RESEARCHED_PENDING
3231,PLA-BAG-W1000-2227,PCK,22 X 27 X Tbag Aa,Packaging,,WHITE/1KG,,,PENDING,,,,,,,,,,,,,,,,,PENDING,pending,needs_permission,,,,RETRY_RESEARCHED_PENDING
3233,SAF-BOX-ASM-250-E1,UNIT,"Aero Digital Home Safe, 250X350X300MM, 14KG",Locks & Security,,250X350X300MM,,,PENDING,,,,,,,,,,,,,,,,,PENDING,pending,needs_permission,,,,RETRY_RESEARCHED_PENDING
3234,SWI-PLK-NEO-1380N,PCS,Plk 20A Neon Heater Switch,Electrical,,1380N,,,PENDING,,,,,,,,,,,,,,,,,PENDING,pending,needs_permission,,,,RETRY_RESEARCHED_PENDING
3235,SWI-T/BOX-540A,SET,Extension Box Sp PP100-540A,Electrical,,PP100-540A,,,PENDING,,,,,,,,,,,,,,,,,PENDING,pending,needs_permission,,,,RETRY_RESEARCHED_PENDING
3236,TOO-CLA-GW473160,PCS,Heavy G-shape Clamp 6,Hand Tools,,W0473F,,,PENDING,,,,,,,,,,,,,,,,,PENDING,pending,needs_permission,,,,RETRY_RESEARCHED_PENDING
3237,TOO-HAN-T-STA-12MM,PCS,1/2 Dr Sliding T-bar 243MM/9-1/2,Power Tools,,243MM/9-1/2,,,PENDING,,,,,,,,,,,,,,,,,PENDING,pending,needs_permission,,,,RETRY_RESEARCHED_PENDING
3238,ABR-PAP-621-530,SHT,G120 Ewd Hand Sanding Sheet,Abrasives & Cutting,,G120,,,PENDING,,,,,,,,,,,,,,,,,PENDING,pending,needs_permission,,,,RETRY_RESEARCHED_PENDING
3240,BOS-2609-110-015,PCS,Pin Spanner (for Sag),Hand Tools,Bosch,,,,PENDING,,,,,,,,,,,,,,,,,PENDING,pending,needs_permission,,,,RETRY_RESEARCHED_PENDING
3241,CUT-DIS-ARC02,PCS,4 (A909) Sensui Diamond Grinding Bla,Abrasives & Cutting,,A909,,,PENDING,,,,,,,,,,,,,,,,,PENDING,pending,needs_permission,,,,RETRY_RESEARCHED_PENDING
3242,"FAS-SCR-TAP-CSK-6#2-1/2""-BOX",BOX,"6 X2-1/2""CSK Self Tapping Screw-flat Head (500PCS/BOX)",Fasteners & Fixings,,X2-1/2,,,PENDING,,,,,,,,,,,,,,,,,PENDING,pending,needs_permission,,,,RETRY_RESEARCHED_PENDING
3245,NAIL-TUFTING-TN-7220-BOX,BOX,U Clip Tufting Nail 20MM X 7.3MM (100PCS/BOX),Fasteners & Fixings,,100PCS/BOX,,,PENDING,,,,,,,,,,,,,,,,,PENDING,pending,needs_permission,,,,RETRY_RESEARCHED_PENDING
3248,SAF-SHO-SUP-40#,PAIR,Supersonic Safety Shoes 40 (6 ),Safety & Workwear,,SK500,,,PENDING,,,,,,,,,,,,,,,,,PENDING,pending,needs_permission,,,,RETRY_RESEARCHED_PENDING
3249,SAF-SHO-SUP-41#,PAIR,Supersonic Safety Shoes 41 (7 ),Safety & Workwear,,SK500,,,PENDING,,,,,,,,,,,,,,,,,PENDING,pending,needs_permission,,,,RETRY_RESEARCHED_PENDING
3250,SHH-SINKER-NO.1/4,PCK,Single Head Sinker No. 1/4 (10PCS/PCK),Fishing & Tackle,,10PCS/PCK,,,PENDING,,,,,,,,,,,,,,,,,PENDING,pending,needs_permission,,,,RETRY_RESEARCHED_PENDING
3251,SHO-HEA-LUX-LT8367,PCS,Luxtec Cp Shower Head Holder,Bathroom,,LT-8367,,,PENDING,,,,,,,,,,,,,,,,,PENDING,pending,needs_permission,,,,RETRY_RESEARCHED_PENDING
3252,SWI-PLU-MK-654-13A,PCS,Mk 654 Whi 13A Plug Top 3PIN,Electrical,,3PIN,,,PENDING,,,,,,,,,,,,,,,,,PENDING,pending,needs_permission,,,,RETRY_RESEARCHED_PENDING
3253,TOI-CAS-WD012,UNIT,Luton Close Couple 200MM S Trap,Plumbing,,WD012,,,PENDING,,,,,,,,,,,,,,,,,PENDING,pending,needs_permission,,,,RETRY_RESEARCHED_PENDING
3254,TOO-CUT-BOLW0117A,PCS,Bolt Cutter 350MM,Fasteners & Fixings,,W0117A,,,PENDING,,,,,,,,,,,,,,,,,PENDING,pending,needs_permission,,,,RETRY_RESEARCHED_PENDING
3255,WIR-BRC-66C-45M,ROLL,66C X 45M Brc,Other,,66C,,,PENDING,,,,,,,,,,,,,,,,,PENDING,pending,needs_permission,,,,RETRY_RESEARCHED_PENDING
3256,BAS-CAB-CKS332BK,UNIT,Cabana Basket (430X260),Housewares,,430X260,,,PENDING,,,,,,,,,,,,,,,,,PENDING,pending,needs_permission,,,,RETRY_RESEARCHED_PENDING
3257,"BRA-SHE-S/S-G785-08""",SET,G785 304 H/duty Shelf Bracket 8,Housewares,,G785,,,PENDING,,,,,,,,,,,,,,,,,PENDING,pending,needs_permission,,,,RETRY_RESEARCHED_PENDING
3258,BRO-MOP-400,PCS,No. 400 Mop Broom With Handle,Doors & Hardware,,NO.400,,,PENDING,,,,,,,,,,,,,,,,,PENDING,pending,needs_permission,,,,RETRY_RESEARCHED_PENDING
3259,CON-CAB-600A,PCS,Glotool Cable Connector 600A,Electrical,Glotool,,,,PENDING,,,,,,,,,,,,,,,,,PENDING,pending,needs_permission,,,,RETRY_RESEARCHED_PENDING
3260,DOR-STO-RUB-RED-38MM,PCS,"Door Stopper Rubber Red 1-1/2""X1-7/8",Doors & Hardware,,X1-7/8,,,PENDING,,,,,,,,,,,,,,,,,PENDING,pending,needs_permission,,,,RETRY_RESEARCHED_PENDING
3261,DOR-STO-SGD-024SS,PCS,SS St. Guchi Hat & Coat Hook Door Stopper,Doors & Hardware,,SGDS-024,,,PENDING,,,,,,,,,,,,,,,,,PENDING,pending,needs_permission,,,,RETRY_RESEARCHED_PENDING
3263,"FAS-SCR-F/H-3/4"" X 8# BOX",BOX,Sr F/h Self Drilling Screw 3/4 X 8 (1000PCS/BOX),Fasteners & Fixings,,1000PCS/BOX,,,PENDING,,,,,,,,,,,,,,,,,PENDING,pending,needs_permission,,,,RETRY_RESEARCHED_PENDING
3264,"FAS-SCR-TAP-CSK-6#2""-BOX",BOX,6 X2 Csk Self Tapping Screw-flat Head (500PCS/BOX),Fasteners & Fixings,,500PCS/BOX,,,PENDING,,,,,,,,,,,,,,,,,PENDING,pending,needs_permission,,,,RETRY_RESEARCHED_PENDING
3266,GAR-CUT-LIN-YEL-TL01,ROLL,TL01 Sq Trimmer Line (3LBS),Outdoor & Garden,,TL01,,,PENDING,,,,,,,,,,,,,,,,,PENDING,pending,needs_permission,,,,RETRY_RESEARCHED_PENDING
3267,GUM-HAR-VT210SG,PCS,High Performance Sealant-grey,Chemicals & Adhesives,,VT-210SG,,,PENDING,,,,,,,,,,,,,,,,,PENDING,pending,needs_permission,,,,RETRY_RESEARCHED_PENDING
3268,HOL-BOT-MA034-A,SET,Bott H/duty Cycle Hole Cu,Other,,40MMX200MM,,,PENDING,,,,,,,,,,,,,,,,,PENDING,pending,needs_permission,,,,RETRY_RESEARCHED_PENDING
3269,HOO-CAB-CB802-5,UNIT,Cabana Hook BAR (polish) CB802-5,Doors & Hardware,,CB802-5,,,PENDING,,,,,,,,,,,,,,,,,PENDING,pending,needs_permission,,,,RETRY_RESEARCHED_PENDING
3270,LAD-ALU-WORKER-DS09,UNIT,Worker DS09 D/side Alum. Ladder (LDD09-MF),Ladders & Access,,DS09,,,PENDING,,,,,,,,,,,,,,,,,PENDING,pending,needs_permission,,,,RETRY_RESEARCHED_PENDING
3271,NAIL-TUFTING-TN-7225,PCK,U Clip Tufting Nail 25MM X 7.3MM (10PCS/PCK),Fasteners & Fixings,,10PCS/PCK,,,PENDING,,,,,,,,,,,,,,,,,PENDING,pending,needs_permission,,,,RETRY_RESEARCHED_PENDING
3272,PLA-BAG-RUB-30X40,PCK,30 X 40 X PE (B1KG),Packaging,,B1KG,,,PENDING,,,,,,,,,,,,,,,,,PENDING,pending,needs_permission,,,,RETRY_RESEARCHED_PENDING
3274,TOO-TIN-CUT-W608A,PCS,Tin Cutter 200MM W608A,Power Tools,,W608A,,,PENDING,,,,,,,,,,,,,,,,,PENDING,pending,needs_permission,,,,RETRY_RESEARCHED_PENDING
3275,WAL-DOW-YB-K7503M/G/AB,PCS,Outdoor Gate Light YB-K7503M/G/AB,Doors & Hardware,,YB-K7503M/G/AB,,,PENDING,,,,,,,,,,,,,,,,,PENDING,pending,needs_permission,,,,RETRY_RESEARCHED_PENDING
3277,WIN-BRA-DOU-7009,PCK,Sr Double Bracket 7009 (7002) X,Doors & Hardware,,10PCS/PCK,,,PENDING,,,,,,,,,,,,,,,,,PENDING,pending,needs_permission,,,,RETRY_RESEARCHED_PENDING
3278,ABR-PAP-621-539,SHT,G800 Ewd Hand Sanding Sheet,Abrasives & Cutting,,G800,,,PENDING,,,,,,,,,,,,,,,,,PENDING,pending,needs_permission,,,,RETRY_RESEARCHED_PENDING
3279,"DL5SS-HOS-NIPP-3/4""X19MM",PCS,DL5 Hose Nipple 3/4 X 19MM,Outdoor & Garden,,DL5,,,PENDING,,,,,,,,,,,,,,,,,PENDING,pending,needs_permission,,,,RETRY_RESEARCHED_PENDING
3281,"FAS-RIV-PAT-1/8""X1/2""-BOX",BOX,Blind Rivet: Jaguar 1/8 X 1/2 (1000PCS/BOX),Fasteners & Fixings,,1000PCS/BOX,,,PENDING,,,,,,,,,,,,,,,,,PENDING,pending,needs_permission,,,,RETRY_RESEARCHED_PENDING
3282,"FAS-SCR-F/H-1 1/2"" X 8#",PKT,Sr F/h Self Drilling Screw 1 1/2 X 8 (20PCS/PCK),Fasteners & Fixings,,20PCS/PCK,,,PENDING,,,,,,,,,,,,,,,,,PENDING,pending,needs_permission,,,,RETRY_RESEARCHED_PENDING
3283,"FAS-SCR-F/H-1 1/4"" X 8#",PKT,Sr F/h Self Drilling Screw 1 1/4 X 8 (20PCS/PCK),Fasteners & Fixings,,20PCS/PCK,,,PENDING,,,,,,,,,,,,,,,,,PENDING,pending,needs_permission,,,,RETRY_RESEARCHED_PENDING
3284,GUN-T-7006-MINI,PCS,Fiesto Mini Tufting Gun,Fasteners & Fixings,,T-7006,,,PENDING,,,,,,,,,,,,,,,,,PENDING,pending,needs_permission,,,,RETRY_RESEARCHED_PENDING
3285,"HOS-FLE-VIP-PP16""",PCS,PP-16 White Nylon Vip Flexible Tube,Outdoor & Garden,,PP-16,,,PENDING,,,,,,,,,,,,,,,,,PENDING,pending,needs_permission,,,,RETRY_RESEARCHED_PENDING
3286,"IND-CAS-SWI-2""",PCS,2 DL5 Tpe 360 Degree Swivel Caster,Fishing & Tackle,,DL5,,,PENDING,,,,,,,,,,,,,,,,,PENDING,pending,needs_permission,,,,RETRY_RESEARCHED_PENDING
3288,LOC-COL-TA501,PCS,Colex Single Titanium Coated Padlock TA-501,Locks & Security,,TA-501,,,PENDING,,,,,,,,,,,,,,,,,PENDING,pending,needs_permission,,,,RETRY_RESEARCHED_PENDING
3290,LOC-SGD-APL-99-50MM3PC,SET,Armor Anti-cut Padlock APL-99-50MM KA-3PCS,Locks & Security,,APL-99-50MM,,,PENDING,,,,,,,,,,,,,,,,,PENDING,pending,needs_permission,,,,RETRY_RESEARCHED_PENDING
3293,RAI-BOO-KRK-B39M9000,PAIR,Korakoh Rain Shoes Blk - 6/39,Curtains & Blinds,,M9000,,,PENDING,,,,,,,,,,,,,,,,,PENDING,pending,needs_permission,,,,RETRY_RESEARCHED_PENDING
3294,RAI-BOO-KRK-B42M,PAIR,Rainshoes - 42 (9) 6000BLK,Curtains & Blinds,,6000BLK,,,PENDING,,,,,,,,,,,,,,,,,PENDING,pending,needs_permission,,,,RETRY_RESEARCHED_PENDING
3296,SHE-CAB-CB799,UNIT,Cabana Glass Shelf (25CM),Building Materials,,CB799,,,PENDING,,,,,,,,,,,,,,,,,PENDING,pending,needs_permission,,,,RETRY_RESEARCHED_PENDING
3297,SHH-BELL-SINGL-PSC115,PCS,Single Fishing Bell PSC115,Fishing & Tackle,,PSC115,,,PENDING,,,,,,,,,,,,,,,,,PENDING,pending,needs_permission,,,,RETRY_RESEARCHED_PENDING
3298,"TOO-BUTE-CLMP-CT8-32MM 1""",PCS,"32MM (1"") Bute Clamp Tool - CT-8",Hand Tools,,CT-8,,,PENDING,,,,,,,,,,,,,,,,,PENDING,pending,needs_permission,,,,RETRY_RESEARCHED_PENDING
3299,TOO-COM-W0287B-09MM,PCS,Com Ratchet Wrench 09MM,Hand Tools,,W0287B,,,PENDING,,,,,,,,,,,,,,,,,PENDING,pending,needs_permission,,,,RETRY_RESEARCHED_PENDING
3300,"TOO-DRV-STA-PH0-1/8""X5""",PCS,"Cushion Grip S/dr PHILIPS-1/8""X5""X0PT ( 0X125MM)",Power Tools,,PHILIPS-1/8,,,PENDING,,,,,,,,,,,,,,,,,PENDING,pending,needs_permission,,,,RETRY_RESEARCHED_PENDING
3301,"TOO-DRV-STA-PH0-1/8""X6""-9960651600",PCS,"Cushion Grip S/dr PHILIPS-1/8""X6""X0PT ( 0X150MM)",Power Tools,,PHILIPS-1/8,,,PENDING,,,,,,,,,,,,,,,,,PENDING,pending,needs_permission,,,,RETRY_RESEARCHED_PENDING
3303,TOO-ELE-TES-PEN-K1304,PCS,Kakc Test Pen,Power Tools,,K1304,,,PENDING,,,,,,,,,,,,,,,,,PENDING,pending,needs_permission,,,,RETRY_RESEARCHED_PENDING
3304,TOO-TYR-LEV-W0014C,PCS,"Type Lever 20""/500MM",Power Tools,,W0014C,,,PENDING,,,,,,,,,,,,,,,,,PENDING,pending,needs_permission,,,,RETRY_RESEARCHED_PENDING
3306,WAS-TAP-PAI,PCS,Washi Tape 24MMX15M,Other,,24MMX15M,,,PENDING,,,,,,,,,,,,,,,,,PENDING,pending,needs_permission,,,,RETRY_RESEARCHED_PENDING
3307,BNW-B&N-RBN-215-BOX,BOX,Sr G. I Boit & Nut 1/4 X 1 1/2 (box),Fasteners & Fixings,,RBN-215,,,PENDING,,,,,,,,,,,,,,,,,PENDING,pending,needs_permission,,,,RETRY_RESEARCHED_PENDING
3308,BNW-BOL-SS304-M10-30MM,PCS,SS 304 Bolt - M10 X 30MM,Fasteners & Fixings,,M10,,,PENDING,,,,,,,,,,,,,,,,,PENDING,pending,needs_permission,,,,RETRY_RESEARCHED_PENDING
3309,BNW-BOL-SS304-M12-25MM,PCS,SS 304 Bolt - M12 X 25MM,Fasteners & Fixings,,M12,,,PENDING,,,,,,,,,,,,,,,,,PENDING,pending,needs_permission,,,,RETRY_RESEARCHED_PENDING
3310,"BRA-SHE-YG782-10""",PAIR,White H/duty Shelf Bracket 10,Housewares,,YG782,,,PENDING,,,,,,,,,,,,,,,,,PENDING,pending,needs_permission,,,,RETRY_RESEARCHED_PENDING
3311,"CLI-HOS-GP-3/4""",PCS,Gp S/steel Hose CLIP-3/4 (13-19MM),Outdoor & Garden,,CLIP-3/4,,,PENDING,,,,,,,,,,,,,,,,,PENDING,pending,needs_permission,,,,RETRY_RESEARCHED_PENDING
3312,DOR-ROL-TYSON-TY505,PCS,Tyson Sliding Roller,Doors & Hardware,,TY505,,,PENDING,,,,,,,,,,,,,,,,,PENDING,pending,needs_permission,,,,RETRY_RESEARCHED_PENDING
3313,DOR-VIE-SGD-DV3779AC,PCS,AC St. Guchi Door Viewer 180,Doors & Hardware,,SGAC-DV3779,,,PENDING,,,,,,,,,,,,,,,,,PENDING,pending,needs_permission,,,,RETRY_RESEARCHED_PENDING
3314,ELE-D/L-MGM-MQTL2048-3000K,PCS,Mgm 2 1/2 7W Eye Ball Ww,Electrical,,MQTL2048,,,PENDING,,,,,,,,,,,,,,,,,PENDING,pending,needs_permission,,,,RETRY_RESEARCHED_PENDING
3315,"FAS-RIV-PAT-1/8""X3/4""-BOX",BOX,Blind Rivet: Jaguar 1/8 X 3/4 (1000PCS/BOX),Fasteners & Fixings,,1000PCS/BOX,,,PENDING,,,,,,,,,,,,,,,,,PENDING,pending,needs_permission,,,,RETRY_RESEARCHED_PENDING
3316,FLO-PVC-27y082-06-25MTR,ROLL,Wangsaga Floor Mat Linoleum 27Y465-16,Flooring,,27Y465-16,,,PENDING,,,,,,,,,,,,,,,,,PENDING,pending,needs_permission,,,,RETRY_RESEARCHED_PENDING
3317,FLO-PVC-27y279-14-25MTR,ROLL,Wangsaga Floor Mat Linoleum 27Y496-10,Flooring,,27Y496-10,,,PENDING,,,,,,,,,,,,,,,,,PENDING,pending,needs_permission,,,,RETRY_RESEARCHED_PENDING
3318,FLO-PVC-27y384-02-25MTR,ROLL,Wangsaga Floor Mat Linoleum 27Y 396-17,Flooring,,27Y,,,PENDING,,,,,,,,,,,,,,,,,PENDING,pending,needs_permission,,,,RETRY_RESEARCHED_PENDING
3319,FLO-PVC-27y399-03-25MTR,ROLL,Wangsaga Floor Mat Linoleum 27Y 042-10,Flooring,,27Y,,,PENDING,,,,,,,,,,,,,,,,,PENDING,pending,needs_permission,,,,RETRY_RESEARCHED_PENDING
3320,FLO-PVC-27y410-11-25MTR,ROLL,Wangsaga Floor Mat Linoleum 27Y 404-04,Flooring,,27Y,,,PENDING,,,,,,,,,,,,,,,,,PENDING,pending,needs_permission,,,,RETRY_RESEARCHED_PENDING
3321,FLO-PVC-27y465-01-25MTR,ROLL,Wangsaga Floor Mat Linoleum 27Y 311-04,Flooring,,27Y,,,PENDING,,,,,,,,,,,,,,,,,PENDING,pending,needs_permission,,,,RETRY_RESEARCHED_PENDING
3322,FOAM-PU-VT268,PCS,V-tech Pu Foam 750ML,Other,,VT268,,,PENDING,,,,,,,,,,,,,,,,,PENDING,pending,needs_permission,,,,RETRY_RESEARCHED_PENDING
3323,GAR-SHE-JM202,PCS,Jayamata Pruning Shear 7-1/2,Outdoor & Garden,,JM-202,,,PENDING,,,,,,,,,,,,,,,,,PENDING,pending,needs_permission,,,,RETRY_RESEARCHED_PENDING
3325,HDPE-VAL-BAL-PP-COMP-MALE-25MM,PCS,PP Compression Ballvalve Male- 25MMX3/4,Other,,25MMX3/4,,,PENDING,,,,,,,,,,,,,,,,,PENDING,pending,needs_permission,,,,RETRY_RESEARCHED_PENDING
3327,HHD-TOI-PAP-HOL-YG474,PCS,S/steel Toilet Paper,Bathroom,,YG474,,,PENDING,,,,,,,,,,,,,,,,,PENDING,pending,needs_permission,,,,RETRY_RESEARCHED_PENDING
3328,HOS-HOL-EAG-EG3100,PCS,Eagle Plastic Hose Holder,Outdoor & Garden,,EG-3100,,,PENDING,,,,,,,,,,,,,,,,,PENDING,pending,needs_permission,,,,RETRY_RESEARCHED_PENDING
3329,"IND-CAS-SWI-LSC-2""",PCS,2 DL5 Tpe L Base Swivel Caster,Fishing & Tackle,,DL5,,,PENDING,,,,,,,,,,,,,,,,,PENDING,pending,needs_permission,,,,RETRY_RESEARCHED_PENDING
3330,INS-IS6082-BWL-250,NOS,Close Couple Wash Down WC,Plumbing,,S-TRAP-250MM,,,PENDING,,,,,,,,,,,,,,,,,PENDING,pending,needs_permission,,,,RETRY_RESEARCHED_PENDING
3331,LAD-ALU-WORKER-SS10,UNIT,Worker SS10 S/side Alum. Ladder (LDS10-MF),Ladders & Access,,SS10,,,PENDING,,,,,,,,,,,,,,,,,PENDING,pending,needs_permission,,,,RETRY_RESEARCHED_PENDING
3332,LOC-GLO-BRA-GLBBC30,PCS,Glocks Brass Padlock GLBBC30,Locks & Security,,GLBBC30,,,PENDING,,,,,,,,,,,,,,,,,PENDING,pending,needs_permission,,,,RETRY_RESEARCHED_PENDING
3333,MEA-TAP-STA-POW-8.0M,PCS,8M/26 X 1 Powerlock Tape Ruler,Hand Tools,,8M/26,,,PENDING,,,,,,,,,,,,,,,,,PENDING,pending,needs_permission,,,,RETRY_RESEARCHED_PENDING
3334,NAIL-TUFTING-TN-8225-BOX,BOX,U Clip Tufting Nail 25MM X 8.5MM (80PCS/BOX),Fasteners & Fixings,,80PCS/BOX,,,PENDING,,,,,,,,,,,,,,,,,PENDING,pending,needs_permission,,,,RETRY_RESEARCHED_PENDING
3335,ROO-FEL-1MX10M,ROLLS,1M X 10M Roofling Felt,Building Materials,,30LBS,,,PENDING,,,,,,,,,,,,,,,,,PENDING,pending,needs_permission,,,,RETRY_RESEARCHED_PENDING
3338,SHH-SINKER-NO.5,PCS,Single Head Sinker No. 5 (1PCS/PCK),Fishing & Tackle,,1PCS/PCK,,,PENDING,,,,,,,,,,,,,,,,,PENDING,pending,needs_permission,,,,RETRY_RESEARCHED_PENDING
3340,TOO-PLI-DIA-D306-150MM,PCS,D306 Diagonal Pliers 150MM,Power Tools,,D306,,,PENDING,,,,,,,,,,,,,,,,,PENDING,pending,needs_permission,,,,RETRY_RESEARCHED_PENDING
3342,X-INS-6015,NOS,Leece One Piece Water Closet - S Trap,Plumbing,,IS6015,,,PENDING,,,,,,,,,,,,,,,,,PENDING,pending,needs_permission,,,,RETRY_RESEARCHED_PENDING
3343,CUT-ELE-EFM430,PCS,Gold Elephant Flexible Grinding Disc,Abrasives & Cutting,,EFM-430,,,PENDING,,,,,,,,,,,,,,,,,PENDING,pending,needs_permission,,,,RETRY_RESEARCHED_PENDING
3345,"FAS-SCR-TAP-CSK-10#1""-BOX",BOX,10 X1 Csk Self Tapping Screw-flat Head (500PCS/BOX),Fasteners & Fixings,,500PCS/BOX,,,PENDING,,,,,,,,,,,,,,,,,PENDING,pending,needs_permission,,,,RETRY_RESEARCHED_PENDING
3347,"IND-CAS-FIX-1.25""",PCS,1.25 DL5 Tpe Fixed Caster,Building Materials,,DL5,,,PENDING,,,,,,,,,,,,,,,,,PENDING,pending,needs_permission,,,,RETRY_RESEARCHED_PENDING
3348,LAD-ALU-WOR-AP-2405,UNIT,Worker 05 Step Household Step Alum. Ladder,Ladders & Access,,AP-2405,,,PENDING,,,,,,,,,,,,,,,,,PENDING,pending,needs_permission,,,,RETRY_RESEARCHED_PENDING
3349,LOC-APL-110-40MM-KA2PCS-S/S,SET,Armor S/steel Padlock APL-110-40MM KA2PCS SUS-304,Locks & Security,,APL-110-40MM,,,PENDING,,,,,,,,,,,,,,,,,PENDING,pending,needs_permission,,,,RETRY_RESEARCHED_PENDING
3350,MEA-TAP-CHTR-3002,PCS,Takado Measuring Tape PVC Case 7.5M X 25MM,Hand Tools,,CHTR-3002,,,PENDING,,,,,,,,,,,,,,,,,PENDING,pending,needs_permission,,,,RETRY_RESEARCHED_PENDING
3352,PAI-SPR-PMT-030,CAN,Paint Master Spray Paint - No. 30 Peach Red,Paint & Sundries,,NO.30,,,PENDING,,,,,,,,,,,,,,,,,PENDING,pending,needs_permission,,,,RETRY_RESEARCHED_PENDING
3353,PAI-SPR-PMT-035,CAN,Paint Master Spray Paint - No. 35 Gold,Paint & Sundries,,NO.35,,,PENDING,,,,,,,,,,,,,,,,,PENDING,pending,needs_permission,,,,RETRY_RESEARCHED_PENDING
3354,PAI-SPR-PMT-142,CAN,Paint Master Spray Paint - No. 142 Anti-rust Brown,Paint & Sundries,,NO.142,,,PENDING,,,,,,,,,,,,,,,,,PENDING,pending,needs_permission,,,,RETRY_RESEARCHED_PENDING
3355,RAI-BOO-KRK-Y43#,PAIR,Rainshoes - 43 (10) 7000YLW,Curtains & Blinds,,7000YLW,,,PENDING,,,,,,,,,,,,,,,,,PENDING,pending,needs_permission,,,,RETRY_RESEARCHED_PENDING
3356,SCA-CAM-EI02HS-3KG,PCS,Camry-digital Weighing Scale,Housewares,,EI-02HS/EI-3-02HS/3KG,,,PENDING,,,,,,,,,,,,,,,,,PENDING,pending,needs_permission,,,,RETRY_RESEARCHED_PENDING
3357,SHH-FOA-FLO-FF0225,PCS,X 17MM Exori Foam Float,Fishing & Tackle,,FF02-25,,,PENDING,,,,,,,,,,,,,,,,,PENDING,pending,needs_permission,,,,RETRY_RESEARCHED_PENDING
3358,SHH-FOA-FLO-FF0230,PKT,X 20MM Exori Foam Float,Fishing & Tackle,,FF02-30,,,PENDING,,,,,,,,,,,,,,,,,PENDING,pending,needs_permission,,,,RETRY_RESEARCHED_PENDING
3359,SHH-FOA-FLO-FF0235,PKT,X 22MM Exori Foam Float,Fishing & Tackle,,FF02-35,,,PENDING,,,,,,,,,,,,,,,,,PENDING,pending,needs_permission,,,,RETRY_RESEARCHED_PENDING
3360,SHH-FOA-FLO-FF0240,PKT,X 24MM Exori Foam Float,Fishing & Tackle,,FF02-40,,,PENDING,,,,,,,,,,,,,,,,,PENDING,pending,needs_permission,,,,RETRY_RESEARCHED_PENDING
3361,SWI-ADA-MS3106N,PCS,Morries Uk Plug Travel Adaptor,Electrical,,MS3106N,,,PENDING,,,,,,,,,,,,,,,,,PENDING,pending,needs_permission,,,,RETRY_RESEARCHED_PENDING
3362,SWI-SH387-4MM,PCS,S/s Swivels 4MM (double Eyes),Electrical,,SH387,,,PENDING,,,,,,,,,,,,,,,,,PENDING,pending,needs_permission,,,,RETRY_RESEARCHED_PENDING
3363,TOO-DRV-STA-3X150MM-9960651830,PCS,"Cushion Grip S/dr Std - (1/8""X6"")",Power Tools,,3X150MM,,,PENDING,,,,,,,,,,,,,,,,,PENDING,pending,needs_permission,,,,RETRY_RESEARCHED_PENDING
3364,TOO-ELE-TES-PEN-W0226,PCS,Auto Motive Circuit Tester,Power Tools,,W0226,,,PENDING,,,,,,,,,,,,,,,,,PENDING,pending,needs_permission,,,,RETRY_RESEARCHED_PENDING
3365,WEL-REG-IW-23CR,PCS,I-weld CO2 Regulator,Welding,,CO2,,,PENDING,,,,,,,,,,,,,,,,,PENDING,pending,needs_permission,,,,RETRY_RESEARCHED_PENDING
3366,BAT-STA-SB204,PCS,Battery Lithium-ion V20 4.0AH,Electrical,,V20,,,PENDING,,,,,,,,,,,,,,,,,PENDING,pending,needs_permission,,,,RETRY_RESEARCHED_PENDING
3367,"CLI-HOS-GP-5""",PCS,Gp S/steel Hose CLIP-5 (76-127MM),Outdoor & Garden,,CLIP-5,,,PENDING,,,,,,,,,,,,,,,,,PENDING,pending,needs_permission,,,,RETRY_RESEARCHED_PENDING
3370,"FAS-SCR-DRY-BLA-6#1-1/2""BOX",BOX,Hunter/bk - Drywall Screw 6,Fasteners & Fixings,,6#X1-1/2,,,PENDING,,,,,,,,,,,,,,,,,PENDING,pending,needs_permission,,,,RETRY_RESEARCHED_PENDING
3371,GAR-RAK-MET-22T,PCS,22T Metal Rake,Outdoor & Garden,,22T,,,PENDING,,,,,,,,,,,,,,,,,PENDING,pending,needs_permission,,,,RETRY_RESEARCHED_PENDING
3372,HOO-CAB-CB8006-3,UNIT,Cabana 3 Robe Hook (satin) CB8006-3,Doors & Hardware,,CB8006-3,,,PENDING,,,,,,,,,,,,,,,,,PENDING,pending,needs_permission,,,,RETRY_RESEARCHED_PENDING
3373,"HOS-FLE-VIP-PP18""",PCS,PP-18 White Nylon Vip Flexible Tube,Outdoor & Garden,,PP-18,,,PENDING,,,,,,,,,,,,,,,,,PENDING,pending,needs_permission,,,,RETRY_RESEARCHED_PENDING
3374,HOS-REL-EAG-3050/DL,PCS,Eagle Hose Reel Trolley (3050/DL),Fishing & Tackle,,3050/DL,,,PENDING,,,,,,,,,,,,,,,,,PENDING,pending,needs_permission,,,,RETRY_RESEARCHED_PENDING
3375,"IND-CAS-SWI-LSCB-2""",PCS,2 DL5 Tpe L Base Swivel Caster W Brake,Fishing & Tackle,,DL5,,,PENDING,,,,,,,,,,,,,,,,,PENDING,pending,needs_permission,,,,RETRY_RESEARCHED_PENDING
3377,LOC-COL-TA401,PCS,Colex Single Titanium Coated Padlock TA-401,Locks & Security,,TA-401,,,PENDING,,,,,,,,,,,,,,,,,PENDING,pending,needs_permission,,,,RETRY_RESEARCHED_PENDING
3378,LOC-COL-ZA401,PCS,Safety Chrome Plated Padlock ZA-401,Safety & Workwear,,ZA-401,,,PENDING,,,,,,,,,,,,,,,,,PENDING,pending,needs_permission,,,,RETRY_RESEARCHED_PENDING
3379,LOC-ENT-EPO-H041/SC,SET,Epo Entrance Lock Set (H041/SC),Locks & Security,,H041/SC,,,PENDING,,,,,,,,,,,,,,,,,PENDING,pending,needs_permission,,,,RETRY_RESEARCHED_PENDING
3380,RAI-BOO-KRK-B38M,PAIR,Rainshoes - 38 (5) 6000BLK,Curtains & Blinds,,6000BLK,,,PENDING,,,,,,,,,,,,,,,,,PENDING,pending,needs_permission,,,,RETRY_RESEARCHED_PENDING
3381,RAI-BOO-KRK-B43M,PAIR,Rainshoes - 43 (10) 6000BLK,Curtains & Blinds,,6000BLK,,,PENDING,,,,,,,,,,,,,,,,,PENDING,pending,needs_permission,,,,RETRY_RESEARCHED_PENDING
3382,RIV-HAND-HR008,PCS,Hand Riveter - Jp,Other,,HR008,,,PENDING,,,,,,,,,,,,,,,,,PENDING,pending,needs_permission,,,,RETRY_RESEARCHED_PENDING
3383,SAF-SHO-NK85-6,PAIR,Neuking NK85 Black 06,Safety & Workwear,,NK85,,,PENDING,,,,,,,,,,,,,,,,,PENDING,pending,needs_permission,,,,RETRY_RESEARCHED_PENDING
3384,SAF-SHO-NK85-9,PAIR,Neuking NK85 Black 09,Safety & Workwear,,NK85,,,PENDING,,,,,,,,,,,,,,,,,PENDING,pending,needs_permission,,,,RETRY_RESEARCHED_PENDING
3385,SWI-SOC-ULT-M021MG,PCS,Ultra 16A 2 GANG 1 Way-matte Grey (M021MG),Electrical,,M021MG,,,PENDING,,,,,,,,,,,,,,,,,PENDING,pending,needs_permission,,,,RETRY_RESEARCHED_PENDING
3386,TOI-TRP-C101S-WHT,NOS,Water Closet S Trap - White,Plumbing,,C101S,,,PENDING,,,,,,,,,,,,,,,,,PENDING,pending,needs_permission,,,,RETRY_RESEARCHED_PENDING
3387,TOO-WRE-1EMHT020,PCS,Eastman 3/4 Square Tap Handle,Doors & Hardware,,E0074,,,PENDING,,,,,,,,,,,,,,,,,PENDING,pending,needs_permission,,,,RETRY_RESEARCHED_PENDING
3389,X-GAR-CHI-JM-24,PCS,Jayamata T-shape Oil Palm Harvesting Hook,Power Tools,,JM-24,,,PENDING,,,,,,,,,,,,,,,,,PENDING,pending,needs_permission,,,,RETRY_RESEARCHED_PENDING
3390,ANG-EAV901SS,PCS,Eav 901 SS Elise Double Open Angle (SUS304),Other,,SUS304,,,PENDING,,,,,,,,,,,,,,,,,PENDING,pending,needs_permission,,,,RETRY_RESEARCHED_PENDING
3391,ANT-KILL-BAIT,PCK,Ant Killing Bait 35GM,Other,,35GM,,,PENDING,,,,,,,,,,,,,,,,,PENDING,pending,needs_permission,,,,RETRY_RESEARCHED_PENDING
3392,BEA-PUL-EAS-E0061,PCS,Altea X 6 Bearing Puller,Other,,E0061,,,PENDING,,,,,,,,,,,,,,,,,PENDING,pending,needs_permission,,,,RETRY_RESEARCHED_PENDING
3393,BNW-B&N-RBN-212-BOX,BOX,Sr G. I Boit & Nut 1/4 X 1 1/4 (box),Fasteners & Fixings,,RBN-212,,,PENDING,,,,,,,,,,,,,,,,,PENDING,pending,needs_permission,,,,RETRY_RESEARCHED_PENDING
3394,BNW-B&N-RBN-230-BOX,BOX,Sr G. I Boit & Nut 1/4 X 3 (box),Fasteners & Fixings,,RBN-230,,,PENDING,,,,,,,,,,,,,,,,,PENDING,pending,needs_permission,,,,RETRY_RESEARCHED_PENDING
3395,BROO-HOO-CLIP4H3C,PCS,DL5 Sus 304 4 Hook Broom Holder,Housewares,,DL5,,,PENDING,,,,,,,,,,,,,,,,,PENDING,pending,needs_permission,,,,RETRY_RESEARCHED_PENDING
3396,CHA-PVC-BEL-G6MM,MTR,Cn/kh PVC (green),"Rope, Chain & Netting",,CHAIN-6MM,,,PENDING,,,,,,,,,,,,,,,,,PENDING,pending,needs_permission,,,,RETRY_RESEARCHED_PENDING
3397,CLI-ELE-CAB-18MM40S,BOX,Cable Clip 18MM/40'S,Electrical,,18MM/40,,,PENDING,,,,,,,,,,,,,,,,,PENDING,pending,needs_permission,,,,RETRY_RESEARCHED_PENDING
3398,"CLI-HOS-GP-7/8""",PCS,Gp S/steel Hose Clip - 7/8 (13-23MM),Outdoor & Garden,,13-23MM,,,PENDING,,,,,,,,,,,,,,,,,PENDING,pending,needs_permission,,,,RETRY_RESEARCHED_PENDING
3399,"CUT-DIS-S400-4""",PCS,Sawman S400 Diamond Wheel 4,Abrasives & Cutting,,S400,,,PENDING,,,,,,,,,,,,,,,,,PENDING,pending,needs_permission,,,,RETRY_RESEARCHED_PENDING
3400,CUT-SAW-MFS300,UNIT,(300W) Power Action Multi Function Saw,Abrasives & Cutting,,MFS300,,,PENDING,,,,,,,,,,,,,,,,,PENDING,pending,needs_permission,,,,RETRY_RESEARCHED_PENDING
3402,ELE-CAB-WIR-ASIA-2.5Y*,MTR,"Asia PVC Cable, Yellow - MTR",Electrical,,2.5MM2,,,PENDING,,,,,,,,,,,,,,,,,PENDING,pending,needs_permission,,,,RETRY_RESEARCHED_PENDING
3403,ELE-HOL-SE3831,PCS,Kingsway E27 Wedge Holder,Electrical,,E27,,,PENDING,,,,,,,,,,,,,,,,,PENDING,pending,needs_permission,,,,RETRY_RESEARCHED_PENDING
3404,ELE-SOL-TIN100250G,PCS,Vison Soldering Wire,Electrical,,0.8X100G,,,PENDING,,,,,,,,,,,,,,,,,PENDING,pending,needs_permission,,,,RETRY_RESEARCHED_PENDING
3405,"FAS-RIV-PAT-3/16""X3/4""-BOX",BOX,Blind Rivet: Jaguar 3/16 X 3/4 (500PCS/BOX),Fasteners & Fixings,,500PCS/BOX,,,PENDING,,,,,,,,,,,,,,,,,PENDING,pending,needs_permission,,,,RETRY_RESEARCHED_PENDING
3406,"FAS-SCR-DRY-BLA-6#3/4""-BOX",BOX,Hunter/bk - Drywall Screw 6 X3/4,Fasteners & Fixings,,X3/4,,,PENDING,,,,,,,,,,,,,,,,,PENDING,pending,needs_permission,,,,RETRY_RESEARCHED_PENDING
3407,HAT-STR-CM042,PCS,42CM Straw Hat,Other,,CM042,,,PENDING,,,,,,,,,,,,,,,,,PENDING,pending,needs_permission,,,,RETRY_RESEARCHED_PENDING
3408,HOL-NYL-SIC-JM-555,PCS,Jayamata Harvesting Palm Oil Clip Poles Sickle Nylon Holder 8.5,Outdoor & Garden,,JM-555,,,PENDING,,,,,,,,,,,,,,,,,PENDING,pending,needs_permission,,,,RETRY_RESEARCHED_PENDING
3409,"HOS-FLE-VIP-PP14""",PCS,PP-14 White Nylon Vip Flexible Tube,Outdoor & Garden,,PP-14,,,PENDING,,,,,,,,,,,,,,,,,PENDING,pending,needs_permission,,,,RETRY_RESEARCHED_PENDING
3410,PLA-BAG-W500-0812,PACK,8 X 12 X Tbag,Packaging,,WHITE/500G,,,PENDING,,,,,,,,,,,,,,,,,PENDING,pending,needs_permission,,,,RETRY_RESEARCHED_PENDING
3411,"TOO-CLA-F-BLI-10""",PCS,Blimax Quick Release F CLAMP-10,Hand Tools,,CLAMP-10,,,PENDING,,,,,,,,,,,,,,,,,PENDING,pending,needs_permission,,,,RETRY_RESEARCHED_PENDING
3412,TOO-DRI-ADA-13MM-3PCS,PCS,Sr Drill Chuck & Key Set,Power Tools,,3PC-13MM,,,PENDING,,,,,,,,,,,,,,,,,PENDING,pending,needs_permission,,,,RETRY_RESEARCHED_PENDING
3413,TOO-DRV-STA-5X150MM,PCS,"Cushion Grip S/dr Std - (3/16""X6"")",Power Tools,,5X150MM,,,PENDING,,,,,,,,,,,,,,,,,PENDING,pending,needs_permission,,,,RETRY_RESEARCHED_PENDING
3414,TOO-HAN-LW0017,PCS,1/2 L-type Handle,Doors & Hardware,,W0017,,,PENDING,,,,,,,,,,,,,,,,,PENDING,pending,needs_permission,,,,RETRY_RESEARCHED_PENDING
3415,TOO-SCR-EXT-W0612,SET,6PCS Screw Extractor,Fasteners & Fixings,,W0612,,,PENDING,,,,,,,,,,,,,,,,,PENDING,pending,needs_permission,,,,RETRY_RESEARCHED_PENDING
3416,TOO-WRE-KEY-MD06218,SETS,Mdsi (MD-06218) Colourful Extra Long Hex. Key Wrench,Hand Tools,,MD-06218,,,PENDING,,,,,,,,,,,,,,,,,PENDING,pending,needs_permission,,,,RETRY_RESEARCHED_PENDING
3417,X-FAS-SCR-ZPH-DSMHO525-BOX,BOX,Sr Zph Self Drilling Screw (1000PCS/BOX) DSM-HO525,Fasteners & Fixings,,1000PCS/BOX,,,PENDING,,,,,,,,,,,,,,,,,PENDING,pending,needs_permission,,,,RETRY_RESEARCHED_PENDING
3419,CUT-PIP-W201APVC,PCS,PVC Pipe Cutter,Plumbing,,W201A,,,PENDING,,,,,,,,,,,,,,,,,PENDING,pending,needs_permission,,,,RETRY_RESEARCHED_PENDING
3420,CUT-SCI-SK5-00903H,PCS,Mn 8 SK5 Steel H/d Ind-scissors,Abrasives & Cutting,,SK5,,,PENDING,,,,,,,,,,,,,,,,,PENDING,pending,needs_permission,,,,RETRY_RESEARCHED_PENDING
3421,ELE-ADA-EE2714,PCS,E27 To E14 Bakelite Spring Lamp Adaptor (bk),Lighting,,E27,,,PENDING,,,,,,,,,,,,,,,,,PENDING,pending,needs_permission,,,,RETRY_RESEARCHED_PENDING
3422,FAS-RIV-PAT-5/32X3/4-BOX,BOX,Blind Rivet: Jaguar 5/32 X 3/4 (500PCS/BOX),Fasteners & Fixings,,500PCS/BOX,,,PENDING,,,,,,,,,,,,,,,,,PENDING,pending,needs_permission,,,,RETRY_RESEARCHED_PENDING
3423,FAS-RIV-PAT-5/32X3/8-BOX,BOX,Blind Rivet: Jaguar 5/32 X 3/8 (1000PCS/BOX),Fasteners & Fixings,,1000PCS/BOX,,,PENDING,,,,,,,,,,,,,,,,,PENDING,pending,needs_permission,,,,RETRY_RESEARCHED_PENDING
3424,"FAS-SCR-DRY-WHI-6#2""-BOX",BOX,Hunter/wh - Drywall Screw 6 X2,Fasteners & Fixings,,6#X2,,,PENDING,,,,,,,,,,,,,,,,,PENDING,pending,needs_permission,,,,RETRY_RESEARCHED_PENDING
3425,FLO-PVC-H030-4,ROLL,Zirafah PVC Flooring H020-7,Flooring,,H020-7,,,PENDING,,,,,,,,,,,,,,,,,PENDING,pending,needs_permission,,,,RETRY_RESEARCHED_PENDING
3426,FLO-PVC-NO-H015-4,ROLL,Zirafah PVC Flooring H162-7,Flooring,,H162-7,,,PENDING,,,,,,,,,,,,,,,,,PENDING,pending,needs_permission,,,,RETRY_RESEARCHED_PENDING
3428,HOS-GAR-SET-GHR02LB,SET,Maya Hose Reel Thailand,Fishing & Tackle,,SET-GHR02LB-20M,,,PENDING,,,,,,,,,,,,,,,,,PENDING,pending,needs_permission,,,,RETRY_RESEARCHED_PENDING
3429,IND-CAS-DL5-KRW-150,PCS,6 DL5 Yellow Blue H/duty Wheel Only,Building Materials,,DL5,,,PENDING,,,,,,,,,,,,,,,,,PENDING,pending,needs_permission,,,,RETRY_RESEARCHED_PENDING
3430,INK-POT-TC250,PCS,TC250 Big Ink Pot,Other,,TC250,,,PENDING,,,,,,,,,,,,,,,,,PENDING,pending,needs_permission,,,,RETRY_RESEARCHED_PENDING
3432,NP-BAR-BS14051-1L,UNIT,1L Bintang Automotive Refinish Chili Red (premixed),Automotive,,BS14051,,,PENDING,,,,,,,,,,,,,,,,,PENDING,pending,needs_permission,,,,RETRY_RESEARCHED_PENDING
3435,PAI-SPR-PMT-131,CAN,Paint Master Spray Paint - No. 131 Suzuki Red,Paint & Sundries,,NO.131,,,PENDING,,,,,,,,,,,,,,,,,PENDING,pending,needs_permission,,,,RETRY_RESEARCHED_PENDING
3436,RAI-BOO-KRK-B42M9000,PAIR,Korakoh Rain Shoes Blk - 9/42,Curtains & Blinds,,M9000,,,PENDING,,,,,,,,,,,,,,,,,PENDING,pending,needs_permission,,,,RETRY_RESEARCHED_PENDING
3437,SHH-FISH-NET-0.15D-40MM-30MD/6A,PCS,40MM (180/5),Fishing & Tackle,,0.15D,,,PENDING,,,,,,,,,,,,,,,,,PENDING,pending,needs_permission,,,,RETRY_RESEARCHED_PENDING
3438,SHH-FISH-NET-0.15D-70MM-30MD/6A,PCS,70MM (180/5),Fishing & Tackle,,0.15D,,,PENDING,,,,,,,,,,,,,,,,,PENDING,pending,needs_permission,,,,RETRY_RESEARCHED_PENDING
3442,WEL-ELE-J38.12-3.2MM,PCK,Welding Electrode X 3.2MM (PCK),Welding,,J38.12,,,PENDING,,,,,,,,,,,,,,,,,PENDING,pending,needs_permission,,,,RETRY_RESEARCHED_PENDING
3443,X-GUM-HAR-HA2000C,PCS,Silicon Hardex G/p Clear,Power Tools,,HA-2000C,,,PENDING,,,,,,,,,,,,,,,,,PENDING,pending,needs_permission,,,,RETRY_RESEARCHED_PENDING
3444,X-LEO-SUS304-S/S-L333,PCS,Leon Sus 304 S/steel 2 Way,Power Tools,,TAP-L333,,,PENDING,,,,,,,,,,,,,,,,,PENDING,pending,needs_permission,,,,RETRY_RESEARCHED_PENDING
3445,BNW-BOL-SS304-M10-35MM,PCS,SS 304 Bolt - M10 X 35MM,Fasteners & Fixings,,M10,,,PENDING,,,,,,,,,,,,,,,,,PENDING,pending,needs_permission,,,,RETRY_RESEARCHED_PENDING
3446,"BRU-CUP-3""-MR.MARK",PCS,Mr. Mark M10 X 1.5 Cup Brush,Other,,M10,,,PENDING,,,,,,,,,,,,,,,,,PENDING,pending,needs_permission,,,,RETRY_RESEARCHED_PENDING
3448,FAS-SCR-DS516HOW-BOX,BOX,10 X 5/8 Lion King Self-drilling Screw,Fasteners & Fixings,,DS516HOW,,,PENDING,,,,,,,,,,,,,,,,,PENDING,pending,needs_permission,,,,RETRY_RESEARCHED_PENDING
3449,"FAS-SCR-P/H-3/4"" X 8#",PCK,Sr P/h Self Drilling Screw 3/4 X 8 (20PCS/PCK),Fasteners & Fixings,,20PCS/PCK,,,PENDING,,,,,,,,,,,,,,,,,PENDING,pending,needs_permission,,,,RETRY_RESEARCHED_PENDING
3450,GAR-CHI-JM-25,PCS,Jayamata T-shape Oil Palm Har Hook 14,Outdoor & Garden,,JM-25,,,PENDING,,,,,,,,,,,,,,,,,PENDING,pending,needs_permission,,,,RETRY_RESEARCHED_PENDING
3451,GAR-SHO-12072,PCS,Gt 607R Shovel Rubber Handle-h/duty,Doors & Hardware,,607R,,,PENDING,,,,,,,,,,,,,,,,,PENDING,pending,needs_permission,,,,RETRY_RESEARCHED_PENDING
3454,HOS-CON-MEN-40200012,PCS,Ecogreen- Hose Mender / 1/2,Outdoor & Garden,,EG4035,,,PENDING,,,,,,,,,,,,,,,,,PENDING,pending,needs_permission,,,,RETRY_RESEARCHED_PENDING
3455,LOC-COL-ZA501,PCS,Safety Chrome Plated Padlock ZA-501,Safety & Workwear,,ZA-501,,,PENDING,,,,,,,,,,,,,,,,,PENDING,pending,needs_permission,,,,RETRY_RESEARCHED_PENDING
3456,RAI-BOO-KRK-B40M,PAIR,Rainshoes - 40 (7) 6000BLK,Curtains & Blinds,,6000BLK,,,PENDING,,,,,,,,,,,,,,,,,PENDING,pending,needs_permission,,,,RETRY_RESEARCHED_PENDING
3457,SAF-SHO-NK86-07,PAIR,Neuking NK86 Black 07,Safety & Workwear,,NK86,,,PENDING,,,,,,,,,,,,,,,,,PENDING,pending,needs_permission,,,,RETRY_RESEARCHED_PENDING
3458,SAF-SHO-NK86-08,PAIR,Neuking NK86 Black 08,Safety & Workwear,,NK86,,,PENDING,,,,,,,,,,,,,,,,,PENDING,pending,needs_permission,,,,RETRY_RESEARCHED_PENDING
3459,SAF-SHO-NK86-10,PAIR,Neuking NK86 Black 10,Safety & Workwear,,NK86,,,PENDING,,,,,,,,,,,,,,,,,PENDING,pending,needs_permission,,,,RETRY_RESEARCHED_PENDING
3460,TOO-DRV-PRE-7391B,SET,Precision Screw Driver (+/-),Fasteners & Fixings,,7391B,,,PENDING,,,,,,,,,,,,,,,,,PENDING,pending,needs_permission,,,,RETRY_RESEARCHED_PENDING
3461,TOO-EXT-BARW0015B,PCS,1/2 Extension Bars 250MM,Electrical,,W0015B,,,PENDING,,,,,,,,,,,,,,,,,PENDING,pending,needs_permission,,,,RETRY_RESEARCHED_PENDING
3462,TOO-PLI-NOSW106150,PCS,C106 Long Nose Pliers 150MM,Power Tools,,C106,,,PENDING,,,,,,,,,,,,,,,,,PENDING,pending,needs_permission,,,,RETRY_RESEARCHED_PENDING
3463,VAL-BAL-VIP-343-25MM,PCS,Full Bore Ball VALVE:PN25 343 1.0,Plumbing,,VALVE:PN25,,,PENDING,,,,,,,,,,,,,,,,,PENDING,pending,needs_permission,,,,RETRY_RESEARCHED_PENDING
3464,WIN-BRA-SIN-7008,PCK,Sr Single Bracket 7008/7001 X,Doors & Hardware,,10PCS/PCK,,,PENDING,,,,,,,,,,,,,,,,,PENDING,pending,needs_permission,,,,RETRY_RESEARCHED_PENDING
3465,ABR-PAP-621-529,SHT,G100 Ewd Hand Sanding Sheet,Abrasives & Cutting,,G100,,,PENDING,,,,,,,,,,,,,,,,,PENDING,pending,needs_permission,,,,RETRY_RESEARCHED_PENDING
3466,"AER-S/S-DIA-2""-2WAY-FN910D",PCS,Double Divider Valve 6MM V/p,Plumbing,,FN910D,,,PENDING,,,,,,,,,,,,,,,,,PENDING,pending,needs_permission,,,,RETRY_RESEARCHED_PENDING
3467,BNW-B&N-RBN-220,PCK,Sr G. I Boit & Nut 1/4 X 2 (5PCS/PCK),Fasteners & Fixings,,5PCS/PCK,,,PENDING,,,,,,,,,,,,,,,,,PENDING,pending,needs_permission,,,,RETRY_RESEARCHED_PENDING
3468,BNW-BOL-SS304-M12-50MM,PCS,SS 304 Bolt - M12 X 50MM,Fasteners & Fixings,,M12,,,PENDING,,,,,,,,,,,,,,,,,PENDING,pending,needs_permission,,,,RETRY_RESEARCHED_PENDING
3469,BOS-2608-690-125(1),PCS,Sds Max Flat Chisel,Power Tool Accessories,Bosch,,,,PENDING,,,,,,,,,,,,,,,,,PENDING,pending,needs_permission,,,,RETRY_RESEARCHED_PENDING
3470,BOS-2608-690-128(1),PCS,Sds Max Pointed Chisel,Power Tool Accessories,Bosch,,,,PENDING,,,,,,,,,,,,,,,,,PENDING,pending,needs_permission,,,,RETRY_RESEARCHED_PENDING
3471,"BRA-SHE-S/S-G785-10""",SET,G785 304 H/duty Shelf Bracket 10,Housewares,,G785,,,PENDING,,,,,,,,,,,,,,,,,PENDING,pending,needs_permission,,,,RETRY_RESEARCHED_PENDING
3472,BRO-PLA-SB LD-1803S,PCS,200G Cs Plastic Broom,Housewares,,LD-1803S,,,PENDING,,,,,,,,,,,,,,,,,PENDING,pending,needs_permission,,,,RETRY_RESEARCHED_PENDING
3473,CHA-CAP-ROU-EXT-19MM,PCK,Round External Cap 19MM (4PCS/PCK),Outdoor & Garden,,4PCS/PCK,,,PENDING,,,,,,,,,,,,,,,,,PENDING,pending,needs_permission,,,,RETRY_RESEARCHED_PENDING
3475,ELE-PEN-DX-9002/1 GD PL,PCS,Pendant Light Gd,Electrical,,DX-9002/1,,,PENDING,,,,,,,,,,,,,,,,,PENDING,pending,needs_permission,,,,RETRY_RESEARCHED_PENDING
3476,"FAS-RIV-PAT-1/8""X3/8""-BOX",BOX,Blind Rivet: Jaguar 1/8 X 3/8 (1000PCS/BOX),Fasteners & Fixings,,1000PCS/BOX,,,PENDING,,,,,,,,,,,,,,,,,PENDING,pending,needs_permission,,,,RETRY_RESEARCHED_PENDING
3477,GRA-CUT-BRU-N465518,PAIR,Brush PAIR-SHR263K Spt N465518/N769626,Outdoor & Garden,,PAIR-SHR263K,,,PENDING,,,,,,,,,,,,,,,,,PENDING,pending,needs_permission,,,,RETRY_RESEARCHED_PENDING
3478,"HOS-FLE-VIP-PP10""",PCS,PP-10 White Nylon Vip Flexible Tube,Outdoor & Garden,,PP-10,,,PENDING,,,,,,,,,,,,,,,,,PENDING,pending,needs_permission,,,,RETRY_RESEARCHED_PENDING
3479,"HOS-FLE-VIP-PP30""",PCS,PP-30 White Nylon Vip Flexible Tube,Outdoor & Garden,,PP-30,,,PENDING,,,,,,,,,,,,,,,,,PENDING,pending,needs_permission,,,,RETRY_RESEARCHED_PENDING
3480,JAC-BOT-CNN-B05TON,PCS,China Bottle Jack - 5TON (l/w),Automotive,,5TON,,,PENDING,,,,,,,,,,,,,,,,,PENDING,pending,needs_permission,,,,RETRY_RESEARCHED_PENDING
3482,PAI-TIG-75ML-BLUE,TIN,75ML Tiger G. P (l/blue),Paint & Sundries,,6631-NEPTURE,,,PENDING,,,,,,,,,,,,,,,,,PENDING,pending,needs_permission,,,,RETRY_RESEARCHED_PENDING
3483,PLA-BAG-W500-1315,PCK,13 X 15 X Tbag (aa),Packaging,,WHITE/500G,,,PENDING,,,,,,,,,,,,,,,,,PENDING,pending,needs_permission,,,,RETRY_RESEARCHED_PENDING
3484,TAP-PIL-OTO-966-1,PCS,966-1 OTOSANI'304 S/steel Pillar Swan Tap,Plumbing,,304#S/STEEL,,,PENDING,,,,,,,,,,,,,,,,,PENDING,pending,needs_permission,,,,RETRY_RESEARCHED_PENDING
3486,TOO-DRV-STA-3X125MM-9960651820,PCS,"Cushion Grip S/dr Std - (1/8""X5"")",Power Tools,,3X125MM,,,PENDING,,,,,,,,,,,,,,,,,PENDING,pending,needs_permission,,,,RETRY_RESEARCHED_PENDING
3487,TOO-DRV-STA-6.5X2000MM,PCS,"Cushion Grip S/dr Std - (1/4""X8"")",Power Tools,,6.5X200MM,,,PENDING,,,,,,,,,,,,,,,,,PENDING,pending,needs_permission,,,,RETRY_RESEARCHED_PENDING
3489,AIR-DUS-MDSI-04062,PCS,Mdsi (MD-04062) Air Duster (adjustable) - Long,Automotive,,MD-04062,,,PENDING,,,,,,,,,,,,,,,,,PENDING,pending,needs_permission,,,,RETRY_RESEARCHED_PENDING
3490,BEA-PUL-EAS-E0062,PCS,Altea X 8 Bearing Puller,Other,,E0062,,,PENDING,,,,,,,,,,,,,,,,,PENDING,pending,needs_permission,,,,RETRY_RESEARCHED_PENDING
3491,CAB-BAT-120AMPX100FTS,COIL,Battery Cable X,Electrical,,120AMP,,,PENDING,,,,,,,,,,,,,,,,,PENDING,pending,needs_permission,,,,RETRY_RESEARCHED_PENDING
3492,CEILING-FRAME-35MM,PCS,Steel Keel (b) 35MM X 12FT,Building Materials,,12FT,,,PENDING,,,,,,,,,,,,,,,,,PENDING,pending,needs_permission,,,,RETRY_RESEARCHED_PENDING
3493,CUT-CHI-JM-30-3,PCS,Jayamata Harvesting Palm Oil Chisel 3,Hand Tools,,JM-30-3,,,PENDING,,,,,,,,,,,,,,,,,PENDING,pending,needs_permission,,,,RETRY_RESEARCHED_PENDING
3494,DUC-CAP-DC-1,PCS,DC-1 S/steel Ducting Cap 150MM,Other,,DC-1,,,PENDING,,,,,,,,,,,,,,,,,PENDING,pending,needs_permission,,,,RETRY_RESEARCHED_PENDING
3495,ELE-ADA-3WAY-MS-BS03L,PCS,Morries 13A 3WAY Adaptor With Fuse & Neon,Electrical,,3WAY,,,PENDING,,,,,,,,,,,,,,,,,PENDING,pending,needs_permission,,,,RETRY_RESEARCHED_PENDING
3496,ELE-D/L-MGM-MQTL2048-4000K,PCS,Mgm 2 1/2 7W Eye Ball,Electrical,,MQTL2048,,,PENDING,,,,,,,,,,,,,,,,,PENDING,pending,needs_permission,,,,RETRY_RESEARCHED_PENDING
3498,"FAS-SCR-CSK-1 1/4"" X 8G-BOX",BOX,Sr Csk Tapping Screw 1 1/4 X 8G (1000PCS/BOX),Fasteners & Fixings,,1000PCS/BOX,,,PENDING,,,,,,,,,,,,,,,,,PENDING,pending,needs_permission,,,,RETRY_RESEARCHED_PENDING
3499,"FAS-SCR-DRY-BLA-6#2""BOX",BOX,Hunter/bk - Drywall Screw 6 X2,Fasteners & Fixings,,6#X2,,,PENDING,,,,,,,,,,,,,,,,,PENDING,pending,needs_permission,,,,RETRY_RESEARCHED_PENDING
3500,FAS-SCR-TD640HW-WOOD-PCK,PCK,12 X 1 1/2 Self Drilling Screw (50PCS/PACK),Fasteners & Fixings,,50PCS/PACK,,,PENDING,,,,,,,,,,,,,,,,,PENDING,pending,needs_permission,,,,RETRY_RESEARCHED_PENDING
3503,LAM-E27-R80-RWG,PCS,"Tungsram E27 R80 (r,w,g)",Lighting,,E27,,,PENDING,,,,,,,,,,,,,,,,,PENDING,pending,needs_permission,,,,RETRY_RESEARCHED_PENDING
3504,NP-BAR-333-1L,UNIT,1L Bintang Automotive Refinish Stm Special Blue (standard),Automotive,,BS333,,,PENDING,,,,,,,,,,,,,,,,,PENDING,pending,needs_permission,,,,RETRY_RESEARCHED_PENDING
3505,PUM-OIL-W0229B,PCS,W0229B Pump Oiler,Pumps & Water,,W0229B,,,PENDING,,,,,,,,,,,,,,,,,PENDING,pending,needs_permission,,,,RETRY_RESEARCHED_PENDING
3507,SHH-LURE-SSL8016,PCS,Starlit Minnow Shad Soft Lure (6'S)MIXCLR,Fishing & Tackle,,SSL801-6CM/2.5G,,,PENDING,,,,,,,,,,,,,,,,,PENDING,pending,needs_permission,,,,RETRY_RESEARCHED_PENDING
3508,SPRA-BOSNY-B136-400CC,CAN,Bosny Zinc Galvanize Spray,Building Materials,,B136-40CC,,,PENDING,,,,,,,,,,,,,,,,,PENDING,pending,needs_permission,,,,RETRY_RESEARCHED_PENDING
3509,TOI-TISSUE,PKT,Kleenex Fresh 2PLY,Bathroom,,2PLY,,,PENDING,,,,,,,,,,,,,,,,,PENDING,pending,needs_permission,,,,RETRY_RESEARCHED_PENDING
3510,TOO-COM-SET-GD824,SET,Gd Combination Wrench Set 14 X,Hand Tools,,8-24MM,,,PENDING,,,,,,,,,,,,,,,,,PENDING,pending,needs_permission,,,,RETRY_RESEARCHED_PENDING
3511,TOO-NIE-TAM-T50,PCS,Nietz E/long Tamper Tx-star Wrench (red) 53283050,Hand Tools,Nietz,,,,PENDING,,,,,,,,,,,,,,,,,PENDING,pending,needs_permission,,,,RETRY_RESEARCHED_PENDING
3513,BNW-B&N-RBN-230,PCK,Sr G. I Boit & Nut 1/4 X 3 (10PCS/PCK),Fasteners & Fixings,,10PCS/PCK,,,PENDING,,,,,,,,,,,,,,,,,PENDING,pending,needs_permission,,,,RETRY_RESEARCHED_PENDING
3514,CIS-HAN-PVCL/L,PCS,Vinyl Front Lever,Doors & Hardware,,HANDLE-TPE6203,,,PENDING,,,,,,,,,,,,,,,,,PENDING,pending,needs_permission,,,,RETRY_RESEARCHED_PENDING
3515,DOR-BEA-AGD-108/SN,PCS,Armor Ball Bearing Door Guard,Doors & Hardware,,ADG-108/SN,,,PENDING,,,,,,,,,,,,,,,,,PENDING,pending,needs_permission,,,,RETRY_RESEARCHED_PENDING
3516,ELE-CAB-PVC-4.00MM-GRE-MTR,MTR,Ktk PVC Cable Green 100M -mtr,Electrical,,4.0MM2,,,PENDING,,,,,,,,,,,,,,,,,PENDING,pending,needs_permission,,,,RETRY_RESEARCHED_PENDING
3517,ELE-T5-3'-CIELO-D/L,PCS,Cielo T5 LED Fitting 3FT 14W,Plumbing,,3FT,,,PENDING,,,,,,,,,,,,,,,,,PENDING,pending,needs_permission,,,,RETRY_RESEARCHED_PENDING
3518,"FAS-SCR-DRY-WHI-6#1.1/4""-BOX",BOX,Hunter/wh - Drywall Screw 6 X1-1/4,Fasteners & Fixings,,X1-1/4,,,PENDING,,,,,,,,,,,,,,,,,PENDING,pending,needs_permission,,,,RETRY_RESEARCHED_PENDING
3519,FAS-SCR-ZPH-DSMHO520-BOX,BOX,Sr Zph Self Drilling Screw (1000PCS/BOX) DSM-HO520,Fasteners & Fixings,,1000PCS/BOX,,,PENDING,,,,,,,,,,,,,,,,,PENDING,pending,needs_permission,,,,RETRY_RESEARCHED_PENDING
3520,FAS-SCR-ZPH-DSMHO620-BOX,BOX,Sr Zph Self Drilling Screw (500PCS/BOX) DSM-HO620,Fasteners & Fixings,,500PCS/BOX,,,PENDING,,,,,,,,,,,,,,,,,PENDING,pending,needs_permission,,,,RETRY_RESEARCHED_PENDING
3521,IND-WIR-MES-2525-18GX100,ROLL,Wire Mesh 1 X 1 X3 X18G X100,Electrical,,X18G,,,PENDING,,,,,,,,,,,,,,,,,PENDING,pending,needs_permission,,,,RETRY_RESEARCHED_PENDING
3522,JAC-SCI-1.5T,PCS,Scissor Jack 1.5T,Automotive,,1.5T,,,PENDING,,,,,,,,,,,,,,,,,PENDING,pending,needs_permission,,,,RETRY_RESEARCHED_PENDING
3523,LOC-GLO-BRA-GLBBC20,PCS,Glocks Brass Padlock GLBBC20,Locks & Security,,GLBBC20,,,PENDING,,,,,,,,,,,,,,,,,PENDING,pending,needs_permission,,,,RETRY_RESEARCHED_PENDING
3524,PAI-SPR-PMT-133,CAN,Paint Master Spray Paint - No. 133 Diamond Blue,Paint & Sundries,,NO.133,,,PENDING,,,,,,,,,,,,,,,,,PENDING,pending,needs_permission,,,,RETRY_RESEARCHED_PENDING
3526,SWI-SOC-ELE-PTGY600,PCS,600MM Power Tracks (surface)-grey (GY600),Electrical,,GY600,,,PENDING,,,,,,,,,,,,,,,,,PENDING,pending,needs_permission,,,,RETRY_RESEARCHED_PENDING
3527,TOL-BUS-BUT-YG886,PCS,Dual Push Button,Other,,YG886,,,PENDING,,,,,,,,,,,,,,,,,PENDING,pending,needs_permission,,,,RETRY_RESEARCHED_PENDING
3528,ACC-MAR-EURO-1A,PCS,Marlino Press Control,Other,,EURO-1A,,,PENDING,,,,,,,,,,,,,,,,,PENDING,pending,needs_permission,,,,RETRY_RESEARCHED_PENDING
3529,BLI-HSS-HOL-SAW-25MM,PCS,Blimax Hss Hole SAW-25MM,Power Tool Accessories,,SAW-25MM,,,PENDING,,,,,,,,,,,,,,,,,PENDING,pending,needs_permission,,,,RETRY_RESEARCHED_PENDING
3530,BNW-B&N-RBN-250-PCK,PCK,Sr G. I Boit & Nut 1/4 X 5 (10PCS/PCK),Fasteners & Fixings,,10PCS/PCK,,,PENDING,,,,,,,,,,,,,,,,,PENDING,pending,needs_permission,,,,RETRY_RESEARCHED_PENDING
3532,DOR-SHU-LOC-SGD-H322,PCS,Armor Roller Shutter,Locks & Security,,LOCK-H322,,,PENDING,,,,,,,,,,,,,,,,,PENDING,pending,needs_permission,,,,RETRY_RESEARCHED_PENDING
3533,ELE-D/L-HOME-2103-18W-6500K,PCS,Hermanns Downlite -rd -6500K,Electrical,,6500K,,,PENDING,,,,,,,,,,,,,,,,,PENDING,pending,needs_permission,,,,RETRY_RESEARCHED_PENDING
3534,"ELE-PVC-CAS-1""",LGTH,Kancil 1 X 6FT PVC Casing,Electrical,,6FT,,,PENDING,,,,,,,,,,,,,,,,,PENDING,pending,needs_permission,,,,RETRY_RESEARCHED_PENDING
3535,FAS-SCR-DS645HW-MET,BOX,12 X 1.3/4 Self Drilling Screw (400PCS/BOX),Fasteners & Fixings,,400PCS/BOX,,,PENDING,,,,,,,,,,,,,,,,,PENDING,pending,needs_permission,,,,RETRY_RESEARCHED_PENDING
3536,FAS-SCR-TECH-METAL-50MM-PCK,PCK,Techscrew-metal Screw X 50MM (50PCS/PCK),Fasteners & Fixings,,50PCS/PCK,,,PENDING,,,,,,,,,,,,,,,,,PENDING,pending,needs_permission,,,,RETRY_RESEARCHED_PENDING
3537,FAS-SCR-TECH-WOOD-50MM-PCK,PCK,Techscrew-wood Screw X 50MM (50PCS/PCK),Fasteners & Fixings,,50PCS/PCK,,,PENDING,,,,,,,,,,,,,,,,,PENDING,pending,needs_permission,,,,RETRY_RESEARCHED_PENDING
3538,HOS-GAR-GRE-160330-MTR,MTR,Br 83030 PVC Green Garden Hose 16X3.0MM,Outdoor & Garden,,16X3.0MM,,,PENDING,,,,,,,,,,,,,,,,,PENDING,pending,needs_permission,,,,RETRY_RESEARCHED_PENDING
3540,LOC-APL-110-40MM-S/S,PCS,Armor S/steel Padlock APL-110-40MM SUS-304,Locks & Security,,APL-110-40MM,,,PENDING,,,,,,,,,,,,,,,,,PENDING,pending,needs_permission,,,,RETRY_RESEARCHED_PENDING
3543,SAF-HEL-YEL,PCS,PVC Uvee Safety Helmet-yel,Safety & Workwear,,810-YL,,,PENDING,,,,,,,,,,,,,,,,,PENDING,pending,needs_permission,,,,RETRY_RESEARCHED_PENDING
3544,SHH-LURE-SPM210XMW,PCS,2.4 60MM 2.5G Eupro K2 Soft Lure (8'S)MIX Clr,Fishing & Tackle,,SPM2-10XMW,,,PENDING,,,,,,,,,,,,,,,,,PENDING,pending,needs_permission,,,,RETRY_RESEARCHED_PENDING
3547,"TOO-DRV-STA-PH1-3/16""X8""",PCS,"Cushion Grip S/dr PHILIPS-3/16""X8""X1PT ( 1X200MM)",Power Tools,,PHILIPS-3/16,,,PENDING,,,,,,,,,,,,,,,,,PENDING,pending,needs_permission,,,,RETRY_RESEARCHED_PENDING
3548,TOO-ELE-PUMW0617,PCS,Tin Suction Pump,Pumps & Water,,W0617,,,PENDING,,,,,,,,,,,,,,,,,PENDING,pending,needs_permission,,,,RETRY_RESEARCHED_PENDING
3549,TOO-FIL-BCC-4.0200MM,CARD,Bahco Chain Saw File 168-8-4.0-3P 5/321IN,Hand Tools,,168-8-4.0-3P,,,PENDING,,,,,,,,,,,,,,,,,PENDING,pending,needs_permission,,,,RETRY_RESEARCHED_PENDING
3550,TOO-NIE-TAM-T10,PCS,Nietz E/long Tamper Tx-star Wrench (red) 53283010,Hand Tools,Nietz,,,,PENDING,,,,,,,,,,,,,,,,,PENDING,pending,needs_permission,,,,RETRY_RESEARCHED_PENDING
3551,TOO-NIE-TAM-T45,PCS,Nietz E/long Tamper Tx-star Wrench (red) 53283045,Hand Tools,Nietz,,,,PENDING,,,,,,,,,,,,,,,,,PENDING,pending,needs_permission,,,,RETRY_RESEARCHED_PENDING
3552,WRE-RAT-RN17X21,PCS,Glory Ratchet Wrenches RN17 X 21,Other,,RN17,,,PENDING,,,,,,,,,,,,,,,,,PENDING,pending,needs_permission,,,,RETRY_RESEARCHED_PENDING
3553,X-FLO-MOC-N966AG,PCS,"16""X16 Floor Tiles N966AG",Power Tools,,X16,,,PENDING,,,,,,,,,,,,,,,,,PENDING,pending,needs_permission,,,,RETRY_RESEARCHED_PENDING
3554,X-LAD-D/S-DS09,UNIT,D/sided Ladder DS07,Ladders & Access,,DS07,,,PENDING,,,,,,,,,,,,,,,,,PENDING,pending,needs_permission,,,,RETRY_RESEARCHED_PENDING
3556,BROO-HOO-CLIP-5H4C,PCS,DL5 Sus 304 Broom Holder,Housewares,,DL5,,,PENDING,,,,,,,,,,,,,,,,,PENDING,pending,needs_permission,,,,RETRY_RESEARCHED_PENDING
3557,"CAR-PLI-BS-230218-8""",PCS,Bosi (BS-230218) Carpenter Plier 8,Hand Tools,,BS-230218,,,PENDING,,,,,,,,,,,,,,,,,PENDING,pending,needs_permission,,,,RETRY_RESEARCHED_PENDING
3558,CHA-BLO-CHI-1.5TON-2.5M,PCS,China Chain Block X 2.5M,Lifting & Rigging,,1.50TON,,,PENDING,,,,,,,,,,,,,,,,,PENDING,pending,needs_permission,,,,RETRY_RESEARCHED_PENDING
3560,CLI-ELE-CAB-10MM100'S,BOX,Cable Clip 10MM/100'S,Electrical,,10MM/100,,,PENDING,,,,,,,,,,,,,,,,,PENDING,pending,needs_permission,,,,RETRY_RESEARCHED_PENDING
3561,CUT-DIS-B07-F1GP-180,PCS,"7""-180CSA, General Purpose / F1GP",Abrasives & Cutting,,180CSA,,,PENDING,,,,,,,,,,,,,,,,,PENDING,pending,needs_permission,,,,RETRY_RESEARCHED_PENDING
3562,DOR-H&S-BS115MM,DOZ,Rb Hasp & STAPLE-115MM,Fasteners & Fixings,,STAPLE-115MM,,,PENDING,,,,,,,,,,,,,,,,,PENDING,pending,needs_permission,,,,RETRY_RESEARCHED_PENDING
3563,"FAS-SCR-TAP-PAN-8#3/4""",BOX,8 X3/4 Ph Self Tapping Screw-pan Head (20PCS/PCK) (BOX),Fasteners & Fixings,,X3/4,,,PENDING,,,,,,,,,,,,,,,,,PENDING,pending,needs_permission,,,,RETRY_RESEARCHED_PENDING
3564,GUN-TRA-T50,PCS,Air Tracker - T50,Fasteners & Fixings,,T50,,,PENDING,,,,,,,,,,,,,,,,,PENDING,pending,needs_permission,,,,RETRY_RESEARCHED_PENDING
3566,HOS-CON-MEN-ECO4036,PCS,Ecogreen- Hose Mender / 3/4,Outdoor & Garden,,EG4036,,,PENDING,,,,,,,,,,,,,,,,,PENDING,pending,needs_permission,,,,RETRY_RESEARCHED_PENDING
3568,SAF-COA-CLI-GREEN-08995,PCS,Clip On Elastic Vest-lemon Green,Safety & Workwear,,E7361,,,PENDING,,,,,,,,,,,,,,,,,PENDING,pending,needs_permission,,,,RETRY_RESEARCHED_PENDING
3569,SAF-SPE-MK-SSE-919-BLK,PCS,Mr. Mark Patriot Safety Spectacle-black,Safety & Workwear,,MK-SSE-919,,,PENDING,,,,,,,,,,,,,,,,,PENDING,pending,needs_permission,,,,RETRY_RESEARCHED_PENDING
3570,SWI-SOC-ELE-E041B,PCS,Elegance 16A 4 GANG 1 Way-black (E041B),Electrical,,E041B,,,PENDING,,,,,,,,,,,,,,,,,PENDING,pending,needs_permission,,,,RETRY_RESEARCHED_PENDING
3571,TAP-WIR-3MSCTBLUE,PCS,3M Blue Gu Vinyl Elec Tape 150,Plumbing,,18MMX5MM,,,PENDING,,,,,,,,,,,,,,,,,PENDING,pending,needs_permission,,,,RETRY_RESEARCHED_PENDING
3572,TOO-FIL-BES-KY103,PCS,Bestul Handle File,Hand Tools,,KY-103,,,PENDING,,,,,,,,,,,,,,,,,PENDING,pending,needs_permission,,,,RETRY_RESEARCHED_PENDING
3573,TOO-SHE-PURW822B,PCS,SS By-pass Pruners 200MM,Power Tools,,W822B,,,PENDING,,,,,,,,,,,,,,,,,PENDING,pending,needs_permission,,,,RETRY_RESEARCHED_PENDING
3574,TOO-WRE-BELW0020B,PCS,"Belt Wrench 9""/225MM",Hand Tools,,W0020B,,,PENDING,,,,,,,,,,,,,,,,,PENDING,pending,needs_permission,,,,RETRY_RESEARCHED_PENDING
3575,TOR-LIG-HEA-KX1805,PCS,KX1805 Head Light,Other,,KX1805,,,PENDING,,,,,,,,,,,,,,,,,PENDING,pending,needs_permission,,,,RETRY_RESEARCHED_PENDING
3576,TRIM-ZINC-YKA006,PCS,Zinc Alloy Trimmer Head,Building Materials,,YKA006,,,PENDING,,,,,,,,,,,,,,,,,PENDING,pending,needs_permission,,,,RETRY_RESEARCHED_PENDING
3577,VAL-ANG-CVL-CA9001,PCS,Cavallo SS Angle Valve,Plumbing,,CA9001,,,PENDING,,,,,,,,,,,,,,,,,PENDING,pending,needs_permission,,,,RETRY_RESEARCHED_PENDING
3578,X-AMBA-155,PCS,Aimer Recessed Paper Holder (155WX165HX70D),Power Tools,,155WX165HX70D,,,PENDING,,,,,,,,,,,,,,,,,PENDING,pending,needs_permission,,,,RETRY_RESEARCHED_PENDING
3579,"BRA-SHE-YG782-12""",PAIR,White H/duty Shelf Bracket 12,Housewares,,YG782,,,PENDING,,,,,,,,,,,,,,,,,PENDING,pending,needs_permission,,,,RETRY_RESEARCHED_PENDING
3580,"BRA-SHE-YG782-14""",PAIR,White H/duty Shelf Bracket 14,Housewares,,YG782,,,PENDING,,,,,,,,,,,,,,,,,PENDING,pending,needs_permission,,,,RETRY_RESEARCHED_PENDING
3581,BROO-HOO-CLIP-LIAO-Z130006,PCS,Mop & Broom Holder (3HOLDER+4HOOKS) - Liao,Housewares,,3HOLDER+4HOOKS,,,PENDING,,,,,,,,,,,,,,,,,PENDING,pending,needs_permission,,,,RETRY_RESEARCHED_PENDING
3582,CLI-ELE-CAB-SPR-25MM,PCK,Tc 25MM PVC Spring/u Clip (25PCS/PCK),Electrical,,25PCS/PCK,,,PENDING,,,,,,,,,,,,,,,,,PENDING,pending,needs_permission,,,,RETRY_RESEARCHED_PENDING
3583,COP-ROD-LOC-12MMX5FT,PCS,Local Copper Rod 12MM X 5FT,Other,,5FT,,,PENDING,,,,,,,,,,,,,,,,,PENDING,pending,needs_permission,,,,RETRY_RESEARCHED_PENDING
3584,"CUT-PAR-AK350-12""",PCS,Parang Atap 12,Abrasives & Cutting,,AK350,,,PENDING,,,,,,,,,,,,,,,,,PENDING,pending,needs_permission,,,,RETRY_RESEARCHED_PENDING
3585,CUT-SCI-24052(S02),PCS,S02 8 1/2 Scissors W/rubber Handle,Doors & Hardware,,S02,,,PENDING,,,,,,,,,,,,,,,,,PENDING,pending,needs_permission,,,,RETRY_RESEARCHED_PENDING
3586,ELE-HOL-260ET-E27,PCS,Sl E27 Lamp Holder,Lighting,,E27,,,PENDING,,,,,,,,,,,,,,,,,PENDING,pending,needs_permission,,,,RETRY_RESEARCHED_PENDING
3587,FAS-RIV-PAT-5/32X3/4-PCK,PCK,Blind Rivet: Jaguar 5/32 X 3/4 (20PCS/PCK),Fasteners & Fixings,,20PCS/PCK,,,PENDING,,,,,,,,,,,,,,,,,PENDING,pending,needs_permission,,,,RETRY_RESEARCHED_PENDING
3588,"FAS-SCR-CSK-1"" X 8G - BOX",BOX,Sr Csk Tapping Screw 1 X 8G (1000PCS/BOX),Fasteners & Fixings,,1000PCS/BOX,,,PENDING,,,,,,,,,,,,,,,,,PENDING,pending,needs_permission,,,,RETRY_RESEARCHED_PENDING
3589,"FAS-SCR-DRY-BLA-6#1""BOX",BOX,Hunter/bk - Drywall Screw 6 X1,Fasteners & Fixings,,6#X1,,,PENDING,,,,,,,,,,,,,,,,,PENDING,pending,needs_permission,,,,RETRY_RESEARCHED_PENDING
3590,GAR-SAW-XS9041,PCS,Asuma H/duty Pruning Saw,Outdoor & Garden,,XS9041,,,PENDING,,,,,,,,,,,,,,,,,PENDING,pending,needs_permission,,,,RETRY_RESEARCHED_PENDING
3592,GUM-PVC-V-TECH-100GM,CAN,Pro-spec Selleys Ps PVC Pipe Adhesive Glue 100ML,Chemicals & Adhesives,,,,,PENDING,,,,,,,,,,,,,,,,,PENDING,pending,needs_permission,,,,RETRY_RESEARCHED_PENDING
3593,HHD-FLU-M0676-L110W-50MM,PCS,L110-W'TECHPLAS Flapper Outlet Valve,Plumbing,,L110-W,,,PENDING,,,,,,,,,,,,,,,,,PENDING,pending,needs_permission,,,,RETRY_RESEARCHED_PENDING
3594,HOO-CAB-CB802-3,UNIT,Cabana Hook BAR (polish) CB802-3,Doors & Hardware,,CB802-3,,,PENDING,,,,,,,,,,,,,,,,,PENDING,pending,needs_permission,,,,RETRY_RESEARCHED_PENDING
3595,"HOS-FLE-VIP-PP12""",PCS,PP-12 White Nylon Vip Flexible Tube,Outdoor & Garden,,PP-12,,,PENDING,,,,,,,,,,,,,,,,,PENDING,pending,needs_permission,,,,RETRY_RESEARCHED_PENDING
3596,"IND-CAS-H/DUTY-MCLFC-4""",PCS,4 DL5 H/duty Mcl Fixed Caster,Building Materials,,DL5,,,PENDING,,,,,,,,,,,,,,,,,PENDING,pending,needs_permission,,,,RETRY_RESEARCHED_PENDING
3598,LAD-ALU-WOR-AP-2404,UNIT,Worker 04 Step Household Step Alum. Ladder,Ladders & Access,,AP-2404,,,PENDING,,,,,,,,,,,,,,,,,PENDING,pending,needs_permission,,,,RETRY_RESEARCHED_PENDING
3600,LOC-VIR-4115,PCS,Viro 4115 Cp Armoured Padlock,Locks & Security,,62MM-ITALY,,,PENDING,,,,,,,,,,,,,,,,,PENDING,pending,needs_permission,,,,RETRY_RESEARCHED_PENDING
3601,PAI-SPR-PMT-013,DOZ,Paint Master Spray Paint - No. 13 Fresh Green (DOZ),Paint & Sundries,,NO.13,,,PENDING,,,,,,,,,,,,,,,,,PENDING,pending,needs_permission,,,,RETRY_RESEARCHED_PENDING
3602,PAI-SPR-PMT-025,DOZ,Paint Master Spray Paint - No. 25 Medium Yellow,Paint & Sundries,,NO.25,,,PENDING,,,,,,,,,,,,,,,,,PENDING,pending,needs_permission,,,,RETRY_RESEARCHED_PENDING
3603,PAI-SPR-PMT-027,DOZ,Paint Master Spray Paint - No. 27 Leaf Green,Paint & Sundries,,NO.27,,,PENDING,,,,,,,,,,,,,,,,,PENDING,pending,needs_permission,,,,RETRY_RESEARCHED_PENDING
3604,PAI-SPR-PMT-041,DOZ,Paint Master Spray Paint - No. 41 Art Yellow,Paint & Sundries,,NO.41,,,PENDING,,,,,,,,,,,,,,,,,PENDING,pending,needs_permission,,,,RETRY_RESEARCHED_PENDING
3605,PAI-SPR-PMT-C671,DOZ,Paint Master Spray Paint - No. C671 Eng. Orange Yel,Paint & Sundries,,C671,,,PENDING,,,,,,,,,,,,,,,,,PENDING,pending,needs_permission,,,,RETRY_RESEARCHED_PENDING
3606,PAI-SPR-PMT-C672,DOZ,Paint Master Spray Paint - No. C672 Eng. Orange Red,Paint & Sundries,,C672,,,PENDING,,,,,,,,,,,,,,,,,PENDING,pending,needs_permission,,,,RETRY_RESEARCHED_PENDING
3608,SAF-SHO-SUP-39#,PAIR,Supersonic Safety Shoes 39 (5 ),Safety & Workwear,,SK500,,,PENDING,,,,,,,,,,,,,,,,,PENDING,pending,needs_permission,,,,RETRY_RESEARCHED_PENDING
3609,SAF-SHO-SUP-43#,PAIR,Supersonic Safety Shoes 43 (9 ),Safety & Workwear,,SK500,,,PENDING,,,,,,,,,,,,,,,,,PENDING,pending,needs_permission,,,,RETRY_RESEARCHED_PENDING
3610,SAF-SHO-SUP-44#,PAIR,Supersonic Safety Shoes 44 (10 ),Safety & Workwear,,SK500,,,PENDING,,,,,,,,,,,,,,,,,PENDING,pending,needs_permission,,,,RETRY_RESEARCHED_PENDING
3611,SAF-SPE-PIC-ST21-SMO,PCS,Picasaf Protective Eyewear-smoke ST21,Safety & Workwear,,ST21,,,PENDING,,,,,,,,,,,,,,,,,PENDING,pending,needs_permission,,,,RETRY_RESEARCHED_PENDING
3612,SHH-HOOK-EWDX4007,PKT,No. 7 (20'S) Eagle Wave Hook,Fishing & Tackle,,DX-400,,,PENDING,,,,,,,,,,,,,,,,,PENDING,pending,needs_permission,,,,RETRY_RESEARCHED_PENDING
3613,SWI-SOC-ELE-PTBK1000,PCS,1000MM Power Tracks (surface)-black (BK1000),Electrical,,BK1000,,,PENDING,,,,,,,,,,,,,,,,,PENDING,pending,needs_permission,,,,RETRY_RESEARCHED_PENDING
3614,SWI-SOC-ELE-PTGY1000,PCS,1000MM Power Tracks (surface)-grey (GY1000),Electrical,,GY1000,,,PENDING,,,,,,,,,,,,,,,,,PENDING,pending,needs_permission,,,,RETRY_RESEARCHED_PENDING
3615,TOI-PAP-ROL-PVC-9102,PCS,Toilet Paper Roller,Bathroom,,TPE-9102,,,PENDING,,,,,,,,,,,,,,,,,PENDING,pending,needs_permission,,,,RETRY_RESEARCHED_PENDING
3616,"TOO-CLA-F-BLI-8""",PCS,Blimax Quick Release F CLAMP-8,Hand Tools,,CLAMP-8,,,PENDING,,,,,,,,,,,,,,,,,PENDING,pending,needs_permission,,,,RETRY_RESEARCHED_PENDING
3617,TOO-CLA-GW473200,PCS,Heavy G-shape Clamp 8,Hand Tools,,W0473G,,,PENDING,,,,,,,,,,,,,,,,,PENDING,pending,needs_permission,,,,RETRY_RESEARCHED_PENDING
3618,TOO-COM-W0305R-19*21MM,PCS,2 Open Wrench (19*21MM),Hand Tools,,19*21MM,,,PENDING,,,,,,,,,,,,,,,,,PENDING,pending,needs_permission,,,,RETRY_RESEARCHED_PENDING
3619,"TOO-NYL-PLU-COU-5/16""",PCS,Nylon Quick Coupler 5/16 Hose NSH-20,Outdoor & Garden,,NSH-20,,,PENDING,,,,,,,,,,,,,,,,,PENDING,pending,needs_permission,,,,RETRY_RESEARCHED_PENDING
3620,AER-4MC8,PCS,Aerico 4MC8,Other,,4MC8,,,PENDING,,,,,,,,,,,,,,,,,PENDING,pending,needs_permission,,,,RETRY_RESEARCHED_PENDING
3621,CHA-BAT-MKX-BATTERY-15A-A,UNIT,Mark-x Battery Charger (15A-A)(15AMP),Electrical,,15A-A,,,PENDING,,,,,,,,,,,,,,,,,PENDING,pending,needs_permission,,,,RETRY_RESEARCHED_PENDING
3622,CUT-DEW-DW4724,PCS,"Diamond Blade, Turbo",Abrasives & Cutting,,DW4724,,,PENDING,,,,,,,,,,,,,,,,,PENDING,pending,needs_permission,,,,RETRY_RESEARCHED_PENDING
3623,CUT-DIS-MARK-12300-P024,PCS,Mr. Mark P24 Master Fibre Disc - Blk,Abrasives & Cutting,,P24,,,PENDING,,,,,,,,,,,,,,,,,PENDING,pending,needs_permission,,,,RETRY_RESEARCHED_PENDING
3624,DOR-KNO-CLEAR,PCK,Local PVC Cabinet Handle (2PCS/PCK),Doors & Hardware,,2PCS/PCK,,,PENDING,,,,,,,,,,,,,,,,,PENDING,pending,needs_permission,,,,RETRY_RESEARCHED_PENDING
3627,"FAS-RIV-PAT-3/16""X5/8""-BOX",BOX,Blind Rivet: Jaguar 3/16 X 5/8 (500PCS/BOX),Fasteners & Fixings,,500PCS/BOX,,,PENDING,,,,,,,,,,,,,,,,,PENDING,pending,needs_permission,,,,RETRY_RESEARCHED_PENDING
3628,"FAS-SCR-TAP-PAN-8#3/4""",PCK,8 X3/4 Ph Self Tapping Screw-pan Head (20PCS/PCK) (PCK),Fasteners & Fixings,,X3/4,,,PENDING,,,,,,,,,,,,,,,,,PENDING,pending,needs_permission,,,,RETRY_RESEARCHED_PENDING
3630,GROUT-SEAL-703,CAN,Sikagard 703 Groutseal - 1LTR,Other,,1LTR,,,PENDING,Sika Kimia Sdn. Bhd.,Sikagard-703 GroutSeal,1 L pail,Sikagard-703 GroutSeal 1 L,https://mys.sika.com/en/home-improvement/waterproofing/sikagard-703-groutseal.html,Official Malaysian manufacturer product page,1A,https://sika.scene7.com/is/image/sikacs/my-02-en-MY-Sikagard-703-GroutSeal-1x1-00557701:1-1?wid=480&hei=480&fit=crop%2C1,EXACT_SKU,99,97,Exact model/variant is identified on the authoritative source page and the page exposes a model-specific product image preserved locally for SHA-256 evidence.,"Model-specific page/image was used; adjacent size, colour, pack or step variants were not substituted.","Exact model, relevant suffix/size/variant, authoritative source URL and exact image asset are preserved; no material conflict.",NONE,NONE,VERIFIED_CANDIDATE,candidate,needs_permission,/home/ubuntu/work/retry_branded_2501_7771/assets/3630.jpg,c7aff42db5089c30a5f2e934fa8cc331d4197f1b259ae80b30fc96286fbf0c61,14364,RETRY_RESEARCHED
3631,HOS-FLE-DL5-FB50,PCS,DL5 50CM Flex. Extension Faucet (orange Tube),Electrical,,DL5,,,PENDING,,,,,,,,,,,,,,,,,PENDING,pending,needs_permission,,,,RETRY_RESEARCHED_PENDING
3632,HOS-FLE-LT8215-1.5M,PCS,Luxtec S/steel Flexsible Hose,Outdoor & Garden,,LT-8215,,,PENDING,,,,,,,,,,,,,,,,,PENDING,pending,needs_permission,,,,RETRY_RESEARCHED_PENDING
3634,NAIL-TUFTING-TN-7220,PCK,U Clip Tufting Nail 20MM X 7.3MM (10PCS/PCK),Fasteners & Fixings,,10PCS/PCK,,,PENDING,,,,,,,,,,,,,,,,,PENDING,pending,needs_permission,,,,RETRY_RESEARCHED_PENDING
3636,REF-DELINEATOR-50M,SET,Picasaf PVC Delineator Reflective-red,Other,,50PCX50M,,,PENDING,,,,,,,,,,,,,,,,,PENDING,pending,needs_permission,,,,RETRY_RESEARCHED_PENDING
3637,SAF-SHO-SUP-42#,PAIR,Supersonic Safety Shoes 42 (8 ),Safety & Workwear,,SK500,,,PENDING,,,,,,,,,,,,,,,,,PENDING,pending,needs_permission,,,,RETRY_RESEARCHED_PENDING
3638,SHH-LINE-WHI-NO.300,PKT,(sf) Round White M. L. No. 300,Fishing & Tackle,,NO.300,,,PENDING,,,,,,,,,,,,,,,,,PENDING,pending,needs_permission,,,,RETRY_RESEARCHED_PENDING
3639,TOO-TORX-W9913A,PCS,9PCS Long Arm Torx Key Set W9913A,Power Tools,,W9913A,,,PENDING,,,,,,,,,,,,,,,,,PENDING,pending,needs_permission,,,,RETRY_RESEARCHED_PENDING
3642,BLI-HSS-HOL-SAW-20MM,PCS,Blimax Hss Hole SAW-20MM,Power Tool Accessories,,SAW-20MM,,,PENDING,,,,,,,,,,,,,,,,,PENDING,pending,needs_permission,,,,RETRY_RESEARCHED_PENDING
3643,BNW-B&N-RBN-225,PCK,Sr G. I Boit & Nut 1/4 X 2 1/2 (10PCS/PCK),Fasteners & Fixings,,10PCS/PCK,,,PENDING,,,,,,,,,,,,,,,,,PENDING,pending,needs_permission,,,,RETRY_RESEARCHED_PENDING
3644,CYL-LOC-EPO-CL011-AC,SET,Epo Cylindrical Lever Lock (CL011 Ac),Locks & Security,,CL011,,,PENDING,,,,,,,,,,,,,,,,,PENDING,pending,needs_permission,,,,RETRY_RESEARCHED_PENDING
3645,DRI-MIX-HEX-PAI,PCS,Blimax Hex Paint Mud,Paint & Sundries,,MIXER-100X600MM,,,PENDING,,,,,,,,,,,,,,,,,PENDING,pending,needs_permission,,,,RETRY_RESEARCHED_PENDING
3646,"FAS-SCR-TAP-CSK-6#2-1/2""",PACK,"6 X2-1/2""CSK Self Tapping Screw-flat Head (10PCS/PCK)",Fasteners & Fixings,,X2-1/2,,,PENDING,,,,,,,,,,,,,,,,,PENDING,pending,needs_permission,,,,RETRY_RESEARCHED_PENDING
3647,"FIT-YG228R-NIP-REC-3/8""X1/4""-B",PCS,"Brass Reduced Nipple 3/8""X1/4 YG228R",Plumbing,,X1/4,,,PENDING,,,,,,,,,,,,,,,,,PENDING,pending,needs_permission,,,,RETRY_RESEARCHED_PENDING
3648,FIT-YG251-SOC-10MM-BRA,PCS,Y Brass Connector 10MM,Plumbing,,YG251,,,PENDING,,,,,,,,,,,,,,,,,PENDING,pending,needs_permission,,,,RETRY_RESEARCHED_PENDING
3649,GAR-RAK-BLA-6T,PCS,6TEETH Framer Rake,Outdoor & Garden,,6TEETH,,,PENDING,,,,,,,,,,,,,,,,,PENDING,pending,needs_permission,,,,RETRY_RESEARCHED_PENDING
3650,GAR-SPR-G850,PCS,Water Sprayer 500CC,Outdoor & Garden,,500CC,,,PENDING,,,,,,,,,,,,,,,,,PENDING,pending,needs_permission,,,,RETRY_RESEARCHED_PENDING
3653,TOO-DRV-STA-3X100MM-9960651810,PCS,"Cushion Grip S/dr Std - (1/8""X4"")",Power Tools,,3X100MM,,,PENDING,,,,,,,,,,,,,,,,,PENDING,pending,needs_permission,,,,RETRY_RESEARCHED_PENDING
3654,TOO-WRE-SPAW0196,PCS,Spark Plug Wrench,Hand Tools,,W0196,,,PENDING,,,,,,,,,,,,,,,,,PENDING,pending,needs_permission,,,,RETRY_RESEARCHED_PENDING
3656,CUT-PAR-COV-N18,PCS,N-18 18 Knife With Cover,Abrasives & Cutting,,N-18,,,PENDING,,,,,,,,,,,,,,,,,PENDING,pending,needs_permission,,,,RETRY_RESEARCHED_PENDING
3657,DOR-BEA-ADG-911,PCS,Sn Armor Door Guard Ball Bearing,Doors & Hardware,,ADG-911,,,PENDING,,,,,,,,,,,,,,,,,PENDING,pending,needs_permission,,,,RETRY_RESEARCHED_PENDING
3658,DOR-ROL-CAT-RDL304,PCS,S/s Double Roller Catch (4PCS/PCK),Doors & Hardware,,4PCS/PCK,,,PENDING,,,,,,,,,,,,,,,,,PENDING,pending,needs_permission,,,,RETRY_RESEARCHED_PENDING
3659,DRI-SAW-A68-10MM,PCS,Sawman A68 Multi Purpose Drill Bit 10MM,Power Tool Accessories,,A68,,,PENDING,,,,,,,,,,,,,,,,,PENDING,pending,needs_permission,,,,RETRY_RESEARCHED_PENDING
3660,"ELE-CAS-2""X3""",LGTH,M. Trunking 2 X 3 G24 0.4MM Orange Lanric,Electrical,,G24,,,PENDING,,,,,,,,,,,,,,,,,PENDING,pending,needs_permission,,,,RETRY_RESEARCHED_PENDING
3661,ELE-SOL-TIN12MM250G,PCS,Japan Soldering Wire,Electrical,,1.2X100G,,,PENDING,,,,,,,,,,,,,,,,,PENDING,pending,needs_permission,,,,RETRY_RESEARCHED_PENDING
3662,"FAS-SCR-TAP-CSK-6#3""",PACK,"6 X3""CSK Self Tapping Screw-flat Head (10PCS/PCK)",Fasteners & Fixings,,10PCS/PCK,,,PENDING,,,,,,,,,,,,,,,,,PENDING,pending,needs_permission,,,,RETRY_RESEARCHED_PENDING
3663,GAR-SPR-20L-ALITOOL,PCS,Alitool Battery Sprayer,Electrical,,20LTR,,,PENDING,,,,,,,,,,,,,,,,,PENDING,pending,needs_permission,,,,RETRY_RESEARCHED_PENDING
3664,HHD-VAL-FLO-BRA-CIT-12MM,PCS,City Moh Brass Float VALVE-1/2,Fishing & Tackle,,VALVE-1/2,,,PENDING,,,,,,,,,,,,,,,,,PENDING,pending,needs_permission,,,,RETRY_RESEARCHED_PENDING
3665,HOS-FLE-VIP-PP08,PCS,PP-08 White Nylon Vip Flexible Tube,Outdoor & Garden,,PP-08,,,PENDING,,,,,,,,,,,,,,,,,PENDING,pending,needs_permission,,,,RETRY_RESEARCHED_PENDING
3666,LOC-BR-TZ6491BH,SET,Bh/et *jtc* Tubular Lever,Locks & Security,,JTL-6491,,,PENDING,,,,,,,,,,,,,,,,,PENDING,pending,needs_permission,,,,RETRY_RESEARCHED_PENDING
3670,TOO-BOX-TYG-7710,SET,Toyogo Tool Box (L41XW23XH24CM),Hand Tools,,L41XW23XH24CM,,,PENDING,,,,,,,,,,,,,,,,,PENDING,pending,needs_permission,,,,RETRY_RESEARCHED_PENDING
3671,"TOO-DRV-BLI-IMP-6""(+)",PCS,"Blimax Impact Screw DRIVER-6""X6MM (+)",Power Tools,,DRIVER-6,,,PENDING,,,,,,,,,,,,,,,,,PENDING,pending,needs_permission,,,,RETRY_RESEARCHED_PENDING
3672,TOO-DRV-STA-6.5X250MM,PCS,"Cushion Grip S/dr Std - (1/4""X10"")",Power Tools,,X10,,,PENDING,,,,,,,,,,,,,,,,,PENDING,pending,needs_permission,,,,RETRY_RESEARCHED_PENDING
3673,TOO-HAN-TW0019,PCS,1/2 Sliding T-bar,Power Tools,,W0019,,,PENDING,,,,,,,,,,,,,,,,,PENDING,pending,needs_permission,,,,RETRY_RESEARCHED_PENDING
3674,"TOO-NYL-PLU-COU-3/8""",PCS,Nylon Quick Coupler 3/8 Hose NSH-30,Outdoor & Garden,,NSH-30,,,PENDING,,,,,,,,,,,,,,,,,PENDING,pending,needs_permission,,,,RETRY_RESEARCHED_PENDING
3676,TOO-WRE-KEY-KTBAL12005,SET,King Top 9PCS-5 Ball Point Hex Key Wrench,Hand Tools,,9PCS-5,,,PENDING,,,,,,,,,,,,,,,,,PENDING,pending,needs_permission,,,,RETRY_RESEARCHED_PENDING
3678,AIR-MAD-GAU-160PSI,PCS,Mada Pressure,Automotive,,GAUGE-160PSI,,,PENDING,,,,,,,,,,,,,,,,,PENDING,pending,needs_permission,,,,RETRY_RESEARCHED_PENDING
3679,BNW-B&N-RBN-120-BOX,BOX,Sr G. I Boit & Nut 3/16 X 2 (B0X),Fasteners & Fixings,,B0X,,,PENDING,,,,,,,,,,,,,,,,,PENDING,pending,needs_permission,,,,RETRY_RESEARCHED_PENDING
3680,"BRA-SHE-YG782-16""",PAIR,White H/duty Shelf Bracket 16,Housewares,,YG782,,,PENDING,,,,,,,,,,,,,,,,,PENDING,pending,needs_permission,,,,RETRY_RESEARCHED_PENDING
3682,DOR-INS-KIT-120MM,PCS,120MM Bott Installation Kit,Doors & Hardware,,,,,PENDING,,,,,,,,,,,,,,,,,PENDING,pending,needs_permission,,,,RETRY_RESEARCHED_PENDING
3683,ELE-D/L-HGD603-18W-6500K,PCS,Hms Downlite Hgd 603/18W 6500K,Electrical,,603/18W,,,PENDING,,,,,,,,,,,,,,,,,PENDING,pending,needs_permission,,,,RETRY_RESEARCHED_PENDING
3684,"FAS-SCR-TAP-CSK-6#3""-BOX",BOX,"6 X3""CSK Self Tapping Screw-flat Head (500PCS/BOX)",Fasteners & Fixings,,500PCS/BOX,,,PENDING,,,,,,,,,,,,,,,,,PENDING,pending,needs_permission,,,,RETRY_RESEARCHED_PENDING
3685,"FAS-SCR-TAP-CSK-8#2""",PACK,8 X2 Csk Self Tapping Screw-flat Head (10PCS/PCK),Fasteners & Fixings,,10PCS/PCK,,,PENDING,,,,,,,,,,,,,,,,,PENDING,pending,needs_permission,,,,RETRY_RESEARCHED_PENDING
3687,HEX-BUL-POI-15083(P),PCS,Br 1022 Hex Bull Pointed,Other,,17X280MM,,,PENDING,,,,,,,,,,,,,,,,,PENDING,pending,needs_permission,,,,RETRY_RESEARCHED_PENDING
3689,MEA-TAP-STA-30611L,PCS,3.5M/12 X 1/2 Rubber Grip Tape Ruler,Hand Tools,,3.5M/12,,,PENDING,,,,,,,,,,,,,,,,,PENDING,pending,needs_permission,,,,RETRY_RESEARCHED_PENDING
3690,PEN-ECO100-4KG-BLK,PAIL,Eco 100 Waterproof Blk,Housewares,,COATING-4KG,,,PENDING,,,,,,,,,,,,,,,,,PENDING,pending,needs_permission,,,,RETRY_RESEARCHED_PENDING
3691,RAI-BOO-KRK-B40M9000,PAIR,Korakoh Rain Shoes Blk - 7/40,Curtains & Blinds,,M9000,,,PENDING,,,,,,,,,,,,,,,,,PENDING,pending,needs_permission,,,,RETRY_RESEARCHED_PENDING
3692,RAI-BOO-KRK-B43M9000,PAIR,Korakoh Rain Shoes Blk - 10/43,Curtains & Blinds,,M9000,,,PENDING,,,,,,,,,,,,,,,,,PENDING,pending,needs_permission,,,,RETRY_RESEARCHED_PENDING
3693,SHE-CAB-CB505,UNIT,Cabana Glass Shelf CB505,Building Materials,,CB505,,,PENDING,,,,,,,,,,,,,,,,,PENDING,pending,needs_permission,,,,RETRY_RESEARCHED_PENDING
3694,SWI-ADA-MS-R25,PCS,Morries Travel Adaptor With 2USB & 2 Type C,Electrical,,2USB,,,PENDING,,,,,,,,,,,,,,,,,PENDING,pending,needs_permission,,,,RETRY_RESEARCHED_PENDING
3695,SWI-SOC-ELE-E0815B,PCS,Elegance 15A Round Pin Swi Soc Neon-blk (E0815B),Electrical,,E0815B,,,PENDING,,,,,,,,,,,,,,,,,PENDING,pending,needs_permission,,,,RETRY_RESEARCHED_PENDING
3698,BAT-CHA-CHG-AA-4PCS,PCK,Ener Maxi Chgr 4AA,Electrical,,4AA,,,PENDING,,,,,,,,,,,,,,,,,PENDING,pending,needs_permission,,,,RETRY_RESEARCHED_PENDING
3699,BLI-HSS-HOL-SAW-19MM,PCS,Blimax Hss Hole SAW-19MM,Power Tool Accessories,,SAW-19MM,,,PENDING,,,,,,,,,,,,,,,,,PENDING,pending,needs_permission,,,,RETRY_RESEARCHED_PENDING
3700,COC-BIB-LT8519-2WAY-K2B,PCS,Luxtec 2WAY Bib Tap,Plumbing,,2WAY,,,PENDING,,,,,,,,,,,,,,,,,PENDING,pending,needs_permission,,,,RETRY_RESEARCHED_PENDING
3701,DIS-DIA-BOS-100MM,PCS,Blimax Diamond Cup,Other,,WHEEL-Q2,,,PENDING,,,,,,,,,,,,,,,,,PENDING,pending,needs_permission,,,,RETRY_RESEARCHED_PENDING
3702,DOR-CYL-ACL-2000/60MM,PCS,Ss/et Armor Cyl. Lock,Locks & Security,,ACL-2000/60MM,,,PENDING,,,,,,,,,,,,,,,,,PENDING,pending,needs_permission,,,,RETRY_RESEARCHED_PENDING
3703,DOR-H&S-BS065MM,DOZ,Rb Hasp & STAPLE-65MM,Fasteners & Fixings,,STAPLE-65MM,,,PENDING,,,,,,,,,,,,,,,,,PENDING,pending,needs_permission,,,,RETRY_RESEARCHED_PENDING
3704,ELE-ADA-EB2722,PCS,E27 To B22 Lamp Adaptor (black),Lighting,,E27,,,PENDING,,,,,,,,,,,,,,,,,PENDING,pending,needs_permission,,,,RETRY_RESEARCHED_PENDING
3705,FAS-BOL-EXP-TRAC140-M10X110X60,PCS,M10 X 110 X 60 Brain Hook Expansion Bolt,Fasteners & Fixings,,M10,,,PENDING,,,,,,,,,,,,,,,,,PENDING,pending,needs_permission,,,,RETRY_RESEARCHED_PENDING
3706,"FAS-SCR-F/H-5/8"" X 8#",PCK,Sr F/h Self Drilling Screw 5/8 X 8 (20PCS/PCK),Fasteners & Fixings,,20PCS/PCK,,,PENDING,,,,,,,,,,,,,,,,,PENDING,pending,needs_permission,,,,RETRY_RESEARCHED_PENDING
3707,"FAS-SCR-TAP-CSK-6#1-1/2""",PACK,"6 X1-1/2""CSK Self Tap Screw-flat Head (20PCS/PCK)",Fasteners & Fixings,,X1-1/2,,,PENDING,,,,,,,,,,,,,,,,,PENDING,pending,needs_permission,,,,RETRY_RESEARCHED_PENDING
3708,HHD-DKI-FLO-VAL,PCS,Dki Isb Cistern Float,Fishing & Tackle,,VALVE-440,,,PENDING,,,,,,,,,,,,,,,,,PENDING,pending,needs_permission,,,,RETRY_RESEARCHED_PENDING
3709,HOS-CON-EG4027-40200009,PCS,Ecogreen-snap IN Dual Shut Off,Outdoor & Garden,,EG4027,,,PENDING,,,,,,,,,,,,,,,,,PENDING,pending,needs_permission,,,,RETRY_RESEARCHED_PENDING
3711,IND-CAN-CANVAS,PCS,Kingsjaw Pyramid Canopy Canvas Only,Building Materials,,3X3MTR,,,PENDING,,,,,,,,,,,,,,,,,PENDING,pending,needs_permission,,,,RETRY_RESEARCHED_PENDING
3712,LOC-BR-TZ6491SN,SET,Sn/et *jtc* Tubular Lever Lock,Locks & Security,,JTL-6491,,,PENDING,,,,,,,,,,,,,,,,,PENDING,pending,needs_permission,,,,RETRY_RESEARCHED_PENDING
3713,NAI-SQU-SUP-050MM-1KG,PCK,E. G Square Boat Nail 50MM - 1KGS,Fasteners & Fixings,,1KGS,,,PENDING,,,,,,,,,,,,,,,,,PENDING,pending,needs_permission,,,,RETRY_RESEARCHED_PENDING
3717,SHH-HOOK-1920SS6/0,PCK,No. 6/0 Eupro Fishing Hook (6'S),Fishing & Tackle,,1920-SS,,,PENDING,,,,,,,,,,,,,,,,,PENDING,pending,needs_permission,,,,RETRY_RESEARCHED_PENDING
3719,SWI-LAM-HOL-B218E27,PCS,E27 Hanging Holder Blk,Electrical,,E27,,,PENDING,,,,,,,,,,,,,,,,,PENDING,pending,needs_permission,,,,RETRY_RESEARCHED_PENDING
3721,X-CAR-WAX-MUL-CLE-A10,PCS,A10 Multi Clean - 500ML,Power Tools,,A10,,,PENDING,,,,,,,,,,,,,,,,,PENDING,pending,needs_permission,,,,RETRY_RESEARCHED_PENDING
3722,BAS-CAB-CKS330/331BK,UNIT,Cabana Basket - (400X260),Housewares,,400X260,,,PENDING,,,,,,,,,,,,,,,,,PENDING,pending,needs_permission,,,,RETRY_RESEARCHED_PENDING
3723,BLI-HSS-HOL-SAW-40MM,PCS,Blimax Hss Hole SAW-40MM,Power Tool Accessories,,SAW-40MM,,,PENDING,,,,,,,,,,,,,,,,,PENDING,pending,needs_permission,,,,RETRY_RESEARCHED_PENDING
3724,BNW-BOL-SS304-M10-25MM,PCS,SS 304 Bolt - M10 X 25MM,Fasteners & Fixings,,M10,,,PENDING,,,,,,,,,,,,,,,,,PENDING,pending,needs_permission,,,,RETRY_RESEARCHED_PENDING
3725,CUT-DIS-KCW-350,PCS,Qs Cutting Wheel 14,Abrasives & Cutting,,JJ-KCW350,,,PENDING,,,,,,,,,,,,,,,,,PENDING,pending,needs_permission,,,,RETRY_RESEARCHED_PENDING
3726,CUT-ELE-EDM-4060,PCS,4 X 60 Gold Elephant Mop Disc,Housewares,,EDM-4060,,,PENDING,,,,,,,,,,,,,,,,,PENDING,pending,needs_permission,,,,RETRY_RESEARCHED_PENDING
3727,CUT-KNI-LC390,PCS,Tajima Utility Knife,Hand Tools,,LC-390,,,PENDING,,,,,,,,,,,,,,,,,PENDING,pending,needs_permission,,,,RETRY_RESEARCHED_PENDING
3728,ELE-LED-SOL-EMGY-200W-3CLR,PCS,Solar Emergency,Electrical,,200W-3CLR,,,PENDING,,,,,,,,,,,,,,,,,PENDING,pending,needs_permission,,,,RETRY_RESEARCHED_PENDING
3730,"FAS-SCR-DRY-WHI-6#3/4""-BOX",BOX,Hunter/wh - Drywall Screw 6 X3/4,Fasteners & Fixings,,X3/4,,,PENDING,,,,,,,,,,,,,,,,,PENDING,pending,needs_permission,,,,RETRY_RESEARCHED_PENDING
3731,"FAS-SCR-F/H-1"" X 8#",PKT,Sr F/h Self Drilling Screw 1 X 8 (20PCS/PCK),Fasteners & Fixings,,20PCS/PCK,,,PENDING,,,,,,,,,,,,,,,,,PENDING,pending,needs_permission,,,,RETRY_RESEARCHED_PENDING
3732,"FAS-SCR-P/H-1 1/4"" X 8#",PCK,Sr P/h Self Drilling Screw 1 1/4 X 8 (20PCS/PCK),Fasteners & Fixings,,20PCS/PCK,,,PENDING,,,,,,,,,,,,,,,,,PENDING,pending,needs_permission,,,,RETRY_RESEARCHED_PENDING
3733,"FAS-SCR-TAP-CSK-8#1""-PCK",PACK,"8 X1""CSK Self Tapping Screw-flat Head (10PCS/PCK)",Fasteners & Fixings,,10PCS/PCK,,,PENDING,,,,,,,,,,,,,,,,,PENDING,pending,needs_permission,,,,RETRY_RESEARCHED_PENDING
3734,FIR-EXT-CO2-2KG,NOS,2KG CO2 Fire Extinguisher,Safety & Workwear,,CO2,,,PENDING,,,,,,,,,,,,,,,,,PENDING,pending,needs_permission,,,,RETRY_RESEARCHED_PENDING
3735,HOS-FLE-VIP-PP20,PCS,PP-20 White Nylon Vip Flexible Tube,Outdoor & Garden,,PP-20,,,PENDING,,,,,,,,,,,,,,,,,PENDING,pending,needs_permission,,,,RETRY_RESEARCHED_PENDING
3736,HOS-SPA-DIS-C337-N,CARD,C337 Cartridge Spare Disc,Outdoor & Garden,,C337,,,PENDING,,,,,,,,,,,,,,,,,PENDING,pending,needs_permission,,,,RETRY_RESEARCHED_PENDING
3737,IND-CAS-SCR-10MM,PCK,2 Screw (4PCS/PCK) CASTER-10MM,Fasteners & Fixings,,4PCS/PCK,,,PENDING,,,,,,,,,,,,,,,,,PENDING,pending,needs_permission,,,,RETRY_RESEARCHED_PENDING
3738,IND-SCP-FR9788-1-1/2,DOZ,1-1/2 Faris W Handle Finishing Scraper,Doors & Hardware,,FR9788,,,PENDING,,,,,,,,,,,,,,,,,PENDING,pending,needs_permission,,,,RETRY_RESEARCHED_PENDING
3739,IND-SCP-FR9788-2,PCS,2 Faris W Handle Finishing Scraper,Doors & Hardware,,FR9788,,,PENDING,,,,,,,,,,,,,,,,,PENDING,pending,needs_permission,,,,RETRY_RESEARCHED_PENDING
3742,PVC-BID-HAND-2278A,PCS,2278A PVC Bidet Handle Only,Bathroom,,,,,PENDING,,,,,,,,,,,,,,,,,PENDING,pending,needs_permission,,,,RETRY_RESEARCHED_PENDING
3743,PYE-SLA-SEAL-5.0LTR,TIN,PYE Slate Seal 5.0LTR,Building Materials,,5.0LTR,,,PENDING,,,,,,,,,,,,,,,,,PENDING,pending,needs_permission,,,,RETRY_RESEARCHED_PENDING
3745,SAF-SHO-NK80-07,PAIR,Neuking NK80 Black 07,Safety & Workwear,,NK80,,,PENDING,,,,,,,,,,,,,,,,,PENDING,pending,needs_permission,,,,RETRY_RESEARCHED_PENDING
3746,SWI-SOC-ULT-M041MG,PCS,Ultra 16A 4 GANG 1 Way-matte Grey (M041MG),Electrical,,M041MG,,,PENDING,,,,,,,,,,,,,,,,,PENDING,pending,needs_permission,,,,RETRY_RESEARCHED_PENDING
3747,"TAP-SIN-BOL-PVC-1-1/4""+1-1/2""",PCS,"Otosani 1-1/4""+1-1/2 2IN1 PVC Flexible Bottle Trap (anti-odor)",Plumbing,,2IN1,,,PENDING,,,,,,,,,,,,,,,,,PENDING,pending,needs_permission,,,,RETRY_RESEARCHED_PENDING
3749,"TOO-FIL-WOO-8""",PCS,D'xin (DX-FH-6908) Taper Head Wood Rasp 8,Power Tools,,DX-FH-6908,,,PENDING,,,,,,,,,,,,,,,,,PENDING,pending,needs_permission,,,,RETRY_RESEARCHED_PENDING
3750,BURR-CAR-T.C.T-AX1225,PCS,Blimax Carbide BURR-AX1225,Other,,BURR-AX1225,,,PENDING,,,,,,,,,,,,,,,,,PENDING,pending,needs_permission,,,,RETRY_RESEARCHED_PENDING
3751,CON-LVR-FR3001,PCS,Control Lever Complete (FR3001),Other,,FR3001,,,PENDING,,,,,,,,,,,,,,,,,PENDING,pending,needs_permission,,,,RETRY_RESEARCHED_PENDING
3752,CR-1220/5BE,PCS,CR-1220/5B Lithium 3V,Other,,CR-1220/5B,,,PENDING,,,,,,,,,,,,,,,,,PENDING,pending,needs_permission,,,,RETRY_RESEARCHED_PENDING
3753,CUT-KNI-HOL-JM-81,PCS,Jayamata Knives Black Finish,Abrasives & Cutting,,JM-81,,,PENDING,,,,,,,,,,,,,,,,,PENDING,pending,needs_permission,,,,RETRY_RESEARCHED_PENDING
3754,"CUT-KNI-JYMT-JM90-16""",PCS,JM90-16 J/mata Atap Knife,Abrasives & Cutting,,JM90-16,,,PENDING,,,,,,,,,,,,,,,,,PENDING,pending,needs_permission,,,,RETRY_RESEARCHED_PENDING
3755,CUT-SAW-WAL-BOA-W2669,PCS,Wall Board Saw,Building Materials,,W2669,,,PENDING,,,,,,,,,,,,,,,,,PENDING,pending,needs_permission,,,,RETRY_RESEARCHED_PENDING
3756,ELE-D/L-MGM-MQTL2048-6500K,PCS,Mgm 2 1/2 7W Eye Ball Dl,Electrical,,MQTL2048,,,PENDING,,,,,,,,,,,,,,,,,PENDING,pending,needs_permission,,,,RETRY_RESEARCHED_PENDING
3757,ELE-LED-FLO-SOR-100W,UNIT,Ilite Solar Street,Electrical,,RY-100W,,,PENDING,,,,,,,,,,,,,,,,,PENDING,pending,needs_permission,,,,RETRY_RESEARCHED_PENDING
3758,ELE-LED-SOL-YB-K7672-60W,SET,Marviss 60W Outdoor Sensor Solar Light (K7672),Electrical,,K7672,,,PENDING,,,,,,,,,,,,,,,,,PENDING,pending,needs_permission,,,,RETRY_RESEARCHED_PENDING
3759,"FAS-SCR-P/H-5/8"" X 8#",PCK,Sr P/h Self Drilling Screw 5/8 X 8 (20PCS/PCK),Fasteners & Fixings,,20PCS/PCK,,,PENDING,,,,,,,,,,,,,,,,,PENDING,pending,needs_permission,,,,RETRY_RESEARCHED_PENDING
3760,FLO-PVC-484-09,ROLL,PVC Flooring No. 338-02,Flooring,,NO.338-02,,,PENDING,,,,,,,,,,,,,,,,,PENDING,pending,needs_permission,,,,RETRY_RESEARCHED_PENDING
3761,GAR-HOE-FOR-STE-3LBS,PCS,3LBS 105 Forged Steel Fork Hoe,Outdoor & Garden,,3LBS,,,PENDING,,,,,,,,,,,,,,,,,PENDING,pending,needs_permission,,,,RETRY_RESEARCHED_PENDING
3762,GAR-RAK-BLA-4T,PCS,4TEETH Framer Rake,Outdoor & Garden,,4TEETH,,,PENDING,,,,,,,,,,,,,,,,,PENDING,pending,needs_permission,,,,RETRY_RESEARCHED_PENDING
3763,GRA-CUT-BRU-4140306001,PAIR,Brush Pair,Outdoor & Garden,,STGT5100/6100/7100,,,PENDING,,,,,,,,,,,,,,,,,PENDING,pending,needs_permission,,,,RETRY_RESEARCHED_PENDING
3764,GRA-CUT-STC1820EPCF,UNIT,Black+decker Power Command 18V,Outdoor & Garden,,,,,PENDING,,,,,,,,,,,,,,,,,PENDING,pending,needs_permission,,,,RETRY_RESEARCHED_PENDING
3766,IND-DUS-ALI-240L,UNIT,Aliclean HDPE Dustbin 240LTR,Plumbing,,240LTR,,,PENDING,,,,,,,,,,,,,,,,,PENDING,pending,needs_permission,,,,RETRY_RESEARCHED_PENDING
3767,INS-IS8503(P),NOS,Pedestal IS8503(P),Other,,IS8503,,,PENDING,,,,,,,,,,,,,,,,,PENDING,pending,needs_permission,,,,RETRY_RESEARCHED_PENDING
3769,LI-HEA-HX816,PCS,HX816 Head Light,Other,,HX816,,,PENDING,,,,,,,,,,,,,,,,,PENDING,pending,needs_permission,,,,RETRY_RESEARCHED_PENDING
3770,SWI-LAM-HOL-W218E27,PCS,E27 Hanging Holder Wh,Electrical,,E27,,,PENDING,,,,,,,,,,,,,,,,,PENDING,pending,needs_permission,,,,RETRY_RESEARCHED_PENDING
3771,SWI-SOC-ELE-PTGY800,PCS,800MM Power Tracks (surface)-grey (GY800),Electrical,,GY800,,,PENDING,,,,,,,,,,,,,,,,,PENDING,pending,needs_permission,,,,RETRY_RESEARCHED_PENDING
3772,TAP-CAB-CB6331,UNIT,Cabana S/steel Drinking Tap,Plumbing,,CB6331,,,PENDING,Cabana Malaysia,CB6331,Stainless-steel drinking tap,Cabana CB6331 Stainless Steel Drinking Tap,https://www.cabana.com.my/index.php/products/kitchen/kitchen-faucet/cb6331-detail,Official Malaysian manufacturer product page,1A,https://www.cabana.com.my/images/virtuemart/product/CB6331.jpg,EXACT_SKU,99,97,Exact model/variant is identified on the authoritative source page and the page exposes a model-specific product image preserved locally for SHA-256 evidence.,"Model-specific page/image was used; adjacent size, colour, pack or step variants were not substituted.","Exact model, relevant suffix/size/variant, authoritative source URL and exact image asset are preserved; no material conflict.",NONE,NONE,VERIFIED_CANDIDATE,candidate,needs_permission,/home/ubuntu/work/retry_branded_2501_7771/assets/3772.jpg,99087697abdb821951fd556256dd751269cfdfa959e255a78ba533406468e6b4,98428,RETRY_RESEARCHED
3773,TAP-PRE-TB-2016Q,PCS,Premio: Wall Bib Tap,Plumbing,,TB-2016Q,,,PENDING,,,,,,,,,,,,,,,,,PENDING,pending,needs_permission,,,,RETRY_RESEARCHED_PENDING
3774,"TOO-DRV-STA-PH1-3/16""X6""",PCS,"Cushion Grip S/dr PHILIPS-3/16""X6""X1PT ( 1X150MM)",Power Tools,,PHILIPS-3/16,,,PENDING,,,,,,,,,,,,,,,,,PENDING,pending,needs_permission,,,,RETRY_RESEARCHED_PENDING
3775,TOO-PLI-CIR-WHS200,PCS,Intl Plier Straight 200MM,Hand Tools,,WHS200,,,PENDING,,,,,,,,,,,,,,,,,PENDING,pending,needs_permission,,,,RETRY_RESEARCHED_PENDING
3776,TOO-WRE-PIP-W200C,PCS,Heavy Pipe Wrench (200MM),Hand Tools,,W200A,,,PENDING,,,,,,,,,,,,,,,,,PENDING,pending,needs_permission,,,,RETRY_RESEARCHED_PENDING
3777,X-FLO-MOC-N813D,PCS,"16""X16 Floor Tiles N813D",Power Tools,,X16,,,PENDING,,,,,,,,,,,,,,,,,PENDING,pending,needs_permission,,,,RETRY_RESEARCHED_PENDING
3778,"BRA-SHE-S/S-G785-12""",SET,G785 304 H/duty Shelf Bracket 12,Housewares,,G785,,,PENDING,,,,,,,,,,,,,,,,,PENDING,pending,needs_permission,,,,RETRY_RESEARCHED_PENDING
3779,CHA-SAW-IETO-HD1012,SET,Ieto Electric Chain Saw Stand HD1012,"Rope, Chain & Netting",,HD1012,,,PENDING,,,,,,,,,,,,,,,,,PENDING,pending,needs_permission,,,,RETRY_RESEARCHED_PENDING
3781,ELE-D/L-HOME-HGD604-18W-6500K,PCS,Hms Downlite Hgd 604/18W 6500K,Electrical,,604/18W,,,PENDING,,,,,,,,,,,,,,,,,PENDING,pending,needs_permission,,,,RETRY_RESEARCHED_PENDING
3782,"FAS-RIV-PAT-1/8""X5/16""-BOX",BOX,Blind Rivet: Jaguar 1/8 X 5/16 (1000PCS/BOX),Fasteners & Fixings,,1000PCS/BOX,,,PENDING,,,,,,,,,,,,,,,,,PENDING,pending,needs_permission,,,,RETRY_RESEARCHED_PENDING
3783,FAS-RIV-PAT-5/32X5/8-BOX,BOX,Blind Rivet: Jaguar 5/32 X 5/8 (500PCS/BOX),Fasteners & Fixings,,500PCS/BOX,,,PENDING,,,,,,,,,,,,,,,,,PENDING,pending,needs_permission,,,,RETRY_RESEARCHED_PENDING
3784,FLO-MOC-SC33016F,PCS,SC33016F Homo 300X300MM,Flooring,,SC33016F,,,PENDING,,,,,,,,,,,,,,,,,PENDING,pending,needs_permission,,,,RETRY_RESEARCHED_PENDING
3785,"IND-CAS-H/DUTY-MCLFC-6""",PCS,6 DL5 H/duty Mcl Fixed Caster,Building Materials,,DL5,,,PENDING,,,,,,,,,,,,,,,,,PENDING,pending,needs_permission,,,,RETRY_RESEARCHED_PENDING
3787,MEA-TAP-SUN-5.0M,PCS,Sunlon M. Tape 5.0M/16,Hand Tools,,5.0M/16,,,PENDING,,,,,,,,,,,,,,,,,PENDING,pending,needs_permission,,,,RETRY_RESEARCHED_PENDING
3788,PAI-TIG-75MLALU*,PCS,75ML Tiger Aluminium,Paint & Sundries,,PAINT-203,,,PENDING,,,,,,,,,,,,,,,,,PENDING,pending,needs_permission,,,,RETRY_RESEARCHED_PENDING
3789,PEN-TES-BLM452,PCS,Blimax Test PEN-BLM452,Housewares,,PEN-BLM452,,,PENDING,,,,,,,,,,,,,,,,,PENDING,pending,needs_permission,,,,RETRY_RESEARCHED_PENDING
3790,SAF-SHO-NK80-06,PAIR,Neuking NK80 Black 06,Safety & Workwear,,NK80,,,PENDING,,,,,,,,,,,,,,,,,PENDING,pending,needs_permission,,,,RETRY_RESEARCHED_PENDING
3791,SAF-SHO-SOB-09#,PAIR,Sobar P800 Safety Shoes 9,Safety & Workwear,,P800,,,PENDING,,,,,,,,,,,,,,,,,PENDING,pending,needs_permission,,,,RETRY_RESEARCHED_PENDING
3792,"SANDEX-VEL-PAD-M10-5""",PCS,"Sandex 5 Velcro Backing PAD,M10",Abrasives & Cutting,,M10,,,PENDING,,,,,,,,,,,,,,,,,PENDING,pending,needs_permission,,,,RETRY_RESEARCHED_PENDING
3793,SHH-MASK-YD18-JAPAN,PCS,Swim Mask (japan),Fishing & Tackle,,YD-18,,,PENDING,,,,,,,,,,,,,,,,,PENDING,pending,needs_permission,,,,RETRY_RESEARCHED_PENDING
3795,SWI-SOC-MK-S2893,PCS,Mk Whi Sp 15A Switch Socket - Slimline Plus,Electrical,,S2893,,,PENDING,,,,,,,,,,,,,,,,,PENDING,pending,needs_permission,,,,RETRY_RESEARCHED_PENDING
3796,SWI-SOC-ULT-M0815MG,PCS,Ultra 15A Round Pin Swi Soc Neon-mat Grey (M0815MG),Electrical,,M0815MG,,,PENDING,,,,,,,,,,,,,,,,,PENDING,pending,needs_permission,,,,RETRY_RESEARCHED_PENDING
3797,"TOO-CLA-F-BLI-6""",PCS,Blimax Quick Release F CLAMP-6,Hand Tools,,CLAMP-6,,,PENDING,,,,,,,,,,,,,,,,,PENDING,pending,needs_permission,,,,RETRY_RESEARCHED_PENDING
3798,TOO-COM-W0305K-13*15MM,PCS,2 Open Wrench (13*15MM),Hand Tools,,13*15MM,,,PENDING,,,,,,,,,,,,,,,,,PENDING,pending,needs_permission,,,,RETRY_RESEARCHED_PENDING
3799,TOO-FIL-BCC-4.8200MM,PCS,Bahco Chain Saw File 168-8-4.8-3P 3/161IN (PCS),Hand Tools,,168-8-4.8-3P,,,PENDING,,,,,,,,,,,,,,,,,PENDING,pending,needs_permission,,,,RETRY_RESEARCHED_PENDING
3800,TOO-GUN-GLU-STA-996069GR10B,PCS,Mini Hot Melt Glue Gun- Round Pin,Chemicals & Adhesives,,100-240V/15W,,,PENDING,,,,,,,,,,,,,,,,,PENDING,pending,needs_permission,,,,RETRY_RESEARCHED_PENDING
3804,WEL-ELE-J38.12-4.0MM,PCK,Welding Electrode X 4.0MM,Welding,,J38.12,,,PENDING,,,,,,,,,,,,,,,,,PENDING,pending,needs_permission,,,,RETRY_RESEARCHED_PENDING
3805,X-LEO-SUS304-ABL-L103S,PCS,Leon Sus 304 Ablution,Power Tools,,TAP-L103S,,,PENDING,,,,,,,,,,,,,,,,,PENDING,pending,needs_permission,,,,RETRY_RESEARCHED_PENDING
3806,X-LOC-SOL-CR503,SET,Solex Key Alike Padlock,Locks & Security,,CR503,,,PENDING,,,,,,,,,,,,,,,,,PENDING,pending,needs_permission,,,,RETRY_RESEARCHED_PENDING
3807,BAT-TOS-AA,BOX,Toshiba Battery Aa (4PCS/PCK),Electrical,,4PCS/PCK,,,PENDING,,,,,,,,,,,,,,,,,PENDING,pending,needs_permission,,,,RETRY_RESEARCHED_PENDING
3809,CEI-COR-314D,NOS,314D Cornice Corners,Building Materials,,314D,,,PENDING,,,,,,,,,,,,,,,,,PENDING,pending,needs_permission,,,,RETRY_RESEARCHED_PENDING
3810,COC-BAL-2WAY-05417,PCS,Bc 14 2WAY Ball Cock,Plumbing,,2WAY,,,PENDING,,,,,,,,,,,,,,,,,PENDING,pending,needs_permission,,,,RETRY_RESEARCHED_PENDING
3811,COC-BAL-L908,PCS,Leon 1/2 Lockable Ballcock- L908,Plumbing,,L908,,,PENDING,,,,,,,,,,,,,,,,,PENDING,pending,needs_permission,,,,RETRY_RESEARCHED_PENDING
3812,DOR-LAT-B4SS,DOZ,Leon S/steel Door LATCH-4,Doors & Hardware,,LATCH-4,,,PENDING,,,,,,,,,,,,,,,,,PENDING,pending,needs_permission,,,,RETRY_RESEARCHED_PENDING
3814,"FAS-SCR-CSK-1"" X 6G-PCK",PCK,Sr Csk Tapping Screw 1 X 6G (20PCS/PCK),Fasteners & Fixings,,20PCS/PCK,,,PENDING,,,,,,,,,,,,,,,,,PENDING,pending,needs_permission,,,,RETRY_RESEARCHED_PENDING
3816,GUN-T-9000,PCS,Ceiling Tufting Gun Big,Fasteners & Fixings,,T-9000,,,PENDING,,,,,,,,,,,,,,,,,PENDING,pending,needs_permission,,,,RETRY_RESEARCHED_PENDING
3817,HAN-BLI-STE-400MMX32MM,SET,Bliton Steel Pull Handle 400MMX32MM,Doors & Hardware,,400MMX32MM,,,PENDING,,,,,,,,,,,,,,,,,PENDING,pending,needs_permission,,,,RETRY_RESEARCHED_PENDING
3821,RAI-BOO-KRK-B41M9000,PAIR,Korakoh Rain Shoes Blk - 8/41,Curtains & Blinds,,M9000,,,PENDING,,,,,,,,,,,,,,,,,PENDING,pending,needs_permission,,,,RETRY_RESEARCHED_PENDING
3822,SAF-LAS-CAR-2515FT,PCS,Ratchet Tie Down,Safety & Workwear,,L/DUTY-700KG,,,PENDING,,,,,,,,,,,,,,,,,PENDING,pending,needs_permission,,,,RETRY_RESEARCHED_PENDING
3823,SAF-SHO-NK80-09,PAIR,Neuking NK80 Black 09,Safety & Workwear,,NK80,,,PENDING,,,,,,,,,,,,,,,,,PENDING,pending,needs_permission,,,,RETRY_RESEARCHED_PENDING
3824,SHE-CAB-CB501A,UNIT,Cabana Glass Shelf CB501A,Building Materials,,CB501A,,,PENDING,,,,,,,,,,,,,,,,,PENDING,pending,needs_permission,,,,RETRY_RESEARCHED_PENDING
3825,SHH-FROG-STFM-55MM,PCS,Huangxin/huizhu Frog W/spiner 3.0CM,Fishing & Tackle,,10898H,,,PENDING,,,,,,,,,,,,,,,,,PENDING,pending,needs_permission,,,,RETRY_RESEARCHED_PENDING
3826,SIN-NOZ-R007,PCS,R007 WN03 Sink Tap Nozzle,Kitchen & Sinks,,R007,,,PENDING,,,,,,,,,,,,,,,,,PENDING,pending,needs_permission,,,,RETRY_RESEARCHED_PENDING
3828,TOO-DRV-STA-6.5X150MM-9960651930,PCS,"Cushion Grip S/dr Std - (1/4""X6"")",Power Tools,,6.5X150MM,,,PENDING,,,,,,,,,,,,,,,,,PENDING,pending,needs_permission,,,,RETRY_RESEARCHED_PENDING
3830,VAL-ANG-CVL-CA9008,PCS,Cavallo Angle Valve CA9008 304SS 2-WAY,Plumbing,,CA9008,,,PENDING,,,,,,,,,,,,,,,,,PENDING,pending,needs_permission,,,,RETRY_RESEARCHED_PENDING
3831,VAL-ANG-CVL-CA9009,PCS,Cavallo 304 SS Angle Valve,Plumbing,,CA9009,,,PENDING,,,,,,,,,,,,,,,,,PENDING,pending,needs_permission,,,,RETRY_RESEARCHED_PENDING
3832,BNW-BOL-SS304-M12-40MM,PCS,SS 304 Bolt - M12 X 40MM,Fasteners & Fixings,,M12,,,PENDING,,,,,,,,,,,,,,,,,PENDING,pending,needs_permission,,,,RETRY_RESEARCHED_PENDING
3833,DC-MCB303,SET,Carbon Brush DC-MCB303,Power Tools,,DC-MCB303,,,PENDING,,,,,,,,,,,,,,,,,PENDING,pending,needs_permission,,,,RETRY_RESEARCHED_PENDING
3834,"FAS-SCR-F/H-3/4"" X 8#",PCK,Sr F/h Self Drilling Screw 3/4 X 8 (20PCS/PCK),Fasteners & Fixings,,20PCS/PCK,,,PENDING,,,,,,,,,,,,,,,,,PENDING,pending,needs_permission,,,,RETRY_RESEARCHED_PENDING
3835,"FAS-SCR-P/H-3/4"" X 8#-BOX",BOX,Sr P/h Self Drilling Screw 3/4 X 8 (1000PCS/BOX),Fasteners & Fixings,,1000PCS/BOX,,,PENDING,,,,,,,,,,,,,,,,,PENDING,pending,needs_permission,,,,RETRY_RESEARCHED_PENDING
3836,FAS-SCR-TECH-METAL-65MM-PCK,PCK,Techscrew-metal Screw X 65MM (50PCS/PCK),Fasteners & Fixings,,50PCS/PCK,,,PENDING,,,,,,,,,,,,,,,,,PENDING,pending,needs_permission,,,,RETRY_RESEARCHED_PENDING
3837,FIR-EXT-EVE-9KG,PCS,Eversafe Abc Fire Extinguisher 9KGS,Safety & Workwear,,9KGS,,,PENDING,,,,,,,,,,,,,,,,,PENDING,pending,needs_permission,,,,RETRY_RESEARCHED_PENDING
3838,HOS-FLE-DL5-FB30,PCS,DL5 30CM Flex. Extension Faucet (orange Tube),Electrical,,DL5,,,PENDING,,,,,,,,,,,,,,,,,PENDING,pending,needs_permission,,,,RETRY_RESEARCHED_PENDING
3839,"HOS-FLE-VIP-PP36""",PCS,PP-36 White Nylon Vip Flexible Tube,Outdoor & Garden,,PP-36,,,PENDING,,,,,,,,,,,,,,,,,PENDING,pending,needs_permission,,,,RETRY_RESEARCHED_PENDING
3841,LOC-COL-ZK504,SET,Safety Chrome Plated Padlock ZK-504,Safety & Workwear,,ZK-504,,,PENDING,,,,,,,,,,,,,,,,,PENDING,pending,needs_permission,,,,RETRY_RESEARCHED_PENDING
3846,PYE-SLA-SEAL-1.0LTR,TIN,PYE Slate Seal 1.0LTR,Building Materials,,1.0LTR,,,PENDING,,,,,,,,,,,,,,,,,PENDING,pending,needs_permission,,,,RETRY_RESEARCHED_PENDING
3847,SHE-CAB-CB451A,UNIT,Cabana S/steel Shelf (satin) 350 X 130 X 75MM,Housewares,,CB451A,,,PENDING,,,,,,,,,,,,,,,,,PENDING,pending,needs_permission,,,,RETRY_RESEARCHED_PENDING
3848,SHH-HOO-4206-NO.1,PKT,4206 No. 1 Galah Hook (20'S),Fishing & Tackle,,NO.1,,,PENDING,,,,,,,,,,,,,,,,,PENDING,pending,needs_permission,,,,RETRY_RESEARCHED_PENDING
3849,SHH-SINKER-NO.4,PCK,Single Head Sinker No. 4 (2PCS/PCK),Fishing & Tackle,,2PCS/PCK,,,PENDING,,,,,,,,,,,,,,,,,PENDING,pending,needs_permission,,,,RETRY_RESEARCHED_PENDING
3850,STO-MOU-W242-50X25,PCS,Mounted Stone:k-prix Korea W242 (50X25),Abrasives & Cutting,,W242,,,PENDING,,,,,,,,,,,,,,,,,PENDING,pending,needs_permission,,,,RETRY_RESEARCHED_PENDING
3851,SWI-SOC-MK-NEO-S4787,PCS,Mk 20A Dp Switch W Neon Wide Rocker Socket,Electrical,,S4787NW,,,PENDING,,,,,,,,,,,,,,,,,PENDING,pending,needs_permission,,,,RETRY_RESEARCHED_PENDING
3852,SWI-SOC-ULT-M20AMG,PCS,Ultra 20A Dou Pole Swi Neon-mat Grey (M20AMG),Electrical,,M20AMG,,,PENDING,,,,,,,,,,,,,,,,,PENDING,pending,needs_permission,,,,RETRY_RESEARCHED_PENDING
3853,TAP-CAB-CB1520SS,PCS,Cab S/s Pillar Mounted Kitchen Tap,Plumbing,,CB1520SS,,,PENDING,,,,,,,,,,,,,,,,,PENDING,pending,needs_permission,,,,RETRY_RESEARCHED_PENDING
3854,TOO-SCR-EXTW0611,SET,5PCS Screw Extractor,Fasteners & Fixings,,W0611,,,PENDING,,,,,,,,,,,,,,,,,PENDING,pending,needs_permission,,,,RETRY_RESEARCHED_PENDING
3855,TOO-WRE-L-W0023C,PCS,L Type Wrench Crow BAR (21MM),Hand Tools,,W0023C,,,PENDING,,,,,,,,,,,,,,,,,PENDING,pending,needs_permission,,,,RETRY_RESEARCHED_PENDING
3856,WEL-MAC-MIG-MINI-200A,UNIT,Fighter Inverter MIG Machine 200A,Welding,,,,,PENDING,,,,,,,,,,,,,,,,,PENDING,pending,needs_permission,,,,RETRY_RESEARCHED_PENDING
3858,BRA-S/S-L-85383,PCS,Stainless Steel L Bracket 85383-85X85,Plumbing,,85383-85X85,,,PENDING,,,,,,,,,,,,,,,,,PENDING,pending,needs_permission,,,,RETRY_RESEARCHED_PENDING
3859,CLI-ELE-CAB-05MM100S,BOX,Cable Clip 5MM/100'S (bd),Electrical,,5MM/100,,,PENDING,,,,,,,,,,,,,,,,,PENDING,pending,needs_permission,,,,RETRY_RESEARCHED_PENDING
3860,CLI-ELE-CAB-09MM100'S,BOX,Cable Clip 9MM/100'S,Electrical,,9MM/100,,,PENDING,,,,,,,,,,,,,,,,,PENDING,pending,needs_permission,,,,RETRY_RESEARCHED_PENDING
3861,ELE-ADA-MS-PT13,PCS,"Morries Travel Adaptor For Uk,hk,sg& M'sia",Electrical,,MS-PT13,,,PENDING,,,,,,,,,,,,,,,,,PENDING,pending,needs_permission,,,,RETRY_RESEARCHED_PENDING
3862,ELE-HOL-293-B22,PCS,Bm B22 Wedge Holder-black (ovl),Electrical,,B22,,,PENDING,,,,,,,,,,,,,,,,,PENDING,pending,needs_permission,,,,RETRY_RESEARCHED_PENDING
3863,"FAS-RIV-PAT-1/8""X3/4""-PCK",PCK,Blind Rivet: Jaguar 1/8 X 3/4 (20PCS/PCK),Fasteners & Fixings,,20PCS/PCK,,,PENDING,,,,,,,,,,,,,,,,,PENDING,pending,needs_permission,,,,RETRY_RESEARCHED_PENDING
3867,GRA-CUT-A6046,PCS,"Nylon Line 37.5M, Black + Decker",Outdoor & Garden,,A6046,,,PENDING,,,,,,,,,,,,,,,,,PENDING,pending,needs_permission,,,,RETRY_RESEARCHED_PENDING
3871,PAI-SPR-PMT-037,CAN,Paint Master Spray Paint - No. 37 Forest Green,Paint & Sundries,,NO.37,,,PENDING,,,,,,,,,,,,,,,,,PENDING,pending,needs_permission,,,,RETRY_RESEARCHED_PENDING
3872,"PIP-UPVC-5255-1.1/2""",MTR,"1 1/2""(40MM) X 6M Upvc Pipe",Plumbing,,BS5255,,,PENDING,,,,,,,,,,,,,,,,,PENDING,pending,needs_permission,,,,RETRY_RESEARCHED_PENDING
3873,"SHH-NET-0.20D-1""",PCS,1 6'/100 Complete Set Net,Fishing & Tackle,,0.20D,,,PENDING,,,,,,,,,,,,,,,,,PENDING,pending,needs_permission,,,,RETRY_RESEARCHED_PENDING
3874,SWI-SOC-ELE-E20AB,PCS,Elegance 20A Double Pole Swi Neon-blk (E20AB),Electrical,,E20AB,,,PENDING,,,,,,,,,,,,,,,,,PENDING,pending,needs_permission,,,,RETRY_RESEARCHED_PENDING
3877,TOO-COM-W0305G-10*12MM,PCS,2 Open Wrench (10*12MM),Hand Tools,,10*12MM,,,PENDING,,,,,,,,,,,,,,,,,PENDING,pending,needs_permission,,,,RETRY_RESEARCHED_PENDING
3878,WEL-MAC-KEN-MMA160A,UNIT,Kende Inverter Welding Machine 160A,Welding,,,,,PENDING,,,,,,,,,,,,,,,,,PENDING,pending,needs_permission,,,,RETRY_RESEARCHED_PENDING
3880,X-FLO-MOC-M66065-QC184,PCS,600MM X 600MM Polished Tiles (nano) M66065,Power Tools,,M66065,,,PENDING,,,,,,,,,,,,,,,,,PENDING,pending,needs_permission,,,,RETRY_RESEARCHED_PENDING
3881,ABR-PAP-621-531,SHT,G150 Ewd Hand Sanding Sheet,Abrasives & Cutting,,G150,,,PENDING,,,,,,,,,,,,,,,,,PENDING,pending,needs_permission,,,,RETRY_RESEARCHED_PENDING
3882,BNW-B&N-RBN-115-BOX,BOX,Sr G. I Boit & Nut 3/16 X 1 1/2 (box),Fasteners & Fixings,,RBN-115,,,PENDING,,,,,,,,,,,,,,,,,PENDING,pending,needs_permission,,,,RETRY_RESEARCHED_PENDING
3883,BNW-B&N-RBN-215,PCK,Sr G. I Boit & Nut 1/4 X 1 1/2 (5PCS/PCK),Fasteners & Fixings,,5PCS/PCK,,,PENDING,,,,,,,,,,,,,,,,,PENDING,pending,needs_permission,,,,RETRY_RESEARCHED_PENDING
3884,BNW-BOL-SS304-M12-30MM,PCS,SS 304 Bolt - M12 X 30MM,Fasteners & Fixings,,M12,,,PENDING,,,,,,,,,,,,,,,,,PENDING,pending,needs_permission,,,,RETRY_RESEARCHED_PENDING
3885,COC-STO-C012,PCS,Brass Stop Cock - C012 12MM,Plumbing,,C012,,,PENDING,,,,,,,,,,,,,,,,,PENDING,pending,needs_permission,,,,RETRY_RESEARCHED_PENDING
3887,FAS-BOL-EXP-TRAC150-M12-140-80,PCS,M12 X 140 X 80 Brain Hook Expansion Bolt,Fasteners & Fixings,,M12,,,PENDING,,,,,,,,,,,,,,,,,PENDING,pending,needs_permission,,,,RETRY_RESEARCHED_PENDING
3888,"FAS-RIV-PAT-3/16""X3/8""-BOX",BOX,Blind Rivet: Jaguar 3/16 X 3/8 (500PCS/BOX),Fasteners & Fixings,,500PCS/BOX,,,PENDING,,,,,,,,,,,,,,,,,PENDING,pending,needs_permission,,,,RETRY_RESEARCHED_PENDING
3889,"FAS-SCR-DRY-BLA-6#1-1/4""BOX",BOX,Moon Arrow/bk - Drywall Screw 6,Fasteners & Fixings,,6#X1-1/4,,,PENDING,,,,,,,,,,,,,,,,,PENDING,pending,needs_permission,,,,RETRY_RESEARCHED_PENDING
3890,"FAS-SCR-P/H-1 1/2"" X 8#",PCK,Sr P/h Self Drilling Screw 1 1/2 X 8 (20PCS/PCK),Fasteners & Fixings,,20PCS/PCK,,,PENDING,,,,,,,,,,,,,,,,,PENDING,pending,needs_permission,,,,RETRY_RESEARCHED_PENDING
3891,"FAS-SCR-P/H-5/8"" X 8#-BOX",BOX,Sr P/h Self Drilling Screw 5/8 X 8 (1000PCS/BOX),Fasteners & Fixings,,1000PCS/BOX,,,PENDING,,,,,,,,,,,,,,,,,PENDING,pending,needs_permission,,,,RETRY_RESEARCHED_PENDING
3892,FIT-YG251-SOC-08MM-BRA,PCS,Y Brass Connector 8MM,Plumbing,,YG251,,,PENDING,,,,,,,,,,,,,,,,,PENDING,pending,needs_permission,,,,RETRY_RESEARCHED_PENDING
3893,FIT-YG251A-SOC-10MM-BRA,PCS,T Brass Connector 10MM,Plumbing,,YG251,,,PENDING,,,,,,,,,,,,,,,,,PENDING,pending,needs_permission,,,,RETRY_RESEARCHED_PENDING
3894,IND-COA-SKI-WHI-PCK,PCK,1KG Scp Skim Top Coat White (OC-2),Building Materials,,OC-2,,,PENDING,,,,,,,,,,,,,,,,,PENDING,pending,needs_permission,,,,RETRY_RESEARCHED_PENDING
3895,IND-DUS-SCH-120L,UNIT,Schaefer Waste Container (green) 120L,Plumbing,,,,,PENDING,,,,,,,,,,,,,,,,,PENDING,pending,needs_permission,,,,RETRY_RESEARCHED_PENDING
3899,SHH-HOOK-9255SS-2/0,PKT,Eupro Octopus S/s Hook 2/0 (11'S),Fishing & Tackle,,9255SS,,,PENDING,,,,,,,,,,,,,,,,,PENDING,pending,needs_permission,,,,RETRY_RESEARCHED_PENDING
3900,SWI-SH387-6MM,PCS,S/s Swivels 6MM (double Eyes),Electrical,,SH387,,,PENDING,,,,,,,,,,,,,,,,,PENDING,pending,needs_permission,,,,RETRY_RESEARCHED_PENDING
3901,TAP-CAB-CB889SS-BL,PCS,Cab Pillar Mounted Kit Tap (pull Out-blk),Plumbing,,CB889SS-BL,,,PENDING,,,,,,,,,,,,,,,,,PENDING,pending,needs_permission,,,,RETRY_RESEARCHED_PENDING
3902,TOO-NIE-TAM-T27,PCS,Nietz E/long Tamper Tx-star Wrench (red) 53283027,Hand Tools,Nietz,,,,PENDING,,,,,,,,,,,,,,,,,PENDING,pending,needs_permission,,,,RETRY_RESEARCHED_PENDING
3903,TOO-PLI-CIRWHB175,PCS,Intl Plier Bent Hose 175MM,Hand Tools,,WHB175B,,,PENDING,,,,,,,,,,,,,,,,,PENDING,pending,needs_permission,,,,RETRY_RESEARCHED_PENDING
3905,X-ELE-OSR-23W,PCS,Osram 3U 23W E27,Power Tools,,E27,,,PENDING,,,,,,,,,,,,,,,,,PENDING,pending,needs_permission,,,,RETRY_RESEARCHED_PENDING
3906,X-FLO-MOC-M66002-QC501AB,PCS,600MM X 600MM Polished Tiles (nano) M66002,Power Tools,,M66002,,,PENDING,,,,,,,,,,,,,,,,,PENDING,pending,needs_permission,,,,RETRY_RESEARCHED_PENDING
3907,ABR-PAP-621-541,SHT,Ewd Hand Sanding Sheet G1200,Abrasives & Cutting,,G1200,,,PENDING,,,,,,,,,,,,,,,,,PENDING,pending,needs_permission,,,,RETRY_RESEARCHED_PENDING
3908,BLI-HSS-HOL-SAW-34MM,PCS,Blimax Hss Hole SAW-34MM,Power Tool Accessories,,SAW-34MM,,,PENDING,,,,,,,,,,,,,,,,,PENDING,pending,needs_permission,,,,RETRY_RESEARCHED_PENDING
3909,BNW-B&N-RBN-210-BOX,BOX,Sr G. I Boit & Nut 1/4 X 1 (box),Fasteners & Fixings,,RBN-210,,,PENDING,,,,,,,,,,,,,,,,,PENDING,pending,needs_permission,,,,RETRY_RESEARCHED_PENDING
3910,CUT-GRA-SHE-JM817,PCS,Jayamata Grass Shears Red/black Handle,Doors & Hardware,,JM-817,,,PENDING,,,,,,,,,,,,,,,,,PENDING,pending,needs_permission,,,,RETRY_RESEARCHED_PENDING
3911,"CUT-KNI-JYMT-JM90-12""",PCS,Jayamata Parang Knife Atap 12,Abrasives & Cutting,,JM-90,,,PENDING,,,,,,,,,,,,,,,,,PENDING,pending,needs_permission,,,,RETRY_RESEARCHED_PENDING
3912,DOR-BOL-RAI-100M,DOZ,Rb Pad BOLT-4,Fasteners & Fixings,,BOLT-4,,,PENDING,,,,,,,,,,,,,,,,,PENDING,pending,needs_permission,,,,RETRY_RESEARCHED_PENDING
3913,DOR-HOL-822,PCS,Leon S/steel Magnetic Door HOLDER-822,Doors & Hardware,,HOLDER-822,,,PENDING,,,,,,,,,,,,,,,,,PENDING,pending,needs_permission,,,,RETRY_RESEARCHED_PENDING
3914,"FAS-SCR-DRY-WHI-6#1.1/2""BOX",BOX,Hunter/wh - Drywall Screw 6 X1-1/2,Fasteners & Fixings,,X1-1/2,,,PENDING,,,,,,,,,,,,,,,,,PENDING,pending,needs_permission,,,,RETRY_RESEARCHED_PENDING
3915,"FAS-SCR-TAP-CSK-6#2""",PACK,6 X2 Csk Self Tapping Screw-flat Head (10PCS/PCK),Fasteners & Fixings,,10PCS/PCK,,,PENDING,,,,,,,,,,,,,,,,,PENDING,pending,needs_permission,,,,RETRY_RESEARCHED_PENDING
3918,GLO-HAN-PVC-DOTS,PAIR,Cotton Glove W/side PVC Dots (PAIR),Safety & Workwear,Glotool,,,,PENDING,,,,,,,,,,,,,,,,,PENDING,pending,needs_permission,,,,RETRY_RESEARCHED_PENDING
3919,HOS-GAR-SET-114253,SET,Eagle - Stackable Hose Reel Set Hose: 6150,Fishing & Tackle,,W/20M,,,PENDING,,,,,,,,,,,,,,,,,PENDING,pending,needs_permission,,,,RETRY_RESEARCHED_PENDING
3920,IND-CAS-SCR-08MM,PCK,2 Screw (4PCS/PCK) CASTER-8MM,Fasteners & Fixings,,4PCS/PCK,,,PENDING,,,,,,,,,,,,,,,,,PENDING,pending,needs_permission,,,,RETRY_RESEARCHED_PENDING
3921,IND-FIL-1.0KG,ROLL,Stretch Film 1.0KG X 23 Micron X 500MM,Building Materials,,,,,PENDING,,,,,,,,,,,,,,,,,PENDING,pending,needs_permission,,,,RETRY_RESEARCHED_PENDING
3923,IND-TRU-PVC-150P,PCS,150P PVC Flat-bed Trailer,Building Materials,,150P,,,PENDING,,,,,,,,,,,,,,,,,PENDING,pending,needs_permission,,,,RETRY_RESEARCHED_PENDING
3924,JAC-STA-CNN-6TON,PAIR,China Jack Stand - 6TON,Automotive,,6TON,,,PENDING,,,,,,,,,,,,,,,,,PENDING,pending,needs_permission,,,,RETRY_RESEARCHED_PENDING
3926,MEA-TAP-SENSUI-JBM040-25FT,PCS,25FT Sensui Chrome Measuring Tape (S9),Hand Tools,,25FT,,,PENDING,,,,,,,,,,,,,,,,,PENDING,pending,needs_permission,,,,RETRY_RESEARCHED_PENDING
3927,NAI-SQU-SUP-100MM-1KGS,PKG,E. G Square Boat Nail 100MM 1KGS,Fasteners & Fixings,,1KGS,,,PENDING,,,,,,,,,,,,,,,,,PENDING,pending,needs_permission,,,,RETRY_RESEARCHED_PENDING
3929,SHH-HIN-LUR-101-125MM,PCS,3.2 80MM 5G Eupro K2 Lure (6'S) (mix Clr),Fishing & Tackle,,SPM3-10XMW,,,PENDING,,,,,,,,,,,,,,,,,PENDING,pending,needs_permission,,,,RETRY_RESEARCHED_PENDING
3930,SHH-HOO-4206-NO.2,PKT,4206 No. 2 Galah Hook (20'S),Fishing & Tackle,,NO.2,,,PENDING,,,,,,,,,,,,,,,,,PENDING,pending,needs_permission,,,,RETRY_RESEARCHED_PENDING
3932,SWI-SOC-ELE-E011B,PCS,Elegance 16A 1 GANG 1 Way-black (E011B),Electrical,,E011B,,,PENDING,,,,,,,,,,,,,,,,,PENDING,pending,needs_permission,,,,RETRY_RESEARCHED_PENDING
3933,TAP-CAB-CB1547SS-RG,PCS,Cabana 304 S/steel Pillar Mounted Kitchen Tap,Plumbing,,CB1547SS-RG,,,PENDING,,,,,,,,,,,,,,,,,PENDING,pending,needs_permission,,,,RETRY_RESEARCHED_PENDING
3934,TOO-BOX-PVC-8001,PCS,15IN Tool Box,Hand Tools,,W8001,,,PENDING,,,,,,,,,,,,,,,,,PENDING,pending,needs_permission,,,,RETRY_RESEARCHED_PENDING
3935,TOO-RUL-CAL-200,PCS,Vernier CALIPER-8,Hand Tools,,CALIPER-8,,,PENDING,,,,,,,,,,,,,,,,,PENDING,pending,needs_permission,,,,RETRY_RESEARCHED_PENDING
3936,TOO-VIC-W2485,PCS,Heavy Hinged Pipe Vise 5,Plumbing,,W2485,,,PENDING,,,,,,,,,,,,,,,,,PENDING,pending,needs_permission,,,,RETRY_RESEARCHED_PENDING
3937,TOO-WRE-CHAW0021B,PCS,"Chain Wrench 9""/225MM",Hand Tools,,W0021B,,,PENDING,,,,,,,,,,,,,,,,,PENDING,pending,needs_permission,,,,RETRY_RESEARCHED_PENDING
3938,VAL-BAL-VIP-343-18MM,PCS,Full Bore Ball VALVE:PN25 343 3/4,Plumbing,,VALVE:PN25,,,PENDING,,,,,,,,,,,,,,,,,PENDING,pending,needs_permission,,,,RETRY_RESEARCHED_PENDING
3939,VAL-CAB-CSK14B,UNIT,Cabana Stop Valve 1,Plumbing,,CSK14B,,,PENDING,,,,,,,,,,,,,,,,,PENDING,pending,needs_permission,,,,RETRY_RESEARCHED_PENDING
3940,X-HOO-CAB-CB8006-5,UNIT,Cabana 5 Robe Hook (satin),Power Tools,,CB8006-5,,,PENDING,,,,,,,,,,,,,,,,,PENDING,pending,needs_permission,,,,RETRY_RESEARCHED_PENDING
3941,AER-6U6,PCS,Aerico 6U6,Other,,6U6,,,PENDING,,,,,,,,,,,,,,,,,PENDING,pending,needs_permission,,,,RETRY_RESEARCHED_PENDING
3942,BAT-ENE-MINI-A27,PCK,Energizer Mini Al A27 BP1,Electrical,,A27,,,PENDING,,,,,,,,,,,,,,,,,PENDING,pending,needs_permission,,,,RETRY_RESEARCHED_PENDING
3943,BOS-2608-690-122,PCS,Sds + Pencil Flat Chisel,Power Tool Accessories,Bosch,,,,PENDING,,,,,,,,,,,,,,,,,PENDING,pending,needs_permission,,,,RETRY_RESEARCHED_PENDING
3946,"CLI-HOS-GP-2.3/4""",PCS,Gp S/steel Hose CLIP-2.3/4 (44-67MM),Outdoor & Garden,,CLIP-2.3/4,,,PENDING,,,,,,,,,,,,,,,,,PENDING,pending,needs_permission,,,,RETRY_RESEARCHED_PENDING
3948,"HHD-SOC-YG379MF-1/2""X70MM",PCS,Mxf S/steel Socket 1/2 X 70MM,Electrical,,YG379,,,PENDING,,,,,,,,,,,,,,,,,PENDING,pending,needs_permission,,,,RETRY_RESEARCHED_PENDING
3951,LOC-ENT-EPO-H051/AC,SET,Epo Entrance Lock Set (H051/AC),Locks & Security,,H051/AC,,,PENDING,,,,,,,,,,,,,,,,,PENDING,pending,needs_permission,,,,RETRY_RESEARCHED_PENDING
3952,NAIL-RIVET-ARN2575-BOX,BOX,Arrow Rivet Gun Round Nail 25 X 7.5MM (200PCS/BOX),Fasteners & Fixings,,200PCS/BOX,,,PENDING,,,,,,,,,,,,,,,,,PENDING,pending,needs_permission,,,,RETRY_RESEARCHED_PENDING
3953,PAI-BRU-LEON-830-25MM,PCS,Stag Paint Brush 1,Paint & Sundries,,NL-800,,,PENDING,,,,,,,,,,,,,,,,,PENDING,pending,needs_permission,,,,RETRY_RESEARCHED_PENDING
3955,"PIP-HDPE-32MM-1""",MTR,PN 12.5 X 100M HDPE Pipe,Plumbing,,SIRIM-32MM,,,PENDING,,,,,,,,,,,,,,,,,PENDING,pending,needs_permission,,,,RETRY_RESEARCHED_PENDING
3956,RAI-BOO-KRK-B38M9000,PAIR,Korakoh Rain Shoes Blk - 5/38,Curtains & Blinds,,M9000,,,PENDING,,,,,,,,,,,,,,,,,PENDING,pending,needs_permission,,,,RETRY_RESEARCHED_PENDING
3957,SHH-REEL-HK3000,PCS,Fishing Reel (12BB),Fishing & Tackle,,12BB,,,PENDING,,,,,,,,,,,,,,,,,PENDING,pending,needs_permission,,,,RETRY_RESEARCHED_PENDING
3958,SWI-SOC-ELE-E08213B,PCS,Elegance 13A 2 GANG Flat Pin Swi Soc Neon-blk (E08213B),Electrical,,E08213B,,,PENDING,,,,,,,,,,,,,,,,,PENDING,pending,needs_permission,,,,RETRY_RESEARCHED_PENDING
3959,SWI-SOC-ULT-M012MG,PCS,Ultra 16A 1 GANG 2 Way-matte Grey (M012MG),Electrical,,M012MG,,,PENDING,,,,,,,,,,,,,,,,,PENDING,pending,needs_permission,,,,RETRY_RESEARCHED_PENDING
3960,TAP-CAB-CB1509ASS,PCS,S/steel Pillar Mounted Kitchen Tap CB1509ASS,Plumbing,,CB1509ASS,,,PENDING,,,,,,,,,,,,,,,,,PENDING,pending,needs_permission,,,,RETRY_RESEARCHED_PENDING
3961,TAP-PIL-OTO-966-8,PCS,966-8 OTOSANI'304 S/s H/duty Hot&cold Pillar Tap,Plumbing,,304#S/S,,,PENDING,,,,,,,,,,,,,,,,,PENDING,pending,needs_permission,,,,RETRY_RESEARCHED_PENDING
3963,"TOO-CUT-BOL-GT12""",PCS,Glotool Bolt Clipper 12,Fasteners & Fixings,Glotool,,,,PENDING,,,,,,,,,,,,,,,,,PENDING,pending,needs_permission,,,,RETRY_RESEARCHED_PENDING
3964,TOO-DRV-STA-5X100MM-9960651870,PCS,"Cushion Grip S/dr Std - (3/16""X4"")",Power Tools,,5X100MM,,,PENDING,,,,,,,,,,,,,,,,,PENDING,pending,needs_permission,,,,RETRY_RESEARCHED_PENDING
3967,WEL-MAC-FIG-TIG-200,UNIT,Fighter Inverter TIG Machine 200A,Welding,,,,,PENDING,,,,,,,,,,,,,,,,,PENDING,pending,needs_permission,,,,RETRY_RESEARCHED_PENDING
3969,ABR-PAP-621-534,PCS,G240 Ewd Hand Sanding Sheet,Abrasives & Cutting,,G240,,,PENDING,,,,,,,,,,,,,,,,,PENDING,pending,needs_permission,,,,RETRY_RESEARCHED_PENDING
3970,ABR-PAP-621-535,SHT,G320 Ewd Hand Sanding Sheet,Abrasives & Cutting,,G320,,,PENDING,,,,,,,,,,,,,,,,,PENDING,pending,needs_permission,,,,RETRY_RESEARCHED_PENDING
3971,AER-6ME8,PCS,Aerico 6ME8,Other,,6ME8,,,PENDING,,,,,,,,,,,,,,,,,PENDING,pending,needs_permission,,,,RETRY_RESEARCHED_PENDING
3972,BNW-B&N-RBN-120,PCK,Sr G. I Boit & Nut 3/16 X 2 (7PCS/PCK),Fasteners & Fixings,,7PCS/PCK,,,PENDING,,,,,,,,,,,,,,,,,PENDING,pending,needs_permission,,,,RETRY_RESEARCHED_PENDING
3973,CLIP-TIL-PVC-1.5MM,PACK,1.5MM PVC Tile Leveling Clip (100PCS+-/PCK),Flooring,,100PCS+-/PCK,,,PENDING,,,,,,,,,,,,,,,,,PENDING,pending,needs_permission,,,,RETRY_RESEARCHED_PENDING
3974,CLIP-TIL-PVC-2.0MM,PACK,2.0MM PVC Tile Leveling Clip (100PCS+-/PCK),Flooring,,100PCS+-/PCK,,,PENDING,,,,,,,,,,,,,,,,,PENDING,pending,needs_permission,,,,RETRY_RESEARCHED_PENDING
3975,CUT-BLA-STA-9MM-9920113001,PKT,9MM (10PKT/BOX)SNAP-OFF Knife Blade,Abrasives & Cutting,,10PKT/BOX,,,PENDING,,,,,,,,,,,,,,,,,PENDING,pending,needs_permission,,,,RETRY_RESEARCHED_PENDING
3976,CUT-ELE-EDM-4080,PCS,4 X 80 Gold Elephant Mop Disc,Housewares,,EDM-4080,,,PENDING,,,,,,,,,,,,,,,,,PENDING,pending,needs_permission,,,,RETRY_RESEARCHED_PENDING
3977,"ELE-CAS-1""X2""",LGTH,M. Trunking 1 X 2 G24 0.4MM Normal Orange Lanric,Electrical,,G24,,,PENDING,,,,,,,,,,,,,,,,,PENDING,pending,needs_permission,,,,RETRY_RESEARCHED_PENDING
3978,ELE-LED-SOL-YB-L10507-24W,SET,Marviss 24W Outdoor Sensor Solar Light (L10507),Electrical,,L10507,,,PENDING,,,,,,,,,,,,,,,,,PENDING,pending,needs_permission,,,,RETRY_RESEARCHED_PENDING
3979,HHD-VAL-FLO-BRA-CIT-18MM,PCS,City Moh Brass Float VALVE-3/4,Fishing & Tackle,,VALVE-3/4,,,PENDING,,,,,,,,,,,,,,,,,PENDING,pending,needs_permission,,,,RETRY_RESEARCHED_PENDING
3980,HOS-SPA-NOZ-NZ-22,PCS,Tap Nozzle - Zinc Alloy,Building Materials,,NZ-22,,,PENDING,,,,,,,,,,,,,,,,,PENDING,pending,needs_permission,,,,RETRY_RESEARCHED_PENDING
3981,KGR-KIM-1L-9214,TIN,1 Litre KIMTONE-9214,Paint & Sundries,,KIMTONE-9214,,,PENDING,,,,,,,,,,,,,,,,,PENDING,pending,needs_permission,,,,RETRY_RESEARCHED_PENDING
3983,SPR-REM-BSA88,BTL,Bossman Multipurpose Spray Adhesive 600ML,Chemicals & Adhesives,,BSA-88,,,PENDING,,,,,,,,,,,,,,,,,PENDING,pending,needs_permission,,,,RETRY_RESEARCHED_PENDING
3984,SWI-ADA-3WAY-MK-692,PCS,Mk 692 3WAY Adaptor,Electrical,,3WAY,,,PENDING,,,,,,,,,,,,,,,,,PENDING,pending,needs_permission,,,,RETRY_RESEARCHED_PENDING
3985,SWI-ADA-MS-PT06,PCS,"Morries Travel Adaptor For Japan, Taiwan, Usa, Thai, Phi&viet",Electrical,,MS-PT06,,,PENDING,,,,,,,,,,,,,,,,,PENDING,pending,needs_permission,,,,RETRY_RESEARCHED_PENDING
3986,SWI-SOC-ULT-M0813W,PCS,Ultra 13A Flat Pin Swi Soc Neon-wt (M0813W),Electrical,,M0813W,,,PENDING,,,,,,,,,,,,,,,,,PENDING,pending,needs_permission,,,,RETRY_RESEARCHED_PENDING
3987,TIM-BUI-NNE-TS-181,PCS,NNE Time Switch,Electrical,,TS-181,,,PENDING,,,,,,,,,,,,,,,,,PENDING,pending,needs_permission,,,,RETRY_RESEARCHED_PENDING
3990,TOO-VIC-W2486,PCS,Heavy Hinged Pipe Vise 6,Plumbing,,W2486,,,PENDING,,,,,,,,,,,,,,,,,PENDING,pending,needs_permission,,,,RETRY_RESEARCHED_PENDING
3991,X-FOL-TYP-PRU-SAW-BS-553242,PCS,Bosi (BS-553242) Folding Type Pruning Saw 7,Power Tools,,BS-553242,,,PENDING,,,,,,,,,,,,,,,,,PENDING,pending,needs_permission,,,,RETRY_RESEARCHED_PENDING
3992,BNW-B&N-RBN-112-BOX,BOX,Sr G. I Boit & Nut 3/16 X 1 1/4 (box),Fasteners & Fixings,,RBN-112,,,PENDING,,,,,,,,,,,,,,,,,PENDING,pending,needs_permission,,,,RETRY_RESEARCHED_PENDING
3993,BNW-B&N-RBN-225-BOX,BOX,Sr G. I Boit & Nut 1/4 X 2 1/2 (box),Fasteners & Fixings,,RBN-225,,,PENDING,,,,,,,,,,,,,,,,,PENDING,pending,needs_permission,,,,RETRY_RESEARCHED_PENDING
3994,"BRA-STEEL-L-1.5""X1.5""",PCS,"Steel L Bracket 1.5""X1.5 (BC185K)",Plumbing,,X1.5,,,PENDING,,,,,,,,,,,,,,,,,PENDING,pending,needs_permission,,,,RETRY_RESEARCHED_PENDING
3995,BRO-SBSJ001,PCS,Broom - SBSJ001,Housewares,,SBSJ001,,,PENDING,,,,,,,,,,,,,,,,,PENDING,pending,needs_permission,,,,RETRY_RESEARCHED_PENDING
3996,DOR-HIN-A177,SET,"A177 S/s Fulsh Hinges 4""X2.5MM",Doors & Hardware,,A177,,,PENDING,,,,,,,,,,,,,,,,,PENDING,pending,needs_permission,,,,RETRY_RESEARCHED_PENDING
3997,DOR-LAT-B3SS,DOZ,Leon S/steel Door LATCH-3,Doors & Hardware,,LATCH-3,,,PENDING,,,,,,,,,,,,,,,,,PENDING,pending,needs_permission,,,,RETRY_RESEARCHED_PENDING
3998,ELE-D/L-HSP-301-18W-6500K,PCS,Hms Downlite Hsp 301-18W 6500K,Electrical,,301-18W,,,PENDING,,,,,,,,,,,,,,,,,PENDING,pending,needs_permission,,,,RETRY_RESEARCHED_PENDING
3999,"FAS-RIV-PAT-1/8""X1/2""-PCK",PCK,Blind Rivet: Jaguar 1/8 X 1/2 (20PCS/PCK),Fasteners & Fixings,,20PCS/PCK,,,PENDING,,,,,,,,,,,,,,,,,PENDING,pending,needs_permission,,,,RETRY_RESEARCHED_PENDING
4000,"FAS-RIV-PAT-1/8""X1/4""-BOX",BOX,Blind Rivet: Jaguar 1/8 X 1/4 (1000PCS/BOX),Fasteners & Fixings,,1000PCS/BOX,,,PENDING,,,,,,,,,,,,,,,,,PENDING,pending,needs_permission,,,,RETRY_RESEARCHED_PENDING
4001,FAS-SCR-TECH-METAL-45MM-PCK,PCK,Techscrew-metal Screw X 45MM (50PCS/PCK),Fasteners & Fixings,,50PCS/PCK,,,PENDING,,,,,,,,,,,,,,,,,PENDING,pending,needs_permission,,,,RETRY_RESEARCHED_PENDING
4002,GUN-GRE-PRE,SET,Grease Gun Flexible Hose (c),Automotive,,500CC,,,PENDING,,,,,,,,,,,,,,,,,PENDING,pending,needs_permission,,,,RETRY_RESEARCHED_PENDING
4003,IND-DUS-SCH-240L,UNIT,Schaefer Waste Container (green) 240L,Plumbing,,,,,PENDING,,,,,,,,,,,,,,,,,PENDING,pending,needs_permission,,,,RETRY_RESEARCHED_PENDING
4004,JAC-BOT-CNN-B03TON,PCS,China Bottle Jack - 3TON (l/w),Automotive,,3TON,,,PENDING,,,,,,,,,,,,,,,,,PENDING,pending,needs_permission,,,,RETRY_RESEARCHED_PENDING
4005,NAIL-TUFTING-TN-8316-BOX,BOX,Round Plate Tufting Nail (200PCS/BOX),Fasteners & Fixings,,200PCS/BOX,,,PENDING,,,,,,,,,,,,,,,,,PENDING,pending,needs_permission,,,,RETRY_RESEARCHED_PENDING
4006,PAI-SPR-PMT-013,CAN,Paint Master Spray Paint - No. 13 Fresh Green (CAN),Paint & Sundries,,NO.13,,,PENDING,,,,,,,,,,,,,,,,,PENDING,pending,needs_permission,,,,RETRY_RESEARCHED_PENDING
4007,ROP-WIR-GAL-4.0MM,COIL,Galv Wire Rope-cnn 4.0MMX6X7,Lifting & Rigging,,4.0MMX6X7,,,PENDING,,,,,,,,,,,,,,,,,PENDING,pending,needs_permission,,,,RETRY_RESEARCHED_PENDING
4008,SAF-COA-CLI-ORANGE-09114,PCS,Clip On Elastic Vest-orange Red,Safety & Workwear,,E7360,,,PENDING,,,,,,,,,,,,,,,,,PENDING,pending,needs_permission,,,,RETRY_RESEARCHED_PENDING
4009,SHH-ROD-TKKT27032S,PCS,"Torikumu Kotai Ii Medium (7'0"") Rod",Fishing & Tackle,,TK-KT2-703-2S,,,PENDING,,,,,,,,,,,,,,,,,PENDING,pending,needs_permission,,,,RETRY_RESEARCHED_PENDING
4013,"TOO-CUT-BOL-GT14""",PCS,Glotool Bolt Clipper 14,Fasteners & Fixings,Glotool,,,,PENDING,,,,,,,,,,,,,,,,,PENDING,pending,needs_permission,,,,RETRY_RESEARCHED_PENDING
4014,"TOO-DRV-BLI-IMP-8""(-)",PCS,"Blimax Impact Screw DRIVER-8""X6MM (-)",Power Tools,,DRIVER-8,,,PENDING,,,,,,,,,,,,,,,,,PENDING,pending,needs_permission,,,,RETRY_RESEARCHED_PENDING
4015,TOO-EXT-BARW0015A,PCS,1/2 Extension Bars 125MM,Electrical,,W0015A,,,PENDING,,,,,,,,,,,,,,,,,PENDING,pending,needs_permission,,,,RETRY_RESEARCHED_PENDING
4016,TOO-SOC-SET-10-32MM,SET,25PC Socket Wrench - Twn,Hand Tools,,10-32MM,,,PENDING,,,,,,,,,,,,,,,,,PENDING,pending,needs_permission,,,,RETRY_RESEARCHED_PENDING
4019,WOO-SQU-08',PCS,Mrtx List 8 (S4S),Building Materials,,S4S,,,PENDING,,,,,,,,,,,,,,,,,PENDING,pending,needs_permission,,,,RETRY_RESEARCHED_PENDING
4021,BNW-BOL-SS304-M12-35MM,PCS,SS 304 Bolt - M12 X 35MM,Fasteners & Fixings,,M12,,,PENDING,,,,,,,,,,,,,,,,,PENDING,pending,needs_permission,,,,RETRY_RESEARCHED_PENDING
4022,BRA-SHE-BRO-43080,PCS,Esb Shelf Bracket Brown,Housewares,,7-9-B,,,PENDING,,,,,,,,,,,,,,,,,PENDING,pending,needs_permission,,,,RETRY_RESEARCHED_PENDING
4023,CUT-CIR-30-120MM,SET,Adjustable Circle Cutter,Abrasives & Cutting,,30-120MM,,,PENDING,,,,,,,,,,,,,,,,,PENDING,pending,needs_permission,,,,RETRY_RESEARCHED_PENDING
4024,CUT-DEW-DW4724UT,PCS,Diamond Blade Mpp Ultra Thin Turbo,Abrasives & Cutting,,DW4724UT,,,PENDING,,,,,,,,,,,,,,,,,PENDING,pending,needs_permission,,,,RETRY_RESEARCHED_PENDING
4025,DZ-GEN-PSC-30X400X35,PCS,Star Flat Chisel PH65 30 (mm),Hand Tools,,PH65,,,PENDING,,,,,,,,,,,,,,,,,PENDING,pending,needs_permission,,,,RETRY_RESEARCHED_PENDING
4026,DZ-GEN-PST-30X400,PCS,Star Bull Point PH65 30 (mm),Other,,PH65,,,PENDING,,,,,,,,,,,,,,,,,PENDING,pending,needs_permission,,,,RETRY_RESEARCHED_PENDING
4027,ELE-METW0453,PCS,Digital Multi-meter W0453,Electrical,,W0453,,,PENDING,,,,,,,,,,,,,,,,,PENDING,pending,needs_permission,,,,RETRY_RESEARCHED_PENDING
4028,FAS-BOL-EXP-1075,BOX,Sh Expansion Bolt M10 X 75,Fasteners & Fixings,,M10,,,PENDING,,,,,,,,,,,,,,,,,PENDING,pending,needs_permission,,,,RETRY_RESEARCHED_PENDING
4030,INS-IS1216(P),PCS,Pedestal IS1216(P),Other,,IS1216,,,PENDING,,,,,,,,,,,,,,,,,PENDING,pending,needs_permission,,,,RETRY_RESEARCHED_PENDING
4032,MOP-REFILL-LIAO-R-A101,PCS,Microfiber Mop Refill (A130101) - Liao,Housewares,,A130101,,,PENDING,,,,,,,,,,,,,,,,,PENDING,pending,needs_permission,,,,RETRY_RESEARCHED_PENDING
4033,PLA-BAG-W500-1114,PCK,11 X 14 X Tbag (aa),Packaging,,WHITE/500G,,,PENDING,,,,,,,,,,,,,,,,,PENDING,pending,needs_permission,,,,RETRY_RESEARCHED_PENDING
4034,PLA-BAG-W500-1518,PCK,15 X 18 X Tbag (aa),Packaging,,WHITE/500G,,,PENDING,,,,,,,,,,,,,,,,,PENDING,pending,needs_permission,,,,RETRY_RESEARCHED_PENDING
4035,SAF-EAR-EM9003,PCS,Picasaf 9007 Ear Muffle (26DB),Safety & Workwear,,26DB,,,PENDING,,,,,,,,,,,,,,,,,PENDING,pending,needs_permission,,,,RETRY_RESEARCHED_PENDING
4036,SHH-BLA-NET-NO.3,PCS,"Black Net No. 3 (1 1/2"") (3.5CM)",Fishing & Tackle,,NO.3,,,PENDING,,,,,,,,,,,,,,,,,PENDING,pending,needs_permission,,,,RETRY_RESEARCHED_PENDING
4037,SHH-MASK-YD18-TAIWAN,PCS,Swim Mask (taiwan),Fishing & Tackle,,YD-18,,,PENDING,,,,,,,,,,,,,,,,,PENDING,pending,needs_permission,,,,RETRY_RESEARCHED_PENDING
4038,SHH-ROD-AGS502,PCS,"Hytac Avengers Rod (5'0"")",Fishing & Tackle,,AGS502,,,PENDING,,,,,,,,,,,,,,,,,PENDING,pending,needs_permission,,,,RETRY_RESEARCHED_PENDING
4040,SWI-SOC-ELE-E021B,PCS,Elegance 2 GANG 1 Way-black (E021B),Electrical,,E021B,,,PENDING,,,,,,,,,,,,,,,,,PENDING,pending,needs_permission,,,,RETRY_RESEARCHED_PENDING
4041,SWI-SOC-SCH-IP66,PCS,Schneider 13A 3 Pin Combination Switch,Electrical,,SOCKET-IP66,,,PENDING,,,,,,,,,,,,,,,,,PENDING,pending,needs_permission,,,,RETRY_RESEARCHED_PENDING
4042,TOO-CLA-GW473250,PCS,Heavy G-shape Clamp 10,Hand Tools,,W0473H,,,PENDING,,,,,,,,,,,,,,,,,PENDING,pending,needs_permission,,,,RETRY_RESEARCHED_PENDING
4044,TOO-WRE-KEY-KTBAL12006,SET,King Top 9PCS-6 Ball Point Hex Key Wrench Set 12006,Hand Tools,,9PCS-6,,,PENDING,,,,,,,,,,,,,,,,,PENDING,pending,needs_permission,,,,RETRY_RESEARCHED_PENDING
4045,"TOO-WRE-OIL-VIV-6""",PCS,Viviv Oil Filter WRENCH-6 Chain,Hand Tools,,WRENCH-6,,,PENDING,,,,,,,,,,,,,,,,,PENDING,pending,needs_permission,,,,RETRY_RESEARCHED_PENDING
4046,VAL-ANG-VIP-V4113,PCS,Vip Brand Chrome Angle Valve,Plumbing,,V-4113,,,PENDING,,,,,,,,,,,,,,,,,PENDING,pending,needs_permission,,,,RETRY_RESEARCHED_PENDING
4047,WEL-MAC-IWE-TIG-220A,UNIT,I-weld Inventer TIG Machine TIG 220A,Welding,,,,,PENDING,,,,,,,,,,,,,,,,,PENDING,pending,needs_permission,,,,RETRY_RESEARCHED_PENDING
4048,X-FLO-MOC-66160,PCS,24 X 24 Pure Black Tiles,Power Tools,,LA66160,,,PENDING,,,,,,,,,,,,,,,,,PENDING,pending,needs_permission,,,,RETRY_RESEARCHED_PENDING
4049,X-FLO-MOC-KH40ADA40,PCS,16 X 16 Ceramic Floor Tiles KH40ADA40,Power Tools,,KH40ADA40,,,PENDING,,,,,,,,,,,,,,,,,PENDING,pending,needs_permission,,,,RETRY_RESEARCHED_PENDING
4050,X-FLO-MOC-P6QP452,PCS,P6QP452 60X60CM,Power Tools,,P6QP452,,,PENDING,,,,,,,,,,,,,,,,,PENDING,pending,needs_permission,,,,RETRY_RESEARCHED_PENDING
4051,BIT-HOL-DB-2311,PCS,Flexible Driver Bit Holder,Other,,DB-2311,,,PENDING,,,,,,,,,,,,,,,,,PENDING,pending,needs_permission,,,,RETRY_RESEARCHED_PENDING
4053,COC-STO-C018,PCS,Brass Stop Cock - C018 18 MM,Plumbing,,C018,,,PENDING,,,,,,,,,,,,,,,,,PENDING,pending,needs_permission,,,,RETRY_RESEARCHED_PENDING
4054,CUT-BLA-ALUM-BA7580,PCS,"Bossman Circular Saw Blade 190MM (7.5"") X 80T (for Aluminium)",Power Tool Accessories,,80T,,,PENDING,,,,,,,,,,,,,,,,,PENDING,pending,needs_permission,,,,RETRY_RESEARCHED_PENDING
4055,DOR-H&S-BS135MM,DOZ,Rb Hasp & STAPLE-135MM,Fasteners & Fixings,,STAPLE-135MM,,,PENDING,,,,,,,,,,,,,,,,,PENDING,pending,needs_permission,,,,RETRY_RESEARCHED_PENDING
4057,HOS-COU-CON-40200007,PCS,Ecogreen- One Way Snap-in Coupling,Outdoor & Garden,,EG4021,,,PENDING,,,,,,,,,,,,,,,,,PENDING,pending,needs_permission,,,,RETRY_RESEARCHED_PENDING
4058,"IND-CAS-FIX-2""",PCS,2 DL5 Tpe Fixed Caster,Building Materials,,DL5,,,PENDING,,,,,,,,,,,,,,,,,PENDING,pending,needs_permission,,,,RETRY_RESEARCHED_PENDING
4061,SAF-SPE-PIC-ST21-CLE,PCS,Picasaf Protective Eyewear-clear ST21,Safety & Workwear,,ST21,,,PENDING,,,,,,,,,,,,,,,,,PENDING,pending,needs_permission,,,,RETRY_RESEARCHED_PENDING
4062,SHH-LINE-WHI-NO.250,PKT,(sf) Round White M. L. No. 250,Fishing & Tackle,,NO.250,,,PENDING,,,,,,,,,,,,,,,,,PENDING,pending,needs_permission,,,,RETRY_RESEARCHED_PENDING
4063,TAP-CAB-CB2541SS,PCS,Cab Pillar Mounted Flex Head+spout Kitchen Tap Body (DIAMETER32MM),Plumbing,,DIAMETER32MM,,,PENDING,,,,,,,,,,,,,,,,,PENDING,pending,needs_permission,,,,RETRY_RESEARCHED_PENDING
4065,TOO-DRV-SET-STA-6PCS,SET,"0&1PT,1.4,2,2.4,3MM Slotted 6PC Precision S/drv Set",Power Tools,,0&1PT,,,PENDING,,,,,,,,,,,,,,,,,PENDING,pending,needs_permission,,,,RETRY_RESEARCHED_PENDING
4066,TOO-FIL-BCC-5.5200MM,PCS,Bahco Chain Saw File 168-8-5.5-3P 7/321IN,Hand Tools,,168-8-5.5-3P,,,PENDING,,,,,,,,,,,,,,,,,PENDING,pending,needs_permission,,,,RETRY_RESEARCHED_PENDING
4067,TOO-WRE-3WAY-101214,PCS,Y Type Wrench,Hand Tools,,10X12X14,,,PENDING,,,,,,,,,,,,,,,,,PENDING,pending,needs_permission,,,,RETRY_RESEARCHED_PENDING
4069,WRE-RAT-17MMX19MM-SEN,PCS,Sensui Tail Ratchet Wrench 17MMX19MM,Hand Tools,,17MMX19MM,,,PENDING,,,,,,,,,,,,,,,,,PENDING,pending,needs_permission,,,,RETRY_RESEARCHED_PENDING
4070,WRE-RAT-17MMX21MM-SEN,PCS,Sensui Tail Ratchet Wrench 17MMX21MM,Hand Tools,,17MMX21MM,,,PENDING,,,,,,,,,,,,,,,,,PENDING,pending,needs_permission,,,,RETRY_RESEARCHED_PENDING
4073,AER-6MC8,PCS,Aerico 6MC8,Other,,6MC8,,,PENDING,,,,,,,,,,,,,,,,,PENDING,pending,needs_permission,,,,RETRY_RESEARCHED_PENDING
4074,AIR-DUS-MDSI-04061,PCS,Mdsi (MD-04061) Air Duster - Short,Automotive,,MD-04061,,,PENDING,,,,,,,,,,,,,,,,,PENDING,pending,needs_permission,,,,RETRY_RESEARCHED_PENDING
4075,BAT-ENE-REC-AA-4PCS,PCK,Ener Rech 4AA,Electrical,,4AA,,,PENDING,,,,,,,,,,,,,,,,,PENDING,pending,needs_permission,,,,RETRY_RESEARCHED_PENDING
4076,BBQ-GRI-CN FYZ-28022A,SET,Enamel Portable Bbq Grill Set - 28022A,Outdoor & Garden,,,,,PENDING,,,,,,,,,,,,,,,,,PENDING,pending,needs_permission,,,,RETRY_RESEARCHED_PENDING
4077,BLI-HSS-HOL-SAW-16MM,PCS,Blimax Hss Hole SAW-16MM,Power Tool Accessories,,SAW-16MM,,,PENDING,,,,,,,,,,,,,,,,,PENDING,pending,needs_permission,,,,RETRY_RESEARCHED_PENDING
4078,BOS-1619-P09-976,PCS,Round Nut White (rplc 1603-340-037),Fasteners & Fixings,Bosch,,,,PENDING,,,,,,,,,,,,,,,,,PENDING,pending,needs_permission,,,,RETRY_RESEARCHED_PENDING
4079,"BRA-SHE-S/S-G785-06""",SET,G785 304 H/duty Shelf Bracket 6,Housewares,,G785,,,PENDING,,,,,,,,,,,,,,,,,PENDING,pending,needs_permission,,,,RETRY_RESEARCHED_PENDING
4080,BRO-MOP-MSCIR-300Q,PCS,300Q Circular Mop,Housewares,,300Q,,,PENDING,,,,,,,,,,,,,,,,,PENDING,pending,needs_permission,,,,RETRY_RESEARCHED_PENDING
4081,CUT-DIS-MARK-12300-P036,PCS,Mr. Mark P36 Master Fibre Disc - Blk,Abrasives & Cutting,,P36,,,PENDING,,,,,,,,,,,,,,,,,PENDING,pending,needs_permission,,,,RETRY_RESEARCHED_PENDING
4082,CUT-ELE-EDM-4180,PCS,4 X 180 Gold Elephant Mop Disc,Housewares,,EDM-4180,,,PENDING,,,,,,,,,,,,,,,,,PENDING,pending,needs_permission,,,,RETRY_RESEARCHED_PENDING
4083,CUT-ELE-ESS410D,PCS,"4""X1.0 Gold Elephant Cutting Disc",Abrasives & Cutting,,X1.0,,,PENDING,,,,,,,,,,,,,,,,,PENDING,pending,needs_permission,,,,RETRY_RESEARCHED_PENDING
4084,DOR-H&S-BS085MM,DOZ,Rb Hasp & STAPLE-85MM,Fasteners & Fixings,,STAPLE-85MM,,,PENDING,,,,,,,,,,,,,,,,,PENDING,pending,needs_permission,,,,RETRY_RESEARCHED_PENDING
4086,"FAS-RIV-PAT-3/16""X3/4""-PCK",PCK,Blind Rivet: Jaguar 3/16 X 3/4 (20PCS/PCK),Fasteners & Fixings,,20PCS/PCK,,,PENDING,,,,,,,,,,,,,,,,,PENDING,pending,needs_permission,,,,RETRY_RESEARCHED_PENDING
4088,"IND-CAS-SWI-TSCB-2""",PCS,2 DL5 Tpe Threaded Stem Swivel Caster W Brake,Fishing & Tackle,,DL5,,,PENDING,,,,,,,,,,,,,,,,,PENDING,pending,needs_permission,,,,RETRY_RESEARCHED_PENDING
4090,MTR-FLOAT-SW,PCS,Plasma 5 Meter Float Switch,Fishing & Tackle,,UKY-1,,,PENDING,,,,,,,,,,,,,,,,,PENDING,pending,needs_permission,,,,RETRY_RESEARCHED_PENDING
4092,SHH-ROD-2511300,PCS,Santec 2511-300 Puyu Solid Pole (3MTR),Fishing & Tackle,,3MTR,,,PENDING,,,,,,,,,,,,,,,,,PENDING,pending,needs_permission,,,,RETRY_RESEARCHED_PENDING
4093,SHO-HAN-SET-05369,SET,Ess 500A Shower Set 05369,Bathroom,,,,,PENDING,,,,,,,,,,,,,,,,,PENDING,pending,needs_permission,,,,RETRY_RESEARCHED_PENDING
4094,SPO-SCO-QB-3M-5PCS,PCS,Atlas 27NM 6 X 9 Handpad-maroon,Other,,27NM,,,PENDING,,,,,,,,,,,,,,,,,PENDING,pending,needs_permission,,,,RETRY_RESEARCHED_PENDING
4095,SWI-T/SOC-FLE-6155NS,SET,T/skt W/surge Sp TS-5GLS-540A FLE-6155NS,Electrical,,TS-5GLS-540A,,,PENDING,,,,,,,,,,,,,,,,,PENDING,pending,needs_permission,,,,RETRY_RESEARCHED_PENDING
4096,TAP-CAB-CB1540SS-BL,PCS,Cabana S/s Pillar Mounted Kitchen Tap,Plumbing,,CB1540SS-BL,,,PENDING,Cabana Malaysia,CB1540SS-BL,Black stainless-steel pillar-mounted kitchen tap,Cabana CB1540SS-BL Kitchen Tap,https://www.cabana.com.my/index.php/products/kitchen/kitchen-faucet/cb1540ss-bl-detail,Official Malaysian manufacturer product page,1A,https://www.cabana.com.my/images/virtuemart/product/CB1540SS-BL.jpg,EXACT_SKU,99,97,Exact model/variant is identified on the authoritative source page and the page exposes a model-specific product image preserved locally for SHA-256 evidence.,"Model-specific page/image was used; adjacent size, colour, pack or step variants were not substituted.","Exact model, relevant suffix/size/variant, authoritative source URL and exact image asset are preserved; no material conflict.",NONE,NONE,VERIFIED_CANDIDATE,candidate,needs_permission,/home/ubuntu/work/retry_branded_2501_7771/assets/4096.jpg,6adad6f47b7f2b4ccd463dc2b6a164cd0a12a06fd53d2f88ec6e8df3c54de3f2,94433,RETRY_RESEARCHED
4098,TOO-COM-W0305O-14*17MM,PCS,2 Open Wrench (14*17MM),Hand Tools,,14*17MM,,,PENDING,,,,,,,,,,,,,,,,,PENDING,pending,needs_permission,,,,RETRY_RESEARCHED_PENDING
4099,TOO-NIE-SET-SCR-EXT-6#,SET,Nietz 6 Screw Extractor Set 12/240 50149806,Fasteners & Fixings,Nietz,,,,PENDING,,,,,,,,,,,,,,,,,PENDING,pending,needs_permission,,,,RETRY_RESEARCHED_PENDING
4102,TOO-WRE-OIL-MBSP007,PCS,"12""X300MM Sensui Oil Filter Wrench",Hand Tools,,X300MM,,,PENDING,,,,,,,,,,,,,,,,,PENDING,pending,needs_permission,,,,RETRY_RESEARCHED_PENDING
4103,WAL-PLU-S/S-CC225-M6X60MM,PCS,S/steel Wall Plug - K103-304 M6X60MM CC225,Fasteners & Fixings,,K103-304,,,PENDING,,,,,,,,,,,,,,,,,PENDING,pending,needs_permission,,,,RETRY_RESEARCHED_PENDING
4105,ACC-HYU-HY-15,PCS,Hyundai Press Control,Other,,EURO-15,,,PENDING,,,,,,,,,,,,,,,,,PENDING,pending,needs_permission,,,,RETRY_RESEARCHED_PENDING
4106,"ADH-TAP-3""",ROLL,Waterproof Flex Tape,Chemicals & Adhesives,,LY7030,,,PENDING,,,,,,,,,,,,,,,,,PENDING,pending,needs_permission,,,,RETRY_RESEARCHED_PENDING
4107,APR-PVC-YEL,PCS,Thin PVC APRON-YELLOW24IN X 36IN0.18MM,Safety & Workwear,,APRON-YELLOW24IN,,,PENDING,,,,,,,,,,,,,,,,,PENDING,pending,needs_permission,,,,RETRY_RESEARCHED_PENDING
4108,BNW-B&N-RBN-110-BOX,BOX,Sr G. I Boit & Nut 3/16 X 1 (box),Fasteners & Fixings,,RBN-110,,,PENDING,,,,,,,,,,,,,,,,,PENDING,pending,needs_permission,,,,RETRY_RESEARCHED_PENDING
4111,CUT-GRI-W2451-180,PCS,Grinding Wheel,Abrasives & Cutting,,W2454,,,PENDING,,,,,,,,,,,,,,,,,PENDING,pending,needs_permission,,,,RETRY_RESEARCHED_PENDING
4113,HOS-CON-13-16MM,PCS,Power Hose Joint,Outdoor & Garden,,13-16MM,,,PENDING,,,,,,,,,,,,,,,,,PENDING,pending,needs_permission,,,,RETRY_RESEARCHED_PENDING
4116,POL-HAR-NYL-JM-666A,PCS,"Harvesting Palm Oil Clip 1-1/2""(38MM) PVC - Green",Other,,JM-666A,,,PENDING,,,,,,,,,,,,,,,,,PENDING,pending,needs_permission,,,,RETRY_RESEARCHED_PENDING
4118,PYE-STRIP-M-500ML,TIN,PYE Strippa M-500ML,Building Materials,,M-500ML,,,PENDING,,,,,,,,,,,,,,,,,PENDING,pending,needs_permission,,,,RETRY_RESEARCHED_PENDING
4119,SHH-LINE-WHI-NO.120,PKT,(sf) Round White M. L. No. 120,Fishing & Tackle,,NO.120,,,PENDING,,,,,,,,,,,,,,,,,PENDING,pending,needs_permission,,,,RETRY_RESEARCHED_PENDING
4120,SWI-SOC-ELE-PTBK600,PCS,600MM Power Tracks (surface)-black (BK600),Electrical,,BK600,,,PENDING,,,,,,,,,,,,,,,,,PENDING,pending,needs_permission,,,,RETRY_RESEARCHED_PENDING
4121,SWI-SOC-ULT-M0813BMG,PCS,Ultra 13A Flat Pin Swi Sock (large ROCKER)(M0813BMG),Electrical,,M0813BMG,,,PENDING,,,,,,,,,,,,,,,,,PENDING,pending,needs_permission,,,,RETRY_RESEARCHED_PENDING
4122,SWI-SOC-ULT-M0813BW,PCS,Ultra 13A Flat Pin Swi Soc (large Roc)-whi (M0813BW),Electrical,,M0813BW,,,PENDING,,,,,,,,,,,,,,,,,PENDING,pending,needs_permission,,,,RETRY_RESEARCHED_PENDING
4123,SWI-SOC-ULT-M0813MG,PCS,Ultra 13A Flat Pin Swi Soc Neon-mat Grey (M0813MG),Electrical,,M0813MG,,,PENDING,,,,,,,,,,,,,,,,,PENDING,pending,needs_permission,,,,RETRY_RESEARCHED_PENDING
4124,TAP-2-WAY-CA411QH,PCS,CA411QH 2-WAY Tap V/p,Plumbing,,CA411QH,,,PENDING,,,,,,,,,,,,,,,,,PENDING,pending,needs_permission,,,,RETRY_RESEARCHED_PENDING
4127,TOO-COM-W0305M-12*14MM,PCS,2 Open Wrench (12*14MM),Hand Tools,,12*14MM,,,PENDING,,,,,,,,,,,,,,,,,PENDING,pending,needs_permission,,,,RETRY_RESEARCHED_PENDING
4129,TOO-VIC-W2484,PCS,Heavy Hinged Pipe Vise 4,Plumbing,,W2484,,,PENDING,,,,,,,,,,,,,,,,,PENDING,pending,needs_permission,,,,RETRY_RESEARCHED_PENDING
4130,CHA-MKX-2026,PCS,Part : Charger,Outdoor & Garden,,MKX-2026,,,PENDING,,,,,,,,,,,,,,,,,PENDING,pending,needs_permission,,,,RETRY_RESEARCHED_PENDING
4131,CUT-FLA-TAI-A80100,PCS,Tailin Flap Discs A80,Abrasives & Cutting,,A80,,,PENDING,,,,,,,,,,,,,,,,,PENDING,pending,needs_permission,,,,RETRY_RESEARCHED_PENDING
4132,CUT-SCI-JM-317,PCS,Jayamata Scissor Multi-purpose 7.7,Abrasives & Cutting,,JM-317,,,PENDING,,,,,,,,,,,,,,,,,PENDING,pending,needs_permission,,,,RETRY_RESEARCHED_PENDING
4133,CUT-TIL-BLI-BLA,PCS,Blimax Tile Cutter,Flooring,,BLADE-220X,,,PENDING,,,,,,,,,,,,,,,,,PENDING,pending,needs_permission,,,,RETRY_RESEARCHED_PENDING
4135,FAS-SCR-TECH-METAL-19MM-PCK,PCK,Techscrew-metal Screw X 19MM (50PCS/PCK),Fasteners & Fixings,,50PCS/PCK,,,PENDING,,,,,,,,,,,,,,,,,PENDING,pending,needs_permission,,,,RETRY_RESEARCHED_PENDING
4136,"FIT-YG228R-NIP-REC-3/8""X1/4""-BRA",PCS,"Brass Reduced Nipple 3/8""X1/4 YG228R (BRA)",Plumbing,,X1/4,,,PENDING,,,,,,,,,,,,,,,,,PENDING,pending,needs_permission,,,,RETRY_RESEARCHED_PENDING
4143,PIP-HDPE-25MM-PN12.5,LTH,3M HDPE Pipe - Non SIRIM X 25MM,Plumbing,,PN12.5,,,PENDING,,,,,,,,,,,,,,,,,PENDING,pending,needs_permission,,,,RETRY_RESEARCHED_PENDING
4144,SAF-SHO-SOB-07#,PAIR,Sobar P800 Safety Shoes 7,Safety & Workwear,,P800,,,PENDING,,,,,,,,,,,,,,,,,PENDING,pending,needs_permission,,,,RETRY_RESEARCHED_PENDING
4145,SHH-FISH-NET-0.15D-25MM-50MD/5A,PCS,"25MM (1"") 50MD (4') /5A",Fishing & Tackle,,50MD,,,PENDING,,,,,,,,,,,,,,,,,PENDING,pending,needs_permission,,,,RETRY_RESEARCHED_PENDING
4146,SHH-HOO-4206-NO.5,PKT,4206 No. 5 Galah Hook (20'S),Fishing & Tackle,,NO.5,,,PENDING,,,,,,,,,,,,,,,,,PENDING,pending,needs_permission,,,,RETRY_RESEARCHED_PENDING
4147,SHH-LINE-L/G-OHML6,PCS,Omega Hayasu Mono Line 6LBS (rainbows),Fishing & Tackle,,6LBS,,,PENDING,,,,,,,,,,,,,,,,,PENDING,pending,needs_permission,,,,RETRY_RESEARCHED_PENDING
4148,SHH-LINE-WHI-NO.12,PCS,(bs)long White M. L No. 12,Fishing & Tackle,,NO.12,,,PENDING,,,,,,,,,,,,,,,,,PENDING,pending,needs_permission,,,,RETRY_RESEARCHED_PENDING
4149,SHH-SINKER-NO.1/2,PCK,Single Head Sinker No. 1/2 (2PCS/PCK),Fishing & Tackle,,2PCS/PCK,,,PENDING,,,,,,,,,,,,,,,,,PENDING,pending,needs_permission,,,,RETRY_RESEARCHED_PENDING
4153,X-CYL-LOC-EPO-CL011-SN,SET,Epo Cylindrical Lever Lock (CL011 Sn),Locks & Security,,CL011,,,PENDING,,,,,,,,,,,,,,,,,PENDING,pending,needs_permission,,,,RETRY_RESEARCHED_PENDING
4154,BAT-ENE-MIN-A23,PCK,Energizer Mini Al A23 8P1,Electrical,,A23,,,PENDING,,,,,,,,,,,,,,,,,PENDING,pending,needs_permission,,,,RETRY_RESEARCHED_PENDING
4155,BNW-B&N-RBN-205-BOX,BOX,Sr G. I Boit & Nut 1/4 X 5/8 (box),Fasteners & Fixings,,RBN-205,,,PENDING,,,,,,,,,,,,,,,,,PENDING,pending,needs_permission,,,,RETRY_RESEARCHED_PENDING
4156,BRA-S/S-L-65383,PCS,Stainless Steel L Bracket 65383-65X65,Plumbing,,65383-65X65,,,PENDING,,,,,,,,,,,,,,,,,PENDING,pending,needs_permission,,,,RETRY_RESEARCHED_PENDING
4157,BURR-CAR-T.C.T-HX1232,PCS,Blimax Carbide Milling BURR-HX1232,Other,,BURR-HX1232,,,PENDING,,,,,,,,,,,,,,,,,PENDING,pending,needs_permission,,,,RETRY_RESEARCHED_PENDING
4158,BURR-CAR-T.C.T-LX1228,PCS,Blimax Carbide Milling BURR-LX1228,Other,,BURR-LX1228,,,PENDING,,,,,,,,,,,,,,,,,PENDING,pending,needs_permission,,,,RETRY_RESEARCHED_PENDING
4159,CUT-ELE-EMC420,PCS,"4""X2.0 Gold Elephant Cutting Disc",Abrasives & Cutting,,X2.0,,,PENDING,,,,,,,,,,,,,,,,,PENDING,pending,needs_permission,,,,RETRY_RESEARCHED_PENDING
4160,CUT-PIP-TUB-AT4308,SET,Anton Tubing Cutter,Abrasives & Cutting,,AT4308,,,PENDING,,,,,,,,,,,,,,,,,PENDING,pending,needs_permission,,,,RETRY_RESEARCHED_PENDING
4162,FLO-MOC-KV910,PCS,"Kv 910 12""X12 Homotile",Flooring,,X12,,,PENDING,,,,,,,,,,,,,,,,,PENDING,pending,needs_permission,,,,RETRY_RESEARCHED_PENDING
4164,GAR-CUT-VIS-200MM,PCS,Kakc Steel Sheet Cutter-bent,Outdoor & Garden,,K1386,,,PENDING,,,,,,,,,,,,,,,,,PENDING,pending,needs_permission,,,,RETRY_RESEARCHED_PENDING
4166,GER-PLUG-BP8ES,PCS,Ngk 14 X 19.0 Spark Plug (generator),Electrical,,BP8ES,,,PENDING,,,,,,,,,,,,,,,,,PENDING,pending,needs_permission,,,,RETRY_RESEARCHED_PENDING
4167,GRA-CUT-BLA-12037(14),PCS,14 Grass Blade-b Trimmer Blade-big,Outdoor & Garden,,SKS-5,,,PENDING,,,,,,,,,,,,,,,,,PENDING,pending,needs_permission,,,,RETRY_RESEARCHED_PENDING
4168,GUN-TAC-STA-TR45,UNIT,Light-duty Staple Gun TR45,Fasteners & Fixings,,TR45,,,PENDING,,,,,,,,,,,,,,,,,PENDING,pending,needs_permission,,,,RETRY_RESEARCHED_PENDING
4169,HOS-GAR-MK-HS-1804-13M,ROLL,Mark-x PVC Gre/blk Garden Hose,Outdoor & Garden,,15MMX2.5MMX13M,,,PENDING,,,,,,,,,,,,,,,,,PENDING,pending,needs_permission,,,,RETRY_RESEARCHED_PENDING
4170,SAF-SHO-SOB-06#,PAIR,Sobar P800 Safety Shoes 6,Safety & Workwear,,P800,,,PENDING,,,,,,,,,,,,,,,,,PENDING,pending,needs_permission,,,,RETRY_RESEARCHED_PENDING
4171,SAF-SHO-SOB-08#,PAIR,Sobar P800 Safety Shoes 8,Safety & Workwear,,P800,,,PENDING,,,,,,,,,,,,,,,,,PENDING,pending,needs_permission,,,,RETRY_RESEARCHED_PENDING
4173,"SANDEX-PAD-6""-M14",PCS,"Sandex 6 Polishing Sponge Pad, M14",Abrasives & Cutting,,M14,,,PENDING,,,,,,,,,,,,,,,,,PENDING,pending,needs_permission,,,,RETRY_RESEARCHED_PENDING
4174,SHH-HOO-4206-NO.3,PKT,4206 No. 3 Galah Hook (20'S),Fishing & Tackle,,NO.3,,,PENDING,,,,,,,,,,,,,,,,,PENDING,pending,needs_permission,,,,RETRY_RESEARCHED_PENDING
4175,SHH-LINE-WHI-NO.08,PCS,(bs)long White M. L No. 8,Fishing & Tackle,,NO.8,,,PENDING,,,,,,,,,,,,,,,,,PENDING,pending,needs_permission,,,,RETRY_RESEARCHED_PENDING
4176,SHH-LINE-WHI-NO.15,PCS,(bs)long White M. L No. 15,Fishing & Tackle,,NO.15,,,PENDING,,,,,,,,,,,,,,,,,PENDING,pending,needs_permission,,,,RETRY_RESEARCHED_PENDING
4177,SWI-ADA-MS-3L2USB,PCS,Morries Adaptor With Fuse & USB 2.1A,Electrical,,MS-3L2USB,,,PENDING,,,,,,,,,,,,,,,,,PENDING,pending,needs_permission,,,,RETRY_RESEARCHED_PENDING
4178,SWI-T/SOC-FLE-915-5M5G,SET,Fle T/skt Sp TC-5GL-540B 915-5M,Electrical,,TC-5GL-540B,,,PENDING,,,,,,,,,,,,,,,,,PENDING,pending,needs_permission,,,,RETRY_RESEARCHED_PENDING
4179,TAP-BIB-PVC-J2BC01W,PCS,Jopex PVC 20MM,Plumbing,,BIBTAP-2BC01W,,,PENDING,,,,,,,,,,,,,,,,,PENDING,pending,needs_permission,,,,RETRY_RESEARCHED_PENDING
4180,TIE-CAB-BLA-250MM,PCK,"Black PVC Cable Ties 250MM (10"")",Electrical,,,,,PENDING,,,,,,,,,,,,,,,,,PENDING,pending,needs_permission,,,,RETRY_RESEARCHED_PENDING
4181,TOO-CLA-BLI-B212,PCS,Blimax Partition Keel Clamp - B212,Hand Tools,,B212,,,PENDING,,,,,,,,,,,,,,,,,PENDING,pending,needs_permission,,,,RETRY_RESEARCHED_PENDING
4183,TRCK-(0.40MM)-50MM- 10FTS,PCS,Track (0.40MM) 50MM X 25MM X 3000MM -10FTS,Other,,10FTS,,,PENDING,,,,,,,,,,,,,,,,,PENDING,pending,needs_permission,,,,RETRY_RESEARCHED_PENDING
4185,WEL-CAB-UNI-400AMP,MTR,Uniflux 400A X 90M Welding Cable,Electrical,,,,,PENDING,,,,,,,,,,,,,,,,,PENDING,pending,needs_permission,,,,RETRY_RESEARCHED_PENDING
4186,WEL-GLA-BLA-NO.10,PCS,Black Welding Glass 108 X 50 (no. 10),Welding,,NO.10,,,PENDING,,,,,,,,,,,,,,,,,PENDING,pending,needs_permission,,,,RETRY_RESEARCHED_PENDING
4187,BNW-BOL-SS304-M10-45MM,PCS,SS 304 Bolt - M10 X 45MM,Fasteners & Fixings,,M10,,,PENDING,,,,,,,,,,,,,,,,,PENDING,pending,needs_permission,,,,RETRY_RESEARCHED_PENDING
4188,"BRA-SHE-YG782-08""",PAIR,White H/duty Shelf Bracket 8,Housewares,,YG782,,,PENDING,,,,,,,,,,,,,,,,,PENDING,pending,needs_permission,,,,RETRY_RESEARCHED_PENDING
4189,"BRA-STEEL-L-1""X1""",PCS,"Steel L Bracket 1""X1 (BC185K)",Plumbing,,BC185K,,,PENDING,,,,,,,,,,,,,,,,,PENDING,pending,needs_permission,,,,RETRY_RESEARCHED_PENDING
4190,CHA-PVC-BEL-R6MM,ROLL,Bellea PVC (red) (ROLL),"Rope, Chain & Netting",,CHAIN-6MM,,,PENDING,,,,,,,,,,,,,,,,,PENDING,pending,needs_permission,,,,RETRY_RESEARCHED_PENDING
4191,CHA-PVC-BEL-Y6MM,ROLL,Bellea PVC (yellow),"Rope, Chain & Netting",,CHAIN-6MM,,,PENDING,,,,,,,,,,,,,,,,,PENDING,pending,needs_permission,,,,RETRY_RESEARCHED_PENDING
4192,"CLI-HOS-GP-3""",PCS,Gp S/steel Hose CLIP-3 (52-76MM),Outdoor & Garden,,CLIP-3,,,PENDING,,,,,,,,,,,,,,,,,PENDING,pending,needs_permission,,,,RETRY_RESEARCHED_PENDING
4193,DRI-SAW-A68-8MM,PCS,Sawman A68 Multi Purpose Drill Bit 8MM,Power Tool Accessories,,A68,,,PENDING,,,,,,,,,,,,,,,,,PENDING,pending,needs_permission,,,,RETRY_RESEARCHED_PENDING
4194,"ELE-D/L-8629/6""-ROU-BLU",PCS,Ilite Downlite 8629-6+3W Wh+bl,Electrical,,8629-6+3W,,,PENDING,,,,,,,,,,,,,,,,,PENDING,pending,needs_permission,,,,RETRY_RESEARCHED_PENDING
4196,FAS-SCR-TECH-WOOD-65MM-PCK,PCK,Techscrew-wood Screw X 65MM (50PCS/PCK),Fasteners & Fixings,,50PCS/PCK,,,PENDING,,,,,,,,,,,,,,,,,PENDING,pending,needs_permission,,,,RETRY_RESEARCHED_PENDING
4198,"IND-CAS-SWI-1""",PCS,1 DL5 Tpe 360 Degree Swivel Caster,Fishing & Tackle,,DL5,,,PENDING,,,,,,,,,,,,,,,,,PENDING,pending,needs_permission,,,,RETRY_RESEARCHED_PENDING
4201,MEA-TAP-BLI-7.5M-B7-CR,PCS,Blimax DM5 Measuring B7,Hand Tools,,DM5,,,PENDING,,,,,,,,,,,,,,,,,PENDING,pending,needs_permission,,,,RETRY_RESEARCHED_PENDING
4204,PAI-BRU-RAD-2642R,PCS,"2""X642R Radiator Paint Brush",Automotive,,X642R,,,PENDING,,,,,,,,,,,,,,,,,PENDING,pending,needs_permission,,,,RETRY_RESEARCHED_PENDING
4205,"PIC-HAN-GOL-1-1/2""",PCK,Golden Picture Hanger-m'sia 1-1/2 (2PAIR/PCK),Housewares,,2PAIR/PCK,,,PENDING,,,,,,,,,,,,,,,,,PENDING,pending,needs_permission,,,,RETRY_RESEARCHED_PENDING
4209,SHH-HOOK-EWDX4008,PKT,No. 8 (20'S) Eagle Wave Hook,Fishing & Tackle,,DX-400,,,PENDING,,,,,,,,,,,,,,,,,PENDING,pending,needs_permission,,,,RETRY_RESEARCHED_PENDING
4210,SHH-HOOK-SC4063,PKT,Surecatch Biru 406 No. 3(20'S),Fishing & Tackle,,NO.3,,,PENDING,,,,,,,,,,,,,,,,,PENDING,pending,needs_permission,,,,RETRY_RESEARCHED_PENDING
4211,SHH-LINE-L/G-OHML20,PCS,Omega Hayasu Mono Line (rainbow) 20LBS,Fishing & Tackle,,20LBS,,,PENDING,,,,,,,,,,,,,,,,,PENDING,pending,needs_permission,,,,RETRY_RESEARCHED_PENDING
4212,SHH-LINE-L/G-OHML40,PCS,Omega Hayasu Mono Line (rainbow) 40LBS,Fishing & Tackle,,40LBS,,,PENDING,,,,,,,,,,,,,,,,,PENDING,pending,needs_permission,,,,RETRY_RESEARCHED_PENDING
4213,SHH-LINE-WHI-NO.06,PCS,(bs)long White M. L No. 6,Fishing & Tackle,,NO.6,,,PENDING,,,,,,,,,,,,,,,,,PENDING,pending,needs_permission,,,,RETRY_RESEARCHED_PENDING
4214,SHH-REEL-MH3000A,PCS,Sealand Machine Gun Fishing Reel (3SS-B) MG3000A,Fishing & Tackle,,3SS-B,,,PENDING,,,,,,,,,,,,,,,,,PENDING,pending,needs_permission,,,,RETRY_RESEARCHED_PENDING
4215,SWI-SOC-ELE-E012B,PCS,Elegance 16A 1 GANG 2 Way-black (E012B),Electrical,,E012B,,,PENDING,,,,,,,,,,,,,,,,,PENDING,pending,needs_permission,,,,RETRY_RESEARCHED_PENDING
4216,SWI-SOC-MK-S2747,PCS,Mk 13A X 2 Switch Socket - Slimline Plus,Electrical,,S2747,,,PENDING,,,,,,,,,,,,,,,,,PENDING,pending,needs_permission,,,,RETRY_RESEARCHED_PENDING
4217,SWI-SOC-ULT-M08213MG,PCS,Ultra 13A 2GANG Flat Pin Swi Soc Neon (M08213MG),Electrical,,2GANG,,,PENDING,,,,,,,,,,,,,,,,,PENDING,pending,needs_permission,,,,RETRY_RESEARCHED_PENDING
4218,TOO-NIE-TAM-T9,PCS,Nietz E/long Tamper Tx-star Wrench (red) 53283009,Hand Tools,Nietz,,,,PENDING,,,,,,,,,,,,,,,,,PENDING,pending,needs_permission,,,,RETRY_RESEARCHED_PENDING
4220,TOO-WRE-MII-6120#,PCS,Mii Premium Nut Wrench - 6120,Hand Tools,,13-24MM,,,PENDING,,,,,,,,,,,,,,,,,PENDING,pending,needs_permission,,,,RETRY_RESEARCHED_PENDING
4221,WAL-PLU-S/S-60MM,PCS,304 S/steel Wall Plug M6 X 60MM,Fasteners & Fixings,,CC220,,,PENDING,,,,,,,,,,,,,,,,,PENDING,pending,needs_permission,,,,RETRY_RESEARCHED_PENDING
4222,AER-6ME4,PCS,Aerico 6ME4,Other,,6ME4,,,PENDING,,,,,,,,,,,,,,,,,PENDING,pending,needs_permission,,,,RETRY_RESEARCHED_PENDING
4223,BEA-PUL-EAS-E0060,PCS,Eastman X 4 Bearing Puller,Other,,E0060,,,PENDING,,,,,,,,,,,,,,,,,PENDING,pending,needs_permission,,,,RETRY_RESEARCHED_PENDING
4224,BLI-HSS-HOL-SAW-22MM,PCS,Blimax Hss Hole SAW-22MM,Power Tool Accessories,,SAW-22MM,,,PENDING,,,,,,,,,,,,,,,,,PENDING,pending,needs_permission,,,,RETRY_RESEARCHED_PENDING
4225,CUT-DIS-MARK-12300-P120,PCS,Mr. Mark P120 Master Fibre Disc - Blk,Abrasives & Cutting,,P120,,,PENDING,,,,,,,,,,,,,,,,,PENDING,pending,needs_permission,,,,RETRY_RESEARCHED_PENDING
4226,ELE-PEN-CD-3019,PCS,Pendant Light CD-3019,Electrical,,CD-3019,,,PENDING,,,,,,,,,,,,,,,,,PENDING,pending,needs_permission,,,,RETRY_RESEARCHED_PENDING
4227,"FAS-SCR-CSK-3"" X 8G - BOX",BOX,Sr Csk Tapping Screw 3 X 8G (400PCS/BOX),Fasteners & Fixings,,400PCS/BOX,,,PENDING,,,,,,,,,,,,,,,,,PENDING,pending,needs_permission,,,,RETRY_RESEARCHED_PENDING
4228,HOS-CON-19-25MM-1'',PCS,Power Hose Joint 1,Outdoor & Garden,,19-25MM,,,PENDING,,,,,,,,,,,,,,,,,PENDING,pending,needs_permission,,,,RETRY_RESEARCHED_PENDING
4233,SHH-BLA-NET-NO.2,PCS,"Black Net No. 2 (1 1/4"") (3.0CM)",Fishing & Tackle,,NO.2,,,PENDING,,,,,,,,,,,,,,,,,PENDING,pending,needs_permission,,,,RETRY_RESEARCHED_PENDING
4234,SHH-BLA-NET-NO.7,PCS,"Black Net No. 7 (2 3/4"") (7.0CM)",Fishing & Tackle,,NO.7,,,PENDING,,,,,,,,,,,,,,,,,PENDING,pending,needs_permission,,,,RETRY_RESEARCHED_PENDING
4235,SHH-BLA-NET-NO.8,PCS,"Black Net No. 8 (3 1/4"") (8.0CM)",Fishing & Tackle,,NO.8,,,PENDING,,,,,,,,,,,,,,,,,PENDING,pending,needs_permission,,,,RETRY_RESEARCHED_PENDING
4236,SHH-REEL-NL200,PCS,Alpine Prawn Reel (3BB),Fishing & Tackle,,3BB,,,PENDING,,,,,,,,,,,,,,,,,PENDING,pending,needs_permission,,,,RETRY_RESEARCHED_PENDING
4237,SHH-REEL-YK6000,PCS,Yumoshi Fishing Reel (YK6000),Fishing & Tackle,,YK6000,,,PENDING,,,,,,,,,,,,,,,,,PENDING,pending,needs_permission,,,,RETRY_RESEARCHED_PENDING
4238,SWI-SOC-ELE-E031B,PCS,Elegance 16A 3 GANG 1 Way-black (E031B),Electrical,,E031B,,,PENDING,,,,,,,,,,,,,,,,,PENDING,pending,needs_permission,,,,RETRY_RESEARCHED_PENDING
4239,SWI-SOC-ULT-M0815W,PCS,Ultra 15A Round Pin Swi Soc Neon-whi (M0815W),Electrical,,M0815W,,,PENDING,,,,,,,,,,,,,,,,,PENDING,pending,needs_permission,,,,RETRY_RESEARCHED_PENDING
4240,TIE-CAB-WHI-250MM,PCK,"White PVC Cable Ties 250MM (10"")",Electrical,,,,,PENDING,,,,,,,,,,,,,,,,,PENDING,pending,needs_permission,,,,RETRY_RESEARCHED_PENDING
4241,TOO-HAN-RAT-12MM,PCS,Ratchet Handle 1/2 (heavy Duty),Doors & Hardware,,SK203,,,PENDING,,,,,,,,,,,,,,,,,PENDING,pending,needs_permission,,,,RETRY_RESEARCHED_PENDING
4243,TOO-WRE-KEY-KTBAL-12004,SET,King TOP9PCS-4 Ball Point Hex Key Wrench,Hand Tools,,TOP9PCS-4,,,PENDING,,,,,,,,,,,,,,,,,PENDING,pending,needs_permission,,,,RETRY_RESEARCHED_PENDING
4246,WAL-PLU-S/S-CC227-M10X80MM,PCS,S/steel Wall Plug - K103-304 M10X80MM CC227,Fasteners & Fixings,,K103-304,,,PENDING,,,,,,,,,,,,,,,,,PENDING,pending,needs_permission,,,,RETRY_RESEARCHED_PENDING
4247,WAT-TAP-BLU,DRUM,(3) 100 Gallons HDPE Taper Tank,Plumbing,,R4.5TD,,,PENDING,,,,,,,,,,,,,,,,,PENDING,pending,needs_permission,,,,RETRY_RESEARCHED_PENDING
4248,X-ELE-BUL-B225W-Y,PCS,Kobena 5W E27,Power Tools,,E27,,,PENDING,,,,,,,,,,,,,,,,,PENDING,pending,needs_permission,,,,RETRY_RESEARCHED_PENDING
4249,BNW-B&N-RBN-204-BOX,BOX,Sr G. I Boit & Nut 1/4 X 1/2 (box),Fasteners & Fixings,,RBN-204,,,PENDING,,,,,,,,,,,,,,,,,PENDING,pending,needs_permission,,,,RETRY_RESEARCHED_PENDING
4250,CLI-ELE-CAB-04MM100'S,BOX,Cable Clip 4MM/100'S (bd),Electrical,,4MM/100,,,PENDING,,,,,,,,,,,,,,,,,PENDING,pending,needs_permission,,,,RETRY_RESEARCHED_PENDING
4251,"COC-BASIN-K400C-1/2""",PCS,Washbasin Tap:c/p Cross-type 1/2,Plumbing,,K-400C,,,PENDING,,,,,,,,,,,,,,,,,PENDING,pending,needs_permission,,,,RETRY_RESEARCHED_PENDING
4252,COC-STO-B1198,PCS,1/2 Bliton Stopcock,Plumbing,,B1198,,,PENDING,,,,,,,,,,,,,,,,,PENDING,pending,needs_permission,,,,RETRY_RESEARCHED_PENDING
4253,CON-CAB-CLAMP-600AMP,PCS,Gloweld Earth Clamp,Hand Tools,,600AMP,,,PENDING,,,,,,,,,,,,,,,,,PENDING,pending,needs_permission,,,,RETRY_RESEARCHED_PENDING
4255,CUT-ELE-EDM-4100,PCS,4 X 100 Gold Elephant Mop Disc,Housewares,,EDM-4100,,,PENDING,,,,,,,,,,,,,,,,,PENDING,pending,needs_permission,,,,RETRY_RESEARCHED_PENDING
4257,"FAS-RIV-PAT-1/8""X5/16""-PCK",PCK,Blind Rivet: Jaguar 1/8 X 5/16 (20PCS/PCK),Fasteners & Fixings,,20PCS/PCK,,,PENDING,,,,,,,,,,,,,,,,,PENDING,pending,needs_permission,,,,RETRY_RESEARCHED_PENDING
4259,GUN-TRA-F32,PCS,Air Tracker - F32,Fasteners & Fixings,,F32,,,PENDING,,,,,,,,,,,,,,,,,PENDING,pending,needs_permission,,,,RETRY_RESEARCHED_PENDING
4261,"IND-CAS-SWI-BRA-1""",PCS,1 DL5 Tpe 360 Degree Swivel Caster W Brakes,Fishing & Tackle,,DL5,,,PENDING,,,,,,,,,,,,,,,,,PENDING,pending,needs_permission,,,,RETRY_RESEARCHED_PENDING
4264,INS-FWF04-SC,NOS,Seat & Cover,Other,,FWF04,,,PENDING,,,,,,,,,,,,,,,,,PENDING,pending,needs_permission,,,,RETRY_RESEARCHED_PENDING
4268,SHH-REEL-GM3000,PCS,Haojia Fishing Reel 12BB GM3000,Fishing & Tackle,,12BB,,,PENDING,,,,,,,,,,,,,,,,,PENDING,pending,needs_permission,,,,RETRY_RESEARCHED_PENDING
4269,SHH-ROD-AGS562,PCS,"Hytac Avengers Rod (5'6"")",Fishing & Tackle,,AGS562,,,PENDING,,,,,,,,,,,,,,,,,PENDING,pending,needs_permission,,,,RETRY_RESEARCHED_PENDING
4270,SWI-SOC-MK-NEO-S8423,PCS,Mk 20AX 1 GANG Dp Switch + Neon,Electrical,,20AX,,,PENDING,,,,,,,,,,,,,,,,,PENDING,pending,needs_permission,,,,RETRY_RESEARCHED_PENDING
4271,SWI-T/SOC-9822-5M2G,SET,2GL T/skt W/surge (sr) 9822/5M,Electrical,,2GL,,,PENDING,,,,,,,,,,,,,,,,,PENDING,pending,needs_permission,,,,RETRY_RESEARCHED_PENDING
4272,"TIE-CAB-BLA-8""",PKT,8 Black Cable Tie (20PCS/PCK),"Rope, Chain & Netting",,20PCS/PCK,,,PENDING,,,,,,,,,,,,,,,,,PENDING,pending,needs_permission,,,,RETRY_RESEARCHED_PENDING
4273,"TOO-DRV-STA-PH2-1/4""X05""-9960651680",PCS,"Cushion Grip S/dr PHILIPS-1/4""X5""X2PT ( 2X125MM)",Power Tools,,PHILIPS-1/4,,,PENDING,,,,,,,,,,,,,,,,,PENDING,pending,needs_permission,,,,RETRY_RESEARCHED_PENDING
4274,VAL-BAL-VIP-FF12MM,PCS,1/2 Vip Chrome Mini Valves 323FF,Plumbing,,323FF,,,PENDING,,,,,,,,,,,,,,,,,PENDING,pending,needs_permission,,,,RETRY_RESEARCHED_PENDING
4275,AER-4MRT44,PCS,Aerico 4MRT44,Other,,4MRT44,,,PENDING,,,,,,,,,,,,,,,,,PENDING,pending,needs_permission,,,,RETRY_RESEARCHED_PENDING
4276,AER-6MC6,PCS,Aerico 6MC6,Other,,6MC6,,,PENDING,,,,,,,,,,,,,,,,,PENDING,pending,needs_permission,,,,RETRY_RESEARCHED_PENDING
4277,BAT-REC-FP645-6V,PCS,First Power 6V 4.5AH Rec. Battery,Electrical,,FP645,,,PENDING,,,,,,,,,,,,,,,,,PENDING,pending,needs_permission,,,,RETRY_RESEARCHED_PENDING
4278,BNW-B&N-RBN-212,PCK,Sr G. I Boit & Nut 1/4 X 1 1/4 (5PCS/PCK),Fasteners & Fixings,,5PCS/PCK,,,PENDING,,,,,,,,,,,,,,,,,PENDING,pending,needs_permission,,,,RETRY_RESEARCHED_PENDING
4281,CUT-BLA-WOO-KNI10530T,PCS,"Knight Circular Saw Blade - Wood 4""X30T",Power Tool Accessories,,X30T,,,PENDING,,,,,,,,,,,,,,,,,PENDING,pending,needs_permission,,,,RETRY_RESEARCHED_PENDING
4282,DOR-LAT-B2SS,DOZ,Leon S/steel Door LATCH-2,Doors & Hardware,,LATCH-2,,,PENDING,,,,,,,,,,,,,,,,,PENDING,pending,needs_permission,,,,RETRY_RESEARCHED_PENDING
4283,"HHD-SOC-YG379MF-1/2""X50MM",PCS,Mxf S/steel Socket 1/2 X 50MM,Electrical,,YG379,,,PENDING,,,,,,,,,,,,,,,,,PENDING,pending,needs_permission,,,,RETRY_RESEARCHED_PENDING
4284,HOS-COU-Y-EG4022,PCS,Ecogreen- Y Snap-in Coupling,Outdoor & Garden,,EG4022,,,PENDING,,,,,,,,,,,,,,,,,PENDING,pending,needs_permission,,,,RETRY_RESEARCHED_PENDING
4286,IND-TRO-SET-KIT3203,SET,2 IN 1 Planner Set,Building Materials,,KIT3203,,,PENDING,,,,,,,,,,,,,,,,,PENDING,pending,needs_permission,,,,RETRY_RESEARCHED_PENDING
4290,SHH-REEL-HS5000,PCS,Hytac Hyperstone Reel,Fishing & Tackle,,HS5000,,,PENDING,,,,,,,,,,,,,,,,,PENDING,pending,needs_permission,,,,RETRY_RESEARCHED_PENDING
4291,SHH-ROD-DX3332180,PCS,"(7'0"") Ralink Rod (casting Rod)",Fishing & Tackle,,AR20-210,,,PENDING,,,,,,,,,,,,,,,,,PENDING,pending,needs_permission,,,,RETRY_RESEARCHED_PENDING
4293,TOO-CLA-GW47375,PCS,Heavy G-shape Clamp 3,Hand Tools,,W0473C,,,PENDING,,,,,,,,,,,,,,,,,PENDING,pending,needs_permission,,,,RETRY_RESEARCHED_PENDING
4294,TOO-COM-W0305V-22*24MM,PCS,2 Open Wrench (22*24MM),Hand Tools,,22*24MM,,,PENDING,,,,,,,,,,,,,,,,,PENDING,pending,needs_permission,,,,RETRY_RESEARCHED_PENDING
4295,TOO-WRE-ADJ-PIN-BLM185,PCS,Blimax Adj Pin,Hand Tools,,WRENCH-BLM185,,,PENDING,,,,,,,,,,,,,,,,,PENDING,pending,needs_permission,,,,RETRY_RESEARCHED_PENDING
4297,VAL-ANG-CVL-CA9003,PCS,Cavallo Angle Valve CA9003 304SS,Plumbing,,CA9003,,,PENDING,,,,,,,,,,,,,,,,,PENDING,pending,needs_permission,,,,RETRY_RESEARCHED_PENDING
4300,BAT-ENE-REC-AA-UNIV,PCK,En Rec Batt 2AA Univ,Electrical,,2AA,,,PENDING,,,,,,,,,,,,,,,,,PENDING,pending,needs_permission,,,,RETRY_RESEARCHED_PENDING
4303,CAP-01.5UF-415V-CBB61,PCS,Capacitor 415V Sh-po Square Black,Electrical,,01.5UF,,,PENDING,,,,,,,,,,,,,,,,,PENDING,pending,needs_permission,,,,RETRY_RESEARCHED_PENDING
4304,CUT-GRI-MJ021-100,PCS,Qs Grinding Wheel 4,Abrasives & Cutting,,MJ-021,,,PENDING,,,,,,,,,,,,,,,,,PENDING,pending,needs_permission,,,,RETRY_RESEARCHED_PENDING
4305,DOR-BOL-RAI-150MM,DOZ,Rb Pad BOLT-6,Fasteners & Fixings,,BOLT-6,,,PENDING,,,,,,,,,,,,,,,,,PENDING,pending,needs_permission,,,,RETRY_RESEARCHED_PENDING
4306,ELE-D/L-PHL-59467-SQ-6500K,SET,59467 Meson 17 1200 150 Square 6500K,Electrical,,6500K,,,PENDING,,,,,,,,,,,,,,,,,PENDING,pending,needs_permission,,,,RETRY_RESEARCHED_PENDING
4307,ELE-PEN-CD-87020/3,PCS,Pendant Light CD-87020/3,Electrical,,CD-87020/3,,,PENDING,,,,,,,,,,,,,,,,,PENDING,pending,needs_permission,,,,RETRY_RESEARCHED_PENDING
4308,ELE-PEN-DX-9001/1,PCS,Pendant Light DX-9001/1,Electrical,,DX-9001/1,,,PENDING,,,,,,,,,,,,,,,,,PENDING,pending,needs_permission,,,,RETRY_RESEARCHED_PENDING
4309,"ELE-PVC-CAS-2""X3""",LGTH,Kancil 2 X 3 X6FT PVC Casing,Electrical,,X6FT,,,PENDING,,,,,,,,,,,,,,,,,PENDING,pending,needs_permission,,,,RETRY_RESEARCHED_PENDING
4310,ELE-TUB-LED-4-60W-6500K,PCS,Cielo Frs -4T/T8/60W/DL LED T8 Tube,Automotive,,4T/T8/60W/DL,,,PENDING,,,,,,,,,,,,,,,,,PENDING,pending,needs_permission,,,,RETRY_RESEARCHED_PENDING
4312,FAS-BOL-EXP-TRAC130-M8X90X50,PCS,M8 X 90 X 50 Brain Hook Expansion Bolt,Fasteners & Fixings,,TRAC130,,,PENDING,,,,,,,,,,,,,,,,,PENDING,pending,needs_permission,,,,RETRY_RESEARCHED_PENDING
4313,"FAS-SCR-DRY-WHI-6#1.1/4""",PCK,Hunter/wh - Drywall Screw 6 (20PCS/PCK) X1-1/4,Fasteners & Fixings,,20PCS/PCK,,,PENDING,,,,,,,,,,,,,,,,,PENDING,pending,needs_permission,,,,RETRY_RESEARCHED_PENDING
4314,FDD-CON-FEM-YEL-5.5,PCK,Female Disconnect - Yellow (5.5) (20PCS/PCK),Electrical,,20PCS/PCK,,,PENDING,,,,,,,,,,,,,,,,,PENDING,pending,needs_permission,,,,RETRY_RESEARCHED_PENDING
4315,FIL-GAU-W2868A,PCS,Filler Gauges 100MM*14,Other,,100MM*14,,,PENDING,,,,,,,,,,,,,,,,,PENDING,pending,needs_permission,,,,RETRY_RESEARCHED_PENDING
4317,FIT-PVC-ELB-20MMX15MM,PCS,"PVC Fitting Elbow Reducing 3/4""X1/2",Plumbing,,X1/2,,,PENDING,,,,,,,,,,,,,,,,,PENDING,pending,needs_permission,,,,RETRY_RESEARCHED_PENDING
4318,HOO-S-3PCS-ZT2093,PCK,Zheng Tu 3PCS S Shape Hook Small,Doors & Hardware,,ZT2093,,,PENDING,,,,,,,,,,,,,,,,,PENDING,pending,needs_permission,,,,RETRY_RESEARCHED_PENDING
4319,"IND-CAS-FIX-1""",PCS,1 DL5 Tpe Fixed Caster,Building Materials,,DL5,,,PENDING,,,,,,,,,,,,,,,,,PENDING,pending,needs_permission,,,,RETRY_RESEARCHED_PENDING
4320,"IND-CAS-SWI-TSC-2""",PCS,2 DL5 Tpe Threaded Stem Swivel Caster,Fishing & Tackle,,DL5,,,PENDING,,,,,,,,,,,,,,,,,PENDING,pending,needs_permission,,,,RETRY_RESEARCHED_PENDING
4322,LEO-S/S-LOC-BOL-LB304-6,PCS,Leon 6 S/steel Lockble,Fasteners & Fixings,,BOLT-LB304-6,,,PENDING,,,,,,,,,,,,,,,,,PENDING,pending,needs_permission,,,,RETRY_RESEARCHED_PENDING
4325,RIG-HOO-ALL-0.75TON,PCS,Alloy Hook 0.75TON,Lifting & Rigging,,0.75TON,,,PENDING,,,,,,,,,,,,,,,,,PENDING,pending,needs_permission,,,,RETRY_RESEARCHED_PENDING
4326,SHE-CAB-CB476-GM,PCS,Cabana Corner Shelf,Housewares,,SUS304,,,PENDING,,,,,,,,,,,,,,,,,PENDING,pending,needs_permission,,,,RETRY_RESEARCHED_PENDING
4327,SHH-HOOK-SC4064,PKT,Surecatch Biru 406 No. 4(20'S),Fishing & Tackle,,NO.4,,,PENDING,,,,,,,,,,,,,,,,,PENDING,pending,needs_permission,,,,RETRY_RESEARCHED_PENDING
4328,SHH-HOOK-SC4065,PKT,Surecatch Biru 406 No. 5(20'S),Fishing & Tackle,,NO.5,,,PENDING,,,,,,,,,,,,,,,,,PENDING,pending,needs_permission,,,,RETRY_RESEARCHED_PENDING
4329,SHH-REEL-VT100,PCS,Pt Pioneer Nuke Pro (9+1BB) (r/h) Casting Reel,Fishing & Tackle,,9+1BB,,,PENDING,,,,,,,,,,,,,,,,,PENDING,pending,needs_permission,,,,RETRY_RESEARCHED_PENDING
4330,SWI-SOC-MK-G2977,EA,Mk Alm 13A M/c S/socket,Electrical,,G2977,,,PENDING,,,,,,,,,,,,,,,,,PENDING,pending,needs_permission,,,,RETRY_RESEARCHED_PENDING
4331,SWI-SOC-ULT-M08213W,PCS,Ultra 13A 2GANG Flat Pin Swi Soc Neon-whi (M08213W),Electrical,,2GANG,,,PENDING,,,,,,,,,,,,,,,,,PENDING,pending,needs_permission,,,,RETRY_RESEARCHED_PENDING
4332,TAB-SHE-PVC-Y068A,MTR,ZT-032 PVC Sheet,Housewares,,ZT-032,,,PENDING,,,,,,,,,,,,,,,,,PENDING,pending,needs_permission,,,,RETRY_RESEARCHED_PENDING
4334,TOO-HAM-CLA-W2611,PCS,Claw Hammer Trp/plastic,Hand Tools,,W2611,,,PENDING,,,,,,,,,,,,,,,,,PENDING,pending,needs_permission,,,,RETRY_RESEARCHED_PENDING
4339,CUT-ELE-EDM-4240,PCS,4 X 240 Gold Elephant Mop Disc,Housewares,,EDM-4240,,,PENDING,,,,,,,,,,,,,,,,,PENDING,pending,needs_permission,,,,RETRY_RESEARCHED_PENDING
4340,CUT-KNI-HX338,BOX,Tct A80 N. T Cutter Blade (10PCS/BOX),Abrasives & Cutting,,A80,,,PENDING,,,,,,,,,,,,,,,,,PENDING,pending,needs_permission,,,,RETRY_RESEARCHED_PENDING
4343,RAI-COA-SUP-XXL,PCS,Supersonic PVC Rain Coat : 2XL,Curtains & Blinds,,2XL,,,PENDING,,,,,,,,,,,,,,,,,PENDING,pending,needs_permission,,,,RETRY_RESEARCHED_PENDING
4345,SHH-LINE-L/G-OHML30,PCS,Omega Hayasu Mono Line (rainbow) 30LBS,Fishing & Tackle,,30LBS,,,PENDING,,,,,,,,,,,,,,,,,PENDING,pending,needs_permission,,,,RETRY_RESEARCHED_PENDING
4346,SHH-LINE-L/G-OHML8,PCS,Omega Hayasu Mono Line 8LBS (rainbows),Fishing & Tackle,,8LBS,,,PENDING,,,,,,,,,,,,,,,,,PENDING,pending,needs_permission,,,,RETRY_RESEARCHED_PENDING
4347,SHO-HEA-05369(H),SET,Esh 500A Shower Head 05369,Bathroom,,,,,PENDING,,,,,,,,,,,,,,,,,PENDING,pending,needs_permission,,,,RETRY_RESEARCHED_PENDING
4348,STOP-LVL-TIL-STP-4017,PACK,PVC Tile Leveling Stopper (90PCS+-/PCK),Flooring,,90PCS+-/PCK,,,PENDING,,,,,,,,,,,,,,,,,PENDING,pending,needs_permission,,,,RETRY_RESEARCHED_PENDING
4349,SWI-LAM-HOL-SE220E-E27,PCS,E27 Battern Holder - White,Electrical,,E27,,,PENDING,,,,,,,,,,,,,,,,,PENDING,pending,needs_permission,,,,RETRY_RESEARCHED_PENDING
4350,SWI-SOC-ELE-PTBK400,PCS,400MM Power Tracks (surface)-black (BK400),Electrical,,BK400,,,PENDING,,,,,,,,,,,,,,,,,PENDING,pending,needs_permission,,,,RETRY_RESEARCHED_PENDING
4352,TOO-COM-W0305H-11*13MM,PCS,2 Open Wrench (11*13MM),Hand Tools,,11*13MM,,,PENDING,,,,,,,,,,,,,,,,,PENDING,pending,needs_permission,,,,RETRY_RESEARCHED_PENDING
4356,VAL-BAL-VIP-MF12MM,PCS,1/2 Vip Chrome Mini Valves 323MF,Plumbing,,323MF,,,PENDING,,,,,,,,,,,,,,,,,PENDING,pending,needs_permission,,,,RETRY_RESEARCHED_PENDING
4357,VAL-CAB-CSK15A,UNIT,Cabana Stop Valve 3/4,Plumbing,,CSK15A,,,PENDING,,,,,,,,,,,,,,,,,PENDING,pending,needs_permission,,,,RETRY_RESEARCHED_PENDING
4358,BNW-B&N-RBN-112,PCK,Sr G. I Boit & Nut 3/16 X 1 1/4 (12PCS/PCK),Fasteners & Fixings,,12PCS/PCK,,,PENDING,,,,,,,,,,,,,,,,,PENDING,pending,needs_permission,,,,RETRY_RESEARCHED_PENDING
4360,CAP-02.5UF-415V-CBB61,PCS,Capacitor 415V Blnch Square Black (sh-po),Electrical,,2.5UF,,,PENDING,,,,,,,,,,,,,,,,,PENDING,pending,needs_permission,,,,RETRY_RESEARCHED_PENDING
4361,CAR-WAS-SHI-1L,PCS,Aa Car Care Wash&shine (premium) 1000ML,Automotive,,,,,PENDING,,,,,,,,,,,,,,,,,PENDING,pending,needs_permission,,,,RETRY_RESEARCHED_PENDING
4362,CUT-DIS-W2451-100,PCS,4 Cutting Wheel,Abrasives & Cutting,,W2451,,,PENDING,,,,,,,,,,,,,,,,,PENDING,pending,needs_permission,,,,RETRY_RESEARCHED_PENDING
4363,CUT-KNI-HOL-JM-80,PCS,Jayamata Knives Stainless Steel,Abrasives & Cutting,,JM-80,,,PENDING,,,,,,,,,,,,,,,,,PENDING,pending,needs_permission,,,,RETRY_RESEARCHED_PENDING
4364,CUT-KNI-W550RP,PCS,Utility Knife W550RP,Hand Tools,,W550RP,,,PENDING,,,,,,,,,,,,,,,,,PENDING,pending,needs_permission,,,,RETRY_RESEARCHED_PENDING
4365,CUT-KNI-W900RPB,PCS,Utility Knife W900RP,Hand Tools,,W900RP,,,PENDING,,,,,,,,,,,,,,,,,PENDING,pending,needs_permission,,,,RETRY_RESEARCHED_PENDING
4366,CYL-LOC-EPO-C101L-ORB,SET,Epo Cylindrical Lock (C101-L Orb),Locks & Security,,C101-L,,,PENDING,,,,,,,,,,,,,,,,,PENDING,pending,needs_permission,,,,RETRY_RESEARCHED_PENDING
4367,DZ-GEN-TG-30,PCS,Tool Grease,Other,,GEN-TG-30,,,PENDING,,,,,,,,,,,,,,,,,PENDING,pending,needs_permission,,,,RETRY_RESEARCHED_PENDING
4371,LEO-SUS304-S/S-BIB-L133,PCS,Leon Sus 304 S/steel,Plumbing,,BIBTAP-L133,,,PENDING,,,,,,,,,,,,,,,,,PENDING,pending,needs_permission,,,,RETRY_RESEARCHED_PENDING
4372,PEN-ECO100-4KG,PAIL,Eco 100 Waterproofing,Housewares,,COATING-4KG,,,PENDING,,,,,,,,,,,,,,,,,PENDING,pending,needs_permission,,,,RETRY_RESEARCHED_PENDING
4373,PLA-MAT-EAW1100,ROLL,Elephant-king Anti-weed Mat (pp) 1M X 100M,Packaging,,,,,PENDING,,,,,,,,,,,,,,,,,PENDING,pending,needs_permission,,,,RETRY_RESEARCHED_PENDING
4375,SHE-CAB-CB474-GM,PCS,Cabana Shelf Gm 350 X 140 X 56MM,Housewares,,SUS304,,,PENDING,,,,,,,,,,,,,,,,,PENDING,pending,needs_permission,,,,RETRY_RESEARCHED_PENDING
4376,SHH-HOOK-9290BN14,PKT,Sode Hook No. 14(13'S),Fishing & Tackle,,9290BN,,,PENDING,,,,,,,,,,,,,,,,,PENDING,pending,needs_permission,,,,RETRY_RESEARCHED_PENDING
4377,SHH-HOOK-EWDX40006,PKT,No. 6(20'S) Eagle Wave Hook,Fishing & Tackle,,DX-400,,,PENDING,,,,,,,,,,,,,,,,,PENDING,pending,needs_permission,,,,RETRY_RESEARCHED_PENDING
4378,SHH-ROD-CRF200XH,PCS,Pt Pioneer Crossfire Xh (4+1BB)(R/H) Casting Reel,Fishing & Tackle,,4+1BB,,,PENDING,,,,,,,,,,,,,,,,,PENDING,pending,needs_permission,,,,RETRY_RESEARCHED_PENDING
4379,SHH-ROD-EJ150,PCS,"Torikumu Ebi Light (4'0"") Prawn Rod",Fishing & Tackle,,TK-EB-401-2S,,,PENDING,,,,,,,,,,,,,,,,,PENDING,pending,needs_permission,,,,RETRY_RESEARCHED_PENDING
4380,SWI-SOC-ULT-M022MG,PCS,Ultra 16A 2 GANG 2 Way-matte Grey (M022MG),Electrical,,M022MG,,,PENDING,,,,,,,,,,,,,,,,,PENDING,pending,needs_permission,,,,RETRY_RESEARCHED_PENDING
4381,SWI-SOC-ULT-M074MG,PCS,Ultra 1GANG Data Out (RJ45)-MAT Grey (M074MG),Electrical,,1GANG,,,PENDING,,,,,,,,,,,,,,,,,PENDING,pending,needs_permission,,,,RETRY_RESEARCHED_PENDING
4382,TOO-WRE-MARS,PCS,Mars No. 5 Adj Tap & Reamer Wrench (M4-M12),Hand Tools,,M4-M12,,,PENDING,,,,,,,,,,,,,,,,,PENDING,pending,needs_permission,,,,RETRY_RESEARCHED_PENDING
4383,WEL-REG-YAM-OXY,PCS,Yamato Regulatuor - YR70 Oxygen,Welding,,YR70,,,PENDING,,,,,,,,,,,,,,,,,PENDING,pending,needs_permission,,,,RETRY_RESEARCHED_PENDING
4384,BRU-RAD-4X642R,PCS,"1-1/2""X642R Radiator Brush",Automotive,,X642R,,,PENDING,,,,,,,,,,,,,,,,,PENDING,pending,needs_permission,,,,RETRY_RESEARCHED_PENDING
4385,COV-HAR-SIC-JM-228,PCS,Sickle Harvesting Palm Oil PVC Cover 30,Outdoor & Garden,,JM-228,,,PENDING,,,,,,,,,,,,,,,,,PENDING,pending,needs_permission,,,,RETRY_RESEARCHED_PENDING
4386,CUT-BLA-LB50H-18MM,BOX,Tajima 501 Spare Blade -18MM (1BOX=10PCS),Abrasives & Cutting,,1BOX=10PCS,,,PENDING,,,,,,,,,,,,,,,,,PENDING,pending,needs_permission,,,,RETRY_RESEARCHED_PENDING
4388,FAS-SCR-ZPH-DSMHO625-BOX,BOX,Sr Zph Self Drilling Screw (500PCS/BOX) DSM-HO625,Fasteners & Fixings,,500PCS/BOX,,,PENDING,,,,,,,,,,,,,,,,,PENDING,pending,needs_permission,,,,RETRY_RESEARCHED_PENDING
4391,SCA-CAM-DIG-3100072,PCS,Digital Luggage Scale,Housewares,,HO/50KG,,,PENDING,,,,,,,,,,,,,,,,,PENDING,pending,needs_permission,,,,RETRY_RESEARCHED_PENDING
4392,SHE-CAB-CB504A,UNIT,Cabana Glass Shelf CB504A,Building Materials,,CB504A,,,PENDING,,,,,,,,,,,,,,,,,PENDING,pending,needs_permission,,,,RETRY_RESEARCHED_PENDING
4393,SHH-FIG-BRA-LIN-4X-20LB,PCS,Shuttle 4X Braided Line 100M (20LB) (dark Green),Fishing & Tackle,,20LB,,,PENDING,,,,,,,,,,,,,,,,,PENDING,pending,needs_permission,,,,RETRY_RESEARCHED_PENDING
4394,SHH-FIG-BRA-LIN-4X-40LB,PCS,Shuttle 4X Braided Line 100M (40LB) (dark Green),Fishing & Tackle,,40LB,,,PENDING,,,,,,,,,,,,,,,,,PENDING,pending,needs_permission,,,,RETRY_RESEARCHED_PENDING
4395,SHH-FIG-BRA-LIN-4X-80LB,PCS,Shuttle 4X Braided Line 100M (80LB) (dark Green),Fishing & Tackle,,80LB,,,PENDING,,,,,,,,,,,,,,,,,PENDING,pending,needs_permission,,,,RETRY_RESEARCHED_PENDING
4396,SHH-REEL-TKEB4002S,PCS,"Torikumu Ebi U. Light (4'0"")(PRAWN ROD)(GUIDE7'S)",Fishing & Tackle,,GUIDE7,,,PENDING,,,,,,,,,,,,,,,,,PENDING,pending,needs_permission,,,,RETRY_RESEARCHED_PENDING
4399,TAP-BIB-QBC01W,PCS,Jopex PVC BIBTAP-QBC01W,Plumbing,,BIBTAP-QBC01W,,,PENDING,,,,,,,,,,,,,,,,,PENDING,pending,needs_permission,,,,RETRY_RESEARCHED_PENDING
4403,WAT-NOZ-ADP-026B,PCS,Gardenu 026B Water Nozzle Adaptor - Brs,Electrical,,026B,,,PENDING,,,,,,,,,,,,,,,,,PENDING,pending,needs_permission,,,,RETRY_RESEARCHED_PENDING
4404,WEL-REG-YAM-ACT,PCS,Yamato Regulatuor - YR71 Acetylene,Welding,,YR71,,,PENDING,,,,,,,,,,,,,,,,,PENDING,pending,needs_permission,,,,RETRY_RESEARCHED_PENDING
4405,BAT-PSN-LIT3V-CR-1616/5BE,PCS,CR-1616/5B Lithium 3V,Electrical,,CR-1616/5B,,,PENDING,,,,,,,,,,,,,,,,,PENDING,pending,needs_permission,,,,RETRY_RESEARCHED_PENDING
4406,BIB-TAP-K2B-LT8114,PCS,Luxtec Wall Bibtap K2B-LT8114,Plumbing,,K2B-LT8114,,,PENDING,,,,,,,,,,,,,,,,,PENDING,pending,needs_permission,,,,RETRY_RESEARCHED_PENDING
4407,BLA-SAW-TCT-4X30T,PCS,"Blimax Tct Saw BLADE-4""X30T",Power Tool Accessories,,BLADE-4,,,PENDING,,,,,,,,,,,,,,,,,PENDING,pending,needs_permission,,,,RETRY_RESEARCHED_PENDING
4408,BURR-CAR-T.C.T-AX1020,PCS,Blimax Carbide BURR-AX1020,Other,,BURR-AX1020,,,PENDING,,,,,,,,,,,,,,,,,PENDING,pending,needs_permission,,,,RETRY_RESEARCHED_PENDING
4409,BURR-CAR-T.C.T-CX1020,PCS,Blimax Carbide BURR-CX1020,Other,,BURR-CX1020,,,PENDING,,,,,,,,,,,,,,,,,PENDING,pending,needs_permission,,,,RETRY_RESEARCHED_PENDING
4410,CAR-WAS-SNOW-500ML,PCS,Aa Care Care Snow Wash (premium) 500ML,Automotive,,,,,PENDING,,,,,,,,,,,,,,,,,PENDING,pending,needs_permission,,,,RETRY_RESEARCHED_PENDING
4411,"CLI-HOS-GP-6""",PCS,Gp S/steel Hose CLIP-6 (102-152MM),Outdoor & Garden,,CLIP-6,,,PENDING,,,,,,,,,,,,,,,,,PENDING,pending,needs_permission,,,,RETRY_RESEARCHED_PENDING
4412,"COC-BASIN-K400L-1/2""",PCS,Washbasin Tap:cp L/type Pillar 1/2,Plumbing,,K400L,,,PENDING,,,,,,,,,,,,,,,,,PENDING,pending,needs_permission,,,,RETRY_RESEARCHED_PENDING
4413,CUT-KNI-RG335,PCS,Rigang Plastic Cutter,Abrasives & Cutting,,RG334,,,PENDING,,,,,,,,,,,,,,,,,PENDING,pending,needs_permission,,,,RETRY_RESEARCHED_PENDING
4415,ELE-METW0452,PCS,Digital Multi-meter W0452,Electrical,,W0452,,,PENDING,,,,,,,,,,,,,,,,,PENDING,pending,needs_permission,,,,RETRY_RESEARCHED_PENDING
4416,"FAS-SCR-CSK-1"" X 8G-PCK",PCK,Sr Csk Tapping Screw 1 X 8G (20PCS/PCK),Fasteners & Fixings,,20PCS/PCK,,,PENDING,,,,,,,,,,,,,,,,,PENDING,pending,needs_permission,,,,RETRY_RESEARCHED_PENDING
4417,FIT-YG251A-SOC-8MM-BRA,PCS,T Brass Connector 8MM,Plumbing,,YG251A,,,PENDING,,,,,,,,,,,,,,,,,PENDING,pending,needs_permission,,,,RETRY_RESEARCHED_PENDING
4418,GUN-SPR-F75S,SET,Blimax H/p Spray Gun - F75S,Power Tool Accessories,,F75S,,,PENDING,,,,,,,,,,,,,,,,,PENDING,pending,needs_permission,,,,RETRY_RESEARCHED_PENDING
4421,IND-WIR-PVC-BIRD-NET-BLK,MTR,Bird Netting (black),"Rope, Chain & Netting",,1MX6X6MM,,,PENDING,,,,,,,,,,,,,,,,,PENDING,pending,needs_permission,,,,RETRY_RESEARCHED_PENDING
4422,MDD-CON-MALE-YELLOW-10PC/PCK,PCK,Male Disconnects - Yellow (6MM) (10PCS/PCK),Electrical,,10PCS/PCK,,,PENDING,,,,,,,,,,,,,,,,,PENDING,pending,needs_permission,,,,RETRY_RESEARCHED_PENDING
4425,SHH-HOOK-1920SS1,PKT,No. 1 Eupro Fishing Hook (7'S),Fishing & Tackle,,1920-SS,,,PENDING,,,,,,,,,,,,,,,,,PENDING,pending,needs_permission,,,,RETRY_RESEARCHED_PENDING
4426,SHH-HOOK-45708-NO.11,PKT,2908 No. 6 Eupro Prawn Hook (15'S),Fishing & Tackle,,NO.6,,,PENDING,,,,,,,,,,,,,,,,,PENDING,pending,needs_permission,,,,RETRY_RESEARCHED_PENDING
4427,SHH-LINE-WHI-NO.10,PCS,(bs)long White M. L No. 10,Fishing & Tackle,,NO.10,,,PENDING,,,,,,,,,,,,,,,,,PENDING,pending,needs_permission,,,,RETRY_RESEARCHED_PENDING
4428,SHH-LINE-WHI-NO.40,PCS,(bs)long White M. L No. 40,Fishing & Tackle,,NO.40,,,PENDING,,,,,,,,,,,,,,,,,PENDING,pending,needs_permission,,,,RETRY_RESEARCHED_PENDING
4429,SHH-PLA-NET-NEEDLE-NO.4-GRE,PCS,Plastic Net Needle No. 4 (green),Fishing & Tackle,,NO.4,,,PENDING,,,,,,,,,,,,,,,,,PENDING,pending,needs_permission,,,,RETRY_RESEARCHED_PENDING
4430,SHH-SINKER-HOLE-NO.2,PCK,Hole Sinker No. 2 (10PCS/PCK),Fishing & Tackle,,10PCS/PCK,,,PENDING,,,,,,,,,,,,,,,,,PENDING,pending,needs_permission,,,,RETRY_RESEARCHED_PENDING
4431,SHH-SINKER-HOLE-NO.4,PCK,Hole Sinker No. 4 (3PCS/PCK),Fishing & Tackle,,3PCS/PCK,,,PENDING,,,,,,,,,,,,,,,,,PENDING,pending,needs_permission,,,,RETRY_RESEARCHED_PENDING
4433,STO-MOU-A11-22X250,PCS,Mounted Stone:k-prix Korea A11 (22X50),Abrasives & Cutting,,A11,,,PENDING,,,,,,,,,,,,,,,,,PENDING,pending,needs_permission,,,,RETRY_RESEARCHED_PENDING
4434,SWI-SOC-ULT-M08913W,PCS,Ultra 13A Multiple Swi Soc Neon-whi (M08913W),Electrical,,M08913W,,,PENDING,,,,,,,,,,,,,,,,,PENDING,pending,needs_permission,,,,RETRY_RESEARCHED_PENDING
4435,SWI-T/SOC-FLE-6144NS,SET,T/skt W/surge Sp TS-4GL-540A FLE-6144NS,Electrical,,TS-4GL-540A,,,PENDING,,,,,,,,,,,,,,,,,PENDING,pending,needs_permission,,,,RETRY_RESEARCHED_PENDING
4436,TIE-CAB-WHI-300MM,PCK,"White PVC Cable Ties 300MM (12"")",Electrical,,,,,PENDING,,,,,,,,,,,,,,,,,PENDING,pending,needs_permission,,,,RETRY_RESEARCHED_PENDING
4440,TOO-PLI-LOC-GRI-W6010,PCS,Lock-grip Pliers C6010 CR250MM,Locks & Security,,C6010,,,PENDING,,,,,,,,,,,,,,,,,PENDING,pending,needs_permission,,,,RETRY_RESEARCHED_PENDING
4442,BAT-STA-SB202,PCS,Battery V20 2.0AH Lithium-ion,Electrical,,V20,,,PENDING,,,,,,,,,,,,,,,,,PENDING,pending,needs_permission,,,,RETRY_RESEARCHED_PENDING
4443,BNW-B&N-RBN-240-PCK,PCK,Sr G. I Boit & Nut 1/4 X 4 (10PCS/PCK),Fasteners & Fixings,,10PCS/PCK,,,PENDING,,,,,,,,,,,,,,,,,PENDING,pending,needs_permission,,,,RETRY_RESEARCHED_PENDING
4445,DRI-SAW-A68-6MM,PCS,Sawman A68 Multi Purpose Drill Bit 6MM,Power Tool Accessories,,A68,,,PENDING,,,,,,,,,,,,,,,,,PENDING,pending,needs_permission,,,,RETRY_RESEARCHED_PENDING
4447,FAS-RIV-PAT-5/32X5/8-PCK,PCK,Blind Rivet: Jaguar 5/32 X 5/8 (20PCS/PCK),Fasteners & Fixings,,20PCS/PCK,,,PENDING,,,,,,,,,,,,,,,,,PENDING,pending,needs_permission,,,,RETRY_RESEARCHED_PENDING
4448,PAI-BRU-NIP-STEEL-TR880,PCS,Steel Wired Paint Brush (N10),Paint & Sundries,,N10,,,PENDING,,,,,,,,,,,,,,,,,PENDING,pending,needs_permission,,,,RETRY_RESEARCHED_PENDING
4449,PAI-SPR-ANC-C018**,PCS,400ML Anchor Spray - C018** Decorative Chrome,Fasteners & Fixings,,C018,,,PENDING,,,,,,,,,,,,,,,,,PENDING,pending,needs_permission,,,,RETRY_RESEARCHED_PENDING
4454,SCI-S/STEEL-135,PCS,Confu Hair Clipper,Other,,KF-T135,,,PENDING,,,,,,,,,,,,,,,,,PENDING,pending,needs_permission,,,,RETRY_RESEARCHED_PENDING
4455,SHH-BLA-NET-NO.6,PCS,"Black Net No. 6 (2 1/2"") 6.0CM)",Fishing & Tackle,,NO.6,,,PENDING,,,,,,,,,,,,,,,,,PENDING,pending,needs_permission,,,,RETRY_RESEARCHED_PENDING
4456,SHH-FISH-NET-0.15D-35MM-30MD/6A,PCS,35MM (25YDS)C,Fishing & Tackle,,25YDS,,,PENDING,,,,,,,,,,,,,,,,,PENDING,pending,needs_permission,,,,RETRY_RESEARCHED_PENDING
4457,SHH-PLA-NET-NEEDLE-NO.3-GRE,PCS,Plastic Net Needle No. 3 (green),Fishing & Tackle,,NO.3,,,PENDING,,,,,,,,,,,,,,,,,PENDING,pending,needs_permission,,,,RETRY_RESEARCHED_PENDING
4458,SHH-ROD-TKKT28032S,PCS,"Torikumu Kotai Ii Medium (8'0"") Rod",Fishing & Tackle,,TK-KT2-803-2S,,,PENDING,,,,,,,,,,,,,,,,,PENDING,pending,needs_permission,,,,RETRY_RESEARCHED_PENDING
4459,SHH-SWIVEL-SNAP-NO.2,PKT,Nickel Snap Swivel No. 2,Fishing & Tackle,,NO.2,,,PENDING,,,,,,,,,,,,,,,,,PENDING,pending,needs_permission,,,,RETRY_RESEARCHED_PENDING
4460,SHO-BID-NOZZ-SN66,PCS,Vip Stainless Steel Spray Nozzle,Power Tool Accessories,,SN-66,,,PENDING,,,,,,,,,,,,,,,,,PENDING,pending,needs_permission,,,,RETRY_RESEARCHED_PENDING
4462,SWI-ADA-MS-PT09,PCS,"Morries Travel Adaptor For Europe, Middle East&south America",Electrical,,MS-PT09,,,PENDING,,,,,,,,,,,,,,,,,PENDING,pending,needs_permission,,,,RETRY_RESEARCHED_PENDING
4463,TAP-CAB-CB1518SS,PCS,Cabana S/s Pillar Mounted Kitchen Tap -CB1518SS,Plumbing,,CB1518SS,,,PENDING,,,,,,,,,,,,,,,,,PENDING,pending,needs_permission,,,,RETRY_RESEARCHED_PENDING
4465,WAL-PLU-S/S-80MM,PCS,304 S/steel Wall Plug M10 X 80MM,Fasteners & Fixings,,M10,,,PENDING,,,,,,,,,,,,,,,,,PENDING,pending,needs_permission,,,,RETRY_RESEARCHED_PENDING
4467,BAT-CHA-ENE-4AAA-700MAH,PCS,Ener Rech 4AAA,Electrical,,4AAA,,,PENDING,,,,,,,,,,,,,,,,,PENDING,pending,needs_permission,,,,RETRY_RESEARCHED_PENDING
4468,BLI-HSS-HOL-SAW-32MM,PCS,Blimax Hss Hole SAW-32MM,Power Tool Accessories,,SAW-32MM,,,PENDING,,,,,,,,,,,,,,,,,PENDING,pending,needs_permission,,,,RETRY_RESEARCHED_PENDING
4471,CUT-TIL-MDSI-114688,PCS,Mdsi (MD-09008) Tile Cutter Wheel With Bearing (thin),Flooring,,MD-09008,,,PENDING,,,,,,,,,,,,,,,,,PENDING,pending,needs_permission,,,,RETRY_RESEARCHED_PENDING
4472,ELE-LED-SOL-SF-1000W-6500K,PCS,Hermanns Solar Flood Light 65K,Electrical,,65K,,,PENDING,,,,,,,,,,,,,,,,,PENDING,pending,needs_permission,,,,RETRY_RESEARCHED_PENDING
4473,"ELE-PVC-CAS-2""X2""",LGTH,Kancil 2 X 2 X6FT PVC Casing,Electrical,,X6FT,,,PENDING,,,,,,,,,,,,,,,,,PENDING,pending,needs_permission,,,,RETRY_RESEARCHED_PENDING
4475,GAS-REG-AZ181,PCS,"LPG High Pressure Regulator Nozzle (1/4"")",Power Tool Accessories,,AZ-181,,,PENDING,,,,,,,,,,,,,,,,,PENDING,pending,needs_permission,,,,RETRY_RESEARCHED_PENDING
4476,GRA-CAB-CB6408,PCS,Cabana Floor Trap 15*15CM,Plumbing,,15*15CM,,,PENDING,,,,,,,,,,,,,,,,,PENDING,pending,needs_permission,,,,RETRY_RESEARCHED_PENDING
4477,IND-FOI-D/S-1.2MX25M,MTR,Glofoil Alum Foil Double Side (GT120),Building Materials,,GT120,,,PENDING,,,,,,,,,,,,,,,,,PENDING,pending,needs_permission,,,,RETRY_RESEARCHED_PENDING
4480,RAI-SUI-SUP-XXL,PCS,Supersonic PVC Rain Suit Trouser : 2XL,Curtains & Blinds,,2XL,,,PENDING,,,,,,,,,,,,,,,,,PENDING,pending,needs_permission,,,,RETRY_RESEARCHED_PENDING
4481,RAI-SUI-SUP-XXXL,PCS,Supersonic PVC Rain Suit Trouser : 3XL,Curtains & Blinds,,3XL,,,PENDING,,,,,,,,,,,,,,,,,PENDING,pending,needs_permission,,,,RETRY_RESEARCHED_PENDING
4483,SCP-FIL-WOO-TEAK-500G,CAN,500G Skim Wood Filla (teak),Paint & Sundries,,,,,PENDING,,,,,,,,,,,,,,,,,PENDING,pending,needs_permission,,,,RETRY_RESEARCHED_PENDING
4484,SHH-LINE-WHI-NO.100,PCS,(bs)long White M. L No. 100,Fishing & Tackle,,NO.100,,,PENDING,,,,,,,,,,,,,,,,,PENDING,pending,needs_permission,,,,RETRY_RESEARCHED_PENDING
4485,SHH-LINE-WHI-NO.70,PCS,(bs)long White M. L No. 70,Fishing & Tackle,,NO.70,,,PENDING,,,,,,,,,,,,,,,,,PENDING,pending,needs_permission,,,,RETRY_RESEARCHED_PENDING
4486,SHH-REEL-TKEB3802S,PCS,"Torikumu Ebi U. Light (3'8"")(PRAWN Rod)",Fishing & Tackle,,TK-EB-380-2S,,,PENDING,,,,,,,,,,,,,,,,,PENDING,pending,needs_permission,,,,RETRY_RESEARCHED_PENDING
4487,SHH-SINKER-HOLE-NO.6,PCK,Hole Sinker No. 6 (1PC/PCK),Fishing & Tackle,,1PC/PCK,,,PENDING,,,,,,,,,,,,,,,,,PENDING,pending,needs_permission,,,,RETRY_RESEARCHED_PENDING
4488,SWI-SOC-ULT-M011MG,PCS,Ultra 16A 1 GANG 1 Way-matte Grey (M011MG),Electrical,,M011MG,,,PENDING,,,,,,,,,,,,,,,,,PENDING,pending,needs_permission,,,,RETRY_RESEARCHED_PENDING
4489,TAP-CAB-CB2831,PCS,Hose Bib Tap,Plumbing,,CB2831-BL,,,PENDING,,,,,,,,,,,,,,,,,PENDING,pending,needs_permission,,,,RETRY_RESEARCHED_PENDING
4490,TOO-CLA-GW473100,PCS,Heavy G-shape Clamp 4,Hand Tools,,W0473D,,,PENDING,,,,,,,,,,,,,,,,,PENDING,pending,needs_permission,,,,RETRY_RESEARCHED_PENDING
4493,AER-4MC6,PCS,Aerico 4MC6,Other,,4MC6,,,PENDING,,,,,,,,,,,,,,,,,PENDING,pending,needs_permission,,,,RETRY_RESEARCHED_PENDING
4495,ELE-PEN-A8/1-E27,PCS,Pendant Light A8-1,Electrical,,A8-1,,,PENDING,,,,,,,,,,,,,,,,,PENDING,pending,needs_permission,,,,RETRY_RESEARCHED_PENDING
4496,"FAS-RIV-PAT-3/16""X5/8""-PCK",PCK,Blind Rivet: Jaguar 3/16 X 5/8 (20PCS/PCK),Fasteners & Fixings,,20PCS/PCK,,,PENDING,,,,,,,,,,,,,,,,,PENDING,pending,needs_permission,,,,RETRY_RESEARCHED_PENDING
4497,"FAS-SCR-TAP-CSK-8#1 1/2""-BOX",BOX,8 X1-1/2 Csk Self Tap Scrw- Flat Head (1000PCS/BOX),Fasteners & Fixings,,X1-1/2,,,PENDING,,,,,,,,,,,,,,,,,PENDING,pending,needs_permission,,,,RETRY_RESEARCHED_PENDING
4498,GALVD-MS-NUT-5/16'',KGS,Galvd MS NUT5/16,Other,,NUT5/16,,,PENDING,,,,,,,,,,,,,,,,,PENDING,pending,needs_permission,,,,RETRY_RESEARCHED_PENDING
4502,KOYA-OIL-LUB-120ML,PCS,120ML Koya Multi Use Lubricating Oil,Chemicals & Adhesives,,,,,PENDING,,,,,,,,,,,,,,,,,PENDING,pending,needs_permission,,,,RETRY_RESEARCHED_PENDING
4504,NAI-ROO-SUP-P65MM,PCK,E. G Roofing Nail - Plain 65MM 1KGS,Fasteners & Fixings,,1KGS,,,PENDING,,,,,,,,,,,,,,,,,PENDING,pending,needs_permission,,,,RETRY_RESEARCHED_PENDING
4507,SANDEX-VEL-PAD-M14,PCS,"Sandex 7 Velcro Backing Pad, M14",Abrasives & Cutting,,M14,,,PENDING,,,,,,,,,,,,,,,,,PENDING,pending,needs_permission,,,,RETRY_RESEARCHED_PENDING
4508,SAS-HOR-BH-12,BOX,Sasaki Back Up Horn,Other,,BH-12,,,PENDING,,,,,,,,,,,,,,,,,PENDING,pending,needs_permission,,,,RETRY_RESEARCHED_PENDING
4509,SHH-HOO-4206-NO.4,PKT,4206 No. 4 Galah Hook (20'S),Fishing & Tackle,,NO.4,,,PENDING,,,,,,,,,,,,,,,,,PENDING,pending,needs_permission,,,,RETRY_RESEARCHED_PENDING
4510,SHH-HOOK-9290BN12,PKT,Sode Hook No. 12(15'S),Fishing & Tackle,,9290BN,,,PENDING,,,,,,,,,,,,,,,,,PENDING,pending,needs_permission,,,,RETRY_RESEARCHED_PENDING
4511,SHH-HOOK-SC4062,PKT,Surecatch Biru 406 No. 2(20'S),Fishing & Tackle,,NO.2,,,PENDING,,,,,,,,,,,,,,,,,PENDING,pending,needs_permission,,,,RETRY_RESEARCHED_PENDING
4512,SHH-ROD-2511400,PCS,Santec 2511-400 Puyu Solid Pole (4MTR),Fishing & Tackle,,4MTR,,,PENDING,,,,,,,,,,,,,,,,,PENDING,pending,needs_permission,,,,RETRY_RESEARCHED_PENDING
4513,SHH-ROD-MGP3003,PCS,Santec 2506-200 Puyu Z Pole (IF2002),Fishing & Tackle,,IF2002,,,PENDING,,,,,,,,,,,,,,,,,PENDING,pending,needs_permission,,,,RETRY_RESEARCHED_PENDING
4514,SHH-ROD-TKKT9042S,PCS,"Torikumu Kotai Med-hvy Tk-kt (9'0"") Rod (m/heavy)",Fishing & Tackle,,904-2S,,,PENDING,,,,,,,,,,,,,,,,,PENDING,pending,needs_permission,,,,RETRY_RESEARCHED_PENDING
4515,TIE-CAB-BLA-200MM,PCK,"Black PVC Cable Ties 200MM (8"")",Electrical,,,,,PENDING,,,,,,,,,,,,,,,,,PENDING,pending,needs_permission,,,,RETRY_RESEARCHED_PENDING
4518,BAT-PSN-LIT3V-CR-1620/5BE,PCS,CR-1620/5B Lithium 3V,Electrical,,CR-1620/5B,,,PENDING,,,,,,,,,,,,,,,,,PENDING,pending,needs_permission,,,,RETRY_RESEARCHED_PENDING
4519,CAR-WAS-SNOW-1L,PCS,Aa Care Care Snow Wash (premium) 1000ML,Automotive,,,,,PENDING,,,,,,,,,,,,,,,,,PENDING,pending,needs_permission,,,,RETRY_RESEARCHED_PENDING
4521,"DRI-BIT-3/8""XM10",PCS,3/8 X M10 X 1.5MM Sensui Hole Saw Hex Sh,Power Tool Accessories,,M10,,,PENDING,,,,,,,,,,,,,,,,,PENDING,pending,needs_permission,,,,RETRY_RESEARCHED_PENDING
4524,"FAS-RIV-PAT-1/8""X1/4""-PCK",PCK,Blind Rivet: Jaguar 1/8 X 1/4 (20PCS/PCK),Fasteners & Fixings,,20PCS/PCK,,,PENDING,,,,,,,,,,,,,,,,,PENDING,pending,needs_permission,,,,RETRY_RESEARCHED_PENDING
4525,"FAS-RIV-PAT-3/16""X3/8""-PCK",PCK,Blind Rivet: Jaguar 3/16 X 3/8 (20PCS/PCK),Fasteners & Fixings,,20PCS/PCK,,,PENDING,,,,,,,,,,,,,,,,,PENDING,pending,needs_permission,,,,RETRY_RESEARCHED_PENDING
4529,HOS-7PAT-TRI-NOZ-40200003,PCS,Ecogreen- 7 Pattern Trigger Nozzle 2200,Power Tool Accessories,,EG4440,,,PENDING,,,,,,,,,,,,,,,,,PENDING,pending,needs_permission,,,,RETRY_RESEARCHED_PENDING
4530,KGR-KIM-300ML-9222,TIN,300ML Kangaroo Kimtone 9222,Paint & Sundries,,,,,PENDING,,,,,,,,,,,,,,,,,PENDING,pending,needs_permission,,,,RETRY_RESEARCHED_PENDING
4531,NAIL-TUFTING-TN-8220-PCK,PCK,U Clip Tufting Nail 20MM X 8.5MM (10PCS/PCK),Fasteners & Fixings,,10PCS/PCK,,,PENDING,,,,,,,,,,,,,,,,,PENDING,pending,needs_permission,,,,RETRY_RESEARCHED_PENDING
4533,RIG-HOO-ALL-1.0TON,PCS,Alloy Hook 1.0TON,Lifting & Rigging,,1.0TON,,,PENDING,,,,,,,,,,,,,,,,,PENDING,pending,needs_permission,,,,RETRY_RESEARCHED_PENDING
4534,SHH-HOOK-406-NO.5,PKT,Saki Sepit Biru 406 No. 5 (20'S),Fishing & Tackle,,NO.5,,,PENDING,,,,,,,,,,,,,,,,,PENDING,pending,needs_permission,,,,RETRY_RESEARCHED_PENDING
4535,SHH-LINE-L/G-OHML50,PCS,Omega Hayasu Mono Line (rainbows) 50LBS,Fishing & Tackle,,50LBS,,,PENDING,,,,,,,,,,,,,,,,,PENDING,pending,needs_permission,,,,RETRY_RESEARCHED_PENDING
4536,SHH-LINE-L/G-OSML12,PCS,Omega Shigeru Mono Line (green) 12LBS,Fishing & Tackle,,12LBS,,,PENDING,,,,,,,,,,,,,,,,,PENDING,pending,needs_permission,,,,RETRY_RESEARCHED_PENDING
4537,SHH-SWIVEL-SNAP-NO.4,PKT,Nickel Snap Swivel No. 4,Fishing & Tackle,,NO.4,,,PENDING,,,,,,,,,,,,,,,,,PENDING,pending,needs_permission,,,,RETRY_RESEARCHED_PENDING
4538,SUP-ROL-WIN,PCK,Super Airoller (25PCS/PCK),Other,,25PCS/PCK,,,PENDING,,,,,,,,,,,,,,,,,PENDING,pending,needs_permission,,,,RETRY_RESEARCHED_PENDING
4539,SWI-ADA-TRA-ES288T,PCS,Dlx 308N 13A Travel Adaptor Cw Neon,Electrical,,308N,,,PENDING,,,,,,,,,,,,,,,,,PENDING,pending,needs_permission,,,,RETRY_RESEARCHED_PENDING
4540,SWI-SOC-ULT-M20AW,PCS,Ultra 20A Dou Pole Swi Neon-white (M20AW),Electrical,,M20AW,,,PENDING,,,,,,,,,,,,,,,,,PENDING,pending,needs_permission,,,,RETRY_RESEARCHED_PENDING
4541,SWI-T/SOC-FLE-6122NS-2G5M,SET,T/skt W/surge Sp TS-2GLS-540A FLE-6122NS,Electrical,,TS-2GLS-540A,,,PENDING,,,,,,,,,,,,,,,,,PENDING,pending,needs_permission,,,,RETRY_RESEARCHED_PENDING
4542,TAB-SHE-PVC-2604,MTR,ZT-447 PVC Sheet,Housewares,,ZT-447,,,PENDING,,,,,,,,,,,,,,,,,PENDING,pending,needs_permission,,,,RETRY_RESEARCHED_PENDING
4545,X-FLO-MOC-M44100,PCS,400MM X 400MM Ceramic Tiles,Power Tools,,M44100,,,PENDING,,,,,,,,,,,,,,,,,PENDING,pending,needs_permission,,,,RETRY_RESEARCHED_PENDING
4546,X-SAF-EAR-EM9001,PCS,Picasaf 9001 Ear Muffle (NRR21),Power Tools,,NRR21,,,PENDING,,,,,,,,,,,,,,,,,PENDING,pending,needs_permission,,,,RETRY_RESEARCHED_PENDING
4548,BNW-NUT-SS304-M06,PCS,SS 304 Nut - M06,Fasteners & Fixings,,M06,,,PENDING,,,,,,,,,,,,,,,,,PENDING,pending,needs_permission,,,,RETRY_RESEARCHED_PENDING
4549,CUT-ELE-EDM-41200,PCS,4 X 120 Gold Elephant Mop Disc,Housewares,,EDM-4120,,,PENDING,,,,,,,,,,,,,,,,,PENDING,pending,needs_permission,,,,RETRY_RESEARCHED_PENDING
4550,ELE-CLI-CON-10A-2WAY,PCS,Double Sided Connector Clip-white (5PCS/PCK),Electrical,,5PCS/PCK,,,PENDING,,,,,,,,,,,,,,,,,PENDING,pending,needs_permission,,,,RETRY_RESEARCHED_PENDING
4551,ELE-MUL-TES-SUNWEI YX-360,SET,Sunwei Multi Meter Tester,Electrical,,YX-360TRE-B,,,PENDING,,,,,,,,,,,,,,,,,PENDING,pending,needs_permission,,,,RETRY_RESEARCHED_PENDING
4553,"FAS-SCR-TAP-CSK-6#1""-BOX",BOX,6 X1 Tapping Screw-flat Head (1000PCS/BOX),Fasteners & Fixings,,1000PCS/BOX,,,PENDING,,,,,,,,,,,,,,,,,PENDING,pending,needs_permission,,,,RETRY_RESEARCHED_PENDING
4557,"HOS-FLE-OTO-966-69MB-36""",PCS,"OTOSANI""304 Nut 36 High Pressure Flex Hose (mb)",Fasteners & Fixings,,966-69MB,,,PENDING,,,,,,,,,,,,,,,,,PENDING,pending,needs_permission,,,,RETRY_RESEARCHED_PENDING
4558,"HOS-FLE-VIP-PP24""",PCS,PP-24 White Nylon Vip Flexible Tube,Outdoor & Garden,,PP-24,,,PENDING,,,,,,,,,,,,,,,,,PENDING,pending,needs_permission,,,,RETRY_RESEARCHED_PENDING
4559,IND-RAG-COL-1KGS,KGS,Cotton Rag - Colour 1KGS,Building Materials,,1KGS,,,PENDING,,,,,,,,,,,,,,,,,PENDING,pending,needs_permission,,,,RETRY_RESEARCHED_PENDING
4561,MEA-TAP-SUN-3.6M,PCS,Sunlon M. Tape 3.6M/12,Hand Tools,,3.6M/12,,,PENDING,,,,,,,,,,,,,,,,,PENDING,pending,needs_permission,,,,RETRY_RESEARCHED_PENDING
4567,TAP-CAB-CB2832,PCS,CB2832-BL Bib Tap,Plumbing,,CB2832-BL,,,PENDING,,,,,,,,,,,,,,,,,PENDING,pending,needs_permission,,,,RETRY_RESEARCHED_PENDING
4568,TIE-CAB-BLA-300MM,PCK,"Black PVC Cable Ties 300MM (12"")",Electrical,,,,,PENDING,,,,,,,,,,,,,,,,,PENDING,pending,needs_permission,,,,RETRY_RESEARCHED_PENDING
4569,TOO-PLI-RAB-W0088B,PCS,Glated Tile Pliers 150MM,Flooring,,W0088B,,,PENDING,,,,,,,,,,,,,,,,,PENDING,pending,needs_permission,,,,RETRY_RESEARCHED_PENDING
4570,VAL-ANG-JOP-MQWC02-SB,PCS,Jopex Angle VALVE-MQWC02SB,Plumbing,,VALVE-MQWC02SB,,,PENDING,,,,,,,,,,,,,,,,,PENDING,pending,needs_permission,,,,RETRY_RESEARCHED_PENDING
4572,BLI-HSS-HOL-SAW-24MM,PCS,Blimax Hss Hole SAW-24MM,Power Tool Accessories,,SAW-24MM,,,PENDING,,,,,,,,,,,,,,,,,PENDING,pending,needs_permission,,,,RETRY_RESEARCHED_PENDING
4573,BNW-B&N-RBN-205,PCK,Sr G. I Boit & Nut 1/4 X 5/8 (10PCS/PCK),Fasteners & Fixings,,10PCS/PCK,,,PENDING,,,,,,,,,,,,,,,,,PENDING,pending,needs_permission,,,,RETRY_RESEARCHED_PENDING
4574,BNW-B&N-RBN-206,PCK,Sr G. I Boit & Nut 1/4 X 3/4 (10PCS/PCK),Fasteners & Fixings,,10PCS/PCK,,,PENDING,,,,,,,,,,,,,,,,,PENDING,pending,needs_permission,,,,RETRY_RESEARCHED_PENDING
4575,"CLI-HOS-GP-2""",PCS,Gp S/steel Hose CLIP-2 (27-51MM),Outdoor & Garden,,CLIP-2,,,PENDING,,,,,,,,,,,,,,,,,PENDING,pending,needs_permission,,,,RETRY_RESEARCHED_PENDING
4576,DOR-LOC-ATL-8300,SET,Sn/et Armor Tubular Lever Lock,Locks & Security,,ATL-8300/60-70MM,,,PENDING,,,,,,,,,,,,,,,,,PENDING,pending,needs_permission,,,,RETRY_RESEARCHED_PENDING
4577,ELE-LED-FLO-SOR-60W-3CLR,PCS,Ilite Solar 3CLR,Electrical,,3CLR,,,PENDING,,,,,,,,,,,,,,,,,PENDING,pending,needs_permission,,,,RETRY_RESEARCHED_PENDING
4579,GAS-REF-120ML,DOZ,Vance Gas 120ML,Home Appliances,,,,,PENDING,,,,,,,,,,,,,,,,,PENDING,pending,needs_permission,,,,RETRY_RESEARCHED_PENDING
4580,HOS-SPA-NOZ-C882,PCS,C882 Quick Coupling Nozzle 3/4,Power Tool Accessories,,C882,,,PENDING,,,,,,,,,,,,,,,,,PENDING,pending,needs_permission,,,,RETRY_RESEARCHED_PENDING
4582,IND-SLO-ANG-RUB-SHO,PCK,Rubber Shoe For Boltless Upright (4PCS/PCK),Building Materials,,4PCS/PCK,,,PENDING,,,,,,,,,,,,,,,,,PENDING,pending,needs_permission,,,,RETRY_RESEARCHED_PENDING
4585,"PIC-HAN-GOL-1""",PCK,Golden Picture Hanger-m'sia 1 (2PAIR/PCK),Housewares,,2PAIR/PCK,,,PENDING,,,,,,,,,,,,,,,,,PENDING,pending,needs_permission,,,,RETRY_RESEARCHED_PENDING
4586,REM-FAN-CEI-SI11,PCS,Remote Fan - SI11,Other,,SI11,,,PENDING,,,,,,,,,,,,,,,,,PENDING,pending,needs_permission,,,,RETRY_RESEARCHED_PENDING
4587,SHH-HOOK-45708-NO.8,PKT,2908 No. 3 Eupro Prawn Hook (15'S),Fishing & Tackle,,NO.3,,,PENDING,,,,,,,,,,,,,,,,,PENDING,pending,needs_permission,,,,RETRY_RESEARCHED_PENDING
4588,SHH-LINE-WHI-NO.150,PKT,(sf) Round White M. L. No. 150,Fishing & Tackle,,NO.150,,,PENDING,,,,,,,,,,,,,,,,,PENDING,pending,needs_permission,,,,RETRY_RESEARCHED_PENDING
4589,SHH-LINE-WHI-NO.80,PCS,(bs)long White M. L No. 80,Fishing & Tackle,,NO.80,,,PENDING,,,,,,,,,,,,,,,,,PENDING,pending,needs_permission,,,,RETRY_RESEARCHED_PENDING
4590,SHH-REEL-4400,PCS,Baitcasting Reel 19+1BB (left) Plastic PVC,Fishing & Tackle,,19+1BB,,,PENDING,,,,,,,,,,,,,,,,,PENDING,pending,needs_permission,,,,RETRY_RESEARCHED_PENDING
4591,SHH-YEL-HOSE-11MMX2.4MM-S-9MTR,FTS,Black Hose (11MMX2.4MM),Outdoor & Garden,,11MMX2.4MM,,,PENDING,,,,,,,,,,,,,,,,,PENDING,pending,needs_permission,,,,RETRY_RESEARCHED_PENDING
4592,SIN-WAS-SSS-A110,PCS,2.1/2 S/s Waste A110,Plumbing,,A110,,,PENDING,,,,,,,,,,,,,,,,,PENDING,pending,needs_permission,,,,RETRY_RESEARCHED_PENDING
4593,STO-MOU-A39-20X20,PCS,Mounted Stone:k-prix Korea A39 (20X20),Abrasives & Cutting,,A39,,,PENDING,,,,,,,,,,,,,,,,,PENDING,pending,needs_permission,,,,RETRY_RESEARCHED_PENDING
4594,STO-MOU-M1-25X34,PCS,Mounted Stone:k-prix Korea M1 (25X34),Abrasives & Cutting,,25X34,,,PENDING,,,,,,,,,,,,,,,,,PENDING,pending,needs_permission,,,,RETRY_RESEARCHED_PENDING
4595,STO-MOU-W206-20X32,PCS,Mounted Stone:k-prix Korea W206 (20X32),Abrasives & Cutting,,W206,,,PENDING,,,,,,,,,,,,,,,,,PENDING,pending,needs_permission,,,,RETRY_RESEARCHED_PENDING
4596,SWI-SOC-ULT-M021W,PCS,Ultra 16A 2 GANG 1 Way-white (M021W),Electrical,,M021W,,,PENDING,,,,,,,,,,,,,,,,,PENDING,pending,needs_permission,,,,RETRY_RESEARCHED_PENDING
4597,SWI-T/BOX-PP740B,SET,Extension Box Sp PP100-740B,Electrical,,PP100-740B,,,PENDING,,,,,,,,,,,,,,,,,PENDING,pending,needs_permission,,,,RETRY_RESEARCHED_PENDING
4599,TOO-TORX-W9913B,PCS,9PCS Long Arm Torx Key Set W9913B,Power Tools,,W9913B,,,PENDING,,,,,,,,,,,,,,,,,PENDING,pending,needs_permission,,,,RETRY_RESEARCHED_PENDING
4600,WAL-PLU-S/S-CC228-M12X100MM,PCS,S/steel Wall Plug - K103-304 M12X100MM CC228,Fasteners & Fixings,,K103-304,,,PENDING,,,,,,,,,,,,,,,,,PENDING,pending,needs_permission,,,,RETRY_RESEARCHED_PENDING
4601,AER-4ME8,PCS,Aerico 4ME8,Other,,4ME8,,,PENDING,,,,,,,,,,,,,,,,,PENDING,pending,needs_permission,,,,RETRY_RESEARCHED_PENDING
4602,BAT-TOS-AAA,BOX,Toshiba Battery Aaa (2PCS/PCK),Electrical,,2PCS/PCK,,,PENDING,,,,,,,,,,,,,,,,,PENDING,pending,needs_permission,,,,RETRY_RESEARCHED_PENDING
4603,BNW-THR-ZP-09MM,PCS,Zp Thread Rod 3/8 X 6FTS,Fasteners & Fixings,,6FTS,,,PENDING,,,,,,,,,,,,,,,,,PENDING,pending,needs_permission,,,,RETRY_RESEARCHED_PENDING
4604,BRA-L-SSS-90X90MM,PCS,S/steel L Bracket,Plumbing,,90X90MM,,,PENDING,,,,,,,,,,,,,,,,,PENDING,pending,needs_permission,,,,RETRY_RESEARCHED_PENDING
4605,CUT-INS-KIT3PC,SET,Blimax 3PCS L/d Ins,Abrasives & Cutting,,INS.KIT-95513,,,PENDING,,,,,,,,,,,,,,,,,PENDING,pending,needs_permission,,,,RETRY_RESEARCHED_PENDING
4606,CUT-KNI-HX18,BOX,Tct NT18 N. T Cutter Blade (10PCS/BOX),Abrasives & Cutting,,NT18,,,PENDING,,,,,,,,,,,,,,,,,PENDING,pending,needs_permission,,,,RETRY_RESEARCHED_PENDING
4607,CUT-SAW-SM5100,PCS,Sawman Mini Hacksaw,Hand Tools,,SM5100,,,PENDING,,,,,,,,,,,,,,,,,PENDING,pending,needs_permission,,,,RETRY_RESEARCHED_PENDING
4608,FLO-MOC-30PS13,PCS,12 X 12 Floor Tiles 30PS13,Flooring,,30PS13,,,PENDING,,,,,,,,,,,,,,,,,PENDING,pending,needs_permission,,,,RETRY_RESEARCHED_PENDING
4609,GUN-WUF-ROC-F-78,PCS,Rockey Spray Gun F-78,Power Tool Accessories,,F-78,,,PENDING,,,,,,,,,,,,,,,,,PENDING,pending,needs_permission,,,,RETRY_RESEARCHED_PENDING
4610,HDD-STO-JM106,PCS,8 Double Col Sharpening Stone,Other,,JM106,,,PENDING,,,,,,,,,,,,,,,,,PENDING,pending,needs_permission,,,,RETRY_RESEARCHED_PENDING
4611,HOS-NOZ-TRI-ECO4464,PCS,Ecogreen-adjustable Nozzle W. Protective Cap,Power Tool Accessories,,EG4464,,,PENDING,,,,,,,,,,,,,,,,,PENDING,pending,needs_permission,,,,RETRY_RESEARCHED_PENDING
4612,IND-WIR-BAR-G.I-81B,ROLL,8LB GI Bared Wire,Electrical,,8LB,,,PENDING,,,,,,,,,,,,,,,,,PENDING,pending,needs_permission,,,,RETRY_RESEARCHED_PENDING
4613,NAI-ROO-SUP-T65MM,PKG,E. G Roofing Nail - Twist 65MM 1KGS,Fasteners & Fixings,,1KGS,,,PENDING,,,,,,,,,,,,,,,,,PENDING,pending,needs_permission,,,,RETRY_RESEARCHED_PENDING
4617,SHH-HOOK-9255SS-1,PKT,Eupro Octopus S/s Hook No. 1 (10'S),Fishing & Tackle,,9255SS,,,PENDING,,,,,,,,,,,,,,,,,PENDING,pending,needs_permission,,,,RETRY_RESEARCHED_PENDING
4618,STO-MOU-W220-25X25,PCS,Mounted Stone:k-prix Korea W220 (25X25),Abrasives & Cutting,,W220,,,PENDING,,,,,,,,,,,,,,,,,PENDING,pending,needs_permission,,,,RETRY_RESEARCHED_PENDING
4620,TAP-PIL-OTO-966-15,PCS,Otosani 304 S/steel Double Pillar Swan Tap (1F1S),Plumbing,,1F1S,,,PENDING,,,,,,,,,,,,,,,,,PENDING,pending,needs_permission,,,,RETRY_RESEARCHED_PENDING
4622,TOO-HAM-CLA-W4438A,PCS,Fiberglass Handle Claw Hammer,Hand Tools,,W4438A,,,PENDING,,,,,,,,,,,,,,,,,PENDING,pending,needs_permission,,,,RETRY_RESEARCHED_PENDING
4624,X-FLO-MOC-C40071,PCS,400MM X 400MM Ceramic Glazed Tiles,Power Tools,,C40071,,,PENDING,,,,,,,,,,,,,,,,,PENDING,pending,needs_permission,,,,RETRY_RESEARCHED_PENDING
4625,AER-6MC4,PCS,Aerico 6MC4,Other,,6MC4,,,PENDING,,,,,,,,,,,,,,,,,PENDING,pending,needs_permission,,,,RETRY_RESEARCHED_PENDING
4626,"DRI-AUG-BIT-NO.3/4""",PCS,3/4 No. 1 Star-m Auger Bit (b),Power Tool Accessories,,NO.1,,,PENDING,,,,,,,,,,,,,,,,,PENDING,pending,needs_permission,,,,RETRY_RESEARCHED_PENDING
4627,FAS-BOL-EXP-OAC130-M8X90X50,PCS,Brain Expansion Eye Bolt OAC130 M8X90X50,Fasteners & Fixings,,OAC130,,,PENDING,,,,,,,,,,,,,,,,,PENDING,pending,needs_permission,,,,RETRY_RESEARCHED_PENDING
4628,"FAS-SCR-TAP-CSK-10#1-1/2""",PCK,"10 X1-1/2""CSK Self Tapping Screw-flat Head (10PCS/PCK)",Fasteners & Fixings,,X1-1/2,,,PENDING,,,,,,,,,,,,,,,,,PENDING,pending,needs_permission,,,,RETRY_RESEARCHED_PENDING
4631,GAS-REG-AZ181/B,PCS,"LPG High Pressure Regulator Nozzle (3/8"")",Power Tool Accessories,,AZ-181,,,PENDING,,,,,,,,,,,,,,,,,PENDING,pending,needs_permission,,,,RETRY_RESEARCHED_PENDING
4632,HOS-GAR-ORA-GREENLAND-2.5MM,ROLL,Mark-x Single Layer Hose Orange 16MMX2.5MMX10M,Outdoor & Garden,,16MMX2.5MMX10M,,,PENDING,,,,,,,,,,,,,,,,,PENDING,pending,needs_permission,,,,RETRY_RESEARCHED_PENDING
4634,NUM-60MM-I,PCS,Acp Alphabet 60MM - I,Signage & Numbering,,,,,PENDING,,,,,,,,,,,,,,,,,PENDING,pending,needs_permission,,,,RETRY_RESEARCHED_PENDING
4635,PAI-BRU-730-25MM,DOZ,T&t Paint 1,Paint & Sundries,,BRUSH-730,,,PENDING,,,,,,,,,,,,,,,,,PENDING,pending,needs_permission,,,,RETRY_RESEARCHED_PENDING
4639,RIG-HOO-ALL-2TON,PCS,Alloy Hook 2.0TON,Lifting & Rigging,,2.0TON,,,PENDING,,,,,,,,,,,,,,,,,PENDING,pending,needs_permission,,,,RETRY_RESEARCHED_PENDING
4641,SHH-HOOK-SC4061,PKT,Surecatch Biru 406 No. 1(20'S),Fishing & Tackle,,NO.1,,,PENDING,,,,,,,,,,,,,,,,,PENDING,pending,needs_permission,,,,RETRY_RESEARCHED_PENDING
4642,SOC-EMPTY-PP132-2G,PCS,2G Ext Box (C400/EPI132),Other,,C400/EPI132,,,PENDING,,,,,,,,,,,,,,,,,PENDING,pending,needs_permission,,,,RETRY_RESEARCHED_PENDING
4643,STO-MOU-A5-20X28,PCS,Mounted Stone:k-prix Korea A5 (20X28),Abrasives & Cutting,,20X28,,,PENDING,,,,,,,,,,,,,,,,,PENDING,pending,needs_permission,,,,RETRY_RESEARCHED_PENDING
4644,TIM-SUM-DIG-0026,PCS,Sum 0026 24HR Digital Timer (bp),Electrical,,24HR,,,PENDING,,,,,,,,,,,,,,,,,PENDING,pending,needs_permission,,,,RETRY_RESEARCHED_PENDING
4647,"TOO-NYL-PLU-COU-3/8""-NPH30",PCS,Nylon Quick Coupler 3/8 Hose NPH-30,Outdoor & Garden,,NPH-30,,,PENDING,,,,,,,,,,,,,,,,,PENDING,pending,needs_permission,,,,RETRY_RESEARCHED_PENDING
4648,TOO-WRE-ADJMW2914,PCS,Mini Adjustable Wrench 200MM,Hand Tools,,W2914,,,PENDING,,,,,,,,,,,,,,,,,PENDING,pending,needs_permission,,,,RETRY_RESEARCHED_PENDING
4651,X-FLO-MOC-36MW24,PCS,12 X 24 Floor Tiles,Power Tools,,36MW24,,,PENDING,,,,,,,,,,,,,,,,,PENDING,pending,needs_permission,,,,RETRY_RESEARCHED_PENDING
4652,COC-STO-JOP-2SC01W,PCS,Jopex STOPCOCK-2SC01W,Plumbing,,STOPCOCK-2SC01W,,,PENDING,,,,,,,,,,,,,,,,,PENDING,pending,needs_permission,,,,RETRY_RESEARCHED_PENDING
4653,CUT-TUB-BLM328,PCS,Blimax Tubing,Abrasives & Cutting,,CUTTER-BLM328,,,PENDING,,,,,,,,,,,,,,,,,PENDING,pending,needs_permission,,,,RETRY_RESEARCHED_PENDING
4655,ELE-LRD-MOT-3357,BOX,Overload 3357,Electrical,,37-50A,,,PENDING,,,,,,,,,,,,,,,,,PENDING,pending,needs_permission,,,,RETRY_RESEARCHED_PENDING
4658,GRA-CUT-BLA-S8T,PCS,230MM X 8T Bossman Grass Cutter Blade,Outdoor & Garden,,,,,PENDING,,,,,,,,,,,,,,,,,PENDING,pending,needs_permission,,,,RETRY_RESEARCHED_PENDING
4659,GUM-RAT-AIT-150G,PCS,Aitachi Rat Glue (s) 150G,Chemicals & Adhesives,,,,,PENDING,,,,,,,,,,,,,,,,,PENDING,pending,needs_permission,,,,RETRY_RESEARCHED_PENDING
4662,HOS-FIT-PI7-103#,PCS,PI7 Hose FITTING-103,Plumbing,,PI7,,,PENDING,,,,,,,,,,,,,,,,,PENDING,pending,needs_permission,,,,RETRY_RESEARCHED_PENDING
4663,"HOS-FLE-OTO-966-68MB-24""",PCS,"OTOSANI""304 Nut 24 High Pressure Flex Hose (mb)",Fasteners & Fixings,,966-68MB,,,PENDING,,,,,,,,,,,,,,,,,PENDING,pending,needs_permission,,,,RETRY_RESEARCHED_PENDING
4666,SHH-HOO-2066-1/0,PKT,No. 2 Eupro Fishing Hook (7'S),Fishing & Tackle,,1920-SS,,,PENDING,,,,,,,,,,,,,,,,,PENDING,pending,needs_permission,,,,RETRY_RESEARCHED_PENDING
4667,SHH-LINE-WHI-NO.200,PKT,(sf) Round White M. L. No. 200,Fishing & Tackle,,NO.200,,,PENDING,,,,,,,,,,,,,,,,,PENDING,pending,needs_permission,,,,RETRY_RESEARCHED_PENDING
4668,SOC-PVC-BOX-6MM,PCS,PVC 2WAY Box 3/4,Other,,2WAY,,,PENDING,,,,,,,,,,,,,,,,,PENDING,pending,needs_permission,,,,RETRY_RESEARCHED_PENDING
4669,SWI-SOC-ULT-M074W,PCS,Ultra 1 GANG Data Out (RJ45)-WHI (M074W),Electrical,,RJ45,,,PENDING,,,,,,,,,,,,,,,,,PENDING,pending,needs_permission,,,,RETRY_RESEARCHED_PENDING
4670,TIM-NEM-MDT-269,PCS,Nem 13A 24H Mini Digital Timer,Electrical,,24H,,,PENDING,,,,,,,,,,,,,,,,,PENDING,pending,needs_permission,,,,RETRY_RESEARCHED_PENDING
4674,X-FLO-MOC-FW6001,PCS,FW6001 60X60CM,Power Tools,,FW6001,,,PENDING,,,,,,,,,,,,,,,,,PENDING,pending,needs_permission,,,,RETRY_RESEARCHED_PENDING
4675,BNW-THR-ZP-12MM,PCS,Zp Thread Rod 1/2 X 6FTS,Fasteners & Fixings,,6FTS,,,PENDING,,,,,,,,,,,,,,,,,PENDING,pending,needs_permission,,,,RETRY_RESEARCHED_PENDING
4676,CAR-WAX-WAS-PRE-1L,PCS,Aa Care Care Wash&wax (premium) 1000ML,Automotive,,,,,PENDING,,,,,,,,,,,,,,,,,PENDING,pending,needs_permission,,,,RETRY_RESEARCHED_PENDING
4678,CUT-KNI-CK-X11R16,PCS,X11 R16 Bison Cutting Knife,Abrasives & Cutting,,X11,,,PENDING,,,,,,,,,,,,,,,,,PENDING,pending,needs_permission,,,,RETRY_RESEARCHED_PENDING
4679,DZ-GEN-BSC-280X26,PCS,Star Flat 17 (mm),Other,,HEX-17X280X26,,,PENDING,,,,,,,,,,,,,,,,,PENDING,pending,needs_permission,,,,RETRY_RESEARCHED_PENDING
4680,ELE-ADA-3WAY-BER-YK368,PCS,Pro-smart 33N 3WAY Adaptor W/neon,Electrical,,33N,,,PENDING,,,,,,,,,,,,,,,,,PENDING,pending,needs_permission,,,,RETRY_RESEARCHED_PENDING
4682,"FAS-SCR-TAP-CSK-8#5/8""-BOX",BOX,8 X5/8 Tapping Screw-flat Head (1000PCS/BOX),Fasteners & Fixings,,X5/8,,,PENDING,,,,,,,,,,,,,,,,,PENDING,pending,needs_permission,,,,RETRY_RESEARCHED_PENDING
4689,SHH-FIG-BRA-LIN-4X-60LB,PCS,Shuttle 4X Braided Line 100M (60LB) (dark Green),Fishing & Tackle,,60LB,,,PENDING,,,,,,,,,,,,,,,,,PENDING,pending,needs_permission,,,,RETRY_RESEARCHED_PENDING
4690,SHH-HOOK-45708-NO.10,PKT,2908 No. 5 Eupro Prawn Hook (15'S),Fishing & Tackle,,NO.5,,,PENDING,,,,,,,,,,,,,,,,,PENDING,pending,needs_permission,,,,RETRY_RESEARCHED_PENDING
4691,SHH-HOOK-SC4066,PKT,Surecatch Biru 406 No. 6(20'S),Fishing & Tackle,,NO.6,,,PENDING,,,,,,,,,,,,,,,,,PENDING,pending,needs_permission,,,,RETRY_RESEARCHED_PENDING
4692,SHH-REEL-1188S165,PCS,"1188 Sin Udang Galah TRANSPARENT165(5'6"")PRAWN Rod (7+1)",Fishing & Tackle,,TRANSPARENT165,,,PENDING,,,,,,,,,,,,,,,,,PENDING,pending,needs_permission,,,,RETRY_RESEARCHED_PENDING
4693,SHH-SINKER-HOLE-NO.3,PCK,Hole Sinker No. 3 (5PCS/PCK),Fishing & Tackle,,5PCS/PCK,,,PENDING,,,,,,,,,,,,,,,,,PENDING,pending,needs_permission,,,,RETRY_RESEARCHED_PENDING
4694,STO-MOU-M7-25X48,PCS,Mounted Stone:k-prix Korea M7 (25X48),Abrasives & Cutting,,25X48,,,PENDING,,,,,,,,,,,,,,,,,PENDING,pending,needs_permission,,,,RETRY_RESEARCHED_PENDING
4695,SWI-FOO-10A-250VAC,PCS,Foot Switch 101 10A 250C,Electrical,,250C,,,PENDING,,,,,,,,,,,,,,,,,PENDING,pending,needs_permission,,,,RETRY_RESEARCHED_PENDING
4696,TOO-AXE-GD-2LB,PCS,600G Asuma Wood Handle Axe,Doors & Hardware,,,,,PENDING,,,,,,,,,,,,,,,,,PENDING,pending,needs_permission,,,,RETRY_RESEARCHED_PENDING
4697,TOO-CLA-GW473125,PCS,Heavy G-shape Clamp 5,Hand Tools,,W0473E,,,PENDING,,,,,,,,,,,,,,,,,PENDING,pending,needs_permission,,,,RETRY_RESEARCHED_PENDING
4698,TOO-COM-W0305D-8*10MM,PCS,2 Open Wrench (8*10MM),Hand Tools,,8*10MM,,,PENDING,,,,,,,,,,,,,,,,,PENDING,pending,needs_permission,,,,RETRY_RESEARCHED_PENDING
4701,"AER-FA6-3""-FITTING",PCS,Aerico FA6-3 Fitting,Plumbing,,FA6-3,,,PENDING,,,,,,,,,,,,,,,,,PENDING,pending,needs_permission,,,,RETRY_RESEARCHED_PENDING
4702,BNW-B&N-RBN-210,PCK,Sr G. I Boit & Nut 1/4 X 1 (5PCS/PCK),Fasteners & Fixings,,5PCS/PCK,,,PENDING,,,,,,,,,,,,,,,,,PENDING,pending,needs_permission,,,,RETRY_RESEARCHED_PENDING
4703,CUT-ELE-EDM-4040,PCS,4 X 40 Gold Elephant Mop Disc,Housewares,,EDM-4040,,,PENDING,,,,,,,,,,,,,,,,,PENDING,pending,needs_permission,,,,RETRY_RESEARCHED_PENDING
4704,DOR-LOC-DRA-138A-22,PCS,Cp Sq Drawer Lock,Locks & Security,,138A-22,,,PENDING,,,,,,,,,,,,,,,,,PENDING,pending,needs_permission,,,,RETRY_RESEARCHED_PENDING
4705,DRI-SET-WOO,SET,GW5 Wood Drill Bit Set 5PCS,Power Tool Accessories,,GW5,,,PENDING,,,,,,,,,,,,,,,,,PENDING,pending,needs_permission,,,,RETRY_RESEARCHED_PENDING
4708,FIT-YG252-SOC-8MM-BRA,PCS,Straight Brass Connector 8MM,Plumbing,,YG252,,,PENDING,,,,,,,,,,,,,,,,,PENDING,pending,needs_permission,,,,RETRY_RESEARCHED_PENDING
4710,GLA-SUC-PLA-GH201,PCS,Glass Suction Plate - 2 Suction,Building Materials,,GH201,,,PENDING,,,,,,,,,,,,,,,,,PENDING,pending,needs_permission,,,,RETRY_RESEARCHED_PENDING
4711,GUN-BLO-GAS-SM920,PCS,Gas Blow Gun,Fasteners & Fixings,,SM920,,,PENDING,,,,,,,,,,,,,,,,,PENDING,pending,needs_permission,,,,RETRY_RESEARCHED_PENDING
4712,"HHD-SOC-YG379MF-1/2""X40MM",PCS,Mxf S/steel Socket 1/2 X 40MM,Electrical,,YG379,,,PENDING,,,,,,,,,,,,,,,,,PENDING,pending,needs_permission,,,,RETRY_RESEARCHED_PENDING
4719,PAI-BRU-730-38MM,PCS,T&t Paint 1 1/2,Paint & Sundries,,BRUSH-730,,,PENDING,,,,,,,,,,,,,,,,,PENDING,pending,needs_permission,,,,RETRY_RESEARCHED_PENDING
4724,SCA-CAM-3100097,PCS,Camry- Electronic Personal Scale /180KG,Housewares,,EB5645/S562,,,PENDING,,,,,,,,,,,,,,,,,PENDING,pending,needs_permission,,,,RETRY_RESEARCHED_PENDING
4725,SHH-LINE-WHI-NO.50,PCS,(bs)long White M. L No. 50,Fishing & Tackle,,NO.50,,,PENDING,,,,,,,,,,,,,,,,,PENDING,pending,needs_permission,,,,RETRY_RESEARCHED_PENDING
4726,SHH-REEL-HA2000,PCS,HA2000 Reel (14),Fishing & Tackle,,HA2000,,,PENDING,,,,,,,,,,,,,,,,,PENDING,pending,needs_permission,,,,RETRY_RESEARCHED_PENDING
4727,SHH-REEL-RC6000,PCS,Lijian/romasa Fishing Reel 12 Series,Fishing & Tackle,,RC6000,,,PENDING,,,,,,,,,,,,,,,,,PENDING,pending,needs_permission,,,,RETRY_RESEARCHED_PENDING
4728,SWI-POL-5GANG-1WAY,PCS,Pol 5GANG 1WAY Switch Socket,Electrical,,5GANG,,,PENDING,,,,,,,,,,,,,,,,,PENDING,pending,needs_permission,,,,RETRY_RESEARCHED_PENDING
4732,WAL-PLU-S/S-CC226-M8X70MM,PCS,S/steel Wall Plug - K103-304 M8X70MM CC226,Fasteners & Fixings,,K103-304,,,PENDING,,,,,,,,,,,,,,,,,PENDING,pending,needs_permission,,,,RETRY_RESEARCHED_PENDING
4734,CHA-PVC-BEL-R6MM,MTR,Bellea PVC (red) (MTR),"Rope, Chain & Netting",,CHAIN-6MM,,,PENDING,,,,,,,,,,,,,,,,,PENDING,pending,needs_permission,,,,RETRY_RESEARCHED_PENDING
4736,"COC-BASIN-K400M-1/2""",PCS,Washbasin Tap: C/p R/head ABS 1/2,Plumbing,,K400M,,,PENDING,,,,,,,,,,,,,,,,,PENDING,pending,needs_permission,,,,RETRY_RESEARCHED_PENDING
4737,CUT-FLA-TAI-A60100,PCS,Tailin Flap Discs A60,Abrasives & Cutting,,A60,,,PENDING,,,,,,,,,,,,,,,,,PENDING,pending,needs_permission,,,,RETRY_RESEARCHED_PENDING
4738,CYL-LOC-EPO-CL051-AC,SET,Epo Cylindrical Lever Lock (CL051 Ac),Locks & Security,,CL051,,,PENDING,,,,,,,,,,,,,,,,,PENDING,pending,needs_permission,,,,RETRY_RESEARCHED_PENDING
4739,FAS-BOL-EXP-OAC120-M6X70X40,PCS,Brain Expansion Eye Bolt OAC120 M6X70X40,Fasteners & Fixings,,OAC120,,,PENDING,,,,,,,,,,,,,,,,,PENDING,pending,needs_permission,,,,RETRY_RESEARCHED_PENDING
4740,"FIT-YG235-TEE-3/4""-BRA",PCS,Brass Equal Tee 3/4,Plumbing,,YG235,,,PENDING,,,,,,,,,,,,,,,,,PENDING,pending,needs_permission,,,,RETRY_RESEARCHED_PENDING
4741,HOS-NOZ-LEO-L7006,PCS,Leon Brass Water,Power Tool Accessories,,NOZZLE-L7006,,,PENDING,,,,,,,,,,,,,,,,,PENDING,pending,needs_permission,,,,RETRY_RESEARCHED_PENDING
4745,NP-BAR-BS405-1L,TIN,1L Bintang Automotive Refinish Tangerine (standard),Automotive,,BS405,,,PENDING,,,,,,,,,,,,,,,,,PENDING,pending,needs_permission,,,,RETRY_RESEARCHED_PENDING
4749,SHH-BLA-NET-NO.4,PCS,"Black Net No. 4 (1 3/4"") (4.0CM)",Fishing & Tackle,,NO.4,,,PENDING,,,,,,,,,,,,,,,,,PENDING,pending,needs_permission,,,,RETRY_RESEARCHED_PENDING
4750,SHH-BLA-NET-NO.5,PCS,"Black Net No. 5 (2"") (5.0CM)",Fishing & Tackle,,NO.5,,,PENDING,,,,,,,,,,,,,,,,,PENDING,pending,needs_permission,,,,RETRY_RESEARCHED_PENDING
4751,SHH-HOOK-1920SS8/0,PKT,No. 8/0 Eupro Fishing Hook (3'S),Fishing & Tackle,,1920-SS,,,PENDING,,,,,,,,,,,,,,,,,PENDING,pending,needs_permission,,,,RETRY_RESEARCHED_PENDING
4752,SHH-HOOK-9290BN10,PKT,Sode Hook No. 10(17'S),Fishing & Tackle,,9290BN,,,PENDING,,,,,,,,,,,,,,,,,PENDING,pending,needs_permission,,,,RETRY_RESEARCHED_PENDING
4753,SHH-REEL-1188S150,PCS,"1188 Sin Udang Galah TRANSPARENT150(5'0"")PRAWN Rod (6+1)",Fishing & Tackle,,TRANSPARENT150,,,PENDING,,,,,,,,,,,,,,,,,PENDING,pending,needs_permission,,,,RETRY_RESEARCHED_PENDING
4754,SHH-SWIVEL-SNAP-NO.8,PKT,Nickel Snap Swivel No. 8,Fishing & Tackle,,NO.8,,,PENDING,,,,,,,,,,,,,,,,,PENDING,pending,needs_permission,,,,RETRY_RESEARCHED_PENDING
4755,SWI-SOC-ULT-M073MG,PCS,Ultra 1 GANG Tel Outlet (RJ11)-MATTE Grey (M073MG),Electrical,,RJ11,,,PENDING,,,,,,,,,,,,,,,,,PENDING,pending,needs_permission,,,,RETRY_RESEARCHED_PENDING
4756,"TIE-CAB-BLA-6""",PKT,6 Black Cable Tie (20PCS/PCK),"Rope, Chain & Netting",,20PCS/PCK,,,PENDING,,,,,,,,,,,,,,,,,PENDING,pending,needs_permission,,,,RETRY_RESEARCHED_PENDING
4758,TOO-DRV-108LY-VISON,PCS,Vison Screw Driver,Fasteners & Fixings,,108LY,,,PENDING,,,,,,,,,,,,,,,,,PENDING,pending,needs_permission,,,,RETRY_RESEARCHED_PENDING
4759,TOO-LOC-PLI-W0042,PCS,Lock-grip Pliers W0042 CD225MM,Locks & Security,,W0042,,,PENDING,,,,,,,,,,,,,,,,,PENDING,pending,needs_permission,,,,RETRY_RESEARCHED_PENDING
4760,BNW-B&N-RBN-206-BOX,BOX,Sr G. I Boit & Nut 1/4 X 3/4 (box),Fasteners & Fixings,,RBN-206,,,PENDING,,,,,,,,,,,,,,,,,PENDING,pending,needs_permission,,,,RETRY_RESEARCHED_PENDING
4762,COC-STO-RA2W-G501B,PCS,Stopvalve RA2W 1/2B Truflo,Plumbing,,RA2W,,,PENDING,,,,,,,,,,,,,,,,,PENDING,pending,needs_permission,,,,RETRY_RESEARCHED_PENDING
4763,CUT-SCI-JM-315,PCS,Jayamata Scissor Multi-purpose 6,Abrasives & Cutting,,JM-315,,,PENDING,,,,,,,,,,,,,,,,,PENDING,pending,needs_permission,,,,RETRY_RESEARCHED_PENDING
4768,HOS-NOZ-TRI-ECO2100,PCS,Ecogreen- Adjustable Trigger Nozzle,Power Tool Accessories,,EG2100,,,PENDING,,,,,,,,,,,,,,,,,PENDING,pending,needs_permission,,,,RETRY_RESEARCHED_PENDING
4769,IND-SCP-FR9788-5,PCS,5 Faris W Handle Finishing Scraper,Doors & Hardware,,FR9788,,,PENDING,,,,,,,,,,,,,,,,,PENDING,pending,needs_permission,,,,RETRY_RESEARCHED_PENDING
4774,SHH-HOOK-10829BL-NO.12,PKT,Eupro Fishing Hook No. 12 (13PC),Fishing & Tackle,,10829BL,,,PENDING,,,,,,,,,,,,,,,,,PENDING,pending,needs_permission,,,,RETRY_RESEARCHED_PENDING
4775,SHH-HOOK-12146BN-8,PKT,No. 8 Hytac Hook 20'S,Fishing & Tackle,,12146BN,,,PENDING,,,,,,,,,,,,,,,,,PENDING,pending,needs_permission,,,,RETRY_RESEARCHED_PENDING
4776,SHH-HOOK-9255SS-2,PKT,Eupro Octopus S/s Hook No. 2 (10'S),Fishing & Tackle,,9255SS,,,PENDING,,,,,,,,,,,,,,,,,PENDING,pending,needs_permission,,,,RETRY_RESEARCHED_PENDING
4777,SHH-LINE-L/G-OSMLB6,PCS,Omega Shigeru Mono Line (green) 60LBS,Fishing & Tackle,,60LBS,,,PENDING,,,,,,,,,,,,,,,,,PENDING,pending,needs_permission,,,,RETRY_RESEARCHED_PENDING
4778,SHH-LINE-WHI-NO.20,PCS,(bs)long White M. L No. 20,Fishing & Tackle,,NO.20,,,PENDING,,,,,,,,,,,,,,,,,PENDING,pending,needs_permission,,,,RETRY_RESEARCHED_PENDING
4779,SWI-SOC-ELE-PTGY400,PCS,400MM Power Tracks (surface)-grey (GY400),Electrical,,GY400,,,PENDING,,,,,,,,,,,,,,,,,PENDING,pending,needs_permission,,,,RETRY_RESEARCHED_PENDING
4780,SWI-SOC-ULT-M031MG,PCS,Ultra 16A 3 GANG 1 Way-matte Grey (M031MG),Electrical,,M031MG,,,PENDING,,,,,,,,,,,,,,,,,PENDING,pending,needs_permission,,,,RETRY_RESEARCHED_PENDING
4781,SWI-SOC-ULT-M041W,PCS,Ultra 16A 4 GANG 1 Way-white (M041W),Electrical,,M041W,,,PENDING,,,,,,,,,,,,,,,,,PENDING,pending,needs_permission,,,,RETRY_RESEARCHED_PENDING
4784,AER-4MBT44,PCS,Aerico 4MBT44,Other,,4MBT44,,,PENDING,,,,,,,,,,,,,,,,,PENDING,pending,needs_permission,,,,RETRY_RESEARCHED_PENDING
4786,CAP-01.8UF-400V,EA,Capacitor Cpi- Black Square ITALY'/400V Bd 01.8UF,Electrical,,01.8UF,,,PENDING,,,,,,,,,,,,,,,,,PENDING,pending,needs_permission,,,,RETRY_RESEARCHED_PENDING
4789,CUT-DIS-B07-F2GP-180,PCS,"7""-180CSA, General Purpose / F2GP",Abrasives & Cutting,,180CSA,,,PENDING,,,,,,,,,,,,,,,,,PENDING,pending,needs_permission,,,,RETRY_RESEARCHED_PENDING
4790,DOR-DEA-BOL-SGD-D262SS,PCS,SS St. Guchi Double Cyl. Deadbolt Lock,Locks & Security,,SGDB-D262,,,PENDING,,,,,,,,,,,,,,,,,PENDING,pending,needs_permission,,,,RETRY_RESEARCHED_PENDING
4791,DOR-HOL-ADS-711W/SS,PCS,Armor Door Stopper-whi Rubber,Doors & Hardware,,ADS-711W/SS,,,PENDING,,,,,,,,,,,,,,,,,PENDING,pending,needs_permission,,,,RETRY_RESEARCHED_PENDING
4792,"FAS-SCR-TAP-CSK-6#1/2""-BOX",BOX,6 X1/2 Tapping Screw-flat Head (1000PCS/BOX),Fasteners & Fixings,,X1/2,,,PENDING,,,,,,,,,,,,,,,,,PENDING,pending,needs_permission,,,,RETRY_RESEARCHED_PENDING
4793,HOS-AIR-TOK-10MM,COIL,Toko Yellow Air Hose - 10MM X 100M,Outdoor & Garden,,,,,PENDING,,,,,,,,,,,,,,,,,PENDING,pending,needs_permission,,,,RETRY_RESEARCHED_PENDING
4794,IND-COO-MID-C20-RT2002,PCS,Midea Induction Cooker 2000W,Building Materials,,,,,PENDING,,,,,,,,,,,,,,,,,PENDING,pending,needs_permission,,,,RETRY_RESEARCHED_PENDING
4800,NAIL-RETAINING- CLIP-PVC-S110,PCK,PVC Retaining Nail Clip S110 (2PCS/PCK),Fasteners & Fixings,,S110,,,PENDING,,,,,,,,,,,,,,,,,PENDING,pending,needs_permission,,,,RETRY_RESEARCHED_PENDING
4803,ROP-WIR-GAL-2.0MM,COIL,Galv Wire Rope-cnn 2.0MMX6X7,Lifting & Rigging,,2.0MMX6X7,,,PENDING,,,,,,,,,,,,,,,,,PENDING,pending,needs_permission,,,,RETRY_RESEARCHED_PENDING
4804,SHH-HOOK-45708-NO.6,PKT,2908 No. 1 Eupro Prawn Hook (15'S),Fishing & Tackle,,NO.1,,,PENDING,,,,,,,,,,,,,,,,,PENDING,pending,needs_permission,,,,RETRY_RESEARCHED_PENDING
4805,SHH-REEL-YY3000,PCS,Maitelei Fishing Reel (13BB) YY3000,Fishing & Tackle,,13BB,,,PENDING,,,,,,,,,,,,,,,,,PENDING,pending,needs_permission,,,,RETRY_RESEARCHED_PENDING
4806,SHH-ROD-HSS662,PCS,Hytac Harmost Rod (6'6''),Fishing & Tackle,,HMS662,,,PENDING,,,,,,,,,,,,,,,,,PENDING,pending,needs_permission,,,,RETRY_RESEARCHED_PENDING
4807,STO-MOU-M10-18X34,PCS,Mounted Stone:k-prix Korea M10 (18X34),Abrasives & Cutting,,M10,,,PENDING,,,,,,,,,,,,,,,,,PENDING,pending,needs_permission,,,,RETRY_RESEARCHED_PENDING
4810,SWI-SOC-ULT-M022W,PCS,Ultra 16A 2 GANG 2 Way-white (M022W),Electrical,,M022W,,,PENDING,,,,,,,,,,,,,,,,,PENDING,pending,needs_permission,,,,RETRY_RESEARCHED_PENDING
4811,SWI-T/SOC-FLE-915-2M5G,SET,Fle T/skt Sp TC-5GL-240B 915-2M,Electrical,,TC-5GL-240B,,,PENDING,,,,,,,,,,,,,,,,,PENDING,pending,needs_permission,,,,RETRY_RESEARCHED_PENDING
4812,TOO-DRV-2WAYW3082A,PCS,Adj Two Way Screwdriver,Hand Tools,,W3082A,,,PENDING,,,,,,,,,,,,,,,,,PENDING,pending,needs_permission,,,,RETRY_RESEARCHED_PENDING
4813,TOO-DRV-MAG-TTC8,PCS,Tajima TTC8 Magnetic Nut Driver M8 X 65MM,Fasteners & Fixings,,TTC8,,,PENDING,,,,,,,,,,,,,,,,,PENDING,pending,needs_permission,,,,RETRY_RESEARCHED_PENDING
4814,"TOO-NYL-PLU-COU-5/16""-NPH20",PCS,Nylon Quick Coupler 5/16 Hose NPH-20,Outdoor & Garden,,NPH-20,,,PENDING,,,,,,,,,,,,,,,,,PENDING,pending,needs_permission,,,,RETRY_RESEARCHED_PENDING
4816,"ACE-NUTS-3/8""X38MM",PCS,"Ace Brand Bsw Hexagon Long Nuts LN-3/8""X38MM",Fasteners & Fixings,,LN-3/8,,,PENDING,,,,,,,,,,,,,,,,,PENDING,pending,needs_permission,,,,RETRY_RESEARCHED_PENDING
4818,BNW-B&N-RBN-115,PCK,Sr G. I Boit & Nut 3/16 X 1 1/2 (7PCS/PCK),Fasteners & Fixings,,7PCS/PCK,,,PENDING,,,,,,,,,,,,,,,,,PENDING,pending,needs_permission,,,,RETRY_RESEARCHED_PENDING
4820,COV-PWPC-1-HD-T,PCS,Legrand Pvc-link 1GANG W. Proof Protect Covr H/d,Outdoor & Garden,,1GANG,,,PENDING,,,,,,,,,,,,,,,,,PENDING,pending,needs_permission,,,,RETRY_RESEARCHED_PENDING
4821,ELE-PEN-DX-9260/3,PCS,Pendant Light DX-9260/3,Electrical,,DX-9260/3,,,PENDING,,,,,,,,,,,,,,,,,PENDING,pending,needs_permission,,,,RETRY_RESEARCHED_PENDING
4823,FIT-UPVC-SOC-110X50MM,PCS,"U-pvc Socket Reducing 4""X2",Electrical,,110X50MM,,,PENDING,,,,,,,,,,,,,,,,,PENDING,pending,needs_permission,,,,RETRY_RESEARCHED_PENDING
4824,FIT-UPVC-SOC-110X82MM,PCS,"U-pvc Socket Reducing 4""X3",Electrical,,110X80MM,,,PENDING,,,,,,,,,,,,,,,,,PENDING,pending,needs_permission,,,,RETRY_RESEARCHED_PENDING
4825,FLO-MOC-SP121A,PCS,12 X 24 Homo Tile SP121A,Flooring,,SP121A,,,PENDING,,,,,,,,,,,,,,,,,PENDING,pending,needs_permission,,,,RETRY_RESEARCHED_PENDING
4827,KGR-KIM-300ML-9211,TIN,300ML Kangaroo Kimtone 9211,Paint & Sundries,,,,,PENDING,,,,,,,,,,,,,,,,,PENDING,pending,needs_permission,,,,RETRY_RESEARCHED_PENDING
4828,"PIP-UPVC-4""",LTH,4 (110MM) Ut X 6M Upvc Pipe (LTH),Plumbing,,,,,PENDING,,,,,,,,,,,,,,,,,PENDING,pending,needs_permission,,,,RETRY_RESEARCHED_PENDING
4831,SCA-CAM-3100075,PCS,Electronic Kitchen Scale,Housewares,,KD/KE-F/5KG[BLACK,,,PENDING,,,,,,,,,,,,,,,,,PENDING,pending,needs_permission,,,,RETRY_RESEARCHED_PENDING
4832,SHH-HOOK-4310N-NO.8,PKT,No. 8 Exori Super Strong Hook (20'S),Fishing & Tackle,,4310N,,,PENDING,,,,,,,,,,,,,,,,,PENDING,pending,needs_permission,,,,RETRY_RESEARCHED_PENDING
4833,SHH-HOOK-9255SS-5/0,PKT,Eupro Octopus S/s Hook 5/0 (6'S),Fishing & Tackle,,9255SS,,,PENDING,,,,,,,,,,,,,,,,,PENDING,pending,needs_permission,,,,RETRY_RESEARCHED_PENDING
4834,SHH-NET-0.15D-25MM,PCS,"(0.11) 25MM (1"") (25YDS) Net",Fishing & Tackle,,25YDS,,,PENDING,,,,,,,,,,,,,,,,,PENDING,pending,needs_permission,,,,RETRY_RESEARCHED_PENDING
4835,SHH-REEL-1188S135,PCS,"1188 Sin Udang Galah TRANSPARENT135(4'6"")PRAWN Rod (6+1)",Fishing & Tackle,,TRANSPARENT135,,,PENDING,,,,,,,,,,,,,,,,,PENDING,pending,needs_permission,,,,RETRY_RESEARCHED_PENDING
4836,SHH-REEL-MH4000A,PCS,Sealand Machine Gun Fishing Reel (3SS-B) MG4000A,Fishing & Tackle,,3SS-B,,,PENDING,,,,,,,,,,,,,,,,,PENDING,pending,needs_permission,,,,RETRY_RESEARCHED_PENDING
4837,SHH-REEL-YY2000,PCS,Maitelei Fishing Reel (13BB) YY2000,Fishing & Tackle,,13BB,,,PENDING,,,,,,,,,,,,,,,,,PENDING,pending,needs_permission,,,,RETRY_RESEARCHED_PENDING
4838,SHH-ROD-TKKT26632S,PCS,"Torikumu Kotai Ii Medium (6'6"")ROD",Fishing & Tackle,,TK-KT2-663-2S,,,PENDING,,,,,,,,,,,,,,,,,PENDING,pending,needs_permission,,,,RETRY_RESEARCHED_PENDING
4839,SHH-SWIVEL-SNAP-NO.10,PKT,Nickel Snap Swivel No. 10,Fishing & Tackle,,NO.10,,,PENDING,,,,,,,,,,,,,,,,,PENDING,pending,needs_permission,,,,RETRY_RESEARCHED_PENDING
4840,SHH-SWIVEL-SNAP-NO.6,PKT,Nickel Snap Swivel No. 6,Fishing & Tackle,,NO.6,,,PENDING,,,,,,,,,,,,,,,,,PENDING,pending,needs_permission,,,,RETRY_RESEARCHED_PENDING
4841,STO-MOU-M5-25X35,PCS,Mounted Stone:k-prix Korea M5 (25X35),Abrasives & Cutting,,25X35,,,PENDING,,,,,,,,,,,,,,,,,PENDING,pending,needs_permission,,,,RETRY_RESEARCHED_PENDING
4842,STO-MOU-M6-25X52,PCS,Mounted Stone:k-prix Korea M6 (25X52),Abrasives & Cutting,,25X52,,,PENDING,,,,,,,,,,,,,,,,,PENDING,pending,needs_permission,,,,RETRY_RESEARCHED_PENDING
4843,SWI-SOC-MK-1G1W-S4781,PCS,Mk 1GANG 1WAY Wide Rocker Socket,Electrical,,1GANG,,,PENDING,,,,,,,,,,,,,,,,,PENDING,pending,needs_permission,,,,RETRY_RESEARCHED_PENDING
4844,SWI-T/SOC-FLE-913-2M3G,SET,Fle T/skt Sp TC-3GL-240B 913-2M,Electrical,,TC-3GL-240B,,,PENDING,,,,,,,,,,,,,,,,,PENDING,pending,needs_permission,,,,RETRY_RESEARCHED_PENDING
4845,SWI-T/SOC-FLE-913-3M3G,SET,Fle T/skt Sp TC-3GL-340B 913-3M,Electrical,,TC-3GL-340B,,,PENDING,,,,,,,,,,,,,,,,,PENDING,pending,needs_permission,,,,RETRY_RESEARCHED_PENDING
4846,TIE-CAB-BLA-150MM,PCK,"Black PVC Cable Ties 150MM (6"")",Electrical,,,,,PENDING,,,,,,,,,,,,,,,,,PENDING,pending,needs_permission,,,,RETRY_RESEARCHED_PENDING
4848,TOO-DRI-ADA-13MM,SETS,Mdsi (MD-04096) Drill Chuck Head With Adapter Chuck,Power Tool Accessories,,MD-04096,,,PENDING,,,,,,,,,,,,,,,,,PENDING,pending,needs_permission,,,,RETRY_RESEARCHED_PENDING
4851,VAL-BAL-KK-K-201B/L,PCS,Kk Brand Brass Loose Key Tap,Plumbing,,K-201B/L,,,PENDING,,,,,,,,,,,,,,,,,PENDING,pending,needs_permission,,,,RETRY_RESEARCHED_PENDING
4852,VAL-BAL-PVC-ECC112SE,PCS,Ecco PVC Ball 1/2 Se,Plumbing,,VALVE-1,,,PENDING,,,,,,,,,,,,,,,,,PENDING,pending,needs_permission,,,,RETRY_RESEARCHED_PENDING
4855,BAT-MKX-2026,PCS,Part : Battery (square),Electrical,,MKX-2026,,,PENDING,,,,,,,,,,,,,,,,,PENDING,pending,needs_permission,,,,RETRY_RESEARCHED_PENDING
4856,BNW-NUT-SS304-M12,PCS,SS 304 Nut - M12,Fasteners & Fixings,,M12,,,PENDING,,,,,,,,,,,,,,,,,PENDING,pending,needs_permission,,,,RETRY_RESEARCHED_PENDING
4858,BRA-S/S-L-50383,PCS,Stainless Steel L Bracket 50383-50X50,Plumbing,,50383-50X50,,,PENDING,,,,,,,,,,,,,,,,,PENDING,pending,needs_permission,,,,RETRY_RESEARCHED_PENDING
4859,"CUT-SAW-AP14-350-14""",PCS,Sawnman Handsaw 14,Abrasives & Cutting,,AP14-350,,,PENDING,,,,,,,,,,,,,,,,,PENDING,pending,needs_permission,,,,RETRY_RESEARCHED_PENDING
4862,"DRI-AUG-BIT-NO.7/8""",PCS,7/8 No. 1 Star-m Auger Bit (b),Power Tool Accessories,,NO.1,,,PENDING,,,,,,,,,,,,,,,,,PENDING,pending,needs_permission,,,,RETRY_RESEARCHED_PENDING
4863,"FAS-SCR-CSK-3/4"" X 6G",PCK,Sr Csk Tapping Screw 3/4 X 6G (20PCS/PCK),Fasteners & Fixings,,20PCS/PCK,,,PENDING,,,,,,,,,,,,,,,,,PENDING,pending,needs_permission,,,,RETRY_RESEARCHED_PENDING
4864,FIT-PVC-TEE-20MMX15MM,PCS,PVC Fitting Tee Reducing 3/4 X1/2,Plumbing,,X1/2,,,PENDING,,,,,,,,,,,,,,,,,PENDING,pending,needs_permission,,,,RETRY_RESEARCHED_PENDING
4867,IND-GAL-WIR-PVC-18#,ROLL,18 PVC Coated Wire X 5KGS,Electrical,,5KGS,,,PENDING,,,,,,,,,,,,,,,,,PENDING,pending,needs_permission,,,,RETRY_RESEARCHED_PENDING
4874,SCA-CAM-EK8850,PCS,Camry-slim Digital Kitc. Scale (S/S)/10KG/22LB,Housewares,,10KG/22LB,,,PENDING,,,,,,,,,,,,,,,,,PENDING,pending,needs_permission,,,,RETRY_RESEARCHED_PENDING
4875,SHH-FIG-BRA-LIN-4X-25LB,PCS,Shuttle 4X Braided Line 100M (25LB) (dark Green),Fishing & Tackle,,25LB,,,PENDING,,,,,,,,,,,,,,,,,PENDING,pending,needs_permission,,,,RETRY_RESEARCHED_PENDING
4876,SHH-NET-0.15D-40MM-25MD,PCS,"40MM (1 1/2"") (25YDS) Net",Fishing & Tackle,,25YDS,,,PENDING,,,,,,,,,,,,,,,,,PENDING,pending,needs_permission,,,,RETRY_RESEARCHED_PENDING
4877,SHH-NET-0.15D-50MM-25MD,PCS,"50MM (2"") (25YDS) Net",Fishing & Tackle,,25YDS,,,PENDING,,,,,,,,,,,,,,,,,PENDING,pending,needs_permission,,,,RETRY_RESEARCHED_PENDING
4878,SHH-NET-0.15D-65MM,PCS,"65MM (2.1/2"") (25YDS) Net",Fishing & Tackle,,25YDS,,,PENDING,,,,,,,,,,,,,,,,,PENDING,pending,needs_permission,,,,RETRY_RESEARCHED_PENDING
4879,SWI-T/SOC-FLE-914-2M4G,SET,Fle T/skt Sp TC-4GL-240B 914-2M,Electrical,,TC-4GL-240B,,,PENDING,,,,,,,,,,,,,,,,,PENDING,pending,needs_permission,,,,RETRY_RESEARCHED_PENDING
4880,TAP-CAB-CB2805A,PCS,Cabana Hose Bib Tap CB2805A,Plumbing,,CB2805A,,,PENDING,Cabana Malaysia,CB2805A,SS/CR DIY hose bib tap,Cabana CB2805A Hose Bib Tap,https://www.cabana.com.my/index.php/products/kitchen/kitchen-faucet/cb2805a-ss-cr-diy-detail,Official Malaysian manufacturer product page,1A,https://www.cabana.com.my/images/virtuemart/product/CB2805A3.jpg,EXACT_SKU,99,97,Exact model/variant is identified on the authoritative source page and the page exposes a model-specific product image preserved locally for SHA-256 evidence.,"Model-specific page/image was used; adjacent size, colour, pack or step variants were not substituted.","Exact model, relevant suffix/size/variant, authoritative source URL and exact image asset are preserved; no material conflict.",NONE,NONE,VERIFIED_CANDIDATE,candidate,needs_permission,/home/ubuntu/work/retry_branded_2501_7771/assets/4880.jpg,21d866f17bae884173f992ed53ef48600442d22303ebc547e8356013cefaade5,125311,RETRY_RESEARCHED
4881,TAP-CAB-CB2806A,PCS,Cabana Bib Tap CB2806A,Plumbing,,CB2806A,,,PENDING,Cabana Malaysia,CB2806A,SS/CR DIY bib tap,Cabana CB2806A Bib Tap,https://www.cabana.com.my/index.php/products/kitchen/kitchen-faucet/cb2806a-ss-cr-diy-detail,Official Malaysian manufacturer product page,1A,https://www.cabana.com.my/images/virtuemart/product/CB2806A8.jpg,EXACT_SKU,99,97,Exact model/variant is identified on the authoritative source page and the page exposes a model-specific product image preserved locally for SHA-256 evidence.,"Model-specific page/image was used; adjacent size, colour, pack or step variants were not substituted.","Exact model, relevant suffix/size/variant, authoritative source URL and exact image asset are preserved; no material conflict.",NONE,NONE,VERIFIED_CANDIDATE,candidate,needs_permission,/home/ubuntu/work/retry_branded_2501_7771/assets/4881.jpg,faa5d6d657822bbcfb1a4d46143ffe96da80729c35f940bba28c5e4fa836b531,121175,RETRY_RESEARCHED
4882,TAP-SKC-M18X2.50,SET,Skc Hand Tap M18 X 2.50,Plumbing,,M18,,,PENDING,,,,,,,,,,,,,,,,,PENDING,pending,needs_permission,,,,RETRY_RESEARCHED_PENDING
4883,TOO-WRE-3WAY-121417,PCS,3 Way Spanner 12X14X17,Hand Tools,,12X14X17,,,PENDING,,,,,,,,,,,,,,,,,PENDING,pending,needs_permission,,,,RETRY_RESEARCHED_PENDING
4884,VAL-BAL-PVC-ECC2SE,PCS,Ecco PVC Ball VALVE-2 Se,Plumbing,,VALVE-2,,,PENDING,,,,,,,,,,,,,,,,,PENDING,pending,needs_permission,,,,RETRY_RESEARCHED_PENDING
4886,X-CIMA-DL-RML65A/RND/18W/DL,SET,Lite Me 8 18W L/dl (rnd/day Light),Power Tools,,RML65A,,,PENDING,,,,,,,,,,,,,,,,,PENDING,pending,needs_permission,,,,RETRY_RESEARCHED_PENDING
4888,BURR-CAR-T.C.T-FX1225,PCS,T. C. T Carbide,Other,,BURR-FX1225,,,PENDING,,,,,,,,,,,,,,,,,PENDING,pending,needs_permission,,,,RETRY_RESEARCHED_PENDING
4889,CAB-LUG-500AMP,PCK,Cable Lug (white) 500AMP 2PCS/PCK,Electrical,,500AMP,,,PENDING,,,,,,,,,,,,,,,,,PENDING,pending,needs_permission,,,,RETRY_RESEARCHED_PENDING
4890,CAP-01.2UF-400V-BD,PCS,Capacitor Cpi- Black Square ITALY'/400V Bd 01.2UF,Electrical,,01.2UF,,,PENDING,,,,,,,,,,,,,,,,,PENDING,pending,needs_permission,,,,RETRY_RESEARCHED_PENDING
4891,DOR-DEA-BOL-SGD-D292AC,SET,AC St. Guchi Double Cyl. Deadbolt Lock,Locks & Security,,SGDB-D292,,,PENDING,,,,,,,,,,,,,,,,,PENDING,pending,needs_permission,,,,RETRY_RESEARCHED_PENDING
4892,ELE-LED-SOL-ISF-60W-65K,PCS,Il- Solar Floor Light -isf 60W 65K,Electrical,,65K,,,PENDING,,,,,,,,,,,,,,,,,PENDING,pending,needs_permission,,,,RETRY_RESEARCHED_PENDING
4893,"FAS-SCR-CSK-3"" X 8G-PCK",PCK,Sr Csk Tapping Screw 3 X 8G (10PCS/PCK),Fasteners & Fixings,,10PCS/PCK,,,PENDING,,,,,,,,,,,,,,,,,PENDING,pending,needs_permission,,,,RETRY_RESEARCHED_PENDING
4894,FAS-SCR-TAP-CSK-6#X3/4-BOX,BOX,6 X3/4 Csk Self Tap Scrw-flat Head (1000PCS/BOX),Fasteners & Fixings,,X3/4,,,PENDING,,,,,,,,,,,,,,,,,PENDING,pending,needs_permission,,,,RETRY_RESEARCHED_PENDING
4895,FIT-UPVC-BEN-ELB-45-155MM,PCS,U-pvc Bend (elbow) 155MM 6,Plumbing,,45-DEG,,,PENDING,,,,,,,,,,,,,,,,,PENDING,pending,needs_permission,,,,RETRY_RESEARCHED_PENDING
4896,"FIT-YG235-TEE-3/8""-BRA",PCS,Brass Equal Tee 3/8,Plumbing,,YG235,,,PENDING,,,,,,,,,,,,,,,,,PENDING,pending,needs_permission,,,,RETRY_RESEARCHED_PENDING
4897,GRA-CUT-BLA-12037(12),PCS,12 Grass Blade-s Trimmer Blade-small,Outdoor & Garden,,SKS-5,,,PENDING,,,,,,,,,,,,,,,,,PENDING,pending,needs_permission,,,,RETRY_RESEARCHED_PENDING
4898,GRA-CUT-STC1820EPCF-CHARGER,PCS,Black+decker Power Command 18V -charger,Outdoor & Garden,,,,,PENDING,,,,,,,,,,,,,,,,,PENDING,pending,needs_permission,,,,RETRY_RESEARCHED_PENDING
4901,IND-PLU-BOB-400G-PCK,PCS,400G Plumb Bobs (pack),Building Materials,,,,,PENDING,,,,,,,,,,,,,,,,,PENDING,pending,needs_permission,,,,RETRY_RESEARCHED_PENDING
4906,SHH-HOOK-10829BL-NO.10,PKT,Eupro Fishing Hook No. 10(13PC),Fishing & Tackle,,10829BL,,,PENDING,,,,,,,,,,,,,,,,,PENDING,pending,needs_permission,,,,RETRY_RESEARCHED_PENDING
4907,SHH-HOOK-10829BL-NO.16,PKT,Eupro Fishing Hook No. 16 (10PC),Fishing & Tackle,,10829BL,,,PENDING,,,,,,,,,,,,,,,,,PENDING,pending,needs_permission,,,,RETRY_RESEARCHED_PENDING
4908,SHH-REEL-GM4000,PCS,Haojia Fishing Reel 12BB GM4000,Fishing & Tackle,,12BB,,,PENDING,,,,,,,,,,,,,,,,,PENDING,pending,needs_permission,,,,RETRY_RESEARCHED_PENDING
4909,SHH-REEL-YY1000,PCS,Maitelei Fishing Reel (13BB) YY1000,Fishing & Tackle,,13BB,,,PENDING,,,,,,,,,,,,,,,,,PENDING,pending,needs_permission,,,,RETRY_RESEARCHED_PENDING
4910,SHH-ROD-TKKT6032S,PCS,"Torikumu Kotai Medium Tk-kt (6'0"") Rod",Fishing & Tackle,,603-2S,,,PENDING,,,,,,,,,,,,,,,,,PENDING,pending,needs_permission,,,,RETRY_RESEARCHED_PENDING
4911,SWI-MK-2G1W-S4782,PCS,Mk 2GANG 1WAY Wide Rocker Socket,Electrical,,2GANG,,,PENDING,,,,,,,,,,,,,,,,,PENDING,pending,needs_permission,,,,RETRY_RESEARCHED_PENDING
4912,SWI-SOC-BEL-MK-S4778,PCS,Mk Bell Switch Wide Rocker Socket,Electrical,,S4778B1WHIMY,,,PENDING,,,,,,,,,,,,,,,,,PENDING,pending,needs_permission,,,,RETRY_RESEARCHED_PENDING
4913,SWI-SOC-ULT-M061MG,PCS,Ultra 16A 1 GANG Doorbell Swi-mat Grey (M061MG),Electrical,,M061MG,,,PENDING,,,,,,,,,,,,,,,,,PENDING,pending,needs_permission,,,,RETRY_RESEARCHED_PENDING
4914,TIE-CAB-WHI-200MM,PCK,"White PVC Cable Ties 200MM (8"")",Electrical,,,,,PENDING,,,,,,,,,,,,,,,,,PENDING,pending,needs_permission,,,,RETRY_RESEARCHED_PENDING
4915,TOO-VIC-FLA-FV01,PCS,FV01 Power Action Flat Vice,Hand Tools,,FV01,,,PENDING,,,,,,,,,,,,,,,,,PENDING,pending,needs_permission,,,,RETRY_RESEARCHED_PENDING
4917,X-FLO-MOC-CA6603,PCS,CA6603 600X600MM,Power Tools,,CA6603,,,PENDING,,,,,,,,,,,,,,,,,PENDING,pending,needs_permission,,,,RETRY_RESEARCHED_PENDING
4918,X-FLO-MOC-H03-G,PCS,H03-G 600X600MM,Power Tools,,H03-G,,,PENDING,,,,,,,,,,,,,,,,,PENDING,pending,needs_permission,,,,RETRY_RESEARCHED_PENDING
4919,X-FLO-MOC-PA6685W,PCS,PA6685W 600X600MM,Power Tools,,PA6685W,,,PENDING,,,,,,,,,,,,,,,,,PENDING,pending,needs_permission,,,,RETRY_RESEARCHED_PENDING
4920,X-FLO-MOC-R9 S:E11,PCS,Main White R9,Power Tools,,600X600MM,,,PENDING,,,,,,,,,,,,,,,,,PENDING,pending,needs_permission,,,,RETRY_RESEARCHED_PENDING
4924,BNW-B&N-RBN-105-BOX,BOX,Sr G. I Boit & Nut 3/16 X 5/8 (box),Fasteners & Fixings,,RBN-105,,,PENDING,,,,,,,,,,,,,,,,,PENDING,pending,needs_permission,,,,RETRY_RESEARCHED_PENDING
4925,BNW-B&N-RBN-110,PCK,Sr G. I Boit & Nut 3/16 X 1 (7PCS/PCK),Fasteners & Fixings,,7PCS/PCK,,,PENDING,,,,,,,,,,,,,,,,,PENDING,pending,needs_permission,,,,RETRY_RESEARCHED_PENDING
4926,BNW-NUT-SS304-M10,PCS,SS 304 Nut - M10,Fasteners & Fixings,,M10,,,PENDING,,,,,,,,,,,,,,,,,PENDING,pending,needs_permission,,,,RETRY_RESEARCHED_PENDING
4927,CAR-TYRE-SHI-WHI-500ML,BTL,Aa Car Care Tyre Shine (white) 500ML,Automotive,,,,,PENDING,,,,,,,,,,,,,,,,,PENDING,pending,needs_permission,,,,RETRY_RESEARCHED_PENDING
4928,CEI-ROSE-408A-131-CR3,PCS,408A 131 CR3 Ceiling Rose,Building Materials,,CR3,,,PENDING,,,,,,,,,,,,,,,,,PENDING,pending,needs_permission,,,,RETRY_RESEARCHED_PENDING
4929,CUT-PIP-PVC-VS1202,PCS,Vison PVC Pipe Cutter,Plumbing,,VS1202,,,PENDING,,,,,,,,,,,,,,,,,PENDING,pending,needs_permission,,,,RETRY_RESEARCHED_PENDING
4931,"DOR-FLU-SGD-2106""",PCS,6 Armor Flush Bolt,Fasteners & Fixings,,ADB-2106/SS,,,PENDING,,,,,,,,,,,,,,,,,PENDING,pending,needs_permission,,,,RETRY_RESEARCHED_PENDING
4932,DRI-MIX-HEX-CEM,PCS,Blimax Hex Cement Mud,Building Materials,,MIXER-120X600MM,,,PENDING,,,,,,,,,,,,,,,,,PENDING,pending,needs_permission,,,,RETRY_RESEARCHED_PENDING
4934,ELE-LED-SOL-YB-L10532-28W,SET,Marviss 28W Outdoor Sensor Solar Light (L10532),Electrical,,L10532,,,PENDING,,,,,,,,,,,,,,,,,PENDING,pending,needs_permission,,,,RETRY_RESEARCHED_PENDING
4936,HOS-CON-ADA-PI7-320#,PCS,PI7 Hose Connector,Outdoor & Garden,,PI7,,,PENDING,,,,,,,,,,,,,,,,,PENDING,pending,needs_permission,,,,RETRY_RESEARCHED_PENDING
4937,MET-WAT-ADA-BR,PCS,"Br Water Meter Adapter (thick) 3/4""X1/2",Other,,X1/2,,,PENDING,,,,,,,,,,,,,,,,,PENDING,pending,needs_permission,,,,RETRY_RESEARCHED_PENDING
4941,RIG-HOO-ALL-4.5TON,PCS,Alloy Hook 4.5TON,Lifting & Rigging,,4.5TON,,,PENDING,,,,,,,,,,,,,,,,,PENDING,pending,needs_permission,,,,RETRY_RESEARCHED_PENDING
4942,SAF-SHO-SOB-10#,PAIR,Sobar P800 Safety Shoes 10,Safety & Workwear,,P800,,,PENDING,,,,,,,,,,,,,,,,,PENDING,pending,needs_permission,,,,RETRY_RESEARCHED_PENDING
4943,SHH-HOOK-406-NO.4,PKT,Saki Sepit Biru 406 No. 4 (20'S),Fishing & Tackle,,NO.4,,,PENDING,,,,,,,,,,,,,,,,,PENDING,pending,needs_permission,,,,RETRY_RESEARCHED_PENDING
4944,SHH-HOOK-45708-NO.7,PKT,2908 No. 2 Eupro Prawn Hook (15'S),Fishing & Tackle,,NO.2,,,PENDING,,,,,,,,,,,,,,,,,PENDING,pending,needs_permission,,,,RETRY_RESEARCHED_PENDING
4945,SHH-HOOK-45708-NO.9,PKT,2908 No. 4 Eupro Prawn Hook (15'S),Fishing & Tackle,,NO.4,,,PENDING,,,,,,,,,,,,,,,,,PENDING,pending,needs_permission,,,,RETRY_RESEARCHED_PENDING
4946,SHH-REEL-1188S120,PCS,"1188 Sin Udang Galah TRANSPARENT120(4'0"")PRAWN Rod (6+1)",Fishing & Tackle,,TRANSPARENT120,,,PENDING,,,,,,,,,,,,,,,,,PENDING,pending,needs_permission,,,,RETRY_RESEARCHED_PENDING
4947,SHH-SINKER-NO.8,PCS,Single Head Sinker No. 8 (1PC/PCK),Fishing & Tackle,,1PC/PCK,,,PENDING,,,,,,,,,,,,,,,,,PENDING,pending,needs_permission,,,,RETRY_RESEARCHED_PENDING
4948,SWI-SOC-ULT-M073W,PCS,Ultra 1 GANG Tel Outlet (RJ11)-WHITE (M073W),Electrical,,RJ11,,,PENDING,,,,,,,,,,,,,,,,,PENDING,pending,needs_permission,,,,RETRY_RESEARCHED_PENDING
4949,TAP-BIB-JOPBC01W,PCS,Jopex BIBTAP-BC01W 15MM,Plumbing,,BIBTAP-BC01W,,,PENDING,,,,,,,,,,,,,,,,,PENDING,pending,needs_permission,,,,RETRY_RESEARCHED_PENDING
4950,TOO-WRE-BAS-ABT11,PCS,Abt Basin WRENCH-11,Hand Tools,,WRENCH-11,,,PENDING,,,,,,,,,,,,,,,,,PENDING,pending,needs_permission,,,,RETRY_RESEARCHED_PENDING
4951,WEL-ELE-MIG-0.8MM,ROLL,Power MIG 0.8MM 5KGS CO2 MIG Wire,Electrical,,5KGS,,,PENDING,,,,,,,,,,,,,,,,,PENDING,pending,needs_permission,,,,RETRY_RESEARCHED_PENDING
4954,CUT-SAW-IND-14J,PCS,Sr India Junior Saw 14J,Abrasives & Cutting,,14J,,,PENDING,,,,,,,,,,,,,,,,,PENDING,pending,needs_permission,,,,RETRY_RESEARCHED_PENDING
4955,ELE-CAB-TWI-B/W-MAXWELL,MTR,"Scinet Twin Cable, Blue/white",Electrical,,23/0.14MM,,,PENDING,,,,,,,,,,,,,,,,,PENDING,pending,needs_permission,,,,RETRY_RESEARCHED_PENDING
4957,"FAS-SCR-TAP-CSK-8#3/8""-BOX",BOX,8 X3/8 Csk Self Tapping Scrw-flat Head (1000PCS/BOX),Fasteners & Fixings,,X3/8,,,PENDING,,,,,,,,,,,,,,,,,PENDING,pending,needs_permission,,,,RETRY_RESEARCHED_PENDING
4959,HOS-CON-ADA-ECO4056,PCS,Ecogreen- Flat Nose Tap Adaptor / 1/2,Electrical,,EG4056,,,PENDING,,,,,,,,,,,,,,,,,PENDING,pending,needs_permission,,,,RETRY_RESEARCHED_PENDING
4960,"HOS-FLE-OTO-966-66MB-16""",PCS,Otosani 304 Nut 16 High Pressure Flexible Hose (mb),Fasteners & Fixings,,966-66MB,,,PENDING,,,,,,,,,,,,,,,,,PENDING,pending,needs_permission,,,,RETRY_RESEARCHED_PENDING
4961,HOS-HOL-ECO-EG6038,PCS,Ecogreen- Hose Hanger,Outdoor & Garden,,EG6038,,,PENDING,,,,,,,,,,,,,,,,,PENDING,pending,needs_permission,,,,RETRY_RESEARCHED_PENDING
4962,NAI-CON-ST50,BOX,Concrete NAIL-ST50,Fasteners & Fixings,,NAIL-ST50,,,PENDING,,,,,,,,,,,,,,,,,PENDING,pending,needs_permission,,,,RETRY_RESEARCHED_PENDING
4964,SHH-HOOK-9290BN8,PKT,Sode Hook No. 8(18'S),Fishing & Tackle,,9290BN,,,PENDING,,,,,,,,,,,,,,,,,PENDING,pending,needs_permission,,,,RETRY_RESEARCHED_PENDING
4965,SHH-ROD-TKKT25632S,PCS,"Torikumu Kotai Ii Medium (5'6"")ROD",Fishing & Tackle,,TK-KT2-563-2S,,,PENDING,,,,,,,,,,,,,,,,,PENDING,pending,needs_permission,,,,RETRY_RESEARCHED_PENDING
4966,SWI-T/SOC-FLE-912-3M2G,SET,Fle T/skt Sp TC-2GL-340B 912-3M,Electrical,,TC-2GL-340B,,,PENDING,,,,,,,,,,,,,,,,,PENDING,pending,needs_permission,,,,RETRY_RESEARCHED_PENDING
4968,TOO-HAN-RAT-STA-12MM,PCS,"1/2 Round Head Ratchet 10""/254MM",Power Tools,,,,,PENDING,,,,,,,,,,,,,,,,,PENDING,pending,needs_permission,,,,RETRY_RESEARCHED_PENDING
4971,X-AMFC-3403,PCS,Aimer Wall Bibtap,Plumbing,,AMFC-3403,,,PENDING,,,,,,,,,,,,,,,,,PENDING,pending,needs_permission,,,,RETRY_RESEARCHED_PENDING
4976,"FAS-RIV-PAT-1/8""X3/8""-PCK",PCK,Blind Rivet: Jaguar 1/8 X 3/8 (20PCS/PCK),Fasteners & Fixings,,20PCS/PCK,,,PENDING,,,,,,,,,,,,,,,,,PENDING,pending,needs_permission,,,,RETRY_RESEARCHED_PENDING
4983,NAI-CLI-777-B,DOZ,Nail Clipper,Fasteners & Fixings,,777/211A,,,PENDING,,,,,,,,,,,,,,,,,PENDING,pending,needs_permission,,,,RETRY_RESEARCHED_PENDING
4984,SCA-CAM-ELE-EL10-31P,PCS,Camry Luggage Scale,Housewares,,EL10-31P,,,PENDING,,,,,,,,,,,,,,,,,PENDING,pending,needs_permission,,,,RETRY_RESEARCHED_PENDING
4985,SHH-HOOK-9255SS-4,PKT,Eupro Octopus S/s Hook No. 4 (11'S),Fishing & Tackle,,9255SS,,,PENDING,,,,,,,,,,,,,,,,,PENDING,pending,needs_permission,,,,RETRY_RESEARCHED_PENDING
4986,SHH-ROD-2511500,PCS,Santec 2511-500 Puyu Solid Pole (5MTR),Fishing & Tackle,,5MTR,,,PENDING,,,,,,,,,,,,,,,,,PENDING,pending,needs_permission,,,,RETRY_RESEARCHED_PENDING
4987,SHH-ROD-TKKT25032S,PCS,"Torikumu Kotai Ii Medium (5'0"")ROD",Fishing & Tackle,,TK-KT2-503-2S,,,PENDING,,,,,,,,,,,,,,,,,PENDING,pending,needs_permission,,,,RETRY_RESEARCHED_PENDING
4991,TOO-ELE-STRW010A,PCS,W01A Wire Stripper Cutting 170MM,Electrical,,W01A,,,PENDING,,,,,,,,,,,,,,,,,PENDING,pending,needs_permission,,,,RETRY_RESEARCHED_PENDING
4992,"TOO-EXT-BAR-STA-12MM-05""",PCS,1/2 Extension Bars 125MM/5,Electrical,,125MM/5,,,PENDING,,,,,,,,,,,,,,,,,PENDING,pending,needs_permission,,,,RETRY_RESEARCHED_PENDING
4993,VAL-BAL-MIN-ECC12MF,PCS,Ecco PVC Mini Ball VALVE-1/2 Mxf,Plumbing,,VALVE-1/2,,,PENDING,,,,,,,,,,,,,,,,,PENDING,pending,needs_permission,,,,RETRY_RESEARCHED_PENDING
4994,BNW-B&N-RBN-106-BOX,BOX,Sr G. I Boit & Nut 3/16 X 3/4 (box),Fasteners & Fixings,,RBN-106,,,PENDING,,,,,,,,,,,,,,,,,PENDING,pending,needs_permission,,,,RETRY_RESEARCHED_PENDING
4995,CUT-TIL-RIV-450MM,SET,Rivoz Tile Cutting Machine 450MM,Flooring,,,,,PENDING,,,,,,,,,,,,,,,,,PENDING,pending,needs_permission,,,,RETRY_RESEARCHED_PENDING
4996,"DRI-AUG-BIT-NO.5/8""",PCS,5/8 No. 1 Star-m Auger Bit (b),Power Tool Accessories,,NO.1,,,PENDING,,,,,,,,,,,,,,,,,PENDING,pending,needs_permission,,,,RETRY_RESEARCHED_PENDING
4997,ELE-KNI-BS-303192-BEND,PCS,Bosi (BS-303192) Electricain's Knife (bend),Electrical,,BS-303192,,,PENDING,,,,,,,,,,,,,,,,,PENDING,pending,needs_permission,,,,RETRY_RESEARCHED_PENDING
4998,"ELE-PVC-CAS-3/4""",LGTH,Kancil 3/4 X 6FT PVC Casing,Electrical,,6FT,,,PENDING,,,,,,,,,,,,,,,,,PENDING,pending,needs_permission,,,,RETRY_RESEARCHED_PENDING
5000,"FIT-SS235-TEE-3/4""-SUS304",PCS,SS Equal Tee 3/4,Plumbing,,SS235,,,PENDING,,,,,,,,,,,,,,,,,PENDING,pending,needs_permission,,,,RETRY_RESEARCHED_PENDING
5001,FIT-YG252-SOC-10MM-BRA,PCS,Straight Brass Connector 10MM,Plumbing,,YG252,,,PENDING,,,,,,,,,,,,,,,,,PENDING,pending,needs_permission,,,,RETRY_RESEARCHED_PENDING
5003,"HOS-FLE-OTO-966-65MB-14""",PCS,Otosani 304 Nut 14 High Pressure Flexible Hose (mb),Fasteners & Fixings,,966-65MB,,,PENDING,,,,,,,,,,,,,,,,,PENDING,pending,needs_permission,,,,RETRY_RESEARCHED_PENDING
5008,NUM-80MM-C,PCS,Acp Alphabet 80MM - C,Signage & Numbering,,,,,PENDING,,,,,,,,,,,,,,,,,PENDING,pending,needs_permission,,,,RETRY_RESEARCHED_PENDING
5009,"PIP-UPVC-5255-1.1/4""",MTR,"1 1/4""(32MM) X 6M Upvc Pipe",Plumbing,,BS5255,,,PENDING,,,,,,,,,,,,,,,,,PENDING,pending,needs_permission,,,,RETRY_RESEARCHED_PENDING
5010,POL-HAR-NYL-JM444,PCS,Jayamata Harvesting Palm Oil Poles Clamping Bracket Clip,Other,,JM-444,,,PENDING,,,,,,,,,,,,,,,,,PENDING,pending,needs_permission,,,,RETRY_RESEARCHED_PENDING
5011,SHH-HOOK-10829BL-NO.08,PKT,Eupro Fishing Hook No. 8 (14PC),Fishing & Tackle,,10829BL,,,PENDING,,,,,,,,,,,,,,,,,PENDING,pending,needs_permission,,,,RETRY_RESEARCHED_PENDING
5012,SHH-HOOK-EWDX4009,PKT,No. 9 (20'S) Eagle Wave Hook,Fishing & Tackle,,DX-400,,,PENDING,,,,,,,,,,,,,,,,,PENDING,pending,needs_permission,,,,RETRY_RESEARCHED_PENDING
5013,SHH-SPE-FIS-FS605,PCS,Fish Spears (5PRONGS)/8105,Fishing & Tackle,,5PRONGS,,,PENDING,,,,,,,,,,,,,,,,,PENDING,pending,needs_permission,,,,RETRY_RESEARCHED_PENDING
5014,STO-MOU-W175-10X10,PCS,Mounted Stone:k-prix Korea W175 (10X10),Abrasives & Cutting,,W175,,,PENDING,,,,,,,,,,,,,,,,,PENDING,pending,needs_permission,,,,RETRY_RESEARCHED_PENDING
5015,TAP-CAB-CB1540SS,PCS,S/steel Pillar Mounted Kitchen Tap CB1540SS-BL,Plumbing,,CB1540SS-BL,,,PENDING,,,,,,,,,,,,,,,,,PENDING,pending,needs_permission,,,,RETRY_RESEARCHED_PENDING
5018,TOO-PLI-CIR-WHB200,PCS,Intl Plier Bent Nose 200MM,Hand Tools,,WHB200,,,PENDING,,,,,,,,,,,,,,,,,PENDING,pending,needs_permission,,,,RETRY_RESEARCHED_PENDING
5025,AIR-DUS-LX03,PCS,AD04 Long PVC Air Duster,Automotive,,AD04,,,PENDING,,,,,,,,,,,,,,,,,PENDING,pending,needs_permission,,,,RETRY_RESEARCHED_PENDING
5027,BNW-B&N-RBN-204,PCK,Sr G. I Boit & Nut 1/4 X 1/2 (5PCS/PCK),Fasteners & Fixings,,5PCS/PCK,,,PENDING,,,,,,,,,,,,,,,,,PENDING,pending,needs_permission,,,,RETRY_RESEARCHED_PENDING
5029,"CLI-HOS-GP-2.1/4""",PCS,Gp S/steel Hose CLIP-2.1/4 (33-57MM),Outdoor & Garden,,CLIP-2.1/4,,,PENDING,,,,,,,,,,,,,,,,,PENDING,pending,needs_permission,,,,RETRY_RESEARCHED_PENDING
5033,CUT-KNI-W603,PCS,W603 Utility Knife,Hand Tools,,W603,,,PENDING,,,,,,,,,,,,,,,,,PENDING,pending,needs_permission,,,,RETRY_RESEARCHED_PENDING
5036,CUT-SCI-JM-316,PCS,Jayamata Scissor Multi-purpose 7,Abrasives & Cutting,,JM-316,,,PENDING,,,,,,,,,,,,,,,,,PENDING,pending,needs_permission,,,,RETRY_RESEARCHED_PENDING
5042,IND-PLU-BOB-300G-PCK,PCS,300G Plumb Bobs (pack),Building Materials,,,,,PENDING,,,,,,,,,,,,,,,,,PENDING,pending,needs_permission,,,,RETRY_RESEARCHED_PENDING
5043,MET-LED-ENE-PLMA22,PCS,Enr New Penlight 2AAA 50L,Other,,2AAA,,,PENDING,,,,,,,,,,,,,,,,,PENDING,pending,needs_permission,,,,RETRY_RESEARCHED_PENDING
5046,NUM-80MM-A,PCS,Acp Alphabet 80MM - A,Signage & Numbering,,,,,PENDING,,,,,,,,,,,,,,,,,PENDING,pending,needs_permission,,,,RETRY_RESEARCHED_PENDING
5047,NUM-80MM-E,PCS,Acp Alphabet 80MM - E,Signage & Numbering,,,,,PENDING,,,,,,,,,,,,,,,,,PENDING,pending,needs_permission,,,,RETRY_RESEARCHED_PENDING
5050,PAI-TIG-250ML-9102,PCS,250ML Tiger Gloss Paint 9102,Paint & Sundries,,,,,PENDING,,,,,,,,,,,,,,,,,PENDING,pending,needs_permission,,,,RETRY_RESEARCHED_PENDING
5051,SCP-FIL-500G,CAN,500G Skim Instant Filla,Paint & Sundries,,,,,PENDING,,,,,,,,,,,,,,,,,PENDING,pending,needs_permission,,,,RETRY_RESEARCHED_PENDING
5052,SHH-HOOK-4310N-NO.1/0,PKT,No. 1/0 Exori Super Strong Hook (10'S),Fishing & Tackle,,4310N,,,PENDING,,,,,,,,,,,,,,,,,PENDING,pending,needs_permission,,,,RETRY_RESEARCHED_PENDING
5053,SHH-HOOK-4310N-NO.4,PKT,No. 4 Exori Super Strong Hook (20'S),Fishing & Tackle,,4310N,,,PENDING,,,,,,,,,,,,,,,,,PENDING,pending,needs_permission,,,,RETRY_RESEARCHED_PENDING
5054,SIN-TAP-PIL-QXY-PT-7250,PCS,QXY-PT-7250-3L: Pillar Sink Tap W/flex. Pipe,Plumbing,,QXY-PT-7250-3L,,,PENDING,,,,,,,,,,,,,,,,,PENDING,pending,needs_permission,,,,RETRY_RESEARCHED_PENDING
5055,SWI-T/SOC-FLE-6133NS,SET,T/skt W/surge Sp TS-3GLS-540A FLE-6133NS,Electrical,,TS-3GLS-540A,,,PENDING,,,,,,,,,,,,,,,,,PENDING,pending,needs_permission,,,,RETRY_RESEARCHED_PENDING
5056,SWI-T/SOC-GONGN-4G1.8M,PCS,Gongniu 4 GANG Trailing (E3040),Electrical,,E3040,,,PENDING,,,,,,,,,,,,,,,,,PENDING,pending,needs_permission,,,,RETRY_RESEARCHED_PENDING
5061,VAL-CAB-CB1180-RG,PCS,Cabana S/s 304 Angle Valve,Plumbing,,CB1180-RG,,,PENDING,,,,,,,,,,,,,,,,,PENDING,pending,needs_permission,,,,RETRY_RESEARCHED_PENDING
5062,"AIR-CHU-MAD-10""",PCS,Mada Tire Air,Automotive,,CHUCK-HP6,,,PENDING,,,,,,,,,,,,,,,,,PENDING,pending,needs_permission,,,,RETRY_RESEARCHED_PENDING
5063,BAT-PSN-LIT3V-CR-1632/5BE,PCS,CR-1632/5B Lithium 3V,Electrical,,CR-1632/5B,,,PENDING,,,,,,,,,,,,,,,,,PENDING,pending,needs_permission,,,,RETRY_RESEARCHED_PENDING
5064,CAB-LUG-06-6,PCK,Cable Lug 6-6 (10PCS/PCK),Electrical,,10PCS/PCK,,,PENDING,,,,,,,,,,,,,,,,,PENDING,pending,needs_permission,,,,RETRY_RESEARCHED_PENDING
5065,COV-HAR-JM-334,PCS,Jayamata Harvesting Palm Oil Chisel PVC Cover Only,Hand Tools,,JM-334,,,PENDING,,,,,,,,,,,,,,,,,PENDING,pending,needs_permission,,,,RETRY_RESEARCHED_PENDING
5066,"FAS-SCR-TAP-CSK-6#5/8""-BOX",BOX,6 X5/8 Tapping Screw-flat Head (1000PCS/BOX),Fasteners & Fixings,,X5/8,,,PENDING,,,,,,,,,,,,,,,,,PENDING,pending,needs_permission,,,,RETRY_RESEARCHED_PENDING
5067,"FAS-SCR-TAP-PAN-8#1/2""-BOX",BOX,8 X1/2 Ph Self Tap Srcw Pan Head (1000PCS/BOX),Fasteners & Fixings,,X1/2,,,PENDING,,,,,,,,,,,,,,,,,PENDING,pending,needs_permission,,,,RETRY_RESEARCHED_PENDING
5068,"FIT-HDPE-TEE-MAL-25MMX1/2""",PCS,HDPE Tee Male 25MMX1/2,Plumbing,,25MMX1/2,,,PENDING,,,,,,,,,,,,,,,,,PENDING,pending,needs_permission,,,,RETRY_RESEARCHED_PENDING
5073,"HOS-FLE-OTO-966-67MB-18""",PCS,Otosani 304 Nut 18 High Pressure Flexible Hose (mb),Fasteners & Fixings,,966-67MB,,,PENDING,,,,,,,,,,,,,,,,,PENDING,pending,needs_permission,,,,RETRY_RESEARCHED_PENDING
5076,NAI-CON-ACE-20-BOX,BOX,Ace Galvanised Flat Head Nails 20 X 2.0 (500GM),Fasteners & Fixings,,500GM,,,PENDING,,,,,,,,,,,,,,,,,PENDING,pending,needs_permission,,,,RETRY_RESEARCHED_PENDING
5080,SHH-HOOK-12146BN-10,PKT,No. 10 Hytac Hook 20'S,Fishing & Tackle,,12146BN,,,PENDING,,,,,,,,,,,,,,,,,PENDING,pending,needs_permission,,,,RETRY_RESEARCHED_PENDING
5081,SHH-LINE-L/G-OSML15,PCS,Omega Shigeru Mono Line (green) 15LBS,Fishing & Tackle,,15LBS,,,PENDING,,,,,,,,,,,,,,,,,PENDING,pending,needs_permission,,,,RETRY_RESEARCHED_PENDING
5082,SHH-REEL-CH2000,PCS,Beilishi Fishing Reel (13BB),Fishing & Tackle,,13BB,,,PENDING,,,,,,,,,,,,,,,,,PENDING,pending,needs_permission,,,,RETRY_RESEARCHED_PENDING
5083,SHH-SPE-FIS-FS604,PCS,Fish Spears (4PRONGS)/8105 (SFF4),Fishing & Tackle,,4PRONGS,,,PENDING,,,,,,,,,,,,,,,,,PENDING,pending,needs_permission,,,,RETRY_RESEARCHED_PENDING
5084,SHH-SPOOL-109,PCS,Fishing Spool HP-109,Fishing & Tackle,,HP-109,,,PENDING,,,,,,,,,,,,,,,,,PENDING,pending,needs_permission,,,,RETRY_RESEARCHED_PENDING
5085,SWI-SOC-ULT-M012W,PCS,Ultra 16A 1 GANG 2 Way-white (M012W),Electrical,,M012W,,,PENDING,,,,,,,,,,,,,,,,,PENDING,pending,needs_permission,,,,RETRY_RESEARCHED_PENDING
5086,SWI-T/SOC-LBS2023U,SET,Lwd 3GL+USB T/skt Surge Protector,Electrical,,3GL+USB,,,PENDING,,,,,,,,,,,,,,,,,PENDING,pending,needs_permission,,,,RETRY_RESEARCHED_PENDING
5087,TAP-CAB-CB9114,UNIT,Cabana Two Way Tap,Plumbing,,CB9114,,,PENDING,,,,,,,,,,,,,,,,,PENDING,pending,needs_permission,,,,RETRY_RESEARCHED_PENDING
5088,TAP-SKC-M24X3.00,SET,Skc Hand Tap M24 X 3.00,Plumbing,,M24,,,PENDING,,,,,,,,,,,,,,,,,PENDING,pending,needs_permission,,,,RETRY_RESEARCHED_PENDING
5091,CAP-02.0UF-400V,EA,Capacitor Uf Black Square ITALY'/400V Bd,Electrical,,CPI-02.0,,,PENDING,,,,,,,,,,,,,,,,,PENDING,pending,needs_permission,,,,RETRY_RESEARCHED_PENDING
5092,CAP-03.00UF-440V,EA,Capacitor 400V Italy Square,Electrical,,CPI-03.00UF,,,PENDING,,,,,,,,,,,,,,,,,PENDING,pending,needs_permission,,,,RETRY_RESEARCHED_PENDING
5095,"FAS-SCR-P/H-1"" X 8#",PCK,Sr P/h Self Drilling Screw 1 X 8 (20PCS/PCK),Fasteners & Fixings,,20PCS/PCK,,,PENDING,,,,,,,,,,,,,,,,,PENDING,pending,needs_permission,,,,RETRY_RESEARCHED_PENDING
5096,FIT-UPVC-SOC-160X110MM,PCS,"U-pvc Socket Reducing 6""X4",Electrical,,160X110MM,,,PENDING,,,,,,,,,,,,,,,,,PENDING,pending,needs_permission,,,,RETRY_RESEARCHED_PENDING
5097,"FIT-YG235-TEE-1/2""-BRA",PCS,Brass Equal Tee 1/2,Plumbing,,YG235,,,PENDING,,,,,,,,,,,,,,,,,PENDING,pending,needs_permission,,,,RETRY_RESEARCHED_PENDING
5100,HHD-FLU-00456C,PCS,Sl 108D Cooper Thread H/duty Dual Inlet Valve,Plumbing,,108D,,,PENDING,,,,,,,,,,,,,,,,,PENDING,pending,needs_permission,,,,RETRY_RESEARCHED_PENDING
5101,"HOS-FLE-OTO-966-64MB-12""",PCS,Otosani 304 Nut 12 High Pressure Flexible Hose (mb),Fasteners & Fixings,,966-64MB,,,PENDING,,,,,,,,,,,,,,,,,PENDING,pending,needs_permission,,,,RETRY_RESEARCHED_PENDING
5102,LOC-CYL-ARMOR-ACL-VCL3000,SET,Sn/et Armor Cyl. Lock,Locks & Security,,ACL-VCL3000/60MM,,,PENDING,,,,,,,,,,,,,,,,,PENDING,pending,needs_permission,,,,RETRY_RESEARCHED_PENDING
5103,MIN-TAN-TUL-1.5KGS,TIN,Worker Minyak Tanah Tulen,Other,,W-906,,,PENDING,,,,,,,,,,,,,,,,,PENDING,pending,needs_permission,,,,RETRY_RESEARCHED_PENDING
5106,SHH-LINE-L/G-OHML15,PCS,Omega Hayasu Mono Line (rainbow) 15LBS,Fishing & Tackle,,15LBS,,,PENDING,,,,,,,,,,,,,,,,,PENDING,pending,needs_permission,,,,RETRY_RESEARCHED_PENDING
5107,SHH-REEL-MH3000,PCS,Sealand Machine Gun Fishing Reel W/line (3SS-B),Fishing & Tackle,,3SS-B,,,PENDING,,,,,,,,,,,,,,,,,PENDING,pending,needs_permission,,,,RETRY_RESEARCHED_PENDING
5108,SHH-SWIVEL-NO.6,PKT,Nickel Swivel No. 6,Fishing & Tackle,,NO.6,,,PENDING,,,,,,,,,,,,,,,,,PENDING,pending,needs_permission,,,,RETRY_RESEARCHED_PENDING
5109,SPO-CAR-WASH-UNI2193,PCS,Car Wash Sponge,Automotive,,UNI2193,,,PENDING,,,,,,,,,,,,,,,,,PENDING,pending,needs_permission,,,,RETRY_RESEARCHED_PENDING
5112,TOO-CLA-F-ATB120400,PCS,16 X 120MM Arrow F Type Wood Clamp,Hand Tools,,,,,PENDING,,,,,,,,,,,,,,,,,PENDING,pending,needs_permission,,,,RETRY_RESEARCHED_PENDING
5113,TOO-JAW-PIP-W0365B,PCS,3/4 Heavy Pipe Jaw (20MM*100MM),Plumbing,,20MM*100MM,,,PENDING,,,,,,,,,,,,,,,,,PENDING,pending,needs_permission,,,,RETRY_RESEARCHED_PENDING
5117,BAT-ENE-REC-2AAA,PACK,En Rec Batt 2AAA Univ,Electrical,,2AAA,,,PENDING,,,,,,,,,,,,,,,,,PENDING,pending,needs_permission,,,,RETRY_RESEARCHED_PENDING
5121,ELE-PVC-BOX-TC8X10,EA,Tc 8X10 PVC Enclosure Box,Electrical,,8X10,,,PENDING,,,,,,,,,,,,,,,,,PENDING,pending,needs_permission,,,,RETRY_RESEARCHED_PENDING
5122,FLO-MOC-VZ3329WHT,PCS,Viz White (VZ3329WHT),Flooring,,VZ3329WHT,,,PENDING,,,,,,,,,,,,,,,,,PENDING,pending,needs_permission,,,,RETRY_RESEARCHED_PENDING
5126,GUN-WUF-D09EC,PCS,Wufu Air Engine Cleaning Gun (DO-9-EC),Fasteners & Fixings,,DO-9-EC,,,PENDING,,,,,,,,,,,,,,,,,PENDING,pending,needs_permission,,,,RETRY_RESEARCHED_PENDING
5127,HHD-FLU-M0676/L100W-40MM,PCS,Techplas Liftup Outlet Valve White,Plumbing,,L100-W,,,PENDING,,,,,,,,,,,,,,,,,PENDING,pending,needs_permission,,,,RETRY_RESEARCHED_PENDING
5128,HHD-VAL-PVC-12MM,PCS,Goldolphin PVC Float Valve 1/2 X 10,Fishing & Tackle,,GDA2007S,,,PENDING,,,,,,,,,,,,,,,,,PENDING,pending,needs_permission,,,,RETRY_RESEARCHED_PENDING
5129,HOR-LIO-24VDC,PCS,Lion Horn 24VDC,Other,,24VDC,,,PENDING,,,,,,,,,,,,,,,,,PENDING,pending,needs_permission,,,,RETRY_RESEARCHED_PENDING
5131,IND-WHE-BEA-5009,PCS,Cn Wheel Barrow Puller Bearing,Building Materials,,WB5009,,,PENDING,,,,,,,,,,,,,,,,,PENDING,pending,needs_permission,,,,RETRY_RESEARCHED_PENDING
5132,"LEO-S/S-LOC-BAR-BOL-LRBB150 6""",PCS,Leon S/s L/r Lockable Barrel 6,Fasteners & Fixings,,BOLT-LRBB150,,,PENDING,,,,,,,,,,,,,,,,,PENDING,pending,needs_permission,,,,RETRY_RESEARCHED_PENDING
5133,MDD-CON-MALE-RED,PCK,Male Disconnects - Red (1.5MM) (20PCS/PCK),Electrical,,20PCS/PCK,,,PENDING,,,,,,,,,,,,,,,,,PENDING,pending,needs_permission,,,,RETRY_RESEARCHED_PENDING
5134,NAIL-TUFTING-TN-8225-PCK,PCK,U Clip Tufting Nail 25MM X 8.5MM (10PCS/PCK),Fasteners & Fixings,,10PCS/PCK,,,PENDING,,,,,,,,,,,,,,,,,PENDING,pending,needs_permission,,,,RETRY_RESEARCHED_PENDING
5136,PAI-SPR-PMT-015,CAN,Paint Master Spray Paint - No. 15 Sky Blue (CAN),Paint & Sundries,,NO.15,,,PENDING,,,,,,,,,,,,,,,,,PENDING,pending,needs_permission,,,,RETRY_RESEARCHED_PENDING
5139,RIG-HOO-ALL-3.0TON,PCS,Alloy Hook 3.0TON,Lifting & Rigging,,3.0TON,,,PENDING,,,,,,,,,,,,,,,,,PENDING,pending,needs_permission,,,,RETRY_RESEARCHED_PENDING
5145,SHH-HOOK-4310N-NO.14,PKT,No. 14 Exori Super Strong Hook (20'S),Fishing & Tackle,,4310N,,,PENDING,,,,,,,,,,,,,,,,,PENDING,pending,needs_permission,,,,RETRY_RESEARCHED_PENDING
5146,SHH-HOOK-4310N-NO.2/0,PKT,No. 2/0 Exori Super Strong Hook (10'S),Fishing & Tackle,,4310N,,,PENDING,,,,,,,,,,,,,,,,,PENDING,pending,needs_permission,,,,RETRY_RESEARCHED_PENDING
5147,SHH-HOOK-4310N-NO.6,PKT,No. 6 Exori Super Strong Hook (20'S),Fishing & Tackle,,4310N,,,PENDING,,,,,,,,,,,,,,,,,PENDING,pending,needs_permission,,,,RETRY_RESEARCHED_PENDING
5148,TAP-CAB-CB5105A,UNIT,Cabana Hose Bib Tap CB5105A,Plumbing,,CB5105A,,,PENDING,,,,,,,,,,,,,,,,,PENDING,pending,needs_permission,,,,RETRY_RESEARCHED_PENDING
5149,TIE-CAB-WHI-150MM,PCK,"White PVC Cable Ties 150MM (6"")",Electrical,,,,,PENDING,,,,,,,,,,,,,,,,,PENDING,pending,needs_permission,,,,RETRY_RESEARCHED_PENDING
5150,TOI-TRAP-AC532P,NOS,P-trap AC532P,Plumbing,,AC532P,,,PENDING,,,,,,,,,,,,,,,,,PENDING,pending,needs_permission,,,,RETRY_RESEARCHED_PENDING
5152,TOO-DRV-MAG-M1065,PCS,Spandek Screw Adaptor M10X65MM,Fasteners & Fixings,,M10X65MM,,,PENDING,,,,,,,,,,,,,,,,,PENDING,pending,needs_permission,,,,RETRY_RESEARCHED_PENDING
5153,TOO-DRV-USA-06100,PCS,Usa 2 Way Sc Driver,Power Tools,,VS2009,,,PENDING,,,,,,,,,,,,,,,,,PENDING,pending,needs_permission,,,,RETRY_RESEARCHED_PENDING
5154,TOO-WRE-KEY-10PCSMM,SET,Hex Key Wrench,Hand Tools,,10PC-MM,,,PENDING,,,,,,,,,,,,,,,,,PENDING,pending,needs_permission,,,,RETRY_RESEARCHED_PENDING
5156,X-FLO-MOC-8TW728,PCS,Glass Mosaic - Blue,Building Materials,,8TW728,,,PENDING,,,,,,,,,,,,,,,,,PENDING,pending,needs_permission,,,,RETRY_RESEARCHED_PENDING
5157,X-FLO-MOC-AHCA150105,PCS,Glass Mosaic 30 X 30CM AHCA150105,Building Materials,,AHCA150105,,,PENDING,,,,,,,,,,,,,,,,,PENDING,pending,needs_permission,,,,RETRY_RESEARCHED_PENDING
5159,BURR-CAR-T.C.T-FX1020,PCS,Blimax Carbide BURR-FX1020,Other,,BURR-FX1020,,,PENDING,,,,,,,,,,,,,,,,,PENDING,pending,needs_permission,,,,RETRY_RESEARCHED_PENDING
5160,"CLI-HOS-GP-2.1/2""",PCS,Gp S/steel Hose CLIP-2.1/2 (40-63MM),Outdoor & Garden,,CLIP-2.1/2,,,PENDING,,,,,,,,,,,,,,,,,PENDING,pending,needs_permission,,,,RETRY_RESEARCHED_PENDING
5161,DOR-DEA-BOL-SGD-D264SS,PCS,SS St. Guchi One Sided Thumbturn Deadbolt Lock,Locks & Security,,SGDB-D264,,,PENDING,,,,,,,,,,,,,,,,,PENDING,pending,needs_permission,,,,RETRY_RESEARCHED_PENDING
5163,ENR-2IN1-LIGHT-2AA,PCK,Enr 2-IN-1_LIGHT (1X6),Other,,2-IN-1_LIGHT,,,PENDING,,,,,,,,,,,,,,,,,PENDING,pending,needs_permission,,,,RETRY_RESEARCHED_PENDING
5165,"FIT-YG232-ELB-3/8""-BRA",PCS,Brass Equal Elbow 3/8,Plumbing,,YG232,,,PENDING,,,,,,,,,,,,,,,,,PENDING,pending,needs_permission,,,,RETRY_RESEARCHED_PENDING
5166,GRA-SOR-SRT6642-BL,PCS,Anti Odour Floor Trap,Plumbing,,150X150MM-BLK,,,PENDING,,,,,,,,,,,,,,,,,PENDING,pending,needs_permission,,,,RETRY_RESEARCHED_PENDING
5169,KOYA-REM-CEM-1000ML,TIN,1000ML Cement & Stain Remover,Chemicals & Adhesives,,,,,PENDING,,,,,,,,,,,,,,,,,PENDING,pending,needs_permission,,,,RETRY_RESEARCHED_PENDING
5176,SHH-HOOK-10829BL-NO.14,PKT,Eupro Fishing Hook No. 14 (12PC),Fishing & Tackle,,10829BL,,,PENDING,,,,,,,,,,,,,,,,,PENDING,pending,needs_permission,,,,RETRY_RESEARCHED_PENDING
5177,SHH-HOOK-10829BL-NO.20,PKT,Eupro Fishing Hook No. 20 (6PC),Fishing & Tackle,,10829BL,,,PENDING,,,,,,,,,,,,,,,,,PENDING,pending,needs_permission,,,,RETRY_RESEARCHED_PENDING
5178,SHH-SPE-FIS-FS504,PCS,Fish Spears (4 PRONGS)/8106/FS8102,Fishing & Tackle,,8106/FS8102,,,PENDING,,,,,,,,,,,,,,,,,PENDING,pending,needs_permission,,,,RETRY_RESEARCHED_PENDING
5179,SIN-BAS-DL51-1/4,PCS,DL5 1 1/4 Overflow Pop Out Waste With Strainer (brass),Plumbing,,DL5,,,PENDING,,,,,,,,,,,,,,,,,PENDING,pending,needs_permission,,,,RETRY_RESEARCHED_PENDING
5180,TOO-DRV-2WAY-38MMX6MM,PCS,Blimax 2WAY Screw 1/2,Fasteners & Fixings,,2WAY,,,PENDING,,,,,,,,,,,,,,,,,PENDING,pending,needs_permission,,,,RETRY_RESEARCHED_PENDING
5185,BIB-G501B,PCS,Bib Tap Truflo,Plumbing,,G501B,,,PENDING,,,,,,,,,,,,,,,,,PENDING,pending,needs_permission,,,,RETRY_RESEARCHED_PENDING
5187,CAR-TYRE-SHI-BLU-500ML,BTL,Aa Car Care Tyre Shine (blue) 500ML,Automotive,,,,,PENDING,,,,,,,,,,,,,,,,,PENDING,pending,needs_permission,,,,RETRY_RESEARCHED_PENDING
5188,CHI-15104-50,PCS,Hex Shank Spade Chisel,Power Tool Accessories,,17X280X50MM,,,PENDING,,,,,,,,,,,,,,,,,PENDING,pending,needs_permission,,,,RETRY_RESEARCHED_PENDING
5191,DOR-HOL-818,PCS,Leon S/steel Magnetic Door HOLDER-818,Doors & Hardware,,HOLDER-818,,,PENDING,,,,,,,,,,,,,,,,,PENDING,pending,needs_permission,,,,RETRY_RESEARCHED_PENDING
5195,"DRI-AUG-BIT-NO.3/8""",PCS,3/8 No. 1 Star-m Auger Bit (b),Power Tool Accessories,,NO.1,,,PENDING,,,,,,,,,,,,,,,,,PENDING,pending,needs_permission,,,,RETRY_RESEARCHED_PENDING
5196,DZ-GEN-BST-280,PCS,Star Bull Point,Other,,17X280,,,PENDING,,,,,,,,,,,,,,,,,PENDING,pending,needs_permission,,,,RETRY_RESEARCHED_PENDING
5197,FAS-PLU-PVC-GREY-SW260,PCK,Grey PVC Wall Plug,Fasteners & Fixings,,SW-260,,,PENDING,,,,,,,,,,,,,,,,,PENDING,pending,needs_permission,,,,RETRY_RESEARCHED_PENDING
5202,IND-PLU-BOB-500G-PCK,PCS,500G Plumb Bobs (pack),Building Materials,,,,,PENDING,,,,,,,,,,,,,,,,,PENDING,pending,needs_permission,,,,RETRY_RESEARCHED_PENDING
5207,PAI-TIG-250ML-BLUE,PCS,250ML Tiger G. Finish Blue 6631,Paint & Sundries,,,,,PENDING,,,,,,,,,,,,,,,,,PENDING,pending,needs_permission,,,,RETRY_RESEARCHED_PENDING
5210,SCP-FIL-WOO-NAT-500G,CAN,500G Skim Wood Filla (natural),Paint & Sundries,,,,,PENDING,,,,,,,,,,,,,,,,,PENDING,pending,needs_permission,,,,RETRY_RESEARCHED_PENDING
5211,SHH-BLA-NET-NO.9,PCS,"Black Net No. 9 (3 1/2"") (9.0CM)",Fishing & Tackle,,NO.9,,,PENDING,,,,,,,,,,,,,,,,,PENDING,pending,needs_permission,,,,RETRY_RESEARCHED_PENDING
5212,SHH-FISH-NET-0.15D-55MM-30MD/6A,PCS,55MM (25YDS) Net,Fishing & Tackle,,25YDS,,,PENDING,,,,,,,,,,,,,,,,,PENDING,pending,needs_permission,,,,RETRY_RESEARCHED_PENDING
5213,SHH-ROD-TKEB3812S,PCS,"Torikumu Ebi Light (3'8"") Prawn Rod",Fishing & Tackle,,TK-EB-381-2S,,,PENDING,,,,,,,,,,,,,,,,,PENDING,pending,needs_permission,,,,RETRY_RESEARCHED_PENDING
5214,SHH-SWIVEL-NO.10,PKT,Nickel Swivel No. 10,Fishing & Tackle,,NO.10,,,PENDING,,,,,,,,,,,,,,,,,PENDING,pending,needs_permission,,,,RETRY_RESEARCHED_PENDING
5215,SHH-SWIVEL-NO.12,PKT,Nickel Swivel No. 12,Fishing & Tackle,,NO.12,,,PENDING,,,,,,,,,,,,,,,,,PENDING,pending,needs_permission,,,,RETRY_RESEARCHED_PENDING
5219,"AIR-TG-9-GAU-12""",PCS,TG-9 Worker Tire Pressure Gauge 12,Automotive,,TG-9,,,PENDING,,,,,,,,,,,,,,,,,PENDING,pending,needs_permission,,,,RETRY_RESEARCHED_PENDING
5220,BNW-B&N-RBN-105,PCK,Sr G. I Boit & Nut 3/16 X 5/8 (7PCS/PCK),Fasteners & Fixings,,7PCS/PCK,,,PENDING,,,,,,,,,,,,,,,,,PENDING,pending,needs_permission,,,,RETRY_RESEARCHED_PENDING
5223,CUT-BLA-WOO-KNI10540T,PCS,"Knight Circular Saw Blade - Wood 4""X40T",Power Tool Accessories,,X40T,,,PENDING,,,,,,,,,,,,,,,,,PENDING,pending,needs_permission,,,,RETRY_RESEARCHED_PENDING
5226,DRI-AUG-2WAY-08MM,PCS,T&t 2WAY Auger BIT-5/16,Power Tool Accessories,,2WAY,,,PENDING,,,,,,,,,,,,,,,,,PENDING,pending,needs_permission,,,,RETRY_RESEARCHED_PENDING
5227,DRI-BIT-SV003,PCS,2 (+-) Sensui Power Bit X65MM,Power Tool Accessories,,X65MM,,,PENDING,,,,,,,,,,,,,,,,,PENDING,pending,needs_permission,,,,RETRY_RESEARCHED_PENDING
5229,ELE-SOC-TES-300MA-BLU,PCS,PVC Link 13A Elcb & Socket Tester,Electrical,,300MA-BLUE,,,PENDING,,,,,,,,,,,,,,,,,PENDING,pending,needs_permission,,,,RETRY_RESEARCHED_PENDING
5230,"FAS-SCR-TAP-CSK-8#1/2""-BOX",BOX,8 X1/2 Tapping Screw-flat Head (1000PCS/BOX),Fasteners & Fixings,,X1/2,,,PENDING,,,,,,,,,,,,,,,,,PENDING,pending,needs_permission,,,,RETRY_RESEARCHED_PENDING
5231,"FIT-YG228R-NIP-REC-1""X3/4""-BRA",PCS,"Brass Reduced Nipple 1""X3/4",Plumbing,,X3/4,,,PENDING,,,,,,,,,,,,,,,,,PENDING,pending,needs_permission,,,,RETRY_RESEARCHED_PENDING
5236,NAI-AIR-LEO-T38,BOX,Leo Air Nail - T38,Fasteners & Fixings,,T38,,,PENDING,,,,,,,,,,,,,,,,,PENDING,pending,needs_permission,,,,RETRY_RESEARCHED_PENDING
5237,NUM-60MM-A,PCS,Acp Alphabet 60MM - A,Signage & Numbering,,,,,PENDING,,,,,,,,,,,,,,,,,PENDING,pending,needs_permission,,,,RETRY_RESEARCHED_PENDING
5239,SHH-SPE-FIS-FS503,PCS,Fish Spears (3 PRONGS)/8106/FS8102/FS8107,Fishing & Tackle,,8106/FS8102/FS8107,,,PENDING,,,,,,,,,,,,,,,,,PENDING,pending,needs_permission,,,,RETRY_RESEARCHED_PENDING
5240,SIN-WAS-SSS-HX110,PCS,SS Sink Waste W/basket 3,Plumbing,,HX110,,,PENDING,,,,,,,,,,,,,,,,,PENDING,pending,needs_permission,,,,RETRY_RESEARCHED_PENDING
5241,STO-MOU-W194-16X13,PCS,Mounted Stone:k-prix Korea W194 (16X13),Abrasives & Cutting,,W194,,,PENDING,,,,,,,,,,,,,,,,,PENDING,pending,needs_permission,,,,RETRY_RESEARCHED_PENDING
5242,SWI-SOC-MK-4G1W-S8874,PCS,Mk 10AX 4G1W Switch -slimline Plus,Electrical,,10AX,,,PENDING,,,,,,,,,,,,,,,,,PENDING,pending,needs_permission,,,,RETRY_RESEARCHED_PENDING
5243,SWI-T/SOC-FLE-914-3M4G,SET,Fle T/skt Sp ** TC-4GL-340B 914-3M,Electrical,,TC-4GL-340B,,,PENDING,,,,,,,,,,,,,,,,,PENDING,pending,needs_permission,,,,RETRY_RESEARCHED_PENDING
5244,TAP-SKC-M22X2.50,SET,Skc Hand Tap M22 X 2.50,Plumbing,,M22,,,PENDING,,,,,,,,,,,,,,,,,PENDING,pending,needs_permission,,,,RETRY_RESEARCHED_PENDING
5246,TOO-VIC-MI-150MM,PCS,Heavy Duty Bench Vice 150MM (mikasa/jp),Hand Tools,,,,,PENDING,,,,,,,,,,,,,,,,,PENDING,pending,needs_permission,,,,RETRY_RESEARCHED_PENDING
5247,VAL-ANG-CA1002QH,PCS,CA1002QH Angle Valve,Plumbing,,CA1002QH,,,PENDING,,,,,,,,,,,,,,,,,PENDING,pending,needs_permission,,,,RETRY_RESEARCHED_PENDING
5248,X-FLO-MOC-RALM123,PCS,Glass Mosaic 30 X 30CM RALM123,Building Materials,,RALM123,,,PENDING,,,,,,,,,,,,,,,,,PENDING,pending,needs_permission,,,,RETRY_RESEARCHED_PENDING
5249,X-FLO-MOC-RCM134,PCS,Glass Mosaic 30 X 30CM RCM134,Building Materials,,RCM134,,,PENDING,,,,,,,,,,,,,,,,,PENDING,pending,needs_permission,,,,RETRY_RESEARCHED_PENDING
5250,X-FLO-MOC-RCM139,PCS,Glass Mosaic 30 X 30CM RCM139,Building Materials,,RCM139,,,PENDING,,,,,,,,,,,,,,,,,PENDING,pending,needs_permission,,,,RETRY_RESEARCHED_PENDING
5253,DRI-BIT-SV005,PCS,2 (+-) Sensui Power Bit X110MM,Power Tool Accessories,,X110MM,,,PENDING,,,,,,,,,,,,,,,,,PENDING,pending,needs_permission,,,,RETRY_RESEARCHED_PENDING
5254,ELE-NIG-LIG-262,PCS,ML MX-667(262) 3 Pin Sensor Night Light,Electrical,,MX-667,,,PENDING,,,,,,,,,,,,,,,,,PENDING,pending,needs_permission,,,,RETRY_RESEARCHED_PENDING
5255,"ELE-PVC-CAS-2""X1""",LGTH,Kancil 2 X 1 X 6FT PVC Casing,Electrical,,6FT,,,PENDING,,,,,,,,,,,,,,,,,PENDING,pending,needs_permission,,,,RETRY_RESEARCHED_PENDING
5256,ELE-TEE-BAR-FATO-40A,LTH,Copper Tee BAR Single Phase C (1.2X5MM),Plumbing,,1.2X5MM,,,PENDING,,,,,,,,,,,,,,,,,PENDING,pending,needs_permission,,,,RETRY_RESEARCHED_PENDING
5258,"FAS-SCR-TAP-CSK-10#2""",PCK,10 X2 Csk Self Tapping Screw-flat Head (10PCS/PCK),Fasteners & Fixings,,10PCS/PCK,,,PENDING,,,,,,,,,,,,,,,,,PENDING,pending,needs_permission,,,,RETRY_RESEARCHED_PENDING
5259,FAS-SCR-ZPH-DSMHO520,PCK,Sr Zph Self Drilling Screw (20PCS/PCK) DSM-HO520,Fasteners & Fixings,,20PCS/PCK,,,PENDING,,,,,,,,,,,,,,,,,PENDING,pending,needs_permission,,,,RETRY_RESEARCHED_PENDING
5261,FIT-UPVC-FLO-110MMX80MM,PCS,U-pvc Floor Gully Trap 4 X 3,Plumbing,,110MMX80MM,,,PENDING,,,,,,,,,,,,,,,,,PENDING,pending,needs_permission,,,,RETRY_RESEARCHED_PENDING
5268,LOC-WAT-CS-508,PCS,Corsa Meter Lock,Locks & Security,,CS-508,,,PENDING,,,,,,,,,,,,,,,,,PENDING,pending,needs_permission,,,,RETRY_RESEARCHED_PENDING
5269,"NAI-LOS-HEA-1""-200G",PCK,1 Lost HD Nails 200G,Fasteners & Fixings,,,,,PENDING,,,,,,,,,,,,,,,,,PENDING,pending,needs_permission,,,,RETRY_RESEARCHED_PENDING
5270,NUM-80MM-F,PCS,Acp Alphabet 80MM - F,Signage & Numbering,,,,,PENDING,,,,,,,,,,,,,,,,,PENDING,pending,needs_permission,,,,RETRY_RESEARCHED_PENDING
5272,SHH-HOOK-4310N-NO.10,PKT,No. 10 Exori Super Strong Hook (20'S),Fishing & Tackle,,4310N,,,PENDING,,,,,,,,,,,,,,,,,PENDING,pending,needs_permission,,,,RETRY_RESEARCHED_PENDING
5273,SHH-HOOK-4310N-NO.12,PKT,No. 12 Exori Super Strong Hook (20'S),Fishing & Tackle,,4310N,,,PENDING,,,,,,,,,,,,,,,,,PENDING,pending,needs_permission,,,,RETRY_RESEARCHED_PENDING
5274,SHH-PLA-NET-NEEDLE-NO.4,PCS,Plastic Net Needle No. 4 (white),Fishing & Tackle,,NO.4,,,PENDING,,,,,,,,,,,,,,,,,PENDING,pending,needs_permission,,,,RETRY_RESEARCHED_PENDING
5275,SWI-ADA-TRA-13A,PCS,Eurosafe 13A Travel Adaptor,Electrical,,ES-277TA-2,,,PENDING,,,,,,,,,,,,,,,,,PENDING,pending,needs_permission,,,,RETRY_RESEARCHED_PENDING
5276,TAP-SKC-M22X2.00,SET,Skc Hand Tap M22 X 2.00,Plumbing,,M22,,,PENDING,,,,,,,,,,,,,,,,,PENDING,pending,needs_permission,,,,RETRY_RESEARCHED_PENDING
5277,TAP-VAL-ANGL063,PCS,Leon Brass Angle,Plumbing,,VALVE-BAV1063,,,PENDING,,,,,,,,,,,,,,,,,PENDING,pending,needs_permission,,,,RETRY_RESEARCHED_PENDING
5287,"DOR-HOO-CLO-LEO-3""",PCS,Leon S/steel Cloth HOOK-3,Doors & Hardware,,HOOK-3,,,PENDING,,,,,,,,,,,,,,,,,PENDING,pending,needs_permission,,,,RETRY_RESEARCHED_PENDING
5288,DOR-INS-MII-6172#,PCS,Mii Tct H/duty Hole Saw - 6172,Power Tool Accessories,,54MMX22MM,,,PENDING,,,,,,,,,,,,,,,,,PENDING,pending,needs_permission,,,,RETRY_RESEARCHED_PENDING
5289,DOR-LOC-CYL-SMR-3600,SET,Smr 3600V Cylindrical Lock (v/p),Locks & Security,,,,,PENDING,,,,,,,,,,,,,,,,,PENDING,pending,needs_permission,,,,RETRY_RESEARCHED_PENDING
5290,"FAS-SCR-DRY-BLA-6#1-1/4""",PCK,Hunter/bk - Drywall Screw 6 (20PCS/PCK) X1-1/4,Fasteners & Fixings,,20PCS/PCK,,,PENDING,,,,,,,,,,,,,,,,,PENDING,pending,needs_permission,,,,RETRY_RESEARCHED_PENDING
5292,"FIT-SS232-ELB-1/2""-SUS304",PCS,SS Equal Elbow 1/2,Plumbing,,SS232,,,PENDING,,,,,,,,,,,,,,,,,PENDING,pending,needs_permission,,,,RETRY_RESEARCHED_PENDING
5293,FIT-UPVC-BEN-ELB-45-50MM,PCS,U-pvc Bend (elbow) 50MM 2 45-DEG,Plumbing,,45-DEG,,,PENDING,,,,,,,,,,,,,,,,,PENDING,pending,needs_permission,,,,RETRY_RESEARCHED_PENDING
5298,KGR-SOL-0.5LIT,TIN,500ML 508 High Solid Pva Glue,Chemicals & Adhesives,,,,,PENDING,,,,,,,,,,,,,,,,,PENDING,pending,needs_permission,,,,RETRY_RESEARCHED_PENDING
5299,LOC-SAN-SHA-PB26550MM,PCS,Sanlock Pb Pad 50MM Long Shackle,Lifting & Rigging,,LOCK-265,,,PENDING,,,,,,,,,,,,,,,,,PENDING,pending,needs_permission,,,,RETRY_RESEARCHED_PENDING
5302,SHH-HOO-1920SS4,PKT,No. 4 Eupro Fishing Hook (8'S),Fishing & Tackle,,1920-SS,,,PENDING,,,,,,,,,,,,,,,,,PENDING,pending,needs_permission,,,,RETRY_RESEARCHED_PENDING
5303,STO-MOU-W196-16X25,PCS,Mounted Stone:k-prix Korea W196 (16X25),Abrasives & Cutting,,W196,,,PENDING,,,,,,,,,,,,,,,,,PENDING,pending,needs_permission,,,,RETRY_RESEARCHED_PENDING
5304,TRA-SOC-GTE-3G-28060023,PCS,Green 3G Trailing Socket,Electrical,,NEON-2M,,,PENDING,,,,,,,,,,,,,,,,,PENDING,pending,needs_permission,,,,RETRY_RESEARCHED_PENDING
5307,BNW-B&N-RBN-106,PCK,Sr G. I Boit & Nut 3/16 X 3/4 (8PCS/PCK),Fasteners & Fixings,,8PCS/PCK,,,PENDING,,,,,,,,,,,,,,,,,PENDING,pending,needs_permission,,,,RETRY_RESEARCHED_PENDING
5309,ELE-KNI-BS-303181-STRAIGT,PCS,Bosi (BS-303181) Electrician's Knife (straigt),Electrical,,BS-303181,,,PENDING,,,,,,,,,,,,,,,,,PENDING,pending,needs_permission,,,,RETRY_RESEARCHED_PENDING
5310,"FAS-SCR-3""-DSM-HRW 675",PCK,"Metal Spandex Screw 3""- Dsm-hrw 675(50PCS/PCK)",Fasteners & Fixings,,50PCS/PCK,,,PENDING,,,,,,,,,,,,,,,,,PENDING,pending,needs_permission,,,,RETRY_RESEARCHED_PENDING
5311,"FAS-SCR-F/H-2"" X 8#",PKT,Sr F/h Self Drilling Screw 2 X 8 (20PCS/PCK),Fasteners & Fixings,,20PCS/PCK,,,PENDING,,,,,,,,,,,,,,,,,PENDING,pending,needs_permission,,,,RETRY_RESEARCHED_PENDING
5317,"NAI-CON-GAL-2.1/2""-PCK",PCK,2-1/2 Galvanised Steel Nail- (20PCS/PCK),Fasteners & Fixings,,20PCS/PCK,,,PENDING,,,,,,,,,,,,,,,,,PENDING,pending,needs_permission,,,,RETRY_RESEARCHED_PENDING
5319,SHH-LINE-WHI-NO.25,PCS,(bs)long White M. L No. 25,Fishing & Tackle,,NO.25,,,PENDING,,,,,,,,,,,,,,,,,PENDING,pending,needs_permission,,,,RETRY_RESEARCHED_PENDING
5320,SIN-TAP-PIL-QXY-DP-PT-7558,PCS,QXY-DP-PT-7558-1L: Double Pipe Pillar Sink Tap -single Flexible,Plumbing,,QXY-DP-PT-7558-1L,,,PENDING,,,,,,,,,,,,,,,,,PENDING,pending,needs_permission,,,,RETRY_RESEARCHED_PENDING
5321,SWI-KAT-BRE-KT316,PCS,Katko Load Break Isolating Switch KT316,Electrical,,KT316,,,PENDING,,,,,,,,,,,,,,,,,PENDING,pending,needs_permission,,,,RETRY_RESEARCHED_PENDING
5322,SWI-POL-1WAY-1GANG,PCS,Pol 1GANG 1WAY Switch Socket,Electrical,,1GANG,,,PENDING,,,,,,,,,,,,,,,,,PENDING,pending,needs_permission,,,,RETRY_RESEARCHED_PENDING
5323,SWI-SOC-MK-5G1W-S8875,PCS,Mk 10AX 5G1W Switch -slimline Plus,Electrical,,10AX,,,PENDING,,,,,,,,,,,,,,,,,PENDING,pending,needs_permission,,,,RETRY_RESEARCHED_PENDING
5325,AER-6UT66,PCS,Aerico 6UT66,Other,,6UT66,,,PENDING,,,,,,,,,,,,,,,,,PENDING,pending,needs_permission,,,,RETRY_RESEARCHED_PENDING
5326,AIR-DUS-PVC-LX02,PCS,AD02 PVC Air Duster,Automotive,,AD02,,,PENDING,,,,,,,,,,,,,,,,,PENDING,pending,needs_permission,,,,RETRY_RESEARCHED_PENDING
5329,CAR-WAS-SHI-500ML,PCS,Aa Car Care Wash&shine (premium) 500ML,Automotive,,,,,PENDING,,,,,,,,,,,,,,,,,PENDING,pending,needs_permission,,,,RETRY_RESEARCHED_PENDING
5331,CUT-TIL-JTC-450MM,SET,Rockey Tile Cutter Machine 518 450MM,Flooring,,,,,PENDING,,,,,,,,,,,,,,,,,PENDING,pending,needs_permission,,,,RETRY_RESEARCHED_PENDING
5332,CUT-TILE-AR650,SET,650MM Aracut Tile Cutting Machine,Flooring,,,,,PENDING,,,,,,,,,,,,,,,,,PENDING,pending,needs_permission,,,,RETRY_RESEARCHED_PENDING
5334,"DRI-AUG-BIT-NO.1""",PCS,1 No. 1 Star-m Auger Bit (b),Power Tool Accessories,,NO.1,,,PENDING,,,,,,,,,,,,,,,,,PENDING,pending,needs_permission,,,,RETRY_RESEARCHED_PENDING
5336,FAS-SCR-DS650HW-MET-PCK,PCK,12 X 2 Self Drilling Screw (50PCS/PCK),Fasteners & Fixings,,50PCS/PCK,,,PENDING,,,,,,,,,,,,,,,,,PENDING,pending,needs_permission,,,,RETRY_RESEARCHED_PENDING
5338,"FIT-SS232-ELB-3/4""-SUS304",PCS,SS Equal Elbow 3/4,Plumbing,,SS232,,,PENDING,,,,,,,,,,,,,,,,,PENDING,pending,needs_permission,,,,RETRY_RESEARCHED_PENDING
5339,FIT-UPVC-BEN-ELB-45-82MM,PCS,U-pvc Bend (elbow) 82MM 3 45-DEG,Plumbing,,45-DEG,,,PENDING,,,,,,,,,,,,,,,,,PENDING,pending,needs_permission,,,,RETRY_RESEARCHED_PENDING
5342,GUM-HAR-HE4251,PCS,Valve Griding Paste: Hardex HE4251(F),Plumbing,,HE4251,,,PENDING,,,,,,,,,,,,,,,,,PENDING,pending,needs_permission,,,,RETRY_RESEARCHED_PENDING
5343,GUM-HAR-HE4252,PCS,Valve Griding Paste: Hardex HE4252(C),Plumbing,,HE4252,,,PENDING,,,,,,,,,,,,,,,,,PENDING,pending,needs_permission,,,,RETRY_RESEARCHED_PENDING
5344,"NAI-LOS-HEA-1""-500G",PCK,1 Lost HD Nails 500G,Fasteners & Fixings,,,,,PENDING,,,,,,,,,,,,,,,,,PENDING,pending,needs_permission,,,,RETRY_RESEARCHED_PENDING
5346,SHH-FIG-BRA-LIN-4X-10LB,PCS,Shuttle 4X Braided Line 100M (10LB) (dark Green),Fishing & Tackle,,10LB,,,PENDING,,,,,,,,,,,,,,,,,PENDING,pending,needs_permission,,,,RETRY_RESEARCHED_PENDING
5347,SHH-FIG-BRA-LIN-4X-30LB,PCS,Shuttle 4X Braided Line 100M (30LB) (dark Green),Fishing & Tackle,,30LB,,,PENDING,,,,,,,,,,,,,,,,,PENDING,pending,needs_permission,,,,RETRY_RESEARCHED_PENDING
5348,SHH-FIG-BRA-LIN-4X-50LB,PCS,Shuttle 4X Braided Line 100M (50LB) (dark Green),Fishing & Tackle,,50LB,,,PENDING,,,,,,,,,,,,,,,,,PENDING,pending,needs_permission,,,,RETRY_RESEARCHED_PENDING
5349,STO-MOU-A38-25X25,PCS,Mounted Stone:k-prix Korea A38 (25X25),Abrasives & Cutting,,A38,,,PENDING,,,,,,,,,,,,,,,,,PENDING,pending,needs_permission,,,,RETRY_RESEARCHED_PENDING
5350,SWI-T/SOC-FLE-914-5M-4G5M,SET,Fle T/skt Sp ** TC-4GL-540B 914-5M,Electrical,,TC-4GL-540B,,,PENDING,,,,,,,,,,,,,,,,,PENDING,pending,needs_permission,,,,RETRY_RESEARCHED_PENDING
5351,SWI-T/SOC-GONGN-4G3M,PCS,Gongniu 4 GANG Trailing Surge Protector (E304T),Electrical,,E304T,,,PENDING,,,,,,,,,,,,,,,,,PENDING,pending,needs_permission,,,,RETRY_RESEARCHED_PENDING
5352,TOO-CHI-CON-W3151A,PCS,Concrete Pointed Chisel (16*250MM),Hand Tools,,16*250MM,,,PENDING,,,,,,,,,,,,,,,,,PENDING,pending,needs_permission,,,,RETRY_RESEARCHED_PENDING
5353,VAL-CAB-CB5100,UNIT,Cabana Angle Valve CB5100,Plumbing,,CB5100,,,PENDING,,,,,,,,,,,,,,,,,PENDING,pending,needs_permission,,,,RETRY_RESEARCHED_PENDING
5354,VAL-CAB-CB9100,UNIT,Cabana Angle Valve CB9100,Plumbing,,CB9100,,,PENDING,,,,,,,,,,,,,,,,,PENDING,pending,needs_permission,,,,RETRY_RESEARCHED_PENDING
5356,BRA-COR-B300,PCS,B300 1/2 Dn 15B Brass Core Parts,Plumbing,,B300,,,PENDING,,,,,,,,,,,,,,,,,PENDING,pending,needs_permission,,,,RETRY_RESEARCHED_PENDING
5359,"CLI-HOS-GP-3.1/2""",PCS,Gp S/steel Hose CLIP-3.1/2 (65-89MM),Outdoor & Garden,,CLIP-3.1/2,,,PENDING,,,,,,,,,,,,,,,,,PENDING,pending,needs_permission,,,,RETRY_RESEARCHED_PENDING
5360,DOR-DEA-BOL-LEO-301SS,PCS,Leon Deadbolt,Locks & Security,,LOCK-L301SS,,,PENDING,,,,,,,,,,,,,,,,,PENDING,pending,needs_permission,,,,RETRY_RESEARCHED_PENDING
5361,DRI-AUG-2WAY-12MM,PCS,T&t 2WAY Auger BIT-1/2,Power Tool Accessories,,2WAY,,,PENDING,,,,,,,,,,,,,,,,,PENDING,pending,needs_permission,,,,RETRY_RESEARCHED_PENDING
5365,"FIT-YG237-SOC-1/4""-BRA",PCS,Brass Equal Socket 1/4,Electrical,,YG237,,,PENDING,,,,,,,,,,,,,,,,,PENDING,pending,needs_permission,,,,RETRY_RESEARCHED_PENDING
5366,FLO-PVC-502-26-25MTR,MTR,Ekonor 0.55MM Flooring 25MTR -502-26,Flooring,,25MTR,,,PENDING,,,,,,,,,,,,,,,,,PENDING,pending,needs_permission,,,,RETRY_RESEARCHED_PENDING
5376,SHH-HOOK-4310N-NO.2,PKT,No. 2 Exori Super Strong Hook (20'S),Fishing & Tackle,,4310N,,,PENDING,,,,,,,,,,,,,,,,,PENDING,pending,needs_permission,,,,RETRY_RESEARCHED_PENDING
5377,SHH-REEL-FS3000,PCS,Sealand Fighter Reel W/line,Fishing & Tackle,,FS3000,,,PENDING,,,,,,,,,,,,,,,,,PENDING,pending,needs_permission,,,,RETRY_RESEARCHED_PENDING
5378,SOC-PG9-GEW,PCS,PG9 Gewiss GW52002,Other,,PG9,,,PENDING,,,,,,,,,,,,,,,,,PENDING,pending,needs_permission,,,,RETRY_RESEARCHED_PENDING
5379,SWI-POL-1WAY-2GANG,PCS,Pol 1GANG 2WAY Switch Socket,Electrical,,1GANG,,,PENDING,,,,,,,,,,,,,,,,,PENDING,pending,needs_permission,,,,RETRY_RESEARCHED_PENDING
5380,TAP-CAB-CB1530S-BL,PCS,Cabana S/steel 304 Pillar Mounted Kitchen Tap,Plumbing,,CAB-CB1530S-BL,,,PENDING,,,,,,,,,,,,,,,,,PENDING,pending,needs_permission,,,,RETRY_RESEARCHED_PENDING
5381,TAP-SKC-M20X1.50,SET,Skc Hand Tap M20 X 1.50,Plumbing,,M20,,,PENDING,,,,,,,,,,,,,,,,,PENDING,pending,needs_permission,,,,RETRY_RESEARCHED_PENDING
5382,TAP-SKC-M20X2.00,SET,Skc Hand Tap M20 X 2.00,Plumbing,,M20,,,PENDING,,,,,,,,,,,,,,,,,PENDING,pending,needs_permission,,,,RETRY_RESEARCHED_PENDING
5387,"ACE-NUTS-5/16""X38MM",PCS,"Ace Brand Bsw Hexagon Long Nuts LN-5/16""X38MM",Fasteners & Fixings,,LN-5/16,,,PENDING,,,,,,,,,,,,,,,,,PENDING,pending,needs_permission,,,,RETRY_RESEARCHED_PENDING
5389,CAB-LUG-10-8,PCK,Cable Lug 10-8 (10PCS/PCK),Electrical,,10PCS/PCK,,,PENDING,,,,,,,,,,,,,,,,,PENDING,pending,needs_permission,,,,RETRY_RESEARCHED_PENDING
5390,CAB-LUG-300AMP,PCK,Cable Lug (white) 300AMP 2PCS/PCK,Electrical,,300AMP,,,PENDING,,,,,,,,,,,,,,,,,PENDING,pending,needs_permission,,,,RETRY_RESEARCHED_PENDING
5391,ELE-SOL-TIN1MM17G,PCS,Soldering Tin 1.0MM 17G,Electrical,,W3089,,,PENDING,,,,,,,,,,,,,,,,,PENDING,pending,needs_permission,,,,RETRY_RESEARCHED_PENDING
5393,"FIT-HDPE-ADA-FEM-20MMX3/4""",PCS,HDPE Adaptor Female 20MMX3/4,Plumbing,,20MMX3/4,,,PENDING,,,,,,,,,,,,,,,,,PENDING,pending,needs_permission,,,,RETRY_RESEARCHED_PENDING
5395,GRA-CAB-CB6633,UNIT,Cabana Floor Trap (6X6),Plumbing,,6X6,,,PENDING,,,,,,,,,,,,,,,,,PENDING,pending,needs_permission,,,,RETRY_RESEARCHED_PENDING
5400,IND-PLU-BOB-600G-PCK,PCS,600G Plumb Bobs (pack),Building Materials,,,,,PENDING,,,,,,,,,,,,,,,,,PENDING,pending,needs_permission,,,,RETRY_RESEARCHED_PENDING
5402,KGR-KIM-300ML-9214,TIN,300ML Kangaroo Kimtone 9214,Paint & Sundries,,,,,PENDING,,,,,,,,,,,,,,,,,PENDING,pending,needs_permission,,,,RETRY_RESEARCHED_PENDING
5403,LOC-APL-99-50MM,PCS,Armor Anti-cut Padlock APL-99-50MM,Locks & Security,,APL-99-50MM,,,PENDING,,,,,,,,,,,,,,,,,PENDING,pending,needs_permission,,,,RETRY_RESEARCHED_PENDING
5408,SHH-FROG-HLK30,PCS,Fishing Tackle Lures,Fishing & Tackle,,HLK30,,,PENDING,,,,,,,,,,,,,,,,,PENDING,pending,needs_permission,,,,RETRY_RESEARCHED_PENDING
5409,SHH-HOO-MS4310-NO.1/0,PCK,No. 1/0 Eupro Fishing Hook (9'S),Fishing & Tackle,,1920-SS,,,PENDING,,,,,,,,,,,,,,,,,PENDING,pending,needs_permission,,,,RETRY_RESEARCHED_PENDING
5410,SHH-HOOK-12146BN-1,PKT,No. 1 Hytac Hook 14'S,Fishing & Tackle,,12146BN,,,PENDING,,,,,,,,,,,,,,,,,PENDING,pending,needs_permission,,,,RETRY_RESEARCHED_PENDING
5411,SHH-HOOK-12146BN-1/0,PKT,No. 1/0 Hytac Hook 18'S,Fishing & Tackle,,12146BN,,,PENDING,,,,,,,,,,,,,,,,,PENDING,pending,needs_permission,,,,RETRY_RESEARCHED_PENDING
5412,SHH-HOOK-4310N-NO.3/0,PKT,No. 3/0 Exori Super Strong Hook (10'S),Fishing & Tackle,,4310N,,,PENDING,,,,,,,,,,,,,,,,,PENDING,pending,needs_permission,,,,RETRY_RESEARCHED_PENDING
5413,SHH-HOOK-9290BN16,PKT,Sode Hook No. 16(10'S),Fishing & Tackle,,9290BN,,,PENDING,,,,,,,,,,,,,,,,,PENDING,pending,needs_permission,,,,RETRY_RESEARCHED_PENDING
5414,SHH-SPOOL-107,PCS,Fishing Spool HP-107,Fishing & Tackle,,HP-107,,,PENDING,,,,,,,,,,,,,,,,,PENDING,pending,needs_permission,,,,RETRY_RESEARCHED_PENDING
5415,SWI-T/BOX-940AF,SET,Extension Box 9 Meter,Electrical,,PP100-940AF,,,PENDING,,,,,,,,,,,,,,,,,PENDING,pending,needs_permission,,,,RETRY_RESEARCHED_PENDING
5416,TAP-NOZ-C888,CARD,"C888 Tap Nozzle 1/2""X1/2",Power Tool Accessories,,C888,,,PENDING,,,,,,,,,,,,,,,,,PENDING,pending,needs_permission,,,,RETRY_RESEARCHED_PENDING
5417,TOO-DRV-MAG-M865,PCS,Spandek Screw Adaptor M8X65MM,Fasteners & Fixings,,M8X65MM,,,PENDING,,,,,,,,,,,,,,,,,PENDING,pending,needs_permission,,,,RETRY_RESEARCHED_PENDING
5419,TOO-WRE-3WAY-141719,PCS,3 Way Spanner 14X17X19,Hand Tools,,14X17X19,,,PENDING,,,,,,,,,,,,,,,,,PENDING,pending,needs_permission,,,,RETRY_RESEARCHED_PENDING
5422,COC-STO-RA2T-G511B,PCS,Stopvalve RA2T Truflo,Plumbing,,RA2T,,,PENDING,,,,,,,,,,,,,,,,,PENDING,pending,needs_permission,,,,RETRY_RESEARCHED_PENDING
5423,"DOR-FLU-SGD-36610""",PCS,10 SS St. Guchi Flush Bolt,Fasteners & Fixings,,SGDB-36610,,,PENDING,,,,,,,,,,,,,,,,,PENDING,pending,needs_permission,,,,RETRY_RESEARCHED_PENDING
5424,"DOR-H&S-LEO-2""",DOZ,Leon S/steel Hasp & STAPLE-2,Fasteners & Fixings,,STAPLE-2,,,PENDING,,,,,,,,,,,,,,,,,PENDING,pending,needs_permission,,,,RETRY_RESEARCHED_PENDING
5428,"FIT-YG237-SOC-3/4""-BRA",PCS,Brass Equal Socket 3/4,Electrical,,YG237,,,PENDING,,,,,,,,,,,,,,,,,PENDING,pending,needs_permission,,,,RETRY_RESEARCHED_PENDING
5431,HOS-CON-ADA-PI7-326#,PCS,PI7 Hose CONNECTOR-326,Outdoor & Garden,,PI7,,,PENDING,,,,,,,,,,,,,,,,,PENDING,pending,needs_permission,,,,RETRY_RESEARCHED_PENDING
5437,SHH-SINKER-HOLE-NO.1,PCK,Hole Sinker No. 1 (10PCS/PCK),Fishing & Tackle,,10PCS/PCK,,,PENDING,,,,,,,,,,,,,,,,,PENDING,pending,needs_permission,,,,RETRY_RESEARCHED_PENDING
5438,SHH-SINKER-NO.3,PCK,Single Head Sinker No. 3 (2PCS/PCK),Fishing & Tackle,,2PCS/PCK,,,PENDING,,,,,,,,,,,,,,,,,PENDING,pending,needs_permission,,,,RETRY_RESEARCHED_PENDING
5439,SHH-SWIVEL-SNAP-NO.12,PKT,Nickel Snap Swivel No. 12,Fishing & Tackle,,NO.12,,,PENDING,,,,,,,,,,,,,,,,,PENDING,pending,needs_permission,,,,RETRY_RESEARCHED_PENDING
5441,SWI-SOC-ULT-M000MG,PCS,Ultra 1 GANG Blank Plate-matte Grey (M000MG),Electrical,,M000MG,,,PENDING,,,,,,,,,,,,,,,,,PENDING,pending,needs_permission,,,,RETRY_RESEARCHED_PENDING
5442,SWI-T/SOC-FLE-913-5M3G,SET,Fle T/skt Sp ** TC-3GL-540B 913-5M,Electrical,,TC-3GL-540B,,,PENDING,,,,,,,,,,,,,,,,,PENDING,pending,needs_permission,,,,RETRY_RESEARCHED_PENDING
5443,SWI-T/SOC-FLE-915-3M5G,SET,Fle T/skt Sp TC-5GL-340B 915-3M,Electrical,,TC-5GL-340B,,,PENDING,,,,,,,,,,,,,,,,,PENDING,pending,needs_permission,,,,RETRY_RESEARCHED_PENDING
5444,TAP-SKC-M20X2.50,SET,Skc Hand Tap M20 X 2.50,Plumbing,,M20,,,PENDING,,,,,,,,,,,,,,,,,PENDING,pending,needs_permission,,,,RETRY_RESEARCHED_PENDING
5446,TRCK-(0.40MM)-75MM-10FTS,PCS,Track (0.40MM)75MM X 25MM X 3000MM -10FTS,Other,,10FTS,,,PENDING,,,,,,,,,,,,,,,,,PENDING,pending,needs_permission,,,,RETRY_RESEARCHED_PENDING
5447,X-SWI-ADA-NEO-3WAY-SMA,PCS,Kingsway 13A 3WAY Adaptor Neon 940N SIRIM,Electrical,,3WAY,,,PENDING,,,,,,,,,,,,,,,,,PENDING,pending,needs_permission,,,,RETRY_RESEARCHED_PENDING
5454,"DOR-FLU-SGD-36612""",PCS,12 SS St. Guchi Flush Bolt SGDB-36612,Fasteners & Fixings,,SGDB-36612,,,PENDING,,,,,,,,,,,,,,,,,PENDING,pending,needs_permission,,,,RETRY_RESEARCHED_PENDING
5455,HEA-SPA-FAUCET-L661,PCS,L661 Faucet Spare Head,Other,,L661,,,PENDING,,,,,,,,,,,,,,,,,PENDING,pending,needs_permission,,,,RETRY_RESEARCHED_PENDING
5458,NAI-SQU-SUP-075MM-1KG,PKG,E. G Square Boat Nail 75MM - 1KGS,Fasteners & Fixings,,1KGS,,,PENDING,,,,,,,,,,,,,,,,,PENDING,pending,needs_permission,,,,RETRY_RESEARCHED_PENDING
5460,REC--SQL-1200V,PCS,Rectifier 1200V,Other,,SQL-100A,,,PENDING,,,,,,,,,,,,,,,,,PENDING,pending,needs_permission,,,,RETRY_RESEARCHED_PENDING
5462,SHH-BOX-ETB120,PCS,120 Exori Tackle Box (11.5CM X 7.5CM X3CM),Fishing & Tackle,,X3CM,,,PENDING,,,,,,,,,,,,,,,,,PENDING,pending,needs_permission,,,,RETRY_RESEARCHED_PENDING
5463,SPR-GRE-SW-99,CAN,400ML Starwill Spray Grease -SW-99,Fasteners & Fixings,,SW-99,,,PENDING,,,,,,,,,,,,,,,,,PENDING,pending,needs_permission,,,,RETRY_RESEARCHED_PENDING
5465,SWI-T/SOC-EUR-8744-4G,SET,Dlx 4 GANG T-adaptor (sirim),Electrical,,D204TN,,,PENDING,,,,,,,,,,,,,,,,,PENDING,pending,needs_permission,,,,RETRY_RESEARCHED_PENDING
5466,TOO-MAG-BIT-26173,PCS,Br 1020 Magnetic Power Bits (10PCS/PACK),Power Tools,,10PCS/PACK,,,PENDING,,,,,,,,,,,,,,,,,PENDING,pending,needs_permission,,,,RETRY_RESEARCHED_PENDING
5472,CLI-MET,PCK,Metal Clip 500GRM,Other,,500GRM,,,PENDING,,,,,,,,,,,,,,,,,PENDING,pending,needs_permission,,,,RETRY_RESEARCHED_PENDING
5473,ELE-D/L-HGD603-18W-3CLR,PCS,Hms Downlite Hgd 3CLR,Electrical,,3CLR,,,PENDING,,,,,,,,,,,,,,,,,PENDING,pending,needs_permission,,,,RETRY_RESEARCHED_PENDING
5477,"FIT-SS225-BUS-3/4""X1/2""-SUS304",PCS,"SS Hex Bushing 3/4""X1/2",Plumbing,,X1/2,,,PENDING,,,,,,,,,,,,,,,,,PENDING,pending,needs_permission,,,,RETRY_RESEARCHED_PENDING
5478,FIT-UPVC-BEN-ELB-45-32MM,PCS,U-pvc Bend (elbow) 32MM 1-1/4 45-DEG,Plumbing,,45-DEG,,,PENDING,,,,,,,,,,,,,,,,,PENDING,pending,needs_permission,,,,RETRY_RESEARCHED_PENDING
5479,"FIT-YG232-ELB-3/4""-BRA",PCS,Brass Equal Elbow 3/4,Plumbing,,YG232,,,PENDING,,,,,,,,,,,,,,,,,PENDING,pending,needs_permission,,,,RETRY_RESEARCHED_PENDING
5482,IND-CEM-750G-WHI,CAN,750G Scin-flex Tile Grout 301(WHITE),Chemicals & Adhesives,,,,,PENDING,,,,,,,,,,,,,,,,,PENDING,pending,needs_permission,,,,RETRY_RESEARCHED_PENDING
5485,NAI-AIR-LEO-T45,BOX,Leo Air Nail - T45,Fasteners & Fixings,,T45,,,PENDING,,,,,,,,,,,,,,,,,PENDING,pending,needs_permission,,,,RETRY_RESEARCHED_PENDING
5487,NAI-CON-ST38,BOX,Concrete NAIL-ST38,Fasteners & Fixings,,NAIL-ST38,,,PENDING,,,,,,,,,,,,,,,,,PENDING,pending,needs_permission,,,,RETRY_RESEARCHED_PENDING
5488,NAI-CON-ST45,BOX,Concrete NAIL-ST45,Fasteners & Fixings,,NAIL-ST45,,,PENDING,,,,,,,,,,,,,,,,,PENDING,pending,needs_permission,,,,RETRY_RESEARCHED_PENDING
5491,PIP-EXT-M255,PCS,M255 Pipe Extractor 1/2,Plumbing,,M255,,,PENDING,,,,,,,,,,,,,,,,,PENDING,pending,needs_permission,,,,RETRY_RESEARCHED_PENDING
5493,SHH-SWIVEL-NO.4,PKT,Nickel Swivel No. 4,Fishing & Tackle,,NO.4,,,PENDING,,,,,,,,,,,,,,,,,PENDING,pending,needs_permission,,,,RETRY_RESEARCHED_PENDING
5494,SHH-SWIVEL-NO.8,PKT,Nickel Swivel No. 8,Fishing & Tackle,,NO.8,,,PENDING,,,,,,,,,,,,,,,,,PENDING,pending,needs_permission,,,,RETRY_RESEARCHED_PENDING
5495,SIN-BAS-VIP-NO.46,PCS,No. 46 Vip Basin Waste (rotate),Plumbing,,NO.46,,,PENDING,,,,,,,,,,,,,,,,,PENDING,pending,needs_permission,,,,RETRY_RESEARCHED_PENDING
5496,STO-MOU-A25-25X25,PCS,Mounted Stone:k-prix Korea A25 (25X25),Abrasives & Cutting,,A25,,,PENDING,,,,,,,,,,,,,,,,,PENDING,pending,needs_permission,,,,RETRY_RESEARCHED_PENDING
5498,SWI-SOC-ULT-M061W,PCS,Ultra 16A 1 GANG Doorbell Switch-white (M061W),Electrical,,M061W,,,PENDING,,,,,,,,,,,,,,,,,PENDING,pending,needs_permission,,,,RETRY_RESEARCHED_PENDING
5508,ELE-CAB-WIR-1.5-YELLOW*,MTR,"Win PVC Cable, Yellow 100M",Electrical,,1.5MM2,,,PENDING,,,,,,,,,,,,,,,,,PENDING,pending,needs_permission,,,,RETRY_RESEARCHED_PENDING
5509,ELE-PLUG-TIMER-WHI-BND50*,PCS,Eurosafe 13A 24HR Plug Timer,Electrical,,24HR,,,PENDING,,,,,,,,,,,,,,,,,PENDING,pending,needs_permission,,,,RETRY_RESEARCHED_PENDING
5510,ELE-PVC-BOX-TC4X6,EA,Tc 4X6 PVC Enclosure Box,Electrical,,4X6,,,PENDING,,,,,,,,,,,,,,,,,PENDING,pending,needs_permission,,,,RETRY_RESEARCHED_PENDING
5511,"FAS-SCR-TAP-PAN-8#1""",PACK,8 X1 Ph Self Tapping Screw-pan Head (20PCS/PCK)),Fasteners & Fixings,,20PCS/PCK,,,PENDING,,,,,,,,,,,,,,,,,PENDING,pending,needs_permission,,,,RETRY_RESEARCHED_PENDING
5512,FAS-SCR-ZPH-DSMHO516,PCK,Sr Zph Self Drilling Screw (20PCS/PCK) DSM-HO516,Fasteners & Fixings,,20PCS/PCK,,,PENDING,,,,,,,,,,,,,,,,,PENDING,pending,needs_permission,,,,RETRY_RESEARCHED_PENDING
5513,"FIT-SS237-SOC-3/4""-SUS304",PCS,SS Equal Socket 3/4,Electrical,,SS237,,,PENDING,,,,,,,,,,,,,,,,,PENDING,pending,needs_permission,,,,RETRY_RESEARCHED_PENDING
5514,FIT-UPVC-FLO-110MMX50MM,PCS,U-pvc Floor Gully Trap 4 X 2,Plumbing,,110MMX50MM,,,PENDING,,,,,,,,,,,,,,,,,PENDING,pending,needs_permission,,,,RETRY_RESEARCHED_PENDING
5517,GUN-CAU-H/D-Y93,PCS,Alitool Caulking Gun - Y93,Fasteners & Fixings,,Y93,,,PENDING,,,,,,,,,,,,,,,,,PENDING,pending,needs_permission,,,,RETRY_RESEARCHED_PENDING
5518,GUN-WUF-F75S,SET,Wufu Spray Gun (F-75S),Power Tool Accessories,,F-75S,,,PENDING,,,,,,,,,,,,,,,,,PENDING,pending,needs_permission,,,,RETRY_RESEARCHED_PENDING
5520,HOS-NOZ-TWN-ECO-EG2012,PCS,Ecogreen-snap-in Twist Nozzle EG2012/5,Power Tool Accessories,,EG2012/5,,,PENDING,,,,,,,,,,,,,,,,,PENDING,pending,needs_permission,,,,RETRY_RESEARCHED_PENDING
5524,PAI-TIG-250ML-ALUM,DOZ,250ML Tiger G. P 203 Aluminium (DOZ),Paint & Sundries,,,,,PENDING,,,,,,,,,,,,,,,,,PENDING,pending,needs_permission,,,,RETRY_RESEARCHED_PENDING
5525,RAI-COA-SUP-XXXL,PCS,Supersonic PVC Rain Coat : 3XL,Curtains & Blinds,,3XL,,,PENDING,,,,,,,,,,,,,,,,,PENDING,pending,needs_permission,,,,RETRY_RESEARCHED_PENDING
5528,SHH-FISH-NET-0.15D-20MM-50MD/5A,PCS,"20MM (3/4"") 50MD (3') /5A",Fishing & Tackle,,50MD,,,PENDING,,,,,,,,,,,,,,,,,PENDING,pending,needs_permission,,,,RETRY_RESEARCHED_PENDING
5529,SHH-HOOK-1920SS7/0,PKT,No. 7/0 Eupro Fishing Hook (5'S),Fishing & Tackle,,1920-SS,,,PENDING,,,,,,,,,,,,,,,,,PENDING,pending,needs_permission,,,,RETRY_RESEARCHED_PENDING
5530,SHH-HOOK-4310N-NO.1,PKT,No. 1 Exori Super Strong Hook (20'S),Fishing & Tackle,,4310N,,,PENDING,,,,,,,,,,,,,,,,,PENDING,pending,needs_permission,,,,RETRY_RESEARCHED_PENDING
5531,STO-MOU-M4-26X27,PCS,Mounted Stone:k-prix Korea M4 (26X27),Abrasives & Cutting,,26X27,,,PENDING,,,,,,,,,,,,,,,,,PENDING,pending,needs_permission,,,,RETRY_RESEARCHED_PENDING
5533,SWI-POL-4GANG-1WAY,PCS,Pol 4GANG 1WAY Switch Socket,Electrical,,4GANG,,,PENDING,,,,,,,,,,,,,,,,,PENDING,pending,needs_permission,,,,RETRY_RESEARCHED_PENDING
5536,X-DOR-LOC-CYL-6871SS,SET,Plus A-class Cylindrical Lock,Locks & Security,,6871SS,,,PENDING,,,,,,,,,,,,,,,,,PENDING,pending,needs_permission,,,,RETRY_RESEARCHED_PENDING
5537,X-FLO-MOC-BR6301,PCS,BR6301 300X600MM,Power Tools,,BR6301,,,PENDING,,,,,,,,,,,,,,,,,PENDING,pending,needs_permission,,,,RETRY_RESEARCHED_PENDING
5538,X-FLO-MOC-BR6302,PCS,BR6302 300X600MM,Power Tools,,BR6302,,,PENDING,,,,,,,,,,,,,,,,,PENDING,pending,needs_permission,,,,RETRY_RESEARCHED_PENDING
5542,CUT-DIS-HIT-16X25.4MM,PCS,Cut Off Wheel 16 (402X3X25.4MM),Abrasives & Cutting,,402X3X25.4MM,,,PENDING,,,,,,,,,,,,,,,,,PENDING,pending,needs_permission,,,,RETRY_RESEARCHED_PENDING
5544,CUT-TIL-NYL-5.0MM,PACK,5.0MM PVC Cross Tiles Spacer (200PCS+/-),Abrasives & Cutting,,200PCS+/-,,,PENDING,,,,,,,,,,,,,,,,,PENDING,pending,needs_permission,,,,RETRY_RESEARCHED_PENDING
5546,DRI-AUG-2WAY-06MM,PCS,T&t 2WAY Auger BIT-1/4,Power Tool Accessories,,2WAY,,,PENDING,,,,,,,,,,,,,,,,,PENDING,pending,needs_permission,,,,RETRY_RESEARCHED_PENDING
5547,"DRI-AUG-BIT-NO.1/2""",PCS,1/2 No. 1 Star-m Auger Bit (b),Power Tool Accessories,,NO.1,,,PENDING,,,,,,,,,,,,,,,,,PENDING,pending,needs_permission,,,,RETRY_RESEARCHED_PENDING
5548,"FAS-SCR-TAP-CSK-8#1 1/2""",PACK,8 X1-1/2 Csk Self Tapping Screw - Flat Head (10PCS/PCK),Fasteners & Fixings,,X1-1/2,,,PENDING,,,,,,,,,,,,,,,,,PENDING,pending,needs_permission,,,,RETRY_RESEARCHED_PENDING
5550,FIT-PVC-SOC-REC-20MMX15MM,PCS,"PVC Fitting Soc Red 3/4""X1/2",Plumbing,,X1/2,,,PENDING,,,,,,,,,,,,,,,,,PENDING,pending,needs_permission,,,,RETRY_RESEARCHED_PENDING
5551,"FIT-SS232R-ELB-REC-3/4""X1/2""-SUS304",PCS,"SS Reducing Elbow 3/4""X1/2",Plumbing,,X1/2,,,PENDING,,,,,,,,,,,,,,,,,PENDING,pending,needs_permission,,,,RETRY_RESEARCHED_PENDING
5552,"FIT-YG245-NIP-1/4""-BRA",PCS,Brass Equal Nipple 1/4,Plumbing,,YG245,,,PENDING,,,,,,,,,,,,,,,,,PENDING,pending,needs_permission,,,,RETRY_RESEARCHED_PENDING
5558,KOYA-REM-MOS-1000ML,BOT,1000ML Mosaic Cleaner,Chemicals & Adhesives,,,,,PENDING,,,,,,,,,,,,,,,,,PENDING,pending,needs_permission,,,,RETRY_RESEARCHED_PENDING
5559,NAI-CON-ACE-25-BOX,BOX,Ace Galvanised Flat Head Nails 25 X 2.0 (500GM),Fasteners & Fixings,,500GM,,,PENDING,,,,,,,,,,,,,,,,,PENDING,pending,needs_permission,,,,RETRY_RESEARCHED_PENDING
5564,SHH-LINE-L/G-OHML12,PCS,Omega Hayasu Mono Line (rainbow) 12LBS,Fishing & Tackle,,12LBS,,,PENDING,,,,,,,,,,,,,,,,,PENDING,pending,needs_permission,,,,RETRY_RESEARCHED_PENDING
5565,SHH-LINE-L/G-OHML25,PCS,Omega Hayasu Mono Line (rainbow) 25LBS,Fishing & Tackle,,25LBS,,,PENDING,,,,,,,,,,,,,,,,,PENDING,pending,needs_permission,,,,RETRY_RESEARCHED_PENDING
5566,SHH-SPOOL-108,PCS,Fishing Spool HP-108,Fishing & Tackle,,HP-108,,,PENDING,,,,,,,,,,,,,,,,,PENDING,pending,needs_permission,,,,RETRY_RESEARCHED_PENDING
5567,SIN-WAS-SS-DL5W4,PCS,DL5 2 1/2 Fully Slim Sink Waste,Plumbing,,DL5,,,PENDING,,,,,,,,,,,,,,,,,PENDING,pending,needs_permission,,,,RETRY_RESEARCHED_PENDING
5568,SWI-SOC-MK-3G2W-S4783,PCS,Mk 10A 3GANG 2WAY Wide Rocker,Electrical,,3GANG,,,PENDING,,,,,,,,,,,,,,,,,PENDING,pending,needs_permission,,,,RETRY_RESEARCHED_PENDING
5569,SWI-SOC-ULT-M011W,PCS,Ultra 16A 1 GANG 1 Way-white (M011W),Electrical,,M011W,,,PENDING,,,,,,,,,,,,,,,,,PENDING,pending,needs_permission,,,,RETRY_RESEARCHED_PENDING
5571,TAP-SKC-M08X1.00,SET,Skc Hand Tap M08 X 1.00,Plumbing,,M08,,,PENDING,,,,,,,,,,,,,,,,,PENDING,pending,needs_permission,,,,RETRY_RESEARCHED_PENDING
5572,TOO-CLA-F-ATB120350,PCS,14 X 120MM Arrow F Type Wood Clamp,Hand Tools,,,,,PENDING,,,,,,,,,,,,,,,,,PENDING,pending,needs_permission,,,,RETRY_RESEARCHED_PENDING
5573,TOO-CLA-F-ATB120X250,PCS,10 X 120MM Arrow F Type Wood Clamp,Hand Tools,,,,,PENDING,,,,,,,,,,,,,,,,,PENDING,pending,needs_permission,,,,RETRY_RESEARCHED_PENDING
5574,TOO-DRV-KT107-Z100,PCS,"100MM (4""-6)107 King Top (-) Screw Driver",Fasteners & Fixings,,,,,PENDING,,,,,,,,,,,,,,,,,PENDING,pending,needs_permission,,,,RETRY_RESEARCHED_PENDING
5575,TOO-DRV-MAG-M845,PCS,Spandek Screw Adaptor M8X45MM,Fasteners & Fixings,,M8X45MM,,,PENDING,,,,,,,,,,,,,,,,,PENDING,pending,needs_permission,,,,RETRY_RESEARCHED_PENDING
5578,VAL-BAL-MIN-ECC3W,PCS,Ecco 3WAY Mini Ball VALVE-1/2 Mxmxm,Plumbing,,3WAY,,,PENDING,,,,,,,,,,,,,,,,,PENDING,pending,needs_permission,,,,RETRY_RESEARCHED_PENDING
5582,CAB-LUG-25-8,PCK,Cable Lug 25-8 (4PCS/PCK),Electrical,,4PCS/PCK,,,PENDING,,,,,,,,,,,,,,,,,PENDING,pending,needs_permission,,,,RETRY_RESEARCHED_PENDING
5585,DZ-GEN-BCC-180,PCS,Cold Chisel,Hand Tools,,10X180X15MM,,,PENDING,,,,,,,,,,,,,,,,,PENDING,pending,needs_permission,,,,RETRY_RESEARCHED_PENDING
5587,"FAS-SCR-DRY-BLA-6#1-1/2""",PCK,Hunter/bk - Drywall Screw 6 (20PCS/PCK) X1-1/2,Fasteners & Fixings,,20PCS/PCK,,,PENDING,,,,,,,,,,,,,,,,,PENDING,pending,needs_permission,,,,RETRY_RESEARCHED_PENDING
5588,FIT-UPVC-BEN-ELB-45-110MM,PCS,U-pvc Bend (elbow) 110MM 4 45-DEG,Plumbing,,45-DEG,,,PENDING,,,,,,,,,,,,,,,,,PENDING,pending,needs_permission,,,,RETRY_RESEARCHED_PENDING
5592,NAI-CLI-777-S,PCS,Nail Clipper 12'S,Fasteners & Fixings,,777/N608,,,PENDING,,,,,,,,,,,,,,,,,PENDING,pending,needs_permission,,,,RETRY_RESEARCHED_PENDING
5596,SCA-CAM-NTA-3100013,PCS,Camry- Hanging Scale Nta / 100KG,Housewares,,,,,PENDING,,,,,,,,,,,,,,,,,PENDING,pending,needs_permission,,,,RETRY_RESEARCHED_PENDING
5597,SHH-PLA-NET-NEEDLE-NO.3,PCS,Plastic Net Needle No. 3 (white),Fishing & Tackle,,NO.3,,,PENDING,,,,,,,,,,,,,,,,,PENDING,pending,needs_permission,,,,RETRY_RESEARCHED_PENDING
5598,TOO-DRV-KT107+Z200,PCS,"200MM (8""+6)107 King Top (+) Screw Driver",Fasteners & Fixings,,,,,PENDING,,,,,,,,,,,,,,,,,PENDING,pending,needs_permission,,,,RETRY_RESEARCHED_PENDING
5599,X-FLO-MOC-BR3060PZPG,PCS,BR3060PZPG 300X600MM,Power Tools,,BR3060PZPG,,,PENDING,,,,,,,,,,,,,,,,,PENDING,pending,needs_permission,,,,RETRY_RESEARCHED_PENDING
5600,X-FLO-MOC-BR3060PZPW,PCS,BR3060PZPW 300X600MM,Power Tools,,BR3060PZPW,,,PENDING,,,,,,,,,,,,,,,,,PENDING,pending,needs_permission,,,,RETRY_RESEARCHED_PENDING
5604,CAR-WAX-LUX-SHI-LOT,PCS,Tsi (y) Luxurious Shinning Lotion - 360ML,Automotive,,,,,PENDING,,,,,,,,,,,,,,,,,PENDING,pending,needs_permission,,,,RETRY_RESEARCHED_PENDING
5605,CLI-BAT-CLI-0050AMP,SET,L/duty Battery Clip 50AMP,Electrical,,50AMP,,,PENDING,,,,,,,,,,,,,,,,,PENDING,pending,needs_permission,,,,RETRY_RESEARCHED_PENDING
5606,"DC-6""-WGZ150060L",PCS,"6""-WGZ150060L 6 Saw Blade",Power Tool Accessories,,WGZ150060L,,,PENDING,,,,,,,,,,,,,,,,,PENDING,pending,needs_permission,,,,RETRY_RESEARCHED_PENDING
5609,FAS-SCR-ZPH-DSMHO525,PCK,Sr Zph Self Drilling Screw DSM-HO525(20PCS/PCK),Fasteners & Fixings,,DSM-HO525,,,PENDING,,,,,,,,,,,,,,,,,PENDING,pending,needs_permission,,,,RETRY_RESEARCHED_PENDING
5613,LEAK-SPR-BLS500C,CAN,Bossman Leak Stop Spray 500ML (clear),Other,,,,,PENDING,,,,,,,,,,,,,,,,,PENDING,pending,needs_permission,,,,RETRY_RESEARCHED_PENDING
5614,NAI-FEL-SUP-38MM-500G,PKT,E. G Felt Nail 38MM - 500G,Fasteners & Fixings,,,,,PENDING,,,,,,,,,,,,,,,,,PENDING,pending,needs_permission,,,,RETRY_RESEARCHED_PENDING
5616,NUM-60MM-C,PCS,Acp Alphabet 60MM - C,Signage & Numbering,,,,,PENDING,,,,,,,,,,,,,,,,,PENDING,pending,needs_permission,,,,RETRY_RESEARCHED_PENDING
5623,SHH-HOOK-12146BN-2,PKT,No. 2 Hytac Hook 16'S,Fishing & Tackle,,12146BN,,,PENDING,,,,,,,,,,,,,,,,,PENDING,pending,needs_permission,,,,RETRY_RESEARCHED_PENDING
5624,SHH-HOOK-9255SS-4/0,PKT,Eupro Octopus S/s Hook 4/0 (8'S),Fishing & Tackle,,9255SS,,,PENDING,,,,,,,,,,,,,,,,,PENDING,pending,needs_permission,,,,RETRY_RESEARCHED_PENDING
5625,SHH-SPE-FIS-FS603,PCS,Fish Spears (3PRONGS)/8105,Fishing & Tackle,,3PRONGS,,,PENDING,,,,,,,,,,,,,,,,,PENDING,pending,needs_permission,,,,RETRY_RESEARCHED_PENDING
5626,SWI-SOC-ELE-E000B,PCS,Elegance 1 GANG Blank Plate-black (E000B),Electrical,,E000B,,,PENDING,,,,,,,,,,,,,,,,,PENDING,pending,needs_permission,,,,RETRY_RESEARCHED_PENDING
5627,TOO-DRV-KT107+Z125,PCS,"125MM (5""+6)107 King Top (+) Screw Driver",Fasteners & Fixings,,,,,PENDING,,,,,,,,,,,,,,,,,PENDING,pending,needs_permission,,,,RETRY_RESEARCHED_PENDING
5631,X-HHD-FLU-M0676/L100W-50MM,PCS,Techplas Liftup Outlet Valve White Lever,Plumbing,,L100-W,,,PENDING,,,,,,,,,,,,,,,,,PENDING,pending,needs_permission,,,,RETRY_RESEARCHED_PENDING
5632,BNW-BOL-HTM-M10-100MM,PCS,H/t Bolt - M 10 X 100MM,Fasteners & Fixings,,,,,PENDING,,,,,,,,,,,,,,,,,PENDING,pending,needs_permission,,,,RETRY_RESEARCHED_PENDING
5638,FAS-RIV-PAT-5/32X3/8-PCK,PCK,Blind Rivet: Jaguar 5/32 X 3/8 (20PCS/PCK),Fasteners & Fixings,,20PCS/PCK,,,PENDING,,,,,,,,,,,,,,,,,PENDING,pending,needs_permission,,,,RETRY_RESEARCHED_PENDING
5640,FLO-MOC-J3030,PCS,J3030 30X30CM,Flooring,,J3030,,,PENDING,,,,,,,,,,,,,,,,,PENDING,pending,needs_permission,,,,RETRY_RESEARCHED_PENDING
5644,"SIN-FLE-PVC-OUT-1.1/4""",PCS,Corsa Flexible Hose Pipe - 1.1/4 (350-800MM),Plumbing,,350-800MM,,,PENDING,,,,,,,,,,,,,,,,,PENDING,pending,needs_permission,,,,RETRY_RESEARCHED_PENDING
5645,SWI-T/BOX-504B,SET,Extension Box Sp PP100-540B,Electrical,,PP100-540B,,,PENDING,,,,,,,,,,,,,,,,,PENDING,pending,needs_permission,,,,RETRY_RESEARCHED_PENDING
5646,TAP-SKC-M18X2.00,SET,Skc Hand Tap M18 X 2.00,Plumbing,,M18,,,PENDING,,,,,,,,,,,,,,,,,PENDING,pending,needs_permission,,,,RETRY_RESEARCHED_PENDING
5647,VAL-CAB-CSK12A,UNIT,Cabana Stop Valve 1/2,Plumbing,,CSK12A,,,PENDING,,,,,,,,,,,,,,,,,PENDING,pending,needs_permission,,,,RETRY_RESEARCHED_PENDING
5649,X-PLA-BAG-W1000-1822,PCK,18 X 22 X 500G Tbag White Aa,Power Tools,,,,,PENDING,,,,,,,,,,,,,,,,,PENDING,pending,needs_permission,,,,RETRY_RESEARCHED_PENDING
5650,X-PUM-HAN-SDSF8818B,PCS,Hand Pump - SF8818B,Pumps & Water,,SF8818B,,,PENDING,,,,,,,,,,,,,,,,,PENDING,pending,needs_permission,,,,RETRY_RESEARCHED_PENDING
5653,CAB-LUG-400AMP,PCK,Cable Lug (white) 400AMP 2PCS/PCK,Electrical,,400AMP,,,PENDING,,,,,,,,,,,,,,,,,PENDING,pending,needs_permission,,,,RETRY_RESEARCHED_PENDING
5656,CHI-15105-50,PCS,Sds Max Shank Spade Chisel 18X280X50MM,Power Tool Accessories,,18X280X50MM,,,PENDING,,,,,,,,,,,,,,,,,PENDING,pending,needs_permission,,,,RETRY_RESEARCHED_PENDING
5659,FIT-UPVC-BEN-ELB-45-40MM,PCS,U-pvc Bend (elbow) 40MM 1-1/2 45-DEG,Plumbing,,45-DEG,,,PENDING,,,,,,,,,,,,,,,,,PENDING,pending,needs_permission,,,,RETRY_RESEARCHED_PENDING
5660,"FIT-YG237-SOC-3/8""-BRA",PCS,Brass Equal Socket 3/8,Electrical,,YG237,,,PENDING,,,,,,,,,,,,,,,,,PENDING,pending,needs_permission,,,,RETRY_RESEARCHED_PENDING
5664,IND-CEM-750G-BLA,CAN,750G Scin-flex Tile Grout 300(BLACK),Chemicals & Adhesives,,,,,PENDING,,,,,,,,,,,,,,,,,PENDING,pending,needs_permission,,,,RETRY_RESEARCHED_PENDING
5666,LIQ-MOL-HAN-WAS-300G,CAN,HANDWASCHPASTE-300G,Other,,HANDWASCHPASTE-300G,,,PENDING,,,,,,,,,,,,,,,,,PENDING,pending,needs_permission,,,,RETRY_RESEARCHED_PENDING
5667,"MAX-CRV-CAB-CUTTER-24""",PCS,Blimax Bolt Cutter - BBC600/24,Fasteners & Fixings,,BBC600/24,,,PENDING,,,,,,,,,,,,,,,,,PENDING,pending,needs_permission,,,,RETRY_RESEARCHED_PENDING
5671,SAF-SLI-GLO-5TON6M,LGTH,Webbing Sling (glolift) 125MM 5 Ton X 6M,Lifting & Rigging,,,,,PENDING,,,,,,,,,,,,,,,,,PENDING,pending,needs_permission,,,,RETRY_RESEARCHED_PENDING
5672,SHH-HOOK-10829BL-NO.22,PKT,Eupro Fishing Hook No. 22 (5PC),Fishing & Tackle,,10829BL,,,PENDING,,,,,,,,,,,,,,,,,PENDING,pending,needs_permission,,,,RETRY_RESEARCHED_PENDING
5673,SHH-HOOK-10829BL-NO.24,PKT,Eupro Fishing Hook No. 24 (4PC),Fishing & Tackle,,10829BL,,,PENDING,,,,,,,,,,,,,,,,,PENDING,pending,needs_permission,,,,RETRY_RESEARCHED_PENDING
5676,"TIE-CAB-BLA-4""",PKT,4 Black Cable Tie (20PCS/PCK),"Rope, Chain & Netting",,20PCS/PCK,,,PENDING,,,,,,,,,,,,,,,,,PENDING,pending,needs_permission,,,,RETRY_RESEARCHED_PENDING
5677,"TOO-EXT-BAR-STA-12MM-10""",PCS,1/2 Extension Bars 252MM/10,Electrical,,252MM/10,,,PENDING,,,,,,,,,,,,,,,,,PENDING,pending,needs_permission,,,,RETRY_RESEARCHED_PENDING
5681,"ACE-NUTS-1/2""X38MM",PCS,"Ace Brand Bsw Hexagon Long Nuts LN-1/2""X38MM",Fasteners & Fixings,,LN-1/2,,,PENDING,,,,,,,,,,,,,,,,,PENDING,pending,needs_permission,,,,RETRY_RESEARCHED_PENDING
5687,CUT-DIS-HIT-FLE-4X6MM,PCS,4 Hitachi Flexible Disc,Abrasives & Cutting,,,,,PENDING,,,,,,,,,,,,,,,,,PENDING,pending,needs_permission,,,,RETRY_RESEARCHED_PENDING
5688,CUT-FLA-TAI-A120100,PCS,Tailin Flap Discs A120,Abrasives & Cutting,,A120,,,PENDING,,,,,,,,,,,,,,,,,PENDING,pending,needs_permission,,,,RETRY_RESEARCHED_PENDING
5689,"DOR-FLU-SGD-36606""",PCS,6 SS St. Guchi Flush Bolt,Fasteners & Fixings,,SGDB-36606,,,PENDING,,,,,,,,,,,,,,,,,PENDING,pending,needs_permission,,,,RETRY_RESEARCHED_PENDING
5691,ELE-PVC-NUT-TC3X10,PCS,Umc 3 X10 PVC Nut Box,Fasteners & Fixings,,X10,,,PENDING,,,,,,,,,,,,,,,,,PENDING,pending,needs_permission,,,,RETRY_RESEARCHED_PENDING
5692,FAS-RIV-PAT-5/32X1/2-PCK,PCK,Blind Rivet: Jaguar 5/32 X 1/2 (20PCS/PCK),Fasteners & Fixings,,20PCS/PCK,,,PENDING,,,,,,,,,,,,,,,,,PENDING,pending,needs_permission,,,,RETRY_RESEARCHED_PENDING
5694,FAS-SCR-DS525HW-MET-PCK,PCK,10 X 1 Self Drilling Screw (50PCS/PCK),Fasteners & Fixings,,50PCS/PCK,,,PENDING,,,,,,,,,,,,,,,,,PENDING,pending,needs_permission,,,,RETRY_RESEARCHED_PENDING
5695,"FIT-HDPE-ADA-FEM-25MMX1/2""",PCS,HDPE Adaptor Female 25MMX1/2,Plumbing,,25MMX1/2,,,PENDING,,,,,,,,,,,,,,,,,PENDING,pending,needs_permission,,,,RETRY_RESEARCHED_PENDING
5696,"FIT-YG239R-SOC-MXF-1/2""X3/8""-BRA",PCS,"Reduced Mxf Brass Socket 1/2""X3/8",Electrical,,X3/8,,,PENDING,,,,,,,,,,,,,,,,,PENDING,pending,needs_permission,,,,RETRY_RESEARCHED_PENDING
5697,"FIT-YG239R-SOC-MXF-3/4""X1/2""-BRA",PCS,"Reduced Mxf Brass Socket 3/4""X1/2",Electrical,,X1/2,,,PENDING,,,,,,,,,,,,,,,,,PENDING,pending,needs_permission,,,,RETRY_RESEARCHED_PENDING
5700,NUM-80MM-I,PCS,Acp Alphabet 80MM - I,Signage & Numbering,,,,,PENDING,,,,,,,,,,,,,,,,,PENDING,pending,needs_permission,,,,RETRY_RESEARCHED_PENDING
5704,SHH-FROG-SET-Y24A,PCS,Y24A Fishing Tackle,Fishing & Tackle,,Y24A,,,PENDING,,,,,,,,,,,,,,,,,PENDING,pending,needs_permission,,,,RETRY_RESEARCHED_PENDING
5707,STO-MOU-W222-25X50,PCS,Mounted Stone:k-prix Korea W222 (25X50),Abrasives & Cutting,,W222,,,PENDING,,,,,,,,,,,,,,,,,PENDING,pending,needs_permission,,,,RETRY_RESEARCHED_PENDING
5710,WAL-PLU-S/S-70MM,PCS,304 S/steel Wall Plug M8 X 70,Fasteners & Fixings,,CC221,,,PENDING,,,,,,,,,,,,,,,,,PENDING,pending,needs_permission,,,,RETRY_RESEARCHED_PENDING
5711,X-FLO-MOC-MP6308,PCS,MP6308 30X60CM,Power Tools,,MP6308,,,PENDING,,,,,,,,,,,,,,,,,PENDING,pending,needs_permission,,,,RETRY_RESEARCHED_PENDING
5714,BAT-ENE-MINI-ALA76,PCK,Energizer Mini Al A76 BP2,Electrical,,A76,,,PENDING,,,,,,,,,,,,,,,,,PENDING,pending,needs_permission,,,,RETRY_RESEARCHED_PENDING
5719,FLO-MOC-PM6646B,PCS,PM6646B 60X60CM,Flooring,,PM6646B,,,PENDING,,,,,,,,,,,,,,,,,PENDING,pending,needs_permission,,,,RETRY_RESEARCHED_PENDING
5724,NAI-AIR-LEO-T25,BOX,Leo Air Nail - T25,Fasteners & Fixings,,T25,,,PENDING,,,,,,,,,,,,,,,,,PENDING,pending,needs_permission,,,,RETRY_RESEARCHED_PENDING
5726,PAI-SPR-REM-SWPR-400,CAN,400ML Starwill Paint Removal Spray,Paint & Sundries,,,,,PENDING,,,,,,,,,,,,,,,,,PENDING,pending,needs_permission,,,,RETRY_RESEARCHED_PENDING
5729,SHH-LINE-WHI-NO.30,PCS,(bs)long White M. L No. 30,Fishing & Tackle,,NO.30,,,PENDING,,,,,,,,,,,,,,,,,PENDING,pending,needs_permission,,,,RETRY_RESEARCHED_PENDING
5731,TOO-ELE-STRWS2204,PCS,Black Wire Stripper 155MM,Electrical,,WS2204,,,PENDING,,,,,,,,,,,,,,,,,PENDING,pending,needs_permission,,,,RETRY_RESEARCHED_PENDING
5732,WEL-MAC-PAR-NOZ-GAS,PCS,Gas Nozzle MB15AK,Power Tool Accessories,,MB15AK,,,PENDING,,,,,,,,,,,,,,,,,PENDING,pending,needs_permission,,,,RETRY_RESEARCHED_PENDING
5741,DZ-GEN-BPC-14X250,OCS,Star Bull Point Chisel (mm),Power Tool Accessories,,SDS-14X250,,,PENDING,,,,,,,,,,,,,,,,,PENDING,pending,needs_permission,,,,RETRY_RESEARCHED_PENDING
5742,ELE-PVC-CON-TC3X7-TC022,PCS,Tc 3 X 7 PVC Conceal Box (TC022),Electrical,,TC022,,,PENDING,,,,,,,,,,,,,,,,,PENDING,pending,needs_permission,,,,RETRY_RESEARCHED_PENDING
5743,FAS-SCR-TD650HW-WOOD,BOX,12X2 Self Drilling Screw (250PCS/BOX),Fasteners & Fixings,,12X2,,,PENDING,,,,,,,,,,,,,,,,,PENDING,pending,needs_permission,,,,RETRY_RESEARCHED_PENDING
5744,"FIT-HDPE-ADA-FEM-25MMX3/4""",PCS,HDPE Adaptor Female 25MMX3/4,Plumbing,,25MMX3/4,,,PENDING,,,,,,,,,,,,,,,,,PENDING,pending,needs_permission,,,,RETRY_RESEARCHED_PENDING
5750,IND-DUS-ALI-240L-SHA,PCS,Aliclean HDPE Dustbin Tyre Shaft,Automotive,,240LTR,,,PENDING,,,,,,,,,,,,,,,,,PENDING,pending,needs_permission,,,,RETRY_RESEARCHED_PENDING
5751,IND-DUS-GLO-120L,PCS,Glomax HDPE Dustbin (120L),Plumbing,,,,,PENDING,,,,,,,,,,,,,,,,,PENDING,pending,needs_permission,,,,RETRY_RESEARCHED_PENDING
5760,SIN-BAS-VIP-NO.49,PCS,No. 49 Vip Brand Washbasin Waste (pop-up),Plumbing,,NO.49,,,PENDING,,,,,,,,,,,,,,,,,PENDING,pending,needs_permission,,,,RETRY_RESEARCHED_PENDING
5761,SWI-POL-2GANG-1WAY,PCS,Pol 2GANG 1WAY Switch Socket,Electrical,,2GANG,,,PENDING,,,,,,,,,,,,,,,,,PENDING,pending,needs_permission,,,,RETRY_RESEARCHED_PENDING
5764,VAL-BAL-MIN-ECC12FF,PCS,Ecco PVC Mini Ball VALVE-1/2 Fxf,Plumbing,,VALVE-1/2,,,PENDING,,,,,,,,,,,,,,,,,PENDING,pending,needs_permission,,,,RETRY_RESEARCHED_PENDING
5765,VAL-BAL-MIN-ECC12MM,PCS,Ecco PVC Mini Ball VALVE-1/2 Mxm,Plumbing,,VALVE-1/2,,,PENDING,,,,,,,,,,,,,,,,,PENDING,pending,needs_permission,,,,RETRY_RESEARCHED_PENDING
5766,X-FLO-MOC-30WM90,PCS,"12""X12 Floor Tiles 30WM90",Power Tools,,X12,,,PENDING,,,,,,,,,,,,,,,,,PENDING,pending,needs_permission,,,,RETRY_RESEARCHED_PENDING
5767,X-FLO-MOC-P603H,PCS,Glass Mosaic P603H 30.5X30.5CM,Building Materials,,P603H,,,PENDING,,,,,,,,,,,,,,,,,PENDING,pending,needs_permission,,,,RETRY_RESEARCHED_PENDING
5768,X-FLO-MOC-P604M,PCS,Glass Mosaic P604M 30.5X30.5CM,Building Materials,,P604M,,,PENDING,,,,,,,,,,,,,,,,,PENDING,pending,needs_permission,,,,RETRY_RESEARCHED_PENDING
5769,X-FLO-MOC-P605H,PCS,Glass Mosaic P605H 30.5X30.5CM,Building Materials,,P605H,,,PENDING,,,,,,,,,,,,,,,,,PENDING,pending,needs_permission,,,,RETRY_RESEARCHED_PENDING
5770,X-FLO-MOC-P605M,PCS,Glass Mosaic P605M 30.5X30.5CM,Building Materials,,P605M,,,PENDING,,,,,,,,,,,,,,,,,PENDING,pending,needs_permission,,,,RETRY_RESEARCHED_PENDING
5771,BIB-G503B,PCS,Bib Tap Ni 3/4B Truflo,Plumbing,,3/4B,,,PENDING,,,,,,,,,,,,,,,,,PENDING,pending,needs_permission,,,,RETRY_RESEARCHED_PENDING
5774,CLI-SPE-TER-FEM,PCK,Female Speaker Clip Gold (10PCS/PCK),Other,,10PCS/PCK,,,PENDING,,,,,,,,,,,,,,,,,PENDING,pending,needs_permission,,,,RETRY_RESEARCHED_PENDING
5778,"FIT-SS376-TEE-1/2""",PCS,304 Fxmxm Tee 1/2,Plumbing,,SS376,,,PENDING,,,,,,,,,,,,,,,,,PENDING,pending,needs_permission,,,,RETRY_RESEARCHED_PENDING
5779,"FIT-YG239R-SOC-MXF-1/2""X1/4""-BRA",PCS,"Reduced Mxf Brass Socket 1/2""X1/4",Electrical,,X1/4,,,PENDING,,,,,,,,,,,,,,,,,PENDING,pending,needs_permission,,,,RETRY_RESEARCHED_PENDING
5784,NAIL-TUFTING-TN-7316-PCK,PCK,Round Plate Tufting Nail (10PCS/PCK) 16MMX7.3MM,Fasteners & Fixings,,10PCS/PCK,,,PENDING,,,,,,,,,,,,,,,,,PENDING,pending,needs_permission,,,,RETRY_RESEARCHED_PENDING
5785,NAIL-TUFTING-TN-8316-PCK,PCK,Round Plate Tufting Nail (10PCS/PCK) 16MMX8.5MM,Fasteners & Fixings,,10PCS/PCK,,,PENDING,,,,,,,,,,,,,,,,,PENDING,pending,needs_permission,,,,RETRY_RESEARCHED_PENDING
5787,SCP-REM-SKI-CLO-500ML,BOT,500ML Skim Clog Remover,Chemicals & Adhesives,,,,,PENDING,,,,,,,,,,,,,,,,,PENDING,pending,needs_permission,,,,RETRY_RESEARCHED_PENDING
5790,VAL-CAB-CB2131,UNIT,Cabana Angle Valve CB2131,Plumbing,,CB2131,,,PENDING,,,,,,,,,,,,,,,,,PENDING,pending,needs_permission,,,,RETRY_RESEARCHED_PENDING
5791,VAL-CAB-CB2132,UNIT,Cabana Angle Valve CB2132,Plumbing,,CB2132,,,PENDING,,,,,,,,,,,,,,,,,PENDING,pending,needs_permission,,,,RETRY_RESEARCHED_PENDING
5792,VAL-CAB-CB2136,UNIT,Cabana Angle Valve CB2136,Plumbing,,CB2136,,,PENDING,,,,,,,,,,,,,,,,,PENDING,pending,needs_permission,,,,RETRY_RESEARCHED_PENDING
5796,CAR-RAIN-FLY-200ML,UNIT,Aa Rain Fly 200ML,Automotive,,,,,PENDING,,,,,,,,,,,,,,,,,PENDING,pending,needs_permission,,,,RETRY_RESEARCHED_PENDING
5798,"DOR-H&S-LEO-4""",DOZ,Leon S/steel Hasp & STAPLE-4,Fasteners & Fixings,,STAPLE-4,,,PENDING,,,,,,,,,,,,,,,,,PENDING,pending,needs_permission,,,,RETRY_RESEARCHED_PENDING
5801,"FIT-SS378-TEE-1/2""",PCS,304 Fxfxm Tee 1/2 SS378,Plumbing,,SS378,,,PENDING,,,,,,,,,,,,,,,,,PENDING,pending,needs_permission,,,,RETRY_RESEARCHED_PENDING
5802,GUN-GRE-NIP-90 M10X1.0,PCS,S. K 90 Degree Grease Nipple M10 X 1.0,Fasteners & Fixings,,M10,,,PENDING,,,,,,,,,,,,,,,,,PENDING,pending,needs_permission,,,,RETRY_RESEARCHED_PENDING
5807,NAI-FEL-SUP-25MM-500G,PKT,E. G Felt Nail 25MM - 500G,Fasteners & Fixings,,,,,PENDING,,,,,,,,,,,,,,,,,PENDING,pending,needs_permission,,,,RETRY_RESEARCHED_PENDING
5808,NYLON-CORD-9042,MTR,Nylon Cord 9042 X 500G,Other,,,,,PENDING,,,,,,,,,,,,,,,,,PENDING,pending,needs_permission,,,,RETRY_RESEARCHED_PENDING
5813,TAP-CAB-CB9105,UNIT,Cabana Hose Bib Tap CB9105,Plumbing,,CB9105,,,PENDING,,,,,,,,,,,,,,,,,PENDING,pending,needs_permission,,,,RETRY_RESEARCHED_PENDING
5814,TAP-CAB-CB9106,UNIT,Cabana Bib Tap CB9106,Plumbing,,CB9106,,,PENDING,,,,,,,,,,,,,,,,,PENDING,pending,needs_permission,,,,RETRY_RESEARCHED_PENDING
5817,"TOO-NYL-PLU-COU-3/8""-NSF30",PCS,Nylon Quick Coupler 3/8 Female NSF-30,Power Tool Accessories,,NSF-30,,,PENDING,,,,,,,,,,,,,,,,,PENDING,pending,needs_permission,,,,RETRY_RESEARCHED_PENDING
5818,"TOO-NYL-PLU-COU-3/8""-NSM30",PCS,Nylon Quick Coupler 3/8 Male NSM-30,Power Tool Accessories,,NSM-30,,,PENDING,,,,,,,,,,,,,,,,,PENDING,pending,needs_permission,,,,RETRY_RESEARCHED_PENDING
5823,CUT-TIL-ROC-700MM,SET,Rockey Tile Cutter Machine - 700MM,Flooring,,,,,PENDING,,,,,,,,,,,,,,,,,PENDING,pending,needs_permission,,,,RETRY_RESEARCHED_PENDING
5825,"FIT-YG228R-NIP-REC-1/2""X3/8""-BRA",PCS,"Brass Reduced Nipple 1/2""X3/8",Plumbing,,X3/8,,,PENDING,,,,,,,,,,,,,,,,,PENDING,pending,needs_permission,,,,RETRY_RESEARCHED_PENDING
5828,NAI-SQU-SUP-065MM-1KG,PKG,E. G Square Boat Nail 65MM - 1KGS,Fasteners & Fixings,,1KGS,,,PENDING,,,,,,,,,,,,,,,,,PENDING,pending,needs_permission,,,,RETRY_RESEARCHED_PENDING
5830,NUM-60MM-F,PCS,Acp Alphabet 60MM - F,Signage & Numbering,,,,,PENDING,,,,,,,,,,,,,,,,,PENDING,pending,needs_permission,,,,RETRY_RESEARCHED_PENDING
5834,SHH-REEL-YD900,PCS,Yes Reel Mix Colour,Fishing & Tackle,,YD900,,,PENDING,,,,,,,,,,,,,,,,,PENDING,pending,needs_permission,,,,RETRY_RESEARCHED_PENDING
5835,SHH-SEA-FOA-FLO-SSF05,PKT,Seahawk Foam Float (2'S),Fishing & Tackle,,SSF-05,,,PENDING,,,,,,,,,,,,,,,,,PENDING,pending,needs_permission,,,,RETRY_RESEARCHED_PENDING
5840,"TOO-NYL-PLU-COU-1/4""-NSF20",PCS,Nylon Quick Coupler 1/4 Female NSF-20,Power Tool Accessories,,NSF-20,,,PENDING,,,,,,,,,,,,,,,,,PENDING,pending,needs_permission,,,,RETRY_RESEARCHED_PENDING
5843,"VAL-BAL-MIN-MM-1/4""X1/4""",PCS,"MM Brass Mini Ball VALVE-1/4""X1/4",Plumbing,,VALVE-1/4,,,PENDING,,,,,,,,,,,,,,,,,PENDING,pending,needs_permission,,,,RETRY_RESEARCHED_PENDING
5849,BNW-NUT-SS304-M08,PCS,SS 304 Nut - M08,Fasteners & Fixings,,M08,,,PENDING,,,,,,,,,,,,,,,,,PENDING,pending,needs_permission,,,,RETRY_RESEARCHED_PENDING
5850,CAR-COAT-WAX-500ML,PCS,Aa Car Care Coating Wax 500ML,Automotive,,,,,PENDING,,,,,,,,,,,,,,,,,PENDING,pending,needs_permission,,,,RETRY_RESEARCHED_PENDING
5851,CAR-WAX-WAS-PRE-500ML,PCS,Aa Care Care Wash&wax (premium) 500ML,Automotive,,,,,PENDING,,,,,,,,,,,,,,,,,PENDING,pending,needs_permission,,,,RETRY_RESEARCHED_PENDING
5853,"DRI-AUG-BIT-NO.1/4""",PCS,1/4 No. 1 Star-m Auger Bit (b),Power Tool Accessories,,NO.1,,,PENDING,,,,,,,,,,,,,,,,,PENDING,pending,needs_permission,,,,RETRY_RESEARCHED_PENDING
5854,ELE-PVC-BOX-TC6X8,PCS,Tc 6X8 PVC Enclosure Box,Electrical,,6X8,,,PENDING,,,,,,,,,,,,,,,,,PENDING,pending,needs_permission,,,,RETRY_RESEARCHED_PENDING
5855,ELE-SOC-PLU-SATELITE,PCK,F Satelite Screw Plug (2PCS/PCK),Fasteners & Fixings,,2PCS/PCK,,,PENDING,,,,,,,,,,,,,,,,,PENDING,pending,needs_permission,,,,RETRY_RESEARCHED_PENDING
5856,"FAS-SCR-TAP-CSK-10#2-1/2""",PCK,10 X2-1/2 Csk Self Tapping Screw - Flat Head (10PCS/PCK),Fasteners & Fixings,,X2-1/2,,,PENDING,,,,,,,,,,,,,,,,,PENDING,pending,needs_permission,,,,RETRY_RESEARCHED_PENDING
5857,"FIT-SS235-TEE-1/2""-SUS304",PCS,SS Equal Tee 1/2,Plumbing,,SS235,,,PENDING,,,,,,,,,,,,,,,,,PENDING,pending,needs_permission,,,,RETRY_RESEARCHED_PENDING
5858,"FIT-YG232-ELB-1/2""-BRA",PCS,Brass Equal Elbow 1/2,Plumbing,,YG232,,,PENDING,,,,,,,,,,,,,,,,,PENDING,pending,needs_permission,,,,RETRY_RESEARCHED_PENDING
5859,"FIT-YG245-NIP-3/4""-BRA",PCS,Brass Equal Nipple 3/4,Plumbing,,YG245,,,PENDING,,,,,,,,,,,,,,,,,PENDING,pending,needs_permission,,,,RETRY_RESEARCHED_PENDING
5860,"FIT-YG355-TEE-MXMXF-1/2""-BRA",PCS,Brass Mxmxf Tee 1/2,Plumbing,,YG355,,,PENDING,,,,,,,,,,,,,,,,,PENDING,pending,needs_permission,,,,RETRY_RESEARCHED_PENDING
5861,HOL-SAW-DXHS3624-6PCS,SET,D'xin (DX-HS-3624) Hole Saw 6PCS,Power Tool Accessories,,DX-HS-3624,,,PENDING,,,,,,,,,,,,,,,,,PENDING,pending,needs_permission,,,,RETRY_RESEARCHED_PENDING
5875,SHH-HOO-1920SS4/0,PCK,No. 4/0 Eupro Fishing Hook (6'S),Fishing & Tackle,,1920-SS,,,PENDING,,,,,,,,,,,,,,,,,PENDING,pending,needs_permission,,,,RETRY_RESEARCHED_PENDING
5876,SHH-SPOOL-106,PCS,Fishing Spool HP-106,Fishing & Tackle,,HP-106,,,PENDING,,,,,,,,,,,,,,,,,PENDING,pending,needs_permission,,,,RETRY_RESEARCHED_PENDING
5878,SOC-6MM-3WAY,PCS,PVC 3/4 3WAY Box,Other,,3WAY,,,PENDING,,,,,,,,,,,,,,,,,PENDING,pending,needs_permission,,,,RETRY_RESEARCHED_PENDING
5879,SOC-EMPTY-PP100-1G,PCS,PP100 1G Ext Box,Other,,PP100,,,PENDING,,,,,,,,,,,,,,,,,PENDING,pending,needs_permission,,,,RETRY_RESEARCHED_PENDING
5882,TOO-DRI-MAG-BSP037-F,PCS,Box Bit Socket,Electrical,,13X65MM,,,PENDING,,,,,,,,,,,,,,,,,PENDING,pending,needs_permission,,,,RETRY_RESEARCHED_PENDING
5889,X-FLO-MOC-36102,PCS,36102 30X60CM,Power Tools,,30X60CM,,,PENDING,,,,,,,,,,,,,,,,,PENDING,pending,needs_permission,,,,RETRY_RESEARCHED_PENDING
5890,X-FLO-MOC-B40ACY40,PCS,B 16 X 16 Floor Tiles,Power Tools,,40ACY40,,,PENDING,,,,,,,,,,,,,,,,,PENDING,pending,needs_permission,,,,RETRY_RESEARCHED_PENDING
5891,X-FLO-MOC-GT3811,PCS,GT3811 30X60CM,Power Tools,,GT3811,,,PENDING,,,,,,,,,,,,,,,,,PENDING,pending,needs_permission,,,,RETRY_RESEARCHED_PENDING
5892,X-FLO-MOC-KH40ABA4L,PCS,16 X 16 Ceramic Floor Tiles KH40ABA4L,Power Tools,,KH40ABA4L,,,PENDING,,,,,,,,,,,,,,,,,PENDING,pending,needs_permission,,,,RETRY_RESEARCHED_PENDING
5893,X-FLO-MOC-KH40ABA7D-PI,PCS,16 X 16 Ceramic Floor Tiles KH40ABA7D-PI,Power Tools,,KH40ABA7D-PI,,,PENDING,,,,,,,,,,,,,,,,,PENDING,pending,needs_permission,,,,RETRY_RESEARCHED_PENDING
5894,X-FLO-MOC-KH40ACY20,PCS,16 X 16 Ceramic Floor Tiles KH40ACY20,Power Tools,,KH40ACY20,,,PENDING,,,,,,,,,,,,,,,,,PENDING,pending,needs_permission,,,,RETRY_RESEARCHED_PENDING
5895,X-FLO-MOC-KH40GF3DH,PCS,16 X 16 Ceramic Floor Tiles KH40GF3DH,Power Tools,,KH40GF3DH,,,PENDING,,,,,,,,,,,,,,,,,PENDING,pending,needs_permission,,,,RETRY_RESEARCHED_PENDING
5896,X-FLO-MOC-N893B,PCS,N893 B 16 X 16 Forza Ceramic Floor Tiles Guocera,Power Tools,,N893,,,PENDING,,,,,,,,,,,,,,,,,PENDING,pending,needs_permission,,,,RETRY_RESEARCHED_PENDING
5897,X-FLO-MOC-N991A,PCS,"16""X16 Floor Tiles N991A",Power Tools,,X16,,,PENDING,,,,,,,,,,,,,,,,,PENDING,pending,needs_permission,,,,RETRY_RESEARCHED_PENDING
5898,X-FLO-MOC-T38502,PCS,T38502 30X60CM,Power Tools,,T38502,,,PENDING,,,,,,,,,,,,,,,,,PENDING,pending,needs_permission,,,,RETRY_RESEARCHED_PENDING
5904,ELE-PVC-SOC-TC1820MM,PCS,Tc PVC Socket,Electrical,,18-20MM,,,PENDING,,,,,,,,,,,,,,,,,PENDING,pending,needs_permission,,,,RETRY_RESEARCHED_PENDING
5905,"FAS-SCR-TAP-PAN-6#3/4""",PACK,6 X3/4 Self Tapping Screw-pan Head (20PCS/PCK),Fasteners & Fixings,,X3/4,,,PENDING,,,,,,,,,,,,,,,,,PENDING,pending,needs_permission,,,,RETRY_RESEARCHED_PENDING
5906,"FIT-YG225-BUSH-3/8""X1/4""-BRA",PCS,Brass Bushing 3/8 X 1/4,Plumbing,,YG225,,,PENDING,,,,,,,,,,,,,,,,,PENDING,pending,needs_permission,,,,RETRY_RESEARCHED_PENDING
5908,HOS-SPA-WAS-C555,CARD,C555 Washer & Nut (CARD),Fasteners & Fixings,,C555,,,PENDING,,,,,,,,,,,,,,,,,PENDING,pending,needs_permission,,,,RETRY_RESEARCHED_PENDING
5911,NAI-AIR-LEO-T50,BOX,Leo Air Nail - T50,Fasteners & Fixings,,T50,,,PENDING,,,,,,,,,,,,,,,,,PENDING,pending,needs_permission,,,,RETRY_RESEARCHED_PENDING
5912,SCI-S/STEEL-TS265,PCS,S/steel Scissors 6.5,Other,,TS-265,,,PENDING,,,,,,,,,,,,,,,,,PENDING,pending,needs_permission,,,,RETRY_RESEARCHED_PENDING
5913,SHH-FLOAT-FF100,PKT,"(1"") Plastic Float (2PCS/PCK)",Fishing & Tackle,,2PCS/PCK,,,PENDING,,,,,,,,,,,,,,,,,PENDING,pending,needs_permission,,,,RETRY_RESEARCHED_PENDING
5914,SHH-HOOK-10829BL-NO.18,PKT,Eupro Fishing Hook No. 18 (8PC),Fishing & Tackle,,10829BL,,,PENDING,,,,,,,,,,,,,,,,,PENDING,pending,needs_permission,,,,RETRY_RESEARCHED_PENDING
5915,SHH-ROD-BB200,PCS,Hytac Bumble Bee Reel,Fishing & Tackle,,BB200,,,PENDING,,,,,,,,,,,,,,,,,PENDING,pending,needs_permission,,,,RETRY_RESEARCHED_PENDING
5917,TAP-SKC-M08X1.25,SET,Skc Hand Tap M08 X 1.25,Plumbing,,M08,,,PENDING,,,,,,,,,,,,,,,,,PENDING,pending,needs_permission,,,,RETRY_RESEARCHED_PENDING
5918,TAP-SKC-M14X1.75,SET,Skc Hand Tap M14 X 1.75,Plumbing,,M14,,,PENDING,,,,,,,,,,,,,,,,,PENDING,pending,needs_permission,,,,RETRY_RESEARCHED_PENDING
5919,TAP-SKC-M16X1.50,SET,Skc Hand Tap M16 X 1.50,Plumbing,,M16,,,PENDING,,,,,,,,,,,,,,,,,PENDING,pending,needs_permission,,,,RETRY_RESEARCHED_PENDING
5920,TAP-SKC-M16X2.00,SET,Skc Hand Tap M16 X 2.00,Plumbing,,M16,,,PENDING,,,,,,,,,,,,,,,,,PENDING,pending,needs_permission,,,,RETRY_RESEARCHED_PENDING
5922,TOO-DRI-BIT-MAG-MD-02063,PCS,Mdsi (MD-02063) Magnetic Screw Bits 1/4 X 100MM (+),Fasteners & Fixings,,MD-02063,,,PENDING,,,,,,,,,,,,,,,,,PENDING,pending,needs_permission,,,,RETRY_RESEARCHED_PENDING
5923,TOO-DRI-MAG-BSP037-E,PCS,Asuma Box Bit Socket,Electrical,,12X65MM,,,PENDING,,,,,,,,,,,,,,,,,PENDING,pending,needs_permission,,,,RETRY_RESEARCHED_PENDING
5929,"DOR-FLU-SGD-2108""",PCS,8 Armor Flush Bolt,Fasteners & Fixings,,ADB-2108/SS,,,PENDING,,,,,,,,,,,,,,,,,PENDING,pending,needs_permission,,,,RETRY_RESEARCHED_PENDING
5932,"FIT-SS240R-SOC-REC-3/4""X1/2""",PCS,SS Reducing Socket 3/4 X 1/2,Electrical,,SS240R,,,PENDING,,,,,,,,,,,,,,,,,PENDING,pending,needs_permission,,,,RETRY_RESEARCHED_PENDING
5934,"GUN-CAU-BLU-11""",PCS,Blimax Heavy Duty Caulking GUN-11,Fasteners & Fixings,,GUN-11,,,PENDING,,,,,,,,,,,,,,,,,PENDING,pending,needs_permission,,,,RETRY_RESEARCHED_PENDING
5937,NAI-SQU-SUP-065MM-500G,PCK,E. G Square Boat Nail 65MM - 500G,Fasteners & Fixings,,,,,PENDING,,,,,,,,,,,,,,,,,PENDING,pending,needs_permission,,,,RETRY_RESEARCHED_PENDING
5943,"SHH-LIN-I-FIXH-12""",PKT,I-fixh Wire Leader 12,Electrical,,50LBS,,,PENDING,,,,,,,,,,,,,,,,,PENDING,pending,needs_permission,,,,RETRY_RESEARCHED_PENDING
5945,TAP-CAB-CB5106A,UNIT,Cabana Bib Tap CB5106A,Plumbing,,CB5106A,,,PENDING,,,,,,,,,,,,,,,,,PENDING,pending,needs_permission,,,,RETRY_RESEARCHED_PENDING
5946,"TIE-CAB-BLA-100MM-4""",PCK,"Black PVC Cable Ties 100MM (4"")",Electrical,,,,,PENDING,,,,,,,,,,,,,,,,,PENDING,pending,needs_permission,,,,RETRY_RESEARCHED_PENDING
5947,TOO-CUT-CALWS708B,PCS,Cable Cutter Cr-v 200MM,Electrical,,WS708B,,,PENDING,,,,,,,,,,,,,,,,,PENDING,pending,needs_permission,,,,RETRY_RESEARCHED_PENDING
5948,X-FLO-MOC-KV960,PCS,"Kv 960 12""X12 Homotiles",Power Tools,,X12,,,PENDING,,,,,,,,,,,,,,,,,PENDING,pending,needs_permission,,,,RETRY_RESEARCHED_PENDING
5949,X-FLO-MOC-KV963,PCS,"Kv 963 12""X12 Homotiles",Power Tools,,X12,,,PENDING,,,,,,,,,,,,,,,,,PENDING,pending,needs_permission,,,,RETRY_RESEARCHED_PENDING
5954,BNW-WAS-SPR-18MM,PCK,Bsw Spring Washer 3/4 (8PCS/PCK),Fasteners & Fixings,,8PCS/PCK,,,PENDING,,,,,,,,,,,,,,,,,PENDING,pending,needs_permission,,,,RETRY_RESEARCHED_PENDING
5957,CLO-SHRT-1094L-16.5,PCS,Golden Horse Working Shirt 1094L - 16.5,Other,,,,,PENDING,,,,,,,,,,,,,,,,,PENDING,pending,needs_permission,,,,RETRY_RESEARCHED_PENDING
5958,CLO-SHRT-1094L-17,PCS,Golden Horse Working Shirt 1094L - 17,Other,,,,,PENDING,,,,,,,,,,,,,,,,,PENDING,pending,needs_permission,,,,RETRY_RESEARCHED_PENDING
5963,ELE-PVC-TEE-3W,PCS,19MM Tee Box (3WAY Box),Plumbing,,3WAY,,,PENDING,,,,,,,,,,,,,,,,,PENDING,pending,needs_permission,,,,RETRY_RESEARCHED_PENDING
5965,"FIT-YG228R-NIP-REC-1/2""X1/4""-BRA",PCS,"Brass Reduced Nipple 1/2""X1/4",Plumbing,,X1/4,,,PENDING,,,,,,,,,,,,,,,,,PENDING,pending,needs_permission,,,,RETRY_RESEARCHED_PENDING
5973,RAI-BOO-KRK-B41M,PAIR,Rainshoes - 41 (8) 6000BLK,Curtains & Blinds,,6000BLK,,,PENDING,,,,,,,,,,,,,,,,,PENDING,pending,needs_permission,,,,RETRY_RESEARCHED_PENDING
5975,SHH-MOUS-H14,PCS,H14 Huizhu Fishing Superior Quality Mouse 4.5CM (soft),Fishing & Tackle,,H14,,,PENDING,,,,,,,,,,,,,,,,,PENDING,pending,needs_permission,,,,RETRY_RESEARCHED_PENDING
5982,"TOO-NYL-PLU-COU-1/4""",PCS,Nylon Quick Coupler 1/4 Male NSM-20,Power Tool Accessories,,NSM-20,,,PENDING,,,,,,,,,,,,,,,,,PENDING,pending,needs_permission,,,,RETRY_RESEARCHED_PENDING
5983,"VAL-BAL-MIN-FF-1/4""X1/4""",PCS,"Ff Brass Mini Ball VALVE-1/4""X1/4",Plumbing,,VALVE-1/4,,,PENDING,,,,,,,,,,,,,,,,,PENDING,pending,needs_permission,,,,RETRY_RESEARCHED_PENDING
5984,"VAL-BAL-MIN-FH-1/4""X5/16""",PCS,"Fh Brass Mini Ball VALVE-1/4""X5/16",Plumbing,,VALVE-1/4,,,PENDING,,,,,,,,,,,,,,,,,PENDING,pending,needs_permission,,,,RETRY_RESEARCHED_PENDING
5990,CHE-BRA-SSO-100ML,BOT,200ML Brassol,Chemicals & Adhesives,,,,,PENDING,,,,,,,,,,,,,,,,,PENDING,pending,needs_permission,,,,RETRY_RESEARCHED_PENDING
5991,ELE-FATO-UKF-363,EA,Fato W/p Isolator Bd UKF-363,Electrical,,UKF-363,,,PENDING,,,,,,,,,,,,,,,,,PENDING,pending,needs_permission,,,,RETRY_RESEARCHED_PENDING
5995,NAI-AIR-LEO-F30,BOX,Leo Air Nail - F30,Fasteners & Fixings,,F30,,,PENDING,,,,,,,,,,,,,,,,,PENDING,pending,needs_permission,,,,RETRY_RESEARCHED_PENDING
5998,SHH-FLOAT-FF75,PKT,"(3/4"") Plastic Float (2PCS/PCK)",Fishing & Tackle,,2PCS/PCK,,,PENDING,,,,,,,,,,,,,,,,,PENDING,pending,needs_permission,,,,RETRY_RESEARCHED_PENDING
5999,SWI-SOC-ULT-M031W,PCS,Ultra 16A 3 GANG 1 Way-white (M031W),Electrical,,M031W,,,PENDING,,,,,,,,,,,,,,,,,PENDING,pending,needs_permission,,,,RETRY_RESEARCHED_PENDING
6003,TRCK-(0.40MM)-75MM -8FTS,PCS,Track (0.40MM) 75MM X 25MM - 8FTS,Other,,8FTS,,,PENDING,,,,,,,,,,,,,,,,,PENDING,pending,needs_permission,,,,RETRY_RESEARCHED_PENDING
6004,VAL-BAL-PVC-ECC34SE,PCS,Ecco PVC Ball VALVE-3/4 Se,Plumbing,,VALVE-3/4,,,PENDING,,,,,,,,,,,,,,,,,PENDING,pending,needs_permission,,,,RETRY_RESEARCHED_PENDING
6012,"BNW-WAS-1/4""",PKT,1/4 Iron Washer (20PCS/PCK),Fasteners & Fixings,,20PCS/PCK,,,PENDING,,,,,,,,,,,,,,,,,PENDING,pending,needs_permission,,,,RETRY_RESEARCHED_PENDING
6013,CHE-LUB-GLO-450ML,PCS,Glochem Anti-rust Lubricant 450ML,Chemicals & Adhesives,,,,,PENDING,,,,,,,,,,,,,,,,,PENDING,pending,needs_permission,,,,RETRY_RESEARCHED_PENDING
6017,DRI-AUG-2WAY-18MM,PCS,T&t 2WAY Auger BIT-3/4,Power Tool Accessories,,2WAY,,,PENDING,,,,,,,,,,,,,,,,,PENDING,pending,needs_permission,,,,RETRY_RESEARCHED_PENDING
6019,DZ-GEN-BPC-180,PCS,Bull Point Chisel,Hand Tools,,10X180MM,,,PENDING,,,,,,,,,,,,,,,,,PENDING,pending,needs_permission,,,,RETRY_RESEARCHED_PENDING
6020,ELE-T5-3'-3000K,PCS,Ffl T5 3FT 14W LED Fitting Set,Plumbing,,3FT,,,PENDING,,,,,,,,,,,,,,,,,PENDING,pending,needs_permission,,,,RETRY_RESEARCHED_PENDING
6021,"FAS-SCR-TAP-CSK-6#1""",PACK,6 X1 Csk Self Tapping Screw-flat Head (20PCS/PCK),Fasteners & Fixings,,20PCS/PCK,,,PENDING,,,,,,,,,,,,,,,,,PENDING,pending,needs_permission,,,,RETRY_RESEARCHED_PENDING
6031,SWI-ON/OFF-315,PCS,Pacific Ii Switchfuse 315 20A 500V,Electrical,,KNXB2/C,,,PENDING,,,,,,,,,,,,,,,,,PENDING,pending,needs_permission,,,,RETRY_RESEARCHED_PENDING
6033,TAP-SKC-M10X1.75,SET,Skc Hand Tap M10 X 1.75,Plumbing,,M10,,,PENDING,,,,,,,,,,,,,,,,,PENDING,pending,needs_permission,,,,RETRY_RESEARCHED_PENDING
6034,TAP-SKC-M14X2.00,SET,Skc Hand Tap M14 X 2.00,Plumbing,,M14,,,PENDING,,,,,,,,,,,,,,,,,PENDING,pending,needs_permission,,,,RETRY_RESEARCHED_PENDING
6037,VAL-BAL-MMAN-7733#X1,PCS,M'man Ball Valve X 1,Plumbing,,W/THREAD-7733,,,PENDING,,,,,,,,,,,,,,,,,PENDING,pending,needs_permission,,,,RETRY_RESEARCHED_PENDING
6042,ELE-CHO-C40W,SET,Itoku Fluo Fitting Choke,Plumbing,,1X40W,,,PENDING,,,,,,,,,,,,,,,,,PENDING,pending,needs_permission,,,,RETRY_RESEARCHED_PENDING
6045,FIT-UPVC-BEN-ELB-110MM,PCS,U-pvc Bend (elbow) 110MM 4,Plumbing,,,,,PENDING,,,,,,,,,,,,,,,,,PENDING,pending,needs_permission,,,,RETRY_RESEARCHED_PENDING
6046,FIT-UPVC-TEE-110MM,PCS,U-pvc Tee 110MM 4,Plumbing,,,,,PENDING,,,,,,,,,,,,,,,,,PENDING,pending,needs_permission,,,,RETRY_RESEARCHED_PENDING
6054,SOC-BOX-28-13A,PCS,GI Socket Box,Electrical,,28X13A,,,PENDING,,,,,,,,,,,,,,,,,PENDING,pending,needs_permission,,,,RETRY_RESEARCHED_PENDING
6055,TAB-SHE-PVC-Y160,MTR,Y-160 PVC Sheet,Housewares,,Y-160,,,PENDING,,,,,,,,,,,,,,,,,PENDING,pending,needs_permission,,,,RETRY_RESEARCHED_PENDING
6056,TOO-ELE-CRMW0283,PCS,Modular Plug Crimp 200MM,Electrical,,W0283,,,PENDING,,,,,,,,,,,,,,,,,PENDING,pending,needs_permission,,,,RETRY_RESEARCHED_PENDING
6064,BNW-WAS-M6,PCK,M6 Washer (10PCS/PCK),Fasteners & Fixings,,10PCS/PCK,,,PENDING,,,,,,,,,,,,,,,,,PENDING,pending,needs_permission,,,,RETRY_RESEARCHED_PENDING
6065,CAB-LUG-01.5-5,PCK,Cable Lug 1.5-5 (10PCS/PCK),Electrical,,10PCS/PCK,,,PENDING,,,,,,,,,,,,,,,,,PENDING,pending,needs_permission,,,,RETRY_RESEARCHED_PENDING
6069,ELE-FATO-UKF-320,EA,Fato W/p Isolator Bd UKF-320,Electrical,,UKF-320,,,PENDING,,,,,,,,,,,,,,,,,PENDING,pending,needs_permission,,,,RETRY_RESEARCHED_PENDING
6072,ELE-PVC-CRO-4W,PCS,19MM Cross Box 4WAY,Electrical,,4WAY,,,PENDING,,,,,,,,,,,,,,,,,PENDING,pending,needs_permission,,,,RETRY_RESEARCHED_PENDING
6073,"FIT-YG239R-SOC-MXF-3/8""X1/4""-BRA",PCS,"Reduced Mxf Brass Socket 3/8""X1/4",Electrical,,X1/4,,,PENDING,,,,,,,,,,,,,,,,,PENDING,pending,needs_permission,,,,RETRY_RESEARCHED_PENDING
6079,KGR-KIM-300ML-9215,TIN,300ML Kangaroo Kimtone 9215,Paint & Sundries,,,,,PENDING,,,,,,,,,,,,,,,,,PENDING,pending,needs_permission,,,,RETRY_RESEARCHED_PENDING
6083,NAI-SQU-SUP-038MM-500G,PCK,E. G Square Boat Nail 38MM - 500G,Fasteners & Fixings,,,,,PENDING,,,,,,,,,,,,,,,,,PENDING,pending,needs_permission,,,,RETRY_RESEARCHED_PENDING
6087,SHH-FIG-BRA-LIN-4X-100LB,PCS,Shuttle 4X Braided Line 100M (100LB) (dark Green),Fishing & Tackle,,100LB,,,PENDING,,,,,,,,,,,,,,,,,PENDING,pending,needs_permission,,,,RETRY_RESEARCHED_PENDING
6088,SWI-FLO-UKY2-4M,PCS,Chngia Floot Switch 4M,Electrical,,UKY-2,,,PENDING,,,,,,,,,,,,,,,,,PENDING,pending,needs_permission,,,,RETRY_RESEARCHED_PENDING
6089,TAP-SKC-M14X1.50,SET,Skc Hand Tap M14 X 1.50,Plumbing,,M14,,,PENDING,,,,,,,,,,,,,,,,,PENDING,pending,needs_permission,,,,RETRY_RESEARCHED_PENDING
6090,TOO-DRV-KT107+Z100,PCS,"100MM (4""+6)107 King Top (+) Screw Driver",Fasteners & Fixings,,,,,PENDING,,,,,,,,,,,,,,,,,PENDING,pending,needs_permission,,,,RETRY_RESEARCHED_PENDING
6095,BRU-HAN-SW20,PCS,Nn Wire Wheel Brush - SW20,Electrical,,SW20,,,PENDING,,,,,,,,,,,,,,,,,PENDING,pending,needs_permission,,,,RETRY_RESEARCHED_PENDING
6098,"DOR-H&S-LEO-3""",DOZ,Leon S/steel Hasp & STAPLE-3,Fasteners & Fixings,,STAPLE-3,,,PENDING,,,,,,,,,,,,,,,,,PENDING,pending,needs_permission,,,,RETRY_RESEARCHED_PENDING
6104,KGR-KIM-300ML-9212,TIN,300ML Kangaroo Kimtone 9212,Paint & Sundries,,,,,PENDING,,,,,,,,,,,,,,,,,PENDING,pending,needs_permission,,,,RETRY_RESEARCHED_PENDING
6108,SHH-FLOAT-FF50,PKT,"(1/2"") Plastic Float (2PCS/PCK)",Fishing & Tackle,,2PCS/PCK,,,PENDING,,,,,,,,,,,,,,,,,PENDING,pending,needs_permission,,,,RETRY_RESEARCHED_PENDING
6111,SWI-SOC-EVB-318WSS-IP66,PCS,E'bright IP66 13A Weatherproof Socket,Electrical,,IP66,,,PENDING,,,,,,,,,,,,,,,,,PENDING,pending,needs_permission,,,,RETRY_RESEARCHED_PENDING
6112,TAP-SKC-M12X1.50,SET,Skc Hand Tap M12 X 1.50,Plumbing,,M12,,,PENDING,,,,,,,,,,,,,,,,,PENDING,pending,needs_permission,,,,RETRY_RESEARCHED_PENDING
6113,TAP-SKC-M12X1.75,SET,Skc Hand Tap M12 X 1.75,Plumbing,,M12,,,PENDING,,,,,,,,,,,,,,,,,PENDING,pending,needs_permission,,,,RETRY_RESEARCHED_PENDING
6119,DOR-RUB-SEAL-BRWN-BSDB100,ROLL,Bossman Silicone Door Seal 100CM - Brown,Chemicals & Adhesives,,,,,PENDING,,,,,,,,,,,,,,,,,PENDING,pending,needs_permission,,,,RETRY_RESEARCHED_PENDING
6122,LEO-S/S-LOC-BOL-LB304-4,PCS,Leon 4 S/steel Lockble,Fasteners & Fixings,,BOLT-LB304-4,,,PENDING,,,,,,,,,,,,,,,,,PENDING,pending,needs_permission,,,,RETRY_RESEARCHED_PENDING
6128,SHH-FLOAT-FF125,PKT,"(1 1/4"") Plastic Float (2PCS/PCK)",Fishing & Tackle,,2PCS/PCK,,,PENDING,,,,,,,,,,,,,,,,,PENDING,pending,needs_permission,,,,RETRY_RESEARCHED_PENDING
6130,TAP-SKC-M10X1.25,SET,Skc Hand Tap M10 X 1.25,Plumbing,,M10,,,PENDING,,,,,,,,,,,,,,,,,PENDING,pending,needs_permission,,,,RETRY_RESEARCHED_PENDING
6131,TOO-CUT-BOLW09,PCS,W09 Mini Bolt Cutter 200MM,Fasteners & Fixings,,W09,,,PENDING,,,,,,,,,,,,,,,,,PENDING,pending,needs_permission,,,,RETRY_RESEARCHED_PENDING
6135,BNW-BOL-HTM-M12-100MM,PCS,H/t Bolt - M 12 X 100MM,Fasteners & Fixings,,,,,PENDING,,,,,,,,,,,,,,,,,PENDING,pending,needs_permission,,,,RETRY_RESEARCHED_PENDING
6140,FAS-SHE-EYE-RING-4#,PCK,4 Sheep Eye Ring (10PCS/PCK),Fasteners & Fixings,,10PCS/PCK,,,PENDING,,,,,,,,,,,,,,,,,PENDING,pending,needs_permission,,,,RETRY_RESEARCHED_PENDING
6141,HOL-POR-E27,PCS,E27 Porcelin Holder Wire,Electrical,,E27,,,PENDING,,,,,,,,,,,,,,,,,PENDING,pending,needs_permission,,,,RETRY_RESEARCHED_PENDING
6143,IND-GAL-WIR-PVC-0.6MM-1MM,ROLL,Arrow Green PVC Coated Wire 0.6MM-1MMX18M,Electrical,,0.6MM-1MMX18M,,,PENDING,,,,,,,,,,,,,,,,,PENDING,pending,needs_permission,,,,RETRY_RESEARCHED_PENDING
6147,LEO-SUS304-MB-LSSB201,PCS,Leon Sus 304 Bibtap,Plumbing,,MB-LSSB201,,,PENDING,,,,,,,,,,,,,,,,,PENDING,pending,needs_permission,,,,RETRY_RESEARCHED_PENDING
6148,M-TP-SC-AG002,NOS,Stop Cock AG002,Plumbing,,AG002,,,PENDING,,,,,,,,,,,,,,,,,PENDING,pending,needs_permission,,,,RETRY_RESEARCHED_PENDING
6153,SHH-SPOOL-105,PCS,Fishing Spool HP-105,Fishing & Tackle,,HP-105,,,PENDING,,,,,,,,,,,,,,,,,PENDING,pending,needs_permission,,,,RETRY_RESEARCHED_PENDING
6154,SHH-SWIVEL-NO.2,PKT,Nickel Swivel No. 2,Fishing & Tackle,,NO.2,,,PENDING,,,,,,,,,,,,,,,,,PENDING,pending,needs_permission,,,,RETRY_RESEARCHED_PENDING
6156,SWI-SOC-ULT-M000W,PCS,Ultra 1 GANG Blank Plate-white (M000W),Electrical,,M000W,,,PENDING,,,,,,,,,,,,,,,,,PENDING,pending,needs_permission,,,,RETRY_RESEARCHED_PENDING
6157,TAP-SKC-M08X1.50,SET,Skc Hand Tap M08 X 1.50,Plumbing,,M08,,,PENDING,,,,,,,,,,,,,,,,,PENDING,pending,needs_permission,,,,RETRY_RESEARCHED_PENDING
6161,X-FLO-MOC-KV945,PCS,"Kv 945 12""X12 Homotiles",Power Tools,,X12,,,PENDING,,,,,,,,,,,,,,,,,PENDING,pending,needs_permission,,,,RETRY_RESEARCHED_PENDING
6162,X-FLO-MOC-KV951,PCS,12 X 12 Salto Guocera Tiles,Power Tools,,KV951,,,PENDING,,,,,,,,,,,,,,,,,PENDING,pending,needs_permission,,,,RETRY_RESEARCHED_PENDING
6166,"FIT-SS233-PLU-3/4""-SUS304",PCS,SS Square Plug 3/4,Electrical,,SS233,,,PENDING,,,,,,,,,,,,,,,,,PENDING,pending,needs_permission,,,,RETRY_RESEARCHED_PENDING
6172,"NAI-LOS-HEA-1.1/2""-500G",PCK,1 1/2 Lost HD Nails 500G,Fasteners & Fixings,,,,,PENDING,,,,,,,,,,,,,,,,,PENDING,pending,needs_permission,,,,RETRY_RESEARCHED_PENDING
6176,SHH-HOOK-HOLDER-SHH100,PCS,Yes Hook Holder 25CM-YHH25,Fishing & Tackle,,25CM-YHH25,,,PENDING,,,,,,,,,,,,,,,,,PENDING,pending,needs_permission,,,,RETRY_RESEARCHED_PENDING
6181,TOO-ELE-STR-WS104,EA,Tool Wire Striper,Electrical,,WS-104,,,PENDING,,,,,,,,,,,,,,,,,PENDING,pending,needs_permission,,,,RETRY_RESEARCHED_PENDING
6183,TOO-HOK-TIE-GD250,PCS,Gd Tie Hooks 250MM,Power Tools,,,,,PENDING,,,,,,,,,,,,,,,,,PENDING,pending,needs_permission,,,,RETRY_RESEARCHED_PENDING
6187,BNW-BOL-HTM-M16-100MM,PCS,H/t Bolt - M 16 X 100MM,Fasteners & Fixings,,,,,PENDING,,,,,,,,,,,,,,,,,PENDING,pending,needs_permission,,,,RETRY_RESEARCHED_PENDING
6188,CON-CAB-BOO-500AMP,PCS,Gd Booster Cable 500A,Electrical,,,,,PENDING,,,,,,,,,,,,,,,,,PENDING,pending,needs_permission,,,,RETRY_RESEARCHED_PENDING
6190,"DOR-FLU-SGD-35612""",PCS,12 SS St. Guchi Flush Bolt SGDB-35612,Fasteners & Fixings,,SGDB-35612,,,PENDING,,,,,,,,,,,,,,,,,PENDING,pending,needs_permission,,,,RETRY_RESEARCHED_PENDING
6191,"DOR-HIN-STE-5/8""",PCS,Steel HINGES-5/8,Doors & Hardware,,HINGES-5/8,,,PENDING,,,,,,,,,,,,,,,,,PENDING,pending,needs_permission,,,,RETRY_RESEARCHED_PENDING
6193,"FAS-SCR-TAP-CSK-8#3/8""-PCK",PCK,8 X3/8 Csk Self Tapping Screw-flat Head (20PCS/PCK),Fasteners & Fixings,,X3/8,,,PENDING,,,,,,,,,,,,,,,,,PENDING,pending,needs_permission,,,,RETRY_RESEARCHED_PENDING
6194,"FAS-SCR-TAP-PAN-8#1.1/4""",PCK,8 X1-1/4 Ph Self Tapping Screw-pan Head (20PCS/PCK),Fasteners & Fixings,,X1-1/4,,,PENDING,,,,,,,,,,,,,,,,,PENDING,pending,needs_permission,,,,RETRY_RESEARCHED_PENDING
6195,"FIT-SS375-TEE-1/2""",PCS,304 Mxfxm Tee W/flex Nut 1/2,Fasteners & Fixings,,SS375,,,PENDING,,,,,,,,,,,,,,,,,PENDING,pending,needs_permission,,,,RETRY_RESEARCHED_PENDING
6196,"FIT-YG225-BUSH-1/2""X3/8""-BRA",PCS,Brass Bushing 1/2 X 3/8,Plumbing,,YG225,,,PENDING,,,,,,,,,,,,,,,,,PENDING,pending,needs_permission,,,,RETRY_RESEARCHED_PENDING
6199,IND-GAL-WIR-PVC-1.1MM-1.4MM,ROLL,Arrow Green PVC Coated Wire 1.1MM-1.4MMX30M,Electrical,,1.1MM-1.4MMX30M,,,PENDING,,,,,,,,,,,,,,,,,PENDING,pending,needs_permission,,,,RETRY_RESEARCHED_PENDING
6205,"PIP-UPVC-4514-6""",MTR,6 (160MM) 4514 X 6M Upvc Pipe,Plumbing,,,,,PENDING,,,,,,,,,,,,,,,,,PENDING,pending,needs_permission,,,,RETRY_RESEARCHED_PENDING
6208,SHH-SPOOL-104,PCS,Fishing Spool HP-104,Fishing & Tackle,,HP-104,,,PENDING,,,,,,,,,,,,,,,,,PENDING,pending,needs_permission,,,,RETRY_RESEARCHED_PENDING
6210,SWI-PLU-GCE-128C-BLU,PCS,Gce 128C 13A Fuse Plugtop-blue,Electrical,,128C,,,PENDING,,,,,,,,,,,,,,,,,PENDING,pending,needs_permission,,,,RETRY_RESEARCHED_PENDING
6211,SWI-PLU-GCE-128C-GRE,PCS,Gce 128C 13A Fuse Plugtop-green,Electrical,,128C,,,PENDING,,,,,,,,,,,,,,,,,PENDING,pending,needs_permission,,,,RETRY_RESEARCHED_PENDING
6212,TAP-SKC-M06X1.00,SET,Skc Hand Tap M06 X 1.00,Plumbing,,M06,,,PENDING,,,,,,,,,,,,,,,,,PENDING,pending,needs_permission,,,,RETRY_RESEARCHED_PENDING
6214,TOO-CLA-F-ATB120X600,PCS,24 X 120MM Arrow F Type Wood Clamp,Hand Tools,,,,,PENDING,,,,,,,,,,,,,,,,,PENDING,pending,needs_permission,,,,RETRY_RESEARCHED_PENDING
6215,TOO-HEX-WRE-1.5MM-10MM,SET,Sunmoon Hex Wrench,Hand Tools,,1.5MM-10MM,,,PENDING,,,,,,,,,,,,,,,,,PENDING,pending,needs_permission,,,,RETRY_RESEARCHED_PENDING
6217,X-CUT-DIS-26172,PCS,"Br 6412 4""X1.0MM Green Cutting Disc",Abrasives & Cutting,,X1.0MM,,,PENDING,,,,,,,,,,,,,,,,,PENDING,pending,needs_permission,,,,RETRY_RESEARCHED_PENDING
6220,CAB-LUG-04-6,PCK,Cable Lug 4-6 (10PCS/PCK),Electrical,,10PCS/PCK,,,PENDING,,,,,,,,,,,,,,,,,PENDING,pending,needs_permission,,,,RETRY_RESEARCHED_PENDING
6221,CAR-TYRE-SHI-SHA-TWIN-PCK-500ML,PCS,Aa Car Care Tyre Shine + Wash Shampoo (twin Pack) 500ML,Automotive,,,,,PENDING,,,,,,,,,,,,,,,,,PENDING,pending,needs_permission,,,,RETRY_RESEARCHED_PENDING
6226,DRI-HSS-TWI-05MM,PCS,Blimax Hss Twist Drill BIT-3/16,Power Tool Accessories,,BIT-3/16,,,PENDING,,,,,,,,,,,,,,,,,PENDING,pending,needs_permission,,,,RETRY_RESEARCHED_PENDING
6227,FAS-RIV-PAT-3/16X1/2-PCK,PCK,Blind Rivet: Jaguar 3/16 X 1/2 (20PCS/PCK),Fasteners & Fixings,,20PCS/PCK,,,PENDING,,,,,,,,,,,,,,,,,PENDING,pending,needs_permission,,,,RETRY_RESEARCHED_PENDING
6228,FLO-MOC-DAD06,PCS,"12""X12 Sand Storm Grey Guocera Floor Tiles",Building Materials,,X12,,,PENDING,,,,,,,,,,,,,,,,,PENDING,pending,needs_permission,,,,RETRY_RESEARCHED_PENDING
6229,KGR-KIM-300ML-9213,TIN,300ML Kangaroo Kimtone 9213,Paint & Sundries,,,,,PENDING,,,,,,,,,,,,,,,,,PENDING,pending,needs_permission,,,,RETRY_RESEARCHED_PENDING
6230,MDD-CON-MALE-RED-1,PCK,Male Disconnects - Red (1.5MM) (10PCS/PCK),Electrical,,10PCS/PCK,,,PENDING,,,,,,,,,,,,,,,,,PENDING,pending,needs_permission,,,,RETRY_RESEARCHED_PENDING
6231,"NAI-LOS-HEA-1.1/2""-200G",PCK,1 1/2 Lost HD Nails 200G,Fasteners & Fixings,,,,,PENDING,,,,,,,,,,,,,,,,,PENDING,pending,needs_permission,,,,RETRY_RESEARCHED_PENDING
6233,POL-HAR-NYL-JM-665A-37~38MM,PCS,Harvesting Palm Oil Clip 1-1/2,Other,,JM-665A,,,PENDING,,,,,,,,,,,,,,,,,PENDING,pending,needs_permission,,,,RETRY_RESEARCHED_PENDING
6235,SHH-HOOK-HOLDER-YHH20,PCS,Yes Hook Holder 20CM-YHH20,Fishing & Tackle,,20CM-YHH20,,,PENDING,,,,,,,,,,,,,,,,,PENDING,pending,needs_permission,,,,RETRY_RESEARCHED_PENDING
6237,TOO-DRV-2WAY,PCS,K 2WAY Screw Driver,Fasteners & Fixings,,2WAY,,,PENDING,,,,,,,,,,,,,,,,,PENDING,pending,needs_permission,,,,RETRY_RESEARCHED_PENDING
6245,CEI-COR-C255`,PCS,C255 Cornices,Building Materials,,C255,,,PENDING,,,,,,,,,,,,,,,,,PENDING,pending,needs_permission,,,,RETRY_RESEARCHED_PENDING
6246,CEI-COR-C313`,PCS,C313 Cornices,Building Materials,,C313,,,PENDING,,,,,,,,,,,,,,,,,PENDING,pending,needs_permission,,,,RETRY_RESEARCHED_PENDING
6247,CEI-COR-C314`,PCS,C314 Cornices,Building Materials,,C314,,,PENDING,,,,,,,,,,,,,,,,,PENDING,pending,needs_permission,,,,RETRY_RESEARCHED_PENDING
6249,CLI-BAT-CLI-0025AMP,SET,L/duty Battery Clip 25AMP,Electrical,,25AMP,,,PENDING,,,,,,,,,,,,,,,,,PENDING,pending,needs_permission,,,,RETRY_RESEARCHED_PENDING
6252,"FIT-HDPE-NIP-1""X1""",PCS,HDPE Nipple 1 X 1,Plumbing,,L/P1.20,,,PENDING,,,,,,,,,,,,,,,,,PENDING,pending,needs_permission,,,,RETRY_RESEARCHED_PENDING
6253,"FIT-SS239R-SOC-REC-MXF-3/4""-SUS304",PCS,SS Mxf Reducing Socket 3/4,Electrical,,SS239R,,,PENDING,,,,,,,,,,,,,,,,,PENDING,pending,needs_permission,,,,RETRY_RESEARCHED_PENDING
6260,NAI-CON-ACE-16-BOX,BOX,Ace Galvanised Flat Head Nails 16 X 2.0 (500GM),Fasteners & Fixings,,500GM,,,PENDING,,,,,,,,,,,,,,,,,PENDING,pending,needs_permission,,,,RETRY_RESEARCHED_PENDING
6264,SHH-LINE-L/G-OSML40,PCS,Omega Shigeru Mono Line (green) 40LBS,Fishing & Tackle,,40LBS,,,PENDING,,,,,,,,,,,,,,,,,PENDING,pending,needs_permission,,,,RETRY_RESEARCHED_PENDING
6265,SHH-LINE-L/G-OSML50,PCS,Omega Shigeru Mono Line (green) 50LBS,Fishing & Tackle,,50LBS,,,PENDING,,,,,,,,,,,,,,,,,PENDING,pending,needs_permission,,,,RETRY_RESEARCHED_PENDING
6266,SHH-LINE-L/G-OSMLB8,PCS,Omega Shigeru Mono Line 8LBS (green),Fishing & Tackle,,8LBS,,,PENDING,,,,,,,,,,,,,,,,,PENDING,pending,needs_permission,,,,RETRY_RESEARCHED_PENDING
6267,SHH-RING-3WAY-50LB,PKT,3 Way Wire Rig (i-fixh) 50LB (7CM),Electrical,,50LB,,,PENDING,,,,,,,,,,,,,,,,,PENDING,pending,needs_permission,,,,RETRY_RESEARCHED_PENDING
6269,X-FLO-MOC-KP106B,PCS,KP106B 300X300MM,Power Tools,,KP106B,,,PENDING,,,,,,,,,,,,,,,,,PENDING,pending,needs_permission,,,,RETRY_RESEARCHED_PENDING
6270,X-FLO-MOC-KP106D,PCS,KP106D 300X300MM,Power Tools,,KP106D,,,PENDING,,,,,,,,,,,,,,,,,PENDING,pending,needs_permission,,,,RETRY_RESEARCHED_PENDING
6271,X-FLO-MOC-KP106E,PCS,KP106E 300X300MM,Power Tools,,KP106E,,,PENDING,,,,,,,,,,,,,,,,,PENDING,pending,needs_permission,,,,RETRY_RESEARCHED_PENDING
6275,DRI-HSS-TWI-06MM,PCS,Blimax Hss Twist Drill BIT-1/4,Power Tool Accessories,,BIT-1/4,,,PENDING,,,,,,,,,,,,,,,,,PENDING,pending,needs_permission,,,,RETRY_RESEARCHED_PENDING
6278,FLO-MOC-SP121D,PCS,12 X 24 Guocera Homogenoues Tiles,Flooring,,SP121D,,,PENDING,,,,,,,,,,,,,,,,,PENDING,pending,needs_permission,,,,RETRY_RESEARCHED_PENDING
6279,FLO-MOC-SP121F,PCS,12 X 24 Homo Tile SP121F,Flooring,,SP121F,,,PENDING,,,,,,,,,,,,,,,,,PENDING,pending,needs_permission,,,,RETRY_RESEARCHED_PENDING
6284,SHH-LINE-L/G-OHML10,PCS,Omega Hayasu Mono Line (rainbows) 10LBS,Fishing & Tackle,,10LBS,,,PENDING,,,,,,,,,,,,,,,,,PENDING,pending,needs_permission,,,,RETRY_RESEARCHED_PENDING
6286,TOO-DRV-SETW0557,SET,6PCS Screw Drivers Set,Fasteners & Fixings,,W0557,,,PENDING,,,,,,,,,,,,,,,,,PENDING,pending,needs_permission,,,,RETRY_RESEARCHED_PENDING
6289,X-FLO-MOC-30B140,PCS,"12""X12 Floor Tiles 30B140",Power Tools,,X12,,,PENDING,,,,,,,,,,,,,,,,,PENDING,pending,needs_permission,,,,RETRY_RESEARCHED_PENDING
6290,X-FLO-MOC-M33806,PCS,M33806 30X30CM Tiles,Power Tools,,M33806,,,PENDING,,,,,,,,,,,,,,,,,PENDING,pending,needs_permission,,,,RETRY_RESEARCHED_PENDING
6291,X-FLO-MOC-M33807,PCS,M33807 30X30CM,Power Tools,,M33807,,,PENDING,,,,,,,,,,,,,,,,,PENDING,pending,needs_permission,,,,RETRY_RESEARCHED_PENDING
6295,CLO-SHRT-1094L-14,PCS,Golden Horse Working Shirt 1094L - 14,Other,,,,,PENDING,,,,,,,,,,,,,,,,,PENDING,pending,needs_permission,,,,RETRY_RESEARCHED_PENDING
6297,ELE-PVC-BOX-TC4X4,EA,Tc 4X4 PVC Enclosure Box,Electrical,,4X4,,,PENDING,,,,,,,,,,,,,,,,,PENDING,pending,needs_permission,,,,RETRY_RESEARCHED_PENDING
6298,FAS-BOL-ANC12,PCK,Sh Drop IN Anchor 1/2 X 2 (5PCS/PCK),Fasteners & Fixings,,5PCS/PCK,,,PENDING,,,,,,,,,,,,,,,,,PENDING,pending,needs_permission,,,,RETRY_RESEARCHED_PENDING
6299,"FAS-SCR-TAP-CSK-10#1""",PACK,10 X1 Csk Self Tapping Screw-flat Head (10PCS/PCK),Fasteners & Fixings,,10PCS/PCK,,,PENDING,,,,,,,,,,,,,,,,,PENDING,pending,needs_permission,,,,RETRY_RESEARCHED_PENDING
6308,SHH-BOX-TB10A,PCS,Tackle Box (adjust),Fishing & Tackle,,TB10A,,,PENDING,,,,,,,,,,,,,,,,,PENDING,pending,needs_permission,,,,RETRY_RESEARCHED_PENDING
6310,SHH-HOOK-9255SS-3/0,PKT,Eupro Octopus S/s Hook No. 3/0(9'S),Fishing & Tackle,,9255SS,,,PENDING,,,,,,,,,,,,,,,,,PENDING,pending,needs_permission,,,,RETRY_RESEARCHED_PENDING
6312,SWI-KAT-BRE-KT325,PCS,Katko Load Break Isolating Switch KT325,Electrical,,KT325,,,PENDING,,,,,,,,,,,,,,,,,PENDING,pending,needs_permission,,,,RETRY_RESEARCHED_PENDING
6318,X-FLO-MOC-30PS18,PCS,12 X 12 Floor Tiles 30PS18,Power Tools,,30PS18,,,PENDING,,,,,,,,,,,,,,,,,PENDING,pending,needs_permission,,,,RETRY_RESEARCHED_PENDING
6319,X-SWI-LWD-1WAY-2GANG,PCS,Niko S - 1G1W Switch White,Electrical,,1G1W,,,PENDING,,,,,,,,,,,,,,,,,PENDING,pending,needs_permission,,,,RETRY_RESEARCHED_PENDING
6323,CAR-WAX-DIS,PCS,Dsl Dispel - 500ML,Automotive,,,,,PENDING,,,,,,,,,,,,,,,,,PENDING,pending,needs_permission,,,,RETRY_RESEARCHED_PENDING
6325,ELE-HOL-MX660/A,PCS,13A E27 Night Light Holder,Electrical,,E27,,,PENDING,,,,,,,,,,,,,,,,,PENDING,pending,needs_permission,,,,RETRY_RESEARCHED_PENDING
6326,"FIT-YG235-TEE-1/4""-BRA",PCS,Brass Equal Tee 1/4,Plumbing,,YG235,,,PENDING,,,,,,,,,,,,,,,,,PENDING,pending,needs_permission,,,,RETRY_RESEARCHED_PENDING
6329,"MET-WAT-WASHER-1/2""",PCK,Water Meter Washer 1/2 (2PCS/PCK),Fasteners & Fixings,,2PCS/PCK,,,PENDING,,,,,,,,,,,,,,,,,PENDING,pending,needs_permission,,,,RETRY_RESEARCHED_PENDING
6332,TAP-SKC-M10X1.50,SET,Skc Hand Tap M10 X 1.50,Plumbing,,M10,,,PENDING,,,,,,,,,,,,,,,,,PENDING,pending,needs_permission,,,,RETRY_RESEARCHED_PENDING
6336,X-FLO-MOC-30AAS80,PCS,"12""X12 Floor Tiles KH30AAS80",Power Tools,,X12,,,PENDING,,,,,,,,,,,,,,,,,PENDING,pending,needs_permission,,,,RETRY_RESEARCHED_PENDING
6337,X-FLO-MOC-30LS02,PCS,12 X 12 Floor Tiles 30LS02,Power Tools,,30LS02,,,PENDING,,,,,,,,,,,,,,,,,PENDING,pending,needs_permission,,,,RETRY_RESEARCHED_PENDING
6338,X-FLO-MOC-BR3030WW,PCS,300MM X 300MM BR3030WW,Power Tools,,BR3030WW,,,PENDING,,,,,,,,,,,,,,,,,PENDING,pending,needs_permission,,,,RETRY_RESEARCHED_PENDING
6345,"FIT-SS239-SOC-MXF-3/4""-SUS304",PCS,"Mxf Socket 3/4""X3/4",Electrical,,X3/4,,,PENDING,,,,,,,,,,,,,,,,,PENDING,pending,needs_permission,,,,RETRY_RESEARCHED_PENDING
6352,SWI-SOC-KB15,PCS,Schneider-vivace 13A 250V 1G Switched Socket,Electrical,,,,,PENDING,,,,,,,,,,,,,,,,,PENDING,pending,needs_permission,,,,RETRY_RESEARCHED_PENDING
6361,DRI-AUG-2WAY-09MM,PCS,T&t 2WAY Auger BIT-3/8,Power Tool Accessories,,2WAY,,,PENDING,,,,,,,,,,,,,,,,,PENDING,pending,needs_permission,,,,RETRY_RESEARCHED_PENDING
6363,LAM-INC-RF300WH,BOX,300W Sport Light,Lighting,,,,,PENDING,,,,,,,,,,,,,,,,,PENDING,pending,needs_permission,,,,RETRY_RESEARCHED_PENDING
6366,PLA-BAG-6X9X500G,ROLL,6 X 9 X 500G Hd/roll,Packaging,,,,,PENDING,,,,,,,,,,,,,,,,,PENDING,pending,needs_permission,,,,RETRY_RESEARCHED_PENDING
6375,SCP-TOI-CONCR-CLE-500ML,BTL,500ML Scp Concrete Cleaner,Chemicals & Adhesives,,,,,PENDING,,,,,,,,,,,,,,,,,PENDING,pending,needs_permission,,,,RETRY_RESEARCHED_PENDING
6376,SHH-FROG-FG108737-37MM,PCS,Hytac Frog 37MM 8.4G (mix Colour),Fishing & Tackle,,FG108737,,,PENDING,,,,,,,,,,,,,,,,,PENDING,pending,needs_permission,,,,RETRY_RESEARCHED_PENDING
6379,"SIN-FLE-PVC-OUT-1.1/2""",PCS,Corsa Flexible Hose 1/2 (350-800MM),Plumbing,,350-800MM,,,PENDING,,,,,,,,,,,,,,,,,PENDING,pending,needs_permission,,,,RETRY_RESEARCHED_PENDING
6380,TAB-PVC-187-15,ROLL,137CM X 25M Thick 107 Table Cloth - 494-10,Housewares,,,,,PENDING,,,,,,,,,,,,,,,,,PENDING,pending,needs_permission,,,,RETRY_RESEARCHED_PENDING
6381,TIE-CAB-WHI-100MM,PCK,"White PVC Cable Ties 100MM (4"")",Electrical,,,,,PENDING,,,,,,,,,,,,,,,,,PENDING,pending,needs_permission,,,,RETRY_RESEARCHED_PENDING
6382,TOI-TRAP-AC15S,NOS,S-trap AC15S,Plumbing,,AC15S,,,PENDING,,,,,,,,,,,,,,,,,PENDING,pending,needs_permission,,,,RETRY_RESEARCHED_PENDING
6408,TOO-CLA-F-ATB120X300,PCS,12 X 120MM Arrow F Type Wood Clamp,Hand Tools,,,,,PENDING,,,,,,,,,,,,,,,,,PENDING,pending,needs_permission,,,,RETRY_RESEARCHED_PENDING
6412,X-FLO-MOC-30QG30,PCS,"12""X12 Floor Tiles 30QG30",Power Tools,,X12,,,PENDING,,,,,,,,,,,,,,,,,PENDING,pending,needs_permission,,,,RETRY_RESEARCHED_PENDING
6413,X-FLO-MOC-30RCP14,PCS,12 X 12 Floor Tiles 30RCP14,Power Tools,,30RCP14,,,PENDING,,,,,,,,,,,,,,,,,PENDING,pending,needs_permission,,,,RETRY_RESEARCHED_PENDING
6414,X-FLO-MOC-30RCP24,PCS,12 X 12 Floor Tiles 30RCP24,Power Tools,,30RCP24,,,PENDING,,,,,,,,,,,,,,,,,PENDING,pending,needs_permission,,,,RETRY_RESEARCHED_PENDING
6415,X-FLO-MOC-A30FT20,PCS,A30FT20 300X300MM,Power Tools,,A30FT20,,,PENDING,,,,,,,,,,,,,,,,,PENDING,pending,needs_permission,,,,RETRY_RESEARCHED_PENDING
6416,X-FLO-MOC-A30FT40,PCS,A30FT40 300X300MM,Power Tools,,A30FT40,,,PENDING,,,,,,,,,,,,,,,,,PENDING,pending,needs_permission,,,,RETRY_RESEARCHED_PENDING
6434,BNW-WAS-SPR-16MM,PCK,Bsw Spring Washer 5/8 (8PCS/PCK),Fasteners & Fixings,,8PCS/PCK,,,PENDING,,,,,,,,,,,,,,,,,PENDING,pending,needs_permission,,,,RETRY_RESEARCHED_PENDING
6437,CUT-BLA-LB39H,PCS,Tajima Spare Blade - 9MM,Abrasives & Cutting,,LB39H,,,PENDING,,,,,,,,,,,,,,,,,PENDING,pending,needs_permission,,,,RETRY_RESEARCHED_PENDING
6439,DZ-GEN-BCC-14X250X20,PCS,Star Flat Chisel (mm),Power Tool Accessories,,SDS-14X250X20,,,PENDING,,,,,,,,,,,,,,,,,PENDING,pending,needs_permission,,,,RETRY_RESEARCHED_PENDING
6441,FIT-PVC-ELB-45DEG40MM,PCS,PVC Fitting Elbow 40MM (4.5') 1.1/2,Plumbing,,45-DEG,,,PENDING,,,,,,,,,,,,,,,,,PENDING,pending,needs_permission,,,,RETRY_RESEARCHED_PENDING
6442,FLO-MOC-NT311,PCS,NT311 30X60CM,Flooring,,NT311,,,PENDING,,,,,,,,,,,,,,,,,PENDING,pending,needs_permission,,,,RETRY_RESEARCHED_PENDING
6443,FLO-MOC-NT312,PCS,NT312 30X60CM,Flooring,,NT312,,,PENDING,,,,,,,,,,,,,,,,,PENDING,pending,needs_permission,,,,RETRY_RESEARCHED_PENDING
6444,FLO-MOC-NT313,PCS,NT313 30X60CM,Flooring,,NT313,,,PENDING,,,,,,,,,,,,,,,,,PENDING,pending,needs_permission,,,,RETRY_RESEARCHED_PENDING
6449,"NAI-CON-GAL-3""-PCK",PCK,3 Galvanised Steel Nail (10PCS/PCK),Fasteners & Fixings,,10PCS/PCK,,,PENDING,,,,,,,,,,,,,,,,,PENDING,pending,needs_permission,,,,RETRY_RESEARCHED_PENDING
6450,NUM-60MM-L,PCS,Acp Alphabet 60MM - L,Signage & Numbering,,,,,PENDING,,,,,,,,,,,,,,,,,PENDING,pending,needs_permission,,,,RETRY_RESEARCHED_PENDING
6454,SAF-BOX-ADS-20,UNIT,"Aero Digital Safety Box 200 X 310 X 200MM, 4.5KG",Safety & Workwear,,,,,PENDING,,,,,,,,,,,,,,,,,PENDING,pending,needs_permission,,,,RETRY_RESEARCHED_PENDING
6455,SHH-FROG-LURE-H21,PCS,H21 Huizhu Fishing Lure Frog 4.5CM (soft),Fishing & Tackle,,H21,,,PENDING,,,,,,,,,,,,,,,,,PENDING,pending,needs_permission,,,,RETRY_RESEARCHED_PENDING
6456,"SHH-LIN-I-FIXH-6""",PKT,I-fixh Wire Leader 6,Electrical,,50LBS,,,PENDING,,,,,,,,,,,,,,,,,PENDING,pending,needs_permission,,,,RETRY_RESEARCHED_PENDING
6457,SIN-BAS-VIP-NO.51,PCS,No. 51 Vip Washbasin Waste (pop-up) W/o Overflow,Plumbing,,NO.51,,,PENDING,,,,,,,,,,,,,,,,,PENDING,pending,needs_permission,,,,RETRY_RESEARCHED_PENDING
6458,SOC-SWI-162MCS,PCS,Socket Outlet,Electrical,,162MCS,,,PENDING,,,,,,,,,,,,,,,,,PENDING,pending,needs_permission,,,,RETRY_RESEARCHED_PENDING
6463,TOO-MAG-BIT-BLIMAX,PCS,Blimax M2 Power (+)(-),Power Tools,,BIT-PH2X65MM,,,PENDING,,,,,,,,,,,,,,,,,PENDING,pending,needs_permission,,,,RETRY_RESEARCHED_PENDING
6465,VAL-BAL-MMAN-7733#X1/2,PCS,M'man Ball Valve X 1/2,Plumbing,,W/THREAD-7733,,,PENDING,,,,,,,,,,,,,,,,,PENDING,pending,needs_permission,,,,RETRY_RESEARCHED_PENDING
6468,CAR-WAX-UV-PROTEC,BTL,Aa Car Care UV Protectant 350ML,Automotive,,,,,PENDING,,,,,,,,,,,,,,,,,PENDING,pending,needs_permission,,,,RETRY_RESEARCHED_PENDING
6473,FAS-SCR-ZPH-DSMHO625,PCK,Sr Zph Self Drilling Screw DSM-HO625(20PCS/PCK),Fasteners & Fixings,,DSM-HO625,,,PENDING,,,,,,,,,,,,,,,,,PENDING,pending,needs_permission,,,,RETRY_RESEARCHED_PENDING
6476,IND-WHE-TYR-BEA,PCS,Wheel Barrow,Building Materials,,BEARING-3516,,,PENDING,,,,,,,,,,,,,,,,,PENDING,pending,needs_permission,,,,RETRY_RESEARCHED_PENDING
6483,SWI-PLU-UMS-150 15A,PCS,Ums 15A Air Cond P/top SIRIM,Electrical,,PT150R,,,PENDING,,,,,,,,,,,,,,,,,PENDING,pending,needs_permission,,,,RETRY_RESEARCHED_PENDING
6486,"AER-FA6-2""-FITTING",PCS,Aerico FA6-2 Fitting,Plumbing,,FA6-2,,,PENDING,,,,,,,,,,,,,,,,,PENDING,pending,needs_permission,,,,RETRY_RESEARCHED_PENDING
6492,CLO-SHRT-1094L-16,PCS,Golden Horse Working Shirt 1094L - 16,Other,,,,,PENDING,,,,,,,,,,,,,,,,,PENDING,pending,needs_permission,,,,RETRY_RESEARCHED_PENDING
6496,ELE-CON-MAG-SC-N25,BOX,Contactor SC-N2S,Electrical,,SC-N2S,,,PENDING,,,,,,,,,,,,,,,,,PENDING,pending,needs_permission,,,,RETRY_RESEARCHED_PENDING
6498,"FIT-SS355-TEE-1/2""",PCS,304 Mxfxm Tee 1/2,Plumbing,,SS355,,,PENDING,,,,,,,,,,,,,,,,,PENDING,pending,needs_permission,,,,RETRY_RESEARCHED_PENDING
6499,"FIT-SS366-TEE-1/2""",PCS,304 Fxfxm Tee 1/2 SS366,Plumbing,,SS366,,,PENDING,,,,,,,,,,,,,,,,,PENDING,pending,needs_permission,,,,RETRY_RESEARCHED_PENDING
6500,FIT-UPVC-SOC-82X50MM,PCS,U-pvc Socket Reducing 3 X 2,Electrical,,82X50MM,,,PENDING,,,,,,,,,,,,,,,,,PENDING,pending,needs_permission,,,,RETRY_RESEARCHED_PENDING
6501,NAI-FEL-SUP-32MM-500G,PKT,E. G Felt Nail 32MM - 500G,Fasteners & Fixings,,,,,PENDING,,,,,,,,,,,,,,,,,PENDING,pending,needs_permission,,,,RETRY_RESEARCHED_PENDING
6512,VAL-BAL-VIP-MM12MM,PCS,323MM - 1/2 Vip Chrome Mini Valves,Plumbing,,,,,PENDING,,,,,,,,,,,,,,,,,PENDING,pending,needs_permission,,,,RETRY_RESEARCHED_PENDING
6513,"WAL-PLU-NYLON-8#X3""",PCK,"B133 Nylon Wall Plug-m'sia 8 X3""(10PCS/PCK)",Fasteners & Fixings,,B133,,,PENDING,,,,,,,,,,,,,,,,,PENDING,pending,needs_permission,,,,RETRY_RESEARCHED_PENDING
6514,X-FLO-MOC-BR3030BW,PCS,300MM X 300MM BR3030BW,Power Tools,,BR3030BW,,,PENDING,,,,,,,,,,,,,,,,,PENDING,pending,needs_permission,,,,RETRY_RESEARCHED_PENDING
6515,X-FLO-MOC-BR3030NSG,PCS,BR3030NSG 30CMX30CM,Power Tools,,BR3030NSG,,,PENDING,,,,,,,,,,,,,,,,,PENDING,pending,needs_permission,,,,RETRY_RESEARCHED_PENDING
6523,CAR-WIN-WIP-350ML,PCS,Aa Car Care Windshield Cleaner 350ML,Automotive,,,,,PENDING,,,,,,,,,,,,,,,,,PENDING,pending,needs_permission,,,,RETRY_RESEARCHED_PENDING
6524,"CUT-KNI-STA-DYN-5.5/8""-10779-8",PCS,5-5/8 X 144MM Dynagrip Retractable Utility Knife,Hand Tools,,,,,PENDING,,,,,,,,,,,,,,,,,PENDING,pending,needs_permission,,,,RETRY_RESEARCHED_PENDING
6528,HOS-CON-ADA-ECOG4026,PCS,"Ecogreen- Tap Adaptor / 1/2""-3/4",Electrical,,EG4026,,,PENDING,,,,,,,,,,,,,,,,,PENDING,pending,needs_permission,,,,RETRY_RESEARCHED_PENDING
6529,I-30CC-PELIKAN,BOT,Pelikan Stamp Pad Ink-blue,Other,,300CC,,,PENDING,,,,,,,,,,,,,,,,,PENDING,pending,needs_permission,,,,RETRY_RESEARCHED_PENDING
6534,NUM-60MM-J,PCS,Acp Alphabet 60MM - J,Signage & Numbering,,,,,PENDING,,,,,,,,,,,,,,,,,PENDING,pending,needs_permission,,,,RETRY_RESEARCHED_PENDING
6535,PAI-ROL-REF-L420*,PCS,Leon 4 Paint Roller,Paint & Sundries,,REFILL-L420,,,PENDING,,,,,,,,,,,,,,,,,PENDING,pending,needs_permission,,,,RETRY_RESEARCHED_PENDING
6536,PYE-KREK-SEAL-500ML,TIN,PYE Krek-seal 500ML,Building Materials,,,,,PENDING,,,,,,,,,,,,,,,,,PENDING,pending,needs_permission,,,,RETRY_RESEARCHED_PENDING
6539,SHH-PLA-NET-NEEDLE-NO.1-GRE,PCS,Plastic Net Needle No. 1 (green),Fishing & Tackle,,NO.1,,,PENDING,,,,,,,,,,,,,,,,,PENDING,pending,needs_permission,,,,RETRY_RESEARCHED_PENDING
6541,TOO-DRV-KT107-Z125,PCS,"125MM (5""-6)107 King Top (-) Screw Driver",Fasteners & Fixings,,,,,PENDING,,,,,,,,,,,,,,,,,PENDING,pending,needs_permission,,,,RETRY_RESEARCHED_PENDING
6550,FLO-MOC-ECO36019GBLK,PCS,Honeycomb Black,Flooring,,ECO36019GBLK,,,PENDING,,,,,,,,,,,,,,,,,PENDING,pending,needs_permission,,,,RETRY_RESEARCHED_PENDING
6551,FLO-MOC-ECO36019GMDC,PCS,Honeycomb Decor,Flooring,,ECO36019GMDC,,,PENDING,,,,,,,,,,,,,,,,,PENDING,pending,needs_permission,,,,RETRY_RESEARCHED_PENDING
6554,PAI-TIG-250ML-ALUM,TIN,250ML Tiger G. P 203 Aluminium (TIN),Paint & Sundries,,,,,PENDING,,,,,,,,,,,,,,,,,PENDING,pending,needs_permission,,,,RETRY_RESEARCHED_PENDING
6557,RAI-COA-PON-YY1030H-GRE,PCS,0.30MM 700G Poncho Raincoat,Curtains & Blinds,,,,,PENDING,,,,,,,,,,,,,,,,,PENDING,pending,needs_permission,,,,RETRY_RESEARCHED_PENDING
6562,SHH-RING-2WAY-40LB,PKT,2 Way Wire Rig (i-fixh) 50LB (7CM) (631802),Electrical,,50LB,,,PENDING,,,,,,,,,,,,,,,,,PENDING,pending,needs_permission,,,,RETRY_RESEARCHED_PENDING
6564,SWI-OMS-MIR-SHORT,PCS,Series Microswitch Limit Switch Short,Electrical,,LXW5-11G2,,,PENDING,,,,,,,,,,,,,,,,,PENDING,pending,needs_permission,,,,RETRY_RESEARCHED_PENDING
6565,SWI-POL-HEA-SWI-250V,PCS,Pol 20A Heater Switch 250V Neon,Electrical,,,,,PENDING,,,,,,,,,,,,,,,,,PENDING,pending,needs_permission,,,,RETRY_RESEARCHED_PENDING
6567,TOO-DRV-KT107,PCS,"200MM (8""-6) 107 King Top (-) Screw Driver",Fasteners & Fixings,,,,,PENDING,,,,,,,,,,,,,,,,,PENDING,pending,needs_permission,,,,RETRY_RESEARCHED_PENDING
6579,FLO-MOC-WGC902D,PCS,Noto White WGC902D 300X600MM,Flooring,,WGC902D,,,PENDING,,,,,,,,,,,,,,,,,PENDING,pending,needs_permission,,,,RETRY_RESEARCHED_PENDING
6582,HOS-SPA-WAS-RUB-C666-N,CARD,C666 Rubber Washer,Fasteners & Fixings,,C666,,,PENDING,,,,,,,,,,,,,,,,,PENDING,pending,needs_permission,,,,RETRY_RESEARCHED_PENDING
6586,SHH-FLOAT-FF150,PKT,"(1.1/2"") Plastic Float (2PCS/PCK)",Fishing & Tackle,,2PCS/PCK,,,PENDING,,,,,,,,,,,,,,,,,PENDING,pending,needs_permission,,,,RETRY_RESEARCHED_PENDING
6587,SHH-FROG-FLB-MIX,PCS,Fishing Lures Big (mix Colour),Fishing & Tackle,,100MM-140MM,,,PENDING,,,,,,,,,,,,,,,,,PENDING,pending,needs_permission,,,,RETRY_RESEARCHED_PENDING
6589,SHH-RING-1WAY-50LB,PKT,1 Way Wire Rig (i-fixh) 50LB (7CM),Electrical,,50LB,,,PENDING,,,,,,,,,,,,,,,,,PENDING,pending,needs_permission,,,,RETRY_RESEARCHED_PENDING
6598,BNW-BOL-HTM-M14-100MM,PCS,H/t Bolt - M 14 X 100MM,Fasteners & Fixings,,,,,PENDING,,,,,,,,,,,,,,,,,PENDING,pending,needs_permission,,,,RETRY_RESEARCHED_PENDING
6601,BNW-WAS-SPR-14MM,PCK,Bsw Spring Washer 9/16 (8PCS/PCK),Fasteners & Fixings,,8PCS/PCK,,,PENDING,,,,,,,,,,,,,,,,,PENDING,pending,needs_permission,,,,RETRY_RESEARCHED_PENDING
6602,BNW-WAS-SPR-9MM,PCK,Bsw Spring Washer 3/8 (8PCS/PCK),Fasteners & Fixings,,8PCS/PCK,,,PENDING,,,,,,,,,,,,,,,,,PENDING,pending,needs_permission,,,,RETRY_RESEARCHED_PENDING
6603,COC-STO-RA-G501B,PCS,Stopvavle Ra Truflo,Plumbing,,G501B,,,PENDING,,,,,,,,,,,,,,,,,PENDING,pending,needs_permission,,,,RETRY_RESEARCHED_PENDING
6611,SHH-HOOK-9255SS-6,PKT,Eupro Octopus S/s Hook No. 6 (11'S),Fishing & Tackle,,9255SS,,,PENDING,,,,,,,,,,,,,,,,,PENDING,pending,needs_permission,,,,RETRY_RESEARCHED_PENDING
6614,SWI-SOC-UMS2913A,PCS,Ums 13A Pc S/socket Outlet 2913A,Electrical,,,,,PENDING,,,,,,,,,,,,,,,,,PENDING,pending,needs_permission,,,,RETRY_RESEARCHED_PENDING
6616,ADH-ELE-3G,PCS,X'traseal Super Glue (economy PACK)3GX12 (PCS),Chemicals & Adhesives,,3GX12,,,PENDING,,,,,,,,,,,,,,,,,PENDING,pending,needs_permission,,,,RETRY_RESEARCHED_PENDING
6618,BIB-TAP-LUX-LT8523,PCS,Luxtec Wall Bibtap LT-8523,Plumbing,,LT-8523,,,PENDING,,,,,,,,,,,,,,,,,PENDING,pending,needs_permission,,,,RETRY_RESEARCHED_PENDING
6623,COC-BIB-LUX-LT8513,PCS,Luxtec Wall Bibtap LT-8513,Plumbing,,LT-8513,,,PENDING,,,,,,,,,,,,,,,,,PENDING,pending,needs_permission,,,,RETRY_RESEARCHED_PENDING
6630,"NAI-CON-GAL-2""-PCK",PCK,2 Galvanised Steel Nail (20PCS/PCK),Fasteners & Fixings,,20PCS/PCK,,,PENDING,,,,,,,,,,,,,,,,,PENDING,pending,needs_permission,,,,RETRY_RESEARCHED_PENDING
6632,"PIP-UPVC-6""",MTR,"6""(160MM) Ut X 6M Upvc Pipe",Plumbing,,,,,PENDING,,,,,,,,,,,,,,,,,PENDING,pending,needs_permission,,,,RETRY_RESEARCHED_PENDING
6644,"FIT-YG231-ELB-MXF-1/2""-BRA",PCS,Brass Mxf Elbow 1/2,Plumbing,,YG231,,,PENDING,,,,,,,,,,,,,,,,,PENDING,pending,needs_permission,,,,RETRY_RESEARCHED_PENDING
6646,MDD-CON-MALE-BLUE-1,PCK,Male Disconnects - Blue (2.5MM) (10PCS/PCK),Electrical,,10PCS/PCK,,,PENDING,,,,,,,,,,,,,,,,,PENDING,pending,needs_permission,,,,RETRY_RESEARCHED_PENDING
6652,BNW-WAS-SPR-12MM,PCK,Bsw Spring Washer 1/2 (8PCS/PCK),Fasteners & Fixings,,8PCS/PCK,,,PENDING,,,,,,,,,,,,,,,,,PENDING,pending,needs_permission,,,,RETRY_RESEARCHED_PENDING
6667,"NAI-CON-GAL-1""-PCK",PCK,1 Galvanised Steel Nail (20PCS/PCK),Fasteners & Fixings,,20PCS/PCK,,,PENDING,,,,,,,,,,,,,,,,,PENDING,pending,needs_permission,,,,RETRY_RESEARCHED_PENDING
6669,TIE-CAB-SS-150MM,PCK,SS Cable Ties (10PCS/PCK) SUS304 M4.6X150MM,Electrical,,10PCS/PCK,,,PENDING,,,,,,,,,,,,,,,,,PENDING,pending,needs_permission,,,,RETRY_RESEARCHED_PENDING
6670,TOO-CLA-SPR-ASC150MM,PCS,Arrow Nylon Spring Clamp 6 (150MM),Hand Tools,,,,,PENDING,,,,,,,,,,,,,,,,,PENDING,pending,needs_permission,,,,RETRY_RESEARCHED_PENDING
6672,TOO-SOC-CON-BFC24,PCS,"1/2""X75MMX6MM Socket Connector",Electrical,,X75MMX6MM,,,PENDING,,,,,,,,,,,,,,,,,PENDING,pending,needs_permission,,,,RETRY_RESEARCHED_PENDING
6677,CHI-15105-75,PCS,Sds Max Shank Spade Chisel 18X280X75MM,Power Tool Accessories,,18X280X75MM,,,PENDING,,,,,,,,,,,,,,,,,PENDING,pending,needs_permission,,,,RETRY_RESEARCHED_PENDING
6679,FIT-GAL-NIP-REC-12MMX18MM,PCS,%galvanised Reducing Nipple (281),Plumbing,,12MMX18MM,,,PENDING,,,,,,,,,,,,,,,,,PENDING,pending,needs_permission,,,,RETRY_RESEARCHED_PENDING
6680,FIT-UPVC-SLE-110MM,PCS,U-pvc Sleeve 110MM 4,Plumbing,,,,,PENDING,,,,,,,,,,,,,,,,,PENDING,pending,needs_permission,,,,RETRY_RESEARCHED_PENDING
6681,FLO-MOC-LS414YLW,PCS,Lisa Yellow (LS414YLW),Flooring,,LS414YLW,,,PENDING,,,,,,,,,,,,,,,,,PENDING,pending,needs_permission,,,,RETRY_RESEARCHED_PENDING
6682,GUN-GRE-NIP-STR-M10X1.0,PCS,S. K Straight Grease Nipple M10 X 1.0,Fasteners & Fixings,,M10,,,PENDING,,,,,,,,,,,,,,,,,PENDING,pending,needs_permission,,,,RETRY_RESEARCHED_PENDING
6686,NAI-AIR-LEO-T32,BOX,Leo Air Nail - T32,Fasteners & Fixings,,T32,,,PENDING,,,,,,,,,,,,,,,,,PENDING,pending,needs_permission,,,,RETRY_RESEARCHED_PENDING
6689,SHH-SINKER-ROUND-NO.6,PCK,Round Shape Sinker 6 (1PC/PCK),Fishing & Tackle,,1PC/PCK,,,PENDING,,,,,,,,,,,,,,,,,PENDING,pending,needs_permission,,,,RETRY_RESEARCHED_PENDING
6691,SWI-BAT-JK861,PCS,JK861 Switch,Electrical,,JK861,,,PENDING,,,,,,,,,,,,,,,,,PENDING,pending,needs_permission,,,,RETRY_RESEARCHED_PENDING
6698,DOR-DEA-BOL-SGD-793AC,PCS,AC St. Guchi Deadbolt Latch Brass Bolt,Fasteners & Fixings,,SGCL-793,,,PENDING,,,,,,,,,,,,,,,,,PENDING,pending,needs_permission,,,,RETRY_RESEARCHED_PENDING
6704,FIT-UPVC-CAP-110MM,PCS,U-pvc End Cap 110MM 4,Plumbing,,,,,PENDING,,,,,,,,,,,,,,,,,PENDING,pending,needs_permission,,,,RETRY_RESEARCHED_PENDING
6705,"FIT-YG232-ELB-1/4""-BRA",PCS,Brass Equal Elbow 1/4,Plumbing,,YG232,,,PENDING,,,,,,,,,,,,,,,,,PENDING,pending,needs_permission,,,,RETRY_RESEARCHED_PENDING
6709,"PIP-UPVC-4""",MTR,4 (110MM) Ut X 6M Upvc Pipe (MTR),Plumbing,,,,,PENDING,,,,,,,,,,,,,,,,,PENDING,pending,needs_permission,,,,RETRY_RESEARCHED_PENDING
6711,SHH-PLA-NET-NEEDLE-NO.5-GRE,PCS,Plastic Net Neddle No. 5 (green),Fishing & Tackle,,NO.5,,,PENDING,,,,,,,,,,,,,,,,,PENDING,pending,needs_permission,,,,RETRY_RESEARCHED_PENDING
6713,SWI-ADA-MUL-AKO79S-3W,PCS,Akkostar 3WAY Multi Adaptor Switch (AKO79S),Electrical,,3WAY,,,PENDING,,,,,,,,,,,,,,,,,PENDING,pending,needs_permission,,,,RETRY_RESEARCHED_PENDING
6716,BEW-PAL-DC-D-150V,PCS,Bew Panel Meter DC,Electrical,,0-D-150V,,,PENDING,,,,,,,,,,,,,,,,,PENDING,pending,needs_permission,,,,RETRY_RESEARCHED_PENDING
6723,DOR-RUB-SEAL-TRANS-BSDT100,ROLL,Bossman Silicone Door Seal 100CM - Transparent,Chemicals & Adhesives,,,,,PENDING,,,,,,,,,,,,,,,,,PENDING,pending,needs_permission,,,,RETRY_RESEARCHED_PENDING
6726,"FAS-SCR-DRY-BLA-6#2""",PCK,Hunter/bk - Drywall Screw 6 X2 (20PCS/PCK),Fasteners & Fixings,,20PCS/PCK,,,PENDING,,,,,,,,,,,,,,,,,PENDING,pending,needs_permission,,,,RETRY_RESEARCHED_PENDING
6727,FDD-CON-FEM-RED,PCK,Female Disconnect Red (1.5MM2) (20PCS/PCK),Electrical,,1.5MM2,,,PENDING,,,,,,,,,,,,,,,,,PENDING,pending,needs_permission,,,,RETRY_RESEARCHED_PENDING
6739,BNW-WAS-M5,PCK,M5 Washer (20PCS/PCK),Fasteners & Fixings,,20PCS/PCK,,,PENDING,,,,,,,,,,,,,,,,,PENDING,pending,needs_permission,,,,RETRY_RESEARCHED_PENDING
6742,"FAS-SCR-DRY-BLA-6#1""",PCK,Hunter/bk - Drywall Screw 6 X1 (20PCS/PCK),Fasteners & Fixings,,20PCS/PCK,,,PENDING,,,,,,,,,,,,,,,,,PENDING,pending,needs_permission,,,,RETRY_RESEARCHED_PENDING
6743,"FAS-SCR-DRY-WHI-6#3/4""",PCK,Hunter/wh - Drywall Screw 6 X3/4 (20PCS/PCK),Fasteners & Fixings,,X3/4,,,PENDING,,,,,,,,,,,,,,,,,PENDING,pending,needs_permission,,,,RETRY_RESEARCHED_PENDING
6747,GUN-GRE-HOSE,PCS,Flexible Grease Gun Hose 11 X 300MM,Automotive,,,,,PENDING,,,,,,,,,,,,,,,,,PENDING,pending,needs_permission,,,,RETRY_RESEARCHED_PENDING
6755,TOO-CLA-SPR-ASC225MM,PCS,Arrow Nylon Spring Clamp 9 (225MM),Hand Tools,,,,,PENDING,,,,,,,,,,,,,,,,,PENDING,pending,needs_permission,,,,RETRY_RESEARCHED_PENDING
6763,"FAS-SCR-DRY-WHI-6#2""",PCK,Hunter/wh - Drywall Screw 6 X2 (20PCS/PCK),Fasteners & Fixings,,20PCS/PCK,,,PENDING,,,,,,,,,,,,,,,,,PENDING,pending,needs_permission,,,,RETRY_RESEARCHED_PENDING
6767,FIT-UPVC-SOC-110MM,PCS,U-pvc Socket 110MM 4,Electrical,,,,,PENDING,,,,,,,,,,,,,,,,,PENDING,pending,needs_permission,,,,RETRY_RESEARCHED_PENDING
6770,HOS-CON-ADA-ECO4011,PCS,Ecogreen- Tool Adaptor / 3/4,Electrical,,EG4011,,,PENDING,,,,,,,,,,,,,,,,,PENDING,pending,needs_permission,,,,RETRY_RESEARCHED_PENDING
6777,TOO-ELE-TES-PEN-DB-17151A,PCS,Two-way Ph Test Pen (+/-) 17151A,Power Tools,,,,,PENDING,,,,,,,,,,,,,,,,,PENDING,pending,needs_permission,,,,RETRY_RESEARCHED_PENDING
6780,X-FLO-MOC-SP121B,PCS,12 X 24 Homo Tile SP121B,Flooring,,SP121B,,,PENDING,,,,,,,,,,,,,,,,,PENDING,pending,needs_permission,,,,RETRY_RESEARCHED_PENDING
6784,FLO-MOC-KH40ABA2L-P1,PCS,16 X 16 Ceramic Floor Tiles KH40ABA2L-P1,Flooring,,KH40ABA2L-P1,,,PENDING,,,,,,,,,,,,,,,,,PENDING,pending,needs_permission,,,,RETRY_RESEARCHED_PENDING
6786,NUM-80MM-B,PCS,Acp Alphabet 80MM - B,Signage & Numbering,,,,,PENDING,,,,,,,,,,,,,,,,,PENDING,pending,needs_permission,,,,RETRY_RESEARCHED_PENDING
6793,CAR-MULT-CLEA-500ML,BTL,Aa Car Care Multi Purpose Cleaner 500ML,Automotive,,,,,PENDING,,,,,,,,,,,,,,,,,PENDING,pending,needs_permission,,,,RETRY_RESEARCHED_PENDING
6794,CAR-WAX-STA-STE-SHI,PCS,Sss Stainless Steel Shine - 500ML,Automotive,,,,,PENDING,,,,,,,,,,,,,,,,,PENDING,pending,needs_permission,,,,RETRY_RESEARCHED_PENDING
6798,DRI-AUG-2WAY-21MM,PCS,T&t 2WAY Auger BIT-7/8,Power Tool Accessories,,2WAY,,,PENDING,,,,,,,,,,,,,,,,,PENDING,pending,needs_permission,,,,RETRY_RESEARCHED_PENDING
6800,FAS-BOL-ANC07,PCK,Sh Drop IN Anchor 5/16 X 1-3/16 (5PCS/PCK),Fasteners & Fixings,,5PCS/PCK,,,PENDING,,,,,,,,,,,,,,,,,PENDING,pending,needs_permission,,,,RETRY_RESEARCHED_PENDING
6803,"FIT-YG225-BUSH-3/4""X1/2""-BRA",PCS,"Brass Bushing 3/4""X1/2",Plumbing,,X1/2,,,PENDING,,,,,,,,,,,,,,,,,PENDING,pending,needs_permission,,,,RETRY_RESEARCHED_PENDING
6804,HOS-CON-ADA-40200006,PCS,Ecogreen- Tap Adaptor / 3/4,Electrical,,EG4012,,,PENDING,,,,,,,,,,,,,,,,,PENDING,pending,needs_permission,,,,RETRY_RESEARCHED_PENDING
6814,SHH-SINKER-ROUND-NO.3,PCK,Round Shape Sinker 3 (5PCS/PCK),Fishing & Tackle,,5PCS/PCK,,,PENDING,,,,,,,,,,,,,,,,,PENDING,pending,needs_permission,,,,RETRY_RESEARCHED_PENDING
6815,SOC-BOX-2G13A,PCS,13A Switch Soket 2GANG Box,Electrical,,2GANG,,,PENDING,,,,,,,,,,,,,,,,,PENDING,pending,needs_permission,,,,RETRY_RESEARCHED_PENDING
6819,"TOO-NYL-PLU-COU-3/8""-NPF30",PCS,Nylon Quick Coupler 3/8 Female NPF-30,Power Tool Accessories,,NPF-30,,,PENDING,,,,,,,,,,,,,,,,,PENDING,pending,needs_permission,,,,RETRY_RESEARCHED_PENDING
6820,"TOO-NYL-PLU-COU-3/8""-NPM30",PCS,Nylon Quick Coupler 3/8 Male NPM-30,Power Tool Accessories,,NPM-30,,,PENDING,,,,,,,,,,,,,,,,,PENDING,pending,needs_permission,,,,RETRY_RESEARCHED_PENDING
6830,SHH-PLA-NET-NEEDLE-NO.1/0,PCS,Plastic Net Needle No. 1/0 (white),Fishing & Tackle,,NO.1/0,,,PENDING,,,,,,,,,,,,,,,,,PENDING,pending,needs_permission,,,,RETRY_RESEARCHED_PENDING
6846,"FIT-HDPE-ADA-FEM-20MMX1/2""",PCS,HDPE Adaptor Female 20MMX1/2,Plumbing,,20MMX1/2,,,PENDING,,,,,,,,,,,,,,,,,PENDING,pending,needs_permission,,,,RETRY_RESEARCHED_PENDING
6848,"FIT-YG228R-NIP-REC-3/4""X1/2""-BRA",PCS,"Brass Reduced Nipple 3/4""X1/2",Plumbing,,X1/2,,,PENDING,,,,,,,,,,,,,,,,,PENDING,pending,needs_permission,,,,RETRY_RESEARCHED_PENDING
6851,"NAI-CON-GAL-1.1/2""-PCK",PCK,1-1/2 Galvanised Steel Nail (20PCS/PCK),Fasteners & Fixings,,20PCS/PCK,,,PENDING,,,,,,,,,,,,,,,,,PENDING,pending,needs_permission,,,,RETRY_RESEARCHED_PENDING
6852,NUM-60MM-O,PCS,Acp Alphabet 60MM - O,Signage & Numbering,,,,,PENDING,,,,,,,,,,,,,,,,,PENDING,pending,needs_permission,,,,RETRY_RESEARCHED_PENDING
6855,TOO-DRV-2WAY-100MMX6MM,PCS,Blimax 2WAY Screw DRIVER-4,Fasteners & Fixings,,2WAY,,,PENDING,,,,,,,,,,,,,,,,,PENDING,pending,needs_permission,,,,RETRY_RESEARCHED_PENDING
6856,"VAL-BAL-M'MAN-7755#X3/4""",PCS,M'man Ball X 3/4,Plumbing,,VALVE-7755,,,PENDING,,,,,,,,,,,,,,,,,PENDING,pending,needs_permission,,,,RETRY_RESEARCHED_PENDING
6857,AIR-DUSTER-MN10-00153L,PCS,Mn 10 Aluminium Air Duster 00153L,Automotive,,,,,PENDING,,,,,,,,,,,,,,,,,PENDING,pending,needs_permission,,,,RETRY_RESEARCHED_PENDING
6861,CAR-MET-CRYST-WAX-200ML,PCS,Aa Metallic Crystal Wax 200ML,Automotive,,,,,PENDING,,,,,,,,,,,,,,,,,PENDING,pending,needs_permission,,,,RETRY_RESEARCHED_PENDING
6863,FAS-BOL-ANC06,PCK,Sh Drop IN Anchor 1/4 X 1-1/8 (5PCS/PCK),Fasteners & Fixings,,5PCS/PCK,,,PENDING,,,,,,,,,,,,,,,,,PENDING,pending,needs_permission,,,,RETRY_RESEARCHED_PENDING
6865,FIT-UPVC-TEE-160MM,PCS,U-pvc Tee 160MM 6,Plumbing,,,,,PENDING,,,,,,,,,,,,,,,,,PENDING,pending,needs_permission,,,,RETRY_RESEARCHED_PENDING
6866,FLO-MOC-DAD04,PCS,12 X 12 Sand Storm Orange Guocera Floor Tiles,Building Materials,,DAD04,,,PENDING,,,,,,,,,,,,,,,,,PENDING,pending,needs_permission,,,,RETRY_RESEARCHED_PENDING
6867,FLO-MOC-DAD05,PCS,12 X 12 Sand Storm Black Guocera Tiles,Building Materials,,DAD05,,,PENDING,,,,,,,,,,,,,,,,,PENDING,pending,needs_permission,,,,RETRY_RESEARCHED_PENDING
6870,MAG-CON-SC-N25,PCS,SC-N2S Contertor,Electrical,,SC-N2S,,,PENDING,,,,,,,,,,,,,,,,,PENDING,pending,needs_permission,,,,RETRY_RESEARCHED_PENDING
6871,NAI-SQU-SUP-100MM-500G,PKT,E. G Square Boat Nail 100MM 500G,Fasteners & Fixings,,,,,PENDING,,,,,,,,,,,,,,,,,PENDING,pending,needs_permission,,,,RETRY_RESEARCHED_PENDING
6872,PYE-TOI-MOS-1000ML,BOT,PYE Mosaic&toilet Stains Remover Kleen 1000ML,Chemicals & Adhesives,,,,,PENDING,,,,,,,,,,,,,,,,,PENDING,pending,needs_permission,,,,RETRY_RESEARCHED_PENDING
6883,BNW-THR-ZP-05MM,PCS,Zp Thread Rod 5/16 X 6FTS,Fasteners & Fixings,,6FTS,,,PENDING,,,,,,,,,,,,,,,,,PENDING,pending,needs_permission,,,,RETRY_RESEARCHED_PENDING
6889,"FAS-SCR-TAP-CSK-8#5/8""-PCK",PACK,8 X5/8 Csk Self Tapping Screw-flat Head (20PCS/PCK),Fasteners & Fixings,,X5/8,,,PENDING,,,,,,,,,,,,,,,,,PENDING,pending,needs_permission,,,,RETRY_RESEARCHED_PENDING
6892,FIT-PVC-ELB-45DEG50MM,PCS,PVC Fitting Elbow 50MM 2,Plumbing,,45-DEG,,,PENDING,,,,,,,,,,,,,,,,,PENDING,pending,needs_permission,,,,RETRY_RESEARCHED_PENDING
6893,"FIT-SS239-SOC-MXF-1/2""-SUS304",PCS,SS Mxf Socket 1/2,Electrical,,SS239,,,PENDING,,,,,,,,,,,,,,,,,PENDING,pending,needs_permission,,,,RETRY_RESEARCHED_PENDING
6894,"FIT-UPVC-SOC-6""",PCS,U-pvc Socket 160MM 6,Electrical,,,,,PENDING,,,,,,,,,,,,,,,,,PENDING,pending,needs_permission,,,,RETRY_RESEARCHED_PENDING
6897,PAI-SPR-ANC-029,PCS,400ML Anchor Spray - 29 Flat Black (PCS),Fasteners & Fixings,,,,,PENDING,,,,,,,,,,,,,,,,,PENDING,pending,needs_permission,,,,RETRY_RESEARCHED_PENDING
6899,SAF-SLI-GLO-4TON6M,LGTH,Webbing Sling (glolift) 100MM 4 Ton X 6M,Lifting & Rigging,,,,,PENDING,,,,,,,,,,,,,,,,,PENDING,pending,needs_permission,,,,RETRY_RESEARCHED_PENDING
6902,SHH-PLA-NET-NEEDLE-NO.5,PCS,Plastic Net Needle No. 5 (white),Fishing & Tackle,,NO.5,,,PENDING,,,,,,,,,,,,,,,,,PENDING,pending,needs_permission,,,,RETRY_RESEARCHED_PENDING
6909,NAI-ROO-SUP-P50MM-500GRM,PCK,E. G Roofing Nail - Plain 50MM,Fasteners & Fixings,,500GRM,,,PENDING,,,,,,,,,,,,,,,,,PENDING,pending,needs_permission,,,,RETRY_RESEARCHED_PENDING
6911,PAI-SPR-ANC-006,PCS,400ML Anchor Spray - 6 Royal Ivory (PCS),Fasteners & Fixings,,,,,PENDING,,,,,,,,,,,,,,,,,PENDING,pending,needs_permission,,,,RETRY_RESEARCHED_PENDING
6915,TOO-CLA-SPR-PM34226,PCS,Pumpkin 2 (120MM) Spring Clamp,Hand Tools,,,,,PENDING,,,,,,,,,,,,,,,,,PENDING,pending,needs_permission,,,,RETRY_RESEARCHED_PENDING
6916,"TOO-NYL-PLU-COU-1/4""-NPF20",PCS,Nylon Quick Coupler 1/4 Female NPF-20,Power Tool Accessories,,NPF-20,,,PENDING,,,,,,,,,,,,,,,,,PENDING,pending,needs_permission,,,,RETRY_RESEARCHED_PENDING
6917,"TOO-NYL-PLU-COU-1/4""-NPM20",PCS,Nylon Quick Coupler 1/4 Male NPM-20,Power Tool Accessories,,NPM-20,,,PENDING,,,,,,,,,,,,,,,,,PENDING,pending,needs_permission,,,,RETRY_RESEARCHED_PENDING
6921,DRI-AUG-2WAY-11MM,PCS,T&t 2WAY Auger BIT-7/16,Power Tool Accessories,,2WAY,,,PENDING,,,,,,,,,,,,,,,,,PENDING,pending,needs_permission,,,,RETRY_RESEARCHED_PENDING
6927,NAI-AIR-LEO-F15,BOX,S. H. Brad Nails - F15,Fasteners & Fixings,,F15,,,PENDING,,,,,,,,,,,,,,,,,PENDING,pending,needs_permission,,,,RETRY_RESEARCHED_PENDING
6928,PAI-ROL-REF-L220*,PCS,Leon 2 Roller,Paint & Sundries,,REFILL-L220,,,PENDING,,,,,,,,,,,,,,,,,PENDING,pending,needs_permission,,,,RETRY_RESEARCHED_PENDING
6930,SHH-HOOK-406-NO.6,PKT,Saki Sepit Biru 406 No. 6 (20'S),Fishing & Tackle,,NO.6,,,PENDING,,,,,,,,,,,,,,,,,PENDING,pending,needs_permission,,,,RETRY_RESEARCHED_PENDING
6935,CAR-WAX-STA-OFF-STI,PCS,So Stains Off Sticker - 500ML,Signage & Numbering,,,,,PENDING,,,,,,,,,,,,,,,,,PENDING,pending,needs_permission,,,,RETRY_RESEARCHED_PENDING
6938,"FIT-SS237-SOC-1/2""-SUS304",PCS,SS Equal Socket 1/2,Electrical,,SS237,,,PENDING,,,,,,,,,,,,,,,,,PENDING,pending,needs_permission,,,,RETRY_RESEARCHED_PENDING
6942,PAI-SPR-ANC-031,PCS,400ML Anchor Spray - 31 Apple Green,Fasteners & Fixings,,,,,PENDING,,,,,,,,,,,,,,,,,PENDING,pending,needs_permission,,,,RETRY_RESEARCHED_PENDING
6947,TIE-CAB-SS-100MM,PCK,SS Cable Ties (10PCS/PCK) SUS304 M4.6X100MM,Electrical,,10PCS/PCK,,,PENDING,,,,,,,,,,,,,,,,,PENDING,pending,needs_permission,,,,RETRY_RESEARCHED_PENDING
6952,"FAS-SCR-CSK-3/4"" X 8G",PCK,Sr Csk Tapping Screw 3/4 X 8G (20PCS/PCK),Fasteners & Fixings,,20PCS/PCK,,,PENDING,,,,,,,,,,,,,,,,,PENDING,pending,needs_permission,,,,RETRY_RESEARCHED_PENDING
6959,SPR-NOZ-PI7-101#,PCS,PI7 Spray NOZZLE-101,Power Tool Accessories,,PI7,,,PENDING,,,,,,,,,,,,,,,,,PENDING,pending,needs_permission,,,,RETRY_RESEARCHED_PENDING
6962,TOO-CHI-15086(P),PCS,Sds Plus Shank Point Chisel,Power Tool Accessories,,10X160MM,,,PENDING,,,,,,,,,,,,,,,,,PENDING,pending,needs_permission,,,,RETRY_RESEARCHED_PENDING
6964,CUT-DIS-TAI-100MM-AA60T,PCS,Tailin Cutoff Wheel,Abrasives & Cutting,,100X1MM,,,PENDING,,,,,,,,,,,,,,,,,PENDING,pending,needs_permission,,,,RETRY_RESEARCHED_PENDING
6965,DRI-AUG-2WAY-16MM,PCS,T&t 2WAY Auger BIT-5/8,Power Tool Accessories,,2WAY,,,PENDING,,,,,,,,,,,,,,,,,PENDING,pending,needs_permission,,,,RETRY_RESEARCHED_PENDING
6966,FIT-UPVC-CAP-160MM,PCS,U-pvc End Cap 160MM 6,Plumbing,,,,,PENDING,,,,,,,,,,,,,,,,,PENDING,pending,needs_permission,,,,RETRY_RESEARCHED_PENDING
6969,PAI-SPR-ANC-060,PCS,400ML Anchor Spray - 60 Brown,Fasteners & Fixings,,,,,PENDING,,,,,,,,,,,,,,,,,PENDING,pending,needs_permission,,,,RETRY_RESEARCHED_PENDING
6982,"FIT-YG239-SOC-MXF-1/2""-BRA",PCS,Brass Mxf Socket 1/2,Electrical,,YG239,,,PENDING,,,,,,,,,,,,,,,,,PENDING,pending,needs_permission,,,,RETRY_RESEARCHED_PENDING
6983,FLO-MOC-30AAS50,PCS,"12""X12 Floor Tiles 30AAS50",Flooring,,X12,,,PENDING,,,,,,,,,,,,,,,,,PENDING,pending,needs_permission,,,,RETRY_RESEARCHED_PENDING
6984,FLO-MOC-KV959,PCS,"Kv 959 12""X12 Homotiles",Flooring,,X12,,,PENDING,,,,,,,,,,,,,,,,,PENDING,pending,needs_permission,,,,RETRY_RESEARCHED_PENDING
6987,NUM-60MM-E,PCS,Acp Alphabet 60MM - E,Signage & Numbering,,,,,PENDING,,,,,,,,,,,,,,,,,PENDING,pending,needs_permission,,,,RETRY_RESEARCHED_PENDING
6998,BRA-WAL-TOI-CIS,PCS,Techplas (1012B): Water Cistern Wall Bracket,Plumbing,,1012B,,,PENDING,,,,,,,,,,,,,,,,,PENDING,pending,needs_permission,,,,RETRY_RESEARCHED_PENDING
6999,CAR-WAX-ARMOR-500ML,SET,Armor All 500ML Wash & Wax,Automotive,,,,,PENDING,,,,,,,,,,,,,,,,,PENDING,pending,needs_permission,,,,RETRY_RESEARCHED_PENDING
7002,CLO-SHRT-1094L-15,PCS,Golden Horse Working Shirt 1094L - 15,Other,,,,,PENDING,,,,,,,,,,,,,,,,,PENDING,pending,needs_permission,,,,RETRY_RESEARCHED_PENDING
7009,SPR-GALAXY-WTRPRF-400ML,CAN,Galaxy Waterproof Solution Spray 400ML,Fasteners & Fixings,,,,,PENDING,,,,,,,,,,,,,,,,,PENDING,pending,needs_permission,,,,RETRY_RESEARCHED_PENDING
7011,"VAL-BAL-M'MAN-7733#X3/4""",PCS,M'man Ball Valve X 3/4,Plumbing,,W/THREAD-7733,,,PENDING,,,,,,,,,,,,,,,,,PENDING,pending,needs_permission,,,,RETRY_RESEARCHED_PENDING
7012,X-FIT-UPVC-TEE-W/D-110MMX82MM,PCS,U-pvc Reducing Tee W/door 110MM X 82MM 4 X 3,Plumbing,,,,,PENDING,,,,,,,,,,,,,,,,,PENDING,pending,needs_permission,,,,RETRY_RESEARCHED_PENDING
7015,"FAS-SCR-TAP-CSK-8#1/2""",PACK,8 X1/2 Tapping Screw-flat Head (20PCS/PCK),Fasteners & Fixings,,X1/2,,,PENDING,,,,,,,,,,,,,,,,,PENDING,pending,needs_permission,,,,RETRY_RESEARCHED_PENDING
7018,IND-DUS-GLO-240L-SHA,PCS,Glomax 120L Dustbin Shaft,Housewares,,,,,PENDING,,,,,,,,,,,,,,,,,PENDING,pending,needs_permission,,,,RETRY_RESEARCHED_PENDING
7020,NUM-80MM-D,PCS,Acp Alphabet 80MM - D,Signage & Numbering,,,,,PENDING,,,,,,,,,,,,,,,,,PENDING,pending,needs_permission,,,,RETRY_RESEARCHED_PENDING
7027,APR-PRO-WCPA,SHT,600MM X 2050MM Worker Chemical Protective Apron,Safety & Workwear,,,,,PENDING,,,,,,,,,,,,,,,,,PENDING,pending,needs_permission,,,,RETRY_RESEARCHED_PENDING
7031,CAR-WAS-WAX-500ML,BTL,Aa Car Care Wash & Wax 500ML,Automotive,,,,,PENDING,,,,,,,,,,,,,,,,,PENDING,pending,needs_permission,,,,RETRY_RESEARCHED_PENDING
7032,CAR-WAX-ANT-REPELL,PCS,Ant Repellent 500ML,Automotive,,,,,PENDING,,,,,,,,,,,,,,,,,PENDING,pending,needs_permission,,,,RETRY_RESEARCHED_PENDING
7035,"FIT-YG225-BUSH-1/2""X1/4""-BRA",PCS,Brass Bushing 1/2 X 1/4,Plumbing,,YG225,,,PENDING,,,,,,,,,,,,,,,,,PENDING,pending,needs_permission,,,,RETRY_RESEARCHED_PENDING
7036,"FIT-YG245-NIP-3/8""-BRA",PCS,Brass Equal Nipple 3/8,Plumbing,,YG245,,,PENDING,,,,,,,,,,,,,,,,,PENDING,pending,needs_permission,,,,RETRY_RESEARCHED_PENDING
7048,ELE-63A-CUT-OUT,EA,Lucy 63A Cut Out Unit Fuse,Electrical,,,,,PENDING,,,,,,,,,,,,,,,,,PENDING,pending,needs_permission,,,,RETRY_RESEARCHED_PENDING
7052,PAI-SPR-ANC-012,PCS,400ML Anchor Spray - 12 Yellow,Fasteners & Fixings,,,,,PENDING,,,,,,,,,,,,,,,,,PENDING,pending,needs_permission,,,,RETRY_RESEARCHED_PENDING
7053,TIE-CAB-SS-200MM,PCK,SS Cable Ties (10PCS/PCK) SUS304 M4.6X200MM,Electrical,,10PCS/PCK,,,PENDING,,,,,,,,,,,,,,,,,PENDING,pending,needs_permission,,,,RETRY_RESEARCHED_PENDING
7054,TOO-CUT-BOL-STA-992014324,PCS,"24""/609MM Bolt Cutter",Fasteners & Fixings,,,,,PENDING,,,,,,,,,,,,,,,,,PENDING,pending,needs_permission,,,,RETRY_RESEARCHED_PENDING
7065,FLO-MOC-30WE40,PCS,"12""X12 Floor Tiles 30WE40",Flooring,,X12,,,PENDING,,,,,,,,,,,,,,,,,PENDING,pending,needs_permission,,,,RETRY_RESEARCHED_PENDING
7066,FLO-MOC-BR3030A6,PCS,BR3030A6 30X30CM,Flooring,,BR3030A6,,,PENDING,,,,,,,,,,,,,,,,,PENDING,pending,needs_permission,,,,RETRY_RESEARCHED_PENDING
7067,FLO-MOC-OSCARBR,PCS,"Oscar Brown 12""X12 Floor Tiles",Flooring,,X12,,,PENDING,,,,,,,,,,,,,,,,,PENDING,pending,needs_permission,,,,RETRY_RESEARCHED_PENDING
7068,FLO-MOC-R04,PCS,R04 30X30CM,Flooring,,R04,,,PENDING,,,,,,,,,,,,,,,,,PENDING,pending,needs_permission,,,,RETRY_RESEARCHED_PENDING
7076,X-FLO-MOC-30R188,PCS,12 X 12 Floor Tiles 30R188,Power Tools,,30R188,,,PENDING,,,,,,,,,,,,,,,,,PENDING,pending,needs_permission,,,,RETRY_RESEARCHED_PENDING
7081,"FIT-SS233-PLU-1/2""-SUS304",PCS,SS Square Plug 1/2,Electrical,,SS233,,,PENDING,,,,,,,,,,,,,,,,,PENDING,pending,needs_permission,,,,RETRY_RESEARCHED_PENDING
7082,FIT-UPVC-BEN-ELB-W/D-110MM,PCS,U-pvc Bend (elbow) W/door 110MM 4,Plumbing,,,,,PENDING,,,,,,,,,,,,,,,,,PENDING,pending,needs_permission,,,,RETRY_RESEARCHED_PENDING
7083,FLO-MOC-30LS04,PCS,12 X 12 Floor Tiles 30LS04,Flooring,,30LS04,,,PENDING,,,,,,,,,,,,,,,,,PENDING,pending,needs_permission,,,,RETRY_RESEARCHED_PENDING
7084,FLO-MOC-30LS05,PCS,12 X 12 Floor Tiles 30LS05,Flooring,,30LS05,,,PENDING,,,,,,,,,,,,,,,,,PENDING,pending,needs_permission,,,,RETRY_RESEARCHED_PENDING
7085,FLO-MOC-30PS04,PCS,12 X 12 Floor Tiles 30PS04,Flooring,,30PS04,,,PENDING,,,,,,,,,,,,,,,,,PENDING,pending,needs_permission,,,,RETRY_RESEARCHED_PENDING
7086,FLO-MOC-30PS05,PCS,12 X 12 Floor Tiles 30PS05,Flooring,,30PS05,,,PENDING,,,,,,,,,,,,,,,,,PENDING,pending,needs_permission,,,,RETRY_RESEARCHED_PENDING
7087,FLO-MOC-30PS14,PCS,12 X 12 Floor Tiles 30PS14,Flooring,,30PS14,,,PENDING,,,,,,,,,,,,,,,,,PENDING,pending,needs_permission,,,,RETRY_RESEARCHED_PENDING
7089,IND-PLU-BOB-1000G,PCS,1000G Plumb Bobs,Building Materials,,,,,PENDING,,,,,,,,,,,,,,,,,PENDING,pending,needs_permission,,,,RETRY_RESEARCHED_PENDING
7100,"FAS-SCR-DRY-BLA-6#3/4""",PCK,Hunter/bk - Drywall Screw 6 X3/4 (20PCS/PCK),Fasteners & Fixings,,X3/4,,,PENDING,,,,,,,,,,,,,,,,,PENDING,pending,needs_permission,,,,RETRY_RESEARCHED_PENDING
7104,FLO-MOC-BR3030A5,PCS,BR3030A5 30X30CM,Flooring,,BR3030A5,,,PENDING,,,,,,,,,,,,,,,,,PENDING,pending,needs_permission,,,,RETRY_RESEARCHED_PENDING
7105,FLO-MOC-BR3030GLBR,PCS,BR3030GLBR 30X30CM,Flooring,,BR3030GLBR,,,PENDING,,,,,,,,,,,,,,,,,PENDING,pending,needs_permission,,,,RETRY_RESEARCHED_PENDING
7108,"NAI-CON-GAL-3/4""-PCK",PCK,3/4 Galvanised Steel Nail (20CS/PCK),Fasteners & Fixings,,20CS/PCK,,,PENDING,,,,,,,,,,,,,,,,,PENDING,pending,needs_permission,,,,RETRY_RESEARCHED_PENDING
7115,CAR-WIN-WIP-120ML,EA,Aa Car Care Windshield Wiper Fluild 120ML,Automotive,,,,,PENDING,,,,,,,,,,,,,,,,,PENDING,pending,needs_permission,,,,RETRY_RESEARCHED_PENDING
7121,FLO-MOC-30AAS20,PCS,"12""X12 Floor Tiles KH30AAS20",Flooring,,X12,,,PENDING,,,,,,,,,,,,,,,,,PENDING,pending,needs_permission,,,,RETRY_RESEARCHED_PENDING
7123,HOS-SPA-WAS-C555,PCS,C555 Washer & Nut (PCS),Fasteners & Fixings,,C555,,,PENDING,,,,,,,,,,,,,,,,,PENDING,pending,needs_permission,,,,RETRY_RESEARCHED_PENDING
7127,SHH-BLK-NYL-210/18-BK,PCS,210/18 100G Black Nylon Twine,"Rope, Chain & Netting",,,,,PENDING,,,,,,,,,,,,,,,,,PENDING,pending,needs_permission,,,,RETRY_RESEARCHED_PENDING
7129,BNW-WAS-M4,PCK,M4 Washer (20PCS/PCK),Fasteners & Fixings,,20PCS/PCK,,,PENDING,,,,,,,,,,,,,,,,,PENDING,pending,needs_permission,,,,RETRY_RESEARCHED_PENDING
7147,PAI-SPR-ANC-001,DOZ,400ML Anchor Spray - 1 Clear (DOZ),Fasteners & Fixings,,,,,PENDING,,,,,,,,,,,,,,,,,PENDING,pending,needs_permission,,,,RETRY_RESEARCHED_PENDING
7148,PAI-SPR-ANC-002,DOZ,400ML Anchor Spray - 2 White (DOZ),Fasteners & Fixings,,,,,PENDING,,,,,,,,,,,,,,,,,PENDING,pending,needs_permission,,,,RETRY_RESEARCHED_PENDING
7149,PAI-SPR-ANC-004,DOZ,400ML Anchor Spray - 4 Executive Grey (DOZ),Fasteners & Fixings,,,,,PENDING,,,,,,,,,,,,,,,,,PENDING,pending,needs_permission,,,,RETRY_RESEARCHED_PENDING
7150,PAI-SPR-ANC-006,DOZ,400ML Anchor Spray - 6 Royal Ivory (DOZ),Fasteners & Fixings,,,,,PENDING,,,,,,,,,,,,,,,,,PENDING,pending,needs_permission,,,,RETRY_RESEARCHED_PENDING
7151,PAI-SPR-ANC-015,DOZ,400ML Anchor Spray - 15 Vermillion,Fasteners & Fixings,,,,,PENDING,,,,,,,,,,,,,,,,,PENDING,pending,needs_permission,,,,RETRY_RESEARCHED_PENDING
7152,PAI-SPR-ANC-029,DOZ,400ML Anchor Spray - 29 Flat Black (DOZ),Fasteners & Fixings,,,,,PENDING,,,,,,,,,,,,,,,,,PENDING,pending,needs_permission,,,,RETRY_RESEARCHED_PENDING
7153,PAI-SPR-ANC-030,DOZ,400ML Anchor Spray - 30 Black (DOZ),Fasteners & Fixings,,,,,PENDING,,,,,,,,,,,,,,,,,PENDING,pending,needs_permission,,,,RETRY_RESEARCHED_PENDING
7154,PAI-SPR-ANC-803,DOZ,400ML Anchor Spray - 3 (803) Silver,Fasteners & Fixings,,,,,PENDING,,,,,,,,,,,,,,,,,PENDING,pending,needs_permission,,,,RETRY_RESEARCHED_PENDING
7158,X-SHH-HOOK-4310N-NO.3/0,PKT,No. 3/0 Exori Nickel Hook (10'S),Fishing & Tackle,,1930N,,,PENDING,,,,,,,,,,,,,,,,,PENDING,pending,needs_permission,,,,RETRY_RESEARCHED_PENDING
7168,NAI-ROO-SUP-T65MM-500G,PKT,E. G Roofing Nail - Twist 65MM 500G,Fasteners & Fixings,,,,,PENDING,,,,,,,,,,,,,,,,,PENDING,pending,needs_permission,,,,RETRY_RESEARCHED_PENDING
7170,PAI-SPR-ANC-808,PCS,400ML Anchor Spray - 8 (808) Gold,Fasteners & Fixings,,,,,PENDING,,,,,,,,,,,,,,,,,PENDING,pending,needs_permission,,,,RETRY_RESEARCHED_PENDING
7175,SHH-ROD-HSS602,PCS,"Ofmer Peacock 562M (5'6"") Rod",Fishing & Tackle,,,,,PENDING,,,,,,,,,,,,,,,,,PENDING,pending,needs_permission,,,,RETRY_RESEARCHED_PENDING
7181,"FAS-SCR-TAP-PAN-8#1/2""",PACK,8 X 1/2 Ph Self Tapping Screw-pan Head (20PCS/PCK),Fasteners & Fixings,,20PCS/PCK,,,PENDING,,,,,,,,,,,,,,,,,PENDING,pending,needs_permission,,,,RETRY_RESEARCHED_PENDING
7184,NUM-60MM-H,PCS,Acp Alphabet 60MM - H,Signage & Numbering,,,,,PENDING,,,,,,,,,,,,,,,,,PENDING,pending,needs_permission,,,,RETRY_RESEARCHED_PENDING
7186,PAI-SPR-ANC-030,PCS,400ML Anchor Spray - 30 Black (PCS),Fasteners & Fixings,,,,,PENDING,,,,,,,,,,,,,,,,,PENDING,pending,needs_permission,,,,RETRY_RESEARCHED_PENDING
7198,FLO-MOC-BR3030GBR2,PCS,BR3030GBR2 30X30CM,Flooring,,BR3030GBR2,,,PENDING,,,,,,,,,,,,,,,,,PENDING,pending,needs_permission,,,,RETRY_RESEARCHED_PENDING
7199,FLO-MOC-BR3030GW,PCS,300MM X 300MM BR3030GW,Flooring,,BR3030GW,,,PENDING,,,,,,,,,,,,,,,,,PENDING,pending,needs_permission,,,,RETRY_RESEARCHED_PENDING
7200,FLO-MOC-BR3030NSW,PCS,BR3030NSW 30X30CM,Flooring,,BR3030NSW,,,PENDING,,,,,,,,,,,,,,,,,PENDING,pending,needs_permission,,,,RETRY_RESEARCHED_PENDING
7205,SHH-SPOOL-103,PCS,Fishing Spool HP-103,Fishing & Tackle,,HP-103,,,PENDING,,,,,,,,,,,,,,,,,PENDING,pending,needs_permission,,,,RETRY_RESEARCHED_PENDING
7213,ELE-SWI-SQ-GRE,EA,"On/off Switch 16A 250V 4T Square, Green",Automotive,,,,,PENDING,,,,,,,,,,,,,,,,,PENDING,pending,needs_permission,,,,RETRY_RESEARCHED_PENDING
7215,"FIT-YG245-NIP-1/2""-BRA",PCS,Brass Equal Nipple 1/2,Plumbing,,YG245,,,PENDING,,,,,,,,,,,,,,,,,PENDING,pending,needs_permission,,,,RETRY_RESEARCHED_PENDING
7218,SHH-BLK-NYL-210/21-BK,PCS,210/21 100G Black Nylon Twine (308),"Rope, Chain & Netting",,,,,PENDING,,,,,,,,,,,,,,,,,PENDING,pending,needs_permission,,,,RETRY_RESEARCHED_PENDING
7219,SHH-LIG-NYL-210/12,PCS,210/12 100G L. Brown Nylon (LIVLON)(357),Fishing & Tackle,,,,,PENDING,,,,,,,,,,,,,,,,,PENDING,pending,needs_permission,,,,RETRY_RESEARCHED_PENDING
7220,SHH-LIG-NYL-210/18,PCS,210/18 100G L. Brown Nylon Twine (LIVLON)(357),"Rope, Chain & Netting",,,,,PENDING,,,,,,,,,,,,,,,,,PENDING,pending,needs_permission,,,,RETRY_RESEARCHED_PENDING
7221,SHH-LIG-NYL-210/21,PCS,210/21 100G L. Brown Nylon T.(LIVLON)(357),Fishing & Tackle,,,,,PENDING,,,,,,,,,,,,,,,,,PENDING,pending,needs_permission,,,,RETRY_RESEARCHED_PENDING
7222,SHH-LIG-NYL-210/9,PCS,210/9 100G Light Brown N. T.(LIVLON)(357),Fishing & Tackle,,,,,PENDING,,,,,,,,,,,,,,,,,PENDING,pending,needs_permission,,,,RETRY_RESEARCHED_PENDING
7225,CAR-GLA-CLE-500ML,PCS,Aa Car Care Glass Cleaner 500ML,Automotive,,,,,PENDING,,,,,,,,,,,,,,,,,PENDING,pending,needs_permission,,,,RETRY_RESEARCHED_PENDING
7226,ELE-SWI-SQ-RED,EA,"On/off Switch 15A 250V 6T Square, Red KCD4",Electrical,,KCD4,,,PENDING,,,,,,,,,,,,,,,,,PENDING,pending,needs_permission,,,,RETRY_RESEARCHED_PENDING
7231,SWI-ADA-MUL-NEO-7196,PCS,Cyberstar 13A Multi Neon Adaptor,Electrical,,UK7196N,,,PENDING,,,,,,,,,,,,,,,,,PENDING,pending,needs_permission,,,,RETRY_RESEARCHED_PENDING
7237,FIT-UPVC-TEE-110MMX50MM,PCS,U-pvc Reducing Tee 110MM X 50MM 4 X 2,Plumbing,,,,,PENDING,,,,,,,,,,,,,,,,,PENDING,pending,needs_permission,,,,RETRY_RESEARCHED_PENDING
7240,LMP-TEL-LCI-D80M7,PCS,Lci D80M7 37KWCONTACTOR,Electrical,,D80M7,,,PENDING,,,,,,,,,,,,,,,,,PENDING,pending,needs_permission,,,,RETRY_RESEARCHED_PENDING
7247,X-FLO-MOC-30R166,PCS,12 X 12 Floor Tiles 30R166,Power Tools,,30R166,,,PENDING,,,,,,,,,,,,,,,,,PENDING,pending,needs_permission,,,,RETRY_RESEARCHED_PENDING
7248,X-FLO-MOC-BR3060SM,PCS,BR3060SM 300X600MM,Power Tools,,BR3060SM,,,PENDING,,,,,,,,,,,,,,,,,PENDING,pending,needs_permission,,,,RETRY_RESEARCHED_PENDING
7251,"FAS-SCR-DRY-WHI-6#1.1/2""",PCK,Hunter/wh - Drywall Screw 6 (20PCS/PCK) X1-1/2,Fasteners & Fixings,,20PCS/PCK,,,PENDING,,,,,,,,,,,,,,,,,PENDING,pending,needs_permission,,,,RETRY_RESEARCHED_PENDING
7259,TOO-CUT-BOL-STA-992014318,PCS,"18""/457MM Bolt Cutter",Fasteners & Fixings,,,,,PENDING,,,,,,,,,,,,,,,,,PENDING,pending,needs_permission,,,,RETRY_RESEARCHED_PENDING
7263,IND-CEM-TILE-400G,PCK,400G Scinmix Tile Fix Addtive (tfa),Flooring,,,,,PENDING,,,,,,,,,,,,,,,,,PENDING,pending,needs_permission,,,,RETRY_RESEARCHED_PENDING
7265,OIL-CAN-MINI-0069,PCS,300ML Mini Oil Can - 0069,Automotive,,,,,PENDING,,,,,,,,,,,,,,,,,PENDING,pending,needs_permission,,,,RETRY_RESEARCHED_PENDING
7276,"LEO-S/S-LOC-BAR-BOL-LRBB100-4""",PCS,Leon S/s L/r Lockable Barrel 4,Fasteners & Fixings,,BOLT-LRBB100,,,PENDING,,,,,,,,,,,,,,,,,PENDING,pending,needs_permission,,,,RETRY_RESEARCHED_PENDING
7280,BNW-WAS-SPR-11MM,PCK,Bsw Spring Washer 7/16 (8PCS/PCK),Fasteners & Fixings,,8PCS/PCK,,,PENDING,,,,,,,,,,,,,,,,,PENDING,pending,needs_permission,,,,RETRY_RESEARCHED_PENDING
7286,NAI-FEL-SUP-18MM-500G,PCK,E. G Felt Nail 18MM - 500G,Fasteners & Fixings,,,,,PENDING,,,,,,,,,,,,,,,,,PENDING,pending,needs_permission,,,,RETRY_RESEARCHED_PENDING
7288,PLA-BAG-5X8X500G,ROLL,5 X 8 X 500G Hd/roll,Packaging,,,,,PENDING,,,,,,,,,,,,,,,,,PENDING,pending,needs_permission,,,,RETRY_RESEARCHED_PENDING
7315,"FAS-SCR-DRY-WHI-6#1""",PCK,Hunter/wh - Drywall Screw 6 X1 (20PCS/PCK),Fasteners & Fixings,,20PCS/PCK,,,PENDING,,,,,,,,,,,,,,,,,PENDING,pending,needs_permission,,,,RETRY_RESEARCHED_PENDING
7324,TOO-CUT-BOL-STA-9920144312,PCS,"12""/305MM Bolt Cutter",Fasteners & Fixings,,,,,PENDING,,,,,,,,,,,,,,,,,PENDING,pending,needs_permission,,,,RETRY_RESEARCHED_PENDING
7331,PAI-SPR-ANC-001,PCS,400ML Anchor Spray - 1 Clear (PCS),Fasteners & Fixings,,,,,PENDING,,,,,,,,,,,,,,,,,PENDING,pending,needs_permission,,,,RETRY_RESEARCHED_PENDING
7332,SHH-LIG-NYL-210/15,PCS,210/15 100G L. Brown Nylon (LIVLON)(357),Fishing & Tackle,,,,,PENDING,,,,,,,,,,,,,,,,,PENDING,pending,needs_permission,,,,RETRY_RESEARCHED_PENDING
7355,CAR-COO-GRN-500ML,EA,Aa Car Care Coolant 500ML (green),Automotive,,,,,PENDING,,,,,,,,,,,,,,,,,PENDING,pending,needs_permission,,,,RETRY_RESEARCHED_PENDING
7356,"FIT-SS231-ELB-MXF-1/2""-SUS304",PCS,SS Mxf Elbow 1/2,Plumbing,,SS231,,,PENDING,,,,,,,,,,,,,,,,,PENDING,pending,needs_permission,,,,RETRY_RESEARCHED_PENDING
7360,TOO-CHI-THP250,PCS,Cold Chisel High Tensile 250MM Point,Hand Tools,,,,,PENDING,,,,,,,,,,,,,,,,,PENDING,pending,needs_permission,,,,RETRY_RESEARCHED_PENDING
7384,V-MORE-V15-PVC-KNIFE,PCS,V-more V-15 PVC Paper Knife,Hand Tools,,V-15,,,PENDING,,,,,,,,,,,,,,,,,PENDING,pending,needs_permission,,,,RETRY_RESEARCHED_PENDING
7386,CAR-ARMOR-PROTECT,PACK,Armor All 300ML Protectant,Automotive,,,,,PENDING,,,,,,,,,,,,,,,,,PENDING,pending,needs_permission,,,,RETRY_RESEARCHED_PENDING
7387,CAR-CLE-WHEEL,BTL,Armor All Wheel & Tire Cleaner 300ML,Automotive,,,,,PENDING,,,,,,,,,,,,,,,,,PENDING,pending,needs_permission,,,,RETRY_RESEARCHED_PENDING
7390,FLO-MOC-20UB80,PCS,"8""X8 Floor Tiles",Flooring,,KH20UB80,,,PENDING,,,,,,,,,,,,,,,,,PENDING,pending,needs_permission,,,,RETRY_RESEARCHED_PENDING
7391,FLO-MOC-30PS12,PCS,12 X 12 Floor Tiles 30PS12,Flooring,,30PS12,,,PENDING,,,,,,,,,,,,,,,,,PENDING,pending,needs_permission,,,,RETRY_RESEARCHED_PENDING
7394,CAR-WAX-REPELL,PCS,Lizard Repellent 500ML,Automotive,,,,,PENDING,,,,,,,,,,,,,,,,,PENDING,pending,needs_permission,,,,RETRY_RESEARCHED_PENDING
7401,"FIT-YG237-SOC-1/2""-BRA",PCS,Brass Equal Socket 1/2,Electrical,,YG237,,,PENDING,,,,,,,,,,,,,,,,,PENDING,pending,needs_permission,,,,RETRY_RESEARCHED_PENDING
7411,"NAI-COM-1/2""*",PCK,1/2 Wire Nails - 200G,Electrical,,,,,PENDING,,,,,,,,,,,,,,,,,PENDING,pending,needs_permission,,,,RETRY_RESEARCHED_PENDING
7415,TAP-S2440ST,ROLL,905 Stationery Tape-st,Plumbing,,24MMX40Y,,,PENDING,,,,,,,,,,,,,,,,,PENDING,pending,needs_permission,,,,RETRY_RESEARCHED_PENDING
7424,NUM-60MM-G,PCS,Acp Alphabet 60MM - G,Signage & Numbering,,,,,PENDING,,,,,,,,,,,,,,,,,PENDING,pending,needs_permission,,,,RETRY_RESEARCHED_PENDING
7427,TOO-DRV-KT107-Z150,PCS,"150MM (6""-6)107 King Top (-) Screw Driver",Fasteners & Fixings,,,,,PENDING,,,,,,,,,,,,,,,,,PENDING,pending,needs_permission,,,,RETRY_RESEARCHED_PENDING
7430,DRI-MIX-SDS-CEM,PCS,20 X 500MM Metal T Type Sds Mixer BAR,Power Tool Accessories,,,,,PENDING,,,,,,,,,,,,,,,,,PENDING,pending,needs_permission,,,,RETRY_RESEARCHED_PENDING
7439,SHH-PLA-NET-NEEDLE-NO.6,PCS,Plastic Net Needle No. 6 (white),Fishing & Tackle,,NO.6,,,PENDING,,,,,,,,,,,,,,,,,PENDING,pending,needs_permission,,,,RETRY_RESEARCHED_PENDING
7440,SIN-TRA-PVC-38MM,PCS,Sr Waterec Unit Trap - 1 1/2,Plumbing,,,,,PENDING,,,,,,,,,,,,,,,,,PENDING,pending,needs_permission,,,,RETRY_RESEARCHED_PENDING
7441,SWI-IND-CLI-56C313,PCS,Clipsal Industrial Switchgear,Electrical,,56C313,,,PENDING,,,,,,,,,,,,,,,,,PENDING,pending,needs_permission,,,,RETRY_RESEARCHED_PENDING
7442,SWI-OMR-H3G8C,PCS,Omron H3G-8C 60S,Electrical,,H3G-8C,,,PENDING,,,,,,,,,,,,,,,,,PENDING,pending,needs_permission,,,,RETRY_RESEARCHED_PENDING
7444,TOO-CHI-THF250,PCS,Cold Chisel High Tensile 250MM Flat,Hand Tools,,,,,PENDING,,,,,,,,,,,,,,,,,PENDING,pending,needs_permission,,,,RETRY_RESEARCHED_PENDING
7454,MOT-DC244,UNIT(S),DC244 Motor Siren,Electrical,,DC244,,,PENDING,,,,,,,,,,,,,,,,,PENDING,pending,needs_permission,,,,RETRY_RESEARCHED_PENDING
7464,FIT-UPVC-TEE-110MMX82MM,PCS,U-pvc Reducing Tee 110MM X 82MM 4 X 3,Plumbing,,,,,PENDING,,,,,,,,,,,,,,,,,PENDING,pending,needs_permission,,,,RETRY_RESEARCHED_PENDING
7467,SUP-ROL-WIN-CUR,PCK,Star Plastic Curtain Roller (25PCS/PCK),Curtains & Blinds,,25PCS/PCK,,,PENDING,,,,,,,,,,,,,,,,,PENDING,pending,needs_permission,,,,RETRY_RESEARCHED_PENDING
7469,CAR-WAX-MOS-CLE,PCS,Mcs Super Mosaic Clean - 500ML,Automotive,,,,,PENDING,,,,,,,,,,,,,,,,,PENDING,pending,needs_permission,,,,RETRY_RESEARCHED_PENDING
7474,SHH-PLA-NET-NEEDLE-NO.2,PCS,Plastic Net Needle No. 2 (white),Fishing & Tackle,,NO.2,,,PENDING,,,,,,,,,,,,,,,,,PENDING,pending,needs_permission,,,,RETRY_RESEARCHED_PENDING
7486,NOZ-GEL-250G,TIN,Nozzle Gel (250G),Power Tool Accessories,,,,,PENDING,,,,,,,,,,,,,,,,,PENDING,pending,needs_permission,,,,RETRY_RESEARCHED_PENDING
7506,FIT-UPVC-BUSH-32X50MM,PCS,"U-pvc Reducing Bush 2""X1 1/4",Plumbing,,32X50MM,,,PENDING,,,,,,,,,,,,,,,,,PENDING,pending,needs_permission,,,,RETRY_RESEARCHED_PENDING
7516,CAR-WAS-500ML,PCS,Aa Car Care Wash&shine 500ML,Automotive,,,,,PENDING,,,,,,,,,,,,,,,,,PENDING,pending,needs_permission,,,,RETRY_RESEARCHED_PENDING
7532,"PIP-UPVC-4514-4""",MTR,4 (110MM) 4514 X 6M Upvc Pipe,Plumbing,,,,,PENDING,,,,,,,,,,,,,,,,,PENDING,pending,needs_permission,,,,RETRY_RESEARCHED_PENDING
7537,TOI-COV-SCREW-Y382,SET,Off Set Screw & Nut PVC -Y382,Fasteners & Fixings,,Y382,,,PENDING,,,,,,,,,,,,,,,,,PENDING,pending,needs_permission,,,,RETRY_RESEARCHED_PENDING
7541,SIN-TRA-PVC-32MM,PCS,Sr Waterec Unit Trap - 1 1/4,Plumbing,,,,,PENDING,,,,,,,,,,,,,,,,,PENDING,pending,needs_permission,,,,RETRY_RESEARCHED_PENDING
7542,"SOC-GI-2WAY-BOX-3/4""",PCS,GI 2WAY Box 3/4,Other,,2WAY,,,PENDING,,,,,,,,,,,,,,,,,PENDING,pending,needs_permission,,,,RETRY_RESEARCHED_PENDING
7570,"FIT-SS245-NIP-1/2""-SUS304",PCS,SS Equal Nipple 1/2,Plumbing,,SS245,,,PENDING,,,,,,,,,,,,,,,,,PENDING,pending,needs_permission,,,,RETRY_RESEARCHED_PENDING
7572,"X-ELE-PVC-NUT-3""X10""",PCS,"3""X10 White Box W/nut",Fasteners & Fixings,,X10,,,PENDING,,,,,,,,,,,,,,,,,PENDING,pending,needs_permission,,,,RETRY_RESEARCHED_PENDING
7576,PAI-SPR-ANC-002,PCS,400ML Anchor Spray - 2 White (PCS),Fasteners & Fixings,,,,,PENDING,,,,,,,,,,,,,,,,,PENDING,pending,needs_permission,,,,RETRY_RESEARCHED_PENDING
7607,BNW-WAS-SPR-6MM,PCK,Bsw Spring Washer 1/4 (8PCS/PCK),Fasteners & Fixings,,8PCS/PCK,,,PENDING,,,,,,,,,,,,,,,,,PENDING,pending,needs_permission,,,,RETRY_RESEARCHED_PENDING
7617,FIT-U-BUSH-110X50MM,PCS,4 (110MM) X 2 (50MM) U Bush,Plumbing,,,,,PENDING,,,,,,,,,,,,,,,,,PENDING,pending,needs_permission,,,,RETRY_RESEARCHED_PENDING
7618,FLO-MOC-BR3030NSDG,PCS,BR3030NSDG 30X30CM,Flooring,,BR3030NSDG,,,PENDING,,,,,,,,,,,,,,,,,PENDING,pending,needs_permission,,,,RETRY_RESEARCHED_PENDING
7661,TOO-DRV-PRE-7391A,SET,7391A Precision Screw Driver (torx Head),Fasteners & Fixings,,,,,PENDING,,,,,,,,,,,,,,,,,PENDING,pending,needs_permission,,,,RETRY_RESEARCHED_PENDING
7682,TAB-SHE-PVC-Y125A,MTR,Y-125A PVC Sheet,Housewares,,Y-125A,,,PENDING,,,,,,,,,,,,,,,,,PENDING,pending,needs_permission,,,,RETRY_RESEARCHED_PENDING
7684,TAB-PVC-480-11,MTR,137CM X 25M Thick 107 Table Cloth - 480-11,Housewares,,,,,PENDING,,,,,,,,,,,,,,,,,PENDING,pending,needs_permission,,,,RETRY_RESEARCHED_PENDING
7687,IND-GAL-WIRE-20#-500G,PKG,20 X 500G Wire,Electrical,,,,,PENDING,,,,,,,,,,,,,,,,,PENDING,pending,needs_permission,,,,RETRY_RESEARCHED_PENDING
7689,SHH-BLK-NYL-210/15-BK,PCS,210/15 100G Black Nylon (308),Fishing & Tackle,,,,,PENDING,,,,,,,,,,,,,,,,,PENDING,pending,needs_permission,,,,RETRY_RESEARCHED_PENDING
7690,SHH-BLK-NYL-210/9-BK,PCS,210/9 100G Black Nylon T. (308),Fishing & Tackle,,,,,PENDING,,,,,,,,,,,,,,,,,PENDING,pending,needs_permission,,,,RETRY_RESEARCHED_PENDING
7709,"FAS-SCR-TAP-CSK-6#5/8""",PACK,"6 X5/8""CSK Self Tapping Screw-flat Head (20PCS/PCK)",Fasteners & Fixings,,X5/8,,,PENDING,,,,,,,,,,,,,,,,,PENDING,pending,needs_permission,,,,RETRY_RESEARCHED_PENDING
7722,PAI-SPR-ANC-004,PCS,400ML Anchor Spray - 4 Executive Grey (PCS),Fasteners & Fixings,,,,,PENDING,,,,,,,,,,,,,,,,,PENDING,pending,needs_permission,,,,RETRY_RESEARCHED_PENDING
7728,PLUG-2PIN-IN-OUT-342A,PCS,2 Pin IN Out Plug 342A,Electrical,,,,,PENDING,,,,,,,,,,,,,,,,,PENDING,pending,needs_permission,,,,RETRY_RESEARCHED_PENDING
7742,"FIT-UPVC-U VENT- 4""",PCS,4 (110MM) U Vent Cowl,Plumbing,,,,,PENDING,,,,,,,,,,,,,,,,,PENDING,pending,needs_permission,,,,RETRY_RESEARCHED_PENDING
7769,TAB-PVC-515-11,MTR,137CM X 25M Thick 107 Table Cloth - 515-11,Housewares,,,,,PENDING,,,,,,,,,,,,,,,,,PENDING,pending,needs_permission,,,,RETRY_RESEARCHED_PENDING
