source_position,item_code,uom,display_name,category,detected_brand,detected_model,gemini_decision,agree,finish_exact,model_exact,gemini_reason,action,hint_source,hint_page,hint_image,hint_status,pilot_page
1,JOV-WAT-HEA-SL30IP-BLK-RS,PCS,Joven (black) Instant Water Heater SL30IP-RS,Home Appliances,Joven,SL30IP-RS,candidate,yes,yes,yes,"Exact Malaysian model page, SKU, black rendering, RS accessories and 3.6kW specs; sibling RS/non-RS explicitly eliminated.",carry_forward,priority50_forensic,https://www.joven-electric.com/my/sl30ip-rs-instant-water-heater-5101501.html,https://www.joven-electric.com/media/catalog/product/cache/0bde81fe0c905f83e0b9fd7fea6ccbea/5/1/5101501002-1.jpg,candidate,https://www.joven-electric.com/my/products/instant-water-heater/sl30-series.html
2,JOV-WAT-HEA-SL30IP-BLK,PCS,Joven (black) Instant Water Heater SL30IP,Home Appliances,Joven,SL30IP,pending,yes,no,yes,Model page is exact but candidate gate fails exact black image/finish proof.,search,priority50_forensic,https://www.joven-electric.com/my/sl30ip-instant-water-heater-5101401.html,,pending,https://www.joven-electric.com/my/products/instant-water-heater/sl30-series.html
3,JOV-WAT-HEA-SL30IP-WHI,PCS,Joven (white) Instant Water Heater SL30IP,Home Appliances,Joven,SL30IP,candidate,yes,yes,yes,Exact product page plus model-specific white asset and non-RS accessory fingerprint.,carry_forward,priority50_forensic,https://www.joven-electric.com/my/sl30ip-instant-water-heater-5101401.html,https://www.joven-electric.com/media/catalog/product/cache/0bde81fe0c905f83e0b9fd7fea6ccbea/s/l/sl30ip_white_2026-2_1.jpg,candidate,https://www.joven-electric.com/my/products/instant-water-heater/sl30-series.html
4,JOV-WAT-HEA-SL30IP-WHI-RS,PCS,Joven (white) Instant Water Heater SL30IP-RS,Home Appliances,Joven,SL30IP-RS,pending,yes,no,yes,Exact model is known but exact white image/finish is not proven.,search,priority50_forensic,https://www.joven-electric.com/my/sl30ip-rs-instant-water-heater-5101501.html,,pending,https://www.joven-electric.com/my/products/instant-water-heater/sl30-series.html
5,JOV-WAT-HEA-SA20E,PCS,Joven Instant Water Heater,Home Appliances,Joven,SA20E,candidate,yes,yes,yes,Exact model entry and model-specific image on official Malaysian series page; candidate below exceptional confidence due single-source/category dependency.,carry_forward,priority50_forensic,https://www.joven-electric.com/my/products/instant-water-heater/sa-series.html,https://www.joven-electric.com/media/catalog/product/cache/0bde81fe0c905f83e0b9fd7fea6ccbea/s/a/sa20e_-_feature_image_2026.jpg,candidate,https://www.joven-electric.com/my/products/instant-water-heater/sa-series.html
6,SIN-SOR-SRTKS2406,PCS,Sorento S/s 304 Kitchen Sink Ultrasonic Nano Tech SRTS2406,Kitchen & Sinks,Sorento,SRTS2406,pending,yes,no,yes,Exact family model present but source-name/technology ambiguity is material.,search,priority50_forensic,https://sorento.com.my/,https://www.sorento.com.my/media/attachments/2024/09/19/sorento-catalog-2024.pdf#page=94,pending,https://www.sorento.com.my/media/attachments/2024/09/19/sorento-catalog-2024.pdf
7,JOV-WAT-HEA-SA8E,PCS,Joven SA8E Instant Water Heater,Home Appliances,Joven,SA8E,candidate,yes,yes,yes,Exact model entry and model-specific official asset; candidate at 95 due category-page dependence.,carry_forward,priority50_forensic,https://www.joven-electric.com/my/products/instant-water-heater/sa-series.html,https://www.joven-electric.com/media/catalog/product/cache/0bde81fe0c905f83e0b9fd7fea6ccbea/5/1/511801001-1.jpg,candidate,https://www.joven-electric.com/my/products/instant-water-heater/sa-series.html
8,SIN-SOR-SRTKS2408,PCS,Sorento S/s 304 Kitchen Sink Ultrasonic Nano Tech SRTKS2408,Kitchen & Sinks,Sorento,SRTKS2408,pending,yes,no,yes,Exact 2408 page item exists but source mapping remains material.,search,priority50_forensic,https://sorento.com.my/,https://www.sorento.com.my/media/attachments/2024/09/19/sorento-catalog-2024.pdf#page=95,pending,https://www.sorento.com.my/media/attachments/2024/09/19/sorento-catalog-2024.pdf
9,TOI-TRP-WC-2122A-P,SET,Saniware Washdown Two-piece Closet WC-2122A-P180MM,Bathroom,Saniware,WC-2122A-P180MM,pending,yes,yes,no,Closest official page proves sibling but not exact source variant.,search,priority50_forensic,https://saniware.com/product/wc-2122a-s300/,,pending,https://saniware.com/product-category/water-closet/page/8/
10,TOI-TRP-WC2110A-P,SET,Saniware Washdown Two-piece Closet WC-2110A-P180MM,Bathroom,Saniware,WC-2110A-P180MM,pending,yes,yes,no,Closest official page proves sibling but not exact source variant.,search,priority50_forensic,https://saniware.com/product/wc-2110a-s200/,,pending,https://saniware.com/product-category/water-closet/page/8/
11,JOV-WAT-HEA-SL30E-WHI-RS,PCS,Joven (white) Instant Water Heater SL30E-RS,Home Appliances,Joven,SL30E-RS,candidate,yes,yes,yes,"Exact product page, SKU, white selector variant, RS accessory fingerprint and image asset.",carry_forward,priority50_forensic,https://www.joven-electric.com/my/sl30e-rs-instant-water-heater-5100601.html,https://www.joven-electric.com/media/catalog/product/cache/81feca21a488f339124f3c58fa0f1a2e/5/1/5100601001-4_2.jpg,candidate,https://www.joven-electric.com/my/products/instant-water-heater/sl30-series.html
12,SHO-SAN-SWP-BSP-9003G,PCS,Saniware Premier 3WAY Bath Expose Shower Set-mixer (gold),Bathroom,Saniware,3WAY,candidate,yes,yes,yes,Exact official SKU/title/image and 1set/box 5sets/ctn packaging; complete set image verified.,carry_forward,priority50_forensic,https://saniware.com/product/3-way-bath-shower-set-swp-bsp-9003g/,https://saniware.com/wp-content/uploads/2025/05/SWP-BSP-9003G.jpg,candidate,
13,SHO-SAN-SWP-BSP-9003RG,PCS,Saniware Premier 3WAY Bath Expose Shower Set-mixer (rose Gold),Bathroom,Saniware,3WAY,candidate,yes,yes,yes,Exact SKU/page/image and set packaging; finish explicitly named in page title/description.,carry_forward,priority50_forensic,https://saniware.com/product/3-way-bath-shower-set-swp-bsp-9003rg/,https://saniware.com/wp-content/uploads/2025/05/SWP-BSP-9003RG.jpg,candidate,
14,TAP-SAN-SWP-RG-304-3905,PCS,Saniware Premier Kitchen Pillar Sink Tap-rg SWP-RG-304-3905,Kitchen & Sinks,Saniware,SWP-RG-304-3905,pending,yes,no,no,Exact identity and image proof unavailable.,search,priority50_forensic,,,pending,
15,FAN-CEI-DEKA-CF5DCL46MB12,UNIT,Deka Ceiling Fan F5 DC~46L Pro Matt Blk,Fans & Ventilation,Deka,DC~46L,candidate,yes,yes,yes,Corrected from sibling F5 DC 46 PRO to exact 46L LED model; official page explicitly answers difference.,carry_forward,priority50_forensic,https://deka.my/f5-dc-46l-pro/,https://deka.my/wp-content/uploads/2025/07/F5-DC-46L-PRO-MB-Jpg-OK.jpg,candidate,https://deka.my/wp-content/uploads/2026/01/F5-DC-PRO-DX-PRO-IM.pdf
16,ELE-BUL-E27-3W-RED,PCS,Taicon E27 3W LED Color Bulb-red,Lighting,Taicon,E27,pending,yes,yes,no,Discovery confirms a Taicon 3W color-bulb family but not exact row proof.,search,priority50_forensic,https://www.facebook.com/100063586223862/posts/taicon-3w-b22e27-led-colour-bulb3w-b22-led-colour-bulb%EF%B8%8Fblue%EF%B8%8Fred%EF%B8%8Fyellow%EF%B8%8Fwhite%EF%B8%8Fpin/1546526540810205/,,pending,
17,TAP-SAN-SWP-B-2521,PCS,Saniware Premier Basin Pillar Tap-mixer SWP-B-2521,Bathroom,Saniware,SWP-B-2521,candidate,yes,yes,yes,Exact SKU/title/image and manufacturer page; packaging is separate from identity.,carry_forward,priority50_forensic,https://saniware.com/product/swp-b-2521/,https://saniware.com/wp-content/uploads/2021/10/SWP-B-2521.png,candidate,https://saniware.com/product-category/faucet/mixer-series/
18,JOV-WAT-HEA-SB11IP-BLK-RS,PCS,Joven (blk) Instant Water Heater,Home Appliances,Joven,SB11IP-RS,pending,yes,no,yes,Manufacturer lists multiple materially different SB11iP-RS variants; source row is under-specified.,search,priority50_forensic,https://www.joven-electric.com/my/products/instant-water-heater/sb11-series.html,,pending,https://www.joven-electric.com/my/products/instant-water-heater/sb11-series.html
19,RUB-TAE11-M330,UNIT,Rubine C/hood,Home Appliances,Rubine,RCH-NOVARA-90SS,candidate,yes,yes,yes,Exact official model page/image/spec; source display name is generic but detected model is exact.,carry_forward,priority50_forensic,https://www.rubine.com.my/product/RCH-NOVARA-90SS,https://www.rubine.com.my/files/product_img/IM01791.jpg,candidate,
20,STA-ROT-HAM-SHR263KA,UNIT,Stanley Rotary Hammer 26MM,Power Tools,Stanley,SHR263KA,pending,yes,yes,no,Family/spec evidence is insufficient for exact regional package.,search,priority50_forensic,https://theleedenstore.com.my/product/stanley-shr263ka-xd-2kg-26mm-rotary-hammer-with-chisel-drill-bit-tool-box/,,pending,
21,TAP-SAN-SWP-B-3023,PCS,Saniware Premier Basin Pillar Cold Tap (rose Gold) SWP-B-3023,Bathroom,Saniware,SWP-B-3023,candidate,yes,yes,yes,Exact official page states Rose Gold Pillar Tap and exact model image.,carry_forward,priority50_forensic,https://saniware.com/product/swp-b-3023/,https://saniware.com/wp-content/uploads/2021/10/SWP-B-3023.png,candidate,
22,OVEN-RUB-TAE13-M266,UNIT,Rubine Built-in Oven RBO-IA8X-70SS,Home Appliances,Rubine,RBO-IA8X-70SS,candidate,yes,yes,yes,"Exact current Rubine page, model, 70L, 8 functions and direct asset; IA6X explicitly treated as sibling.",carry_forward,priority50_forensic,https://www.rubine.com.my/product/RBO-IA8X-70SS,https://www.rubine.com.my/files/product_img/IM01811.jpg,candidate,https://www.rubine.com.my/manual-download.php?parent_id=all
23,KHI-COO-RC3636,SET,3.6L Rice Cooker (cool Grey),Home Appliances,Khind,KHIND-RC365,pending,yes,no,yes,Exact 3.6L RC365 page exists but strict source-code/finish chain is incomplete.,search,priority50_forensic,https://khind.com.my/products/3-6l-commercial-rice-cooker,https://khind.com.my/cdn/shop/files/ssmy.zone-1717059514-RC365_WH_Cover.jpg?v=1751809047,pending,https://khind.com.my/products/khind-rice-cooker-rc360
24,SHO-SOR-SRTSA830,PCS,Sorento 450MM Shower Arm,Bathroom,Sorento,SRTSA830,candidate,yes,yes,yes,Exact page and exact labeled catalogue crop; candidate image confidence 91 after visual sibling elimination.,carry_forward,priority50_forensic,https://sorentomasterclub.com.my/international/index.php/products-menu/sorento-mobile/bathroom-mobile/showerbidet-mobile/showerarm-mobile/srtsa830-detail,https://www.sorento.com.my/media/attachments/2024/09/19/sorento-catalog-2024.pdf#page=64,candidate,https://sorento.com.my/bathroom/shower-bidet/shower-arm/srtsa830-detail
25,SHO-SOR-SRTSA860-GM,PCS,Sorento 400MM Shower Arm,Bathroom,Sorento,SRTSA860-GM,candidate,yes,yes,yes,"Exact regional page text says SRTSA860-GM, SS304, 400mm, Gunmetal; direct asset filename is exact.",carry_forward,priority50_forensic,https://sorentomasterclub.com.my/international/index.php/products-menu/sorento-mobile/bathroom-mobile/showerbidet-mobile/showerarm-mobile/srtsa860-gm-detail,https://sorentomasterclub.com.my/international/images/virtuemart/product/SRTSA860-GM-(product).jpg,candidate,https://www.sorento.com.my/media/attachments/2024/09/19/sorento-catalog-2024.pdf
26,JOV-WAT-HEA-SB11IP-WHI,PCS,Joven (white) Instant Water Heater SB11IP,Home Appliances,Joven,SB11IP,pending,yes,no,yes,Variant cannot be selected without the omitted electrical rating.,search,priority50_forensic,https://www.joven-electric.com/my/products/instant-water-heater/sb11-series.html,,pending,https://www.joven-electric.com/my/products/instant-water-heater/sb11-series.html
27,TAP-SAN-SWP-SS-304-3940-RG,PCS,Saniware Premier Kitchen Pillar Sink Tap-rg SWP-SS-304-3940-RG,Kitchen & Sinks,Saniware,SWP-SS-304-3940-RG,candidate,yes,yes,yes,Exact official SKU/page/image; textual Rose Gold and 1set/box/10sets/ctn.,carry_forward,priority50_forensic,https://saniware.com/product/kitchen-pillar-sink-tap-swp-ss-304-3940-rg/,https://saniware.com/wp-content/uploads/2025/05/SWP-SS-304-3940-RG-1.jpg,candidate,
28,TOI-TRP-WC2300-S,SET,Saniware One Piece Washdown Closet,Bathroom,Saniware,WC2300-S250MM,candidate,yes,yes,yes,"Exact SKU, one-piece title, trap distances and exact image.",carry_forward,priority50_forensic,https://saniware.com/product/one-piece-washdown-closet-wc-2300-s250mm/,https://saniware.com/wp-content/uploads/2025/05/WC-2300.jpg,candidate,
29,FAN-STA-KHI-SF1682,SET,Khind 16 Stand Fan,Fans & Ventilation,Khind,SF1682SE,pending,yes,no,no,No exact product image or suffix mapping.,search,priority50_forensic,https://khind.com.my/products/khind-12-and-16-real-guard-lock,,pending,https://khind.com.my/products/khind-12-and-16-real-guard-lock
30,ELE-BUL-E27-15W-RED,PCS,Taicon E27 Stick Bulb Red 15W,Lighting,Taicon,E27,pending,yes,yes,no,Do not map E2-Red discovery to E27 source row without evidence.,search,priority50_forensic,https://www.facebook.com/KIONGSINGHARDWARE/posts/-new-arrival-%F0%9D%90%93%F0%9D%90%9A%F0%9C%9C%9F%9F%9F%9F,,pending,
31,TAP-SAN-SWP-B-3213,PCS,Saniware Premier Tall Basin Cold Tap,Bathroom,Saniware,SWP-SS-304-3213,candidate,yes,yes,yes,Exact SKU/title/direct image; packaging recorded separately.,carry_forward,priority50_forensic,https://saniware.com/product/tall-basin-cold-tap-swp-ss-304-3213/,https://saniware.com/wp-content/uploads/2025/05/3213.png,candidate,
32,JOV-WAT-HEA-SL30IP-WHI-AWB,PCS,Joven (white) Instant Water Heater SL30IP-AWB,Home Appliances,Joven,SL30IP-AWB,pending,yes,no,no,No defensible exact code-to-model mapping.,search,priority50_forensic,https://www.joven-electric.com/my/products/instant-water-heater/sl30-series.html,,pending,
33,TOI-TRP-WC2098RL-S,SET,Saniware Washdown One Piece Closet-rimless,Bathroom,Saniware,WC2098RL-S250MM,pending,yes,yes,no,Closest exact family page is not exact source variant.,search,priority50_forensic,https://saniware.com/product/wc-2098-s300/,,pending,
34,SIN-SOR-SRTKS2429-BL,PCS,Sorento S/steel 304 Kitchen Sink-black,Kitchen & Sinks,Sorento,SRTKS2429-BL,candidate,yes,yes,yes,Exact model/finish/dimensions printed adjacent to unique black item image; siblings eliminated.,carry_forward,priority50_forensic,https://sorento.com.my/,https://www.sorento.com.my/media/attachments/2024/09/19/sorento-catalog-2024.pdf#page=94,candidate,https://sorento.com.my/result/floor-standing-water-closet__or__nanomagma__or__others__or__seat-cover__or__semi-recessed-basin__or__squatting-pan__or__toilet-safety-handrail__or__under-mount__or__water-closet-accessories
35,TAP-SAN-SWP-B-2934,PCS,Saniware Premier Basin Pillar Tap-mixer (gold) SWP-B-2934,Bathroom,Saniware,SWP-B-2934,pending,yes,no,yes,Exact model/image but material finish field unresolved; forensic rule requires pending.,search,priority50_forensic,https://saniware.com/product/basin-pillar-tap-mixer-swp-b-2934/,https://saniware.com/wp-content/uploads/2026/01/SWP-B-2934.jpg,pending,
36,TAP-SAN-SWP-B-2931,PCS,Saniware Premier Basin Pillar Tap-mixer (matt Black) SWP-B-2931,Bathroom,Saniware,SWP-B-2931,candidate,yes,yes,yes,Exact model page/title/image and matt-black description; sibling chrome/gold pages excluded.,carry_forward,priority50_forensic,https://saniware.com/product/basin-pillar-tap-mixer-swp-b-2931/,https://saniware.com/wp-content/uploads/2025/05/SWP-B-2931.png,candidate,https://saniware.com/product-category/faucet/mixer-series/
37,TAP-SAN-SWP-B-2930,PCS,Saniware Premier Basin Pillar Tap-mixer SWP-B-2930,Bathroom,Saniware,SWP-B-2930,candidate,yes,yes,yes,Exact model page/title/image; exact chrome/metallic appearance and pack text.,carry_forward,priority50_forensic,https://saniware.com/product/basin-pillar-tap-mixer-swp-b-2930/,https://saniware.com/wp-content/uploads/2025/05/SWP-B-2930.png,candidate,https://saniware.com/product-category/faucet/mixer-series/
38,IND-RIC-COO-RC7878,SET,5.6L Rice Cooker (cool Grey),Home Appliances,Khind,KHIND-RC565,candidate,yes,yes,yes,Exact page/spec/image and color; UOM separated as internal convention.,carry_forward,priority50_forensic,https://khind.com.my/products/5-6l-commercial-rice-cooker-rc565,https://khind.com.my/cdn/shop/files/rc565-wh-cover_190224150612.jpg?v=1751809130&width=1946,candidate,
39,FAN-STA-KHI-SF1663H,SET,Khind 16 Stand Fan (black),Fans & Ventilation,Khind,SF1663H,candidate,yes,yes,yes,"Exact page names model, black, 16-inch and 50W; image embedded on exact page.",carry_forward,priority50_forensic,https://khind.com.my/products/16-stand-fan,https://khind.com.my/cdn/shop/files/sf1663h-cover_010721155036.jpg?v=1751809588&width=1946,candidate,https://khind.com.my/products/16-stand-fan
40,TAP-SAN-SWP-B-2924,PCS,Saniware Premier Basin Pillar Tap-mixer (gold) SWP-B-2924,Bathroom,Saniware,SWP-B-2924,pending,yes,no,no,Exact official page and image absent.,search,priority50_forensic,,,pending,
41,TAP-SAN-SWP-B-2921,PCS,Saniware Premier Basin Pillar Tap-mixer (matt Black) SWP-B-2921,Bathroom,Saniware,SWP-B-2921,pending,yes,no,no,Do not substitute 2931 image.,search,priority50_forensic,,,pending,https://saniware.com/product-tag/mixer-series/
42,CAB-SAN-SWBC-SS6615,SET,Saniware Bathroom Cabinet Set Water Tap SWBC-SS6615,Bathroom,Saniware,SWBC-SS6615,candidate,yes,yes,yes,"Exact page confirms cabinet, ceramic basin, mirror, shelf, tap and waste; UOM SET matches.",carry_forward,priority50_forensic,https://saniware.com/product/swbc-ss6615/,https://saniware.com/wp-content/uploads/2025/04/SWBC-SS6615.jpeg,candidate,
43,GAS-STO-RUB-TAE10-M523,UNIT,Rubine Glass Hob RGH-LOTOFLEXI2B-BLFX,Kitchen & Sinks,Rubine,RGH-LOTOFLEXI2B-BLFX,candidate,yes,yes,yes,"Exact current product page, model, 2-burner/flexi features and direct asset.",carry_forward,priority50_forensic,https://www.rubine.com.my/product/RGH-LOTOFLEXI2B-BLFX,https://www.rubine.com.my/files/product_img/IM01801.jpg,candidate,https://www.rubine.com.my/manual-download.php?parent_id=all
44,TAP-SAN-SWP-SS-304-3970-MB,PCS,Saniware Premier Flexible Hose Pillar Sink Tap Waterfall (matt Blk),Kitchen & Sinks,Saniware,SWP-SS-304-3970-MB,pending,yes,no,no,Exact model/finish proof absent.,search,priority50_forensic,,,pending,
45,TOI-TRP-WC-8826-S,SET,Sorento Washdown Flushing Tech,Bathroom,Sorento,TECH.SRTWC8826-S-RL,pending,yes,yes,yes,"Product/image exact, but source-code mapping is unresolved under strict gate.",search,priority50_forensic,https://sorentomasterclub.com.my/my/index.php/products-menu/sorento-mobile/bathroom-mobile/watercloset-mobile/closedcoupled-mobile/srtwc8826-detail,https://sorentomasterclub.com.my/my/images/virtuemart/product/SRTWC8826-(product).jpg,pending,
46,CAB-SAN-SWBC-SS6411,SET,Saniware Bathroom Cabinet Set Water Tap SWBC-SS6411,Bathroom,Saniware,SWBC-SS6411,candidate,yes,yes,yes,"Exact page confirms cabinet, ceramic basin, mirror, shelf, tap and waste; SET matches.",carry_forward,priority50_forensic,https://saniware.com/product/swbc-ss6411/,https://saniware.com/wp-content/uploads/2025/04/SWBC-SS6411-1.jpeg,candidate,
47,SHO-HAN-SWP-HS-502,SET,Saniware Premier Hand Shower With Flexible Hose SWP-HS-502,Bathroom,Saniware,SWP-HS-502,pending,yes,no,no,Public evidence ceiling reached for exact 502.,search,priority50_forensic,,,pending,
48,FAN-CEI-KHI-WHI-CF618,SET,Khind - 60 Ceiling Fan,Fans & Ventilation,Khind,CF618,pending,yes,no,no,Manual collection existence alone cannot support exact image.,search,priority50_forensic,https://khind.com.my/collections/user-manuals?page=28,,pending,https://khind.com.my/collections/user-manuals?page=28
49,OVEN-RUB-TAE13-M265,UNIT,Rubine Built-in Oven RBO-IA6X-70SS,Home Appliances,Rubine,RBO-IA6X-70SS,pending,yes,no,no,Exact model string is source-detected but no exact product image/page evidence.,search,priority50_forensic,https://www.rubine.com.my/product/RBO-IA6X-70SS,,pending,https://www.rubine.com.my/offers/kitchen-appliances-2018-october.pdf
50,TAP-SAN-SWP-SS-304-3970,PCS,Saniware Premier Flexible Hose Pillar Sink Tap Waterfall,Kitchen & Sinks,Saniware,SWP-SS-304-3970,pending,yes,no,no,Exact model is mentioned in discovery material but not established as a final authoritative image source.,search,priority50_forensic,,,pending,
51,TOI-TRP-WC-SRTWC8354-SH-UF(250MM),PCS,Sorento Twister Flush Tech,Bathroom,Sorento,SRTWC8354-SH-UF,pending,yes,no,yes,Source SRTWC8354-SH-UF(250MM) vs catalogue SRTWC8354-SH with PP seat cover; UF suffix unresolved.,search,products_51_100_forensic,https://www.sorento.com.my/media/attachments/2024/11/11/sorento-catalog-2024.pdf#page=7,https://www.sorento.com.my/media/attachments/2024/11/11/sorento-catalog-2024.pdf#page=7,PENDING,
52,SHO-SOR-SRTWT2634-RG,PCS,Sorento Exposed Shower Set (matt Blk+rose Gold),Bathroom,Sorento,SRTWT2634-RG,candidate,yes,yes,yes,"Official catalogue p.63 names SRTWT2634-RG as a 3-Ways Exposed Shower Set c/w Spout, ABS rain shower head 188x288mm, 3-functions self-clean silicone-nozzle ABS hand shower, solid-brass body, Rose Gold + Matt Black.",carry_forward,products_51_100_forensic,https://www.sorento.com.my/media/attachments/2024/11/11/sorento-catalog-2024.pdf#page=63,https://www.sorento.com.my/media/attachments/2024/11/11/sorento-catalog-2024.pdf#page=63,VERIFIED_CANDIDATE,https://sorento.com.my/bathroom/shower-bidet/exposed-shower-set/srtwt2634-rg-detail
53,STA-GRI-SG6100,UNIT,Stanley Grinder 620W,Power Tools,Stanley,SG6100,pending,yes,yes,no,SG6100 vs SG6100-XD; exact image and package not preserved.,search,products_51_100_forensic,https://www.lkkhardware.com/showproducts/productid/5449423/620w-stanley-angle-grinder-sg6100xd/,,PENDING,
54,STA-DRI-SCH10D2K,UNIT,Stanley 12V Tower Up Hammer Drill/driver 2.0AH,Power Tools,Stanley,SCH10D2K,pending,yes,no,yes,SCH10D2K vs SCH10D2K-B1 package suffix.,search,products_51_100_forensic,https://theleedenstore.com.my/product/stanley-sch10d2k-b1-12v-brushed-cordless-hammer-drill-with-2-0ah-battery-1-5a-charger/,https://theleedenstore.com.my/wp-content/uploads/2024/02/STENLEY-CORDLESS-SERIES_STANLEY-SCH10D2K-B1-12V-BRUSHED-CORDLESS-HAMMER-DRILL-WITH-2.0AH-BATTERY-1.5A-CHARGER.jpg,PENDING,
55,TOI-TRP-WC-2110A-S,SET,Saniware Eco Seat Cover Top&bottom Washdown Two-piece Closet,Bathroom,Saniware,WC-2110A-S250MM,pending,yes,yes,no,S200 vs S250MM trap size.,search,products_51_100_forensic,https://saniware.com/product/wc-2110a-s200/,,PENDING,
56,TOI-TRP-WC-2122A-S,SET,Saniware Washdown Closet WC-2122A-S250MM,Bathroom,Saniware,WC-2122A-S250MM,pending,yes,yes,no,S300 vs S250MM trap size.,search,products_51_100_forensic,https://saniware.com/product/wc-2122a-s300/,,PENDING,
57,TOI-TRP-WC-SRTWC286-SH-S(250MM),PCS,Sorento One Piece Washdown Flush Tech,Bathroom,Sorento,SRTWC286-SH-S,candidate,yes,yes,yes,"Official catalogue p.7 names SRTWC286-SH, Twister Flushing Technology, L680xW365xH735mm, S-trap 150/200/250mm and P-trap 180mm; source specifies 250mm.",carry_forward,products_51_100_forensic,https://www.sorento.com.my/media/attachments/2024/11/11/sorento-catalog-2024.pdf#page=7,https://www.sorento.com.my/media/attachments/2024/11/11/sorento-catalog-2024.pdf#page=7,VERIFIED_CANDIDATE,
58,TOI-TRP-WC-SRTWC8504-S,PCS,Sorento Washdown W Rimless Flush Tech,Bathroom,Sorento,SRTWC8504-S,pending,yes,no,yes,Source -S vs official catalogue -RL; exact suffix mapping unresolved.,search,products_51_100_forensic,https://www.sorento.com.my/media/attachments/2024/11/11/sorento-catalog-2024.pdf#page=9,https://www.sorento.com.my/media/attachments/2024/11/11/sorento-catalog-2024.pdf#page=9,PENDING,
59,STA-GRI-SCG400-SOLO,UNIT,Stanley 20V Grinder,Power Tools,Stanley,SCG400,pending,yes,yes,no,SCG400 vs SCG400-SOLO exact package.,search,products_51_100_forensic,NOT_PRESERVED,,PENDING,
60,SHO-SOR-SRTWT2634,PCS,Sorento Exposed Shower Set 3-WAYS SRTWT2634,Bathroom,Sorento,3-WAYS,candidate,yes,yes,yes,"Official catalogue p.62 names SRTWT2634 as a Chrome 3-Ways Exposed Shower Set c/w Spout, ABS rain shower head 188x288mm, 3-functions self-clean silicone-nozzle ABS hand shower and solid-brass body.",carry_forward,products_51_100_forensic,https://www.sorento.com.my/media/attachments/2024/11/11/sorento-catalog-2024.pdf#page=62,https://www.sorento.com.my/media/attachments/2024/11/11/sorento-catalog-2024.pdf#page=62,VERIFIED_CANDIDATE,https://www.sorento.com.my/index.php/bathroom/shower-bidet/exposed-shower-set/srtwt2634-detail
61,STA-ROT-HAM-SHR243KA,UNIT,Stanley Rotary Hammer 24MM,Power Tools,Stanley,SHR243KA,pending,yes,no,no,Exact package/kit suffix and image unresolved.,search,products_51_100_forensic,NOT_PRESERVED,,PENDING,
62,SHO-SOR-SRTSH22614-BL,PCS,Sorento 229MM ABS Rain Shower Head (matt Blk),Bathroom,Sorento,SRTSH22614-BL,candidate,yes,yes,yes,"Official catalogue p.65 names SRTSH22614-BL Rain Shower Head, D 200x200mm / 8x8in, Matt Black.",carry_forward,products_51_100_forensic,https://www.sorento.com.my/media/attachments/2024/11/11/sorento-catalog-2024.pdf#page=65,https://www.sorento.com.my/media/attachments/2024/11/11/sorento-catalog-2024.pdf#page=65,VERIFIED_CANDIDATE,
63,SIN-SOR-SRTKS6091,PCS,Sorento Undermount Kitchen Sink,Kitchen & Sinks,Sorento,SRTKS6091,pending,yes,yes,no,SRTKS6091 vs variant record SRTKS6091-02; exact dimensions/finish/image missing.,search,products_51_100_forensic,https://sorento.com.my/index.php?virtuemart_category_id%5B0%5D=21&virtuemart_category_id%5B1%5D=24&virtuemart_category_id%5B2%5D=135&virtuemart_category_id%5B3%5D=39&virtuemart_category_id%5B4%5D=84&virtuemart_category_id%5B5%5D=35&virtuemart_category_id%5B6%5D=59&virtuemart_category_id%5B7%5D=55&virtuemart_category_id%5B8%5D=52&virtuemart_category_id%5B9%5D=48&virtuemart_category_id%5B10%5D=46&virtuemart_category_id%5B11%5D=64&custom_f_12%5B0%5D=4368726f6d65&option=com_customfilters,,PENDING,https://sorento.com.my/result/filter-tap__or__pillar-mounted__or__under-mount__or__rain-shower-head
64,FAN-CEI-LED-RCF-MOZIA56-5BL-BT,PCS,Rubine Blk Timber LED Ceiling Fan,Fans & Ventilation,Rubine,RCF-MOZIA56-5BL-BT,candidate,yes,yes,yes,"Official page exactly identifies RCF-MOZIA56-5BL, 22W tri-colour LED, 8F+8R RF remote, turbo speed, and Black Timber/Matte Black options.",carry_forward,products_51_100_forensic,https://www.rubine.com.my/product/RCF-MOZIA56-5BL,https://www.rubine.com.my/files/product_img/IM00032.png,VERIFIED_CANDIDATE,
65,TOI-TRP-WC-SRTWC8366-S(250MM),PCS,Sorento One Piece Washdown W Rimless Flush Tech,Bathroom,Sorento,SRTWC8366-S,pending,yes,no,yes,Source -S vs official -RL-UF; exact seat-cover/finish mapping unresolved.,search,products_51_100_forensic,https://www.sorento.com.my/media/attachments/2024/11/11/sorento-catalog-2024.pdf#page=8,https://www.sorento.com.my/media/attachments/2024/11/11/sorento-catalog-2024.pdf#page=8,PENDING,
66,TOI-TRP-WC-SRTWC8518-SH-S,PCS,Sorento One Piece Twister Flushing Tech,Bathroom,Sorento,SRTWC8518-SH-S,pending,yes,yes,no,SRTWC8518-SH-S source vs SRTWC8518 seat-cover record; exact WC page/image unavailable.,search,products_51_100_forensic,https://www.facebook.com/SorentoMalaysia/posts/whether-you-choose-the-powerful-gravity-driven-washdown-or-the-silent-360-degree/1342912134544835/,,PENDING,
67,GAS-STO-RUB-TAE10-E102,UNIT,Rubine Ceramic Hob,Kitchen & Sinks,Rubine,RCE-VULCAN40-BL,candidate,yes,yes,yes,"Official page exactly identifies RCE-VULCAN40-BL built-in ceramic electric hob, ceramic-horizontal, beveled glass/aluminium frame, residual heat warning, KONSTEC heat control, safety lock and timer.",carry_forward,products_51_100_forensic,https://www.rubine.com.my/product/RCE-VULCAN40-BL,https://www.rubine.com.my/files/product_img/IM02133.jpg,VERIFIED_CANDIDATE,
68,ELE-BUL-B22-3W-RED,PCS,Taicon B22 3W LED Color Bulb - Red,Lighting,Taicon,B22,pending,yes,no,no,"Exact Taicon part number, B22-only variant, and image unresolved.",search,products_51_100_forensic,https://www.facebook.com/100063586223862/posts/taicon-3w-b22e27-led-colour-bulb3w-b22-led-colour-bulb%EF%B8%8Fblue%EF%B8%8Fred%EF%B8%8Fyellow%EF%B8%8Fwhite%EF%B8%8Fpin/1546526540810205/,,PENDING,
69,ELE-BUL-E27-10W-RED,PCS,Taicon E27 Stick Bulb Red 10W,Lighting,Taicon,E27,pending,yes,no,no,Exact Taicon SKU and red variant image unresolved.,search,products_51_100_forensic,https://shopee.com.my/TAICON-LED-STICK-BULB-SERIES-i.94779936.2695466463,,PENDING,
70,MIR-SWBC-SS6414,SET,Saniware Bathroom Cabinet Set Water Tap SWBC-SS6414,Bathroom,Saniware,SWBC-SS6414,pending,yes,yes,no,Exact cabinet/tap/basin component list and image missing.,search,products_51_100_forensic,https://saniware.com/?s=SWBC-SS6414,,PENDING,
71,OVEN-RUB-TAE13-M507,UNIT,Rubine M/wave Oven RMO-934SS-GD34X,Home Appliances,Rubine,RMO-934SS-GD34X,pending,yes,no,yes,Source RMO-934SS-GD34X vs official RMO-934SS-GD34; X suffix unresolved.,search,products_51_100_forensic,https://www.rubine.com.my/product/RMO-934SS-GD34,https://www.rubine.com.my/files/product_img/IM01814.jpg,PENDING,https://www.rubine.com.my/manual-download.php?parent_id=all
72,SHO-SOR-SRTSH2623-BL,PCS,Sorento 225MM ABS Rain Shower Head Matt Blk,Bathroom,Sorento,SRTSH2623-BL,candidate,yes,yes,yes,"Official catalogue p.65 names SRTSH2623-BL Rain Shower Head, D Ø225mm / 9in, Matt Black.",carry_forward,products_51_100_forensic,https://www.sorento.com.my/media/attachments/2024/11/11/sorento-catalog-2024.pdf#page=65,https://www.sorento.com.my/media/attachments/2024/11/11/sorento-catalog-2024.pdf#page=65,VERIFIED_CANDIDATE,https://sorento.com.my/result/filter-tap__or__pillar-mounted__or__under-mount__or__rain-shower-head
73,SIN-SOR-SRTKS2426-BL,PCS,Sorento Kitch. Sink-blk Ultrasonic Nano Tech,Kitchen & Sinks,Sorento,S/S304,candidate,yes,yes,yes,"Official catalogue p.94 names SRTKS2426-BL, L540xW440xH230mm, Matt Black.",carry_forward,products_51_100_forensic,https://www.sorento.com.my/media/attachments/2024/11/11/sorento-catalog-2024.pdf#page=94,https://www.sorento.com.my/media/attachments/2024/11/11/sorento-catalog-2024.pdf#page=94,VERIFIED_CANDIDATE,https://sorento.com.my/result/filter-tap__or__pillar-mounted__or__under-mount__or__rain-shower-head
74,SHO-SAN-SWP-BSP-5505B,PCS,Saniware Premier 3WAY Bath Shower Set For Water Heater (black),Bathroom,Saniware,3WAY,pending,yes,yes,yes,Official Saniware page absent/404; dealer authority and asset rights require confirmation.,search,products_51_100_forensic,https://www.yesbath.com.my/showproducts/productid/6045655/sus304-3-way-bath-shower-set-for-water-heater-black-swpbsp5505b/,https://cdn1.npcdn.net/images/cf6eef12013f376c4a5f3b39abeebe92_1757471914.webp?md5id=5de402365ca7341b8b1e38b3013768e8&new_width=1000&new_height=1000&size=max&w=-62170008925&from=jpeg&type=9,PENDING,
75,TAP-SAN-SWP-SS-304-3950-MB,PCS,Saniware Premier Flexible Hose Kitchen Pillar Sink Tap (matt Blk),Kitchen & Sinks,Saniware,SWP-SS-304-3950-MB,pending,yes,yes,no,No exact direct image URL exposed; official Saniware page returned 404.,search,products_51_100_forensic,https://www.gsthardware.com.my/product/saniware-flexible-hose-kitchen-pillar-tapgun-metal-swp-ss-304-3950-gm/,,PENDING,
76,FAN-CEI-RCF-MOZIA56-5B-BT,PCS,Rubine Blk Timber Ceiling Fan,Fans & Ventilation,Rubine,RCF-MOZIA56-5B-BT,candidate,yes,yes,yes,"Official page exactly identifies RCF-MOZIA56-5B, non-LED DC fan, 8F+8R RF remote, turbo/sleep mode, aerodynamic ABS blades, and Black Timber/Matte Black options.",carry_forward,products_51_100_forensic,https://www.rubine.com.my/product/RCF-MOZIA56-5B,https://www.rubine.com.my/files/product_img/IM00030.png,VERIFIED_CANDIDATE,
77,TOI-TRP-WC-SRTWC8840-S,PCS,Sorento Close Coupled Wash,Bathroom,Sorento,DOWN-SRTWC8840-S,pending,yes,yes,yes,Source -S vs official -RL.,search,products_51_100_forensic,https://www.sorento.com.my/media/attachments/2024/11/11/sorento-catalog-2024.pdf#page=10,https://www.sorento.com.my/media/attachments/2024/11/11/sorento-catalog-2024.pdf#page=10,PENDING,
78,BATH-SRTBF31416,PCS,Sorento 304 S/s 5 IN 1 Bathroom Furn,Bathroom,Sorento,SRTBF31416,pending,yes,no,yes,4-in-1 official catalogue vs 5-in-1 dealer set; exact component package and image unresolved.,search,products_51_100_forensic,https://www.sorento.com.my/media/attachments/2024/11/11/sorento-catalog-2024.pdf#page=35,https://www.sorento.com.my/media/attachments/2024/11/11/sorento-catalog-2024.pdf#page=35,PENDING,
79,ELE-D/L-MEG-YTT100ZI-30W,PCS,Megaman E27 LED Bulb,Lighting,Megaman,E27,pending,yes,yes,yes,YTT100ZI vs official YTT100Z1; exact internal code needs owner confirmation.,search,products_51_100_forensic,https://megaman.com.my/product/t-bulb/,https://megaman.com.my/wp-content/uploads/2020/12/11-1-1.jpg,PENDING,
80,RUB-TAE10-M371,UNIT,Rubine Glass Hob RGH-FIGATA2B-BL,Kitchen & Sinks,Rubine,RGH-FIGATA2B-BL,candidate,yes,yes,yes,"Official page exactly identifies RGH-FIGATA2B-BL built-in gas hob, Dritto/Straight flame, 5.0kW flame power, FFD, convex burner plate and battery ignition.",carry_forward,products_51_100_forensic,https://www.rubine.com.my/product/RGH-FIGATA2B-BL,https://www.rubine.com.my/files/product_img/IM01807.jpg,VERIFIED_CANDIDATE,https://www.rubine.com.my/manual-download.php?parent_id=all
81,SHO-SAN-SWP-BSP-5504B,PCS,Saniware Premier 2WAY Bath Shower Set For Water Heater (black),Bathroom,Saniware,2WAY,pending,yes,yes,no,Exact model page/image inaccessible; 2-way configuration only from source/discovery.,search,products_51_100_forensic,NOT_PRESERVED,,PENDING,
82,SIN-SOR-SRTKS2431,PCS,Sorento Nanograin Texture Kitchen Sink,Kitchen & Sinks,Sorento,SRTKS2431,pending,no,yes,yes,Prior file accepted candidate asset from third-party retailer/dealer buildershardware.com.my rather than official Sorento OEM catalogue/portal. Fails marketplace/dealer gate.,fix,products_51_100_forensic,https://buildershardware.com.my/product/sorento-kitchen-sink-srtks2431/,https://buildershardware.com.my/wp-content/uploads/2024/08/SRTKS2431-19.jpg,VERIFIED_CANDIDATE,
83,ELE-CAB-WIR-MKK-2.5MM-RED,ROLL,MKK Cable 2.5MM (7/0.49MM) Red,Electrical,MKK,7/0.49MM,pending,yes,yes,no,"Exact MKK part number, conductor standard, insulation rating and image missing.",search,products_51_100_forensic,NOT_PRESERVED,,PENDING,
84,FAN-CEI-DEKA-CGNL54MB12,UNIT,Deka Ceiling Fan Geno Matt Black,Fans & Ventilation,Deka,54LED,pending,yes,yes,yes,Source 54LED/CGNL54MB12 vs official base Geno 54 LED Power N/A.,search,products_51_100_forensic,https://deka.my/geno-54/,https://deka.my/geno-54/,PENDING,
85,KHI-HDR-HD515,SET,Hair Dryer 1800W (matt Black),Home Appliances,Khind,KHIND-HD1800,candidate,yes,yes,yes,"Official Khind page exactly identifies Hair Dryer HD1800, 1800W, 240V~50Hz, Matt Black, 1.8m cable, 0.5kg net weight, folded/unfolded dimensions.",carry_forward,products_51_100_forensic,https://khind.com.my/products/1800w-hair-dryer,https://khind.com.my/cdn/shop/files/hd1800-wh-cover_280521152043.jpg?v=1751809539,VERIFIED_CANDIDATE,
86,OVEN-RUB-TAE13-M503,UNIT,Rubine M/wave Oven RMO-OREO-28BL,Home Appliances,Rubine,RMO-OREO-28BL,candidate,yes,yes,yes,"Official page exactly identifies RMO-OREO-28BL built-in microwave with grill, 28L, 8 auto menus, electronic control/LCD, child lock, stainless-steel cavity and 595x400x388mm.",carry_forward,products_51_100_forensic,https://www.rubine.com.my/product/RMO-OREO-28BL,https://www.rubine.com.my/files/product_img/IM01815.jpg,VERIFIED_CANDIDATE,https://www.rubine.com.my/manual-download.php?parent_id=all
87,ELE-CAB-WIR-MKK-2.5MM-BLACK,ROLL,MKK Cable 2.5MM (7/0.49MM) Black,Electrical,MKK,7/0.49MM,pending,yes,yes,no,"Exact MKK part number, conductor standard, insulation rating and image missing.",search,products_51_100_forensic,NOT_PRESERVED,,PENDING,
88,MIR-SWBC-SS6811,SET,Saniware Bathroom Cabinet Set Water Tap SWBC-SS6811,Bathroom,Saniware,SWBC-SS6811,pending,yes,yes,no,Exact cabinet/tap/basin component list and image missing.,search,products_51_100_forensic,https://saniware.com/?s=SWBC-SS6811,,PENDING,
89,SPR-BID-SWP-SS-304-6875-BA,PCS,Saniware Premier Two Way Tap With Bidet SET&1.2M Flex. Hose,Bathroom,Saniware,SET&1.2M,pending,yes,yes,no,No direct exact image URL exposed; official Saniware page returned 404.,search,products_51_100_forensic,https://www.htrendskb.com.my/showproducts/productid/6246533/cid/387813/saniware-two-way-tap-with-bidet-black-swpss3046875ba/,,PENDING,
90,TAP-SAN-SWP-SS-304-3950,PCS,Saniware Premier Flexible Hose Kitchen Pillar Sink Tap,Kitchen & Sinks,Saniware,SWP-SS-304-3950,pending,yes,yes,no,No exact direct image URL exposed; official Saniware page returned 404.,search,products_51_100_forensic,https://www.gsthardware.com.my/product/saniware-flexible-hose-kitchen-pillar-tapgun-metal-swp-ss-304-3950-gm/,,PENDING,
91,TAP-SAN-SWP-B-3213-G,PCS,Saniware Premier Tall Basin Cold Tap (gold),Bathroom,Saniware,SWP-SS-304-3213-G,pending,yes,yes,no,Gold exact page/image is dealer-only; manufacturer page exists only for base stainless model.,search,products_51_100_forensic,https://www.hengshenghardware.com.my/showproducts/productid/6519703/cid/653991/saniware-tall-basin-cold-tap-swpss3043213g-saniware-products-in-selangor/,https://cdn1.npcdn.net/images/ae00ee05e540a1bfa5317d407c20f63e_1778769104.webp?md5id=aa669fe24aabb489080c05a96e7f594b&new_width=1000&new_height=1000&size=max&w=1784295513&from=png&type=9,PENDING,
92,BATH-SRTBF31514,PCS,Sorento 5IN1 Bath Furn,Bathroom,Sorento,5IN1,pending,yes,yes,no,No direct exact image URL exposed; mirror cabinet + package components differ from other furniture families.,search,products_51_100_forensic,https://www.zhinheng.com.my/showproducts/productid/6040406/cid/205566/sorento-5-in-1-bathroom-furniture-srtbf31514srtmcb6083bl/,,PENDING,
93,FAN-CEI-DEKA-CF66DC66MB12,UNIT,Deka Ceiling Fan F66 DC Matt Black,Fans & Ventilation,Deka,F66,pending,yes,no,yes,Source CF66DC66MB12 vs official base F66 DC; possible LED/variant suffix.,search,products_51_100_forensic,https://deka.my/f66-dc/,https://deka.my/f66-dc/,PENDING,
94,JOV-WAT-FIL-JP200,PCS,Joven (red) Water Purifier,Home Appliances,Joven,JP200,pending,yes,yes,no,Source red vs official white asset; red model-specific SKU/image not proven.,search,products_51_100_forensic,https://www.joven-electric.com/my/jp200-water-purifier.html,https://www.joven-electric.com/my/jp200-water-purifier.html,PENDING,
95,KHI-HDR-HD511-GRE,SET,Hair Dryer 1400W (matt Grey),Home Appliances,Khind,KHIND-HD1400,pending,yes,yes,no,Ekoway HD511-GRE / Matt Grey vs official HD1400 model; exact finish/internal-code mapping needs confirmation.,search,products_51_100_forensic,https://khind.com.my/products/khind-hair-dryer-hd1400,https://khind.com.my/cdn/shop/files/HD1400_1_HiRes_1a611a78-9046-49f7-96cd-f0af17337545.jpg?v=1751809409,PENDING,
96,SHO-SOR-SRTWT9605RG,PCS,Sorento Exposed Shower Set 2WAYS SRTWT9605-RG,Bathroom,Sorento,2WAYS,candidate,yes,yes,yes,"Official catalogue p.62 names SRTWT9605-RG 2-Ways Exposed Shower Set, ABS rain shower head 220mm, 5-functions ABS hand shower, solid-brass body, push-button diverter and Rose Gold finish.",carry_forward,products_51_100_forensic,https://www.sorento.com.my/media/attachments/2024/11/11/sorento-catalog-2024.pdf#page=62,https://www.sorento.com.my/media/attachments/2024/11/11/sorento-catalog-2024.pdf#page=62,VERIFIED_CANDIDATE,
97,SHO-SOR-SRTWT9614,PCS,Sorento Shower Set,Bathroom,Sorento,3WAYS-EXPOSED,pending,yes,yes,no,Exact image and full finish/color fields not exposed.,search,products_51_100_forensic,https://sorento.com.my/result/bidet__or__bottle-trap__or__exposed-shower-set__or__free-standing-basin__or__seat-cover__or__shaving-mirror__or__under-counter-basin__or__wall-mounted/colours/Chrome__or__White,,PENDING,
98,TAP-SAN-SWP-SS-304-3939,PCS,Saniware Premier Double Spout Kitchen Pillar Sink Tap,Kitchen & Sinks,Saniware,SWP-SS-304-3939,pending,yes,yes,no,"Exact double-spout product page, dimensions, finish and image missing.",search,products_51_100_forensic,https://saniware.com/?s=SWP-SS-304-3939,,PENDING,
99,X-GAS-STO-RUB-TAE10-M372,UNIT,Rubine Glass Hob RGH-ALLORA2B-BL,Kitchen & Sinks,Rubine,RGH-ALLORA2B-BL,pending,yes,yes,no,Exact official page/image inaccessible; exact burner/spec variant not preserved.,search,products_51_100_forensic,https://www.rubine.com.my/product/RGH-ALLORA2B-BL,,PENDING,
100,FAN-FLO-KHI-FF2005,PCS,20 Ind Floor Fan Black,Fans & Ventilation,Khind,KHIND-FF2005,pending,no,no,yes,Prior file accepted asset FF2005_WH.jpg (White) for product FAN-FLO-KHI-FF2005 specified as Black (20 Ind Floor Fan Black). Colour/finish mismatch (white image for black product).,fix,products_51_100_forensic,https://khind.com.my/products/20-industrial-floor-fan,https://khind.com.my/cdn/shop/files/ssmy.zone-1731060431-FF2005_WH.jpg?v=1751808994,VERIFIED_CANDIDATE,
101,SIN-SOR-SRTKS2427-BL,PCS,Sorento S/s 304 Kitchen Sink-blk Ultrasonic Nano Tech,Kitchen & Sinks,Sorento,SRTKS2427-BL,pending,yes,no,no,Fail-closed: evidence insufficient for VERIFIED. Catalogue page number and exact black-finish image crop not yet preserved.,search,products_101_1000_forensic,https://www.sorento.com.my/media/attachments/2024/11/11/sorento-catalog-2024.pdf,,PENDING,
102,BAS-SOR-SRTWB7132,PCS,Sorento Counter Top Basin,Bathroom,Sorento,SRTWB7132,pending,yes,yes,no,"Fail-closed: evidence insufficient for VERIFIED. Catalogue dimension text is L400xW400xH140mm, but PDF page and exact image crop are not yet preserved.",search,products_101_1000_forensic,https://www.sorento.com.my/media/attachments/2024/11/11/sorento-catalog-2024.pdf,,PENDING,
103,ELE-D/L-MEG-YTPDGLE5-70W,PCS,Megaman E27 Led-t Bulb,Lighting,Megaman,E27,pending,yes,yes,no,Fail-closed: evidence insufficient for VERIFIED. Official 70W row prints PLC under Cap while source display/family says E27; exact cap configuration is unresolved.,search,products_101_1000_forensic,https://megaman.com.my/product/high-lumen-t-bulb/,https://megaman.com.my/wp-content/uploads/2020/12/1-2.jpg | https://megaman.com.my/wp-content/uploads/2020/12/Untitled-7-2.jpg | https://megaman.com.my/wp-content/uploads/2020/12/Untitled-8-4.jpg | https://megaman.com.my/wp-content/uploads/2020/12/Untitled-9-2.jpg,PENDING,
104,X-ELE-LED-FFL-CHA-10W,PCS,Taicon Stick LED Mini 5W E27 - Red,Lighting,Taicon,E27,pending,yes,yes,no,"Fail-closed: evidence insufficient for VERIFIED. Exact manufacturer model/variant, technical specifications and image not preserved; no substitute brand asset allowed.",search,products_101_1000_forensic,NOT_PRESERVED,,PENDING,
105,ELE-BUL-E27-3W-BLUE,PCS,Taicon E27 3W LED Color Bulb-blue,Lighting,Taicon,E27,pending,yes,yes,no,"Fail-closed: evidence insufficient for VERIFIED. Exact manufacturer model/variant, technical specifications and image not preserved; no substitute brand asset allowed.",search,products_101_1000_forensic,NOT_PRESERVED,,PENDING,
106,ELE-HOL-TC818-E27,PCS,Taicon Tc 818 E27 Lamp Holder,Lighting,Taicon,E27,pending,yes,yes,no,"Fail-closed: evidence insufficient for VERIFIED. Exact manufacturer model/variant, technical specifications and image not preserved; no substitute brand asset allowed.",search,products_101_1000_forensic,NOT_PRESERVED,,PENDING,
107,FAN-WAL-KHI-FW1660TH,SET,16 Wall Fan,Fans & Ventilation,Khind,WF1602SE-KHIND,pending,yes,no,no,Fail-closed: evidence insufficient for VERIFIED. Source internal code FW1660TH and source finish do not exactly map to official WF1602SE Winter Grey.,search,products_101_1000_forensic,https://khind.com.my/products/khind-16-wall-fan-wf1602se,,PENDING,
108,KHI-POT-AP550,SET,Khind Thermos Pot 5.5L,Home Appliances,Khind,AP550,pending,yes,yes,no,Fail-closed: evidence insufficient for VERIFIED. Exact product image and complete product page not preserved.,search,products_101_1000_forensic,https://khind.com.my/collections/user-manuals?page=4,,PENDING,
109,RAINBOW-G888-250GM,BTL,Nippon Gold Paint 999 Gold,Paint & Sundries,Nippon Paint,250GM,pending,yes,no,no,"Fail-closed: evidence insufficient for VERIFIED. Exact product family, finish and official 250g packaging not preserved.",search,products_101_1000_forensic,NOT_PRESERVED,,PENDING,
110,TAP-SAN-SWP-B-3203-RG,PCS,Saniware Premier Basin Pillar Cold Tap (rose Gold) SWP-SS-304-3203-RG,Bathroom,Saniware,SWP-SS-304-3203-RG,candidate,yes,yes,yes,Exact official asset verified for SWP-SS-304-3203-RG matching product specifications and finish.,carry_forward,products_101_1000_forensic,https://saniware.com/product/premier-basin-pillar-cold-tap-swp-ss-304-3203-rg/,https://saniware.com/wp-content/uploads/2025/05/SWP-SS-304-3203-RG.jpg,VERIFIED,
111,TAP-SAN-SWP-SS-3391,PCS,Saniware Premier Kitchen Pillar Sink Tap SWP-SS-3391,Kitchen & Sinks,Saniware,SWP-SS-3391,pending,yes,no,no,"Fail-closed: evidence insufficient for VERIFIED. Exact page, dimensions, finish/package and image not preserved.",search,products_101_1000_forensic,https://saniware.com/product-category/faucet/saniware-premier/,,PENDING,
112,SPR-BID-SWP-SS-304-6875A,PCS,Saniware Premier Two Way Tap With Bidet Set 1.2M Flex. Hose,Bathroom,Saniware,SWP-SS-304-6875A,pending,yes,no,no,"Fail-closed: evidence insufficient for VERIFIED. Exact page, dimensions, finish/package and image not preserved.",search,products_101_1000_forensic,https://saniware.com/product-category/faucet/saniware-premier/,,PENDING,
113,SPR-BID-SWSB-ABS-362,PCS,Saniware ABS Spray Bidet Set Holder & 1.2MM Flexible Hose,Bathroom,Saniware,SWSB-ABS-362,pending,yes,no,no,"Fail-closed: evidence insufficient for VERIFIED. Exact page, dimensions, finish/package and image not preserved.",search,products_101_1000_forensic,https://saniware.com/product-category/faucet/saniware-premier/,,PENDING,
114,BATH-SRTBF31417,PCS,Sorento 6 IN 1 Bathroom Furniture,Bathroom,Sorento,SRTBF31417,pending,yes,yes,no,Fail-closed: evidence insufficient for VERIFIED. Exact page returned no extractable content; complete component list and image not preserved.,search,products_101_1000_forensic,https://sorento.com.my/bathroom/bathroom-furniture/6-in-1-bathroom-furniture,,PENDING,
115,ELE-D/L-MEG-FE2155D-18W-3000K,PCS,Megaman Plce T3 3U E27 Bulb,Lighting,Megaman,E27,pending,yes,yes,no,Fail-closed: evidence insufficient for VERIFIED. Exact 3000K versus unspecified row and exact package image not preserved; distributor search result only.,search,products_101_1000_forensic,https://megaman.com.my/product-category/led-lighting-source/,,PENDING,
116,FAN-CEI-DEKA-CF5DC46MB12,UNIT,Deka Ceiling Fan F5 DC~46 Pro Matt Blk,Fans & Ventilation,Deka,DC~46,pending,yes,yes,no,Fail-closed: evidence insufficient for VERIFIED. NOT_PRESERVED,search,products_101_1000_forensic,https://deka.my/f5-dc-46-pro/,https://deka.my/wp-content/uploads/2025/07/F5-DC-46-PRO-MB-Jpg-OK.jpg,PENDING,
117,X-RUB-TRB08-006,UNIT,Rubine Rjs 622 S/s Sink (1BB+1SB),Kitchen & Sinks,Rubine,1BB+1SB,pending,yes,yes,no,Fail-closed: evidence insufficient for VERIFIED. No exact authoritative source or asset was preserved in this shard pass.,search,products_101_1000_forensic,NOT_PRESERVED,,PENDING,
118,ELE-BUL-B22-3W-BLU,PCS,Taicon B22 3W LED Color Bulb - Blue,Lighting,Taicon,B22,pending,yes,yes,no,"Fail-closed: evidence insufficient for VERIFIED. Exact manufacturer model/variant, technical specifications and image not preserved; no substitute brand asset allowed.",search,products_101_1000_forensic,NOT_PRESERVED,,PENDING,
119,STA-HAM-SBD715D2K,UNIT,Stanley Fatmax 20V Brushless Hammer Drill,Power Tools,Stanley,SBD715D2K,pending,yes,yes,no,Fail-closed: evidence insufficient for VERIFIED. B1 package may contain two batteries and charger; source has no suffix.,search,products_101_1000_forensic,https://www.lkmmachinery.com.my/showproducts/productid/4769011/cid/96811/stanley-sbd715d2k-20v-cordless-brushless-hammer-drill-with-battery-1-charger/,,PENDING,
120,BOS-0601-227-1L2,UNIT,Gsb 13RE Impact Drill (blow Mode Set),Power Tools,Bosch,13RE,pending,yes,yes,no,Fail-closed: evidence insufficient for VERIFIED. Exact model/order number match is strong; direct image URL not exposed in preserved extraction.,search,products_101_1000_forensic,https://www.bosch-pt.com.my/my/en/products/gsb-13-re-06012271L2,,PENDING,
121,GAS-STO-KHI-GC7125,SET,Khind Gas Cooker (stainless Steel),Home Appliances,Khind,GC7125,pending,yes,yes,no,Fail-closed: evidence insufficient for VERIFIED. Exact product image not preserved.,search,products_101_1000_forensic,https://khind.com.my/products/khind-gas-cooker-gc7125,,PENDING,https://khind.com.my/collections/gas-stoves
122,SHO-SOR-SRTWT9600HP,PCS,Sorento Exposed Shower Set - 2WAYS SRTWT9600HP,Bathroom,Sorento,2WAYS,candidate,yes,yes,yes,Exact official asset verified for SRTWT9600HP matching product specifications and finish.,carry_forward,products_101_1000_forensic,https://sorentomasterclub.com.my/international/index.php/products-menu/sorento-mobile/bathroom-mobile/showerbidet-mobile/exposedshowerset-mobile/srtwt9600-detail,https://sorentomasterclub.com.my/international/images/virtuemart/product/SRTWT9600-(product).jpg,VERIFIED,
123,LOC-YALE-Y120B-50-KA5,SET,Yale (key Alike) Boron Shackle Padlock Y120B-50-KA5,Lifting & Rigging,Yale,Y120B-50-KA5,pending,yes,yes,no,Fail-closed: evidence insufficient for VERIFIED. Exact /127/5 five-piece keyed-alike page/image absent; /127/2 sibling confirms family but not exact pack.,search,products_101_1000_forensic,https://www.yalehome.com/my/en/products/padlocks/outdoor-environment/y120b-series,,PENDING,
124,SHO-SOR-SRTSS8730,PCS,Sorento Sliding BAR Shower Set - SRTSS8730,Bathroom,Sorento,SRTSS8730,pending,yes,yes,no,Fail-closed: evidence insufficient for VERIFIED. Official materials conflict on 3 versus 5 functions and expose SRTSS8730-04 variant; source has no suffix.,search,products_101_1000_forensic,https://www.sorento.com.my/media/attachments/2024/11/11/sorento-catalog-2024.pdf,,PENDING,
125,ELE-BUL-E27-3W-GREEN,PCS,Taicon E27 3W LED Color Bulb-green,Lighting,Taicon,E27,pending,yes,yes,no,"Fail-closed: evidence insufficient for VERIFIED. Exact manufacturer model/variant, technical specifications and image not preserved; no substitute brand asset allowed.",search,products_101_1000_forensic,NOT_PRESERVED,,PENDING,
126,KHI-INF-COO-IRC2000,SET,Khind - Infrared Cooker (black),Home Appliances,Khind,IRC2000,pending,yes,yes,no,Fail-closed: evidence insufficient for VERIFIED. Exact product image not preserved.,search,products_101_1000_forensic,https://khind.com.my/products/infrared-cooker,,PENDING,https://khind.com.my/collections/user-manuals?page=21
127,STA-DRI-BRU-SBD710D2K,UNIT,Stanley Fatmax 20V Max Brushless Drill Driver,Power Tools,Stanley,SBD710D2K,pending,yes,yes,yes,Fail-closed: evidence insufficient for VERIFIED. Exact suffix/package/bundle not proven; no family image substituted.,search,products_101_1000_forensic,NOT_PRESERVED,,PENDING,
128,ELE-BUL-B22-3W-GRE,PCS,Taicon B22 3W LED Color Bulb - Green,Lighting,Taicon,B22,pending,yes,yes,no,"Fail-closed: evidence insufficient for VERIFIED. Exact manufacturer model/variant, technical specifications and image not preserved; no substitute brand asset allowed.",search,products_101_1000_forensic,NOT_PRESERVED,,PENDING,
129,ELE-D/L-MEG-FE2155D-18W,PCS,Megaman E27 3U Bulb,Lighting,Megaman,E27,pending,yes,yes,no,Fail-closed: evidence insufficient for VERIFIED. Exact 3000K versus unspecified row and exact package image not preserved; distributor search result only.,search,products_101_1000_forensic,https://megaman.com.my/product-category/led-lighting-source/,,PENDING,
130,NIP-MAT-W9102-18L,DRUM,18L Super Matex Bs 9102 White,Paint & Sundries,Nippon Paint,,pending,yes,yes,no,Fail-closed: evidence insufficient for VERIFIED. Official page confirms family only; exact 18L BS 9102 packaging and image not preserved.,search,products_101_1000_forensic,https://www.nipponpaint.com.my/product/super-matex/,,PENDING,https://www.nipponpaint.com.my/product/super-matex/
131,STA-GRI-SCG400-SET,UNIT,Stanley 20V Grinder 1PC Charger (SC200)+2PCS Battery 2.0AH (SB202),Power Tools,Stanley,SC200,pending,yes,yes,yes,Fail-closed: evidence insufficient for VERIFIED. Exact suffix/package/bundle not proven; no family image substituted.,search,products_101_1000_forensic,NOT_PRESERVED,,PENDING,
132,STA-PRE-WAS-BEPW1800T,UNIT,Black+decker Vertical Pressure Washer 125 BAR,Power Tools,Stanley,BEPW1800T,pending,yes,yes,yes,Fail-closed: evidence insufficient for VERIFIED. Exact suffix/package/bundle not proven; no family image substituted.,search,products_101_1000_forensic,NOT_PRESERVED,,PENDING,
133,TAP-SAN-SWP-SS-304-106,PCS,Saniware Premier Kitchen Pillar Sink Tap SWP-SS-304-106,Kitchen & Sinks,Saniware,SWP-SS-304-106,pending,yes,no,no,Fail-closed: evidence insufficient for VERIFIED. Exact official page returned no content; dimensions/finish/image not preserved.,search,products_101_1000_forensic,https://saniware.com/product-category/faucet/saniware-premier/,,PENDING,
134,ELE-D/L-MEG-YTA60Z1-10W,PCS,Megaman A60 E27 LED Bulb YTA60Z1 10W/6500K,Lighting,Megaman,A60,pending,yes,no,no,"Fail-closed: evidence insufficient for VERIFIED. Family/model technical evidence exists, but exact colour-temperature row and exact source image are not preserved.",search,products_101_1000_forensic,https://megaman.com.my/product-category/led-lighting-source/,,PENDING,
135,BOS-0601-9H9-0L2C2,SET,Gws + Gsb Set + Gbh Solo + Gdx Solo Combo,Power Tools,Bosch,180-LI,pending,yes,yes,no,Fail-closed: evidence insufficient for VERIFIED. Source bundles do not match current official six-kit list; exact contents/suffixes unresolved.,search,products_101_1000_forensic,https://www.bosch-pt.com.my/my/en/combo-kits-3038553-ocs-c/,,PENDING,
136,ELE-CAB-WIR-MKK-1.5MM-BLACK,ROLL,MKK Cable 1.5MM (7/0.39MM) Black,Electrical,MKK,7/0.39MM,pending,yes,no,no,"Fail-closed: evidence insufficient for VERIFIED. Exact colour/nominal size maps, but strand notation/manufacturer/insulation rating and direct asset are unresolved.",search,products_101_1000_forensic,https://buatanmalaysia.com/product/14-00001/,,PENDING,
137,GAS-STO-KHI-GS1516,SET,Khind - Infrared Gas Cooker (stainless Steel),Home Appliances,Khind,IGS1516,pending,yes,yes,no,Fail-closed: evidence insufficient for VERIFIED. Source item code GS1516 omits official I prefix; physical label confirmation needed.,search,products_101_1000_forensic,https://khind.com.my/products/khind-infrared-gas-stove-igs1516,,PENDING,https://khind.com.my/collections/gas-stoves
138,ELE-D/L-MEG-YTP38B1-10W,PCS,Megaman LED Stick Bulb Plc YTP38B1 10W/6500K,Lighting,Megaman,YTP38B1,pending,yes,no,no,"Fail-closed: evidence insufficient for VERIFIED. Family/model technical evidence exists, but exact colour-temperature row and exact source image are not preserved.",search,products_101_1000_forensic,https://megaman.com.my/product-category/led-lighting-source/,,PENDING,
139,ELE-D/L-TC-3260-32W-RND-4000K,PCS,Taicon V3 32W Adjusted LED Dl Round (TC-3260),Lighting,Taicon,TC-3260,pending,yes,yes,no,"Fail-closed: evidence insufficient for VERIFIED. Exact manufacturer model/variant, technical specifications and image not preserved; no substitute brand asset allowed.",search,products_101_1000_forensic,NOT_PRESERVED,,PENDING,
140,KHI-COO-RC918T,SET,Khind - Rc 1.8L Teflon Pot (cream Magnolia),Home Appliances,Khind,RC918T,pending,yes,no,no,Fail-closed: evidence insufficient for VERIFIED. Exact page/image/finish packaging not fully preserved for each row.,search,products_101_1000_forensic,https://khind.com.my/collections/khind,,PENDING,https://www.khind.com.my/image/data/theme/products/manual_instruction/Rice%20Cooker/rc9t-km130n20ricecooker-im_200621145459.pdf
141,NIP-SEA-5100-20L,DRUM,18L Nippon Vinilex 5100 Wall Sealer,Paint & Sundries,Nippon Paint,,pending,yes,no,no,Fail-closed: evidence insufficient for VERIFIED. Exact colour code/volume container and image not preserved.,search,products_101_1000_forensic,https://www.nipponpaint.com.my/product/super-matex/,,PENDING,https://professional.nipponpaint.com.my/case-study/the-key-benefits-of-waterproofing
142,X-STA-PLANER-STP18-1800W,UNIT,Stanley Thickness Planer 1800W,Power Tools,Stanley,STP18-B1,pending,yes,yes,no,Fail-closed: evidence insufficient for VERIFIED. Exact official manufacturer page/image and package dimensions not preserved.,search,products_101_1000_forensic,https://eaglehardwarestore.com.my/product/stanley-stp18-b1-1800w-thickness-planer-stp18,,PENDING,
143,BOS-0600-910-0L0SH,UNIT,Ghp High Pressure Cleaner,Power Tools,Bosch,5-13C,pending,yes,yes,no,Fail-closed: evidence insufficient for VERIFIED. Source description says GHP high-pressure cleaner while detected model says 5-13C; exact manufacturer/model mapping unresolved.,search,products_101_1000_forensic,NOT_PRESERVED,,PENDING,
144,FAN-KHI-AF1801,SET,Khind 18 Auto Fan (white),Fans & Ventilation,Khind,AF1801,pending,yes,no,no,Fail-closed: evidence insufficient for VERIFIED. Exact page/image/finish packaging not fully preserved for each row.,search,products_101_1000_forensic,https://khind.com.my/collections/khind,,PENDING,https://khind.com.my/collections/auto-fans
145,FAN-WAL-TAICON-TC-11006,SET,Taicon 16 Wall Fan Sirim-whi,Fans & Ventilation,Taicon,5BLADE,pending,yes,yes,no,"Fail-closed: evidence insufficient for VERIFIED. Exact manufacturer model/variant, technical specifications and image not preserved; no substitute brand asset allowed.",search,products_101_1000_forensic,NOT_PRESERVED,,PENDING,
146,KHI-COO-RCJ188,SET,Khind - Jar Rice Cooker 1.8L (mint),Home Appliances,Khind,RCJ188,pending,yes,no,no,Fail-closed: evidence insufficient for VERIFIED. Exact page/image/finish packaging not fully preserved for each row.,search,products_101_1000_forensic,https://khind.com.my/collections/khind,,PENDING,https://khind.com.my/collections/verz_import?page=40
147,BOS-2608-619-701,PCS,Cutting Disc Metal,Abrasives & Cutting,Bosch,105MMX1.2MMX16MM,pending,yes,yes,no,Fail-closed: evidence insufficient for VERIFIED. Dealer sells 5-piece box while source UOM is single PCS; exact source pack is unresolved.,search,products_101_1000_forensic,https://www.lkmmachinery.com.my/showproducts/productid/5974506/bosch-4quot-metal-cutting-disc-105-x-12-x-16mm-metal-cutting-disc-5pcs1-box-green/,,PENDING,
148,NIP-MAT-15245-18L,DRUM,18L Super Matex 15245 Maxtwhite,Paint & Sundries,Nippon Paint,,pending,yes,no,no,Fail-closed: evidence insufficient for VERIFIED. Exact colour code/volume container and image not preserved.,search,products_101_1000_forensic,https://www.nipponpaint.com.my/product/super-matex/,,PENDING,
149,NIP-SAT-GLO-18L-145,CAN,18L Nippon Satin Glo 145 White,Paint & Sundries,Nippon Paint,,pending,yes,no,no,Fail-closed: evidence insufficient for VERIFIED. Exact colour code/volume container and image not preserved.,search,products_101_1000_forensic,https://www.nipponpaint.com.my/product/super-matex/,,PENDING,https://professional.nipponpaint.com.my/case-study/the-key-benefits-of-waterproofing
150,PSN-MJ-CS100WSK,PCS,Panasonic Juicer 1.7L 400W (white),Home Appliances,Panasonic,MJ-CS100W,pending,yes,yes,no,"Fail-closed: evidence insufficient for VERIFIED. Official page supports MJ-CS100WSK, 400W and compact container, but source says MJ-CS100W and 1.7L; capacity/variant mismatch.",search,products_101_1000_forensic,https://www.panasonic.com/my/consumer/kitchen-appliance/beverage-preparation/juicer-slow-juicer/mj-cs100wsk.html,,PENDING,
151,STA-IMP-DRI-STDH7213V,UNIT,Stanley Percussion Drill 800W+VP,Power Tools,Stanley,800W+VP,pending,yes,yes,no,Fail-closed: evidence insufficient for VERIFIED. Tier 2 only; source display says +VP and manufacturer page/package not corroborated.,search,products_101_1000_forensic,https://www.leedenhercules.com/showproducts/productid/5657786/cid/564115/stanley-stdh7213v-13mm-800w-percussion-drill/,https://cdn1.npcdn.net/images/ac54b406aa5532cd1b7e25698d7219dd_1736740364.webp?md5id=65f76dcdbd789fbe2623a33ab6b35da0&new_width=1000&new_height=1000&size=max&w=1772617758&from=jpeg&type=9 | https://cdn1.npcdn.net/images/61058cb54ccd9f559263690052d39366_1736740364.webp?md5id=65f76dcdbd789fbe2623a33ab6b35da0&new_width=1000&new_height=1000&size=max&w=1772617758&from=jpeg&type=1 | https://cdn1.npcdn.net/images/003403f274931ad1a3cd6aa2f940bbd2_1736740364.webp?md5id=65f76dcdbd789fbe2623a33ab6b35da0&new_width=1000&new_height=1000&size=max&w=1772617758&from=jpeg&type=1,PENDING,
152,TAP-SAN-SWP-SS-304-3936-SS,PCS,Saniware Premier Kitchen Wall Sink Tap-ss,Kitchen & Sinks,Saniware,SWP-SS-304-3936,pending,yes,no,no,"Fail-closed: evidence insufficient for VERIFIED. Exact page, dimensions, finish/package and image not preserved.",search,products_101_1000_forensic,https://saniware.com/product-category/faucet/saniware-premier/,,PENDING,
153,ELE-D/L-MEG-YTA70Z1-15W,PCS,Megaman A70 E27 LED Bulb YTA70Z1 15W/6500K,Lighting,Megaman,A70,pending,yes,no,no,"Fail-closed: evidence insufficient for VERIFIED. Family/model technical evidence exists, but exact colour-temperature row and exact source image are not preserved.",search,products_101_1000_forensic,https://megaman.com.my/product-category/led-lighting-source/,,PENDING,
154,ELE-D/L-MEG-YTP38B1-10W-4000K,PCS,Megaman LED Stick Bulb Plc YTP38B1 10W/4000K,Lighting,Megaman,YTP38B1,pending,yes,no,no,"Fail-closed: evidence insufficient for VERIFIED. Family/model technical evidence exists, but exact colour-temperature row and exact source image are not preserved.",search,products_101_1000_forensic,https://megaman.com.my/product-category/led-lighting-source/,,PENDING,
155,FAN-CEI-DEKA-CF5DC56MB,UNIT,Deka Ceiling Fan F5 Dc~pro Matt Blk 56,Fans & Ventilation,Deka,,pending,yes,yes,no,Fail-closed: evidence insufficient for VERIFIED. NOT_PRESERVED,search,products_101_1000_forensic,https://deka.my/f5-dc-pro/,https://deka.my/wp-content/uploads/2025/07/F5-DC-PRO-MB-Jpg.jpg,PENDING,
156,TAP-SAN-SWP-B-304-3915,PCS,Saniware Premier Kitchen Wall Sink Tap-blk,Kitchen & Sinks,Saniware,SWP-B-304-3915,pending,yes,no,no,"Fail-closed: evidence insufficient for VERIFIED. Exact page, dimensions, finish/package and image not preserved.",search,products_101_1000_forensic,https://saniware.com/product-category/faucet/saniware-premier/,,PENDING,
157,FAN-CEI-DEKA-CGNL54OAK12,UNIT,Deka Ceiling Fan Geno Oak,Fans & Ventilation,Deka,54LED,pending,yes,yes,no,Fail-closed: evidence insufficient for VERIFIED. Source detected model contains 54LED while official GENO 54 page is explicitly LED Power N/A; exact LED/non-LED variant unresolved.,search,products_101_1000_forensic,https://deka.my/geno-54/,https://deka.my/wp-content/uploads/2025/07/GENO-54-OAK-Jpg.jpg,PENDING,
158,JOV-WAT-FIL-JWP20,PCS,Joven Water Filter,Pumps & Water,Joven,JWP20,pending,yes,yes,no,Fail-closed: evidence insufficient for VERIFIED. Exact official image URL not exposed.,search,products_101_1000_forensic,https://www.joven-electric.com/my/jwp20-water-filter.html,,PENDING,
159,STA-PRE-WAS-BEPW1750,UNIT,Black+decker Pressure Washer 120BAR,Power Tools,Stanley,120BAR,pending,yes,yes,no,Fail-closed: evidence insufficient for VERIFIED. Source row lacks B1/IN/XD suffix; exact package and image unresolved.,search,products_101_1000_forensic,NOT_PRESERVED,,PENDING,
160,BOS-AHI4-4PC-R,UNIT,Adelino S/steel Multi Stage Centrifugal Pump (1.0HP),Pumps & Water,Bosch,1.0HP,pending,yes,yes,no,"Fail-closed: evidence insufficient for VERIFIED. Exact horsepower/model curves, self-priming versus non-self-priming configuration, package and image unresolved.",search,products_101_1000_forensic,http://adelinopump.com/fr-fr/surface_pump/394.html,,PENDING,
161,BOS-AJS37PC,UNIT,Adelino Automatic Self-priming Jet Pump With Pc (0.5HP),Pumps & Water,Bosch,0.5HP,pending,yes,yes,no,"Fail-closed: evidence insufficient for VERIFIED. Exact horsepower/model curves, self-priming versus non-self-priming configuration, package and image unresolved.",search,products_101_1000_forensic,http://adelinopump.com/fr-fr/surface_pump/394.html,,PENDING,
162,ELE-D/L-TC-2260-22W,PCS,Taicon 24W Adjusted LED Dl Rnd,Lighting,Taicon,6000K,pending,yes,yes,no,"Fail-closed: evidence insufficient for VERIFIED. Exact manufacturer model/variant, technical specifications and image not preserved; no substitute brand asset allowed.",search,products_101_1000_forensic,NOT_PRESERVED,,PENDING,
163,"EXH-FAN-KHI-12""-WHI-EF1201",SET,Khind 12 Exhaust Fan (off White),Fans & Ventilation,Khind,EF1201,pending,yes,no,no,Fail-closed: evidence insufficient for VERIFIED. Exact store asset URL not exposed; source finish is off-white versus official white.,search,products_101_1000_forensic,https://khind.com.my/products/khind-exhaust-fan-ef1201,,PENDING,
164,BOS-0601-9K3-1L2,UNIT,Gsb Batt. Impact Drill,Power Tools,Bosch,185-LI,pending,yes,yes,no,Fail-closed: evidence insufficient for VERIFIED. Official page exposes L2 variant but direct image asset was not preserved.,search,products_101_1000_forensic,https://www.bosch-pt.com.my/my/en/products/gsb-185-li-06019K31L1,,PENDING,
165,BOS-2608-522-405,PCS,Impact Bit PH2 X 65MM,Power Tools,Bosch,PH2,pending,yes,yes,no,"Fail-closed: evidence insufficient for VERIFIED. Exact lengths/part numbers are proven, but Malaysia-specific asset/packaging and rights are not preserved.",search,products_101_1000_forensic,https://www.bosch-pt.com.sg/sg/en/pro-long-groove-double-ended-impact-bit-3095581-ocs-ac/,,PENDING,
166,ELE-CAB-WIR-MKK-2.5MM-YEL,ROLL,MKK Cable 2.5MM (7/0.49MM) Yellow,Electrical,MKK,7/0.49MM,pending,yes,no,no,"Fail-closed: evidence insufficient for VERIFIED. Exact colour/nominal size maps, but strand notation/manufacturer/insulation rating and direct asset are unresolved.",search,products_101_1000_forensic,https://buatanmalaysia.com/product/14-00001/,,PENDING,
167,ELE-D/L-MEG-YTP45B1-15W-3000K,PCS,Megaman LED Stick Bulb Plc YTP45B1 15W/3000K,Lighting,Megaman,YTP45B1,pending,yes,no,no,"Fail-closed: evidence insufficient for VERIFIED. Family/model technical evidence exists, but exact colour-temperature row and exact source image are not preserved.",search,products_101_1000_forensic,https://megaman.com.my/product-category/led-lighting-source/,,PENDING,
168,ELE-D/L-MEG-YTP45Z1-15W-4000K,PCS,Megaman LED Stick Bulb E27 YTP45Z1 15W/4000K,Lighting,Megaman,E27,pending,yes,no,no,"Fail-closed: evidence insufficient for VERIFIED. Family/model technical evidence exists, but exact colour-temperature row and exact source image are not preserved.",search,products_101_1000_forensic,https://megaman.com.my/product-category/led-lighting-source/,,PENDING,
169,STA-PRE-WAS-HD4,UNIT,Karcher Classic High Pressure Washer,Power Tools,Stanley,HD4/10X,pending,yes,yes,no,Fail-closed: evidence insufficient for VERIFIED. Exact technical table and direct image not preserved.,search,products_101_1000_forensic,https://www.karcher.com/my/en/professional/products/hd-4-10-x-classic-kap-p15209760,,PENDING,
170,STA-SAW-SCR121S2K,UNIT,Stanley 12V Reciprocating Saw,Power Tools,Stanley,SCR121S2K,pending,yes,yes,yes,Fail-closed: evidence insufficient for VERIFIED. Exact suffix/package/bundle not proven; no family image substituted.,search,products_101_1000_forensic,NOT_PRESERVED,,PENDING,
171,FAN-TAB-KHI-TF1210SE-LAV,SET,Khind - 12 Table Fan (sweet Lavender),Fans & Ventilation,Khind,TF1210SE,pending,yes,no,no,Fail-closed: evidence insufficient for VERIFIED. Exact page/image/finish packaging not fully preserved for each row.,search,products_101_1000_forensic,https://khind.com.my/collections/khind,,PENDING,https://khind.com.my/collections/table-fans
172,BOS-0611-321-0L0,UNIT,Gsh 5CE Demolition Hammer,Power Tools,Bosch,5CE,pending,yes,yes,no,Fail-closed: evidence insufficient for VERIFIED. Exact direct image URL not preserved.,search,products_101_1000_forensic,https://www.bosch-pt.com.my/my/en/products/gsh-5-ce-06113210L0,,PENDING,
173,ELE-CAB-WIR-MKK-2.5MM-GRE,ROLL,MKK Cable 2.5MM (7/0.49MM) Green,Electrical,MKK,7/0.49MM,pending,yes,no,no,"Fail-closed: evidence insufficient for VERIFIED. Exact colour/nominal size maps, but strand notation/manufacturer/insulation rating and direct asset are unresolved.",search,products_101_1000_forensic,https://buatanmalaysia.com/product/14-00001/,,PENDING,
174,ELE-D/L-MEG-YTP45Z1-15W-3000K,PCS,Megaman LED Stick Bulb E27 YTP45Z1 15W/3000K,Lighting,Megaman,E27,pending,yes,no,no,"Fail-closed: evidence insufficient for VERIFIED. Family/model technical evidence exists, but exact colour-temperature row and exact source image are not preserved.",search,products_101_1000_forensic,https://megaman.com.my/product-category/led-lighting-source/,,PENDING,
175,FAN-WAL-TAICON-TC-11007,SET,Taicon 16 Wall Fan Sirim-blk,Fans & Ventilation,Taicon,5BLADE,pending,yes,yes,no,"Fail-closed: evidence insufficient for VERIFIED. Exact manufacturer model/variant, technical specifications and image not preserved; no substitute brand asset allowed.",search,products_101_1000_forensic,NOT_PRESERVED,,PENDING,
176,BOS-0601-1A2-1L0,UNIT,Gsb Impact Drill,Power Tools,Bosch,20-2RE,pending,yes,yes,no,Fail-closed: evidence insufficient for VERIFIED. Current official code formatting and source code need reconciliation; direct image not preserved.,search,products_101_1000_forensic,https://www.bosch-pt.com.my/my/en/impact-drills-213950-ocs-c/,,PENDING,
177,BOS-0601-9N9-0L0C1,SET,Gws + Gds + Gsb Plus Combo Set,Power Tools,Bosch,18V-8,pending,yes,yes,no,Fail-closed: evidence insufficient for VERIFIED. Source bundles do not match current official six-kit list; exact contents/suffixes unresolved.,search,products_101_1000_forensic,https://www.bosch-pt.com.my/my/en/combo-kits-3038553-ocs-c/,,PENDING,
178,ELE-D/L-MEG-YTP38B1-10W-3000K,PCS,Megaman LED Stick Bulb Plc YTP38B1 10W/3000K,Lighting,Megaman,YTP38B1,pending,yes,no,no,"Fail-closed: evidence insufficient for VERIFIED. Family/model technical evidence exists, but exact colour-temperature row and exact source image are not preserved.",search,products_101_1000_forensic,https://megaman.com.my/product-category/led-lighting-source/,,PENDING,
179,ELE-D/L-TC-3260-32W-RND,PCS,Taicon 32W Adjusted LED Round (TC-3260),Lighting,Taicon,TC-3260,pending,yes,yes,no,"Fail-closed: evidence insufficient for VERIFIED. Exact manufacturer model/variant, technical specifications and image not preserved; no substitute brand asset allowed.",search,products_101_1000_forensic,NOT_PRESERVED,,PENDING,
180,BOS-AHI2-4PC,UNIT,Adelino S/steel Multi Stage Centrifugal Pump (0.75HP),Pumps & Water,Bosch,0.75HP,pending,yes,yes,no,"Fail-closed: evidence insufficient for VERIFIED. Exact horsepower/model curves, self-priming versus non-self-priming configuration, package and image unresolved.",search,products_101_1000_forensic,http://adelinopump.com/fr-fr/surface_pump/394.html,,PENDING,
181,KHI-FRY-ARF35,SET,Khind Air Fryer (mint),Home Appliances,Khind,ARF35,pending,yes,no,no,Fail-closed: evidence insufficient for VERIFIED. Exact page/image/finish packaging not fully preserved for each row.,search,products_101_1000_forensic,https://khind.com.my/collections/khind,,PENDING,
182,STA-DRI-SCD10D2K,UNIT,Stanley 12V Tower Up Drill/driver 2.0AH,Power Tools,Stanley,SCD10D2K,pending,yes,yes,yes,Fail-closed: evidence insufficient for VERIFIED. Exact suffix/package/bundle not proven; no family image substituted.,search,products_101_1000_forensic,NOT_PRESERVED,,PENDING,
183,BOS-0601-9F7-0L0,UNIT,Gsr Battery Screwdriver,Hand Tools,Bosch,120-LI,pending,yes,yes,no,Fail-closed: evidence insufficient for VERIFIED. No exact authoritative source or asset was preserved in this shard pass.,search,products_101_1000_forensic,NOT_PRESERVED,,PENDING,
184,BOS-0611-924-0L1,UNIT,Gbh Batt. Rotary Hammer,Power Tools,Bosch,185-LI,pending,yes,yes,no,Fail-closed: evidence insufficient for VERIFIED. Exact direct image URL not preserved.,search,products_101_1000_forensic,https://www.bosch-pt.com.my/my/en/products/gbh-185-li-06119240L1,,PENDING,
185,ELE-D/L-MEG-YTA60Z1-10W-4000K,PCS,Megaman A60 E27 LED Bulb YTA60Z1 10W/4000K,Lighting,Megaman,A60,pending,yes,no,no,"Fail-closed: evidence insufficient for VERIFIED. Family/model technical evidence exists, but exact colour-temperature row and exact source image are not preserved.",search,products_101_1000_forensic,https://megaman.com.my/product-category/led-lighting-source/,,PENDING,
186,ELE-D/L-MEG-YTA70Z1-15W-4000K,PCS,Megaman A70 E27 LED Bulb YTA70Z1 15W/4000K,Lighting,Megaman,A70,pending,yes,no,no,"Fail-closed: evidence insufficient for VERIFIED. Family/model technical evidence exists, but exact colour-temperature row and exact source image are not preserved.",search,products_101_1000_forensic,https://megaman.com.my/product-category/led-lighting-source/,,PENDING,
187,ELE-D/L-TC-2261-32W-SQ,PCS,Taicon 32W Adjusted LED Square (TC-2261),Lighting,Taicon,TC-2261,pending,yes,yes,no,"Fail-closed: evidence insufficient for VERIFIED. Exact manufacturer model/variant, technical specifications and image not preserved; no substitute brand asset allowed.",search,products_101_1000_forensic,NOT_PRESERVED,,PENDING,
188,KHI-COO-RC828N,SET,Khind Rice Cooker 2.8L,Home Appliances,Khind,RC828N,pending,yes,no,no,Fail-closed: evidence insufficient for VERIFIED. Exact page/image/finish packaging not fully preserved for each row.,search,products_101_1000_forensic,https://khind.com.my/collections/khind,,PENDING,
189,BOS-0601-9K0-0L0,UNITS,Gds Batt. Impact Wrench 18V-400,Power Tools,Bosch,18V-400,pending,yes,yes,no,Fail-closed: evidence insufficient for VERIFIED. Exact direct image URL not preserved.,search,products_101_1000_forensic,https://www.bosch-pt.com.my/my/en/products/gds-18v-400-06019K00L0,,PENDING,
190,ELE-D/L-MEG-YTP45B1-15W-4000K,PCS,Megaman LED Stick Bulb Plc YTP45B1 15W/4000K,Lighting,Megaman,YTP45B1,pending,yes,no,no,"Fail-closed: evidence insufficient for VERIFIED. Family/model technical evidence exists, but exact colour-temperature row and exact source image are not preserved.",search,products_101_1000_forensic,https://megaman.com.my/product-category/led-lighting-source/,,PENDING,
191,"EXH-FAN-KHI-08""-WHI-EF8001",SET,Khind 8 Exhaust Fan (off White),Fans & Ventilation,Khind,EF8001,pending,yes,no,no,Fail-closed: evidence insufficient for VERIFIED. Exact store asset URL not exposed; source finish is off-white versus official white.,search,products_101_1000_forensic,https://khind.com.my/products/khind-exhaust-fan-ef8001,,PENDING,
192,GAS-COO-TC-2288-PGC,SET,Taicon Portable Gas Cooker,Home Appliances,Taicon,TC-2288PGC,pending,yes,yes,no,"Fail-closed: evidence insufficient for VERIFIED. Exact manufacturer model/variant, technical specifications and image not preserved; no substitute brand asset allowed.",search,products_101_1000_forensic,NOT_PRESERVED,,PENDING,
193,BOS-0601-228-1L2,UNIT,Gsb 16RE Impact Drill (blow Mode Set),Power Tools,Bosch,16RE,pending,yes,yes,no,Fail-closed: evidence insufficient for VERIFIED. Exact direct image URL not preserved.,search,products_101_1000_forensic,https://www.bosch-pt.com.my/my/en/products/gsb-16-re-06012281L2,,PENDING,
194,BOS-0601-9G8-1L7,UNIT,Gsb 121B Batt. Impact Drill (1 Batt.),Power Tools,Bosch,121B,pending,yes,yes,no,Fail-closed: evidence insufficient for VERIFIED. No exact authoritative source or asset was preserved in this shard pass.,search,products_101_1000_forensic,NOT_PRESERVED,,PENDING,
195,BOS-2608-522-406,PCS,Impact Bit PH2 X 110MM,Power Tools,Bosch,PH2,pending,yes,yes,no,"Fail-closed: evidence insufficient for VERIFIED. Exact lengths/part numbers are proven, but Malaysia-specific asset/packaging and rights are not preserved.",search,products_101_1000_forensic,https://www.bosch-pt.com.sg/sg/en/pro-long-groove-double-ended-impact-bit-3095581-ocs-ac/,,PENDING,
196,BOS-2608-522-407,PCS,Impact Bit PH2 X 150MM,Power Tools,Bosch,PH2,pending,yes,yes,no,"Fail-closed: evidence insufficient for VERIFIED. Exact lengths/part numbers are proven, but Malaysia-specific asset/packaging and rights are not preserved.",search,products_101_1000_forensic,https://www.bosch-pt.com.sg/sg/en/pro-long-groove-double-ended-impact-bit-3095581-ocs-ac/,,PENDING,
197,ELE-D/L-MEG-YTA65Z2-12W,PCS,Megaman A65 E27 LED Bulb,Lighting,Megaman,A65,pending,yes,no,no,"Fail-closed: evidence insufficient for VERIFIED. Family/model technical evidence exists, but exact colour-temperature row and exact source image are not preserved.",search,products_101_1000_forensic,https://megaman.com.my/product-category/led-lighting-source/,,PENDING,
198,BOS-0601-9G8-0L4,UNIT,Gsr 121B Batt. Screwdriver (1 Batt.),Hand Tools,Bosch,121B,pending,yes,yes,no,Fail-closed: evidence insufficient for VERIFIED. No exact authoritative source or asset was preserved in this shard pass.,search,products_101_1000_forensic,NOT_PRESERVED,,PENDING,
199,ELE-BUL-B22-3W-YEL,PCS,Taicon B22 3W LED Color Bulb - Yellow,Lighting,Taicon,B22,pending,yes,yes,no,"Fail-closed: evidence insufficient for VERIFIED. Exact manufacturer model/variant, technical specifications and image not preserved; no substitute brand asset allowed.",search,products_101_1000_forensic,NOT_PRESERVED,,PENDING,
200,CHA-SAW-STIHL-MS172,UNIT,Stihl Chainsaw 16 Stihl Chain & Guide BAR,"Rope, Chain & Netting",STIHL,MS172,pending,yes,yes,no,Fail-closed: evidence insufficient for VERIFIED. No exact authoritative source or asset was preserved in this shard pass.,search,products_101_1000_forensic,NOT_PRESERVED,,PENDING,
201,ELE-D/L-MEG-YTA70Z1-15W-3000K,PCS,Megaman A70 E27 LED Bulb YTA70Z1 15W/3000K,Lighting,Megaman,A70,pending,yes,yes,no,"Fail-closed: evidence insufficient for VERIFIED. Exact manufacturer/model, variant, package and image were not preserved; no family or generic asset substituted.",search,products_101_1000_forensic,NOT_PRESERVED,,PENDING,
202,KET-PSN-NC-GK1WSK,PCS,Panasonic 1.7L Plastick Kettle,Home Appliances,Panasonic,NC-GK1,pending,yes,yes,no,Fail-closed: evidence insufficient for VERIFIED. Source says Plastick Kettle and NC-GK1WSK; official page family suffix and exact source SKU/package image need reconciliation.,search,products_101_1000_forensic,https://www.panasonic.com/my/consumer/kitchen-appliance/kettle/nc-gk1w.html,,PENDING,
203,RUB-TRT02-SA302,UNIT,Rubine Double Spout Wall Mounted S'tap,Home Appliances,Rubine,RT-SA-302/7C,pending,yes,no,no,"Fail-closed: evidence insufficient for VERIFIED. Official Rubine URL returned no extractable exact page; exact dimensions, finish and image not preserved.",search,products_101_1000_forensic,https://www.rubine.com.my/product/RT-SA-302-7C,,PENDING,
204,STA-PRE-WAS-BEPW1600L,UNIT,Black+decker Pressure Washer L 110 BAR,Power Tools,Stanley,BEPW1600L,pending,yes,yes,no,Fail-closed: evidence insufficient for VERIFIED. Official Malaysia product asset not preserved; dealer dimensions differ and exact package/image rights unresolved.,search,products_101_1000_forensic,https://www.toolservicenet.com/i/BLACK_DECKER/GLOBALBOM/B1/BEPW1600/1/Instruction_Manual/EN/NA089982_BEPW1600_BEPW1600L_BEPW1750_BEPW1800T_BEPW2200_IN.pdf,,PENDING,
205,"EXH-FAN-KHI-10""-WHI-EF1001",SET,Khind 10 Exhaust Fan (off White),Fans & Ventilation,Khind,EF1001,pending,yes,no,no,Fail-closed: evidence insufficient for VERIFIED. Source finish says off-white while official page says white; exact image not preserved.,search,products_101_1000_forensic,https://khind.com.my/products/khind-exhaust-fan-ef1001,,PENDING,
206,NIP-PHG-1L-A,CAN,1L Platone High Gloss Accent Base,Paint & Sundries,Nippon Paint,,pending,yes,no,yes,Fail-closed: evidence insufficient for VERIFIED. Exact 1L/5L packaging and Accent Base colour/formula are not individually preserved; family can image cannot stand for exact SKU.,search,products_101_1000_forensic,https://www.nipponpaint.com.my/product/platone-high-gloss/,https://www.nipponpaint.com.my/wp-content/uploads/2024/11/platone.webp,PENDING,
207,NIP-PHG-5L-A,CAN,5L Platone High Gloss Accent Base,Paint & Sundries,Nippon Paint,,pending,yes,no,yes,Fail-closed: evidence insufficient for VERIFIED. Exact 1L/5L packaging and Accent Base colour/formula are not individually preserved; family can image cannot stand for exact SKU.,search,products_101_1000_forensic,https://www.nipponpaint.com.my/product/platone-high-gloss/,https://www.nipponpaint.com.my/wp-content/uploads/2024/11/platone.webp,PENDING,
208,BOS-0601-068-000,UNIT,Gol 26D Optical Leveller,Power Tools,Bosch,26D,pending,yes,yes,no,Fail-closed: evidence insufficient for VERIFIED. Exact product image URL not preserved.,search,products_101_1000_forensic,https://www.bosch-pt.com.my/my/en/products/gol-26-d-0601068000,,PENDING,
209,CHA-SAW-STIHL-MS162,UNIT,Stihl Chainsaw 14 Stihl Chain & Guide BAR,"Rope, Chain & Netting",STIHL,MS162,pending,yes,yes,no,Fail-closed: evidence insufficient for VERIFIED. Exact 14-inch Malaysia/regional package not proven; adjacent 12-inch and 16-inch variants cannot substitute.,search,products_101_1000_forensic,https://www.stihlusa.com/en/p/chainsaws-ms-162-gasoline-chainsaw-1027385,,PENDING,
210,KHI-COO-RC806N,SET,Khind 0.6L Rice Cooker (light Winter GREY)-RC806N,Home Appliances,Khind,RC806N,pending,yes,no,no,Fail-closed: evidence insufficient for VERIFIED. Exact Light Winter Grey image/finish mapping not preserved.,search,products_101_1000_forensic,https://khind.com.my/products/khindkitchen-appliancesrice-cooker,,PENDING,
211,KHI-TOA-BT808,SET,Khind Bread Toaster (mint),Home Appliances,Khind,2SLICES,pending,yes,yes,no,Fail-closed: evidence insufficient for VERIFIED. Exact official image URL not preserved.,search,products_101_1000_forensic,https://khind.com.my/products/khind-2-slices-bread-toaster-with-anti-dust-cover-bt808,,PENDING,
212,STA-PRE-WAS-BCPC20D1,UNIT,Black+decker 20V Power Cleaner,Chemicals & Adhesives,Stanley,BCPC20D1,pending,yes,yes,no,Fail-closed: evidence insufficient for VERIFIED. B1 suffix and exact battery/charger package are unresolved; official collection does not expose exact BCPC20D1 asset.,search,products_101_1000_forensic,https://www.lkmmachinery.com.my/showproducts/productid/5167978/black-decker-bcpc20d1-20v-cordless-high-pressure-washer-water-jet-cordless-cleaner/,,PENDING,
213,STI-BRU-CUT-FR3001,UNIT,Stihl Brush Cutter,Outdoor & Garden,STIHL,FR3001,pending,yes,yes,no,Fail-closed: evidence insufficient for VERIFIED. No exact authoritative source or asset was preserved.,search,products_101_1000_forensic,NOT_PRESERVED,,PENDING,
214,BOS-AQSD110F,UNIT,Adelino Submersible Sewage Pump 1.1KW,Pumps & Water,Bosch,1.1KW,pending,yes,yes,no,"Fail-closed: evidence insufficient for VERIFIED. Exact manufacturer/model, variant, package and image were not preserved; no family or generic asset substituted.",search,products_101_1000_forensic,NOT_PRESERVED,,PENDING,
215,NIP-PHG-1L-P,CAN,1L Platone High Gloss Paster Base,Paint & Sundries,Nippon Paint,,pending,yes,yes,no,"Fail-closed: evidence insufficient for VERIFIED. Exact manufacturer/model, variant, package and image were not preserved; no family or generic asset substituted.",search,products_101_1000_forensic,NOT_PRESERVED,,PENDING,
216,PSN-TK-CS10-WMA,PCS,Panasonic Water Purifier (white),Home Appliances,Panasonic,CS200-WMA,pending,yes,yes,no,Fail-closed: evidence insufficient for VERIFIED. Source item code says PSN-TK-CS10-WMA while display says CS200-WMA; exact source SKU/image not preserved.,search,products_101_1000_forensic,https://www.panasonic.com/my/consumer/kitchen-appliance/water-purifier/tk-cs200-wma.html,,PENDING,
217,STA-CHO-SSC22,UNIT,Stanley Chopsaw 2200W 355MM,Power Tools,Stanley,SSC22,pending,yes,yes,no,Fail-closed: evidence insufficient for VERIFIED. Source row omits XD suffix and direct first-party image is not preserved; dealer package and rights unresolved.,search,products_101_1000_forensic,https://www.lionmachinerysupply.com.my/stanley-ssc22-2200w-355mm-chop-saw-14,https://www.lionmachinerysupply.com.my/image/lionmachinerysupply/image/cache/data/all_product_images/product-593/LGLt0sGW1624871670-1000x1000.jpg,PENDING,
218,BOS-0601-9K3-1L2C1,SET,Gsb + Gdr Kit Combo Kit,Power Tools,Bosch,185-LI,pending,yes,yes,no,"Fail-closed: evidence insufficient for VERIFIED. Official GSB L2 variant is proven, but exact GDR companion and source C1 bundle are not listed in current combo catalogue.",search,products_101_1000_forensic,https://www.bosch-pt.com.my/my/en/products/gsb-185-li-06019K31L2,,PENDING,
219,NIP-PHG-5L-P,CAN,5L Platone High Gloss Paster Base,Paint & Sundries,Nippon Paint,,pending,yes,yes,no,"Fail-closed: evidence insufficient for VERIFIED. Exact manufacturer/model, variant, package and image were not preserved; no family or generic asset substituted.",search,products_101_1000_forensic,NOT_PRESERVED,,PENDING,
220,OVEN-KHI-TOA-OT3005,SET,Khind Oven Toaster (black),Home Appliances,Khind,OT3005,pending,yes,yes,no,Fail-closed: evidence insufficient for VERIFIED. Exact product page/image and complete source package not preserved.,search,products_101_1000_forensic,https://khind.com.my/collections/user-manuals?page=28,,PENDING,https://khind.com.my/collections/user-manuals?page=28
221,PAI-SPR-SAM-2K01,PCS,Samurai Clearcoat Spray,Paint & Sundries,Samurai,2-COMPONENT,pending,yes,yes,no,Fail-closed: evidence insufficient for VERIFIED. Source pack size is not explicit; official store distinguishes 2K01 and 2K01P.,search,products_101_1000_forensic,https://samuraipaint.com/collections/2k-2-komponent,,PENDING,
222,NIP-QSH-EXT-20L-P,DRUM,18L Nippon Q-shield Extra Pastel Base,Paint & Sundries,Nippon Paint,,pending,yes,no,yes,Fail-closed: evidence insufficient for VERIFIED. Official page confirms Q-Shield Extra family but not exact 18L Pastel Base packaging/colour asset.,search,products_101_1000_forensic,https://www.nipponpaint.com.my/product/q-shield-extra/,https://www.nipponpaint.com.my/wp-content/uploads/2024/11/q-shield-extra-new.webp,PENDING,
223,PSN-TK-CS200C-EX,PCS,Panasonic Water Cartridge,Home Appliances,Panasonic,CS200C,pending,yes,yes,no,Fail-closed: evidence insufficient for VERIFIED. Exact page/asset preservation was incomplete in this pass.,search,products_101_1000_forensic,https://www.panasonic.com/my/consumer/kitchen-appliance/water-purifier/tk-cs200c-ex.html,,PENDING,
224,STA-TRI-ST55,UNIT,Stanley 550W 6.35MM Corded Trimmer,Power Tools,Stanley,ST55-XD,pending,yes,yes,no,"Fail-closed: evidence insufficient for VERIFIED. Exact manufacturer/model, variant, package and image were not preserved; no family or generic asset substituted.",search,products_101_1000_forensic,NOT_PRESERVED,,PENDING,
225,TAP-SAN-SWP-SS-304-3937-MB,PCS,Saniware Premier Kitchen Pillar Sink Tap-matt Blk,Kitchen & Sinks,Saniware,SWP-SS-304-3937-MB,pending,yes,yes,no,"Fail-closed: evidence insufficient for VERIFIED. Exact manufacturer/model, variant, package and image were not preserved; no family or generic asset substituted.",search,products_101_1000_forensic,NOT_PRESERVED,,PENDING,
226,BOS-0611-338-9L1,UNIT,Gsh 5MX Demolition Hammer,Power Tools,Bosch,5MX,pending,yes,yes,no,Fail-closed: evidence insufficient for VERIFIED. Exact product image URL not preserved.,search,products_101_1000_forensic,https://www.bosch-pt.com.my/my/en/products/gsh5mx-06113389L1,,PENDING,
227,ELE-D/L-MEG-YTP38Z1-10W,PCS,Megaman LED Stick Bulb E27 YTP38Z1 10W/6500K,Lighting,Megaman,E27,pending,yes,no,yes,"Fail-closed: evidence insufficient for VERIFIED. Source rows require 6500K and 4000K separately, while official page lists shared family outputs and 3IN1 variant; exact colour-temperature image mapping not preserved.",search,products_101_1000_forensic,https://megaman.com.my/product/led-stick/,https://megaman.com.my/wp-content/uploads/2020/12/Untitled-8-2.jpg | https://megaman.com.my/wp-content/uploads/2020/12/Untitled-7.jpg | https://megaman.com.my/wp-content/uploads/2020/12/Untitled-8.jpg | https://megaman.com.my/wp-content/uploads/2020/12/Untitled-11.jpg | https://megaman.com.my/wp-content/uploads/2020/12/Untitled-10.jpg,PENDING,
228,X-LOC-YALE-Y120B-50-KA3,SET,Yale (key Alike) Boron Shackle Padlock Y120B-50-KA3,Lifting & Rigging,Yale,Y120B-50-KA3,pending,yes,yes,no,Fail-closed: evidence insufficient for VERIFIED. Exact KA3 package page/image was not preserved; series page and sibling variants cannot establish exact keyed-alike package.,search,products_101_1000_forensic,https://www.yalehome.com/my/en/products/padlocks/outdoor-environment/y120b-series,,PENDING,
229,ELE-CAB-WIR-MKK-1.5MM-YELLOW,ROLL,MKK Cable 1.5MM (7/0.39MM) Yellow,Electrical,MKK,7/0.39MM,pending,yes,yes,no,"Fail-closed: evidence insufficient for VERIFIED. Exact manufacturer/model, variant, package and image were not preserved; no family or generic asset substituted.",search,products_101_1000_forensic,NOT_PRESERVED,,PENDING,
230,NIP-WTRB-5L-P,CAN,5L Nippon Weatherbond Quartz Pastel Base,Paint & Sundries,Nippon Paint,,pending,yes,no,yes,Fail-closed: evidence insufficient for VERIFIED. Exact 5L Pastel Base package/colour not preserved.,search,products_101_1000_forensic,https://www.nipponpaint.com.my/product/weatherbond-quartz/,,PENDING,
231,STA-POL-SP137,UNIT,Stanley 1300W 180MM Polisher,Power Tools,Stanley,SP137,pending,yes,yes,no,Fail-closed: evidence insufficient for VERIFIED. Category listing confirms exact model/family but exact product page/image was not preserved.,search,products_101_1000_forensic,https://www.tulips.com.my/ourproducts/cid/176891/cat/power-tools-stanley/,,PENDING,
232,ELE-D/L-MEG-YTP38Z1-10W-4000K,PCS,Megaman LED Stick Bulb E27 YTP38Z1 10W/4000K,Lighting,Megaman,E27,pending,yes,no,yes,"Fail-closed: evidence insufficient for VERIFIED. Source rows require 6500K and 4000K separately, while official page lists shared family outputs and 3IN1 variant; exact colour-temperature image mapping not preserved.",search,products_101_1000_forensic,https://megaman.com.my/product/led-stick/,https://megaman.com.my/wp-content/uploads/2020/12/Untitled-8-2.jpg | https://megaman.com.my/wp-content/uploads/2020/12/Untitled-7.jpg | https://megaman.com.my/wp-content/uploads/2020/12/Untitled-8.jpg | https://megaman.com.my/wp-content/uploads/2020/12/Untitled-11.jpg | https://megaman.com.my/wp-content/uploads/2020/12/Untitled-10.jpg,PENDING,
233,FAN-CEI-DEKA-CCNL54RG12,UNIT,Deka Ceiling Fan Geno Rose Gold,Fans & Ventilation,Deka,54LED,pending,yes,yes,no,"Fail-closed: evidence insufficient for VERIFIED. Exact manufacturer/model, variant, package and image were not preserved; no family or generic asset substituted.",search,products_101_1000_forensic,NOT_PRESERVED,,PENDING,
234,FAN-FLO-KHI-FF1803B,SET,Floor Fan 18,Fans & Ventilation,Khind,KHIND-FF1803B,pending,yes,yes,no,"Fail-closed: evidence insufficient for VERIFIED. Exact manufacturer/model, variant, package and image were not preserved; no family or generic asset substituted.",search,products_101_1000_forensic,NOT_PRESERVED,,PENDING,
235,STA-PLA-STEL630,UNIT,Stanley Planer 82MM,Power Tools,Stanley,STEL630,pending,yes,yes,no,Fail-closed: evidence insufficient for VERIFIED. Category listing confirms exact model/family but exact product page/image was not preserved.,search,products_101_1000_forensic,https://www.tulips.com.my/ourproducts/cid/176891/cat/power-tools-stanley/,,PENDING,
236,BOS-0601-387-0L0,UNIT,Gex Eccentric Disc Sander 125-1A,Power Tools,Bosch,125-1A,pending,yes,yes,no,Fail-closed: evidence insufficient for VERIFIED. Exact product image URL not preserved.,search,products_101_1000_forensic,https://www.bosch-pt.com.my/my/en/products/gex-125-1-a-06013870L0,,PENDING,
237,ELE-D/L-MEG-YTG45Z1-5W,PCS,Megaman G45 E27 LED Bulb YTG45Z1/5W 5W/6500K,Lighting,Megaman,G45,pending,yes,yes,no,"Fail-closed: evidence insufficient for VERIFIED. Exact manufacturer/model, variant, package and image were not preserved; no family or generic asset substituted.",search,products_101_1000_forensic,NOT_PRESERVED,,PENDING,
238,NIP-SEA-5170-20L,DRUM,20L Nippon Acrylic 5170 Wall Sealer,Paint & Sundries,Nippon Paint,,pending,yes,yes,no,"Fail-closed: evidence insufficient for VERIFIED. Exact manufacturer/model, variant, package and image were not preserved; no family or generic asset substituted.",search,products_101_1000_forensic,NOT_PRESERVED,,PENDING,
239,NIP-VIN-EAS-15L-A,DRUM,15L Nippon Vinilex Easywash Accent Base,Paint & Sundries,Nippon Paint,,pending,yes,yes,no,"Fail-closed: evidence insufficient for VERIFIED. Exact manufacturer/model, variant, package and image were not preserved; no family or generic asset substituted.",search,products_101_1000_forensic,NOT_PRESERVED,,PENDING,
240,TAP-SAN-SWS-304-3964,PCS,Saniware Sliver Kitchen W Sink Tap,Kitchen & Sinks,Saniware,SWS-304-3964,pending,yes,yes,no,Fail-closed: evidence insufficient for VERIFIED. NOT_PRESERVED,search,products_101_1000_forensic,https://saniware.com/product/sws-304-3964/,https://saniware.com/wp-content/uploads/2021/03/SWS-304-3964.jpg,PENDING,
241,JUG-KHI-KET-EK5813,SET,Khind 1.7L Jug Kettle (white),Home Appliances,Khind,EK5813,pending,yes,yes,no,Fail-closed: evidence insufficient for VERIFIED. Official manual collection lists exact EK5813 but exact product image/page not preserved.,search,products_101_1000_forensic,https://khind.com.my/collections/user-manuals?page=28,,PENDING,https://khind.com.my/collections/user-manuals?page=28
242,NIP-PHG-5L-MBLK,CAN,5L Platone High Gloss 8103 Matt Black,Paint & Sundries,Nippon Paint,,pending,yes,yes,yes,Fail-closed: evidence insufficient for VERIFIED. Official family page does not preserve exact 8103 5L can asset.,search,products_101_1000_forensic,https://www.nipponpaint.com.my/product/platone-high-gloss/,,PENDING,
243,NIP-SAT-GLO-5L-145,CAN,5L Nippon Satin Glo 145 White,Paint & Sundries,Nippon Paint,,pending,yes,yes,yes,Fail-closed: evidence insufficient for VERIFIED. Exact 5L package/image not preserved.,search,products_101_1000_forensic,https://www.nipponpaint.com.my/product/satin-glo/,,PENDING,
244,NIP-WTRB-18L-A,DRUM,18L Nippon Weatherbond Quartz Accent Base,Paint & Sundries,Nippon Paint,,pending,yes,yes,no,"Fail-closed: evidence insufficient for VERIFIED. Exact manufacturer/model, variant, package and image were not preserved; no family or generic asset substituted.",search,products_101_1000_forensic,NOT_PRESERVED,,PENDING,
245,NIP-WTRB-18L-T,DRUM,18L Nippon Weatherbond Quartz Tint Base,Paint & Sundries,Nippon Paint,,pending,yes,yes,no,"Fail-closed: evidence insufficient for VERIFIED. Exact manufacturer/model, variant, package and image were not preserved; no family or generic asset substituted.",search,products_101_1000_forensic,NOT_PRESERVED,,PENDING,
246,TAP-SAN-SWP-SS-304-3938-MB,PCS,Saniware Premier Double Spout Kit. Wall Sink Tap-matt Blk,Kitchen & Sinks,Saniware,SWP-SS-304-3938-MB,pending,yes,yes,no,"Fail-closed: evidence insufficient for VERIFIED. Exact manufacturer/model, variant, package and image were not preserved; no family or generic asset substituted.",search,products_101_1000_forensic,NOT_PRESERVED,,PENDING,
247,"HOS-FLE-GLO-60""",PCS,Glotool Flexible Tube F1/2 X F12 X 60,Outdoor & Garden,Glotool,F1/2,pending,yes,yes,no,"Fail-closed: evidence insufficient for VERIFIED. Exact manufacturer/model, variant, package and image were not preserved; no family or generic asset substituted.",search,products_101_1000_forensic,NOT_PRESERVED,,PENDING,
248,NIP-PHG-5L-D,CAN,5L Platone High Gloss Deep Base,Paint & Sundries,Nippon Paint,,pending,yes,yes,yes,Fail-closed: evidence insufficient for VERIFIED. Exact Deep Base package/image not preserved.,search,products_101_1000_forensic,https://www.nipponpaint.com.my/product/platone-high-gloss/,,PENDING,
249,BOS-0601-9K3-0L2,UNIT,Gsr Batt. Screwdriver 185-LI,Hand Tools,Bosch,185-LI,pending,yes,yes,no,Fail-closed: evidence insufficient for VERIFIED. Exact source asset URL not preserved.,search,products_101_1000_forensic,https://www.bosch-pt.com.my/my/en/products/gsr-185-li-06019K3083,,PENDING,
250,CHA-SAW-STIHL-MS230,UNIT,Stihl Chainsaw 18 Stihl Chain & Guide BAR,"Rope, Chain & Netting",STIHL,MS230,pending,yes,yes,no,"Fail-closed: evidence insufficient for VERIFIED. Exact manufacturer/model, variant, package and image were not preserved; no family or generic asset substituted.",search,products_101_1000_forensic,NOT_PRESERVED,,PENDING,
251,FAN-CEI-DEKA-CX156BK12,UNIT,Deka Ceiling Fan X-one 56 Blk,Fans & Ventilation,Deka,,pending,yes,yes,no,"Fail-closed: evidence insufficient for VERIFIED. Exact manufacturer/model, variant, package and image were not preserved; no family or generic asset substituted.",search,products_101_1000_forensic,NOT_PRESERVED,,PENDING,
252,BOS-0600-8A7-FLO,UNIT,Easy Aqt 110 High P/cleaner,Chemicals & Adhesives,Bosch,,pending,yes,yes,no,"Fail-closed: evidence insufficient for VERIFIED. Exact manufacturer/model, variant, package and image were not preserved; no family or generic asset substituted.",search,products_101_1000_forensic,NOT_PRESERVED,,PENDING,
253,BOS-0601-375-6L0,UNIT,Gws 060 Angle Grinder,Power Tools,Bosch,,pending,yes,yes,no,Fail-closed: evidence insufficient for VERIFIED. Exact catalogue page/crop and direct commercial image were not preserved; rights remain separate.,search,products_101_1000_forensic,https://www.bosch-pt.com.my/my/media/country_content/services/downloads/catalogues/bosch_pt_programme_jan21.pdf,,PENDING,https://www.bosch-pt.com.my/my/media/country_content/services/downloads/catalogues/bosch_pt_programme_jan21.pdf
254,STA-HAM-BRU-SBH900M2K,UNIT,Stanley Fatmax V20 Brushless Sds Plus Hammer Drill,Power Tool Accessories,Stanley,V20,pending,yes,yes,no,Fail-closed: evidence insufficient for VERIFIED. Source omits B1 suffix and exact battery/charger package; no exact authoritative image.,search,products_101_1000_forensic,https://www.tulips.com.my/ourproducts/cid/176891/cat/power-tools-stanley/,,PENDING,
255,ELE-FAJAR-FLX-2.5MM-GREY,COIL,Fajar 2.5MM (50/0.25) X Flexible Cable (grey) (COIL),Electrical,Fajar,3CORE,pending,yes,yes,no,"Fail-closed: evidence insufficient for VERIFIED. Exact manufacturer/model, variant, package and image were not preserved; no family or generic asset substituted.",search,products_101_1000_forensic,NOT_PRESERVED,,PENDING,
256,ELE-CAB-FLE-P40163CW-ROLL,ROLL,Taicon 40/016 X Flexible Cable,Electrical,Taicon,3CORE,pending,yes,yes,no,"Fail-closed: evidence insufficient for VERIFIED. Exact manufacturer/model, variant, package and image were not preserved; no family or generic asset substituted.",search,products_101_1000_forensic,NOT_PRESERVED,,PENDING,
257,TAR-SHT-GT2-O/B-6',COIL,Glotool PE Trap (GT-02) 6'X70YDS,Plumbing,Glotool,GT-02,pending,yes,yes,no,"Fail-closed: evidence insufficient for VERIFIED. Exact manufacturer/model, variant, package and image were not preserved; no family or generic asset substituted.",search,products_101_1000_forensic,NOT_PRESERVED,,PENDING,
258,NIP-ROOF-20L-T,UNIT,20L Nippon Roof Coating Tint Base,Building Materials,Nippon Paint,,pending,yes,yes,no,Fail-closed: evidence insufficient for VERIFIED. Exact product page/package not preserved.,search,products_101_1000_forensic,https://www.nipponpaint.com.my/product/roof-coating/,,PENDING,
259,BOS-0611-338-5L0,UNIT,Gsh 500 Demolition Hammer,Power Tools,Bosch,,pending,yes,yes,no,Fail-closed: evidence insufficient for VERIFIED. Source code ends 5L0 while official GSH 500 page is 6L0.,search,products_101_1000_forensic,https://www.bosch-pt.com.my/my/en/products/gsh-500-06113386L0,,PENDING,
260,BOS-0611-272-1L4,UNIT,Gbh 2-24 Dre Rotary Hammer Set,Power Tools,Bosch,,pending,yes,yes,no,Fail-closed: evidence insufficient for VERIFIED. Exact official page/image not preserved; source set includes dealer-specific core-bit bundle.,search,products_101_1000_forensic,https://www.sunwintra.com/product/combo-bosch-rotary-hammer-with-sds-plus-gbh2-24dre-3pcs-sds-plus-core-gbh-2-24dre-gbh-2-24-dre,,PENDING,
261,NIP-WTRB-18L-WHITE,CAN,18L Nippon Weatherbond Quartz 145 White,Paint & Sundries,Nippon Paint,,pending,yes,yes,no,"Fail-closed: evidence insufficient for VERIFIED. Exact manufacturer/model, variant, package and image were not preserved; no family or generic asset substituted.",search,products_101_1000_forensic,NOT_PRESERVED,,PENDING,
262,BOS-0600-8A7-AL0,UNIT,Aquatak 125 High P/cleaner,Chemicals & Adhesives,Bosch,,pending,yes,yes,no,Fail-closed: evidence insufficient for VERIFIED. Exact product image URL not preserved.,search,products_101_1000_forensic,https://www.bosch-diy.com/my/en/p/universalaquatak-125-06008a7al0,,PENDING,
263,NIP-WTRB-WHI-15004,CAN,18L Nippon Weatherbond Quartz 15004 Ws White,Paint & Sundries,Nippon Paint,,pending,yes,yes,no,"Fail-closed: evidence insufficient for VERIFIED. Exact manufacturer/model, variant, package and image were not preserved; no family or generic asset substituted.",search,products_101_1000_forensic,NOT_PRESERVED,,PENDING,
264,NIP-WTRB-5L-WHITE,CAN,5L Nippon Weatherbond 145 White,Paint & Sundries,Nippon Paint,,pending,yes,yes,no,"Fail-closed: evidence insufficient for VERIFIED. Exact manufacturer/model, variant, package and image were not preserved; no family or generic asset substituted.",search,products_101_1000_forensic,NOT_PRESERVED,,PENDING,
265,BOS-0601-6A0-0L0,UNIT,Gkf 550 Router,Power Tools,Bosch,,pending,yes,yes,no,Fail-closed: evidence insufficient for VERIFIED. Exact product image URL not preserved.,search,products_101_1000_forensic,https://www.bosch-pt.com.my/my/en/products/gkf-550-06016A00L0,,PENDING,
266,STA-HIGH-PRE-WAS-K2,UNIT,Karcher K2 Power Vps High Pressure Washer,Power Tools,Stanley,,pending,yes,yes,no,"Fail-closed: evidence insufficient for VERIFIED. Exact K2 Power VPS, K3 Deluxe Premium and K4 Basic model pages/assets and source package mapping were not fully preserved.",search,products_101_1000_forensic,https://www.karcher.com/my/en/home-and-garden/products/pressure-washers-c5182,,PENDING,
267,STA-PRE-WAS-K3-DEL,UNIT,Karcher Pressure Washer K3 Deluxe Premium,Power Tools,Stanley,,pending,yes,yes,no,"Fail-closed: evidence insufficient for VERIFIED. Exact K2 Power VPS, K3 Deluxe Premium and K4 Basic model pages/assets and source package mapping were not fully preserved.",search,products_101_1000_forensic,https://www.karcher.com/my/en/home-and-garden/products/pressure-washers-c5182,,PENDING,
268,X-STA-PRE-WAS-K4,UNIT,Karcher K4 Basic High Pressure Cleaner,Power Tools,Karcher,,pending,yes,yes,no,"Fail-closed: evidence insufficient for VERIFIED. Exact K2 Power VPS, K3 Deluxe Premium and K4 Basic model pages/assets and source package mapping were not fully preserved.",search,products_101_1000_forensic,https://www.karcher.com/my/en/home-and-garden/products/pressure-washers-c5182,,PENDING,
269,BOS-2608-600-017,PCS,4 Grinding Disc,Abrasives & Cutting,Bosch,,pending,yes,yes,no,Fail-closed: evidence insufficient for VERIFIED. Source row is generic “4 Grinding Disc” with no part number; exact source pack and SKU mapping are unresolved.,search,products_101_1000_forensic,https://www.bosch-pt.com.my/my/en/pro-metal-bonded-grinding-disc-for-small-angle-grinders-bore-16-mm-osa-3090859-ocs-ac/,https://wwarehouse.s3-ap-southeast-1.amazonaws.com/bosch-mild-steel-grinding-disc-4-inch-2608600017-bh.png,PENDING,
270,CIMA-DL-L-199Y-RND-18W-CIELO-DL,SET,Cielo Iii 199Y 18W L/dl (rnd/daylight),Lighting,,199Y,pending,yes,yes,no,Fail-closed: evidence insufficient for VERIFIED. Exact Cielo Gen III 199Y source page was blocked by verification; exact image and package not preserved.,search,products_101_1000_forensic,https://www.cimalighting.com.my/product/cielo-199-driver-on-board-led-downlight-12w-18w-sirim-lampu-siling-rumah-round-square-downlight-4-6-white-lights-home-room-ceiling-lighting,,PENDING,
271,AGR-NET-SUN-GLO-70%,ROLL,Glotool Sun Shade Netting (70%),"Rope, Chain & Netting",Glotool,,pending,yes,yes,no,"Fail-closed: evidence insufficient for VERIFIED. No exact manufacturer page, roll dimensions or preserved asset.",search,products_101_1000_forensic,https://shopee.com.my/Glotool-Sunshade-Net-50-70-90-UV-Block-HDPE-Garden-Shade-Cloth-for-Plants-Carpark-Greenhouse-i.566053044.47100340368,,PENDING,
272,SIN-CKS7406,PCS,Cabana Kitchen Sink CKS7406,Kitchen & Sinks,,CKS7406,pending,yes,yes,no,"Fail-closed: evidence insufficient for VERIFIED. Exact manufacturer/model, variant, package and image were not preserved; no family or generic asset substituted.",search,products_101_1000_forensic,NOT_PRESERVED,,PENDING,
273,MIR-SBC-600603A,SET,S600 Bathroom Cabinet Set (610X475X450MM),Bathroom,,S600,pending,yes,yes,no,"Fail-closed: evidence insufficient for VERIFIED. Exact manufacturer/model, variant, package and image were not preserved; no family or generic asset substituted.",search,products_101_1000_forensic,NOT_PRESERVED,,PENDING,
274,ELE-CAB-FLE-7076,ROLL,Yazaki 70/076 3C Flexible Cable White,Electrical,Yazaki,,pending,yes,yes,no,"Fail-closed: evidence insufficient for VERIFIED. Exact manufacturer/model, variant, package and image were not preserved; no family or generic asset substituted.",search,products_101_1000_forensic,NOT_PRESERVED,,PENDING,
275,ELE-CAB-FAJ-2.5MM-80M,ROLL,Fajar 2C X 2MM Twin Flat Wire,Electrical,Fajar,,pending,yes,yes,no,"Fail-closed: evidence insufficient for VERIFIED. Exact manufacturer/model, variant, package and image were not preserved; no family or generic asset substituted.",search,products_101_1000_forensic,NOT_PRESERVED,,PENDING,
276,DC-DCSM03-100EK,SET,Cordless Brushless Angle Grinder 20V,Power Tools,,DCSM03-100EK,pending,yes,yes,no,"Fail-closed: evidence insufficient for VERIFIED. Exact manufacturer/model, variant, package and image were not preserved; no family or generic asset substituted.",search,products_101_1000_forensic,NOT_PRESERVED,,PENDING,
277,PUM-WTR-JHP4-40,UNIT,Water Pump Complete Set JHP4-40,Pumps & Water,,JHP4-40,pending,yes,yes,no,"Fail-closed: evidence insufficient for VERIFIED. Exact manufacturer/model, variant, package and image were not preserved; no family or generic asset substituted.",search,products_101_1000_forensic,NOT_PRESERVED,,PENDING,
278,DC-20V-SETS-XB,SET,"DCZC0424Z, DCPB488Z, / Cordless Full Sets Xb",Power Tools,,DCZC0424Z,pending,yes,yes,no,"Fail-closed: evidence insufficient for VERIFIED. Exact manufacturer/model, variant, package and image were not preserved; no family or generic asset substituted.",search,products_101_1000_forensic,NOT_PRESERVED,,PENDING,
279,DC-20V-XA,SET,"20V DCZC22Z, DCJZ2060IZ, - Sets Xa",Power Tools,,DCZC22Z,pending,yes,yes,no,"Fail-closed: evidence insufficient for VERIFIED. Exact manufacturer/model, variant, package and image were not preserved; no family or generic asset substituted.",search,products_101_1000_forensic,NOT_PRESERVED,,PENDING,
280,"DOR-HIN-JTC-SSS-4""",SET,"Smr S/steel Hinges 4""X3""X2.0MM",Doors & Hardware,,X2.0MM,pending,yes,yes,no,"Fail-closed: evidence insufficient for VERIFIED. Exact manufacturer/model, variant, package and image were not preserved; no family or generic asset substituted.",search,products_101_1000_forensic,NOT_PRESERVED,,PENDING,
281,SUMO-SM-138,UNIT,Sumo High Pressure Washer 130 BAR,Power Tools,,SM-138,pending,yes,yes,no,"Fail-closed: evidence insufficient for VERIFIED. Exact manufacturer/model, variant, package and image were not preserved; no family or generic asset substituted.",search,products_101_1000_forensic,NOT_PRESERVED,,PENDING,
282,DL5-WAT-FIL-0942-GRY,UNIT,DL5 Dalqua 9''X42 Water Filt Sys-fiber Tank Gry,Other,,DL5,pending,yes,yes,no,"Fail-closed: evidence insufficient for VERIFIED. Exact manufacturer/model, variant, package and image were not preserved; no family or generic asset substituted.",search,products_101_1000_forensic,NOT_PRESERVED,,PENDING,
283,IND-CEM-50KGS,BAG,Portland Limestone Cement,Building Materials,,50KGS,pending,yes,yes,no,"Fail-closed: evidence insufficient for VERIFIED. Exact manufacturer/model, variant, package and image were not preserved; no family or generic asset substituted.",search,products_101_1000_forensic,NOT_PRESERVED,,PENDING,
284,"PIP-HDPE-25MM-3/4""",ROLL,"HDPE Pipe 25MM (3/4"") PN12.5(MS-1058)",Plumbing,,PN12.5,pending,yes,yes,no,"Fail-closed: evidence insufficient for VERIFIED. Exact manufacturer/model, variant, package and image were not preserved; no family or generic asset substituted.",search,products_101_1000_forensic,NOT_PRESERVED,,PENDING,
285,WOO-PLY-3.6MM,PCS,Plywood 3.6MM X 4 X 8,Building Materials,,,pending,yes,yes,no,"Fail-closed: evidence insufficient for VERIFIED. Exact manufacturer/model, variant, package and image were not preserved; no family or generic asset substituted.",search,products_101_1000_forensic,NOT_PRESERVED,,PENDING,
286,IND-GAL-WIRE-20#-COIL,COIL,20 X 12KG Wire,Electrical,,,pending,yes,yes,no,"Fail-closed: evidence insufficient for VERIFIED. Exact manufacturer/model, variant, package and image were not preserved; no family or generic asset substituted.",search,products_101_1000_forensic,NOT_PRESERVED,,PENDING,
287,ELE-D/L-ECO-3030-24W,PCS,Hms Downlite Hsp 503-24W 6500K,Electrical,,503-24W,pending,yes,yes,no,"Fail-closed: evidence insufficient for VERIFIED. Exact manufacturer/model, variant, package and image were not preserved; no family or generic asset substituted.",search,products_101_1000_forensic,NOT_PRESERVED,,PENDING,
288,TOO-BOS-BAG-101,PCS,Bossman 20V Angle Grinder 105MM,Power Tools,,,pending,yes,yes,no,"Fail-closed: evidence insufficient for VERIFIED. Exact manufacturer/model, variant, package and image were not preserved; no family or generic asset substituted.",search,products_101_1000_forensic,NOT_PRESERVED,,PENDING,
289,IND-WIR-MES-1212-20GX100,ROLL,Wire Mesh 1/2/ X 1/2 X 3 X 20G X 100,Electrical,,,pending,yes,yes,no,"Fail-closed: evidence insufficient for VERIFIED. Exact manufacturer/model, variant, package and image were not preserved; no family or generic asset substituted.",search,products_101_1000_forensic,NOT_PRESERVED,,PENDING,
290,BAT-ENE-MAX-AA4PCS,PCK,En Max Aa 4 Pc,Electrical,,,pending,yes,yes,no,"Fail-closed: evidence insufficient for VERIFIED. Exact manufacturer/model, variant, package and image were not preserved; no family or generic asset substituted.",search,products_101_1000_forensic,NOT_PRESERVED,,PENDING,
291,BAT-ENE-MAX-AAA4PCS,PCK,En Max Aaa 4 Pc,Electrical,,,pending,yes,yes,no,"Fail-closed: evidence insufficient for VERIFIED. Exact manufacturer/model, variant, package and image were not preserved; no family or generic asset substituted.",search,products_101_1000_forensic,NOT_PRESERVED,,PENDING,
292,WOO-HOE-CANGKUL-HARDWOOD,PCS,Kayu Cangkul (hardwood),Building Materials,,,pending,yes,yes,no,"Fail-closed: evidence insufficient for VERIFIED. Exact manufacturer/model, variant, package and image were not preserved; no family or generic asset substituted.",search,products_101_1000_forensic,NOT_PRESERVED,,PENDING,
293,IND-ALUM-SHE-FLA-0.3MMX3',KGS,Flat Sheet Alum. 0.3MM X 3,Building Materials,,,pending,yes,yes,no,"Fail-closed: evidence insufficient for VERIFIED. Exact manufacturer/model, variant, package and image were not preserved; no family or generic asset substituted.",search,products_101_1000_forensic,NOT_PRESERVED,,PENDING,
294,CEI-FRA-30MM,PCS,Ceiling Frame 30MM,Building Materials,,,pending,yes,yes,no,"Fail-closed: evidence insufficient for VERIFIED. Exact manufacturer/model, variant, package and image were not preserved; no family or generic asset substituted.",search,products_101_1000_forensic,NOT_PRESERVED,,PENDING,
295,ROO-ZIN-SHE-10'X35G,PCS,Corrugated Steel Zinc 10 X 35G,Building Materials,,,pending,yes,yes,no,"Fail-closed: evidence insufficient for VERIFIED. Exact manufacturer/model, variant, package and image were not preserved; no family or generic asset substituted.",search,products_101_1000_forensic,NOT_PRESERVED,,PENDING,
296,NAI-COM-65MM-20KG,BOX,2 1/2 Wire Nail,Fasteners & Fixings,,,pending,yes,yes,no,"Fail-closed: evidence insufficient for VERIFIED. Exact manufacturer/model, variant, package and image were not preserved; no family or generic asset substituted.",search,products_101_1000_forensic,NOT_PRESERVED,,PENDING,
297,ELE-CAB-ZI-C70763G-ROLL,ROLL,Zi 3C X 70/076 PVC Flex Wire (grey),Electrical,,,pending,yes,yes,no,"Fail-closed: evidence insufficient for VERIFIED. Exact manufacturer/model, variant, package and image were not preserved; no family or generic asset substituted.",search,products_101_1000_forensic,NOT_PRESERVED,,PENDING,
298,PIP-CON-WHI-20MM3M,LTH,"3/4""(20MM) X 2.9M Eep - White",Plumbing,,,pending,yes,yes,no,"Fail-closed: evidence insufficient for VERIFIED. Exact manufacturer/model, variant, package and image were not preserved; no family or generic asset substituted.",search,products_101_1000_forensic,NOT_PRESERVED,,PENDING,
299,NAI-COM-50MM-20KG,BOX,2 Wire Nail,Fasteners & Fixings,,,pending,yes,yes,no,"Fail-closed: evidence insufficient for VERIFIED. Exact manufacturer/model, variant, package and image were not preserved; no family or generic asset substituted.",search,products_101_1000_forensic,NOT_PRESERVED,,PENDING,
300,"DRA-COV-TEC-GRE-9""X17""",PCS,Techplas 9 X 17 Drain Cover - Grey,Plumbing,,,pending,yes,yes,no,"Fail-closed: evidence insufficient for VERIFIED. Exact manufacturer/model, variant, package and image were not preserved; no family or generic asset substituted.",search,products_101_1000_forensic,NOT_PRESERVED,,PENDING,
