item_code,uom,display_name,display_name_proposed,changed
JOV-WAT-HEA-SL30IP-BLK-RS,PCS,Joven (black) Instant Water Heater SL30IP-RS,Joven (black) Instant Water Heater SL30IP-RS,no
JOV-WAT-HEA-SL30IP-BLK,PCS,Joven (black) Instant Water Heater SL30IP,Joven (black) Instant Water Heater SL30IP,no
JOV-WAT-HEA-SL30IP-WHI,PCS,Joven (white) Instant Water Heater SL30IP,Joven (white) Instant Water Heater SL30IP,no
JOV-WAT-HEA-SL30IP-WHI-RS,PCS,Joven (white) Instant Water Heater SL30IP-RS,Joven (white) Instant Water Heater SL30IP-RS,no
JOV-WAT-HEA-SA20E,PCS,Joven Instant Water Heater,Joven Instant Water Heater,no
SIN-SOR-SRTKS2406,PCS,Sorento S/s 304 Kitchen Sink Ultrasonic Nano Tech SRTS2406,Sorento S/s 304 Kitchen Sink Ultrasonic Nano Tech SRTS2406,no
JOV-WAT-HEA-SA8E,PCS,Joven SA8E Instant Water Heater,Joven SA8E Instant Water Heater,no
SIN-SOR-SRTKS2408,PCS,Sorento S/s 304 Kitchen Sink Ultrasonic Nano Tech SRTKS2408,Sorento S/s 304 Kitchen Sink Ultrasonic Nano Tech SRTKS2408,no
TOI-TRP-WC-2122A-P,SET,Saniware Washdown Two-piece Closet WC-2122A-P180MM,Saniware Washdown Two-piece Closet WC-2122A-P180MM,no
TOI-TRP-WC2110A-P,SET,Saniware Washdown Two-piece Closet WC-2110A-P180MM,Saniware Washdown Two-piece Closet WC-2110A-P180MM,no
JOV-WAT-HEA-SL30E-WHI-RS,PCS,Joven (white) Instant Water Heater SL30E-RS,Joven (white) Instant Water Heater SL30E-RS,no
SHO-SAN-SWP-BSP-9003G,PCS,Saniware Premier 3WAY Bath Expose Shower Set-mixer (gold),Saniware Premier 3WAY Bath Expose Shower Set-mixer (gold),no
SHO-SAN-SWP-BSP-9003RG,PCS,Saniware Premier 3WAY Bath Expose Shower Set-mixer (rose Gold),Saniware Premier 3WAY Bath Expose Shower Set-mixer (rose Gold),no
TAP-SAN-SWP-RG-304-3905,PCS,Saniware Premier Kitchen Pillar Sink Tap-rg SWP-RG-304-3905,Saniware Premier Kitchen Pillar Sink Tap-rg SWP-RG-304-3905,no
FAN-CEI-DEKA-CF5DCL46MB12,UNIT,Deka Ceiling Fan F5 DC~46L Pro Matt Blk,Deka Ceiling Fan F5 DC~46L Pro Matt Blk,no
ELE-BUL-E27-3W-RED,PCS,Taicon E27 3W LED Color Bulb-red,Taicon E27 3W LED Color Bulb-red,no
TAP-SAN-SWP-B-2521,PCS,Saniware Premier Basin Pillar Tap-mixer SWP-B-2521,Saniware Premier Basin Pillar Tap-mixer SWP-B-2521,no
JOV-WAT-HEA-SB11IP-BLK-RS,PCS,Joven (blk) Instant Water Heater,Joven (blk) Instant Water Heater,no
RUB-TAE11-M330,UNIT,Rubine C/hood,Rubine C/hood,no
STA-ROT-HAM-SHR263KA,UNIT,Stanley Rotary Hammer 26MM,Stanley Rotary Hammer 26MM,no
TAP-SAN-SWP-B-3023,PCS,Saniware Premier Basin Pillar Cold Tap (rose Gold) SWP-B-3023,Saniware Premier Basin Pillar Cold Tap (rose Gold) SWP-B-3023,no
OVEN-RUB-TAE13-M266,UNIT,Rubine Built-in Oven RBO-IA8X-70SS,Rubine Built-in Oven RBO-IA8X-70SS,no
KHI-COO-RC3636,SET,3.6L Rice Cooker (cool Grey),3.6L Rice Cooker (cool Grey),no
SHO-SOR-SRTSA830,PCS,Sorento 450MM Shower Arm,Sorento 450MM Shower Arm,no
SHO-SOR-SRTSA860-GM,PCS,Sorento 400MM Shower Arm,Sorento 400MM Shower Arm,no
JOV-WAT-HEA-SB11IP-WHI,PCS,Joven (white) Instant Water Heater SB11IP,Joven (white) Instant Water Heater SB11IP,no
TAP-SAN-SWP-SS-304-3940-RG,PCS,Saniware Premier Kitchen Pillar Sink Tap-rg SWP-SS-304-3940-RG,Saniware Premier Kitchen Pillar Sink Tap-rg SWP-SS-304-3940-RG,no
TOI-TRP-WC2300-S,SET,Saniware One Piece Washdown Closet,Saniware One Piece Washdown Closet,no
FAN-STA-KHI-SF1682,SET,Khind 16 Stand Fan,Khind 16 Stand Fan,no
ELE-BUL-E27-15W-RED,PCS,Taicon E27 Stick Bulb Red 15W,Taicon E27 Stick Bulb Red 15W,no
TAP-SAN-SWP-B-3213,PCS,Saniware Premier Tall Basin Cold Tap,Saniware Premier Tall Basin Cold Tap,no
JOV-WAT-HEA-SL30IP-WHI-AWB,PCS,Joven (white) Instant Water Heater SL30IP-AWB,Joven (white) Instant Water Heater SL30IP-AWB,no
TOI-TRP-WC2098RL-S,SET,Saniware Washdown One Piece Closet-rimless,Saniware Washdown One Piece Closet-rimless,no
SIN-SOR-SRTKS2429-BL,PCS,Sorento S/steel 304 Kitchen Sink-black,Sorento S/steel 304 Kitchen Sink-black,no
TAP-SAN-SWP-B-2934,PCS,Saniware Premier Basin Pillar Tap-mixer (gold) SWP-B-2934,Saniware Premier Basin Pillar Tap-mixer (gold) SWP-B-2934,no
TAP-SAN-SWP-B-2931,PCS,Saniware Premier Basin Pillar Tap-mixer (matt Black) SWP-B-2931,Saniware Premier Basin Pillar Tap-mixer (matt Black) SWP-B-2931,no
TAP-SAN-SWP-B-2930,PCS,Saniware Premier Basin Pillar Tap-mixer SWP-B-2930,Saniware Premier Basin Pillar Tap-mixer SWP-B-2930,no
IND-RIC-COO-RC7878,SET,5.6L Rice Cooker (cool Grey),5.6L Rice Cooker (cool Grey),no
FAN-STA-KHI-SF1663H,SET,Khind 16 Stand Fan (black),Khind 16 Stand Fan (black),no
TAP-SAN-SWP-B-2924,PCS,Saniware Premier Basin Pillar Tap-mixer (gold) SWP-B-2924,Saniware Premier Basin Pillar Tap-mixer (gold) SWP-B-2924,no
TAP-SAN-SWP-B-2921,PCS,Saniware Premier Basin Pillar Tap-mixer (matt Black) SWP-B-2921,Saniware Premier Basin Pillar Tap-mixer (matt Black) SWP-B-2921,no
CAB-SAN-SWBC-SS6615,SET,Saniware Bathroom Cabinet Set Water Tap SWBC-SS6615,Saniware Bathroom Cabinet Set Water Tap SWBC-SS6615,no
GAS-STO-RUB-TAE10-M523,UNIT,Rubine Glass Hob RGH-LOTOFLEXI2B-BLFX,Rubine Glass Hob RGH-LOTOFLEXI2B-BLFX,no
TAP-SAN-SWP-SS-304-3970-MB,PCS,Saniware Premier Flexible Hose Pillar Sink Tap Waterfall (matt Blk),Saniware Premier Flexible Hose Pillar Sink Tap Waterfall (matt Blk),no
TOI-TRP-WC-8826-S,SET,Sorento Washdown Flushing Tech,Sorento Washdown Flushing Tech,no
CAB-SAN-SWBC-SS6411,SET,Saniware Bathroom Cabinet Set Water Tap SWBC-SS6411,Saniware Bathroom Cabinet Set Water Tap SWBC-SS6411,no
SHO-HAN-SWP-HS-502,SET,Saniware Premier Hand Shower With Flexible Hose SWP-HS-502,Saniware Premier Hand Shower With Flexible Hose SWP-HS-502,no
FAN-CEI-KHI-WHI-CF618,SET,Khind - 60 Ceiling Fan,Khind - 60 Ceiling Fan,no
OVEN-RUB-TAE13-M265,UNIT,Rubine Built-in Oven RBO-IA6X-70SS,Rubine Built-in Oven RBO-IA6X-70SS,no
TAP-SAN-SWP-SS-304-3970,PCS,Saniware Premier Flexible Hose Pillar Sink Tap Waterfall,Saniware Premier Flexible Hose Pillar Sink Tap Waterfall,no
TOI-TRP-WC-SRTWC8354-SH-UF(250MM),PCS,Sorento Twister Flush Tech,Sorento Twister Flush Tech,no
SHO-SOR-SRTWT2634-RG,PCS,Sorento Exposed Shower Set (matt Blk+rose Gold),Sorento Exposed Shower Set (matt Blk+rose Gold),no
STA-GRI-SG6100,UNIT,Stanley Grinder 620W,Stanley Grinder 620W,no
STA-DRI-SCH10D2K,UNIT,Stanley 12V Tower Up Hammer Drill/driver 2.0AH,Stanley 12V Tower Up Hammer Drill/driver 2.0AH,no
TOI-TRP-WC-2110A-S,SET,Saniware Eco Seat Cover Top&bottom Washdown Two-piece Closet,Saniware Eco Seat Cover Top&bottom Washdown Two-piece Closet,no
TOI-TRP-WC-2122A-S,SET,Saniware Washdown Closet WC-2122A-S250MM,Saniware Washdown Closet WC-2122A-S250MM,no
TOI-TRP-WC-SRTWC286-SH-S(250MM),PCS,Sorento One Piece Washdown Flush Tech,Sorento One Piece Washdown Flush Tech,no
TOI-TRP-WC-SRTWC8504-S,PCS,Sorento Washdown W Rimless Flush Tech,Sorento Washdown W Rimless Flush Tech,no
STA-GRI-SCG400-SOLO,UNIT,Stanley 20V Grinder,Stanley 20V Grinder,no
SHO-SOR-SRTWT2634,PCS,Sorento Exposed Shower Set 3-WAYS SRTWT2634,Sorento Exposed Shower Set 3-WAYS SRTWT2634,no
STA-ROT-HAM-SHR243KA,UNIT,Stanley Rotary Hammer 24MM,Stanley Rotary Hammer 24MM,no
SHO-SOR-SRTSH22614-BL,PCS,Sorento 229MM ABS Rain Shower Head (matt Blk),Sorento 229MM ABS Rain Shower Head (matt Blk),no
SIN-SOR-SRTKS6091,PCS,Sorento Undermount Kitchen Sink,Sorento Undermount Kitchen Sink,no
FAN-CEI-LED-RCF-MOZIA56-5BL-BT,PCS,Rubine Blk Timber LED Ceiling Fan,Rubine Blk Timber LED Ceiling Fan,no
TOI-TRP-WC-SRTWC8366-S(250MM),PCS,Sorento One Piece Washdown W Rimless Flush Tech,Sorento One Piece Washdown W Rimless Flush Tech,no
TOI-TRP-WC-SRTWC8518-SH-S,PCS,Sorento One Piece Twister Flushing Tech,Sorento One Piece Twister Flushing Tech,no
GAS-STO-RUB-TAE10-E102,UNIT,Rubine Ceramic Hob,Rubine Ceramic Hob,no
ELE-BUL-B22-3W-RED,PCS,Taicon B22 3W LED Color Bulb - Red,Taicon B22 3W LED Color Bulb - Red,no
ELE-BUL-E27-10W-RED,PCS,Taicon E27 Stick Bulb Red 10W,Taicon E27 Stick Bulb Red 10W,no
MIR-SWBC-SS6414,SET,Saniware Bathroom Cabinet Set Water Tap SWBC-SS6414,Saniware Bathroom Cabinet Set Water Tap SWBC-SS6414,no
OVEN-RUB-TAE13-M507,UNIT,Rubine M/wave Oven RMO-934SS-GD34X,Rubine M/wave Oven RMO-934SS-GD34X,no
SHO-SOR-SRTSH2623-BL,PCS,Sorento 225MM ABS Rain Shower Head Matt Blk,Sorento 225MM ABS Rain Shower Head Matt Blk,no
SIN-SOR-SRTKS2426-BL,PCS,Sorento Kitch. Sink-blk Ultrasonic Nano Tech,Sorento Kitch. Sink-blk Ultrasonic Nano Tech,no
SHO-SAN-SWP-BSP-5505B,PCS,Saniware Premier 3WAY Bath Shower Set For Water Heater (black),Saniware Premier 3WAY Bath Shower Set For Water Heater (black),no
TAP-SAN-SWP-SS-304-3950-MB,PCS,Saniware Premier Flexible Hose Kitchen Pillar Sink Tap (matt Blk),Saniware Premier Flexible Hose Kitchen Pillar Sink Tap (matt Blk),no
FAN-CEI-RCF-MOZIA56-5B-BT,PCS,Rubine Blk Timber Ceiling Fan,Rubine Blk Timber Ceiling Fan,no
TOI-TRP-WC-SRTWC8840-S,PCS,Sorento Close Coupled Wash,Sorento Close Coupled Wash,no
BATH-SRTBF31416,PCS,Sorento 304 S/s 5 IN 1 Bathroom Furn,Sorento 304 S/s 5 IN 1 Bathroom Furn,no
ELE-D/L-MEG-YTT100ZI-30W,PCS,Megaman E27 LED Bulb,Megaman E27 LED Bulb,no
RUB-TAE10-M371,UNIT,Rubine Glass Hob RGH-FIGATA2B-BL,Rubine Glass Hob RGH-FIGATA2B-BL,no
SHO-SAN-SWP-BSP-5504B,PCS,Saniware Premier 2WAY Bath Shower Set For Water Heater (black),Saniware Premier 2WAY Bath Shower Set For Water Heater (black),no
SIN-SOR-SRTKS2431,PCS,Sorento Nanograin Texture Kitchen Sink,Sorento Nanograin Texture Kitchen Sink,no
ELE-CAB-WIR-MKK-2.5MM-RED,ROLL,MKK Cable 2.5MM (7/0.49MM) Red,MKK Cable 2.5MM (7/0.49MM) Red,no
FAN-CEI-DEKA-CGNL54MB12,UNIT,Deka Ceiling Fan Geno Matt Black,Deka Ceiling Fan Geno Matt Black,no
KHI-HDR-HD515,SET,Hair Dryer 1800W (matt Black),Hair Dryer 1800W (matt Black),no
OVEN-RUB-TAE13-M503,UNIT,Rubine M/wave Oven RMO-OREO-28BL,Rubine M/wave Oven RMO-OREO-28BL,no
ELE-CAB-WIR-MKK-2.5MM-BLACK,ROLL,MKK Cable 2.5MM (7/0.49MM) Black,MKK Cable 2.5MM (7/0.49MM) Black,no
MIR-SWBC-SS6811,SET,Saniware Bathroom Cabinet Set Water Tap SWBC-SS6811,Saniware Bathroom Cabinet Set Water Tap SWBC-SS6811,no
SPR-BID-SWP-SS-304-6875-BA,PCS,Saniware Premier Two Way Tap With Bidet SET&1.2M Flex. Hose,Saniware Premier Two Way Tap With Bidet SET&1.2M Flex. Hose,no
TAP-SAN-SWP-SS-304-3950,PCS,Saniware Premier Flexible Hose Kitchen Pillar Sink Tap,Saniware Premier Flexible Hose Kitchen Pillar Sink Tap,no
TAP-SAN-SWP-B-3213-G,PCS,Saniware Premier Tall Basin Cold Tap (gold),Saniware Premier Tall Basin Cold Tap (gold),no
BATH-SRTBF31514,PCS,Sorento 5IN1 Bath Furn,Sorento 5IN1 Bath Furn,no
FAN-CEI-DEKA-CF66DC66MB12,UNIT,Deka Ceiling Fan F66 DC Matt Black,Deka Ceiling Fan F66 DC Matt Black,no
JOV-WAT-FIL-JP200,PCS,Joven (red) Water Purifier,Joven (red) Water Purifier,no
KHI-HDR-HD511-GRE,SET,Hair Dryer 1400W (matt Grey),Hair Dryer 1400W (matt Grey),no
SHO-SOR-SRTWT9605RG,PCS,Sorento Exposed Shower Set 2WAYS SRTWT9605-RG,Sorento Exposed Shower Set 2WAYS SRTWT9605-RG,no
SHO-SOR-SRTWT9614,PCS,Sorento Shower Set,Sorento Shower Set,no
TAP-SAN-SWP-SS-304-3939,PCS,Saniware Premier Double Spout Kitchen Pillar Sink Tap,Saniware Premier Double Spout Kitchen Pillar Sink Tap,no
X-GAS-STO-RUB-TAE10-M372,UNIT,Rubine Glass Hob RGH-ALLORA2B-BL,Rubine Glass Hob RGH-ALLORA2B-BL,no
FAN-FLO-KHI-FF2005,PCS,20 Ind Floor Fan Black,20 Ind Floor Fan Black,no
SIN-SOR-SRTKS2427-BL,PCS,Sorento S/s 304 Kitchen Sink-blk Ultrasonic Nano Tech,Sorento S/s 304 Kitchen Sink-blk Ultrasonic Nano Tech,no
BAS-SOR-SRTWB7132,PCS,Sorento Counter Top Basin,Sorento Counter Top Basin,no
ELE-D/L-MEG-YTPDGLE5-70W,PCS,Megaman E27 Led-t Bulb,Megaman E27 Led-t Bulb,no
X-ELE-LED-FFL-CHA-10W,PCS,Taicon Stick LED Mini 5W E27 - Red,Taicon Stick LED Mini 5W E27 - Red,no
ELE-BUL-E27-3W-BLUE,PCS,Taicon E27 3W LED Color Bulb-blue,Taicon E27 3W LED Color Bulb-blue,no
ELE-HOL-TC818-E27,PCS,Taicon Tc 818 E27 Lamp Holder,Taicon Tc 818 E27 Lamp Holder,no
FAN-WAL-KHI-FW1660TH,SET,16 Wall Fan,16 Wall Fan,no
KHI-POT-AP550,SET,Khind Thermos Pot 5.5L,Khind Thermos Pot 5.5L,no
RAINBOW-G888-250GM,BTL,Nippon Gold Paint 999 Gold,Nippon Gold Paint 999 Gold,no
TAP-SAN-SWP-B-3203-RG,PCS,Saniware Premier Basin Pillar Cold Tap (rose Gold) SWP-SS-304-3203-RG,Saniware Premier Basin Pillar Cold Tap (rose Gold) SWP-SS-304-3203-RG,no
TAP-SAN-SWP-SS-3391,PCS,Saniware Premier Kitchen Pillar Sink Tap SWP-SS-3391,Saniware Premier Kitchen Pillar Sink Tap SWP-SS-3391,no
SPR-BID-SWP-SS-304-6875A,PCS,Saniware Premier Two Way Tap With Bidet Set 1.2M Flex. Hose,Saniware Premier Two Way Tap With Bidet Set 1.2M Flex. Hose,no
SPR-BID-SWSB-ABS-362,PCS,Saniware ABS Spray Bidet Set Holder & 1.2MM Flexible Hose,Saniware ABS Spray Bidet Set Holder & 1.2MM Flexible Hose,no
BATH-SRTBF31417,PCS,Sorento 6 IN 1 Bathroom Furniture,Sorento 6 IN 1 Bathroom Furniture,no
ELE-D/L-MEG-FE2155D-18W-3000K,PCS,Megaman Plce T3 3U E27 Bulb,Megaman Plce T3 3U E27 Bulb,no
FAN-CEI-DEKA-CF5DC46MB12,UNIT,Deka Ceiling Fan F5 DC~46 Pro Matt Blk,Deka Ceiling Fan F5 DC~46 Pro Matt Blk,no
X-RUB-TRB08-006,UNIT,Rubine Rjs 622 S/s Sink (1BB+1SB),Rubine Rjs 622 S/s Sink (1BB+1SB),no
ELE-BUL-B22-3W-BLU,PCS,Taicon B22 3W LED Color Bulb - Blue,Taicon B22 3W LED Color Bulb - Blue,no
STA-HAM-SBD715D2K,UNIT,Stanley Fatmax 20V Brushless Hammer Drill,Stanley Fatmax 20V Brushless Hammer Drill,no
BOS-0601-227-1L2,UNIT,Gsb 13RE Impact Drill (blow Mode Set),Gsb 13RE Impact Drill (blow Mode Set),no
GAS-STO-KHI-GC7125,SET,Khind Gas Cooker (stainless Steel),Khind Gas Cooker (stainless Steel),no
SHO-SOR-SRTWT9600HP,PCS,Sorento Exposed Shower Set - 2WAYS SRTWT9600HP,Sorento Exposed Shower Set - 2WAYS SRTWT9600HP,no
LOC-YALE-Y120B-50-KA5,SET,Yale (key Alike) Boron Shackle Padlock Y120B-50-KA5,Yale (key Alike) Boron Shackle Padlock Y120B-50-KA5,no
SHO-SOR-SRTSS8730,PCS,Sorento Sliding BAR Shower Set - SRTSS8730,Sorento Sliding BAR Shower Set - SRTSS8730,no
ELE-BUL-E27-3W-GREEN,PCS,Taicon E27 3W LED Color Bulb-green,Taicon E27 3W LED Color Bulb-green,no
KHI-INF-COO-IRC2000,SET,Khind - Infrared Cooker (black),Khind - Infrared Cooker (black),no
STA-DRI-BRU-SBD710D2K,UNIT,Stanley Fatmax 20V Max Brushless Drill Driver,Stanley Fatmax 20V Max Brushless Drill Driver,no
ELE-BUL-B22-3W-GRE,PCS,Taicon B22 3W LED Color Bulb - Green,Taicon B22 3W LED Color Bulb - Green,no
ELE-D/L-MEG-FE2155D-18W,PCS,Megaman E27 3U Bulb,Megaman E27 3U Bulb,no
NIP-MAT-W9102-18L,DRUM,18L Super Matex Bs 9102 White,18L Super Matex Bs 9102 White,no
STA-GRI-SCG400-SET,UNIT,Stanley 20V Grinder 1PC Charger (SC200)+2PCS Battery 2.0AH (SB202),Stanley 20V Grinder 1PC Charger (SC200)+2PCS Battery 2.0AH (SB202),no
STA-PRE-WAS-BEPW1800T,UNIT,Black+decker Vertical Pressure Washer 125 BAR,Black+decker Vertical Pressure Washer 125 BAR,no
TAP-SAN-SWP-SS-304-106,PCS,Saniware Premier Kitchen Pillar Sink Tap SWP-SS-304-106,Saniware Premier Kitchen Pillar Sink Tap SWP-SS-304-106,no
ELE-D/L-MEG-YTA60Z1-10W,PCS,Megaman A60 E27 LED Bulb YTA60Z1 10W/6500K,Megaman A60 E27 LED Bulb YTA60Z1 10W/6500K,no
BOS-0601-9H9-0L2C2,SET,Gws + Gsb Set + Gbh Solo + Gdx Solo Combo,Gws + Gsb Set + Gbh Solo + Gdx Solo Combo,no
ELE-CAB-WIR-MKK-1.5MM-BLACK,ROLL,MKK Cable 1.5MM (7/0.39MM) Black,MKK Cable 1.5MM (7/0.39MM) Black,no
GAS-STO-KHI-GS1516,SET,Khind - Infrared Gas Cooker (stainless Steel),Khind - Infrared Gas Cooker (stainless Steel),no
ELE-D/L-MEG-YTP38B1-10W,PCS,Megaman LED Stick Bulb Plc YTP38B1 10W/6500K,Megaman LED Stick Bulb Plc YTP38B1 10W/6500K,no
ELE-D/L-TC-3260-32W-RND-4000K,PCS,Taicon V3 32W Adjusted LED Dl Round (TC-3260),Taicon V3 32W Adjusted LED Dl Round (TC-3260),no
KHI-COO-RC918T,SET,Khind - Rc 1.8L Teflon Pot (cream Magnolia),Khind - Rc 1.8L Teflon Pot (cream Magnolia),no
NIP-SEA-5100-20L,DRUM,18L Nippon Vinilex 5100 Wall Sealer,18L Nippon Vinilex 5100 Wall Sealer,no
X-STA-PLANER-STP18-1800W,UNIT,Stanley Thickness Planer 1800W,Stanley Thickness Planer 1800W,no
BOS-0600-910-0L0SH,UNIT,Ghp High Pressure Cleaner,Ghp High Pressure Cleaner,no
FAN-KHI-AF1801,SET,Khind 18 Auto Fan (white),Khind 18 Auto Fan (white),no
FAN-WAL-TAICON-TC-11006,SET,Taicon 16 Wall Fan Sirim-whi,Taicon 16 Wall Fan Sirim-whi,no
KHI-COO-RCJ188,SET,Khind - Jar Rice Cooker 1.8L (mint),Khind - Jar Rice Cooker 1.8L (mint),no
BOS-2608-619-701,PCS,Cutting Disc Metal,Cutting Disc Metal,no
NIP-MAT-15245-18L,DRUM,18L Super Matex 15245 Maxtwhite,18L Super Matex 15245 Maxtwhite,no
NIP-SAT-GLO-18L-145,CAN,18L Nippon Satin Glo 145 White,18L Nippon Satin Glo 145 White,no
PSN-MJ-CS100WSK,PCS,Panasonic Juicer 1.7L 400W (white),Panasonic Juicer 1.7L 400W (white),no
STA-IMP-DRI-STDH7213V,UNIT,Stanley Percussion Drill 800W+VP,Stanley Percussion Drill 800W+VP,no
TAP-SAN-SWP-SS-304-3936-SS,PCS,Saniware Premier Kitchen Wall Sink Tap-ss,Saniware Premier Kitchen Wall Sink Tap-ss,no
ELE-D/L-MEG-YTA70Z1-15W,PCS,Megaman A70 E27 LED Bulb YTA70Z1 15W/6500K,Megaman A70 E27 LED Bulb YTA70Z1 15W/6500K,no
ELE-D/L-MEG-YTP38B1-10W-4000K,PCS,Megaman LED Stick Bulb Plc YTP38B1 10W/4000K,Megaman LED Stick Bulb Plc YTP38B1 10W/4000K,no
FAN-CEI-DEKA-CF5DC56MB,UNIT,Deka Ceiling Fan F5 Dc~pro Matt Blk 56,Deka Ceiling Fan F5 Dc~pro Matt Blk 56,no
TAP-SAN-SWP-B-304-3915,PCS,Saniware Premier Kitchen Wall Sink Tap-blk,Saniware Premier Kitchen Wall Sink Tap-blk,no
FAN-CEI-DEKA-CGNL54OAK12,UNIT,Deka Ceiling Fan Geno Oak,Deka Ceiling Fan Geno Oak,no
JOV-WAT-FIL-JWP20,PCS,Joven Water Filter,Joven Water Filter,no
STA-PRE-WAS-BEPW1750,UNIT,Black+decker Pressure Washer 120BAR,Black+decker Pressure Washer 120BAR,no
BOS-AHI4-4PC-R,UNIT,Adelino S/steel Multi Stage Centrifugal Pump (1.0HP),Adelino S/steel Multi Stage Centrifugal Pump (1.0HP),no
BOS-AJS37PC,UNIT,Adelino Automatic Self-priming Jet Pump With Pc (0.5HP),Adelino Automatic Self-priming Jet Pump With Pc (0.5HP),no
ELE-D/L-TC-2260-22W,PCS,Taicon 24W Adjusted LED Dl Rnd,Taicon 24W Adjusted LED Dl Rnd,no
"EXH-FAN-KHI-12""-WHI-EF1201",SET,Khind 12 Exhaust Fan (off White),Khind 12 Exhaust Fan (off White),no
BOS-0601-9K3-1L2,UNIT,Gsb Batt. Impact Drill,Gsb Batt. Impact Drill,no
BOS-2608-522-405,PCS,Impact Bit PH2 X 65MM,Impact Bit PH2 X 65MM,no
ELE-CAB-WIR-MKK-2.5MM-YEL,ROLL,MKK Cable 2.5MM (7/0.49MM) Yellow,MKK Cable 2.5MM (7/0.49MM) Yellow,no
ELE-D/L-MEG-YTP45B1-15W-3000K,PCS,Megaman LED Stick Bulb Plc YTP45B1 15W/3000K,Megaman LED Stick Bulb Plc YTP45B1 15W/3000K,no
ELE-D/L-MEG-YTP45Z1-15W-4000K,PCS,Megaman LED Stick Bulb E27 YTP45Z1 15W/4000K,Megaman LED Stick Bulb E27 YTP45Z1 15W/4000K,no
STA-PRE-WAS-HD4,UNIT,Karcher Classic High Pressure Washer,Karcher Classic High Pressure Washer,no
STA-SAW-SCR121S2K,UNIT,Stanley 12V Reciprocating Saw,Stanley 12V Reciprocating Saw,no
FAN-TAB-KHI-TF1210SE-LAV,SET,Khind - 12 Table Fan (sweet Lavender),Khind - 12 Table Fan (sweet Lavender),no
BOS-0611-321-0L0,UNIT,Gsh 5CE Demolition Hammer,Gsh 5CE Demolition Hammer,no
ELE-CAB-WIR-MKK-2.5MM-GRE,ROLL,MKK Cable 2.5MM (7/0.49MM) Green,MKK Cable 2.5MM (7/0.49MM) Green,no
ELE-D/L-MEG-YTP45Z1-15W-3000K,PCS,Megaman LED Stick Bulb E27 YTP45Z1 15W/3000K,Megaman LED Stick Bulb E27 YTP45Z1 15W/3000K,no
FAN-WAL-TAICON-TC-11007,SET,Taicon 16 Wall Fan Sirim-blk,Taicon 16 Wall Fan Sirim-blk,no
BOS-0601-1A2-1L0,UNIT,Gsb Impact Drill,Gsb Impact Drill,no
BOS-0601-9N9-0L0C1,SET,Gws + Gds + Gsb Plus Combo Set,Gws + Gds + Gsb Plus Combo Set,no
ELE-D/L-MEG-YTP38B1-10W-3000K,PCS,Megaman LED Stick Bulb Plc YTP38B1 10W/3000K,Megaman LED Stick Bulb Plc YTP38B1 10W/3000K,no
ELE-D/L-TC-3260-32W-RND,PCS,Taicon 32W Adjusted LED Round (TC-3260),Taicon 32W Adjusted LED Round (TC-3260),no
BOS-AHI2-4PC,UNIT,Adelino S/steel Multi Stage Centrifugal Pump (0.75HP),Adelino S/steel Multi Stage Centrifugal Pump (0.75HP),no
KHI-FRY-ARF35,SET,Khind Air Fryer (mint),Khind Air Fryer (mint),no
STA-DRI-SCD10D2K,UNIT,Stanley 12V Tower Up Drill/driver 2.0AH,Stanley 12V Tower Up Drill/driver 2.0AH,no
BOS-0601-9F7-0L0,UNIT,Gsr Battery Screwdriver,Gsr Battery Screwdriver,no
BOS-0611-924-0L1,UNIT,Gbh Batt. Rotary Hammer,Gbh Batt. Rotary Hammer,no
ELE-D/L-MEG-YTA60Z1-10W-4000K,PCS,Megaman A60 E27 LED Bulb YTA60Z1 10W/4000K,Megaman A60 E27 LED Bulb YTA60Z1 10W/4000K,no
ELE-D/L-MEG-YTA70Z1-15W-4000K,PCS,Megaman A70 E27 LED Bulb YTA70Z1 15W/4000K,Megaman A70 E27 LED Bulb YTA70Z1 15W/4000K,no
ELE-D/L-TC-2261-32W-SQ,PCS,Taicon 32W Adjusted LED Square (TC-2261),Taicon 32W Adjusted LED Square (TC-2261),no
KHI-COO-RC828N,SET,Khind Rice Cooker 2.8L,Khind Rice Cooker 2.8L,no
BOS-0601-9K0-0L0,UNITS,Gds Batt. Impact Wrench 18V-400,Gds Batt. Impact Wrench 18V-400,no
ELE-D/L-MEG-YTP45B1-15W-4000K,PCS,Megaman LED Stick Bulb Plc YTP45B1 15W/4000K,Megaman LED Stick Bulb Plc YTP45B1 15W/4000K,no
"EXH-FAN-KHI-08""-WHI-EF8001",SET,Khind 8 Exhaust Fan (off White),Khind 8 Exhaust Fan (off White),no
GAS-COO-TC-2288-PGC,SET,Taicon Portable Gas Cooker,Taicon Portable Gas Cooker,no
BOS-0601-228-1L2,UNIT,Gsb 16RE Impact Drill (blow Mode Set),Gsb 16RE Impact Drill (blow Mode Set),no
BOS-0601-9G8-1L7,UNIT,Gsb 121B Batt. Impact Drill (1 Batt.),Gsb 121B Batt. Impact Drill (1 Batt.),no
BOS-2608-522-406,PCS,Impact Bit PH2 X 110MM,Impact Bit PH2 X 110MM,no
BOS-2608-522-407,PCS,Impact Bit PH2 X 150MM,Impact Bit PH2 X 150MM,no
ELE-D/L-MEG-YTA65Z2-12W,PCS,Megaman A65 E27 LED Bulb,Megaman A65 E27 LED Bulb,no
BOS-0601-9G8-0L4,UNIT,Gsr 121B Batt. Screwdriver (1 Batt.),Gsr 121B Batt. Screwdriver (1 Batt.),no
ELE-BUL-B22-3W-YEL,PCS,Taicon B22 3W LED Color Bulb - Yellow,Taicon B22 3W LED Color Bulb - Yellow,no
CHA-SAW-STIHL-MS172,UNIT,Stihl Chainsaw 16 Stihl Chain & Guide BAR,Stihl Chainsaw 16 Stihl Chain & Guide BAR,no
ELE-D/L-MEG-YTA70Z1-15W-3000K,PCS,Megaman A70 E27 LED Bulb YTA70Z1 15W/3000K,Megaman A70 E27 LED Bulb YTA70Z1 15W/3000K,no
KET-PSN-NC-GK1WSK,PCS,Panasonic 1.7L Plastick Kettle,Panasonic 1.7L Plastick Kettle,no
RUB-TRT02-SA302,UNIT,Rubine Double Spout Wall Mounted S'tap,Rubine Double Spout Wall Mounted S'tap,no
STA-PRE-WAS-BEPW1600L,UNIT,Black+decker Pressure Washer L 110 BAR,Black+decker Pressure Washer L 110 BAR,no
"EXH-FAN-KHI-10""-WHI-EF1001",SET,Khind 10 Exhaust Fan (off White),Khind 10 Exhaust Fan (off White),no
NIP-PHG-1L-A,CAN,1L Platone High Gloss Accent Base,1L Platone High Gloss Accent Base,no
NIP-PHG-5L-A,CAN,5L Platone High Gloss Accent Base,5L Platone High Gloss Accent Base,no
BOS-0601-068-000,UNIT,Gol 26D Optical Leveller,Gol 26D Optical Leveller,no
CHA-SAW-STIHL-MS162,UNIT,Stihl Chainsaw 14 Stihl Chain & Guide BAR,Stihl Chainsaw 14 Stihl Chain & Guide BAR,no
KHI-COO-RC806N,SET,Khind 0.6L Rice Cooker (light Winter GREY)-RC806N,Khind 0.6L Rice Cooker (light Winter GREY)-RC806N,no
KHI-TOA-BT808,SET,Khind Bread Toaster (mint),Khind Bread Toaster (mint),no
STA-PRE-WAS-BCPC20D1,UNIT,Black+decker 20V Power Cleaner,Black+decker 20V Power Cleaner,no
STI-BRU-CUT-FR3001,UNIT,Stihl Brush Cutter,Stihl Brush Cutter,no
BOS-AQSD110F,UNIT,Adelino Submersible Sewage Pump 1.1KW,Adelino Submersible Sewage Pump 1.1KW,no
NIP-PHG-1L-P,CAN,1L Platone High Gloss Paster Base,1L Platone High Gloss Paster Base,no
PSN-TK-CS10-WMA,PCS,Panasonic Water Purifier (white),Panasonic Water Purifier (white),no
STA-CHO-SSC22,UNIT,Stanley Chopsaw 2200W 355MM,Stanley Chopsaw 2200W 355MM,no
BOS-0601-9K3-1L2C1,SET,Gsb + Gdr Kit Combo Kit,Gsb + Gdr Kit Combo Kit,no
NIP-PHG-5L-P,CAN,5L Platone High Gloss Paster Base,5L Platone High Gloss Paster Base,no
OVEN-KHI-TOA-OT3005,SET,Khind Oven Toaster (black),Khind Oven Toaster (black),no
PAI-SPR-SAM-2K01,PCS,Samurai Clearcoat Spray,Samurai Clearcoat Spray,no
NIP-QSH-EXT-20L-P,DRUM,18L Nippon Q-shield Extra Pastel Base,18L Nippon Q-shield Extra Pastel Base,no
PSN-TK-CS200C-EX,PCS,Panasonic Water Cartridge,Panasonic Water Cartridge,no
STA-TRI-ST55,UNIT,Stanley 550W 6.35MM Corded Trimmer,Stanley 550W 6.35MM Corded Trimmer,no
TAP-SAN-SWP-SS-304-3937-MB,PCS,Saniware Premier Kitchen Pillar Sink Tap-matt Blk,Saniware Premier Kitchen Pillar Sink Tap-matt Blk,no
BOS-0611-338-9L1,UNIT,Gsh 5MX Demolition Hammer,Gsh 5MX Demolition Hammer,no
ELE-D/L-MEG-YTP38Z1-10W,PCS,Megaman LED Stick Bulb E27 YTP38Z1 10W/6500K,Megaman LED Stick Bulb E27 YTP38Z1 10W/6500K,no
X-LOC-YALE-Y120B-50-KA3,SET,Yale (key Alike) Boron Shackle Padlock Y120B-50-KA3,Yale (key Alike) Boron Shackle Padlock Y120B-50-KA3,no
ELE-CAB-WIR-MKK-1.5MM-YELLOW,ROLL,MKK Cable 1.5MM (7/0.39MM) Yellow,MKK Cable 1.5MM (7/0.39MM) Yellow,no
NIP-WTRB-5L-P,CAN,5L Nippon Weatherbond Quartz Pastel Base,5L Nippon Weatherbond Quartz Pastel Base,no
STA-POL-SP137,UNIT,Stanley 1300W 180MM Polisher,Stanley 1300W 180MM Polisher,no
ELE-D/L-MEG-YTP38Z1-10W-4000K,PCS,Megaman LED Stick Bulb E27 YTP38Z1 10W/4000K,Megaman LED Stick Bulb E27 YTP38Z1 10W/4000K,no
FAN-CEI-DEKA-CCNL54RG12,UNIT,Deka Ceiling Fan Geno Rose Gold,Deka Ceiling Fan Geno Rose Gold,no
FAN-FLO-KHI-FF1803B,SET,Floor Fan 18,Floor Fan 18,no
STA-PLA-STEL630,UNIT,Stanley Planer 82MM,Stanley Planer 82MM,no
BOS-0601-387-0L0,UNIT,Gex Eccentric Disc Sander 125-1A,Gex Eccentric Disc Sander 125-1A,no
ELE-D/L-MEG-YTG45Z1-5W,PCS,Megaman G45 E27 LED Bulb YTG45Z1/5W 5W/6500K,Megaman G45 E27 LED Bulb YTG45Z1/5W 5W/6500K,no
NIP-SEA-5170-20L,DRUM,20L Nippon Acrylic 5170 Wall Sealer,20L Nippon Acrylic 5170 Wall Sealer,no
NIP-VIN-EAS-15L-A,DRUM,15L Nippon Vinilex Easywash Accent Base,15L Nippon Vinilex Easywash Accent Base,no
TAP-SAN-SWS-304-3964,PCS,Saniware Sliver Kitchen W Sink Tap,Saniware Sliver Kitchen W Sink Tap,no
JUG-KHI-KET-EK5813,SET,Khind 1.7L Jug Kettle (white),Khind 1.7L Jug Kettle (white),no
NIP-PHG-5L-MBLK,CAN,5L Platone High Gloss 8103 Matt Black,5L Platone High Gloss 8103 Matt Black,no
NIP-SAT-GLO-5L-145,CAN,5L Nippon Satin Glo 145 White,5L Nippon Satin Glo 145 White,no
NIP-WTRB-18L-A,DRUM,18L Nippon Weatherbond Quartz Accent Base,18L Nippon Weatherbond Quartz Accent Base,no
NIP-WTRB-18L-T,DRUM,18L Nippon Weatherbond Quartz Tint Base,18L Nippon Weatherbond Quartz Tint Base,no
TAP-SAN-SWP-SS-304-3938-MB,PCS,Saniware Premier Double Spout Kit. Wall Sink Tap-matt Blk,Saniware Premier Double Spout Kit. Wall Sink Tap-matt Blk,no
"HOS-FLE-GLO-60""",PCS,Glotool Flexible Tube F1/2 X F12 X 60,Glotool Flexible Tube F1/2 X F12 X 60,no
NIP-PHG-5L-D,CAN,5L Platone High Gloss Deep Base,5L Platone High Gloss Deep Base,no
BOS-0601-9K3-0L2,UNIT,Gsr Batt. Screwdriver 185-LI,Gsr Batt. Screwdriver 185-LI,no
CHA-SAW-STIHL-MS230,UNIT,Stihl Chainsaw 18 Stihl Chain & Guide BAR,Stihl Chainsaw 18 Stihl Chain & Guide BAR,no
FAN-CEI-DEKA-CX156BK12,UNIT,Deka Ceiling Fan X-one 56 Blk,Deka Ceiling Fan X-one 56 Blk,no
BOS-0600-8A7-FLO,UNIT,Easy Aqt 110 High P/cleaner,Easy Aqt 110 High P/cleaner,no
BOS-0601-375-6L0,UNIT,Gws 060 Angle Grinder,Gws 060 Angle Grinder,no
STA-HAM-BRU-SBH900M2K,UNIT,Stanley Fatmax V20 Brushless Sds Plus Hammer Drill,Stanley Fatmax V20 Brushless Sds Plus Hammer Drill,no
ELE-FAJAR-FLX-2.5MM-GREY,COIL,Fajar 2.5MM (50/0.25) X Flexible Cable (grey) (COIL),Fajar 2.5MM (50/0.25) X Flexible Cable (grey) (COIL),no
ELE-CAB-FLE-P40163CW-ROLL,ROLL,Taicon 40/016 X Flexible Cable,Taicon 40/016 X Flexible Cable,no
TAR-SHT-GT2-O/B-6',COIL,Glotool PE Trap (GT-02) 6'X70YDS,Glotool PE Trap (GT-02) 6'X70YDS,no
NIP-ROOF-20L-T,UNIT,20L Nippon Roof Coating Tint Base,20L Nippon Roof Coating Tint Base,no
BOS-0611-338-5L0,UNIT,Gsh 500 Demolition Hammer,Gsh 500 Demolition Hammer,no
BOS-0611-272-1L4,UNIT,Gbh 2-24 Dre Rotary Hammer Set,Gbh 2-24 Dre Rotary Hammer Set,no
NIP-WTRB-18L-WHITE,CAN,18L Nippon Weatherbond Quartz 145 White,18L Nippon Weatherbond Quartz 145 White,no
BOS-0600-8A7-AL0,UNIT,Aquatak 125 High P/cleaner,Aquatak 125 High P/cleaner,no
NIP-WTRB-WHI-15004,CAN,18L Nippon Weatherbond Quartz 15004 Ws White,18L Nippon Weatherbond Quartz 15004 Ws White,no
NIP-WTRB-5L-WHITE,CAN,5L Nippon Weatherbond 145 White,5L Nippon Weatherbond 145 White,no
BOS-0601-6A0-0L0,UNIT,Gkf 550 Router,Gkf 550 Router,no
STA-HIGH-PRE-WAS-K2,UNIT,Karcher K2 Power Vps High Pressure Washer,Karcher K2 Power Vps High Pressure Washer,no
STA-PRE-WAS-K3-DEL,UNIT,Karcher Pressure Washer K3 Deluxe Premium,Karcher Pressure Washer K3 Deluxe Premium,no
X-STA-PRE-WAS-K4,UNIT,Karcher K4 Basic High Pressure Cleaner,Karcher K4 Basic High Pressure Cleaner,no
BOS-2608-600-017,PCS,4 Grinding Disc,4 Grinding Disc,no
CIMA-DL-L-199Y-RND-18W-CIELO-DL,SET,Cielo Iii 199Y 18W L/dl (rnd/daylight),Cielo Iii 199Y 18W L/dl (rnd/daylight),no
AGR-NET-SUN-GLO-70%,ROLL,Glotool Sun Shade Netting (70%),Glotool Sun Shade Netting (70%),no
SIN-CKS7406,PCS,Cabana Kitchen Sink CKS7406,Cabana Kitchen Sink CKS7406,no
MIR-SBC-600603A,SET,S600 Bathroom Cabinet Set (610X475X450MM),S600 Bathroom Cabinet Set (610X475X450MM),no
ELE-CAB-FLE-7076,ROLL,Yazaki 70/076 3C Flexible Cable White,Yazaki 70/076 3C Flexible Cable White,no
ELE-CAB-FAJ-2.5MM-80M,ROLL,Fajar 2C X 2MM Twin Flat Wire,Fajar 2C X 2MM Twin Flat Wire,no
DC-DCSM03-100EK,SET,Cordless Brushless Angle Grinder 20V,Cordless Brushless Angle Grinder 20V,no
PUM-WTR-JHP4-40,UNIT,Water Pump Complete Set JHP4-40,Water Pump Complete Set JHP4-40,no
DC-20V-SETS-XB,SET,"DCZC0424Z, DCPB488Z, / Cordless Full Sets Xb","DCZC0424Z, DCPB488Z, / Cordless Full Sets Xb",no
DC-20V-XA,SET,"20V DCZC22Z, DCJZ2060IZ, - Sets Xa","20V DCZC22Z, DCJZ2060IZ, - Sets Xa",no
"DOR-HIN-JTC-SSS-4""",SET,"Smr S/steel Hinges 4""X3""X2.0MM","Smr S/steel Hinges 4""X3""X2.0MM",no
SUMO-SM-138,UNIT,Sumo High Pressure Washer 130 BAR,Sumo High Pressure Washer 130 BAR,no
DL5-WAT-FIL-0942-GRY,UNIT,DL5 Dalqua 9''X42 Water Filt Sys-fiber Tank Gry,DL5 Dalqua 9''X42 Water Filt Sys-fiber Tank Gry,no
IND-CEM-50KGS,BAG,Portland Limestone Cement,Portland Limestone Cement,no
"PIP-HDPE-25MM-3/4""",ROLL,"HDPE Pipe 25MM (3/4"") PN12.5(MS-1058)","HDPE Pipe 25MM (3/4"") PN12.5(MS-1058)",no
WOO-PLY-3.6MM,PCS,Plywood 3.6MM X 4 X 8,Plywood 3.6MM X 4 X 8,no
IND-GAL-WIRE-20#-COIL,COIL,20 X 12KG Wire,20 X 12KG Wire,no
ELE-D/L-ECO-3030-24W,PCS,Hms Downlite Hsp 503-24W 6500K,Hms Downlite Hsp 503-24W 6500K,no
TOO-BOS-BAG-101,PCS,Bossman 20V Angle Grinder 105MM,Bossman 20V Angle Grinder 105MM,no
IND-WIR-MES-1212-20GX100,ROLL,Wire Mesh 1/2/ X 1/2 X 3 X 20G X 100,Wire Mesh 1/2/ X 1/2 X 3 X 20G X 100,no
BAT-ENE-MAX-AA4PCS,PCK,En Max Aa 4 Pc,En Max Aa 4 Pc,no
BAT-ENE-MAX-AAA4PCS,PCK,En Max Aaa 4 Pc,En Max Aaa 4 Pc,no
WOO-HOE-CANGKUL-HARDWOOD,PCS,Kayu Cangkul (hardwood),Kayu Cangkul (hardwood),no
IND-ALUM-SHE-FLA-0.3MMX3',KGS,Flat Sheet Alum. 0.3MM X 3,Flat Sheet Alum. 0.3MM X 3,no
CEI-FRA-30MM,PCS,Ceiling Frame 30MM,Ceiling Frame 30MM,no
ROO-ZIN-SHE-10'X35G,PCS,Corrugated Steel Zinc 10 X 35G,Corrugated Steel Zinc 10 X 35G,no
NAI-COM-65MM-20KG,BOX,2 1/2 Wire Nail,2 1/2 Wire Nail,no
ELE-CAB-ZI-C70763G-ROLL,ROLL,Zi 3C X 70/076 PVC Flex Wire (grey),Zi 3C X 70/076 PVC Flex Wire (grey),no
PIP-CON-WHI-20MM3M,LTH,"3/4""(20MM) X 2.9M Eep - White","3/4""(20MM) X 2.9M Eep - White",no
NAI-COM-50MM-20KG,BOX,2 Wire Nail,2 Wire Nail,no
"DRA-COV-TEC-GRE-9""X17""",PCS,Techplas 9 X 17 Drain Cover - Grey,Techplas 9 X 17 Drain Cover - Grey,no
SHO-SOR-SRTWT9615,PCS,Sorento Exposed Shower Set 2-WAYS SRTWT9615,Sorento Exposed Shower Set 2-WAYS SRTWT9615,no
SPR-BID-SWSB-ABS-261,PCS,Saniware ABS Spray Bidet Set Holder & 1.2M Flexible Hose,Saniware ABS Spray Bidet Set Holder & 1.2M Flexible Hose,no
BAS-SOR-SRTWT7203,PCS,Sorento High Basin Cold Tap SRTWT7203,Sorento High Basin Cold Tap SRTWT7203,no
COC-BAS-SRTWT7445,PCS,Sorento Basin Cold Tap - SRTWT7445,Sorento Basin Cold Tap - SRTWT7445,no
COC-BAS-SRTWT7447-RG,PCS,Sorento Basin Cold Tap - SRTWT7447-RG,Sorento Basin Cold Tap - SRTWT7447-RG,no
TOW-SAN-SWP-BF-7910-G,PCS,Saniware Premier Towel Ring (gold),Saniware Premier Towel Ring (gold),no
BATH-SRTBF11707-BLK,PCS,Sorento 6IN1 S/s 304 Cabinet -SRTBF11707,Sorento 6IN1 S/s 304 Cabinet -SRTBF11707,no
BAS-SOR-SRTWB1409,PCS,Sorento Wash Basin SRTWB1409 L415XW415XH135MM,Sorento Wash Basin SRTWB1409 L415XW415XH135MM,no
BAS-SOR-SRTWB3403,PCS,Sorento Art Basin SRTWB3403,Sorento Art Basin SRTWB3403,no
TOW-SAN-SWP-BF-7911,PCS,Saniware Premier Towel Ring,Saniware Premier Towel Ring,no
BAS-SOR-SRTWB1086,PCS,Sorento Table Top Basin,Sorento Table Top Basin,no
SHO-SOR-SRTSS8720,PCS,Sorento Sliding BAR Shower Set - SRTSS8720,Sorento Sliding BAR Shower Set - SRTSS8720,no
TOW-SOR-SRT764-24-RG,PCS,Sorento Moveable Towel Shelf 600MM (rg+mb),Sorento Moveable Towel Shelf 600MM (rg+mb),no
BAS-SOR-SRTWB3415-BW,PCS,Sorento Firenze Series Ultra Thin Edge Basin (blk+whi),Sorento Firenze Series Ultra Thin Edge Basin (blk+whi),no
TAP-SAN-SWP-B-2525,PCS,Saniware Premier Concealed Bath Shower Cold Tap,Saniware Premier Concealed Bath Shower Cold Tap,no
TOI-TRP-WC-8840-P,SET,Sorento Close Couple Wash,Sorento Close Couple Wash,no
COC-BAS-SRTWT7445-BLK,PCS,Sorento Basin Cold Tap - SRTWT7445-BLK,Sorento Basin Cold Tap - SRTWT7445-BLK,no
BAS-SOR-SRTWT6807-RG-MIX,PCS,Sorento High Basin Mixer Tap (rs+mb),Sorento High Basin Mixer Tap (rs+mb),no
TAP-SIN0-SRTKT71SS-BL,PCS,Sorento Pil Mou Kitchen Mixer Tap W Pull Out Shower (blk),Sorento Pil Mou Kitchen Mixer Tap W Pull Out Shower (blk),no
GRA-SAN-SWFG-SS304-6602,PCS,Saniware Floor Grating (150X150MM) SWFG-SS304-6602,Saniware Floor Grating (150X150MM) SWFG-SS304-6602,no
BAS-SOR-SRTWB1086-BL,PCS,Sorento Art Basin SRTWB1086-BL L500XW400XH145MM,Sorento Art Basin SRTWB1086-BL L500XW400XH145MM,no
BID-SOR-SRT79-SS,PCS,Sorento Brass Two Way Tap Bidet,Sorento Brass Two Way Tap Bidet,no
SHO-SOR-SRTSA850-RG,PCS,Sorento 450MM Shower Arm 450MM (rs+mb),Sorento 450MM Shower Arm 450MM (rs+mb),no
SHO-SOR-SRTSS8770-BL,PCS,Sorento Sliding BAR W Hand SHOWER&1.5M Flex. Hose Blk,Sorento Sliding BAR W Hand SHOWER&1.5M Flex. Hose Blk,no
BAS-SOR-SRTWT6806-MIX,PCS,Sorento High Basin Mixer Tap,Sorento High Basin Mixer Tap,no
TOI-TRP-WC-2123A-P,SET,Saniware Washdown Closet WC-2123A-P180MM,Saniware Washdown Closet WC-2123A-P180MM,no
BAS-SAN-WB-206,PCS,Saniware Wall Hung Basin-above Counter Mounting (440X355X170MM),Saniware Wall Hung Basin-above Counter Mounting (440X355X170MM),no
SHO-SOR-SRTWT7602SS,PCS,Sorento S/s Shower Set,Sorento S/s Shower Set,no
TAP-SIN-SRTKT71SS,PCS,Sorento Brass Chrome Pillar Mou Kitchen Mixer W Pull Out Shower,Sorento Brass Chrome Pillar Mou Kitchen Mixer W Pull Out Shower,no
MIX-SWP-B-2523,PCS,Saniware Premier Exposed Bath Shower With Tap-mixer,Saniware Premier Exposed Bath Shower With Tap-mixer,no
SHO-SAN-SWP-HS-503,PCS,Saniware Premier Hand Shower With Flexible Hose SWP-HS-503,Saniware Premier Hand Shower With Flexible Hose SWP-HS-503,no
BAS-SOR-SRTWT6801,PCS,Sorento Basin Cold Tap-chr,Sorento Basin Cold Tap-chr,no
BAS-SOR-SRTWT7202-GM,PCS,Sorento Basin Cod Tap-gm,Sorento Basin Cod Tap-gm,no
TAP-SAN-SWP-B-2932,PCS,Saniware Premier Basin Pillar Tap-mixer (gun Metal),Saniware Premier Basin Pillar Tap-mixer (gun Metal),no
TOW-SRT449-RG,PCS,Sorento 75CM S/s Towel BAR Matt Blk,Sorento 75CM S/s Towel BAR Matt Blk,no
COC-BAS-SRTWT2207,PCS,Sorento Basin Cold Tap - SRTWT2207,Sorento Basin Cold Tap - SRTWT2207,no
SHO-SOR-SRTSS8740,PCS,Sorento Sliding BAR W 5 Functions Shower Set,Sorento Sliding BAR W 5 Functions Shower Set,no
BAS-SOR-SRTWT7203-GM,PCS,Sorento High Basin Cold Tap (gm),Sorento High Basin Cold Tap (gm),no
BAS-SOR-SRTWT8303-RG,PCS,Sorento High Basin Cold Tap SRTWT8303-RG,Sorento High Basin Cold Tap SRTWT8303-RG,no
BID-SOR-SRTWT5879-RG,PCS,Sorento Brass Hand Bidet - SRTWT5879-RG,Sorento Brass Hand Bidet - SRTWT5879-RG,no
BAS-SOR-SRTWT7202,PCS,Sorento Basin Cold Tap SRTWT7202,Sorento Basin Cold Tap SRTWT7202,no
COC-BAS-SRTWT5841-RG,PCS,Sorento Basin Cold Tap - SRTWT5841-RG,Sorento Basin Cold Tap - SRTWT5841-RG,no
BAS-SOR-SRTWT-7203-BL,PCS,Sorento High Basin Cold Tap (blk),Sorento High Basin Cold Tap (blk),no
TAP-SAN-SWP-B-2520,PCS,Saniware Premier Basin Pillar Tap Cold,Saniware Premier Basin Pillar Tap Cold,no
TAP-SAN-SWP-B-2922,PCS,Saniware Premier Basin Pillar Tap-mixer (matt Grey),Saniware Premier Basin Pillar Tap-mixer (matt Grey),no
BAS-SOR-SRTWB1411,PCS,Sorento Wash Basin SRTWB1411 500X400X135MM,Sorento Wash Basin SRTWB1411 500X400X135MM,no
BID-SOR-SRT103-GM,PCS,Sorento Two Way Tap Hand BIDET&1.2M Flex Hose,Sorento Two Way Tap Hand BIDET&1.2M Flex Hose,no
TOW-SOR-SRT446-RG,PCS,Sorento 60CM SS Towel Shelf Rg+mb,Sorento 60CM SS Towel Shelf Rg+mb,no
TOW-SOR-SRT9541-BL,PCS,Sorento Double Towel BAR S/s,Sorento Double Towel BAR S/s,no
BAS-SAN-WB-502,PCS,Saniware Above Counter Basin (480X380X140MM),Saniware Above Counter Basin (480X380X140MM),no
GRA-SAN-SWFG-SS304-6603,PCS,Saniware Floor Grating (150X150MM) SWFG-SS304-6603,Saniware Floor Grating (150X150MM) SWFG-SS304-6603,no
SHO-SOR-SRTSS3013,PCS,Sorento Hand Shower - SRTSS3013,Sorento Hand Shower - SRTSS3013,no
SHO-SOR-SRTSH2628-GMB,PCS,"Sorento Rain Shower Head: Gun (10"")","Sorento Rain Shower Head: Gun (10"")",no
TAP-SAN-SWS-304-3960,PCS,Saniware Sliver Basin Sink Tap,Saniware Sliver Basin Sink Tap,no
BAS-SOR-SRTWT6851-GY,PCS,Sorento Basin Cold Tap-golden Ylw,Sorento Basin Cold Tap-golden Ylw,no
BAS-SOR-SRTWT6861-FRG,PCS,Sorento Basin Cold Tap-frg,Sorento Basin Cold Tap-frg,no
MIX-KHI-SM220,SET,Khind Stand Mixer (white),Khind Stand Mixer (white),no
TAP-SAN-SWP-B-2527,PCS,Saniware Premier Concealed 2WAY Bath Shower-mixer,Saniware Premier Concealed 2WAY Bath Shower-mixer,no
TOW-SOR-SRT9540-BL,PCS,Sorento Single Towel BAR S/s,Sorento Single Towel BAR S/s,no
BAS-SAN-WB-288,PCS,Saniware Wall Hung Basin-above Counter Mounting (410X360X160MM),Saniware Wall Hung Basin-above Counter Mounting (410X360X160MM),no
BAS-SOR-SRTWB7249,PCS,Sorento Wall Hung Basin,Sorento Wall Hung Basin,no
BID-SOR-SRT201-BL,PCS,Sorento Bidet Spray 1.2M Flex Hose Blk,Sorento Bidet Spray 1.2M Flex Hose Blk,no
BAS-SAN-WB-400,PCS,Saniware Art Basin-above Counter Mounting (490X395X150MM),Saniware Art Basin-above Counter Mounting (490X395X150MM),no
MIR-SRTMCB-4060BL,PCS,Sorento Mirror Cabinet Size,Sorento Mirror Cabinet Size,no
BID-SOR-SRT95SS-GM,PCS,Sorento Hand Bidet PVC Flex Hose Gunmetal,Sorento Hand Bidet PVC Flex Hose Gunmetal,no
TAP-SAN-SWP-B-3203-GM,PCS,Saniware Premier Basin Pillar Cold Tap (gun Metal),Saniware Premier Basin Pillar Cold Tap (gun Metal),no
TOW-SOR-SRT2408-GM,PCS,Sorento Single Towel BAR S/s (LENGTH:800MM),Sorento Single Towel BAR S/s (LENGTH:800MM),no
SHO-SRT-SRTSS5660-GM,PCS,Sorento ABS Hand Shower 3FUNCTIONS SRTSS5660-GM,Sorento ABS Hand Shower 3FUNCTIONS SRTSS5660-GM,no
TOW-SOR-SRT345-HP,PCS,Sorento 60CM S/s Towel Shelf,Sorento 60CM S/s Towel Shelf,no
TOW-SOR-SRT349-HP,PCS,Sorento 75CM S/steel Towel BAR Satin,Sorento 75CM S/steel Towel BAR Satin,no
BAS-SOR-SRTWT6802,PCS,Sorento Basin Mixer-chr,Sorento Basin Mixer-chr,no
BOS-0601-9G6-1L0,UNIT,Gds Batt. Impact Wrench 250-LI,Gds Batt. Impact Wrench 250-LI,no
BID-SOR-SRT86-GY,PCS,Sorento Brass Hand Bidet - SRT86-GY,Sorento Brass Hand Bidet - SRT86-GY,no
SHO-SOR-SRTSS5660,PCS,Sorento ABS Hand Shower 3FUNCTIONS SRTSS5660,Sorento ABS Hand Shower 3FUNCTIONS SRTSS5660,no
BID-SOR-SRT93-SS,PCS,Sorento Hand Bidet 1.2M Flex Hose,Sorento Hand Bidet 1.2M Flex Hose,no
BOS-0601-396-1L0,UNIT,Gws Small A/grinder,Gws Small A/grinder,no
SHO-SOR-SRTSH22914-GM,PCS,Sorento Rain Shower Head,Sorento Rain Shower Head,no
BAS-SOR-SRTWT8301-RG,PCS,Sorento Basin Cold Tap (rs+mb),Sorento Basin Cold Tap (rs+mb),no
TOI-HOL-SAN-SWP-BF-3703,PCS,Saniware Toilet Paper Holder (165X80X135MM),Saniware Toilet Paper Holder (165X80X135MM),no
BID-SOR-SRT86-CR,PCS,Sorento Brass Hand Bidet - SRT86-CR,Sorento Brass Hand Bidet - SRT86-CR,no
TAP-SAN-SWP-SS-304-3937-SS,PCS,Saniware Premier Kitchen Pillar Sink Tap-ss,Saniware Premier Kitchen Pillar Sink Tap-ss,no
TAP-SAN-SWS-304-3974,PCS,Saniware Sliver Flexible Hose Kitchen Pillar Sink Tap,Saniware Sliver Flexible Hose Kitchen Pillar Sink Tap,no
TOI-TIS-SOR-SRT314-BL,PCS,Sorento S/s Paper Holder SRT314-BL,Sorento S/s Paper Holder SRT314-BL,no
TOW-SAN-SWP-BF-3714,PCS,Saniware Premier Double Tower BAR (630X148X48MM),Saniware Premier Double Tower BAR (630X148X48MM),no
X-STA-DRI-SCI12S2,UNIT,Stanley 10.8V 1.5 AH Impact Driver,Stanley 10.8V 1.5 AH Impact Driver,no
BLE-KHI-BL1220,SET,Khind Blender 1.2L (1J1M) (winter Grey),Khind Blender 1.2L (1J1M) (winter Grey),no
STA-GRI-STGS8100,UNIT,Stanley Grinder 4 850W,Stanley Grinder 4 850W,no
STA-SAW-SM16,UNIT,Stanley Compound Miter Saw 1650W - SM16,Stanley Compound Miter Saw 1650W - SM16,no
X-PSN-NI-25A1-BK1,PCS,Panasonic Non-stick 1.6KG Candy Blue Iron,Panasonic Non-stick 1.6KG Candy Blue Iron,no
BOS-0601-9G5-2L0,UNIT,Gdx Batt. Impact Driver,Gdx Batt. Impact Driver,no
BOS-AQSD75F,UNIT,Adelino Submersible Sewage Pump 0.75KW,Adelino Submersible Sewage Pump 0.75KW,no
ELE-CAB-WIR-MKK-1.5MM-GREEN,ROLL,MKK Cable 1.5MM (7/0.39MM) Green,MKK Cable 1.5MM (7/0.39MM) Green,no
GLO-WEL-GT900/BLU,DOZ,Welding Glove - 900GT/BLUE,Welding Glove - 900GT/BLUE,no
GLO-WEL-GT900/RED,DOZ,Welding Glove - 900GT/RED,Welding Glove - 900GT/RED,no
NIP-ECO-B,CAN,1L 811-9907 Black B,1L 811-9907 Black B,no
STA-DRI-SDH600KP,UNIT,Stanley 600W 13MM Impact Drill + Acc Set,Stanley 600W 13MM Impact Drill + Acc Set,no
TOI-TIS-SRT367-GM,PCS,Sorento S/steel Paper Holder-gunmetal,Sorento S/steel Paper Holder-gunmetal,no
BOS-0601-388-5L0,UNIT,Gws Angle Grinder 7-100ET,Gws Angle Grinder 7-100ET,no
NIP-ECO-T,CAN,1L 811-2336 Medium Yellow T,1L 811-2336 Medium Yellow T,no
NIP-QGL-5L-P,CAN,5L Nippon Q-glo Pastel Base,5L Nippon Q-glo Pastel Base,no
NIP-VIN-EAS-5L-P,CAN,5L Nippon Vinilex Easywash Pastel Base,5L Nippon Vinilex Easywash Pastel Base,no
STA-IMP-WRE-SBW910M1K,UNIT,Stanley Fatmax 20V Max V20 Brushless Impact Wrench,Stanley Fatmax 20V Max V20 Brushless Impact Wrench,no
TOI-TIS-SOR-SRT366-BL,PCS,Sorento S/s Paper Holder SRT366-BL,Sorento S/s Paper Holder SRT366-BL,no
X-SHO-SOR-SRTSS3180,PCS,Sorento Hand Shower - SRTSS3180,Sorento Hand Shower - SRTSS3180,no
BAS-SAN-WB-880,PCS,Saniware Wall Hung/art Basin Above Counter Mounting (395X295X120MM),Saniware Wall Hung/art Basin Above Counter Mounting (395X295X120MM),no
BUL-FFL-60W-E27-FROST,PCS,Taicon Standard Bulb E27 Frosted 60W,Taicon Standard Bulb E27 Frosted 60W,no
ELE-D/L-TC-2260-24W-4000K,PCS,Taicon 24W Adjusted LED Dl Round (TC-2260),Taicon 24W Adjusted LED Dl Round (TC-2260),no
"HOS-FLE-GLO-18""",PCS,Glotool Flexible Tube F1/2 X F12 X 18,Glotool Flexible Tube F1/2 X F12 X 18,no
NIP-ECO-KX,CAN,1L 811-0018 White Kx,1L 811-0018 White Kx,no
NIP-QLA-5L-P,CAN,5L Nippon Q-lac Pastel Base,5L Nippon Q-lac Pastel Base,no
STA-POL-KP600-152MM,UNIT,Black+decker Car Waxer/polisher,Black+decker Car Waxer/polisher,no
BAS-SOR-SRTWT5608,PCS,Sorento Wall Mounted Basin Cold Tap,Sorento Wall Mounted Basin Cold Tap,no
GRA-SAN-SWFG-SS304-6601,PCS,Saniware Floor Grating (150X150MM) SWFG-SS304-6601 SUS304,Saniware Floor Grating (150X150MM) SWFG-SS304-6601 SUS304,no
"HOS-FLE-GLO-24""",PCS,Glotool Flexible Tube F1/2 X F12 X 24,Glotool Flexible Tube F1/2 X F12 X 24,no
GRA-SAN-SWFG-SS304-6605-G,PCS,Saniware Floor Grating (150X150MM)-GOLD SWFG-SS304-6605-G SUS304,Saniware Floor Grating (150X150MM)-GOLD SWFG-SS304-6605-G SUS304,no
GRA-SAN-SWFG-SS304-6605-GM,PCS,Saniware Floor Grating (150X150MM)-GUN Metal,Saniware Floor Grating (150X150MM)-GUN Metal,no
"HOS-FLE-GLO-16""",PCS,Glotool Flexible Tube F1/2 X F12 X 16,Glotool Flexible Tube F1/2 X F12 X 16,no
NIP-WTRB-5L-A,CAN,5L Nippon Weatherbond Quartz Accent Base,5L Nippon Weatherbond Quartz Accent Base,no
SHO-SOR-SRTSH2623-GRY,PCS,Sorento 225MM ABS Rain Shower Head Gry,Sorento 225MM ABS Rain Shower Head Gry,no
SHO-SOR-SRTSS5726,PCS,Sorento ABS Hand Shower 3FUNCTIONS SRTSS5726,Sorento ABS Hand Shower 3FUNCTIONS SRTSS5726,no
TOW-SAN-SWP-BF-3709,PCS,Saniware Premier Single Towel BAR (48X88X800MM),Saniware Premier Single Towel BAR (48X88X800MM),no
BOS-0601-063-N81,UNIT,Gll Kit Laser Level,Gll Kit Laser Level,no
BOS-F016-800-577,PCS,Water Filter (AQT33-10/35-12/37-13),Water Filter (AQT33-10/35-12/37-13),no
NIP-ECO-A,CAN,1L 811-2573 Or Yel A,1L 811-2573 Or Yel A,no
NIP-ECO-V,CAN,1L 811-0422 Magenta V,1L 811-0422 Magenta V,no
BOS-SM20CX-170F,UNIT,Sumo Gasoline Water Pump 2,Sumo Gasoline Water Pump 2,no
NIP-9000-GF-5L-D,CAN,5L Nippon 9000 Gf Deep Base,5L Nippon 9000 Gf Deep Base,no
NIP-WTRB-18L-P,DRUM,18L Nippon Weatherbond Quartz Pastel Base,18L Nippon Weatherbond Quartz Pastel Base,no
BID-SOR-SRT73-CR-DIY,PCS,Sorento Hand Bidet 1.2M Flex Hose-chorome,Sorento Hand Bidet 1.2M Flex Hose-chorome,no
BOS-0601-8C0-0L0,UNIT,Gws Angle Grinder 2200-180H,Gws Angle Grinder 2200-180H,no
NIP-MAT-ULTRA-18L,DRUM,18L Nippon Matex Gold Ultra White,18L Nippon Matex Gold Ultra White,no
NIP-QGL-5L-A,CAN,5L Nippon Q-glo Accent Base,5L Nippon Q-glo Accent Base,no
NIP-WTRB-5L-D,CAN,5L Nippon Weatherbond Quartz Deep Base,5L Nippon Weatherbond Quartz Deep Base,no
SHO-SOR-SRTSS3150,PCS,Sorento 3 Functions Hand Shower,Sorento 3 Functions Hand Shower,no
TAP-SAN-SWP-SS-304-3941-MB,PCS,Saniware Premier Kitchen Wall Sink Tap (matt Blk),Saniware Premier Kitchen Wall Sink Tap (matt Blk),no
TAP-SAN-SWP-SS-304-3942,PCS,Saniware Premier Flexible Kitchen Wall Sink Tap,Saniware Premier Flexible Kitchen Wall Sink Tap,no
TAP-SAN-SWP-SS-304-3943,PCS,Saniware Premier Flexible Kitchen Pillar Sink Tap,Saniware Premier Flexible Kitchen Pillar Sink Tap,no
TOI-TIS-SOR-SRT360-HP,PCS,Sorento S/s Paper Holder SRT360-HP,Sorento S/s Paper Holder SRT360-HP,no
TOW-SOR-SRT9540-FRG,PCS,Sorento Single Towel BAR S/s Rose Gold,Sorento Single Towel BAR S/s Rose Gold,no
VAC-KHI-VC8020MS,SET,Khind - Canister Vacuum Cleaner (sapphire Blue),Khind - Canister Vacuum Cleaner (sapphire Blue),no
BOS-0601-9F0-0L3,UNIT,Gsr + Gdr Combo Kit,Gsr + Gdr Combo Kit,no
MIX-KHI-HM200,SET,Khind Hand Mixer (white),Khind Hand Mixer (white),no
NIP-QSH-EXT-5L-P,CAN,5L Nippon Q-shield Extra Pastel Base,5L Nippon Q-shield Extra Pastel Base,no
SHO-SOR-SRTSH22612,PCS,Sorento 204MM ABS Chrome Surface Rainshower Head,Sorento 204MM ABS Chrome Surface Rainshower Head,no
STA-BLO-STPT600,UNIT,Stanley Blower,Stanley Blower,no
VAC-KHI-VC68P,SET,Khind - Vacuum Cleaner 600W (gold),Khind - Vacuum Cleaner 600W (gold),no
BUL-FFL-25W-E27-FROST,PCS,Taicon Standard Bulb E27 Forsted 25W,Taicon Standard Bulb E27 Forsted 25W,no
TOW-SAN-SWP-BF-3713,PCS,Saniware Double Towel BAR (630X148X48MM),Saniware Double Towel BAR (630X148X48MM),no
X-PSN-NI-317W-LN,PCS,Panasonic Polished 0.9KG Iron,Panasonic Polished 0.9KG Iron,no
BOS-0601-387-5L0,UNIT,Gex Eccentric Disc Sander 125-1AE,Gex Eccentric Disc Sander 125-1AE,no
BOS-86-AA106,UNIT,High Pressure Cleaner 100 BAR,High Pressure Cleaner 100 BAR,no
BOS-RK32,UNIT,Robin Brush Cutter (t-type) -RK32,Robin Brush Cutter (t-type) -RK32,no
JOV-WAT-CAR-JP200C,SET,Joven Water Purifier Cartridge,Joven Water Purifier Cartridge,no
NIP-PHG-5L-MWHI,CAN,5L Platone High Gloss 8102 Matt White,5L Platone High Gloss 8102 Matt White,no
NIP-QSH-EXT-20L-D,DRUM,18L Nippon Q-shield Extra Deep Base,18L Nippon Q-shield Extra Deep Base,no
TOW-SAN-SWP-BF-7903-G,PCS,Saniware Premier Double Towel BAR (gold),Saniware Premier Double Towel BAR (gold),no
BOS-AA-MIG200,SET,Inverter Welding Machine 200A,Inverter Welding Machine 200A,no
GRA-SAN-SWFG-SS304-6605,PCS,Saniware Floor Grating (150X150MM) SWFG-SS-304-6605 SUS304,Saniware Floor Grating (150X150MM) SWFG-SS-304-6605 SUS304,no
GRA-SOR-SRT384-6,PCS,Sorento Floor Grating 6,Sorento Floor Grating 6,no
NIP-9000-GF-5L-A,CAN,5L Nippon 9000 Gf Accent Base,5L Nippon 9000 Gf Accent Base,no
NIP-PHG-5L-T,CAN,5L Platone High Gloss Tint Base,5L Platone High Gloss Tint Base,no
NIP-SAT-GLO-18L-P,DRUM,18L Nippon Satin Glo Pastel Base,18L Nippon Satin Glo Pastel Base,no
SHO-SOR-SRTSS5724-RG,PCS,Sorento 3 Functions ABS Hand Shower,Sorento 3 Functions ABS Hand Shower,no
GLO-WEL-GT900/YEL,PAIR,Welding Glove - 900GT/YELLOW,Welding Glove - 900GT/YELLOW,no
KHI-TOA-TB903,SET,Khind Baking Toaster (white),Khind Baking Toaster (white),no
NIP-QSH-EXT-20L-A,DRUM,18L Nippon Q-shield Extra Accent Base,18L Nippon Q-shield Extra Accent Base,no
BOS-86-AA126,UNIT,High Pressure Cleaner 120 BAR,High Pressure Cleaner 120 BAR,no
ELE-D/L-MEG-YTA60Z1-10W-3000K,PCS,Megaman A60 E27 LED Bulb YTA60Z1 10W/3000K,Megaman A60 E27 LED Bulb YTA60Z1 10W/3000K,no
GAS-STO-KHI-GC6010,SET,Khind Gas Cooker,Khind Gas Cooker,no
SHO-SAN-SWP-HS-504,PCS,Saniware Premier Hand Shower With Holder And Flexible Hose,Saniware Premier Hand Shower With Holder And Flexible Hose,no
TAP-SAN-SWP-B-3213-GM,PCS,Saniware Premier Tall Basin Cold Tap (gun Metal),Saniware Premier Tall Basin Cold Tap (gun Metal),no
TAP-SAN-SWP-B-3213-RG,PCS,Saniware Premier Tall Basin Cold Tap (rose Gold),Saniware Premier Tall Basin Cold Tap (rose Gold),no
TAP-SAN-SWS-304-3973,PCS,Saniware Sliver Flexible Hose Kitchen Wall Sink Tap,Saniware Sliver Flexible Hose Kitchen Wall Sink Tap,no
TOW-SAN-SWP-BF-3708,PCS,Saniware Robe Hook,Saniware Robe Hook,no
BOS-RB2600,UNIT,Robin Hand Blower,Robin Hand Blower,no
"HOS-FLE-GLO-36""",PCS,Glotool Flexible Tube F1/2 X F12 X 36,Glotool Flexible Tube F1/2 X F12 X 36,no
JUG-KHI-EK502,SET,Khind Electric Kettle 5.0L,Khind Electric Kettle 5.0L,no
KHI-MOS-KIL-IK6206,SET,Khind Mosquito Killer (blue),Khind Mosquito Killer (blue),no
NIP-QGL-15L-P,DRUM,15L Nippon Q-glo Pastel Base,15L Nippon Q-glo Pastel Base,no
NIP-QLA-5L-A,CAN,5L Nippon Q-lac Accent Base,5L Nippon Q-lac Accent Base,no
PAI-SPR-SAM-K1K,PCS,Samurai Spray Paint K1K Clear (coating),Samurai Spray Paint K1K Clear (coating),no
SHO-SAN-SWP-SH-801,PCS,Saniware Premier 8 Shower Head,Saniware Premier 8 Shower Head,no
TOO-COM-SET-GT824,SET,Glotool Combination Wrench Set 14 X 8-24MM,Glotool Combination Wrench Set 14 X 8-24MM,no
NIP-ECO-D,CAN,1L 811-5511 Phthalo Green D,1L 811-5511 Phthalo Green D,no
NIP-QSH-EXT-20L-T,DRUM,18L Nippon Q-shield Extra Tint Base,18L Nippon Q-shield Extra Tint Base,no
SHO-SAN-SWP-SA-400B,PCS,Saniware Premier Shower Arm-black SWP-SA-400B,Saniware Premier Shower Arm-black SWP-SA-400B,no
SHO-SAN-SWP-SH-804,PCS,Saniware Premier 9 ABS Rain Shower (black),Saniware Premier 9 ABS Rain Shower (black),no
"HOS-FLE-GLO-48""",PCS,Glotool Flexible Tube F1/2 X F12 X 48,Glotool Flexible Tube F1/2 X F12 X 48,no
STA-JIG-SJ60,UNIT,Stanley Jigsaw 600W - SJ60,Stanley Jigsaw 600W - SJ60,no
"FIT-BUT-ELB-FEM-SWI-25MMX1/2""",PCS,Buteline 25MMX1/2 PE Elbow Female Swivel,Buteline 25MMX1/2 PE Elbow Female Swivel,no
TAP-SAN-SWP-SS-304-3936-MB,PCS,Saniware Premier Kitchen Wall Sink Tap-mb,Saniware Premier Kitchen Wall Sink Tap-mb,no
TAP-SAN-SWP-SS-304-3941,PCS,Saniware Premier Kitchen Wall Sink Tap,Saniware Premier Kitchen Wall Sink Tap,no
TOO-COM-SET-GT832,SET,Glotool Combination Wrench Set 14 X 8-32MM,Glotool Combination Wrench Set 14 X 8-32MM,no
NIP-QGL-15L-T,DRUM,15L Nippon Q-glo Tint Base,15L Nippon Q-glo Tint Base,no
NIP-WTRB-5L-T,CAN,5L Nippon Weatherbond Quartz Tint Base,5L Nippon Weatherbond Quartz Tint Base,no
PAI-SPR-SAM-PR-500,PCS,Samurai Spray Paint Paint Remover,Samurai Spray Paint Paint Remover,no
STA-JIG-SJ45,UNIT,Stanley Jigsaw 450W - SJ45,Stanley Jigsaw 450W - SJ45,no
TOR-ENE-LED-2AAW,PCK,Eveready Opp LED 2AA W Batt,Eveready Opp LED 2AA W Batt,no
"HOS-FLE-GLO-08""",PCS,Glotool Flexible Tube F1/2 X F12 X 8,Glotool Flexible Tube F1/2 X F12 X 8,no
FAN-TAB-KHI-TF168,SET,Khind- Se Table Fan 16 (winter Grey),Khind- Se Table Fan 16 (winter Grey),no
TAP-SAN-SWP-B-3203-G,PCS,Saniware Premier Basin Pillar Cold Tap (gold),Saniware Premier Basin Pillar Cold Tap (gold),no
TOI-HOL-SAN-SWP-BF-7909-G,PCS,Saniware Premier Toilet Paper Holder (gold),Saniware Premier Toilet Paper Holder (gold),no
TOW-SAN-SWP-BF-7904-G,PCS,Saniware Premier Single Towel BAR (gold),Saniware Premier Single Towel BAR (gold),no
GRA-SAN-SWFG-SS304-6608,PCS,Saniware Premier Floor Grating (150*150*0.8),Saniware Premier Floor Grating (150*150*0.8),no
RUB-TRT02-SA100,UNIT,Rubine Pillar Sink Tap,Rubine Pillar Sink Tap,no
STA-SHE-SAN-310W-SSS310,UNIT,Stanley 1/2 Sheet Sander 310W,Stanley 1/2 Sheet Sander 310W,no
TOW-SAN-SWP-BF-3704,PCS,Saniware Towel Ring (160X78X185MM),Saniware Towel Ring (160X78X185MM),no
BOS-86-BG6,UT,6 Bench Grinder 375W,6 Bench Grinder 375W,no
BOS-SMCSP3,UNIT,Sumo 3 Submersible Pump,Sumo 3 Submersible Pump,no
X-BLE-KHI-BL1015M,SET,Khind Blender W/micro Switch (milky Orange),Khind Blender W/micro Switch (milky Orange),no
BOS-0601-9C6-2L0,UNIT,Gas Batt. Vacuum Cleaner (solo),Gas Batt. Vacuum Cleaner (solo),no
KHI-HDR-HD511-BLU,SET,Hair Dryer 1000W (white),Hair Dryer 1000W (white),no
NIP-9000-GF-5L-P,CAN,5L Nippon 9000 Gf Pastel Base,5L Nippon 9000 Gf Pastel Base,no
NIP-MAT-15245-7L,CAN,7L Super Matex 15245 Maxtwhite,7L Super Matex 15245 Maxtwhite,no
NIP-QSH-EXT-5L-T,CAN,5L Nippon Q-shield Extra Tint Base,5L Nippon Q-shield Extra Tint Base,no
STA-CIR-SAW-SC16,UNIT,Stanley Circular Saw SC16,Stanley Circular Saw SC16,no
TAP-SAN-SWP-SS-MX-3302,PCS,Saniware Premier Flexible Hose Kitchen Pillar S/tap,Saniware Premier Flexible Hose Kitchen Pillar S/tap,no
WEL-MAC-STW-250G,UNIT,Nietz Welding Machine Acc,Nietz Welding Machine Acc,no
ADH-TAP-WIR-6.5YD-RED-ROLL,ROLL,Glotool Wire Tape - Red (10PCS/ROLL),Glotool Wire Tape - Red (10PCS/ROLL),no
ELE-D/L-MEG-YTG45Z1-3W,PCS,Megaman 3W LED Bulb,Megaman 3W LED Bulb,no
NIP-SAT-GLO-5L-P,CAN,5L Nippon Satin Glo Pastel Base,5L Nippon Satin Glo Pastel Base,no
KHI-COO-MC121,SET,Khind Multi Cooker 1.2L (blue),Khind Multi Cooker 1.2L (blue),no
KHI-IRO-EI405-GRY,SET,Khind Electric Iron (grey),Khind Electric Iron (grey),no
PAI-SPR-SAM-KP1,PCS,Samurai Spray Paint KP1 Putty Primer,Samurai Spray Paint KP1 Putty Primer,no
GRA-SAN-SWFG-SS304-6610,PCS,Saniware Floor Grating (150X150MM) SWFG-SS304-6610 SUS304,Saniware Floor Grating (150X150MM) SWFG-SS304-6610 SUS304,no
LOC-YALE-Y120-50-KA2,SET,Yale (key Alike) Boron Shackle Padlock Y120B-50-KA2,Yale (key Alike) Boron Shackle Padlock Y120B-50-KA2,no
NIP-WTRB-18L-D,DRUM,18L Nippon Weatherbond Quartz Deep Base,18L Nippon Weatherbond Quartz Deep Base,no
NIP-ECO-E,CAN,1L 811-7214 Phthalo Blue E,1L 811-7214 Phthalo Blue E,no
NIP-PHG-1L-MBLK,CAN,1L Platone High Gloss 8103 Matt Black,1L Platone High Gloss 8103 Matt Black,no
NIP-QGL-15L-D,DRUM,15L Nippon Q-glo Deep Base,15L Nippon Q-glo Deep Base,no
SHO-SAN-SWP-HS-514,PCS,Saniware Premier Sq Hand Shower W Holder & Flex. Hose,Saniware Premier Sq Hand Shower W Holder & Flex. Hose,no
STA-COR-FAN-SCF001,UNIT,Stanley Cordless Fan,Stanley Cordless Fan,no
SWI-T/SOC-70/076-5M1G,PCS,Taicon 1G 70/076 Nut Box,Taicon 1G 70/076 Nut Box,no
FAN-CEI-DEKA-CF5DCL56MB12,UNIT,Deka Ceiling Fan F5 Dcl~pro Matt Blk 56,Deka Ceiling Fan F5 Dcl~pro Matt Blk 56,no
FAN-PSN-F-M14C5VBPH,PCS,Panasonic Bayu 4 Black,Panasonic Bayu 4 Black,no
GRA-SAN-SWFG-SS304-6605-RG,PCS,Saniware Floor Grating (150X150MM)-ROSE Gold SWFG-SS304-6605-RG SUS304,Saniware Floor Grating (150X150MM)-ROSE Gold SWFG-SS304-6605-RG SUS304,no
BOS-0601-9F8-1L0,SET,Gsr Batt. Screwdriver 180-LI,Gsr Batt. Screwdriver 180-LI,no
BOS-SMCV-45,UNIT,Sumo Concrete Vibrator 6M,Sumo Concrete Vibrator 6M,no
NIP-MAT-ULTRA-5L,DRUM,5L Nippon Matex Gold Ultra White,5L Nippon Matex Gold Ultra White,no
HOL-TUB-T8-G13,PCK,Taicon T8 G13 LED Single Tube Holder Only (2PCS/PCK),Taicon T8 G13 LED Single Tube Holder Only (2PCS/PCK),no
KHI-TOA-ST612,SET,Khind Sandwich Toaster (white),Khind Sandwich Toaster (white),no
"NIE-SOC-IMP-1""-33MM",PCS,Nietz 1 IN Dr Impact Socket (6PT) 50170033 33MM,Nietz 1 IN Dr Impact Socket (6PT) 50170033 33MM,no
NIP-QGL-5L-T,CAN,5L Nippon Q-glo Tint Base,5L Nippon Q-glo Tint Base,no
GLO-COT-700-ZS70,DOZ,Cotton Glove ZS70,Cotton Glove ZS70,no
STA-ROT-DRI-STDR5510,UNIT,Stanley Rotary Drill 550W,Stanley Rotary Drill 550W,no
NIP-ECO-F,CAN,1L 811-1046 Red Oxide F,1L 811-1046 Red Oxide F,no
NIP-PHG-1L-T,CAN,1L Platone High Gloss Tint Base,1L Platone High Gloss Tint Base,no
"FAN-STAND-TAICON-20""",SET,Taicon Industry Stand Fan 20 Aluminium,Taicon Industry Stand Fan 20 Aluminium,no
NIP-MAT-9102-7L,CAN,7L Super Matex Bs 9102 White,7L Super Matex Bs 9102 White,no
NIP-QSH-EXT-5L-D,CAN,5L Nippon Q-shield Extra Deep Base,5L Nippon Q-shield Extra Deep Base,no
SWI-T/SOC-40/016-4G,PCS,Taicon 4G 40/016 Nut Box,Taicon 4G 40/016 Nut Box,no
"FIT-BUT-STR-HOS-20MMX1/2""",PCS,Buteline 20MMX1/2 PE Straight Hose Plate,Buteline 20MMX1/2 PE Straight Hose Plate,no
"HOS-FLE-GLO-20""",PCS,Glotool Flexible Tube F1/2 X F12 X 20,Glotool Flexible Tube F1/2 X F12 X 20,no
NIP-QLA-5L-D,CAN,5L Nippon Q-lac Deep Base,5L Nippon Q-lac Deep Base,no
SPR-BID-SWSB-ABS-362-GM,PCS,Saniware ABS Spray Bidet Set Holder &1.2MM Flex. Hose (gun Metal),Saniware ABS Spray Bidet Set Holder &1.2MM Flex. Hose (gun Metal),no
STA-ROS-SAN-SS30,UNIT,Stanley SS30 300W Ros Sander,Stanley SS30 300W Ros Sander,no
VAC-PSN-MC-CG371AV47,PCS,Panasonic Bagged Vacuum Cleaner 1600W (blue),Panasonic Bagged Vacuum Cleaner 1600W (blue),no
NIP-QSH-EXT-5L-A,CAN,5L Nippon Q-shield Extra Accent Base,5L Nippon Q-shield Extra Accent Base,no
NIP-SAT-GLO-5L-T,CAN,5L Nippon Satin Glo Tint Base,5L Nippon Satin Glo Tint Base,no
X-BLE-KHI-BL6809G,SET,Juice Extractor (mint),Juice Extractor (mint),no
BOS-0601-9F6-0L0,UNIT,Gsr Batt. Screwdriver 12V-15FC,Gsr Batt. Screwdriver 12V-15FC,no
IND-SCO-SMR-S501TY,DOZ,Samurai King Steel Shovel S501TY,Samurai King Steel Shovel S501TY,no
NIP-PHG-1L-MWHI,CAN,1L Platone High Gloss 8102 Matt White,1L Platone High Gloss 8102 Matt White,no
SWI-T/SOC-70/076-5M4G,PCS,Taicon 4G 70/076 Nut Box,Taicon 4G 70/076 Nut Box,no
GRA-SAN-SWFG-SS304-6602-RG,PCS,Saniware Floor Grating (150X150MM)-ROSE Gold SWFG-SS304-6602-RG SUS304,Saniware Floor Grating (150X150MM)-ROSE Gold SWFG-SS304-6602-RG SUS304,no
NIP-PHG-1L-D,CAN,1L Platone High Gloss Deep Base,1L Platone High Gloss Deep Base,no
SPR-BID-SWSB-ABS-262,PCS,Saniware ABS Spray Bidet Only,Saniware ABS Spray Bidet Only,no
BOS-2608-643-035,PCS,Circular Sawblade 14 X 100T Wood,Circular Sawblade 14 X 100T Wood,no
GRA-SAN-SWFG-SS304-6604,PCS,Saniware Floor Grating Washing Machine Outlet,Saniware Floor Grating Washing Machine Outlet,no
GRA-SAN-SWFG-SS304-6606,PCS,Saniware Floor Grating (150X150),Saniware Floor Grating (150X150),no
"NIE-SOC-IMP-1""-32MM",PCS,Nietz 1 IN Dr Impact Socket (6PT) 50170032 32MM,Nietz 1 IN Dr Impact Socket (6PT) 50170032 32MM,no
NIP-ECO-HT,CAN,1L 811-0746 Red Ht,1L 811-0746 Red Ht,no
NIP-SAT-GLO-5L-D,CAN,5L Nippon Satin Glo Deep Base,5L Nippon Satin Glo Deep Base,no
NIP-SEA-5200-05L,CAN,5L Nippon Vinilex 5200 Wall Sealer,5L Nippon Vinilex 5200 Wall Sealer,no
FAN-CEI-PSN-F-M15A0VBWH,PCS,Panasonic 60 Basic C Fan,Panasonic 60 Basic C Fan,no
NIP-VIN-EAS-5L-T,CAN,5L Nippon Vinilex Easywash Tint Base,5L Nippon Vinilex Easywash Tint Base,no
PAI-SPR-SAM-81,PCS,Samurai Spray Paint Metalic Black,Samurai Spray Paint Metalic Black,no
PRE-STO-KHI-SPC6,SET,Khind Pressure Cooker 6L - SPC6,Khind Pressure Cooker 6L - SPC6,no
STA-DRI-BG6109B,PCS,BG6109B Drill Stand,BG6109B Drill Stand,no
BOS-2608-643-027,PCS,Circular Sawblade 12 X 100T Wood,Circular Sawblade 12 X 100T Wood,no
BOS-GLA-3008,UNIT,Dimming Glasses,Dimming Glasses,no
"FIT-BUT-STR-FEM-SWI-25MMX1/2""",PCS,Buteline 25MMX1/2 PE Straight Female Swivel,Buteline 25MMX1/2 PE Straight Female Swivel,no
GRA-SAN-SWFG-SS304-6603-G,PCS,Saniware Floor Grating (150X150MM)-GOLD SWFG-SS304-6603G SUS304,Saniware Floor Grating (150X150MM)-GOLD SWFG-SS304-6603G SUS304,no
NIE-SOC-IMP-DEE-1/2-18MM,PCS,Nietz Deep Impact Socket (6PT) 50142018 18MM,Nietz Deep Impact Socket (6PT) 50142018 18MM,no
STA-ROT-BCRT8K35,UNIT,Black+decker Rotary Tool,Black+decker Rotary Tool,no
TOI-TIS-SOR-SRT313,PCS,Sorento S/s Paper Holder SRT313,Sorento S/s Paper Holder SRT313,no
ADH-TAP-WIR-6.5YD-BLK-ROLL,ROLL,Glotool Wire Tape - Black (10PCS/ROLL),Glotool Wire Tape - Black (10PCS/ROLL),no
NIP-UND-9000-5L,CAN,5L Nippon 9000 Undercoat White,5L Nippon 9000 Undercoat White,no
TOW-SAN-SWP-BF-7908-G,PCS,Saniware Premier Robe Hook (gold),Saniware Premier Robe Hook (gold),no
BOS-PAI-SPR-PPS-20,UNIT,Electric Paint Sprayer,Electric Paint Sprayer,no
NIE-HAN-T-3/4,PCS,Nietz Dr Sliding T-handle (CR-MO)50067422 20IN,Nietz Dr Sliding T-handle (CR-MO)50067422 20IN,no
NIP-9000-GF-5L-T,CAN,5L Nippon 9000 Gf Tint Base,5L Nippon 9000 Gf Tint Base,no
NIP-ECO-C,CAN,1L 811-1810 Yellow Oxide C,1L 811-1810 Yellow Oxide C,no
NIP-VIN-EAS-15L-T,DRUM,15L Nippon Vinilex Easywash Tint Base,15L Nippon Vinilex Easywash Tint Base,no
SHO-SAN-SWP-SA-150B,PCS,Saniware Premier Shower Arm-black SWP-SA-150B,Saniware Premier Shower Arm-black SWP-SA-150B,no
BID-SOR-SRT83-CR,PCS,Sorento Bidet ABS,Sorento Bidet ABS,no
"FIT-BUT-ELB-FEM-SWI-25MMX3/4""",PCS,Buteline 25MMX3/4 PE Elbow Female Swivel,Buteline 25MMX3/4 PE Elbow Female Swivel,no
NIP-SEA-5170-5L,CAN,5L Nippon Acrylic 5170 Wall Sealer,5L Nippon Acrylic 5170 Wall Sealer,no
SHO-SAN-SWP-HS-511,SET,Saniware Premier Square Hand Shower With Holder And Flexible Hose,Saniware Premier Square Hand Shower With Holder And Flexible Hose,no
BOS-2608-615-097,PCS,110 X Turbo Rim Granite,110 X Turbo Rim Granite,no
IND-SCO-SMR-S503TY,DOZ,Samurai King Steel Shovel S503TY (DOZ),Samurai King Steel Shovel S503TY (DOZ),no
"NIE-SOC-IMP-3/4""-54MM",PCS,Nietz Dr Impact Socket (6PT) 50160054 54MM,Nietz Dr Impact Socket (6PT) 50160054 54MM,no
NIP-ODO-5L,TIN,5L Nippon Odourlite Soft Matt - A (5L),5L Nippon Odourlite Soft Matt - A (5L),no
NIP-SAT-GLO-5L-A,CAN,5L Nippon Satin Glo Accent Base,5L Nippon Satin Glo Accent Base,no
NIP-WTRB-1L-P,CAN,1L Nippon Weatherbond Quartz Pastel Base,1L Nippon Weatherbond Quartz Pastel Base,no
BOS-F016-F04-558,PCS,Cutting Line Cartridge For Art 23SL,Cutting Line Cartridge For Art 23SL,no
LOC-YALE-Y124B-60-1,UNIT,Yale Satin Chrome Boron Shackle Padlock Y124B-60-1,Yale Satin Chrome Boron Shackle Padlock Y124B-60-1,no
NIP-HYD-WOD-MET-5L,CAN,5L Nippon Hydro Wood & Metal Primer,5L Nippon Hydro Wood & Metal Primer,no
NIP-QGL-5L-D,CAN,5L Nippon Q-glo Deep Base,5L Nippon Q-glo Deep Base,no
NIP-VIN-EAS-1L-P,CAN,1L Nippon Vinilex Easywash Pastel Base,1L Nippon Vinilex Easywash Pastel Base,no
NIP-VIN-EAS-5L-A,CAN,5L Nippon Vinilex Easywash Accent Base,5L Nippon Vinilex Easywash Accent Base,no
SWI-T/SOC-40/016-3G,PCS,Taicon 3G 40/016 Nut Box,Taicon 3G 40/016 Nut Box,no
NIP-QGL-1L-A,TIN,1L Nippon Q-glo Accent Base,1L Nippon Q-glo Accent Base,no
NIP-SAT-GLO-15L-A,DRUM,15L Nippon Satin Glo Accent Base,15L Nippon Satin Glo Accent Base,no
NIP-UND-9000-1L,CAN,1L Nippon 9000 Undercoat White,1L Nippon 9000 Undercoat White,no
SWI-T/SOC-40/016-2G,PCS,Taicon 2G 40/016 Nut Box,Taicon 2G 40/016 Nut Box,no
"HOS-FLE-GLO-12""",PCS,Glotool Flexible Tube F1/2 X F12 X 12,Glotool Flexible Tube F1/2 X F12 X 12,no
RAINBOW-G888-1KG-999,BTL,1KG Nippon Gold Paint 999 Gold,1KG Nippon Gold Paint 999 Gold,no
BOS-2608-642-952,PCS,Carbide Multi Wheel (110X 20/16MM),Carbide Multi Wheel (110X 20/16MM),no
SHO-SOR-SRTSS5726-BL,PCS,Sorento Hand Shwr Flex Hose&holder-matt Blk,Sorento Hand Shwr Flex Hose&holder-matt Blk,no
FAN-PSN-F-M14DZVBKH,PCS,Panasonic Bayu 5 Black,Panasonic Bayu 5 Black,no
NIP-9000-GF-1L-P,CAN,1L Nippon 9000 Gf Pastel Base,1L Nippon 9000 Gf Pastel Base,no
PAI-SPR-SAM-057,PCS,Samurai Spray Paint Fluorescent Red,Samurai Spray Paint Fluorescent Red,no
SWI-T/SOC-70/076-5M3G,PCS,Taicon 3G 70/076 Nut Box,Taicon 3G 70/076 Nut Box,no
ELE-FAJAR-FLX-2.5MM-GREY,MTR,Fajar 2.5MM (50/0.25) X Flexible Cable (grey) (MTR),Fajar 2.5MM (50/0.25) X Flexible Cable (grey) (MTR),no
FAN-CEI-DEKA-CCML34MG12,UNIT,Deka Ceiling Fan Concept Mini~l~ Magnesium,Deka Ceiling Fan Concept Mini~l~ Magnesium,no
FAN-CEI-DEKA-CX146BK12,UNIT,Deka Ceiling Fan X-one 46 Black,Deka Ceiling Fan X-one 46 Black,no
"NIE-ADA-IMP-1""X3/4""",PCS,Nietz Impact Adaptor 50176786,Nietz Impact Adaptor 50176786,no
NIE-SOC-IMP-DEE-3/4-36MM,PCS,Nietz Deep Impact Socket (6P) 36MM 50162036,Nietz Deep Impact Socket (6P) 36MM 50162036,no
NIP-QLA-5L-T,CAN,5L Nippon Q-lac Tint Base,5L Nippon Q-lac Tint Base,no
NIP-VIN-EAS-5L-D,CAN,5L Nippon Vinilex Easywash Deep Base,5L Nippon Vinilex Easywash Deep Base,no
FAN-CEI-DEKA-CDKN54MG12,UNIT,Deka Ceiling Fan Koni 54 Magnesium,Deka Ceiling Fan Koni 54 Magnesium,no
"NIE-ADA-IMP-3/4""X1""",PCS,Nietz Impact Adaptor 50166768,Nietz Impact Adaptor 50166768,no
STA-HEA-STEL670,UNIT,Stanley Heatgun,Stanley Heatgun,no
NIE-SOC-IMP-DEE-1/2-22MM,PCS,Nietz Deep Impact Socket (6PT) 50142022 22MM,Nietz Deep Impact Socket (6PT) 50142022 22MM,no
NIP-SEA-5100-05L,CAN,5L Nippon Vinilex 5100 Wall Sealer,5L Nippon Vinilex 5100 Wall Sealer,no
TOO-BOX-STE-TB504,PCS,Glotool Steel Tool Boxes - TB504,Glotool Steel Tool Boxes - TB504,no
BOS-2608-643-009,PCS,Circular Sawblade 10 X 80T Wood,Circular Sawblade 10 X 80T Wood,no
ELE-TUB-LED-CAS-1200MM,PCS,4FT T8 LED Empty Casing,4FT T8 LED Empty Casing,no
FAN-CEI-DEKA-CCM34MG12,UNIT,Deka Ceiling Fan Concept Mini Magnesium,Deka Ceiling Fan Concept Mini Magnesium,no
"NIE-SOC-IMP-3/4""-48MM",PCS,Nietz Dr Impact Socket (6PT) 50160048 48MM,Nietz Dr Impact Socket (6PT) 50160048 48MM,no
NIP-9000-GF-1L-A,CAN,1L Nippon 9000 Gf Accent Base,1L Nippon 9000 Gf Accent Base,no
NIP-ODO-SFT-MATT-5L-A,CAN,5L Nippon Odourlite Soft Matt - A,5L Nippon Odourlite Soft Matt - A,no
NIP-QLA-1L-A,CAN,1L Nippon Q-lac Accent Base,1L Nippon Q-lac Accent Base,no
NIP-9000-GF-1L-D,CAN,1L Nippon 9000 Gf Deep Base,1L Nippon 9000 Gf Deep Base,no
SAF-BOX-YSS250,UNIT,Yale Yss 250 DB2 - Standard Safe,Yale Yss 250 DB2 - Standard Safe,no
VAC-KHI-VC8630,SET,Khind - Vacuum Cleaner 2 IN 1 (blue),Khind - Vacuum Cleaner 2 IN 1 (blue),no
BOS-2608-642-985,PCS,Circular Sawblade 7 1/4 X 60T Wood,Circular Sawblade 7 1/4 X 60T Wood,no
ELE-CAB-FLE-C70763CW-ROLL,ROLL,Taicon 70/076 X Flexible Tube,Taicon 70/076 X Flexible Tube,no
"NIE-SOC-IMP-1""-36MM",PCS,Nietz 1 IN Dr Impact Socket (6PT) 50170036 36MM,Nietz 1 IN Dr Impact Socket (6PT) 50170036 36MM,no
NIE-SOC-IMP-DEE-1/2-19MM,PCS,Nietz Deep Impact Socket (6PT) 50142019 19MM,Nietz Deep Impact Socket (6PT) 50142019 19MM,no
NIP-QGL-1L-P,TIN,1L Nippon Q-glo Pastel Base,1L Nippon Q-glo Pastel Base,no
PAI-SPR-SAM-055,PCS,Samurai Spray Paint Fluorescent Orange,Samurai Spray Paint Fluorescent Orange,no
PAI-SPR-SAM-45,PCS,Samurai Spray Paint Metalic Red,Samurai Spray Paint Metalic Red,no
BOS-2608-585-593,PCS,Hss-g Metal Bit 14MM,Hss-g Metal Bit 14MM,no
"NIE-SOC-IMP-1""-38MM",PCS,Nietz 1 IN Dr Impact Socket (6PT) 50170038 38MM,Nietz 1 IN Dr Impact Socket (6PT) 50170038 38MM,no
"NIE-SOC-IMP-3/4""-46MM",PCS,Nietz Dr Impact Socket (6PT) 50160046 46MM,Nietz Dr Impact Socket (6PT) 50160046 46MM,no
NIE-SOC-IMP-DEE-3/4-32MM,PCS,Nietz Deep Impact Socket (6T) 32MM 50162032,Nietz Deep Impact Socket (6T) 32MM 50162032,no
SIN-SKS-230-8545-S600,PCS,Handmade Nano Black Double Bowl K/sink,Handmade Nano Black Double Bowl K/sink,no
"NIE-SOC-IMP-3/4""-38MM",PCS,Nietz Dr Impact Socket (6PT) 50160038 38MM,Nietz Dr Impact Socket (6PT) 50160038 38MM,no
NIE-SOC-IMP-DEE-1/2-28MM,PCS,Nietz Deep Impact Socket (6PT) 50142028 28MM,Nietz Deep Impact Socket (6PT) 50142028 28MM,no
X-DOR-LOC-C77EN4,UNIT,Yale Size 4 Fire Rated Door Closer (hd),Yale Size 4 Fire Rated Door Closer (hd),no
BOS-1607-014-145,SET,Carbon Brush GWS750,Carbon Brush GWS750,no
BOS-2608-578-160,PCS,Masonry Drill Bit 16MM X,Masonry Drill Bit 16MM X,no
"FIT-BUT-STR-FEM-SWI-25MMX3/4""",PCS,Buteline 25MMX3/4 PE Straight Female Swivel,Buteline 25MMX3/4 PE Straight Female Swivel,no
NIE-SOC-IMP-DEE-1/2-16MM,PCS,Nietz Deep Impact Socket (6PT) 50142016 16MM,Nietz Deep Impact Socket (6PT) 50142016 16MM,no
NIP-ECO-EY,CAN,1L 811-2885 Hs Yellow Ey,1L 811-2885 Hs Yellow Ey,no
NIP-VIN-EAS-20L-T,DRUM,18L Nippon Vinilex Easywash Tint Base,18L Nippon Vinilex Easywash Tint Base,no
SHO-SAN-SWP-SA-150,PCS,Saniware Premier Shower Arm,Saniware Premier Shower Arm,no
NIE-SOC-IMP-DEE-1/2-24MM-2,PCS,Nietz Deep Impact Socket (6PT) 50142024 24MM,Nietz Deep Impact Socket (6PT) 50142024 24MM,no
NIP-QSH-EXT-1L-D,CAN,1L Nippon Q-shield Extra Deep Base,1L Nippon Q-shield Extra Deep Base,no
PAI-SPR-SAM-058,PCS,Samurai Spray Paint Fluorescent Blue,Samurai Spray Paint Fluorescent Blue,no
X-RUB-TAE11-M321,UNIT,Rubine Rch-thora-ss Cooker Hood,Rubine Rch-thora-ss Cooker Hood,no
BAS-SOR-SRTBK7003-HP,PCS,Sorento S/s Basket Satin - SRTBK7003-HP,Sorento S/s Basket Satin - SRTBK7003-HP,no
BAS-SOR-SRTBK7004-HP,PCS,Sorento S/s Basket Satin - SRTBK7004-HP,Sorento S/s Basket Satin - SRTBK7004-HP,no
BOS-2608-578-118,PCS,Masonry Drill Bit 6MM X,Masonry Drill Bit 6MM X,no
"NIE-SOC-IMP-3/4""-36MM",PCS,Nietz Dr Impact Socket (6PT) 50160036 36MM,Nietz Dr Impact Socket (6PT) 50160036 36MM,no
PAI-SPR-SAM-056,PCS,Samurai Spray Paint Fluorescent Yellow,Samurai Spray Paint Fluorescent Yellow,no
STA-SHE-SAN-SS24,UNIT,Stanley SS24 240W 1/4 Sheet Sander - SS24,Stanley SS24 240W 1/4 Sheet Sander - SS24,no
BOS-2608-608-T75,PCK,Velcro Disc 125MM Holes (5PCS/PCK) G500-8,Velcro Disc 125MM Holes (5PCS/PCK) G500-8,no
IND-SCO-SMR-S512TY,PCS,Samurai King Steel Shovel S512TY (PCS),Samurai King Steel Shovel S512TY (PCS),no
LOC-YALE-Y120-50-1,UNIT,Yale Boron Shackle Padlock,Yale Boron Shackle Padlock,no
BOS-2608-585-594,PCS,Hss-g Metal Bit 15MM,Hss-g Metal Bit 15MM,no
ELE-D/L-MGM-MQTL1119-RD,PCS,"Mgm 6""/RD LED Panel Light (sr) MQTL1119-Y/15W 15W/6500K","Mgm 6""/RD LED Panel Light (sr) MQTL1119-Y/15W 15W/6500K",no
"NIE-SOC-IMP-3/4""-32MM",PCS,Nietz Dr Impact Socket (6PT) 50160032 32MM,Nietz Dr Impact Socket (6PT) 50160032 32MM,no
NIE-SOC-IMP-DEE-3/4-29MM,PCS,Nietz Deep Impact Socket (6T) 29MM 50162029,Nietz Deep Impact Socket (6T) 29MM 50162029,no
TOO-BOX-STE-TB503,PCS,Glotool Steel Tool Boxes - TB503,Glotool Steel Tool Boxes - TB503,no
TOW-SAN-SWP-BF-3711,PCS,Saniware Premier Towel Rack (120X240X800MM),Saniware Premier Towel Rack (120X240X800MM),no
BOS-1617-014-144,SET,Carbon Brush Gsh 5CE / Gsh 9VC / Gbh,Carbon Brush Gsh 5CE / Gsh 9VC / Gbh,no
BOS-2608-585-890,PCS,Hss-g Cobal Bit 6.5MM,Hss-g Cobal Bit 6.5MM,no
BOS-2610-391-290,SET,"Carbon Brush Gsb 10RE, 13RE & 16RE","Carbon Brush Gsb 10RE, 13RE & 16RE",no
"FIT-BUT-ELB-FEM-SWI-1/2""BSPTX20",PCS,"Buteline 1/2""BSPTX20 PE Elbow Female Swivel","Buteline 1/2""BSPTX20 PE Elbow Female Swivel",no
NIP-TIM-5L-T,CAN,5L Nippon Timbershade Tint Base,5L Nippon Timbershade Tint Base,no
SIN-SKS-230-8545-S600-SIL,PCS,Handmade Nano Silver Double Bowl K/sink,Handmade Nano Silver Double Bowl K/sink,no
STA-SCR-SCS4K,UNIT,Stanley Lithium Screwdriver 4V,Stanley Lithium Screwdriver 4V,no
SWI-T/SOC-70/076-5M2G,PCS,Taicon 2G 70/076 Nut Box,Taicon 2G 70/076 Nut Box,no
FAN-WAL-KHI-FW16JR,SET,Khind 16 Remote Control Wall Fan (light Grey),Khind 16 Remote Control Wall Fan (light Grey),no
NIP-ROOF-20L-A,UNIT,20L Nippon Roof Coating Accent Base,20L Nippon Roof Coating Accent Base,no
"NIE-ADA-IMP-3/4""X1/2""",EA,Nietz Impact Adaptor 50166764,Nietz Impact Adaptor 50166764,no
"NIE-BAR-EXT-3/4""-250MM",PCS,Nietz Impact Extension BAR 50168010 250MM,Nietz Impact Extension BAR 50168010 250MM,no
"NIE-SOC-IMP-1""-30MM",PCS,Nietz 1 IN Dr Impact Socket (6PT) 50170030 30MM,Nietz 1 IN Dr Impact Socket (6PT) 50170030 30MM,no
"NIE-SOC-IMP-3/4""-41MM",PCS,Nietz Dr Impact Socket (6PT) 50160041 41MM,Nietz Dr Impact Socket (6PT) 50160041 41MM,no
NIE-SOC-IMP-DEE-3/4-22MM,PCS,Nietz Deep Impact Socket (6T) 22MM 50162022,Nietz Deep Impact Socket (6T) 22MM 50162022,no
NIE-SOC-IMP-DEE-3/4-24MM,PCS,Nietz Deep Impact Socket (6PT) 24MM 50162024,Nietz Deep Impact Socket (6PT) 24MM 50162024,no
NIE-SOL-9233,EA,Nietz Picasaf 9233 Solar Panel Signal Lamp Amber,Nietz Picasaf 9233 Solar Panel Signal Lamp Amber,no
SWI-SOC-BS-13A,PCS,Taicon 13A Switch Socket (sr),Taicon 13A Switch Socket (sr),no
TOO-AXE-GLO-1.25LB,PCS,Glotool Axe 1.1/4LB,Glotool Axe 1.1/4LB,no
TOO-BOX-STE-TB502,PCS,Glotool Steel Tool Boxes - TB502,Glotool Steel Tool Boxes - TB502,no
BOS-0601-596-0L0,UNIT,Gho 6500 Planer,Gho 6500 Planer,no
BOS-2608-585-903,PCS,Hss-g Cobal Bit 12.0MM,Hss-g Cobal Bit 12.0MM,no
BOS-F016-L73-832,PCS,Trigger For Aqt,Trigger For Aqt,no
JAC-FLO-GLO-2TON,SET,Glotool China Floor Jack - 2TON,Glotool China Floor Jack - 2TON,no
LAD-EXT-SP12,UNIT,Nietz Single Pole Ext Ladder 12FT,Nietz Single Pole Ext Ladder 12FT,no
"NIE-SOC-IMP-3/4""-55MM",PCS,Nietz Dr Impact Socket (6PT) 50160055 55MM,Nietz Dr Impact Socket (6PT) 50160055 55MM,no
NIP-FLO-DRE-1L,CAN,1L Nippon Floor Dressing (gloss),1L Nippon Floor Dressing (gloss),no
NIP-VIN-EAS-1L-A,CAN,1L Nippon Vinilex Easywash Accent Base,1L Nippon Vinilex Easywash Accent Base,no
NIP-VIN-EAS-1L-T,CAN,1L Nippon Vinilex Easywash Tint Base,1L Nippon Vinilex Easywash Tint Base,no
NIP-WTRB-1L-T,CAN,1L Nippon Weatherbond Quartz Tint Base,1L Nippon Weatherbond Quartz Tint Base,no
STA-BRE-STHM5KHV,UNIT,Stanley Breaker 5KG (b/packed STA54501),Stanley Breaker 5KG (b/packed STA54501),no
"FAN-BLA-LWD-12""",PCS,Taicon Fan Blade 12 (0055),Taicon Fan Blade 12 (0055),no
FIT-BUT-ELB-20X20MM,PCS,Buteline PE Elbow 20X20MM,Buteline PE Elbow 20X20MM,no
NIP-WTRB-1L-A,CAN,1L Nippon Weatherbond Quartz Accent Base,1L Nippon Weatherbond Quartz Accent Base,no
PAI-SPR-SAM-040,PCS,Samurai Spray Paint Sparkling Gold,Samurai Spray Paint Sparkling Gold,no
"SAN-SCO-KN411-4""-RED",PCK,Round Sanding Scotch 4 Red (2PCS/PCK),Round Sanding Scotch 4 Red (2PCS/PCK),no
BOS-0601-3A3-1L0,UNIT,Gws 700 Angle Grinder,Gws 700 Angle Grinder,no
NIE-SOC-IMP-DEE-3/4-21MM,PCS,Nietz Deep Impact Socket (6T) 21MM 50162021,Nietz Deep Impact Socket (6T) 21MM 50162021,no
NIP-QGL-15L-A,DRUM,15L Nippon Q-glo Accent Base,15L Nippon Q-glo Accent Base,no
BOS-0600-8A7-7L0,UNIT,Aquatak 150 High P/ Cleaner,Aquatak 150 High P/ Cleaner,no
BOS-F016-F04-667,SETS,High Pressure Hose Aqt,High Pressure Hose Aqt,no
NIP-QLA-1L-P,CAN,1L Nippon Q-lac Pastel Base,1L Nippon Q-lac Pastel Base,no
NIP-TIM-FIN-5L-T/RED,CAN,5L Nippon Timber Finish T/red Base,5L Nippon Timber Finish T/red Base,no
SWI-T/SOC-TAI-4G5M,PCS,Taicon 4G Trailing Socket (4050),Taicon 4G Trailing Socket (4050),no
TOO-AXE-GLO-2LB,PCS,Glotool Axe 2LB,Glotool Axe 2LB,no
TOO-NIE-GRE-NIP-9077,PCS,Nietz Grease Nipple Of (straight),Nietz Grease Nipple Of (straight),no
BOS-0600-8A7-BL0,UNIT,Aquatak 130 High P/cleaner,Aquatak 130 High P/cleaner,no
BOS-PLUG-WS7F,PCS,Bosch Plug WS7F,Bosch Plug WS7F,no
"FAN-CEI-KDK-K14PH-PBR-56""",PCS,Kdk DC Motor Ceiling FAN-56 (brown),Kdk DC Motor Ceiling FAN-56 (brown),no
"NIE-SOC-IMP-3/4""-22MM",PCS,Nietz Dr Impact Socket (6PT) 50160022 22MM,Nietz Dr Impact Socket (6PT) 50160022 22MM,no
PAI-SPR-SAM-039,PCS,Samurai Spray Paint Sparkling Silver,Samurai Spray Paint Sparkling Silver,no
BOS-2608-643-306,PCS,Circular Sawblade 9 1/4 X 60T Wood,Circular Sawblade 9 1/4 X 60T Wood,no
FAN-WAL-PSN-F-MU408-WT,PCS,Panasonic 16 Wall Fan,Panasonic 16 Wall Fan,no
FIT-BUT-TEE-EQU-25X25X25MM,PCS,Buteline PE Equal Tee,Buteline PE Equal Tee,no
"NIE-SOC-IMP-3/4""-19MM",PCS,Nietz Dr Impact Socket (6PT) 50160019 19MM,Nietz Dr Impact Socket (6PT) 50160019 19MM,no
"NIE-SOC-IMP-3/4""-21MM",PCS,Nietz Dr Impact Socket (6PT) 50160021 21MM,Nietz Dr Impact Socket (6PT) 50160021 21MM,no
NIE-SOC-IMP-DEE-1/2-32MM,PCS,Nietz Deep Impact Socket (6PT) 50142032 32MM,Nietz Deep Impact Socket (6PT) 50142032 32MM,no
BOS-0601-072-9K0,UNIT,Glm 40 Laser Rangefinder,Glm 40 Laser Rangefinder,no
BOS-0611-2A6-0L0,UNIT,Gbh 220 Rotary Hammer,Gbh 220 Rotary Hammer,no
BOS-2608-578-122,PCS,Masonry Drill Bit 12MM X,Masonry Drill Bit 12MM X,no
TOO-AXE-GLO-1.5LB,PCS,Glotool Axe 1.1/2LB,Glotool Axe 1.1/2LB,no
TOW-SAN-SWP-BF-7902-G,PCS,Saniware Premier Double Towel Rack (gold),Saniware Premier Double Towel Rack (gold),no
BOS-2608-585-905,PCS,Hss-g Cobal Bit 13.0MM,Hss-g Cobal Bit 13.0MM,no
CIMA-SD-L/SC192Y/24W/WH/DL,SET,Cielo Iv 203Y 36W L/surface D/light (round) Dl,Cielo Iv 203Y 36W L/surface D/light (round) Dl,no
"FAN-CEI-KDK-K14RH-EY-56""",PCS,Kdk DC Motor Ceiling FAN-56 (grey),Kdk DC Motor Ceiling FAN-56 (grey),no
"FIT-BUT-STR-FEM-SWI-20MMX1/2""",PCS,Buteline 20MMX1/2 PE Straight Female Swivel,Buteline 20MMX1/2 PE Straight Female Swivel,no
"NIE-HAN-L-3/4""",PCS,Nietz Dr L Hdl (CRV)50068718 18IN,Nietz Dr L Hdl (CRV)50068718 18IN,no
NIE-SOC-IMP-DEE-1/2-30MM,PCS,Nietz Deep Impact Socket (6PT) 50142030 30MM,Nietz Deep Impact Socket (6PT) 50142030 30MM,no
NIP-QLA-1L-D,CAN,1L Nippon Q-lac Deep Base,1L Nippon Q-lac Deep Base,no
NIP-QSH-EXT-1L-P,CAN,1L Nippon Q-shield Extra Pastel Base,1L Nippon Q-shield Extra Pastel Base,no
COC-SOR-SRTWT9706,PCS,Sorento Pillar Mou. Kitchen Mixer Tap,Sorento Pillar Mou. Kitchen Mixer Tap,no
MIR-GLO-S-GLC4560BLACK,PCS,Alum. Frame Mirror (black),Alum. Frame Mirror (black),no
MIR-GLO-S-GLC4560GOLD,PCS,Alum. Frame Mirror (gold),Alum. Frame Mirror (gold),no
"NIE-SOC-IMP-3/4""-35MM",PCS,Nietz Dr Impact Socket (6PT) 50160035 35MM,Nietz Dr Impact Socket (6PT) 50160035 35MM,no
NIP-9000-GF-1L-T,CAN,1L Nippon 9000 Gf Tint Base,1L Nippon 9000 Gf Tint Base,no
NIP-SAT-GLO-1L-A,CAN,1L Nippon Satin Glo Accent Base,1L Nippon Satin Glo Accent Base,no
TAR-SHT-GT2-09X15,SHT,Glotool PE Tarp Sheet - 9 X 15 (GT02),Glotool PE Tarp Sheet - 9 X 15 (GT02),no
BOS-0601-B19-1L0,UNIT,Gcm 8 Sjl Mitre Saw,Gcm 8 Sjl Mitre Saw,no
BOS-0611-253-76C,UNIT,Gbh 2-26 Dre Rotary Hammer Set,Gbh 2-26 Dre Rotary Hammer Set,no
"NIE-SOC-IMP-1/2""-14MM",PCS,Nietz Dr Impact Socket (6PT) 50140014 14MM,Nietz Dr Impact Socket (6PT) 50140014 14MM,no
NIP-SAT-GLO-1L-P,CAN,1L Nippon Satin Glo Pastel Base,1L Nippon Satin Glo Pastel Base,no
ALP-WAT-HEA-IM-9EP-SIL,UNIT,Alpha Instant Water Plus Rainshower-sil HEATER-IM-9EP,Alpha Instant Water Plus Rainshower-sil HEATER-IM-9EP,no
BOS-2608-578-121,PCS,Masonry Drill Bit 10MM X,Masonry Drill Bit 10MM X,no
FAN-CEI-DEKA-CDKN54OAK12,UNIT,Deka Ceiling Fan Koni 54 Oak,Deka Ceiling Fan Koni 54 Oak,no
GAR-CUT-SCI-GT04GS,PCS,Glotool Garden Scissors Gt- 04GS,Glotool Garden Scissors Gt- 04GS,no
"NIE-HAN-RAT-1/2""",PCS,Nietz Oval Head Ratchet Hdl 50048124 24T,Nietz Oval Head Ratchet Hdl 50048124 24T,no
NIE-SOC-IMP-DEE-3/4-35MM,PCS,Nietz Deep Impact Socket (6P) 35MM 50162035,Nietz Deep Impact Socket (6P) 35MM 50162035,no
SHE-SOR-SRT7907-RG,PCS,Sorento S/s Glass Shelf Blk+rg,Sorento S/s Glass Shelf Blk+rg,no
TOW-SAN-SWP-BF-3712,PCS,Saniware Premier Towel Rack (640X240X120MM),Saniware Premier Towel Rack (640X240X120MM),no
FAN-PSN-FV-30AUM8,PCS,Panasonic 12 Wall Mounted V Fan,Panasonic 12 Wall Mounted V Fan,no
NIE-SOC-IMP-DEE-3/4-38MM,PCS,Nietz Deep Impact Socket (6P) 38MM 50162038,Nietz Deep Impact Socket (6P) 38MM 50162038,no
NIP-FLO-DRE-5L,CAN,5L Nippon Floor Dressing (gloss),5L Nippon Floor Dressing (gloss),no
PAI-SPR-SAM-Y017,PCS,Samurai Spray Paint Candy Green,Samurai Spray Paint Candy Green,no
"SAN-SCO-KN411-4""-GRE",PCK,Round Sanding Scotch 4 Green (2PCS/PCK),Round Sanding Scotch 4 Green (2PCS/PCK),no
TAP-SIN-SRTKT1867SS-BL,PCS,Sorento Pillar Mounted Kitchen Tap (double),Sorento Pillar Mounted Kitchen Tap (double),no
TAR-SHT-GT2-12X24,SHT,Glotool PE Tarp Sheet - 12 X 24 (GT02),Glotool PE Tarp Sheet - 12 X 24 (GT02),no
"NIE-ADA-IMP-1/2""X3/4""",PCS,Nietz Impact Adaptor 50146746,Nietz Impact Adaptor 50146746,no
"NIE-SOC-IMP-1/2""-30MM",PCS,Nietz Dr Impact Socket (6PT) 50140030 30MM,Nietz Dr Impact Socket (6PT) 50140030 30MM,no
"NIE-SOC-IMP-3/4""-33MM",PCS,Nietz Dr Impact Socket (6PT) 50160033 33MM,Nietz Dr Impact Socket (6PT) 50160033 33MM,no
"NIE-SOC-IMP-3/4""-34MM",PCS,Nietz Dr Impact Socket (6PT) 50160034 34MM,Nietz Dr Impact Socket (6PT) 50160034 34MM,no
NIP-QGL-1L-D,TIN,1L Nippon Q-glo Deep Base,1L Nippon Q-glo Deep Base,no
NIP-QSH-EXT-1L-T,TIN,1L Nippon Q-shield Extra Tint Base,1L Nippon Q-shield Extra Tint Base,no
NIP-WTRB-WHI-15004-5L,CAN,5L Nippon Weatherbond 15004 Ws White,5L Nippon Weatherbond 15004 Ws White,no
TAP-SAN-SWP-B-3202,PCS,Basin Pillar Cold Tap SWP-SS-304-3202,Basin Pillar Cold Tap SWP-SS-304-3202,no
TAP-SOR-SRTKT1871SS,PCS,Sorento Pil Mou Kitc Tap Diameter Spout (double),Sorento Pil Mou Kitc Tap Diameter Spout (double),no
GLO-WEL-SUP-500SPG,DOZ,Welding Glove - 500SP/GREEN,Welding Glove - 500SP/GREEN,no
IND-TRO-NIE-80X450X0.6MM,PCS,Nietz Plastering Trowel 12/60 54643845,Nietz Plastering Trowel 12/60 54643845,no
STA-TIL-CUT-STSP125,UNIT,Stanley Tile Cutter 1320W,Stanley Tile Cutter 1320W,no
BOS-SMCGE170F,UNIT,Sumo Drive Engine + Adaptor,Sumo Drive Engine + Adaptor,no
DRI-SDS-GT02-18210,PCS,Glotool Sds Drill 18 X 210MM,Glotool Sds Drill 18 X 210MM,no
FIT-BUT-TEE-25X25X20MM,PCS,Buteline PE Tee 25X25X20MM,Buteline PE Tee 25X25X20MM,no
TAR-SHT-GT2-13X20,SHT,Glotool PE Tarp Sheet - 13 X 20 (GT02),Glotool PE Tarp Sheet - 13 X 20 (GT02),no
BOS-2608-585-595,PCS,Hss-g Metal Bit 16MM,Hss-g Metal Bit 16MM,no
DOR-LOC-TUB-VL4447,UNIT,Yale US15 60MM Tubular Handle Leverset (entrance),Yale US15 60MM Tubular Handle Leverset (entrance),no
ELE-D/L-MEG-YTG45Z1-5W-3000K,PCS,Megaman G45 E27 LED Bulb YTG45Z1/5W 5W/3000K,Megaman G45 E27 LED Bulb YTG45Z1/5W 5W/3000K,no
MIR-GLO-S-GLC5050BLACK,PCS,Dia. (round-black) Alum. Frame Mirror,Dia. (round-black) Alum. Frame Mirror,no
MIR-GLO-S-GLC5050GOLD,PCS,Dia. (round-gold) Alum. Frame Mirror,Dia. (round-gold) Alum. Frame Mirror,no
"NIE-SOC-IMP-1/2""-21MM",PCS,Nietz Dr Impact Socket (6PT) 50140021 21MM,Nietz Dr Impact Socket (6PT) 50140021 21MM,no
SWI-ADA-MUL-941N-3W,PCS,Taicon Multi 3WAY Adaptor With Neon 941N,Taicon Multi 3WAY Adaptor With Neon 941N,no
TAP-SAN-SWP-B-3202-GM,PCS,Basin Pillar Cold Tap SWP-SS-304-3202-GM,Basin Pillar Cold Tap SWP-SS-304-3202-GM,no
TOO-COM-SET-GT632,SET,Glotool Combination Wrench Set 26 X,Glotool Combination Wrench Set 26 X,no
BOS-0601-9E5-1L0,UNIT,Gas 15 Ps Vacuum Cleaner,Gas 15 Ps Vacuum Cleaner,no
BOS-0601-9H9-0L1,UNIT,Gws 180 Batt. Angle Grinder (set),Gws 180 Batt. Angle Grinder (set),no
BOS-0611-337-0L0,UNIT,Gsh 5 Demolition Hammer,Gsh 5 Demolition Hammer,no
BOS-2608-585-889,PCS,Hss-g Cobal Bit 6.0MM (PCS),Hss-g Cobal Bit 6.0MM (PCS),no
BOS-2608-585-894,PCS,Hss-g Cobal Bit 8.0MM,Hss-g Cobal Bit 8.0MM,no
BOS-2608-585-896,PCS,Hss-g Cobal Bit 9.0MM,Hss-g Cobal Bit 9.0MM,no
GLO-COT-104-WHI,DOZ,Cotton Glove B104,Cotton Glove B104,no
HOO-SAN-SWP-BF-3706,PCS,Saniware Robe Hook (48X53X48MM),Saniware Robe Hook (48X53X48MM),no
SHO-SAN-SWP-SH-601,SET,Saniware Premier ABS Rain Shower Head With Arm,Saniware Premier ABS Rain Shower Head With Arm,no
SWI-SOC-TAICON-TCU8111,PCS,Taicon 13A 2 USB Multi Switch Socket,Taicon 13A 2 USB Multi Switch Socket,no
BOS-0601-2A7-0L0,UNIT,Gst 700 Jigsaw,Gst 700 Jigsaw,no
BOS-0601-5A2-0L0,UNIT,Gks 235 Turbo Circular Saw,Gks 235 Turbo Circular Saw,no
BOS-1619-P11-715,SET,Carbon Brush Gws 900- 100S,Carbon Brush Gws 900- 100S,no
MEA-TAP-STA-TYL-5.0M,PCS,5M/16 X 19MM Stanley Tylon Short Tape Rules,5M/16 X 19MM Stanley Tylon Short Tape Rules,no
NIE-SOC-IMP-DEE-3/4-34MM,PCS,Nietz Deep Impact Socket (6P) 34MM 50162034,Nietz Deep Impact Socket (6P) 34MM 50162034,no
PAI-SPR-SAM-054,PCS,Samurai Spray Paint Fluorescent Green,Samurai Spray Paint Fluorescent Green,no
BOS-0601-6B3-0L1,UNIT,Gks 140 Circular Saw,Gks 140 Circular Saw,no
BRU-CUP-GDB-75M1015,PCS,Glotool C/brush (b) 75M10*1.5,Glotool C/brush (b) 75M10*1.5,no
"NIE-SOC-IMP-1/2""-32MM",PCS,Nietz Dr Impact Socket (6PT) 50140032 32MM,Nietz Dr Impact Socket (6PT) 50140032 32MM,no
"NIE-SOC-IMP-3/4""-45MM",PCS,Nietz Dr Impact Socket (6PT) 50160045 45MM,Nietz Dr Impact Socket (6PT) 50160045 45MM,no
ALP-WAT-HEA-IM-9E-SIL,UNIT,Alpha Instant Water Plus Rainshower-sil HEATER-IM-9E,Alpha Instant Water Plus Rainshower-sil HEATER-IM-9E,no
BOS-0600-8A7-DL0,UNIT,Aquatak 140 High P/cleaner,Aquatak 140 High P/cleaner,no
BOS-0601-B45-0L0,SET,Gts 254 Table Saw,Gts 254 Table Saw,no
BOS-2608-578-120,PCS,Masonry Drill Bit 8MM X,Masonry Drill Bit 8MM X,no
BOS-2608-578-123,PCS,Masonry Drill Bit 14MM X,Masonry Drill Bit 14MM X,no
DC-DCZC04-24EK,SET,Cordless Brushless Rotary Hammer 20V (4.0AH X2/4A),Cordless Brushless Rotary Hammer 20V (4.0AH X2/4A),no
"NIE-SOC-IMP-1""-34MM",PCS,Nietz 1 IN Dr Impact Socket (6PT) 50170034 34MM,Nietz 1 IN Dr Impact Socket (6PT) 50170034 34MM,no
"NIE-SOC-IMP-3/4""-23MM",PCS,Nietz Dr Impact Socket (6PT) 50160023 23MM,Nietz Dr Impact Socket (6PT) 50160023 23MM,no
"NIE-SOC-IMP-3/4""-26MM",PCS,Nietz Dr Impact Socket (6PT) 50160026 26MM,Nietz Dr Impact Socket (6PT) 50160026 26MM,no
NIP-ROOF-18L-D,DRUM,18L Nippon Roof Coating Deep Base,18L Nippon Roof Coating Deep Base,no
RIC-COO-PSN-SR-Y18GWSKN,PCS,Panasonic 1.8L Rice Cooker (light Blue),Panasonic 1.8L Rice Cooker (light Blue),no
SWI-T/SOC-TAI-2G5M,PCS,Taicon 2G Trailing Socket (2050),Taicon 2G Trailing Socket (2050),no
TAR-SHT-GT2-15X25,SHT,Glotool PE Tarp Sheet - 15 X 25 (GT02),Glotool PE Tarp Sheet - 15 X 25 (GT02),no
BOS-0601-9F3-0L3,UNIT,Gsb 120 Bat. Impact Drill,Gsb 120 Bat. Impact Drill,no
BOS-2608-642-972,PCS,Circular Sawblade 6 1/8 X 60T Wood,Circular Sawblade 6 1/8 X 60T Wood,no
BOS-WEL-0.8MM/1KG,ROLL,Flux Cored Wire 0.8MM 1KGS,Flux Cored Wire 0.8MM 1KGS,no
CAR-BRU-875883,PAIR,Brush Pair Type Stanley,Brush Pair Type Stanley,no
FAN-CEI-ALP-FALKO 07,UNIT,"Alkova Ceiling FAN-DEZI/56""-MATT Black","Alkova Ceiling FAN-DEZI/56""-MATT Black",no
FAN-CEI-ALP-FALKO 08,UNIT,"Alkova Ceiling FAN-DEZI/56""-MATT White","Alkova Ceiling FAN-DEZI/56""-MATT White",no
"NIE-SOC-IMP-3/4""-29MM",PCS,Nietz Dr Impact Socket (6PT) 50160029 29MM,Nietz Dr Impact Socket (6PT) 50160029 29MM,no
NIP-SAT-GLO-15L-D,DRUM,15L Nippon Satin Glo Deep Base,15L Nippon Satin Glo Deep Base,no
STA-HAN-GRI-N401305,PCS,Side Handle Type,Side Handle Type,no
TAP-SIN-SRTKT67SS-BL,PCS,Sorento Pillar Mounted Kitchen Cold Tap-matt Blk,Sorento Pillar Mounted Kitchen Cold Tap-matt Blk,no
BAS-SOR-SRT7014-GM,PCS,Sorento Corner Basket (250X250X80MM)-GM,Sorento Corner Basket (250X250X80MM)-GM,no
BAS-SOR-SRT7016-GM,PCS,Sorento Basket (350X100X80MM)-GM,Sorento Basket (350X100X80MM)-GM,no
BAT-ENE-HD-D2PCS,PCK,Eveready HD D 2 Pc,Eveready HD D 2 Pc,no
BOS-0601-1C4-0L0,UNIT,Grw 140 Mixer,Grw 140 Mixer,no
BOS-0601-B37-3L0,UNIT,Gco 220 Cut Off Saw,Gco 220 Cut Off Saw,no
BOS-2608-603-700,PCS,Flexible Flap Disc 100MM P60,Flexible Flap Disc 100MM P60,no
BOS-2608-642-971,PCS,Circular Sawblade 6 1/8 X 40T Wood,Circular Sawblade 6 1/8 X 40T Wood,no
ELE-LED-FLO-IP66-150W-6500K-NEW,PCS,LED Floor Light -150W New,LED Floor Light -150W New,no
FAN-CEI-PSN-FV-25TGU3-WT,PCS,Panasonic 10 Ventilating Fan Ceiling Mount,Panasonic 10 Ventilating Fan Ceiling Mount,no
NIP-SEA-5400-05L,CAN,5L Nippon Vinilex 5400 Wall Sealer,5L Nippon Vinilex 5400 Wall Sealer,no
PAI-SPR-SAM-Y012,PCS,Samurai Spray Paint Candy Brown,Samurai Spray Paint Candy Brown,no
PAI-SPR-SAM-Y112,PCS,Samurai Spray Paint Candy Red,Samurai Spray Paint Candy Red,no
SHE-SOR-SRT2500,UNIT,Sorento Glass Shelf,Sorento Glass Shelf,no
TOO-NIE-BIT-SCKT-1/2IN-T27,PCS,Nietz Drive Long Str Bit 50244127 T27,Nietz Drive Long Str Bit 50244127 T27,no
BOS-2608-642-983,PCS,Circular Sawblade 7 1/4 X 30T Wood,Circular Sawblade 7 1/4 X 30T Wood,no
ELE-D/L-TC1040R-RND-12W,PCS,Taicon 4 12W Rnd LED Panel Light (sr),Taicon 4 12W Rnd LED Panel Light (sr),no
FIT-BUT-STR-COU-25MMX20MM,PCS,Buteline PE Straight Inline Coupling 25MMX20MM,Buteline PE Straight Inline Coupling 25MMX20MM,no
"NIE-SOC-IMP-3/4""-42MM",PCS,Nietz Dr Impact Socket (6PT) 50160042 42MM,Nietz Dr Impact Socket (6PT) 50160042 42MM,no
NIP-SEA-5200-20L,DRUM,20L Nippon Vinilex 5200 Wall Sealer,20L Nippon Vinilex 5200 Wall Sealer,no
X-ELE-D/L-OSR-15W-E27,PCS,Osram 15W LED Stick E27,Osram 15W LED Stick E27,no
BOS-0601-6B7-0L1,UNIT,Gof 130 Router,Gof 130 Router,no
COC-STO-SAN-SWSC1011,PCS,Saniware 15MM Brass X-handle Stop Cock (qt),Saniware 15MM Brass X-handle Stop Cock (qt),no
COC-STO-SAN-SWSC1012,PCS,Saniware 15MM Brass X-handle Stop Cock (ft),Saniware 15MM Brass X-handle Stop Cock (ft),no
ELE-CAB-SPEAKER-COSTA-30/0.18MMX2C-MTR,MTR,Fajar Speaker Wire Pink,Fajar Speaker Wire Pink,no
"NIE-SOC-IMP-1/2""-28MM",PCS,Nietz Dr Impact Socket (6PT) 50140028 28MM,Nietz Dr Impact Socket (6PT) 50140028 28MM,no
NIP-TIM-5L-A,CAN,5L Nippon Timbershade Accent Base,5L Nippon Timbershade Accent Base,no
ADH-TAP-CLO-BLA,PCS,Glotool Cloth Tape 48 MM X 7 Yd - Black,Glotool Cloth Tape 48 MM X 7 Yd - Black,no
ADH-TAP-CLO-GRE,PCS,Glotool Cloth Tape 48 MM X 7 Yd - Green,Glotool Cloth Tape 48 MM X 7 Yd - Green,no
BOS-2608-585-888,PCS,Hss-g Cobal Bit 5.5MM,Hss-g Cobal Bit 5.5MM,no
ELE-D/L-PHI-E27-6.5W,PCS,Philips Essential Stick E27 6.5W LED Bulb,Philips Essential Stick E27 6.5W LED Bulb,no
NIP-FLO-5L-P,CAN,5L Nippon Floor Coating Pastel Base,5L Nippon Floor Coating Pastel Base,no
NIP-QSH-EXT-1L-A,TIN,1L Nippon Q-shield Extra Accent Base,1L Nippon Q-shield Extra Accent Base,no
NIP-WTRB-1L-D,CAN,1L Nippon Weatherbond Quartz Deep Base,1L Nippon Weatherbond Quartz Deep Base,no
PAI-SPR-SAM-Y111,PCS,Samurai Spray Paint Candy Blue,Samurai Spray Paint Candy Blue,no
RUB-TAE11-M310,UNIT,Rubine Rch-sirocco-bl Cooker Hood,Rubine Rch-sirocco-bl Cooker Hood,no
SAF-SPE-GT460,PAIR,Glotool Safety Eyewear Clear,Glotool Safety Eyewear Clear,no
SWI-SOC-TAICON-TC8211,PCS,Taicon 13A 2G Multi Switch Socket Neon (TC8211),Taicon 13A 2G Multi Switch Socket Neon (TC8211),no
TOO-HAM-SLE-GT08LB,PCS,Glotool Sledge Hammer 8LB,Glotool Sledge Hammer 8LB,no
BAS-SOR-SRT7013-BL,PCS,Sorento Corner Basket (250X250X80MM)-BLK,Sorento Corner Basket (250X250X80MM)-BLK,no
BAS-SOR-SRT7015-BL,PCS,Sorento Basket (350X100X80MM)-BL,Sorento Basket (350X100X80MM)-BL,no
BOS-2608-603-707,PCS,Flexible Flap Disc 100MM P320,Flexible Flap Disc 100MM P320,no
COC-BIB-SRTWT2215,PCS,Sorento 1/2 Hose Bib Tap - SRTWT2215,Sorento 1/2 Hose Bib Tap - SRTWT2215,no
COC-SOR-SRTWT2203,UNIT,Sorento Pillar Mounted Kitchen,Sorento Pillar Mounted Kitchen,no
CUT-HSF-GLO-HS703,PCS,Glotool Hacksaw Frame - HS703,Glotool Hacksaw Frame - HS703,no
"NIE-SOC-IMP-3/4""-43MM",PCS,Nietz Dr Impact Socket (6PT) 50160043 43MM,Nietz Dr Impact Socket (6PT) 50160043 43MM,no
TOO-HAM-SLE-GT04LB,PCS,Glotool Sledge Hammer 4LB,Glotool Sledge Hammer 4LB,no
BOS-2608-595-081,PCS,Hss-g Metal Bit 12.0MM,Hss-g Metal Bit 12.0MM,no
BOS-2608-603-702,PCS,Flexible Flap Disc 100MM P100,Flexible Flap Disc 100MM P100,no
BOS-2608-608-T70-N,PCK,Velcro Disc 125MM Holes (5PCS/PCK) G220-8,Velcro Disc 125MM Holes (5PCS/PCK) G220-8,no
ELE-D/L-MGM-MQTL1119-RD-3000K,PCS,"Mgm 6""/RD LED Panel Light (sr) MQTL1119-Y/15W 15W/3000K","Mgm 6""/RD LED Panel Light (sr) MQTL1119-Y/15W 15W/3000K",no
GRA-CUT-BRU-1004526-16,PAIR,Brush Pair Type 1004526-16 Stanley,Brush Pair Type 1004526-16 Stanley,no
NIP-SEA-5170-1L,CAN,1L Nippon Acrylic 5170 Wall Sealer,1L Nippon Acrylic 5170 Wall Sealer,no
SWI-PLU-AER-13A,PCS,Taicon 13A Plugtop (white) SIRIM,Taicon 13A Plugtop (white) SIRIM,no
BOS-0611-254-76C,UNIT,Gbh 2-26 Dfr Rotary Hammer,Gbh 2-26 Dfr Rotary Hammer,no
BOS-2608-595-068,PCS,Hss-g Metal Bit 6.5MM,Hss-g Metal Bit 6.5MM,no
BOS-BAT-1600-A00-HR3,PCS,Battery Charger,Battery Charger,no
CUT-SCI-SK5-54113203,PCS,Nietz SK5 Scissors 54113203 8IN,Nietz SK5 Scissors 54113203 8IN,no
NIP-SEA-5400-20L,DRUM,18L Nippon Vinlex 5400 Wall Sealer,18L Nippon Vinlex 5400 Wall Sealer,no
NIP-TIM-1L-A0.86L0.8,CAN,1L Nippon Timbershade Accent Base,1L Nippon Timbershade Accent Base,no
NIP-TIM-FIN-5L-C,CAN,5L Nippon Timber Finish Clear Base,5L Nippon Timber Finish Clear Base,no
SAF-SPE-GT470,PAIR,Glotool Safety Eyewear Black,Glotool Safety Eyewear Black,no
TAP-SAN-SWP-SS-304-3939-MB,PCS,Saniware Premier Dou S/tap,Saniware Premier Dou S/tap,no
ADH-TAP-CLO-YEL,PCS,Glotool Cloth Tape 48 MM X 7 Yd - Yellow,Glotool Cloth Tape 48 MM X 7 Yd - Yellow,no
BOS-0601-1A0-3L1,UNIT,Gsb 600 Impact Drill (set),Gsb 600 Impact Drill (set),no
DRI-SDS-GT02-13160,PCS,Glotool Sds Drill 13 X 160MM,Glotool Sds Drill 13 X 160MM,no
DRI-SDS-GT02-65160,PCS,Glotool Sds Drill 6.5 X 160MM,Glotool Sds Drill 6.5 X 160MM,no
FIT-BUT-STR-20X20MM,PCS,Buteline PE Straight,Buteline PE Straight,no
"NIE-SOC-IMP-1/2""-26MM",PCS,Nietz Dr Impact Socket (6PT) 50140026 26MM,Nietz Dr Impact Socket (6PT) 50140026 26MM,no
TAR-SHT-GT2-12X15,SHT,Glotool PE Tarp Sheet - 12 X 15 (GT02),Glotool PE Tarp Sheet - 12 X 15 (GT02),no
ADH-TAP-WAR50,ROLL,Glotool Warning Tape 50MM X 50M,Glotool Warning Tape 50MM X 50M,no
DRI-SDS-GT02-18260,PCS,Glotool Sds Drill 18 X 260MM,Glotool Sds Drill 18 X 260MM,no
GLO-SEM-GT891/RED,DOZ,Semi Leather Gloves - 800 Sn/red,Semi Leather Gloves - 800 Sn/red,no
GRA-SAN-SWFG-SS304-6609,PCS,Saniware Premier Floor Grating (150MMX1500MM),Saniware Premier Floor Grating (150MMX1500MM),no
IND-SCO-SMR-S512TY,DOZ,Samurai King Steel Shovel S512TY (DOZ),Samurai King Steel Shovel S512TY (DOZ),no
NIP-VIN-EAS-20L-P,DRUM,18L Nippon Vinilex Easywash Paster Base,18L Nippon Vinilex Easywash Paster Base,no
TAR-SHT-GT2-20X30,SHT,Glotool PE Tarp Sheet - 20 X 30 (GT02),Glotool PE Tarp Sheet - 20 X 30 (GT02),no
TOO-HAM-SLE-GT10LB,PCS,Glotool Sledge Hammer 10LB,Glotool Sledge Hammer 10LB,no
TOO-NIE-BIT-SCKT-1/2IN-T50,PCS,Nietz Drive Long Str Bit 50244150 T50,Nietz Drive Long Str Bit 50244150 T50,no
BOS-1607-000-CZ1,SET,Carbon Brush For Gsr,Carbon Brush For Gsr,no
BOS-2608-578-119,PCS,Masonry Drill Bit 6.5MM X,Masonry Drill Bit 6.5MM X,no
BOS-2608-595-083,PCS,Hss-g Metal Bit 13.0MM,Hss-g Metal Bit 13.0MM,no
CLI-BAT-CLI-200AMP-54101200,SET,Nietz Battery Clamp 54101200,Nietz Battery Clamp 54101200,no
COC-BIB-SRTWT2216,PCS,Sorento 1/2 Hose Bib Tap - SRTWT2216,Sorento 1/2 Hose Bib Tap - SRTWT2216,no
DRI-SDS-GT02-14260,PCS,Glotool Sds Drill 14 X 260MM,Glotool Sds Drill 14 X 260MM,no
"NIE-SOC-IMP-1""-24MM",PCS,Nietz 1 IN Dr Impact Socket (6PT) 50170024 24MM,Nietz 1 IN Dr Impact Socket (6PT) 50170024 24MM,no
"NIE-SOC-IMP-1/2""-13MM",PCS,Nietz Dr Impact Socket (6PT) 50140013 13MM,Nietz Dr Impact Socket (6PT) 50140013 13MM,no
"NIE-SOC-IMP-1/2""-17MM",PCS,Nietz Dr Impact Socket (6PT) 50140017 17MM,Nietz Dr Impact Socket (6PT) 50140017 17MM,no
NIP-QLA-1L-T,CAN,1L Nippon Q-lac Tint Base,1L Nippon Q-lac Tint Base,no
NIP-SAT-GLO-1L-T,CAN,1L Nippon Satin Glo Tint Base,1L Nippon Satin Glo Tint Base,no
NIP-TIM-1L-D,CAN,1L Nippon Timbershade Deep Base,1L Nippon Timbershade Deep Base,no
BOS-0601-1A9-5L0,UNIT,Gbm 350 Drill,Gbm 350 Drill,no
BOS-0601-B33-0L0,UNIT,Gcm 216 Compound Mitre Saw,Gcm 216 Compound Mitre Saw,no
BOS-2608-608-T73,PCK,Velcro Disc 125MM Holes (5PCS/PCK) G320-8,Velcro Disc 125MM Holes (5PCS/PCK) G320-8,no
DRI-SDS-GT02-07160,PCS,Glotool Sds Drill 7 X 160MM,Glotool Sds Drill 7 X 160MM,no
DRI-SDS-GT02-12260,PCS,Glotool Sds Drill 12 X 260MM,Glotool Sds Drill 12 X 260MM,no
DRI-SDS-GT02-16210,PCS,Glotool Sds Drill 16 X 210MM,Glotool Sds Drill 16 X 210MM,no
BLE-PSN-MX-EX1531WSK,PCS,Panasonic Blender With Twin Jug & Dry Mill 450W,Panasonic Blender With Twin Jug & Dry Mill 450W,no
BOS-0601-3A0-0L0,UNIT,Gdc 140 Marble Cutter,Gdc 140 Marble Cutter,no
DRI-SDS-GT02-05160,PCS,Glotool Sds Drill 5 X 160MM,Glotool Sds Drill 5 X 160MM,no
DRI-SDS-GT02-08160,PCS,Glotool Sds Drill 8 X 160MM,Glotool Sds Drill 8 X 160MM,no
DRI-SDS-GT02-12160,PCS,Glotool Sds Drill 12 X 160MM,Glotool Sds Drill 12 X 160MM,no
DRI-SDS-GT02-13260,PCS,Glotool Sds Drill 13 X 260MM,Glotool Sds Drill 13 X 260MM,no
BOS-2608-578-159,PCS,Masonry Drill Bit 9MM X,Masonry Drill Bit 9MM X,no
BOS-2608-585-884,PCS,Hss-g Cobal Bit 4.8MM,Hss-g Cobal Bit 4.8MM,no
BOS-2608-585-885,PCS,Hss-g Cobal Bit 5.0MM,Hss-g Cobal Bit 5.0MM,no
BOS-2608-608-T64-N,PCK,Velcro Disc 125MM Holes (5PCS/PCK) G60-8,Velcro Disc 125MM Holes (5PCS/PCK) G60-8,no
DC-DJC23,SET,Magnetic Drill (1500W),Magnetic Drill (1500W),no
"NIE-SOC-IMP-1/2""-27MM",PCS,Nietz Dr Impact Socket (6PT) 50140027 27MM,Nietz Dr Impact Socket (6PT) 50140027 27MM,no
NIP-TIM-FIN-1L-TY,CAN,1L Nippon Timber Finish T/yellow Base,1L Nippon Timber Finish T/yellow Base,no
ADH-TAP-CLO-RED,PCS,Glotool Cloth Tape 48 MM X 7 Yd - Red,Glotool Cloth Tape 48 MM X 7 Yd - Red,no
ADH-TAP-WAR70,ROLL,Glotool Warning Tape 70MM X 70M,Glotool Warning Tape 70MM X 70M,no
BOS-2608-684-775,PCS,Hexagon Flat Chisel (17X280MM),Hexagon Flat Chisel (17X280MM),no
BOS-CF-1033,SET,219PCS Everise Rotary Tool & Accesories Set,219PCS Everise Rotary Tool & Accesories Set,no
IND-CEM-GREY-20KG,BAG,Topfit Adhesive Cement Grey,Topfit Adhesive Cement Grey,no
SWI-SOC-TAICON-TC8111,PCS,Taicon 13A Multi Switch Socket Noen,Taicon 13A Multi Switch Socket Noen,no
TAP-SAN-SFC-6003950,PCS,S600 Flexible Hose Kitchen Pillar Sink Tap,S600 Flexible Hose Kitchen Pillar Sink Tap,no
TAP-SAN-SFC-6003950-BK,PCS,S600 Flexible Hose Kitchen Pillar Sink Tap (black),S600 Flexible Hose Kitchen Pillar Sink Tap (black),no
BOS-2608-578-117,PCS,Masonry Drill Bit 5.5MM X,Masonry Drill Bit 5.5MM X,no
BOS-RB650S,UNIT,Robin Mist Blower,Robin Mist Blower,no
NIETZ-MOU-FLA-WHE-57122060,PCS,Nietz Mounted Flap Wheel 57122060,Nietz Mounted Flap Wheel 57122060,no
SWI-T/SOC-TAI-5G5M,PCS,Taicon 5G Trailing Socket (5050),Taicon 5G Trailing Socket (5050),no
ADH-TAP-MAS-48MM,PCS,Glotool Masking Tape 48MM X 15 Yd,Glotool Masking Tape 48MM X 15 Yd,no
BOS-2608-585-901,PCS,Hss-g Cobal Bit 11.0MM,Hss-g Cobal Bit 11.0MM,no
NIP-VIN-EAS-1L-D,CAN,1L Nippon Vinilex Easywash Deep Base,1L Nippon Vinilex Easywash Deep Base,no
TOO-NIE-BIT-SCKT-1/2IN-T25,PCS,Nietz Drive Long Str Bit 50244125 T25,Nietz Drive Long Str Bit 50244125 T25,no
TOO-NIE-BIT-SCKT-1/2IN-T30,PCS,Nietz Drive Long Str Bit 50244130 T30,Nietz Drive Long Str Bit 50244130 T30,no
TOR-ENE-LED-2D,PCK,Eveready 2D Brilliant (GPHH25),Eveready 2D Brilliant (GPHH25),no
BOS-0601-1A0-3L0,UNIT,Gsb 600 Impact Drill,Gsb 600 Impact Drill,no
DRI-SDS-GT02-65110,PCS,Glotool Sds Drill 6.5 X 110MM,Glotool Sds Drill 6.5 X 110MM,no
ELE-D/L-LSM-72W-3CLR,PCS,LED Source Module 72W-3CLR,LED Source Module 72W-3CLR,no
TAR-SHT-GT2-12X18,SHT,Glotool PE Tarp Sheet - 12 X 18 (GT02),Glotool PE Tarp Sheet - 12 X 18 (GT02),no
TOO-NIE-PLU-COU-30SH,PCS,Nietz Quick Coupler Socket 30SH,Nietz Quick Coupler Socket 30SH,no
ADH-TAP-MAS-36MM,PCS,Glotool Masking Tape 36MM X 15 Yd,Glotool Masking Tape 36MM X 15 Yd,no
BOS-0601-58F-0L0,UNIT,Gst 90 Be Jigsaw,Gst 90 Be Jigsaw,no
BOS-2608-608-T69,PCK,Velcro Disc 125MM Holes (5PCS/PCK) G180-8,Velcro Disc 125MM Holes (5PCS/PCK) G180-8,no
COC-SIN-SRTKT1831SS,PCS,Sorento Brass S/s 304 Wall Kitchen Tap,Sorento Brass S/s 304 Wall Kitchen Tap,no
GLO-SEM-GT891/YEL,DOZ,Semi Leather Gloves - 800 Sn/yellow,Semi Leather Gloves - 800 Sn/yellow,no
"NIE-SOC-IMP-1/2""-22MM",PCS,Nietz Dr Impact Socket (6PT) 50140022 22MM,Nietz Dr Impact Socket (6PT) 50140022 22MM,no
BOS-0601-9H2-281,UNIT,Bosch Go 3 Cordless Screwdriver,Bosch Go 3 Cordless Screwdriver,no
COC-SIN-SRTWT5848-RG,PCS,Sorento Pillar Mounted Kitchen Tap - SRTWT5848(RG),Sorento Pillar Mounted Kitchen Tap - SRTWT5848(RG),no
DC-ZC02-28-H2K,SET,Cordless Brushless Rotary Hammer 20V (6.0AH X2/4A),Cordless Brushless Rotary Hammer 20V (6.0AH X2/4A),no
DRI-SDS-GT02-06160,PCS,Glotool Sds Drill 6 X 160MM,Glotool Sds Drill 6 X 160MM,no
DRI-SDS-GT02-55110,PCS,Glotool Sds Drill 5.5 X 110MM,Glotool Sds Drill 5.5 X 110MM,no
HOS-GAR-MARK-X-DB-13MTR,ROLL,Mark-x Gar UV Net Hose 4PLY Dark,Mark-x Gar UV Net Hose 4PLY Dark,no
"NIE-SOC-IMP-1/2""-19MM",PCS,Nietz Dr Impact Socket (6PT) 50140019 19MM,Nietz Dr Impact Socket (6PT) 50140019 19MM,no
NIETZ-MOU-FLA-WHE-57152120,PCS,Nietz Mounted Flap Wheel 57152120,Nietz Mounted Flap Wheel 57152120,no
CIMA-DL-L/199Y/RND/18W/SEN/840,SET,Ceilo Iii 199Y 18W L/dl (rnd/ 840 Cool Day Light),Ceilo Iii 199Y 18W L/dl (rnd/ 840 Cool Day Light),no
DRI-SDS-GT02-06110,PCS,Glotool Sds Drill 6 X 110MM,Glotool Sds Drill 6 X 110MM,no
BOS-2608-578-116,PCS,Masonry Drill Bit 5MM X,Masonry Drill Bit 5MM X,no
BOS-2608-585-880,SET,Hss-g Cobal Bit 4.0MM,Hss-g Cobal Bit 4.0MM,no
BOS-2608-608-T66-N,PCK,Velcro Disc 125MM Holes (5PCS/PCK) G100-8,Velcro Disc 125MM Holes (5PCS/PCK) G100-8,no
DRI-SDS-GT02-10160,PCS,Glotool Sds Drill 10 X 160MM,Glotool Sds Drill 10 X 160MM,no
NIE-SOC-IMP-DEE-1/2-27MM,PCS,Nietz Deep Impact Socket (6PT) 50142027 27MM,Nietz Deep Impact Socket (6PT) 50142027 27MM,no
TAP-SIN-SRTKT69SS-GM,PCS,Sorento Pillar Mounted Kitchen Tap (gunmetal),Sorento Pillar Mounted Kitchen Tap (gunmetal),no
TOO-SOC-SET-8-32,SET,Glotool Socket Set,Glotool Socket Set,no
BOS-0600-8C1-H70,UNIT,Easy Grasscut 23 Grass Trimmer,Easy Grasscut 23 Grass Trimmer,no
BOS-2608-578-115,PCS,Masonry Drill Bit 4MM X,Masonry Drill Bit 4MM X,no
BOS-2608-608-T68-N,PCK,Velcro Disc 125MM Holes (5PCS/PCK) G150-8,Velcro Disc 125MM Holes (5PCS/PCK) G150-8,no
BOS-2608-608-T72,PCK,Velcro Disc 125MM Holes (5PCS/PCK) G280-8,Velcro Disc 125MM Holes (5PCS/PCK) G280-8,no
BOS-2608-680-294,PCS,Sds + Drill Bit S3 25 X 200/260MM,Sds + Drill Bit S3 25 X 200/260MM,no
BOS-RP15G,UNIT,Robin Power Sprayer Set,Robin Power Sprayer Set,no
"NIE-SOC-IMP-1/2""-15MM",PCS,Nietz Dr Impact Socket (6PT) 50140015 15MM,Nietz Dr Impact Socket (6PT) 50140015 15MM,no
"NIE-SOC-IMP-1/2""-16MM",PCS,Nietz Dr Impact Socket (6PT) 50140016 16MM,Nietz Dr Impact Socket (6PT) 50140016 16MM,no
"NIE-SOC-IMP-3/4""-30MM",PCS,Nietz Dr Impact Socket (6PT) 50160030 30MM,Nietz Dr Impact Socket (6PT) 50160030 30MM,no
STA-PRE-WAS-K3,UNIT,Karcher K3 Hr Plus Pressure Washer,Karcher K3 Hr Plus Pressure Washer,no
ADH-TAP-CLO-BLU,PCS,Glotool Cloth Tape 48 MM X 7 Yd - Blue,Glotool Cloth Tape 48 MM X 7 Yd - Blue,no
BOS-2608-595-072,PCS,Hss-g Metal Bit 8.0MM,Hss-g Metal Bit 8.0MM,no
BOS-BAT-2607-225-729,PCS,Battery Charge For 180,Battery Charge For 180,no
BRU-END-GLO-509061,PCS,Glotool E/brush (b) 12MM,Glotool E/brush (b) 12MM,no
LOC-YALE-Y124B-70-1,SET,Yale Satin Chrome Boron Shackle Padlock Y124B-70-1,Yale Satin Chrome Boron Shackle Padlock Y124B-70-1,no
MIR-GLO-S-GLC2004A/B,PCS,(pill-black) Aluminium Framer Mirror,(pill-black) Aluminium Framer Mirror,no
MIR-GLO-S-GLC2004A/G,PCS,(pill-gold) Aluminium Framer Mirror,(pill-gold) Aluminium Framer Mirror,no
NIP-HYD-WOD-MET-1L,CAN,1L Nippon Hydro Wood & Metal Primer,1L Nippon Hydro Wood & Metal Primer,no
NIP-TIM-1L-T,CAN,1L Nippon Timbershade Tint Base,1L Nippon Timbershade Tint Base,no
NIP-TIM-FIN-5L-TY,TIN,5L Nippon Timber Finish T/yellow Base,5L Nippon Timber Finish T/yellow Base,no
RIC-COO-MID-MRM18010BDG,PCS,Midea 1.8L Jartype Rice Cooker 700W,Midea 1.8L Jartype Rice Cooker 700W,no
TAP-SIN-SRTKT72SS,PCS,Sorento Pillar Mounted Kitchen Cold Tap,Sorento Pillar Mounted Kitchen Cold Tap,no
BOS-2608-603-360,PCS,Flap Disc 4 P120 (standard For Inox),Flap Disc 4 P120 (standard For Inox),no
NIP-TIM-5L-D 4/6/19,CAN,5L Nippon Timbershade Deep Base,5L Nippon Timbershade Deep Base,no
NIP-TIM-FIN-1L-T/RED,CAN,1L Nippon Timber Finish T/red Base,1L Nippon Timber Finish T/red Base,no
SWI-T/SOC-TAI-3G5M,PCS,Taicon 3G Trailing Socket (3050),Taicon 3G Trailing Socket (3050),no
BOS-2608-585-898,PCS,Hss-g Cobal Bit 10.0MM,Hss-g Cobal Bit 10.0MM,no
"FIT-BUT-ELB-MALE-25MMX1/2""",PCS,Buteline 25MMX1/2 PE Elbow Male,Buteline 25MMX1/2 PE Elbow Male,no
PAI-SPR-SAM-030,PCS,Samurai Spray Paint 30 Black,Samurai Spray Paint 30 Black,no
SWI-T/SOC-TAI-2G3M,PCS,Taicon 2G Trailing Socket (2030),Taicon 2G Trailing Socket (2030),no
TAR-SHT-GT2-08X10,SHT,Glotool PE Tarp Sheet - 8 X 10 (GT02),Glotool PE Tarp Sheet - 8 X 10 (GT02),no
TAR-SHT-GT2-09X12,SHT,Glotool PE Tarp Sheet - 9 X 12 (GT02),Glotool PE Tarp Sheet - 9 X 12 (GT02),no
TOO-HAM-CHI-NIE-551-22-050,PCS,Nietz Chipping Hammer 551-22-050,Nietz Chipping Hammer 551-22-050,no
BID-SOR-SRT61-BL,PCS,Sorento Hand Bidet Angle Valve& 1.2M PVC Flex Hose-blk (brass-adjustable Holder),Sorento Hand Bidet Angle Valve& 1.2M PVC Flex Hose-blk (brass-adjustable Holder),no
BOS-2608-585-889,SET,Hss-g Cobal Bit 6.0MM (SET),Hss-g Cobal Bit 6.0MM (SET),no
BOS-2608-603-703,PCS,Flexible Flap Disc 100MM P120,Flexible Flap Disc 100MM P120,no
BOS-2608-603-706,PCS,Flexible Flap Disc 100MM P220,Flexible Flap Disc 100MM P220,no
COC-SIN-SRTWT5812,PCS,Sorento Wall Mou. Kitchen Double Tap,Sorento Wall Mou. Kitchen Double Tap,no
DRI-SDS-GT02-16160,PCS,Glotool Sds Drill 16 X 160MM,Glotool Sds Drill 16 X 160MM,no
ELE-BUL-D/L-HOM-25W-6500K,PCS,Homelite LED Bulb E27 25W,Homelite LED Bulb E27 25W,no
"NIE-SOC-IMP-3/4""-24MM",PCS,Nietz Dr Impact Socket (6PT) 50160024 24MM,Nietz Dr Impact Socket (6PT) 50160024 24MM,no
NIETZ-MOU-FLA-WHE-57152080,PCS,Nietz Mounted Flap Wheel 57152080,Nietz Mounted Flap Wheel 57152080,no
SHO-CAB-CSS8803-BL,PCS,Cabana 2 Ways Exposed Shower Set,Cabana 2 Ways Exposed Shower Set,no
"SHO-HEA-JHHD#8""-CHR",PCS,Jhhd 8 Square Shower Head With Arm (descaling Button) Chrome,Jhhd 8 Square Shower Head With Arm (descaling Button) Chrome,no
TAP-SOR-SRTKT68SS-FRG,PCS,Sorento Pillar Mounted Kitchen Tap (full Rose Gold),Sorento Pillar Mounted Kitchen Tap (full Rose Gold),no
TOO-HAM-CHI-NIE-551-22-030,PCS,Nietz Chipping Hammer 551-22-030,Nietz Chipping Hammer 551-22-030,no
COC-BIB-SRTWT2214,PCS,Sorento Two Way Tap-chr,Sorento Two Way Tap-chr,no
CUT-HSF-GLO-HS702,PCS,Glotool Hacksaw Frame - HS702,Glotool Hacksaw Frame - HS702,no
DRI-SDS-GT02-55160,PCS,Glotool Sds Drill 5.5 X 160MM,Glotool Sds Drill 5.5 X 160MM,no
ELE-D/L-LSM-36W-6500K,PCS,LED Source Module 36W-6500K,LED Source Module 36W-6500K,no
GLO-SEM-LEA-700SP,PAIR,Semi Leather Gloves,Semi Leather Gloves,no
TAP-SIN-SRTKT1932SS-BL-DIY,PCS,Sorento Pillar Mou Kit Tap S/s 24MM Diameter Spout- Mb,Sorento Pillar Mou Kit Tap S/s 24MM Diameter Spout- Mb,no
TAP-SIN-SRTKT1961SS-DIY,PCS,Sorento Pillar Mou Flex Kitchen Tap S/steel,Sorento Pillar Mou Flex Kitchen Tap S/steel,no
TOO-HAM-SLE-GT03LB,PCS,Glotool Sledge Hammer 3LB,Glotool Sledge Hammer 3LB,no
TOO-HAM-SLE-GT06LB,PCS,Glotool Sledge Hammer 6LB,Glotool Sledge Hammer 6LB,no
ADH-TAP-CLO-SIL,PCS,Glotool Cloth Tape 48 MM X 7 Yd - Silver,Glotool Cloth Tape 48 MM X 7 Yd - Silver,no
BOS-2608-615-055,PCS,Diamond Cutting Blade Stone,Diamond Cutting Blade Stone,no
BOS-SF-10,PCS,"I-pump Press Switch (F1/4,1.4-2.4 Bar)","I-pump Press Switch (F1/4,1.4-2.4 Bar)",no
CIMA-DL-L/D05/RND/18W/DL,SET,Lite Me D05 18W L/dl (rnd/day Light),Lite Me D05 18W L/dl (rnd/day Light),no
"FAN-CEI-KDK-K12UX-48""",PCS,Kdk 48 LED Ceiling Fan Remote Control,Kdk 48 LED Ceiling Fan Remote Control,no
NIE-SOC-IMP-THI-1/2-17MM,PCS,Nietz Thin Wall Deep Imp Skt 6PT 50141217 17MM,Nietz Thin Wall Deep Imp Skt 6PT 50141217 17MM,no
NIETZ-MOU-FLA-WHE-57121120,PCS,Nietz Mounted Flap Wheel 57121120,Nietz Mounted Flap Wheel 57121120,no
SIN-STA-RAC-SSS,PCS,S/steel Sink Stand,S/steel Sink Stand,no
TOO-NIE-PLU-COU-20SM,PCS,Nietz Quick Coupler Socket 20SM,Nietz Quick Coupler Socket 20SM,no
TOO-NIE-PLU-COU-SOC-20SH,PCS,Nietz Quick Coupler Socket 20SH,Nietz Quick Coupler Socket 20SH,no
BAT-ENE-SHD-AAA12PCS,PCK,Eveready Shd Aaa 12PC,Eveready Shd Aaa 12PC,no
BOS-0601-224-1L0,UNIT,Ggs 5000L Straight Grinder,Ggs 5000L Straight Grinder,no
BOS-0603-947-080,UNIT,Bosch 3.6V Cordless Easy Air Pump,Bosch 3.6V Cordless Easy Air Pump,no
BOS-0603-9E0-050,UNIT(S),Ixo 7 Cordless Screwdriver,Ixo 7 Cordless Screwdriver,no
BOS-2608-595-066,PCS,Hss-g Metal Bit 6.0MM (PCS),Hss-g Metal Bit 6.0MM (PCS),no
DRI-SDS-GT02-14160,PCS,Glotool Sds Drill 14 X 160MM,Glotool Sds Drill 14 X 160MM,no
ELE-D/L-OUBEI-110/45W,PCS,Ilite LED Bulb,Ilite LED Bulb,no
NIP-QGL-1L-T,CAN,1L Nippon Q-glo Tint Base,1L Nippon Q-glo Tint Base,no
BOS-2608-585-873,PCS,Hss-g Cobal Bit 1.5MM,Hss-g Cobal Bit 1.5MM,no
BOS-2608-585-874,SET,Hss-g Cobal Bit 2.0MM,Hss-g Cobal Bit 2.0MM,no
BOS-2608-585-876,SET,Hss-g Cobal Bit 3.0MM,Hss-g Cobal Bit 3.0MM,no
BOS-2608-595-056,SET,Hss-g Metal Bit 3.2MM,Hss-g Metal Bit 3.2MM,no
BOS-2608-595-058,SET,Hss-g Metal Bit 3.5MM,Hss-g Metal Bit 3.5MM,no
BOS-2608-615-005,PCS,"Standard For Concrete 300MM (12"")","Standard For Concrete 300MM (12"")",no
ELE-TUB-LED-22W-6500K,PCS,Ilite LED T8 1.2M 22W - 6500K,Ilite LED T8 1.2M 22W - 6500K,no
FAN-PSN-FV-20AUM8,PCS,Panasonic 8 Wall Mounted V Fan,Panasonic 8 Wall Mounted V Fan,no
NIP-SPO-LES-5L-T,CAN,5L Nippon Spot-less Plus Tint Base,5L Nippon Spot-less Plus Tint Base,no
PAI-SPR-SAM-Y016,PCS,Samurai Spray Paint Candy Yellow,Samurai Spray Paint Candy Yellow,no
SWI-T/SOC-EUR-8743-3G,SET,Taicon 3 GANG T-adaptor (sirim),Taicon 3 GANG T-adaptor (sirim),no
BOS-0601-2C1-0L0,UNIT,Gbs 750 Belt Sander,Gbs 750 Belt Sander,no
BOS-0601-3A2-0L0,UNIT,Gpo 950 Polisher,Gpo 950 Polisher,no
BOS-2607-017-398,SET,X-line Set (33PCS),X-line Set (33PCS),no
ELE-D/L-DLE170-18-3CCT,PCS,Arex Eco LED Downlight 18W,Arex Eco LED Downlight 18W,no
PAI-SPR-SAM-033,PCS,Samurai Spray Paint 33 Red,Samurai Spray Paint 33 Red,no
STA-KAR-VAC-WD1,UNIT,Wd 1 Karcher Vacuum Cleaner,Wd 1 Karcher Vacuum Cleaner,no
TOO-NIE-BIT-SCKT-1/2IN-T55,PCS,Nietz Drive Long Str Bit 50244155 T55,Nietz Drive Long Str Bit 50244155 T55,no
TOR-ENE-LED-2AA,PCK,Eveready 2AA Brilliant,Eveready 2AA Brilliant,no
AGR-NET-SUN-GLO-50%,ROLL,Glotool Sun Shade Netting (50%),Glotool Sun Shade Netting (50%),no
BOS-2608-585-879,PCS,Hss-g Cobal Bit 3.5MM,Hss-g Cobal Bit 3.5MM,no
BOS-2608-595-063,PCS,Hss-g Metal Bit 5.2MM,Hss-g Metal Bit 5.2MM,no
BOS-2608-595-077,PCS,Hss-g Metal Bit 10.0MM,Hss-g Metal Bit 10.0MM,no
GLO-COT-GRY-1220,DOZ,Polyester Grip Cotton Glove Grey,Polyester Grip Cotton Glove Grey,no
NIETZ-MOU-FLA-WHE-57121080,PCS,Nietz Mounted Flap Wheel 57121080,Nietz Mounted Flap Wheel 57121080,no
NIETZ-MOU-FLA-WHE-57152100,PCS,Nietz Mounted Flap Wheel 57152100,Nietz Mounted Flap Wheel 57152100,no
NIP-TIM-FIN-1L-C,CAN,1L Nippon Timber Finish Clear Base,1L Nippon Timber Finish Clear Base,no
SHH-REEL-SW4000,PCS,Samurai Ocean Reel (8+1BB),Samurai Ocean Reel (8+1BB),no
COC-SOR-SRTWT5827,UNIT,Sorento Flexible Pillar Mounted Kitchen,Sorento Flexible Pillar Mounted Kitchen,no
DC-DJC30,SET,Magnetic Drill (900W),Magnetic Drill (900W),no
DRI-SDS-GT02-09160,PCS,Glotool Sds Drill 9 X 160MM,Glotool Sds Drill 9 X 160MM,no
ELE-D/L-LEDT130-80-6-80W,PCS,Arex Eco LED T130 80W E27,Arex Eco LED T130 80W E27,no
NIETZ-MOU-FLA-WHE-57110080,PCS,Nietz Mounted Flap Wheel 57110080,Nietz Mounted Flap Wheel 57110080,no
NIP-FLO-5L-A,CAN,5L Nippon Floor Coating Accent Base,5L Nippon Floor Coating Accent Base,no
TAP-SIN-SRTKT1932SS-DIY,PCS,Sorento Pillar Mou Kitchen Tap S/s 24MM Diameter Spout,Sorento Pillar Mou Kitchen Tap S/s 24MM Diameter Spout,no
TOO-HAM-SLE-GT02LB,PCS,Glotool Sledge Hammer 2LB,Glotool Sledge Hammer 2LB,no
BOS-0601-27A-3L0,UNIT,Gbg 35-15 Bench Grinder,Gbg 35-15 Bench Grinder,no
GUM-HAR-RS600C,PCS,Silicone Hardex 300ML Clear,Silicone Hardex 300ML Clear,no
BAT-ENE-SHD-8PCS,PCK,Eveready Shd Aaa 8PCS,Eveready Shd Aaa 8PCS,no
DRI-SDS-GT02-10110,PCS,Glotool Sds Drill 10 X 110MM,Glotool Sds Drill 10 X 110MM,no
GUM-HAR-RS900W,PCS,Silicone Hardex Neutral White,Silicone Hardex Neutral White,no
NIP-ROOF-5L-D,CAN,5L Nippon Roof Coating Deep Base,5L Nippon Roof Coating Deep Base,no
PAI-SPR-SAM-KPP,PCS,Samurai Spray Paint Kpp Plastic Primer,Samurai Spray Paint Kpp Plastic Primer,no
SWI-PLU-ADA-DLX,PCS,Taicon 13A 3WAY Adaptor-sr (TC540N),Taicon 13A 3WAY Adaptor-sr (TC540N),no
BAT-ENE-SHD-AAA4PCS,PCK,Eveready Shd Aaa 4PC,Eveready Shd Aaa 4PC,no
BID-SOR-SRT61-CR,PCS,Sorento Hand Bidet Angle VALVE&1.2M Flex Hose,Sorento Hand Bidet Angle VALVE&1.2M Flex Hose,no
ELE-LED-FLO-IP66-200W-6500K-NEW,PCS,LED Floor Light -200W New,LED Floor Light -200W New,no
"FAN-WALL-TAICON-26""",SET,Taicon Industy Wall Fan 26,Taicon Industy Wall Fan 26,no
"FIT-BUT-ELB-LUG-1/2""BSPTX20",PCS,"Buteline 1/2""BSPTX20 Elbow Lugged","Buteline 1/2""BSPTX20 Elbow Lugged",no
NIETZ-MOU-FLA-WHE-57131120,PCS,Nietz Mounted Flap Wheel 57131120,Nietz Mounted Flap Wheel 57131120,no
RIC-COO-PSN-SR-E10A-S,PCS,Panasonic 1.0L Rice Cooker,Panasonic 1.0L Rice Cooker,no
SWI-SOC-13A-TC1338,PCS,Taicon 2GANG 13A Bakelite Switch Socket (TC1338),Taicon 2GANG 13A Bakelite Switch Socket (TC1338),no
BOS-2608-521-042,PCS,Screwdriver Bit (PH2-65MM),Screwdriver Bit (PH2-65MM),no
ELE-D/L-PHI-LED-7W,PCS,Philips Essential 7W E27 LED Bulb,Philips Essential 7W E27 LED Bulb,no
ELE-TUB-LED-EMP-2',PCS,T8 2FT LED Empty Casing,T8 2FT LED Empty Casing,no
TOO-NIE-SOC-COU-800SHA,PCS,Nietz High Flow Quick Coupler Socket 50862802,Nietz High Flow Quick Coupler Socket 50862802,no
ADH-TAP-MAS-24MM,PCS,Glotool Masking Tape 24MM X 15 Yd,Glotool Masking Tape 24MM X 15 Yd,no
BAT-ENE-SHD-AA4PCS,PCK,Eveready Shd Aa 4PC,Eveready Shd Aa 4PC,no
BATH-CBFAL5568,PCS,Cab 5IN1 Bath Furn. Set-blk (alum),Cab 5IN1 Bath Furn. Set-blk (alum),no
FAN-STA-KDK-KX405,PCS,Kdk Stand Fan 16,Kdk Stand Fan 16,no
NIP-HYD-MET-SIL-1L,CAN,1L Nippon Hydro Metallic Silver Base,1L Nippon Hydro Metallic Silver Base,no
NIP-ROOF-5L-T,CAN,5L Nippon Roof Coating Tint Base,5L Nippon Roof Coating Tint Base,no
TOO-MULTI-STMT81243-840,SET,110PCS Stanley Multi Tool Set,110PCS Stanley Multi Tool Set,no
BOS-2608-585-877,PCS,Hss-g Cobal Bit 3.2MM,Hss-g Cobal Bit 3.2MM,no
BOS-2608-615-006,PCS,"Standard For Concrete 350MM (14"")","Standard For Concrete 350MM (14"")",no
MIR-SBC-600401A,SET,S600 Bathroom Cabinet Set (385X345X390MM),S600 Bathroom Cabinet Set (385X345X390MM),no
TOO-HAM-CLA-GT29MM,PCS,Glotool Claw Hammer 29MM,Glotool Claw Hammer 29MM,no
BOS-0601-1C1-0L0,UNIT,Gbm 400 Drill,Gbm 400 Drill,no
BOS-2608-595-055,SET,Hss-g Metal Bit 3.0MM,Hss-g Metal Bit 3.0MM,no
BOS-2608-608-T65-N,PCK,Velcro Disc 125MM Holes (5PCS/PCK) G80-8,Velcro Disc 125MM Holes (5PCS/PCK) G80-8,no
DRI-SDS-GT02-08110,PCS,Glotool Sds Drill 8 X 110MM,Glotool Sds Drill 8 X 110MM,no
GUN-CAU-GT902,PCS,Glotool Caulking Gun 902R,Glotool Caulking Gun 902R,no
PAI-SPR-SAM-053,PCS,Samurai Spray Paint Fluorescent Pink,Samurai Spray Paint Fluorescent Pink,no
TOO-NIE-BIT-SCKT-1/2IN-T40,PCS,Nietz Drive Long Str Bit 50244140 T40,Nietz Drive Long Str Bit 50244140 T40,no
TOO-NIE-BIT-SCKT-1/2IN-T45,PCS,Nietz Drive Long Str Bit 50244145 T45,Nietz Drive Long Str Bit 50244145 T45,no
TOO-NIE-PLU-COU-SOC-20SF,PCS,Nietz Quick Coupler Socket 20SF,Nietz Quick Coupler Socket 20SF,no
X-ELE-CEI-LIG-38128-96W,PCS,Ceiling Light 38128/96W 3CLR-FLW,Ceiling Light 38128/96W 3CLR-FLW,no
BATH-CBFAL66633-WHI,PCS,Cab Alum. 5IN1 Bathroom Furnit. Se-whi,Cab Alum. 5IN1 Bathroom Furnit. Se-whi,no
BATH-CBFAL66634-BLK,PCS,Cab Alum. 5IN1 Bathroom Furnt. Set-blk,Cab Alum. 5IN1 Bathroom Furnt. Set-blk,no
BOS-0600-847-ELO,UNIT,Easy Aqt 100 High P/cleaner,Easy Aqt 100 High P/cleaner,no
BOS-2608-680-262,PCS,Sds + Drill Bit S3 6 X 50/110MM,Sds + Drill Bit S3 6 X 50/110MM,no
DRI-SDS-GT02-09110,PCS,Glotool Sds Drill 9 X 110MM,Glotool Sds Drill 9 X 110MM,no
FAN-STA-BSF-8031,PCS,Butterfly 8 Stand Fan (black),Butterfly 8 Stand Fan (black),no
FAN-STA-DK-26SF,PCS,Daichi Industrial Stand Fan 26 240V,Daichi Industrial Stand Fan 26 240V,no
FIT-BUT-TEE-20X20X20MM,PCS,Buteline PE Tee 20X20X20MM,Buteline PE Tee 20X20X20MM,no
"FIT-BUT-TEE-MALE-20X20MMX1/2""",PCS,Buteline 20X20MMX1/2 PE Tee Male,Buteline 20X20MMX1/2 PE Tee Male,no
HHD-STO-JYMT-JM600A,PCS,Jayamata Sharpening Stone Tapping Knife 8 X 1.5,Jayamata Sharpening Stone Tapping Knife 8 X 1.5,no
TOO-NIE-PLU-COU-20PF,PCS,Nietz Quick Coupler Plug 20PF,Nietz Quick Coupler Plug 20PF,no
TOO-NIE-PLU-COU-30SM,PCS,Nietz Quick Coupler Socket 30SM,Nietz Quick Coupler Socket 30SM,no
TOO-NIE-SOC-COU-600SHA,PCS,Nietz High Flow Quick Coupler Socket 50862602,Nietz High Flow Quick Coupler Socket 50862602,no
BATH-CBFAL66627-BLK,PCS,Cab 5IN1 Alum. Bath Furn. Set (blk),Cab 5IN1 Alum. Bath Furn. Set (blk),no
BATH-CBFAL66628-WHI,PCS,Cab 5IN1 Alum. Bath Furn. Set (whi),Cab 5IN1 Alum. Bath Furn. Set (whi),no
BRU-END-GLO-509063-6MM,PCS,Glotool E/brush (b) 25MM,Glotool E/brush (b) 25MM,no
ELE-D/L-LSM-24W-6500K,PCS,LED Source Module 24W-6500K,LED Source Module 24W-6500K,no
NIP-ROOF-5L-A,CAN,5L Nippon Roof Coating Accent Base,5L Nippon Roof Coating Accent Base,no
PAI-SPR-SAM-029,PCS,Samurai Spray Paint 29 Flat Black,Samurai Spray Paint 29 Flat Black,no
BOS-2608-595-066,SET,Hss-g Metal Bit 6.0MM (SET),Hss-g Metal Bit 6.0MM (SET),no
BOS-2608-595-070,PCS,Hss-g Metal Bit 7.0MM,Hss-g Metal Bit 7.0MM,no
BOS-GMAW-180DH,UT,I-weld MIG Welding Machine 180A,I-weld MIG Welding Machine 180A,no
ELE-D/L-LEDT13550D27-50W,PCS,Arex LED T135 50W E27,Arex LED T135 50W E27,no
FAN-VIO-F017,SET,F017 Adjustable Violent Fan,F017 Adjustable Violent Fan,no
MEA-TAP-GLO-A050M,PCS,Glotool Measuring Tape (type A) 50M,Glotool Measuring Tape (type A) 50M,no
SEN-VAC-BRA-DHS25,PCS,25MM X M10 Sensui Vacuum Brazed Diamo,25MM X M10 Sensui Vacuum Brazed Diamo,no
SIN-CAV-CA820N,PCS,Cavallo S/steel Sink CA820N,Cavallo S/steel Sink CA820N,no
TOO-NIE-PLU-COU-40PF,PCS,Nietz Quick Coupler Plug 40PF,Nietz Quick Coupler Plug 40PF,no
BOS-2608-595-050,PCS,Hss-g Metal Bit 1.5MM,Hss-g Metal Bit 1.5MM,no
BOS-2608-595-051,PCS,Hss-g Metal Bit 2.0MM,Hss-g Metal Bit 2.0MM,no
GLO-COT-BLK-1220,DOZ,Polyester Grip Cotton Glove Black,Polyester Grip Cotton Glove Black,no
PAI-SPR-SAM-008,PCS,Samurai Spray Paint 8 Gold,Samurai Spray Paint 8 Gold,no
"SHO-HEA-LHHD#8""-MB",PCS,Jhhd 8 Square Shower Head With Arm (descaling Botton) Mb,Jhhd 8 Square Shower Head With Arm (descaling Botton) Mb,no
SIN-CAV-CA842A,PCS,Cavallo SS Sink,Cavallo SS Sink,no
TOO-HAM-BAL-GT2.0LB,PCS,Glotool Ball Pein Hammer 2.0LB,Glotool Ball Pein Hammer 2.0LB,no
BAT-EVE-SHD-AA-12PC,PCK,Eveready Shd Aa Bty 12PC,Eveready Shd Aa Bty 12PC,no
BOS-0601-298-0L0,UNIT,Gss 2300 Orbital Sander,Gss 2300 Orbital Sander,no
BOS-0601-980-4L1,UNIT,Gbl 82-270 Blower,Gbl 82-270 Blower,no
BOS-1619-P10-063,PCS,Carbon Brush For Gks 66X / Gks 7000 / Gks 600 / Gdm 13-34,Carbon Brush For Gks 66X / Gks 7000 / Gks 600 / Gdm 13-34,no
BUL-FFL-40W-E27-FROST,PCS,Ffl 40W E27 Standard Bulb-frost,Ffl 40W E27 Standard Bulb-frost,no
CIMA-DL-L-199Y-RND-12W-CIE-DL,SET,Cielo Iii 199Y 12W L/dl (round/daylight),Cielo Iii 199Y 12W L/dl (round/daylight),no
DRI-SDS-GT02-07110,PCS,Glotool Sds Drill 7 X 110MM,Glotool Sds Drill 7 X 110MM,no
FAN-CEI-ALP-FC32,UNIT,Cosa CX20 5B/56 Ceiling Fan - Matt Black,Cosa CX20 5B/56 Ceiling Fan - Matt Black,no
HOS-GAR-MARK-X-DB,ROLL,Mark-x Gar UV Net Hose 4PLY Dark/blue,Mark-x Gar UV Net Hose 4PLY Dark/blue,no
TAP-SAN-SWS-304-3977,PCS,Saniware Sliver Wall Bib Tap With Hose Connect,Saniware Sliver Wall Bib Tap With Hose Connect,no
BAT-EVE-AA-8PCS,PCK,Eveready Shd Aa Bty 8PC,Eveready Shd Aa Bty 8PC,no
ELE-BUL-E27-3W-YEL,PCS,Rex 3W E27 LED Bulb-yellow,Rex 3W E27 LED Bulb-yellow,no
ELE-CAB-SPEAKER-COSTA-30/0.18MMX2C,COIL,Taicon Speaker Wire Pink,Taicon Speaker Wire Pink,no
ELE-TUB-LED-32W-6500K,PCS,Ilite LED T8 1.2M 32W,Ilite LED T8 1.2M 32W,no
FIT-BUT-STR-COU-25MMX25MM,PCS,Buteline PE Straight Inline Coupling 25MMX25MM,Buteline PE Straight Inline Coupling 25MMX25MM,no
SIN-CAB-CKS317,PCS,Cabana S/steel Kitchen Sink CKS317,Cabana S/steel Kitchen Sink CKS317,no
SIN-SKS-230-8545L-S600-SIL,PCS,Handmade S/s Dbl Bowl K/sink,Handmade S/s Dbl Bowl K/sink,no
TOI-TRP-WC-CWC7603-S-SH(250MM),PCS,Cab One Piece Water Closet Washdown Flush Tech,Cab One Piece Water Closet Washdown Flush Tech,no
BATH-CBF3611,PCS,Cab Bath Furn.-bl,Cab Bath Furn.-bl,no
BATH-CBF3612,PCS,Cab Bath Furn.-wh,Cab Bath Furn.-wh,no
BOS-0601-083-480,UNIT,Gis 500 Temperature Detector,Gis 500 Temperature Detector,no
BOS-0601-2A6-1L0,UNIT,Ghg 18-60 Hot Air Gun,Ghg 18-60 Hot Air Gun,no
BOS-2608-585-872,PCS,Hss-g Cobal Bit 1.0MM,Hss-g Cobal Bit 1.0MM,no
HHD-FLU-PUSH-S200A-40MM,SET,Single Flush Push Button 40MM,Single Flush Push Button 40MM,no
MIR-GLO-S-GLC MB4560BLK,PCS,Mirror Box-black,Mirror Box-black,no
NIE-PLU-SOC-50046916,PCS,Nietz Spark Plug W/magnetic (6PT) 50046916,Nietz Spark Plug W/magnetic (6PT) 50046916,no
TOO-NIE-PLU-COU-30PH,PCS,Nietz Quick Coupler Plug 30PH,Nietz Quick Coupler Plug 30PH,no
TOO-NIE-PLU-COU-40SF,PCS,Nietz Quick Coupler Socket 40SF,Nietz Quick Coupler Socket 40SF,no
TOO-NIE-PLU-COU-40SM,PCS,Nietz Quick Coupler Socket 40SM,Nietz Quick Coupler Socket 40SM,no
"FIT-BUT-ELB-MALE-20MMX1/2""",PCS,Buteline 20MMX1/2 PE Elbow Male,Buteline 20MMX1/2 PE Elbow Male,no
PAD-STA-SS30-5140231-49,PCS,Pad Type Stanley SS30,Pad Type Stanley SS30,no
SHO-CAB-CSH1071,UNIT,"Cabana Brass Shower Set (12"")","Cabana Brass Shower Set (12"")",no
SOA-CAB-CPA1008C,UNIT,Cabana Soap Dispenser 300ML,Cabana Soap Dispenser 300ML,no
TAP-SAN-SWS-304-3978,PCS,Saniware Sliver Two Way Tap,Saniware Sliver Two Way Tap,no
TOO-HAM-BAL-GT1.0LB,PCS,Glotool Ball Pein Hammer 1.0LB,Glotool Ball Pein Hammer 1.0LB,no
TOO-HAM-BAL-GT1.5LB,PCS,Glotool Ball Pein Hammer 1.5LB,Glotool Ball Pein Hammer 1.5LB,no
BOS-2608-608-N93,PCS,Fiber Sanding Disc 100MM P36,Fiber Sanding Disc 100MM P36,no
ELE-BUL-D/L-HOM-12W-6500K,PCS,Ilite LED Bulb E27 12W,Ilite LED Bulb E27 12W,no
JUG-KHI-KET-EK18SS,SET,Khind - 1.8L Stainless Steel Kettle,Khind - 1.8L Stainless Steel Kettle,no
NIE-SOC-HAN-DEE-06P-1/2-08MM,PCS,Nietz Dr Deep Cr Socket (6PT) 50042008 8MM,Nietz Dr Deep Cr Socket (6PT) 50042008 8MM,no
"NIE-SOC-IMP-1/2""-12MM",PCS,Nietz Dr Impact Socket (6PT) 50140012 12MM,Nietz Dr Impact Socket (6PT) 50140012 12MM,no
NIP-SAT-GLO-1L-D,CAN,1L Nippon Satin Glo Deep Base,1L Nippon Satin Glo Deep Base,no
SAF-BOX-YSS520,UNIT,Yale Yss 520 Standard Safe (large),Yale Yss 520 Standard Safe (large),no
BAT-ENE-GOL-AA4PC,PCK,Eveready Gold Aa 4 Pc,Eveready Gold Aa 4 Pc,no
BOS-2608-578-155,SET,Masonry Drill Bit Set (4/5/6/8/10),Masonry Drill Bit Set (4/5/6/8/10),no
BOS-2608-680-263,PCS,Sds + Drill Bit S3 6 X 100/160MM,Sds + Drill Bit S3 6 X 100/160MM,no
BOS-2608-680-295,PCS,Sds + Drill Bit S3 25 X 400/460MM,Sds + Drill Bit S3 25 X 400/460MM,no
BOS-F016-800-360,PCS,Hose For Aqt 33-10/ Aqt 35-12/ Aqt 37-13,Hose For Aqt 33-10/ Aqt 35-12/ Aqt 37-13,no
COC-SIN-SRTKT1832SS,PCS,Sorento Brass Chr Pillar Kitchen Tap - SRTKT1832SS,Sorento Brass Chr Pillar Kitchen Tap - SRTKT1832SS,no
COC-SIN-SRTKT1843SS,PCS,Sorento Brass Chr Pillar Kitchen Tap - SRTKT1843SS,Sorento Brass Chr Pillar Kitchen Tap - SRTKT1843SS,no
DRI-SDS-GT02-05110,PCS,Glotool Sds Drill 5 X 110MM,Glotool Sds Drill 5 X 110MM,no
ELE-D/L-LSM-36W-3CLR,PCS,LED Source Module 36W-3CLR,LED Source Module 36W-3CLR,no
"FAN-CEI-KDK-K14PH-WA-56""",PCS,56 Kdk DC Ceiling Fan (wood Acacia),56 Kdk DC Ceiling Fan (wood Acacia),no
BID-CAB-CB55WH,UNIT,Cabana Bidet (white),Cabana Bidet (white),no
BOS-2608-680-279,PCS,Sds + Drill Bit S3 12 X 200/260MM,Sds + Drill Bit S3 12 X 200/260MM,no
ELE-D/L-PHI-3U-11W-E27,PCS,Philips Essential Stick E27 11W LED Bulb,Philips Essential Stick E27 11W LED Bulb,no
ELE-D/L-PHI-LED-09W,PCS,Philips Essential Stick E27 9W LED Bulb,Philips Essential Stick E27 9W LED Bulb,no
"FAN-CEI-SIB-SI12-52""",SET,Siberiair 52 Ceiling Fan,Siberiair 52 Ceiling Fan,no
MEA-TAP-STE-GLO-03M,PCS,Glotool Steel Tape Type:b 3.0M,Glotool Steel Tape Type:b 3.0M,no
NIE-SOC-HAN-DEE-06P-1/2-18MM,PCS,Nietz Dr Deep Cr Socket (6PT) 50042018 18MM,Nietz Dr Deep Cr Socket (6PT) 50042018 18MM,no
NIP-ODOURLITE-1L-A,CAN,1L Nippon Odourlite Soft Matt Accent Base,1L Nippon Odourlite Soft Matt Accent Base,no
PAI-SPR-SAM-65,PCS,Samurai Spray Paint Natier Blue,Samurai Spray Paint Natier Blue,no
TAP-SIN-SRTKT1961SS-BL-DIY,PCS,Sorento Pillar Mou Flex Kitchen Tap S/s-matt Blk,Sorento Pillar Mou Flex Kitchen Tap S/s-matt Blk,no
TOO-NIE-PLU-COU-30SF,PCS,Nietz Quick Coupler Socket 30SF,Nietz Quick Coupler Socket 30SF,no
BAS-SOR-SRTWT5865-GM,PCS,Sorento Hose Bib Tap-gm,Sorento Hose Bib Tap-gm,no
BOS-2608-578-114,PCS,Masonry Drill Bit 3MM X,Masonry Drill Bit 3MM X,no
BOS-2608-595-335,PCS,Hss-g Metal Bit 6.4MM,Hss-g Metal Bit 6.4MM,no
FAN-STA-OS-26SF,PCS,Osaki Industrial Stand Fan 26,Osaki Industrial Stand Fan 26,no
NIE-SOC-HAN-DEE-06P-1/2-24MM,PCS,Nietz Dr Deep Cr Socket (6PT) 50042024 24MM,Nietz Dr Deep Cr Socket (6PT) 50042024 24MM,no
NIE-SOC-IMP-THI-1/2-21MM,PCS,Nietz Thin Wall Deep Imp Socket 6PT 50141221 21MM,Nietz Thin Wall Deep Imp Socket 6PT 50141221 21MM,no
NIP-UND-WHT-1L,CAN,1L Nippon Economy Undercoat White,1L Nippon Economy Undercoat White,no
PAI-SPR-SAM-004,PCS,Samurai Spray Paint 4 Grey,Samurai Spray Paint 4 Grey,no
SIN-CAV-CA850,PCS,CA850 SS Sink,CA850 SS Sink,no
SINK-CAB-CKS7548-BL,PCS,Cabana Multifunctional Kitchen Sink,Cabana Multifunctional Kitchen Sink,no
TOI-TRP-WC-CWC7601-RL-S(250MM),PCS,Cab One Piece Water Closet Washdown W Rimless Flush Tech,Cab One Piece Water Closet Washdown W Rimless Flush Tech,no
TOO-NIE-PLU-COU-20PH,PCS,Nietz Quick Coupler Plug 20PH,Nietz Quick Coupler Plug 20PH,no
BOS-2608-680-289,PCS,Sds + Drill Bit S3 18 X 400/460MM,Sds + Drill Bit S3 18 X 400/460MM,no
HHD-STO-JYMT-JM400B,PCS,Jayamata Sharpening Stone Tapping Knife 8 X 1-3/4,Jayamata Sharpening Stone Tapping Knife 8 X 1-3/4,no
MEA-TAP-STE-GLO-05M,PCS,Glotool Steel Tape Type:b 5.0M,Glotool Steel Tape Type:b 5.0M,no
SWI-ADA-3388USB-TC10936,PCS,Taicon Multi Travel Adaptor 2USB (TC-10936),Taicon Multi Travel Adaptor 2USB (TC-10936),no
BOS-0603-3E0-050,UNIT,Bosch 3.6V Power Scrubber,Bosch 3.6V Power Scrubber,no
BOS-2608-615-111,PCS,5 Diamond Cutting Blade Universal,5 Diamond Cutting Blade Universal,no
"FAN-CEI-KDK-60""",SET,Kdk Ceiling Fan 60,Kdk Ceiling Fan 60,no
"FIT-BUT-ELB-MALE-20MMX3/4""",PCS,Buteline 20MMX3/4 PE Elbow Male,Buteline 20MMX3/4 PE Elbow Male,no
"FIT-BUT-STR-MALE-25MMX1/2""",PCS,Buteline 25MMX1/2 PE Straight Male,Buteline 25MMX1/2 PE Straight Male,no
MEA-TAP-STE-GLO-075M,PCS,Glotool Steel Tape Type:b 7.5M,Glotool Steel Tape Type:b 7.5M,no
NIE-SOC-HAN-DEE-06P-1/2-13MM,PCS,Nietz Dr Deep Cr Socket (6PT) 50042013 13MM,Nietz Dr Deep Cr Socket (6PT) 50042013 13MM,no
NIP-ECO-CB,CAN,1L 811-7338 Eco 100 Cobalt Blue Cb,1L 811-7338 Eco 100 Cobalt Blue Cb,no
PAI-SPR-SAMURAI-H2,PCS,H2 Samurai Spray Paint,H2 Samurai Spray Paint,no
TAP-CAB-CB4932-BL,PCS,Cabana Basin Cold Tap ( Matt Black),Cabana Basin Cold Tap ( Matt Black),no
TAP-SAN-SWP-Z-5168,PCS,Saniware Sliver Wall Two Way Tap,Saniware Sliver Wall Two Way Tap,no
TAP-SIN-CAV-CA3616P,PCS,Cavallo Double Flex Pillar Sink Tap,Cavallo Double Flex Pillar Sink Tap,no
BAS-SOR-SRTWT5865-FRG,PCS,Sorento Hose Bib Tap-frg,Sorento Hose Bib Tap-frg,no
BAS-SOR-SRTWT5865-GY,PCS,Sorento Hose Bib Tap-golden Ylw,Sorento Hose Bib Tap-golden Ylw,no
BOS-2608-606-069,SET,Sanding Belt G40,Sanding Belt G40,no
BOS-2608-606-072,SET,Sanding Belt G100,Sanding Belt G100,no
BOS-2608-606-074,SET,Sanding Belt G220,Sanding Belt G220,no
BOS-2608-638-473,PCS,Jigsaw Blade T123X,Jigsaw Blade T123X,no
FAN-CEI-KDK-K14X2,SET,Kdk Ceiling Fan 56 Pbr,Kdk Ceiling Fan 56 Pbr,no
"FIT-BUT-STR-MALE-20MMX1/2""",PCS,Buteline 20MMX1/2 PE Straight Male,Buteline 20MMX1/2 PE Straight Male,no
GAR-SHE-SB525-3M,PCS,Telescopic Tree Prunner Saw 3M,Telescopic Tree Prunner Saw 3M,no
GRA-SOR-SRT382-6,PCS,Sorento Washing Machine Floor Trap,Sorento Washing Machine Floor Trap,no
MEA-TAP-GLO-A030M,PCS,Glotool Measuring Tape (type A) 30M,Glotool Measuring Tape (type A) 30M,no
NIE-SOC-IMP-THI-1/2-19MM,PCS,Nietz Thin Wall Deep Imp Socket 6PT 50141219 19MM,Nietz Thin Wall Deep Imp Socket 6PT 50141219 19MM,no
PSN-MJ-DJ01SSL,PCS,Juicer-silver,Juicer-silver,no
SIN-CAB-CKS319,PCS,Cabana S/s Kitchen Sink,Cabana S/s Kitchen Sink,no
ADH-TAP-MAS-18MM,PCS,Glotool Masking Tape 18MM X 15 Yd,Glotool Masking Tape 18MM X 15 Yd,no
BOS-0603-264-670,UNIT(S),Pkp 3.6 Li Cordless Hot Glue Gun,Pkp 3.6 Li Cordless Hot Glue Gun,no
BOS-2608-585-875,SET,Hss-g Cobal Bit 2.5MM (SET),Hss-g Cobal Bit 2.5MM (SET),no
BOS-2608-595-059,SET,Hss-g Metal Bit 4.0MM (SET),Hss-g Metal Bit 4.0MM (SET),no
ELE-CEI-LIG-15186/96W,PCS,Ceiling Light 3CLR 15186/96W,Ceiling Light 3CLR 15186/96W,no
ELE-D/L-PHI-LED-13W,PCS,Philips Essential 13W E27 LED Bulb,Philips Essential 13W E27 LED Bulb,no
"FIT-BUT-ELB-MALE-25MMX3/4""",PCS,Buteline 25MMX3/4 PE Elbow Male,Buteline 25MMX3/4 PE Elbow Male,no
MEA-TAP-STE-GLO-10M,PCS,Glotool Steel Tape Type:b 10.0M,Glotool Steel Tape Type:b 10.0M,no
MIX-DEK-MX907B,PCS,Dekka KF-907B Mixer,Dekka KF-907B Mixer,no
VAL-ANG-SRTWT908SS,PCS,Sorento S/steel Angle Valve,Sorento S/steel Angle Valve,no
BAT-STA-SCB12S,PCS,Battery 12V Max (10.8V) 1.5AH Stanley,Battery 12V Max (10.8V) 1.5AH Stanley,no
BOS-0601-980-5L0,UNIT,Gbl 620 Blower,Gbl 620 Blower,no
BOS-2608-615-056,PCS,Diamond Cutting Blade Concrete,Diamond Cutting Blade Concrete,no
BOS-2608-680-293,PCS,Sds + Drill Bit S3 22 X 400/460MM,Sds + Drill Bit S3 22 X 400/460MM,no
BRU-END-HAW-509062,PCS,Glotool E/brush (b) 19MM,Glotool E/brush (b) 19MM,no
GAR-SPR-PRE-L860,PCS,Glotool Pressure Sprayer 16 Litre,Glotool Pressure Sprayer 16 Litre,no
GAS-STO-WH02-013,SET,Warehouse Double Gas Cooker,Warehouse Double Gas Cooker,no
NIE-SOC-HAN-DEE-06P-1/2-30MM,PCS,Nietz Dr Deep Cr Socket (6PT) 50042030 30MM,Nietz Dr Deep Cr Socket (6PT) 50042030 30MM,no
NIE-SOC-HAN-DEE-06P-1/2-32MM,PCS,Nietz Dr Deep Cr Socket (6PT) 50042032 32MM,Nietz Dr Deep Cr Socket (6PT) 50042032 32MM,no
NIETZ-MOU-FLA-WHE-57121060,PCS,Nietz Mounted Flap Wheel 57121060,Nietz Mounted Flap Wheel 57121060,no
NIETZ-MOU-FLA-WHE-57122100,PCS,Nietz Mounted Flap Wheel 57122100,Nietz Mounted Flap Wheel 57122100,no
NIETZ-MOU-FLA-WHE-57142060,PCS,Nietz Mounted Flap Wheel 57142060,Nietz Mounted Flap Wheel 57142060,no
RIC-COO-MID-MRD180B1BDN,PCS,"Midea 1.8L Digital Rice Cooker 760-905W, 6 Present Menus","Midea 1.8L Digital Rice Cooker 760-905W, 6 Present Menus",no
SAF-BOX-YSS380,UNIT,Yale Yss 380 Standard Safe ( File),Yale Yss 380 Standard Safe ( File),no
SHO-CAB-CSS8801,PCS,Cab Exposed Shower Set,Cab Exposed Shower Set,no
SHO-SAN-SSP-6005503SS,PCS,S600 3WAY Bath Shower Set For Water Heater,S600 3WAY Bath Shower Set For Water Heater,no
TAP-CAB-CB4942-BL,PCS,Cabana High Basin Cold Tap (matt Black),Cabana High Basin Cold Tap (matt Black),no
TOO-NIE-PLU-COU-30PM,PCS,Nietz Quick Coupler Plug 30PM,Nietz Quick Coupler Plug 30PM,no
TOW-SRT764-24-CR,PCS,Srt Moveable Towel Shelf 600MM (chrome),Srt Moveable Towel Shelf 600MM (chrome),no
BOS-0601-394-0L0,UNIT,Gws 750 Angle Grinder,Gws 750 Angle Grinder,no
BOS-F016-800-536,PCS,Bosch 360 Degree Gun Aqt 100,Bosch 360 Degree Gun Aqt 100,no
ELE-D/L-LEDT140-100-6-100W,PCS,Arex Eco LED T140 100W E27,Arex Eco LED T140 100W E27,no
ELE-PEN-170/BK-E27,PCS,Pendant Lamp 170-BK,Pendant Lamp 170-BK,no
GLU-EPO-356G,SET,Pioneer Epoxy Glue 356G X,Pioneer Epoxy Glue 356G X,no
"NIE-HAN-L-1/2""",PCS,Nietz Dr L Hdl (CR-MO)50047610 10IN,Nietz Dr L Hdl (CR-MO)50047610 10IN,no
NIP-ECO-LR,CAN,1L 811-0736 Eco 200 Red Lr,1L 811-0736 Eco 200 Red Lr,no
PAI-SPR-SAM-012,PCS,Samurai Spray Paint 12 Yellow,Samurai Spray Paint 12 Yellow,no
SIN-CAB-CKS315,PCS,Cabana S/steel Kitchen Sink CKS315,Cabana S/steel Kitchen Sink CKS315,no
TOO-COM-GLO-21MM,PCS,Glotool Combination Wrench 21MM,Glotool Combination Wrench 21MM,no
TOO-HAM-CRO-GT16MM,PCS,Glotool Cross Pein Hammer 16MM,Glotool Cross Pein Hammer 16MM,no
BOS-2608-680-272,PCS,Sds + Drill Bit S3 8 X 200/260MM,Sds + Drill Bit S3 8 X 200/260MM,no
BOS-2608-900-551,PCS,Jigsaw Blade T308B,Jigsaw Blade T308B,no
FAN-CEI-KDK-K14XZ,SET,Kdk Ceiling Fan,Kdk Ceiling Fan,no
"FIT-BUT-CON-MALE-25MMX3/4""",PCS,Buteline 25MMX3/4 PE Tank Connector Male,Buteline 25MMX3/4 PE Tank Connector Male,no
"FIT-BUT-STR-MALE-20MMX3/4""",PCS,Buteline 20MMX3/4 PE Straight Male,Buteline 20MMX3/4 PE Straight Male,no
SIN-SKS-4440,PCS,Sp S600 Single Bowl Kitchen Sink,Sp S600 Single Bowl Kitchen Sink,no
TOO-NIE-SOC-HDL-10MM,PCS,Nietz T Hdl Deep Socket Wrch (6PT)50050210 10MM,Nietz T Hdl Deep Socket Wrch (6PT)50050210 10MM,no
ALP-WAT-HEA-CX9-EP-MOC,UNIT,Alpha Instant Water Heater Rainshower-dk Mocha,Alpha Instant Water Heater Rainshower-dk Mocha,no
ALP-WAT-HEA-IM-9EP-BLK,UNIT,Alpha Instant Water Plus Rainshower-blk,Alpha Instant Water Plus Rainshower-blk,no
BOS-2608-680-285,PCS,Sds + Drill Bit S3 16 X,Sds + Drill Bit S3 16 X,no
ELE-D/L-PHI-LED-11W/E27-YEL,PCS,Philips Essential 11W E27 LED Bulb,Philips Essential 11W E27 LED Bulb,no
ELE-D/L-PHI-LED-5W-ESS,PCS,Philips Essential 5W E27 LED Bulb,Philips Essential 5W E27 LED Bulb,no
EXH-FAN-OS-18EF,PCS,Osaki Industrial Exhaust Fan 18 240V,Osaki Industrial Exhaust Fan 18 240V,no
"FAN-WALL-KDK-KU408-16""",PCS,Kdk Wall FAN-16 KU408,Kdk Wall FAN-16 KU408,no
GAS-STO-BGC-8823,PCS,Butterfly Double Gas Stove BGC-8823,Butterfly Double Gas Stove BGC-8823,no
"NIE-ADA-1/2""X3/4""",PCS,Nietz Adaptor 50046746,Nietz Adaptor 50046746,no
NIE-SOC-HAN-DEE-06P-1/2-11MM,PCS,Nietz Dr Deep Cr Socket (6PT) 50042011 11MM,Nietz Dr Deep Cr Socket (6PT) 50042011 11MM,no
NIE-SOC-HAN-DEE-12P-1/2-12MM,PCS,Nietz Dr Deep Cr Socket (12PT) 50045012 12MM,Nietz Dr Deep Cr Socket (12PT) 50045012 12MM,no
PAI-SPR-SAM-003,PCS,Samurai Spray Paint 3 Silver,Samurai Spray Paint 3 Silver,no
RUB-BAN-38MM,PCK,1.5 Rubber Band,1.5 Rubber Band,no
TAP-CAB-CB4944-CR,PCS,Cabana High Basin Cold Tap,Cabana High Basin Cold Tap,no
TOO-NIE-PLU-COU-30PF,PCS,Nietz Quick Coupler Plug 30PF,Nietz Quick Coupler Plug 30PF,no
TOO-NIE-PLU-COU-40SH,PCS,Nietz Quick Coupler Socket 40SH,Nietz Quick Coupler Socket 40SH,no
BOS-2608-595-334,PCS,Hss-g Metal Bit 4.8MM,Hss-g Metal Bit 4.8MM,no
BOS-2608-615-025,PCS,Diamond Cutting Blade Universal,Diamond Cutting Blade Universal,no
BOS-2608-680-273,PCS,Sds + Drill Bit S3 10 X 100/160MM,Sds + Drill Bit S3 10 X 100/160MM,no
"FAN-VEN-KDK-20WUD-8""",PCS,8 Kdk Glass Mount Ventilator Fan,8 Kdk Glass Mount Ventilator Fan,no
TOO-COM-GLO-17MM,PCS,Glotool Combination Wrench 17MM,Glotool Combination Wrench 17MM,no
TOO-COM-GLO-32MM,PCS,Glotool Combination Wrench 32MM,Glotool Combination Wrench 32MM,no
TOO-HAM-CRO-GT14MM,PCS,Glotool Cross Pein Hammer 14MM,Glotool Cross Pein Hammer 14MM,no
TOO-NIE-MAG-1.5LB-50521024,PCS,Nietz Flexible Shaft Magnetic Pick,Nietz Flexible Shaft Magnetic Pick,no
BOS-2608-680-291,PCS,Sds + Drill Bit S3 20 X 400/460MM,Sds + Drill Bit S3 20 X 400/460MM,no
BUL-FFL-40W-B22-FROST,PCS,Ffl 40W B22 Standard Bulb-frost,Ffl 40W B22 Standard Bulb-frost,no
COC-SOR-SRTWT2201,UNIT,Sorento Wall Mounted Kitchen,Sorento Wall Mounted Kitchen,no
ELE-TUB-LED-2FT-10W-6500K,PCS,9W LED Glass Tube,9W LED Glass Tube,no
"FIT-BUT-TEE-MALE-25MMX3/4""",PCS,Buteline 25MMX3/4 PE Tee Male,Buteline 25MMX3/4 PE Tee Male,no
GRA-SOR-SRT6643-GM,PCS,Sorento Anti Odour Floor Trap,Sorento Anti Odour Floor Trap,no
GUM-HAR-RS900B,PCS,Silicone Hardex Neutral Black,Silicone Hardex Neutral Black,no
"IND-SLO-ANG-1.5""X1.5""",PCS,Glotool Slotted Angle 1.5 X 1.5,Glotool Slotted Angle 1.5 X 1.5,no
MIX-CAB-C8122,PCS,Cabana Bath/shower MIXER-C8122,Cabana Bath/shower MIXER-C8122,no
SIN-CAV-CA1842C,PCS,Cavallo S/steel Sink CA1842C,Cavallo S/steel Sink CA1842C,no
TOO-NIE-PLU-COU-800PHA,PCS,Nietz High Flow Quick Coupler Plug 50861802,Nietz High Flow Quick Coupler Plug 50861802,no
BOS-2608-585-875,PCS,Hss-g Cobal Bit 2.5MM (PCS),Hss-g Cobal Bit 2.5MM (PCS),no
FAN-CEI-KHI-BLK-CF615E,SET,B - 60 Ceiling Fan (3 IN 1) - Black,B - 60 Ceiling Fan (3 IN 1) - Black,no
HAN-CLE-3.78L-58550369,CAN,Nietz Industrial Hand Cleaner,Nietz Industrial Hand Cleaner,no
INS-IS1503,SET,Wall Hung Basin & Pedestal Set,Wall Hung Basin & Pedestal Set,no
TOO-NIE-SOC-KEY-L12MM,PCS,Nietz 1/2 IN Drive Long Allen Bxsocket 50240112 12MM,Nietz 1/2 IN Drive Long Allen Bxsocket 50240112 12MM,no
BAT-ENE-SHD-6V1PVC,PCS,Eveready Shd 6V 1PC,Eveready Shd 6V 1PC,no
BID-CAB-CB88SS-DIY,PCS,Cabana 2WAY Tap S/s 304 Hand Bidet,Cabana 2WAY Tap S/s 304 Hand Bidet,no
BUL-FFL-60W-B22-FROST,PCS,Ffl 60W B22 Standard Bulb-frost,Ffl 60W B22 Standard Bulb-frost,no
DC-DQE1200/10L,SET,Oil-free Air Compressor (10L),Oil-free Air Compressor (10L),no
GAS-REG-BTY182-CT,SET,Butterfly LPG Regulator 182-CT,Butterfly LPG Regulator 182-CT,no
NIE-SOC-HAN-DEE-06P-1/2-25MM,PCS,Nietz Dr Deep Cr Socket (6PT) 50042025 25MM,Nietz Dr Deep Cr Socket (6PT) 50042025 25MM,no
SEN-VAC-BRA-DHS22,PCS,22MM X M10 Sensui Vacuum Brazed Diamo,22MM X M10 Sensui Vacuum Brazed Diamo,no
SINK-TAP-TWN-LUX-LM8865,PCS,Luxmart Twins Spout Wall Sink Tap,Luxmart Twins Spout Wall Sink Tap,no
TAP-CAB-CB5132,UNIT,Cabana Wall-mounted Sink Filter Tap,Cabana Wall-mounted Sink Filter Tap,no
TOO-COM-GLO-15MM,PCS,Glotool Combination Wrench 15MM,Glotool Combination Wrench 15MM,no
TOO-NIE-PLU-COU-20PM,PCS,Nietz Quick Coupler Plug 20PM,Nietz Quick Coupler Plug 20PM,no
WAL-DOW-2117-E27,PCS,Out/d Wall Lamp,Out/d Wall Lamp,no
ADH-TAP-OPP-T80Y,PCS,Glotool Opp Tape 48 MM X 80 Yd (transp),Glotool Opp Tape 48 MM X 80 Yd (transp),no
BID-CAB-CB55CR,UNIT,Cabana Bidet (chrome),Cabana Bidet (chrome),no
BOS-0601-2A8-0L0,UNIT,Gss 140 Orbital Sander,Gss 140 Orbital Sander,no
IND-SCO-SMR-S503TY,PCS,Samurai King Steel Shovel S503TY (PCS),Samurai King Steel Shovel S503TY (PCS),no
NIP-EAS-6003-7L,CAN,7L Easycoat Emulsion 6003 Lime Fizz,7L Easycoat Emulsion 6003 Lime Fizz,no
NIP-FLO-5L-T,CAN,5L Nippon Floor Coating Tint Base,5L Nippon Floor Coating Tint Base,no
RIC-COO-BTY-PL-50,PCS,Butterfly Gas Rice Cooker,Butterfly Gas Rice Cooker,no
SEN-VAC-BRA-DHS20,PCS,20MM X M10 Sensui Vacuum Brazed Diamo,20MM X M10 Sensui Vacuum Brazed Diamo,no
TOO-HAM-CLA-GT27MM,PCS,Glotool Claw Hammer 27MM,Glotool Claw Hammer 27MM,no
VAC-DEC-D1E20V,UNIT,Black+decker 20V Max Pc Dustbuster+ Bat 2.0AH,Black+decker 20V Max Pc Dustbuster+ Bat 2.0AH,no
X-ELE-BUL-D/L-HOM-18W-6500K,PCS,Hermanns LED Bulb E27 18W,Hermanns LED Bulb E27 18W,no
BOS-0600-800-010,ROLL,Bosch Green Hose 10M,Bosch Green Hose 10M,no
BOS-2607-019-115,SET,Hss-g Bit Set 10 Piece,Hss-g Bit Set 10 Piece,no
BOS-2608-595-052,SET,Hss-g Metal Bit 2.2MM,Hss-g Metal Bit 2.2MM,no
BOS-2608-595-053,SET,Hss-g Metal Bit 2.5MM (SET),Hss-g Metal Bit 2.5MM (SET),no
BOS-2608-680-277,PCS,Sds + Drill Bit S3 12 X 100/160MM,Sds + Drill Bit S3 12 X 100/160MM,no
BOX-ICE-100LTR-BLUE,PCS,Insulated Ice Box (ks) - Blue,Insulated Ice Box (ks) - Blue,no
ELE-CEI-LIG-A037/400-3CLR+BL,PCS,Ceiling Light A037-400-3CLR+BL,Ceiling Light A037-400-3CLR+BL,no
FAN-CEI-KDK-15Y2-S-004,SET,Kdk Ceiling Fan 60 Copper,Kdk Ceiling Fan 60 Copper,no
"FAN-VEN-KDK-30AQM8-12""",PCS,Kdk Ventilator FAN-12,Kdk Ventilator FAN-12,no
"FAN-WALL-KDK-KU453-18""",PCS,18 Kdk Wall Fan,18 Kdk Wall Fan,no
GUM-HAR-650,SET,Red Silicone Hardex,Red Silicone Hardex,no
PRO-COAT-Z588-GRY-18KG,TIN,Procoat Z588 Grey 18KG,Procoat Z588 Grey 18KG,no
TOO-DRV-MAG-GLO865,PCS,Glotool Magnetic Bit Holder 8 X 65MM,Glotool Magnetic Bit Holder 8 X 65MM,no
TOO-HAM-CLA-GT23MM,PCS,Glotool Claw Hammer 23MM,Glotool Claw Hammer 23MM,no
BAT-ENE-SHD-9V1PCS,PCK,Eveready Shd 9V 1PC,Eveready Shd 9V 1PC,no
BOS-2608-595-049,PCS,Hss-g Metal Bit 1.0MM,Hss-g Metal Bit 1.0MM,no
BOS-2608-595-053,PCS,Hss-g Metal Bit 2.5MM (PCS),Hss-g Metal Bit 2.5MM (PCS),no
BOS-2608-615-113,PCS,7 Diamond Cutting Blade Universal,7 Diamond Cutting Blade Universal,no
BOS-2608-680-292,PCS,Sds + Drill Bit S3 22 X 200/260MM,Sds + Drill Bit S3 22 X 200/260MM,no
GAS-STO-BGC-868/305,SET,Butterfly SS Double Gas Cooker,Butterfly SS Double Gas Cooker,no
GRA-SOR-SRT6641,PCS,Sorento Anti Odour Floor Trap Satin Finish,Sorento Anti Odour Floor Trap Satin Finish,no
MIR-GLO-S-RR50160A281S(BK),PCS,500X1600(RECTANGULAR) Alum. Frame Mirror Rc-blk (bk),500X1600(RECTANGULAR) Alum. Frame Mirror Rc-blk (bk),no
NIE-SOC-HAN-DEE-06P-1/2-10MM,PCS,Nietz Dr Deep Cr Socket (6PT) 50042010 10MM,Nietz Dr Deep Cr Socket (6PT) 50042010 10MM,no
NIE-SOC-HAN-DEE-06P-1/2-14MM,PCS,Nietz Dr Deep Cr Socket (6PT) 50042014 14MM,Nietz Dr Deep Cr Socket (6PT) 50042014 14MM,no
NIE-SOC-HAN-DEE-06P-1/2-15MM,PCS,Nietz Dr Deep Cr Socket (6PT) 50042015 15MM,Nietz Dr Deep Cr Socket (6PT) 50042015 15MM,no
NIE-SOC-HAN-DEE-06P-1/2-22MM,PCS,Nietz Dr Deep Cr Socket (6PT) 50042022 22MM,Nietz Dr Deep Cr Socket (6PT) 50042022 22MM,no
NIE-SOC-HAN-DEE-12P-1/2-15MM,PCS,Nietz Dr Deep Cr Socket (12PT) 50045015 15MM,Nietz Dr Deep Cr Socket (12PT) 50045015 15MM,no
SHO-SAN-SSP-6005502SS,PCS,S600 2WAY Bath Shower Set For Water Heater,S600 2WAY Bath Shower Set For Water Heater,no
SOA-CAB-CPA1088S,UNIT,Cabana Soap Dispenser (1000ML),Cabana Soap Dispenser (1000ML),no
TOO-NIE-SOC-HDL-13MM,PCS,Nietz T Hdl Deep Socket Wrch (6PT)50050213 13MM,Nietz T Hdl Deep Socket Wrch (6PT)50050213 13MM,no
VAL-SAN-SW-SS-AV-77,PCS,Saniware Angle Valve SW-SS-AV-77,Saniware Angle Valve SW-SS-AV-77,no
VAL-SAN-SW-SS-AV-80,PCS,Saniware Angle Valve SW-SS-AV-80,Saniware Angle Valve SW-SS-AV-80,no
VAL-SOR-SRTWT806,PCS,Sorento S/s Chrome Plated Angle Valve,Sorento S/s Chrome Plated Angle Valve,no
BOS-1619-P07-571,SET,Carbon Brush Gws 060,Carbon Brush Gws 060,no
BOS-2608-630-058,PCS,Jigsaw Blade T244D,Jigsaw Blade T244D,no
BOS-2608-680-290,PCS,Sds + Drill Bit S3 20 X 200/260MM,Sds + Drill Bit S3 20 X 200/260MM,no
CIMA-1618/L/24W/G,SET,Cei/lamp Ic Control 1618/22W/G,Cei/lamp Ic Control 1618/22W/G,no
ELE-D/L-PLC-LED-9W,PCS,Philips LED Plc 9W 865 2P G24D,Philips LED Plc 9W 865 2P G24D,no
"FAN-WALL-NIKO-26""",PCS,Niko Fi- 26 Ind. Wall Fan 240V,Niko Fi- 26 Ind. Wall Fan 240V,no
NIETZ-MOU-FLA-WHE-57121100,PCS,Nietz Mounted Flap Wheel 57121100,Nietz Mounted Flap Wheel 57121100,no
NIETZ-MOU-FLA-WHE-57122080,PCS,Nietz Mounted Flap Wheel 57122080,Nietz Mounted Flap Wheel 57122080,no
NIETZ-MOU-FLA-WHE-57122120,PCS,Nietz Mounted Flap Wheel 57122120,Nietz Mounted Flap Wheel 57122120,no
TAP-SAN-SWP-SS-304-3938,PCS,Double Spout Kitchen Wall Sink Tap,Double Spout Kitchen Wall Sink Tap,no
TOO-COM-GLO-19MM,PCS,Glotool Combination Wrench 19MM,Glotool Combination Wrench 19MM,no
ALP-WAT-HEA-X5E,UNIT,Alpha Instant Water Heater X5-E,Alpha Instant Water Heater X5-E,no
BOS-2608-680-288,PCS,Sds + Drill Bit S3 18 X 200/260MM,Sds + Drill Bit S3 18 X 200/260MM,no
ELE-TUB-LED-22W-3000K,PCS,Ilite LED T8 1.2M 22W - 3000K,Ilite LED T8 1.2M 22W - 3000K,no
EXH-FAN-OS-16EF,PCS,Osaki Industrial Exhaust Fan 16 240V,Osaki Industrial Exhaust Fan 16 240V,no
FAN-TAB-MID-MF-16FT17NB,PCS,Midea 16 Table Fan,Midea 16 Table Fan,no
HHD-FLU-S300A-50MM,SET,Dual Flush Push,Dual Flush Push,no
NIETZ-MOU-FLA-WHE-57110060,PCS,Nietz Mounted Flap Wheel 57110060,Nietz Mounted Flap Wheel 57110060,no
NIP-ODO-SFT-MATT-5L-P,CAN,5L Nippon Odourlite Soft Matt - P,5L Nippon Odourlite Soft Matt - P,no
TAP-CAB-CB4907,UNIT,Cabana Basin Cold Tap CB4907,Cabana Basin Cold Tap CB4907,no
TAP-CAB-CB5189,UNIT,Cabana Pillar-mounted Sink Tap CB5189,Cabana Pillar-mounted Sink Tap CB5189,no
TOO-COM-GLO-22MM,PCS,Glotool Combination Wrench 22MM,Glotool Combination Wrench 22MM,no
TOO-HAM-CHI-GT0.3KG,PCS,Glotool Chipping Hammer 0.3KG,Glotool Chipping Hammer 0.3KG,no
TOO-NIE-PLU-COU-40PM,PCS,Nietz Quick Coupler Plug 40PM,Nietz Quick Coupler Plug 40PM,no
X-ALP-WAT-HEA-AS-2EP-SIL,UNIT,Alpha Instant Water Heater AS-2EP-SIL,Alpha Instant Water Heater AS-2EP-SIL,no
ADH-TAP-OPP-B80Y,PCS,Glotool Opp Tape 48 MM X 80 Yd (brown),Glotool Opp Tape 48 MM X 80 Yd (brown),no
BOS-0601-072-5K0,UNIT,Glm 30 Laser Rangefinder,Glm 30 Laser Rangefinder,no
BOS-2609-110-357,PCS,Planning Knife Gho 6500,Planning Knife Gho 6500,no
ELE-D/L-MGM-MQTL1119-SQ,PCS,"Mgm 6""/SQ LED Panel Light","Mgm 6""/SQ LED Panel Light",no
NIE-SOC-HAN-DEE-06P-1/2-20MM,PCS,Nietz Dr Deep Cr Socket (6PT) 50042020 20MM,Nietz Dr Deep Cr Socket (6PT) 50042020 20MM,no
NIP-FLO-5L-D,CAN,5L Nippon Floor Coating Deep Base,5L Nippon Floor Coating Deep Base,no
PAI-SPR-SAM-002,PCS,Samurai Spray Paint 2 White,Samurai Spray Paint 2 White,no
TOO-COM-GLO-27MM,PCS,Glotool Combination Wrench 27MM,Glotool Combination Wrench 27MM,no
TOO-NIE-SOC-HDL-08MM,PCS,Nietz T Hdl Deep Socket Wrch (6PT)50050208 8MM,Nietz T Hdl Deep Socket Wrch (6PT)50050208 8MM,no
TOO-NIE-SOC-HDL-14MM,PCS,Nietz T Hdl Deep Socket Wrch (6PT)50050214 14MM,Nietz T Hdl Deep Socket Wrch (6PT)50050214 14MM,no
BOS-2608-602-523,PCS,105MM Universal Diamond Cutting Disc,105MM Universal Diamond Cutting Disc,no
"CHA-SAW-CHAIN-3610-16""",PCS,16 Stihl Chain,16 Stihl Chain,no
ELE-CEI-LIG-9402/400-3CLR,PCS,Ceiling Light 9402-400 3CLR,Ceiling Light 9402-400 3CLR,no
FAN-CEI-SIB-SA42,SET,Siberiair Ceiling Fan Black - SA42,Siberiair Ceiling Fan Black - SA42,no
"FAN-VEN-KDK-15WUD-6""",PCS,6 Kdk Glass Mount Ventilator Fan,6 Kdk Glass Mount Ventilator Fan,no
"FAN-VEN-KDK-20TGQF-8""",PCS,Kdk Ceiling V-FAN-8,Kdk Ceiling V-FAN-8,no
FAN-WALL-BWF-8051R,SET,Butterfly 8 Wall Fan W Remote Control (black),Butterfly 8 Wall Fan W Remote Control (black),no
LEO-SUS304-LSSB2202P,PCS,Leon Sus 304 2 Way Pillar Sink Tap,Leon Sus 304 2 Way Pillar Sink Tap,no
MIR-GLO-S-GLC4001N(LED),PCS,Dia. (round) LED Mirror (led),Dia. (round) LED Mirror (led),no
PUM-WTR-JHP3-40,UNIT,Water Pump Complete Set JHP3-40,Water Pump Complete Set JHP3-40,no
TOO-COM-GLO-26MM,PCS,Glotool Combination Wrench 26MM,Glotool Combination Wrench 26MM,no
BAS-SOR-SRTW1100-BL,PCS,Sorento Pop Up Waste 80MM Over Flow,Sorento Pop Up Waste 80MM Over Flow,no
BAS-SOR-SRTW1200-BL,PCS,Sorento Pop Up Waste 80MM W/o Over Flow,Sorento Pop Up Waste 80MM W/o Over Flow,no
GAR-SHE-SB525-4M,PCS,Telescopic Tree Prunner Saw 4M,Telescopic Tree Prunner Saw 4M,no
NIE-SOC-HAN-DEE-06P-1/2-23MM,PCS,Nietz Dr Deep Cr Socket (6PT) 50042023 23MM,Nietz Dr Deep Cr Socket (6PT) 50042023 23MM,no
NIP-IND-ENA-228-800-5L,CAN,5L Nippon Ind Enamel 228 Black 800,5L Nippon Ind Enamel 228 Black 800,no
NIP-IND-ENA-228-999-5L,CAN,5L Nippon Ind Enamel 228 White 999,5L Nippon Ind Enamel 228 White 999,no
PRO-COAT-Z388-WHI,TIN,Procoat Z388 White 4KG,Procoat Z388 White 4KG,no
TOO-HAM-CRO-GT18MM,PCS,Glotool Cross Pein Hammer 18MM,Glotool Cross Pein Hammer 18MM,no
TOO-NIE-ALL-KEY-17MM,PCS,Nietz E/long Ball Point Satin Wrch 53252170 17MM,Nietz E/long Ball Point Satin Wrch 53252170 17MM,no
TOO-NIE-PLU-COU-600PHA,PCS,Nietz High Flow Quick Coupler Plug 50861602,Nietz High Flow Quick Coupler Plug 50861602,no
WAS-BAS-IS8025A,NOS,IS8025A Art Basin,IS8025A Art Basin,no
X-ELE-D/L-OSR-10W-E27,PCS,Osram 10W LED Stick E27,Osram 10W LED Stick E27,no
BAT-ENE-GOL-AA2PC,PCK,Eveready Gold Aa 2 Pc,Eveready Gold Aa 2 Pc,no
FAN-STA-PSN-F-MX405-CA,PCS,MX405-16 Stand Fan (champagne),MX405-16 Stand Fan (champagne),no
FAN-TAB-DEKKA-FNBF-16,PCS,Dekka D/c Fan,Dekka D/c Fan,no
GAS-STO-BGC-848,SET,Butterfly S/s Double Gas Cooker,Butterfly S/s Double Gas Cooker,no
GAS-STO-HM-HGB-811,UNIT,Homa Plus Cast Iron Stove (5.5KG)-HGB811,Homa Plus Cast Iron Stove (5.5KG)-HGB811,no
GAS-STO-WGC-7532,SET,Warehouse Gas Cooker,Warehouse Gas Cooker,no
IND-CEM-EC-18KG,BAG,Ec Bonding Powder 2 IN 1,Ec Bonding Powder 2 IN 1,no
NIE-PLU-SOC-50046921,PCS,Nietz Spark Plug W/magnetic (6PT) 50046921,Nietz Spark Plug W/magnetic (6PT) 50046921,no
NIE-SOC-HAN-DEE-06P-1/2-17MM,PCS,Nietz Dr Deep Cr Socket (6PT) 50042017 17MM,Nietz Dr Deep Cr Socket (6PT) 50042017 17MM,no
NIP-EAS-5170-7L,CAN,7L Easycoat Emulsion 5170 Balinese Green,7L Easycoat Emulsion 5170 Balinese Green,no
NIP-EAS-6572-7L,CAN,7L Easycoat Emulsion 6572 Cool Lime,7L Easycoat Emulsion 6572 Cool Lime,no
PAI-SPR-SAM-019,PCS,Samurai Spray Paint 19 Trivoli Blue,Samurai Spray Paint 19 Trivoli Blue,no
PAI-SPR-SAM-024,PCS,Samurai Spray Paint 24 Tropicana,Samurai Spray Paint 24 Tropicana,no
RIC-COO-PSN-BRC-6050,PCS,Butterfly 10L Electric Rice Cooker,Butterfly 10L Electric Rice Cooker,no
SIN-CAB-CKS819,PCS,Cabana S/s Kitchen Sink 600*450*225MM,Cabana S/s Kitchen Sink 600*450*225MM,no
TOO-HAM-CHI-GT0.5KG,PCS,Glotool Chipping Hammer 0.5KG,Glotool Chipping Hammer 0.5KG,no
"TOO-NIE-SOC-HAN-1/2""-16MM",PCS,Nietz Dr Chrome Socket (12PT)50043016 16MM,Nietz Dr Chrome Socket (12PT)50043016 16MM,no
VAC-DEC-DVA315JF,UNIT,Black+decker 10.8V Mpp Hand Vacuum,Black+decker 10.8V Mpp Hand Vacuum,no
DC-DCJZ23-10IEK,SET,Cordless Brushless Driver Drill,Cordless Brushless Driver Drill,no
DRI-SDS-GT02-16260,PCS,Glotool Sds Drill 16 X 260MM,Glotool Sds Drill 16 X 260MM,no
"FAN-VEN-KDK-25TGQZ-10""",PCS,Kdk Ventilator FAN-10 25TGQ7,Kdk Ventilator FAN-10 25TGQ7,no
"FAN-WALL-KDK-KU-408-YG-16""",PCS,Kdk Wall FAN-16 KU408-YG,Kdk Wall FAN-16 KU408-YG,no
GAS-STO-BGC-8826,PCS,Butterfly Double Gas Stove BGC-8826,Butterfly Double Gas Stove BGC-8826,no
HDD-TOI-COV-TSS-4127,PCS,Soft Close Toilet Seat And Cover,Soft Close Toilet Seat And Cover,no
NIE-SOC-HAN-DEE-06P-1/2-28MM,PCS,Nietz Dr Deep Cr Socket (6PT) 50042028 28MM,Nietz Dr Deep Cr Socket (6PT) 50042028 28MM,no
NIE-SOC-HAN-DEE-06P-1/2-29MM,PCS,Nietz Dr Deep Cr Socket (6PT) 50042029 29MM,Nietz Dr Deep Cr Socket (6PT) 50042029 29MM,no
NIP-ZIN-GRE-GRE-5L,CAN,5L Nippon Zinc Phosphate Pr Fd Grey Green,5L Nippon Zinc Phosphate Pr Fd Grey Green,no
PUM-WTR-JHP2-30,UNIT,Water Pump Complete Set JHP2-30,Water Pump Complete Set JHP2-30,no
TOO-COM-GLO-13MM,PCS,Glotool Combination Wrench 13MM,Glotool Combination Wrench 13MM,no
TOO-HAM-CLA-GT21MM,PCS,Glotool Claw Hammer 21MM,Glotool Claw Hammer 21MM,no
WAL-DOW-6003S/1W-BLK,PCS,Out/d Wall Light 6003 S/1W - Blk,Out/d Wall Light 6003 S/1W - Blk,no
BOS-2608-631-013,PCS,Jigsaw Blade T118A,Jigsaw Blade T118A,no
CIMA-SD-L/200Y/36W/WH/3C,SET,36W L/surface D/light Round,36W L/surface D/light Round,no
ELE-CEI-LIGY007/500/96-3CL,PCS,Ceiling Light 3CLR Y-007-500-96W,Ceiling Light 3CLR Y-007-500-96W,no
FAN-STA-OS-20SF,PCS,Osaki Commercial Stand Fan 20,Osaki Commercial Stand Fan 20,no
FAN-STA-PSN-F-MX405-BC,PCS,MX405-16 Stand Fan (purplish Blue),MX405-16 Stand Fan (purplish Blue),no
"FAN-VEN-KDK-25AQM7-10""",PCS,Kdk Ventilator FAN-10 25AQM7,Kdk Ventilator FAN-10 25AQM7,no
GLU-EPO-145G,SET,Pioneer Epoxy Glue 146G X,Pioneer Epoxy Glue 146G X,no
NIE-SOC-HAN-DEE-06P-1/2-12MM,PCS,Nietz Dr Deep Cr Socket (6PT) 50042012 12MM,Nietz Dr Deep Cr Socket (6PT) 50042012 12MM,no
NIE-SOC-HAN-DEE-12P-1/2-14MM,PCS,Nietz Dr Deep Cr Socket (12PT) 50045014 14MM,Nietz Dr Deep Cr Socket (12PT) 50045014 14MM,no
PRO-COAT-Z388-GRY-18KG,TIN,Procoat Z388 Grey 18KG,Procoat Z388 Grey 18KG,no
SHO-HAN-SWP-HS-513,SET,Hand Shower With Flexible Hose,Hand Shower With Flexible Hose,no
SIN-CAB-CKS6407,PCS,Cabana Kitchen Sink Nanomagma S/steel 750MM,Cabana Kitchen Sink Nanomagma S/steel 750MM,no
SIN-SKS-7645,PCS,Stainless Steel Single Bowl K/sink,Stainless Steel Single Bowl K/sink,no
TOO-COM-GLO-24MM,PCS,Glotool Combination Wrench 24MM,Glotool Combination Wrench 24MM,no
ALP-WAT-HEA-5000EP-WHI,UNIT,Alpha Instant Water Heater 5000EP-WHI,Alpha Instant Water Heater 5000EP-WHI,no
BOS-1619-PC1-798,PCS,Mixer Attachment Grw 140,Mixer Attachment Grw 140,no
DC-Z1G-FF-15,SET,Percussion Hammer,Percussion Hammer,no
ELE-CAB-SPEAKER-FAJAR-30/0.18MMX2C,COIL,Fajar 30/0.18 X 2 Core Speaker Wire 100M,Fajar 30/0.18 X 2 Core Speaker Wire 100M,no
ELE-CEI-LIG-3004/96W 3CLR,PCS,Ceiling Light 3CLR 3004-96W,Ceiling Light 3CLR 3004-96W,no
FAN-TAB-PSN-F-MN304-GR,PCS,MN304-12 Table Fan (grape Purple),MN304-12 Table Fan (grape Purple),no
FIT-BUT-ELB-25X25MM,PCS,Buteline 25MM X 25MM PE Equal Bend,Buteline 25MM X 25MM PE Equal Bend,no
GAS-STO-BGC-933/305,PCS,Butterfly SS Double G/cooker,Butterfly SS Double G/cooker,no
HOS-GAR-ORA-160330,ROLL,Karyon 16MM (5/8)X3MMX30M Super UV Fancy Hose (ora),Karyon 16MM (5/8)X3MMX30M Super UV Fancy Hose (ora),no
SIN-SWP-10549,PCS,Triple Bowl Kitchen Sink,Triple Bowl Kitchen Sink,no
SPR-BID-SWP-SS304-75S,SET,S/s Spray Bidet 1.2MM Fle Hose,S/s Spray Bidet 1.2MM Fle Hose,no
TAP-CAB-CB3803,UNIT,Cabana Pillar-mounted Sink Tap CB3803,Cabana Pillar-mounted Sink Tap CB3803,no
BOS-2608-522-265,PCS,Screwdriver Bit (PH2-SL6-65),Screwdriver Bit (PH2-SL6-65),no
BOS-F016-F04-464,PCS,Trigger Aqt 35-12/ 37-13/ 42-13,Trigger Aqt 35-12/ 37-13/ 42-13,no
"CHA-SAW-CHAIN-3610-18""",PCS,18 Stihl Chain,18 Stihl Chain,no
CIMA-HY-C003/L/32W,SET,L/ceiling Lamp 32W - D/l,L/ceiling Lamp 32W - D/l,no
COC-BAS-CVL-2056,PCS,Cavallo Basin Tap,Cavallo Basin Tap,no
COMPRESSOR-ABKS-AB3.0HP-100L,UNIT,Abks 3.0HP 100L Air Compressor,Abks 3.0HP 100L Air Compressor,no
DOR-WOO-KY800,PCS,KY800(7J) 33 3/4 X 83,KY800(7J) 33 3/4 X 83,no
ELE-BUL-E27-16W-3CLR,PCS,LED Ens Jagung 3CLR,LED Ens Jagung 3CLR,no
"FIT-BUT-STR-MALE-25MMX3/4""",PCS,Buteline 25MMX3/4 PE Straight Male,Buteline 25MMX3/4 PE Straight Male,no
HOS-GAR-SET-ECO20M1108,SET,Ecogreen- Iron Hose Reel Set / 20M,Ecogreen- Iron Hose Reel Set / 20M,no
NIETZ-MOU-FLA-WHE-57131080,PCS,Nietz Mounted Flap Wheel 57131080,Nietz Mounted Flap Wheel 57131080,no
NIP-ECO-OG,CAN,1L 811-5554 Eco 100 Oxide Green Og,1L 811-5554 Eco 100 Oxide Green Og,no
OIL-MOT-W2T-1L,BTL,Advance W2T - 1L,Advance W2T - 1L,no
PAI-SPR-SAM-F2,PCS,Samurai Spray Paint F2 Flat White,Samurai Spray Paint F2 Flat White,no
PRO-COAT-Z588-GRY,TIN,Procoat Z588 Grey 4KG,Procoat Z588 Grey 4KG,no
PYE-WOO-VAR-1L,TIN,PYE Wood VARNISH-1L,PYE Wood VARNISH-1L,no
TOO-COM-GLO-11MM,PCS,Glotool Combination Wrench 11MM,Glotool Combination Wrench 11MM,no
BAS-CAB-CWB1409-CB,PCS,Cabana Counter Top Basin,Cabana Counter Top Basin,no
BOS-2608-680-270,PCS,Sds + Drill Bit S3 8 X 100/160MM,Sds + Drill Bit S3 8 X 100/160MM,no
BUL-FFL-100W-E27-FROST,PCS,Ffl 100W E27 Standard Bulb-frost,Ffl 100W E27 Standard Bulb-frost,no
COC-SINK-LUX-K2B-LT8512,PCS,Luxtec Pillar Sink Tap,Luxtec Pillar Sink Tap,no
FAN-CEI-ALP-FC38,UNIT,Cosa CX20 5B/56 Ceiling Fan -led Matt Black,Cosa CX20 5B/56 Ceiling Fan -led Matt Black,no
GRA-CUT-SUMO-SM33,UNIT,Sumo Brush Cutter SM33N,Sumo Brush Cutter SM33N,no
JUG-MID-MK-17BK,PCS,"Midea Kettle MK-17BK, 1.7L Capacity, 2150W Double Wall, Black","Midea Kettle MK-17BK, 1.7L Capacity, 2150W Double Wall, Black",no
LEO-SUS304-TWI-WAL-L2331W,PCS,Leon Sus 304 Twin Arm Wall Sink,Leon Sus 304 Twin Arm Wall Sink,no
NIP-LAT-118,PAIL,18L Nippon Latex 118,18L Nippon Latex 118,no
SIN-CAB-CKS806,PCS,Cabana S/s Kitchen Sink 500*450*210MM,Cabana S/s Kitchen Sink 500*450*210MM,no
TAP-CAB-CB4934-CR,PCS,Cabana Basin Cold Tap CB4934-CR,Cabana Basin Cold Tap CB4934-CR,no
WAL-DOW-82268-2BK,PCS,Up Down Lite,Up Down Lite,no
WAS-BAS-BA802-WHT,NOS,L306 Wall Hung Wash Basin (b),L306 Wall Hung Wash Basin (b),no
BAS-SOR-SRTW5000,PCS,Sorento 80MM Pop Up Waste (W/0 Over Flow),Sorento 80MM Pop Up Waste (W/0 Over Flow),no
BOS-2607-019-116,SET,Hss-g Bit Set 19 Piece,Hss-g Bit Set 19 Piece,no
BOS-2608-680-258,PCS,Sds + Drill Bit S3 5 X 50/110MM,Sds + Drill Bit S3 5 X 50/110MM,no
BOS-2608-680-284,PCS,Sds + Drill Bit S3 14 X 400/460MM,Sds + Drill Bit S3 14 X 400/460MM,no
ELE-CEI-LIG-613/120W-3CLR,PCS,Ceiling Light 3CLR 613-120W,Ceiling Light 3CLR 613-120W,no
ELE-CEI-LIG-616/120W-3CLR,PCS,Ceiling Light 616-120 3CLR,Ceiling Light 616-120 3CLR,no
LEO-SUS304-TWI-L2301WF,PCS,Leon Twins Sink SUS-304 TAP-L2301WF,Leon Twins Sink SUS-304 TAP-L2301WF,no
NIE-SOC-HAN-DEE-06P-1/2-26MM,PCS,Nietz Dr Deep Cr Socket (6PT) 50042026 26MM,Nietz Dr Deep Cr Socket (6PT) 50042026 26MM,no
NIE-SOC-HAN-DEE-06P-1/2-27MM,PCS,Nietz Dr Deep Cr Socket (6PT) 50042027 27MM,Nietz Dr Deep Cr Socket (6PT) 50042027 27MM,no
NIETZ-MOU-FLA-WHE-57131100,PCS,Nietz Mounted Flap Wheel 57131100,Nietz Mounted Flap Wheel 57131100,no
SHE-WOO-43088(3FT),PCS,Rw-cb (m) - 3FT Wood Shelf,Rw-cb (m) - 3FT Wood Shelf,no
TOO-NIE-ALL-KEY-12MM,PCS,Nietz E/long Ball Point Satin Wrch 53252120 12MM,Nietz E/long Ball Point Satin Wrch 53252120 12MM,no
"TOO-NIE-SOC-HAN-1/2""-30MM",PCS,Nietz Dr Chrome Socket (12PT)50043030 30MM,Nietz Dr Chrome Socket (12PT)50043030 30MM,no
WAS-BAS-BA805-WHT,NOS,L303 Wall Hung Wash Basin,L303 Wall Hung Wash Basin,no
BAS-AGRI-BASK-V104,PCS,Rayaco Metal Handle Fruit& Veg Basket 69.5X49X42CM,Rayaco Metal Handle Fruit& Veg Basket 69.5X49X42CM,no
BOS-2608-608-N92,PCS,Fiber Sanding Disc 100MM P24,Fiber Sanding Disc 100MM P24,no
BOS-SM9922,BTL,Sumo 2T Motor Oil (1.0 Liter),Sumo 2T Motor Oil (1.0 Liter),no
CUT-BLA-WOO-15030T,PCS,Glotool 100MM Tct Saw Blade Wood 105MM X 30T,Glotool 100MM Tct Saw Blade Wood 105MM X 30T,no
"FAN-VEN-KDK-20AWM8-8""",PCS,Kdk Ventilator FAN-8,Kdk Ventilator FAN-8,no
FOL-TAB-CN YX-Z122-3X,PCS,4FT. Folding Table (wooden Slats),4FT. Folding Table (wooden Slats),no
GAS-STO-BPG-168,PCS,Butterfly Portable Gas Cooker,Butterfly Portable Gas Cooker,no
HOS-FLE-VIP-6615,PCS,Vip Double Buckle S/s Flexible Hose V-6615,Vip Double Buckle S/s Flexible Hose V-6615,no
HOS-MAC-WAS-OUT-3.0M,PCS,PVC Outlet HOSE-3.0M,PVC Outlet HOSE-3.0M,no
PUM-WTR-CHM4-2H,UNIT,Prodn Intelligent Inverter Water Pump (wifi),Prodn Intelligent Inverter Water Pump (wifi),no
SIN-CAB-CKS7606-GY,PCS,Cabana S/s Undermount Kitchen Sink (gold Ylw),Cabana S/s Undermount Kitchen Sink (gold Ylw),no
SWI-SOC-ELE-TSGY913,PCS,13A Universal Track Socket Grey-blue LED (GY913),13A Universal Track Socket Grey-blue LED (GY913),no
TOO-COM-GLO-29MM,PCS,Glotool Combination Wrench 29MM,Glotool Combination Wrench 29MM,no
TOO-COM-GLO-30MM,PCS,Glotool Combination Wrench 30MM,Glotool Combination Wrench 30MM,no
VAL-SOR-SRTWT808,PCS,Sorento Angle Valve Blue S/steel Chrome,Sorento Angle Valve Blue S/steel Chrome,no
ELE-CAB-PVC-4.00MM-BLK,ROLL,Ktk PVC Cable Black,Ktk PVC Cable Black,no
FAN-CEI-ALP-FV37,UNIT,Alpha Vannus VC3- 3B/52 LED Ceiling Fan - Matt Black,Alpha Vannus VC3- 3B/52 LED Ceiling Fan - Matt Black,no
FAN-TAB-BTF-8001,SET,Butterfly 8 Table Fan (grey+white),Butterfly 8 Table Fan (grey+white),no
HOS-FLE-VIP-6618,PCS,Vip Double Buckle S/s Flexible Hose V-6618,Vip Double Buckle S/s Flexible Hose V-6618,no
LOC-LUG-S822-073,SET,Stanley 20MM Keyed Combo Luggage Pad Lock (blue/grey),Stanley 20MM Keyed Combo Luggage Pad Lock (blue/grey),no
NIE-SOC-HAN-DEE-12P-1/2-21MM,PCS,Nietz Dr Deep Cr Socket (12PT) 50045021 21MM,Nietz Dr Deep Cr Socket (12PT) 50045021 21MM,no
NIP-ECO-OR,CAN,1L 811-1025 Eco 100 Red Oxide Or,1L 811-1025 Eco 100 Red Oxide Or,no
PUM-WTR-MARLINO-CPM190,UNIT,Marlino Centrifugal Pump,Marlino Centrifugal Pump,no
TAP-SAN-SWP-B-3203,PCS,Basin Pillar Cold Tap SWP-SS-304-3203,Basin Pillar Cold Tap SWP-SS-304-3203,no
TOI-CER-CS102WH,NOS,Ceramic Cistern Only - T506(L/W),Ceramic Cistern Only - T506(L/W),no
TOO-COM-GLO-25MM,PCS,Glotool Combination Wrench 25MM,Glotool Combination Wrench 25MM,no
"TOO-NIE-SOC-HAN-1/2""-22MM",PCS,Nietz Dr Chrome Socket (12PT)50043022 22MM,Nietz Dr Chrome Socket (12PT)50043022 22MM,no
ADH-TAP-NISSHO-HCH-SG0100,ROLL,24MM X 10Y Nissho Acyclic Foam Side Tape (red),24MM X 10Y Nissho Acyclic Foam Side Tape (red),no
BOS-2607-017-409,SET,Bosch V-line Set (68PCS),Bosch V-line Set (68PCS),no
BOS-2608-630-030,PCS,Jigsaw Blade T101B,Jigsaw Blade T101B,no
BOS-2608-680-267,PCS,Sds + Drill Bit S3 7 X 50/110MM,Sds + Drill Bit S3 7 X 50/110MM,no
BUT-NUL-ANC-BH02,PCK,BH02 Butterfly Anchor W/screw 10MM (10PCS/PCK),BH02 Butterfly Anchor W/screw 10MM (10PCS/PCK),no
GAS-REG-AER-AZ182,PCS,Aerogaz LPG Gas Regulator L/p,Aerogaz LPG Gas Regulator L/p,no
GRA-CUT-TK-328,UNIT,Tasto Brush Cutter&handle,Tasto Brush Cutter&handle,no
LIG-ECON-LED-LE908,SET,Econlite Keluar Sign (PC)10X White LED (jkr Approved),Econlite Keluar Sign (PC)10X White LED (jkr Approved),no
MIX-CAB-CB4723,PCS,Cabana Bath/shower MIXER-CB4723,Cabana Bath/shower MIXER-CB4723,no
NIP-ZIN-GRE-GRE-1L,CAN,1L Nippon Zinc Chromate Primer Grey Green,1L Nippon Zinc Chromate Primer Grey Green,no
SD-L/203Y/24W/CIE/DL-6500K,SET,Cielo Iv 203Y 24W L/surface D/light (round),Cielo Iv 203Y 24W L/surface D/light (round),no
TOO-HAM-CLA-GT25MM,PCS,Glotool Claw Hammer 25MM,Glotool Claw Hammer 25MM,no
X-STA-HAM-EVO185B1,UNIT,Black+decker Multi Evo Tools + 3 Heads,Black+decker Multi Evo Tools + 3 Heads,no
BAT-ENE-GOL-AAA2PC,PCK,Eveready Gold Aaa 2 Pc,Eveready Gold Aaa 2 Pc,no
BLE-MID-MBL-6010W,PCS,Midea Table Blender 1.25L 600W,Midea Table Blender 1.25L 600W,no
BOS-2608-634-994,PCS,Jigsaw Blade T345XF,Jigsaw Blade T345XF,no
CHE-NTR-WD40-277ML,CAN,WD40 Anti Rust 277ML,WD40 Anti Rust 277ML,no
CUT-BLA-WOO-15040T,PCS,Glotool 100MM Tct Saw Blade Wood 105MM X 40T,Glotool 100MM Tct Saw Blade Wood 105MM X 40T,no
DC-20V-XA+,SET,"20V DCZC04-24Z,DCJZ2060IZ -sets Xa+ /DC-20V","20V DCZC04-24Z,DCJZ2060IZ -sets Xa+ /DC-20V",no
DC-DCPL208EK-20V,SET,Cordless Brushless Impact Driver (20V) (4.0AH X2/4A),Cordless Brushless Impact Driver (20V) (4.0AH X2/4A),no
DC-JZ2060iEK,SET,Cordless Brushless Driver/hammer Drill 20V (4.0AH X2/4A) / DCJZ2060I,Cordless Brushless Driver/hammer Drill 20V (4.0AH X2/4A) / DCJZ2060I,no
ELE-TUB-LED-2FT-20W-6500K,PCS,Hermanns LED 20W,Hermanns LED 20W,no
GUM-HAR-RS900C,PCS,Silicone Hardex Neutral Clear,Silicone Hardex Neutral Clear,no
IND-CAS-SWI-100MM,PCS,4 DL5 Tpr M/duty 2 Bearing Swivel Caster,4 DL5 Tpr M/duty 2 Bearing Swivel Caster,no
NIP-EAS-6117-7L,CAN,7L Easycoat Emulsion 6127 Precious Pink,7L Easycoat Emulsion 6127 Precious Pink,no
NIP-EAS-6166-7L,CAN,7L Easycoat Emulsion 6166 Moody Blue,7L Easycoat Emulsion 6166 Moody Blue,no
PUM-WTR-IPA370IQC,UNIT,I-pump Auto Peripheral Pump 0.5HP,I-pump Auto Peripheral Pump 0.5HP,no
SWI-CON-20A-250W-TC-10020,PCS,Taicon Power Supply 20A 12V 250W (big),Taicon Power Supply 20A 12V 250W (big),no
BOS-2608-602-751,PCS,14 Cutting Disc 14 X 3.0 X 25.4MM,14 Cutting Disc 14 X 3.0 X 25.4MM,no
CIMA-HY-C007/L/32W,SET,L/ceiling Lamp 32W (daylight) HY-C007,L/ceiling Lamp 32W (daylight) HY-C007,no
COC-SIN-DOU-TY6688W,PCS,Double Sink Tap,Double Sink Tap,no
DC-DCPL04-8EK,SET,Cordless Brushless Impact Driver 12V (2.OAH X 2/2A),Cordless Brushless Impact Driver 12V (2.OAH X 2/2A),no
FOL-TAB-CN YX-Z182D,PCS,6FT Folding Table,6FT Folding Table,no
GAS-STO-MQL-C30,SET,Lgp Cast Iron Gas Stove Mql C-30,Lgp Cast Iron Gas Stove Mql C-30,no
HOS-INL-PVC3.0M,PCS,Washing Machine Inlet Hose 3.0M,Washing Machine Inlet Hose 3.0M,no
IND-CAS-SWI-BRA-75MM,PCS,3 DL5 Tpr M/duty 2 Bearing Swivel Caster W D/ Brake,3 DL5 Tpr M/duty 2 Bearing Swivel Caster W D/ Brake,no
NIE-SOC-HAN-DEE-12P-1/2-16MM,PCS,Nietz Dr Deep Cr Socket (12PT) 50045016 16MM,Nietz Dr Deep Cr Socket (12PT) 50045016 16MM,no
OVEN-DEKKA-OV19N,PCS,Dekka Electric Oven OD-19N,Dekka Electric Oven OD-19N,no
PAI-SPR-SAM-001,PCS,Samurai Spray Paint 1 Clear,Samurai Spray Paint 1 Clear,no
PUM-WTR-ADELINO-AWJ4-4,UNIT,Adelino S/s Multi Stage Centrifugal Auto. Pump (1HP),Adelino S/s Multi Stage Centrifugal Auto. Pump (1HP),no
SIN-S/S-CLN-SXST8650R,UNIT,Sanix S/s Double B/sink + Stand,Sanix S/s Double B/sink + Stand,no
SPR-BID-ABS-L300,SET,Leon ABS Bidet,Leon ABS Bidet,no
SWI-CON-5A-TC-10991,PCS,Taicon Power Supply 5A 12V 60W (BIG)-(TC-10991),Taicon Power Supply 5A 12V 60W (BIG)-(TC-10991),no
TAP-PRE-TK-4506S,PCS,Premio: Wall Sink Tap TK-4506S,Premio: Wall Sink Tap TK-4506S,no
TAP-SIN-CAV-CA3818P,PCS,Cavallo Double Tube Sink Tap-pillar,Cavallo Double Tube Sink Tap-pillar,no
ADH-TAP-NISSHO-HCH-SG0077,ROLL,18MM X 10Y Nissho Acyclic Foam Side Tape (red),18MM X 10Y Nissho Acyclic Foam Side Tape (red),no
BAS-SOR-SRTW2600,PCS,Sorento Pop Up Waste,Sorento Pop Up Waste,no
BOS-0601-077-0K0,UNIT,Gvd 1000-17 Voltage Tester,Gvd 1000-17 Voltage Tester,no
BOS-2608-630-031,PCS,Jigsaw Blade T101AO,Jigsaw Blade T101AO,no
BOS-2608-631-014,PCS,Jigsaw Blade T118B,Jigsaw Blade T118B,no
BOS-2608-680-268,PCS,Sds + Drill Bit S3 7 X 100/160MM,Sds + Drill Bit S3 7 X 100/160MM,no
FAN-TAB-PSN-F-MN404-GP,PCS,MN404-16 Table Fan (grape Purple),MN404-16 Table Fan (grape Purple),no
FAS-SCR-DS650HW-MET,BOX,12 X 2 Self Drill Scrw (400PCS/BOX),12 X 2 Self Drill Scrw (400PCS/BOX),no
FOL-TAB-CNYX-Z122-3X,PCS,4FT Folding Table,4FT Folding Table,no
FOL-TAB-CNYX-Z152,PCS,5FT Folding Table (wooden Slats),5FT Folding Table (wooden Slats),no
GLO-LAT-TOP,BOX,Top Glove Latex Exam Disposable H/gloves,Top Glove Latex Exam Disposable H/gloves,no
NIP-SPO-LES-5L-P,CAN,5L Nippon Spot-less Plus Pastel Base,5L Nippon Spot-less Plus Pastel Base,no
TAP-CAB-CB3804,UNIT,Cabana Pillar-mounted Sink Tap CB3804,Cabana Pillar-mounted Sink Tap CB3804,no
"TOO-NIE-SOC-HAN-1/2""-12MM",PCS,Nietz Dr Chrome Socket (12PT)50043012 12MM,Nietz Dr Chrome Socket (12PT)50043012 12MM,no
"TOO-NIE-SOC-HAN-1/2""-14MM",PCS,Nietz Dr Chrome Socket (12PT)50043014 14MM,Nietz Dr Chrome Socket (12PT)50043014 14MM,no
"TOO-NIE-SOC-HAN-1/2""-20MM",PCS,Nietz Dr Chrome Socket (12PT)50043020 20MM,Nietz Dr Chrome Socket (12PT)50043020 20MM,no
BOS-2608-610-001,PCS,Lambwool Bonnet,Lambwool Bonnet,no
BOS-2608-680-282,PCS,Sds + Drill Bit S3 14 X 150/210MM,Sds + Drill Bit S3 14 X 150/210MM,no
ELE-CAB-PVC-4.00MM-RED,ROLL,Ktk PVC Cable Red,Ktk PVC Cable Red,no
ELE-PEN-88001/B-E27,PCS,Aluminium Pendant Lamp 88001/B,Aluminium Pendant Lamp 88001/B,no
ELE-PEN-88005/A-E27,PCS,Aluminium Pendant Lamp 88005/A,Aluminium Pendant Lamp 88005/A,no
FAN-CEI-ALP-FA113,UNIT,Alpha AF22-BT/56 Ceiling Fan-pwt,Alpha AF22-BT/56 Ceiling Fan-pwt,no
GLO-WEL-UNISAFE,PAIR,Unisafe Split Leather Welding Glove 13-1/2,Unisafe Split Leather Welding Glove 13-1/2,no
HOS-GAR-MK-HS-1804-30M,ROLL,PVC Gre/blk Garden Hose,PVC Gre/blk Garden Hose,no
NIE-SOC-HAN-DEE-06P-1/2-09MM,PCS,Nietz Dr Deep Cr Socket (6PT) 50042009 9MM,Nietz Dr Deep Cr Socket (6PT) 50042009 9MM,no
NIE-SOC-HAN-DEE-06P-1/2-16MM,PCS,Nietz Dr Deep Cr Socket (6PT) 50042016 16MM,Nietz Dr Deep Cr Socket (6PT) 50042016 16MM,no
STI-ROL,ROLL,Cc Roll Sticker 101MM X 54MM (barcode),Cc Roll Sticker 101MM X 54MM (barcode),no
SUMO-SM-158,UNIT,Sumo High Pressure Washer 150 BAR,Sumo High Pressure Washer 150 BAR,no
TOI-HOL-GS-K7,PCS,K09 S/steel Paper Holder,K09 S/steel Paper Holder,no
TOO-LEV-SUN-450MM,PCS,Glotool Spirit Level W/f Three Level 18,Glotool Spirit Level W/f Three Level 18,no
WAL-DOW-B204/1W,SET,B204/1 Wall Lamp,B204/1 Wall Lamp,no
BOS-2608-619-766,PC,14 Cutting Disc (14 X 2.8 X 25.4MM),14 Cutting Disc (14 X 2.8 X 25.4MM),no
DOR-ROL-GAT-75MM,PCS,Galv. Gate Bearing With 2PCS Iron Plate (GR680)3,Galv. Gate Bearing With 2PCS Iron Plate (GR680)3,no
"FAN-VEN-KDK-15TGQZ-6""",UNIT,6 Kdk Ceiling Mount Ventilator Fan,6 Kdk Ceiling Mount Ventilator Fan,no
GUIDE BAR-MS230,PCS,18 Stihl Guide BAR,18 Stihl Guide BAR,no
HHD-CIS-DUAL-M0625/N8205-WHI,SET,(6L&3L)DUAL Flush Round Push Button Plastic,(6L&3L)DUAL Flush Round Push Button Plastic,no
MAC-SEA-90000298,PCS,Iron Hand Pressure Sealing Machine/impulse Sealer SF-300/300MM,Iron Hand Pressure Sealing Machine/impulse Sealer SF-300/300MM,no
SINK-TAP-DE115A-RP,NOS,Doe Cp Brs P. Sink Tap W/ A. Line ABS Hdl,Doe Cp Brs P. Sink Tap W/ A. Line ABS Hdl,no
TOO-LEV-SUN-300MM,PCS,Glotool Magnetic Spirit Level 12,Glotool Magnetic Spirit Level 12,no
TOO-LEV-SUN-9200MM,PCS,Glotool Magnetic Spirit Level 48,Glotool Magnetic Spirit Level 48,no
BOS-2608-680-275,PCS,Sds + Drill Bit S3 10 X 200/260MM,Sds + Drill Bit S3 10 X 200/260MM,no
BOS-F016-F04-559,PCS,Plastic Cable (art 23SL),Plastic Cable (art 23SL),no
CLI-HOS-ORB-TS-M00,PCS,Orbit Wing Hose Clip (13-16MM),Orbit Wing Hose Clip (13-16MM),no
KING KONG-HR150-1500L,UNIT,King Kong S/steel Water Tank 1500L,King Kong S/steel Water Tank 1500L,no
NIE-PLU-SOC-50046621,PCS,Nietz Spark Plug Socket 50046621,Nietz Spark Plug Socket 50046621,no
PAI-BRU-730-75MM,PCS,T&t Paint 3,T&t Paint 3,no
PAI-SPR-PMT-004,DOZ,Paint Master Spray Paint - No. 4 Matt Black,Paint Master Spray Paint - No. 4 Matt Black,no
SIN-CAB-CKS7306,PCS,Cabana Kitchen Sink CKS7306,Cabana Kitchen Sink CKS7306,no
TOO-NIE-SOC-HDL-12MM,PCS,Nietz T Hdl Deep Socket Wrch (6PT)50050212 12MM,Nietz T Hdl Deep Socket Wrch (6PT)50050212 12MM,no
"TOO-VIC-GLO-8""",PCS,Glotool Bench Vice 8,Glotool Bench Vice 8,no
WAS-BAS-IS8207,NOS,IS8207 Art Basin,IS8207 Art Basin,no
CHE-DEG-WAT-BAS-50630450,CAN,Nietz Water Based Degreaser 450ML,Nietz Water Based Degreaser 450ML,no
COC-SINK-K505C,SET,Sink Tap:kk Cross Type Pillar 1/2,Sink Tap:kk Cross Type Pillar 1/2,no
GUIDE BAR-MS180,PCS,16 Stihl Guide BAR,16 Stihl Guide BAR,no
NIE-SOC-HAN-DEE-12P-1/2-23MM,PCS,Nietz Dr Deep Cr Socket (12PT) 50045023 23MM,Nietz Dr Deep Cr Socket (12PT) 50045023 23MM,no
PUM-WTR-ADELINO-ACM200,UNIT,Adelino Centrifugal Pump,Adelino Centrifugal Pump,no
SINK-TAP-DE116A-RP,PCS,Doe Cp Brs Wall Sink W/a. Line ABS Hdl,Doe Cp Brs Wall Sink W/a. Line ABS Hdl,no
"TOO-NIE-SOC-HAN-1/2""-23MM",PCS,Nietz Dr Chrome Socket (12PT)50043023 23MM,Nietz Dr Chrome Socket (12PT)50043023 23MM,no
"TOO-NIE-SOC-HAN-1/2""-24MM",PCS,Nietz Dr Chrome Socket (12PT)50043024 24MM,Nietz Dr Chrome Socket (12PT)50043024 24MM,no
BLE-BD335,PCS,Dekka Blender,Dekka Blender,no
CIMA-2822-66-96W,SET,Ceiling Light Ic Control,Ceiling Light Ic Control,no
CIMA-HY-C008/L/32W,SET,L/ceiling Lamp 32W (daylight) HY-C008,L/ceiling Lamp 32W (daylight) HY-C008,no
ELE-BUL-HERM-E27-W/W,PCS,Hermanns LED Candle E27,Hermanns LED Candle E27,no
ELE-CAB-PVC-4.00MM-GRE,ROLL,Ktk PVC Cable Green,Ktk PVC Cable Green,no
ELE-PEN-9393/3,SET,9393/3 Pendant Lamp (E27X3),9393/3 Pendant Lamp (E27X3),no
SHO-CAB-CSA401,UNIT,Cabana S/steel Arm 451MM,Cabana S/steel Arm 451MM,no
SUMO-LT2500N-6,UNIT,Sumo Gasoline Generator LT2500N-6,Sumo Gasoline Generator LT2500N-6,no
TOI-TRP-WC-CWC605-S,PCS,Cab Close-couple Wash Down,Cab Close-couple Wash Down,no
BATH-CBF66409-WHI,PCS,Cab 6 IN 1 S/steel Bathroom Furnit Set-whi,Cab 6 IN 1 S/steel Bathroom Furnit Set-whi,no
BOS-2608-634-503,PCS,Jigsaw Blade T118BF,Jigsaw Blade T118BF,no
BOS-2608-680-257,PCS,Sds + Drill Bit S3 4 X,Sds + Drill Bit S3 4 X,no
ELE-PEN-102/BK-E27,PCS,Pendant Lamp Black 102/BK,Pendant Lamp Black 102/BK,no
ELE-PEN-88010-E27X3,PCS,Pendant Lamp 88010/A,Pendant Lamp 88010/A,no
GUM-HAR-850,SET,Silicone Hardex Clear,Silicone Hardex Clear,no
"IND-TRO-KINTA-10""",UNIT,"King Kong H/d Two Wheel Hand Trolley- (10"")","King Kong H/d Two Wheel Hand Trolley- (10"")",no
MIR-KT8002-500X700,PCS,Mirror Kt 8002-500X700,Mirror Kt 8002-500X700,no
PRO-COAT-Z388-GRY,TIN,Procoat Z388 Grey 4KG,Procoat Z388 Grey 4KG,no
TAP-PRE-TK-3516Q,PCS,Premio: Pillar Sink Tap TK-3516Q,Premio: Pillar Sink Tap TK-3516Q,no
TAP-SIN-CAV-CA3311P,PCS,Double Tube Sink Tap-pillar,Double Tube Sink Tap-pillar,no
BOS-2608-667-446,PCS,Jigsaw Blade For PVC,Jigsaw Blade For PVC,no
BOS-2608-680-283,PCS,Sds + Drill Bit S3 14 X 200/260MM,Sds + Drill Bit S3 14 X 200/260MM,no
BOS-HVLP-888,UNIT,Sumo High Efficiency Paint Spray Gun 1.4MM,Sumo High Efficiency Paint Spray Gun 1.4MM,no
DL5-WAT-FIL-1042/M,PCS,1042 Outdoor Sand Filter Matt,1042 Outdoor Sand Filter Matt,no
FAN-STA-MID-MF-16FS23C-BK,PCS,Midea 16 Stand Fan 50W Black,Midea 16 Stand Fan 50W Black,no
IND-CAS-SWI-75MM,PCS,3 DL5 Tpr M/duty 2 Bearing Swivel Caster,3 DL5 Tpr M/duty 2 Bearing Swivel Caster,no
SWI-CON-30A-360W-TC-10021,PCS,Taicon Power Supply 30A 12V 360W (big),Taicon Power Supply 30A 12V 360W (big),no
TAP-PRE-TK-4516Q,PCS,Premio: Wall Sink Tap TK-4516Q,Premio: Wall Sink Tap TK-4516Q,no
TOO-COM-GLO-23MM,PCS,Glotool Combination Wrench 23MM,Glotool Combination Wrench 23MM,no
TOO-DRI-20V,UNIT,Mr. Mark 20V Brushless Impact Drill (2X3.0AH Batt.),Mr. Mark 20V Brushless Impact Drill (2X3.0AH Batt.),no
"TOO-NIE-SOC-HAN-1/2""-10MM",PCS,Nietz Dr Chrome Socket (12PT)50043010 10MM,Nietz Dr Chrome Socket (12PT)50043010 10MM,no
WAL-DOW-072/1 W,PCS,Wall Light W-072/1,Wall Light W-072/1,no
BOS-2608-615-118,PCS,Diamond Disc Universal 9,Diamond Disc Universal 9,no
BOX-ICE-35LTR-BLUE,PCS,Insulated Ice Box (ks) Blue,Insulated Ice Box (ks) Blue,no
DC-DCJZ1202E,SET,Cordless Driver Drill,Cordless Driver Drill,no
HOS-GAR-SET-ECO15M1107,SET,Ecogreen- Iron Hose Reel Set 15M,Ecogreen- Iron Hose Reel Set 15M,no
HOS-GAR-TF125,ROLL,"Cavallo Twist Free Garden Hose 1/2""X 50M","Cavallo Twist Free Garden Hose 1/2""X 50M",no
IND-CAS-SWI BRA-100MM,PCS,4 DL5 Tpr M/duty 2 Bearing Swivel Caster W D/brake,4 DL5 Tpr M/duty 2 Bearing Swivel Caster W D/brake,no
NIP-TIM-1L-P,CAN,1L Nippon Timbershade Pastel Base,1L Nippon Timbershade Pastel Base,no
SEN-VAC-BRA-DHS19,PCS,19MM X M10 Sensui Vacuum Brazed Diamo,19MM X M10 Sensui Vacuum Brazed Diamo,no
SWI-SOC-ELE-TSBK913,PCS,13A Universal Track Socket Black-blue LED (BK913),13A Universal Track Socket Black-blue LED (BK913),no
TOO-LEV-SUN-600MM,PCS,Glotool Magnetic Spirit Level 24,Glotool Magnetic Spirit Level 24,no
"TOO-NIE-SOC-HAN-1/2""-17MM",PCS,Nietz Dr Chrome Socket (12PT)50043017 17MM,Nietz Dr Chrome Socket (12PT)50043017 17MM,no
"TOO-NIE-SOC-HAN-1/2""-21MM",PCS,Nietz Dr Chrome Socket (12PT)50043021 21MM,Nietz Dr Chrome Socket (12PT)50043021 21MM,no
TOO-PLI-JOI-W508E,PCS,Slip Joint Pliers 200MM,Slip Joint Pliers 200MM,no
WEL-ELE-NSW-308L-2.6MM,KGS,Nihonweld Electrode X 2.5MM,Nihonweld Electrode X 2.5MM,no
ADH-TAP-ALU-48MMX25M,PCS,Glotool Alum Adhesive Tape 48MM X 25M,Glotool Alum Adhesive Tape 48MM X 25M,no
BOS-2608-633-528,PCS,Jigsaw Blade T234X,Jigsaw Blade T234X,no
COC-BAS-SSS-LSS103,PCS,Leon Sus 304 S/steel Basin TAP-LSS103,Leon Sus 304 S/steel Basin TAP-LSS103,no
GRA-CUT-GL4525,UNIT,Black+decker Strimmer,Black+decker Strimmer,no
HOS-INL-PVC2.0M,ROLL,Washing Machine Inlet Hose 2.0M,Washing Machine Inlet Hose 2.0M,no
HOS-SPR-TRN-ST3355,PCS,S/s High Pressure Shower Hose 1.5M,S/s High Pressure Shower Hose 1.5M,no
KOYA-REM-MOS-4000ML,BOT,Koya Mosaic Cleaner 4.0 LTR,Koya Mosaic Cleaner 4.0 LTR,no
MIR-GLO-S-RD60A282(BK),PCS,Dia. (round) Aluminium Frame-black RD60A282(BK),Dia. (round) Aluminium Frame-black RD60A282(BK),no
MIR-GLO-S-RD60A282(GGD),PCS,Dia. (round) Aluminium Frame-green Gold RD60A282(GOLD),Dia. (round) Aluminium Frame-green Gold RD60A282(GOLD),no
PAI-SPR-PMT-040,DOZ,Paint Master Spray Paint - No. 40 White,Paint Master Spray Paint - No. 40 White,no
PUM-WTR-IPA750,UNIT,I-pump Automatic Pump,I-pump Automatic Pump,no
TAP-CAB-CB2526SS,PCS,Pillar Mou Kit Tap Flex Hose&shower Head,Pillar Mou Kit Tap Flex Hose&shower Head,no
TOI-TIS-CB318-BL,PCS,Cabana Paper Holder CB318-BLK,Cabana Paper Holder CB318-BLK,no
X-ELE-LED-SOL-8032-100W-6500K,PCS,Solar Floodlight,Solar Floodlight,no
ACE-HAM-ANC-1/4X1 1/4,BOX,Ace Hammer Drive Anchor 630 1/4 X1 1/4 (10PCS/PCK) (BOX),Ace Hammer Drive Anchor 630 1/4 X1 1/4 (10PCS/PCK) (BOX),no
BOS-1607-014-171,SET,Gws 20-180 Angle Grinder Carbon,Gws 20-180 Angle Grinder Carbon,no
BOS-2608-615-114,PCS,9 Diamond Cutting Blade Standard,9 Diamond Cutting Blade Standard,no
GAS-TOR-20031,PCS,Br 5503 1300 C Fire Bird Torch,Br 5503 1300 C Fire Bird Torch,no
GUM-HAR-625,TIN,Grey Silicone Hardex,Grey Silicone Hardex,no
"HOS-GAR-CAV-5/8""X50M",ROLL,"Cavallo Garden Hose 5/8""X50M - Yellow","Cavallo Garden Hose 5/8""X50M - Yellow",no
LEO-SUS304-TWI-L2302PF,PCS,Leon Twins Sink SUS-304 TAP-L2302PF,Leon Twins Sink SUS-304 TAP-L2302PF,no
MAC-SEA-90000297,PCS,Iron Hand Pressure Sealing Machine/impulse Sealer SF-200/200MM,Iron Hand Pressure Sealing Machine/impulse Sealer SF-200/200MM,no
OVEN-MID-EM825AGS-BK,PCS,Midea Microwave Oven 25L,Midea Microwave Oven 25L,no
TOO-COM-GLO-14MM,PCS,Glotool Combination Wrench 14MM,Glotool Combination Wrench 14MM,no
TOO-CUT-SNI-W1012B,PCS,Tin Cutter 300MM,Tin Cutter 300MM,no
"TOO-NIE-SOC-HAN-1/2""-32MM",PCS,Nietz Dr Chrome Socket (12PT)50043032 32MM,Nietz Dr Chrome Socket (12PT)50043032 32MM,no
TOO-WRE-AIR-RT5770,UNIT,Rotake 1 Air Impact WRENCH-RT5770,Rotake 1 Air Impact WRENCH-RT5770,no
BAT-ENE-GOL-AAA4PC,PCS,Eveready Gold Aaa 4 Pc,Eveready Gold Aaa 4 Pc,no
ELE-ADA-MS3003/WNL,PCS,Morries Uk Plug Multi Adaptor W Sensor & LED Nite Light,Morries Uk Plug Multi Adaptor W Sensor & LED Nite Light,no
ELE-PEN-420-E27-WHI,PCS,420 Pendant Lamp White,420 Pendant Lamp White,no
HOS-INL-PVC-1.5M,ROLL,Washing Machine Inlet Hose 1.5M,Washing Machine Inlet Hose 1.5M,no
LOC-COL-RK503,SET,Colex Key-a-like Anti Cut Padlock RK-503,Colex Key-a-like Anti Cut Padlock RK-503,no
PUM-SHOWFOU-SC-0512,UNIT,Showfou Pump SC-0512,Showfou Pump SC-0512,no
SEN-VAC-BRA-DHS16,PCS,16MM X M10 Sensui Vacuum Brazed Diamo,16MM X M10 Sensui Vacuum Brazed Diamo,no
STO-BOSS-BMS1,PCS,Bossman Mini Lotus Stove 1 (K-202),Bossman Mini Lotus Stove 1 (K-202),no
TOO-COM-GLO-20MM,PCS,Glotool Combination Wrench 20MM,Glotool Combination Wrench 20MM,no
TOO-LEV-SUN-900MM,PCS,Glotool Magnetic Spirit Level 36,Glotool Magnetic Spirit Level 36,no
TOO-SOC-SET-STA-998645503,SET,26PC 1/2 Dr Skt Set- 12PT (86-477),26PC 1/2 Dr Skt Set- 12PT (86-477),no
VAC-DEC-BHFEA18D1,UNIT,Black+decker Avenger 20V Cordless Stick Vacuum,Black+decker Avenger 20V Cordless Stick Vacuum,no
VAL-ANG-SRTWT908SS-BL,PCS,Sorento S/s Angle Valve-blk,Sorento S/s Angle Valve-blk,no
VAL-SOR-SRTWT908SS-GM,PCS,Sorento S/steel Angle Valve-gm,Sorento S/steel Angle Valve-gm,no
BBQ-STO-ZC1129,PCS,"28""X10 Bbq Stove","28""X10 Bbq Stove",no
BOS-2605-510-155,PCS,Protection Guard (cover For Gws 060),Protection Guard (cover For Gws 060),no
BOS-2608-600-924,PCS,Diamond Blade 2608-600-924,Diamond Blade 2608-600-924,no
BOS-2608-630-040,PCS,Jigsaw Blade T144D,Jigsaw Blade T144D,no
BOS-2608-680-259,PCS,Sds + Drill Bit S3 5 X 100/160MM,Sds + Drill Bit S3 5 X 100/160MM,no
DC-Q1U-FF-160B/DQU160,SET,Electric Mixer With Stirrer,Electric Mixer With Stirrer,no
DC-Z1E-FF-110,SET,Mable Cutter,Mable Cutter,no
ELE-PEN-81218/3L-E27,PCS,Pendant Lamp Long Base 81218/3L,Pendant Lamp Long Base 81218/3L,no
JUG-DEK-KET-KTJK1811,PCS,JK-1811 Jug Kettle,JK-1811 Jug Kettle,no
MIR-GLO-S-CR4560A281(BK),PCS,(curved-rectangular) Alum. Frame Mirror- Black CR4560A281(BK),(curved-rectangular) Alum. Frame Mirror- Black CR4560A281(BK),no
SHE-WOO-43088(2FT),PCS,Rw-cb (m) - 2FT Wood Shelf,Rw-cb (m) - 2FT Wood Shelf,no
SUMO-SM-1575,UNIT,Sumo Engine Pressure Cleaner 6.5HP,Sumo Engine Pressure Cleaner 6.5HP,no
TOI-HOL-GS-K6,PCS,K6 Toilet Paper Holder,K6 Toilet Paper Holder,no
TOO-LEV-W0093F1000,PCS,Aluminium Level (1000MM),Aluminium Level (1000MM),no
WAL-DOW-6003S/1S-AB,PCS,Out/d Gate Lamp - Ab,Out/d Gate Lamp - Ab,no
WAL-DOW-9169/1W,PCS,Wall Lamp (E27X1) 9169-1W,Wall Lamp (E27X1) 9169-1W,no
ADH-TAP-OPP-T40Y,PCS,Glotool Opp Tape 48 MM X 40 Yd (transp),Glotool Opp Tape 48 MM X 40 Yd (transp),no
BOS-0012,SET,Sumo 12PCS Router Bit Set (1/4 Shank),Sumo 12PCS Router Bit Set (1/4 Shank),no
CIMA-1618/L/24W/H,SET,Cei/lamp Ic Control 1618/22W/H,Cei/lamp Ic Control 1618/22W/H,no
DC-DZG06-6,SET,Percussion Hammer / (1400W),Percussion Hammer / (1400W),no
ELE-HOL-E27-SQU-TOPGAN,PCS,Lamp Holder E27 (square),Lamp Holder E27 (square),no
HOS-GAR-GRE-160330,ROLL,Br 83030 PVC Green Garden Hose 16X3.0MMX30M,Br 83030 PVC Green Garden Hose 16X3.0MMX30M,no
SAN-SWPW-SS-W80U,PCS,Spring Waste Without Overflow,Spring Waste Without Overflow,no
TOI-TIS-CAB-CB313-WHI,PCS,Cabana Paper Holder CB313-WHI,Cabana Paper Holder CB313-WHI,no
BOS-1617-014-138,SET,Carbon Brush Gsh 388/ Gsh 500/ Gsh 5,Carbon Brush Gsh 388/ Gsh 500/ Gsh 5,no
COC-BAS-L533,PCS,Leon SUS304 Basin TAP-L533,Leon SUS304 Basin TAP-L533,no
NIE-SOC-HAN-DEE-12P-1/2-20MM,PCS,Nietz Dr Deep Cr Socket (12PT) 50045020 20MM,Nietz Dr Deep Cr Socket (12PT) 50045020 20MM,no
PAI-BRU-730-65MM,PCS,T&t Paint 2 1/2,T&t Paint 2 1/2,no
PUM-WTR-MARLINO-AP37L1,UNIT,Adelino Peripheral Pump,Adelino Peripheral Pump,no
SHE-WOO-43088(4FT),PCS,Rw-cb (m) - 4FT Wood Shelf,Rw-cb (m) - 4FT Wood Shelf,no
SHO-CAB-CHS3140CP,UNIT,Cabana Hand Shower Set,Cabana Hand Shower Set,no
THI-SOL-600CC2B,TIN,Thinner Solvent,Thinner Solvent,no
TOO-NIE-SOC-KEY-L06MM,PCS,Nietz 1/2 IN Drive Long Allen Bxsocket 50240106 6MM,Nietz 1/2 IN Drive Long Allen Bxsocket 50240106 6MM,no
BOS-2608-901-468,PCS,4 Cutting Disc-s/steel,4 Cutting Disc-s/steel,no
"CHA-SAW-CHAIN-3610-14""",PCS,14 Stihl Chain,14 Stihl Chain,no
ELE-D/L-MGM-MQTL1119-SQ-4000K,PCS,"Mgm 6""/SQ LED Panel Light (sr)","Mgm 6""/SQ LED Panel Light (sr)",no
FAN-CEI-FNW60CF,PCS,Dekka 60 Ceiling Fan,Dekka 60 Ceiling Fan,no
"IND-TRO-KINTA-8""",UNIT,"King Kong H/d Two Wheel Hand Trolley- (8"")","King Kong H/d Two Wheel Hand Trolley- (8"")",no
KOYA-REM-CEM-4000ML,BOT,Koya Cement & Stain Remover 4.0 LTR,Koya Cement & Stain Remover 4.0 LTR,no
OIL-ENG-STIHL,PAIL,Engine Oil 1L,Engine Oil 1L,no
SWI-CON-TC-10507,PCS,Taicon Power Supply (low Noise) 25A 12V 300W,Taicon Power Supply (low Noise) 25A 12V 300W,no
TAP-PRE-TK-4856Q,PCS,Premio: Double Sink Wall Tap,Premio: Double Sink Wall Tap,no
TOO-COM-GLO-18MM,PCS,Glotool Combination Wrench 18MM,Glotool Combination Wrench 18MM,no
TOW-CAB-CB720-GM,PCS,Cabana S/s 24 Towel Shelf,Cabana S/s 24 Towel Shelf,no
BOS-2608-620-690,PCS,4 Flexible Grinding Disc 100 X 2.0 X 16MM,4 Flexible Grinding Disc 100 X 2.0 X 16MM,no
BOS-TER-MALE-CON-IW-TCM10/25,PCS,Terminal Male Connector 10-25,Terminal Male Connector 10-25,no
ELE-CAB-R/BK-MKK-ROLL,ROLL,MKK Cable 2C 23/014 X 60M (twister)-red/black,MKK Cable 2C 23/014 X 60M (twister)-red/black,no
ELE-CAB-WIR-ML-2.5MM-BLK,ROLL,ML PVC Cable Black,ML PVC Cable Black,no
NIE-SOC-HAN-DEE-12P-1/2-10MM,PCS,Nietz Dr Deep Cr Socket (12PT) 50045010 10MM,Nietz Dr Deep Cr Socket (12PT) 50045010 10MM,no
NIE-SOC-HAN-DEE-12P-1/2-13MM,PCS,Nietz Dr Deep Cr Socket (12PT) 50045013 13MM,Nietz Dr Deep Cr Socket (12PT) 50045013 13MM,no
PAI-BRU-NIP-TR829N,PCS,4 Nippon Roller Refill Wb,4 Nippon Roller Refill Wb,no
PAI-SPR-PMT-039,DOZ,Paint Master Spray Paint - No. 39 Black,Paint Master Spray Paint - No. 39 Black,no
PAI-TIG-250ML-BLA,PCS,250ML Tiger G. P,250ML Tiger G. P,no
PAI-TIG-75ML-RED*,TIN,75ML Tiger G. P Red,75ML Tiger G. P Red,no
SPR-BID-B7011,PCS,Bliton Bathroom Bidet Set,Bliton Bathroom Bidet Set,no
TAP-WIR-3MSCTRD-150,PCS,3M Red Gu Vinyl Elec Tape 150,3M Red Gu Vinyl Elec Tape 150,no
"TOO-NIE-SOC-HAN-1/2""-08MM",PCS,Nietz Dr Chrome Socket (12PT)50043008 8MM,Nietz Dr Chrome Socket (12PT)50043008 8MM,no
"TOO-NIE-SOC-HAN-1/2""-13MM",PCS,Nietz Dr Chrome Socket (12PT)50043013 13MM,Nietz Dr Chrome Socket (12PT)50043013 13MM,no
WAL-DOW-B212/1W,SET,B212/1 Wall Lamp,B212/1 Wall Lamp,no
WAL-FOL-V8500,SET,Vago S/steel Flexible Cloth Han,Vago S/steel Flexible Cloth Han,no
WEL-ELE-KOB-LB52-3.2MM,PCK,Kobelco Welding Electrode LB52 X 3.2MM,Kobelco Welding Electrode LB52 X 3.2MM,no
BOS-1619-P06-346,SET,Carbon Brush Set (gks 190),Carbon Brush Set (gks 190),no
DC-JIZ-FF02-13,SET,Electric Drill / DJZ02-13,Electric Drill / DJZ02-13,no
FAN-ACC-BLA,PCS,Fan Blade 18 For Auto Fan (khind),Fan Blade 18 For Auto Fan (khind),no
"FAN-WAL-HIPSON-26""",SET,Hipson 26 Industrial Wall Fan (H638),Hipson 26 Industrial Wall Fan (H638),no
HOS-MAC-WAS-OUT-2.0M,PCS,PVC Outlet HOSE-2.0M,PVC Outlet HOSE-2.0M,no
PAI-SPR-GUN-TM-71,UNIT,Haupon Eletric Paint Spray Gun (home Painter),Haupon Eletric Paint Spray Gun (home Painter),no
SPR-BID-B2021,PCS,Bliton 304 S/steel Bidet Spray,Bliton 304 S/steel Bidet Spray,no
BOS-2608-608-N94,PCS,Fiber Sanding Disc 100MM P60,Fiber Sanding Disc 100MM P60,no
BOS-2608-680-281,PCS,Sds + Drill Bit S3 14 X 100/160MM,Sds + Drill Bit S3 14 X 100/160MM,no
DC-DCKIT36BK,SET,+ (2.0AH X2/3A),+ (2.0AH X2/3A),no
DC-DCSM04-100FK,SET,Cordless Brushless Angle Grinder (5.0AH X2/4A),Cordless Brushless Angle Grinder (5.0AH X2/4A),no
DRI-SDS-GT02-15260,PCS,Glotool Sds Drill 15 X 260MM,Glotool Sds Drill 15 X 260MM,no
ELE-CAB-P23163CW-MTR,METER,Yazaki X 3C PVC Flexible Cable 90M Whi,Yazaki X 3C PVC Flexible Cable 90M Whi,no
ELE-CEI-LIG-8910/500RND,SET,26PCS Daylight L/ceiling Lamp,26PCS Daylight L/ceiling Lamp,no
INS-IS8503(B),NOS,Wall Hung Basin IS8503(B),Wall Hung Basin IS8503(B),no
LOC-COL-RK505,SET,Colex Key-a-like Anti Cut Padlock RK-505,Colex Key-a-like Anti Cut Padlock RK-505,no
MIR-CAB-CBM1031,UNIT,Cabana Mirror - 500X700 CBM1031,Cabana Mirror - 500X700 CBM1031,no
NIE-PLU-SOC-50046616,PCS,Nietz Spark Plug Socket 50046616,Nietz Spark Plug Socket 50046616,no
NIETZ-MOU-FLA-WHE-57131060,PCS,Nietz Mounted Flap Wheel 57131060,Nietz Mounted Flap Wheel 57131060,no
PRO-COAT-Z588-WHI,TIN,Procoat Z588 White 4KG,Procoat Z588 White 4KG,no
TAP-CAB-CB2807,PCS,Cabana Basin Tap,Cabana Basin Tap,no
TAP-CAB-CB5133,UNIT,Cabana Pillar-mounted Sink Filter Tap,Cabana Pillar-mounted Sink Filter Tap,no
TOO-NIE-ALL-KEY-08MM,PCS,Nietz E/long Ball Point Satin Wrch 53252080 8MM,Nietz E/long Ball Point Satin Wrch 53252080 8MM,no
DC-DZC04-28,SET,Hammer Drill / DZC04-28,Hammer Drill / DZC04-28,no
ELE-BUL-SYL-DC12V-6500K-10W,PCS,Sylvia E27 12V DC LED Bulb,Sylvia E27 12V DC LED Bulb,no
FAS-BOL-ANC09,PCK,Glotool Drop IN Anchor 3/8 X 1-1/2 (5PCS/PCK),Glotool Drop IN Anchor 3/8 X 1-1/2 (5PCS/PCK),no
GUIDE BAR-MS170,PCS,14 Stihl Guide BAR,14 Stihl Guide BAR,no
PUM-SHOWFOU-SF-0512N,UNIT,Showfou Submersible Pump 2,Showfou Submersible Pump 2,no
PUM-TSU-HPC6120,UNIT,Tsunami High Pressure Cleaner,Tsunami High Pressure Cleaner,no
RIC-COO-MRM10010BDG,PCS,Midea 1.0L Jartype Rice Cooker 500W,Midea 1.0L Jartype Rice Cooker 500W,no
SINK-TAP-K2B-LT8517H,PCS,Luxtec Flexible Hose Pillar Sink Tap,Luxtec Flexible Hose Pillar Sink Tap,no
TAP-SINK-QXY-PT-5046,PCS,QXY-PT-5046: Pillar Sink Tap,QXY-PT-5046: Pillar Sink Tap,no
TOO-WRE-AIR-RT5563,UNIT,Rotake 1 Air Impact WRENCH-RT5563,Rotake 1 Air Impact WRENCH-RT5563,no
ADH-TAP-NISSHO-HCH-SG0006,ROLL,10MM X 10Y Nissho Acyclic Foam Side Tape (red),10MM X 10Y Nissho Acyclic Foam Side Tape (red),no
BOS-2608-595-059,PCS,Hss-g Metal Bit 4.0MM (PCS),Hss-g Metal Bit 4.0MM (PCS),no
BOS-2608-600-428,PCS,16 Cutting Disc,16 Cutting Disc,no
BOS-2608-600-923,PCS,Diamond Blade 2608-600-923,Diamond Blade 2608-600-923,no
BOS-TER-FEMALE-CON-IW-TCF10/25,PCS,Terminal Female Connector 10-25,Terminal Female Connector 10-25,no
ELE-SOL-STA-30W,PCS,Soldering Iron - Round Pin,Soldering Iron - Round Pin,no
GLO-LAT-300SP,DOZ,Latex Work Glove - 300 Sp,Latex Work Glove - 300 Sp,no
GUM-HAR-RS2000W,PCS,Silicon Hardex Water-based A/f,Silicon Hardex Water-based A/f,no
IND-COA-SKI-WHI,BAG,25KG Scp Skim Top Coat White (OC-2),25KG Scp Skim Top Coat White (OC-2),no
NIE-SOC-HAN-DEE-12P-1/2-27MM,PCS,Nietz Dr Deep Cr Socket (12PT) 50045027 27MM,Nietz Dr Deep Cr Socket (12PT) 50045027 27MM,no
NIP-ODOURLITE-1L-D,CAN,1L Nippon Odourlite Soft Matt Deep Base,1L Nippon Odourlite Soft Matt Deep Base,no
RYOTA-POL-R5010,UNIT,Ryota 5 Polisher Speed Control,Ryota 5 Polisher Speed Control,no
SWI-CON-15A-180W-TC-10019,PCS,Taicon Power Supply 15A 12V 180W (big),Taicon Power Supply 15A 12V 180W (big),no
X-DRI-IMP-MIN-MS600,SET,Mostaz 13MM Impact Drill Kit Set 500W,Mostaz 13MM Impact Drill Kit Set 500W,no
BAT-ENE-SHD-D2PCS,PCK,Eveready Shd D 2 Pc,Eveready Shd D 2 Pc,no
BID-CAB-CB88SS-BL-DIY,PCS,Cabana 2WAY Tap Hand Bidet-matt Blk,Cabana 2WAY Tap Hand Bidet-matt Blk,no
BOS-2602-025-067,PCS,Auxiliary Handle (gws 750),Auxiliary Handle (gws 750),no
BOS-2604-321-919,SET,Carbon Brush Gst 65,Carbon Brush Gst 65,no
CIMA-DL-L-4111-RND-12W-SEN-840,SETS,Senco LED Panel Light-ir 12W Round 5,Senco LED Panel Light-ir 12W Round 5,no
COC-BASIN-LUX-LT9514,PCS,Luxtec Basin Pillar Tap LT-9514,Luxtec Basin Pillar Tap LT-9514,no
DC-DCJZ03-13EK-20V,SET,Cordless Brushless Driver/hammer Drill 20V (4.0AH X2/4A) / DCJZ03-13EK,Cordless Brushless Driver/hammer Drill 20V (4.0AH X2/4A) / DCJZ03-13EK,no
DC-DSM21-100,SET,4 Angle Grinder (900W) Slim Body,4 Angle Grinder (900W) Slim Body,no
DCPB488EK,SET,Cordless Brushless Impact Wrench 20V (4.0AH X2/4A),Cordless Brushless Impact Wrench 20V (4.0AH X2/4A),no
ELE-CEI-LIG-3088-96W-3CLR,UNIT,Ceiling Light 3CLR 3088/96W,Ceiling Light 3CLR 3088/96W,no
GLO-RUB-KOR-PINK,PAIR,Butterfly Household Glove (korea),Butterfly Household Glove (korea),no
SOA-CAB-CPA2008C,UNIT,Cabana Soap Dispenser (300ML X 2),Cabana Soap Dispenser (300ML X 2),no
SWI-CON-10A-120W-TC-10990,PCS,Taicon Power Supply 10A 12V 120W (big),Taicon Power Supply 10A 12V 120W (big),no
SWI-SOC-ELE-TSGD913,PCS,13A Universal Track Socket Gold-blue LED (GD913),13A Universal Track Socket Gold-blue LED (GD913),no
SWI-SOC-ELE-TSR913,PCS,13A Universal Track Socket Red-blue LED (R913),13A Universal Track Socket Red-blue LED (R913),no
TOO-LEV-W0093C500,PCS,Aluminium Level (500MM),Aluminium Level (500MM),no
TOO-NIE-ALL-KEY-14MM,PCS,Nietz E/long Ball Point Satin Wrch 53252140 14MM,Nietz E/long Ball Point Satin Wrch 53252140 14MM,no
X-STA-HAM-BEH550,UNIT,Black+decker Keyless Vsr Ham Drill,Black+decker Keyless Vsr Ham Drill,no
BOS-2608-600-091,PCS,4 Cutting Disc,4 Cutting Disc,no
BOS-2608-630-033,PCS,Jigsaw Blade T111C,Jigsaw Blade T111C,no
CUT-TIL-NYL-2.0MM,BAG,Tiles Nylon Spacer X200PCS-2.0MM,Tiles Nylon Spacer X200PCS-2.0MM,no
DC-DCKIT10BK,SET,+ (4.0AH X2/4A) DCZC22BK DCSM03-100Z,+ (4.0AH X2/4A) DCZC22BK DCSM03-100Z,no
DC-DCKIT47BK,SET,+ (4.0AH X2/4A) DCMQ85EK DCJZ2060IZ,+ (4.0AH X2/4A) DCMQ85EK DCJZ2060IZ,no
DC-DCKIT49BK,SET,+ (4.0AH X2/4A) DCMP6BK DCJZ2060IZ,+ (4.0AH X2/4A) DCMP6BK DCJZ2060IZ,no
FIT-BUT-ELB-32X32MM,PCS,Buteline PE Elbow 32X32MM,Buteline PE Elbow 32X32MM,no
"PAI-BRU-NIP-7""-TR839",SET,"Worker 7""X12 HANDLE+7 Polyester Roller Refill","Worker 7""X12 HANDLE+7 Polyester Roller Refill",no
SWI-LAM-HOL-2001B22,PCS,Nylon B22 Lamp Holder Blk,Nylon B22 Lamp Holder Blk,no
TAP-PIL-I301,PCS,Pillar Sink Tap I301 Wtc,Pillar Sink Tap I301 Wtc,no
TOI-CER-CS102SQ,NOS,Ceramic Cistern Only - T507(H/L),Ceramic Cistern Only - T507(H/L),no
"TOO-NIE-SOC-HAN-1/2""-15MM",PCS,Nietz Dr Chrome Socket (12PT)50043015 15MM,Nietz Dr Chrome Socket (12PT)50043015 15MM,no
X-ELE-PLC-HOL-WHI,PCS,B22 Es Batten Holder-wh 1206 (grn-uk) 1130,B22 Es Batten Holder-wh 1206 (grn-uk) 1130,no
X-FLO-MOC-KH40ADB20,PCS,16 X 16 Floor Tiles,16 X 16 Floor Tiles,no
ELE-BUL-HERM-E14-C35-4W,PCS,Hermanns LED Candle E14,Hermanns LED Candle E14,no
FIT-BUT-END-PLUG-25MM,PCS,Buteline 25MM PE Pipe End Plug,Buteline 25MM PE Pipe End Plug,no
"HOS-GAR-CAV-5/8""X30M",ROLL,Cavallo Orange Garden Hose 5/8''X30M,Cavallo Orange Garden Hose 5/8''X30M,no
LOC-COL-RK502,SET,Colex Key-a-like Anti Cut Padlock RK-502,Colex Key-a-like Anti Cut Padlock RK-502,no
PUM-I-PUMP-QB80I,UNIT,I-pump Peripheral Pump 1.0HP,I-pump Peripheral Pump 1.0HP,no
SAF-FLO-WET-92201,ST,Nietz 92201 Caution Wet Floor Sign,Nietz 92201 Caution Wet Floor Sign,no
SHH-LURE-S359603,PCS,Saber Frog Lure 40MM,Saber Frog Lure 40MM,no
SHO-ROU-ARM-6AR06,SET,"Leon ABS Round Shower Rose With ARM-6""AR-06","Leon ABS Round Shower Rose With ARM-6""AR-06",no
SWI-T/SOC-MS3233-3-3M3G,PCS,Morries Extension Socket 3G 3M W Neon (blue),Morries Extension Socket 3G 3M W Neon (blue),no
TOO-COM-GLO-09MM,PCS,Glotool Combination Wrench 09MM,Glotool Combination Wrench 09MM,no
TOO-CUT-SNI-W1010B,PCS,Tin Cutter 250MM,Tin Cutter 250MM,no
TOO-NIE-SOC-KEY-L10MM,PCS,Nietz 1/2 IN Drive Long Allen Bxsocket 50240110 10MM,Nietz 1/2 IN Drive Long Allen Bxsocket 50240110 10MM,no
TOO-WRE-AIR-RT5562,UNIT,Rotake 3/4 Air Impact Wrench,Rotake 3/4 Air Impact Wrench,no
WAL-DOW-6003S-1W-AB,PCS,Out/d Wall Light 6003 S/1W - Ab,Out/d Wall Light 6003 S/1W - Ab,no
WAL-DOW-6003S/1S-BLK,PCS,Out/d Gate Lamp - Blk,Out/d Gate Lamp - Blk,no
"ACE-HAM-ANC-1/4' X 1 1/2""",PCK,Ace Hammer Drive Anchor 640 1/4 X 1 1/2 (10PCS/PCK) (PCK),Ace Hammer Drive Anchor 640 1/4 X 1 1/2 (10PCS/PCK) (PCK),no
BOS-2608-631-017,PCS,Jigsaw Blade T127D,Jigsaw Blade T127D,no
BUL-FFL-100W-B22-FROST,PCS,Ffl 100W B22 Standard Bulb-frost,Ffl 100W B22 Standard Bulb-frost,no
CLI-HOS-ORB-TS-00,PCS,Orbit Wing Hose Clip (13-19MM),Orbit Wing Hose Clip (13-19MM),no
COC-BIB-LUX-LT9511,PCS,Luxtec Wall Sink Tap,Luxtec Wall Sink Tap,no
DC-M1Y-FF02-185,SET,Electric Circular Saw (1100W),Electric Circular Saw (1100W),no
DC-S1P-FF02-180,SET,Polisher / DSP02-180,Polisher / DSP02-180,no
ELE-LED-FLO-SOR-100W-6500K-ILS,PCS,Ilite Solar Spotlite ILS-100W 6500K,Ilite Solar Spotlite ILS-100W 6500K,no
FAS-SCR-TD640HW-WOOD-500PCS/BOX,BOX,12 X 1 1/2 Self Drilling Screw (500PCS/BOX),12 X 1 1/2 Self Drilling Screw (500PCS/BOX),no
FIT-HDPE-SOC-COU-25MM,PCS,HDPE Coupler Straight Socket,HDPE Coupler Straight Socket,no
GAS-REG-BTY182-V,PCS,Butterfly LPG Regulator 182-V,Butterfly LPG Regulator 182-V,no
JQB-JUMP-XPRESS-F39,UNIT,Jqb Jump Starter Jumpxpress F39,Jqb Jump Starter Jumpxpress F39,no
NIETZ-MOU-FLA-WHE-57110100,PCS,Nietz Mounted Flap Wheel 57110100,Nietz Mounted Flap Wheel 57110100,no
NIP-EAS-6015-7L,CAN,7L Easycoat Emulsion 6015 Purple Angle,7L Easycoat Emulsion 6015 Purple Angle,no
NIP-ODOURLITE-1L-T,CAN,1L Nippon Odourlite Soft Matt Tint Base,1L Nippon Odourlite Soft Matt Tint Base,no
SHO-BID-DOU-BUCKLE-V6652,PCS,Vip Double Buckle Hand Bidet,Vip Double Buckle Hand Bidet,no
SUMO-LT1200N-6,UNIT,Sumo Gasoline Generator SM1200N-6,Sumo Gasoline Generator SM1200N-6,no
TAP-CAB-CB4908,UNIT,Cabana Basin Cold Tap CB4908,Cabana Basin Cold Tap CB4908,no
TOO-COM-GLO-16MM,PCS,Glotool Combination Wrench 16MM,Glotool Combination Wrench 16MM,no
TOO-NIE-SOC-KEY-L05MM,PCS,Nietz 1/2 IN Drive Long Allen Bxsocket 50240105 5MM,Nietz 1/2 IN Drive Long Allen Bxsocket 50240105 5MM,no
"TOO-VIC-GLO-6""",PCS,Glotool Bench Vice 6,Glotool Bench Vice 6,no
X-LOC-SGD-PL300-60MM-5PCS,SETS,60MM St. Guchi Armoured Padlock KA-5PCS PL300,60MM St. Guchi Armoured Padlock KA-5PCS PL300,no
BID-CAB-CB91SS-BL-DIY,PCS,Cabana Hand Bidet (matt Blk),Cabana Hand Bidet (matt Blk),no
BOS-2608-608-N95,PCS,Fiber Sanding Disc 100MM P80,Fiber Sanding Disc 100MM P80,no
COC-SINK-K505L,SET,Sink TAP:K-505L Level Type Pillar 1/2,Sink TAP:K-505L Level Type Pillar 1/2,no
GUM-CLE-V210,PCS,Neutral H/perform Sealant-clr,Neutral H/perform Sealant-clr,no
LOC-SAN-PB26438MM,DOZ,Sanlock Pb Pad 38MM,Sanlock Pb Pad 38MM,no
PAI-TIG-75ML-YEL*,PC(S),75ML Tiger G. P Yellow,75ML Tiger G. P Yellow,no
SAN-SWPW-SS-W121A,PCS,Waste With Overflow SWPW-SS-W121A,Waste With Overflow SWPW-SS-W121A,no
SWI-CON-33A-400W,PCS,Taicon Power Supply (low Noise) 33A 12V 400W,Taicon Power Supply (low Noise) 33A 12V 400W,no
SWI-T/SOC-MS3255-1.5M5G,PCS,Morries Extension Socket 5G 1.5M W Neon (pink),Morries Extension Socket 5G 1.5M W Neon (pink),no
TOO-SHE-PURW0437,PCS,Bypass Pruners 200MM,Bypass Pruners 200MM,no
ELE-HOL-E27-ROU-TOPGAN,PCS,Lamp Holder E27 (round),Lamp Holder E27 (round),no
FAN-CEI-SIB-SA56,SET,Siberiair Ceiling Fan Black - SA56,Siberiair Ceiling Fan Black - SA56,no
GAS-STO-BUT-HEA,PCS,Butterfly H/p Burner Only,Butterfly H/p Burner Only,no
OVEN-DEKKA-OV25N,PCS,Dekka Electric Oven OD-25N,Dekka Electric Oven OD-25N,no
PAP-WALL-HAVANA-11889-16,ROLL,Wallpaper Havana 11889-16(10MX53CM),Wallpaper Havana 11889-16(10MX53CM),no
PAP-WALL-HAVANA-11892-24,ROLL,Wallpaper Havana 11892-24(10MX53CM),Wallpaper Havana 11892-24(10MX53CM),no
SAN-SWPW-SS-W121B,PCS,Waste Without Overflow SWPW-SS-W121B,Waste Without Overflow SWPW-SS-W121B,no
"TOO-NIE-SOC-HAN-1/2""-9MM",PCS,Nietz Dr Chrome Socket (12PT)50043009 9MM,Nietz Dr Chrome Socket (12PT)50043009 9MM,no
WAL-DOW-8401/1S,SET,Wall Lamp (E27X1) 8401/1S,Wall Lamp (E27X1) 8401/1S,no
WAL-DOW-RX2606/1R,SET,Wall Lamp (E27X1) RX2606/1R,Wall Lamp (E27X1) RX2606/1R,no
DOR-LOC-ALM-2048-3/C5050,SETS,SS Armor Mortise Lockset,SS Armor Mortise Lockset,no
ELE-SOL-W2803,PCS,Electric Solder Iron,Electric Solder Iron,no
INS-IS1216(B),NOS,Wall Hung Wash Basin IS1216(B),Wall Hung Wash Basin IS1216(B),no
LOC-COL-RK504,SET,Colex Key-a-like Anti Cut Padlock RK-504,Colex Key-a-like Anti Cut Padlock RK-504,no
NIE-SOC-HAN-DEE-12P-1/2-24MM,PCS,Nietz Dr Deep Cr Socket (12PT) 50045024 24MM,Nietz Dr Deep Cr Socket (12PT) 50045024 24MM,no
SWI-T/SOC-MS3244-1.5M4G,PCS,Morries Extension Socket 4G 1.5M W Neon (pink),Morries Extension Socket 4G 1.5M W Neon (pink),no
TAP-CAB-CB65SS-GM,PCS,Cabana S/s 304 Basin Cold Tap-gunmetal,Cabana S/s 304 Basin Cold Tap-gunmetal,no
THI-WOR-WK-PT-59908,TIN,Worker 350ML Gp Bottle Thinner,Worker 350ML Gp Bottle Thinner,no
TOO-NIE-SOC-KEY-L14MM,PCS,Nietz 1/2 IN Drive Long Allen Bxsocket 50240114 14MM,Nietz 1/2 IN Drive Long Allen Bxsocket 50240114 14MM,no
VAC-DEC-ROB-BRVA425B00-B1,UNIT,Black+decker Robovac + Mop Blk,Black+decker Robovac + Mop Blk,no
BOS-2608-615-232,PCS,110MM Diamond Cutting Disc Universal,110MM Diamond Cutting Disc Universal,no
BOS-2608-900-570,PC,Hex 9 Multi Purpose D/bit 4 X 45 X 90MM,Hex 9 Multi Purpose D/bit 4 X 45 X 90MM,no
COM-AIR-AB2.5HPOF,UNIT,Airbank Oil Free Air Compressor 2.5HP 24L,Airbank Oil Free Air Compressor 2.5HP 24L,no
ELE-CEI-LIG-6615-22W,PCS,6615 3 Colour Ceiling Lamp With I/c Control,6615 3 Colour Ceiling Lamp With I/c Control,no
ELE-LED-FLO-SOR-300W-6500K,PCS,Ilite Solar Spotlite ILS-300W 6500K,Ilite Solar Spotlite ILS-300W 6500K,no
LETR-PUNC-50731080,SET,Nietz A-z Letter Punches 8MM 50731080,Nietz A-z Letter Punches 8MM 50731080,no
OIL-MOT-W2T-0.5L,BTL,Advance W2T - 0.5L,Advance W2T - 0.5L,no
RAINBOW-R007-1KG,BTL,1KG Rainbow Texture Paint R007 Black,1KG Rainbow Texture Paint R007 Black,no
TAP-CAB-CB4905,UNIT,Cabana Basin Cold Tap CB4905,Cabana Basin Cold Tap CB4905,no
TAP-CAB-CB9108,UNIT,Cabana Wall-mounted Sink Tap CB9108,Cabana Wall-mounted Sink Tap CB9108,no
TAP-CAB-CB9112,UNIT,Cabana Wall-mounted Sink Tap (double),Cabana Wall-mounted Sink Tap (double),no
"TOO-NIE-SOC-HAN-1/2""-19MM",PCS,Nietz Dr Chrome Socket (12PT)50043019 19MM,Nietz Dr Chrome Socket (12PT)50043019 19MM,no
TOO-SHE-PURW822A,PCS,Bypass Pruners 175MM,Bypass Pruners 175MM,no
"TOO-VIC-GLO-5""",PCS,Glotool Bench Vice 5,Glotool Bench Vice 5,no
TOO-WRE-KPT-220P,UNIT(S),Kawasaki Impact Wrench - Kpt - 220P,Kawasaki Impact Wrench - Kpt - 220P,no
WEL-MAC-IWE-MIG-220I,UNIT,I-weld MIG Welding Machine MIG 220I,I-weld MIG Welding Machine MIG 220I,no
WIN-ROLLER,PAIR,Sliding Window Roller (2PCS/PAIR),Sliding Window Roller (2PCS/PAIR),no
BOS-TER-FEMALE-CON-IW-TCF35/50,PCS,Terminal Female Connector 35-50,Terminal Female Connector 35-50,no
BOS-TER-MALE-CON-IW-TCM35/50,PCS,Terminal Male Connector 35-50,Terminal Male Connector 35-50,no
CUT-TIL-NYL-3.0MM,BAG,Tiles Nylon Spacer X200PCS-3.0MM,Tiles Nylon Spacer X200PCS-3.0MM,no
DC-DQE1200/30L,SET,Oil-free Air Compressor (30L),Oil-free Air Compressor (30L),no
DOR-LOC-2077SS,PCS,Niko SS Door Lock,Niko SS Door Lock,no
"ELE-D/L-SUR-12""-SQU",PCS,Senco LED Surface Panel Square 12,Senco LED Surface Panel Square 12,no
ELE-PEN-420-E27-B+G,PCS,420 Pendant Lamp Black + Gold,420 Pendant Lamp Black + Gold,no
GAS-STO-GK320,PCS,Dekka Gas Stove KD320,Dekka Gas Stove KD320,no
JQB-SUNWAVE-65W,UNIT,Jqb Foldable Solar Panel 65W,Jqb Foldable Solar Panel 65W,no
MIR-CBMC66414-WH,PCS,Cabana Mirror Cabinet (alum.) CBMC66414-WH,Cabana Mirror Cabinet (alum.) CBMC66414-WH,no
TAP-BAS-LT8514,PCS,Luxtec Basin Pillar Tap K2B-LT8514,Luxtec Basin Pillar Tap K2B-LT8514,no
TAP-CAB-CB4930-RG,PCS,Cabana Basin Cold Tap Rose Gold,Cabana Basin Cold Tap Rose Gold,no
X-WAT-FIL-4000-ACQUA-KH4K,UNIT,ACQUA4000,ACQUA4000,no
BAT-ENE-HD-AA4PCS,PCK,Eveready HD Aa 4PC,Eveready HD Aa 4PC,no
DC-M1Q-FF-65,SET,Jig Saw / DMQ65,Jig Saw / DMQ65,no
DOR-WOO-NA11,PCS,NA11 Solid Door 33 3/4 X 83,NA11 Solid Door 33 3/4 X 83,no
ELE-D/L-PHI-LED-9W/E27-YEL,PCS,Philips Essential 9W E27 LED Bulb 3000K,Philips Essential 9W E27 LED Bulb 3000K,no
FAS-ANC-PJA-0975,BOX,Glotool P. J. Anchor 3/8 X 3,Glotool P. J. Anchor 3/8 X 3,no
GUN-CAU-GT903,PCS,Glotool Caulking Gun 903Y,Glotool Caulking Gun 903Y,no
IND-TRO-BRI-225,DOZ,Glotool Bricklaying Trowel (2-2) 5,Glotool Bricklaying Trowel (2-2) 5,no
IND-WHE-3IN1-STC-ST-22A,UNIT,Stc 3IN1 Wheel Barrow-deep (air Wheel),Stc 3IN1 Wheel Barrow-deep (air Wheel),no
PAI-TIG-75MLWHI*,PCS,75ML Tiger G. P,75ML Tiger G. P,no
TOO-BOX-NIE-H/D-175,PCS,Nietz 175 H/d Duty Tool Box 50523175,Nietz 175 H/d Duty Tool Box 50523175,no
"X-CHA-SAW-CHAIN-20""",PCS,"20""M Stihl Chain","20""M Stihl Chain",no
BID-CAB-90SS-DIY,PCS,Cab 304 S/s Hand Bidet-matt,Cab 304 S/s Hand Bidet-matt,no
BID-SAN-SBD-304-60075,PCS,S600 S/s Spray Bidet Set HOLDER&1.2MM Flexible Hose,S600 S/s Spray Bidet Set HOLDER&1.2MM Flexible Hose,no
COMPRESSOR-AIRBANK-AB2.5HP,UNIT,Airbank 2.5HP 24L Air Compressor,Airbank 2.5HP 24L Air Compressor,no
ELE-CAB-WIR-ML-1.5MM2-BLK,ROLL,"ML PVC Cable, Black","ML PVC Cable, Black",no
ELE-CON-TOO-A86-SIL,PCS,Taicon Nut Box Concealtools Iron,Taicon Nut Box Concealtools Iron,no
ELE-PEN-227/BK-E27,PCS,Pendant Lamp Black 227/BK,Pendant Lamp Black 227/BK,no
FAS-SCR-TD665HW-WOOD,BOX,12X2.1/2 Self Drill Scrw (250PCS/BOX),12X2.1/2 Self Drill Scrw (250PCS/BOX),no
GAR-SPR-TAR-BAT-16LTR,SET,Target Sprayer Electric,Target Sprayer Electric,no
"IND-CAS-SWI-1.5""",PCS,1.5 DL5 Tpe 360 Degree Swivel Caster,1.5 DL5 Tpe 360 Degree Swivel Caster,no
MIR-CBMC66413-BL,PCS,Cabana Mirror Cabinet (alum.) CBMC66413-BL,Cabana Mirror Cabinet (alum.) CBMC66413-BL,no
NIP-ODO-SFT-MATT-5L-T,CAN,5L Nippon Odourlite Soft Matt - T,5L Nippon Odourlite Soft Matt - T,no
PYE-CEM-1KG-GREY,BAG,PYE Grout GREY-1KG,PYE Grout GREY-1KG,no
SEN-VAC-BRA-DCB35,PCS,Blimax Vacuum Diamond Brazed Core Bit,Blimax Vacuum Diamond Brazed Core Bit,no
VAC-MID-MVC-SC861R,PCS,Midea Vacuum Cleaner 600W (red),Midea Vacuum Cleaner 600W (red),no
WEL-MAC-MAR,UNIT,Mark-x Super Mini Welding Machine --ARC150,Mark-x Super Mini Welding Machine --ARC150,no
X-BOS-0601-64C-8L0,UNIT,Gsa Sabre Saw,Gsa Sabre Saw,no
X-CIMA-DL-L/RML65/RND/18W/DL,SET,Cielo Iii 199F 12W L/dl (square / Daylight),Cielo Iii 199F 12W L/dl (square / Daylight),no
DOR-WOO-KY503,PCS,KY503 33 3/4 X 83,KY503 33 3/4 X 83,no
ELE-D/L-PHI-LED-9W,PCS,Philips Essential 9W E27 LED Bulb 6500K,Philips Essential 9W E27 LED Bulb 6500K,no
GAS-STO-BGC-668,PCS,Butterfly Epoxy Double Gas Cooker,Butterfly Epoxy Double Gas Cooker,no
GAS-TOR-20032,PCS,Multi Purpose Torch,Multi Purpose Torch,no
HOO-CAB-CB806-5,UNIT,Cabana S/steel 5 Robe Hook (satin),Cabana S/steel 5 Robe Hook (satin),no
"IND-CAS-SWI-BRA-1.5""",PCS,1.5 DL5 Tpe 360 Degree Swivel Caster W Brakes,1.5 DL5 Tpe 360 Degree Swivel Caster W Brakes,no
LAD-ALU-WEL-D09,UNIT,Alum Welded Ladder - D09,Alum Welded Ladder - D09,no
LOC-SEC-SHE-N50MM,PCS,Shenling Top Security Lock 50MM-NEW,Shenling Top Security Lock 50MM-NEW,no
SAN-SWPW-SS-W81A,PCS,Waste With Overflow SWPW-SS-W81A,Waste With Overflow SWPW-SS-W81A,no
SHH-LURE-S359604,PCS,Saber Frog Lure 30MM,Saber Frog Lure 30MM,no
"SHO-CAB-CSH2062-10""",UNIT,Cabana 10 S/steel Shower Head (round) CSH2062-10,Cabana 10 S/steel Shower Head (round) CSH2062-10,no
SPR-BID-LSSB2110,PCS,Leon Bidet Spray Matt Black,Leon Bidet Spray Matt Black,no
SWI-SOC-ELE-TSGY13,PCS,13A Flat Pin Tracks Socket Grey-blue LED (GY13),13A Flat Pin Tracks Socket Grey-blue LED (GY13),no
TAP-CAB-CB9108A,UNIT,Cabana Wall-mounted Sink Tap CB9108A,Cabana Wall-mounted Sink Tap CB9108A,no
TOO-PLI-COM-GT150,PCS,Glotool Combination Plier 6,Glotool Combination Plier 6,no
X-ELE-LED-SOL-50W-6500K,EA,Solar Panel + LED Flood Light 50W,Solar Panel + LED Flood Light 50W,no
ADH-TAP-H/D-4229P,ROLL,24MM X 8M 3M Acyclic Double Side Tape (red),24MM X 8M 3M Acyclic Double Side Tape (red),no
ADH-TAP-OPP-B40Y,PCS,Glotool Opp Tape 48 MM X 40 Yd (brown),Glotool Opp Tape 48 MM X 40 Yd (brown),no
BOS-1619-P12-159,PCS,Flange For Gws 060/1605 703 113,Flange For Gws 060/1605 703 113,no
CUT-DIS-41WA-107X1.0X16-GRN,PCS,Cutting Disc (green),Cutting Disc (green),no
DIS-DIA-DIA-100MM,PCS,Glotool Cutting Blade 100MM,Glotool Cutting Blade 100MM,no
TAP-WALL-I301,PCS,Wall Sink Tap I301 Wtc Tic,Wall Sink Tap I301 Wtc Tic,no
TOO-PLI-COM-GT175,PCS,Glotool Combination Plier 7,Glotool Combination Plier 7,no
BBQ-STO-ZC1115,PCS,"14""X10 Bbq Stove","14""X10 Bbq Stove",no
BOS-1600-A00-D6H,PCS,Dust Cup Attachment,Dust Cup Attachment,no
BOS-F016-800-361,PCS,Extension Hose For Aqt 35-12/ Aqt 37-13,Extension Hose For Aqt 35-12/ Aqt 37-13,no
COC-BAS-L9378,PCS,Leon Basin Tap,Leon Basin Tap,no
ELE-CAB-WIR-ML-1.5MM2-GRE,ROLL,"ML PVC Cable, Green","ML PVC Cable, Green",no
ELE-CEI-LIG-9403/400-3CLR,PCS,Ceiling Light 9403-400 3CLR,Ceiling Light 9403-400 3CLR,no
ELE-HOL-032,PCS,Lamp HOLDER-032,Lamp HOLDER-032,no
NIE-SOC-HAN-DEE-12P-1/2-22MM,PCS,Nietz Dr Deep Cr Socket (12PT) 50045022 22MM,Nietz Dr Deep Cr Socket (12PT) 50045022 22MM,no
SPR-BID-HEA-LUX-LT2020,SET,Luxtec Spray Bidet Set,Luxtec Spray Bidet Set,no
SWI-SOC-ELE-TSBK13,PCS,13A Flat Pin Tracks Socket Black-blue LED (BK13),13A Flat Pin Tracks Socket Black-blue LED (BK13),no
SWI-SOC-ELE-TSGD13,PCS,13A Flat Pin Tracks Socket Gold-blue LED (GD13),13A Flat Pin Tracks Socket Gold-blue LED (GD13),no
TOI-SQU-PAN-C205,PCS,C205 Squatting Pan W/foot Rest,C205 Squatting Pan W/foot Rest,no
TOO-COM-GLO-06MM,PCS,Glotool Combination Wrench 06MM,Glotool Combination Wrench 06MM,no
TOO-LEV-W0093D600,PCS,Aluminium Level (600MM),Aluminium Level (600MM),no
TOO-NIE-ALL-KEY-10MM,PCS,Nietz E/long Ball Point Satin Wrch 53252100 10MM,Nietz E/long Ball Point Satin Wrch 53252100 10MM,no
TRA-SOC-METAL-125503,PCS,Taicon 1G 70/0076 Metal Trailing Socket 5M (125503),Taicon 1G 70/0076 Metal Trailing Socket 5M (125503),no
WOO-PLY-9MM-WTRPROOF,PCS,Plywood 4'X8'X9MM Waterproof,Plywood 4'X8'X9MM Waterproof,no
X-BOS-0601-216-1L6,UNIT,Gsb 10RE Impact Drill Set,Gsb 10RE Impact Drill Set,no
X-ELE-CEI-LIG-38129-96W,PCS,Ceiling Light 38129/96W 3CLR-RD,Ceiling Light 38129/96W 3CLR-RD,no
BOS-2608-600-704,PCS,Diamond Blade 2608-600-704,Diamond Blade 2608-600-704,no
DC-SIM-FF10-100,SET,Angle Grinder / DSM10-100,Angle Grinder / DSM10-100,no
ELE-LAMP-HOLD-E27-5M,PCS,E27 Lamp Holder - 5M X 10 E27,E27 Lamp Holder - 5M X 10 E27,no
ELE-PEN-8260/3,SET,8260/3 Pendant Lamp (E27X3),8260/3 Pendant Lamp (E27X3),no
LAS-MAC-HTM-5500,SET,Hitmax Laser Level Machine (w,Hitmax Laser Level Machine (w,no
NET-SUN-3MX3M-90%,PCS,3M X 3M Sunshade Netting (90% Black),3M X 3M Sunshade Netting (90% Black),no
"PAI-ROL-SET-STA-4""",PCS,Stanley 4 Mini Roller (frame+refill),Stanley 4 Mini Roller (frame+refill),no
PAI-SPR-PMT-006,DOZ,Paint Master Spray Paint - No. 6 Orange Red,Paint Master Spray Paint - No. 6 Orange Red,no
RAK-2 IN 1,SET,2 IN 1 Rack 1829MM (H)X900MM (L)X350MM (W)X5LVL,2 IN 1 Rack 1829MM (H)X900MM (L)X350MM (W)X5LVL,no
SAN-SWPW-SS-W81B,PCS,Waste Without Overflow SWPW-SS-W81B,Waste Without Overflow SWPW-SS-W81B,no
SHO-BID-HAN-V6660,PCS,Vip Hand Bidet Hose,Vip Hand Bidet Hose,no
SUMO-SM200WI,UNIT,Sumo Inverter Gasoline Welder/gene. 6.5HP,Sumo Inverter Gasoline Welder/gene. 6.5HP,no
SWI-CON-8.3A-100W,PCS,Taicon Power Supply (low Noise) 8.3A 12V 100W,Taicon Power Supply (low Noise) 8.3A 12V 100W,no
TOO-COM-GLO-28MM,PCS,Glotool Combination Wrench 28MM,Glotool Combination Wrench 28MM,no
TOO-NIE-ALL-KEY-05.5MM,PCS,Nietz E/long Ball Point Satin Wrch 53252055 5.5MM,Nietz E/long Ball Point Satin Wrch 53252055 5.5MM,no
WEL-ELE-KOB-RB26-2.6MM,BOX,Kobelco Welding Electrode RB26 X 2.6MM,Kobelco Welding Electrode RB26 X 2.6MM,no
DCJZ1202ITD,SET,Cordless Driver Drill Combo Kit /DCJZ1202ITD,Cordless Driver Drill Combo Kit /DCJZ1202ITD,no
GUM-HAR-RS200W-WHT,PCS,Acrylic Sealant: Hardex White,Acrylic Sealant: Hardex White,no
HHD-STO-JYMT-150MM,PCS,6 Jayamata Sharpening Stone,6 Jayamata Sharpening Stone,no
"HHD-STO-SHA-JM140-8""",PCS,Jaya Mata Sharpening Stone 8,Jaya Mata Sharpening Stone 8,no
HHD-STO-TIG-150MM,PCS,6 Sharping Stone (b),6 Sharping Stone (b),no
HOS-MAC-WAS-OUT-1.5M,PCS,PVC Outlet HOSE-1.5M,PVC Outlet HOSE-1.5M,no
NET-SUN-3MX4M-90%,PCS,3M X 4M Sunshade Netting (90% Black),3M X 4M Sunshade Netting (90% Black),no
TAR-SHT-TP800-GRE/BLK,COIL,Canvas Olive Gre/blk 6'X60YARDS,Canvas Olive Gre/blk 6'X60YARDS,no
TOW-CAR-MIN-AR-4030,DOZ,Absorbent Rag,Absorbent Rag,no
WEL-ELE-J38.12-2.5MM,BOX,Welding Electrode X 2.5MM (BOX),Welding Electrode X 2.5MM (BOX),no
X-AMFC-3402,PCS,Aimer Pillar Sink Tap,Aimer Pillar Sink Tap,no
BOS-2608-900-571,PCS,Hex 9 Multi Purpose D/bit 5 X 50 X 100MM,Hex 9 Multi Purpose D/bit 5 X 50 X 100MM,no
CUT-DIS-KCW-100,PCS,Qs Cutting Wheel 4,Qs Cutting Wheel 4,no
DOR-LOC-CYL-A600SP,PCS,Cavallo Door Lock (v/p) A600SP,Cavallo Door Lock (v/p) A600SP,no
DRI-BIT-2500-80P-PH2,PCS,Best PH2 X 80MM Impact Driver Bit,Best PH2 X 80MM Impact Driver Bit,no
ELE-LED-SOL-60W-6500K,PCS,Solar Panel + Solar Light 60W,Solar Panel + Solar Light 60W,no
FLO-PVC-31612,ROLL,PVC Flooring No. K35004,PVC Flooring No. K35004,no
GRA-CUT-SUMO-SM-43N,UNIT,Sumo Brush Cutter SM43N,Sumo Brush Cutter SM43N,no
NIE-SOC-HAN-DEE-06P-1/2-21MM,PCS,Nietz Dr Deep Cr Socket (6PT) 50042021 21MM,Nietz Dr Deep Cr Socket (6PT) 50042021 21MM,no
PYE-CEM-1KG-WHITE,BAG,PYE Grout WHITE-1KG,PYE Grout WHITE-1KG,no
SHO-CAB-CSA404,PCS,Cabana S/steel Shower Arm 450MM - Satin,Cabana S/steel Shower Arm 450MM - Satin,no
SWI-T/SOC-MS3233-5M3G,PCS,Morries Extension Socket 3G 5M W Neon,Morries Extension Socket 3G 5M W Neon,no
WEL-ELE-KOB-RB26-3.2MM,BOX,Kobelco Welding Electrode RB26 X 3.2MM,Kobelco Welding Electrode RB26 X 3.2MM,no
WEL-ELE-KOB-RB26-4.0MM,BOX,Kobelco Welding Electrode RB26 X 4.0MM,Kobelco Welding Electrode RB26 X 4.0MM,no
WEL-MAC-STW-160E,UNIT,Starweld Welding Machine Acc. Mma 160E,Starweld Welding Machine Acc. Mma 160E,no
CUT-TIL-NYL-2.5MM,BAG,Tiles Nylon Spacer X200PCS-2.5MM,Tiles Nylon Spacer X200PCS-2.5MM,no
ELE-LED-FLO-100W-6500K,PCS,LED Floor Light,LED Floor Light,no
FAS-SCR-DS520HOW-BOX,BOX,10 X3/4 Lion King Self-drill Scr,10 X3/4 Lion King Self-drill Scr,no
GAS-STO-BU01-013,SET,Butterfly Gas Cooker,Butterfly Gas Cooker,no
NIE-SOC-HAN-DEE-06P-1/2-19MM,PCS,Nietz Dr Deep Cr Socket (6PT) 50042019 19MM,Nietz Dr Deep Cr Socket (6PT) 50042019 19MM,no
NIE-SOC-HAN-DEE-12P-1/2-19MM,PCS,Nietz Dr Deep Cr Socket (12PT) 50045019 19MM,Nietz Dr Deep Cr Socket (12PT) 50045019 19MM,no
NIP-ODOURLITE-1L-P,CAN,1L Nippon Odourlite Soft Matt Pastel Base,1L Nippon Odourlite Soft Matt Pastel Base,no
PAI-TIG-250ML-YEL,TIN,250ML Tiger G. P Yellow,250ML Tiger G. P Yellow,no
TOO-NIE-ALL-KEY-05MM,PCS,Nietz E/long Ball Point Satin Wrch 53252050 5MM,Nietz E/long Ball Point Satin Wrch 53252050 5MM,no
TOO-WRE-AIR-EA-1302,UNIT,Esko 1/2 Air Impact Wrench,Esko 1/2 Air Impact Wrench,no
WAL-DOW-9168/1W,PCS,Wall Lamp (E27X1) 9168-1W,Wall Lamp (E27X1) 9168-1W,no
WAL-DOW-9172/1W,PCS,Wall Lamp (E27X1) 9172-1W,Wall Lamp (E27X1) 9172-1W,no
BOS-1600-A00-F6X,PCS,Battery Pack 12V 2.0AH,Battery Pack 12V 2.0AH,no
BOS-2608-572-253,PCS,Drill Chuck 13MM,Drill Chuck 13MM,no
GUM-BLA-V210,PCS,Neutral H/perform Sealant-blk,Neutral H/perform Sealant-blk,no
HOS-GAR-MARK-X-DB-MTR,MTR,Mark-x Garden UV Net Hose 4PLY Dark/blue-mtr,Mark-x Garden UV Net Hose 4PLY Dark/blue-mtr,no
IND-WHE-3IN1-STC-ST-22,UNIT,Stc 3IN1 Wheel Barrow-deep (solid Wheel),Stc 3IN1 Wheel Barrow-deep (solid Wheel),no
KGR-ADH-3KG,TIN,Kangaroo Brand 505 Super Adhesive 3KG,Kangaroo Brand 505 Super Adhesive 3KG,no
LOC-SAN-PB26550MM,DOZ,Sanlock Pb Pad 50MM,Sanlock Pb Pad 50MM,no
LOC-SEC-SHE-N40MM,PCS,Shenling Top Security Lock 40MM-NEW,Shenling Top Security Lock 40MM-NEW,no
NIE-KEY-BOX-MET-50528020,PCS,Nietz Metal Key Box 20,Nietz Metal Key Box 20,no
PUM-SHOWFOU-GF-100N,UNIT,Showfou Pump GF-100N,Showfou Pump GF-100N,no
X-AMFC-3404,PCS,Aimer Lavatory Faucet,Aimer Lavatory Faucet,no
X-STA-GL260,UNIT,Black+decker S Trimmer,Black+decker S Trimmer,no
BAT-CHA-KENDE-SM2024,UNIT,Kende Battery Charger 24V,Kende Battery Charger 24V,no
BAT-ENE-HD-AAA4PCS,PCK,Eveready HD Aaa 4PC,Eveready HD Aaa 4PC,no
DC-ZIJ-FF04-13(SET),SET,Electric Impact Drill / DZJ04-13,Electric Impact Drill / DZJ04-13,no
DOR-LOC-CYL-A600SS,PCS,Cavallo Door Lock (v/p) A600SS,Cavallo Door Lock (v/p) A600SS,no
FIT-BUT-END-PLUG-20MM,PCS,Buteline 20MM PE Pipe End Plug,Buteline 20MM PE Pipe End Plug,no
FRE-MID-MD-RC207FZB01,PCS,Midea Chest FREEZER-142L MD-RC207FZB01,Midea Chest FREEZER-142L MD-RC207FZB01,no
GUM-HAR-RS800,PCS,Bonding Nail Hardex,Bonding Nail Hardex,no
HOS-NET-MIK-25MM,COIL,Mikasa Net Hose - 25MM X 50M,Mikasa Net Hose - 25MM X 50M,no
IND-TRO-BRI-236,DOZ,Glotool Bricklaying Trowel (2-3) 6,Glotool Bricklaying Trowel (2-3) 6,no
LETR-PUNC-50731060,SET,Nietz A-z Letter Punches 6MM 50731060,Nietz A-z Letter Punches 6MM 50731060,no
NIE-SOC-HAN-DEE-12P-1/2-17MM,PCS,Nietz Dr Deep Cr Socket (12PT) 50045017 17MM,Nietz Dr Deep Cr Socket (12PT) 50045017 17MM,no
NIP-EAS-5874-7L,CAN,7L Easycoat Emulsion 5874 Oyster Grey,7L Easycoat Emulsion 5874 Oyster Grey,no
PVC-SPONGE-MATE-CX1200,PCS,"48""X66 PVC Sponge Mat","48""X66 PVC Sponge Mat",no
SIN-CAV-CA819,PCS,S/s Laundry Sink,S/s Laundry Sink,no
TOO-DRV-BLI-IMP-4(-),PCS,"Blimax Impact Screw DRIVER-4""X6MM (-)","Blimax Impact Screw DRIVER-4""X6MM (-)",no
"TOO-DRV-STA-PH2-1/4""X06""-9960651690",PCS,"Cushion Grip S/dr PHILIPS-1/4""X6""X2PT ( 2X150MM)","Cushion Grip S/dr PHILIPS-1/4""X6""X2PT ( 2X150MM)",no
TOO-LEV-W0093B400,PCS,Aluminium Level (400MM),Aluminium Level (400MM),no
TOO-NIE-SOC-KEY-L08MM,PCS,Nietz 1/2 IN Drive Long Allen Bxsocket 50240108 8MM,Nietz 1/2 IN Drive Long Allen Bxsocket 50240108 8MM,no
X-LOC-SGD-PL300-60MM-4PCS,SETS,60MM St. Guchi Armoured Padlock KA-4PCS PL300,60MM St. Guchi Armoured Padlock KA-4PCS PL300,no
ADH-TAP-WIR-SINO-24X20,ROLL,Sino PVC Tape,Sino PVC Tape,no
BOS-1600-A01-03S,PCS,Keyless Chuck For Gsr 120 (c),Keyless Chuck For Gsr 120 (c),no
ELE-CAB-WIR-ML-2.5MM-GRE,ROLL,ML PVC Cable Green,ML PVC Cable Green,no
NIE-JOI-UNI-12MM,PCS,Nietz Dr Universal Joint 1/2 50046840,Nietz Dr Universal Joint 1/2 50046840,no
SINK-TAP-K2B-LT8516H,PCS,Luxtec Flexible Hose Wall Sink Tap,Luxtec Flexible Hose Wall Sink Tap,no
TAP-PRE-TK-3016Q,PCS,Premio: Pillar Sink Tap TK-3016Q,Premio: Pillar Sink Tap TK-3016Q,no
TOO-DRI-SET-WK-PWT-5502,SET,Worker 12V Cordless Drill,Worker 12V Cordless Drill,no
TOPLUS-HIG-GLO-5L-B,CAN,5L Toplus High Gloss B Base,5L Toplus High Gloss B Base,no
TOPLUS-HIG-GLO-5L-D,CAN,5L Toplus High Gloss D Base,5L Toplus High Gloss D Base,no
WEL-ELE-KOB-LB52-4.0MM,PCK,Kobelco Welding Electrode LB52 X 4.0MM,Kobelco Welding Electrode LB52 X 4.0MM,no
BOS-2608-603-729,PCS,Diamond Blade For Tile,Diamond Blade For Tile,no
COM-AIR-ACO-AC24L,UNIT,Air Fighter/ouwenbull 2.5HP 24L Air Compressor,Air Fighter/ouwenbull 2.5HP 24L Air Compressor,no
FAN-WAL-OS-16WF,SET,Osaki 16 Wall Fan,Osaki 16 Wall Fan,no
FAS-ANC-PJA-0866,BOX,Glotool P. J. Anchor 5/16 X 2-5/8,Glotool P. J. Anchor 5/16 X 2-5/8,no
FAS-SCR-DS525HW-MET,BOX,10 X 1 Self Drill Screw (500PCS/BOX),10 X 1 Self Drill Screw (500PCS/BOX),no
HHD-TOI-SQU-SIPHON,PCS,Square PVC Cistern Siphon,Square PVC Cistern Siphon,no
LETR-PUNC-50731050,SET,Nietz A-z Letter Punches 5MM 50731050,Nietz A-z Letter Punches 5MM 50731050,no
PAI-BRU-730-50MM,PCS,T&t Paint 2,T&t Paint 2,no
PAI-ROL-REF-T6010,PCS,10 Tech-klon Roller Refill,10 Tech-klon Roller Refill,no
SWI-T/SOC-MS3244-3-3M4G,PCS,Morries Extension Socket 4G 3M W Neon (blue),Morries Extension Socket 4G 3M W Neon (blue),no
"TOO-NIE-SOC-HAN-1/2""-11MM",PCS,Nietz Dr Chrome Socket (12PT)50043011 11MM,Nietz Dr Chrome Socket (12PT)50043011 11MM,no
TOO-PLI-LOC-GT250,PCS,Glotool Locking Plier 10,Glotool Locking Plier 10,no
"TOO-PLI-LOS-NOS-GT8""",PCS,Glotool Long Nose Plier 8,Glotool Long Nose Plier 8,no
X-ELE-CEI-LIG-1721/1-32PCS,PCS,1721/1 L/ceiling Lamp With I/c Control,1721/1 L/ceiling Lamp With I/c Control,no
X-ELE-CEI-LIG-1721/2-32PCS,PCS,1721/2 L/ceiling Lamp With I/c Control,1721/2 L/ceiling Lamp With I/c Control,no
BUT-NUL-ANC-METAL-MB0830,PCK,Metal Butterfly Anchor (10PCS/PCK),Metal Butterfly Anchor (10PCS/PCK),no
DC-DCJZ2050IDE,SET,Cordless Brushless Driver/hammer Drill 20V (2.0AH X2/2A) / DCJZ2050I,Cordless Brushless Driver/hammer Drill 20V (2.0AH X2/2A) / DCJZ2050I,no
FAN-WAL-HOOK-31183,PCS,Wall Fan Bracket,Wall Fan Bracket,no
FAS-SCR-ZPH-DSMHO525-BOX-500PCS,BOX,Sr Zph Self Drilling Screw (500PCS/BOX) DSM-HO525,Sr Zph Self Drilling Screw (500PCS/BOX) DSM-HO525,no
"GLA-4MMX6""X24""",PCS,"6""X24""X4MM Figured Glass","6""X24""X4MM Figured Glass",no
GUM-PVC-OCI-100G,TIN,Sr Oci PVC Gum 100G,Sr Oci PVC Gum 100G,no
KGR-PAI-ROA-LIN-3103,TIN,5L Kangaroo Road Line Marking Pai,5L Kangaroo Road Line Marking Pai,no
SWI-T/SOC-MS3255-3-3M5G,PCS,Morries Extension Socket 5G 3M W Neon (blue),Morries Extension Socket 5G 3M W Neon (blue),no
TOO-CHI-WOO-GT012,PCS,Glotool Wood Chisel 1/2,Glotool Wood Chisel 1/2,no
TOO-LEV-W0093A300,PCS,Aluminium Level (300MM),Aluminium Level (300MM),no
TRA-SOC-METAL-125504,PCS,Taicon 1G 70/0076 Metal Trailing Socket 8M (125504),Taicon 1G 70/0076 Metal Trailing Socket 8M (125504),no
VAL-SAN-SW-SS-AV-78,PCS,Saniware Angle Valve-blue,Saniware Angle Valve-blue,no
BLO-GWC1820PCF,UNIT,Black+decker Power Boost Blower 18V,Black+decker Power Boost Blower 18V,no
BOS-1619-PC0-389,PCS,Carbon Brush Gsb 600 (c),Carbon Brush Gsb 600 (c),no
BOS-2608-600-272,PCS,7 Cutting Disc,7 Cutting Disc,no
DC-DCPL208AM,SET,Cordless Brushless Impact Drive 20V (2.0AH X2/2A),Cordless Brushless Impact Drive 20V (2.0AH X2/2A),no
DC-Z1J-FF02-13,SET,Electric Impact Drill / DZJ02-13,Electric Impact Drill / DZJ02-13,no
ELE-SOL-W0301C,PCS,Ex Heat Electric Solder Iron 60W,Ex Heat Electric Solder Iron 60W,no
GUN-TRA-ST64,PCS,Meite H/duty Pneumatic,Meite H/duty Pneumatic,no
HOS-GAR-ORA-GREENLAND-16MMX30M,ROLL,Garden Hose - Gre/blk 2LAYER 16MMX3.0MMX30M,Garden Hose - Gre/blk 2LAYER 16MMX3.0MMX30M,no
"IND-CAS-SWI-1.25""",PCS,1.25 DL5 Tpe 360 Degree Swivel Caster,1.25 DL5 Tpe 360 Degree Swivel Caster,no
LOC-SAN-PB26332MM,DOZ,Sanlock Pb Pad 32MM,Sanlock Pb Pad 32MM,no
MIR-CAB-CBM1030,UNIT,Cabana Mirror (black),Cabana Mirror (black),no
MIR-CAB-CBM105-BL,PCS,Cabana Mirror CBM105-BL,Cabana Mirror CBM105-BL,no
SIN-MUD-8048,SET,Double Bowl (8048) (L800MM X X D250MM),Double Bowl (8048) (L800MM X X D250MM),no
TOO-CHI-WOO-GT025,PCS,Glotool Wood Chisel 1,Glotool Wood Chisel 1,no
"TOO-DRV-BLI-IMP-4""(+)",DOZ,"Blimax Impact Screw DRIVER-4""X6MM (+)","Blimax Impact Screw DRIVER-4""X6MM (+)",no
"TOO-NIE-SOC-HAN-1/2""-27MM",PCS,Nietz Dr Chrome Socket (12PT)50043027 27MM,Nietz Dr Chrome Socket (12PT)50043027 27MM,no
TOO-PLI-JOI-WNS506E,PCS,Slip Joint Pliers 150MM,Slip Joint Pliers 150MM,no
"TOO-VIC-GLO-4""",PCS,Glotool Bench Vice 4,Glotool Bench Vice 4,no
"IND-CAS-SWI-BRA-1.25""",PCS,1.25 DL5 Tpe 360 Degree Swivel Caster W Brakes,1.25 DL5 Tpe 360 Degree Swivel Caster W Brakes,no
KGR-REM-PAI-500ML,TIN,910 Kangaroo Paint Remover,910 Kangaroo Paint Remover,no
KOYA-GLU-5508,PCS,Koya White Glue - 500ML (P-5508),Koya White Glue - 500ML (P-5508),no
LETR-PUNC-50731040,SET,Nietz A-z Letter Punches 4MM 50731040,Nietz A-z Letter Punches 4MM 50731040,no
NIE-SOC-HAN-DEE-12P-1/2-11MM,PCS,Nietz Dr Deep Cr Socket (12PT) 50045011 11MM,Nietz Dr Deep Cr Socket (12PT) 50045011 11MM,no
TAP-PIL-JOPEX-QSTP01W,PCS,Jopex Pillar Sink,Jopex Pillar Sink,no
TAP-SINK-QXY-AT-5045,PCS,QXY-AT-5045: Arc / Wall Sink Tap,QXY-AT-5045: Arc / Wall Sink Tap,no
TOI-PUS-BOT-CJPB5000,PCS,38MM Single Push Button,38MM Single Push Button,no
"TOO-NIE-SOC-HAN-1/2""-26MM",PCS,Nietz Dr Chrome Socket (12PT)50043026 26MM,Nietz Dr Chrome Socket (12PT)50043026 26MM,no
TOO-PLI-PUMW5012,PCS,Water Pump Pliers 300MM,Water Pump Pliers 300MM,no
TOO-WRE-PIP-A1200MM,PCS,Glotool Pipe Wrench American Type 48,Glotool Pipe Wrench American Type 48,no
TOW-CON-MIN66A52,PCS,13 X30 Cotton Face Towel (37G) -min (PCS),13 X30 Cotton Face Towel (37G) -min (PCS),no
X-TAB-LAM-016TL-WH,PCS,Table Lamp 016-WH,Table Lamp 016-WH,no
BOS-1617-000-525,SET,Carbon Brush Gbh 2-26 Dre/dfr,Carbon Brush Gbh 2-26 Dre/dfr,no
CIMA-2933/2,SET,2933-2 L/ceiling Lamp (32W DL)+(32W Ww) W Ic Control,2933-2 L/ceiling Lamp (32W DL)+(32W Ww) W Ic Control,no
DC-DSM17-100B,SET,Angle Grinder / DSM17-100B,Angle Grinder / DSM17-100B,no
DC-DVC12,SET,12L Vacuum Cleaner (1200W),12L Vacuum Cleaner (1200W),no
FLO-PVC-NO-11118,ROLL,PVC Flooring No. K11118,PVC Flooring No. K11118,no
HOS-GAR-ORA-GREENLAND,ROLL,Mark-x Single Layer Hose Orange 16MMX2MMX10M,Mark-x Single Layer Hose Orange 16MMX2MMX10M,no
IND-FIL-2.4KG,ROLL,Worker PVC Stretch Film,Worker PVC Stretch Film,no
LOC-SGD-HL99-50MM,PCS,Hard Anti Cut Padlock,Hard Anti Cut Padlock,no
OIL-MOT-4T-AX3 40-1L,BTL,Advance 4T AX3 40 (sf) - 1L,Advance 4T AX3 40 (sf) - 1L,no
PAI-HAN-CRI-4M,PCS,4M Cristin Telescope,4M Cristin Telescope,no
PYE-WOO-VAR-4L,TIN,PYE Wood VARNISH-4LITRE,PYE Wood VARNISH-4LITRE,no
SWI-CON-TC-10506,PCS,Taicon Power Supply (low Noise) 16.6A 12V 200W,Taicon Power Supply (low Noise) 16.6A 12V 200W,no
"TOO-DRV-BLI-IMP-6""(-)",PCS,"Blimax Impact Screw DRIVER-6""X6MM (-)","Blimax Impact Screw DRIVER-6""X6MM (-)",no
TOO-FIL-BCC-4.8200MM,CARD,Bahco Chain Saw File 168-8-4.8-3P 3/161IN (CARD),Bahco Chain Saw File 168-8-4.8-3P 3/161IN (CARD),no
VAC-MID-MVC-V18K-BG,PCS,Midea Bagless Canister Vacuum Cleaner 1800W Black,Midea Bagless Canister Vacuum Cleaner 1800W Black,no
"ACE-HAM-ANC-1/4' X 1 1/2""",BOX,Ace Hammer Drive Anchor 640 1/4 X 1 1/2 (10PCS/PCK) (BOX),Ace Hammer Drive Anchor 640 1/4 X 1 1/2 (10PCS/PCK) (BOX),no
ADH-ELE-3G,DOZ,X'traseal Super Glue (economy PACK)3GX12 (DOZ),X'traseal Super Glue (economy PACK)3GX12 (DOZ),no
BAT-CHA-20A-12/24V,UNIT,20A Battery Charger,20A Battery Charger,no
"BBQ-IEM-PRE-2250CB-22""",UNIT,Iemseb Premium 22 Kettle Grill Charcoal Bbq Set,Iemseb Premium 22 Kettle Grill Charcoal Bbq Set,no
BRU-HAN-GLO-462091,PCS,Glotool 462091-3008 H/brush - Brass,Glotool 462091-3008 H/brush - Brass,no
DC-M1B-FF-82X1,SET,Electric Planer,Electric Planer,no
"DL5SS-HOS-NIPP-1/2""X12MM",PCS,DL5 Hose Nipple 1/2 X 12MM,DL5 Hose Nipple 1/2 X 12MM,no
GAS-BUT-GT230G,CAN,Glogas Butane Gas Cartridge,Glogas Butane Gas Cartridge,no
LET-BOX-S/S-FX-918,UNIT,S/steel Letter Box (FX-918),S/steel Letter Box (FX-918),no
SHH-BLK-HOSE-9MMX2MM-S-9MTR/PCKT,MTR,Black Hose (9MMX2MM),Black Hose (9MMX2MM),no
SWI-SOC-ELE-TSB913,PCS,13A Universal Track Socket Blue-red LED (B913),13A Universal Track Socket Blue-red LED (B913),no
SWI-SOC-ELE-TSBL13,PCS,13A Flat Pin Tracks Socket Blue-red LED (BL13),13A Flat Pin Tracks Socket Blue-red LED (BL13),no
SWI-SOC-ELE-TSR13,PCS,13A Flat Pin Tracks Socket Red-blue LED (R13),13A Flat Pin Tracks Socket Red-blue LED (R13),no
TAP-CAB-CB65SS-BL,PCS,Cab Basin Cold Tap-matt Blk,Cab Basin Cold Tap-matt Blk,no
TOO-COM-GLO-07MM,PCS,Glotool Combination Wrench 07MM,Glotool Combination Wrench 07MM,no
TOO-WRE-ADJ-GT300,PCS,Glotool Adjustable Wrench 12,Glotool Adjustable Wrench 12,no
TOO-WRE-KPT-14SHM,UNIT(S),Kawasaki Impact Wrench - Kpt,Kawasaki Impact Wrench - Kpt,no
WOO-PLY-5.2MM,PCS,Plywood 5.2MM X 4 X 8,Plywood 5.2MM X 4 X 8,no
WOR-CUT-WK-PWT-5510,UNIT,Worker 1200W 4 Cutting,Worker 1200W 4 Cutting,no
ADH-TAP-FIB-GLO,ROLL,Glotool Fibre Glass Tape 50MM X 70M,Glotool Fibre Glass Tape 50MM X 70M,no
BAT-ENE-SHD-C2PC,PCS,Eveready Shd C 2 Pc,Eveready Shd C 2 Pc,no
BOS-1619-P20-086,SET,Carbon Brush For Gbm 350,Carbon Brush For Gbm 350,no
BOS-2608-603-309,PCS,Diamond Cutting Blade Segmented,Diamond Cutting Blade Segmented,no
DRI-BIT-2500-36P-PH2,PCS,Best PH2 X 36MM Impact Driver Bit,Best PH2 X 36MM Impact Driver Bit,no
ELE-CEI-LIG-2847/2WH,SET,L/ceiling Lamp,L/ceiling Lamp,no
GAR-HOE-RED-IND-3551C-2.5LBS,PCS,2 - Red Indian Hoe Head,2 - Red Indian Hoe Head,no
LOC-SEC-SHE-N60MM,PCS,Shenling Top Security Lock 60MM-NEW,Shenling Top Security Lock 60MM-NEW,no
PYE-WOO-VAR-250ML,TIN,PYE Wood VARNISH-250ML,PYE Wood VARNISH-250ML,no
SHO-CAB-CSH28211,UNIT,"Cabana ABS Rain Shower Head (200X200-8"")","Cabana ABS Rain Shower Head (200X200-8"")",no
TAP-WAL-JOPEX-QSTW01W,PCS,Jopex Sink Tap,Jopex Sink Tap,no
TOO-WRE-ADJW375,PCS,Adjustable Wrench 375MM,Adjustable Wrench 375MM,no
X-ELE-CEI-LIG-3011/96W 3CLR,PCS,Ceiling Light 3CLR 3011-96W,Ceiling Light 3CLR 3011-96W,no
BOX-ICE-200LTR,PCS,Insulated Ice Box (ks) 200LTR,Insulated Ice Box (ks) 200LTR,no
FIT-BUT-ELB-25X20MM,PCS,Buteline 25 X 20MM PE Elbow,Buteline 25 X 20MM PE Elbow,no
GLO-RUB-ELE-BLA,DOZ,Elephant Rubber Hand Gloves,Elephant Rubber Hand Gloves,no
GRA-CUT-BLA-GCB-1490SS,PCS,S/steel Grass Cutter Blade - 14,S/steel Grass Cutter Blade - 14,no
"GRA-CUT-LIN-TEETH-12""",PCS,"Trimmer Line (12"")-TEETH","Trimmer Line (12"")-TEETH",no
LOC-SAN-PB26225MM,DOZ,Sanlock Pb Pad 25MM,Sanlock Pb Pad 25MM,no
RAK-2 IN1-B400W,SET,2 IN 1 (90WX350DX180H),2 IN 1 (90WX350DX180H),no
ROO-GUT-WH-G100-5.8M,PCS,Middy: G100 X 5.8M Gutter (white),Middy: G100 X 5.8M Gutter (white),no
SWI-T/SOC-MS3244-5-5M4G,PCS,Morries Extension Socket 4G 5M W Neon,Morries Extension Socket 4G 5M W Neon,no
TOO-WRE-ADJ-GT200,PCS,Glotool Adjustable Wrench 8,Glotool Adjustable Wrench 8,no
WEL-ELE-KOB-LB52-2.6MM,PCK,Kobelco Welding Electrode LB52 X 2.6MM,Kobelco Welding Electrode LB52 X 2.6MM,no
WEL-ELE-NSW-308L-3.2MM,KGS,Nihonweld Electrode X 3.2MM,Nihonweld Electrode X 3.2MM,no
BOA-GYP-06MM,PCS,4 X 8 X 6.0MM Prima Flat Sheet,4 X 8 X 6.0MM Prima Flat Sheet,no
BOX-ICE-60LTR,PCS,Insulated Ice Box (ks) 60LTR,Insulated Ice Box (ks) 60LTR,no
"CHA-SAW-CHAIN-3652-25""",PCS,"25""M Stihl Chain (3652)","25""M Stihl Chain (3652)",no
"CHA-SAW-CHAIN-381-25""",PCS,"381 25""R Stihl Chain","381 25""R Stihl Chain",no
ELE-CAB-PVC-4.00MM-RED-MTR,MTR,Ktk PVC Cable Red 100M -mtr,Ktk PVC Cable Red 100M -mtr,no
PAI-HAN-CRI-3M,PCS,3M Cristin Telescope,3M Cristin Telescope,no
SHO-CAB-CSA300AA,UNIT,Cabana Shower Arm (20X1.0X300MM),Cabana Shower Arm (20X1.0X300MM),no
SHO-CAB-CSH7012,UNIT,Cabana ABS Rain Shower (200MM),Cabana ABS Rain Shower (200MM),no
TAP-CAB-CB5109A,UNIT,Cabana Pillar-mounted Sink Tap CB5109A,Cabana Pillar-mounted Sink Tap CB5109A,no
TAP-CAB-CB9109A,UNIT,Cabana Pillar-mounted Sink Tap CB9109A,Cabana Pillar-mounted Sink Tap CB9109A,no
BOA-GYP-04.5MM,PCS,4 X 8 X 4.5MM Prima Flat Sheet,4 X 8 X 4.5MM Prima Flat Sheet,no
BOS-2608-634-505,PCS,Jigsaw Blade T118AF,Jigsaw Blade T118AF,no
DC-DCJZ2060iAM,SET,Cordless Brushless Driver/hammer Drill 20V (2.0AH X2/2A) / DCJZ2060IAM,Cordless Brushless Driver/hammer Drill 20V (2.0AH X2/2A) / DCJZ2060IAM,no
HOO-CAB-CB807-3,UNIT,Cabana S/steel 3 Robe Hook (satin),Cabana S/steel 3 Robe Hook (satin),no
IND-TRO-PLA-STE-99999,PCS,"Blue Steel Cement Trowel 4 1/2""X11 1.0MM","Blue Steel Cement Trowel 4 1/2""X11 1.0MM",no
JQB-SUNWAVE-110W,UNIT,Jqb Foldable Solar Panel 110W,Jqb Foldable Solar Panel 110W,no
LAD-H/D-STRO-DS10,UNIT,Strongman D/s H/d Ladder DSHD10 10STEP,Strongman D/s H/d Ladder DSHD10 10STEP,no
MKX-2021-BRUS-3IN1,SET,Mark-x Brushless 3 IN 1 Combination Set,Mark-x Brushless 3 IN 1 Combination Set,no
NUM-PUNC-50730050,SET,Nietz 0-9 Number Punches 5MM 5730050,Nietz 0-9 Number Punches 5MM 5730050,no
RAINBOW-R007-500GM,BTL,Rainbow Texture Paint R007 Black,Rainbow Texture Paint R007 Black,no
SIN-CLE-DRA-H/D-3.2M,PCS,Heavy Duty Pipe Cleaner 3.2M,Heavy Duty Pipe Cleaner 3.2M,no
SOC-EMPTY-TAI-5G-LO6200,PCS,Taicon 5G Trailing Socket Neon-empty (5000),Taicon 5G Trailing Socket Neon-empty (5000),no
SUMO-VAC-CLE-SM-1600,UNIT,Sumo Vacuum Cleaner (20L),Sumo Vacuum Cleaner (20L),no
THI-KOYA-622,TIN,Gold Pyramid 2KG Thinner,Gold Pyramid 2KG Thinner,no
"TOO-CHI-NIE-5""",PCS,Nietz Centre Punch 120MM 551-84-412,Nietz Centre Punch 120MM 551-84-412,no
TOO-NIE-ALL-KEY-03MM,PCS,Nietz E/long Ball Point Satin Wrch 53252030 3MM,Nietz E/long Ball Point Satin Wrch 53252030 3MM,no
WEL-MAC-FIG-MMA200,UNIT,Fighter Inverter Welding Machine 200A,Fighter Inverter Welding Machine 200A,no
WEL-MAC-STA-MIG160,UNIT,Starweld Skill Welding Machine 1KG Acc,Starweld Skill Welding Machine 1KG Acc,no
ADH-TAP-DOU-M12,ROLL,3M Scotch Double-sided Mountng Tape (12MMX7M)12/48,3M Scotch Double-sided Mountng Tape (12MMX7M)12/48,no
BOS-1619-P09-252,PCS,Ggs 3000L Straight Grinder (nut Only),Ggs 3000L Straight Grinder (nut Only),no
BOS-2608-680-796,PCS,Multi Purpose D/bit 10 X 80 X 120MM,Multi Purpose D/bit 10 X 80 X 120MM,no
CHE-LUB-HD4D-400ML,TIN,4D Penetrant/lubricant Spray: HD440/400ML,4D Penetrant/lubricant Spray: HD440/400ML,no
DOR-HAN-DK063-NA-R,PCS,Dekko Na-r Casement Handle,Dekko Na-r Casement Handle,no
ELE-CAB-VDE-WHI,MTR,Taicon 23/0.15 X 2 Core Vde Cable - White,Taicon 23/0.15 X 2 Core Vde Cable - White,no
GAR-SPR-CRO-KNA-C16L,UNIT,C16L Crown Knapsack Sprayer,C16L Crown Knapsack Sprayer,no
GUM-PVC-V-TECH-500GM,CAN,V-tech PVC Glue,V-tech PVC Glue,no
TOO-BOX-NIE-H/D-178,PCS,Nietz 178 H/d Duty Tool Box W 2 Organizer,Nietz 178 H/d Duty Tool Box W 2 Organizer,no
TOW-VAGO-V8801,SET,Vago Double Towel Bracket,Vago Double Towel Bracket,no
DC-DQU08-160,SET,Electric Mixer (1400W),Electric Mixer (1400W),no
"DL5SS-HOS-NIPP-1/2""X14MM",PCS,DL5 Hose Nipple 1/2 X 14MM,DL5 Hose Nipple 1/2 X 14MM,no
DUC-HOS-D-011,PCS,Alum Ducting Hose,Alum Ducting Hose,no
FAN-ACC-SPI,PCS,Spinner 12/16 Auto Fan (khind),Spinner 12/16 Auto Fan (khind),no
FAN-TAB-KDK-KB-404,PCS,Kdk Table Fan 16,Kdk Table Fan 16,no
GAS-ROL-CLH GAS007,PCS,4 Wheels Premium Gas Tank Stand W/roller,4 Wheels Premium Gas Tank Stand W/roller,no
HOL-SET-BUL-SYLVIA-12V,SET,Sylvia/fle E27 12V DC 15W LED Bulb Holder Set (5M),Sylvia/fle E27 12V DC 15W LED Bulb Holder Set (5M),no
HOS-SPA-RIN-C111,PKT,C111 Spare O-ring For Sink Tap,C111 Spare O-ring For Sink Tap,no
IND-TRO-BRI-235,DOZ,Glotool Bricklaying Trowel (2-3) 5,Glotool Bricklaying Trowel (2-3) 5,no
LAD-H/D-STRO-DS09,UNIT,Strongman D/s H/d Ladder DSHD09 9STEP,Strongman D/s H/d Ladder DSHD09 9STEP,no
SCA-NAK-ACS30-JC31D-30KG,PCS,Nakuho-price Computing Scale,Nakuho-price Computing Scale,no
TIE-CAB-WHI-8MMX250MM,PCK,"White PVC Cable Ties (10"")","White PVC Cable Ties (10"")",no
TOO-BOS-HAMM-BRH616,SET,Bossman 20V Brushless Rotary Hammer (BRH616),Bossman 20V Brushless Rotary Hammer (BRH616),no
TOO-CHI-WOO-GT009,PCS,Glotool Wood Chisel 3/8,Glotool Wood Chisel 3/8,no
TOO-COM-GLO-10MM,PCS,Glotool Combination Wrench 10MM,Glotool Combination Wrench 10MM,no
TOO-PLI-CIR-GTIS150,PCS,Glotool Circlip Plier - Int Straight,Glotool Circlip Plier - Int Straight,no
"TOO-PLI-LOS-NOS-GT6""",PCS,Glotool Long Nose Plier 6,Glotool Long Nose Plier 6,no
BOS-1.6MM-T/ELECTRODE,PCS,1.6MM Tungsten Electrode,1.6MM Tungsten Electrode,no
BOS-2609-120-398,SET,Carbon Brush Gho 6500,Carbon Brush Gho 6500,no
CIMA-DL-L-SC40F-12W-DL,SET,Senco 4 Square LED Panel Light Iron (dob) 12W,Senco 4 Square LED Panel Light Iron (dob) 12W,no
COC-BAS-SSS-L233,PCS,Leon Sus 304 S/steel Basin TAP-L233,Leon Sus 304 S/steel Basin TAP-L233,no
DC-DZC03-28,SET,28MM Electric Rotary Hammer,28MM Electric Rotary Hammer,no
GAR-SIC-D0601,PCS,Samlee Fruit Sickle,Samlee Fruit Sickle,no
"HHD-STO-JM199-7""",PCS,7 Sharpening Stone,7 Sharpening Stone,no
HHD-STO-TIG-200MM,PCS,8 Sharping Stone (b),8 Sharping Stone (b),no
SIN-TAP-TWINS-LUX-LT8550B,PCS,Luxtec Twins Spout Pillar Sink Tap,Luxtec Twins Spout Pillar Sink Tap,no
SWI-SOC-SUM-MS-S113,PCS,D'ner 13A 1G M/clad S/skt (sr),D'ner 13A 1G M/clad S/skt (sr),no
SWI-T/SOC-3540B-5M3G,SET,3G Extension Socket Sp,3G Extension Socket Sp,no
TAP-BASIN-I601B,PCS,Pillar Basin Tap Katana Wtc Tic,Pillar Basin Tap Katana Wtc Tic,no
TAP-CAB-CB5108,UNIT,Cabana Wall-mounted Sink Tap CB5108,Cabana Wall-mounted Sink Tap CB5108,no
TOW-CAB-CB553-26,UNIT,Cabana S/steel Towel BAR 26 (satin),Cabana S/steel Towel BAR 26 (satin),no
CHE-GRE-HD600-400ML,TIN,Spray Grease : Hardex 400ML,Spray Grease : Hardex 400ML,no
DC-Q1B-FF-2000,SET,Heat Gun / DQB2000,Heat Gun / DQB2000,no
GAS-STO-BTG-2M,PCS,Butterfly Double Table Glass Gas Cooker (green Edges),Butterfly Double Table Glass Gas Cooker (green Edges),no
GLO-HAN-PVC-DOTS,DOZ,Cotton Glove W/side PVC Dots (DOZ),Cotton Glove W/side PVC Dots (DOZ),no
IND-SCO-METAL-S501MH,DOZ,Scoop Metal Handle S501MH,Scoop Metal Handle S501MH,no
KGR-ADH-0100ML,TIN,Kangaroo Brand 505 Super Adhesive 100ML,Kangaroo Brand 505 Super Adhesive 100ML,no
KGR-OXI-57A1LIT,TIN,Stove Brand 57A Black Oxide Paint 1 Litre,Stove Brand 57A Black Oxide Paint 1 Litre,no
MAT-GRASS-CN-PGM-2MX25M-FTS,ROLL,2M X 25M Plastic Grass Mat Cn,2M X 25M Plastic Grass Mat Cn,no
PAI-DUS-22L-GHO2813,SET,22L Step Dustbin,22L Step Dustbin,no
X-TOO-DRI-SET-MKX-2018-12V,SET,Mark-x 12V Cordless Drill (MKX-2018),Mark-x 12V Cordless Drill (MKX-2018),no
ADH-TAP-SEA-G707,PCS,G707 Seal Tape,G707 Seal Tape,no
BOS-1619-P02-870,SET,Carbon Brush Gws 7-100,Carbon Brush Gws 7-100,no
CUT-SICKLE-JM22W,PCS,Sickle Harvesting Palm WHITE30,Sickle Harvesting Palm WHITE30,no
DC-DCQF32DM-02V,SET,Cordless Brushless Blower 20V (4.0AH X1/4A),Cordless Brushless Blower 20V (4.0AH X1/4A),no
LAD-ALU-WEL-D08,UNIT,Alum Welded Ladder - D08,Alum Welded Ladder - D08,no
LAD-ALU-WEL-D12,UNIT,Alum Welded Ladder - D12,Alum Welded Ladder - D12,no
SPR-BID-HEA-2078H,PCS,Chrome Bidet Head Only,Chrome Bidet Head Only,no
"ADH-OPP-CLE-1""X40YD",PCS,Neways/kramo Tape Opp Clear 1 X 40YD,Neways/kramo Tape Opp Clear 1 X 40YD,no
DC-Q1F-FF-32,SET,Blower Vacuum,Blower Vacuum,no
HOS-CON-STO-40200016,PCS,"Ecogreen Hose Quick Con. Wtr S. EG4110-1/2""-5/8","Ecogreen Hose Quick Con. Wtr S. EG4110-1/2""-5/8",no
IND-TRO-PLA-STE-BM99999,PCS,"Blue Steel Plastering Trowel 4""X11","Blue Steel Plastering Trowel 4""X11",no
KOYA-GRE-P525-1/2KG,TIN,Koya Heavy Grease,Koya Heavy Grease,no
RIG-SHA-BOW-G209-16MM,PCS,Pin Type Bow Shackle (G209) 16 MM,Pin Type Bow Shackle (G209) 16 MM,no
TOO-PLI-COM-GT200,PCS,Glotool Combination Plier 8,Glotool Combination Plier 8,no
TOO-PLI-DIA-GT175,PCS,Glotool Diagonal Plier 7,Glotool Diagonal Plier 7,no
ADH-GLU-PE300GM,SET,300GM E P Glue,300GM E P Glue,no
ADH-TAP-VIP-1215,PCS,PTFE Thread Seal Tape VIP-1215,PTFE Thread Seal Tape VIP-1215,no
BRO-FLO-NYL-6665C,PCS,Nylon Soft Broom With Handle,Nylon Soft Broom With Handle,no
CHE-LUB-HD4D-120ML,TIN,4D Penetrant/lubricant Spray: HD412/120ML,4D Penetrant/lubricant Spray: HD412/120ML,no
COC-BIB-SZW-12MM,EA,Saniware Wall Bib Tap,Saniware Wall Bib Tap,no
"CUT-BLA-M'MAN-F3X4""",PCS,M'man Diamond Blade - F3X4,M'man Diamond Blade - F3X4,no
"CUT-SAW-STA-FIB-20""",PCS,Plastic Handle Handsaw-crosscut (20 X 7T/8PT),Plastic Handle Handsaw-crosscut (20 X 7T/8PT),no
CUT-TUR-BWM-100MM,PCS,Glotool 100MM Turbo Granite Wheel Bwms,Glotool 100MM Turbo Granite Wheel Bwms,no
FAS-SCR-TECH-WOOD-65MM-BOX,BOX,Techscrew-wood Screw X 65MM (200PCS/BOX),Techscrew-wood Screw X 65MM (200PCS/BOX),no
LAD-ALU-WORKER-DS07,UNIT,Worker DS07 D/side Alum. Ladder (LDD07-MF),Worker DS07 D/side Alum. Ladder (LDD07-MF),no
LET-BOX-HW309,PCS,0339 Metal Letter Box (321X218X80MM),0339 Metal Letter Box (321X218X80MM),no
PAI-HAN-CRI-2M,PCS,2M Cristin Telescope,2M Cristin Telescope,no
PAI-SPR-PMT-022,DOZ,Paint Master Spray Paint - No. 22 Medium Grey,Paint Master Spray Paint - No. 22 Medium Grey,no
PAI-SPR-PMT-036,DOZ,Paint Master Spray Paint - No. 36 Silver,Paint Master Spray Paint - No. 36 Silver,no
SIN-CLE-DRA-H/D-5M,PCS,Heavy Duty Pipe Cleaner 5.0M,Heavy Duty Pipe Cleaner 5.0M,no
STI-BRU-CUT-DEF,PCS,Deflector Brush Cutter,Deflector Brush Cutter,no
STIHL-0781-319-8401,BOT,Engine Oil 100ML,Engine Oil 100ML,no
TOW-CON-MIN96,PCS,Cotton Face Towel (37G),Cotton Face Towel (37G),no
BIB-TAP-CLN-AB7122,PCS,Nietz Long Bib Tap 7122,Nietz Long Bib Tap 7122,no
DC-J1G-FF02-355,SET,Electric Cut Off Machine,Electric Cut Off Machine,no
DC-ZIC-FF05-26B,SET,Hammer Drill / DZC05-26B,Hammer Drill / DZC05-26B,no
ELE-NIG-LIG-MX132L(W),SET,ML E27 LED 3IN1 Night Light (white),ML E27 LED 3IN1 Night Light (white),no
FAS-SCR-TECH-METAL-25MM-BOX,BOX,Techscrew-metal Screw X 25MM (500PCS/BOX),Techscrew-metal Screw X 25MM (500PCS/BOX),no
GAR-HOE-CRO-2.5LB,PCS,Crocodile Hoe,Crocodile Hoe,no
GAR-HOE-CRO-CHI-2.5LB,PCS,Chillington Crocodile Hoe,Chillington Crocodile Hoe,no
GLO-CLO-HAN-THAI-LONG,PAIR,Thai Colour Gloves (long),Thai Colour Gloves (long),no
GRA-CUT-LIN-3MM1LB,PCK,Grass Cutter Line 3MM X 1LBS,Grass Cutter Line 3MM X 1LBS,no
GUM-HAR-5MIN,SET,Metal Expoxy Hardex 5 Min HE-5,Metal Expoxy Hardex 5 Min HE-5,no
HHD-TOI-COV-WHI,SET,Toilet Seat Cover:l/d PVC White Full,Toilet Seat Cover:l/d PVC White Full,no
IND-VEN-AIR-12'',UNIT,Airbank 12 Industrial Ventilator,Airbank 12 Industrial Ventilator,no
LAM-TUN-9174-GRE,PCS,Tungsram 150W Green,Tungsram 150W Green,no
LOC-SEC-SHE-N30MM,PCS,Shenling Top Security Lock 30MM-NEW,Shenling Top Security Lock 30MM-NEW,no
SWI-SOC-ALM-MK-G2946,EA,Mk Alm 13A X 2 M/c S/socket,Mk Alm 13A X 2 M/c S/socket,no
TOO-NIE-PLU-COU-40PH,PCS,Nietz Quick Coupler Plug 40PH,Nietz Quick Coupler Plug 40PH,no
TOPLUS-HIG-GLO-5L-A,CAN,5L Toplus High Gloss A Base,5L Toplus High Gloss A Base,no
BOS-2607-017-335,PKG,Screwdriver Bit Set,Screwdriver Bit Set,no
BOS-2608-600-264,PCS,7 Grinding Disc,7 Grinding Disc,no
"CUT-SAW-STA-FIB-18""",PCS,Plastic Handle Handsaw-crosscut (18 X 6T/7PT),Plastic Handle Handsaw-crosscut (18 X 6T/7PT),no
ELE-CAB-WIR-2.5RED-MTR*,MTR,"Asia PVC Cable, Red - MTR","Asia PVC Cable, Red - MTR",no
ELE-LED-FLO-50W-6500K,PCS,LED Flood Light,LED Flood Light,no
HOS-GAR-ORA-GREENLAND-GPI,ROLL,Garden Hose - Gre/blk 2LAYER 16MMX3.0MMX10M,Garden Hose - Gre/blk 2LAYER 16MMX3.0MMX10M,no
IND-FIL-3.0KG,ROLL,Stretch Film 2.5KG X 23 Micron X 500MM,Stretch Film 2.5KG X 23 Micron X 500MM,no
LOC-SGD-PL100-50MM3PC,SET,Armor Solid Brass Cp Anti-cut Padlock APL1000-50MM KA3PCS,Armor Solid Brass Cp Anti-cut Padlock APL1000-50MM KA3PCS,no
SCA-CAM-3100076,PCS,Electronic Bathroom Scale B03A (GLASS/ROUND)180KG,Electronic Bathroom Scale B03A (GLASS/ROUND)180KG,no
SCA-CAM-SP100KG-3100010,PCS,Camry-spring Scale,Camry-spring Scale,no
TOO-CHI-WOO-GT015,PCS,Glotool Wood Chisel 5/8,Glotool Wood Chisel 5/8,no
TOO-CHI-WOO-GT018,PCS,Glotool Wood Chisel 3/4,Glotool Wood Chisel 3/4,no
TOO-WRE-PIP-W900C,PCS,Heavy Pipe Wrench (900MM),Heavy Pipe Wrench (900MM),no
TOW-CAR-MIN-JIN-3070,PCS,13 X 31 Cotton Face Towel,13 X 31 Cotton Face Towel,no
BOS-2608-680-797,PCS,Multi Purpose D/bit 12 X 90 X 150MM,Multi Purpose D/bit 12 X 90 X 150MM,no
ELE-LED-DRI-12W,PCS,Homelite LED Driver 12W+4W,Homelite LED Driver 12W+4W,no
GLOSEAL-SIL-GN-900C,PCS,Gloseal Silicone - Clear,Gloseal Silicone - Clear,no
IND-TRU-FD300,SET,PVC Platform Handtruck FD300,PVC Platform Handtruck FD300,no
IND-WIR-PVC-MEGA-15X15,ROLL,1 X 24M (15MM) Mega Net Square Mesh (green),1 X 24M (15MM) Mega Net Square Mesh (green),no
IND-WIR-PVC-MEGA-6X6,ROLL,1 X 24M (6MM) Mega Net Square Mesh (green),1 X 24M (6MM) Mega Net Square Mesh (green),no
IND-WIR-PVC-MEGA-BLA-15X15,ROLL,1 X 24M (15MM) Mega Net Square Mesh (silver),1 X 24M (15MM) Mega Net Square Mesh (silver),no
ROP-PE-06MM,KG,6MM P. E Rope,6MM P. E Rope,no
TOO-COM-GLO-12MM,PCS,Glotool Combination Wrench 12MM,Glotool Combination Wrench 12MM,no
TOO-COM-W0287G-14MM,PCS,Com Ratchet Wrench 14MM,Com Ratchet Wrench 14MM,no
TOO-HAM-CLA-DOGYU,PCS,Dogyu Magnetic Claw Hammer-japan,Dogyu Magnetic Claw Hammer-japan,no
BBQ-GRI-JJD-40X70,PCS,40X70CM Bbq Net,40X70CM Bbq Net,no
CUT-BLA-ECL-1224T,PCS,Eclipse Hacksaw Blade - 12MM X 24T Predator,Eclipse Hacksaw Blade - 12MM X 24T Predator,no
DOR-ALU-LOC-NA4406,PCS,Aluminium Sliding Door NAJ6 (big),Aluminium Sliding Door NAJ6 (big),no
ELE-LED-SOL-40W-6500K,PCS,Solar Panel + Solar Light 40W,Solar Panel + Solar Light 40W,no
GAS-STO-BGC-266,PCS,Butterfly Epoxy Single Gas Cooker BGC-266,Butterfly Epoxy Single Gas Cooker BGC-266,no
GAS-STO-BGC-28,PCS,Butterfly Epoxy Single Gas Cooker BGC-268,Butterfly Epoxy Single Gas Cooker BGC-268,no
HHD-CIS-LOW,PCS,Weser Plastic Low Level Cristern,Weser Plastic Low Level Cristern,no
"HHD-SOC-YG241-1/2""X70MM",PCS,"Mxm Brass Connector 1/2""X70MM","Mxm Brass Connector 1/2""X70MM",no
HOS-GAR-SET-ECO30M1123,SET,Ecogreen- Iron Hose Reel Set / 1121 / 30M,Ecogreen- Iron Hose Reel Set / 1121 / 30M,no
IND-WHE-WB-533,UNIT,King Kong Wheel Barrow,King Kong Wheel Barrow,no
LAD-ALU-WEL-D07,UNIT,Alum Welded Ladder - D07,Alum Welded Ladder - D07,no
LAD-EXT-DOU-15X15,UNIT,Double Ext Ladder 15X15FT,Double Ext Ladder 15X15FT,no
CHE-LUB-HD4D-200ML,TIN,4D Penetrant/lubricant Spray :,4D Penetrant/lubricant Spray :,no
CIMA-2648,SET,2648 L/ceiling Lamp Ic Control,2648 L/ceiling Lamp Ic Control,no
COC-SINK-K505L-WALL,SET,Sink Tap: Lever Type -wall 1/2,Sink Tap: Lever Type -wall 1/2,no
CUT-DIS-MARK-01600,PCS,Mr. Mark 110MM Wet Cutting Diamond Wheel (1.4X5X20MM),Mr. Mark 110MM Wet Cutting Diamond Wheel (1.4X5X20MM),no
DC-S1B-FF03-110X100,SET,Orbital Sander,Orbital Sander,no
DOR-KEY-SGEP-S3030/60-SN,PCS,"Sn""st Guchi""single Key & Thumbturn Profile Cyl","Sn""st Guchi""single Key & Thumbturn Profile Cyl",no
ELE-BUL-THL-15W-E14,PCS,Thl E14 15W Fridge Bulb,Thl E14 15W Fridge Bulb,no
FLO-PVC-NO.100-10,ROLL,PVC Flooring No. 100-10,PVC Flooring No. 100-10,no
FLO-PVC-NO.483-13,ROLL,PVC Flooring No. 524-08,PVC Flooring No. 524-08,no
GUM-HAR-3000W,PCS,Silicone Hardex G/p White,Silicone Hardex G/p White,no
GUM-RAT-BOSNY-NO.214,CAN,Bosny 400ML Rat Glue (NO:214) (plastic Can),Bosny 400ML Rat Glue (NO:214) (plastic Can),no
LAD-ALU-WEL-D10,UNIT,Alum Welded Ladder - D10,Alum Welded Ladder - D10,no
LAD-H/D-STRO-DS07,UNIT,Strongman D/s H/d Ladder DSHD07 7STEP,Strongman D/s H/d Ladder DSHD07 7STEP,no
SWI-T/SOC-MS3233-1.5M3G,PCS,Morries Extension Socket 3G 1.5M W Neon (pink),Morries Extension Socket 3G 1.5M W Neon (pink),no
TOO-NIE-ALL-KEY-04MM,PCS,Nietz E/long Ball Point Satin Wrch 53252040 4MM,Nietz E/long Ball Point Satin Wrch 53252040 4MM,no
TOO-SET-W018,SET,W018 18PCS Tool Set,W018 18PCS Tool Set,no
TOPLUS-HIG-GLO-1L-A,CAN,1L Toplus High Gloss A Base,1L Toplus High Gloss A Base,no
TRA-SOC-METAL-125502,PCS,Taicon 2G 70/0076 Metal Trailing Socket 5M (125502),Taicon 2G 70/0076 Metal Trailing Socket 5M (125502),no
CLI-HOS-ORB-M00,PCS,Orbit Hose Clip No : M00,Orbit Hose Clip No : M00,no
FAN-TAB-KDK-KB-304,PCS,Kdk Table Fan 12,Kdk Table Fan 12,no
"FAS-SCR-CSK-1 1/2"" X 8G-BOX",BOX,Sr Csk Tapping Screw 1 1/2 X 8G (1000PCS/BOX),Sr Csk Tapping Screw 1 1/2 X 8G (1000PCS/BOX),no
FLO-PVC-25208,ROLL,PVC Flooring No. K35808,PVC Flooring No. K35808,no
FLO-PVC-501-16,ROLL,PVC Flooring No. K35602,PVC Flooring No. K35602,no
FLO-PVC-D15903,ROLL,PVC Flooring No. K28505,PVC Flooring No. K28505,no
FLO-PVC-K27711,ROLL,PVC Flooring No. K33605,PVC Flooring No. K33605,no
FLO-PVC-NO-7512,ROLL,PVC Flooring No. K20101,PVC Flooring No. K20101,no
FLO-PVC-NO-K10305,ROLL,PVC Flooring No. K35301,PVC Flooring No. K35301,no
FLO-PVC-NO-K11114,ROLL,PVC Flooring No. K11114,PVC Flooring No. K11114,no
IND-COO-MID-MIC222TLAGN,PCS,Midea Induction Cooker Golden Color 2200W,Midea Induction Cooker Golden Color 2200W,no
MARK-X-STA-MKX-2020,UNIT,Mark-x Angle Grinder Stand,Mark-x Angle Grinder Stand,no
NUM-PUNC-50730080,SET,Nietz 0-9 Number Punches 8MM 50730080,Nietz 0-9 Number Punches 8MM 50730080,no
PEN-T200-GREY,PAIL,Pentens T200 Fleseal GREY-5KG,Pentens T200 Fleseal GREY-5KG,no
PEN-T200-WHI,PAIL,Pentens T200 Fleseal WHITE-5KG,Pentens T200 Fleseal WHITE-5KG,no
TOO-COM-W0287N-21MM,PCS,Com Ratchet Wrench 21MM,Com Ratchet Wrench 21MM,no
TOPLUS-HIG-GLO-5L-C,CAN,5L Toplus High Gloss C Base,5L Toplus High Gloss C Base,no
WEL-ELE-J38.12-3.2MM,BOX,Welding Electrode X 3.2MM (BOX),Welding Electrode X 3.2MM (BOX),no
X-FLO-MOC-KH19T01,PCS,"8""X8 Homogeneous Tiles","8""X8 Homogeneous Tiles",no
ADH-GLU-PE175GM,SET,175GM E P Glue,175GM E P Glue,no
BAT-CHA-KENDE-SM1212,UNIT,Kende Battery Charger 12V,Kende Battery Charger 12V,no
BOS-0600-8A7-508,PCS,(508) 3 IN 1 Nozzle,(508) 3 IN 1 Nozzle,no
CHA-CAP-SQU-EXT-25MM,PCK,Square External Cap 25MM (4PCS/PCK),Square External Cap 25MM (4PCS/PCK),no
CUT-DIS-MARK-00900,PCS,Mr. Mark 108MM Segmented Diamond Wheel (1.8X8X20MM),Mr. Mark 108MM Segmented Diamond Wheel (1.8X8X20MM),no
FAS-SCR-TECH-WOOD-50MM-BOX,BOX,Techscrew-wood Screw X 50MM (250PCS/BOX),Techscrew-wood Screw X 50MM (250PCS/BOX),no
GAR-SPR-16LTR-BB3G,SET,Knapsack Sprayer (BB-3G),Knapsack Sprayer (BB-3G),no
HOS-CON-STO-ECO4112,PCS,"Ecogreen- Quick Connector W. Wtr Stop 5/8""-3/4","Ecogreen- Quick Connector W. Wtr Stop 5/8""-3/4",no
KGR-KIM-1L-9215,TIN,1 Litre KIMTONE-9215,1 Litre KIMTONE-9215,no
PAI-ROL-REF-CRI-7,PCS,"7""XD6 Cristin Rainbow Refill","7""XD6 Cristin Rainbow Refill",no
PAP-WALL-HAVANA-11866-12,ROLL,Wallpaper Havana 11866-12(10MX53CM),Wallpaper Havana 11866-12(10MX53CM),no
SHH-YEL-HOSE-10MMX2MM,MTR,Yellow Hose (10MMX2MM),Yellow Hose (10MMX2MM),no
TOO-WRE-PIP-W450C,PCS,Heavy Pipe Wrench (450MM),Heavy Pipe Wrench (450MM),no
WAL-DOW-YB-A7201S/W/AB,PCS,Outdoor Gate Light YB-A7201S/W/AB,Outdoor Gate Light YB-A7201S/W/AB,no
WOO-PLY-9MM,PCS,Plywood 9.0MM X 4 X 8,Plywood 9.0MM X 4 X 8,no
ADH-TAP-SEA-3255,PCS,Calvallo 3255 Yellow Seal Tape,Calvallo 3255 Yellow Seal Tape,no
BAS-AGRI-BASK-V1034,PCS,Rayaco Metal Handle Fruit& Veg Basket 59X37X32CM,Rayaco Metal Handle Fruit& Veg Basket 59X37X32CM,no
BOS-2608-521-043,PCS,Screwdriver Bit - 2608-521-043,Screwdriver Bit - 2608-521-043,no
GAR-HOE-JM3812,PCS,Jayamata Hoe-d Curve,Jayamata Hoe-d Curve,no
GUM-HAR-660,SET,Black Rtv Silicon Hardex,Black Rtv Silicon Hardex,no
HEA-SPA-FAUCET-SH332,CARD,Faucet Spare Handle,Faucet Spare Handle,no
INS-IS6099,NOS,One Piece Wash Down WC S-TRAP-250MM IS6099,One Piece Wash Down WC S-TRAP-250MM IS6099,no
LET-BOX-HW307,PCS,0124/0129 Letter Box (360X80X470MM),0124/0129 Letter Box (360X80X470MM),no
PAI-SPR-PMT-021,DOZ,Paint Master Spray Paint - No. 21 Medium Blue,Paint Master Spray Paint - No. 21 Medium Blue,no
PLA-BAG-W1000-2024,KG,20 X 24 X Tbag Aa,20 X 24 X Tbag Aa,no
SWI-SOC-SUM-MS-D213,PCS,D'ner 13A 2G M/clad S/skt (sr),D'ner 13A 2G M/clad S/skt (sr),no
TIE-CAB-WHI-8MMX200MM,PCK,"White PVC Cable Ties (8"")","White PVC Cable Ties (8"")",no
TOO-COM-W0287M-20MM,PCS,Com Ratchet Wrench 20MM,Com Ratchet Wrench 20MM,no
TOR-LIG-HEA-GD-G010,SET,Googda LED Head Light Rechargable,Googda LED Head Light Rechargable,no
X-FAN-TAB-KHI-TF12A06,SET,Butterfly 9 Table Fan (black),Butterfly 9 Table Fan (black),no
ACE-HAM-ANC-1/4X1 1/4,PCK,Ace Hammer Drive Anchor 630 1/4 X1 1/4 (10PCS/PCK) (PCK),Ace Hammer Drive Anchor 630 1/4 X1 1/4 (10PCS/PCK) (PCK),no
BOX-POS-KH2078,PCS,PVC Post Box/letter Box (KH2078),PVC Post Box/letter Box (KH2078),no
CLI-HOS-16-25,PCS,PVC Wing Hose Clip 16-25,PVC Wing Hose Clip 16-25,no
COC-BAS-SSS-LSS101,PCS,Leon Sus 304 S/steel Basin TAP-LSS101,Leon Sus 304 S/steel Basin TAP-LSS101,no
DC-DMY02-185SH,SET,7 Electric Circular Saw (1100W),7 Electric Circular Saw (1100W),no
DOR-HAN-CF350-NA-R,PCS,Na-r Cresent Fastener,Na-r Cresent Fastener,no
HOO-CAB-CB8003-3,UNIT,Cabana 3 Robe Hook (polish),Cabana 3 Robe Hook (polish),no
HOS-6MTR-6396-736,PCS,"High Pressure Hose 13, MTR","High Pressure Hose 13, MTR",no
HOS-CON-SET-40200023,SET,Ecogreen- Hose Basic Set / 1/2,Ecogreen- Hose Basic Set / 1/2,no
HOS-SPA-SAT-ST300,CARD,Saturn Heavy Duty Spare Cartridge,Saturn Heavy Duty Spare Cartridge,no
IND-CAS-100MM,PCS,4 DL5 Tpr M/duty 2 Bearing Fixed Caster,4 DL5 Tpr M/duty 2 Bearing Fixed Caster,no
PAI-SPR-PMT-1007,CAN,Paint Master Spray Paint - No. 1007 Matt White,Paint Master Spray Paint - No. 1007 Matt White,no
SHE-CAB-CB781-BL,PCS,Cab Double Corner Shelf (matt Blk) -CB781-BL,Cab Double Corner Shelf (matt Blk) -CB781-BL,no
SHH-FISH-NET-0.15D-30MM-30MD/6A,PCS,30MM (180/5),30MM (180/5),no
TOO-NIE-ALL-KEY-06MM,PCS,Nietz E/long Ball Point Satin Wrch 53252060 6MM,Nietz E/long Ball Point Satin Wrch 53252060 6MM,no
TOO-PLI-LOC-GT175,PCS,Glotool Locking Plier 7,Glotool Locking Plier 7,no
TRO-SHO-CNSC5001,SET,Shopping Trolley (LC-303E) (DC-675),Shopping Trolley (LC-303E) (DC-675),no
WEL-ELE-J38.12-2.5MM,PCK,Welding Electrode X 2.5MM (PCK),Welding Electrode X 2.5MM (PCK),no
ADH-TAP-WIR-SINO-48X10,ROLL,Sino PVC Tape (big) Black,Sino PVC Tape (big) Black,no
DC-J1Z-FF-10A,SET,Electric Drill / DJZ10A,Electric Drill / DJZ10A,no
"DOR-PVC-OAK-72""X30""",PCS,"72""X30 PVC Door""oak""hinges Yes""/bolt""no","72""X30 PVC Door""oak""hinges Yes""/bolt""no",no
IND-DUS-CLEAN-120L,PCS,Cleanguard Wheeled Bin,Cleanguard Wheeled Bin,no
IND-FOIL-SML-BUBLE-ELISE,ROLL,Elise Small Bubblem Foil,Elise Small Bubblem Foil,no
LOC-VIVOZ-V50MM,PCS,Vivoz Chrome Pad V-6000 LOCK-50MM,Vivoz Chrome Pad V-6000 LOCK-50MM,no
MF-PO-30-SOL-FAN,PCS,Solar Fan MF-PO-30,Solar Fan MF-PO-30,no
TOO-COM-W0287D-11MM,PCS,Com Ratchet Wrench 11MM,Com Ratchet Wrench 11MM,no
"TOO-HOL-MAG-VESIC-4""",PCS,4 Bossman Magnetic Weld Holder (50-LBS),4 Bossman Magnetic Weld Holder (50-LBS),no
CAR-WAX-MTS1,BTL,MTS1 Super Top Shine - 500ML,MTS1 Super Top Shine - 500ML,no
"FAN-STA-IL-8""-60BK",PCS,Ilite Stand Fan 8 -60W Bk,Ilite Stand Fan 8 -60W Bk,no
GAR-HOE-CRO-2.0LB,PCS,2LB Chillington Crocodile Hoe,2LB Chillington Crocodile Hoe,no
GAR-SPR-P17-PI808,PCS,PI7 Garden Sprayer - Pi 808,PI7 Garden Sprayer - Pi 808,no
GUM-HAR-850W,SET,Silicon Hardex Anti Fungus White,Silicon Hardex Anti Fungus White,no
IND-CEM-GREY-25KG,BAG,Sika Ceram 88 (25KG/BAG),Sika Ceram 88 (25KG/BAG),no
LAD-H/D-STRO-DS06,UNIT,D/s H/d Ladder DSHD06 6STEP,D/s H/d Ladder DSHD06 6STEP,no
LAD-H/D-STRO-DS12,UNIT,D/s H/d Ladder DSHD12 12STEP,D/s H/d Ladder DSHD12 12STEP,no
"TOO-PE-CLMP-CT6-20MM 1/2""",PCS,PE Clamp Tools CT6 20MM 1/2,PE Clamp Tools CT6 20MM 1/2,no
"TOO-PE-CLMP-CT7-25MM 3/4""",PCS,PE Clamp Tools: CT7 25MM 3/4,PE Clamp Tools: CT7 25MM 3/4,no
TOO-PLI-DIA-GT150,PCS,Glotool Diagonal Plier 6,Glotool Diagonal Plier 6,no
TOO-WRE-PIP-W300C,PCS,Heavy Pipe Wrench (300MM),Heavy Pipe Wrench (300MM),no
ADH-TAP-ADH-GT100,PCS,Globand Adhesive Tape 100MM X 10M,Globand Adhesive Tape 100MM X 10M,no
ALP-WAT-HEA-EZY,UNIT,Alpha Instant Water Heater Ezy-e,Alpha Instant Water Heater Ezy-e,no
BEAR-DOOR,PCK,Sliding Door Bearing (2PCS/PCK),Sliding Door Bearing (2PCS/PCK),no
BOS-2608-578-156,SET,Concrete Drill Bit Set (3/4/5/6/7/8/9/10),Concrete Drill Bit Set (3/4/5/6/7/8/9/10),no
CHE-ELE-CLE-HD390,TIN,Electronic Contact Cleaner: 400ML,Electronic Contact Cleaner: 400ML,no
CIS-HAN-METAL-L/L-00531G,PCS,3GL Metal Cho-low Level System Handle,3GL Metal Cho-low Level System Handle,no
"CUT-BLA-M'MAN-F1X4""",PCS,M'man Diamond Blade - F1X4,M'man Diamond Blade - F1X4,no
DOR-ALU-LOC-NA4420,PCS,Aluminium Sliding Door (small),Aluminium Sliding Door (small),no
ELE-ELCB-KOR-40A-2P,EA,Grow Elcb 2P 40A/0.1,Grow Elcb 2P 40A/0.1,no
HDD-TOI-COV-SC-4125,PCS,Premium M/d Toilet Seat & Cover-white,Premium M/d Toilet Seat & Cover-white,no
HOS-CON-ECO4113,PCS,Ecogreen- Hose Connector / 3/4,Ecogreen- Hose Connector / 3/4,no
LAD-EXT-DOU-12X12,UNIT,Double Ext Ladder 12X12FT,Double Ext Ladder 12X12FT,no
LEO-SUS304-S/S-PIL-L332P,PCS,Leon Sus 304 S/steel Pillar Sink,Leon Sus 304 S/steel Pillar Sink,no
LET-BOX-HW305B-0126S,PCS,Metal Letter Box (256X176X51MM) Black,Metal Letter Box (256X176X51MM) Black,no
LOC-COL-RB501,PCS,Colex Anti- Cut Long Shackkle Padlock RB-501,Colex Anti- Cut Long Shackkle Padlock RB-501,no
TAP-SIN-CAV-CA2080,PCS,Cavallo Flex Tube Sink Tap Pillar,Cavallo Flex Tube Sink Tap Pillar,no
TOO-DRV-STA-6.5X125MM-9960651920,PCS,"Cushion Grip S/dr Std - (1/4""X5"")","Cushion Grip S/dr Std - (1/4""X5"")",no
TOO-WRE-SET-69256,SET,9PC L/arm Ball Point Hex Key Set,9PC L/arm Ball Point Hex Key Set,no
ACE-HAM-ANC-1/4X2,PCK,Ace Hammer Drive Anchor 650 1/4 X 2 (10PCS/PCK),Ace Hammer Drive Anchor 650 1/4 X 2 (10PCS/PCK),no
BOS-2608-684-774,PCS,Hexagon Pointed Chisel,Hexagon Pointed Chisel,no
ELE-CAB-PVC-4.00MM-BLK-MTR,MTR,Ktk PVC Cable Black 100M -mtr,Ktk PVC Cable Black 100M -mtr,no
ELE-D/L-LSM-96W-3CLR-SQ,PCS,LED Source Module 96W 3CLR (sq),LED Source Module 96W 3CLR (sq),no
GAS-STO-HM-HGB-1680,UNIT,Homa Plus Cast Iron Automatic Stove (21A)-1680,Homa Plus Cast Iron Automatic Stove (21A)-1680,no
"IND-CAS-H/DUTY-MCLSC-6""",PCS,6 DL5 H/duty Mcl Swivel Caster,6 DL5 H/duty Mcl Swivel Caster,no
IND-TRU-300KG,UNIT,PVC Platform Hand Truck STP300 300KGS,PVC Platform Hand Truck STP300 300KGS,no
IND-TRU-FD150,SET,PVC Platform Handtruck FD150,PVC Platform Handtruck FD150,no
PAP-WALL-PARADISEII-AC9371-06,ROLL,Wallpaper Paradise Ii AC9371-06(10MX53CM),Wallpaper Paradise Ii AC9371-06(10MX53CM),no
RAI-BOO-KRK-B39M,PAIR,Rainshoes - 39 (6) 6000BLK,Rainshoes - 39 (6) 6000BLK,no
SWI-LAM-ADA-3041B22,PCS,B22 Nylon Lamp Adaptor (blk),B22 Nylon Lamp Adaptor (blk),no
TANK-REC-450L,DRUM,450L Rectangular Tank (2),450L Rectangular Tank (2),no
TOO-COM-GLO-08MM,PCS,Glotool Combination Wrench 08MM,Glotool Combination Wrench 08MM,no
TOO-PLI-CIRWHS175,PCS,Intl Plier Straight 175MM,Intl Plier Straight 175MM,no
TOO-WRE-PIP-A350MM,PCS,Glotool Pipe Wrench American Type 14,Glotool Pipe Wrench American Type 14,no
VAC-HYU-HD-1600,UNIT,Hyundai Vacuum Cleaner 1600W 30L,Hyundai Vacuum Cleaner 1600W 30L,no
X-ELE-BUL-D/L-HOME-25W,PCS,Hermanns Ens Spiral 25W,Hermanns Ens Spiral 25W,no
BRO-PLA-SB200,PCS,Plastic Broom 260G,Plastic Broom 260G,no
DC-DSM09-100S,SET,Angle Grinder / DSM09-100S,Angle Grinder / DSM09-100S,no
ELE-CEI-LIG-8910/500-36PCS,PCS,8910/500 Sq 36PCS Daylight L/ceiling Lamp,8910/500 Sq 36PCS Daylight L/ceiling Lamp,no
FAS-ANC-PJA-0650,BOX,Glotool P. J. Anchor 1/4 X 2,Glotool P. J. Anchor 1/4 X 2,no
"FAS-SCR-F/H-1"" X 8# BOX",BOX,Sr F/h Self Drilling Screw 1 X 8 (1000PCS/BOX),Sr F/h Self Drilling Screw 1 X 8 (1000PCS/BOX),no
FLO-PVC-NO-K24708,ROLL,PVC Flooring No. K35810,PVC Flooring No. K35810,no
JAC-BOT-MAS-MHB-30TON,PCS,Masada Bottle Jack,Masada Bottle Jack,no
JAC-FLO-ESKO-3TON-EK-J3075L,UNIT,Esko 3 Ton Low Profile Hyd Floor Jack (d. Pump),Esko 3 Ton Low Profile Hyd Floor Jack (d. Pump),no
KGR-KIM-1L-9216,TIN,1 Litre KIMTONE-9216,1 Litre KIMTONE-9216,no
SHE-CAB-CB476-BLK,PCS,Cabana Corner Shelf S/s Matt Blk,Cabana Corner Shelf S/s Matt Blk,no
SWI-T/SOC-2540B-5M2G,SET,2G Extension Socket Sp,2G Extension Socket Sp,no
TOO-COM-W0287F-13MM,PCS,Com Ratchet Wrench 13MM,Com Ratchet Wrench 13MM,no
"TOO-DRV-STA-PH0-1/8""X4""-9960651580",PCS,"Cushion Grip S/dr PHILIPS-1/8""X4""X0PT ( 0X100MM)","Cushion Grip S/dr PHILIPS-1/8""X4""X0PT ( 0X100MM)",no
TOO-FIL-BCC-4.5200MM,CARD,Bahco Chain Saw File 168-8-4.5-3P 11/641IN (CARD),Bahco Chain Saw File 168-8-4.5-3P 11/641IN (CARD),no
TOO-HAM-CLA-MHT2839,PCS,Steel Handle Magnetic Claw,Steel Handle Magnetic Claw,no
WAL-PLU-JWP-6MM,PCK,Jaw Wall Plug 6MM (10PCS/PCK),Jaw Wall Plug 6MM (10PCS/PCK),no
ADH-TAP-ADH-GT075,PCS,Globand Adhesive Tape 75MM X 10M,Globand Adhesive Tape 75MM X 10M,no
ELE-PEN-81219/3L-E27,PCS,Pendant Lamp Long Base 81219/3L,Pendant Lamp Long Base 81219/3L,no
"FAS-SCR-P/H-1 1/2"" X 8#-500PCS/BOX",BOX,Sr P/h Self Drilling Screw 1 1/2 X 8 (500PCS/BOX),Sr P/h Self Drilling Screw 1 1/2 X 8 (500PCS/BOX),no
HOS-CLE-02530-MTR,MTR,25MM X 30M Clear Hose,25MM X 30M Clear Hose,no
LAD-ALU-WORKER-SS09,UNIT,Worker SS09 S/side Alum. Ladder (LDS09-MF),Worker SS09 S/side Alum. Ladder (LDS09-MF),no
LAM-LIG-T16W-60W,PCS,National Light Output T16W Light Capsule,National Light Output T16W Light Capsule,no
MEA-TAP-SUN-10M,PCS,Sunlon M. Tape 10.0M/33,Sunlon M. Tape 10.0M/33,no
SWI-T/SOC-MS3255-5-5M5G,PCS,Morries Extension Socket 5G 5M W Neon,Morries Extension Socket 5G 5M W Neon,no
"TOO-CUT-BOL-GT36""",PCS,Glotool Bolt Clipper 36,Glotool Bolt Clipper 36,no
TOO-WRE-PIP-A250MM,PCS,Glotool Pipe Wrench American Type 10,Glotool Pipe Wrench American Type 10,no
WAL-DOW-071/1 W,PCS,Wall Light W-071/1,Wall Light W-071/1,no
WEL-MAC-FIG-MMA160,UNIT,Fighter Inverter Welding Machine 160A,Fighter Inverter Welding Machine 160A,no
BRU-HAN0HAW-452135,PCS,Glotool 452135-3008 Steel Wire Brush,Glotool 452135-3008 Steel Wire Brush,no
CUT-DIS-ARC06,PCS,Aracut Glass & Tile Grinding,Aracut Glass & Tile Grinding,no
DOR-BELL-EB3303DB,PCS,Eurobell Digital Wireless Door Bell,Eurobell Digital Wireless Door Bell,no
DOR-HAN-DK063-NA-L,PCS,Dekko Na-l Casement Handle,Dekko Na-l Casement Handle,no
GAR-SHE-TIG-H9622,SET,Telescopic Pruner Saw:tiger,Telescopic Pruner Saw:tiger,no
GRA-CUT-BLA-GCD01,PCS,Cutting Grass,Cutting Grass,no
GUM-HAR-205,SET,Clear Epoxy Hardex 5 Min,Clear Epoxy Hardex 5 Min,no
"IND-CAS-H/DUTY-MCLSC-4""",PCS,4 DL5 H/duty Mcl Swivel Caster,4 DL5 H/duty Mcl Swivel Caster,no
IND-PUN-PVCB,PCS,PVC Thai Pongkis - Yellow,PVC Thai Pongkis - Yellow,no
KOYA-GRE-KOY-2KG,JAR,2KG P525 All Purpose Grease,2KG P525 All Purpose Grease,no
KOYA-GRE-P611-1/2KG,TIN,Koya P611 H/d Lithium Mp,Koya P611 H/d Lithium Mp,no
LAD-ALU-WORKER-SS08,UNIT,Worker SS08 S/side Alum. Ladder (LDS08-MF),Worker SS08 S/side Alum. Ladder (LDS08-MF),no
PYE-CEM-CLE-1L,BOT,PYE Cem Cleaner,PYE Cem Cleaner,no
PYE-DRA-REM-R01-500ML,PCS,PYE Drain Clog Free Remover 500ML,PYE Drain Clog Free Remover 500ML,no
RIG-SHA-BOW-G209-20MM,PCS,Pin Type Bow Shackle (G209) 20 MM,Pin Type Bow Shackle (G209) 20 MM,no
SIN-CAV-CA215,PCS,SS Sink With Waste,SS Sink With Waste,no
SWI-T/SOC-TAI-2G-2000,PCS,Taicon 2G Trailing Socket Neon-empty (2000),Taicon 2G Trailing Socket Neon-empty (2000),no
"TOO-LEV-MAG-3804X18""",PCS,T&t Magnetic Flat Aluminium Level - 3804X18,T&t Magnetic Flat Aluminium Level - 3804X18,no
"TOO-LEV-MAG-3805X24""",PCS,T&t Magnetic Flat Aluminium Level - 3805X24,T&t Magnetic Flat Aluminium Level - 3805X24,no
"TOO-LEV-SPE-3801X18""",PCS,Speed L/duty Flat Water Level - 3801X18,Speed L/duty Flat Water Level - 3801X18,no
"TOO-LEV-SPE-3801X24""",PCS,Speed L/duty Flat Water Level - 3801X24,Speed L/duty Flat Water Level - 3801X24,no
TOO-NIE-ALL-KEY-02.5MM,PCS,Nietz E/long Ball Point Satin Wrch 53252025 2.5MM,Nietz E/long Ball Point Satin Wrch 53252025 2.5MM,no
TOO-PLI-CIR-GTES150,PCS,Glotool Circlip Plier - Ext Straight,Glotool Circlip Plier - Ext Straight,no
TOO-PLI-CIR-GTIB150,PCS,Glotool Circlip Plier - Int Bent,Glotool Circlip Plier - Int Bent,no
BAT-ENE-SHD-AA2PCS,PCK,Eveready Shd Aa 2PC,Eveready Shd Aa 2PC,no
BOS-2609-390-394,PCS,Sds Plus Flat Chisel 250MM,Sds Plus Flat Chisel 250MM,no
BOS-2609-390-576,PCS,Sds Plus Pointed Chisel 250MM,Sds Plus Pointed Chisel 250MM,no
CHA-CAP-SQU-INT-16X51MM,PCK,Rectangular Internal Cap (4PCS/PCK),Rectangular Internal Cap (4PCS/PCK),no
ELE-CEI-LIG-9392-300-3CLR,PCS,Ceiling Light 9392-300 3CLR,Ceiling Light 9392-300 3CLR,no
GUM-PVC-OCI-500G,TIN,Sr Oci PVC Gum 500G,Sr Oci PVC Gum 500G,no
KGR-ADH-0300ML,TIN,Kangaroo Brand 505 Super Adhesive 300ML,Kangaroo Brand 505 Super Adhesive 300ML,no
KGR-COM-7KG,TIN,Kangaroo Brand 7 KG Bituminous Compound,Kangaroo Brand 7 KG Bituminous Compound,no
LAD-EXT-DOU-10X10,UNIT,Double Ext Ladder 10X10FT,Double Ext Ladder 10X10FT,no
SHE-CAB-CB782-BL,PCS,Cab Double Shelf (matt Blk) -CB782-BL,Cab Double Shelf (matt Blk) -CB782-BL,no
SHE-CAB-CB789,UNIT,Cabana Double Glass Shelf,Cabana Double Glass Shelf,no
TOO-ELE-WJ-315,PCS,Tool Oubao 8P8C Modular Crimping Tool (WJ-315),Tool Oubao 8P8C Modular Crimping Tool (WJ-315),no
TOO-MAG-MC03A,PCK,Magnetic Catch (4PCS/PCK),Magnetic Catch (4PCS/PCK),no
BRA-BID-SHO-SA033,PCS,28 Milano Hand Shower Bracket,28 Milano Hand Shower Bracket,no
BRO-MOP-350,PCS,No. 350 Mop Broom With Handle,No. 350 Mop Broom With Handle,no
DOR-CLO-ELOY-E061,PCS,Leon Door CLOSER-L061,Leon Door CLOSER-L061,no
DRAI-POW-350G,BTL,Drain Cleaner Powder,Drain Cleaner Powder,no
FAS-SCR-TECH-METAL-45MM-BOX,BOX,Techscrew-metal Screw X 45MM (300PCS/BOX),Techscrew-metal Screw X 45MM (300PCS/BOX),no
FRE-MID-MD-RC151FZB01,PCS,Midea Chest FREEZER-99L MD-RC151FZB01,Midea Chest FREEZER-99L MD-RC151FZB01,no
GAR-RAK-PALM-12T,PCS,12T Oil Palm Rake,12T Oil Palm Rake,no
GAR-SHE-JM1002,PCS,Jayamata Pruning Shear Curved 8,Jayamata Pruning Shear Curved 8,no
HOS-CLE-00630,COIL,6MM X 30M Clear Hose,6MM X 30M Clear Hose,no
"IND-CAS-H/DUTY-MCLSCB-6""",PCS,6 DL5 H/duty Mcl Swivel Caster W Double Brake,6 DL5 H/duty Mcl Swivel Caster W Double Brake,no
LET-BOX-HW305A,PCS,0125 Metal Letter Box (200X75X260MM),0125 Metal Letter Box (200X75X260MM),no
MIR-KT8001-600,PCS,Mirror Kt 8001-600,Mirror Kt 8001-600,no
RIG-SHA-BOW-G209-12MM,PCS,Pin Type Bow Shackle (G209) 12 MM,Pin Type Bow Shackle (G209) 12 MM,no
TOO-CUT-SNIW107A,PCS,Aviation Snips 250MM W0107A,Aviation Snips 250MM W0107A,no
TOO-DRI-SET-WK-PWT-5515,SET,Worker 26MM 21V Lithium Brushless Impact Drill,Worker 26MM 21V Lithium Brushless Impact Drill,no
TOO-WRE-ADJ-GT250,PCS,Glotool Adjustable Wrench 10,Glotool Adjustable Wrench 10,no
TOO-WRE-PIP-W350C,PCS,Heavy Pipe Wrench (350MM),Heavy Pipe Wrench (350MM),no
BOS-2608-608-N96,PCS,Fiber Sanding Disc 100MM P100,Fiber Sanding Disc 100MM P100,no
BRU-SPO-B3PCS,PKT,3M 213 Scouring Sponge Pad W/ab 3'S (kh SB1200775),3M 213 Scouring Sponge Pad W/ab 3'S (kh SB1200775),no
DOR-HAN-CH608-NA-L,PCS,Na-l Casement Handle,Na-l Casement Handle,no
ELE-ADA-EE1427,PCS,E14 To E27 Lamp Adaptor,E14 To E27 Lamp Adaptor,no
ELE-BUL-C7-E12-MINI,PCS,C7 E12 Mini Candle Bulb (clear),C7 E12 Mini Candle Bulb (clear),no
ELE-PEN-81219/1-E27,PCS,81219/1 Pendant Lamp Round Base,81219/1 Pendant Lamp Round Base,no
FAS-SCR-TECH-METAL-19MM-BOX,BOX,Techscrew-metal Screw X 19MM (600PCS/BOX),Techscrew-metal Screw X 19MM (600PCS/BOX),no
FAS-SCR-TECH-METAL-50MM-BOX,BOX,Techscrew-metal Screw X 50MM (250PCS/BOX),Techscrew-metal Screw X 50MM (250PCS/BOX),no
HAR-BON-NAIL-RS880-75G,PCS,Bonding Nail:hardex 75G,Bonding Nail:hardex 75G,no
IND-WHE-WB6111A,UNIT,Pu H/d Wheel Barrow,Pu H/d Wheel Barrow,no
LAM-KOA,UNIT(S),Outdoor Use Lamp Koa 240V,Outdoor Use Lamp Koa 240V,no
PAI-SPR-PMT-023,DOZ,Paint Master Spray Paint - No. 23 Scarlet,Paint Master Spray Paint - No. 23 Scarlet,no
PAI-SPR-PMT-031,DOZ,Paint Master Spray Paint - No. 31 Deep Yellow,Paint Master Spray Paint - No. 31 Deep Yellow,no
PAI-SPR-PMT-327,DOZ,Paint Master Spray Paint - No. 327 Deep Voilet,Paint Master Spray Paint - No. 327 Deep Voilet,no
TOO-COM-SET-STMT80944-8,SET,14PC Combination Wrench Set,14PC Combination Wrench Set,no
TOW-CON-MIN66A52,PACK,13 X30 Cotton Face Towel (37G) -min (PACK),13 X30 Cotton Face Towel (37G) -min (PACK),no
X-FLO-MOC-CB6061,PCS,2'X2 Floor Tiles,2'X2 Floor Tiles,no
BOS-GUN-EXT-TUBE,PCS,Extension Tube For Aqt 33-10/35-12/37-13,Extension Tube For Aqt 33-10/35-12/37-13,no
CHA-SAW-IETO-HD3012,SET,Ieto Electric Chain Saw Stand HD3012,Ieto Electric Chain Saw Stand HD3012,no
ELE-D/L-MGM-MQTL1119-SQ-12W-4000K,PCS,"Mgm 5""/SQ LED Panel Light (sr)","Mgm 5""/SQ LED Panel Light (sr)",no
ELE-D/L-PHL-59466-RD-6500K,SET,59466 Meson 17 1200 150 Round 6500K,59466 Meson 17 1200 150 Round 6500K,no
GAS-REG-GIM-9MM*,PCS,3/8 Gim Gas Regulator,3/8 Gim Gas Regulator,no
HAN-BLI-STE-600MMX32MM,PCS,Bliton Steel Pull Handle 600MMX32MM,Bliton Steel Pull Handle 600MMX32MM,no
LAD-ALU-WORKER-DS10,UNIT,Worker DS10 D/side Alum. Ladder (LDD10-MF),Worker DS10 D/side Alum. Ladder (LDD10-MF),no
LET-BOX-HW305A-0125,PCS,0125W Metal Letter Box (200X75X260MM) White,0125W Metal Letter Box (200X75X260MM) White,no
SHE-CAB-CB474-BLK,PCS,Cabana Shelf L350 X W140 X,Cabana Shelf L350 X W140 X,no
SHH-LURE-H2125-2.5CM,PCS,Huizhu Fishing Super Lure Frog 2.5CM (soft),Huizhu Fishing Super Lure Frog 2.5CM (soft),no
TOO-WRE-PIP-A200MM,PCS,Glotool Pipe Wrench American Type 8,Glotool Pipe Wrench American Type 8,no
AUT-POL-AUT-SS75ML,PCS,Autosol S/steel,Autosol S/steel,no
BOS-2608-680-795,PCS,Multi Purpose D/bit 8 X 80 X 120MM,Multi Purpose D/bit 8 X 80 X 120MM,no
CHA-CAP-ROU-EXT-22MM,PCK,Round External Cap 22MM (4PCS/PCK),Round External Cap 22MM (4PCS/PCK),no
CIS-HAN-042B#L/L,PCS,Dekko 042B L/l Cistern Handle,Dekko 042B L/l Cistern Handle,no
DOR-LOC-70MM,PCS,Door Lock 70MM,Door Lock 70MM,no
DRI-KUS-SET,SET,"Kusama Fully Ground Drill 1/16""-1/4","Kusama Fully Ground Drill 1/16""-1/4",no
ELE-HOL-2727HD-E27,PCS,E27 To E27 Lamp Holder,E27 To E27 Lamp Holder,no
ELE-PEN-81225/1-E27,PCS,81225/1 Pendant Lamp Round Base,81225/1 Pendant Lamp Round Base,no
"FAS-SCR-TAP-CSK-8#1""-BOX",BOX,"8 X1""CSK Self Tapping Screw-flat Head (1000 Pcs/box)","8 X1""CSK Self Tapping Screw-flat Head (1000 Pcs/box)",no
HOS-BLI-B5016,PCS,6FT Bliton H/pressure F/hose (silver),6FT Bliton H/pressure F/hose (silver),no
HOS-FLE-BLI-B1201,SET,12CM Bliton S/steel Flexible Tube,12CM Bliton S/steel Flexible Tube,no
IND-CAN-4.5M,SET,Black King Kong CANOPY:3MX4.5MX15KGS - Blue,Black King Kong CANOPY:3MX4.5MX15KGS - Blue,no
IND-WHE-WB288-PU,UNIT,Belway HD Wheel Barrow Wheel,Belway HD Wheel Barrow Wheel,no
JQB-FUSION-1000,UNIT,Jqb Power Station Fusion 1000 (ac 1000),Jqb Power Station Fusion 1000 (ac 1000),no
KGR-KIM-1L-9212,TIN,1 Litre KIMTONE-9212,1 Litre KIMTONE-9212,no
PAI-ROL-SET-CRI-424,SET,"4""X20 Cristin Tiger Stripe Roller Set","4""X20 Cristin Tiger Stripe Roller Set",no
PLUG-TOP-UMS-13A,PCS,Ums 13A Plugtop (PT130R-S),Ums 13A Plugtop (PT130R-S),no
SIN-STA-RAC-MET,SET,Sink Stand Rack Iron 18 X 42 X 5/8 929,Sink Stand Rack Iron 18 X 42 X 5/8 929,no
CHA-CAP-ROU-EXT-25MM,PCK,Round External Cap 25MM (4PCS/PCK),Round External Cap 25MM (4PCS/PCK),no
CUT-BLA-ECL-1218T,PCS,Eclipse Hacksaw Blade - 12MM X 18T Predator,Eclipse Hacksaw Blade - 12MM X 18T Predator,no
"DOR-HIN-STE-CLO-5/8""",PCS,Soft Close HINGES-5/8,Soft Close HINGES-5/8,no
ELE-D/L-PHL-59467-SQ-4000K,SET,59467 Meson 17 1200 150 Square 4000K,59467 Meson 17 1200 150 Square 4000K,no
ELE-ELCB-GRW-63A-2P,EA,Grow Elcb 2P 63A/0.1,Grow Elcb 2P 63A/0.1,no
"FAS-SCR-TAP-CSK-10#1-1/2""-BOX",BOX,"10 X1-1/2""CSK Self Tapping Screw-flat Head (500PCS/BOX)","10 X1-1/2""CSK Self Tapping Screw-flat Head (500PCS/BOX)",no
GRA-CUT-BRU-4141406601,PAIR,Brush Pair - Spt 4141406601,Brush Pair - Spt 4141406601,no
IND-WHE-WST8126PU,UNIT,Wheel Barrow - PVC Rim Pu Tyre,Wheel Barrow - PVC Rim Pu Tyre,no
KGR-KIM-1L-9211,TIN,1 Litre KIMTONE-9211,1 Litre KIMTONE-9211,no
KGR-OXI-53A1LIT,TIN,Stove Brand 53A Red Oxide Paint 1 Litre,Stove Brand 53A Red Oxide Paint 1 Litre,no
LAD-ALU-WORKER-DS08,UNIT,Worker DS08 D/side Alum. Ladder (LDD08-MF),Worker DS08 D/side Alum. Ladder (LDD08-MF),no
ROP-PE-08MM,KG,8MM P. E Rope,8MM P. E Rope,no
SCA-TCS-150-JCS67Z-150KG,PCS,Camry-price Computing Scale TCS-150-JCS67Z/150KG,Camry-price Computing Scale TCS-150-JCS67Z/150KG,no
SIN-STA-RAC-110037,SET,Heavy Duty S/s Flexible Basin Stand,Heavy Duty S/s Flexible Basin Stand,no
TOO-BRA-STA-991002130,PCS,(5/8 Cap) Bit Brace 10,(5/8 Cap) Bit Brace 10,no
TOO-PLI-PUMW5010,PCS,Water Pump Pliers 250MM,Water Pump Pliers 250MM,no
TOO-WRE-ADJ-GT150,PCS,Glotool Adjustable Wrench 6,Glotool Adjustable Wrench 6,no
TOO-WRE-PIP-W600C,PCS,Heavy Pipe Wrench (600MM),Heavy Pipe Wrench (600MM),no
TOPLUS-HIG-GLO-1L-D,CAN,1L Toplus High Gloss D Base,1L Toplus High Gloss D Base,no
X-ELE-CEI-LIG-8711-60PCS,PCS,8711 L/ceiling Lamp With Remote Control - Dimmable,8711 L/ceiling Lamp With Remote Control - Dimmable,no
COV-JAC-RED-2XL,PCS,Red Jacket (r) : 2XL,Red Jacket (r) : 2XL,no
CUT-DEW-DW4790,PCS,"Diamond Blade, Continous Rim 4","Diamond Blade, Continous Rim 4",no
DOR-HAN-CF350-NA-L,PCS,Na-l Cresent Fastener,Na-l Cresent Fastener,no
DOR-VIE-SGD-DV3776SN,PCS,Sn St. Guchi Door Viewer 180,Sn St. Guchi Door Viewer 180,no
HOS-SPA-TAP-C333,CARD,C333 Spare Cartridge (for Cross Handle),C333 Spare Cartridge (for Cross Handle),no
IND-SCO-METAL-S503MH,DOZ,Scoop Metal Handle S503MH,Scoop Metal Handle S503MH,no
LOC-CZS-50MM,PCS,50MM Czs 360 Padlock,50MM Czs 360 Padlock,no
MAC-SEA-SF-200-90200007,PCS,Spare Part-impulse Sealer Heat Element Kit,Spare Part-impulse Sealer Heat Element Kit,no
RAI-BOO-KRK-Y42#,PAIR,Rainshoes - 42 (9) 7000YLW,Rainshoes - 42 (9) 7000YLW,no
ROP-PP-08MM,KG,8MM P. P Rope,8MM P. P Rope,no
SAF-SHO-NK85-10,PAIR,Neuking NK85 Black 10,Neuking NK85 Black 10,no
SWI-SOC-NNE-9498,PCS,NNE 9498 Metalclad Switch Socket 2GANG 13A,NNE 9498 Metalclad Switch Socket 2GANG 13A,no
SWI-T/SOC-4540B-5M4G,SET,4G Extension Socket Sp,4G Extension Socket Sp,no
TOO-HOL-PUN,SET,Hollow Punch Set (55600),Hollow Punch Set (55600),no
TOO-PLI-COMW406D150,PCS,Combination Pliers 150MM,Combination Pliers 150MM,no
TOO-SOC-SET-4610M,SET,Mr. Mark 10PCS 1/2 6P. Socket,Mr. Mark 10PCS 1/2 6P. Socket,no
X-MEA-TAP-STA-POW-5.0M,PCS,5M/16 X 3/4 Powerlock Tape Ruler,5M/16 X 3/4 Powerlock Tape Ruler,no
BOX-POS-KH2088,PCS,PVC Post Box/letter Box With Magz. Tray (KH2088),PVC Post Box/letter Box With Magz. Tray (KH2088),no
CUT-BLA-ECL-2510T14,PCS,Eclipse Hacksaw Blade - 25MM X 10T X 14,Eclipse Hacksaw Blade - 25MM X 10T X 14,no
"DOR-HIN-SSS-4""",PAIR,"Leon Universal Door HINGE-4""X3X3.0","Leon Universal Door HINGE-4""X3X3.0",no
ELE-ELCB-GRW-40A-4P,EA,Grow Elcb 4P 40A/0.3,Grow Elcb 4P 40A/0.3,no
ELE-ELCB-GRW-63A-4P,EA,Grow Elcb 4P 63A/0.3,Grow Elcb 4P 63A/0.3,no
FLO-PVC-NO.490-12,ROLL,PVC Flooring No. 359-03,PVC Flooring No. 359-03,no
GAS-RACK-WMGR01,UNIT,Gas Rack -copper,Gas Rack -copper,no
HOS-CLE-00930,COIL,9MM X 30M Clear Hose,9MM X 30M Clear Hose,no
IND-CAS-75MM,PCS,3 DL5 Tpr M/duty 2 Bearing Fixed Caster,3 DL5 Tpr M/duty 2 Bearing Fixed Caster,no
IND-PUN-PVC-BLK,PCS,PVC Thai Pongkis - Black,PVC Thai Pongkis - Black,no
JQB-FUSION-500,UNIT,Jqb Power Station Fusion 500 (ac 600),Jqb Power Station Fusion 500 (ac 600),no
LAM-4402SB,BOX,Seal Beam 4402-24V,Seal Beam 4402-24V,no
NUM-PUNC-50730040,SET,Nietz 0-9 Number Punches 4MM 50730040,Nietz 0-9 Number Punches 4MM 50730040,no
PAI-BRU-680-075MM,DOZ,Paint Brush 680 X 75MM,Paint Brush 680 X 75MM,no
RAI-BOO-KRK-Y38#,PAIR,Rainshoes - 38 (5) 7000YLW,Rainshoes - 38 (5) 7000YLW,no
ROP-PP-06MM,KG,6MM P. P Rope,6MM P. P Rope,no
SINK-PROTECTOR-A90,PCS,Sink Protector A90,Sink Protector A90,no
"TOO-DRV-STA-PH-1/4""X04""-996060809",PCS,Cushion Grip S/dr PHILIPS-1/4” X 4 ( 2 X 100MM),Cushion Grip S/dr PHILIPS-1/4” X 4 ( 2 X 100MM),no
TOO-SET-W022,SET,W022 22PCS Tool Set,W022 22PCS Tool Set,no
TOO-WRE-KEY-W0199A,SET,9PCS Extralong Ball Point W0199A,9PCS Extralong Ball Point W0199A,no
VAC-HYU-HD-1600E,UNIT,Hyundai Vacuum Cleaner 1600W 25L,Hyundai Vacuum Cleaner 1600W 25L,no
X-FAN-CEI-COSA-998,UNIT,Alpha Cosa 998 Ceiling Fan - Pwt,Alpha Cosa 998 Ceiling Fan - Pwt,no
DOE-LOC-ATLP-0910SN,SETS,Sn Armor Tubular Lever On Plate,Sn Armor Tubular Lever On Plate,no
ELE-CEI-LIG-1842/1,SET,1842/1 L/ceiling Lamp,1842/1 L/ceiling Lamp,no
"FAS-SCR-F/H-2"" X 8# BOX",BOX,Sr F/h Self Drilling Screw 2 X 8 (500PCS/BOX),Sr F/h Self Drilling Screw 2 X 8 (500PCS/BOX),no
"FAS-SCR-TAP-CSK-6#1-1/2""-BOX",BOX,"6 X1-1/2""CSK Self Tap Screw-flat Head (1000PCS/BOX)","6 X1-1/2""CSK Self Tap Screw-flat Head (1000PCS/BOX)",no
FLO-PVC-477-12,ROLL,PVC Flooring No. 105-03,PVC Flooring No. 105-03,no
FLO-PVC-NO-K21314,ROLL,PVC Flooring No. K15201,PVC Flooring No. K15201,no
FLO-PVC-NO-YP 25709,ROLL,PVC Flooring No. K31210,PVC Flooring No. K31210,no
FLO-PVC-NO.K28605,ROLL,PVC Flooring No. K28605,PVC Flooring No. K28605,no
GAR-SPR-0063,PCS,Activ Garden Sprayer 2LTR - 0063,Activ Garden Sprayer 2LTR - 0063,no
GAS-STO-KD-120B,PCS,Dekka Gas Stove KD-120B,Dekka Gas Stove KD-120B,no
GER-PLUG-BPM6A,PCS,Ngk 14 X 9.5 Sparkplug -BPM6A,Ngk 14 X 9.5 Sparkplug -BPM6A,no
HHD-TOI-COV-FTS-002021-1TKWHI,PCS,DL5 Eco L/duty Toilet Seat 202 + Child Seat,DL5 Eco L/duty Toilet Seat 202 + Child Seat,no
LOC-BCK-SSS-2PCS,PCS,Buick Keyalike 2PCS,Buick Keyalike 2PCS,no
PLA-MAT-EAW150,ROLL,Elephant-king Anti-weed Mat (pp) 1M X 50M,Elephant-king Anti-weed Mat (pp) 1M X 50M,no
SAF-SHO-NK85-7,PAIR,Neuking NK85 Black 07,Neuking NK85 Black 07,no
TOI-TRP-C1310P-WHT,NOS,Washdown Close Coupled P-trap,Washdown Close Coupled P-trap,no
TOI-TRP-C1310S-WHT,NOS,Washdown Close Coupled S-trap,Washdown Close Coupled S-trap,no
TOO-PLI-DIA-W106T,PCS,Long Nose Pliers 150MM,Long Nose Pliers 150MM,no
TOO-PLI-RIV-ASAKI,PCS,Asaki Hand Riveter,Asaki Hand Riveter,no
TOO-WRE-PIP-A300MM,PCS,Glotool Pipe Wrench American Type 12,Glotool Pipe Wrench American Type 12,no
WIR-BRC-65C-45M,ROLL,65C X 45M Brc Welded MS Grill,65C X 45M Brc Welded MS Grill,no
X-BOX-ICE-150LTR,PCS,Insulated Ice Box 130L (ocn),Insulated Ice Box 130L (ocn),no
ADH-TAP-VIP-2510,PCS,PTFE Thread Seal Tape VIP-2510,PTFE Thread Seal Tape VIP-2510,no
AIR-DUS-HITMAX-HTM-255,SET,Hitmax Air Blower:,Hitmax Air Blower:,no
BRO-MOP-300,PCS,No. 300 Mop Broom With Handle,No. 300 Mop Broom With Handle,no
CLI-HOS-13-23,PCS,PVC Wing Hose Clip 13-23,PVC Wing Hose Clip 13-23,no
CUT-SICKLE-JM22B,PCS,Sickle Harvesting Palm Black 30,Sickle Harvesting Palm Black 30,no
DUS-11L-GHO2811,SET,11L Step Dustbin,11L Step Dustbin,no
ELE-CAB-WIR-ASIA-2.5BK*,MTR,"Asia PVC Cable, Black - MTR","Asia PVC Cable, Black - MTR",no
ELE-CAB-WIR-ML-2.5MM-RED,ROLL,ML PVC Cable Red 2.5MM2,ML PVC Cable Red 2.5MM2,no
"HOS-FLE-VIP-PP48""",PCS,PP-48 White Nylon Vip Flexible Tube,PP-48 White Nylon Vip Flexible Tube,no
"HOS-FLE-VIP-PP60""",PCS,PP-60 White Nylon Vip Flexible Tube,PP-60 White Nylon Vip Flexible Tube,no
HOS-NET-MIK-15MM,MTR,Mikasa Net Hose - 15MM X 50M,Mikasa Net Hose - 15MM X 50M,no
IND-WHE-TYR-SOLI,PCS,ST22 Solid Wheel,ST22 Solid Wheel,no
LAD-H/D-STRO-DS08,UNIT,Strongman D/s H/d Ladder DSHD08 8STEP,Strongman D/s H/d Ladder DSHD08 8STEP,no
LOC-COL-RA501,PCS,Colex Anti-cut Steel Padlock RA-501,Colex Anti-cut Steel Padlock RA-501,no
"SIN-STA-RAC-42""-PLA",SET,42 Sink Bracket (plastic),42 Sink Bracket (plastic),no
SPO-SCOTCH-BRITE-3M,PCK,3M Scotch Brite 31B 3PCS Scouring Pad (KH1578-6),3M Scotch Brite 31B 3PCS Scouring Pad (KH1578-6),no
"TOO-CUT-BOL-GT48""",PCS,Glotool Bolt Clipper 48,Glotool Bolt Clipper 48,no
"TOO-LEV-SPE-3801X12""",PCS,Speed L/duty Flat Water Level - 3801X12,Speed L/duty Flat Water Level - 3801X12,no
X-ELE-LED-SOL-GAR-7W,SET,Solar Garden Lamp,Solar Garden Lamp,no
ELE-LED-SOL-SF-200W-65K,PCS,Il-solar Flood Light -isf 200W 65K,Il-solar Flood Light -isf 200W 65K,no
LOC-COL-ZK502,SET,Safety Chrome Plated Padlock ZK-502,Safety Chrome Plated Padlock ZK-502,no
PAI-BRU-680-050MM,DOZ,Paint Brush 680 X 50MM,Paint Brush 680 X 50MM,no
PAI-ROL-SET-CRI-416,SET,"4""X15 Cristin Tiger Stripe Roller Set","4""X15 Cristin Tiger Stripe Roller Set",no
RAI-BOO-KRK-Y39#,PAIR,Rainshoes - 39 (6) 7000YLW,Rainshoes - 39 (6) 7000YLW,no
SWI-T/BOX-923A,SET,Extension Box Sp PP100-923A,Extension Box Sp PP100-923A,no
TOO-CUT-SNIW107C,PCS,Aviation Snips 250MM W0107C,Aviation Snips 250MM W0107C,no
TOO-GUN-GLU-STA-996069GR20B,PCS,Trigger Feed Hot Melt Glue Gun- Round Pin,Trigger Feed Hot Melt Glue Gun- Round Pin,no
BAT-ENE-SHD-AAA2PCS,PCK,Eveready Shd Aaa 2PC,Eveready Shd Aaa 2PC,no
BOS-1/4-12,PCS,Sumo Router Bit 1/4 Shark (each),Sumo Router Bit 1/4 Shark (each),no
COC-SIN-DOU-VIP3366,SET,Two-way Arc Sink Tap: Vip 3366 Pillar 1/2,Two-way Arc Sink Tap: Vip 3366 Pillar 1/2,no
ELE-HOL-033,PCS,Lamp HOLDER-033,Lamp HOLDER-033,no
ELE-T5-4FT-CIELO-D/L,PCS,Cielo T5 LED Fitting 4FT 18W DL-860,Cielo T5 LED Fitting 4FT 18W DL-860,no
HAR-HUR-SRA-02-200ML,PCS,Hardex Sticker Remover 200ML,Hardex Sticker Remover 200ML,no
HOL-GAT-10MM,PCS,Gate Holder 10MM (T92),Gate Holder 10MM (T92),no
HOS-CLE-01930,COIL,19MM X 30M Clear Hose,19MM X 30M Clear Hose,no
IND-WIR-MES-2512-18GX100,ROLL,Wire Mesh 1 X 1/2 X3 X18G,Wire Mesh 1 X 1/2 X3 X18G,no
INS-IS6080A-S,SET,One Piece Wash Down WC S-TRAP-250MM IS6080A,One Piece Wash Down WC S-TRAP-250MM IS6080A,no
JQB-SUNWAVE-32W,UNIT,Jqb Foldable Solar Panel 32W,Jqb Foldable Solar Panel 32W,no
KGR-COM-2.5KG,TIN,Kangaroo Brand 2.5 KG Bituminous Compound,Kangaroo Brand 2.5 KG Bituminous Compound,no
MEA-TAP-CHTR-30011,PCS,Takado Measuring Tape PVC Case 5M X 19MM,Takado Measuring Tape PVC Case 5M X 19MM,no
NAI-SQU-SUP-038MM-1KG,PKG,E. G Square Boat Nail 38MM - 1KGS,E. G Square Boat Nail 38MM - 1KGS,no
SAF-SHO-NK86-06,PAIR,Neuking NK86 Black 06,Neuking NK86 Black 06,no
SAF-SHO-NK86-09,PAIR,Neuking NK86 Black 09,Neuking NK86 Black 09,no
TOO-COM-W0287J-17MM,PCS,Com Ratchet Wrench 17MM,Com Ratchet Wrench 17MM,no
TOO-COM-W0287K-18MM,PCS,Com Ratchet Wrench 18MM,Com Ratchet Wrench 18MM,no
TOO-CUT-SNIW107B,PCS,Aviation Snips 250MM W0107B,Aviation Snips 250MM W0107B,no
"TOO-DRV-STA-PH1-3/16""X4""-9960651630",PCS,"Cushion Grip S/dr PHILIPS-3/16""X4""X1PT ( 1X100MM)","Cushion Grip S/dr PHILIPS-3/16""X4""X1PT ( 1X100MM)",no
TOO-FIL-BCC-4.5200MM,PCS,Bahco Chain Saw File 168-8-4.5-3P 11/641IN (PCS),Bahco Chain Saw File 168-8-4.5-3P 11/641IN (PCS),no
"TOO-HOL-MAG-BOSSMAN-5""",PCS,Bossman Magnetic Weld Holder 5,Bossman Magnetic Weld Holder 5,no
TOO-PLI-COM-W208D,PCS,Combination Pliers 200MM B208D,Combination Pliers 200MM B208D,no
WOR-REM-CEM-WK-PT-59909,TIN,Worker 2KG Cement Remover,Worker 2KG Cement Remover,no
CHE-LUB-HD250-400ML,CAN,Belt Dressing Spray:hardex 400ML,Belt Dressing Spray:hardex 400ML,no
DOR-LOC-LEV-SMR-3491SS,SET,Heavy Duty Level Lock SMR-3491SS,Heavy Duty Level Lock SMR-3491SS,no
FAS-SCR-DS520HW-MET,BOX,10 X 3/4 Self Drilling Screw (500PCS/BOX),10 X 3/4 Self Drilling Screw (500PCS/BOX),no
"GAS-REG-GIM-1/4""",PCS,1/4 Bosco Gas Regulator,1/4 Bosco Gas Regulator,no
IND-TRU-PVC-300P,PCS,300P PVC Flat-bed Trailer,300P PVC Flat-bed Trailer,no
LOC-GLO-BRA-GLBBC50,PCS,Glocks Brass Padlock GLBBC50,Glocks Brass Padlock GLBBC50,no
RAI-BOO-KRK-Y41#,PAIR,Rainshoes - 41 (8) 7000YLW,Rainshoes - 41 (8) 7000YLW,no
SCP-FIL-POW-464GM,BOX,Scin Powder Filla,Scin Powder Filla,no
SWI-ADA-3388-931L,PCS,Taicon 3388 Multi Travel Adaptor,Taicon 3388 Multi Travel Adaptor,no
SWI-T/SOC-1540B-5M1G,SET,1G Extension Socket Sp,1G Extension Socket Sp,no
TOO-ELE-GUN-RKEY-3802-40W,PCS,40W R'key Electric Soldering Iron - 3802,40W R'key Electric Soldering Iron - 3802,no
BUT-STOP-0201,PCS,Stop Button,Stop Button,no
CUT-TIL-BLI-BLM800,SET,Blimax Laser Tile Cutter (laser),Blimax Laser Tile Cutter (laser),no
DOR-STO-TRANSP-38MM,PCS,Transparent Door Stopper,Transparent Door Stopper,no
DRI-26170(4-12),PCS,Br 6250 Hex Shank Step Drill 4-12MM,Br 6250 Hex Shank Step Drill 4-12MM,no
ELE-PEN-81218/1-E27,PCS,81218/1 Pendant Lamp Round Base,81218/1 Pendant Lamp Round Base,no
"FAS-SCR-CSK-1 1/4"" X 6G - BOX",BOX,Sr Csk Tapping Screw 1 1/4 X 6G (1000PCS/BOX),Sr Csk Tapping Screw 1 1/4 X 6G (1000PCS/BOX),no
GAS-STO-HM-HGB-1690,UNIT,Homa Plus Cast Iron Automatic Stove (31A)-1690,Homa Plus Cast Iron Automatic Stove (31A)-1690,no
KGR-KIM-1L-9222,TIN,1 Litre KIMTONE-9222,1 Litre KIMTONE-9222,no
LOC-CZS-L40MM,PCS,Czs 360 Padlock L40MM,Czs 360 Padlock L40MM,no
NP-BAR-B800-5L,UNIT,5L Bintang Automative Refinish B800 Black (basic),5L Bintang Automative Refinish B800 Black (basic),no
"PAI-ROL-FRA-7""",PCS,Smr F380 Paint Roller Frame 7,Smr F380 Paint Roller Frame 7,no
TOO-COM-W0287I-16MM,PCS,Com Ratchet Wrench 16MM,Com Ratchet Wrench 16MM,no
TOO-NIE-SCR-EXT-12/240,SET,Nietz 5 Screw Extractor Set 12/240 50149805,Nietz 5 Screw Extractor Set 12/240 50149805,no
WIN-HOO-PIN-8406,PCK,Sr Pin Hook 8406 (25PCS/PCK),Sr Pin Hook 8406 (25PCS/PCK),no
CUT-PRU-PAS-W815,PCS,W815 By-pass Pruner 200MM,W815 By-pass Pruner 200MM,no
ELE-D/L-PHL-59466-RD-4000K,SET,59466 Meson 17 1200 150 Round 4000K,59466 Meson 17 1200 150 Round 4000K,no
"FAS-SCR-CSK-1 1/4"" X 8G",PCK,Sr Csk Tapping Screw 1 1/4 X 8G (20PCS/PCK),Sr Csk Tapping Screw 1 1/4 X 8G (20PCS/PCK),no
"FAS-SCR-F/H-1 1/4"" X 8# BOX",BOX,Sr F/h Self Drilling Screw 1 1/4 X 8 (1000PCS/BOX),Sr F/h Self Drilling Screw 1 1/4 X 8 (1000PCS/BOX),no
GUN-TAC-IMT,PCS,Arrow Iron Cover Mini Tacker,Arrow Iron Cover Mini Tacker,no
HOS-NET-MIK-19MM,COIL,Mikasa Net Hose - 19MM X 50M,Mikasa Net Hose - 19MM X 50M,no
"IND-CAS-H/DUTY-MCLSCB-4""",PCS,4 DL5 H/duty Mcl Swivel Caster W Double Brake,4 DL5 H/duty Mcl Swivel Caster W Double Brake,no
KGR-KIM-1L-9213,TIN,1 Litre KIMTONE-9213,1 Litre KIMTONE-9213,no
KGR-KIM-1L-9221,TIN,1 Litre KIMTONE-9221,1 Litre KIMTONE-9221,no
LOC-CZS-40MM,PCS,40MM Czs 360 Padlock,40MM Czs 360 Padlock,no
PIP-HDPE-25MM-N-SIRIM,COIL,HDPE Pipe 25MM (non-sirim),HDPE Pipe 25MM (non-sirim),no
SAF-HEL-PRO-YEL,PCS,Progruard Safety Helmet - Yellow,Progruard Safety Helmet - Yellow,no
SHH-REEL-DH200,PCS,Baitcasting Reel 18+1BB (left),Baitcasting Reel 18+1BB (left),no
TOO-PLI-CIR-WSS175B,PCS,External Circlip Pliers Straight 175MM,External Circlip Pliers Straight 175MM,no
TOO-PLI-NOSW508200,PCS,F508 Long Nose Pliers 200MM,F508 Long Nose Pliers 200MM,no
TOO-WRE-KEY-W0198A,SET,9PCS Extralong Ball Point W0198A,9PCS Extralong Ball Point W0198A,no
ABR-PAP-621-527,SHT,G60 Ewd Hand Sanding Sheet,G60 Ewd Hand Sanding Sheet,no
DOR-SET-ATH-130,SET,Mb Armor Double Handleset,Mb Armor Double Handleset,no
"FAS-SCR-CSK-1"" X 6G - BOX",BOX,Sr Csk Tapping Screw 1 X 6G (1000PCS/BOX),Sr Csk Tapping Screw 1 X 6G (1000PCS/BOX),no
"HHD-SOC-YG241-1/2""X50MM",PCS,"Mxm Brass Connector 1/2""X50MM","Mxm Brass Connector 1/2""X50MM",no
HOS-FLE-MMAN-F13X6,PCS,M'man S/steel Flexible Hose - F13 X 6,M'man S/steel Flexible Hose - F13 X 6,no
HOS-REL-EAG-EG2030#,PCS,Eagle Hose Reel 20M Hose (EG2030 ),Eagle Hose Reel 20M Hose (EG2030 ),no
IND-WIR-MES-1212-18GX100,ROLL,Wire Mesh 1/2/ X 1/2 X 3 X 18G,Wire Mesh 1/2/ X 1/2 X 3 X 18G,no
LAD-ALU-WORKER-DS06,UNIT,Worker DS06 D/side Alum. Ladder (LDD06-MF),Worker DS06 D/side Alum. Ladder (LDD06-MF),no
LOC-COL-RB401,PCS,Colex Anti- Cut Long Shackkle Padlock RB-401,Colex Anti- Cut Long Shackkle Padlock RB-401,no
MAC-SEA-SF-200-90200005,PCS,Spare Part- Impulse Sealer Heat Element Kit,Spare Part- Impulse Sealer Heat Element Kit,no
MEA-TAP-BLI-7.5M-B7,PCS,Blimax Measuring Ds Luban Tape 7.5M LB7,Blimax Measuring Ds Luban Tape 7.5M LB7,no
RAINBOW-G888-90GM,BTL,90GM Rainbow Sparkle Gold Paint G888,90GM Rainbow Sparkle Gold Paint G888,no
TOI-TRP-C102P-WHT,NOS,Water Closet P Trap - White,Water Closet P Trap - White,no
"TOO-CUT-BOL-GT24""",PCS,Glotool Bolt Clipper 24,Glotool Bolt Clipper 24,no
TOO-ELE-TESW0183,PCS,W0183 Tester,W0183 Tester,no
TOO-WRE-KEY-69213,SET,10PC Ring Hex Key Set,10PC Ring Hex Key Set,no
CIMA-5864/L/24W,SET,L/ceiling Lamp 22W L/day Light (G2) 5864,L/ceiling Lamp 22W L/day Light (G2) 5864,no
CLI-HOS-13-19,PCS,PVC Wing Hose Clip 13-19,PVC Wing Hose Clip 13-19,no
COC-PVC-SOW-SWL-31,PCS,Sowali (SWL-31) Rotatable Water Tap Filter,Sowali (SWL-31) Rotatable Water Tap Filter,no
CUT-DIS-HIT-14X25.4MM,PCS,Cut Off Wheel 14 (355X2.8X25.4MM),Cut Off Wheel 14 (355X2.8X25.4MM),no
DC-D03-T50DC,SET,Air Brad Nailer,Air Brad Nailer,no
DOR-SET-ATH-120,SET,AC Armor Double Handleset,AC Armor Double Handleset,no
EXH-FAN-FN30A,PCS,Dekka Apb 30A 12 Wall Exhaust Fan,Dekka Apb 30A 12 Wall Exhaust Fan,no
"FAS-SCR-TAP-CSK-10#2-1/2""-BOX",BOX,10 X2-1/2 Csk Self Tapping Screw-flat Head (250PCS/BOX),10 X2-1/2 Csk Self Tapping Screw-flat Head (250PCS/BOX),no
GRA-CUT-LIN-A6481,PCS,Spool&line,Spool&line,no
IND-FIL-100MM,ROLL,Stretch Film 4IN X,Stretch Film 4IN X,no
IND-SCP-FR9788-2-1/2,PCS,2-1/2 Faris W Handle Finishing Scraper,2-1/2 Faris W Handle Finishing Scraper,no
IND-TRU-MET-300KG,UNIT,Platform Hand Truck-metal STP300 300KGS,Platform Hand Truck-metal STP300 300KGS,no
KGR-ADH-1000ML,TIN,Kangaroo Brand 505 Super Adhesive 1 Litre,Kangaroo Brand 505 Super Adhesive 1 Litre,no
LOC-CZS-L50MM,PCS,Czs 360 Padlock L50MM,Czs 360 Padlock L50MM,no
LOC-ENT-EPO-H041/AC,SET,Epo Entrance Lock Set (H041/AC),Epo Entrance Lock Set (H041/AC),no
PUL-GAT-6153X2T,PCS,R'key Gate Puller,R'key Gate Puller,no
RAK-BLU-YEL-6'H X4'X3'X4'(L),UNIT,Gs Boltless Rack 6'(H)X4'(L)X2'(W)X4LVLS (blu/yel) 9MM Thk Plywood,Gs Boltless Rack 6'(H)X4'(L)X2'(W)X4LVLS (blu/yel) 9MM Thk Plywood,no
ROP-PE-12MM,MTR,12MM P. E Rope,12MM P. E Rope,no
SAF-LAS-CAR-GLO-50MM,SET,"Ratchet Tie DOWN-2""X10M","Ratchet Tie DOWN-2""X10M",no
THI-10KG,TIN,Gold Pyramid 10KG Thinner,Gold Pyramid 10KG Thinner,no
TOO-CUT-SNI-W108B,PCS,Tin Cutter 200MM W108B,Tin Cutter 200MM W108B,no
TOO-WRE-PIP-W250C,PCS,Heavy Pipe Wrench (250MM),Heavy Pipe Wrench (250MM),no
TOPLUS-WEA-PLUS-5L-A,CAN,5L Toplus Weather Plus A Base,5L Toplus Weather Plus A Base,no
BNW-B&N-RBN-250-BOX,BOX,Sr G. I Boit & Nut 1/4 X 5 (box),Sr G. I Boit & Nut 1/4 X 5 (box),no
"CLI-HOS-GP-1""",PCS,Gp S/steel Hose CLIP-1 (16-25MM),Gp S/steel Hose CLIP-1 (16-25MM),no
CUT-DIS-HIT-GRI-4X6MM,PCS,Grinding Wheel 4 X 6MM (100X6X16MM),Grinding Wheel 4 X 6MM (100X6X16MM),no
DOR-LOC-MOR-H-003,SET,Double Elephant Mortice Lock,Double Elephant Mortice Lock,no
DOR-ROL-GAT-75MM-V70,PCS,"V70 V Roller Bolt & Nut 3""X23MM","V70 V Roller Bolt & Nut 3""X23MM",no
FAN-DES-MOTTO-AFM01,UNIT,Motto Desk Fan 60/7 - AC White,Motto Desk Fan 60/7 - AC White,no
FAS-SCR-DS665HW-MET,BOX,12 X 2.1/2 Self Drilling Screw (250PCS/BOX),12 X 2.1/2 Self Drilling Screw (250PCS/BOX),no
"FAS-SCR-TAP-CSK-8#2 1/2""-BOX",BOX,"8 X2-1/2""CSK Self Tapping Screw-flat Head (500PCS/BOX)","8 X2-1/2""CSK Self Tapping Screw-flat Head (500PCS/BOX)",no
IND-TRU-150KG,UNIT,PVC Platform Hand Truck STP150 150KGS,PVC Platform Hand Truck STP150 150KGS,no
LAD-ALU-WORKER-SS07,UNIT,Worker SS07 S/side Alum. Ladder (LDS07-MF),Worker SS07 S/side Alum. Ladder (LDS07-MF),no
PAI-SPR-PMT-015,DOZ,Paint Master Spray Paint - No. 15 Sky Blue (DOZ),Paint Master Spray Paint - No. 15 Sky Blue (DOZ),no
PAI-SPR-PMT-190,DOZ,Paint Master Spray Paint - No. 190 Lacquer,Paint Master Spray Paint - No. 190 Lacquer,no
PLUG-TOP-SIR-13AMP,PCS,Isafe Plug Top With SIRIM,Isafe Plug Top With SIRIM,no
PYE-FLE-SEAL-1.0KG-WHI,TIN,PYE Flexible Seal 1.0KG (white),PYE Flexible Seal 1.0KG (white),no
SAF-MAS-3MR6200+3MR6003,SET,3M Half Facepiece RESPIRATOR+3M Organic Vapor,3M Half Facepiece RESPIRATOR+3M Organic Vapor,no
TOO-NIE-TAM-T25,PCS,Nietz E/long Tamper Tx-star Wrench (red) 53283025,Nietz E/long Tamper Tx-star Wrench (red) 53283025,no
WEL-CAB-UNI-500AMP,MTR,Uniflux 500A X 90M Welding Cable,Uniflux 500A X 90M Welding Cable,no
WEL-MAC-STW-200E,UNIT,Starweld Welding Machine Acc. MMA200E,Starweld Welding Machine Acc. MMA200E,no
ABR-PAP-621-532,SHT,G180 Ewd Hand Sanding Sheet,G180 Ewd Hand Sanding Sheet,no
ABR-PAP-621-533,SHT,G220 Ewd Hand Sanding Sheet,G220 Ewd Hand Sanding Sheet,no
BBQ-GRI-JJD-40X60CM,PCS,40X60CM Bbq Grid,40X60CM Bbq Grid,no
"CLI-HOS-GP-5/8""",PCS,Gp S/steel Hose CLIP-5/8 (9-16MM),Gp S/steel Hose CLIP-5/8 (9-16MM),no
COC-BAL-SAN-CKT1512,PCS,Sanwa BALLCOCK-CKT15 1/2,Sanwa BALLCOCK-CKT15 1/2,no
CUT-PIP-W0204PVC,PCS,PVC Pipe Cutter (36MM),PVC Pipe Cutter (36MM),no
DOR-HAN-CH608-NA-R,PCS,Na-r Casement Handle,Na-r Casement Handle,no
ELE-CAB-WIR-ML-1.5MM2-RED,ROLL,ML PVC Cable Red 1.5MM2,ML PVC Cable Red 1.5MM2,no
ELE-CEI-LIG-4001/400-CL,PCS,Ceiling Light 4001-400,Ceiling Light 4001-400,no
"FAS-SCR-CSK-1 1/2"" X 6G - BOX",BOX,Sr Csk Tapping Screw 1 1/2 X 6G (1000PCS/BOX),Sr Csk Tapping Screw 1 1/2 X 6G (1000PCS/BOX),no
"FAS-SCR-F/H-5/8"" X 8# BOX",BOX,Sr F/h Self Drilling Screw 5/8 X 8 (1000PCS/BOX),Sr F/h Self Drilling Screw 5/8 X 8 (1000PCS/BOX),no
GAR-HOE-12141,PCS,Gh 202 2WAY Rubber Handle Hoe,Gh 202 2WAY Rubber Handle Hoe,no
GRE-TOYO-450GM,TIN,Toyo Eaj 8000 Hi-temp Bentonite Grease,Toyo Eaj 8000 Hi-temp Bentonite Grease,no
HOS-SPA-TAP-C222,PCS,C222 Spare Cartridge (for L Handle),C222 Spare Cartridge (for L Handle),no
LOC-COL-ZK505,SET,Safety Chrome Plated Padlock ZK-505,Safety Chrome Plated Padlock ZK-505,no
NP-BAR-BS1094-1L,TIN,1L Bintang Automotive Refinish 033 White (premixed),1L Bintang Automotive Refinish 033 White (premixed),no
PUM-TSU-HPC6091,UNIT,Tsunami Hpc 6091 High Pressure Pump Cleaner,Tsunami Hpc 6091 High Pressure Pump Cleaner,no
PYE-FIL-WAL-PUTTY-0.5KG-B*,TIN,PYE Wall Filla E Putty 0.5KG (yellow Cap),PYE Wall Filla E Putty 0.5KG (yellow Cap),no
RAI-BOO-KRK-Y40#,PAIR,Rainshoes - 40 (7) 7000YLW,Rainshoes - 40 (7) 7000YLW,no
SCP-TOI-CONCR-CLE-1LTR,BTL,1LTR Scp Concrete Cleaner,1LTR Scp Concrete Cleaner,no
SWI-SOC-ALM-MK-G2873,PCS,Mk Alm 15A X 2 M/c S/socket,Mk Alm 15A X 2 M/c S/socket,no
TOO-COM-W0287A-08MM,PCS,Com Ratchet Wrench 08MM,Com Ratchet Wrench 08MM,no
TOO-COM-W0287H-15MM,PCS,Com Ratchet Wrench 15MM,Com Ratchet Wrench 15MM,no
TOO-PLI-DIA-W608,PCS,C608 Diagonal Cutting Pliers 200MM,C608 Diagonal Cutting Pliers 200MM,no
TOO-WRE-KEY-69251,SET,8PC S/arm Hex Key Set,8PC S/arm Hex Key Set,no
ABR-PAP-621-536,PCS,G400 Ewd Hand Sanding Sheet,G400 Ewd Hand Sanding Sheet,no
DOR-LOC-CAM-30MMX90,PCS,Degree Excel Camlock,Degree Excel Camlock,no
GAS-REF-RG2,PCS,RG-2 18ML Neon Mini Lighter Gas Refill,RG-2 18ML Neon Mini Lighter Gas Refill,no
GRE-TOYO-350GM,TIN,Toyo MP2 Lithium Ep Grease,Toyo MP2 Lithium Ep Grease,no
HAR-SHOE-HE450-20G,PCS,Shoe Adhesive Hardex,Shoe Adhesive Hardex,no
HOS-BW14/15-1004512-26,PCS,HP Hose Black+decker,HP Hose Black+decker,no
HOS-CON-EG-368-CLIPS,PCS,Eagle (EG-368) : Tap Adapter With Clips,Eagle (EG-368) : Tap Adapter With Clips,no
HOS-CON-EG4111-40200017,PCS,Ecogreen - Hose Quick Connector / 1/2,Ecogreen - Hose Quick Connector / 1/2,no
ICE-COO-INO-23LTR-THBW/JUMBO-K,PCS,Inova 23LTR. Jumbo K Ice Cooler W/rice Ladle,Inova 23LTR. Jumbo K Ice Cooler W/rice Ladle,no
PUM-WTR-ADE-AWJ2-5,UNIT,Adelino S/s Mul. Stage Centrifugal Auto. Pump,Adelino S/s Mul. Stage Centrifugal Auto. Pump,no
SCA-CAM-SQ15KG,PCS,Camry- Spring Scale Sq / 15KG,Camry- Spring Scale Sq / 15KG,no
SELF-HOO-SIN-GS304SH,PCS,No Drill Self Adhesive Single Hook,No Drill Self Adhesive Single Hook,no
SWI-SOC-ELE-E0813B,PCS,Elegance 13A Flat Pin Double Pole Swi Soc-blk (E0813B),Elegance 13A Flat Pin Double Pole Swi Soc-blk (E0813B),no
TIE-CAB-WHI-8MMX300MM,PCK,"White PVC Cable Ties (12"")","White PVC Cable Ties (12"")",no
TOO-CUT-BOLW0121A,PCS,Bolt Cutter 900MM,Bolt Cutter 900MM,no
WAL-PLU-JWP-8MM,PCK,Jaw Wall Plug 8MM (10PCS/PCK),Jaw Wall Plug 8MM (10PCS/PCK),no
X-ADH-TAP-MWP037A,PCS,Vago Seal Tape,Vago Seal Tape,no
AUT-POL-AUT-MET75ML,PCS,Autosol Metal,Autosol Metal,no
COV-JAC-L/B-2XL,PCS,L/blue Jacket (r) : 2XL,L/blue Jacket (r) : 2XL,no
CUT-SAW-STA-MINI-992020807,PCS,"Mini Hacksaw (220MM/ 8-3/4"")","Mini Hacksaw (220MM/ 8-3/4"")",no
"FAS-SCR-CSK-3/4"" X 6G - BOX",BOX,Sr Csk Tapping Screw 3/4 X 6G (1000PCS/BOX),Sr Csk Tapping Screw 3/4 X 6G (1000PCS/BOX),no
FAS-SCR-TD650HW-WOOD-400PCS,BOX,12X2 Self Drilling Scrw (400PCS/BOX),12X2 Self Drilling Scrw (400PCS/BOX),no
FAS-SCR-TECH-METAL-65MM-BOX,BOX,Techscrew-metal Screw X 65MM (200PCS/BOX),Techscrew-metal Screw X 65MM (200PCS/BOX),no
FLO-PVC-KJ-TH121-2,ROLL,Zirafah PVC Flooring H117-12,Zirafah PVC Flooring H117-12,no
FLO-PVC-NO-H198-1,ROLL,Zirafah PVC Flooring H065-6,Zirafah PVC Flooring H065-6,no
GAR-SPR-E93/G851,PCS,Water Sprayer 1000CC,Water Sprayer 1000CC,no
"HOS-CON-EG-314-13MM-1/2""",PCS,Eagle (EG-314) : Hose Connecter Adapter,Eagle (EG-314) : Hose Connecter Adapter,no
"IND-CAS-SWI-INS-2""",PCS,2 DL5 Tpe Insertion Rod Swivel Caster,2 DL5 Tpe Insertion Rod Swivel Caster,no
IND-WHE-TYR-AIR-ST22,PCS,ST22 Air Wheel,ST22 Air Wheel,no
INS-IS6035,SET,One Piece Wash Down WC S-TRAP-250MM IS6035,One Piece Wash Down WC S-TRAP-250MM IS6035,no
LOC-GLO-BRA-GLBBC40,PCS,Glocks Brass Padlock GLBBC40,Glocks Brass Padlock GLBBC40,no
LOC-VIVOZ-V40MM,PCS,Vivoz Chrome Pad V-6000 LOCK-40MM,Vivoz Chrome Pad V-6000 LOCK-40MM,no
MEA-TAP-STA-8.0M,PCS,8M/26 X 1 Global Tape,8M/26 X 1 Global Tape,no
POW-YELLOW,TIN,Yellow Powder,Yellow Powder,no
SWI-S/SKT-LWD-4013-13A,PCS,NNE 13A S/skt (sr),NNE 13A S/skt (sr),no
SWI-SOC-NNE-9499,PCS,NNE 9499 Metalclad Switch Socket 1GANG 13A,NNE 9499 Metalclad Switch Socket 1GANG 13A,no
TAP-CAB-CB65SS,PCS,Cab S/s 304 Basin Cold Tap,Cab S/s 304 Basin Cold Tap,no
TOI-CAS-WD005-S-TRAP,SET,Closed Coupled WC 250MM S Trap,Closed Coupled WC 250MM S Trap,no
TOO-DRV-IMP-2500#,SET,Impact Screw,Impact Screw,no
TOO-NIE-TAM-T20,PCS,Nietz E/long Tamper Tx-star Wrench (red) 53283020,Nietz E/long Tamper Tx-star Wrench (red) 53283020,no
BOS-SM2040,BTL,Sumo 4T Motor Oil (1.0 Liter),Sumo 4T Motor Oil (1.0 Liter),no
BRO-PLA-SB9226,PCS,Colourful Plastic Broom 180G,Colourful Plastic Broom 180G,no
"CLI-HOS-GP-1.1/2""",PCS,Gp S/steel Hose Clip- 1.1/2 (21-38MM),Gp S/steel Hose Clip- 1.1/2 (21-38MM),no
"CUT-SAW-BAH-20""",PCS,NP-19 Bahco Universal Handsaw,NP-19 Bahco Universal Handsaw,no
ELE-CON-TOO-A86-BLK,PCS,Taicon Nut Box Conceal Tools,Taicon Nut Box Conceal Tools,no
GRA-SSS-304-150MM,PCS,6-412 Vip St. Steel (304) Double Grating 6 X 6,6-412 Vip St. Steel (304) Double Grating 6 X 6,no
GUM-HAR-205-25ML,SET,Clear Epoxy Hardex 5MIN 25ML,Clear Epoxy Hardex 5MIN 25ML,no
"IND-CAS-SWI-BRA-2""",PCS,2 DL5 Tpe 360 Degree Swivel Caster W Brakes,2 DL5 Tpe 360 Degree Swivel Caster W Brakes,no
IND-WHE-TYR-PUPVC,PCS,13X3 Pu Wheel - PVC Rim,13X3 Pu Wheel - PVC Rim,no
LOC-COL-ZK503,SET,Safety Chrome Plated Padlock ZK-503,Safety Chrome Plated Padlock ZK-503,no
"PAI-IRO-12""",PCS,Iron Pail 12,Iron Pail 12,no
SCA-TCS-60-JCS67Z-60KG,PCS,Camry-price Computing Scale TCS-60-JCS67Z/60KG,Camry-price Computing Scale TCS-60-JCS67Z/60KG,no
TAP-SIN-STN116BK,PCS,Sksk S/steel Sink Out Kitchen Tap-black,Sksk S/steel Sink Out Kitchen Tap-black,no
TOL-POW-500G,BTL,500G Toilet Powder,500G Toilet Powder,no
TOO-DRV-STA-5X200MM,PCS,"Cushion Grip S/dr Std - (3/16""X8"")","Cushion Grip S/dr Std - (3/16""X8"")",no
"TOO-DRV-STA-PH2-1/4""X08""",PCS,"Cushion Grip S/dr PHILIPS-1/4""X8""X2PT ( 2X200MM)","Cushion Grip S/dr PHILIPS-1/4""X8""X2PT ( 2X200MM)",no
TOPLUS-HIG-GLO-1L-B,CAN,1L Toplus High Gloss B Base,1L Toplus High Gloss B Base,no
ABR-PAP-621-537,SHT,G500 Ewd Hand Sanding Sheet,G500 Ewd Hand Sanding Sheet,no
ABR-PAP-621-538,SHT,G600 Ewd Hand Sanding Sheet,G600 Ewd Hand Sanding Sheet,no
BOS-1607-950-045,PCS,Bosch Drill Chuck Key,Bosch Drill Chuck Key,no
CHA-JT4808-BLACK,PCS,Size Chair (black),Size Chair (black),no
"CLI-HOS-GP-1/2""",PCS,Gp S/steel Hose CLIP-1/2 (6-12MM),Gp S/steel Hose CLIP-1/2 (6-12MM),no
CUT-BLA-ECL-2514T14,PCS,Eclipse Hacksaw Blade - 25MM X 14T X 14,Eclipse Hacksaw Blade - 25MM X 14T X 14,no
DOR-LOC-LEV-SMR-3491AC,SET,Heavy Duty Level Lock SMR-3491AC,Heavy Duty Level Lock SMR-3491AC,no
DOR-LOC-LEV-SMR-3491MG,SET,Heavy Duty Level Lock SMR-3491MG,Heavy Duty Level Lock SMR-3491MG,no
"FAS-SCR-DRY-WHI-6#1""BOX",BOX,Hunter/wh - Drywall Screw 6 X1,Hunter/wh - Drywall Screw 6 X1,no
"FAS-SCR-P/H-1"" X 8#-BOX",BOX,Sr P/h Self Drilling Screw 1 X 8 (1000PCS/BOX),Sr P/h Self Drilling Screw 1 X 8 (1000PCS/BOX),no
FAS-SCR-TD640HW-WOOD,BOX,12 X 1 1/2 Self Drilling Screw (300PCS/BOX),12 X 1 1/2 Self Drilling Screw (300PCS/BOX),no
FLO-PVC-NO-279-02,ROLL,PVC Flooring No. 521-05,PVC Flooring No. 521-05,no
FLO-PVC-NO.9607,ROLL,PVC Flooring No. 522-02,PVC Flooring No. 522-02,no
GAR-HOE-106B,PCS,Garden Hoes With Wood Handle 106B,Garden Hoes With Wood Handle 106B,no
GAS-TOR-ASUMA-AS605,SET,Asuma Multi Purpose Flamme Tor,Asuma Multi Purpose Flamme Tor,no
GAS-TOR-KT-2008,PCS,Kovea Rocket Torch,Kovea Rocket Torch,no
HOS-FLE-MIX-YG407,PCS,"Flex. Hose For Mixer 1/2""XM10","Flex. Hose For Mixer 1/2""XM10",no
"IND-CAS-SWI-INS-BRA-2""",PCS,2 DL5 Tpe Insertion Rod Swivel Caster W Brake,2 DL5 Tpe Insertion Rod Swivel Caster W Brake,no
LAD-ALU-WORKER-SS06,UNIT,Worker SS06 S/side Alum. Ladder (LDS06-MF),Worker SS06 S/side Alum. Ladder (LDS06-MF),no
LOC-COL-RA401,PCS,Colex Anti-cut Steel Padlock RA-401,Colex Anti-cut Steel Padlock RA-401,no
MEA-TAP-SENSUI-JBM048-25FT,PCS,25FT Sensui Measuring Tape (S10),25FT Sensui Measuring Tape (S10),no
MEA-TAP-SUN-7.5M,PCS,Sunlon M. Tape 7.5M/25,Sunlon M. Tape 7.5M/25,no
PAI-BRU-680-038MM,DOZ,Paint Brush 680 X 38MM,Paint Brush 680 X 38MM,no
PAI-HAN-ROC-1158#,PCS,Rockey 5M Twist Paint Roller 1158,Rockey 5M Twist Paint Roller 1158,no
PAI-TIG-250ML-RED,DOZ,250ML Ocean Gloss (red),250ML Ocean Gloss (red),no
PYE-FLE-SEAL-4.5KG-WHT,TIN,PYE Flexible Seal 4.5KG White,PYE Flexible Seal 4.5KG White,no
SAF-SHO-NK80-10,PAIR,Neuking NK80 Black 10,Neuking NK80 Black 10,no
SAF-SHO-NK80-11,PAIR,Neuking NK80 Black 11,Neuking NK80 Black 11,no
SWI-CABLE-REEL-MS4000-7M,PCS,Morries 7M Portable Cable Reel,Morries 7M Portable Cable Reel,no
TOI-CAS-WD014-S,SET,Epson Close Couple S-trap 250MM,Epson Close Couple S-trap 250MM,no
"TOO-CLA-F-BLI-12""",PCS,Blimax Quick Release F CLAMP-12,Blimax Quick Release F CLAMP-12,no
"TOO-CUT-BOL-GT18""",PCS,Glotool Bolt Clipper 18,Glotool Bolt Clipper 18,no
TOO-CUT-BOLW0118A,PCS,Bolt Cutter 450MM,Bolt Cutter 450MM,no
TOO-PAC-SET-TP16,SET,TP16 Manual Packing Machine & Plier,TP16 Manual Packing Machine & Plier,no
BBQ-GRI-JJD-B017,PCS,38X50CM Bbq Grid,38X50CM Bbq Grid,no
CHA-CAP-SQU-EXT-19MM,PCK,Square External Cap 19MM (4PCS/PCK),Square External Cap 19MM (4PCS/PCK),no
"DOR-72'WX71.7/8""",SET,"72'W X 71 7/8 H Pc White Casement Window Outer, Inner Frame 5MM Green Reflective","72'W X 71 7/8 H Pc White Casement Window Outer, Inner Frame 5MM Green Reflective",no
DOR-HIN-SGD-DH753030,PCK,"(5""X3""X3.0MMX3PCS) 4BB St. Guchi Hinges","(5""X3""X3.0MMX3PCS) 4BB St. Guchi Hinges",no
DOR-INS-KIT-180MM,PCS,200MM Bott Installation Kit,200MM Bott Installation Kit,no
FLO-PVC- NO.483-01,ROLL,PVC Flooring No. K35707,PVC Flooring No. K35707,no
FLO-PVC-300-11,ROLL,PVC Flooring No. K36004,PVC Flooring No. K36004,no
FLO-PVC-469-02,ROLL,PVC Flooring No. 470-21,PVC Flooring No. 470-21,no
FLO-PVC-482-14,ROLL,PVC Flooring No. 090-30,PVC Flooring No. 090-30,no
FLO-PVC-K32606,ROLL,PVC Flooring No. K36205,PVC Flooring No. K36205,no
FLO-PVC-NO-K21114,ROLL,PVC Flooring No. K20901,PVC Flooring No. K20901,no
FLO-PVC-NO-K23706,ROLL,PVC Flooring No. K11116,PVC Flooring No. K11116,no
GAR-CUT-SCIW4143A,PCS,Multi-functional SS Scissors 150MM,Multi-functional SS Scissors 150MM,no
GRA-CUT-21V,SET,Grass Cutter 21V Battery Cordless Grass Cutter,Grass Cutter 21V Battery Cordless Grass Cutter,no
HHD-FLU-M0676-L110W-40MM,PCS,Techplas Flap Outlet Valve,Techplas Flap Outlet Valve,no
HOS-NET-MIK-32MM,COIL,Mikasa Net Hose - 32MM X 40M,Mikasa Net Hose - 32MM X 40M,no
IND-SCP-FR9788-1,PCS,1 Faris W Handle Finishing Scraper,1 Faris W Handle Finishing Scraper,no
IND-TRO-SMR1011B,PCS,"Smr Blue H'dle SS Trowel 4""X11","Smr Blue H'dle SS Trowel 4""X11",no
KGR-FLO-COA-9282,TIN,Kangaroo Floor Coat 9282 - French Grey,Kangaroo Floor Coat 9282 - French Grey,no
LOC-CYL-SGD-C3010/70MM,PCS,Ss/privacy St. Guchi Cyl Lock,Ss/privacy St. Guchi Cyl Lock,no
LOC-ENT-EPO-H061/AC,SET,Epo Entrance Lock Set (H061/AC),Epo Entrance Lock Set (H061/AC),no
PAI-BRU-633-100MM,DOZ,Paint Brush 633 X 100MM,Paint Brush 633 X 100MM,no
SAF-SHO-NK80-08,PAIR,Neuking NK80 Black 08,Neuking NK80 Black 08,no
SHH-SINKER-NO.6,PCS,Single Head Sinker No. 6 (1PC/PCK),Single Head Sinker No. 6 (1PC/PCK),no
"SIN-STA-RAC-42""",SET,42 S/steel Sink Bracket,42 S/steel Sink Bracket,no
TOO-COM-PLI-AC208,PCS,Combination Pliers 200MM AC208,Combination Pliers 200MM AC208,no
"TOO-DRV-STA-PH2-1/4""X10""-9960651710",PCS,"Cushion Grip S/dr PHILIPS-1/4""X10""X2PT ( 2X250MM)","Cushion Grip S/dr PHILIPS-1/4""X10""X2PT ( 2X250MM)",no
"TOO-HOL-MAG-VESIC-3""-BMWH-3",PCS,3 Bossman Magnetic Weld Holder (25-LBS),3 Bossman Magnetic Weld Holder (25-LBS),no
TOO-PLI-CUTW106,PCS,Side Cut Pliers 150MM,Side Cut Pliers 150MM,no
TOO-TYR-LEV-W0014D,PCS,"Type Lever 24""/600MM","Type Lever 24""/600MM",no
TOO-WRE-FOLW0408,PCS,8PCS Folding Box End Hex Key,8PCS Folding Box End Hex Key,no
TOO-WRE-FOLW0409,PCS,8PCS Folding Hex Key,8PCS Folding Hex Key,no
VAL-BAL-VIP-343-12MM,PCS,Full Bore Ball VALVE:PN25 343 1/2,Full Bore Ball VALVE:PN25 343 1/2,no
X-GUN-TAC-BC-R23,PCS,Rapid Stapler,Rapid Stapler,no
ABR-PAP-621-528,SHT,G80 Ewd Hand Sanding Sheet,G80 Ewd Hand Sanding Sheet,no
BNW-BOL-SS304-M10-50MM,PCS,SS 304 Bolt - M10 X 50MM,SS 304 Bolt - M10 X 50MM,no
CUT-CHI-JM-30-5,PCS,Jayamata Harvest Palm Oil Chisel 5,Jayamata Harvest Palm Oil Chisel 5,no
ELE-CAB-VDE-BLK,MTR,Taicon 23/0.15 X 2 Core Vde Cable - Black,Taicon 23/0.15 X 2 Core Vde Cable - Black,no
"FAS-SCR-TAP-CSK-8#2""-BOX",BOX,8 X2 Csk Self Tapping Screw-flat Head (500PCS/BOX),8 X2 Csk Self Tapping Screw-flat Head (500PCS/BOX),no
GAS-REG-BTY181-V,PCS,Butterfly Hpg Regulator,Butterfly Hpg Regulator,no
IND-DUS-ALI-120L,PCS,Aliclean HDPE Dustbin 120LTR,Aliclean HDPE Dustbin 120LTR,no
INS-IS6127,SET,One Piece Wash Down WC S-TRAP-250MM IS6127,One Piece Wash Down WC S-TRAP-250MM IS6127,no
LOC-SGD-PL100-40MM,PCS,Armor Solid Brass Cp Anti-cut Padlock APL1000-40MM,Armor Solid Brass Cp Anti-cut Padlock APL1000-40MM,no
NAIL-TUFTING-TN-7225-BOX,BOX,U Clip Tufting Nail 25MM X 7.3MM (100PCS/BOX),U Clip Tufting Nail 25MM X 7.3MM (100PCS/BOX),no
ROP-WIR-GAL-6.0MM,MTR,Galv Wire Rope-cnn 6.0MMX6X19,Galv Wire Rope-cnn 6.0MMX6X19,no
"SANDEX-VEL-PAD-M10-4""",PCS,"Sandex 4 Velcro Backing Pad, M10","Sandex 4 Velcro Backing Pad, M10",no
SIN-CLE-DRA-07024(5HD),PCS,H/duty Drain Cleaner,H/duty Drain Cleaner,no
TOO-PLI-CIR-WNS01,PCS,Circlip Pliers 175MM,Circlip Pliers 175MM,no
CUT-BLA-DT3676,PAIR,"Planer Blades, Dewalt","Planer Blades, Dewalt",no
DOR-LOC-CAM-X16MMX90,PCS,Target 9007 CAMLOCK-16MM,Target 9007 CAMLOCK-16MM,no
FAN-CEI-ALP-FC13,UNIT,Cosa Express 54''/5B LED Ceiling Fan -matt Blk,Cosa Express 54''/5B LED Ceiling Fan -matt Blk,no
FAS-SCR-ZPH-DSMHO516-BOX,BOX,Sr Zph Self Drilling Screw (1000PCS/BOX) DSM-HO516,Sr Zph Self Drilling Screw (1000PCS/BOX) DSM-HO516,no
GAR-RAK-PVC-20T,PCS,20T Hero Garden Rake,20T Hero Garden Rake,no
SHH-SINKER-NO.1,PCK,Single Head Sinker No. 1 (2PCS/PCK),Single Head Sinker No. 1 (2PCS/PCK),no
TOO-COM-W0287E-12MM,PCS,Com Ratchet Wrench 12MM,Com Ratchet Wrench 12MM,no
TOO-NIE-TAM-T30,PCS,Nietz E/long Tamper Tx-star Wrench (red) 53283030,Nietz E/long Tamper Tx-star Wrench (red) 53283030,no
TOO-PLI-CIR-GTEB150,PCS,Glotool Circlip Plier - Ext Bent,Glotool Circlip Plier - Ext Bent,no
WAL-DOW-NF-1801/12OP,PCS,12 Lamp Globe Shape,12 Lamp Globe Shape,no
BNW-B&N-RBN-220-BOX,BOX,Sr G. I Boit & Nut 1/4 X 2 (box),Sr G. I Boit & Nut 1/4 X 2 (box),no
BNW-B&N-RBN-240-BOX,BOX,Sr G. I Boit & Nut 1/4 X 4 (box),Sr G. I Boit & Nut 1/4 X 4 (box),no
"BRA-SHE-YG782-20""",PAIR,White H/duty Shelf Bracket 20,White H/duty Shelf Bracket 20,no
CHA-CAP-ROU-EXT-16MM,PCK,Round External Cap 16MM (4PCS/PCK),Round External Cap 16MM (4PCS/PCK),no
DRI-26170(4-32),PCS,Br 6250 Hex Shank Step Drill 4-32MM,Br 6250 Hex Shank Step Drill 4-32MM,no
"FAS-SCR-TAP-CSK-8#2 1/2""",PACK,8 X2-1/2 Csk Self Tapping Screw-flat Head (10PCS/PCK),8 X2-1/2 Csk Self Tapping Screw-flat Head (10PCS/PCK),no
FLO-MOC-AZ617GRY,PCS,Azuba Grey AZ617GRY 600X600MM,Azuba Grey AZ617GRY 600X600MM,no
GUM-HAR-30,SET,Metal Expoxy Hardex 3 Ton,Metal Expoxy Hardex 3 Ton,no
HOS-CON-EG4134-40200043,PCS,"Ecogreen-quick Connector (universal) 1/2"", 5/8"", 3/4","Ecogreen-quick Connector (universal) 1/2"", 5/8"", 3/4",no
HOS-NET-MIK-12MM,MTR,Mikasa Net Hose - 12MM X 100M,Mikasa Net Hose - 12MM X 100M,no
MEA-TAP-SENSUI-X7-25FT,PCS,X7 25FT Sensui Measuring Tape,X7 25FT Sensui Measuring Tape,no
MEA-TAP-STA-POW-10M,PCS,10M/33 X 1 Powerlock Tape Ruler,10M/33 X 1 Powerlock Tape Ruler,no
SHH-SINKER-NO.2,PCK,Single Head Sinker No. 2 (2PCS/PCK),Single Head Sinker No. 2 (2PCS/PCK),no
SHO-PVC-ARM100,SET,Sy PVC Shower Rose ARM-4,Sy PVC Shower Rose ARM-4,no
SWI-T/SOC-9822-2M2G,SET,2GL T/skt W/surge (sr) 9822/2M,2GL T/skt W/surge (sr) 9822/2M,no
"TOO-CUT-BOL-MIN-GT8""",PCS,Glotool Mini Bolt Clipper 8,Glotool Mini Bolt Clipper 8,no
TOO-ELE-GUN-R'KEY-3802-30W,PCS,30W R'key Electric Soldering Iron - 3802,30W R'key Electric Soldering Iron - 3802,no
TOO-ELE-TESW0288A,PCS,W0288A Tester,W0288A Tester,no
TOO-TES-PEN-KT1960,PCS,Kingtoyo Auto,Kingtoyo Auto,no
WAS-BAS-FIL-S90(185),PCS,S90 (185) Steel Washing Basin Filter,S90 (185) Steel Washing Basin Filter,no
WEL-MAC-STW-120G,UNIT,Starweld Welding Machine Acc. MMA120G,Starweld Welding Machine Acc. MMA120G,no
ABR-PAP-621-540,SHT,Ewd Hand Sanding Sheet G1000,Ewd Hand Sanding Sheet G1000,no
ADH-TAP-SEA-2915,PCS,Somax 19MM X 0.2MM X 15M Seal Tape,Somax 19MM X 0.2MM X 15M Seal Tape,no
CUT-CHI-JM-30-4,PCS,Jayamata Harvesting Palm Oil Chisel 4,Jayamata Harvesting Palm Oil Chisel 4,no
CUT-DEW-DW4785,PCS,"Diamond Blade, Dry 4","Diamond Blade, Dry 4",no
"DL5SS-HOS-NIPP-1""X25MM",PCS,DL5 Hose Nipple 1 X 25MM,DL5 Hose Nipple 1 X 25MM,no
DOR-HOL-SGD-020SN,PCS,Sn St. Guchi Door Holder,Sn St. Guchi Door Holder,no
ELE-LED-FLO-SOR-25W-6500K,PCS,Ilite Solar Spotlite ILS-25W 6500K,Ilite Solar Spotlite ILS-25W 6500K,no
IND-TRU-MET-150KGS,UNIT,Platform Hand Truck-metal ST150 150KGS,Platform Hand Truck-metal ST150 150KGS,no
JAC-BOT-CNN-B10TON,PCS,China Bottle Jack -10TON (l/w),China Bottle Jack -10TON (l/w),no
LOC-DEL-TZ-DL3871SS,PCS,Deluxe Cylindrical Lock,Deluxe Cylindrical Lock,no
PUM-WTR-ADELINO-ACM75,UNIT,Adelino Centrifugal Pump Acm 75,Adelino Centrifugal Pump Acm 75,no
SAF-LAS-CAR-GLO-50MM*,SET,Cargo Lashing 2 X 30FT (glolift),Cargo Lashing 2 X 30FT (glolift),no
SHH-LURE-H2130-3.0CM,PCS,Huizhu Fishing Super Lure Frog 3.0CM (soft),Huizhu Fishing Super Lure Frog 3.0CM (soft),no
SWI-BUT-HOI-15A-250V,PCS,Hoist Push Button Switch 15A 250V,Hoist Push Button Switch 15A 250V,no
SWI-SOC-ELE-E062B,PCS,Elegance 16A 2 GANG Auto Gate Swi-blk (E062B),Elegance 16A 2 GANG Auto Gate Swi-blk (E062B),no
TIM-BUI-HAG-EH711,PCS,Hager Built IN Timer,Hager Built IN Timer,no
TOO-HAM-WOOD-BLI-27MM,PCS,Blimax Wood Claw,Blimax Wood Claw,no
TOO-PLI-CIRWSB175,PCS,External Circlip Pliers Bent Nose 175MM,External Circlip Pliers Bent Nose 175MM,no
TOO-WRE-ADJW300,PCS,Adjustable Wrench 300MM,Adjustable Wrench 300MM,no
VER-MAR-3M-HRZTL,PAIR,3M Vehicle Marking Hrztl Vert,3M Vehicle Marking Hrztl Vert,no
WIN-HOO-PIN-8430,PCK,Sr Pleak Hook 8430 (10PCS/PCK),Sr Pleak Hook 8430 (10PCS/PCK),no
"X-FAS-SCR-CSK-3/4"" X 8G - BOX",BOX,Sr Csk Tapping Screw 3/4 X 8G (1000PCS/BOX),Sr Csk Tapping Screw 3/4 X 8G (1000PCS/BOX),no
BOS-2607-010-079,PCS,Anti Splintering Device Gst 65,Anti Splintering Device Gst 65,no
BOX-ICE-5LTR-RED/BLUE/GRE,PCS,5LTR Cooler Box,5LTR Cooler Box,no
DOR-STO-25X25MM,PCS,Red Rubber Door Stopper,Red Rubber Door Stopper,no
ELE-LED-SOL-YB-L10507-34W,SET,Marviss 34W Outdoor Sensor Solar Light (L10517),Marviss 34W Outdoor Sensor Solar Light (L10517),no
ELE-T5-4-CIELO-W/W,PCS,Cielo T5 LED Fitting 4FT 18W WW-830,Cielo T5 LED Fitting 4FT 18W WW-830,no
FAS-BOL-EXP-12100,PCS,Sh Expansion Bolt M12 X 100,Sh Expansion Bolt M12 X 100,no
FAS-RIV-PAT-5/32X1/2-BOX,BOX,Blind Rivet: Jaguar 5/32 X 1/2 (500PCS/BOX),Blind Rivet: Jaguar 5/32 X 1/2 (500PCS/BOX),no
"FAS-SCR-CSK-1 1/2"" X 8G",PCK,Sr Csk Tapping Screw 1 1/2 X 8G (20PCS/PCK),Sr Csk Tapping Screw 1 1/2 X 8G (20PCS/PCK),no
HOS-CLE-01630,COIL,16MM X 30M Clear Hose,16MM X 30M Clear Hose,no
"IND-CAS-FIX-1.5""",PCS,1.5 DL5 Tpe Fixed Caster,1.5 DL5 Tpe Fixed Caster,no
JQB-JUMP-XPRESS-ULTRA,UNIT,Jqb Jump Starter Jumpxpress Ultra,Jqb Jump Starter Jumpxpress Ultra,no
NAI-ROO-SUP-P50MM-1KGS,KG,E. G Roofing Nail - Plain 50MM 1KGS,E. G Roofing Nail - Plain 50MM 1KGS,no
PLA-BAG-W1000-2227,PCK,22 X 27 X Tbag Aa,22 X 27 X Tbag Aa,no
PSN-NC-EG4000PSK,PCS,4L Binchotan Thermo Pot,4L Binchotan Thermo Pot,no
SAF-BOX-ASM-250-E1,UNIT,"Aero Digital Home Safe, 250X350X300MM, 14KG","Aero Digital Home Safe, 250X350X300MM, 14KG",no
SWI-PLK-NEO-1380N,PCS,Plk 20A Neon Heater Switch,Plk 20A Neon Heater Switch,no
SWI-T/BOX-540A,SET,Extension Box Sp PP100-540A,Extension Box Sp PP100-540A,no
TOO-CLA-GW473160,PCS,Heavy G-shape Clamp 6,Heavy G-shape Clamp 6,no
TOO-HAN-T-STA-12MM,PCS,1/2 Dr Sliding T-bar 243MM/9-1/2,1/2 Dr Sliding T-bar 243MM/9-1/2,no
ABR-PAP-621-530,SHT,G120 Ewd Hand Sanding Sheet,G120 Ewd Hand Sanding Sheet,no
BOA-GYP-09MM,PCS,4 X 8 X 9.0MM Prima Flat Sheet,4 X 8 X 9.0MM Prima Flat Sheet,no
BOS-2609-110-015,PCS,Pin Spanner (for Sag),Pin Spanner (for Sag),no
CUT-DIS-ARC02,PCS,4 (A909) Sensui Diamond Grinding Bla,4 (A909) Sensui Diamond Grinding Bla,no
"FAS-SCR-TAP-CSK-6#2-1/2""-BOX",BOX,"6 X2-1/2""CSK Self Tapping Screw-flat Head (500PCS/BOX)","6 X2-1/2""CSK Self Tapping Screw-flat Head (500PCS/BOX)",no
GRA-CAB-CB6644,UNIT,Cabana S/steel Floor Grating 4,Cabana S/steel Floor Grating 4,no
HHD-STO-JYMT-200MM,PCS,8 Jayamata Sharpening Stone,8 Jayamata Sharpening Stone,no
NAIL-TUFTING-TN-7220-BOX,BOX,U Clip Tufting Nail 20MM X 7.3MM (100PCS/BOX),U Clip Tufting Nail 20MM X 7.3MM (100PCS/BOX),no
PAI-BRU-680-025MM,DOZ,Paint Brush 680 X 25MM,Paint Brush 680 X 25MM,no
PYE-FLE-SEAL-4.5KG-GREY,TIN,PYE Flexible Seal 4.5KG (grey),PYE Flexible Seal 4.5KG (grey),no
SAF-SHO-SUP-40#,PAIR,Supersonic Safety Shoes 40 (6 ),Supersonic Safety Shoes 40 (6 ),no
SAF-SHO-SUP-41#,PAIR,Supersonic Safety Shoes 41 (7 ),Supersonic Safety Shoes 41 (7 ),no
SHH-SINKER-NO.1/4,PCK,Single Head Sinker No. 1/4 (10PCS/PCK),Single Head Sinker No. 1/4 (10PCS/PCK),no
SHO-HEA-LUX-LT8367,PCS,Luxtec Cp Shower Head Holder,Luxtec Cp Shower Head Holder,no
SWI-PLU-MK-654-13A,PCS,Mk 654 Whi 13A Plug Top 3PIN,Mk 654 Whi 13A Plug Top 3PIN,no
TOI-CAS-WD012,UNIT,Luton Close Couple 200MM S Trap,Luton Close Couple 200MM S Trap,no
TOO-CUT-BOLW0117A,PCS,Bolt Cutter 350MM,Bolt Cutter 350MM,no
WIR-BRC-66C-45M,ROLL,66C X 45M Brc,66C X 45M Brc,no
BAS-CAB-CKS332BK,UNIT,Cabana Basket (430X260),Cabana Basket (430X260),no
"BRA-SHE-S/S-G785-08""",SET,G785 304 H/duty Shelf Bracket 8,G785 304 H/duty Shelf Bracket 8,no
BRO-MOP-400,PCS,No. 400 Mop Broom With Handle,No. 400 Mop Broom With Handle,no
CON-CAB-600A,PCS,Glotool Cable Connector 600A,Glotool Cable Connector 600A,no
DOR-STO-RUB-RED-38MM,PCS,"Door Stopper Rubber Red 1-1/2""X1-7/8","Door Stopper Rubber Red 1-1/2""X1-7/8",no
DOR-STO-SGD-024SS,PCS,SS St. Guchi Hat & Coat Hook Door Stopper,SS St. Guchi Hat & Coat Hook Door Stopper,no
ELE-PEN-81219/3-E27,PCS,81219/3 Pendant Lamp Round Base,81219/3 Pendant Lamp Round Base,no
"FAS-SCR-F/H-3/4"" X 8# BOX",BOX,Sr F/h Self Drilling Screw 3/4 X 8 (1000PCS/BOX),Sr F/h Self Drilling Screw 3/4 X 8 (1000PCS/BOX),no
"FAS-SCR-TAP-CSK-6#2""-BOX",BOX,6 X2 Csk Self Tapping Screw-flat Head (500PCS/BOX),6 X2 Csk Self Tapping Screw-flat Head (500PCS/BOX),no
FIT-HDPE-TEE-25MM,PCS,HDPE Tee Equal 25MM,HDPE Tee Equal 25MM,no
GAR-CUT-LIN-YEL-TL01,ROLL,TL01 Sq Trimmer Line (3LBS),TL01 Sq Trimmer Line (3LBS),no
GUM-HAR-VT210SG,PCS,High Performance Sealant-grey,High Performance Sealant-grey,no
HOL-BOT-MA034-A,SET,Bott H/duty Cycle Hole Cu,Bott H/duty Cycle Hole Cu,no
HOO-CAB-CB802-5,UNIT,Cabana Hook BAR (polish) CB802-5,Cabana Hook BAR (polish) CB802-5,no
LAD-ALU-WORKER-DS09,UNIT,Worker DS09 D/side Alum. Ladder (LDD09-MF),Worker DS09 D/side Alum. Ladder (LDD09-MF),no
NAIL-TUFTING-TN-7225,PCK,U Clip Tufting Nail 25MM X 7.3MM (10PCS/PCK),U Clip Tufting Nail 25MM X 7.3MM (10PCS/PCK),no
PLA-BAG-RUB-30X40,PCK,30 X 40 X PE (B1KG),30 X 40 X PE (B1KG),no
SCP-PLA-EXT-5KG,CAN,5KG Scp Exterior Skim Plasta,5KG Scp Exterior Skim Plasta,no
TOO-TIN-CUT-W608A,PCS,Tin Cutter 200MM W608A,Tin Cutter 200MM W608A,no
WAL-DOW-YB-K7503M/G/AB,PCS,Outdoor Gate Light YB-K7503M/G/AB,Outdoor Gate Light YB-K7503M/G/AB,no
WEL-TOR-YAM-CUT,PCS,Yamato Cutting Torch,Yamato Cutting Torch,no
WIN-BRA-DOU-7009,PCK,Sr Double Bracket 7009 (7002) X,Sr Double Bracket 7009 (7002) X,no
ABR-PAP-621-539,SHT,G800 Ewd Hand Sanding Sheet,G800 Ewd Hand Sanding Sheet,no
"DL5SS-HOS-NIPP-3/4""X19MM",PCS,DL5 Hose Nipple 3/4 X 19MM,DL5 Hose Nipple 3/4 X 19MM,no
"FAN-STA-SINO-18""",SET,Sino 18 (ssfc) Stand Fan,Sino 18 (ssfc) Stand Fan,no
"FAS-RIV-PAT-1/8""X1/2""-BOX",BOX,Blind Rivet: Jaguar 1/8 X 1/2 (1000PCS/BOX),Blind Rivet: Jaguar 1/8 X 1/2 (1000PCS/BOX),no
"FAS-SCR-F/H-1 1/2"" X 8#",PKT,Sr F/h Self Drilling Screw 1 1/2 X 8 (20PCS/PCK),Sr F/h Self Drilling Screw 1 1/2 X 8 (20PCS/PCK),no
"FAS-SCR-F/H-1 1/4"" X 8#",PKT,Sr F/h Self Drilling Screw 1 1/4 X 8 (20PCS/PCK),Sr F/h Self Drilling Screw 1 1/4 X 8 (20PCS/PCK),no
GUN-T-7006-MINI,PCS,Fiesto Mini Tufting Gun,Fiesto Mini Tufting Gun,no
"HOS-FLE-VIP-PP16""",PCS,PP-16 White Nylon Vip Flexible Tube,PP-16 White Nylon Vip Flexible Tube,no
"IND-CAS-SWI-2""",PCS,2 DL5 Tpe 360 Degree Swivel Caster,2 DL5 Tpe 360 Degree Swivel Caster,no
KGR-FLO-COA-9284,TIN,Kangaroo Floor Coat 9284 - Windsor Green,Kangaroo Floor Coat 9284 - Windsor Green,no
LOC-COL-TA501,PCS,Colex Single Titanium Coated Padlock TA-501,Colex Single Titanium Coated Padlock TA-501,no
LOC-CZS-30MM,PCS,30MM Czs 360 Padlock,30MM Czs 360 Padlock,no
LOC-SGD-APL-99-50MM3PC,SET,Armor Anti-cut Padlock APL-99-50MM KA-3PCS,Armor Anti-cut Padlock APL-99-50MM KA-3PCS,no
PAI-BRU-NIP-18MM,PCS,7 Roller Refill Polyester 18MM,7 Roller Refill Polyester 18MM,no
PAI-BRU-NIP-TR841N,BAG,4 Roller Refill Polyester,4 Roller Refill Polyester,no
RAI-BOO-KRK-B39M9000,PAIR,Korakoh Rain Shoes Blk - 6/39,Korakoh Rain Shoes Blk - 6/39,no
RAI-BOO-KRK-B42M,PAIR,Rainshoes - 42 (9) 6000BLK,Rainshoes - 42 (9) 6000BLK,no
ROP-PP-12MM,MTR,12MM P. P Rope,12MM P. P Rope,no
SHE-CAB-CB799,UNIT,Cabana Glass Shelf (25CM),Cabana Glass Shelf (25CM),no
SHH-BELL-SINGL-PSC115,PCS,Single Fishing Bell PSC115,Single Fishing Bell PSC115,no
"TOO-BUTE-CLMP-CT8-32MM 1""",PCS,"32MM (1"") Bute Clamp Tool - CT-8","32MM (1"") Bute Clamp Tool - CT-8",no
TOO-COM-W0287B-09MM,PCS,Com Ratchet Wrench 09MM,Com Ratchet Wrench 09MM,no
"TOO-DRV-STA-PH0-1/8""X5""",PCS,"Cushion Grip S/dr PHILIPS-1/8""X5""X0PT ( 0X125MM)","Cushion Grip S/dr PHILIPS-1/8""X5""X0PT ( 0X125MM)",no
"TOO-DRV-STA-PH0-1/8""X6""-9960651600",PCS,"Cushion Grip S/dr PHILIPS-1/8""X6""X0PT ( 0X150MM)","Cushion Grip S/dr PHILIPS-1/8""X6""X0PT ( 0X150MM)",no
TOO-ELE-GUN-GLU-80W,PCS,80W Glue Gun,80W Glue Gun,no
TOO-ELE-TES-PEN-K1304,PCS,Kakc Test Pen,Kakc Test Pen,no
TOO-TYR-LEV-W0014C,PCS,"Type Lever 20""/500MM","Type Lever 20""/500MM",no
TOPLUS-WEA-PLUS-5L-B,CAN,5L Toplus Weather Plus B Base,5L Toplus Weather Plus B Base,no
WAS-TAP-PAI,PCS,Washi Tape 24MMX15M,Washi Tape 24MMX15M,no
BNW-B&N-RBN-215-BOX,BOX,Sr G. I Boit & Nut 1/4 X 1 1/2 (box),Sr G. I Boit & Nut 1/4 X 1 1/2 (box),no
BNW-BOL-SS304-M10-30MM,PCS,SS 304 Bolt - M10 X 30MM,SS 304 Bolt - M10 X 30MM,no
BNW-BOL-SS304-M12-25MM,PCS,SS 304 Bolt - M12 X 25MM,SS 304 Bolt - M12 X 25MM,no
"BRA-SHE-YG782-10""",PAIR,White H/duty Shelf Bracket 10,White H/duty Shelf Bracket 10,no
"CLI-HOS-GP-3/4""",PCS,Gp S/steel Hose CLIP-3/4 (13-19MM),Gp S/steel Hose CLIP-3/4 (13-19MM),no
DOR-ROL-TYSON-TY505,PCS,Tyson Sliding Roller,Tyson Sliding Roller,no
DOR-VIE-SGD-DV3779AC,PCS,AC St. Guchi Door Viewer 180,AC St. Guchi Door Viewer 180,no
ELE-D/L-MGM-MQTL2048-3000K,PCS,Mgm 2 1/2 7W Eye Ball Ww,Mgm 2 1/2 7W Eye Ball Ww,no
"FAS-RIV-PAT-1/8""X3/4""-BOX",BOX,Blind Rivet: Jaguar 1/8 X 3/4 (1000PCS/BOX),Blind Rivet: Jaguar 1/8 X 3/4 (1000PCS/BOX),no
FLO-PVC-27y082-06-25MTR,ROLL,Wangsaga Floor Mat Linoleum 27Y465-16,Wangsaga Floor Mat Linoleum 27Y465-16,no
FLO-PVC-27y279-14-25MTR,ROLL,Wangsaga Floor Mat Linoleum 27Y496-10,Wangsaga Floor Mat Linoleum 27Y496-10,no
FLO-PVC-27y384-02-25MTR,ROLL,Wangsaga Floor Mat Linoleum 27Y 396-17,Wangsaga Floor Mat Linoleum 27Y 396-17,no
FLO-PVC-27y399-03-25MTR,ROLL,Wangsaga Floor Mat Linoleum 27Y 042-10,Wangsaga Floor Mat Linoleum 27Y 042-10,no
FLO-PVC-27y410-11-25MTR,ROLL,Wangsaga Floor Mat Linoleum 27Y 404-04,Wangsaga Floor Mat Linoleum 27Y 404-04,no
FLO-PVC-27y465-01-25MTR,ROLL,Wangsaga Floor Mat Linoleum 27Y 311-04,Wangsaga Floor Mat Linoleum 27Y 311-04,no
FOAM-PU-VT268,PCS,V-tech Pu Foam 750ML,V-tech Pu Foam 750ML,no
GAR-SHE-JM202,PCS,Jayamata Pruning Shear 7-1/2,Jayamata Pruning Shear 7-1/2,no
GAS-REG-SUM-LPG382,UNIT,Bossman Low Pressure Gas Regulator 182,Bossman Low Pressure Gas Regulator 182,no
HDPE-VAL-BAL-PP-COMP-MALE-25MM,PCS,PP Compression Ballvalve Male- 25MMX3/4,PP Compression Ballvalve Male- 25MMX3/4,no
HHD-CIS-DUAL-GDPC2000,SET,Gdpc 2000 L/l Plastic Cistern White,Gdpc 2000 L/l Plastic Cistern White,no
HHD-TOI-PAP-HOL-YG474,PCS,S/steel Toilet Paper,S/steel Toilet Paper,no
HOS-HOL-EAG-EG3100,PCS,Eagle Plastic Hose Holder,Eagle Plastic Hose Holder,no
"IND-CAS-SWI-LSC-2""",PCS,2 DL5 Tpe L Base Swivel Caster,2 DL5 Tpe L Base Swivel Caster,no
INS-IS6082-BWL-250,NOS,Close Couple Wash Down WC,Close Couple Wash Down WC,no
LAD-ALU-WORKER-SS10,UNIT,Worker SS10 S/side Alum. Ladder (LDS10-MF),Worker SS10 S/side Alum. Ladder (LDS10-MF),no
LOC-GLO-BRA-GLBBC30,PCS,Glocks Brass Padlock GLBBC30,Glocks Brass Padlock GLBBC30,no
MEA-TAP-STA-POW-8.0M,PCS,8M/26 X 1 Powerlock Tape Ruler,8M/26 X 1 Powerlock Tape Ruler,no
NAIL-TUFTING-TN-8225-BOX,BOX,U Clip Tufting Nail 25MM X 8.5MM (80PCS/BOX),U Clip Tufting Nail 25MM X 8.5MM (80PCS/BOX),no
ROO-FEL-1MX10M,ROLLS,1M X 10M Roofling Felt,1M X 10M Roofling Felt,no
SCA-CAM-SQ10KG,PCS,Camry- Spring Scale Sq / 10KG,Camry- Spring Scale Sq / 10KG,no
SCA-CAM-SQ20KG,PCS,Camry- Spring Scale Sq / 20KG,Camry- Spring Scale Sq / 20KG,no
SHH-SINKER-NO.5,PCS,Single Head Sinker No. 5 (1PCS/PCK),Single Head Sinker No. 5 (1PCS/PCK),no
TAP-SIN-CVL-6053,PCS,Cavallo 6053 Wall Sink Tap,Cavallo 6053 Wall Sink Tap,no
TOO-PLI-DIA-D306-150MM,PCS,D306 Diagonal Pliers 150MM,D306 Diagonal Pliers 150MM,no
TOO-WRE-KEY-ASUMA-MALK001-C,SET,10PCS (mm) Asuma Alenkey,10PCS (mm) Asuma Alenkey,no
X-INS-6015,NOS,Leece One Piece Water Closet - S Trap,Leece One Piece Water Closet - S Trap,no
CUT-ELE-EFM430,PCS,Gold Elephant Flexible Grinding Disc,Gold Elephant Flexible Grinding Disc,no
EXH-FAN-FN25A,PCS,Dekka Apb 25A 10 Wall Exhaust Fan,Dekka Apb 25A 10 Wall Exhaust Fan,no
"FAS-SCR-TAP-CSK-10#1""-BOX",BOX,10 X1 Csk Self Tapping Screw-flat Head (500PCS/BOX),10 X1 Csk Self Tapping Screw-flat Head (500PCS/BOX),no
HOS-CLE-01230,COIL,13MM X 30M Clear Hose,13MM X 30M Clear Hose,no
"IND-CAS-FIX-1.25""",PCS,1.25 DL5 Tpe Fixed Caster,1.25 DL5 Tpe Fixed Caster,no
LAD-ALU-WOR-AP-2405,UNIT,Worker 05 Step Household Step Alum. Ladder,Worker 05 Step Household Step Alum. Ladder,no
LOC-APL-110-40MM-KA2PCS-S/S,SET,Armor S/steel Padlock APL-110-40MM KA2PCS SUS-304,Armor S/steel Padlock APL-110-40MM KA2PCS SUS-304,no
MEA-TAP-CHTR-3002,PCS,Takado Measuring Tape PVC Case 7.5M X 25MM,Takado Measuring Tape PVC Case 7.5M X 25MM,no
PAI-BRU-633-050MM,DOZ,Paint Brush 633 X 50MM,Paint Brush 633 X 50MM,no
PAI-SPR-PMT-030,CAN,Paint Master Spray Paint - No. 30 Peach Red,Paint Master Spray Paint - No. 30 Peach Red,no
PAI-SPR-PMT-035,CAN,Paint Master Spray Paint - No. 35 Gold,Paint Master Spray Paint - No. 35 Gold,no
PAI-SPR-PMT-142,CAN,Paint Master Spray Paint - No. 142 Anti-rust Brown,Paint Master Spray Paint - No. 142 Anti-rust Brown,no
RAI-BOO-KRK-Y43#,PAIR,Rainshoes - 43 (10) 7000YLW,Rainshoes - 43 (10) 7000YLW,no
SCA-CAM-EI02HS-3KG,PCS,Camry-digital Weighing Scale,Camry-digital Weighing Scale,no
SHH-FOA-FLO-FF0225,PCS,X 17MM Exori Foam Float,X 17MM Exori Foam Float,no
SHH-FOA-FLO-FF0230,PKT,X 20MM Exori Foam Float,X 20MM Exori Foam Float,no
SHH-FOA-FLO-FF0235,PKT,X 22MM Exori Foam Float,X 22MM Exori Foam Float,no
SHH-FOA-FLO-FF0240,PKT,X 24MM Exori Foam Float,X 24MM Exori Foam Float,no
SWI-ADA-MS3106N,PCS,Morries Uk Plug Travel Adaptor,Morries Uk Plug Travel Adaptor,no
SWI-SH387-4MM,PCS,S/s Swivels 4MM (double Eyes),S/s Swivels 4MM (double Eyes),no
TOO-DRV-STA-3X150MM-9960651830,PCS,"Cushion Grip S/dr Std - (1/8""X6"")","Cushion Grip S/dr Std - (1/8""X6"")",no
TOO-ELE-TES-PEN-W0226,PCS,Auto Motive Circuit Tester,Auto Motive Circuit Tester,no
WEL-REG-IW-23CR,PCS,I-weld CO2 Regulator,I-weld CO2 Regulator,no
BAT-STA-SB204,PCS,Battery Lithium-ion V20 4.0AH,Battery Lithium-ion V20 4.0AH,no
"CLI-HOS-GP-5""",PCS,Gp S/steel Hose CLIP-5 (76-127MM),Gp S/steel Hose CLIP-5 (76-127MM),no
DOR-CLO-MASTER,PCS,Keymaster Door Closer,Keymaster Door Closer,no
ELE-PEN-5183/3-E27,PCS,5183/3 Pendant Lamp,5183/3 Pendant Lamp,no
"FAS-SCR-DRY-BLA-6#1-1/2""BOX",BOX,Hunter/bk - Drywall Screw 6,Hunter/bk - Drywall Screw 6,no
GAR-RAK-MET-22T,PCS,22T Metal Rake,22T Metal Rake,no
HOO-CAB-CB8006-3,UNIT,Cabana 3 Robe Hook (satin) CB8006-3,Cabana 3 Robe Hook (satin) CB8006-3,no
"HOS-FLE-VIP-PP18""",PCS,PP-18 White Nylon Vip Flexible Tube,PP-18 White Nylon Vip Flexible Tube,no
HOS-REL-EAG-3050/DL,PCS,Eagle Hose Reel Trolley (3050/DL),Eagle Hose Reel Trolley (3050/DL),no
"IND-CAS-SWI-LSCB-2""",PCS,2 DL5 Tpe L Base Swivel Caster W Brake,2 DL5 Tpe L Base Swivel Caster W Brake,no
IND-IRON-HIN-3.0,PCS,3.0MM Iron Welding Hinges Pin,3.0MM Iron Welding Hinges Pin,no
LOC-COL-TA401,PCS,Colex Single Titanium Coated Padlock TA-401,Colex Single Titanium Coated Padlock TA-401,no
LOC-COL-ZA401,PCS,Safety Chrome Plated Padlock ZA-401,Safety Chrome Plated Padlock ZA-401,no
LOC-ENT-EPO-H041/SC,SET,Epo Entrance Lock Set (H041/SC),Epo Entrance Lock Set (H041/SC),no
RAI-BOO-KRK-B38M,PAIR,Rainshoes - 38 (5) 6000BLK,Rainshoes - 38 (5) 6000BLK,no
RAI-BOO-KRK-B43M,PAIR,Rainshoes - 43 (10) 6000BLK,Rainshoes - 43 (10) 6000BLK,no
RIV-HAND-HR008,PCS,Hand Riveter - Jp,Hand Riveter - Jp,no
SAF-SHO-NK85-6,PAIR,Neuking NK85 Black 06,Neuking NK85 Black 06,no
SAF-SHO-NK85-9,PAIR,Neuking NK85 Black 09,Neuking NK85 Black 09,no
SWI-SOC-ULT-M021MG,PCS,Ultra 16A 2 GANG 1 Way-matte Grey (M021MG),Ultra 16A 2 GANG 1 Way-matte Grey (M021MG),no
TOI-TRP-C101S-WHT,NOS,Water Closet S Trap - White,Water Closet S Trap - White,no
TOO-WRE-1EMHT020,PCS,Eastman 3/4 Square Tap Handle,Eastman 3/4 Square Tap Handle,no
X-BAT-ENE-MAX+-AAA2PCS,PCK,Enr Max Alk Aa 12 PCS,Enr Max Alk Aa 12 PCS,no
X-GAR-CHI-JM-24,PCS,Jayamata T-shape Oil Palm Harvesting Hook,Jayamata T-shape Oil Palm Harvesting Hook,no
ANG-EAV901SS,PCS,Eav 901 SS Elise Double Open Angle (SUS304),Eav 901 SS Elise Double Open Angle (SUS304),no
ANT-KILL-BAIT,PCK,Ant Killing Bait 35GM,Ant Killing Bait 35GM,no
BEA-PUL-EAS-E0061,PCS,Altea X 6 Bearing Puller,Altea X 6 Bearing Puller,no
BNW-B&N-RBN-212-BOX,BOX,Sr G. I Boit & Nut 1/4 X 1 1/4 (box),Sr G. I Boit & Nut 1/4 X 1 1/4 (box),no
BNW-B&N-RBN-230-BOX,BOX,Sr G. I Boit & Nut 1/4 X 3 (box),Sr G. I Boit & Nut 1/4 X 3 (box),no
BROO-HOO-CLIP4H3C,PCS,DL5 Sus 304 4 Hook Broom Holder,DL5 Sus 304 4 Hook Broom Holder,no
CHA-PVC-BEL-G6MM,MTR,Cn/kh PVC (green),Cn/kh PVC (green),no
CLI-ELE-CAB-18MM40S,BOX,Cable Clip 18MM/40'S,Cable Clip 18MM/40'S,no
"CLI-HOS-GP-7/8""",PCS,Gp S/steel Hose Clip - 7/8 (13-23MM),Gp S/steel Hose Clip - 7/8 (13-23MM),no
"CUT-DIS-S400-4""",PCS,Sawman S400 Diamond Wheel 4,Sawman S400 Diamond Wheel 4,no
CUT-SAW-MFS300,UNIT,(300W) Power Action Multi Function Saw,(300W) Power Action Multi Function Saw,no
DOR-LOC-CYL-KNOB,UNIT,Hafele Diy Knob Lockset Entrance (489.93.125),Hafele Diy Knob Lockset Entrance (489.93.125),no
ELE-CAB-WIR-ASIA-2.5Y*,MTR,"Asia PVC Cable, Yellow - MTR","Asia PVC Cable, Yellow - MTR",no
ELE-HOL-SE3831,PCS,Kingsway E27 Wedge Holder,Kingsway E27 Wedge Holder,no
ELE-SOL-TIN100250G,PCS,Vison Soldering Wire,Vison Soldering Wire,no
"FAS-RIV-PAT-3/16""X3/4""-BOX",BOX,Blind Rivet: Jaguar 3/16 X 3/4 (500PCS/BOX),Blind Rivet: Jaguar 3/16 X 3/4 (500PCS/BOX),no
"FAS-SCR-DRY-BLA-6#3/4""-BOX",BOX,Hunter/bk - Drywall Screw 6 X3/4,Hunter/bk - Drywall Screw 6 X3/4,no
HAT-STR-CM042,PCS,42CM Straw Hat,42CM Straw Hat,no
HOL-NYL-SIC-JM-555,PCS,Jayamata Harvesting Palm Oil Clip Poles Sickle Nylon Holder 8.5,Jayamata Harvesting Palm Oil Clip Poles Sickle Nylon Holder 8.5,no
"HOS-FLE-VIP-PP14""",PCS,PP-14 White Nylon Vip Flexible Tube,PP-14 White Nylon Vip Flexible Tube,no
PLA-BAG-W500-0812,PACK,8 X 12 X Tbag,8 X 12 X Tbag,no
"TOO-CLA-F-BLI-10""",PCS,Blimax Quick Release F CLAMP-10,Blimax Quick Release F CLAMP-10,no
TOO-DRI-ADA-13MM-3PCS,PCS,Sr Drill Chuck & Key Set,Sr Drill Chuck & Key Set,no
TOO-DRV-STA-5X150MM,PCS,"Cushion Grip S/dr Std - (3/16""X6"")","Cushion Grip S/dr Std - (3/16""X6"")",no
TOO-HAN-LW0017,PCS,1/2 L-type Handle,1/2 L-type Handle,no
TOO-SCR-EXT-W0612,SET,6PCS Screw Extractor,6PCS Screw Extractor,no
TOO-WRE-KEY-MD06218,SETS,Mdsi (MD-06218) Colourful Extra Long Hex. Key Wrench,Mdsi (MD-06218) Colourful Extra Long Hex. Key Wrench,no
X-FAS-SCR-ZPH-DSMHO525-BOX,BOX,Sr Zph Self Drilling Screw (1000PCS/BOX) DSM-HO525,Sr Zph Self Drilling Screw (1000PCS/BOX) DSM-HO525,no
X-TOO-WOR-5503-12V,SET,Worker 30PCS Of 12V Luxury Suit Electric Drill With Tools Kit Set,Worker 30PCS Of 12V Luxury Suit Electric Drill With Tools Kit Set,no
CUT-PIP-W201APVC,PCS,PVC Pipe Cutter,PVC Pipe Cutter,no
CUT-SCI-SK5-00903H,PCS,Mn 8 SK5 Steel H/d Ind-scissors,Mn 8 SK5 Steel H/d Ind-scissors,no
ELE-ADA-EE2714,PCS,E27 To E14 Bakelite Spring Lamp Adaptor (bk),E27 To E14 Bakelite Spring Lamp Adaptor (bk),no
FAS-RIV-PAT-5/32X3/4-BOX,BOX,Blind Rivet: Jaguar 5/32 X 3/4 (500PCS/BOX),Blind Rivet: Jaguar 5/32 X 3/4 (500PCS/BOX),no
FAS-RIV-PAT-5/32X3/8-BOX,BOX,Blind Rivet: Jaguar 5/32 X 3/8 (1000PCS/BOX),Blind Rivet: Jaguar 5/32 X 3/8 (1000PCS/BOX),no
"FAS-SCR-DRY-WHI-6#2""-BOX",BOX,Hunter/wh - Drywall Screw 6 X2,Hunter/wh - Drywall Screw 6 X2,no
FLO-PVC-H030-4,ROLL,Zirafah PVC Flooring H020-7,Zirafah PVC Flooring H020-7,no
FLO-PVC-NO-H015-4,ROLL,Zirafah PVC Flooring H162-7,Zirafah PVC Flooring H162-7,no
HOO-CAB-CB8003-5,UNIT,Cabana 5 Robe Hook (polish),Cabana 5 Robe Hook (polish),no
HOS-GAR-SET-GHR02LB,SET,Maya Hose Reel Thailand,Maya Hose Reel Thailand,no
IND-CAS-DL5-KRW-150,PCS,6 DL5 Yellow Blue H/duty Wheel Only,6 DL5 Yellow Blue H/duty Wheel Only,no
INK-POT-TC250,PCS,TC250 Big Ink Pot,TC250 Big Ink Pot,no
MAR-PAI-RED,PCS,Mungyo Paint Marker:red,Mungyo Paint Marker:red,no
NP-BAR-BS14051-1L,UNIT,1L Bintang Automotive Refinish Chili Red (premixed),1L Bintang Automotive Refinish Chili Red (premixed),no
"PAI-ROL-REF-PM7""",PCS,Paint Master Paint Roller Refill 7,Paint Master Paint Roller Refill 7,no
PAI-ROL-SET-1644#,SET,7 Paint Roller Set 1644,7 Paint Roller Set 1644,no
PAI-SPR-PMT-131,CAN,Paint Master Spray Paint - No. 131 Suzuki Red,Paint Master Spray Paint - No. 131 Suzuki Red,no
RAI-BOO-KRK-B42M9000,PAIR,Korakoh Rain Shoes Blk - 9/42,Korakoh Rain Shoes Blk - 9/42,no
SHH-FISH-NET-0.15D-40MM-30MD/6A,PCS,40MM (180/5),40MM (180/5),no
SHH-FISH-NET-0.15D-70MM-30MD/6A,PCS,70MM (180/5),70MM (180/5),no
TOO-DRV-STA-SET-4PCS,SET,4PCS Cushion Grip S/dr Sets,4PCS Cushion Grip S/dr Sets,no
TOO-ELE-GUN-R'KEY-3802-60W,PCS,60W R'key Electric Soldering Iron - 3802,60W R'key Electric Soldering Iron - 3802,no
WAT-FIL-6000L-GA17,UNIT,Gen Air 17 Series Pvdf Outdoor Filter,Gen Air 17 Series Pvdf Outdoor Filter,no
WEL-ELE-J38.12-3.2MM,PCK,Welding Electrode X 3.2MM (PCK),Welding Electrode X 3.2MM (PCK),no
X-GUM-HAR-HA2000C,PCS,Silicon Hardex G/p Clear,Silicon Hardex G/p Clear,no
X-LEO-SUS304-S/S-L333,PCS,Leon Sus 304 S/steel 2 Way,Leon Sus 304 S/steel 2 Way,no
BNW-BOL-SS304-M10-35MM,PCS,SS 304 Bolt - M10 X 35MM,SS 304 Bolt - M10 X 35MM,no
"BRU-CUP-3""-MR.MARK",PCS,Mr. Mark M10 X 1.5 Cup Brush,Mr. Mark M10 X 1.5 Cup Brush,no
CLI-HOS-ORB-2A,PCS,Orbit Hose Clip No : 2A,Orbit Hose Clip No : 2A,no
FAS-SCR-DS516HOW-BOX,BOX,10 X 5/8 Lion King Self-drilling Screw,10 X 5/8 Lion King Self-drilling Screw,no
"FAS-SCR-P/H-3/4"" X 8#",PCK,Sr P/h Self Drilling Screw 3/4 X 8 (20PCS/PCK),Sr P/h Self Drilling Screw 3/4 X 8 (20PCS/PCK),no
GAR-CHI-JM-25,PCS,Jayamata T-shape Oil Palm Har Hook 14,Jayamata T-shape Oil Palm Har Hook 14,no
GAR-SHO-12072,PCS,Gt 607R Shovel Rubber Handle-h/duty,Gt 607R Shovel Rubber Handle-h/duty,no
GAS-STO-HM-HGB-1630,UNIT,Homa Plus Ab Type Gas Furnace (993) - 1630,Homa Plus Ab Type Gas Furnace (993) - 1630,no
HDPE-VAL-BAL-PP-COMP-32MM,PCS,32MM PP Compression Ballvalve,32MM PP Compression Ballvalve,no
HOS-CON-MEN-40200012,PCS,Ecogreen- Hose Mender / 1/2,Ecogreen- Hose Mender / 1/2,no
LOC-COL-ZA501,PCS,Safety Chrome Plated Padlock ZA-501,Safety Chrome Plated Padlock ZA-501,no
RAI-BOO-KRK-B40M,PAIR,Rainshoes - 40 (7) 6000BLK,Rainshoes - 40 (7) 6000BLK,no
SAF-SHO-NK86-07,PAIR,Neuking NK86 Black 07,Neuking NK86 Black 07,no
SAF-SHO-NK86-08,PAIR,Neuking NK86 Black 08,Neuking NK86 Black 08,no
SAF-SHO-NK86-10,PAIR,Neuking NK86 Black 10,Neuking NK86 Black 10,no
TOO-DRV-PRE-7391B,SET,Precision Screw Driver (+/-),Precision Screw Driver (+/-),no
TOO-EXT-BARW0015B,PCS,1/2 Extension Bars 250MM,1/2 Extension Bars 250MM,no
TOO-PLI-NOSW106150,PCS,C106 Long Nose Pliers 150MM,C106 Long Nose Pliers 150MM,no
VAL-BAL-VIP-343-25MM,PCS,Full Bore Ball VALVE:PN25 343 1.0,Full Bore Ball VALVE:PN25 343 1.0,no
WIN-BRA-SIN-7008,PCK,Sr Single Bracket 7008/7001 X,Sr Single Bracket 7008/7001 X,no
ABR-PAP-621-529,SHT,G100 Ewd Hand Sanding Sheet,G100 Ewd Hand Sanding Sheet,no
"AER-S/S-DIA-2""-2WAY-FN910D",PCS,Double Divider Valve 6MM V/p,Double Divider Valve 6MM V/p,no
BNW-B&N-RBN-220,PCK,Sr G. I Boit & Nut 1/4 X 2 (5PCS/PCK),Sr G. I Boit & Nut 1/4 X 2 (5PCS/PCK),no
BNW-BOL-SS304-M12-50MM,PCS,SS 304 Bolt - M12 X 50MM,SS 304 Bolt - M12 X 50MM,no
BOS-2608-690-125(1),PCS,Sds Max Flat Chisel,Sds Max Flat Chisel,no
BOS-2608-690-128(1),PCS,Sds Max Pointed Chisel,Sds Max Pointed Chisel,no
"BRA-SHE-S/S-G785-10""",SET,G785 304 H/duty Shelf Bracket 10,G785 304 H/duty Shelf Bracket 10,no
BRO-PLA-SB LD-1803S,PCS,200G Cs Plastic Broom,200G Cs Plastic Broom,no
CHA-CAP-ROU-EXT-19MM,PCK,Round External Cap 19MM (4PCS/PCK),Round External Cap 19MM (4PCS/PCK),no
DOR-LOC-60MM,PCS,Door Lock 60MM,Door Lock 60MM,no
ELE-PEN-DX-9002/1 GD PL,PCS,Pendant Light Gd,Pendant Light Gd,no
"FAS-RIV-PAT-1/8""X3/8""-BOX",BOX,Blind Rivet: Jaguar 1/8 X 3/8 (1000PCS/BOX),Blind Rivet: Jaguar 1/8 X 3/8 (1000PCS/BOX),no
GRA-CUT-BRU-N465518,PAIR,Brush PAIR-SHR263K Spt N465518/N769626,Brush PAIR-SHR263K Spt N465518/N769626,no
"HOS-FLE-VIP-PP10""",PCS,PP-10 White Nylon Vip Flexible Tube,PP-10 White Nylon Vip Flexible Tube,no
"HOS-FLE-VIP-PP30""",PCS,PP-30 White Nylon Vip Flexible Tube,PP-30 White Nylon Vip Flexible Tube,no
JAC-BOT-CNN-B05TON,PCS,China Bottle Jack - 5TON (l/w),China Bottle Jack - 5TON (l/w),no
JQB-ROAD-MATE-PRO,UNIT,Jqb Jump Starter Jumpxpress Roadmate Pro,Jqb Jump Starter Jumpxpress Roadmate Pro,no
PAI-TIG-75ML-BLUE,TIN,75ML Tiger G. P (l/blue),75ML Tiger G. P (l/blue),no
PLA-BAG-W500-1315,PCK,13 X 15 X Tbag (aa),13 X 15 X Tbag (aa),no
TAP-PIL-OTO-966-1,PCS,966-1 OTOSANI'304 S/steel Pillar Swan Tap,966-1 OTOSANI'304 S/steel Pillar Swan Tap,no
TOO-COM-IRO-BUL-41MM,PCS,41MM Iron Bull Spanner,41MM Iron Bull Spanner,no
TOO-DRV-STA-3X125MM-9960651820,PCS,"Cushion Grip S/dr Std - (1/8""X5"")","Cushion Grip S/dr Std - (1/8""X5"")",no
TOO-DRV-STA-6.5X2000MM,PCS,"Cushion Grip S/dr Std - (1/4""X8"")","Cushion Grip S/dr Std - (1/4""X8"")",no
TOO-WRE-KEY-ATHM-8,PCS,Arrow T Flat Hex Key (metric) With Plastic Handle - 8MM,Arrow T Flat Hex Key (metric) With Plastic Handle - 8MM,no
AIR-DUS-MDSI-04062,PCS,Mdsi (MD-04062) Air Duster (adjustable) - Long,Mdsi (MD-04062) Air Duster (adjustable) - Long,no
BEA-PUL-EAS-E0062,PCS,Altea X 8 Bearing Puller,Altea X 8 Bearing Puller,no
CAB-BAT-120AMPX100FTS,COIL,Battery Cable X,Battery Cable X,no
CEILING-FRAME-35MM,PCS,Steel Keel (b) 35MM X 12FT,Steel Keel (b) 35MM X 12FT,no
CUT-CHI-JM-30-3,PCS,Jayamata Harvesting Palm Oil Chisel 3,Jayamata Harvesting Palm Oil Chisel 3,no
DUC-CAP-DC-1,PCS,DC-1 S/steel Ducting Cap 150MM,DC-1 S/steel Ducting Cap 150MM,no
ELE-ADA-3WAY-MS-BS03L,PCS,Morries 13A 3WAY Adaptor With Fuse & Neon,Morries 13A 3WAY Adaptor With Fuse & Neon,no
ELE-D/L-MGM-MQTL2048-4000K,PCS,Mgm 2 1/2 7W Eye Ball,Mgm 2 1/2 7W Eye Ball,no
EXH-FAN-CIMA-EF-10-12F-CIE-WH,SET,Siberair Ceiling Exhaust Fan 10,Siberair Ceiling Exhaust Fan 10,no
"FAS-SCR-CSK-1 1/4"" X 8G-BOX",BOX,Sr Csk Tapping Screw 1 1/4 X 8G (1000PCS/BOX),Sr Csk Tapping Screw 1 1/4 X 8G (1000PCS/BOX),no
"FAS-SCR-DRY-BLA-6#2""BOX",BOX,Hunter/bk - Drywall Screw 6 X2,Hunter/bk - Drywall Screw 6 X2,no
FAS-SCR-TD640HW-WOOD-PCK,PCK,12 X 1 1/2 Self Drilling Screw (50PCS/PACK),12 X 1 1/2 Self Drilling Screw (50PCS/PACK),no
HOS-GAR-ORA-160230,ROLL,Greenland Super Fancy Hose (cb) 5/8 X 2MM X 30M,Greenland Super Fancy Hose (cb) 5/8 X 2MM X 30M,no
JQB-JUMP-XPRESS-LITE,UNIT,Jqb Jump Starter Jumpxpress Lite,Jqb Jump Starter Jumpxpress Lite,no
LAM-E27-R80-RWG,PCS,"Tungsram E27 R80 (r,w,g)","Tungsram E27 R80 (r,w,g)",no
NP-BAR-333-1L,UNIT,1L Bintang Automotive Refinish Stm Special Blue (standard),1L Bintang Automotive Refinish Stm Special Blue (standard),no
PUM-OIL-W0229B,PCS,W0229B Pump Oiler,W0229B Pump Oiler,no
SCP-PLA-EXT-25KG,PAIL,25KG Scp Exterior Skim Plasta,25KG Scp Exterior Skim Plasta,no
SHH-LURE-SSL8016,PCS,Starlit Minnow Shad Soft Lure (6'S)MIXCLR,Starlit Minnow Shad Soft Lure (6'S)MIXCLR,no
SPRA-BOSNY-B136-400CC,CAN,Bosny Zinc Galvanize Spray,Bosny Zinc Galvanize Spray,no
TOI-TISSUE,PKT,Kleenex Fresh 2PLY,Kleenex Fresh 2PLY,no
TOO-COM-SET-GD824,SET,Gd Combination Wrench Set 14 X,Gd Combination Wrench Set 14 X,no
TOO-NIE-TAM-T50,PCS,Nietz E/long Tamper Tx-star Wrench (red) 53283050,Nietz E/long Tamper Tx-star Wrench (red) 53283050,no
X-HOO-CAB-CB8001-3,UNIT,Cabana 3 Robe Hook (satin) CB8001-3,Cabana 3 Robe Hook (satin) CB8001-3,no
BNW-B&N-RBN-230,PCK,Sr G. I Boit & Nut 1/4 X 3 (10PCS/PCK),Sr G. I Boit & Nut 1/4 X 3 (10PCS/PCK),no
CIS-HAN-PVCL/L,PCS,Vinyl Front Lever,Vinyl Front Lever,no
DOR-BEA-AGD-108/SN,PCS,Armor Ball Bearing Door Guard,Armor Ball Bearing Door Guard,no
ELE-CAB-PVC-4.00MM-GRE-MTR,MTR,Ktk PVC Cable Green 100M -mtr,Ktk PVC Cable Green 100M -mtr,no
ELE-T5-3'-CIELO-D/L,PCS,Cielo T5 LED Fitting 3FT 14W,Cielo T5 LED Fitting 3FT 14W,no
"FAS-SCR-DRY-WHI-6#1.1/4""-BOX",BOX,Hunter/wh - Drywall Screw 6 X1-1/4,Hunter/wh - Drywall Screw 6 X1-1/4,no
FAS-SCR-ZPH-DSMHO520-BOX,BOX,Sr Zph Self Drilling Screw (1000PCS/BOX) DSM-HO520,Sr Zph Self Drilling Screw (1000PCS/BOX) DSM-HO520,no
FAS-SCR-ZPH-DSMHO620-BOX,BOX,Sr Zph Self Drilling Screw (500PCS/BOX) DSM-HO620,Sr Zph Self Drilling Screw (500PCS/BOX) DSM-HO620,no
IND-WIR-MES-2525-18GX100,ROLL,Wire Mesh 1 X 1 X3 X18G X100,Wire Mesh 1 X 1 X3 X18G X100,no
JAC-SCI-1.5T,PCS,Scissor Jack 1.5T,Scissor Jack 1.5T,no
LOC-GLO-BRA-GLBBC20,PCS,Glocks Brass Padlock GLBBC20,Glocks Brass Padlock GLBBC20,no
PAI-SPR-PMT-133,CAN,Paint Master Spray Paint - No. 133 Diamond Blue,Paint Master Spray Paint - No. 133 Diamond Blue,no
PYE-JNT-COM-SUR-5KG,TIN,PYE Joint Compound Surface 5KG,PYE Joint Compound Surface 5KG,no
SWI-SOC-ELE-PTGY600,PCS,600MM Power Tracks (surface)-grey (GY600),600MM Power Tracks (surface)-grey (GY600),no
TOL-BUS-BUT-YG886,PCS,Dual Push Button,Dual Push Button,no
ACC-MAR-EURO-1A,PCS,Marlino Press Control,Marlino Press Control,no
BLI-HSS-HOL-SAW-25MM,PCS,Blimax Hss Hole SAW-25MM,Blimax Hss Hole SAW-25MM,no
BNW-B&N-RBN-250-PCK,PCK,Sr G. I Boit & Nut 1/4 X 5 (10PCS/PCK),Sr G. I Boit & Nut 1/4 X 5 (10PCS/PCK),no
BOA-GYP-03.2MM-X4'X4',PCS,4 X 4 X 3.2MM Prima Flat Sheet,4 X 4 X 3.2MM Prima Flat Sheet,no
DOR-SHU-LOC-SGD-H322,PCS,Armor Roller Shutter,Armor Roller Shutter,no
ELE-D/L-HOME-2103-18W-6500K,PCS,Hermanns Downlite -rd -6500K,Hermanns Downlite -rd -6500K,no
"ELE-PVC-CAS-1""",LGTH,Kancil 1 X 6FT PVC Casing,Kancil 1 X 6FT PVC Casing,no
FAS-SCR-DS645HW-MET,BOX,12 X 1.3/4 Self Drilling Screw (400PCS/BOX),12 X 1.3/4 Self Drilling Screw (400PCS/BOX),no
FAS-SCR-TECH-METAL-50MM-PCK,PCK,Techscrew-metal Screw X 50MM (50PCS/PCK),Techscrew-metal Screw X 50MM (50PCS/PCK),no
FAS-SCR-TECH-WOOD-50MM-PCK,PCK,Techscrew-wood Screw X 50MM (50PCS/PCK),Techscrew-wood Screw X 50MM (50PCS/PCK),no
HOS-GAR-GRE-160330-MTR,MTR,Br 83030 PVC Green Garden Hose 16X3.0MM,Br 83030 PVC Green Garden Hose 16X3.0MM,no
KGR-REM-PAI-1000ML,TIN,910 Paint Remover 1 Liter,910 Paint Remover 1 Liter,no
LOC-APL-110-40MM-S/S,PCS,Armor S/steel Padlock APL-110-40MM SUS-304,Armor S/steel Padlock APL-110-40MM SUS-304,no
PAI-ROL-SPM175,SET,Paint Master Paint Roller Set 7,Paint Master Paint Roller Set 7,no
ROP-PE-10MM,MTR,10MM P. E Rope,10MM P. E Rope,no
SAF-HEL-YEL,PCS,PVC Uvee Safety Helmet-yel,PVC Uvee Safety Helmet-yel,no
SHH-LURE-SPM210XMW,PCS,2.4 60MM 2.5G Eupro K2 Soft Lure (8'S)MIX Clr,2.4 60MM 2.5G Eupro K2 Soft Lure (8'S)MIX Clr,no
STR-NYL-1.6KGM,ROLL,1.5KG Nylon String (medium),1.5KG Nylon String (medium),no
TOI-BAS-BRA,PCS,Basin Bracket,Basin Bracket,no
"TOO-DRV-STA-PH1-3/16""X8""",PCS,"Cushion Grip S/dr PHILIPS-3/16""X8""X1PT ( 1X200MM)","Cushion Grip S/dr PHILIPS-3/16""X8""X1PT ( 1X200MM)",no
TOO-ELE-PUMW0617,PCS,Tin Suction Pump,Tin Suction Pump,no
TOO-FIL-BCC-4.0200MM,CARD,Bahco Chain Saw File 168-8-4.0-3P 5/321IN,Bahco Chain Saw File 168-8-4.0-3P 5/321IN,no
TOO-NIE-TAM-T10,PCS,Nietz E/long Tamper Tx-star Wrench (red) 53283010,Nietz E/long Tamper Tx-star Wrench (red) 53283010,no
TOO-NIE-TAM-T45,PCS,Nietz E/long Tamper Tx-star Wrench (red) 53283045,Nietz E/long Tamper Tx-star Wrench (red) 53283045,no
WRE-RAT-RN17X21,PCS,Glory Ratchet Wrenches RN17 X 21,Glory Ratchet Wrenches RN17 X 21,no
X-FLO-MOC-N966AG,PCS,"16""X16 Floor Tiles N966AG","16""X16 Floor Tiles N966AG",no
X-LAD-D/S-DS09,UNIT,D/sided Ladder DS07,D/sided Ladder DS07,no
AER-DOU-WAT-FIL,UNIT,Aerico Double Water Filter,Aerico Double Water Filter,no
BROO-HOO-CLIP-5H4C,PCS,DL5 Sus 304 Broom Holder,DL5 Sus 304 Broom Holder,no
"CAR-PLI-BS-230218-8""",PCS,Bosi (BS-230218) Carpenter Plier 8,Bosi (BS-230218) Carpenter Plier 8,no
CHA-BLO-CHI-1.5TON-2.5M,PCS,China Chain Block X 2.5M,China Chain Block X 2.5M,no
CIMA-5867/L/24W,SET,L/ceiling Lamp 22W L/day Light (G2) 5867,L/ceiling Lamp 22W L/day Light (G2) 5867,no
CLI-ELE-CAB-10MM100'S,BOX,Cable Clip 10MM/100'S,Cable Clip 10MM/100'S,no
CUT-DIS-B07-F1GP-180,PCS,"7""-180CSA, General Purpose / F1GP","7""-180CSA, General Purpose / F1GP",no
DOR-H&S-BS115MM,DOZ,Rb Hasp & STAPLE-115MM,Rb Hasp & STAPLE-115MM,no
"FAS-SCR-TAP-PAN-8#3/4""",BOX,8 X3/4 Ph Self Tapping Screw-pan Head (20PCS/PCK) (BOX),8 X3/4 Ph Self Tapping Screw-pan Head (20PCS/PCK) (BOX),no
GUN-TRA-T50,PCS,Air Tracker - T50,Air Tracker - T50,no
HDPE-VAL-BAL-PP-COMP-20MM,PCS,20MM PP Compression Ballvalve,20MM PP Compression Ballvalve,no
HOS-CON-MEN-ECO4036,PCS,Ecogreen- Hose Mender / 3/4,Ecogreen- Hose Mender / 3/4,no
MAR-PAI-BLACK,PCS,Mungyo Paint Marker:black,Mungyo Paint Marker:black,no
SAF-COA-CLI-GREEN-08995,PCS,Clip On Elastic Vest-lemon Green,Clip On Elastic Vest-lemon Green,no
SAF-SPE-MK-SSE-919-BLK,PCS,Mr. Mark Patriot Safety Spectacle-black,Mr. Mark Patriot Safety Spectacle-black,no
SWI-SOC-ELE-E041B,PCS,Elegance 16A 4 GANG 1 Way-black (E041B),Elegance 16A 4 GANG 1 Way-black (E041B),no
TAP-WIR-3MSCTBLUE,PCS,3M Blue Gu Vinyl Elec Tape 150,3M Blue Gu Vinyl Elec Tape 150,no
TOO-FIL-BES-KY103,PCS,Bestul Handle File,Bestul Handle File,no
TOO-SHE-PURW822B,PCS,SS By-pass Pruners 200MM,SS By-pass Pruners 200MM,no
TOO-WRE-BELW0020B,PCS,"Belt Wrench 9""/225MM","Belt Wrench 9""/225MM",no
TOR-LIG-HEA-KX1805,PCS,KX1805 Head Light,KX1805 Head Light,no
TRIM-ZINC-YKA006,PCS,Zinc Alloy Trimmer Head,Zinc Alloy Trimmer Head,no
VAL-ANG-CVL-CA9001,PCS,Cavallo SS Angle Valve,Cavallo SS Angle Valve,no
X-AMBA-155,PCS,Aimer Recessed Paper Holder (155WX165HX70D),Aimer Recessed Paper Holder (155WX165HX70D),no
"BRA-SHE-YG782-12""",PAIR,White H/duty Shelf Bracket 12,White H/duty Shelf Bracket 12,no
"BRA-SHE-YG782-14""",PAIR,White H/duty Shelf Bracket 14,White H/duty Shelf Bracket 14,no
BROO-HOO-CLIP-LIAO-Z130006,PCS,Mop & Broom Holder (3HOLDER+4HOOKS) - Liao,Mop & Broom Holder (3HOLDER+4HOOKS) - Liao,no
CLI-ELE-CAB-SPR-25MM,PCK,Tc 25MM PVC Spring/u Clip (25PCS/PCK),Tc 25MM PVC Spring/u Clip (25PCS/PCK),no
COP-ROD-LOC-12MMX5FT,PCS,Local Copper Rod 12MM X 5FT,Local Copper Rod 12MM X 5FT,no
"CUT-PAR-AK350-12""",PCS,Parang Atap 12,Parang Atap 12,no
CUT-SCI-24052(S02),PCS,S02 8 1/2 Scissors W/rubber Handle,S02 8 1/2 Scissors W/rubber Handle,no
ELE-HOL-260ET-E27,PCS,Sl E27 Lamp Holder,Sl E27 Lamp Holder,no
FAS-RIV-PAT-5/32X3/4-PCK,PCK,Blind Rivet: Jaguar 5/32 X 3/4 (20PCS/PCK),Blind Rivet: Jaguar 5/32 X 3/4 (20PCS/PCK),no
"FAS-SCR-CSK-1"" X 8G - BOX",BOX,Sr Csk Tapping Screw 1 X 8G (1000PCS/BOX),Sr Csk Tapping Screw 1 X 8G (1000PCS/BOX),no
"FAS-SCR-DRY-BLA-6#1""BOX",BOX,Hunter/bk - Drywall Screw 6 X1,Hunter/bk - Drywall Screw 6 X1,no
GAR-SAW-XS9041,PCS,Asuma H/duty Pruning Saw,Asuma H/duty Pruning Saw,no
GAR-SPA-TYP-U,PCS,U Type Black Bali Spade,U Type Black Bali Spade,no
GUM-PVC-V-TECH-100GM,CAN,Pro-spec Selleys Ps PVC Pipe Adhesive Glue 100ML,Pro-spec Selleys Ps PVC Pipe Adhesive Glue 100ML,no
HHD-FLU-M0676-L110W-50MM,PCS,L110-W'TECHPLAS Flapper Outlet Valve,L110-W'TECHPLAS Flapper Outlet Valve,no
HOO-CAB-CB802-3,UNIT,Cabana Hook BAR (polish) CB802-3,Cabana Hook BAR (polish) CB802-3,no
"HOS-FLE-VIP-PP12""",PCS,PP-12 White Nylon Vip Flexible Tube,PP-12 White Nylon Vip Flexible Tube,no
"IND-CAS-H/DUTY-MCLFC-4""",PCS,4 DL5 H/duty Mcl Fixed Caster,4 DL5 H/duty Mcl Fixed Caster,no
KGR-COM-0.5KG,TIN,Kangaroo Brand 1/2 KG Bituminous Compound,Kangaroo Brand 1/2 KG Bituminous Compound,no
LAD-ALU-WOR-AP-2404,UNIT,Worker 04 Step Household Step Alum. Ladder,Worker 04 Step Household Step Alum. Ladder,no
LAS-MK-CON-9039,SET,Mr. Mark 05 Line Laser Level 360° Rotary Laser,Mr. Mark 05 Line Laser Level 360° Rotary Laser,no
LOC-VIR-4115,PCS,Viro 4115 Cp Armoured Padlock,Viro 4115 Cp Armoured Padlock,no
PAI-SPR-PMT-013,DOZ,Paint Master Spray Paint - No. 13 Fresh Green (DOZ),Paint Master Spray Paint - No. 13 Fresh Green (DOZ),no
PAI-SPR-PMT-025,DOZ,Paint Master Spray Paint - No. 25 Medium Yellow,Paint Master Spray Paint - No. 25 Medium Yellow,no
PAI-SPR-PMT-027,DOZ,Paint Master Spray Paint - No. 27 Leaf Green,Paint Master Spray Paint - No. 27 Leaf Green,no
PAI-SPR-PMT-041,DOZ,Paint Master Spray Paint - No. 41 Art Yellow,Paint Master Spray Paint - No. 41 Art Yellow,no
PAI-SPR-PMT-C671,DOZ,Paint Master Spray Paint - No. C671 Eng. Orange Yel,Paint Master Spray Paint - No. C671 Eng. Orange Yel,no
PAI-SPR-PMT-C672,DOZ,Paint Master Spray Paint - No. C672 Eng. Orange Red,Paint Master Spray Paint - No. C672 Eng. Orange Red,no
SAF-HEL-PRO-WHI,PCS,Progruard Safety Helmet - White,Progruard Safety Helmet - White,no
SAF-SHO-SUP-39#,PAIR,Supersonic Safety Shoes 39 (5 ),Supersonic Safety Shoes 39 (5 ),no
SAF-SHO-SUP-43#,PAIR,Supersonic Safety Shoes 43 (9 ),Supersonic Safety Shoes 43 (9 ),no
SAF-SHO-SUP-44#,PAIR,Supersonic Safety Shoes 44 (10 ),Supersonic Safety Shoes 44 (10 ),no
SAF-SPE-PIC-ST21-SMO,PCS,Picasaf Protective Eyewear-smoke ST21,Picasaf Protective Eyewear-smoke ST21,no
SHH-HOOK-EWDX4007,PKT,No. 7 (20'S) Eagle Wave Hook,No. 7 (20'S) Eagle Wave Hook,no
SWI-SOC-ELE-PTBK1000,PCS,1000MM Power Tracks (surface)-black (BK1000),1000MM Power Tracks (surface)-black (BK1000),no
SWI-SOC-ELE-PTGY1000,PCS,1000MM Power Tracks (surface)-grey (GY1000),1000MM Power Tracks (surface)-grey (GY1000),no
TOI-PAP-ROL-PVC-9102,PCS,Toilet Paper Roller,Toilet Paper Roller,no
"TOO-CLA-F-BLI-8""",PCS,Blimax Quick Release F CLAMP-8,Blimax Quick Release F CLAMP-8,no
TOO-CLA-GW473200,PCS,Heavy G-shape Clamp 8,Heavy G-shape Clamp 8,no
TOO-COM-W0305R-19*21MM,PCS,2 Open Wrench (19*21MM),2 Open Wrench (19*21MM),no
"TOO-NYL-PLU-COU-5/16""",PCS,Nylon Quick Coupler 5/16 Hose NSH-20,Nylon Quick Coupler 5/16 Hose NSH-20,no
AER-4MC8,PCS,Aerico 4MC8,Aerico 4MC8,no
CHA-BAT-MKX-BATTERY-15A-A,UNIT,Mark-x Battery Charger (15A-A)(15AMP),Mark-x Battery Charger (15A-A)(15AMP),no
CUT-DEW-DW4724,PCS,"Diamond Blade, Turbo","Diamond Blade, Turbo",no
CUT-DIS-MARK-12300-P024,PCS,Mr. Mark P24 Master Fibre Disc - Blk,Mr. Mark P24 Master Fibre Disc - Blk,no
DOR-KNO-CLEAR,PCK,Local PVC Cabinet Handle (2PCS/PCK),Local PVC Cabinet Handle (2PCS/PCK),no
DOR-PVC-OAK-M26-P,PCS,British Domain/link 31 X 82 PVC Folding Door,British Domain/link 31 X 82 PVC Folding Door,no
DOR-WOO-PLY,PCS,Plywood Door 33 3/4 X 83,Plywood Door 33 3/4 X 83,no
"FAS-RIV-PAT-3/16""X5/8""-BOX",BOX,Blind Rivet: Jaguar 3/16 X 5/8 (500PCS/BOX),Blind Rivet: Jaguar 3/16 X 5/8 (500PCS/BOX),no
"FAS-SCR-TAP-PAN-8#3/4""",PCK,8 X3/4 Ph Self Tapping Screw-pan Head (20PCS/PCK) (PCK),8 X3/4 Ph Self Tapping Screw-pan Head (20PCS/PCK) (PCK),no
GAS-STO-HEA-MQL100,PCS,100 Beehive Burner Head,100 Beehive Burner Head,no
GROUT-SEAL-703,CAN,Sikagard 703 Groutseal - 1LTR,Sikagard 703 Groutseal - 1LTR,no
HOS-FLE-DL5-FB50,PCS,DL5 50CM Flex. Extension Faucet (orange Tube),DL5 50CM Flex. Extension Faucet (orange Tube),no
HOS-FLE-LT8215-1.5M,PCS,Luxtec S/steel Flexsible Hose,Luxtec S/steel Flexsible Hose,no
MAR-PAI-YELLOW,PCS,Mungyo Paint Marker:yellow,Mungyo Paint Marker:yellow,no
NAIL-TUFTING-TN-7220,PCK,U Clip Tufting Nail 20MM X 7.3MM (10PCS/PCK),U Clip Tufting Nail 20MM X 7.3MM (10PCS/PCK),no
PAI-BRU-633-025MM,DOZ,Paint Brush 633 X 25MM,Paint Brush 633 X 25MM,no
REF-DELINEATOR-50M,SET,Picasaf PVC Delineator Reflective-red,Picasaf PVC Delineator Reflective-red,no
SAF-SHO-SUP-42#,PAIR,Supersonic Safety Shoes 42 (8 ),Supersonic Safety Shoes 42 (8 ),no
SHH-LINE-WHI-NO.300,PKT,(sf) Round White M. L. No. 300,(sf) Round White M. L. No. 300,no
TOO-TORX-W9913A,PCS,9PCS Long Arm Torx Key Set W9913A,9PCS Long Arm Torx Key Set W9913A,no
X-AER-WAT-FIL-S/S1044,UNIT,Aerico S/s 1044 Water Filter + S/s Head,Aerico S/s 1044 Water Filter + S/s Head,no
ARR-BAN-STE-APB1210,ROLL,Arrow Black Painted Band 12MM X 10M - Black,Arrow Black Painted Band 12MM X 10M - Black,no
BLI-HSS-HOL-SAW-20MM,PCS,Blimax Hss Hole SAW-20MM,Blimax Hss Hole SAW-20MM,no
BNW-B&N-RBN-225,PCK,Sr G. I Boit & Nut 1/4 X 2 1/2 (10PCS/PCK),Sr G. I Boit & Nut 1/4 X 2 1/2 (10PCS/PCK),no
CYL-LOC-EPO-CL011-AC,SET,Epo Cylindrical Lever Lock (CL011 Ac),Epo Cylindrical Lever Lock (CL011 Ac),no
DRI-MIX-HEX-PAI,PCS,Blimax Hex Paint Mud,Blimax Hex Paint Mud,no
"FAS-SCR-TAP-CSK-6#2-1/2""",PACK,"6 X2-1/2""CSK Self Tapping Screw-flat Head (10PCS/PCK)","6 X2-1/2""CSK Self Tapping Screw-flat Head (10PCS/PCK)",no
"FIT-YG228R-NIP-REC-3/8""X1/4""-B",PCS,"Brass Reduced Nipple 3/8""X1/4 YG228R","Brass Reduced Nipple 3/8""X1/4 YG228R",no
FIT-YG251-SOC-10MM-BRA,PCS,Y Brass Connector 10MM,Y Brass Connector 10MM,no
GAR-RAK-BLA-6T,PCS,6TEETH Framer Rake,6TEETH Framer Rake,no
GAR-SPR-G850,PCS,Water Sprayer 500CC,Water Sprayer 500CC,no
PAI-BRU-680-065MM,DOZ,Paint Brush 680 X 65MM,Paint Brush 680 X 65MM,no
ROP-PP-10MM,MTR,10MM P. P Rope,10MM P. P Rope,no
TOO-DRV-STA-3X100MM-9960651810,PCS,"Cushion Grip S/dr Std - (1/8""X4"")","Cushion Grip S/dr Std - (1/8""X4"")",no
TOO-WRE-SPAW0196,PCS,Spark Plug Wrench,Spark Plug Wrench,no
TOPLUS-GOLD-5L-A,CAN,5L Toplus Gold A Base,5L Toplus Gold A Base,no
CUT-PAR-COV-N18,PCS,N-18 18 Knife With Cover,N-18 18 Knife With Cover,no
DOR-BEA-ADG-911,PCS,Sn Armor Door Guard Ball Bearing,Sn Armor Door Guard Ball Bearing,no
DOR-ROL-CAT-RDL304,PCS,S/s Double Roller Catch (4PCS/PCK),S/s Double Roller Catch (4PCS/PCK),no
DRI-SAW-A68-10MM,PCS,Sawman A68 Multi Purpose Drill Bit 10MM,Sawman A68 Multi Purpose Drill Bit 10MM,no
"ELE-CAS-2""X3""",LGTH,M. Trunking 2 X 3 G24 0.4MM Orange Lanric,M. Trunking 2 X 3 G24 0.4MM Orange Lanric,no
ELE-SOL-TIN12MM250G,PCS,Japan Soldering Wire,Japan Soldering Wire,no
"FAS-SCR-TAP-CSK-6#3""",PACK,"6 X3""CSK Self Tapping Screw-flat Head (10PCS/PCK)","6 X3""CSK Self Tapping Screw-flat Head (10PCS/PCK)",no
GAR-SPR-20L-ALITOOL,PCS,Alitool Battery Sprayer,Alitool Battery Sprayer,no
HHD-VAL-FLO-BRA-CIT-12MM,PCS,City Moh Brass Float VALVE-1/2,City Moh Brass Float VALVE-1/2,no
HOS-FLE-VIP-PP08,PCS,PP-08 White Nylon Vip Flexible Tube,PP-08 White Nylon Vip Flexible Tube,no
LOC-BR-TZ6491BH,SET,Bh/et *jtc* Tubular Lever,Bh/et *jtc* Tubular Lever,no
MAR-CRA-RED,DOZ,Marking Crayon Red,Marking Crayon Red,no
MAR-CRA-YELLOW,DOZ,Marking Crayon Yellow,Marking Crayon Yellow,no
"PAI-ROL-SET-STA-7""",PCS,Paint Roller (7 With Acrylic Medium Refill),Paint Roller (7 With Acrylic Medium Refill),no
TOO-BOX-TYG-7710,SET,Toyogo Tool Box (L41XW23XH24CM),Toyogo Tool Box (L41XW23XH24CM),no
"TOO-DRV-BLI-IMP-6""(+)",PCS,"Blimax Impact Screw DRIVER-6""X6MM (+)","Blimax Impact Screw DRIVER-6""X6MM (+)",no
TOO-DRV-STA-6.5X250MM,PCS,"Cushion Grip S/dr Std - (1/4""X10"")","Cushion Grip S/dr Std - (1/4""X10"")",no
TOO-HAN-TW0019,PCS,1/2 Sliding T-bar,1/2 Sliding T-bar,no
"TOO-NYL-PLU-COU-3/8""",PCS,Nylon Quick Coupler 3/8 Hose NSH-30,Nylon Quick Coupler 3/8 Hose NSH-30,no
"TOO-SPA-BEN-1/2""",PCS,1/2 Iron Bender,1/2 Iron Bender,no
TOO-WRE-KEY-KTBAL12005,SET,King Top 9PCS-5 Ball Point Hex Key Wrench,King Top 9PCS-5 Ball Point Hex Key Wrench,no
AER-SIN-WAT-FIL,UNIT,Aerico Single Water Filter,Aerico Single Water Filter,no
AIR-MAD-GAU-160PSI,PCS,Mada Pressure,Mada Pressure,no
BNW-B&N-RBN-120-BOX,BOX,Sr G. I Boit & Nut 3/16 X 2 (B0X),Sr G. I Boit & Nut 3/16 X 2 (B0X),no
"BRA-SHE-YG782-16""",PAIR,White H/duty Shelf Bracket 16,White H/duty Shelf Bracket 16,no
CIMA-DL-L/SC61865S/18W/DL,SET,Senco 18W Glass LED Downlight - Square (daylight),Senco 18W Glass LED Downlight - Square (daylight),no
DOR-INS-KIT-120MM,PCS,120MM Bott Installation Kit,120MM Bott Installation Kit,no
ELE-D/L-HGD603-18W-6500K,PCS,Hms Downlite Hgd 603/18W 6500K,Hms Downlite Hgd 603/18W 6500K,no
"FAS-SCR-TAP-CSK-6#3""-BOX",BOX,"6 X3""CSK Self Tapping Screw-flat Head (500PCS/BOX)","6 X3""CSK Self Tapping Screw-flat Head (500PCS/BOX)",no
"FAS-SCR-TAP-CSK-8#2""",PACK,8 X2 Csk Self Tapping Screw-flat Head (10PCS/PCK),8 X2 Csk Self Tapping Screw-flat Head (10PCS/PCK),no
GAS-STO-RAC-BLA,PCS,Enamel Trivet Stove Rack,Enamel Trivet Stove Rack,no
HEX-BUL-POI-15083(P),PCS,Br 1022 Hex Bull Pointed,Br 1022 Hex Bull Pointed,no
MAR-PAI-WHITE,PCS,Mungyo Paint Marker:white,Mungyo Paint Marker:white,no
MEA-TAP-STA-30611L,PCS,3.5M/12 X 1/2 Rubber Grip Tape Ruler,3.5M/12 X 1/2 Rubber Grip Tape Ruler,no
PEN-ECO100-4KG-BLK,PAIL,Eco 100 Waterproof Blk,Eco 100 Waterproof Blk,no
RAI-BOO-KRK-B40M9000,PAIR,Korakoh Rain Shoes Blk - 7/40,Korakoh Rain Shoes Blk - 7/40,no
RAI-BOO-KRK-B43M9000,PAIR,Korakoh Rain Shoes Blk - 10/43,Korakoh Rain Shoes Blk - 10/43,no
SHE-CAB-CB505,UNIT,Cabana Glass Shelf CB505,Cabana Glass Shelf CB505,no
SWI-ADA-MS-R25,PCS,Morries Travel Adaptor With 2USB & 2 Type C,Morries Travel Adaptor With 2USB & 2 Type C,no
SWI-SOC-ELE-E0815B,PCS,Elegance 15A Round Pin Swi Soc Neon-blk (E0815B),Elegance 15A Round Pin Swi Soc Neon-blk (E0815B),no
TOPLUS-WEA-PLUS-5L-D,CAN,5L Toplus Weather Plus D Base,5L Toplus Weather Plus D Base,no
X-CAR-POLISH-PW,PCS,Pw Supercut Polish 4 IN 1,Pw Supercut Polish 4 IN 1,no
BAT-CHA-CHG-AA-4PCS,PCK,Ener Maxi Chgr 4AA,Ener Maxi Chgr 4AA,no
BLI-HSS-HOL-SAW-19MM,PCS,Blimax Hss Hole SAW-19MM,Blimax Hss Hole SAW-19MM,no
COC-BIB-LT8519-2WAY-K2B,PCS,Luxtec 2WAY Bib Tap,Luxtec 2WAY Bib Tap,no
DIS-DIA-BOS-100MM,PCS,Blimax Diamond Cup,Blimax Diamond Cup,no
DOR-CYL-ACL-2000/60MM,PCS,Ss/et Armor Cyl. Lock,Ss/et Armor Cyl. Lock,no
DOR-H&S-BS065MM,DOZ,Rb Hasp & STAPLE-65MM,Rb Hasp & STAPLE-65MM,no
ELE-ADA-EB2722,PCS,E27 To B22 Lamp Adaptor (black),E27 To B22 Lamp Adaptor (black),no
FAS-BOL-EXP-TRAC140-M10X110X60,PCS,M10 X 110 X 60 Brain Hook Expansion Bolt,M10 X 110 X 60 Brain Hook Expansion Bolt,no
"FAS-SCR-F/H-5/8"" X 8#",PCK,Sr F/h Self Drilling Screw 5/8 X 8 (20PCS/PCK),Sr F/h Self Drilling Screw 5/8 X 8 (20PCS/PCK),no
"FAS-SCR-TAP-CSK-6#1-1/2""",PACK,"6 X1-1/2""CSK Self Tap Screw-flat Head (20PCS/PCK)","6 X1-1/2""CSK Self Tap Screw-flat Head (20PCS/PCK)",no
HHD-DKI-FLO-VAL,PCS,Dki Isb Cistern Float,Dki Isb Cistern Float,no
HOS-CON-EG4027-40200009,PCS,Ecogreen-snap IN Dual Shut Off,Ecogreen-snap IN Dual Shut Off,no
HOS-GAS-ORA50,ROLL,Glogas Gas Hose Orange Red,Glogas Gas Hose Orange Red,no
IND-CAN-CANVAS,PCS,Kingsjaw Pyramid Canopy Canvas Only,Kingsjaw Pyramid Canopy Canvas Only,no
LOC-BR-TZ6491SN,SET,Sn/et *jtc* Tubular Lever Lock,Sn/et *jtc* Tubular Lever Lock,no
NAI-SQU-SUP-050MM-1KG,PCK,E. G Square Boat Nail 50MM - 1KGS,E. G Square Boat Nail 50MM - 1KGS,no
PUM-HAN-H/D-A80000,PCS,Arrow Heavy Duty Hand Pump,Arrow Heavy Duty Hand Pump,no
ROP-PE-04MM,KG,4MM P. E Rope,4MM P. E Rope,no
ROP-PP-04MM,KG,4MM P. P Rope,4MM P. P Rope,no
SHH-HOOK-1920SS6/0,PCK,No. 6/0 Eupro Fishing Hook (6'S),No. 6/0 Eupro Fishing Hook (6'S),no
SHO-PVC-ROSE-408#,SET,4 408 Cp PVC Shower Rose 8 Arm,4 408 Cp PVC Shower Rose 8 Arm,no
SWI-LAM-HOL-B218E27,PCS,E27 Hanging Holder Blk,E27 Hanging Holder Blk,no
WOO-FIG-JOI,PCS,Finger Joint 1 X 2 X 12,Finger Joint 1 X 2 X 12,no
X-CAR-WAX-MUL-CLE-A10,PCS,A10 Multi Clean - 500ML,A10 Multi Clean - 500ML,no
BAS-CAB-CKS330/331BK,UNIT,Cabana Basket - (400X260),Cabana Basket - (400X260),no
BLI-HSS-HOL-SAW-40MM,PCS,Blimax Hss Hole SAW-40MM,Blimax Hss Hole SAW-40MM,no
BNW-BOL-SS304-M10-25MM,PCS,SS 304 Bolt - M10 X 25MM,SS 304 Bolt - M10 X 25MM,no
CUT-DIS-KCW-350,PCS,Qs Cutting Wheel 14,Qs Cutting Wheel 14,no
CUT-ELE-EDM-4060,PCS,4 X 60 Gold Elephant Mop Disc,4 X 60 Gold Elephant Mop Disc,no
CUT-KNI-LC390,PCS,Tajima Utility Knife,Tajima Utility Knife,no
ELE-LED-SOL-EMGY-200W-3CLR,PCS,Solar Emergency,Solar Emergency,no
ELE-MUL-TES-UNI,SET,Uni-t UT33B+ Multi Meter Tester,Uni-t UT33B+ Multi Meter Tester,no
"FAS-SCR-DRY-WHI-6#3/4""-BOX",BOX,Hunter/wh - Drywall Screw 6 X3/4,Hunter/wh - Drywall Screw 6 X3/4,no
"FAS-SCR-F/H-1"" X 8#",PKT,Sr F/h Self Drilling Screw 1 X 8 (20PCS/PCK),Sr F/h Self Drilling Screw 1 X 8 (20PCS/PCK),no
"FAS-SCR-P/H-1 1/4"" X 8#",PCK,Sr P/h Self Drilling Screw 1 1/4 X 8 (20PCS/PCK),Sr P/h Self Drilling Screw 1 1/4 X 8 (20PCS/PCK),no
"FAS-SCR-TAP-CSK-8#1""-PCK",PACK,"8 X1""CSK Self Tapping Screw-flat Head (10PCS/PCK)","8 X1""CSK Self Tapping Screw-flat Head (10PCS/PCK)",no
FIR-EXT-CO2-2KG,NOS,2KG CO2 Fire Extinguisher,2KG CO2 Fire Extinguisher,no
HOS-FLE-VIP-PP20,PCS,PP-20 White Nylon Vip Flexible Tube,PP-20 White Nylon Vip Flexible Tube,no
HOS-SPA-DIS-C337-N,CARD,C337 Cartridge Spare Disc,C337 Cartridge Spare Disc,no
IND-CAS-SCR-10MM,PCK,2 Screw (4PCS/PCK) CASTER-10MM,2 Screw (4PCS/PCK) CASTER-10MM,no
IND-SCP-FR9788-1-1/2,DOZ,1-1/2 Faris W Handle Finishing Scraper,1-1/2 Faris W Handle Finishing Scraper,no
IND-SCP-FR9788-2,PCS,2 Faris W Handle Finishing Scraper,2 Faris W Handle Finishing Scraper,no
KGR-PAI-ROA-LIN-3104,TIN,5L Kangaroo Road Line Marking Paint-yel,5L Kangaroo Road Line Marking Paint-yel,no
LOC-PAD-ROL-50MM,PCS,50MM Rolinson Padlock,50MM Rolinson Padlock,no
PVC-BID-HAND-2278A,PCS,2278A PVC Bidet Handle Only,2278A PVC Bidet Handle Only,no
PYE-SLA-SEAL-5.0LTR,TIN,PYE Slate Seal 5.0LTR,PYE Slate Seal 5.0LTR,no
ROO-ZIN-SHE-08'X35G,PCS,Corrugated Steel Zinc 8 X 35G,Corrugated Steel Zinc 8 X 35G,no
SAF-SHO-NK80-07,PAIR,Neuking NK80 Black 07,Neuking NK80 Black 07,no
SWI-SOC-ULT-M041MG,PCS,Ultra 16A 4 GANG 1 Way-matte Grey (M041MG),Ultra 16A 4 GANG 1 Way-matte Grey (M041MG),no
"TAP-SIN-BOL-PVC-1-1/4""+1-1/2""",PCS,"Otosani 1-1/4""+1-1/2 2IN1 PVC Flexible Bottle Trap (anti-odor)","Otosani 1-1/4""+1-1/2 2IN1 PVC Flexible Bottle Trap (anti-odor)",no
TAR-ROL-TAR-B/W/DB-MTR,ROLL,70 X 6 X 50 Yard B/w/db Tarpaulin,70 X 6 X 50 Yard B/w/db Tarpaulin,no
"TOO-FIL-WOO-8""",PCS,D'xin (DX-FH-6908) Taper Head Wood Rasp 8,D'xin (DX-FH-6908) Taper Head Wood Rasp 8,no
BURR-CAR-T.C.T-AX1225,PCS,Blimax Carbide BURR-AX1225,Blimax Carbide BURR-AX1225,no
CON-LVR-FR3001,PCS,Control Lever Complete (FR3001),Control Lever Complete (FR3001),no
CR-1220/5BE,PCS,CR-1220/5B Lithium 3V,CR-1220/5B Lithium 3V,no
CUT-KNI-HOL-JM-81,PCS,Jayamata Knives Black Finish,Jayamata Knives Black Finish,no
"CUT-KNI-JYMT-JM90-16""",PCS,JM90-16 J/mata Atap Knife,JM90-16 J/mata Atap Knife,no
CUT-SAW-WAL-BOA-W2669,PCS,Wall Board Saw,Wall Board Saw,no
ELE-D/L-MGM-MQTL2048-6500K,PCS,Mgm 2 1/2 7W Eye Ball Dl,Mgm 2 1/2 7W Eye Ball Dl,no
ELE-LED-FLO-SOR-100W,UNIT,Ilite Solar Street,Ilite Solar Street,no
ELE-LED-SOL-YB-K7672-60W,SET,Marviss 60W Outdoor Sensor Solar Light (K7672),Marviss 60W Outdoor Sensor Solar Light (K7672),no
"FAS-SCR-P/H-5/8"" X 8#",PCK,Sr P/h Self Drilling Screw 5/8 X 8 (20PCS/PCK),Sr P/h Self Drilling Screw 5/8 X 8 (20PCS/PCK),no
FLO-PVC-484-09,ROLL,PVC Flooring No. 338-02,PVC Flooring No. 338-02,no
GAR-HOE-FOR-STE-3LBS,PCS,3LBS 105 Forged Steel Fork Hoe,3LBS 105 Forged Steel Fork Hoe,no
GAR-RAK-BLA-4T,PCS,4TEETH Framer Rake,4TEETH Framer Rake,no
GRA-CUT-BRU-4140306001,PAIR,Brush Pair,Brush Pair,no
GRA-CUT-STC1820EPCF,UNIT,Black+decker Power Command 18V,Black+decker Power Command 18V,no
HOS-CLE-00830,MTR,8MM X 30M Clear Hose (MTR),8MM X 30M Clear Hose (MTR),no
IND-DUS-ALI-240L,UNIT,Aliclean HDPE Dustbin 240LTR,Aliclean HDPE Dustbin 240LTR,no
INS-IS8503(P),NOS,Pedestal IS8503(P),Pedestal IS8503(P),no
KGR-OXI-WOO-5L,TIN,5L 806 Dark Brown Wood Preser Vative (stove Brand),5L 806 Dark Brown Wood Preser Vative (stove Brand),no
LI-HEA-HX816,PCS,HX816 Head Light,HX816 Head Light,no
SWI-LAM-HOL-W218E27,PCS,E27 Hanging Holder Wh,E27 Hanging Holder Wh,no
SWI-SOC-ELE-PTGY800,PCS,800MM Power Tracks (surface)-grey (GY800),800MM Power Tracks (surface)-grey (GY800),no
TAP-CAB-CB6331,UNIT,Cabana S/steel Drinking Tap,Cabana S/steel Drinking Tap,no
TAP-PRE-TB-2016Q,PCS,Premio: Wall Bib Tap,Premio: Wall Bib Tap,no
"TOO-DRV-STA-PH1-3/16""X6""",PCS,"Cushion Grip S/dr PHILIPS-3/16""X6""X1PT ( 1X150MM)","Cushion Grip S/dr PHILIPS-3/16""X6""X1PT ( 1X150MM)",no
TOO-PLI-CIR-WHS200,PCS,Intl Plier Straight 200MM,Intl Plier Straight 200MM,no
TOO-WRE-PIP-W200C,PCS,Heavy Pipe Wrench (200MM),Heavy Pipe Wrench (200MM),no
X-FLO-MOC-N813D,PCS,"16""X16 Floor Tiles N813D","16""X16 Floor Tiles N813D",no
"BRA-SHE-S/S-G785-12""",SET,G785 304 H/duty Shelf Bracket 12,G785 304 H/duty Shelf Bracket 12,no
CHA-SAW-IETO-HD1012,SET,Ieto Electric Chain Saw Stand HD1012,Ieto Electric Chain Saw Stand HD1012,no
DUS-PAN-1993,PCS,Dustpan + Wooden Handle,Dustpan + Wooden Handle,no
ELE-D/L-HOME-HGD604-18W-6500K,PCS,Hms Downlite Hgd 604/18W 6500K,Hms Downlite Hgd 604/18W 6500K,no
"FAS-RIV-PAT-1/8""X5/16""-BOX",BOX,Blind Rivet: Jaguar 1/8 X 5/16 (1000PCS/BOX),Blind Rivet: Jaguar 1/8 X 5/16 (1000PCS/BOX),no
FAS-RIV-PAT-5/32X5/8-BOX,BOX,Blind Rivet: Jaguar 5/32 X 5/8 (500PCS/BOX),Blind Rivet: Jaguar 5/32 X 5/8 (500PCS/BOX),no
FLO-MOC-SC33016F,PCS,SC33016F Homo 300X300MM,SC33016F Homo 300X300MM,no
"IND-CAS-H/DUTY-MCLFC-6""",PCS,6 DL5 H/duty Mcl Fixed Caster,6 DL5 H/duty Mcl Fixed Caster,no
JQB-JUMP-XPRESS-BASIC,UNIT,Jqb Jump Starter Jumpxpress Basic,Jqb Jump Starter Jumpxpress Basic,no
MEA-TAP-SUN-5.0M,PCS,Sunlon M. Tape 5.0M/16,Sunlon M. Tape 5.0M/16,no
PAI-TIG-75MLALU*,PCS,75ML Tiger Aluminium,75ML Tiger Aluminium,no
PEN-TES-BLM452,PCS,Blimax Test PEN-BLM452,Blimax Test PEN-BLM452,no
SAF-SHO-NK80-06,PAIR,Neuking NK80 Black 06,Neuking NK80 Black 06,no
SAF-SHO-SOB-09#,PAIR,Sobar P800 Safety Shoes 9,Sobar P800 Safety Shoes 9,no
"SANDEX-VEL-PAD-M10-5""",PCS,"Sandex 5 Velcro Backing PAD,M10","Sandex 5 Velcro Backing PAD,M10",no
SHH-MASK-YD18-JAPAN,PCS,Swim Mask (japan),Swim Mask (japan),no
SHO-HAN-HDLE-7013,PC,Hand Shower Handle Only 7013,Hand Shower Handle Only 7013,no
SWI-SOC-MK-S2893,PCS,Mk Whi Sp 15A Switch Socket - Slimline Plus,Mk Whi Sp 15A Switch Socket - Slimline Plus,no
SWI-SOC-ULT-M0815MG,PCS,Ultra 15A Round Pin Swi Soc Neon-mat Grey (M0815MG),Ultra 15A Round Pin Swi Soc Neon-mat Grey (M0815MG),no
"TOO-CLA-F-BLI-6""",PCS,Blimax Quick Release F CLAMP-6,Blimax Quick Release F CLAMP-6,no
TOO-COM-W0305K-13*15MM,PCS,2 Open Wrench (13*15MM),2 Open Wrench (13*15MM),no
TOO-FIL-BCC-4.8200MM,PCS,Bahco Chain Saw File 168-8-4.8-3P 3/161IN (PCS),Bahco Chain Saw File 168-8-4.8-3P 3/161IN (PCS),no
TOO-GUN-GLU-STA-996069GR10B,PCS,Mini Hot Melt Glue Gun- Round Pin,Mini Hot Melt Glue Gun- Round Pin,no
TOO-WRE-KEY-ATHM-6,PCS,Arrow T Flat Hex Key (metric) With Plastic Handle - 6MM,Arrow T Flat Hex Key (metric) With Plastic Handle - 6MM,no
TOPLUS-WEA-PLUS-5L-C,CAN,5L Toplus Weather Plus C Base,5L Toplus Weather Plus C Base,no
WAL-DOW-NF-1801/10OP,PCS,10 Outdoor Gate Lamp (globe Shape),10 Outdoor Gate Lamp (globe Shape),no
WEL-ELE-J38.12-4.0MM,PCK,Welding Electrode X 4.0MM,Welding Electrode X 4.0MM,no
X-LEO-SUS304-ABL-L103S,PCS,Leon Sus 304 Ablution,Leon Sus 304 Ablution,no
X-LOC-SOL-CR503,SET,Solex Key Alike Padlock,Solex Key Alike Padlock,no
BAT-TOS-AA,BOX,Toshiba Battery Aa (4PCS/PCK),Toshiba Battery Aa (4PCS/PCK),no
BOA-GYP-9MMX4'X8',PCS,4 X 8 X 9MM Boral Gypsum Board,4 X 8 X 9MM Boral Gypsum Board,no
CEI-COR-314D,NOS,314D Cornice Corners,314D Cornice Corners,no
COC-BAL-2WAY-05417,PCS,Bc 14 2WAY Ball Cock,Bc 14 2WAY Ball Cock,no
COC-BAL-L908,PCS,Leon 1/2 Lockable Ballcock- L908,Leon 1/2 Lockable Ballcock- L908,no
DOR-LAT-B4SS,DOZ,Leon S/steel Door LATCH-4,Leon S/steel Door LATCH-4,no
DOR-LOC-CYL-02070,SET,586 AC Czs Cylindrical Door Lock,586 AC Czs Cylindrical Door Lock,no
"FAS-SCR-CSK-1"" X 6G-PCK",PCK,Sr Csk Tapping Screw 1 X 6G (20PCS/PCK),Sr Csk Tapping Screw 1 X 6G (20PCS/PCK),no
FIT-HDPE-BEN-ELB-25MM,PCS,HDPE Bend (elbow) 25MM,HDPE Bend (elbow) 25MM,no
GUN-T-9000,PCS,Ceiling Tufting Gun Big,Ceiling Tufting Gun Big,no
HAN-BLI-STE-400MMX32MM,SET,Bliton Steel Pull Handle 400MMX32MM,Bliton Steel Pull Handle 400MMX32MM,no
HOS-GAR-MMAN-1446#-20M,ROLL,M'man Garden Hose 1446 5/8 X 20M,M'man Garden Hose 1446 5/8 X 20M,no
IND-IRON-HIN-2.0,PCS,2.0 Iron Welding Hinger Pin,2.0 Iron Welding Hinger Pin,no
PAI-BRU-633-038MM,DOZ,Paint Brush 633 X 38MM,Paint Brush 633 X 38MM,no
RAI-BOO-KRK-B41M9000,PAIR,Korakoh Rain Shoes Blk - 8/41,Korakoh Rain Shoes Blk - 8/41,no
SAF-LAS-CAR-2515FT,PCS,Ratchet Tie Down,Ratchet Tie Down,no
SAF-SHO-NK80-09,PAIR,Neuking NK80 Black 09,Neuking NK80 Black 09,no
SHE-CAB-CB501A,UNIT,Cabana Glass Shelf CB501A,Cabana Glass Shelf CB501A,no
SHH-FROG-STFM-55MM,PCS,Huangxin/huizhu Frog W/spiner 3.0CM,Huangxin/huizhu Frog W/spiner 3.0CM,no
SIN-NOZ-R007,PCS,R007 WN03 Sink Tap Nozzle,R007 WN03 Sink Tap Nozzle,no
TOO-DRV-ASD63-,PCS,6 X 3MM (-) Arrow High Grip Screwdriver,6 X 3MM (-) Arrow High Grip Screwdriver,no
TOO-DRV-STA-6.5X150MM-9960651930,PCS,"Cushion Grip S/dr Std - (1/4""X6"")","Cushion Grip S/dr Std - (1/4""X6"")",no
TOR-ENE-LED-2DW,PCK,Evr Opp LED 2D W Batt,Evr Opp LED 2D W Batt,no
VAL-ANG-CVL-CA9008,PCS,Cavallo Angle Valve CA9008 304SS 2-WAY,Cavallo Angle Valve CA9008 304SS 2-WAY,no
VAL-ANG-CVL-CA9009,PCS,Cavallo 304 SS Angle Valve,Cavallo 304 SS Angle Valve,no
BNW-BOL-SS304-M12-40MM,PCS,SS 304 Bolt - M12 X 40MM,SS 304 Bolt - M12 X 40MM,no
DC-MCB303,SET,Carbon Brush DC-MCB303,Carbon Brush DC-MCB303,no
"FAS-SCR-F/H-3/4"" X 8#",PCK,Sr F/h Self Drilling Screw 3/4 X 8 (20PCS/PCK),Sr F/h Self Drilling Screw 3/4 X 8 (20PCS/PCK),no
"FAS-SCR-P/H-3/4"" X 8#-BOX",BOX,Sr P/h Self Drilling Screw 3/4 X 8 (1000PCS/BOX),Sr P/h Self Drilling Screw 3/4 X 8 (1000PCS/BOX),no
FAS-SCR-TECH-METAL-65MM-PCK,PCK,Techscrew-metal Screw X 65MM (50PCS/PCK),Techscrew-metal Screw X 65MM (50PCS/PCK),no
FIR-EXT-EVE-9KG,PCS,Eversafe Abc Fire Extinguisher 9KGS,Eversafe Abc Fire Extinguisher 9KGS,no
HOS-FLE-DL5-FB30,PCS,DL5 30CM Flex. Extension Faucet (orange Tube),DL5 30CM Flex. Extension Faucet (orange Tube),no
"HOS-FLE-VIP-PP36""",PCS,PP-36 White Nylon Vip Flexible Tube,PP-36 White Nylon Vip Flexible Tube,no
"IND-BRA-ANGLE-4""X2""X2""X1.60MM",PCS,Bracket Angle 4 X 2 X 2 X 1.60MM,Bracket Angle 4 X 2 X 2 X 1.60MM,no
LOC-COL-ZK504,SET,Safety Chrome Plated Padlock ZK-504,Safety Chrome Plated Padlock ZK-504,no
LOC-PAD-ROL-40MM,PCS,40MM Rolinson Padlock,40MM Rolinson Padlock,no
MAR-PAI-BLUE,PCS,Mungyo Paint Marker:blue,Mungyo Paint Marker:blue,no
"PAI-BRU-NIP-7""",PCS,7 Cage Roller Handle + Polyester Refill,7 Cage Roller Handle + Polyester Refill,no
PYE-FLE-SEAL-1.0KG-GREY,TIN,PYE Flexible Seal 1.0KG (grey),PYE Flexible Seal 1.0KG (grey),no
PYE-SLA-SEAL-1.0LTR,TIN,PYE Slate Seal 1.0LTR,PYE Slate Seal 1.0LTR,no
SHE-CAB-CB451A,UNIT,Cabana S/steel Shelf (satin) 350 X 130 X 75MM,Cabana S/steel Shelf (satin) 350 X 130 X 75MM,no
SHH-HOO-4206-NO.1,PKT,4206 No. 1 Galah Hook (20'S),4206 No. 1 Galah Hook (20'S),no
SHH-SINKER-NO.4,PCK,Single Head Sinker No. 4 (2PCS/PCK),Single Head Sinker No. 4 (2PCS/PCK),no
STO-MOU-W242-50X25,PCS,Mounted Stone:k-prix Korea W242 (50X25),Mounted Stone:k-prix Korea W242 (50X25),no
SWI-SOC-MK-NEO-S4787,PCS,Mk 20A Dp Switch W Neon Wide Rocker Socket,Mk 20A Dp Switch W Neon Wide Rocker Socket,no
SWI-SOC-ULT-M20AMG,PCS,Ultra 20A Dou Pole Swi Neon-mat Grey (M20AMG),Ultra 20A Dou Pole Swi Neon-mat Grey (M20AMG),no
TAP-CAB-CB1520SS,PCS,Cab S/s Pillar Mounted Kitchen Tap,Cab S/s Pillar Mounted Kitchen Tap,no
TOO-SCR-EXTW0611,SET,5PCS Screw Extractor,5PCS Screw Extractor,no
TOO-WRE-L-W0023C,PCS,L Type Wrench Crow BAR (21MM),L Type Wrench Crow BAR (21MM),no
WEL-MAC-MIG-MINI-200A,UNIT,Fighter Inverter MIG Machine 200A,Fighter Inverter MIG Machine 200A,no
WEL-TOR-YAM-WEL,PCS,Yamato Welding Torch,Yamato Welding Torch,no
BRA-S/S-L-85383,PCS,Stainless Steel L Bracket 85383-85X85,Stainless Steel L Bracket 85383-85X85,no
CLI-ELE-CAB-05MM100S,BOX,Cable Clip 5MM/100'S (bd),Cable Clip 5MM/100'S (bd),no
CLI-ELE-CAB-09MM100'S,BOX,Cable Clip 9MM/100'S,Cable Clip 9MM/100'S,no
ELE-ADA-MS-PT13,PCS,"Morries Travel Adaptor For Uk,hk,sg& M'sia","Morries Travel Adaptor For Uk,hk,sg& M'sia",no
ELE-HOL-293-B22,PCS,Bm B22 Wedge Holder-black (ovl),Bm B22 Wedge Holder-black (ovl),no
"FAS-RIV-PAT-1/8""X3/4""-PCK",PCK,Blind Rivet: Jaguar 1/8 X 3/4 (20PCS/PCK),Blind Rivet: Jaguar 1/8 X 3/4 (20PCS/PCK),no
FIR-EXT-ABC-2KG,NOS,2KG Abc Fire Extinguisher,2KG Abc Fire Extinguisher,no
GAS-REG-BTY182-CB,SET,Butterfly LPG Regulator 1.5M Blk Hose,Butterfly LPG Regulator 1.5M Blk Hose,no
GAS-STO-ALU-ROU,SET,Alum Round Gas Stand (m'sia),Alum Round Gas Stand (m'sia),no
GRA-CUT-A6046,PCS,"Nylon Line 37.5M, Black + Decker","Nylon Line 37.5M, Black + Decker",no
HOS-COU-BR-12MM,PCS,Br Hose Coupling 12MM,Br Hose Coupling 12MM,no
LOC-HD-SHE-60MM,PCS,60MM Shenling Heavy Duty Lock,60MM Shenling Heavy Duty Lock,no
OIL-CAN-2L,PCS,Oil Can 2L,Oil Can 2L,no
PAI-SPR-PMT-037,CAN,Paint Master Spray Paint - No. 37 Forest Green,Paint Master Spray Paint - No. 37 Forest Green,no
"PIP-UPVC-5255-1.1/2""",MTR,"1 1/2""(40MM) X 6M Upvc Pipe","1 1/2""(40MM) X 6M Upvc Pipe",no
"SHH-NET-0.20D-1""",PCS,1 6'/100 Complete Set Net,1 6'/100 Complete Set Net,no
SWI-SOC-ELE-E20AB,PCS,Elegance 20A Double Pole Swi Neon-blk (E20AB),Elegance 20A Double Pole Swi Neon-blk (E20AB),no
TOO-COM-IRO-BUL-27MM,PCS,27MM Iron Bull Spanner,27MM Iron Bull Spanner,no
TOO-COM-IRO-BUL-32MM,PCS,32MM Iron Bull Spanner,32MM Iron Bull Spanner,no
TOO-COM-W0305G-10*12MM,PCS,2 Open Wrench (10*12MM),2 Open Wrench (10*12MM),no
WEL-MAC-KEN-MMA160A,UNIT,Kende Inverter Welding Machine 160A,Kende Inverter Welding Machine 160A,no
WOO-PLY-12MM-WTR,PCS,Plywood Waterproof 12MM X 4 X 8,Plywood Waterproof 12MM X 4 X 8,no
X-FLO-MOC-M66065-QC184,PCS,600MM X 600MM Polished Tiles (nano) M66065,600MM X 600MM Polished Tiles (nano) M66065,no
ABR-PAP-621-531,SHT,G150 Ewd Hand Sanding Sheet,G150 Ewd Hand Sanding Sheet,no
BNW-B&N-RBN-115-BOX,BOX,Sr G. I Boit & Nut 3/16 X 1 1/2 (box),Sr G. I Boit & Nut 3/16 X 1 1/2 (box),no
BNW-B&N-RBN-215,PCK,Sr G. I Boit & Nut 1/4 X 1 1/2 (5PCS/PCK),Sr G. I Boit & Nut 1/4 X 1 1/2 (5PCS/PCK),no
BNW-BOL-SS304-M12-30MM,PCS,SS 304 Bolt - M12 X 30MM,SS 304 Bolt - M12 X 30MM,no
COC-STO-C012,PCS,Brass Stop Cock - C012 12MM,Brass Stop Cock - C012 12MM,no
DOR-WOO-FRA-2X4,SET,Door Frame 2 X 4 X 34 X 84,Door Frame 2 X 4 X 34 X 84,no
FAS-BOL-EXP-TRAC150-M12-140-80,PCS,M12 X 140 X 80 Brain Hook Expansion Bolt,M12 X 140 X 80 Brain Hook Expansion Bolt,no
"FAS-RIV-PAT-3/16""X3/8""-BOX",BOX,Blind Rivet: Jaguar 3/16 X 3/8 (500PCS/BOX),Blind Rivet: Jaguar 3/16 X 3/8 (500PCS/BOX),no
"FAS-SCR-DRY-BLA-6#1-1/4""BOX",BOX,Moon Arrow/bk - Drywall Screw 6,Moon Arrow/bk - Drywall Screw 6,no
"FAS-SCR-P/H-1 1/2"" X 8#",PCK,Sr P/h Self Drilling Screw 1 1/2 X 8 (20PCS/PCK),Sr P/h Self Drilling Screw 1 1/2 X 8 (20PCS/PCK),no
"FAS-SCR-P/H-5/8"" X 8#-BOX",BOX,Sr P/h Self Drilling Screw 5/8 X 8 (1000PCS/BOX),Sr P/h Self Drilling Screw 5/8 X 8 (1000PCS/BOX),no
FIT-YG251-SOC-08MM-BRA,PCS,Y Brass Connector 8MM,Y Brass Connector 8MM,no
FIT-YG251A-SOC-10MM-BRA,PCS,T Brass Connector 10MM,T Brass Connector 10MM,no
IND-COA-SKI-WHI-PCK,PCK,1KG Scp Skim Top Coat White (OC-2),1KG Scp Skim Top Coat White (OC-2),no
IND-DUS-SCH-120L,UNIT,Schaefer Waste Container (green) 120L,Schaefer Waste Container (green) 120L,no
IND-PAI-CEMENT-BIG,PCS,Cement Pail Yellow With Plastic Handle (big),Cement Pail Yellow With Plastic Handle (big),no
KGR-FLO-COA-9283,TIN,Kangaroo Floor Coat 9283 - Tropical Green,Kangaroo Floor Coat 9283 - Tropical Green,no
"PAI-ROL-SET-1688-7""",SET,M'man 7 Paint Roller Set - 1688,M'man 7 Paint Roller Set - 1688,no
SHH-HOOK-9255SS-2/0,PKT,Eupro Octopus S/s Hook 2/0 (11'S),Eupro Octopus S/s Hook 2/0 (11'S),no
SWI-SH387-6MM,PCS,S/s Swivels 6MM (double Eyes),S/s Swivels 6MM (double Eyes),no
TAP-CAB-CB889SS-BL,PCS,Cab Pillar Mounted Kit Tap (pull Out-blk),Cab Pillar Mounted Kit Tap (pull Out-blk),no
TOO-NIE-TAM-T27,PCS,Nietz E/long Tamper Tx-star Wrench (red) 53283027,Nietz E/long Tamper Tx-star Wrench (red) 53283027,no
TOO-PLI-CIRWHB175,PCS,Intl Plier Bent Hose 175MM,Intl Plier Bent Hose 175MM,no
TOO-WRE-DOU-1213,PCS,Double Flexible Socket Wrench 12 X 13MM,Double Flexible Socket Wrench 12 X 13MM,no
X-ELE-OSR-23W,PCS,Osram 3U 23W E27,Osram 3U 23W E27,no
X-FLO-MOC-M66002-QC501AB,PCS,600MM X 600MM Polished Tiles (nano) M66002,600MM X 600MM Polished Tiles (nano) M66002,no
ABR-PAP-621-541,SHT,Ewd Hand Sanding Sheet G1200,Ewd Hand Sanding Sheet G1200,no
BLI-HSS-HOL-SAW-34MM,PCS,Blimax Hss Hole SAW-34MM,Blimax Hss Hole SAW-34MM,no
BNW-B&N-RBN-210-BOX,BOX,Sr G. I Boit & Nut 1/4 X 1 (box),Sr G. I Boit & Nut 1/4 X 1 (box),no
CUT-GRA-SHE-JM817,PCS,Jayamata Grass Shears Red/black Handle,Jayamata Grass Shears Red/black Handle,no
"CUT-KNI-JYMT-JM90-12""",PCS,Jayamata Parang Knife Atap 12,Jayamata Parang Knife Atap 12,no
DOR-BOL-RAI-100M,DOZ,Rb Pad BOLT-4,Rb Pad BOLT-4,no
DOR-HOL-822,PCS,Leon S/steel Magnetic Door HOLDER-822,Leon S/steel Magnetic Door HOLDER-822,no
"FAS-SCR-DRY-WHI-6#1.1/2""BOX",BOX,Hunter/wh - Drywall Screw 6 X1-1/2,Hunter/wh - Drywall Screw 6 X1-1/2,no
"FAS-SCR-TAP-CSK-6#2""",PACK,6 X2 Csk Self Tapping Screw-flat Head (10PCS/PCK),6 X2 Csk Self Tapping Screw-flat Head (10PCS/PCK),no
GAR-SPR-YEW-16L,PCS,16 LTR Yellow Sprayer (plantmate),16 LTR Yellow Sprayer (plantmate),no
GAS-REG-BTY 16/17A,PCS,Hpg Regulator (horizontal-type),Hpg Regulator (horizontal-type),no
GLO-HAN-PVC-DOTS,PAIR,Cotton Glove W/side PVC Dots (PAIR),Cotton Glove W/side PVC Dots (PAIR),no
HOS-GAR-SET-114253,SET,Eagle - Stackable Hose Reel Set Hose: 6150,Eagle - Stackable Hose Reel Set Hose: 6150,no
IND-CAS-SCR-08MM,PCK,2 Screw (4PCS/PCK) CASTER-8MM,2 Screw (4PCS/PCK) CASTER-8MM,no
IND-FIL-1.0KG,ROLL,Stretch Film 1.0KG X 23 Micron X 500MM,Stretch Film 1.0KG X 23 Micron X 500MM,no
IND-NET-FIB-4'X25M-FTS,ROLL,Fiberglass Netting 4,Fiberglass Netting 4,no
IND-TRU-PVC-150P,PCS,150P PVC Flat-bed Trailer,150P PVC Flat-bed Trailer,no
JAC-STA-CNN-6TON,PAIR,China Jack Stand - 6TON,China Jack Stand - 6TON,no
MAR-CRA-WHITE,DOZ,Marking Crayon White,Marking Crayon White,no
MEA-TAP-SENSUI-JBM040-25FT,PCS,25FT Sensui Chrome Measuring Tape (S9),25FT Sensui Chrome Measuring Tape (S9),no
NAI-SQU-SUP-100MM-1KGS,PKG,E. G Square Boat Nail 100MM 1KGS,E. G Square Boat Nail 100MM 1KGS,no
SAF-SLI-GLO-3TON8M,LGTH,Webbing Sling (glolift) 75MM 3 Ton X 8M,Webbing Sling (glolift) 75MM 3 Ton X 8M,no
SHH-HIN-LUR-101-125MM,PCS,3.2 80MM 5G Eupro K2 Lure (6'S) (mix Clr),3.2 80MM 5G Eupro K2 Lure (6'S) (mix Clr),no
SHH-HOO-4206-NO.2,PKT,4206 No. 2 Galah Hook (20'S),4206 No. 2 Galah Hook (20'S),no
SHO-HAN-SET-07133,SET,Ess 408 Shower Set 07133,Ess 408 Shower Set 07133,no
SWI-SOC-ELE-E011B,PCS,Elegance 16A 1 GANG 1 Way-black (E011B),Elegance 16A 1 GANG 1 Way-black (E011B),no
TAP-CAB-CB1547SS-RG,PCS,Cabana 304 S/steel Pillar Mounted Kitchen Tap,Cabana 304 S/steel Pillar Mounted Kitchen Tap,no
TOO-BOX-PVC-8001,PCS,15IN Tool Box,15IN Tool Box,no
TOO-RUL-CAL-200,PCS,Vernier CALIPER-8,Vernier CALIPER-8,no
TOO-VIC-W2485,PCS,Heavy Hinged Pipe Vise 5,Heavy Hinged Pipe Vise 5,no
TOO-WRE-CHAW0021B,PCS,"Chain Wrench 9""/225MM","Chain Wrench 9""/225MM",no
VAL-BAL-VIP-343-18MM,PCS,Full Bore Ball VALVE:PN25 343 3/4,Full Bore Ball VALVE:PN25 343 3/4,no
VAL-CAB-CSK14B,UNIT,Cabana Stop Valve 1,Cabana Stop Valve 1,no
X-HOO-CAB-CB8006-5,UNIT,Cabana 5 Robe Hook (satin),Cabana 5 Robe Hook (satin),no
AER-6U6,PCS,Aerico 6U6,Aerico 6U6,no
BAT-ENE-MINI-A27,PCK,Energizer Mini Al A27 BP1,Energizer Mini Al A27 BP1,no
BOS-2608-690-122,PCS,Sds + Pencil Flat Chisel,Sds + Pencil Flat Chisel,no
BRO-FLO-NYL-6665B,PCS,6665 B Nylon Broom With Handle,6665 B Nylon Broom With Handle,no
"BRO-HAN-7/8"" X 72",PCS,7/8 X 6 Broom Handle,7/8 X 6 Broom Handle,no
"CLI-HOS-GP-2.3/4""",PCS,Gp S/steel Hose CLIP-2.3/4 (44-67MM),Gp S/steel Hose CLIP-2.3/4 (44-67MM),no
DOR-HIN-KTSS3IN1,SET,4 King Top 3 IN 1 S/steel Hinges,4 King Top 3 IN 1 S/steel Hinges,no
"HHD-SOC-YG379MF-1/2""X70MM",PCS,Mxf S/steel Socket 1/2 X 70MM,Mxf S/steel Socket 1/2 X 70MM,no
HOS-COU-BR-16MM,PCS,Br Hose Coupling 16MM,Br Hose Coupling 16MM,no
IND-TRO-WOO,PCS,Wooden Cement Trowel,Wooden Cement Trowel,no
LOC-ENT-EPO-H051/AC,SET,Epo Entrance Lock Set (H051/AC),Epo Entrance Lock Set (H051/AC),no
NAIL-RIVET-ARN2575-BOX,BOX,Arrow Rivet Gun Round Nail 25 X 7.5MM (200PCS/BOX),Arrow Rivet Gun Round Nail 25 X 7.5MM (200PCS/BOX),no
PAI-BRU-LEON-830-25MM,PCS,Stag Paint Brush 1,Stag Paint Brush 1,no
"PAI-ROL-REF-PM4""",PCK,Paint Master Paint Roller Refill 4,Paint Master Paint Roller Refill 4,no
"PIP-HDPE-32MM-1""",MTR,PN 12.5 X 100M HDPE Pipe,PN 12.5 X 100M HDPE Pipe,no
RAI-BOO-KRK-B38M9000,PAIR,Korakoh Rain Shoes Blk - 5/38,Korakoh Rain Shoes Blk - 5/38,no
SHH-REEL-HK3000,PCS,Fishing Reel (12BB),Fishing Reel (12BB),no
SWI-SOC-ELE-E08213B,PCS,Elegance 13A 2 GANG Flat Pin Swi Soc Neon-blk (E08213B),Elegance 13A 2 GANG Flat Pin Swi Soc Neon-blk (E08213B),no
SWI-SOC-ULT-M012MG,PCS,Ultra 16A 1 GANG 2 Way-matte Grey (M012MG),Ultra 16A 1 GANG 2 Way-matte Grey (M012MG),no
TAP-CAB-CB1509ASS,PCS,S/steel Pillar Mounted Kitchen Tap CB1509ASS,S/steel Pillar Mounted Kitchen Tap CB1509ASS,no
TAP-PIL-OTO-966-8,PCS,966-8 OTOSANI'304 S/s H/duty Hot&cold Pillar Tap,966-8 OTOSANI'304 S/s H/duty Hot&cold Pillar Tap,no
TOO-COM-IRO-BUL-10MM,PCS,10MM Iron Bull Spanner,10MM Iron Bull Spanner,no
"TOO-CUT-BOL-GT12""",PCS,Glotool Bolt Clipper 12,Glotool Bolt Clipper 12,no
TOO-DRV-STA-5X100MM-9960651870,PCS,"Cushion Grip S/dr Std - (3/16""X4"")","Cushion Grip S/dr Std - (3/16""X4"")",no
TOO-DRV-STA-SET-8PCS,SET,8PCS Cushion Grip S/dr Sets,8PCS Cushion Grip S/dr Sets,no
TOO-RUL-IRN-BLACK,PCS,Iron Square (black) 24,Iron Square (black) 24,no
WEL-MAC-FIG-TIG-200,UNIT,Fighter Inverter TIG Machine 200A,Fighter Inverter TIG Machine 200A,no
X-BBQ-SMO-LIBERTY,UNIT,Liberty Fire Chef Smokeless Charcoal Bbq,Liberty Fire Chef Smokeless Charcoal Bbq,no
ABR-PAP-621-534,PCS,G240 Ewd Hand Sanding Sheet,G240 Ewd Hand Sanding Sheet,no
ABR-PAP-621-535,SHT,G320 Ewd Hand Sanding Sheet,G320 Ewd Hand Sanding Sheet,no
AER-6ME8,PCS,Aerico 6ME8,Aerico 6ME8,no
BNW-B&N-RBN-120,PCK,Sr G. I Boit & Nut 3/16 X 2 (7PCS/PCK),Sr G. I Boit & Nut 3/16 X 2 (7PCS/PCK),no
CLIP-TIL-PVC-1.5MM,PACK,1.5MM PVC Tile Leveling Clip (100PCS+-/PCK),1.5MM PVC Tile Leveling Clip (100PCS+-/PCK),no
CLIP-TIL-PVC-2.0MM,PACK,2.0MM PVC Tile Leveling Clip (100PCS+-/PCK),2.0MM PVC Tile Leveling Clip (100PCS+-/PCK),no
CUT-BLA-STA-9MM-9920113001,PKT,9MM (10PKT/BOX)SNAP-OFF Knife Blade,9MM (10PKT/BOX)SNAP-OFF Knife Blade,no
CUT-ELE-EDM-4080,PCS,4 X 80 Gold Elephant Mop Disc,4 X 80 Gold Elephant Mop Disc,no
"ELE-CAS-1""X2""",LGTH,M. Trunking 1 X 2 G24 0.4MM Normal Orange Lanric,M. Trunking 1 X 2 G24 0.4MM Normal Orange Lanric,no
ELE-LED-SOL-YB-L10507-24W,SET,Marviss 24W Outdoor Sensor Solar Light (L10507),Marviss 24W Outdoor Sensor Solar Light (L10507),no
HHD-VAL-FLO-BRA-CIT-18MM,PCS,City Moh Brass Float VALVE-3/4,City Moh Brass Float VALVE-3/4,no
HOS-SPA-NOZ-NZ-22,PCS,Tap Nozzle - Zinc Alloy,Tap Nozzle - Zinc Alloy,no
KGR-KIM-1L-9214,TIN,1 Litre KIMTONE-9214,1 Litre KIMTONE-9214,no
SHO-BLACKRINO-05387,PCS,Br 8012 1.5M Blackrino H/duty Shower Hose,Br 8012 1.5M Blackrino H/duty Shower Hose,no
SPR-REM-BSA88,BTL,Bossman Multipurpose Spray Adhesive 600ML,Bossman Multipurpose Spray Adhesive 600ML,no
SWI-ADA-3WAY-MK-692,PCS,Mk 692 3WAY Adaptor,Mk 692 3WAY Adaptor,no
SWI-ADA-MS-PT06,PCS,"Morries Travel Adaptor For Japan, Taiwan, Usa, Thai, Phi&viet","Morries Travel Adaptor For Japan, Taiwan, Usa, Thai, Phi&viet",no
SWI-SOC-ULT-M0813W,PCS,Ultra 13A Flat Pin Swi Soc Neon-wt (M0813W),Ultra 13A Flat Pin Swi Soc Neon-wt (M0813W),no
TIM-BUI-NNE-TS-181,PCS,NNE Time Switch,NNE Time Switch,no
TOO-COM-IRO-BUL-38MM,PCS,38MM Iron Bull Spanner,38MM Iron Bull Spanner,no
TOO-RUL-TRI-A11007,PCS,Arrow 7 Triangle Ruler,Arrow 7 Triangle Ruler,no
TOO-VIC-W2486,PCS,Heavy Hinged Pipe Vise 6,Heavy Hinged Pipe Vise 6,no
X-FOL-TYP-PRU-SAW-BS-553242,PCS,Bosi (BS-553242) Folding Type Pruning Saw 7,Bosi (BS-553242) Folding Type Pruning Saw 7,no
BNW-B&N-RBN-112-BOX,BOX,Sr G. I Boit & Nut 3/16 X 1 1/4 (box),Sr G. I Boit & Nut 3/16 X 1 1/4 (box),no
BNW-B&N-RBN-225-BOX,BOX,Sr G. I Boit & Nut 1/4 X 2 1/2 (box),Sr G. I Boit & Nut 1/4 X 2 1/2 (box),no
"BRA-STEEL-L-1.5""X1.5""",PCS,"Steel L Bracket 1.5""X1.5 (BC185K)","Steel L Bracket 1.5""X1.5 (BC185K)",no
BRO-SBSJ001,PCS,Broom - SBSJ001,Broom - SBSJ001,no
DOR-HIN-A177,SET,"A177 S/s Fulsh Hinges 4""X2.5MM","A177 S/s Fulsh Hinges 4""X2.5MM",no
DOR-LAT-B3SS,DOZ,Leon S/steel Door LATCH-3,Leon S/steel Door LATCH-3,no
ELE-D/L-HSP-301-18W-6500K,PCS,Hms Downlite Hsp 301-18W 6500K,Hms Downlite Hsp 301-18W 6500K,no
"FAS-RIV-PAT-1/8""X1/2""-PCK",PCK,Blind Rivet: Jaguar 1/8 X 1/2 (20PCS/PCK),Blind Rivet: Jaguar 1/8 X 1/2 (20PCS/PCK),no
"FAS-RIV-PAT-1/8""X1/4""-BOX",BOX,Blind Rivet: Jaguar 1/8 X 1/4 (1000PCS/BOX),Blind Rivet: Jaguar 1/8 X 1/4 (1000PCS/BOX),no
FAS-SCR-TECH-METAL-45MM-PCK,PCK,Techscrew-metal Screw X 45MM (50PCS/PCK),Techscrew-metal Screw X 45MM (50PCS/PCK),no
GUN-GRE-PRE,SET,Grease Gun Flexible Hose (c),Grease Gun Flexible Hose (c),no
IND-DUS-SCH-240L,UNIT,Schaefer Waste Container (green) 240L,Schaefer Waste Container (green) 240L,no
JAC-BOT-CNN-B03TON,PCS,China Bottle Jack - 3TON (l/w),China Bottle Jack - 3TON (l/w),no
NAIL-TUFTING-TN-8316-BOX,BOX,Round Plate Tufting Nail (200PCS/BOX),Round Plate Tufting Nail (200PCS/BOX),no
PAI-SPR-PMT-013,CAN,Paint Master Spray Paint - No. 13 Fresh Green (CAN),Paint Master Spray Paint - No. 13 Fresh Green (CAN),no
ROP-WIR-GAL-4.0MM,COIL,Galv Wire Rope-cnn 4.0MMX6X7,Galv Wire Rope-cnn 4.0MMX6X7,no
SAF-COA-CLI-ORANGE-09114,PCS,Clip On Elastic Vest-orange Red,Clip On Elastic Vest-orange Red,no
SHH-ROD-TKKT27032S,PCS,"Torikumu Kotai Ii Medium (7'0"") Rod","Torikumu Kotai Ii Medium (7'0"") Rod",no
TOI-PLA-BOW,PCS,Plastic Toilet Bowl,Plastic Toilet Bowl,no
TOO-COM-IRO-BUL-36MM,PCS,36MM Iron Bull Spanner,36MM Iron Bull Spanner,no
TOO-COM-IRO-BUL-44MM,PCS,44MM Iron Bull Spanner,44MM Iron Bull Spanner,no
"TOO-CUT-BOL-GT14""",PCS,Glotool Bolt Clipper 14,Glotool Bolt Clipper 14,no
"TOO-DRV-BLI-IMP-8""(-)",PCS,"Blimax Impact Screw DRIVER-8""X6MM (-)","Blimax Impact Screw DRIVER-8""X6MM (-)",no
TOO-EXT-BARW0015A,PCS,1/2 Extension Bars 125MM,1/2 Extension Bars 125MM,no
TOO-SOC-SET-10-32MM,SET,25PC Socket Wrench - Twn,25PC Socket Wrench - Twn,no
WAL-DOW-81157-1 BK,PCS,Up Down Lite 81157/1 Bk,Up Down Lite 81157/1 Bk,no
WIN-LOU-YNC-8B,SET,8B Yunco Louvres Window,8B Yunco Louvres Window,no
WOO-SQU-08',PCS,Mrtx List 8 (S4S),Mrtx List 8 (S4S),no
ARR-BAN-STE-APB1710,ROLL,Arrow Black Painted Band 17MM X 10M -black,Arrow Black Painted Band 17MM X 10M -black,no
BNW-BOL-SS304-M12-35MM,PCS,SS 304 Bolt - M12 X 35MM,SS 304 Bolt - M12 X 35MM,no
BRA-SHE-BRO-43080,PCS,Esb Shelf Bracket Brown,Esb Shelf Bracket Brown,no
CUT-CIR-30-120MM,SET,Adjustable Circle Cutter,Adjustable Circle Cutter,no
CUT-DEW-DW4724UT,PCS,Diamond Blade Mpp Ultra Thin Turbo,Diamond Blade Mpp Ultra Thin Turbo,no
DZ-GEN-PSC-30X400X35,PCS,Star Flat Chisel PH65 30 (mm),Star Flat Chisel PH65 30 (mm),no
DZ-GEN-PST-30X400,PCS,Star Bull Point PH65 30 (mm),Star Bull Point PH65 30 (mm),no
ELE-METW0453,PCS,Digital Multi-meter W0453,Digital Multi-meter W0453,no
FAS-BOL-EXP-1075,BOX,Sh Expansion Bolt M10 X 75,Sh Expansion Bolt M10 X 75,no
FIT-HDPE-TEE-20MM,PCS,HDPE Tee Equal 20MM,HDPE Tee Equal 20MM,no
INS-IS1216(P),PCS,Pedestal IS1216(P),Pedestal IS1216(P),no
KGR-FLO-COA-9285,TIN,Kangaroo Floor Coat 9285 - Brown,Kangaroo Floor Coat 9285 - Brown,no
MOP-REFILL-LIAO-R-A101,PCS,Microfiber Mop Refill (A130101) - Liao,Microfiber Mop Refill (A130101) - Liao,no
PLA-BAG-W500-1114,PCK,11 X 14 X Tbag (aa),11 X 14 X Tbag (aa),no
PLA-BAG-W500-1518,PCK,15 X 18 X Tbag (aa),15 X 18 X Tbag (aa),no
SAF-EAR-EM9003,PCS,Picasaf 9007 Ear Muffle (26DB),Picasaf 9007 Ear Muffle (26DB),no
SHH-BLA-NET-NO.3,PCS,"Black Net No. 3 (1 1/2"") (3.5CM)","Black Net No. 3 (1 1/2"") (3.5CM)",no
SHH-MASK-YD18-TAIWAN,PCS,Swim Mask (taiwan),Swim Mask (taiwan),no
SHH-ROD-AGS502,PCS,"Hytac Avengers Rod (5'0"")","Hytac Avengers Rod (5'0"")",no
SHO-HAN-SET-05375,SET,Ess 509 Shower Set 05375,Ess 509 Shower Set 05375,no
SWI-SOC-ELE-E021B,PCS,Elegance 2 GANG 1 Way-black (E021B),Elegance 2 GANG 1 Way-black (E021B),no
SWI-SOC-SCH-IP66,PCS,Schneider 13A 3 Pin Combination Switch,Schneider 13A 3 Pin Combination Switch,no
TOO-CLA-GW473250,PCS,Heavy G-shape Clamp 10,Heavy G-shape Clamp 10,no
TOO-WRE-KEY-ASUMA-MALK001-A,SET,8PCS (mm) Asuma Alenkey,8PCS (mm) Asuma Alenkey,no
TOO-WRE-KEY-KTBAL12006,SET,King Top 9PCS-6 Ball Point Hex Key Wrench Set 12006,King Top 9PCS-6 Ball Point Hex Key Wrench Set 12006,no
"TOO-WRE-OIL-VIV-6""",PCS,Viviv Oil Filter WRENCH-6 Chain,Viviv Oil Filter WRENCH-6 Chain,no
VAL-ANG-VIP-V4113,PCS,Vip Brand Chrome Angle Valve,Vip Brand Chrome Angle Valve,no
WEL-MAC-IWE-TIG-220A,UNIT,I-weld Inventer TIG Machine TIG 220A,I-weld Inventer TIG Machine TIG 220A,no
X-FLO-MOC-66160,PCS,24 X 24 Pure Black Tiles,24 X 24 Pure Black Tiles,no
X-FLO-MOC-KH40ADA40,PCS,16 X 16 Ceramic Floor Tiles KH40ADA40,16 X 16 Ceramic Floor Tiles KH40ADA40,no
X-FLO-MOC-P6QP452,PCS,P6QP452 60X60CM,P6QP452 60X60CM,no
BIT-HOL-DB-2311,PCS,Flexible Driver Bit Holder,Flexible Driver Bit Holder,no
CLI-HOS-ORB-1A,PCS,Orbit Hose Clip No : 1A,Orbit Hose Clip No : 1A,no
COC-STO-C018,PCS,Brass Stop Cock - C018 18 MM,Brass Stop Cock - C018 18 MM,no
CUT-BLA-ALUM-BA7580,PCS,"Bossman Circular Saw Blade 190MM (7.5"") X 80T (for Aluminium)","Bossman Circular Saw Blade 190MM (7.5"") X 80T (for Aluminium)",no
DOR-H&S-BS135MM,DOZ,Rb Hasp & STAPLE-135MM,Rb Hasp & STAPLE-135MM,no
GAR-SIC-D0301,PCS,Grass Sickle With 18 Wood Handle,Grass Sickle With 18 Wood Handle,no
HOS-COU-CON-40200007,PCS,Ecogreen- One Way Snap-in Coupling,Ecogreen- One Way Snap-in Coupling,no
"IND-CAS-FIX-2""",PCS,2 DL5 Tpe Fixed Caster,2 DL5 Tpe Fixed Caster,no
PAI-BRU-086-65MM,DOZ,086 Cs Nylon Paint Brush 2-1/2,086 Cs Nylon Paint Brush 2-1/2,no
PUM-FOO-H/D-A50000,PCS,Arrow Heavy Duty Foot Pump,Arrow Heavy Duty Foot Pump,no
SAF-SPE-PIC-ST21-CLE,PCS,Picasaf Protective Eyewear-clear ST21,Picasaf Protective Eyewear-clear ST21,no
SHH-LINE-WHI-NO.250,PKT,(sf) Round White M. L. No. 250,(sf) Round White M. L. No. 250,no
TAP-CAB-CB2541SS,PCS,Cab Pillar Mounted Flex Head+spout Kitchen Tap Body (DIAMETER32MM),Cab Pillar Mounted Flex Head+spout Kitchen Tap Body (DIAMETER32MM),no
TOO-COM-IRO-BUL-13MM,PCS,13MM Iron Bull Spanner,13MM Iron Bull Spanner,no
TOO-DRV-SET-STA-6PCS,SET,"0&1PT,1.4,2,2.4,3MM Slotted 6PC Precision S/drv Set","0&1PT,1.4,2,2.4,3MM Slotted 6PC Precision S/drv Set",no
TOO-FIL-BCC-5.5200MM,PCS,Bahco Chain Saw File 168-8-5.5-3P 7/321IN,Bahco Chain Saw File 168-8-5.5-3P 7/321IN,no
TOO-WRE-3WAY-101214,PCS,Y Type Wrench,Y Type Wrench,no
TOPLUS-HIG-GLO-1L-C,CAN,1L Toplus High Gloss C Base,1L Toplus High Gloss C Base,no
WRE-RAT-17MMX19MM-SEN,PCS,Sensui Tail Ratchet Wrench 17MMX19MM,Sensui Tail Ratchet Wrench 17MMX19MM,no
WRE-RAT-17MMX21MM-SEN,PCS,Sensui Tail Ratchet Wrench 17MMX21MM,Sensui Tail Ratchet Wrench 17MMX21MM,no
X-BOS-0601-9F4-0L0,UNIT,Gsr 1000 Batt. Screwdriver,Gsr 1000 Batt. Screwdriver,no
X-CAR-WAX-CG,PCS,Cg Crystal Wax 5 IN 1,Cg Crystal Wax 5 IN 1,no
AER-6MC8,PCS,Aerico 6MC8,Aerico 6MC8,no
AIR-DUS-MDSI-04061,PCS,Mdsi (MD-04061) Air Duster - Short,Mdsi (MD-04061) Air Duster - Short,no
BAT-ENE-REC-AA-4PCS,PCK,Ener Rech 4AA,Ener Rech 4AA,no
BBQ-GRI-CN FYZ-28022A,SET,Enamel Portable Bbq Grill Set - 28022A,Enamel Portable Bbq Grill Set - 28022A,no
BLI-HSS-HOL-SAW-16MM,PCS,Blimax Hss Hole SAW-16MM,Blimax Hss Hole SAW-16MM,no
BOS-1619-P09-976,PCS,Round Nut White (rplc 1603-340-037),Round Nut White (rplc 1603-340-037),no
"BRA-SHE-S/S-G785-06""",SET,G785 304 H/duty Shelf Bracket 6,G785 304 H/duty Shelf Bracket 6,no
BRO-MOP-MSCIR-300Q,PCS,300Q Circular Mop,300Q Circular Mop,no
CUT-DIS-MARK-12300-P036,PCS,Mr. Mark P36 Master Fibre Disc - Blk,Mr. Mark P36 Master Fibre Disc - Blk,no
CUT-ELE-EDM-4180,PCS,4 X 180 Gold Elephant Mop Disc,4 X 180 Gold Elephant Mop Disc,no
CUT-ELE-ESS410D,PCS,"4""X1.0 Gold Elephant Cutting Disc","4""X1.0 Gold Elephant Cutting Disc",no
DOR-H&S-BS085MM,DOZ,Rb Hasp & STAPLE-85MM,Rb Hasp & STAPLE-85MM,no
ELE-PEN-81218/3-E27,PCS,81218/3 Pendant Lamp Round Base,81218/3 Pendant Lamp Round Base,no
"FAS-RIV-PAT-3/16""X3/4""-PCK",PCK,Blind Rivet: Jaguar 3/16 X 3/4 (20PCS/PCK),Blind Rivet: Jaguar 3/16 X 3/4 (20PCS/PCK),no
HOS-CLE-00830,COIL,8MM X 30M Clear Hose (COIL),8MM X 30M Clear Hose (COIL),no
"IND-CAS-SWI-TSCB-2""",PCS,2 DL5 Tpe Threaded Stem Swivel Caster W Brake,2 DL5 Tpe Threaded Stem Swivel Caster W Brake,no
IND-PAI-CEMENT,PCS,PVC Cement Pail-yellow,PVC Cement Pail-yellow,no
MTR-FLOAT-SW,PCS,Plasma 5 Meter Float Switch,Plasma 5 Meter Float Switch,no
SAF-SLI-GLO-3TON5M,LGTH,Webbing Sling (glolift) 75MM 3 Ton X 5M,Webbing Sling (glolift) 75MM 3 Ton X 5M,no
SHH-ROD-2511300,PCS,Santec 2511-300 Puyu Solid Pole (3MTR),Santec 2511-300 Puyu Solid Pole (3MTR),no
SHO-HAN-SET-05369,SET,Ess 500A Shower Set 05369,Ess 500A Shower Set 05369,no
SPO-SCO-QB-3M-5PCS,PCS,Atlas 27NM 6 X 9 Handpad-maroon,Atlas 27NM 6 X 9 Handpad-maroon,no
SWI-T/SOC-FLE-6155NS,SET,T/skt W/surge Sp TS-5GLS-540A FLE-6155NS,T/skt W/surge Sp TS-5GLS-540A FLE-6155NS,no
TAP-CAB-CB1540SS-BL,PCS,Cabana S/s Pillar Mounted Kitchen Tap,Cabana S/s Pillar Mounted Kitchen Tap,no
TAR-SHT-450#-B.GREEN,COIL,Canvas 450 (b. Green) 6 X 45M,Canvas 450 (b. Green) 6 X 45M,no
TOO-COM-W0305O-14*17MM,PCS,2 Open Wrench (14*17MM),2 Open Wrench (14*17MM),no
TOO-NIE-SET-SCR-EXT-6#,SET,Nietz 6 Screw Extractor Set 12/240 50149806,Nietz 6 Screw Extractor Set 12/240 50149806,no
TOO-WK-PWT-5513,UNIT,Worker 21V Cordless Brushless Angle Grinder 5513,Worker 21V Cordless Brushless Angle Grinder 5513,no
TOO-WRE-DOU-1415,PCS,Double Flexible Socket Wrench 14 X 15MM,Double Flexible Socket Wrench 14 X 15MM,no
TOO-WRE-OIL-MBSP007,PCS,"12""X300MM Sensui Oil Filter Wrench","12""X300MM Sensui Oil Filter Wrench",no
WAL-PLU-S/S-CC225-M6X60MM,PCS,S/steel Wall Plug - K103-304 M6X60MM CC225,S/steel Wall Plug - K103-304 M6X60MM CC225,no
X-BAT-ENE-REC-4AA-4PCS,PCK,Enr Max Alk Aaa 12PCS,Enr Max Alk Aaa 12PCS,no
ACC-HYU-HY-15,PCS,Hyundai Press Control,Hyundai Press Control,no
"ADH-TAP-3""",ROLL,Waterproof Flex Tape,Waterproof Flex Tape,no
APR-PVC-YEL,PCS,Thin PVC APRON-YELLOW24IN X 36IN0.18MM,Thin PVC APRON-YELLOW24IN X 36IN0.18MM,no
BNW-B&N-RBN-110-BOX,BOX,Sr G. I Boit & Nut 3/16 X 1 (box),Sr G. I Boit & Nut 3/16 X 1 (box),no
BRO-FLO-NYL-203,PCS,203 Nylon Broom With Handle,203 Nylon Broom With Handle,no
"CON-STR-OFFSET-2""",PCS,4 Toilet Off Set Connector,4 Toilet Off Set Connector,no
CUT-GRI-W2451-180,PCS,Grinding Wheel,Grinding Wheel,no
GRA-SSS-06085(6),PCS,6 Elise S/steel Floor Grating,6 Elise S/steel Floor Grating,no
HOS-CON-13-16MM,PCS,Power Hose Joint,Power Hose Joint,no
LED-INS-KIL-2W,PCS,LED Insect Killer 2W,LED Insect Killer 2W,no
LIG-EM-EL-LE115,SET,ECONLITE'15 X LED Emergency Light (jkr Approved),ECONLITE'15 X LED Emergency Light (jkr Approved),no
POL-HAR-NYL-JM-666A,PCS,"Harvesting Palm Oil Clip 1-1/2""(38MM) PVC - Green","Harvesting Palm Oil Clip 1-1/2""(38MM) PVC - Green",no
PUMP-SHADE,PCS,Marlino Pump Shade,Marlino Pump Shade,no
PYE-STRIP-M-500ML,TIN,PYE Strippa M-500ML,PYE Strippa M-500ML,no
SHH-LINE-WHI-NO.120,PKT,(sf) Round White M. L. No. 120,(sf) Round White M. L. No. 120,no
SWI-SOC-ELE-PTBK600,PCS,600MM Power Tracks (surface)-black (BK600),600MM Power Tracks (surface)-black (BK600),no
SWI-SOC-ULT-M0813BMG,PCS,Ultra 13A Flat Pin Swi Sock (large ROCKER)(M0813BMG),Ultra 13A Flat Pin Swi Sock (large ROCKER)(M0813BMG),no
SWI-SOC-ULT-M0813BW,PCS,Ultra 13A Flat Pin Swi Soc (large Roc)-whi (M0813BW),Ultra 13A Flat Pin Swi Soc (large Roc)-whi (M0813BW),no
SWI-SOC-ULT-M0813MG,PCS,Ultra 13A Flat Pin Swi Soc Neon-mat Grey (M0813MG),Ultra 13A Flat Pin Swi Soc Neon-mat Grey (M0813MG),no
TAP-2-WAY-CA411QH,PCS,CA411QH 2-WAY Tap V/p,CA411QH 2-WAY Tap V/p,no
TOO-COM-IRO-BUL-34MM,PCS,34MM Iron Bull Spanner,34MM Iron Bull Spanner,no
TOO-COM-IRO-BUL-35MM,PCS,35MM Iron Bull Spanner,35MM Iron Bull Spanner,no
TOO-COM-W0305M-12*14MM,PCS,2 Open Wrench (12*14MM),2 Open Wrench (12*14MM),no
"TOO-PICK-ALUM-00657T-33""",PCS,33 Aluminium Foldable Pick Up Tool,33 Aluminium Foldable Pick Up Tool,no
TOO-VIC-W2484,PCS,Heavy Hinged Pipe Vise 4,Heavy Hinged Pipe Vise 4,no
CHA-MKX-2026,PCS,Part : Charger,Part : Charger,no
CUT-FLA-TAI-A80100,PCS,Tailin Flap Discs A80,Tailin Flap Discs A80,no
CUT-SCI-JM-317,PCS,Jayamata Scissor Multi-purpose 7.7,Jayamata Scissor Multi-purpose 7.7,no
CUT-TIL-BLI-BLA,PCS,Blimax Tile Cutter,Blimax Tile Cutter,no
DOR-LOC-CYL-02025(SS),SET,587 SS Czs Cylindrical Door Lock,587 SS Czs Cylindrical Door Lock,no
FAS-SCR-TECH-METAL-19MM-PCK,PCK,Techscrew-metal Screw X 19MM (50PCS/PCK),Techscrew-metal Screw X 19MM (50PCS/PCK),no
"FIT-YG228R-NIP-REC-3/8""X1/4""-BRA",PCS,"Brass Reduced Nipple 3/8""X1/4 YG228R (BRA)","Brass Reduced Nipple 3/8""X1/4 YG228R (BRA)",no
LOC-HD-SHE-50MM,PCS,50MM Shenling Heavy Duty Lock,50MM Shenling Heavy Duty Lock,no
LOC-OLP-LTS70,PCS,70MM Olpha Brass Hammer Type Pad Loc,70MM Olpha Brass Hammer Type Pad Loc,no
NAI-ROO-TWI-RED,BAG,2-1/2 Twist Roofing Nails (red),2-1/2 Twist Roofing Nails (red),no
PAI-BRU-633-065MM,DOZ,Paint Brush 633 X 65MM,Paint Brush 633 X 65MM,no
PAI-BRU-WOO-080MM,DOZ,Gd Wool Brush 80 MM,Gd Wool Brush 80 MM,no
PAI-ROL-SPM100,SET,Paint Master Paint Roller Set 4,Paint Master Paint Roller Set 4,no
PIP-HDPE-25MM-PN12.5,LTH,3M HDPE Pipe - Non SIRIM X 25MM,3M HDPE Pipe - Non SIRIM X 25MM,no
SAF-SHO-SOB-07#,PAIR,Sobar P800 Safety Shoes 7,Sobar P800 Safety Shoes 7,no
SHH-FISH-NET-0.15D-25MM-50MD/5A,PCS,"25MM (1"") 50MD (4') /5A","25MM (1"") 50MD (4') /5A",no
SHH-HOO-4206-NO.5,PKT,4206 No. 5 Galah Hook (20'S),4206 No. 5 Galah Hook (20'S),no
SHH-LINE-L/G-OHML6,PCS,Omega Hayasu Mono Line 6LBS (rainbows),Omega Hayasu Mono Line 6LBS (rainbows),no
SHH-LINE-WHI-NO.12,PCS,(bs)long White M. L No. 12,(bs)long White M. L No. 12,no
SHH-SINKER-NO.1/2,PCK,Single Head Sinker No. 1/2 (2PCS/PCK),Single Head Sinker No. 1/2 (2PCS/PCK),no
TOO-COM-IRO-BUL-18MM,PCS,18MM Iron Bull Spanner,18MM Iron Bull Spanner,no
TOO-ELE-GUN-PIN-20-80,PCS,20-80 Soldering Iron Gun,20-80 Soldering Iron Gun,no
TOO-WRE-DOU-1214,PCS,Double Flexible Socket Wrench 12 X 14MM,Double Flexible Socket Wrench 12 X 14MM,no
X-CYL-LOC-EPO-CL011-SN,SET,Epo Cylindrical Lever Lock (CL011 Sn),Epo Cylindrical Lever Lock (CL011 Sn),no
BAT-ENE-MIN-A23,PCK,Energizer Mini Al A23 8P1,Energizer Mini Al A23 8P1,no
BNW-B&N-RBN-205-BOX,BOX,Sr G. I Boit & Nut 1/4 X 5/8 (box),Sr G. I Boit & Nut 1/4 X 5/8 (box),no
BRA-S/S-L-65383,PCS,Stainless Steel L Bracket 65383-65X65,Stainless Steel L Bracket 65383-65X65,no
BURR-CAR-T.C.T-HX1232,PCS,Blimax Carbide Milling BURR-HX1232,Blimax Carbide Milling BURR-HX1232,no
BURR-CAR-T.C.T-LX1228,PCS,Blimax Carbide Milling BURR-LX1228,Blimax Carbide Milling BURR-LX1228,no
CUT-ELE-EMC420,PCS,"4""X2.0 Gold Elephant Cutting Disc","4""X2.0 Gold Elephant Cutting Disc",no
CUT-PIP-TUB-AT4308,SET,Anton Tubing Cutter,Anton Tubing Cutter,no
DOR-WOO-FRA-ALU,PCS,Door Frame For 1.1/2 X 2 X 72 X 30 Aluminium,Door Frame For 1.1/2 X 2 X 72 X 30 Aluminium,no
FLO-MOC-KV910,PCS,"Kv 910 12""X12 Homotile","Kv 910 12""X12 Homotile",no
FLO-PVC-NO.24903,ROLL,PVC Flooring No. 528-20,PVC Flooring No. 528-20,no
GAR-CUT-VIS-200MM,PCS,Kakc Steel Sheet Cutter-bent,Kakc Steel Sheet Cutter-bent,no
GAR-SPR-PRE-L50,PCS,5 Litre Pressure Sprayer,5 Litre Pressure Sprayer,no
GER-PLUG-BP8ES,PCS,Ngk 14 X 19.0 Spark Plug (generator),Ngk 14 X 19.0 Spark Plug (generator),no
GRA-CUT-BLA-12037(14),PCS,14 Grass Blade-b Trimmer Blade-big,14 Grass Blade-b Trimmer Blade-big,no
GUN-TAC-STA-TR45,UNIT,Light-duty Staple Gun TR45,Light-duty Staple Gun TR45,no
HOS-GAR-MK-HS-1804-13M,ROLL,Mark-x PVC Gre/blk Garden Hose,Mark-x PVC Gre/blk Garden Hose,no
SAF-SHO-SOB-06#,PAIR,Sobar P800 Safety Shoes 6,Sobar P800 Safety Shoes 6,no
SAF-SHO-SOB-08#,PAIR,Sobar P800 Safety Shoes 8,Sobar P800 Safety Shoes 8,no
SAF-SLI-GLO-3TON4M,LGTH,Webbing Sling (glolift) 75MM 3 Ton X 4M,Webbing Sling (glolift) 75MM 3 Ton X 4M,no
"SANDEX-PAD-6""-M14",PCS,"Sandex 6 Polishing Sponge Pad, M14","Sandex 6 Polishing Sponge Pad, M14",no
SHH-HOO-4206-NO.3,PKT,4206 No. 3 Galah Hook (20'S),4206 No. 3 Galah Hook (20'S),no
SHH-LINE-WHI-NO.08,PCS,(bs)long White M. L No. 8,(bs)long White M. L No. 8,no
SHH-LINE-WHI-NO.15,PCS,(bs)long White M. L No. 15,(bs)long White M. L No. 15,no
SWI-ADA-MS-3L2USB,PCS,Morries Adaptor With Fuse & USB 2.1A,Morries Adaptor With Fuse & USB 2.1A,no
SWI-T/SOC-FLE-915-5M5G,SET,Fle T/skt Sp TC-5GL-540B 915-5M,Fle T/skt Sp TC-5GL-540B 915-5M,no
TAP-BIB-PVC-J2BC01W,PCS,Jopex PVC 20MM,Jopex PVC 20MM,no
TIE-CAB-BLA-250MM,PCK,"Black PVC Cable Ties 250MM (10"")","Black PVC Cable Ties 250MM (10"")",no
TOO-CLA-BLI-B212,PCS,Blimax Partition Keel Clamp - B212,Blimax Partition Keel Clamp - B212,no
TOO-COM-IRO-BUL-14MM,PCS,14MM Iron Bull Spanner,14MM Iron Bull Spanner,no
TRCK-(0.40MM)-50MM- 10FTS,PCS,Track (0.40MM) 50MM X 25MM X 3000MM -10FTS,Track (0.40MM) 50MM X 25MM X 3000MM -10FTS,no
WAT-FIL-X8-ACQUA-KHX8,UNIT,Acqua X8,Acqua X8,no
WEL-CAB-UNI-400AMP,MTR,Uniflux 400A X 90M Welding Cable,Uniflux 400A X 90M Welding Cable,no
WEL-GLA-BLA-NO.10,PCS,Black Welding Glass 108 X 50 (no. 10),Black Welding Glass 108 X 50 (no. 10),no
BNW-BOL-SS304-M10-45MM,PCS,SS 304 Bolt - M10 X 45MM,SS 304 Bolt - M10 X 45MM,no
"BRA-SHE-YG782-08""",PAIR,White H/duty Shelf Bracket 8,White H/duty Shelf Bracket 8,no
"BRA-STEEL-L-1""X1""",PCS,"Steel L Bracket 1""X1 (BC185K)","Steel L Bracket 1""X1 (BC185K)",no
CHA-PVC-BEL-R6MM,ROLL,Bellea PVC (red) (ROLL),Bellea PVC (red) (ROLL),no
CHA-PVC-BEL-Y6MM,ROLL,Bellea PVC (yellow),Bellea PVC (yellow),no
"CLI-HOS-GP-3""",PCS,Gp S/steel Hose CLIP-3 (52-76MM),Gp S/steel Hose CLIP-3 (52-76MM),no
DRI-SAW-A68-8MM,PCS,Sawman A68 Multi Purpose Drill Bit 8MM,Sawman A68 Multi Purpose Drill Bit 8MM,no
"ELE-D/L-8629/6""-ROU-BLU",PCS,Ilite Downlite 8629-6+3W Wh+bl,Ilite Downlite 8629-6+3W Wh+bl,no
ELE-GRW-10A1PMCB,EA,Grow 10A 1P Mcb,Grow 10A 1P Mcb,no
FAS-SCR-TECH-WOOD-65MM-PCK,PCK,Techscrew-wood Screw X 65MM (50PCS/PCK),Techscrew-wood Screw X 65MM (50PCS/PCK),no
FLO-MAT-PVC-SY403,PCS,Sy 403 PVC Floor Mat,Sy 403 PVC Floor Mat,no
"IND-CAS-SWI-1""",PCS,1 DL5 Tpe 360 Degree Swivel Caster,1 DL5 Tpe 360 Degree Swivel Caster,no
IND-TRU-FD300-ER,SET,Sumo Boy PVC Hand Truck (green Box),Sumo Boy PVC Hand Truck (green Box),no
KOYA-GLU-W5509,PCS,Koya White Glue 5509,Koya White Glue 5509,no
MEA-TAP-BLI-7.5M-B7-CR,PCS,Blimax DM5 Measuring B7,Blimax DM5 Measuring B7,no
OIL-CAN-3L,PCS,Oil Can 3L,Oil Can 3L,no
PAI-BRU-NIP-TR835N,PCS,2.5 Synthetic Paint Brush 750,2.5 Synthetic Paint Brush 750,no
PAI-BRU-RAD-2642R,PCS,"2""X642R Radiator Paint Brush","2""X642R Radiator Paint Brush",no
"PIC-HAN-GOL-1-1/2""",PCK,Golden Picture Hanger-m'sia 1-1/2 (2PAIR/PCK),Golden Picture Hanger-m'sia 1-1/2 (2PAIR/PCK),no
PUM-ORI-44GAL,PCS,Oriental Hand Rotary Pump,Oriental Hand Rotary Pump,no
SAF-SLI-GLO-2TON6M,LGTH,Webbing Sling (glolift) 50MM 2 Ton X 6M,Webbing Sling (glolift) 50MM 2 Ton X 6M,no
"SEA-GAS-RUB-1/8""",ROLL,Rubber Insertion Sheet 1/8,Rubber Insertion Sheet 1/8,no
SHH-HOOK-EWDX4008,PKT,No. 8 (20'S) Eagle Wave Hook,No. 8 (20'S) Eagle Wave Hook,no
SHH-HOOK-SC4063,PKT,Surecatch Biru 406 No. 3(20'S),Surecatch Biru 406 No. 3(20'S),no
SHH-LINE-L/G-OHML20,PCS,Omega Hayasu Mono Line (rainbow) 20LBS,Omega Hayasu Mono Line (rainbow) 20LBS,no
SHH-LINE-L/G-OHML40,PCS,Omega Hayasu Mono Line (rainbow) 40LBS,Omega Hayasu Mono Line (rainbow) 40LBS,no
SHH-LINE-WHI-NO.06,PCS,(bs)long White M. L No. 6,(bs)long White M. L No. 6,no
SHH-REEL-MH3000A,PCS,Sealand Machine Gun Fishing Reel (3SS-B) MG3000A,Sealand Machine Gun Fishing Reel (3SS-B) MG3000A,no
SWI-SOC-ELE-E012B,PCS,Elegance 16A 1 GANG 2 Way-black (E012B),Elegance 16A 1 GANG 2 Way-black (E012B),no
SWI-SOC-MK-S2747,PCS,Mk 13A X 2 Switch Socket - Slimline Plus,Mk 13A X 2 Switch Socket - Slimline Plus,no
SWI-SOC-ULT-M08213MG,PCS,Ultra 13A 2GANG Flat Pin Swi Soc Neon (M08213MG),Ultra 13A 2GANG Flat Pin Swi Soc Neon (M08213MG),no
TOO-NIE-TAM-T9,PCS,Nietz E/long Tamper Tx-star Wrench (red) 53283009,Nietz E/long Tamper Tx-star Wrench (red) 53283009,no
TOO-WRE-DOU-1012,PCS,Double Flexible Socket Wrench 10 X 12MM,Double Flexible Socket Wrench 10 X 12MM,no
TOO-WRE-MII-6120#,PCS,Mii Premium Nut Wrench - 6120,Mii Premium Nut Wrench - 6120,no
WAL-PLU-S/S-60MM,PCS,304 S/steel Wall Plug M6 X 60MM,304 S/steel Wall Plug M6 X 60MM,no
AER-6ME4,PCS,Aerico 6ME4,Aerico 6ME4,no
BEA-PUL-EAS-E0060,PCS,Eastman X 4 Bearing Puller,Eastman X 4 Bearing Puller,no
BLI-HSS-HOL-SAW-22MM,PCS,Blimax Hss Hole SAW-22MM,Blimax Hss Hole SAW-22MM,no
CUT-DIS-MARK-12300-P120,PCS,Mr. Mark P120 Master Fibre Disc - Blk,Mr. Mark P120 Master Fibre Disc - Blk,no
ELE-PEN-CD-3019,PCS,Pendant Light CD-3019,Pendant Light CD-3019,no
"FAS-SCR-CSK-3"" X 8G - BOX",BOX,Sr Csk Tapping Screw 3 X 8G (400PCS/BOX),Sr Csk Tapping Screw 3 X 8G (400PCS/BOX),no
HOS-CON-19-25MM-1'',PCS,Power Hose Joint 1,Power Hose Joint 1,no
HOS-COU-BR-19MM,PCS,Br Hose Coupling 19MM,Br Hose Coupling 19MM,no
HOS-GAR-SET-SWHR-WA20M,SET,20M Wall Mounted Auto. Reel Retractable Set 1/2,20M Wall Mounted Auto. Reel Retractable Set 1/2,no
KGR-ALU-PAI-1L,TIN,Kangaroo Brand 250 Aluminium Paint 1 Litre,Kangaroo Brand 250 Aluminium Paint 1 Litre,no
OIL-CAN-4L,PCS,Oil Can 4L,Oil Can 4L,no
SHH-BLA-NET-NO.2,PCS,"Black Net No. 2 (1 1/4"") (3.0CM)","Black Net No. 2 (1 1/4"") (3.0CM)",no
SHH-BLA-NET-NO.7,PCS,"Black Net No. 7 (2 3/4"") (7.0CM)","Black Net No. 7 (2 3/4"") (7.0CM)",no
SHH-BLA-NET-NO.8,PCS,"Black Net No. 8 (3 1/4"") (8.0CM)","Black Net No. 8 (3 1/4"") (8.0CM)",no
SHH-REEL-NL200,PCS,Alpine Prawn Reel (3BB),Alpine Prawn Reel (3BB),no
SHH-REEL-YK6000,PCS,Yumoshi Fishing Reel (YK6000),Yumoshi Fishing Reel (YK6000),no
SWI-SOC-ELE-E031B,PCS,Elegance 16A 3 GANG 1 Way-black (E031B),Elegance 16A 3 GANG 1 Way-black (E031B),no
SWI-SOC-ULT-M0815W,PCS,Ultra 15A Round Pin Swi Soc Neon-whi (M0815W),Ultra 15A Round Pin Swi Soc Neon-whi (M0815W),no
TIE-CAB-WHI-250MM,PCK,"White PVC Cable Ties 250MM (10"")","White PVC Cable Ties 250MM (10"")",no
TOO-HAN-RAT-12MM,PCS,Ratchet Handle 1/2 (heavy Duty),Ratchet Handle 1/2 (heavy Duty),no
TOO-WRE-KEY-ATHM-4,PCS,Arrow T Flat Hex Key (metric) With Plastic Handle - 4MM,Arrow T Flat Hex Key (metric) With Plastic Handle - 4MM,no
TOO-WRE-KEY-KTBAL-12004,SET,King TOP9PCS-4 Ball Point Hex Key Wrench,King TOP9PCS-4 Ball Point Hex Key Wrench,no
TOPLUS-GOLD-5L-B,CAN,5L Toplus Gold B Base,5L Toplus Gold B Base,no
VAL-BAL-ITA-12MM,PCS,Brass Ball Valve - Italy 12 MM,Brass Ball Valve - Italy 12 MM,no
WAL-PLU-S/S-CC227-M10X80MM,PCS,S/steel Wall Plug - K103-304 M10X80MM CC227,S/steel Wall Plug - K103-304 M10X80MM CC227,no
WAT-TAP-BLU,DRUM,(3) 100 Gallons HDPE Taper Tank,(3) 100 Gallons HDPE Taper Tank,no
X-ELE-BUL-B225W-Y,PCS,Kobena 5W E27,Kobena 5W E27,no
BNW-B&N-RBN-204-BOX,BOX,Sr G. I Boit & Nut 1/4 X 1/2 (box),Sr G. I Boit & Nut 1/4 X 1/2 (box),no
CLI-ELE-CAB-04MM100'S,BOX,Cable Clip 4MM/100'S (bd),Cable Clip 4MM/100'S (bd),no
"COC-BASIN-K400C-1/2""",PCS,Washbasin Tap:c/p Cross-type 1/2,Washbasin Tap:c/p Cross-type 1/2,no
COC-STO-B1198,PCS,1/2 Bliton Stopcock,1/2 Bliton Stopcock,no
CON-CAB-CLAMP-600AMP,PCS,Gloweld Earth Clamp,Gloweld Earth Clamp,no
COV-HAR-SIC-FS-916,PCS,Fiesto Folding Sickle,Fiesto Folding Sickle,no
CUT-ELE-EDM-4100,PCS,4 X 100 Gold Elephant Mop Disc,4 X 100 Gold Elephant Mop Disc,no
FAS-ANC-PJA-12100,BOXES,Sh P. J. Anchor 1/2 X 4 (BOXES),Sh P. J. Anchor 1/2 X 4 (BOXES),no
"FAS-RIV-PAT-1/8""X5/16""-PCK",PCK,Blind Rivet: Jaguar 1/8 X 5/16 (20PCS/PCK),Blind Rivet: Jaguar 1/8 X 5/16 (20PCS/PCK),no
"FIT-HDPE-ELB-FEM-20MMX1/2""",PCS,Wall Plate Female Elbow 20MM X 1/2,Wall Plate Female Elbow 20MM X 1/2,no
GUN-TRA-F32,PCS,Air Tracker - F32,Air Tracker - F32,no
HHD-HAN-LEV-LOW,PCS,Low Level Handle,Low Level Handle,no
"IND-CAS-SWI-BRA-1""",PCS,1 DL5 Tpe 360 Degree Swivel Caster W Brakes,1 DL5 Tpe 360 Degree Swivel Caster W Brakes,no
"IND-FEN-2.1/2""X6'",ROLL,6 X 2.1/2 X 10G X 50 PVC Fencing,6 X 2.1/2 X 10G X 50 PVC Fencing,no
IND-NET-FIB-5'X25M-FTS,ROLL,Fiberglass Netting 5,Fiberglass Netting 5,no
INS-FWF04-SC,NOS,Seat & Cover,Seat & Cover,no
OIL-CAN-1L,PCS,Oil Can 1L,Oil Can 1L,no
PAI-BRU-NIP-TR836N,PCS,3 Synthetic Paint Brush 750,3 Synthetic Paint Brush 750,no
SCP-FIL-POW-1.8KG,BOX,1.8KG Scin Powder Filla,1.8KG Scin Powder Filla,no
SHH-REEL-GM3000,PCS,Haojia Fishing Reel 12BB GM3000,Haojia Fishing Reel 12BB GM3000,no
SHH-ROD-AGS562,PCS,"Hytac Avengers Rod (5'6"")","Hytac Avengers Rod (5'6"")",no
SWI-SOC-MK-NEO-S8423,PCS,Mk 20AX 1 GANG Dp Switch + Neon,Mk 20AX 1 GANG Dp Switch + Neon,no
SWI-T/SOC-9822-5M2G,SET,2GL T/skt W/surge (sr) 9822/5M,2GL T/skt W/surge (sr) 9822/5M,no
"TIE-CAB-BLA-8""",PKT,8 Black Cable Tie (20PCS/PCK),8 Black Cable Tie (20PCS/PCK),no
"TOO-DRV-STA-PH2-1/4""X05""-9960651680",PCS,"Cushion Grip S/dr PHILIPS-1/4""X5""X2PT ( 2X125MM)","Cushion Grip S/dr PHILIPS-1/4""X5""X2PT ( 2X125MM)",no
VAL-BAL-VIP-FF12MM,PCS,1/2 Vip Chrome Mini Valves 323FF,1/2 Vip Chrome Mini Valves 323FF,no
AER-4MRT44,PCS,Aerico 4MRT44,Aerico 4MRT44,no
AER-6MC6,PCS,Aerico 6MC6,Aerico 6MC6,no
BAT-REC-FP645-6V,PCS,First Power 6V 4.5AH Rec. Battery,First Power 6V 4.5AH Rec. Battery,no
BNW-B&N-RBN-212,PCK,Sr G. I Boit & Nut 1/4 X 1 1/4 (5PCS/PCK),Sr G. I Boit & Nut 1/4 X 1 1/4 (5PCS/PCK),no
"BRO-HAN-RAKE-5'X1-1/8""",PCS,5 X 1-1/8 Rake Handle,5 X 1-1/8 Rake Handle,no
CON-STR-OFFSET-1034,PCS,4 Toilet Straight Connector,4 Toilet Straight Connector,no
CUT-BLA-WOO-KNI10530T,PCS,"Knight Circular Saw Blade - Wood 4""X30T","Knight Circular Saw Blade - Wood 4""X30T",no
DOR-LAT-B2SS,DOZ,Leon S/steel Door LATCH-2,Leon S/steel Door LATCH-2,no
"HHD-SOC-YG379MF-1/2""X50MM",PCS,Mxf S/steel Socket 1/2 X 50MM,Mxf S/steel Socket 1/2 X 50MM,no
HOS-COU-Y-EG4022,PCS,Ecogreen- Y Snap-in Coupling,Ecogreen- Y Snap-in Coupling,no
IND-GAL-WIRE-20#-10KG/ROLL,COIL,20 X 10KG Wire,20 X 10KG Wire,no
IND-TRO-SET-KIT3203,SET,2 IN 1 Planner Set,2 IN 1 Planner Set,no
KGR-COM-1.5KG,TIN,Kangaroo Brand 1 1/2 KG Bituminous Compound,Kangaroo Brand 1 1/2 KG Bituminous Compound,no
MAR-PEN-BLUE,PCS,Sharpie Fine Point P/marker (ls)- Blue,Sharpie Fine Point P/marker (ls)- Blue,no
PAI-BRU-WOO-060MM,DOZ,Gd Wool Brush 60 MM,Gd Wool Brush 60 MM,no
SHH-REEL-HS5000,PCS,Hytac Hyperstone Reel,Hytac Hyperstone Reel,no
SHH-ROD-DX3332180,PCS,"(7'0"") Ralink Rod (casting Rod)","(7'0"") Ralink Rod (casting Rod)",no
TOO-BOX-MR.MARK-M380,UNIT,Mr. Mark Hard Tools Box,Mr. Mark Hard Tools Box,no
TOO-CLA-GW47375,PCS,Heavy G-shape Clamp 3,Heavy G-shape Clamp 3,no
TOO-COM-W0305V-22*24MM,PCS,2 Open Wrench (22*24MM),2 Open Wrench (22*24MM),no
TOO-WRE-ADJ-PIN-BLM185,PCS,Blimax Adj Pin,Blimax Adj Pin,no
TOO-WRE-PLU-T008,PCS,8MM T-plug Wrench,8MM T-plug Wrench,no
VAL-ANG-CVL-CA9003,PCS,Cavallo Angle Valve CA9003 304SS,Cavallo Angle Valve CA9003 304SS,no
WOO-HOE-BELIAN,PCS,Hoe Stick Belian,Hoe Stick Belian,no
ADH-GLU-PE1KG,SET,1KG E P Glue,1KG E P Glue,no
BAT-ENE-REC-AA-UNIV,PCK,En Rec Batt 2AA Univ,En Rec Batt 2AA Univ,no
BRO-HAN-NYL-9411,PCS,9411 Hard Nylon Broom With Handle,9411 Hard Nylon Broom With Handle,no
BRO-NYL-606,PCS,606 Wooden Nylon Drain Broom With Handle,606 Wooden Nylon Drain Broom With Handle,no
CAP-01.5UF-415V-CBB61,PCS,Capacitor 415V Sh-po Square Black,Capacitor 415V Sh-po Square Black,no
CUT-GRI-MJ021-100,PCS,Qs Grinding Wheel 4,Qs Grinding Wheel 4,no
DOR-BOL-RAI-150MM,DOZ,Rb Pad BOLT-6,Rb Pad BOLT-6,no
ELE-D/L-PHL-59467-SQ-6500K,SET,59467 Meson 17 1200 150 Square 6500K,59467 Meson 17 1200 150 Square 6500K,no
ELE-PEN-CD-87020/3,PCS,Pendant Light CD-87020/3,Pendant Light CD-87020/3,no
ELE-PEN-DX-9001/1,PCS,Pendant Light DX-9001/1,Pendant Light DX-9001/1,no
"ELE-PVC-CAS-2""X3""",LGTH,Kancil 2 X 3 X6FT PVC Casing,Kancil 2 X 3 X6FT PVC Casing,no
ELE-TUB-LED-4-60W-6500K,PCS,Cielo Frs -4T/T8/60W/DL LED T8 Tube,Cielo Frs -4T/T8/60W/DL LED T8 Tube,no
FAN-CEI-KHI-REM-SBE,PCS,Fan Regulator,Fan Regulator,no
FAS-BOL-EXP-TRAC130-M8X90X50,PCS,M8 X 90 X 50 Brain Hook Expansion Bolt,M8 X 90 X 50 Brain Hook Expansion Bolt,no
"FAS-SCR-DRY-WHI-6#1.1/4""",PCK,Hunter/wh - Drywall Screw 6 (20PCS/PCK) X1-1/4,Hunter/wh - Drywall Screw 6 (20PCS/PCK) X1-1/4,no
FDD-CON-FEM-YEL-5.5,PCK,Female Disconnect - Yellow (5.5) (20PCS/PCK),Female Disconnect - Yellow (5.5) (20PCS/PCK),no
FIL-GAU-W2868A,PCS,Filler Gauges 100MM*14,Filler Gauges 100MM*14,no
"FIT-HDPE-ELB-FEM-25MMX1/2""",PCS,Wall Plate Female Elbow 25MM X 1/2,Wall Plate Female Elbow 25MM X 1/2,no
FIT-PVC-ELB-20MMX15MM,PCS,"PVC Fitting Elbow Reducing 3/4""X1/2","PVC Fitting Elbow Reducing 3/4""X1/2",no
HOO-S-3PCS-ZT2093,PCK,Zheng Tu 3PCS S Shape Hook Small,Zheng Tu 3PCS S Shape Hook Small,no
"IND-CAS-FIX-1""",PCS,1 DL5 Tpe Fixed Caster,1 DL5 Tpe Fixed Caster,no
"IND-CAS-SWI-TSC-2""",PCS,2 DL5 Tpe Threaded Stem Swivel Caster,2 DL5 Tpe Threaded Stem Swivel Caster,no
LAD-ALU-AT-DS10,UNIT,At 10 Step D/side Aluminium Ladder,At 10 Step D/side Aluminium Ladder,no
LEO-S/S-LOC-BOL-LB304-6,PCS,Leon 6 S/steel Lockble,Leon 6 S/steel Lockble,no
NAI-ROO-TWI-BLUE,BAG,2-1/2 Twist Roofing Nails (blue),2-1/2 Twist Roofing Nails (blue),no
NUM-80MM-9,PCS,Acp Numbering 80MM - 9,Acp Numbering 80MM - 9,no
RIG-HOO-ALL-0.75TON,PCS,Alloy Hook 0.75TON,Alloy Hook 0.75TON,no
SHE-CAB-CB476-GM,PCS,Cabana Corner Shelf,Cabana Corner Shelf,no
SHH-HOOK-SC4064,PKT,Surecatch Biru 406 No. 4(20'S),Surecatch Biru 406 No. 4(20'S),no
SHH-HOOK-SC4065,PKT,Surecatch Biru 406 No. 5(20'S),Surecatch Biru 406 No. 5(20'S),no
SHH-REEL-VT100,PCS,Pt Pioneer Nuke Pro (9+1BB) (r/h) Casting Reel,Pt Pioneer Nuke Pro (9+1BB) (r/h) Casting Reel,no
SWI-SOC-MK-G2977,EA,Mk Alm 13A M/c S/socket,Mk Alm 13A M/c S/socket,no
SWI-SOC-ULT-M08213W,PCS,Ultra 13A 2GANG Flat Pin Swi Soc Neon-whi (M08213W),Ultra 13A 2GANG Flat Pin Swi Soc Neon-whi (M08213W),no
TAB-SHE-PVC-Y068A,MTR,ZT-032 PVC Sheet,ZT-032 PVC Sheet,no
TOO-DRV-ASD43-,PCS,4 X 3MM (-) Arrow High Grip Screwdriver,4 X 3MM (-) Arrow High Grip Screwdriver,no
TOO-HAM-CLA-W2611,PCS,Claw Hammer Trp/plastic,Claw Hammer Trp/plastic,no
TOPLUS-224-07L,CAN,7L Toplus Emulsion 224 Moonlight,7L Toplus Emulsion 224 Moonlight,no
TOPLUS-GOLD-5L-C,CAN,5L Toplus Gold C Base,5L Toplus Gold C Base,no
CLI-HOS-PVC-13-23,PCS,7/8 S/steel Hose Clip With PVC Handle 13-23,7/8 S/steel Hose Clip With PVC Handle 13-23,no
COC-BIB-LION18,PCS,Brass Bib Cock - Lion Brand 18 MM,Brass Bib Cock - Lion Brand 18 MM,no
CUT-ELE-EDM-4240,PCS,4 X 240 Gold Elephant Mop Disc,4 X 240 Gold Elephant Mop Disc,no
CUT-KNI-HX338,BOX,Tct A80 N. T Cutter Blade (10PCS/BOX),Tct A80 N. T Cutter Blade (10PCS/BOX),no
DOR-HIN-BRI-100MM,DOZ,Iron Hinges Bright 4,Iron Hinges Bright 4,no
LAD-H/D-STRO-SS10,UNIT,S/sided H/d Ladder 10 Step,S/sided H/d Ladder 10 Step,no
RAI-COA-SUP-XXL,PCS,Supersonic PVC Rain Coat : 2XL,Supersonic PVC Rain Coat : 2XL,no
ROO-ZIN-SHE-06'X35G,PCS,Corrugated Steel Zinc 6 X 35G,Corrugated Steel Zinc 6 X 35G,no
SHH-LINE-L/G-OHML30,PCS,Omega Hayasu Mono Line (rainbow) 30LBS,Omega Hayasu Mono Line (rainbow) 30LBS,no
SHH-LINE-L/G-OHML8,PCS,Omega Hayasu Mono Line 8LBS (rainbows),Omega Hayasu Mono Line 8LBS (rainbows),no
SHO-HEA-05369(H),SET,Esh 500A Shower Head 05369,Esh 500A Shower Head 05369,no
STOP-LVL-TIL-STP-4017,PACK,PVC Tile Leveling Stopper (90PCS+-/PCK),PVC Tile Leveling Stopper (90PCS+-/PCK),no
SWI-LAM-HOL-SE220E-E27,PCS,E27 Battern Holder - White,E27 Battern Holder - White,no
SWI-SOC-ELE-PTBK400,PCS,400MM Power Tracks (surface)-black (BK400),400MM Power Tracks (surface)-black (BK400),no
TOO-COM-IRO-BUL-24MM,PCS,24MM Iron Bull Spanner,24MM Iron Bull Spanner,no
TOO-COM-W0305H-11*13MM,PCS,2 Open Wrench (11*13MM),2 Open Wrench (11*13MM),no
TOO-SPA-BEN-BLK-12MM,LGHT,BAR Bender: (m) Black 1/2,BAR Bender: (m) Black 1/2,no
TOO-WRE-DOU-1417,PCS,Double Flexible Socket Wrench 14 X 17MM,Double Flexible Socket Wrench 14 X 17MM,no
TOPLUS-GOLD-5L-D,CAN,5L Toplus Gold D Base,5L Toplus Gold D Base,no
VAL-BAL-VIP-MF12MM,PCS,1/2 Vip Chrome Mini Valves 323MF,1/2 Vip Chrome Mini Valves 323MF,no
VAL-CAB-CSK15A,UNIT,Cabana Stop Valve 3/4,Cabana Stop Valve 3/4,no
BNW-B&N-RBN-112,PCK,Sr G. I Boit & Nut 3/16 X 1 1/4 (12PCS/PCK),Sr G. I Boit & Nut 3/16 X 1 1/4 (12PCS/PCK),no
BRO-NYL-609,PCS,609 Wooden Nylon Drain Broom With Handle,609 Wooden Nylon Drain Broom With Handle,no
CAP-02.5UF-415V-CBB61,PCS,Capacitor 415V Blnch Square Black (sh-po),Capacitor 415V Blnch Square Black (sh-po),no
CAR-WAS-SHI-1L,PCS,Aa Car Care Wash&shine (premium) 1000ML,Aa Car Care Wash&shine (premium) 1000ML,no
CUT-DIS-W2451-100,PCS,4 Cutting Wheel,4 Cutting Wheel,no
CUT-KNI-HOL-JM-80,PCS,Jayamata Knives Stainless Steel,Jayamata Knives Stainless Steel,no
CUT-KNI-W550RP,PCS,Utility Knife W550RP,Utility Knife W550RP,no
CUT-KNI-W900RPB,PCS,Utility Knife W900RP,Utility Knife W900RP,no
CYL-LOC-EPO-C101L-ORB,SET,Epo Cylindrical Lock (C101-L Orb),Epo Cylindrical Lock (C101-L Orb),no
DZ-GEN-TG-30,PCS,Tool Grease,Tool Grease,no
FLO-PVC-NO.26901,ROLL,PVC Flooring No. 517-03,PVC Flooring No. 517-03,no
GAS-LIG-METAL,PCS,Spark L Lighter,Spark L Lighter,no
HOO-SNA-SS-6MM,PCS,S/s Snap Hook 6MM X 60MM,S/s Snap Hook 6MM X 60MM,no
LEO-SUS304-S/S-BIB-L133,PCS,Leon Sus 304 S/steel,Leon Sus 304 S/steel,no
PEN-ECO100-4KG,PAIL,Eco 100 Waterproofing,Eco 100 Waterproofing,no
PLA-MAT-EAW1100,ROLL,Elephant-king Anti-weed Mat (pp) 1M X 100M,Elephant-king Anti-weed Mat (pp) 1M X 100M,no
SAF-SLI-GLO-2TON5M,LGTH,Webbing Sling (glolift) 50MM 2 Ton X 5M,Webbing Sling (glolift) 50MM 2 Ton X 5M,no
SHE-CAB-CB474-GM,PCS,Cabana Shelf Gm 350 X 140 X 56MM,Cabana Shelf Gm 350 X 140 X 56MM,no
SHH-HOOK-9290BN14,PKT,Sode Hook No. 14(13'S),Sode Hook No. 14(13'S),no
SHH-HOOK-EWDX40006,PKT,No. 6(20'S) Eagle Wave Hook,No. 6(20'S) Eagle Wave Hook,no
SHH-ROD-CRF200XH,PCS,Pt Pioneer Crossfire Xh (4+1BB)(R/H) Casting Reel,Pt Pioneer Crossfire Xh (4+1BB)(R/H) Casting Reel,no
SHH-ROD-EJ150,PCS,"Torikumu Ebi Light (4'0"") Prawn Rod","Torikumu Ebi Light (4'0"") Prawn Rod",no
SWI-SOC-ULT-M022MG,PCS,Ultra 16A 2 GANG 2 Way-matte Grey (M022MG),Ultra 16A 2 GANG 2 Way-matte Grey (M022MG),no
SWI-SOC-ULT-M074MG,PCS,Ultra 1GANG Data Out (RJ45)-MAT Grey (M074MG),Ultra 1GANG Data Out (RJ45)-MAT Grey (M074MG),no
TOO-WRE-MARS,PCS,Mars No. 5 Adj Tap & Reamer Wrench (M4-M12),Mars No. 5 Adj Tap & Reamer Wrench (M4-M12),no
WEL-REG-YAM-OXY,PCS,Yamato Regulatuor - YR70 Oxygen,Yamato Regulatuor - YR70 Oxygen,no
BRU-RAD-4X642R,PCS,"1-1/2""X642R Radiator Brush","1-1/2""X642R Radiator Brush",no
COV-HAR-SIC-JM-228,PCS,Sickle Harvesting Palm Oil PVC Cover 30,Sickle Harvesting Palm Oil PVC Cover 30,no
CUT-BLA-LB50H-18MM,BOX,Tajima 501 Spare Blade -18MM (1BOX=10PCS),Tajima 501 Spare Blade -18MM (1BOX=10PCS),no
ELE-GRW-32A1PMCB,EA,Grow 32A 1P Mcb,Grow 32A 1P Mcb,no
FAS-SCR-ZPH-DSMHO625-BOX,BOX,Sr Zph Self Drilling Screw (500PCS/BOX) DSM-HO625,Sr Zph Self Drilling Screw (500PCS/BOX) DSM-HO625,no
LAD-H/D-STRO-SS06,UNIT,S/sided H/d Ladder 6 Step,S/sided H/d Ladder 6 Step,no
PUM-TOI-003S,PCS,Small Toilet Vacuum Pump,Small Toilet Vacuum Pump,no
SCA-CAM-DIG-3100072,PCS,Digital Luggage Scale,Digital Luggage Scale,no
SHE-CAB-CB504A,UNIT,Cabana Glass Shelf CB504A,Cabana Glass Shelf CB504A,no
SHH-FIG-BRA-LIN-4X-20LB,PCS,Shuttle 4X Braided Line 100M (20LB) (dark Green),Shuttle 4X Braided Line 100M (20LB) (dark Green),no
SHH-FIG-BRA-LIN-4X-40LB,PCS,Shuttle 4X Braided Line 100M (40LB) (dark Green),Shuttle 4X Braided Line 100M (40LB) (dark Green),no
SHH-FIG-BRA-LIN-4X-80LB,PCS,Shuttle 4X Braided Line 100M (80LB) (dark Green),Shuttle 4X Braided Line 100M (80LB) (dark Green),no
SHH-REEL-TKEB4002S,PCS,"Torikumu Ebi U. Light (4'0"")(PRAWN ROD)(GUIDE7'S)","Torikumu Ebi U. Light (4'0"")(PRAWN ROD)(GUIDE7'S)",no
SHO-HAN-HDLE-8040,PC,Hand Shower Handle Only 8040,Hand Shower Handle Only 8040,no
SPO-SCR-SCH,PCS,Sponge Scrub,Sponge Scrub,no
TAP-BIB-QBC01W,PCS,Jopex PVC BIBTAP-QBC01W,Jopex PVC BIBTAP-QBC01W,no
"TOI-CON-4""X2""",NOS,WC Connector 4 X 2,WC Connector 4 X 2,no
TOO-COM-IRO-BUL-19MM,PCS,19MM Iron Bull Spanner,19MM Iron Bull Spanner,no
TOO-RUL-SSS-6289-1M,PCS,Steel Ruler 1M,Steel Ruler 1M,no
WAT-NOZ-ADP-026B,PCS,Gardenu 026B Water Nozzle Adaptor - Brs,Gardenu 026B Water Nozzle Adaptor - Brs,no
WEL-REG-YAM-ACT,PCS,Yamato Regulatuor - YR71 Acetylene,Yamato Regulatuor - YR71 Acetylene,no
BAT-PSN-LIT3V-CR-1616/5BE,PCS,CR-1616/5B Lithium 3V,CR-1616/5B Lithium 3V,no
BIB-TAP-K2B-LT8114,PCS,Luxtec Wall Bibtap K2B-LT8114,Luxtec Wall Bibtap K2B-LT8114,no
BLA-SAW-TCT-4X30T,PCS,"Blimax Tct Saw BLADE-4""X30T","Blimax Tct Saw BLADE-4""X30T",no
BURR-CAR-T.C.T-AX1020,PCS,Blimax Carbide BURR-AX1020,Blimax Carbide BURR-AX1020,no
BURR-CAR-T.C.T-CX1020,PCS,Blimax Carbide BURR-CX1020,Blimax Carbide BURR-CX1020,no
CAR-WAS-SNOW-500ML,PCS,Aa Care Care Snow Wash (premium) 500ML,Aa Care Care Snow Wash (premium) 500ML,no
"CLI-HOS-GP-6""",PCS,Gp S/steel Hose CLIP-6 (102-152MM),Gp S/steel Hose CLIP-6 (102-152MM),no
"COC-BASIN-K400L-1/2""",PCS,Washbasin Tap:cp L/type Pillar 1/2,Washbasin Tap:cp L/type Pillar 1/2,no
CUT-KNI-RG335,PCS,Rigang Plastic Cutter,Rigang Plastic Cutter,no
CUT-PVC-PER-KNI,PCS,Pepper Knife With PVC Handle,Pepper Knife With PVC Handle,no
ELE-METW0452,PCS,Digital Multi-meter W0452,Digital Multi-meter W0452,no
"FAS-SCR-CSK-1"" X 8G-PCK",PCK,Sr Csk Tapping Screw 1 X 8G (20PCS/PCK),Sr Csk Tapping Screw 1 X 8G (20PCS/PCK),no
FIT-YG251A-SOC-8MM-BRA,PCS,T Brass Connector 8MM,T Brass Connector 8MM,no
GUN-SPR-F75S,SET,Blimax H/p Spray Gun - F75S,Blimax H/p Spray Gun - F75S,no
HHD-FLO-BAL-18MM,PCS,3/4 Poly Ball Only Black Colour,3/4 Poly Ball Only Black Colour,no
IND-UMB-ROU-7-KH801,PCS,7 Sun Umbrella With Stand-round,7 Sun Umbrella With Stand-round,no
IND-WIR-PVC-BIRD-NET-BLK,MTR,Bird Netting (black),Bird Netting (black),no
MDD-CON-MALE-YELLOW-10PC/PCK,PCK,Male Disconnects - Yellow (6MM) (10PCS/PCK),Male Disconnects - Yellow (6MM) (10PCS/PCK),no
NUM-80MM-1,PCS,Acp Numbering 80MM - 1,Acp Numbering 80MM - 1,no
PAI-BRU-NIP-TR834N,PCS,2 Synthetic Paint Brush 750,2 Synthetic Paint Brush 750,no
SHH-HOOK-1920SS1,PKT,No. 1 Eupro Fishing Hook (7'S),No. 1 Eupro Fishing Hook (7'S),no
SHH-HOOK-45708-NO.11,PKT,2908 No. 6 Eupro Prawn Hook (15'S),2908 No. 6 Eupro Prawn Hook (15'S),no
SHH-LINE-WHI-NO.10,PCS,(bs)long White M. L No. 10,(bs)long White M. L No. 10,no
SHH-LINE-WHI-NO.40,PCS,(bs)long White M. L No. 40,(bs)long White M. L No. 40,no
SHH-PLA-NET-NEEDLE-NO.4-GRE,PCS,Plastic Net Needle No. 4 (green),Plastic Net Needle No. 4 (green),no
SHH-SINKER-HOLE-NO.2,PCK,Hole Sinker No. 2 (10PCS/PCK),Hole Sinker No. 2 (10PCS/PCK),no
SHH-SINKER-HOLE-NO.4,PCK,Hole Sinker No. 4 (3PCS/PCK),Hole Sinker No. 4 (3PCS/PCK),no
SPR-BID-MMAN-2254#,PCS,M'man Toilet Sprayer Head (chrome) - 2254,M'man Toilet Sprayer Head (chrome) - 2254,no
STO-MOU-A11-22X250,PCS,Mounted Stone:k-prix Korea A11 (22X50),Mounted Stone:k-prix Korea A11 (22X50),no
SWI-SOC-ULT-M08913W,PCS,Ultra 13A Multiple Swi Soc Neon-whi (M08913W),Ultra 13A Multiple Swi Soc Neon-whi (M08913W),no
SWI-T/SOC-FLE-6144NS,SET,T/skt W/surge Sp TS-4GL-540A FLE-6144NS,T/skt W/surge Sp TS-4GL-540A FLE-6144NS,no
TIE-CAB-WHI-300MM,PCK,"White PVC Cable Ties 300MM (12"")","White PVC Cable Ties 300MM (12"")",no
TOO-COM-IRO-BUL-12MM,PCS,12MM Iron Bull Spanner,12MM Iron Bull Spanner,no
TOO-DRV-ASD63+,PCS,6 X 3MM (+ ) Arrow High Grip Screwdriver,6 X 3MM (+ ) Arrow High Grip Screwdriver,no
TOO-OPE-MBSP012,SET,8 IN 1 Faucet & Sink Opener Tools,8 IN 1 Faucet & Sink Opener Tools,no
TOO-PLI-LOC-GRI-W6010,PCS,Lock-grip Pliers C6010 CR250MM,Lock-grip Pliers C6010 CR250MM,no
TOO-WRE-AIR-RT1206K,UNIT,Rotake 1/4 Air Die Grinder Kit,Rotake 1/4 Air Die Grinder Kit,no
BAT-STA-SB202,PCS,Battery V20 2.0AH Lithium-ion,Battery V20 2.0AH Lithium-ion,no
BNW-B&N-RBN-240-PCK,PCK,Sr G. I Boit & Nut 1/4 X 4 (10PCS/PCK),Sr G. I Boit & Nut 1/4 X 4 (10PCS/PCK),no
CLI-HOS-ORB-00,PCS,Orbit Hose Clip No : 00,Orbit Hose Clip No : 00,no
DRI-SAW-A68-6MM,PCS,Sawman A68 Multi Purpose Drill Bit 6MM,Sawman A68 Multi Purpose Drill Bit 6MM,no
FAS-BAN-STE-17MM,ROLL,Sh Steel Band 17MM X 10M,Sh Steel Band 17MM X 10M,no
FAS-RIV-PAT-5/32X5/8-PCK,PCK,Blind Rivet: Jaguar 5/32 X 5/8 (20PCS/PCK),Blind Rivet: Jaguar 5/32 X 5/8 (20PCS/PCK),no
PAI-BRU-NIP-STEEL-TR880,PCS,Steel Wired Paint Brush (N10),Steel Wired Paint Brush (N10),no
PAI-SPR-ANC-C018**,PCS,400ML Anchor Spray - C018** Decorative Chrome,400ML Anchor Spray - C018** Decorative Chrome,no
PAI-TRA,PCS,PVC Roller Tray,PVC Roller Tray,no
PLA-SHE-27KG-36010,ROLLS,36 X 0.10 Pe/ Sheet 27KG,36 X 0.10 Pe/ Sheet 27KG,no
PYE-FIL-WAL-PUTTY-1.5KG-B,TIN,PYE Wall Filla E Putty 1.5KG (yellow Cap),PYE Wall Filla E Putty 1.5KG (yellow Cap),no
RIKB-KEY-BOX-IRON-45050(54),PCS,Rikb 54 Rod Iron Key Box,Rikb 54 Rod Iron Key Box,no
SCI-S/STEEL-135,PCS,Confu Hair Clipper,Confu Hair Clipper,no
SHH-BLA-NET-NO.6,PCS,"Black Net No. 6 (2 1/2"") 6.0CM)","Black Net No. 6 (2 1/2"") 6.0CM)",no
SHH-FISH-NET-0.15D-35MM-30MD/6A,PCS,35MM (25YDS)C,35MM (25YDS)C,no
SHH-PLA-NET-NEEDLE-NO.3-GRE,PCS,Plastic Net Needle No. 3 (green),Plastic Net Needle No. 3 (green),no
SHH-ROD-TKKT28032S,PCS,"Torikumu Kotai Ii Medium (8'0"") Rod","Torikumu Kotai Ii Medium (8'0"") Rod",no
SHH-SWIVEL-SNAP-NO.2,PKT,Nickel Snap Swivel No. 2,Nickel Snap Swivel No. 2,no
SHO-BID-NOZZ-SN66,PCS,Vip Stainless Steel Spray Nozzle,Vip Stainless Steel Spray Nozzle,no
SHO-HEA-05375(H),SET,Esh 509 Shower Head 05375,Esh 509 Shower Head 05375,no
SWI-ADA-MS-PT09,PCS,"Morries Travel Adaptor For Europe, Middle East&south America","Morries Travel Adaptor For Europe, Middle East&south America",no
TAP-CAB-CB1518SS,PCS,Cabana S/s Pillar Mounted Kitchen Tap -CB1518SS,Cabana S/s Pillar Mounted Kitchen Tap -CB1518SS,no
TOO-COM-IRO-BUL-26MM,PCS,26MM Iron Bull Spanner,26MM Iron Bull Spanner,no
WAL-PLU-S/S-80MM,PCS,304 S/steel Wall Plug M10 X 80MM,304 S/steel Wall Plug M10 X 80MM,no
ADH-ALT-110,DOZ,Alteco Super Glue 110 (twin Pack),Alteco Super Glue 110 (twin Pack),no
BAT-CHA-ENE-4AAA-700MAH,PCS,Ener Rech 4AAA,Ener Rech 4AAA,no
BLI-HSS-HOL-SAW-32MM,PCS,Blimax Hss Hole SAW-32MM,Blimax Hss Hole SAW-32MM,no
BRO-FENG-SHUI,PCS,Feng Shui Broom,Feng Shui Broom,no
CUT-DIS-MARK-12400-04G,PCS,Mr. Mark 4 X 16MM Grinder Disc./abr. Wheel,Mr. Mark 4 X 16MM Grinder Disc./abr. Wheel,no
CUT-TIL-MDSI-114688,PCS,Mdsi (MD-09008) Tile Cutter Wheel With Bearing (thin),Mdsi (MD-09008) Tile Cutter Wheel With Bearing (thin),no
ELE-LED-SOL-SF-1000W-6500K,PCS,Hermanns Solar Flood Light 65K,Hermanns Solar Flood Light 65K,no
"ELE-PVC-CAS-2""X2""",LGTH,Kancil 2 X 2 X6FT PVC Casing,Kancil 2 X 2 X6FT PVC Casing,no
GAR-HOE-C0504,PCS,3D Spring Steel Hoe-d Hole Type,3D Spring Steel Hoe-d Hole Type,no
GAS-REG-AZ181,PCS,"LPG High Pressure Regulator Nozzle (1/4"")","LPG High Pressure Regulator Nozzle (1/4"")",no
GRA-CAB-CB6408,PCS,Cabana Floor Trap 15*15CM,Cabana Floor Trap 15*15CM,no
IND-FOI-D/S-1.2MX25M,MTR,Glofoil Alum Foil Double Side (GT120),Glofoil Alum Foil Double Side (GT120),no
PAI-BRU-086-50MM,DOZ,086 Cs Nylon Paint Brush 2,086 Cs Nylon Paint Brush 2,no
PAI-STCND2554,PCS,4G Plastic Pail,4G Plastic Pail,no
RAI-SUI-SUP-XXL,PCS,Supersonic PVC Rain Suit Trouser : 2XL,Supersonic PVC Rain Suit Trouser : 2XL,no
RAI-SUI-SUP-XXXL,PCS,Supersonic PVC Rain Suit Trouser : 3XL,Supersonic PVC Rain Suit Trouser : 3XL,no
SAF-SLI-GLO-2TON2M,LGTH,Webbing Sling (glolift) 50MM 2 Ton X 2M,Webbing Sling (glolift) 50MM 2 Ton X 2M,no
SCP-FIL-WOO-TEAK-500G,CAN,500G Skim Wood Filla (teak),500G Skim Wood Filla (teak),no
SHH-LINE-WHI-NO.100,PCS,(bs)long White M. L No. 100,(bs)long White M. L No. 100,no
SHH-LINE-WHI-NO.70,PCS,(bs)long White M. L No. 70,(bs)long White M. L No. 70,no
SHH-REEL-TKEB3802S,PCS,"Torikumu Ebi U. Light (3'8"")(PRAWN Rod)","Torikumu Ebi U. Light (3'8"")(PRAWN Rod)",no
SHH-SINKER-HOLE-NO.6,PCK,Hole Sinker No. 6 (1PC/PCK),Hole Sinker No. 6 (1PC/PCK),no
SWI-SOC-ULT-M011MG,PCS,Ultra 16A 1 GANG 1 Way-matte Grey (M011MG),Ultra 16A 1 GANG 1 Way-matte Grey (M011MG),no
TAP-CAB-CB2831,PCS,Hose Bib Tap,Hose Bib Tap,no
TOO-CLA-GW473100,PCS,Heavy G-shape Clamp 4,Heavy G-shape Clamp 4,no
"TOO-SPA-BEN-3/8""",PCS,3/8 Iron Bender,3/8 Iron Bender,no
WIN-LOU-YNC-9B,SET,9B Yunco Louvres Window,9B Yunco Louvres Window,no
AER-4MC6,PCS,Aerico 4MC6,Aerico 4MC6,no
"BRO-HAN-7/8"" x 48 x(S)",PCS,7/8 X 4 X (s) Broom Handle,7/8 X 4 X (s) Broom Handle,no
ELE-PEN-A8/1-E27,PCS,Pendant Light A8-1,Pendant Light A8-1,no
"FAS-RIV-PAT-3/16""X5/8""-PCK",PCK,Blind Rivet: Jaguar 3/16 X 5/8 (20PCS/PCK),Blind Rivet: Jaguar 3/16 X 5/8 (20PCS/PCK),no
"FAS-SCR-TAP-CSK-8#1 1/2""-BOX",BOX,8 X1-1/2 Csk Self Tap Scrw- Flat Head (1000PCS/BOX),8 X1-1/2 Csk Self Tap Scrw- Flat Head (1000PCS/BOX),no
GALVD-MS-NUT-5/16'',KGS,Galvd MS NUT5/16,Galvd MS NUT5/16,no
GAR-HOE-CANG-KUL-SHORT,PCS,Short Iron Mini Hoe,Short Iron Mini Hoe,no
GAR-SIC-D0802,PCS,Df Sickle & Durian Flower Sickle,Df Sickle & Durian Flower Sickle,no
HAR-ADH-INS-SUP-20G-6495,PCS,Super Instant Adhesive : Hardex 20G 6495,Super Instant Adhesive : Hardex 20G 6495,no
KOYA-OIL-LUB-120ML,PCS,120ML Koya Multi Use Lubricating Oil,120ML Koya Multi Use Lubricating Oil,no
LAS-MK-CON-2024,SET,Mark-x 05 Line Laser Level 360° Rotary Laser,Mark-x 05 Line Laser Level 360° Rotary Laser,no
NAI-ROO-SUP-P65MM,PCK,E. G Roofing Nail - Plain 65MM 1KGS,E. G Roofing Nail - Plain 65MM 1KGS,no
PUM-OIL-PVC-4GAL,DOZ,4 Gal Korea Oil Pump,4 Gal Korea Oil Pump,no
RIC-COO-PSN-SR-E28A-LL,PCS,2.8L Conventional R/c (lily White),2.8L Conventional R/c (lily White),no
SANDEX-VEL-PAD-M14,PCS,"Sandex 7 Velcro Backing Pad, M14","Sandex 7 Velcro Backing Pad, M14",no
SAS-HOR-BH-12,BOX,Sasaki Back Up Horn,Sasaki Back Up Horn,no
SHH-HOO-4206-NO.4,PKT,4206 No. 4 Galah Hook (20'S),4206 No. 4 Galah Hook (20'S),no
SHH-HOOK-9290BN12,PKT,Sode Hook No. 12(15'S),Sode Hook No. 12(15'S),no
SHH-HOOK-SC4062,PKT,Surecatch Biru 406 No. 2(20'S),Surecatch Biru 406 No. 2(20'S),no
SHH-ROD-2511400,PCS,Santec 2511-400 Puyu Solid Pole (4MTR),Santec 2511-400 Puyu Solid Pole (4MTR),no
SHH-ROD-MGP3003,PCS,Santec 2506-200 Puyu Z Pole (IF2002),Santec 2506-200 Puyu Z Pole (IF2002),no
SHH-ROD-TKKT9042S,PCS,"Torikumu Kotai Med-hvy Tk-kt (9'0"") Rod (m/heavy)","Torikumu Kotai Med-hvy Tk-kt (9'0"") Rod (m/heavy)",no
TIE-CAB-BLA-200MM,PCK,"Black PVC Cable Ties 200MM (8"")","Black PVC Cable Ties 200MM (8"")",no
VER-MAR-3M-DG3SM,PCS,3M Side Marking,3M Side Marking,no
WIN-LOU-YNC-7B,SET,7B Yunco Louvres Window,7B Yunco Louvres Window,no
BAT-PSN-LIT3V-CR-1620/5BE,PCS,CR-1620/5B Lithium 3V,CR-1620/5B Lithium 3V,no
CAR-WAS-SNOW-1L,PCS,Aa Care Care Snow Wash (premium) 1000ML,Aa Care Care Snow Wash (premium) 1000ML,no
DOR-HIN-BLK-100MM,DOZ,Iron Hinges Black 4 (DOZ),Iron Hinges Black 4 (DOZ),no
"DRI-BIT-3/8""XM10",PCS,3/8 X M10 X 1.5MM Sensui Hole Saw Hex Sh,3/8 X M10 X 1.5MM Sensui Hole Saw Hex Sh,no
DRIL-COMB-BD42-16,SET,"Bossman 16PCS Combination Drill Set -metal, Wood, Masonry","Bossman 16PCS Combination Drill Set -metal, Wood, Masonry",no
FAS-ANC-PJA-0980,BOXES,Sh P. J. Anchor 3/8 X 4-1/2 (BOXES),Sh P. J. Anchor 3/8 X 4-1/2 (BOXES),no
"FAS-RIV-PAT-1/8""X1/4""-PCK",PCK,Blind Rivet: Jaguar 1/8 X 1/4 (20PCS/PCK),Blind Rivet: Jaguar 1/8 X 1/4 (20PCS/PCK),no
"FAS-RIV-PAT-3/16""X3/8""-PCK",PCK,Blind Rivet: Jaguar 3/16 X 3/8 (20PCS/PCK),Blind Rivet: Jaguar 3/16 X 3/8 (20PCS/PCK),no
"FAS-SCR-TD-HRW 525-1""",BOX,Sr Wood Spandex Screw 1 - Td-hrw 525 (BOX),Sr Wood Spandex Screw 1 - Td-hrw 525 (BOX),no
FIT-HDPE-SOC-COU-20MM,PCS,HDPE Coupler Straight Socket 20MM,HDPE Coupler Straight Socket 20MM,no
FLO-PVC-NO.25610,ROLL,PVC Flooring No. 522-06,PVC Flooring No. 522-06,no
HOS-7PAT-TRI-NOZ-40200003,PCS,Ecogreen- 7 Pattern Trigger Nozzle 2200,Ecogreen- 7 Pattern Trigger Nozzle 2200,no
KGR-KIM-300ML-9222,TIN,300ML Kangaroo Kimtone 9222,300ML Kangaroo Kimtone 9222,no
NAIL-TUFTING-TN-8220-PCK,PCK,U Clip Tufting Nail 20MM X 8.5MM (10PCS/PCK),U Clip Tufting Nail 20MM X 8.5MM (10PCS/PCK),no
PRO-COAT-Z888-NANO-1KG,BTL,Pro Z 888 Nano Waterproofing (1KG),Pro Z 888 Nano Waterproofing (1KG),no
RIG-HOO-ALL-1.0TON,PCS,Alloy Hook 1.0TON,Alloy Hook 1.0TON,no
SHH-HOOK-406-NO.5,PKT,Saki Sepit Biru 406 No. 5 (20'S),Saki Sepit Biru 406 No. 5 (20'S),no
SHH-LINE-L/G-OHML50,PCS,Omega Hayasu Mono Line (rainbows) 50LBS,Omega Hayasu Mono Line (rainbows) 50LBS,no
SHH-LINE-L/G-OSML12,PCS,Omega Shigeru Mono Line (green) 12LBS,Omega Shigeru Mono Line (green) 12LBS,no
SHH-SWIVEL-SNAP-NO.4,PKT,Nickel Snap Swivel No. 4,Nickel Snap Swivel No. 4,no
SUP-ROL-WIN,PCK,Super Airoller (25PCS/PCK),Super Airoller (25PCS/PCK),no
SWI-ADA-TRA-ES288T,PCS,Dlx 308N 13A Travel Adaptor Cw Neon,Dlx 308N 13A Travel Adaptor Cw Neon,no
SWI-SOC-ULT-M20AW,PCS,Ultra 20A Dou Pole Swi Neon-white (M20AW),Ultra 20A Dou Pole Swi Neon-white (M20AW),no
SWI-T/SOC-FLE-6122NS-2G5M,SET,T/skt W/surge Sp TS-2GLS-540A FLE-6122NS,T/skt W/surge Sp TS-2GLS-540A FLE-6122NS,no
TAB-SHE-PVC-2604,MTR,ZT-447 PVC Sheet,ZT-447 PVC Sheet,no
"TAP-BRASS-FARIS-1/2""",PCS,1/2 Faris 2581 Blue Handle Brass Garden Tap,1/2 Faris 2581 Blue Handle Brass Garden Tap,no
TOO-COM-IRO-BUL-21MM,PCS,21MM Iron Bull Spanner,21MM Iron Bull Spanner,no
X-FLO-MOC-M44100,PCS,400MM X 400MM Ceramic Tiles,400MM X 400MM Ceramic Tiles,no
X-SAF-EAR-EM9001,PCS,Picasaf 9001 Ear Muffle (NRR21),Picasaf 9001 Ear Muffle (NRR21),no
ADH-TAP-ADH-GT050,PCS,Globand Adhesive Tape 50MM X 10M,Globand Adhesive Tape 50MM X 10M,no
BNW-NUT-SS304-M06,PCS,SS 304 Nut - M06,SS 304 Nut - M06,no
CUT-ELE-EDM-41200,PCS,4 X 120 Gold Elephant Mop Disc,4 X 120 Gold Elephant Mop Disc,no
ELE-CLI-CON-10A-2WAY,PCS,Double Sided Connector Clip-white (5PCS/PCK),Double Sided Connector Clip-white (5PCS/PCK),no
ELE-MUL-TES-SUNWEI YX-360,SET,Sunwei Multi Meter Tester,Sunwei Multi Meter Tester,no
ELE-TUB-FLU-TLD-36W/54,PCS,Philips Lifemax 36W Fluo Tube D/l,Philips Lifemax 36W Fluo Tube D/l,no
"FAS-SCR-TAP-CSK-6#1""-BOX",BOX,6 X1 Tapping Screw-flat Head (1000PCS/BOX),6 X1 Tapping Screw-flat Head (1000PCS/BOX),no
FLO-PVC-353-13,ROLL,PVC Flooring No. 514-05,PVC Flooring No. 514-05,no
FLO-PVC-NO-283391-3,ROLL,PVC Flooring No. 505-11,PVC Flooring No. 505-11,no
GRA-CUT-LIN-ORA,PCK,Square Trimer Line-orange,Square Trimer Line-orange,no
"HOS-FLE-OTO-966-69MB-36""",PCS,"OTOSANI""304 Nut 36 High Pressure Flex Hose (mb)","OTOSANI""304 Nut 36 High Pressure Flex Hose (mb)",no
"HOS-FLE-VIP-PP24""",PCS,PP-24 White Nylon Vip Flexible Tube,PP-24 White Nylon Vip Flexible Tube,no
IND-RAG-COL-1KGS,KGS,Cotton Rag - Colour 1KGS,Cotton Rag - Colour 1KGS,no
LAD-H/D-STRO-SS08,UNIT,S/sided H/d Ladder 8 Step,S/sided H/d Ladder 8 Step,no
MEA-TAP-SUN-3.6M,PCS,Sunlon M. Tape 3.6M/12,Sunlon M. Tape 3.6M/12,no
NP-BAR-999-1L,UNIT,1L Bintang Automotive Refinish 999 White (basic),1L Bintang Automotive Refinish 999 White (basic),no
RIG-HOO-GRA-12MM,PCS,Clevis Grab Hook 12MM,Clevis Grab Hook 12MM,no
SAF-SLI-GLO-2TON3M,LGTH,Webbing Sling (glolift) 50MM 2 Ton X 3M,Webbing Sling (glolift) 50MM 2 Ton X 3M,no
SCP-FIL-WOO-NAT-1.5KG,CAN,1.5KG Skim Wood Filla (natural),1.5KG Skim Wood Filla (natural),no
SCP-FIL-WOO-TEAK-1.5KG,CAN,1.5KG Skim Wood Filla (teak),1.5KG Skim Wood Filla (teak),no
TAP-CAB-CB2832,PCS,CB2832-BL Bib Tap,CB2832-BL Bib Tap,no
TIE-CAB-BLA-300MM,PCK,"Black PVC Cable Ties 300MM (12"")","Black PVC Cable Ties 300MM (12"")",no
TOO-PLI-RAB-W0088B,PCS,Glated Tile Pliers 150MM,Glated Tile Pliers 150MM,no
VAL-ANG-JOP-MQWC02-SB,PCS,Jopex Angle VALVE-MQWC02SB,Jopex Angle VALVE-MQWC02SB,no
WIN-LOU-YNC-6B,SET,6B Yunco Louvres Window,6B Yunco Louvres Window,no
BLI-HSS-HOL-SAW-24MM,PCS,Blimax Hss Hole SAW-24MM,Blimax Hss Hole SAW-24MM,no
BNW-B&N-RBN-205,PCK,Sr G. I Boit & Nut 1/4 X 5/8 (10PCS/PCK),Sr G. I Boit & Nut 1/4 X 5/8 (10PCS/PCK),no
BNW-B&N-RBN-206,PCK,Sr G. I Boit & Nut 1/4 X 3/4 (10PCS/PCK),Sr G. I Boit & Nut 1/4 X 3/4 (10PCS/PCK),no
"CLI-HOS-GP-2""",PCS,Gp S/steel Hose CLIP-2 (27-51MM),Gp S/steel Hose CLIP-2 (27-51MM),no
DOR-LOC-ATL-8300,SET,Sn/et Armor Tubular Lever Lock,Sn/et Armor Tubular Lever Lock,no
ELE-LED-FLO-SOR-60W-3CLR,PCS,Ilite Solar 3CLR,Ilite Solar 3CLR,no
FIT-HDPE-BEN-ELB-20MM,PCS,HDPE Bend (elbow) 20MM,HDPE Bend (elbow) 20MM,no
GAS-REF-120ML,DOZ,Vance Gas 120ML,Vance Gas 120ML,no
HOS-SPA-NOZ-C882,PCS,C882 Quick Coupling Nozzle 3/4,C882 Quick Coupling Nozzle 3/4,no
IND-CAN-BLU,UNIT,Canopy 3 MTR X 3 MTR,Canopy 3 MTR X 3 MTR,no
IND-SLO-ANG-RUB-SHO,PCK,Rubber Shoe For Boltless Upright (4PCS/PCK),Rubber Shoe For Boltless Upright (4PCS/PCK),no
IND-UMB-SQU-8'-KH801,PCS,8 X 8 Sun Umbrella With Stand-square,8 X 8 Sun Umbrella With Stand-square,no
PAI-SPR-KIMLAC-9616,TIN,Kimlac Brand Spray Paint 9616,Kimlac Brand Spray Paint 9616,no
"PIC-HAN-GOL-1""",PCK,Golden Picture Hanger-m'sia 1 (2PAIR/PCK),Golden Picture Hanger-m'sia 1 (2PAIR/PCK),no
REM-FAN-CEI-SI11,PCS,Remote Fan - SI11,Remote Fan - SI11,no
SHH-HOOK-45708-NO.8,PKT,2908 No. 3 Eupro Prawn Hook (15'S),2908 No. 3 Eupro Prawn Hook (15'S),no
SHH-LINE-WHI-NO.150,PKT,(sf) Round White M. L. No. 150,(sf) Round White M. L. No. 150,no
SHH-LINE-WHI-NO.80,PCS,(bs)long White M. L No. 80,(bs)long White M. L No. 80,no
SHH-REEL-4400,PCS,Baitcasting Reel 19+1BB (left) Plastic PVC,Baitcasting Reel 19+1BB (left) Plastic PVC,no
SHH-YEL-HOSE-11MMX2.4MM-S-9MTR,FTS,Black Hose (11MMX2.4MM),Black Hose (11MMX2.4MM),no
SIN-WAS-SSS-A110,PCS,2.1/2 S/s Waste A110,2.1/2 S/s Waste A110,no
STO-MOU-A39-20X20,PCS,Mounted Stone:k-prix Korea A39 (20X20),Mounted Stone:k-prix Korea A39 (20X20),no
STO-MOU-M1-25X34,PCS,Mounted Stone:k-prix Korea M1 (25X34),Mounted Stone:k-prix Korea M1 (25X34),no
STO-MOU-W206-20X32,PCS,Mounted Stone:k-prix Korea W206 (20X32),Mounted Stone:k-prix Korea W206 (20X32),no
SWI-SOC-ULT-M021W,PCS,Ultra 16A 2 GANG 1 Way-white (M021W),Ultra 16A 2 GANG 1 Way-white (M021W),no
SWI-T/BOX-PP740B,SET,Extension Box Sp PP100-740B,Extension Box Sp PP100-740B,no
TOO-COM-IRO-BUL-28MM,PCS,28MM Iron Bull Spanner,28MM Iron Bull Spanner,no
TOO-TORX-W9913B,PCS,9PCS Long Arm Torx Key Set W9913B,9PCS Long Arm Torx Key Set W9913B,no
WAL-PLU-S/S-CC228-M12X100MM,PCS,S/steel Wall Plug - K103-304 M12X100MM CC228,S/steel Wall Plug - K103-304 M12X100MM CC228,no
AER-4ME8,PCS,Aerico 4ME8,Aerico 4ME8,no
BAT-TOS-AAA,BOX,Toshiba Battery Aaa (2PCS/PCK),Toshiba Battery Aaa (2PCS/PCK),no
BNW-THR-ZP-09MM,PCS,Zp Thread Rod 3/8 X 6FTS,Zp Thread Rod 3/8 X 6FTS,no
BRA-L-SSS-90X90MM,PCS,S/steel L Bracket,S/steel L Bracket,no
CUT-INS-KIT3PC,SET,Blimax 3PCS L/d Ins,Blimax 3PCS L/d Ins,no
CUT-KNI-HX18,BOX,Tct NT18 N. T Cutter Blade (10PCS/BOX),Tct NT18 N. T Cutter Blade (10PCS/BOX),no
CUT-SAW-SM5100,PCS,Sawman Mini Hacksaw,Sawman Mini Hacksaw,no
FLO-MOC-30PS13,PCS,12 X 12 Floor Tiles 30PS13,12 X 12 Floor Tiles 30PS13,no
GUN-WUF-ROC-F-78,PCS,Rockey Spray Gun F-78,Rockey Spray Gun F-78,no
HDD-STO-JM106,PCS,8 Double Col Sharpening Stone,8 Double Col Sharpening Stone,no
HOS-NOZ-TRI-ECO4464,PCS,Ecogreen-adjustable Nozzle W. Protective Cap,Ecogreen-adjustable Nozzle W. Protective Cap,no
IND-WIR-BAR-G.I-81B,ROLL,8LB GI Bared Wire,8LB GI Bared Wire,no
NAI-ROO-SUP-T65MM,PKG,E. G Roofing Nail - Twist 65MM 1KGS,E. G Roofing Nail - Twist 65MM 1KGS,no
NUM-80MM-4,PCS,Acp Numbering 80MM - 4,Acp Numbering 80MM - 4,no
"PAI-BRU-SEL-2.1/2""",PCS,2.1/2 Selleys All Purpose Paint Brush,2.1/2 Selleys All Purpose Paint Brush,no
PAI-HAN-ROC-1148#,PCS,Rockey 4.5M Twist Paint Roller 1148,Rockey 4.5M Twist Paint Roller 1148,no
SHH-HOOK-9255SS-1,PKT,Eupro Octopus S/s Hook No. 1 (10'S),Eupro Octopus S/s Hook No. 1 (10'S),no
STO-MOU-W220-25X25,PCS,Mounted Stone:k-prix Korea W220 (25X25),Mounted Stone:k-prix Korea W220 (25X25),no
TAB-PLA-ROU-3'X3'-SWM2288,SET,3 Round Plastic Table,3 Round Plastic Table,no
TAP-PIL-OTO-966-15,PCS,Otosani 304 S/steel Double Pillar Swan Tap (1F1S),Otosani 304 S/steel Double Pillar Swan Tap (1F1S),no
TOO-DRV-SET-BT8027,SET,Bt 11PCS Screwdrived Set,Bt 11PCS Screwdrived Set,no
TOO-HAM-CLA-W4438A,PCS,Fiberglass Handle Claw Hammer,Fiberglass Handle Claw Hammer,no
TOO-WRE-DOU-0809,PCS,Double Flexible Socket Wrench 08 X 09MM,Double Flexible Socket Wrench 08 X 09MM,no
X-FLO-MOC-C40071,PCS,400MM X 400MM Ceramic Glazed Tiles,400MM X 400MM Ceramic Glazed Tiles,no
AER-6MC4,PCS,Aerico 6MC4,Aerico 6MC4,no
"DRI-AUG-BIT-NO.3/4""",PCS,3/4 No. 1 Star-m Auger Bit (b),3/4 No. 1 Star-m Auger Bit (b),no
FAS-BOL-EXP-OAC130-M8X90X50,PCS,Brain Expansion Eye Bolt OAC130 M8X90X50,Brain Expansion Eye Bolt OAC130 M8X90X50,no
"FAS-SCR-TAP-CSK-10#1-1/2""",PCK,"10 X1-1/2""CSK Self Tapping Screw-flat Head (10PCS/PCK)","10 X1-1/2""CSK Self Tapping Screw-flat Head (10PCS/PCK)",no
GAR-SAW-H0801A,PCS,14 Tesra Prunning Saw With Cover,14 Tesra Prunning Saw With Cover,no
GAR-SPR-PRE-L80,PCS,8 Litre Pressure Sprayer,8 Litre Pressure Sprayer,no
GAS-REG-AZ181/B,PCS,"LPG High Pressure Regulator Nozzle (3/8"")","LPG High Pressure Regulator Nozzle (3/8"")",no
HOS-GAR-ORA-GREENLAND-2.5MM,ROLL,Mark-x Single Layer Hose Orange 16MMX2.5MMX10M,Mark-x Single Layer Hose Orange 16MMX2.5MMX10M,no
IND-PAI-BLA-V8120,PCS,12 Gallon Garbage Pail With Cover,12 Gallon Garbage Pail With Cover,no
NUM-60MM-I,PCS,Acp Alphabet 60MM - I,Acp Alphabet 60MM - I,no
PAI-BRU-730-25MM,DOZ,T&t Paint 1,T&t Paint 1,no
"PAI-ROL-REF-CRI-4""",BOX,4 Cristin Velour Refill,4 Cristin Velour Refill,no
"PAI-ROL-REF-STA-TWI-4""",PCK,4 Roller Refill-acrylic Yellow Stripe (twin Pack),4 Roller Refill-acrylic Yellow Stripe (twin Pack),no
PAI-TRA-BLU-BIG,PCS,PVC Roller Tray Big - Blue,PVC Roller Tray Big - Blue,no
RIG-HOO-ALL-2TON,PCS,Alloy Hook 2.0TON,Alloy Hook 2.0TON,no
SAF-COA-GRE,PCS,Heavy Duty Safety Coat - Green,Heavy Duty Safety Coat - Green,no
SHH-HOOK-SC4061,PKT,Surecatch Biru 406 No. 1(20'S),Surecatch Biru 406 No. 1(20'S),no
SOC-EMPTY-PP132-2G,PCS,2G Ext Box (C400/EPI132),2G Ext Box (C400/EPI132),no
STO-MOU-A5-20X28,PCS,Mounted Stone:k-prix Korea A5 (20X28),Mounted Stone:k-prix Korea A5 (20X28),no
TIM-SUM-DIG-0026,PCS,Sum 0026 24HR Digital Timer (bp),Sum 0026 24HR Digital Timer (bp),no
TOO-COM-IRO-BUL-15MM,PCS,15MM Iron Bull Spanner,15MM Iron Bull Spanner,no
TOO-COM-IRO-BUL-16MM,PCS,16MM Iron Bull Spanner,16MM Iron Bull Spanner,no
"TOO-NYL-PLU-COU-3/8""-NPH30",PCS,Nylon Quick Coupler 3/8 Hose NPH-30,Nylon Quick Coupler 3/8 Hose NPH-30,no
TOO-WRE-ADJMW2914,PCS,Mini Adjustable Wrench 200MM,Mini Adjustable Wrench 200MM,no
TOO-WRE-DOU-0810,PCS,Double Flexible Socket Wrench 08 X 10MM,Double Flexible Socket Wrench 08 X 10MM,no
VAL-BAL-ITA-25MM,PCS,Brass Ball Valve - Italy 25 MM,Brass Ball Valve - Italy 25 MM,no
X-FLO-MOC-36MW24,PCS,12 X 24 Floor Tiles,12 X 24 Floor Tiles,no
COC-STO-JOP-2SC01W,PCS,Jopex STOPCOCK-2SC01W,Jopex STOPCOCK-2SC01W,no
CUT-TUB-BLM328,PCS,Blimax Tubing,Blimax Tubing,no
DUR-BON-820-3KG,TIN,3KG 820 Durobond Contact Adhesive,3KG 820 Durobond Contact Adhesive,no
ELE-LRD-MOT-3357,BOX,Overload 3357,Overload 3357,no
GAR-SHE-TIG-8541,PCS,Telescopic Hadge Shear : Tiger Taiwai 8541,Telescopic Hadge Shear : Tiger Taiwai 8541,no
GAS-REG-ZR-2017BT,PCS,Zenne Gas Regulator,Zenne Gas Regulator,no
GRA-CUT-BLA-S8T,PCS,230MM X 8T Bossman Grass Cutter Blade,230MM X 8T Bossman Grass Cutter Blade,no
GUM-RAT-AIT-150G,PCS,Aitachi Rat Glue (s) 150G,Aitachi Rat Glue (s) 150G,no
GUM-SEL-SHOE-15ML,PCS,Selleys Shoe Glue 15ML,Selleys Shoe Glue 15ML,no
HOO-SNA-SS-5MM,PCS,S/s Snap Hook 5MM X 50MM,S/s Snap Hook 5MM X 50MM,no
HOS-FIT-PI7-103#,PCS,PI7 Hose FITTING-103,PI7 Hose FITTING-103,no
"HOS-FLE-OTO-966-68MB-24""",PCS,"OTOSANI""304 Nut 24 High Pressure Flex Hose (mb)","OTOSANI""304 Nut 24 High Pressure Flex Hose (mb)",no
"IND-UMB-SQU-11""",PCS,Hawker Umbrella - Square (11'),Hawker Umbrella - Square (11'),no
KGR-SOL-1LIT,TIN,1 Litre 508 High Solid Pva Glue,1 Litre 508 High Solid Pva Glue,no
SHH-HOO-2066-1/0,PKT,No. 2 Eupro Fishing Hook (7'S),No. 2 Eupro Fishing Hook (7'S),no
SHH-LINE-WHI-NO.200,PKT,(sf) Round White M. L. No. 200,(sf) Round White M. L. No. 200,no
SOC-PVC-BOX-6MM,PCS,PVC 2WAY Box 3/4,PVC 2WAY Box 3/4,no
SWI-SOC-ULT-M074W,PCS,Ultra 1 GANG Data Out (RJ45)-WHI (M074W),Ultra 1 GANG Data Out (RJ45)-WHI (M074W),no
TIM-NEM-MDT-269,PCS,Nem 13A 24H Mini Digital Timer,Nem 13A 24H Mini Digital Timer,no
"TOO-LEV-MAG-SENSUI-36""",PCS,36 Sensui (blue) Magnet Spirit Level,36 Sensui (blue) Magnet Spirit Level,no
TOO-WRE-KEY-ATHM-5,PCS,Arrow T Flat Hex Key (metric) With Plastic Handle - 5MM,Arrow T Flat Hex Key (metric) With Plastic Handle - 5MM,no
X-ELE-ROP-LIT-BLU,MTR,Rope Lite 5050-60(BLUE),Rope Lite 5050-60(BLUE),no
X-FLO-MOC-FW6001,PCS,FW6001 60X60CM,FW6001 60X60CM,no
BNW-THR-ZP-12MM,PCS,Zp Thread Rod 1/2 X 6FTS,Zp Thread Rod 1/2 X 6FTS,no
CAR-WAX-WAS-PRE-1L,PCS,Aa Care Care Wash&wax (premium) 1000ML,Aa Care Care Wash&wax (premium) 1000ML,no
COC-BIB-SM2008BUBBT-1/2,PCS,Somax 2008 Brass Union Ball Bibtap 1/2,Somax 2008 Brass Union Ball Bibtap 1/2,no
CUT-KNI-CK-X11R16,PCS,X11 R16 Bison Cutting Knife,X11 R16 Bison Cutting Knife,no
DZ-GEN-BSC-280X26,PCS,Star Flat 17 (mm),Star Flat 17 (mm),no
ELE-ADA-3WAY-BER-YK368,PCS,Pro-smart 33N 3WAY Adaptor W/neon,Pro-smart 33N 3WAY Adaptor W/neon,no
ELE-D/L-PHI-3U-18W,EA,Philips 3U 18W Essential D/l,Philips 3U 18W Essential D/l,no
"FAS-SCR-TAP-CSK-8#5/8""-BOX",BOX,8 X5/8 Tapping Screw-flat Head (1000PCS/BOX),8 X5/8 Tapping Screw-flat Head (1000PCS/BOX),no
GRA-CUT-BLA-GCB-1290SS,PCS,S/steel Grass Cutter Blade - 12 X 90MM,S/steel Grass Cutter Blade - 12 X 90MM,no
GRA-SSS-150MM-06084(6),PCS,6 Czs S/steel Floor Grating,6 Czs S/steel Floor Grating,no
HDPE-VAL-BAL-PP-COMP-25MM,PCS,25MM PP Compression Ballvalve,25MM PP Compression Ballvalve,no
LMP-ENE-SAV-18W,PCS,Energy Saving Bulb 18W Pin,Energy Saving Bulb 18W Pin,no
"PAI-BRU-SEL-3""",PCS,3 Selleys All Purpose Paint Brush,3 Selleys All Purpose Paint Brush,no
PAI-BRU-WOO-100MM,PCS,Gd Wool Brush 100 MM,Gd Wool Brush 100 MM,no
SHH-FIG-BRA-LIN-4X-60LB,PCS,Shuttle 4X Braided Line 100M (60LB) (dark Green),Shuttle 4X Braided Line 100M (60LB) (dark Green),no
SHH-HOOK-45708-NO.10,PKT,2908 No. 5 Eupro Prawn Hook (15'S),2908 No. 5 Eupro Prawn Hook (15'S),no
SHH-HOOK-SC4066,PKT,Surecatch Biru 406 No. 6(20'S),Surecatch Biru 406 No. 6(20'S),no
SHH-REEL-1188S165,PCS,"1188 Sin Udang Galah TRANSPARENT165(5'6"")PRAWN Rod (7+1)","1188 Sin Udang Galah TRANSPARENT165(5'6"")PRAWN Rod (7+1)",no
SHH-SINKER-HOLE-NO.3,PCK,Hole Sinker No. 3 (5PCS/PCK),Hole Sinker No. 3 (5PCS/PCK),no
STO-MOU-M7-25X48,PCS,Mounted Stone:k-prix Korea M7 (25X48),Mounted Stone:k-prix Korea M7 (25X48),no
SWI-FOO-10A-250VAC,PCS,Foot Switch 101 10A 250C,Foot Switch 101 10A 250C,no
TOO-AXE-GD-2LB,PCS,600G Asuma Wood Handle Axe,600G Asuma Wood Handle Axe,no
TOO-CLA-GW473125,PCS,Heavy G-shape Clamp 5,Heavy G-shape Clamp 5,no
TOO-COM-W0305D-8*10MM,PCS,2 Open Wrench (8*10MM),2 Open Wrench (8*10MM),no
TOO-ELE-TES-BT9006,PCS,Bt Automobile Tester With Clips,Bt Automobile Tester With Clips,no
TOPLUS-570-07L,CAN,7L Toplus Emulsion 570 Greenville,7L Toplus Emulsion 570 Greenville,no
"AER-FA6-3""-FITTING",PCS,Aerico FA6-3 Fitting,Aerico FA6-3 Fitting,no
BNW-B&N-RBN-210,PCK,Sr G. I Boit & Nut 1/4 X 1 (5PCS/PCK),Sr G. I Boit & Nut 1/4 X 1 (5PCS/PCK),no
CUT-ELE-EDM-4040,PCS,4 X 40 Gold Elephant Mop Disc,4 X 40 Gold Elephant Mop Disc,no
DOR-LOC-DRA-138A-22,PCS,Cp Sq Drawer Lock,Cp Sq Drawer Lock,no
DRI-SET-WOO,SET,GW5 Wood Drill Bit Set 5PCS,GW5 Wood Drill Bit Set 5PCS,no
ELE-GRW-16A1PMCB,EA,Grow 16A 1P Mcb,Grow 16A 1P Mcb,no
FIR-EXT-ABC-1KG,NOS,1KG Abc Fire Extinguisher,1KG Abc Fire Extinguisher,no
FIT-YG252-SOC-8MM-BRA,PCS,Straight Brass Connector 8MM,Straight Brass Connector 8MM,no
"FRA-STU-GI-10'X2""X1""",PCS,10 X 2 X 1 X 0.32MM GI Stud Frame,10 X 2 X 1 X 0.32MM GI Stud Frame,no
GLA-SUC-PLA-GH201,PCS,Glass Suction Plate - 2 Suction,Glass Suction Plate - 2 Suction,no
GUN-BLO-GAS-SM920,PCS,Gas Blow Gun,Gas Blow Gun,no
"HHD-SOC-YG379MF-1/2""X40MM",PCS,Mxf S/steel Socket 1/2 X 40MM,Mxf S/steel Socket 1/2 X 40MM,no
HOS-SPR-05040,MTR,Mikasa Spring Hose - 50MM X 40M,Mikasa Spring Hose - 50MM X 40M,no
HOS-SPR-TOKO-25MX50M,COIL,Toko Spring Hose - 25MM X 50M,Toko Spring Hose - 25MM X 50M,no
LAD-H/D-STRO-DS02,UNIT,H/d Double Side Ladder 2 Step,H/d Double Side Ladder 2 Step,no
NUM-60MM-7,PCS,Acp Numbering 60MM - 7,Acp Numbering 60MM - 7,no
NUM-60MM-9,PCS,Acp Numbering 60MM - 9,Acp Numbering 60MM - 9,no
PAI-BRU-086-38MM,DOZ,086 Cs Nylon Paint Brush 1-1/2,086 Cs Nylon Paint Brush 1-1/2,no
PAI-BRU-730-38MM,PCS,T&t Paint 1 1/2,T&t Paint 1 1/2,no
"PIP-PVC-E-1/2""",LGTH,1/2 (22MM) Class E X 6M PVC Pipe,1/2 (22MM) Class E X 6M PVC Pipe,no
PUT-CAR-BROWN-1KG,TIN,1KG Putty Brown Yakpro,1KG Putty Brown Yakpro,no
SAF-COA-ORE,PCS,Heavy Duty Safety Coat - Orange,Heavy Duty Safety Coat - Orange,no
SAF-HEL-PRO-RED,PCS,Progruard Safety Helmet - Red,Progruard Safety Helmet - Red,no
SCA-CAM-3100097,PCS,Camry- Electronic Personal Scale /180KG,Camry- Electronic Personal Scale /180KG,no
SHH-LINE-WHI-NO.50,PCS,(bs)long White M. L No. 50,(bs)long White M. L No. 50,no
SHH-REEL-HA2000,PCS,HA2000 Reel (14),HA2000 Reel (14),no
SHH-REEL-RC6000,PCS,Lijian/romasa Fishing Reel 12 Series,Lijian/romasa Fishing Reel 12 Series,no
SWI-POL-5GANG-1WAY,PCS,Pol 5GANG 1WAY Switch Socket,Pol 5GANG 1WAY Switch Socket,no
TOO-COM-IRO-BUL-06MM,PCS,6MM Iron Bull Spanner,6MM Iron Bull Spanner,no
TOO-COM-IRO-BUL-08MM,PCS,8MM Iron Bull Spanner,8MM Iron Bull Spanner,no
TOO-DRI-BIC1312,SET,Bossman 13MM Keyless Drill Chuck W/adaptor For 1/2 Impact Wrench,Bossman 13MM Keyless Drill Chuck W/adaptor For 1/2 Impact Wrench,no
WAL-PLU-S/S-CC226-M8X70MM,PCS,S/steel Wall Plug - K103-304 M8X70MM CC226,S/steel Wall Plug - K103-304 M8X70MM CC226,no
CAN-JER-40018,UNIT,18L Jerrycan,18L Jerrycan,no
CHA-PVC-BEL-R6MM,MTR,Bellea PVC (red) (MTR),Bellea PVC (red) (MTR),no
CHA-SAW-HYU-HCS5218,UNIT,Hyundai Chain Saw 18,Hyundai Chain Saw 18,no
"COC-BASIN-K400M-1/2""",PCS,Washbasin Tap: C/p R/head ABS 1/2,Washbasin Tap: C/p R/head ABS 1/2,no
CUT-FLA-TAI-A60100,PCS,Tailin Flap Discs A60,Tailin Flap Discs A60,no
CYL-LOC-EPO-CL051-AC,SET,Epo Cylindrical Lever Lock (CL051 Ac),Epo Cylindrical Lever Lock (CL051 Ac),no
FAS-BOL-EXP-OAC120-M6X70X40,PCS,Brain Expansion Eye Bolt OAC120 M6X70X40,Brain Expansion Eye Bolt OAC120 M6X70X40,no
"FIT-YG235-TEE-3/4""-BRA",PCS,Brass Equal Tee 3/4,Brass Equal Tee 3/4,no
HOS-NOZ-LEO-L7006,PCS,Leon Brass Water,Leon Brass Water,no
IND-UMB-ROU-6,PCS,Hawker Umbrella - Round,Hawker Umbrella - Round,no
LAD-ALU-AT-DS08,UNIT,At 8 Step D/side Aluminium Ladder,At 8 Step D/side Aluminium Ladder,no
NP-BAR-14501-5L,UNIT,5L Np Bintang Auto Refinish 14051 Chili Red,5L Np Bintang Auto Refinish 14051 Chili Red,no
NP-BAR-BS405-1L,TIN,1L Bintang Automotive Refinish Tangerine (standard),1L Bintang Automotive Refinish Tangerine (standard),no
RIG-SHA-GAL-25MM,PCS,Galvanised D-shackle 25 MM,Galvanised D-shackle 25 MM,no
ROP-MANILA-9MM,MTR,Manila Rope -3/8 (9MM),Manila Rope -3/8 (9MM),no
SAF-SLI-GLO-2TON8M,LGTH,Webbing Sling (glolift) 50MM 2 Ton X 8M,Webbing Sling (glolift) 50MM 2 Ton X 8M,no
SHH-BLA-NET-NO.4,PCS,"Black Net No. 4 (1 3/4"") (4.0CM)","Black Net No. 4 (1 3/4"") (4.0CM)",no
SHH-BLA-NET-NO.5,PCS,"Black Net No. 5 (2"") (5.0CM)","Black Net No. 5 (2"") (5.0CM)",no
SHH-HOOK-1920SS8/0,PKT,No. 8/0 Eupro Fishing Hook (3'S),No. 8/0 Eupro Fishing Hook (3'S),no
SHH-HOOK-9290BN10,PKT,Sode Hook No. 10(17'S),Sode Hook No. 10(17'S),no
SHH-REEL-1188S150,PCS,"1188 Sin Udang Galah TRANSPARENT150(5'0"")PRAWN Rod (6+1)","1188 Sin Udang Galah TRANSPARENT150(5'0"")PRAWN Rod (6+1)",no
SHH-SWIVEL-SNAP-NO.8,PKT,Nickel Snap Swivel No. 8,Nickel Snap Swivel No. 8,no
SWI-SOC-ULT-M073MG,PCS,Ultra 1 GANG Tel Outlet (RJ11)-MATTE Grey (M073MG),Ultra 1 GANG Tel Outlet (RJ11)-MATTE Grey (M073MG),no
"TIE-CAB-BLA-6""",PKT,6 Black Cable Tie (20PCS/PCK),6 Black Cable Tie (20PCS/PCK),no
TOO-COM-IRO-BUL-07MM,PCS,7MM Iron Bull Spanner,7MM Iron Bull Spanner,no
TOO-DRV-108LY-VISON,PCS,Vison Screw Driver,Vison Screw Driver,no
TOO-LOC-PLI-W0042,PCS,Lock-grip Pliers W0042 CD225MM,Lock-grip Pliers W0042 CD225MM,no
BNW-B&N-RBN-206-BOX,BOX,Sr G. I Boit & Nut 1/4 X 3/4 (box),Sr G. I Boit & Nut 1/4 X 3/4 (box),no
CHA-GAL-5MM,KGS,Galv Short Link Chain 3/16,Galv Short Link Chain 3/16,no
COC-STO-RA2W-G501B,PCS,Stopvalve RA2W 1/2B Truflo,Stopvalve RA2W 1/2B Truflo,no
CUT-SCI-JM-315,PCS,Jayamata Scissor Multi-purpose 6,Jayamata Scissor Multi-purpose 6,no
FLO-PVC-NO.377-04,ROLL,PVC Flooring No. 510-11,PVC Flooring No. 510-11,no
GRA-CUT-BLA-90MM,PCS,90MM Grass Cutter Blade,90MM Grass Cutter Blade,no
HOO-SNA-GALV-6MM,PCS,Galv Snap Hook 6MM X 60MM,Galv Snap Hook 6MM X 60MM,no
HOO-TWIN-S/S-1364HB,CARD,Isona S/steel Twin Hook BAR (2PCS Per Card),Isona S/steel Twin Hook BAR (2PCS Per Card),no
HOS-NOZ-TRI-ECO2100,PCS,Ecogreen- Adjustable Trigger Nozzle,Ecogreen- Adjustable Trigger Nozzle,no
IND-SCP-FR9788-5,PCS,5 Faris W Handle Finishing Scraper,5 Faris W Handle Finishing Scraper,no
LAD-ALU-WORKER-DE12,UNIT,Worker 12 X 12 D/ext. Ladder,Worker 12 X 12 D/ext. Ladder,no
NUM-80MM-2,PCS,Acp Numbering 80MM - 2,Acp Numbering 80MM - 2,no
PAI-BRU-NIP-21MM,PCS,7 Roller Refill Ext 21MM,7 Roller Refill Ext 21MM,no
RIG-TUR-20MM,PCS,Galvanised Turnbuckle 20MM,Galvanised Turnbuckle 20MM,no
SHH-HOOK-10829BL-NO.12,PKT,Eupro Fishing Hook No. 12 (13PC),Eupro Fishing Hook No. 12 (13PC),no
SHH-HOOK-12146BN-8,PKT,No. 8 Hytac Hook 20'S,No. 8 Hytac Hook 20'S,no
SHH-HOOK-9255SS-2,PKT,Eupro Octopus S/s Hook No. 2 (10'S),Eupro Octopus S/s Hook No. 2 (10'S),no
SHH-LINE-L/G-OSMLB6,PCS,Omega Shigeru Mono Line (green) 60LBS,Omega Shigeru Mono Line (green) 60LBS,no
SHH-LINE-WHI-NO.20,PCS,(bs)long White M. L No. 20,(bs)long White M. L No. 20,no
SWI-SOC-ELE-PTGY400,PCS,400MM Power Tracks (surface)-grey (GY400),400MM Power Tracks (surface)-grey (GY400),no
SWI-SOC-ULT-M031MG,PCS,Ultra 16A 3 GANG 1 Way-matte Grey (M031MG),Ultra 16A 3 GANG 1 Way-matte Grey (M031MG),no
SWI-SOC-ULT-M041W,PCS,Ultra 16A 4 GANG 1 Way-white (M041W),Ultra 16A 4 GANG 1 Way-white (M041W),no
"TOO-FIL-HAL-ROU-WOO-10""",PCS,10 King Top Half Round Wood Rasp,10 King Top Half Round Wood Rasp,no
TOO-RIV-HAND-8107#,PCS,M'man Professional Hand Riveter 8107,M'man Professional Hand Riveter 8107,no
AER-4MBT44,PCS,Aerico 4MBT44,Aerico 4MBT44,no
BRO-HAN-NYL-9901,PCS,9901 Nylon Broom With Handle,9901 Nylon Broom With Handle,no
CAP-01.8UF-400V,EA,Capacitor Cpi- Black Square ITALY'/400V Bd 01.8UF,Capacitor Cpi- Black Square ITALY'/400V Bd 01.8UF,no
"CUT-DIS-AKODA-4""-D3",PCS,Akoda 4 Diamond Blade Thin Turbo D3,Akoda 4 Diamond Blade Thin Turbo D3,no
CUT-DIS-B04-FN03S(6027),PCS,4 Bosun Formula 3 Wet / 6027,4 Bosun Formula 3 Wet / 6027,no
CUT-DIS-B07-F2GP-180,PCS,"7""-180CSA, General Purpose / F2GP","7""-180CSA, General Purpose / F2GP",no
DOR-DEA-BOL-SGD-D262SS,PCS,SS St. Guchi Double Cyl. Deadbolt Lock,SS St. Guchi Double Cyl. Deadbolt Lock,no
DOR-HOL-ADS-711W/SS,PCS,Armor Door Stopper-whi Rubber,Armor Door Stopper-whi Rubber,no
"FAS-SCR-TAP-CSK-6#1/2""-BOX",BOX,6 X1/2 Tapping Screw-flat Head (1000PCS/BOX),6 X1/2 Tapping Screw-flat Head (1000PCS/BOX),no
HOS-AIR-TOK-10MM,COIL,Toko Yellow Air Hose - 10MM X 100M,Toko Yellow Air Hose - 10MM X 100M,no
IND-COO-MID-C20-RT2002,PCS,Midea Induction Cooker 2000W,Midea Induction Cooker 2000W,no
"IND-IRON-BUSH-1/2""",PCS,Coller Iron Bush 1/2,Coller Iron Bush 1/2,no
IND-PAI-BLA-E812B,PCS,12 Gallon Black Pail,12 Gallon Black Pail,no
LAD-H/D-STRO-SS07,UNIT,S/sided H/d Ladder 7 Step,S/sided H/d Ladder 7 Step,no
LAD-H/D-STRO-SS12,UNIT,S/sided H/d Ladder 12 Step,S/sided H/d Ladder 12 Step,no
NAI-FEL-SUP-18MM,KG,E. G Felt Nail 18MM 1 KGS,E. G Felt Nail 18MM 1 KGS,no
NAIL-RETAINING- CLIP-PVC-S110,PCK,PVC Retaining Nail Clip S110 (2PCS/PCK),PVC Retaining Nail Clip S110 (2PCS/PCK),no
NP-BAR-999-5L,UNIT,5L Np Bintang Auto Refinish 999 White (basic),5L Np Bintang Auto Refinish 999 White (basic),no
OIL-CAN-5L,PCS,Oil Can 5L,Oil Can 5L,no
ROP-WIR-GAL-2.0MM,COIL,Galv Wire Rope-cnn 2.0MMX6X7,Galv Wire Rope-cnn 2.0MMX6X7,no
SHH-HOOK-45708-NO.6,PKT,2908 No. 1 Eupro Prawn Hook (15'S),2908 No. 1 Eupro Prawn Hook (15'S),no
SHH-REEL-YY3000,PCS,Maitelei Fishing Reel (13BB) YY3000,Maitelei Fishing Reel (13BB) YY3000,no
SHH-ROD-HSS662,PCS,Hytac Harmost Rod (6'6''),Hytac Harmost Rod (6'6''),no
STO-MOU-M10-18X34,PCS,Mounted Stone:k-prix Korea M10 (18X34),Mounted Stone:k-prix Korea M10 (18X34),no
STR-STA-3.0MM,ROLL,PP Braided Fibre Rope 3MM,PP Braided Fibre Rope 3MM,no
STR-STA-8.0MM,ROLL,PP Braided Fibre Rope 8MM,PP Braided Fibre Rope 8MM,no
SWI-SOC-ULT-M022W,PCS,Ultra 16A 2 GANG 2 Way-white (M022W),Ultra 16A 2 GANG 2 Way-white (M022W),no
SWI-T/SOC-FLE-915-2M5G,SET,Fle T/skt Sp TC-5GL-240B 915-2M,Fle T/skt Sp TC-5GL-240B 915-2M,no
TOO-DRV-2WAYW3082A,PCS,Adj Two Way Screwdriver,Adj Two Way Screwdriver,no
TOO-DRV-MAG-TTC8,PCS,Tajima TTC8 Magnetic Nut Driver M8 X 65MM,Tajima TTC8 Magnetic Nut Driver M8 X 65MM,no
"TOO-NYL-PLU-COU-5/16""-NPH20",PCS,Nylon Quick Coupler 5/16 Hose NPH-20,Nylon Quick Coupler 5/16 Hose NPH-20,no
TOO-WRE-DOU-1011,PCS,Double Flexible Socket Wrench 10 X 11MM,Double Flexible Socket Wrench 10 X 11MM,no
"ACE-NUTS-3/8""X38MM",PCS,"Ace Brand Bsw Hexagon Long Nuts LN-3/8""X38MM","Ace Brand Bsw Hexagon Long Nuts LN-3/8""X38MM",no
ADH-TAP-SEA-MIK,PCS,Mikasa Seal Tape,Mikasa Seal Tape,no
BNW-B&N-RBN-115,PCK,Sr G. I Boit & Nut 3/16 X 1 1/2 (7PCS/PCK),Sr G. I Boit & Nut 3/16 X 1 1/2 (7PCS/PCK),no
CHA-FIR-STARTER-NT-20708,BOX,Cock Brand Fire Starter (1020010),Cock Brand Fire Starter (1020010),no
COV-PWPC-1-HD-T,PCS,Legrand Pvc-link 1GANG W. Proof Protect Covr H/d,Legrand Pvc-link 1GANG W. Proof Protect Covr H/d,no
ELE-PEN-DX-9260/3,PCS,Pendant Light DX-9260/3,Pendant Light DX-9260/3,no
"FIT-HDPE-BEN-FEM-25MMX3/4""",PCS,HDPE Bend Female 25MM X 3/4,HDPE Bend Female 25MM X 3/4,no
FIT-UPVC-SOC-110X50MM,PCS,"U-pvc Socket Reducing 4""X2","U-pvc Socket Reducing 4""X2",no
FIT-UPVC-SOC-110X82MM,PCS,"U-pvc Socket Reducing 4""X3","U-pvc Socket Reducing 4""X3",no
FLO-MOC-SP121A,PCS,12 X 24 Homo Tile SP121A,12 X 24 Homo Tile SP121A,no
HOI-LEV-TOH-3.0,PCS,Toyo Lever Hoist 3.0 Ton,Toyo Lever Hoist 3.0 Ton,no
KGR-KIM-300ML-9211,TIN,300ML Kangaroo Kimtone 9211,300ML Kangaroo Kimtone 9211,no
"PIP-UPVC-4""",LTH,4 (110MM) Ut X 6M Upvc Pipe (LTH),4 (110MM) Ut X 6M Upvc Pipe (LTH),no
PUT-CAR-GRY-1KG,TIN,1KG Putty Grey Yarpro,1KG Putty Grey Yarpro,no
RIG-SHA-GAL-20MM,PCS,Galvanised D-shackle 20 MM,Galvanised D-shackle 20 MM,no
SCA-CAM-3100075,PCS,Electronic Kitchen Scale,Electronic Kitchen Scale,no
SHH-HOOK-4310N-NO.8,PKT,No. 8 Exori Super Strong Hook (20'S),No. 8 Exori Super Strong Hook (20'S),no
SHH-HOOK-9255SS-5/0,PKT,Eupro Octopus S/s Hook 5/0 (6'S),Eupro Octopus S/s Hook 5/0 (6'S),no
SHH-NET-0.15D-25MM,PCS,"(0.11) 25MM (1"") (25YDS) Net","(0.11) 25MM (1"") (25YDS) Net",no
SHH-REEL-1188S135,PCS,"1188 Sin Udang Galah TRANSPARENT135(4'6"")PRAWN Rod (6+1)","1188 Sin Udang Galah TRANSPARENT135(4'6"")PRAWN Rod (6+1)",no
SHH-REEL-MH4000A,PCS,Sealand Machine Gun Fishing Reel (3SS-B) MG4000A,Sealand Machine Gun Fishing Reel (3SS-B) MG4000A,no
SHH-REEL-YY2000,PCS,Maitelei Fishing Reel (13BB) YY2000,Maitelei Fishing Reel (13BB) YY2000,no
SHH-ROD-TKKT26632S,PCS,"Torikumu Kotai Ii Medium (6'6"")ROD","Torikumu Kotai Ii Medium (6'6"")ROD",no
SHH-SWIVEL-SNAP-NO.10,PKT,Nickel Snap Swivel No. 10,Nickel Snap Swivel No. 10,no
SHH-SWIVEL-SNAP-NO.6,PKT,Nickel Snap Swivel No. 6,Nickel Snap Swivel No. 6,no
STO-MOU-M5-25X35,PCS,Mounted Stone:k-prix Korea M5 (25X35),Mounted Stone:k-prix Korea M5 (25X35),no
STO-MOU-M6-25X52,PCS,Mounted Stone:k-prix Korea M6 (25X52),Mounted Stone:k-prix Korea M6 (25X52),no
SWI-SOC-MK-1G1W-S4781,PCS,Mk 1GANG 1WAY Wide Rocker Socket,Mk 1GANG 1WAY Wide Rocker Socket,no
SWI-T/SOC-FLE-913-2M3G,SET,Fle T/skt Sp TC-3GL-240B 913-2M,Fle T/skt Sp TC-3GL-240B 913-2M,no
SWI-T/SOC-FLE-913-3M3G,SET,Fle T/skt Sp TC-3GL-340B 913-3M,Fle T/skt Sp TC-3GL-340B 913-3M,no
TIE-CAB-BLA-150MM,PCK,"Black PVC Cable Ties 150MM (6"")","Black PVC Cable Ties 150MM (6"")",no
TOO-COM-IRO-BUL-11MM,PCS,11MM Iron Bull Spanner,11MM Iron Bull Spanner,no
TOO-DRI-ADA-13MM,SETS,Mdsi (MD-04096) Drill Chuck Head With Adapter Chuck,Mdsi (MD-04096) Drill Chuck Head With Adapter Chuck,no
TOO-RUL-TRI-A11012,PCS,Arrow 12 Triangle Ruler,Arrow 12 Triangle Ruler,no
TOW-STB-08023(3/4),PAIR,Stb 3/4 Centre S/steel Towel Bracket,Stb 3/4 Centre S/steel Towel Bracket,no
VAL-BAL-KK-K-201B/L,PCS,Kk Brand Brass Loose Key Tap,Kk Brand Brass Loose Key Tap,no
VAL-BAL-PVC-ECC112SE,PCS,Ecco PVC Ball 1/2 Se,Ecco PVC Ball 1/2 Se,no
WAL-PLU-H/DUTY-630B,PCK,8MM X 40MM H/duty PVC Wall Plug,8MM X 40MM H/duty PVC Wall Plug,no
"WOO-TIM-2""X3""X12'",PCS,Mlh Sawn Timber 2 X 3 X 12,Mlh Sawn Timber 2 X 3 X 12,no
BAT-MKX-2026,PCS,Part : Battery (square),Part : Battery (square),no
BNW-NUT-SS304-M12,PCS,SS 304 Nut - M12,SS 304 Nut - M12,no
BOX-FISH-POLY-M,PCS,Polyfoam Fish Box (m),Polyfoam Fish Box (m),no
BRA-S/S-L-50383,PCS,Stainless Steel L Bracket 50383-50X50,Stainless Steel L Bracket 50383-50X50,no
"CUT-SAW-AP14-350-14""",PCS,Sawnman Handsaw 14,Sawnman Handsaw 14,no
DOR-HIN-BRI-075MM,DOZ,Iron Hinges Bright 3,Iron Hinges Bright 3,no
DOR-LOC-YEROY-60MM,PCS,60MM Yeroy Single Side Lock Cylinder,60MM Yeroy Single Side Lock Cylinder,no
"DRI-AUG-BIT-NO.7/8""",PCS,7/8 No. 1 Star-m Auger Bit (b),7/8 No. 1 Star-m Auger Bit (b),no
"FAS-SCR-CSK-3/4"" X 6G",PCK,Sr Csk Tapping Screw 3/4 X 6G (20PCS/PCK),Sr Csk Tapping Screw 3/4 X 6G (20PCS/PCK),no
FIT-PVC-TEE-20MMX15MM,PCS,PVC Fitting Tee Reducing 3/4 X1/2,PVC Fitting Tee Reducing 3/4 X1/2,no
HOO-SNA-GALV-5MM,PCS,Galv Snap Hook 5MM X 50MM,Galv Snap Hook 5MM X 50MM,no
IND-CEM-GREY-1KG,KG,Topfit Adhesive Cement Grey 1KG,Topfit Adhesive Cement Grey 1KG,no
IND-GAL-WIR-PVC-18#,ROLL,18 PVC Coated Wire X 5KGS,18 PVC Coated Wire X 5KGS,no
KGR-OXI-59A1LIT,TIN,Stove Brand 59A Green Oxide Paint 1 Litre,Stove Brand 59A Green Oxide Paint 1 Litre,no
MAR-PEN-RED,PCS,Sharpie Fine Point P/marker (ls)- Red,Sharpie Fine Point P/marker (ls)- Red,no
NUM-80MM-7,PCS,Acp Numbering 80MM - 7,Acp Numbering 80MM - 7,no
PAI-BRU-LEON-830-75MM,PCS,Leon 830 Nylon Paint Brush 3,Leon 830 Nylon Paint Brush 3,no
PAI-SPR-KIMLAC-9612,TIN,Kimlac Brand Spray Paint 9612,Kimlac Brand Spray Paint 9612,no
RIG-TUR-16MM,PCS,Galvanised Turnbuckle 16MM,Galvanised Turnbuckle 16MM,no
SCA-CAM-EK8850,PCS,Camry-slim Digital Kitc. Scale (S/S)/10KG/22LB,Camry-slim Digital Kitc. Scale (S/S)/10KG/22LB,no
SHH-FIG-BRA-LIN-4X-25LB,PCS,Shuttle 4X Braided Line 100M (25LB) (dark Green),Shuttle 4X Braided Line 100M (25LB) (dark Green),no
SHH-NET-0.15D-40MM-25MD,PCS,"40MM (1 1/2"") (25YDS) Net","40MM (1 1/2"") (25YDS) Net",no
SHH-NET-0.15D-50MM-25MD,PCS,"50MM (2"") (25YDS) Net","50MM (2"") (25YDS) Net",no
SHH-NET-0.15D-65MM,PCS,"65MM (2.1/2"") (25YDS) Net","65MM (2.1/2"") (25YDS) Net",no
SWI-T/SOC-FLE-914-2M4G,SET,Fle T/skt Sp TC-4GL-240B 914-2M,Fle T/skt Sp TC-4GL-240B 914-2M,no
TAP-CAB-CB2805A,PCS,Cabana Hose Bib Tap CB2805A,Cabana Hose Bib Tap CB2805A,no
TAP-CAB-CB2806A,PCS,Cabana Bib Tap CB2806A,Cabana Bib Tap CB2806A,no
TAP-SKC-M18X2.50,SET,Skc Hand Tap M18 X 2.50,Skc Hand Tap M18 X 2.50,no
TOO-WRE-3WAY-121417,PCS,3 Way Spanner 12X14X17,3 Way Spanner 12X14X17,no
VAL-BAL-PVC-ECC2SE,PCS,Ecco PVC Ball VALVE-2 Se,Ecco PVC Ball VALVE-2 Se,no
WOR-MARK-X-CHA-5502,PCS,Worker Charger - 5502,Worker Charger - 5502,no
X-CIMA-DL-RML65A/RND/18W/DL,SET,Lite Me 8 18W L/dl (rnd/day Light),Lite Me 8 18W L/dl (rnd/day Light),no
BOX-LUN-PLA,PCK,PP Lunch Box (tega),PP Lunch Box (tega),no
BURR-CAR-T.C.T-FX1225,PCS,T. C. T Carbide,T. C. T Carbide,no
CAB-LUG-500AMP,PCK,Cable Lug (white) 500AMP 2PCS/PCK,Cable Lug (white) 500AMP 2PCS/PCK,no
CAP-01.2UF-400V-BD,PCS,Capacitor Cpi- Black Square ITALY'/400V Bd 01.2UF,Capacitor Cpi- Black Square ITALY'/400V Bd 01.2UF,no
DOR-DEA-BOL-SGD-D292AC,SET,AC St. Guchi Double Cyl. Deadbolt Lock,AC St. Guchi Double Cyl. Deadbolt Lock,no
ELE-LED-SOL-ISF-60W-65K,PCS,Il- Solar Floor Light -isf 60W 65K,Il- Solar Floor Light -isf 60W 65K,no
"FAS-SCR-CSK-3"" X 8G-PCK",PCK,Sr Csk Tapping Screw 3 X 8G (10PCS/PCK),Sr Csk Tapping Screw 3 X 8G (10PCS/PCK),no
FAS-SCR-TAP-CSK-6#X3/4-BOX,BOX,6 X3/4 Csk Self Tap Scrw-flat Head (1000PCS/BOX),6 X3/4 Csk Self Tap Scrw-flat Head (1000PCS/BOX),no
FIT-UPVC-BEN-ELB-45-155MM,PCS,U-pvc Bend (elbow) 155MM 6,U-pvc Bend (elbow) 155MM 6,no
"FIT-YG235-TEE-3/8""-BRA",PCS,Brass Equal Tee 3/8,Brass Equal Tee 3/8,no
GRA-CUT-BLA-12037(12),PCS,12 Grass Blade-s Trimmer Blade-small,12 Grass Blade-s Trimmer Blade-small,no
GRA-CUT-STC1820EPCF-CHARGER,PCS,Black+decker Power Command 18V -charger,Black+decker Power Command 18V -charger,no
ICE-COO-INO-18LTR-THBW/K-1,PCS,Inova 18 Ltr. Ice Cooler,Inova 18 Ltr. Ice Cooler,no
IND-CAS-TPR-RIG5,PCS,5 Tpr Rigid Wheel,5 Tpr Rigid Wheel,no
IND-PLU-BOB-400G-PCK,PCS,400G Plumb Bobs (pack),400G Plumb Bobs (pack),no
LAD-ALU-WORKER-DE10,UNIT,Worker 10 X 10 D/ext Ladder,Worker 10 X 10 D/ext Ladder,no
PAI-BRU-NIP-TR833N,PCS,1.5 Synthetic Paint Brush 750,1.5 Synthetic Paint Brush 750,no
ROP-NYL-2MM,COIL,2.0MM Nylon String,2.0MM Nylon String,no
SCA-PVC-HAN-10KG,PCS,10KG PVC Hanging Scale,10KG PVC Hanging Scale,no
SHH-HOOK-10829BL-NO.10,PKT,Eupro Fishing Hook No. 10(13PC),Eupro Fishing Hook No. 10(13PC),no
SHH-HOOK-10829BL-NO.16,PKT,Eupro Fishing Hook No. 16 (10PC),Eupro Fishing Hook No. 16 (10PC),no
SHH-REEL-GM4000,PCS,Haojia Fishing Reel 12BB GM4000,Haojia Fishing Reel 12BB GM4000,no
SHH-REEL-YY1000,PCS,Maitelei Fishing Reel (13BB) YY1000,Maitelei Fishing Reel (13BB) YY1000,no
SHH-ROD-TKKT6032S,PCS,"Torikumu Kotai Medium Tk-kt (6'0"") Rod","Torikumu Kotai Medium Tk-kt (6'0"") Rod",no
SWI-MK-2G1W-S4782,PCS,Mk 2GANG 1WAY Wide Rocker Socket,Mk 2GANG 1WAY Wide Rocker Socket,no
SWI-SOC-BEL-MK-S4778,PCS,Mk Bell Switch Wide Rocker Socket,Mk Bell Switch Wide Rocker Socket,no
SWI-SOC-ULT-M061MG,PCS,Ultra 16A 1 GANG Doorbell Swi-mat Grey (M061MG),Ultra 16A 1 GANG Doorbell Swi-mat Grey (M061MG),no
TIE-CAB-WHI-200MM,PCK,"White PVC Cable Ties 200MM (8"")","White PVC Cable Ties 200MM (8"")",no
TOO-VIC-FLA-FV01,PCS,FV01 Power Action Flat Vice,FV01 Power Action Flat Vice,no
WIR-BRC-213X4X8-2.3MM,PCS,213 X 4 X 8 Brc,213 X 4 X 8 Brc,no
X-FLO-MOC-CA6603,PCS,CA6603 600X600MM,CA6603 600X600MM,no
X-FLO-MOC-H03-G,PCS,H03-G 600X600MM,H03-G 600X600MM,no
X-FLO-MOC-PA6685W,PCS,PA6685W 600X600MM,PA6685W 600X600MM,no
X-FLO-MOC-R9 S:E11,PCS,Main White R9,Main White R9,no
"ALUM-HOLLOW-2""X1""-3",LGTH,2 X 1 Alum. Hollow Na (LGTH),2 X 1 Alum. Hollow Na (LGTH),no
BAT-ENE-MAX-AAA2PCS,PCK,En Max Aaa 2 Pc,En Max Aaa 2 Pc,no
BBQ-GRI-CN-YH22022,SET,M/purpose Outyard Trolley Bbq Grill W/whee,M/purpose Outyard Trolley Bbq Grill W/whee,no
BNW-B&N-RBN-105-BOX,BOX,Sr G. I Boit & Nut 3/16 X 5/8 (box),Sr G. I Boit & Nut 3/16 X 5/8 (box),no
BNW-B&N-RBN-110,PCK,Sr G. I Boit & Nut 3/16 X 1 (7PCS/PCK),Sr G. I Boit & Nut 3/16 X 1 (7PCS/PCK),no
BNW-NUT-SS304-M10,PCS,SS 304 Nut - M10,SS 304 Nut - M10,no
CAR-TYRE-SHI-WHI-500ML,BTL,Aa Car Care Tyre Shine (white) 500ML,Aa Car Care Tyre Shine (white) 500ML,no
CEI-ROSE-408A-131-CR3,PCS,408A 131 CR3 Ceiling Rose,408A 131 CR3 Ceiling Rose,no
CUT-PIP-PVC-VS1202,PCS,Vison PVC Pipe Cutter,Vison PVC Pipe Cutter,no
CUT-TIL-FIX-FP007-A,BAG,36MM Sensui Leveling Adjusted Knob,36MM Sensui Leveling Adjusted Knob,no
"DOR-FLU-SGD-2106""",PCS,6 Armor Flush Bolt,6 Armor Flush Bolt,no
DRI-MIX-HEX-CEM,PCS,Blimax Hex Cement Mud,Blimax Hex Cement Mud,no
ELE-GRW-06A1PMCB,EA,Grow 6A 1P Mcb,Grow 6A 1P Mcb,no
ELE-LED-SOL-YB-L10532-28W,SET,Marviss 28W Outdoor Sensor Solar Light (L10532),Marviss 28W Outdoor Sensor Solar Light (L10532),no
GAR-CUT-SCI-00903A,PCS,6003 Trimming Scissors-straight,6003 Trimming Scissors-straight,no
HOS-CON-ADA-PI7-320#,PCS,PI7 Hose Connector,PI7 Hose Connector,no
MET-WAT-ADA-BR,PCS,"Br Water Meter Adapter (thick) 3/4""X1/2","Br Water Meter Adapter (thick) 3/4""X1/2",no
PAI-BRU-086-75MM,DOZ,086 Cs Nylon Paint Brush 3,086 Cs Nylon Paint Brush 3,no
"PIP-PVC-3/4""",LTH,"3/4""(26MM) Bs X 6M PVC Pipe","3/4""(26MM) Bs X 6M PVC Pipe",no
PYE-FIL-L-CRACK-1KG,TIN,PYE Filla L-crack 1KG,PYE Filla L-crack 1KG,no
RIG-HOO-ALL-4.5TON,PCS,Alloy Hook 4.5TON,Alloy Hook 4.5TON,no
SAF-SHO-SOB-10#,PAIR,Sobar P800 Safety Shoes 10,Sobar P800 Safety Shoes 10,no
SHH-HOOK-406-NO.4,PKT,Saki Sepit Biru 406 No. 4 (20'S),Saki Sepit Biru 406 No. 4 (20'S),no
SHH-HOOK-45708-NO.7,PKT,2908 No. 2 Eupro Prawn Hook (15'S),2908 No. 2 Eupro Prawn Hook (15'S),no
SHH-HOOK-45708-NO.9,PKT,2908 No. 4 Eupro Prawn Hook (15'S),2908 No. 4 Eupro Prawn Hook (15'S),no
SHH-REEL-1188S120,PCS,"1188 Sin Udang Galah TRANSPARENT120(4'0"")PRAWN Rod (6+1)","1188 Sin Udang Galah TRANSPARENT120(4'0"")PRAWN Rod (6+1)",no
SHH-SINKER-NO.8,PCS,Single Head Sinker No. 8 (1PC/PCK),Single Head Sinker No. 8 (1PC/PCK),no
SWI-SOC-ULT-M073W,PCS,Ultra 1 GANG Tel Outlet (RJ11)-WHITE (M073W),Ultra 1 GANG Tel Outlet (RJ11)-WHITE (M073W),no
TAP-BIB-JOPBC01W,PCS,Jopex BIBTAP-BC01W 15MM,Jopex BIBTAP-BC01W 15MM,no
TOO-WRE-BAS-ABT11,PCS,Abt Basin WRENCH-11,Abt Basin WRENCH-11,no
WEL-ELE-MIG-0.8MM,ROLL,Power MIG 0.8MM 5KGS CO2 MIG Wire,Power MIG 0.8MM 5KGS CO2 MIG Wire,no
WIR-BRC-210X4X8-2.8MM,PCS,210 X 4 X 8 Brc,210 X 4 X 8 Brc,no
CLI-HOS-ORB-3X,PCS,Orbit Hose Clip No : 3X,Orbit Hose Clip No : 3X,no
CUT-SAW-IND-14J,PCS,Sr India Junior Saw 14J,Sr India Junior Saw 14J,no
ELE-CAB-TWI-B/W-MAXWELL,MTR,"Scinet Twin Cable, Blue/white","Scinet Twin Cable, Blue/white",no
ELE-GRW-63A1PMCB,EA,Grow 63A 1P Mcb,Grow 63A 1P Mcb,no
"FAS-SCR-TAP-CSK-8#3/8""-BOX",BOX,8 X3/8 Csk Self Tapping Scrw-flat Head (1000PCS/BOX),8 X3/8 Csk Self Tapping Scrw-flat Head (1000PCS/BOX),no
GAR-SHE-702,PCS,Tiger Pruning Shears Diagonal 702,Tiger Pruning Shears Diagonal 702,no
HOS-CON-ADA-ECO4056,PCS,Ecogreen- Flat Nose Tap Adaptor / 1/2,Ecogreen- Flat Nose Tap Adaptor / 1/2,no
"HOS-FLE-OTO-966-66MB-16""",PCS,Otosani 304 Nut 16 High Pressure Flexible Hose (mb),Otosani 304 Nut 16 High Pressure Flexible Hose (mb),no
HOS-HOL-ECO-EG6038,PCS,Ecogreen- Hose Hanger,Ecogreen- Hose Hanger,no
NAI-CON-ST50,BOX,Concrete NAIL-ST50,Concrete NAIL-ST50,no
ROP-NYL-3MM,COIL,3.0MM Nylon String,3.0MM Nylon String,no
SHH-HOOK-9290BN8,PKT,Sode Hook No. 8(18'S),Sode Hook No. 8(18'S),no
SHH-ROD-TKKT25632S,PCS,"Torikumu Kotai Ii Medium (5'6"")ROD","Torikumu Kotai Ii Medium (5'6"")ROD",no
SWI-T/SOC-FLE-912-3M2G,SET,Fle T/skt Sp TC-2GL-340B 912-3M,Fle T/skt Sp TC-2GL-340B 912-3M,no
TOO-COM-IRO-BUL-25MM,PCS,25MM Iron Bull Spanner,25MM Iron Bull Spanner,no
TOO-HAN-RAT-STA-12MM,PCS,"1/2 Round Head Ratchet 10""/254MM","1/2 Round Head Ratchet 10""/254MM",no
"TOO-LEV-MAG-SENSUI-18""",PCS,18 Sensui (blue) Magnet Spirit Level,18 Sensui (blue) Magnet Spirit Level,no
TOO-WRE-PLU-T010,PCS,10MM T-plug Wrench,10MM T-plug Wrench,no
X-AMFC-3403,PCS,Aimer Wall Bibtap,Aimer Wall Bibtap,no
ALUM-ROU-18MM,MTR,3/4 Alum. Round Tube X 6M,3/4 Alum. Round Tube X 6M,no
BOX-FISH-POLY-S,PCS,Polyfoam Fish Box,Polyfoam Fish Box,no
BRO-FLO-NYL-201,PCS,201 Nylon Broom With Handle,201 Nylon Broom With Handle,no
FAS-BAN-STE-12MM,ROLL,Sh Steel Band 12MM X 10M,Sh Steel Band 12MM X 10M,no
"FAS-RIV-PAT-1/8""X3/8""-PCK",PCK,Blind Rivet: Jaguar 1/8 X 3/8 (20PCS/PCK),Blind Rivet: Jaguar 1/8 X 3/8 (20PCS/PCK),no
"FAS-SCR-P/H-1 1/4"" X 8#-BOX",BOX,Sr P/h Self Drilling Screw 1 1/4 X 8,Sr P/h Self Drilling Screw 1 1/4 X 8,no
FRA-STU-GI-10',PCS,10 X 3 X 1 X 0.32MM GI Stud Frame,10 X 3 X 1 X 0.32MM GI Stud Frame,no
HOO-SNA-SS-4MM,PCS,S/s Snap Hook 4MM X 40MM,S/s Snap Hook 4MM X 40MM,no
"IND-CAS-PVC-RIG-6""",PCS,Medium Duty Red PVC Rigid Wheel 6,Medium Duty Red PVC Rigid Wheel 6,no
LOC-BCK-SSS-1PCS,PCS,Buick Padlock 50MM,Buick Padlock 50MM,no
MAR-CRA-GREEN,DOZ,Marking Crayon Green,Marking Crayon Green,no
NAI-CLI-777-B,DOZ,Nail Clipper,Nail Clipper,no
SCA-CAM-ELE-EL10-31P,PCS,Camry Luggage Scale,Camry Luggage Scale,no
SHH-HOOK-9255SS-4,PKT,Eupro Octopus S/s Hook No. 4 (11'S),Eupro Octopus S/s Hook No. 4 (11'S),no
SHH-ROD-2511500,PCS,Santec 2511-500 Puyu Solid Pole (5MTR),Santec 2511-500 Puyu Solid Pole (5MTR),no
SHH-ROD-TKKT25032S,PCS,"Torikumu Kotai Ii Medium (5'0"")ROD","Torikumu Kotai Ii Medium (5'0"")ROD",no
TAB-PLA-SQU-3'X3'-SWM2388,SET,3 X 3 Square Plastic Table,3 X 3 Square Plastic Table,no
TAP-WIR-3MSCTBL,PCS,18MM X 5M Temflex Vinyl Elec Tape Blk,18MM X 5M Temflex Vinyl Elec Tape Blk,no
TOO-ELE-GUN-PIN-40W,PCS,40W Pinsun Soldering Iron Gun,40W Pinsun Soldering Iron Gun,no
TOO-ELE-STRW010A,PCS,W01A Wire Stripper Cutting 170MM,W01A Wire Stripper Cutting 170MM,no
"TOO-EXT-BAR-STA-12MM-05""",PCS,1/2 Extension Bars 125MM/5,1/2 Extension Bars 125MM/5,no
VAL-BAL-MIN-ECC12MF,PCS,Ecco PVC Mini Ball VALVE-1/2 Mxf,Ecco PVC Mini Ball VALVE-1/2 Mxf,no
BNW-B&N-RBN-106-BOX,BOX,Sr G. I Boit & Nut 3/16 X 3/4 (box),Sr G. I Boit & Nut 3/16 X 3/4 (box),no
CUT-TIL-RIV-450MM,SET,Rivoz Tile Cutting Machine 450MM,Rivoz Tile Cutting Machine 450MM,no
"DRI-AUG-BIT-NO.5/8""",PCS,5/8 No. 1 Star-m Auger Bit (b),5/8 No. 1 Star-m Auger Bit (b),no
ELE-KNI-BS-303192-BEND,PCS,Bosi (BS-303192) Electricain's Knife (bend),Bosi (BS-303192) Electricain's Knife (bend),no
"ELE-PVC-CAS-3/4""",LGTH,Kancil 3/4 X 6FT PVC Casing,Kancil 3/4 X 6FT PVC Casing,no
FAS-SCR-COA-M8070,PCS,Sr Coach Screw M8 X 70MM,Sr Coach Screw M8 X 70MM,no
"FIT-SS235-TEE-3/4""-SUS304",PCS,SS Equal Tee 3/4,SS Equal Tee 3/4,no
FIT-YG252-SOC-10MM-BRA,PCS,Straight Brass Connector 10MM,Straight Brass Connector 10MM,no
GUM-RAT-AIT-GEL,PCS,Aitachi Mouse Gel Paper,Aitachi Mouse Gel Paper,no
"HOS-FLE-OTO-966-65MB-14""",PCS,Otosani 304 Nut 14 High Pressure Flexible Hose (mb),Otosani 304 Nut 14 High Pressure Flexible Hose (mb),no
HOS-FLE-SW-PVCH-08,PCS,8 PVC Flexible Hose With PVC Holder,8 PVC Flexible Hose With PVC Holder,no
HOS-FLE-SW-PVCH-36,PCS,36 PVC Flexible Hose With PVC Holder,36 PVC Flexible Hose With PVC Holder,no
IND-CAS-NYL-50MM,SET,2 IN White Nylon Caster Wheel,2 IN White Nylon Caster Wheel,no
"IND-CAS-PVC-SWI-6""",PCS,Medium Duty Red PVC Swivel Wheel 6,Medium Duty Red PVC Swivel Wheel 6,no
NUM-80MM-C,PCS,Acp Alphabet 80MM - C,Acp Alphabet 80MM - C,no
"PIP-UPVC-5255-1.1/4""",MTR,"1 1/4""(32MM) X 6M Upvc Pipe","1 1/4""(32MM) X 6M Upvc Pipe",no
POL-HAR-NYL-JM444,PCS,Jayamata Harvesting Palm Oil Poles Clamping Bracket Clip,Jayamata Harvesting Palm Oil Poles Clamping Bracket Clip,no
SHH-HOOK-10829BL-NO.08,PKT,Eupro Fishing Hook No. 8 (14PC),Eupro Fishing Hook No. 8 (14PC),no
SHH-HOOK-EWDX4009,PKT,No. 9 (20'S) Eagle Wave Hook,No. 9 (20'S) Eagle Wave Hook,no
SHH-SPE-FIS-FS605,PCS,Fish Spears (5PRONGS)/8105,Fish Spears (5PRONGS)/8105,no
STO-MOU-W175-10X10,PCS,Mounted Stone:k-prix Korea W175 (10X10),Mounted Stone:k-prix Korea W175 (10X10),no
TAP-CAB-CB1540SS,PCS,S/steel Pillar Mounted Kitchen Tap CB1540SS-BL,S/steel Pillar Mounted Kitchen Tap CB1540SS-BL,no
TOO-COM-IRO-BUL-23MM,PCS,23MM Iron Bull Spanner,23MM Iron Bull Spanner,no
"TOO-LEV-MAG-SENSUI-24""",PCS,24 Sensui (blue) Magnet Spirit Level,24 Sensui (blue) Magnet Spirit Level,no
TOO-PLI-CIR-WHB200,PCS,Intl Plier Bent Nose 200MM,Intl Plier Bent Nose 200MM,no
TOPLUS-288-07L,CAN,7L Toplus Emulsion 288 Gadis Cantik,7L Toplus Emulsion 288 Gadis Cantik,no
TOPLUS-300-07L,CAN,7L Toplus Emulsion 300 Cream,7L Toplus Emulsion 300 Cream,no
TOPLUS-565-07L,CAN,7L Toplus Emulsion 565 Lakeland,7L Toplus Emulsion 565 Lakeland,no
TOPLUS-658-07L,CAN,7L Toplus Emulsion 658 Sweet Sundae,7L Toplus Emulsion 658 Sweet Sundae,no
WOO-HOE-CANGKUL,PCS,Kayu Cangkul,Kayu Cangkul,no
ADH-GUM-WALLPAPER,BOX,Garefu Wallpaper Glue Powder,Garefu Wallpaper Glue Powder,no
AIR-DUS-LX03,PCS,AD04 Long PVC Air Duster,AD04 Long PVC Air Duster,no
APR-NKS-MYTA-0001,PCS,Nks H/d Apron,Nks H/d Apron,no
BNW-B&N-RBN-204,PCK,Sr G. I Boit & Nut 1/4 X 1/2 (5PCS/PCK),Sr G. I Boit & Nut 1/4 X 1/2 (5PCS/PCK),no
BRU-WIP-928,PCS,928 Wiper,928 Wiper,no
"CLI-HOS-GP-2.1/4""",PCS,Gp S/steel Hose CLIP-2.1/4 (33-57MM),Gp S/steel Hose CLIP-2.1/4 (33-57MM),no
COV-JAC-L/B-M,PCS,L/blue Jacket (r) : M,L/blue Jacket (r) : M,no
COV-JAC-RED-M,PCS,Red Jacket (r) : M,Red Jacket (r) : M,no
COV-JAC-RED-XL,PCS,Red Jacket (r) : XL,Red Jacket (r) : XL,no
CUT-KNI-W603,PCS,W603 Utility Knife,W603 Utility Knife,no
CUT-PIP-PVC-35MM,PCS,Arrow 35MM PVC Pipe Cutter,Arrow 35MM PVC Pipe Cutter,no
CUT-SAW-BAH-14INC,PCS,Bahco 30014 Tools Box Saw 14,Bahco 30014 Tools Box Saw 14,no
CUT-SCI-JM-316,PCS,Jayamata Scissor Multi-purpose 7,Jayamata Scissor Multi-purpose 7,no
DOR-HIN-BLA-65MM,PCS,Iron Hinges Black 2.1/2,Iron Hinges Black 2.1/2,no
DRI-UNI-26107(10),PCS,Br 6200 10MM Universal Drills (4 Flures),Br 6200 10MM Universal Drills (4 Flures),no
FIR-CHA-2KG,PCK,Charcoal (2 Kgs),Charcoal (2 Kgs),no
"FIT-HDPE-TEE-FEM-25MMX1/2""",PCS,HDPE Tee Female 25MM X 1/2,HDPE Tee Female 25MM X 1/2,no
IND-CAN-ARMY,UNIT,Canopy 3 MTR X 3 Mtr-army,Canopy 3 MTR X 3 Mtr-army,no
IND-PLU-BOB-300G-PCK,PCS,300G Plumb Bobs (pack),300G Plumb Bobs (pack),no
MET-LED-ENE-PLMA22,PCS,Enr New Penlight 2AAA 50L,Enr New Penlight 2AAA 50L,no
NAI-COM-125MM-20KG,PCK,5 Wire Nail,5 Wire Nail,no
NUM-80MM-6,PCS,Acp Numbering 80MM - 6,Acp Numbering 80MM - 6,no
NUM-80MM-A,PCS,Acp Alphabet 80MM - A,Acp Alphabet 80MM - A,no
NUM-80MM-E,PCS,Acp Alphabet 80MM - E,Acp Alphabet 80MM - E,no
PAI-BRU-NYL-325-12#,PCS,12 Nylon Hair Color Brush,12 Nylon Hair Color Brush,no
PAI-ROL-REF-R-0038,PCS,R'key Paint Roller Refill 2,R'key Paint Roller Refill 2,no
PAI-TIG-250ML-9102,PCS,250ML Tiger Gloss Paint 9102,250ML Tiger Gloss Paint 9102,no
SCP-FIL-500G,CAN,500G Skim Instant Filla,500G Skim Instant Filla,no
SHH-HOOK-4310N-NO.1/0,PKT,No. 1/0 Exori Super Strong Hook (10'S),No. 1/0 Exori Super Strong Hook (10'S),no
SHH-HOOK-4310N-NO.4,PKT,No. 4 Exori Super Strong Hook (20'S),No. 4 Exori Super Strong Hook (20'S),no
SIN-TAP-PIL-QXY-PT-7250,PCS,QXY-PT-7250-3L: Pillar Sink Tap W/flex. Pipe,QXY-PT-7250-3L: Pillar Sink Tap W/flex. Pipe,no
SWI-T/SOC-FLE-6133NS,SET,T/skt W/surge Sp TS-3GLS-540A FLE-6133NS,T/skt W/surge Sp TS-3GLS-540A FLE-6133NS,no
SWI-T/SOC-GONGN-4G1.8M,PCS,Gongniu 4 GANG Trailing (E3040),Gongniu 4 GANG Trailing (E3040),no
TOO-DRV-ASD43+,PCS,4 X 3MM (+) Arrow High Grip Screwdriver,4 X 3MM (+) Arrow High Grip Screwdriver,no
TOO-PLI-CRI-STA-SET-998484253,PCS,9 Crimping Pliers Set,9 Crimping Pliers Set,no
TOW-STB-08024,PAIR,Stb 3/4 S/steel Towel Bracket,Stb 3/4 S/steel Towel Bracket,no
VAL-BAL-ITA-18MM,PCS,Brass Ball Valve - Italy 18 MM,Brass Ball Valve - Italy 18 MM,no
VAL-CAB-CB1180-RG,PCS,Cabana S/s 304 Angle Valve,Cabana S/s 304 Angle Valve,no
"AIR-CHU-MAD-10""",PCS,Mada Tire Air,Mada Tire Air,no
BAT-PSN-LIT3V-CR-1632/5BE,PCS,CR-1632/5B Lithium 3V,CR-1632/5B Lithium 3V,no
CAB-LUG-06-6,PCK,Cable Lug 6-6 (10PCS/PCK),Cable Lug 6-6 (10PCS/PCK),no
COV-HAR-JM-334,PCS,Jayamata Harvesting Palm Oil Chisel PVC Cover Only,Jayamata Harvesting Palm Oil Chisel PVC Cover Only,no
"FAS-SCR-TAP-CSK-6#5/8""-BOX",BOX,6 X5/8 Tapping Screw-flat Head (1000PCS/BOX),6 X5/8 Tapping Screw-flat Head (1000PCS/BOX),no
"FAS-SCR-TAP-PAN-8#1/2""-BOX",BOX,8 X1/2 Ph Self Tap Srcw Pan Head (1000PCS/BOX),8 X1/2 Ph Self Tap Srcw Pan Head (1000PCS/BOX),no
"FIT-HDPE-TEE-MAL-25MMX1/2""",PCS,HDPE Tee Male 25MMX1/2,HDPE Tee Male 25MMX1/2,no
FLO-PVC-NO-436-05,ROLL,PVC Flooring No. 520-01,PVC Flooring No. 520-01,no
FLO-PVC-NO.24803,ROLL,PVC Flooring No. 524-10,PVC Flooring No. 524-10,no
FLO-PVC-NO.25106,ROLL,PVC Flooring No. 486-04,PVC Flooring No. 486-04,no
GAR-SHE-12172,PCS,Br 6012 Heavy Duty Hedge Shear,Br 6012 Heavy Duty Hedge Shear,no
"HOS-FLE-OTO-966-67MB-18""",PCS,Otosani 304 Nut 18 High Pressure Flexible Hose (mb),Otosani 304 Nut 18 High Pressure Flexible Hose (mb),no
IND-WIR-MES-2X1X3'X15GX100',ROLL,Wire Mesh 2 X 1 X 3 X 15G,Wire Mesh 2 X 1 X 3 X 15G,no
MAR-CRA-BLUE,DOZ,Marking Crayon Blue,Marking Crayon Blue,no
NAI-CON-ACE-20-BOX,BOX,Ace Galvanised Flat Head Nails 20 X 2.0 (500GM),Ace Galvanised Flat Head Nails 20 X 2.0 (500GM),no
NUM-60MM-2,PCS,Acp Numbering 60MM - 2,Acp Numbering 60MM - 2,no
PAI-SPR-KIMLAC-9614,TIN,Kimlac Brand Spray Paint 9614,Kimlac Brand Spray Paint 9614,no
SAF-SLI-GLO-1TON4M,LGTH,Webbing Sling (glolift) 25MM 1 Ton X 4M,Webbing Sling (glolift) 25MM 1 Ton X 4M,no
SHH-HOOK-12146BN-10,PKT,No. 10 Hytac Hook 20'S,No. 10 Hytac Hook 20'S,no
SHH-LINE-L/G-OSML15,PCS,Omega Shigeru Mono Line (green) 15LBS,Omega Shigeru Mono Line (green) 15LBS,no
SHH-REEL-CH2000,PCS,Beilishi Fishing Reel (13BB),Beilishi Fishing Reel (13BB),no
SHH-SPE-FIS-FS604,PCS,Fish Spears (4PRONGS)/8105 (SFF4),Fish Spears (4PRONGS)/8105 (SFF4),no
SHH-SPOOL-109,PCS,Fishing Spool HP-109,Fishing Spool HP-109,no
SWI-SOC-ULT-M012W,PCS,Ultra 16A 1 GANG 2 Way-white (M012W),Ultra 16A 1 GANG 2 Way-white (M012W),no
SWI-T/SOC-LBS2023U,SET,Lwd 3GL+USB T/skt Surge Protector,Lwd 3GL+USB T/skt Surge Protector,no
TAP-CAB-CB9114,UNIT,Cabana Two Way Tap,Cabana Two Way Tap,no
TAP-SKC-M24X3.00,SET,Skc Hand Tap M24 X 3.00,Skc Hand Tap M24 X 3.00,no
TOO-COM-IRO-BUL-22MM,PCS,22MM Iron Bull Spanner,22MM Iron Bull Spanner,no
BNW-BOL-HTM-M06-25MM,PCS,H/t Bolt - M 06 X 25MM,H/t Bolt - M 06 X 25MM,no
CAP-02.0UF-400V,EA,Capacitor Uf Black Square ITALY'/400V Bd,Capacitor Uf Black Square ITALY'/400V Bd,no
CAP-03.00UF-440V,EA,Capacitor 400V Italy Square,Capacitor 400V Italy Square,no
DOR-HIN-BLA-50MM,DOZ,Iron Hinges Black 2,Iron Hinges Black 2,no
DOR-LOC-YEROY-70MM,PCS,70MM Yeroy Single Side Lock Cylinder,70MM Yeroy Single Side Lock Cylinder,no
"FAS-SCR-P/H-1"" X 8#",PCK,Sr P/h Self Drilling Screw 1 X 8 (20PCS/PCK),Sr P/h Self Drilling Screw 1 X 8 (20PCS/PCK),no
FIT-UPVC-SOC-160X110MM,PCS,"U-pvc Socket Reducing 6""X4","U-pvc Socket Reducing 6""X4",no
"FIT-YG235-TEE-1/2""-BRA",PCS,Brass Equal Tee 1/2,Brass Equal Tee 1/2,no
GAR-SHO-12140,PCS,Gt 609 Rubber Handle Garden Shovel,Gt 609 Rubber Handle Garden Shovel,no
HHD-CIS-HIGH,SET,Weser Plastic High Level Cristern,Weser Plastic High Level Cristern,no
HHD-FLU-00456C,PCS,Sl 108D Cooper Thread H/duty Dual Inlet Valve,Sl 108D Cooper Thread H/duty Dual Inlet Valve,no
"HOS-FLE-OTO-966-64MB-12""",PCS,Otosani 304 Nut 12 High Pressure Flexible Hose (mb),Otosani 304 Nut 12 High Pressure Flexible Hose (mb),no
LOC-CYL-ARMOR-ACL-VCL3000,SET,Sn/et Armor Cyl. Lock,Sn/et Armor Cyl. Lock,no
MIN-TAN-TUL-1.5KGS,TIN,Worker Minyak Tanah Tulen,Worker Minyak Tanah Tulen,no
"PAI-ROL-REF-STA-7""",PCS,7 Acrylic Yellow Stripe Medium Pile,7 Acrylic Yellow Stripe Medium Pile,no
"PIP-PVC-E-3/4""",LGTH,3/4 (26MM) Class E X 6M PVC Pipe (LGTH),3/4 (26MM) Class E X 6M PVC Pipe (LGTH),no
SHH-LINE-L/G-OHML15,PCS,Omega Hayasu Mono Line (rainbow) 15LBS,Omega Hayasu Mono Line (rainbow) 15LBS,no
SHH-REEL-MH3000,PCS,Sealand Machine Gun Fishing Reel W/line (3SS-B),Sealand Machine Gun Fishing Reel W/line (3SS-B),no
SHH-SWIVEL-NO.6,PKT,Nickel Swivel No. 6,Nickel Swivel No. 6,no
SPO-CAR-WASH-UNI2193,PCS,Car Wash Sponge,Car Wash Sponge,no
TOI-ACC-URI,SET,Urinal Accessories,Urinal Accessories,no
TOO-CHI-WOO-ARA-STC002-D,PCS,1 Aracut Impact Hdl Wood Chisel,1 Aracut Impact Hdl Wood Chisel,no
TOO-CLA-F-ATB120400,PCS,16 X 120MM Arrow F Type Wood Clamp,16 X 120MM Arrow F Type Wood Clamp,no
TOO-JAW-PIP-W0365B,PCS,3/4 Heavy Pipe Jaw (20MM*100MM),3/4 Heavy Pipe Jaw (20MM*100MM),no
TRO-PVC-BT995T/H,PCS,Star Local Trowel (teak) PVC Handle,Star Local Trowel (teak) PVC Handle,no
WEL-ELE-BRA-3MM,KGS,Brass Rod 3.0MM X 1,Brass Rod 3.0MM X 1,no
ABR-PAP-SWA-0060,SHT,Swallow Abrasive Sand Paper 60,Swallow Abrasive Sand Paper 60,no
BAT-ENE-REC-2AAA,PACK,En Rec Batt 2AAA Univ,En Rec Batt 2AAA Univ,no
BNW-BOL-HTM-M06-20MM,PCS,H/t Bolt - M 06 X 20MM,H/t Bolt - M 06 X 20MM,no
BRA-EPO-FOL-300MM,PCS,Epoxy Folding L Bracket - 300/12,Epoxy Folding L Bracket - 300/12,no
CUT-KNI-CK-25,PCS,Mr Bison Cutting Knife 25MM,Mr Bison Cutting Knife 25MM,no
ELE-PVC-BOX-TC8X10,EA,Tc 8X10 PVC Enclosure Box,Tc 8X10 PVC Enclosure Box,no
FLO-MOC-VZ3329WHT,PCS,Viz White (VZ3329WHT),Viz White (VZ3329WHT),no
GAR-HOE-CANG-KUL,PCS,Cangkul With Metal Handle,Cangkul With Metal Handle,no
GRA-SS-1066GW,SET,6 X 6 Isano S/steel Grating W/washing Machine Outlet,6 X 6 Isano S/steel Grating W/washing Machine Outlet,no
GUN-AAT555,PCS,Arrow Mini Powder Actuated Tool Set (rivet Gun),Arrow Mini Powder Actuated Tool Set (rivet Gun),no
GUN-WUF-D09EC,PCS,Wufu Air Engine Cleaning Gun (DO-9-EC),Wufu Air Engine Cleaning Gun (DO-9-EC),no
HHD-FLU-M0676/L100W-40MM,PCS,Techplas Liftup Outlet Valve White,Techplas Liftup Outlet Valve White,no
HHD-VAL-PVC-12MM,PCS,Goldolphin PVC Float Valve 1/2 X 10,Goldolphin PVC Float Valve 1/2 X 10,no
HOR-LIO-24VDC,PCS,Lion Horn 24VDC,Lion Horn 24VDC,no
HOS-GAR-REEL-TSU,SET,Tsunami 2 IN 1 Compact Garden Hose Reel 15M,Tsunami 2 IN 1 Compact Garden Hose Reel 15M,no
IND-WHE-BEA-5009,PCS,Cn Wheel Barrow Puller Bearing,Cn Wheel Barrow Puller Bearing,no
"LEO-S/S-LOC-BAR-BOL-LRBB150 6""",PCS,Leon S/s L/r Lockable Barrel 6,Leon S/s L/r Lockable Barrel 6,no
MDD-CON-MALE-RED,PCK,Male Disconnects - Red (1.5MM) (20PCS/PCK),Male Disconnects - Red (1.5MM) (20PCS/PCK),no
NAIL-TUFTING-TN-8225-PCK,PCK,U Clip Tufting Nail 25MM X 8.5MM (10PCS/PCK),U Clip Tufting Nail 25MM X 8.5MM (10PCS/PCK),no
NUM-60MM-1,PCS,Acp Numbering 60MM - 1,Acp Numbering 60MM - 1,no
PAI-SPR-PMT-015,CAN,Paint Master Spray Paint - No. 15 Sky Blue (CAN),Paint Master Spray Paint - No. 15 Sky Blue (CAN),no
"PLA-BAG-BIO-BLA-30""X39""-M",ROLL,Cleanguard 30 X 39 Oxo Bio-degradale Garbage Bag Blk,Cleanguard 30 X 39 Oxo Bio-degradale Garbage Bag Blk,no
PYE-JNT-COM-SUR-1.5KG,TIN,PYE Joint Compound Surface 1.5KG,PYE Joint Compound Surface 1.5KG,no
RIG-HOO-ALL-3.0TON,PCS,Alloy Hook 3.0TON,Alloy Hook 3.0TON,no
ROP-NYL-1.5MM,COIL,1.5MM Nylon String,1.5MM Nylon String,no
SAF-SHO-SAL-41#,PAIR,Tron Safety Shoe 41/7,Tron Safety Shoe 41/7,no
SAF-SHO-SAL-42#,PAIR,Tron Safety Shoe 42/8,Tron Safety Shoe 42/8,no
SAF-SHO-SAL-43#,PAIR,Tron Safety Shoe 43/9,Tron Safety Shoe 43/9,no
SAF-SHO-SAL-44#,PAIR,Tron Safety Shoe 44/10,Tron Safety Shoe 44/10,no
SHH-HOOK-4310N-NO.14,PKT,No. 14 Exori Super Strong Hook (20'S),No. 14 Exori Super Strong Hook (20'S),no
SHH-HOOK-4310N-NO.2/0,PKT,No. 2/0 Exori Super Strong Hook (10'S),No. 2/0 Exori Super Strong Hook (10'S),no
SHH-HOOK-4310N-NO.6,PKT,No. 6 Exori Super Strong Hook (20'S),No. 6 Exori Super Strong Hook (20'S),no
TAP-CAB-CB5105A,UNIT,Cabana Hose Bib Tap CB5105A,Cabana Hose Bib Tap CB5105A,no
TIE-CAB-WHI-150MM,PCK,"White PVC Cable Ties 150MM (6"")","White PVC Cable Ties 150MM (6"")",no
TOI-TRAP-AC532P,NOS,P-trap AC532P,P-trap AC532P,no
TOO-COM-IRO-BUL-30MM,PCS,30MM Iron Bull Spanner,30MM Iron Bull Spanner,no
TOO-DRV-MAG-M1065,PCS,Spandek Screw Adaptor M10X65MM,Spandek Screw Adaptor M10X65MM,no
TOO-DRV-USA-06100,PCS,Usa 2 Way Sc Driver,Usa 2 Way Sc Driver,no
TOO-WRE-KEY-10PCSMM,SET,Hex Key Wrench,Hex Key Wrench,no
TOO-WRE-PLU-T012,PCS,12MM T-plug Wrench,12MM T-plug Wrench,no
X-FLO-MOC-8TW728,PCS,Glass Mosaic - Blue,Glass Mosaic - Blue,no
X-FLO-MOC-AHCA150105,PCS,Glass Mosaic 30 X 30CM AHCA150105,Glass Mosaic 30 X 30CM AHCA150105,no
ABR-PAP-SWA-0080,SHT,Swallow Abrasive Sand Paper 80,Swallow Abrasive Sand Paper 80,no
BURR-CAR-T.C.T-FX1020,PCS,Blimax Carbide BURR-FX1020,Blimax Carbide BURR-FX1020,no
"CLI-HOS-GP-2.1/2""",PCS,Gp S/steel Hose CLIP-2.1/2 (40-63MM),Gp S/steel Hose CLIP-2.1/2 (40-63MM),no
DOR-DEA-BOL-SGD-D264SS,PCS,SS St. Guchi One Sided Thumbturn Deadbolt Lock,SS St. Guchi One Sided Thumbturn Deadbolt Lock,no
DOR-HIN-BLK-100MM,PAIR,Iron Hinges Black 4 (PAIR),Iron Hinges Black 4 (PAIR),no
ENR-2IN1-LIGHT-2AA,PCK,Enr 2-IN-1_LIGHT (1X6),Enr 2-IN-1_LIGHT (1X6),no
"FIT-HDPE-BEN-MAL-25MMX1/2""",PCS,HDPE Bend Male 25MM X 1/2,HDPE Bend Male 25MM X 1/2,no
"FIT-YG232-ELB-3/8""-BRA",PCS,Brass Equal Elbow 3/8,Brass Equal Elbow 3/8,no
GRA-SOR-SRT6642-BL,PCS,Anti Odour Floor Trap,Anti Odour Floor Trap,no
IND-CEM-3KG-WHI,PKT,3KG Scincrete Tile Filla-white 301,3KG Scincrete Tile Filla-white 301,no
"IND-SCP-PVC-00627J-2""",PCS,2 Extreme Polished Scraper-pvc Handle,2 Extreme Polished Scraper-pvc Handle,no
KOYA-REM-CEM-1000ML,TIN,1000ML Cement & Stain Remover,1000ML Cement & Stain Remover,no
NAI-FEL-SUP-38MM,KG,E. G Felt Nail 38MM 1 KGS,E. G Felt Nail 38MM 1 KGS,no
PAI-TIG-75ML-BLACK,TIN,75ML Tiger G. P 9103 Black,75ML Tiger G. P 9103 Black,no
"PIP-PVC-1/2""",LTH,"1/2""(22MM) Bs X 6M PVC Pipe (LTH)","1/2""(22MM) Bs X 6M PVC Pipe (LTH)",no
"PLA-BAG-BIO-BLA-35""X47""-L",ROLL,Cleanguard 35 X 47 Oxo Bio-degradeble Garbage Bag Blk,Cleanguard 35 X 47 Oxo Bio-degradeble Garbage Bag Blk,no
RIG-TUR-12MM,PCS,Galvanised Turnbuckle 12MM,Galvanised Turnbuckle 12MM,no
SAF-TRI-PVC,PCS,Picasaf Big Triangle Rflctve Stand&plastic Case,Picasaf Big Triangle Rflctve Stand&plastic Case,no
SHH-HOOK-10829BL-NO.14,PKT,Eupro Fishing Hook No. 14 (12PC),Eupro Fishing Hook No. 14 (12PC),no
SHH-HOOK-10829BL-NO.20,PKT,Eupro Fishing Hook No. 20 (6PC),Eupro Fishing Hook No. 20 (6PC),no
SHH-SPE-FIS-FS504,PCS,Fish Spears (4 PRONGS)/8106/FS8102,Fish Spears (4 PRONGS)/8106/FS8102,no
SIN-BAS-DL51-1/4,PCS,DL5 1 1/4 Overflow Pop Out Waste With Strainer (brass),DL5 1 1/4 Overflow Pop Out Waste With Strainer (brass),no
TOO-DRV-2WAY-38MMX6MM,PCS,Blimax 2WAY Screw 1/2,Blimax 2WAY Screw 1/2,no
TOO-ELE-GUN-GLU-60W,SET,60W Glue Gun,60W Glue Gun,no
TOO-FIL-SLIM-100MM-BTSF4,PCS,4 Bossman Slim Taper Files,4 Bossman Slim Taper Files,no
TOO-PLI-CIR-STA-SI175,PCS,7 Circlip Pliers- Straight Int,7 Circlip Pliers- Straight Int,no
"WOO-TIM-1""X2""X12'",PCS,Mlh Sawn Timber 1 X 2 X 12,Mlh Sawn Timber 1 X 2 X 12,no
BIB-G501B,PCS,Bib Tap Truflo,Bib Tap Truflo,no
"BUS-NYL-W/BOL-3 1/2""",PCS,Nylon Bush With Bolt 1 1/4 X 3 1/2,Nylon Bush With Bolt 1 1/4 X 3 1/2,no
CAR-TYRE-SHI-BLU-500ML,BTL,Aa Car Care Tyre Shine (blue) 500ML,Aa Car Care Tyre Shine (blue) 500ML,no
CHI-15104-50,PCS,Hex Shank Spade Chisel,Hex Shank Spade Chisel,no
"CUT-DIS-AKODA-4""-D1",PCS,Akoda 4 Diamond Blade Turbo D1,Akoda 4 Diamond Blade Turbo D1,no
DOR-HIN-BLA-75MM,DOZ,Iron Hinges Black 3 (DOZ),Iron Hinges Black 3 (DOZ),no
DOR-HOL-818,PCS,Leon S/steel Magnetic Door HOLDER-818,Leon S/steel Magnetic Door HOLDER-818,no
DOR-LOC-CYL-02076,SET,Br 5871 AC Cylindrical Door Lock,Br 5871 AC Cylindrical Door Lock,no
DOR-LOC-CYL-SMR-3300,SET,Smr 3300 Cylindrical Lock (v/p),Smr 3300 Cylindrical Lock (v/p),no
"DOR-ROL-GAT-2.5""",PCS,Galv. U Folding Gate Bearing 2.5,Galv. U Folding Gate Bearing 2.5,no
"DRI-AUG-BIT-NO.3/8""",PCS,3/8 No. 1 Star-m Auger Bit (b),3/8 No. 1 Star-m Auger Bit (b),no
DZ-GEN-BST-280,PCS,Star Bull Point,Star Bull Point,no
FAS-PLU-PVC-GREY-SW260,PCK,Grey PVC Wall Plug,Grey PVC Wall Plug,no
FIT-HDPE-TEE-32MM,PCS,HDPE Tee Equal 32MM,HDPE Tee Equal 32MM,no
GUM-SEL-KNE-UND-50G,PCS,Selleys Knead It Underwater 50G,Selleys Knead It Underwater 50G,no
HOS-FLE-SW-PVCH-30,PCS,30 PVC Flexible Hose With PVC Holder,30 PVC Flexible Hose With PVC Holder,no
HOS-FLE-SW-PVCH-48,PCS,48 PVC Flexible Hose With PVC Holder,48 PVC Flexible Hose With PVC Holder,no
IND-PLU-BOB-500G-PCK,PCS,500G Plumb Bobs (pack),500G Plumb Bobs (pack),no
LAD-H/D-STRO-DS03,UNIT,H/d Double Side Ladder 3 Step,H/d Double Side Ladder 3 Step,no
PAI-BRU-NYL-325-10#,PCS,10 Nylon Hair Color Brush,10 Nylon Hair Color Brush,no
"PAI-ROL-REF-4010-4""",PCS,4 4010 Adamark Paint Roller Refill,4 4010 Adamark Paint Roller Refill,no
PAI-SPR-KIMLAC-9615,TIN,Kimlac Brand Spray Paint 9615,Kimlac Brand Spray Paint 9615,no
PAI-TIG-250ML-BLUE,PCS,250ML Tiger G. Finish Blue 6631,250ML Tiger G. Finish Blue 6631,no
PUM-OIL-PVC-44GAL,PCS,44 Gallon Korea PVC Oil Pump,44 Gallon Korea PVC Oil Pump,no
PYE-FIL-WOO-TEAK-0.5KG,TIN,PYE Fillawood (teak) 0.5KG,PYE Fillawood (teak) 0.5KG,no
SCP-FIL-WOO-NAT-500G,CAN,500G Skim Wood Filla (natural),500G Skim Wood Filla (natural),no
SHH-BLA-NET-NO.9,PCS,"Black Net No. 9 (3 1/2"") (9.0CM)","Black Net No. 9 (3 1/2"") (9.0CM)",no
SHH-FISH-NET-0.15D-55MM-30MD/6A,PCS,55MM (25YDS) Net,55MM (25YDS) Net,no
SHH-ROD-TKEB3812S,PCS,"Torikumu Ebi Light (3'8"") Prawn Rod","Torikumu Ebi Light (3'8"") Prawn Rod",no
SHH-SWIVEL-NO.10,PKT,Nickel Swivel No. 10,Nickel Swivel No. 10,no
SHH-SWIVEL-NO.12,PKT,Nickel Swivel No. 12,Nickel Swivel No. 12,no
TOO-COM-IRO-BUL-17MM,PCS,17MM Iron Bull Spanner,17MM Iron Bull Spanner,no
TOO-COM-IRO-BUL-20MM,PCS,20MM Iron Bull Spanner,20MM Iron Bull Spanner,no
TOO-PLI-RIV-ST69799,PCS,St Hand Riveter 9.5,St Hand Riveter 9.5,no
"AIR-TG-9-GAU-12""",PCS,TG-9 Worker Tire Pressure Gauge 12,TG-9 Worker Tire Pressure Gauge 12,no
BNW-B&N-RBN-105,PCK,Sr G. I Boit & Nut 3/16 X 5/8 (7PCS/PCK),Sr G. I Boit & Nut 3/16 X 5/8 (7PCS/PCK),no
BOX-FISH-POLY-L,PCS,Polyfoam Fish Box (l),Polyfoam Fish Box (l),no
COC-BAS-CVL-6065,PCS,Cavallo 6065 Basin Tap,Cavallo 6065 Basin Tap,no
CUT-BLA-WOO-KNI10540T,PCS,"Knight Circular Saw Blade - Wood 4""X40T","Knight Circular Saw Blade - Wood 4""X40T",no
DOR-BELL-CIMA-DC-6417-WHI,SET,Cielo 6417 Door Bell - White,Cielo 6417 Door Bell - White,no
DOR-STO-S/S-2213-W/HOOK,PCS,2213 S/s Door Stopper W/hook,2213 S/s Door Stopper W/hook,no
DRI-AUG-2WAY-08MM,PCS,T&t 2WAY Auger BIT-5/16,T&t 2WAY Auger BIT-5/16,no
DRI-BIT-SV003,PCS,2 (+-) Sensui Power Bit X65MM,2 (+-) Sensui Power Bit X65MM,no
ELE-GRW-40A1PMCB,EA,Grow 40A 1P Mcb,Grow 40A 1P Mcb,no
ELE-SOC-TES-300MA-BLU,PCS,PVC Link 13A Elcb & Socket Tester,PVC Link 13A Elcb & Socket Tester,no
"FAS-SCR-TAP-CSK-8#1/2""-BOX",BOX,8 X1/2 Tapping Screw-flat Head (1000PCS/BOX),8 X1/2 Tapping Screw-flat Head (1000PCS/BOX),no
"FIT-YG228R-NIP-REC-1""X3/4""-BRA",PCS,"Brass Reduced Nipple 1""X3/4","Brass Reduced Nipple 1""X3/4",no
GUM-SEL-3ML,PCS,Selleys Supa Glue 3ML,Selleys Supa Glue 3ML,no
HOS-GAR-SET-IHG-02,SET,Isano Water Hose Reel 12MM X 10M,Isano Water Hose Reel 12MM X 10M,no
JAC-FLO-CNN-3 TON,SET,China Floor Jack - 3 Ton,China Floor Jack - 3 Ton,no
LAD-H/D-STRO-SS09,UNIT,S/sided H/d Ladder 9 Step,S/sided H/d Ladder 9 Step,no
NAI-AIR-LEO-T38,BOX,Leo Air Nail - T38,Leo Air Nail - T38,no
NUM-60MM-A,PCS,Acp Alphabet 60MM - A,Acp Alphabet 60MM - A,no
PAI-BRU-086-25MM,DOZ,086 Cs Nylon Paint Brush 1,086 Cs Nylon Paint Brush 1,no
SHH-SPE-FIS-FS503,PCS,Fish Spears (3 PRONGS)/8106/FS8102/FS8107,Fish Spears (3 PRONGS)/8106/FS8102/FS8107,no
SIN-WAS-SSS-HX110,PCS,SS Sink Waste W/basket 3,SS Sink Waste W/basket 3,no
STO-MOU-W194-16X13,PCS,Mounted Stone:k-prix Korea W194 (16X13),Mounted Stone:k-prix Korea W194 (16X13),no
SWI-SOC-MK-4G1W-S8874,PCS,Mk 10AX 4G1W Switch -slimline Plus,Mk 10AX 4G1W Switch -slimline Plus,no
SWI-T/SOC-FLE-914-3M4G,SET,Fle T/skt Sp ** TC-4GL-340B 914-3M,Fle T/skt Sp ** TC-4GL-340B 914-3M,no
TAP-SKC-M22X2.50,SET,Skc Hand Tap M22 X 2.50,Skc Hand Tap M22 X 2.50,no
TOO-BAG-BHB506-A,PCS,Sensui Multi Tools Bag (blue),Sensui Multi Tools Bag (blue),no
TOO-VIC-MI-150MM,PCS,Heavy Duty Bench Vice 150MM (mikasa/jp),Heavy Duty Bench Vice 150MM (mikasa/jp),no
VAL-ANG-CA1002QH,PCS,CA1002QH Angle Valve,CA1002QH Angle Valve,no
X-FLO-MOC-RALM123,PCS,Glass Mosaic 30 X 30CM RALM123,Glass Mosaic 30 X 30CM RALM123,no
X-FLO-MOC-RCM134,PCS,Glass Mosaic 30 X 30CM RCM134,Glass Mosaic 30 X 30CM RCM134,no
X-FLO-MOC-RCM139,PCS,Glass Mosaic 30 X 30CM RCM139,Glass Mosaic 30 X 30CM RCM139,no
BOX-FISH-POLY-PICNIC,PCS,Polyfoam Fish Box (picnic) A,Polyfoam Fish Box (picnic) A,no
CAR-WAX-WC,PCS,WC Winscreen Cleaner,WC Winscreen Cleaner,no
DRI-BIT-SV005,PCS,2 (+-) Sensui Power Bit X110MM,2 (+-) Sensui Power Bit X110MM,no
ELE-NIG-LIG-262,PCS,ML MX-667(262) 3 Pin Sensor Night Light,ML MX-667(262) 3 Pin Sensor Night Light,no
"ELE-PVC-CAS-2""X1""",LGTH,Kancil 2 X 1 X 6FT PVC Casing,Kancil 2 X 1 X 6FT PVC Casing,no
ELE-TEE-BAR-FATO-40A,LTH,Copper Tee BAR Single Phase C (1.2X5MM),Copper Tee BAR Single Phase C (1.2X5MM),no
FAS-SCR-COA-M6030,PCS,Sr Coach Screw M6 X 30MM,Sr Coach Screw M6 X 30MM,no
"FAS-SCR-TAP-CSK-10#2""",PCK,10 X2 Csk Self Tapping Screw-flat Head (10PCS/PCK),10 X2 Csk Self Tapping Screw-flat Head (10PCS/PCK),no
FAS-SCR-ZPH-DSMHO520,PCK,Sr Zph Self Drilling Screw (20PCS/PCK) DSM-HO520,Sr Zph Self Drilling Screw (20PCS/PCK) DSM-HO520,no
"FIT-HDPE-ADA-MAL-25MMX1/2""",PCS,HDPE Adaptor Male 25MM X 1/2,HDPE Adaptor Male 25MM X 1/2,no
FIT-UPVC-FLO-110MMX80MM,PCS,U-pvc Floor Gully Trap 4 X 3,U-pvc Floor Gully Trap 4 X 3,no
"FRA-STU-GI-8'X2""X1""",PCS,8 X 2 X 1 X 0.32MM GI Stud Frame,8 X 2 X 1 X 0.32MM GI Stud Frame,no
GAR-SPR-PRE-L20,PCS,2 Liter Pressure Sprayer,2 Liter Pressure Sprayer,no
HOS-FLE-SW-PVCH-12,PCS,12 PVC Flexible Hose With PVC Holder,12 PVC Flexible Hose With PVC Holder,no
HOS-NOZ-RKEY-252#,PCS,Niko Brass Hose Nozzle - 252,Niko Brass Hose Nozzle - 252,no
IND-SCO-WOO-501,DOZ,501 Wooden Handle Shovel Head (DOZ),501 Wooden Handle Shovel Head (DOZ),no
IND-SCO-WOO-503,DOZ,503 Wooden Handle Shovel Head,503 Wooden Handle Shovel Head,no
LOC-WAT-CS-508,PCS,Corsa Meter Lock,Corsa Meter Lock,no
"NAI-LOS-HEA-1""-200G",PCK,1 Lost HD Nails 200G,1 Lost HD Nails 200G,no
NUM-80MM-F,PCS,Acp Alphabet 80MM - F,Acp Alphabet 80MM - F,no
PUT-CAR-T9,TIN,2.5L T9 Putty Grey,2.5L T9 Putty Grey,no
SHH-HOOK-4310N-NO.10,PKT,No. 10 Exori Super Strong Hook (20'S),No. 10 Exori Super Strong Hook (20'S),no
SHH-HOOK-4310N-NO.12,PKT,No. 12 Exori Super Strong Hook (20'S),No. 12 Exori Super Strong Hook (20'S),no
SHH-PLA-NET-NEEDLE-NO.4,PCS,Plastic Net Needle No. 4 (white),Plastic Net Needle No. 4 (white),no
SWI-ADA-TRA-13A,PCS,Eurosafe 13A Travel Adaptor,Eurosafe 13A Travel Adaptor,no
TAP-SKC-M22X2.00,SET,Skc Hand Tap M22 X 2.00,Skc Hand Tap M22 X 2.00,no
TAP-VAL-ANGL063,PCS,Leon Brass Angle,Leon Brass Angle,no
TOO-COM-GD33,PCS,Gd Combination Wrench 33MM,Gd Combination Wrench 33MM,no
VAL-BAL-CNN-25MM,PCS,Steel Ball Valve - Cnn 25 MM,Steel Ball Valve - Cnn 25 MM,no
WOO-SIN-08',PCS,Mrtx List 8 (s),Mrtx List 8 (s),no
"AER-S/S-DIA-3""-1WAY",PCS,Aerico S/s Diawater (one Way) 3,Aerico S/s Diawater (one Way) 3,no
ALUM-ROU-25MM,PCS,1 Alum. Round Tube X 6M (PCS),1 Alum. Round Tube X 6M (PCS),no
BNW-BOL-HTM-M06-30MM,PCS,H/t Bolt - M 06 X 30MM,H/t Bolt - M 06 X 30MM,no
BRO-HAN-200MM,PCS,4 X 7/8 Broom Handle,4 X 7/8 Broom Handle,no
CLI-HOS-ORB-1X,PCS,Orbit Hose Clip No : 1X,Orbit Hose Clip No : 1X,no
"CUT-DIS-AKODA-4""-A4",PCS,Akoda 4 Diamond Blade Turbo A4,Akoda 4 Diamond Blade Turbo A4,no
"DOR-HOO-CLO-LEO-3""",PCS,Leon S/steel Cloth HOOK-3,Leon S/steel Cloth HOOK-3,no
DOR-INS-MII-6172#,PCS,Mii Tct H/duty Hole Saw - 6172,Mii Tct H/duty Hole Saw - 6172,no
DOR-LOC-CYL-SMR-3600,SET,Smr 3600V Cylindrical Lock (v/p),Smr 3600V Cylindrical Lock (v/p),no
"FAS-SCR-DRY-BLA-6#1-1/4""",PCK,Hunter/bk - Drywall Screw 6 (20PCS/PCK) X1-1/4,Hunter/bk - Drywall Screw 6 (20PCS/PCK) X1-1/4,no
"FIT-HDPE-BEN-FEM-20MMX1/2""",PCS,HDPE Bend Female 20MM X 1/2,HDPE Bend Female 20MM X 1/2,no
"FIT-SS232-ELB-1/2""-SUS304",PCS,SS Equal Elbow 1/2,SS Equal Elbow 1/2,no
FIT-UPVC-BEN-ELB-45-50MM,PCS,U-pvc Bend (elbow) 50MM 2 45-DEG,U-pvc Bend (elbow) 50MM 2 45-DEG,no
GUM-SEL-KNE-STE-50G,PCS,Selleys Knead It Steel 50G,Selleys Knead It Steel 50G,no
IND-FIL-BLA-3KG,ROLL,Strecth Film Black Film 3040,Strecth Film Black Film 3040,no
IND-NET-ALUM-FTS,ROLL,Aluminium Netting 4 X 70,Aluminium Netting 4 X 70,no
IND-PAI-BLA-70L,PCS,Big Black Pail With Cover 70L,Big Black Pail With Cover 70L,no
KGR-SOL-0.5LIT,TIN,500ML 508 High Solid Pva Glue,500ML 508 High Solid Pva Glue,no
LOC-SAN-SHA-PB26550MM,PCS,Sanlock Pb Pad 50MM Long Shackle,Sanlock Pb Pad 50MM Long Shackle,no
RAI-ALU-18MM20',LGTH,Sr Curtain Rail 3/4 X 20,Sr Curtain Rail 3/4 X 20,no
SCA-CAM-SP50KG-3100003,PCS,Camry- Spring Scale Sp / 50KG,Camry- Spring Scale Sp / 50KG,no
SHH-HOO-1920SS4,PKT,No. 4 Eupro Fishing Hook (8'S),No. 4 Eupro Fishing Hook (8'S),no
STO-MOU-W196-16X25,PCS,Mounted Stone:k-prix Korea W196 (16X25),Mounted Stone:k-prix Korea W196 (16X25),no
TRA-SOC-GTE-3G-28060023,PCS,Green 3G Trailing Socket,Green 3G Trailing Socket,no
X-DOR-LOC-CYL-2088AC,SET,Br 5862 AC Cylindrical Door Lock,Br 5862 AC Cylindrical Door Lock,no
AER-HOT-WAT-TAP,PCS,Aerico Hot Water Tap,Aerico Hot Water Tap,no
BNW-B&N-RBN-106,PCK,Sr G. I Boit & Nut 3/16 X 3/4 (8PCS/PCK),Sr G. I Boit & Nut 3/16 X 3/4 (8PCS/PCK),no
BOX-POS-JN1015-1,PCS,Brass Letter Box (flower),Brass Letter Box (flower),no
ELE-KNI-BS-303181-STRAIGT,PCS,Bosi (BS-303181) Electrician's Knife (straigt),Bosi (BS-303181) Electrician's Knife (straigt),no
"FAS-SCR-3""-DSM-HRW 675",PCK,"Metal Spandex Screw 3""- Dsm-hrw 675(50PCS/PCK)","Metal Spandex Screw 3""- Dsm-hrw 675(50PCS/PCK)",no
"FAS-SCR-F/H-2"" X 8#",PKT,Sr F/h Self Drilling Screw 2 X 8 (20PCS/PCK),Sr F/h Self Drilling Screw 2 X 8 (20PCS/PCK),no
FIT-HDPE-BEN-ELB-32MM,PCS,HDPE Bend (elbow) 32MM,HDPE Bend (elbow) 32MM,no
"FIT-HDPE-TEE-FEM-20MMX1/2""",PCS,HDPE Tee Female 20MM X 1/2,HDPE Tee Female 20MM X 1/2,no
GAR-SHE-701,PCS,Tiger Pruning Shears Straight 701,Tiger Pruning Shears Straight 701,no
HOS-FLE-SW-PVCH-10,PCS,10 PVC Flexible Hose With PVC Holder,10 PVC Flexible Hose With PVC Holder,no
HOS-NOZ-BRASS-EX3030,PCS,Ex 3030 Straight Brass Hose Nozzle,Ex 3030 Straight Brass Hose Nozzle,no
"NAI-CON-GAL-2.1/2""-PCK",PCK,2-1/2 Galvanised Steel Nail- (20PCS/PCK),2-1/2 Galvanised Steel Nail- (20PCS/PCK),no
"PAI-ROL-REF-ALI-7""-W/Y",PCS,Alipaint Y/w Roller Refill 7,Alipaint Y/w Roller Refill 7,no
SHH-LINE-WHI-NO.25,PCS,(bs)long White M. L No. 25,(bs)long White M. L No. 25,no
SIN-TAP-PIL-QXY-DP-PT-7558,PCS,QXY-DP-PT-7558-1L: Double Pipe Pillar Sink Tap -single Flexible,QXY-DP-PT-7558-1L: Double Pipe Pillar Sink Tap -single Flexible,no
SWI-KAT-BRE-KT316,PCS,Katko Load Break Isolating Switch KT316,Katko Load Break Isolating Switch KT316,no
SWI-POL-1WAY-1GANG,PCS,Pol 1GANG 1WAY Switch Socket,Pol 1GANG 1WAY Switch Socket,no
SWI-SOC-MK-5G1W-S8875,PCS,Mk 10AX 5G1W Switch -slimline Plus,Mk 10AX 5G1W Switch -slimline Plus,no
"WOO-TIM-2""X4""X12'",PCS,Mlh Sawn Timber 2 X 4 X 12,Mlh Sawn Timber 2 X 4 X 12,no
AER-6UT66,PCS,Aerico 6UT66,Aerico 6UT66,no
AIR-DUS-PVC-LX02,PCS,AD02 PVC Air Duster,AD02 PVC Air Duster,no
BRO-CEI-SB THS-DM,PCS,Ceiling Broom,Ceiling Broom,no
CAN-JER-40025,PCS,25L Jerrycan,25L Jerrycan,no
CAR-WAS-SHI-500ML,PCS,Aa Car Care Wash&shine (premium) 500ML,Aa Car Care Wash&shine (premium) 500ML,no
CHA-SAW-KEY,PCS,Prescott Spindle Key,Prescott Spindle Key,no
CUT-TIL-JTC-450MM,SET,Rockey Tile Cutter Machine 518 450MM,Rockey Tile Cutter Machine 518 450MM,no
CUT-TILE-AR650,SET,650MM Aracut Tile Cutting Machine,650MM Aracut Tile Cutting Machine,no
"DOR-HIN-SSS-5""",SET,5 X 2.5MM Big House S/s Hinges,5 X 2.5MM Big House S/s Hinges,no
"DRI-AUG-BIT-NO.1""",PCS,1 No. 1 Star-m Auger Bit (b),1 No. 1 Star-m Auger Bit (b),no
DRI-BIT-116I,PCS,22MM Hitmax Diamond Core Bit,22MM Hitmax Diamond Core Bit,no
FAS-SCR-DS650HW-MET-PCK,PCK,12 X 2 Self Drilling Screw (50PCS/PCK),12 X 2 Self Drilling Screw (50PCS/PCK),no
FIT-HDPE-TEE-32MMX25MM,PCS,HDPE Tee Reducing 32 X 25MM,HDPE Tee Reducing 32 X 25MM,no
"FIT-SS232-ELB-3/4""-SUS304",PCS,SS Equal Elbow 3/4,SS Equal Elbow 3/4,no
FIT-UPVC-BEN-ELB-45-82MM,PCS,U-pvc Bend (elbow) 82MM 3 45-DEG,U-pvc Bend (elbow) 82MM 3 45-DEG,no
GAR-PRU-25MM-BTP-25,PCS,Bossman Tree Pruner Without Saw 25MM,Bossman Tree Pruner Without Saw 25MM,no
GLU-STI-BIG-TWN,PCS,Glue Stick-big/twn,Glue Stick-big/twn,no
GUM-HAR-HE4251,PCS,Valve Griding Paste: Hardex HE4251(F),Valve Griding Paste: Hardex HE4251(F),no
GUM-HAR-HE4252,PCS,Valve Griding Paste: Hardex HE4252(C),Valve Griding Paste: Hardex HE4252(C),no
"NAI-LOS-HEA-1""-500G",PCK,1 Lost HD Nails 500G,1 Lost HD Nails 500G,no
PLA-BAG-40X48X1KG,PKT,40 X 48 X 0.06 X 1KG PE (black),40 X 48 X 0.06 X 1KG PE (black),no
SHH-FIG-BRA-LIN-4X-10LB,PCS,Shuttle 4X Braided Line 100M (10LB) (dark Green),Shuttle 4X Braided Line 100M (10LB) (dark Green),no
SHH-FIG-BRA-LIN-4X-30LB,PCS,Shuttle 4X Braided Line 100M (30LB) (dark Green),Shuttle 4X Braided Line 100M (30LB) (dark Green),no
SHH-FIG-BRA-LIN-4X-50LB,PCS,Shuttle 4X Braided Line 100M (50LB) (dark Green),Shuttle 4X Braided Line 100M (50LB) (dark Green),no
STO-MOU-A38-25X25,PCS,Mounted Stone:k-prix Korea A38 (25X25),Mounted Stone:k-prix Korea A38 (25X25),no
SWI-T/SOC-FLE-914-5M-4G5M,SET,Fle T/skt Sp ** TC-4GL-540B 914-5M,Fle T/skt Sp ** TC-4GL-540B 914-5M,no
SWI-T/SOC-GONGN-4G3M,PCS,Gongniu 4 GANG Trailing Surge Protector (E304T),Gongniu 4 GANG Trailing Surge Protector (E304T),no
TOO-CHI-CON-W3151A,PCS,Concrete Pointed Chisel (16*250MM),Concrete Pointed Chisel (16*250MM),no
VAL-CAB-CB5100,UNIT,Cabana Angle Valve CB5100,Cabana Angle Valve CB5100,no
VAL-CAB-CB9100,UNIT,Cabana Angle Valve CB9100,Cabana Angle Valve CB9100,no
BNW-BOL-HTM-M08-35MM,PCS,H/t Bolt - M 08 X 35MM,H/t Bolt - M 08 X 35MM,no
BRA-COR-B300,PCS,B300 1/2 Dn 15B Brass Core Parts,B300 1/2 Dn 15B Brass Core Parts,no
BRA-S/STEEL-60MM,PCS,60MM S/steel Flat L Bracket,60MM S/steel Flat L Bracket,no
CAB-PVC-FLE-CON-25MM-ECO,MTR,25MM PVC Flexible Conduit - Black 40M (kancil),25MM PVC Flexible Conduit - Black 40M (kancil),no
"CLI-HOS-GP-3.1/2""",PCS,Gp S/steel Hose CLIP-3.1/2 (65-89MM),Gp S/steel Hose CLIP-3.1/2 (65-89MM),no
DOR-DEA-BOL-LEO-301SS,PCS,Leon Deadbolt,Leon Deadbolt,no
DRI-AUG-2WAY-12MM,PCS,T&t 2WAY Auger BIT-1/2,T&t 2WAY Auger BIT-1/2,no
ELE-CAB-R/BK-PURECO-60M,ROLL,Pureco 23/014 Red/black Wire,Pureco 23/014 Red/black Wire,no
ELE-PLU-TOP-NNE138,PCS,NNE 138 13A P/top SIRIM,NNE 138 13A P/top SIRIM,no
FIT-UPVC-BEN-ELB-82MM,PCS,U-pvc Bend (elbow) 82MM 3,U-pvc Bend (elbow) 82MM 3,no
"FIT-YG237-SOC-1/4""-BRA",PCS,Brass Equal Socket 1/4,Brass Equal Socket 1/4,no
FLO-PVC-502-26-25MTR,MTR,Ekonor 0.55MM Flooring 25MTR -502-26,Ekonor 0.55MM Flooring 25MTR -502-26,no
GAS-STO-LOC,PCS,Lucky Stove Lock On Off,Lucky Stove Lock On Off,no
"HIN-W/BEA-ASA-5""",PAIR,Asabie S/steel Hinges With Bearing 5 X 2.5MM,Asabie S/steel Hinges With Bearing 5 X 2.5MM,no
IND-CEM-3KG-GRE,PKT,3KG Scincrete Tile Filla-dark Green 317,3KG Scincrete Tile Filla-dark Green 317,no
IND-CEM-3KG-IVO,PKT,3KG Scincrete Tile Filla-ivory 303,3KG Scincrete Tile Filla-ivory 303,no
IND-NET-ASTINO,ROLL,Astino PVC Netting Grey,Astino PVC Netting Grey,no
MEA-WHE-SES06,SET,6 Sensui Measuring Wheel,6 Sensui Measuring Wheel,no
"PAI-BRU-680-4""",PCS,Arrow Nylon Brush 680 - 4,Arrow Nylon Brush 680 - 4,no
ROP-NYL-2.5MM,COIL,2.5MM Nylon String,2.5MM Nylon String,no
SAF-SHO-SANO-43#,PAIR,Sano Safety Shoe 43/9,Sano Safety Shoe 43/9,no
SHH-HOOK-4310N-NO.2,PKT,No. 2 Exori Super Strong Hook (20'S),No. 2 Exori Super Strong Hook (20'S),no
SHH-REEL-FS3000,PCS,Sealand Fighter Reel W/line,Sealand Fighter Reel W/line,no
SOC-PG9-GEW,PCS,PG9 Gewiss GW52002,PG9 Gewiss GW52002,no
SWI-POL-1WAY-2GANG,PCS,Pol 1GANG 2WAY Switch Socket,Pol 1GANG 2WAY Switch Socket,no
TAP-CAB-CB1530S-BL,PCS,Cabana S/steel 304 Pillar Mounted Kitchen Tap,Cabana S/steel 304 Pillar Mounted Kitchen Tap,no
TAP-SKC-M20X1.50,SET,Skc Hand Tap M20 X 1.50,Skc Hand Tap M20 X 1.50,no
TAP-SKC-M20X2.00,SET,Skc Hand Tap M20 X 2.00,Skc Hand Tap M20 X 2.00,no
TOO-ELE-GUN-MGG01-60W,PCS,60W Hot Glue Gun,60W Hot Glue Gun,no
TOO-HAN-RATSHE12MM,PCS,1/2 Ratchet Handle,1/2 Ratchet Handle,no
WAL-PLU-H/DUTY-630C,PCK,10MM X 50MM H/duty PVC Wall Plug,10MM X 50MM H/duty PVC Wall Plug,no
WOR-MARK-X-BAT,PCS,Worker/mark-x Battery Pack Only (cordless Drill),Worker/mark-x Battery Pack Only (cordless Drill),no
"ACE-NUTS-5/16""X38MM",PCS,"Ace Brand Bsw Hexagon Long Nuts LN-5/16""X38MM","Ace Brand Bsw Hexagon Long Nuts LN-5/16""X38MM",no
"AER-S/S-DIA-3""-2WAY",PCS,Aerico S/s Diawater (two Way) 3,Aerico S/s Diawater (two Way) 3,no
CAB-LUG-10-8,PCK,Cable Lug 10-8 (10PCS/PCK),Cable Lug 10-8 (10PCS/PCK),no
CAB-LUG-300AMP,PCK,Cable Lug (white) 300AMP 2PCS/PCK,Cable Lug (white) 300AMP 2PCS/PCK,no
ELE-SOL-TIN1MM17G,PCS,Soldering Tin 1.0MM 17G,Soldering Tin 1.0MM 17G,no
FIR-LIG-CRI,BOX,Cricket Lighter 50'S,Cricket Lighter 50'S,no
"FIT-HDPE-ADA-FEM-20MMX3/4""",PCS,HDPE Adaptor Female 20MMX3/4,HDPE Adaptor Female 20MMX3/4,no
GAR-HOE-WED-SQU,PCS,Square Hoe Wedges,Square Hoe Wedges,no
GRA-CAB-CB6633,UNIT,Cabana Floor Trap (6X6),Cabana Floor Trap (6X6),no
HOI-LEV-TOH-1.5,PCS,Toyo Lever Hoist 1.5 Ton,Toyo Lever Hoist 1.5 Ton,no
"IND-CAS-PVC-RIG-5""",PCS,Medium Duty Red PVC Rigid Wheel 5,Medium Duty Red PVC Rigid Wheel 5,no
IND-CAS-TPR-R-50S,PCS,5 Tpr Swivel Wheel,5 Tpr Swivel Wheel,no
IND-NET-FIB-G4FTS,ROLL,4 Nylon Netting,4 Nylon Netting,no
IND-PLU-BOB-600G-PCK,PCS,600G Plumb Bobs (pack),600G Plumb Bobs (pack),no
"IND-SCP-PVC-00627M-4""",PCS,4 Extreme Polished Scraper-pvc Handle,4 Extreme Polished Scraper-pvc Handle,no
KGR-KIM-300ML-9214,TIN,300ML Kangaroo Kimtone 9214,300ML Kangaroo Kimtone 9214,no
LOC-APL-99-50MM,PCS,Armor Anti-cut Padlock APL-99-50MM,Armor Anti-cut Padlock APL-99-50MM,no
LOC-OLP-LTS60,PCS,60MM Olpha Brass Hammer Type Pad Loc,60MM Olpha Brass Hammer Type Pad Loc,no
NUM-60MM-3,PCS,Acp Numbering 60MM - 3,Acp Numbering 60MM - 3,no
PAI-SPR-KIMLAC-9613,TIN,Kimlac Brand Spray Paint 9613,Kimlac Brand Spray Paint 9613,no
RIG-HOO-SLI-09MM,PCS,Clevis Slip Hook 09MM,Clevis Slip Hook 09MM,no
SHH-FROG-HLK30,PCS,Fishing Tackle Lures,Fishing Tackle Lures,no
SHH-HOO-MS4310-NO.1/0,PCK,No. 1/0 Eupro Fishing Hook (9'S),No. 1/0 Eupro Fishing Hook (9'S),no
SHH-HOOK-12146BN-1,PKT,No. 1 Hytac Hook 14'S,No. 1 Hytac Hook 14'S,no
SHH-HOOK-12146BN-1/0,PKT,No. 1/0 Hytac Hook 18'S,No. 1/0 Hytac Hook 18'S,no
SHH-HOOK-4310N-NO.3/0,PKT,No. 3/0 Exori Super Strong Hook (10'S),No. 3/0 Exori Super Strong Hook (10'S),no
SHH-HOOK-9290BN16,PKT,Sode Hook No. 16(10'S),Sode Hook No. 16(10'S),no
SHH-SPOOL-107,PCS,Fishing Spool HP-107,Fishing Spool HP-107,no
SWI-T/BOX-940AF,SET,Extension Box 9 Meter,Extension Box 9 Meter,no
TAP-NOZ-C888,CARD,"C888 Tap Nozzle 1/2""X1/2","C888 Tap Nozzle 1/2""X1/2",no
TOO-DRV-MAG-M865,PCS,Spandek Screw Adaptor M8X65MM,Spandek Screw Adaptor M8X65MM,no
TOO-PLI-CRI-STA-225,PCS,9 Crimping Pliers,9 Crimping Pliers,no
TOO-WRE-3WAY-141719,PCS,3 Way Spanner 14X17X19,3 Way Spanner 14X17X19,no
BNW-BOL-SS304-M8-25MM,PCS,SS 304 Bolt - M8 X 25MM,SS 304 Bolt - M8 X 25MM,no
CLI-ELE-CAB-SPR-U18-20MMTC,PCK,Tc 20MM PVC Spring/u Clip (PCK),Tc 20MM PVC Spring/u Clip (PCK),no
COC-STO-RA2T-G511B,PCS,Stopvalve RA2T Truflo,Stopvalve RA2T Truflo,no
"DOR-FLU-SGD-36610""",PCS,10 SS St. Guchi Flush Bolt,10 SS St. Guchi Flush Bolt,no
"DOR-H&S-LEO-2""",DOZ,Leon S/steel Hasp & STAPLE-2,Leon S/steel Hasp & STAPLE-2,no
DOR-HIN-BRI-050MM,DOZ,Iron Hinges Bright 2,Iron Hinges Bright 2,no
DUS-PAN-179,PCS,Dustpan With Handle,Dustpan With Handle,no
ELE-CAB-UC 2.5MM,MTR,Tonn 2.5MM X 2C Twin Flat Cable,Tonn 2.5MM X 2C Twin Flat Cable,no
"FIT-YG237-SOC-3/4""-BRA",PCS,Brass Equal Socket 3/4,Brass Equal Socket 3/4,no
"GAR-CHI-1/2""X3/8""-SBL",PCS,Sbl G. I. Loading Spike T-shape Hook 1/2 X 3/8,Sbl G. I. Loading Spike T-shape Hook 1/2 X 3/8,no
GRA-SSS-06085(4),PCS,4 Elise S/steel Floor Grating,4 Elise S/steel Floor Grating,no
HOS-CON-ADA-PI7-326#,PCS,PI7 Hose CONNECTOR-326,PI7 Hose CONNECTOR-326,no
HOS-GAR-REE-1100001,SET,Ecogreen-iron Hose Reel 1002,Ecogreen-iron Hose Reel 1002,no
IND-SCP-PVC-ASES,PCS,Arrow Silicone Edge Scraper,Arrow Silicone Edge Scraper,no
MAR-PEN-90-RED,PCS,Faster 90 Marker Pen-red,Faster 90 Marker Pen-red,no
"PIP-PVC-E-3/4""",MTR,3/4 (26MM) Class E X 6M PVC Pipe (MTR),3/4 (26MM) Class E X 6M PVC Pipe (MTR),no
RIG-HOO-GRA-09MM,PCS,Clevis Grab Hook 09MM,Clevis Grab Hook 09MM,no
SHH-SINKER-HOLE-NO.1,PCK,Hole Sinker No. 1 (10PCS/PCK),Hole Sinker No. 1 (10PCS/PCK),no
SHH-SINKER-NO.3,PCK,Single Head Sinker No. 3 (2PCS/PCK),Single Head Sinker No. 3 (2PCS/PCK),no
SHH-SWIVEL-SNAP-NO.12,PKT,Nickel Snap Swivel No. 12,Nickel Snap Swivel No. 12,no
SPO-LUN-CHI-CCP1,PKT,Top Plastic 5 Chinese Spoon,Top Plastic 5 Chinese Spoon,no
SWI-SOC-ULT-M000MG,PCS,Ultra 1 GANG Blank Plate-matte Grey (M000MG),Ultra 1 GANG Blank Plate-matte Grey (M000MG),no
SWI-T/SOC-FLE-913-5M3G,SET,Fle T/skt Sp ** TC-3GL-540B 913-5M,Fle T/skt Sp ** TC-3GL-540B 913-5M,no
SWI-T/SOC-FLE-915-3M5G,SET,Fle T/skt Sp TC-5GL-340B 915-3M,Fle T/skt Sp TC-5GL-340B 915-3M,no
TAP-SKC-M20X2.50,SET,Skc Hand Tap M20 X 2.50,Skc Hand Tap M20 X 2.50,no
TOO-SPA-BEN-BLK-16MM,LGHT,BAR Bender: (m) Black 5/8,BAR Bender: (m) Black 5/8,no
TRCK-(0.40MM)-75MM-10FTS,PCS,Track (0.40MM)75MM X 25MM X 3000MM -10FTS,Track (0.40MM)75MM X 25MM X 3000MM -10FTS,no
X-SWI-ADA-NEO-3WAY-SMA,PCS,Kingsway 13A 3WAY Adaptor Neon 940N SIRIM,Kingsway 13A 3WAY Adaptor Neon 940N SIRIM,no
"AER-OBE-CER-10""",PCS,Aerico 10 Obe Ceramic,Aerico 10 Obe Ceramic,no
BRA-EPO-FOL-200MM,PCS,Epoxy Folding L Bracket - 200/8,Epoxy Folding L Bracket - 200/8,no
CLI-HOS-ORB-2X,PCS,Orbit Hose Clip No : 2X,Orbit Hose Clip No : 2X,no
COV-JAC-L/B-L,PCS,L/blue Jacket (r) : L,L/blue Jacket (r) : L,no
COV-JAC-RED-L,PCS,Red Jacket (r) : L,Red Jacket (r) : L,no
CUT-KNI-LC-500B,PCS,Tajima Utility Knife 500,Tajima Utility Knife 500,no
"DOR-FLU-SGD-36612""",PCS,12 SS St. Guchi Flush Bolt SGDB-36612,12 SS St. Guchi Flush Bolt SGDB-36612,no
HEA-SPA-FAUCET-L661,PCS,L661 Faucet Spare Head,L661 Faucet Spare Head,no
LAD-ALU-AT-DS07,UNIT,At 7 Step D/side Aluminium Ladder,At 7 Step D/side Aluminium Ladder,no
MAR-PEN-90-BLUE,PCS,Faster 90 Marker Pen-blue,Faster 90 Marker Pen-blue,no
NAI-SQU-SUP-075MM-1KG,PKG,E. G Square Boat Nail 75MM - 1KGS,E. G Square Boat Nail 75MM - 1KGS,no
O-RING-22-26,PCS,O-ring 22-26,O-ring 22-26,no
REC--SQL-1200V,PCS,Rectifier 1200V,Rectifier 1200V,no
SAF-SHO-LAU-42#,PAIR,Laufen Safety Shoe 42/8,Laufen Safety Shoe 42/8,no
SHH-BOX-ETB120,PCS,120 Exori Tackle Box (11.5CM X 7.5CM X3CM),120 Exori Tackle Box (11.5CM X 7.5CM X3CM),no
SPR-GRE-SW-99,CAN,400ML Starwill Spray Grease -SW-99,400ML Starwill Spray Grease -SW-99,no
SWI-CON-PVC-10A,LTH,Sjp 10A PVC Connector,Sjp 10A PVC Connector,no
SWI-T/SOC-EUR-8744-4G,SET,Dlx 4 GANG T-adaptor (sirim),Dlx 4 GANG T-adaptor (sirim),no
TOO-MAG-BIT-26173,PCS,Br 1020 Magnetic Power Bits (10PCS/PACK),Br 1020 Magnetic Power Bits (10PCS/PACK),no
TOPLUS-432-07L,CAN,7L Toplus Emulsion 432 Strawberry Crush,7L Toplus Emulsion 432 Strawberry Crush,no
ABR-PAP-SWA-0120,SHT,Swallow Abrasive Sand Paper 120,Swallow Abrasive Sand Paper 120,no
ABR-PAP-SWA-0180,SHT,Swallow Abrasive Sand Paper 180,Swallow Abrasive Sand Paper 180,no
BRO-MOP-MRMOP-L,PCS,4096 Mr Mop (l) Fine Cotton Mop,4096 Mr Mop (l) Fine Cotton Mop,no
BRO-MOP-MRMOP-M,PCS,41022 Mr Mop (m) Fine Cotton Mop,41022 Mr Mop (m) Fine Cotton Mop,no
CLI-MET,PCK,Metal Clip 500GRM,Metal Clip 500GRM,no
ELE-D/L-HGD603-18W-3CLR,PCS,Hms Downlite Hgd 3CLR,Hms Downlite Hgd 3CLR,no
FAS-SCR-COA-M8060,PCS,Sr Coach Screw M8 X 60MM,Sr Coach Screw M8 X 60MM,no
"FIT-HDPE-ADA-MAL-25MMX3/4""",PCS,HDPE Adaptor Male 25MM X 3/4,HDPE Adaptor Male 25MM X 3/4,no
"FIT-HDPE-BEN-MAL-25MMX3/4""",PCS,HDPE Bend Male 25MM X 3/4,HDPE Bend Male 25MM X 3/4,no
"FIT-SS225-BUS-3/4""X1/2""-SUS304",PCS,"SS Hex Bushing 3/4""X1/2","SS Hex Bushing 3/4""X1/2",no
FIT-UPVC-BEN-ELB-45-32MM,PCS,U-pvc Bend (elbow) 32MM 1-1/4 45-DEG,U-pvc Bend (elbow) 32MM 1-1/4 45-DEG,no
"FIT-YG232-ELB-3/4""-BRA",PCS,Brass Equal Elbow 3/4,Brass Equal Elbow 3/4,no
"GAR-SIC-7.1/2""*",PCS,Korea Sickle,Korea Sickle,no
HOS-GAR-ORA-160330-MTR,MTR,Greenland Super Fancy Hose (gpi) 5/8 X 3MM,Greenland Super Fancy Hose (gpi) 5/8 X 3MM,no
IND-CEM-750G-WHI,CAN,750G Scin-flex Tile Grout 301(WHITE),750G Scin-flex Tile Grout 301(WHITE),no
MAR-PEN-90-BLACK,PCS,Faster 90 Marker Pen-black,Faster 90 Marker Pen-black,no
MET-LED-ENE-MLHV32,PCS,Evr Compact Metal Light,Evr Compact Metal Light,no
NAI-AIR-LEO-T45,BOX,Leo Air Nail - T45,Leo Air Nail - T45,no
NAI-COM-38MM- 20KG,BOX,1 1/2 Wire Nail,1 1/2 Wire Nail,no
NAI-CON-ST38,BOX,Concrete NAIL-ST38,Concrete NAIL-ST38,no
NAI-CON-ST45,BOX,Concrete NAIL-ST45,Concrete NAIL-ST45,no
NAI-FEL-SUP-32MM,KG,E. G Felt Nail 32MM 1 KGS,E. G Felt Nail 32MM 1 KGS,no
NUM-80MM-3,PCS,Acp Numbering 80MM - 3,Acp Numbering 80MM - 3,no
PIP-EXT-M255,PCS,M255 Pipe Extractor 1/2,M255 Pipe Extractor 1/2,no
PUM-HAN-634,PCS,M'man Hand Pump - 634,M'man Hand Pump - 634,no
SHH-SWIVEL-NO.4,PKT,Nickel Swivel No. 4,Nickel Swivel No. 4,no
SHH-SWIVEL-NO.8,PKT,Nickel Swivel No. 8,Nickel Swivel No. 8,no
SIN-BAS-VIP-NO.46,PCS,No. 46 Vip Basin Waste (rotate),No. 46 Vip Basin Waste (rotate),no
STO-MOU-A25-25X25,PCS,Mounted Stone:k-prix Korea A25 (25X25),Mounted Stone:k-prix Korea A25 (25X25),no
SWI-SOC-PLK-1328,PCS,Plk 5113 13A S/skt SIRIM,Plk 5113 13A S/skt SIRIM,no
SWI-SOC-ULT-M061W,PCS,Ultra 16A 1 GANG Doorbell Switch-white (M061W),Ultra 16A 1 GANG Doorbell Switch-white (M061W),no
VAL-BAL-CNN-12MM,PCS,Steel Ball Valve - Cnn 12 MM,Steel Ball Valve - Cnn 12 MM,no
WAL-PLU-H/DUTY-630A,PCK,6MM X 30MM H/duty PVC Wall Plug,6MM X 30MM H/duty PVC Wall Plug,no
ABR-PAP-SWA-0100,SHT,Swallow Abrasive Sand Paper 100,Swallow Abrasive Sand Paper 100,no
ADH-TAP-SEA-YEL,PCS,19MM X 0.2MM X 16M Seal Tape Big - Yellow,19MM X 0.2MM X 16M Seal Tape Big - Yellow,no
BNW-BOL-HTM-M14-50MM,PCS,H/t Bolt - M 14 X 50MM,H/t Bolt - M 14 X 50MM,no
CHA-GAL-3MM,KGS,Galv Short Link Chain 1/8,Galv Short Link Chain 1/8,no
COV-JAC-L/B-XL,PCS,L/blue Jacket (r) : XL,L/blue Jacket (r) : XL,no
"CUT-PAR-COV-16""",PCS,16 Parang With Cover,16 Parang With Cover,no
DOR-HIN-SSS-75MM,PAIR,3 Stainless Steel Hinges,3 Stainless Steel Hinges,no
ELE-CAB-WIR-1.5-YELLOW*,MTR,"Win PVC Cable, Yellow 100M","Win PVC Cable, Yellow 100M",no
ELE-PLUG-TIMER-WHI-BND50*,PCS,Eurosafe 13A 24HR Plug Timer,Eurosafe 13A 24HR Plug Timer,no
ELE-PVC-BOX-TC4X6,EA,Tc 4X6 PVC Enclosure Box,Tc 4X6 PVC Enclosure Box,no
"FAS-SCR-TAP-PAN-8#1""",PACK,8 X1 Ph Self Tapping Screw-pan Head (20PCS/PCK)),8 X1 Ph Self Tapping Screw-pan Head (20PCS/PCK)),no
FAS-SCR-ZPH-DSMHO516,PCK,Sr Zph Self Drilling Screw (20PCS/PCK) DSM-HO516,Sr Zph Self Drilling Screw (20PCS/PCK) DSM-HO516,no
"FIT-SS237-SOC-3/4""-SUS304",PCS,SS Equal Socket 3/4,SS Equal Socket 3/4,no
FIT-UPVC-FLO-110MMX50MM,PCS,U-pvc Floor Gully Trap 4 X 2,U-pvc Floor Gully Trap 4 X 2,no
FLO-PVC-NO.20307,ROLL,PVC Flooring No. 525-05,PVC Flooring No. 525-05,no
GRA-CUT-LIN-YEL,BAG,Square Trimer Line-yellow (BAG),Square Trimer Line-yellow (BAG),no
GUN-CAU-H/D-Y93,PCS,Alitool Caulking Gun - Y93,Alitool Caulking Gun - Y93,no
GUN-WUF-F75S,SET,Wufu Spray Gun (F-75S),Wufu Spray Gun (F-75S),no
HHD-VAL-FLO-PVC-12MM,PCS,1/2 X 9 Techplas PVC Float Valve,1/2 X 9 Techplas PVC Float Valve,no
HOS-NOZ-TWN-ECO-EG2012,PCS,Ecogreen-snap-in Twist Nozzle EG2012/5,Ecogreen-snap-in Twist Nozzle EG2012/5,no
NUM-80MM-5,PCS,Acp Numbering 80MM - 5,Acp Numbering 80MM - 5,no
PAI-BRU-NYL-325-8#,PCS,8 Nylon Hair Color Brush,8 Nylon Hair Color Brush,no
PAI-SPR-KIMLAC-9617,TIN,Kimlac Brand Spray Paint 9617,Kimlac Brand Spray Paint 9617,no
PAI-TIG-250ML-ALUM,DOZ,250ML Tiger G. P 203 Aluminium (DOZ),250ML Tiger G. P 203 Aluminium (DOZ),no
RAI-COA-SUP-XXXL,PCS,Supersonic PVC Rain Coat : 3XL,Supersonic PVC Rain Coat : 3XL,no
ROP-NYL-1MM,COIL,1.0MM Nylon String,1.0MM Nylon String,no
SCA-PVC-HAN-05KG,PCS,5KG PVC Hanging Scale,5KG PVC Hanging Scale,no
SHH-FISH-NET-0.15D-20MM-50MD/5A,PCS,"20MM (3/4"") 50MD (3') /5A","20MM (3/4"") 50MD (3') /5A",no
SHH-HOOK-1920SS7/0,PKT,No. 7/0 Eupro Fishing Hook (5'S),No. 7/0 Eupro Fishing Hook (5'S),no
SHH-HOOK-4310N-NO.1,PKT,No. 1 Exori Super Strong Hook (20'S),No. 1 Exori Super Strong Hook (20'S),no
STO-MOU-M4-26X27,PCS,Mounted Stone:k-prix Korea M4 (26X27),Mounted Stone:k-prix Korea M4 (26X27),no
SWI-CON-PVC-20A,LTH,Sjp 20A PVC Connector,Sjp 20A PVC Connector,no
SWI-POL-4GANG-1WAY,PCS,Pol 4GANG 1WAY Switch Socket,Pol 4GANG 1WAY Switch Socket,no
TOO-PLI-RIV-STA-69646,PCS,"Riveter 3 NOSEPIECES-(1/8"",5/32"",3/16"")","Riveter 3 NOSEPIECES-(1/8"",5/32"",3/16"")",no
"TOO-RUL-SSS-6289-24""",PCS,Steel Ruler 60CM,Steel Ruler 60CM,no
X-DOR-LOC-CYL-6871SS,SET,Plus A-class Cylindrical Lock,Plus A-class Cylindrical Lock,no
X-FLO-MOC-BR6301,PCS,BR6301 300X600MM,BR6301 300X600MM,no
X-FLO-MOC-BR6302,PCS,BR6302 300X600MM,BR6302 300X600MM,no
ABR-PAP-SWA-0240,SHT,Swallow Abrasive Sand Paper 240,Swallow Abrasive Sand Paper 240,no
BNW-BOL-HTM-M14-45MM,PCS,H/t Bolt - M 14 X 45MM,H/t Bolt - M 14 X 45MM,no
BNW-NUT-HTM-M06,PCS,H/t Nut- M 06,H/t Nut- M 06,no
CUT-DIS-HIT-16X25.4MM,PCS,Cut Off Wheel 16 (402X3X25.4MM),Cut Off Wheel 16 (402X3X25.4MM),no
CUT-SAW-PM33124,PCS,Pumpkin 20 Master Cut Hand Saw,Pumpkin 20 Master Cut Hand Saw,no
CUT-TIL-NYL-5.0MM,PACK,5.0MM PVC Cross Tiles Spacer (200PCS+/-),5.0MM PVC Cross Tiles Spacer (200PCS+/-),no
"DOR-PUL-ALU-6""",DOZ,6 Door Pull,6 Door Pull,no
DRI-AUG-2WAY-06MM,PCS,T&t 2WAY Auger BIT-1/4,T&t 2WAY Auger BIT-1/4,no
"DRI-AUG-BIT-NO.1/2""",PCS,1/2 No. 1 Star-m Auger Bit (b),1/2 No. 1 Star-m Auger Bit (b),no
"FAS-SCR-TAP-CSK-8#1 1/2""",PACK,8 X1-1/2 Csk Self Tapping Screw - Flat Head (10PCS/PCK),8 X1-1/2 Csk Self Tapping Screw - Flat Head (10PCS/PCK),no
"FIT-HDPE-BEN-MAL-20MMX1/2""",PCS,HDPE Bend Male 20MM X 1/2,HDPE Bend Male 20MM X 1/2,no
FIT-PVC-SOC-REC-20MMX15MM,PCS,"PVC Fitting Soc Red 3/4""X1/2","PVC Fitting Soc Red 3/4""X1/2",no
"FIT-SS232R-ELB-REC-3/4""X1/2""-SUS304",PCS,"SS Reducing Elbow 3/4""X1/2","SS Reducing Elbow 3/4""X1/2",no
"FIT-YG245-NIP-1/4""-BRA",PCS,Brass Equal Nipple 1/4,Brass Equal Nipple 1/4,no
FLO-PVC-459-13,ROLL,PVC Flooring No. 520-14,PVC Flooring No. 520-14,no
HOS-GAS-BLA45,ROLL,Gas Hose - Black 45 M,Gas Hose - Black 45 M,no
"IND-CAS-PVC-RIG-4""",PCS,Medium Duty Red PVC Rigid Wheel 4,Medium Duty Red PVC Rigid Wheel 4,no
IND-CEM-3KG-BLA,PKT,3KG Scincrete Tile Filla-black 300,3KG Scincrete Tile Filla-black 300,no
"IND-SCP-PVC-00627L-3""",PCS,3 Extreme Polished Scraper-pvc Handle,3 Extreme Polished Scraper-pvc Handle,no
KOYA-REM-MOS-1000ML,BOT,1000ML Mosaic Cleaner,1000ML Mosaic Cleaner,no
NAI-CON-ACE-25-BOX,BOX,Ace Galvanised Flat Head Nails 25 X 2.0 (500GM),Ace Galvanised Flat Head Nails 25 X 2.0 (500GM),no
NUM-60MM-4,PCS,Acp Numbering 60MM - 4,Acp Numbering 60MM - 4,no
"PAI-BRU-780-3""",PCS,3 780 Selleys Bristle Paint Brush,3 780 Selleys Bristle Paint Brush,no
PAI-SPR-KIMLAC-9622,TIN,Kimlac Brand Spray Paint 9622,Kimlac Brand Spray Paint 9622,no
RIG-HOO-SLI-12MM,PCS,Clevis Slip Hook 12MM,Clevis Slip Hook 12MM,no
SHH-LINE-L/G-OHML12,PCS,Omega Hayasu Mono Line (rainbow) 12LBS,Omega Hayasu Mono Line (rainbow) 12LBS,no
SHH-LINE-L/G-OHML25,PCS,Omega Hayasu Mono Line (rainbow) 25LBS,Omega Hayasu Mono Line (rainbow) 25LBS,no
SHH-SPOOL-108,PCS,Fishing Spool HP-108,Fishing Spool HP-108,no
SIN-WAS-SS-DL5W4,PCS,DL5 2 1/2 Fully Slim Sink Waste,DL5 2 1/2 Fully Slim Sink Waste,no
SWI-SOC-MK-3G2W-S4783,PCS,Mk 10A 3GANG 2WAY Wide Rocker,Mk 10A 3GANG 2WAY Wide Rocker,no
SWI-SOC-ULT-M011W,PCS,Ultra 16A 1 GANG 1 Way-white (M011W),Ultra 16A 1 GANG 1 Way-white (M011W),no
TAP-SET-12PCS,SET,12PCS Tap And Die Set,12PCS Tap And Die Set,no
TAP-SKC-M08X1.00,SET,Skc Hand Tap M08 X 1.00,Skc Hand Tap M08 X 1.00,no
TOO-CLA-F-ATB120350,PCS,14 X 120MM Arrow F Type Wood Clamp,14 X 120MM Arrow F Type Wood Clamp,no
TOO-CLA-F-ATB120X250,PCS,10 X 120MM Arrow F Type Wood Clamp,10 X 120MM Arrow F Type Wood Clamp,no
TOO-DRV-KT107-Z100,PCS,"100MM (4""-6)107 King Top (-) Screw Driver","100MM (4""-6)107 King Top (-) Screw Driver",no
TOO-DRV-MAG-M845,PCS,Spandek Screw Adaptor M8X45MM,Spandek Screw Adaptor M8X45MM,no
TOO-HAM-SLE-8P,PCS,Double Face Sledge Hammer - 8P,Double Face Sledge Hammer - 8P,no
VAL-BAL-CNN-18MM,PCS,Steel Ball Valve - Cnn 18 MM,Steel Ball Valve - Cnn 18 MM,no
VAL-BAL-MIN-ECC3W,PCS,Ecco 3WAY Mini Ball VALVE-1/2 Mxmxm,Ecco 3WAY Mini Ball VALVE-1/2 Mxmxm,no
BNW-BOL-HTM-M12-25MM,PCS,H/t Bolt - M 12 X 25MM,H/t Bolt - M 12 X 25MM,no
BNW-BOL-HTM-M14-60MM,PCS,H/t Bolt - M 14 X 60MM,H/t Bolt - M 14 X 60MM,no
"BRU-CUP-TWI-3""",PCS,3 Twist Cup Brush,3 Twist Cup Brush,no
CAB-LUG-25-8,PCK,Cable Lug 25-8 (4PCS/PCK),Cable Lug 25-8 (4PCS/PCK),no
"CUT-PAR-20""",PCS,20 Parang,20 Parang,no
DOR-WED-SMALL,PCS,Small Door Wedge,Small Door Wedge,no
DZ-GEN-BCC-180,PCS,Cold Chisel,Cold Chisel,no
ELE-CON-SPR-19MM,EA,Conduit Spring 20MM *70CM,Conduit Spring 20MM *70CM,no
"FAS-SCR-DRY-BLA-6#1-1/2""",PCK,Hunter/bk - Drywall Screw 6 (20PCS/PCK) X1-1/2,Hunter/bk - Drywall Screw 6 (20PCS/PCK) X1-1/2,no
FIT-UPVC-BEN-ELB-45-110MM,PCS,U-pvc Bend (elbow) 110MM 4 45-DEG,U-pvc Bend (elbow) 110MM 4 45-DEG,no
FRA-STU-GI-8',PCS,8 X 3 X 1 X 0.32MM GI Stud Frame,8 X 3 X 1 X 0.32MM GI Stud Frame,no
GAR-SHO-STEEL,PCS,Steel Garden Shovel,Steel Garden Shovel,no
IND-WHE-TYR-PUMET,PCS,1366 Tahan Steel Hub Polyurethane Wheel,1366 Tahan Steel Hub Polyurethane Wheel,no
NAI-CLI-777-S,PCS,Nail Clipper 12'S,Nail Clipper 12'S,no
O-RING-16-21,PCS,O-ring 16-21,O-ring 16-21,no
PAI-ROL-HAN-L418,PCS,Paint Roller Handle 4 X 18,Paint Roller Handle 4 X 18,no
RIG-CLI-GAL-16MM,PCS,Galvanised Wire Rope Clip 16MM,Galvanised Wire Rope Clip 16MM,no
SCA-CAM-NTA-3100013,PCS,Camry- Hanging Scale Nta / 100KG,Camry- Hanging Scale Nta / 100KG,no
SHH-PLA-NET-NEEDLE-NO.3,PCS,Plastic Net Needle No. 3 (white),Plastic Net Needle No. 3 (white),no
TOO-DRV-KT107+Z200,PCS,"200MM (8""+6)107 King Top (+) Screw Driver","200MM (8""+6)107 King Top (+) Screw Driver",no
X-FLO-MOC-BR3060PZPG,PCS,BR3060PZPG 300X600MM,BR3060PZPG 300X600MM,no
X-FLO-MOC-BR3060PZPW,PCS,BR3060PZPW 300X600MM,BR3060PZPW 300X600MM,no
ABR-PAP-SWA-0280,SHT,Swallow Abrasive Sand Paper 280,Swallow Abrasive Sand Paper 280,no
BRA-S/STEEL-40MM,PCS,40MM S/steel Flat L Bracket,40MM S/steel Flat L Bracket,no
CAR-WAX-ATD,PCS,Atd Antidustmite & Flea,Atd Antidustmite & Flea,no
CAR-WAX-LUX-SHI-LOT,PCS,Tsi (y) Luxurious Shinning Lotion - 360ML,Tsi (y) Luxurious Shinning Lotion - 360ML,no
CLI-BAT-CLI-0050AMP,SET,L/duty Battery Clip 50AMP,L/duty Battery Clip 50AMP,no
"DC-6""-WGZ150060L",PCS,"6""-WGZ150060L 6 Saw Blade","6""-WGZ150060L 6 Saw Blade",no
DOR-ROL-TYSON-2011,SET,Tyson 2011 Sliding Roller,Tyson 2011 Sliding Roller,no
"DOR-SPO-SHA-9""",PCS,9 Spoke Shave,9 Spoke Shave,no
FAS-SCR-ZPH-DSMHO525,PCK,Sr Zph Self Drilling Screw DSM-HO525(20PCS/PCK),Sr Zph Self Drilling Screw DSM-HO525(20PCS/PCK),no
FIT-HDPE-TEE-32MMX20MM,PCS,HDPE Tee Reducing 32 X 20MM,HDPE Tee Reducing 32 X 20MM,no
GAR-CUT-17147,PCS,Br 2030 Multipurpose Snip,Br 2030 Multipurpose Snip,no
HHD-VAL-FLO-BRA-VIP-18MM,PCS,136 - 3/4 Vip Float Valve (light),136 - 3/4 Vip Float Valve (light),no
LEAK-SPR-BLS500C,CAN,Bossman Leak Stop Spray 500ML (clear),Bossman Leak Stop Spray 500ML (clear),no
NAI-FEL-SUP-38MM-500G,PKT,E. G Felt Nail 38MM - 500G,E. G Felt Nail 38MM - 500G,no
NUM-60MM-5,PCS,Acp Numbering 60MM - 5,Acp Numbering 60MM - 5,no
NUM-60MM-C,PCS,Acp Alphabet 60MM - C,Acp Alphabet 60MM - C,no
"NYLON-MAN-HAT-17""",PCS,17 Thai Nylon Man Hat,17 Thai Nylon Man Hat,no
RIG-TUR-06MM,PCS,Galvanised Turnbuckle 06MM,Galvanised Turnbuckle 06MM,no
RIG-TUR-10MM,PCS,Galvanised Turnbuckle 10MM,Galvanised Turnbuckle 10MM,no
SAF-SHO-PCSL911-10/44#,PAIR,Picasaf Sport Leisure Safety Shoe 911 10/44,Picasaf Sport Leisure Safety Shoe 911 10/44,no
SAF-SHO-PCSL911-6/39#,PAIR,Picasaf Sport Leisure Safety Shoe 911 6/39,Picasaf Sport Leisure Safety Shoe 911 6/39,no
SAF-SHO-PCSL911-7/41#,PAIR,Picasaf Sport Leisure Safety Shoe 911 7/41,Picasaf Sport Leisure Safety Shoe 911 7/41,no
SHH-HOOK-12146BN-2,PKT,No. 2 Hytac Hook 16'S,No. 2 Hytac Hook 16'S,no
SHH-HOOK-9255SS-4/0,PKT,Eupro Octopus S/s Hook 4/0 (8'S),Eupro Octopus S/s Hook 4/0 (8'S),no
SHH-SPE-FIS-FS603,PCS,Fish Spears (3PRONGS)/8105,Fish Spears (3PRONGS)/8105,no
SWI-SOC-ELE-E000B,PCS,Elegance 1 GANG Blank Plate-black (E000B),Elegance 1 GANG Blank Plate-black (E000B),no
TOO-DRV-KT107+Z125,PCS,"125MM (5""+6)107 King Top (+) Screw Driver","125MM (5""+6)107 King Top (+) Screw Driver",no
TOO-DRV-KT250+,PCS,10 King Top (+) Screw Driver,10 King Top (+) Screw Driver,no
TOO-PLI-CIR-STA-84271,PCS,7 Circlip Pliers- Straight Ext,7 Circlip Pliers- Straight Ext,no
TOO-SPA-BEN-BLK-06MM,LGHT,BAR Bender: (m) Black 1/4,BAR Bender: (m) Black 1/4,no
X-HHD-FLU-M0676/L100W-50MM,PCS,Techplas Liftup Outlet Valve White Lever,Techplas Liftup Outlet Valve White Lever,no
BNW-BOL-HTM-M10-100MM,PCS,H/t Bolt - M 10 X 100MM,H/t Bolt - M 10 X 100MM,no
BNW-BOL-HTM-M14-65MM,PCS,H/t Bolt - M 14 X 65MM,H/t Bolt - M 14 X 65MM,no
"BNW-WAS-COM-5/16""",KGS,Zinc Plated Washer 5/16,Zinc Plated Washer 5/16,no
CAB-PVC-FLE-CON-20MM-ECO,MTR,20MM PVC Flexible Conduit - Black 40M (kancil),20MM PVC Flexible Conduit - Black 40M (kancil),no
CLI-HOS-ORB-000,PCS,Orbit Hose Clip No : 000,Orbit Hose Clip No : 000,no
DOR-RUB-SEA-6501,PCS,6501 PVC Rubber Door Seal,6501 PVC Rubber Door Seal,no
FAS-RIV-PAT-5/32X3/8-PCK,PCK,Blind Rivet: Jaguar 5/32 X 3/8 (20PCS/PCK),Blind Rivet: Jaguar 5/32 X 3/8 (20PCS/PCK),no
FIT-HDPE-SOC-25MMX20MM,PCS,HDPE Coupler Reducing (socket) 25MM X 20MM,HDPE Coupler Reducing (socket) 25MM X 20MM,no
FLO-MOC-J3030,PCS,J3030 30X30CM,J3030 30X30CM,no
GAR-RAK-PVC-2022,PCS,PVC Garden Rake Head 2022,PVC Garden Rake Head 2022,no
RAI-COA-PON-1020L-GRE,PCS,0.10MM Heavt Vinyl Poncho Raincoat - Green,0.10MM Heavt Vinyl Poncho Raincoat - Green,no
SAF-COA-NET-RED,PCS,Netting Vest Coat (mesh Fabric) Red,Netting Vest Coat (mesh Fabric) Red,no
"SIN-FLE-PVC-OUT-1.1/4""",PCS,Corsa Flexible Hose Pipe - 1.1/4 (350-800MM),Corsa Flexible Hose Pipe - 1.1/4 (350-800MM),no
SWI-T/BOX-504B,SET,Extension Box Sp PP100-540B,Extension Box Sp PP100-540B,no
TAP-SKC-M18X2.00,SET,Skc Hand Tap M18 X 2.00,Skc Hand Tap M18 X 2.00,no
VAL-CAB-CSK12A,UNIT,Cabana Stop Valve 1/2,Cabana Stop Valve 1/2,no
WIR-BRC-601X30M,ROLL,610 X 30M Welded MS Grill,610 X 30M Welded MS Grill,no
X-PLA-BAG-W1000-1822,PCK,18 X 22 X 500G Tbag White Aa,18 X 22 X 500G Tbag White Aa,no
X-PUM-HAN-SDSF8818B,PCS,Hand Pump - SF8818B,Hand Pump - SF8818B,no
ABR-PAP-SWA-0150,SHT,Swallow Abrasive Sand Paper 150,Swallow Abrasive Sand Paper 150,no
BNW-BOL-HTM-M12-75MM,PCS,H/t Bolt - M 12 X 75MM,H/t Bolt - M 12 X 75MM,no
CAB-LUG-400AMP,PCK,Cable Lug (white) 400AMP 2PCS/PCK,Cable Lug (white) 400AMP 2PCS/PCK,no
CAN-JER-4203,PCS,3 Gallon Jerrycan,3 Gallon Jerrycan,no
CHA-GAL-9MM,KGS,Galv Short Link Chain 3/8,Galv Short Link Chain 3/8,no
CHI-15105-50,PCS,Sds Max Shank Spade Chisel 18X280X50MM,Sds Max Shank Spade Chisel 18X280X50MM,no
CUT-PIP-TUB-STA-3-16MM-998493033,PCS,1/8 (3MM) - 5/8 (16MM) Tubing Cutter,1/8 (3MM) - 5/8 (16MM) Tubing Cutter,no
FAS-SCR-COA-M6040,PCS,Sr Coach Screw M6 X 40MM,Sr Coach Screw M6 X 40MM,no
FIT-UPVC-BEN-ELB-45-40MM,PCS,U-pvc Bend (elbow) 40MM 1-1/2 45-DEG,U-pvc Bend (elbow) 40MM 1-1/2 45-DEG,no
"FIT-YG237-SOC-3/8""-BRA",PCS,Brass Equal Socket 3/8,Brass Equal Socket 3/8,no
GAS-ROL-HH390,PCS,4 Wheel Plastic Gas Cylinder Stand,4 Wheel Plastic Gas Cylinder Stand,no
GAS-ROL-WK-PP9628-R5,PCS,5 Wheel Plastic Gas Cylinder Stand,5 Wheel Plastic Gas Cylinder Stand,no
HOS-HOLG-HC-100,PCS,Gardenu 100 Garden Hose Bracket,Gardenu 100 Garden Hose Bracket,no
IND-CEM-750G-BLA,CAN,750G Scin-flex Tile Grout 300(BLACK),750G Scin-flex Tile Grout 300(BLACK),no
JAC-BOT-CNN-R10TON,PCS,China Bottle Jack - 10 Ton,China Bottle Jack - 10 Ton,no
LIQ-MOL-HAN-WAS-300G,CAN,HANDWASCHPASTE-300G,HANDWASCHPASTE-300G,no
"MAX-CRV-CAB-CUTTER-24""",PCS,Blimax Bolt Cutter - BBC600/24,Blimax Bolt Cutter - BBC600/24,no
NUM-80MM-0,PCS,Venus Home Numbering 80MM - 0,Venus Home Numbering 80MM - 0,no
PAI-BRU-NIP-TR832N,PCS,1 Synthetic Paint Brush 750,1 Synthetic Paint Brush 750,no
PAI-TIG-75ML-GRN,PCS,75ML Tiger G. P (apple Green) - 6639,75ML Tiger G. P (apple Green) - 6639,no
SAF-SLI-GLO-5TON6M,LGTH,Webbing Sling (glolift) 125MM 5 Ton X 6M,Webbing Sling (glolift) 125MM 5 Ton X 6M,no
SHH-HOOK-10829BL-NO.22,PKT,Eupro Fishing Hook No. 22 (5PC),Eupro Fishing Hook No. 22 (5PC),no
SHH-HOOK-10829BL-NO.24,PKT,Eupro Fishing Hook No. 24 (4PC),Eupro Fishing Hook No. 24 (4PC),no
SPR-BID-06093,SET,Ets 302 Elise Toilet Sprayer Set,Ets 302 Elise Toilet Sprayer Set,no
SUNNY-HOSE-5090,MTR,PVC Sunny Hose - 50MM X 2 BAR X 90M,PVC Sunny Hose - 50MM X 2 BAR X 90M,no
"TIE-CAB-BLA-4""",PKT,4 Black Cable Tie (20PCS/PCK),4 Black Cable Tie (20PCS/PCK),no
"TOO-EXT-BAR-STA-12MM-10""",PCS,1/2 Extension Bars 252MM/10,1/2 Extension Bars 252MM/10,no
WAL-FOL-DRY-RAC-1336,SET,R'key Folding Drying Rack - 1336,R'key Folding Drying Rack - 1336,no
ABR-PAP-SWA-0600,SHT,Swallow Abrasive Sand Paper 600,Swallow Abrasive Sand Paper 600,no
ABR-PAP-SWA-1000,SHT,Swallow Abrasive Sand Paper 1000,Swallow Abrasive Sand Paper 1000,no
"ACE-NUTS-1/2""X38MM",PCS,"Ace Brand Bsw Hexagon Long Nuts LN-1/2""X38MM","Ace Brand Bsw Hexagon Long Nuts LN-1/2""X38MM",no
BAT-ENE-REC-2AAA-DOLP22,PACK,Evr Dolphin Pico,Evr Dolphin Pico,no
BNW-BOL-HTM-M12-55MM,PCS,H/t Bolt - M 12 X 55MM,H/t Bolt - M 12 X 55MM,no
BRO-HAN-GS2212,PCS,22 X 1.2 S/steel Broom Stick W End Cap,22 X 1.2 S/steel Broom Stick W End Cap,no
CLI-HOS-ORB-1,PCS,M'man Hose Clip No : 1,M'man Hose Clip No : 1,no
"CUT-DIS-AKODA-4""-A6",PCS,Akoda 4 Diamond Blade Thin Turbo A6,Akoda 4 Diamond Blade Thin Turbo A6,no
CUT-DIS-HIT-FLE-4X6MM,PCS,4 Hitachi Flexible Disc,4 Hitachi Flexible Disc,no
CUT-FLA-TAI-A120100,PCS,Tailin Flap Discs A120,Tailin Flap Discs A120,no
"DOR-FLU-SGD-36606""",PCS,6 SS St. Guchi Flush Bolt,6 SS St. Guchi Flush Bolt,no
DRI-UNI-26107(8),PCS,Br 6200 8MM Universal Drills (4 Flures),Br 6200 8MM Universal Drills (4 Flures),no
ELE-PVC-NUT-TC3X10,PCS,Umc 3 X10 PVC Nut Box,Umc 3 X10 PVC Nut Box,no
FAS-RIV-PAT-5/32X1/2-PCK,PCK,Blind Rivet: Jaguar 5/32 X 1/2 (20PCS/PCK),Blind Rivet: Jaguar 5/32 X 1/2 (20PCS/PCK),no
FAS-SCR-COA-M6070,PCS,Sr Coach Screw M6 X 70MM,Sr Coach Screw M6 X 70MM,no
FAS-SCR-DS525HW-MET-PCK,PCK,10 X 1 Self Drilling Screw (50PCS/PCK),10 X 1 Self Drilling Screw (50PCS/PCK),no
"FIT-HDPE-ADA-FEM-25MMX1/2""",PCS,HDPE Adaptor Female 25MMX1/2,HDPE Adaptor Female 25MMX1/2,no
"FIT-YG239R-SOC-MXF-1/2""X3/8""-BRA",PCS,"Reduced Mxf Brass Socket 1/2""X3/8","Reduced Mxf Brass Socket 1/2""X3/8",no
"FIT-YG239R-SOC-MXF-3/4""X1/2""-BRA",PCS,"Reduced Mxf Brass Socket 3/4""X1/2","Reduced Mxf Brass Socket 3/4""X1/2",no
MOP-CN-YA-8744,SET,Chenillie Rotatable Mop W/telescopic Poles 8744,Chenillie Rotatable Mop W/telescopic Poles 8744,no
"NAI-CON-GAL-3/4""-BOX",BOX,3/4 Galvanised Steel Nail- 1 KG,3/4 Galvanised Steel Nail- 1 KG,no
NUM-80MM-I,PCS,Acp Alphabet 80MM - I,Acp Alphabet 80MM - I,no
"PIP-PVC-3506-2""",LTH,"2""(60MM) Class 3506 X 6M PVC Pipe","2""(60MM) Class 3506 X 6M PVC Pipe",no
SAF-SHO-AVV-41#,PAIR,Avvio Safety Shoe 41/7,Avvio Safety Shoe 41/7,no
SAF-SLI-GLO-1TON2M,LGTH,Webbing Sling (glolift) 25MM 1 Ton X 2M,Webbing Sling (glolift) 25MM 1 Ton X 2M,no
SHH-FROG-SET-Y24A,PCS,Y24A Fishing Tackle,Y24A Fishing Tackle,no
SHH-LEAD-CHAIN-0.25 3/4 7',PCS,0.30 3/4 7 N. M. C. N (lead Chain) (shl),0.30 3/4 7 N. M. C. N (lead Chain) (shl),no
"SHH-LEAD-CHAIN-0.25 3/4"" 8'",SET,0.25 3/4 8 C. M. C. N. (lead Chain) (shl),0.25 3/4 8 C. M. C. N. (lead Chain) (shl),no
STO-MOU-W222-25X50,PCS,Mounted Stone:k-prix Korea W222 (25X50),Mounted Stone:k-prix Korea W222 (25X50),no
TOO-FIL-SENSUI-SNF003-C,PCS,10 Sensui Metal Half Round File,10 Sensui Metal Half Round File,no
TOO-PLI-CIR-STA-BE175,PCS,7 Circlip Pliers- Bent Ext,7 Circlip Pliers- Bent Ext,no
WAL-PLU-S/S-70MM,PCS,304 S/steel Wall Plug M8 X 70,304 S/steel Wall Plug M8 X 70,no
X-FLO-MOC-MP6308,PCS,MP6308 30X60CM,MP6308 30X60CM,no
ADH-TAP-NISSHO-HCH-ES0002,ROLL,18MM X 1.5M Nissho Acyclic Foam Side Tape (red),18MM X 1.5M Nissho Acyclic Foam Side Tape (red),no
BAT-ENE-MAX-AA2PCS,PCK,En Max Aa 2 Pc,En Max Aa 2 Pc,no
BAT-ENE-MINI-ALA76,PCK,Energizer Mini Al A76 BP2,Energizer Mini Al A76 BP2,no
CHA-GAL-6MM,KGS,Galv Short Link Chain 1/4,Galv Short Link Chain 1/4,no
CHI-WAT-2554PE,PCS,Water Con'r For Chicken,Water Con'r For Chicken,no
DOR-HIN-BRI-065MM,DOZ,Iron Hinges Bright 2 1/2,Iron Hinges Bright 2 1/2,no
"DOR-PUL-ALU-5""",DOZ,5 Door Pull,5 Door Pull,no
FLO-MOC-PM6646B,PCS,PM6646B 60X60CM,PM6646B 60X60CM,no
HAC-FRA-LEN-1012#,UNIT,Lenox Hacksaw Frame Blade 1012 (soft Grip),Lenox Hacksaw Frame Blade 1012 (soft Grip),no
IND-CAS-NYL-75MM,SET,3 IN White Nylon Caster Wheel,3 IN White Nylon Caster Wheel,no
"IND-CAS-SCA-6""",PCS,Scaffold Caster 6,Scaffold Caster 6,no
IND-WHE-TYR-D0810/0020-NB,PCS,14 Pneumatic Wheel Nylon Bush - Big,14 Pneumatic Wheel Nylon Bush - Big,no
NAI-AIR-LEO-T25,BOX,Leo Air Nail - T25,Leo Air Nail - T25,no
PAI-BRU-HOL,PCS,Cristin Paint Brush Holder,Cristin Paint Brush Holder,no
PAI-SPR-REM-SWPR-400,CAN,400ML Starwill Paint Removal Spray,400ML Starwill Paint Removal Spray,no
POL-EXT-ALM4M3P,PCS,4 Meter Monkey King Pole (aluminium),4 Meter Monkey King Pole (aluminium),no
ROP-STRAPS-ELASTIC-THAI-N05,PCS,45 Thai Elastic Straps,45 Thai Elastic Straps,no
SHH-LINE-WHI-NO.30,PCS,(bs)long White M. L No. 30,(bs)long White M. L No. 30,no
STAN-BAT-12V-N652342,PCS,Battery Charger 12V,Battery Charger 12V,no
TOO-ELE-STRWS2204,PCS,Black Wire Stripper 155MM,Black Wire Stripper 155MM,no
WEL-MAC-PAR-NOZ-GAS,PCS,Gas Nozzle MB15AK,Gas Nozzle MB15AK,no
X-SWI-PLK-4G1W-1314,PCS,Plk 1314 10A 4G 1W Switch SIRIM,Plk 1314 10A 4G 1W Switch SIRIM,no
X-TOI-CLEA-TC,PCS,Tc Toilet Cleaner,Tc Toilet Cleaner,no
ALUM-ROU-25MM,MTR,1 Alum. Round Tube X 6M (MTR),1 Alum. Round Tube X 6M (MTR),no
BNW-BOL-HTM-M16-60MM,PCS,H/t Bolt - M 16 X 60MM,H/t Bolt - M 16 X 60MM,no
CEMENT-TRAY,PCS,Cement Tray,Cement Tray,no
CLP-PVC06DGT,PCS,6 PVC Digital Caliper,6 PVC Digital Caliper,no
CUT-DIS-CNS-BLK,PCS,Sawman Black Cns Grinding Disc 4,Sawman Black Cns Grinding Disc 4,no
DOR-HIN-BLA-75MM,PAIR,Iron Hinges Black 3 (PAIR),Iron Hinges Black 3 (PAIR),no
DZ-GEN-BPC-14X250,OCS,Star Bull Point Chisel (mm),Star Bull Point Chisel (mm),no
ELE-PVC-CON-TC3X7-TC022,PCS,Tc 3 X 7 PVC Conceal Box (TC022),Tc 3 X 7 PVC Conceal Box (TC022),no
FAS-SCR-TD650HW-WOOD,BOX,12X2 Self Drilling Screw (250PCS/BOX),12X2 Self Drilling Screw (250PCS/BOX),no
"FIT-HDPE-ADA-FEM-25MMX3/4""",PCS,HDPE Adaptor Female 25MMX3/4,HDPE Adaptor Female 25MMX3/4,no
"FIT-HDPE-BEN-FEM-25MMX1/2""",PCS,HDPE Bend Female 25MM X 1/2,HDPE Bend Female 25MM X 1/2,no
GAR-SPR-CR8411CPT,PCS,Shoulder Strap Complate,Shoulder Strap Complate,no
GRA-SSS-100MM-06084(4),PCS,4 Czs S/steel Floor Grating,4 Czs S/steel Floor Grating,no
"HAT-STR-20""",PCS,20 Straw Hat,20 Straw Hat,no
"IND-CAS-PVC-SWI-5""",PCS,Medium Duty Red PVC Swivel Wheel 5,Medium Duty Red PVC Swivel Wheel 5,no
IND-DUS-ALI-240L-SHA,PCS,Aliclean HDPE Dustbin Tyre Shaft,Aliclean HDPE Dustbin Tyre Shaft,no
IND-DUS-GLO-120L,PCS,Glomax HDPE Dustbin (120L),Glomax HDPE Dustbin (120L),no
LAD-M/D-STRO-DS10,UNIT,Strongman D/sided M/d Ladder 10 Step,Strongman D/sided M/d Ladder 10 Step,no
"PIP-UPVC-3""",MTR,"3""(82MM) Ut X 6M Upvc Pipe","3""(82MM) Ut X 6M Upvc Pipe",no
SAF-BEL-IND,SET,Safety Belt,Safety Belt,no
SAF-SHO-AVV-39#,PAIR,Avvio Safety Shoe 39/5,Avvio Safety Shoe 39/5,no
SAF-SHO-AVV-40#,PAIR,Avvio Safety Shoe 40/6,Avvio Safety Shoe 40/6,no
SAF-SHO-AVV-42#,PAIR,Avvio Safety Shoe 42/8,Avvio Safety Shoe 42/8,no
SAF-SHO-AVV-43#,PAIR,Avvio Safety Shoe 43/9,Avvio Safety Shoe 43/9,no
SAF-SHO-AVV-44#,PAIR,Avvio Safety Shoe 44/10,Avvio Safety Shoe 44/10,no
SIN-BAS-VIP-NO.49,PCS,No. 49 Vip Brand Washbasin Waste (pop-up),No. 49 Vip Brand Washbasin Waste (pop-up),no
SWI-POL-2GANG-1WAY,PCS,Pol 2GANG 1WAY Switch Socket,Pol 2GANG 1WAY Switch Socket,no
TOO-COM-IRO-BUL-09MM,PCS,9MM Iron Bull Spanner,9MM Iron Bull Spanner,no
TOO-SOC-SET-0955X24,SET,R'key Drive Socket Set 0955,R'key Drive Socket Set 0955,no
VAL-BAL-MIN-ECC12FF,PCS,Ecco PVC Mini Ball VALVE-1/2 Fxf,Ecco PVC Mini Ball VALVE-1/2 Fxf,no
VAL-BAL-MIN-ECC12MM,PCS,Ecco PVC Mini Ball VALVE-1/2 Mxm,Ecco PVC Mini Ball VALVE-1/2 Mxm,no
X-FLO-MOC-30WM90,PCS,"12""X12 Floor Tiles 30WM90","12""X12 Floor Tiles 30WM90",no
X-FLO-MOC-P603H,PCS,Glass Mosaic P603H 30.5X30.5CM,Glass Mosaic P603H 30.5X30.5CM,no
X-FLO-MOC-P604M,PCS,Glass Mosaic P604M 30.5X30.5CM,Glass Mosaic P604M 30.5X30.5CM,no
X-FLO-MOC-P605H,PCS,Glass Mosaic P605H 30.5X30.5CM,Glass Mosaic P605H 30.5X30.5CM,no
X-FLO-MOC-P605M,PCS,Glass Mosaic P605M 30.5X30.5CM,Glass Mosaic P605M 30.5X30.5CM,no
BIB-G503B,PCS,Bib Tap Ni 3/4B Truflo,Bib Tap Ni 3/4B Truflo,no
BRA-FLA-80MMX30MM,PCS,80MM X 30MM Flat Bracket,80MM X 30MM Flat Bracket,no
BRO-HAN-WOO,PCS,1.2M Broom Wood Handle,1.2M Broom Wood Handle,no
CLI-SPE-TER-FEM,PCK,Female Speaker Clip Gold (10PCS/PCK),Female Speaker Clip Gold (10PCS/PCK),no
DOR-ALU-LOC-VSPA-6,PCS,Vsp A6 Sliding Door Lock/key (na) 25MM Or 32MM,Vsp A6 Sliding Door Lock/key (na) 25MM Or 32MM,no
DOR-HIN-SSS-50MM,SET,2 Stainless Steel Hinges,2 Stainless Steel Hinges,no
DOR-LOC-CYL-SMR-3900,SET,Smr 3900 Cylindrical Lock (v/p),Smr 3900 Cylindrical Lock (v/p),no
"FIT-SS376-TEE-1/2""",PCS,304 Fxmxm Tee 1/2,304 Fxmxm Tee 1/2,no
"FIT-YG239R-SOC-MXF-1/2""X1/4""-BRA",PCS,"Reduced Mxf Brass Socket 1/2""X1/4","Reduced Mxf Brass Socket 1/2""X1/4",no
GRA-CUT-LIN-GTL2430,PCK,Bestul Wire Rope Trimmer Line -2.4MM,Bestul Wire Rope Trimmer Line -2.4MM,no
GRA-CUT-LIN-YEL-4227#,PCS,Active Yellow Trimmer Spool 4227,Active Yellow Trimmer Spool 4227,no
JAC-STA-CNN-3TON,PAIR,China Jack Stand - 3 Ton,China Jack Stand - 3 Ton,no
MAR-PEN-70-RED,PCS,Faster 70 Marker Pen-red,Faster 70 Marker Pen-red,no
NAIL-TUFTING-TN-7316-PCK,PCK,Round Plate Tufting Nail (10PCS/PCK) 16MMX7.3MM,Round Plate Tufting Nail (10PCS/PCK) 16MMX7.3MM,no
NAIL-TUFTING-TN-8316-PCK,PCK,Round Plate Tufting Nail (10PCS/PCK) 16MMX8.5MM,Round Plate Tufting Nail (10PCS/PCK) 16MMX8.5MM,no
SAF-STEEL-9812,PCS,Picasaf Steel Carabiner 9812,Picasaf Steel Carabiner 9812,no
SCP-REM-SKI-CLO-500ML,BOT,500ML Skim Clog Remover,500ML Skim Clog Remover,no
TOO-HAM-RUB-24OZ,PCS,Rubber Mallet (cn) 24 Oz,Rubber Mallet (cn) 24 Oz,no
TOO-PLI-LON-STA-200,PCS,8 Maxgrip Bi-material Long Nose Pliers,8 Maxgrip Bi-material Long Nose Pliers,no
VAL-CAB-CB2131,UNIT,Cabana Angle Valve CB2131,Cabana Angle Valve CB2131,no
VAL-CAB-CB2132,UNIT,Cabana Angle Valve CB2132,Cabana Angle Valve CB2132,no
VAL-CAB-CB2136,UNIT,Cabana Angle Valve CB2136,Cabana Angle Valve CB2136,no
WAL-FOA-PE,SQFT,P. E. Foam,P. E. Foam,no
ABR-PAP-SWA-1500,SHT,Swallow Abrasive Sand Paper 1500,Swallow Abrasive Sand Paper 1500,no
BNW-BOL-SS304-M8-50MM,PCS,SS 304 Bolt - M8 X 50MM,SS 304 Bolt - M8 X 50MM,no
CAR-RAIN-FLY-200ML,UNIT,Aa Rain Fly 200ML,Aa Rain Fly 200ML,no
COC-BIB-LION-12MM,PCS,Brass Bib Cock - Lion Brand 12 MM,Brass Bib Cock - Lion Brand 12 MM,no
"DOR-H&S-LEO-4""",DOZ,Leon S/steel Hasp & STAPLE-4,Leon S/steel Hasp & STAPLE-4,no
DRI-UNI-26107(6),PCS,Br 6200 6MM Universal Drills (4 Flures),Br 6200 6MM Universal Drills (4 Flures),no
FIT-GAL-TEE-38MM,PCS,Galvanised Tee (130) 38MM,Galvanised Tee (130) 38MM,no
"FIT-SS378-TEE-1/2""",PCS,304 Fxfxm Tee 1/2 SS378,304 Fxfxm Tee 1/2 SS378,no
GUN-GRE-NIP-90 M10X1.0,PCS,S. K 90 Degree Grease Nipple M10 X 1.0,S. K 90 Degree Grease Nipple M10 X 1.0,no
IND-TRO-BRI-BIG,PCS,2 1/2 X 6 Knife Brick Trowel,2 1/2 X 6 Knife Brick Trowel,no
LAM-DOW-DL-1015-2A,BOX,Down Light,Down Light,no
MEA-TAP-BLI-7.5M-BMT7,PCS,Blimax Measuring Tape -bmt 7 7.5M,Blimax Measuring Tape -bmt 7 7.5M,no
NAI-FEL-SUP-25MM,KG,E. G Felt Nail 25MM 1 KGS,E. G Felt Nail 25MM 1 KGS,no
NAI-FEL-SUP-25MM-500G,PKT,E. G Felt Nail 25MM - 500G,E. G Felt Nail 25MM - 500G,no
NYLON-CORD-9042,MTR,Nylon Cord 9042 X 500G,Nylon Cord 9042 X 500G,no
PAI-BRU-WOO-040MM,PCS,Gd Wool Brush 40 MM,Gd Wool Brush 40 MM,no
PAI-SPR-KIMLAC-9621,TIN,Kimlac Brand Spray Paint 9621,Kimlac Brand Spray Paint 9621,no
"SHH-LEAD-CHAIN-0.25 3/4"" 7'",SET,0.25 3/4 7 C. M. C. N. (lead Chain) (shl),0.25 3/4 7 C. M. C. N. (lead Chain) (shl),no
SWI-CON-PVC-30A,LTH,Sjp 30A PVC Connector,Sjp 30A PVC Connector,no
TAP-CAB-CB9105,UNIT,Cabana Hose Bib Tap CB9105,Cabana Hose Bib Tap CB9105,no
TAP-CAB-CB9106,UNIT,Cabana Bib Tap CB9106,Cabana Bib Tap CB9106,no
TOO-DRV-KT150+,PCS,6 King Top (+) Screw Driver,6 King Top (+) Screw Driver,no
TOO-HOK-TIE-250MM,PCS,10 Tie Hook With Bearing,10 Tie Hook With Bearing,no
"TOO-NYL-PLU-COU-3/8""-NSF30",PCS,Nylon Quick Coupler 3/8 Female NSF-30,Nylon Quick Coupler 3/8 Female NSF-30,no
"TOO-NYL-PLU-COU-3/8""-NSM30",PCS,Nylon Quick Coupler 3/8 Male NSM-30,Nylon Quick Coupler 3/8 Male NSM-30,no
WAT-FIL-FMS-WF0051-5WPMIX,SET,Watertec Water Filter 102 Starter Pack,Watertec Water Filter 102 Starter Pack,no
BRO-FLO-HORSE,PCS,Horse Palmo Broom With Handle,Horse Palmo Broom With Handle,no
"CUT-DIS-AKODA-4""-A7",PCS,Akoda 4 Diamond Blade Thin Wet A7,Akoda 4 Diamond Blade Thin Wet A7,no
CUT-PIP-TUB-STA-3-28MM-998493020,PCS,1/8 (3MM) - 1.1/8 (28MM) Tubing Cutter,1/8 (3MM) - 1.1/8 (28MM) Tubing Cutter,no
CUT-TIL-ROC-700MM,SET,Rockey Tile Cutter Machine - 700MM,Rockey Tile Cutter Machine - 700MM,no
DRI-BIT-116M,PCS,35MM Hitmax Diamond Core Bit,35MM Hitmax Diamond Core Bit,no
"FIT-YG228R-NIP-REC-1/2""X3/8""-BRA",PCS,"Brass Reduced Nipple 1/2""X3/8","Brass Reduced Nipple 1/2""X3/8",no
GUM-SEL-SUPA-3ML,PCS,Selleys Supa Glue Twin Pack 3ML,Selleys Supa Glue Twin Pack 3ML,no
HOS-CON-00315K,PCS,1/2 X 1/4 Water Filter Connector,1/2 X 1/4 Water Filter Connector,no
NAI-SQU-SUP-065MM-1KG,PKG,E. G Square Boat Nail 65MM - 1KGS,E. G Square Boat Nail 65MM - 1KGS,no
NUM-60MM-0,PCS,Venus Home Numbering 60MM - 0,Venus Home Numbering 60MM - 0,no
NUM-60MM-F,PCS,Acp Alphabet 60MM - F,Acp Alphabet 60MM - F,no
RAT-CAG,PCS,Rat Cage,Rat Cage,no
SAF-SHO-SANO-40#,PAIR,Sano Safety Shoe 40/6,Sano Safety Shoe 40/6,no
SAF-SHO-SANO-44#,PAIR,Sano Safety Shoe 44/10,Sano Safety Shoe 44/10,no
SHH-REEL-YD900,PCS,Yes Reel Mix Colour,Yes Reel Mix Colour,no
SHH-SEA-FOA-FLO-SSF05,PKT,Seahawk Foam Float (2'S),Seahawk Foam Float (2'S),no
"TOO-BAR-WRE-BEN-30""",PCS,Gd Wrecking BAR (bent) 30,Gd Wrecking BAR (bent) 30,no
TOO-CHI-WOO-ARA-STC002-A,PCS,1/2 Aracut Impact Hdl Wood Chisel,1/2 Aracut Impact Hdl Wood Chisel,no
TOO-ELE-GUN-PIN-60W,PCS,60W Soldering Iron Gun,60W Soldering Iron Gun,no
TOO-NAI-JEA-D11,PCS,Adjustable Tool Belt Bag (w/clip),Adjustable Tool Belt Bag (w/clip),no
"TOO-NYL-PLU-COU-1/4""-NSF20",PCS,Nylon Quick Coupler 1/4 Female NSF-20,Nylon Quick Coupler 1/4 Female NSF-20,no
TOO-PLI-LON-CT956L,PCS,46CM Charcoal Pliers (long),46CM Charcoal Pliers (long),no
TOO-RUL-SQU-TRY8,PCS,8 Try Square,8 Try Square,no
"VAL-BAL-MIN-MM-1/4""X1/4""",PCS,"MM Brass Mini Ball VALVE-1/4""X1/4","MM Brass Mini Ball VALVE-1/4""X1/4",no
BNW-BOL-HTM-M06-35MM,PCS,H/t Bolt - M 06 X 35MM,H/t Bolt - M 06 X 35MM,no
BNW-BOL-HTM-M08-20MM,PCS,H/t Bolt - M 08 X 20MM,H/t Bolt - M 08 X 20MM,no
BNW-BOL-HTM-M08-45MM,PCS,H/t Bolt - M 08 X 45MM,H/t Bolt - M 08 X 45MM,no
BNW-BOL-HTM-M10-30MM,PCS,H/t Bolt - M 10 X 30MM,H/t Bolt - M 10 X 30MM,no
BNW-BOL-HTM-M16-90MM,PCS,H/t Bolt - M 16 X 90MM,H/t Bolt - M 16 X 90MM,no
BNW-NUT-SS304-M08,PCS,SS 304 Nut - M08,SS 304 Nut - M08,no
CAR-COAT-WAX-500ML,PCS,Aa Car Care Coating Wax 500ML,Aa Car Care Coating Wax 500ML,no
CAR-WAX-WAS-PRE-500ML,PCS,Aa Care Care Wash&wax (premium) 500ML,Aa Care Care Wash&wax (premium) 500ML,no
"DOR-SPO-WOO-10""",SET,1-3/4 X 10 Wooden Plane Block Blade,1-3/4 X 10 Wooden Plane Block Blade,no
"DRI-AUG-BIT-NO.1/4""",PCS,1/4 No. 1 Star-m Auger Bit (b),1/4 No. 1 Star-m Auger Bit (b),no
ELE-PVC-BOX-TC6X8,PCS,Tc 6X8 PVC Enclosure Box,Tc 6X8 PVC Enclosure Box,no
ELE-SOC-PLU-SATELITE,PCK,F Satelite Screw Plug (2PCS/PCK),F Satelite Screw Plug (2PCS/PCK),no
"FAS-SCR-TAP-CSK-10#2-1/2""",PCK,10 X2-1/2 Csk Self Tapping Screw - Flat Head (10PCS/PCK),10 X2-1/2 Csk Self Tapping Screw - Flat Head (10PCS/PCK),no
"FIT-SS235-TEE-1/2""-SUS304",PCS,SS Equal Tee 1/2,SS Equal Tee 1/2,no
"FIT-YG232-ELB-1/2""-BRA",PCS,Brass Equal Elbow 1/2,Brass Equal Elbow 1/2,no
"FIT-YG245-NIP-3/4""-BRA",PCS,Brass Equal Nipple 3/4,Brass Equal Nipple 3/4,no
"FIT-YG355-TEE-MXMXF-1/2""-BRA",PCS,Brass Mxmxf Tee 1/2,Brass Mxmxf Tee 1/2,no
HOL-SAW-DXHS3624-6PCS,SET,D'xin (DX-HS-3624) Hole Saw 6PCS,D'xin (DX-HS-3624) Hole Saw 6PCS,no
IND-TRO-PLA-411,PCS,Gd Plastering Trowel 4 X 11,Gd Plastering Trowel 4 X 11,no
MET-WAT-PLA-KENT,PCS,Water Meter (plastic) 1/2 - Kent,Water Meter (plastic) 1/2 - Kent,no
NAI-COM-100MM-20KG,PCK,4 Wire Nail (PCK),4 Wire Nail (PCK),no
O-RING-22-26-RED,PCS,O-ring 22-26 (red),O-ring 22-26 (red),no
"PIP-PVC-3506-1.1/2""",LTH,"1 1/2""(48MM) Class 3506 X 6M PVC Pipe","1 1/2""(48MM) Class 3506 X 6M PVC Pipe",no
SAF-HEL-PIC-9910-YEL,PCS,Picasaf 9910 SIRIM Saf. Hel Fsn Headgear-yel,Picasaf 9910 SIRIM Saf. Hel Fsn Headgear-yel,no
SAF-SHO-LAU-39#,PAIR,Laufen Safety Shoe 39/5,Laufen Safety Shoe 39/5,no
SAF-SHO-LAU-40#,PAIR,Laufen Safety Shoe 40/6,Laufen Safety Shoe 40/6,no
SAF-SHO-LAU-41#,PAIR,Laufen Safety Shoe 41/7,Laufen Safety Shoe 41/7,no
SAF-SHO-LAU-43#,PAIR,Laufen Safety Shoe 43/9,Laufen Safety Shoe 43/9,no
SAF-SHO-PAS-40#,PAIR,Passen Safety Shoe 40/6,Passen Safety Shoe 40/6,no
SAF-SHO-PAS-42#,PAIR,Passen Safety Shoe 42/8,Passen Safety Shoe 42/8,no
"SANDEX-POL-WOO-7""",PCS,Sandex 7 Polishing Wool,Sandex 7 Polishing Wool,no
SHH-HOO-1920SS4/0,PCK,No. 4/0 Eupro Fishing Hook (6'S),No. 4/0 Eupro Fishing Hook (6'S),no
SHH-SPOOL-106,PCS,Fishing Spool HP-106,Fishing Spool HP-106,no
"SNIP-A-ANT-TYP12""",PCS,12 England Type Tinman Snip Pride,12 England Type Tinman Snip Pride,no
SOC-6MM-3WAY,PCS,PVC 3/4 3WAY Box,PVC 3/4 3WAY Box,no
SOC-EMPTY-PP100-1G,PCS,PP100 1G Ext Box,PP100 1G Ext Box,no
THI-TAR-PIN,DOZ,Tarpin,Tarpin,no
"TOO-BAR-WRE-BEN-18""",PCS,Gd Wrecking BAR (bent) 18,Gd Wrecking BAR (bent) 18,no
TOO-DRI-MAG-BSP037-F,PCS,Box Bit Socket,Box Bit Socket,no
TOO-DRV-KT250-,PCS,10 King Top (-) Screw Driver,10 King Top (-) Screw Driver,no
"TOO-FIL-ROU-WOO-10""",PCS,10 King Top Round Wood Rasp,10 King Top Round Wood Rasp,no
"TOO-FIL-ROU-WOO-8""",PCS,8 King Top Round Wood Rasp,8 King Top Round Wood Rasp,no
TOO-WRE-KEY-KTHEX12003,SET,King Top 9 PCS Hex Key Wrench Set 12003,King Top 9 PCS Hex Key Wrench Set 12003,no
TYRE-LEVER,PCS,Tyre Lever,Tyre Lever,no
"WOO-TIM-1"" X 2"" 4'",PCS,Mlh Sawn Timber 1 X 2 X 4,Mlh Sawn Timber 1 X 2 X 4,no
X-FLO-MOC-36102,PCS,36102 30X60CM,36102 30X60CM,no
X-FLO-MOC-B40ACY40,PCS,B 16 X 16 Floor Tiles,B 16 X 16 Floor Tiles,no
X-FLO-MOC-GT3811,PCS,GT3811 30X60CM,GT3811 30X60CM,no
X-FLO-MOC-KH40ABA4L,PCS,16 X 16 Ceramic Floor Tiles KH40ABA4L,16 X 16 Ceramic Floor Tiles KH40ABA4L,no
X-FLO-MOC-KH40ABA7D-PI,PCS,16 X 16 Ceramic Floor Tiles KH40ABA7D-PI,16 X 16 Ceramic Floor Tiles KH40ABA7D-PI,no
X-FLO-MOC-KH40ACY20,PCS,16 X 16 Ceramic Floor Tiles KH40ACY20,16 X 16 Ceramic Floor Tiles KH40ACY20,no
X-FLO-MOC-KH40GF3DH,PCS,16 X 16 Ceramic Floor Tiles KH40GF3DH,16 X 16 Ceramic Floor Tiles KH40GF3DH,no
X-FLO-MOC-N893B,PCS,N893 B 16 X 16 Forza Ceramic Floor Tiles Guocera,N893 B 16 X 16 Forza Ceramic Floor Tiles Guocera,no
X-FLO-MOC-N991A,PCS,"16""X16 Floor Tiles N991A","16""X16 Floor Tiles N991A",no
X-FLO-MOC-T38502,PCS,T38502 30X60CM,T38502 30X60CM,no
ADH-TAP-FIB-50MM,PCS,2 Fiber Tape X 45M,2 Fiber Tape X 45M,no
BRA-EPO-FOL-400MM,PCS,Epoxy Folding L Bracket - 400/16,Epoxy Folding L Bracket - 400/16,no
"BUS-NYL-W/BOL-2 1/2""",PCS,Nylon Bush With Bolt 1 1/4 X 2 1/2,Nylon Bush With Bolt 1 1/4 X 2 1/2,no
DOR-STO-RUB-RED-33MM,PCS,"Door Stopper Rubber Red 1-3/8""X3","Door Stopper Rubber Red 1-3/8""X3",no
ELE-DOR-SCH,PCS,Schneider Mechanical Ding Dong Door Chim,Schneider Mechanical Ding Dong Door Chim,no
ELE-PVC-SOC-TC1820MM,PCS,Tc PVC Socket,Tc PVC Socket,no
"FAS-SCR-TAP-PAN-6#3/4""",PACK,6 X3/4 Self Tapping Screw-pan Head (20PCS/PCK),6 X3/4 Self Tapping Screw-pan Head (20PCS/PCK),no
"FIT-YG225-BUSH-3/8""X1/4""-BRA",PCS,Brass Bushing 3/8 X 1/4,Brass Bushing 3/8 X 1/4,no
HHD-VAL-FLO-BRA-VIP-12MM,PCS,132 - 1/2 Vip Float Valve (light),132 - 1/2 Vip Float Valve (light),no
HOS-SPA-WAS-C555,CARD,C555 Washer & Nut (CARD),C555 Washer & Nut (CARD),no
IND-CEM-3KG-RED,PKT,3KG Scincrete Tile Filla-spinach 309,3KG Scincrete Tile Filla-spinach 309,no
LOC-TRI-261,DOZ,261 Tricycle Pad Lock,261 Tricycle Pad Lock,no
NAI-AIR-LEO-T50,BOX,Leo Air Nail - T50,Leo Air Nail - T50,no
SCI-S/STEEL-TS265,PCS,S/steel Scissors 6.5,S/steel Scissors 6.5,no
SHH-FLOAT-FF100,PKT,"(1"") Plastic Float (2PCS/PCK)","(1"") Plastic Float (2PCS/PCK)",no
SHH-HOOK-10829BL-NO.18,PKT,Eupro Fishing Hook No. 18 (8PC),Eupro Fishing Hook No. 18 (8PC),no
SHH-ROD-BB200,PCS,Hytac Bumble Bee Reel,Hytac Bumble Bee Reel,no
SMR-TCT-HOL-SAW-32MM,PCS,Smr Tct Holesaw 32MM,Smr Tct Holesaw 32MM,no
TAP-SKC-M08X1.25,SET,Skc Hand Tap M08 X 1.25,Skc Hand Tap M08 X 1.25,no
TAP-SKC-M14X1.75,SET,Skc Hand Tap M14 X 1.75,Skc Hand Tap M14 X 1.75,no
TAP-SKC-M16X1.50,SET,Skc Hand Tap M16 X 1.50,Skc Hand Tap M16 X 1.50,no
TAP-SKC-M16X2.00,SET,Skc Hand Tap M16 X 2.00,Skc Hand Tap M16 X 2.00,no
TOO-CLA-F-ATB80X150,PCS,6 X 80MM Arrow F Type Wood Clamp,6 X 80MM Arrow F Type Wood Clamp,no
TOO-DRI-BIT-MAG-MD-02063,PCS,Mdsi (MD-02063) Magnetic Screw Bits 1/4 X 100MM (+),Mdsi (MD-02063) Magnetic Screw Bits 1/4 X 100MM (+),no
TOO-DRI-MAG-BSP037-E,PCS,Asuma Box Bit Socket,Asuma Box Bit Socket,no
UMB-CHI-MIX,PCS,Big Umbrella,Big Umbrella,no
BAT-ENE-MAX-AA-8PCS,PCK,Enr Max Aa 8PCS,Enr Max Aa 8PCS,no
BEAD-COR-2.5MTR,PCS,Karyon Brand PVC Corner Bead 2.5 MTR,Karyon Brand PVC Corner Bead 2.5 MTR,no
BRA-S/STEEL-25MM-MMD25(D),PCS,25MM S/steel Bracket,25MM S/steel Bracket,no
CUT-DIS-26032-RC1500,PCS,Rc 1500 Turbo Rexcut Diamond Cutter,Rc 1500 Turbo Rexcut Diamond Cutter,no
"DOR-FLU-SGD-2108""",PCS,8 Armor Flush Bolt,8 Armor Flush Bolt,no
DOR-HIN-SSS-65MM,PAIR,2 1/2 Stainless Steel Hinges,2 1/2 Stainless Steel Hinges,no
"ELE-D/L-630/6""-SQU",PCS,Down Lite 630/6 Square Wh+ww,Down Lite 630/6 Square Wh+ww,no
"FIT-SS240R-SOC-REC-3/4""X1/2""",PCS,SS Reducing Socket 3/4 X 1/2,SS Reducing Socket 3/4 X 1/2,no
GAR-RAK-PVC-2021,PCS,PVC Garden Rake Head 2021,PVC Garden Rake Head 2021,no
"GUN-CAU-BLU-11""",PCS,Blimax Heavy Duty Caulking GUN-11,Blimax Heavy Duty Caulking GUN-11,no
IND-CAS-GLI-SWI-38MM,PCS,1 1/2 IN Glide Swivel Caster Wheel,1 1/2 IN Glide Swivel Caster Wheel,no
IND-WHE-3IN1,PCS,3 IN 1 Wheel Barrow,3 IN 1 Wheel Barrow,no
NAI-SQU-SUP-065MM-500G,PCK,E. G Square Boat Nail 65MM - 500G,E. G Square Boat Nail 65MM - 500G,no
PLA-BAG-RUB-BLA-1822,PKT,18 X 22 X 0.035 X 1KG HD Black (plastic Rubbish),18 X 22 X 0.035 X 1KG HD Black (plastic Rubbish),no
SAF-SHO-LAU-44#,PAIR,Laufen Safety Shoe 44/10,Laufen Safety Shoe 44/10,no
SAF-SHO-PAS-39#,PAIR,Passen Safety Shoe 39/5,Passen Safety Shoe 39/5,no
SAF-SHO-PAS-43#,PAIR,Passen Safety Shoe 43/9,Passen Safety Shoe 43/9,no
SAF-SHO-SAL-40#,PAIR,Tron Safety Shoe 40/6,Tron Safety Shoe 40/6,no
"SHH-LIN-I-FIXH-12""",PKT,I-fixh Wire Leader 12,I-fixh Wire Leader 12,no
SWI-S/SKT-LWD-0013,PCS,Lwd 0013 F3 13A S/skt SIRIM,Lwd 0013 F3 13A S/skt SIRIM,no
TAP-CAB-CB5106A,UNIT,Cabana Bib Tap CB5106A,Cabana Bib Tap CB5106A,no
"TIE-CAB-BLA-100MM-4""",PCK,"Black PVC Cable Ties 100MM (4"")","Black PVC Cable Ties 100MM (4"")",no
TOO-CUT-CALWS708B,PCS,Cable Cutter Cr-v 200MM,Cable Cutter Cr-v 200MM,no
X-FLO-MOC-KV960,PCS,"Kv 960 12""X12 Homotiles","Kv 960 12""X12 Homotiles",no
X-FLO-MOC-KV963,PCS,"Kv 963 12""X12 Homotiles","Kv 963 12""X12 Homotiles",no
X-SHI-FAC,PCS,Face Shield,Face Shield,no
ABR-PAP-SWA-0220,SHT,Swallow Abrasive Sand Paper 220,Swallow Abrasive Sand Paper 220,no
BAT-REC-FP1272-12V,PCS,Gp 12V 7.2AH Rec. Battery,Gp 12V 7.2AH Rec. Battery,no
BNW-BOL-HTM-M10-35MM,PCS,H/t Bolt - M 10 X 35MM,H/t Bolt - M 10 X 35MM,no
BNW-WAS-SPR-18MM,PCK,Bsw Spring Washer 3/4 (8PCS/PCK),Bsw Spring Washer 3/4 (8PCS/PCK),no
CHA-SAW-PLU-17X19,PCS,17 X 19 Chain Saw Plug (-),17 X 19 Chain Saw Plug (-),no
CLI-HOS-ORB-3,PCS,Orbit Hose Clip No : 3,Orbit Hose Clip No : 3,no
CLO-SHRT-1094L-16.5,PCS,Golden Horse Working Shirt 1094L - 16.5,Golden Horse Working Shirt 1094L - 16.5,no
CLO-SHRT-1094L-17,PCS,Golden Horse Working Shirt 1094L - 17,Golden Horse Working Shirt 1094L - 17,no
CUT-PAR-COV-105,PCS,105 Parang With Cover,105 Parang With Cover,no
DOR-SOC-SGD-12MMSS,PCS,12MM (medium) SS St. Guchi Dust Socket,12MM (medium) SS St. Guchi Dust Socket,no
DOR-STO-TYSON8988,PCS,Tyson 8988 Magnetic Door Holder,Tyson 8988 Magnetic Door Holder,no
DRI-UNI-26107(5),PCS,Br 6200 5MM Universal Drills (4 Flures),Br 6200 5MM Universal Drills (4 Flures),no
ELE-PVC-TEE-3W,PCS,19MM Tee Box (3WAY Box),19MM Tee Box (3WAY Box),no
FAS-SCR-COA-M8050,PCS,Sr Coach Screw M8 X 50MM,Sr Coach Screw M8 X 50MM,no
"FIT-YG228R-NIP-REC-1/2""X1/4""-BRA",PCS,"Brass Reduced Nipple 1/2""X1/4","Brass Reduced Nipple 1/2""X1/4",no
GAR-HOE-LONG-KANG,PCS,Longkang With Metal Handle,Longkang With Metal Handle,no
GAR-SHE-TIG-8530,PCS,Straight Hedge Shear : Tiger Taiwai 8530,Straight Hedge Shear : Tiger Taiwai 8530,no
GRA-CUT-LIN-YEL,PCK,Square Trimer Line-yellow (PCK),Square Trimer Line-yellow (PCK),no
GRA-PVC-100MM,PCS,4 X 4 PVC Grating,4 X 4 PVC Grating,no
HHD-CIS-HIGH-2.5G-M0635-WHI,SET,2.5G Plastic H/l Cistern Fitting- Techplas Elegen,2.5G Plastic H/l Cistern Fitting- Techplas Elegen,no
IND-WIR-MES-PVC-11231,ROLL,PVC Coated Wire Mesh 1 X 1/2 X 3,PVC Coated Wire Mesh 1 X 1/2 X 3,no
PAI-ROL-SET-WK-RR54319,SET,Worker 4 X 18 Radiator Roller Set,Worker 4 X 18 Radiator Roller Set,no
RAI-BOO-KRK-B41M,PAIR,Rainshoes - 41 (8) 6000BLK,Rainshoes - 41 (8) 6000BLK,no
"SANDEX-VEL-SAN-4""-060#",PCK,"Sandex 4 Velcro Sanding Disc, 60","Sandex 4 Velcro Sanding Disc, 60",no
SHH-MOUS-H14,PCS,H14 Huizhu Fishing Superior Quality Mouse 4.5CM (soft),H14 Huizhu Fishing Superior Quality Mouse 4.5CM (soft),no
SMR-TCT-HOL-SAW-25MM,PCS,Smr Tct Holesaw 25MM,Smr Tct Holesaw 25MM,no
TEC-COM-INL-VAL-1054,SET,1054 Techplas Compact Bottom Inlet Valve 11,1054 Techplas Compact Bottom Inlet Valve 11,no
TOO-COM-GD28,PCS,Gd Combination Wrench 28MM,Gd Combination Wrench 28MM,no
TOO-CUT-STA-992014563,PCS,10 (yellow) Aviation Snip-straight,10 (yellow) Aviation Snip-straight,no
"TOO-FIL-ORE-7/32""",DOZ,7/32 Oregan Chainsaw File (b),7/32 Oregan Chainsaw File (b),no
TOO-LEV-TOR-22057,PCS,Br 2021 9 Torpedo Level,Br 2021 9 Torpedo Level,no
"TOO-NYL-PLU-COU-1/4""",PCS,Nylon Quick Coupler 1/4 Male NSM-20,Nylon Quick Coupler 1/4 Male NSM-20,no
"VAL-BAL-MIN-FF-1/4""X1/4""",PCS,"Ff Brass Mini Ball VALVE-1/4""X1/4","Ff Brass Mini Ball VALVE-1/4""X1/4",no
"VAL-BAL-MIN-FH-1/4""X5/16""",PCS,"Fh Brass Mini Ball VALVE-1/4""X5/16","Fh Brass Mini Ball VALVE-1/4""X5/16",no
WOO-DOU-08',PCS,Mrtx List 8 (d),Mrtx List 8 (d),no
ABR-PAP-STAR-400#,PCS,Three Star Sandpaper 400,Three Star Sandpaper 400,no
ABR-PAP-SWA-0320,SHT,Swallow Abrasive Sand Paper 320,Swallow Abrasive Sand Paper 320,no
BBQ-CHA-BRI-3KG,BOX,3KG Charcoal Briquette,3KG Charcoal Briquette,no
BNW-BOL-HTM-M10-25MM,PCS,H/t Bolt - M 10 X 25MM,H/t Bolt - M 10 X 25MM,no
CHE-BRA-SSO-100ML,BOT,200ML Brassol,200ML Brassol,no
ELE-FATO-UKF-363,EA,Fato W/p Isolator Bd UKF-363,Fato W/p Isolator Bd UKF-363,no
FIT-HDPE-SOC-32MMX25MM,PCS,HDPE Coupler Reducing (socket) 32MM X 25MM,HDPE Coupler Reducing (socket) 32MM X 25MM,no
IMP-BIT-PM61038,SET,Pumpkin Osaka 2PCS Impact Bit Set,Pumpkin Osaka 2PCS Impact Bit Set,no
KGR-ALU-PAI-2.5L,TIN,Kangaroo Brand 250 Aluminium Paint 2.5 Litre,Kangaroo Brand 250 Aluminium Paint 2.5 Litre,no
NAI-AIR-LEO-F30,BOX,Leo Air Nail - F30,Leo Air Nail - F30,no
NAI-CON-WHI-25MM,BOX,1 Hardened Steel Concrete Nail,1 Hardened Steel Concrete Nail,no
"SANDEX-VEL-SAN-4""-040#",PCK,"Sandex 4 Velcro Sanding Disc, 40","Sandex 4 Velcro Sanding Disc, 40",no
SHH-FLOAT-FF75,PKT,"(3/4"") Plastic Float (2PCS/PCK)","(3/4"") Plastic Float (2PCS/PCK)",no
SWI-SOC-ULT-M031W,PCS,Ultra 16A 3 GANG 1 Way-white (M031W),Ultra 16A 3 GANG 1 Way-white (M031W),no
TOO-CHI-POINT,PCS,12 Point Chisel,12 Point Chisel,no
"TOO-CHI-WOO-4""",PCS,4 Wood Carving Disc,4 Wood Carving Disc,no
TOO-WRE-ADJ-GD250,PCS,Gd Adjustable Wrench 10,Gd Adjustable Wrench 10,no
TRCK-(0.40MM)-75MM -8FTS,PCS,Track (0.40MM) 75MM X 25MM - 8FTS,Track (0.40MM) 75MM X 25MM - 8FTS,no
VAL-BAL-PVC-ECC34SE,PCS,Ecco PVC Ball VALVE-3/4 Se,Ecco PVC Ball VALVE-3/4 Se,no
WEL-NOZ-SET,PCS,Nozzle Cleaner Set,Nozzle Cleaner Set,no
X-GUM-STA-9960GS20DT,PKT,7 X 50 Dual Temp Glue Stick - Short (6 Pcs/pack),7 X 50 Dual Temp Glue Stick - Short (6 Pcs/pack),no
ALUM-ROU-32MM-10'-NA,PCS,Na X 10 X 1.1/4 Round Tube,Na X 10 X 1.1/4 Round Tube,no
BAT-ENR-MAX-AAA-8PCS,PCK,Enr Max Aaa 8PCS,Enr Max Aaa 8PCS,no
BLI-HSS-HOL-SAW-50MM,PCS,Navato Hole Saw Cutter 50MM,Navato Hole Saw Cutter 50MM,no
BNW-BOL-HTM-M08-50MM,PCS,H/t Bolt - M 08 X 50MM,H/t Bolt - M 08 X 50MM,no
BNW-BOL-SS304-M8-35MM,PCS,SS 304 Bolt - M8 X 35MM,SS 304 Bolt - M8 X 35MM,no
"BNW-WAS-1/4""",PKT,1/4 Iron Washer (20PCS/PCK),1/4 Iron Washer (20PCS/PCK),no
CHE-LUB-GLO-450ML,PCS,Glochem Anti-rust Lubricant 450ML,Glochem Anti-rust Lubricant 450ML,no
CUT-PAR-BM22,PCS,Bossman Brasil Design Machete 22,Bossman Brasil Design Machete 22,no
CUT-PAR-COV-135,PCS,135 Parang With Cover,135 Parang With Cover,no
CUT-SAW-SET-BLM8,PCS,Sensui Sawset Plier 8,Sensui Sawset Plier 8,no
DRI-AUG-2WAY-18MM,PCS,T&t 2WAY Auger BIT-3/4,T&t 2WAY Auger BIT-3/4,no
DRI-CER-BLI-12MM(+),PCS,Blimax Multi Ceramic Cross Drill Bit - 12MM (+),Blimax Multi Ceramic Cross Drill Bit - 12MM (+),no
DZ-GEN-BPC-180,PCS,Bull Point Chisel,Bull Point Chisel,no
ELE-T5-3'-3000K,PCS,Ffl T5 3FT 14W LED Fitting Set,Ffl T5 3FT 14W LED Fitting Set,no
"FAS-SCR-TAP-CSK-6#1""",PACK,6 X1 Csk Self Tapping Screw-flat Head (20PCS/PCK),6 X1 Csk Self Tapping Screw-flat Head (20PCS/PCK),no
FIT-PVC-CON-15MM,PCS,PVC Fitting Tank Connector 15MM 1/2,PVC Fitting Tank Connector 15MM 1/2,no
GRA-CUT-BLA-6T,PCS,6T Blade Cut Grass Trimmer Head,6T Blade Cut Grass Trimmer Head,no
LAD-ALU-AT-DS09,UNIT,At 9 Step D/side Aluminium Ladder,At 9 Step D/side Aluminium Ladder,no
MEA-TAP-00317W,PCS,Ex 5M Fung Shui Measuring Tape,Ex 5M Fung Shui Measuring Tape,no
NP-BAR-427-1L,TIN,1L Bintang Automotive Refinish 427 Deep Green,1L Bintang Automotive Refinish 427 Deep Green,no
"PIP-UPVC-2""",LTH,"2""(50MM) Ut X 6M Upvc Pipe","2""(50MM) Ut X 6M Upvc Pipe",no
PLA-MAT-EAW-MTR,MTR,Elephant-king Anti-weed Mat (pp) 1M,Elephant-king Anti-weed Mat (pp) 1M,no
PUT-CAR-888-3.5KG-GREY,TIN,Sawada Car Putty 3.5KG Grey,Sawada Car Putty 3.5KG Grey,no
PYE-WATER-LOCK-1.5KG,TIN,PYE Water-lock 1.5KG,PYE Water-lock 1.5KG,no
SWI-ON/OFF-315,PCS,Pacific Ii Switchfuse 315 20A 500V,Pacific Ii Switchfuse 315 20A 500V,no
TAP-SET-20PCS,SET,20PCS Tap And Die Set,20PCS Tap And Die Set,no
TAP-SKC-M10X1.75,SET,Skc Hand Tap M10 X 1.75,Skc Hand Tap M10 X 1.75,no
TAP-SKC-M14X2.00,SET,Skc Hand Tap M14 X 2.00,Skc Hand Tap M14 X 2.00,no
"TOO-CLA-F-ATB80X8""",PCS,8 X 80MM Arrow F Type Wood Clamp,8 X 80MM Arrow F Type Wood Clamp,no
TOO-DRV-KT200+,PCS,8 King Top (+) Screw Driver,8 King Top (+) Screw Driver,no
VAL-BAL-MMAN-7733#X1,PCS,M'man Ball Valve X 1,M'man Ball Valve X 1,no
X-TOO-PLI-SLI-STA-200,PCS,8 Maxgrip Bi-material Slip Joint Pliers,8 Maxgrip Bi-material Slip Joint Pliers,no
ABR-PAP-SWA-1200,SHT,Swallow Abrasive Sand Paper 1200,Swallow Abrasive Sand Paper 1200,no
"BUS-NYL-W/BOL-1 1/4""",PCS,No Brand Gate Boost Roller PVC 1-1/4 X 1-1/4,No Brand Gate Boost Roller PVC 1-1/4 X 1-1/4,no
CUT-PAR-COV-125,PCS,125 Parang With Cover,125 Parang With Cover,no
ELE-CHO-C40W,SET,Itoku Fluo Fitting Choke,Itoku Fluo Fitting Choke,no
FAS-SCR-COA-M8025,PCS,Sr Coach Screw M8 X 25MM,Sr Coach Screw M8 X 25MM,no
FIT-GAL-ELBW-38MM,PCS,Galvanised Elbow (90) 38MM,Galvanised Elbow (90) 38MM,no
FIT-UPVC-BEN-ELB-110MM,PCS,U-pvc Bend (elbow) 110MM 4,U-pvc Bend (elbow) 110MM 4,no
FIT-UPVC-TEE-110MM,PCS,U-pvc Tee 110MM 4,U-pvc Tee 110MM 4,no
IND-CAS-GLI-RIG-65MM,EA,2 1/2 IN Glide Rigid Caster Wheel,2 1/2 IN Glide Rigid Caster Wheel,no
IND-IRON-WEL-HAPS,PCS,Iron Welding Haps 1/8 X 4.1/2,Iron Welding Haps 1/8 X 4.1/2,no
LOC-TRI-NUM-MIX-20MM,PCS,Tri-circle Number Padlock 20MM,Tri-circle Number Padlock 20MM,no
RAI-BOO-BLA-RUB-42,PAIR,8835 Black Rubber Shoes 42,8835 Black Rubber Shoes 42,no
RIG-CLI-GAL-25MM,PCS,Galvanised Wire Rope Clip 25MM,Galvanised Wire Rope Clip 25MM,no
SAF-SLI-GLO-2TON4M,LGTH,Webbing Sling (glolift) 50MM 2 Ton X 4M,Webbing Sling (glolift) 50MM 2 Ton X 4M,no
"SANDEX-POL-WOO-5""",PCS,Sandex 5 Polishing Wool,Sandex 5 Polishing Wool,no
SOC-BOX-28-13A,PCS,GI Socket Box,GI Socket Box,no
TAB-SHE-PVC-Y160,MTR,Y-160 PVC Sheet,Y-160 PVC Sheet,no
TOO-ELE-CRMW0283,PCS,Modular Plug Crimp 200MM,Modular Plug Crimp 200MM,no
"WOO-TIM-2""X2""X12'",PCS,Mlh Sawn Timber 2 X 2 X 12,Mlh Sawn Timber 2 X 2 X 12,no
X-CIMA-DL-L/SC38/RND/18W/DL,SET,Senco 6 Round LED Panel Light 18W,Senco 6 Round LED Panel Light 18W,no
ABR-PAP-STAR-320#,PCS,Three Star Sandpaper 320,Three Star Sandpaper 320,no
ABR-PAP-SWA-0400,SHT,Swallow Abrasive Sand Paper 400,Swallow Abrasive Sand Paper 400,no
BAT-BL2018-KR,PCS,Battery Pack 2.0AH Lithium Ion 18V,Battery Pack 2.0AH Lithium Ion 18V,no
BNW-BOL-HTM-M10-45MM,PCS,H/t Bolt - M 10 X 45MM,H/t Bolt - M 10 X 45MM,no
BNW-BOL-HTM-M10-65MM,PCS,H/t Bolt - M 10 X 65MM,H/t Bolt - M 10 X 65MM,no
BNW-WAS-M6,PCK,M6 Washer (10PCS/PCK),M6 Washer (10PCS/PCK),no
CAB-LUG-01.5-5,PCK,Cable Lug 1.5-5 (10PCS/PCK),Cable Lug 1.5-5 (10PCS/PCK),no
CHI-FEE-SML-NCI24012,PCS,Feeder For Chicken (small),Feeder For Chicken (small),no
CUT-PVC-BIRD-HAN-NT,PCS,PVC Knife Handle (bird Head),PVC Knife Handle (bird Head),no
DRI-BIT-116N,PCS,38MM Hitmax Diamond Core Bit,38MM Hitmax Diamond Core Bit,no
ELE-FATO-UKF-320,EA,Fato W/p Isolator Bd UKF-320,Fato W/p Isolator Bd UKF-320,no
ELE-GRW-20A1PMCB,EA,Grow 20A 1P Mcb,Grow 20A 1P Mcb,no
ELE-PEN-339/3-E27,PCS,Pendant Light 339-3,Pendant Light 339-3,no
ELE-PVC-CRO-4W,PCS,19MM Cross Box 4WAY,19MM Cross Box 4WAY,no
"FIT-YG239R-SOC-MXF-3/8""X1/4""-BRA",PCS,"Reduced Mxf Brass Socket 3/8""X1/4","Reduced Mxf Brass Socket 3/8""X1/4",no
FRI-STA-TOYOGO-TYG775,SET,Toyogo 4 IN 1 Durable Multi Use Stand,Toyogo 4 IN 1 Durable Multi Use Stand,no
"GAR-SAW-MAR-14""",PCS,M'man Pruning Saw 2116,M'man Pruning Saw 2116,no
GRA-PVC-150MM,PCS,6 X 6 PVC Grating,6 X 6 PVC Grating,no
IND-WIR-SQU-8#X24GX80',COIL,Square Wire Mesh 8 X 24G X 80,Square Wire Mesh 8 X 24G X 80,no
JAC-BOT-CNN-R30TON,PCS,China Bottle Jack - 30 Ton,China Bottle Jack - 30 Ton,no
KGR-KIM-300ML-9215,TIN,300ML Kangaroo Kimtone 9215,300ML Kangaroo Kimtone 9215,no
LOC-TRI-262,DOZ,262 Tricycle Pad Lock,262 Tricycle Pad Lock,no
"NAI-CON-BLA-25""",BOX,1 Black Hardened Steel Concrete Nail,1 Black Hardened Steel Concrete Nail,no
"NAI-CON-GAL-1""-BOX",BOX,1 Galvanised Steel Nail- 1 KG,1 Galvanised Steel Nail- 1 KG,no
NAI-SQU-SUP-038MM-500G,PCK,E. G Square Boat Nail 38MM - 500G,E. G Square Boat Nail 38MM - 500G,no
O-RING-16-21-RED,PCS,O-ring 16-21 (red),O-ring 16-21 (red),no
SAF-SHO-PCSL911-8/42#,PAIR,Picasaf Sport Leisure Safety Shoe 911 8/42,Picasaf Sport Leisure Safety Shoe 911 8/42,no
SAF-SHO-PCSL911-9/43#,PAIR,Picasaf Sport Leisure Safety Shoe 911 9/43,Picasaf Sport Leisure Safety Shoe 911 9/43,no
SHH-FIG-BRA-LIN-4X-100LB,PCS,Shuttle 4X Braided Line 100M (100LB) (dark Green),Shuttle 4X Braided Line 100M (100LB) (dark Green),no
SWI-FLO-UKY2-4M,PCS,Chngia Floot Switch 4M,Chngia Floot Switch 4M,no
TAP-SKC-M14X1.50,SET,Skc Hand Tap M14 X 1.50,Skc Hand Tap M14 X 1.50,no
TOO-DRV-KT107+Z100,PCS,"100MM (4""+6)107 King Top (+) Screw Driver","100MM (4""+6)107 King Top (+) Screw Driver",no
TOO-DRV-KT150-,PCS,6 King Top (-) Screw Driver,6 King Top (-) Screw Driver,no
TOO-FIL-SLIM-STA-125MM,PCS,5 Slim Tapered File-carded (PCS),5 Slim Tapered File-carded (PCS),no
BNW-BOL-HTM-M14-40MM,PCS,H/t Bolt - M 14 X 40MM,H/t Bolt - M 14 X 40MM,no
BNW-BOL-SS304-M6-20MM,PCS,SS 304 Bolt - M6 X 20MM,SS 304 Bolt - M6 X 20MM,no
BRU-HAN-SW20,PCS,Nn Wire Wheel Brush - SW20,Nn Wire Wheel Brush - SW20,no
CAR-WAX-RAT-REPELL,PCS,Natural Rodent Repellent Spray,Natural Rodent Repellent Spray,no
CLI-HOS-ORB-4X,PCS,Orbit Hose Clip No : 4X,Orbit Hose Clip No : 4X,no
"DOR-H&S-LEO-3""",DOZ,Leon S/steel Hasp & STAPLE-3,Leon S/steel Hasp & STAPLE-3,no
DRI-BIT-116R,PCS,50MM Hitmax Diamond Core Bit,50MM Hitmax Diamond Core Bit,no
ELE-CON-SPR-25MM,EA,Conduit Spring 25MM *70CM,Conduit Spring 25MM *70CM,no
"IND-IRON-BUSH-3/8""",PCS,Coller Iron Bush 3/8,Coller Iron Bush 3/8,no
IND-VEN-HOS-AIR,ROLL,Airbank 5M Flexible Duct 05,Airbank 5M Flexible Duct 05,no
JAC-BOT-CNN-R03TON,PCS,China Bottle Jack - 3.0 Ton,China Bottle Jack - 3.0 Ton,no
KGR-KIM-300ML-9212,TIN,300ML Kangaroo Kimtone 9212,300ML Kangaroo Kimtone 9212,no
NAI-COM-75MM-20KG,BOX,3 Wire Nail,3 Wire Nail,no
"PAI-ROL-SET-4""X18""",SET,Gold Pyramid 4 X 18 Paint Roller Set,Gold Pyramid 4 X 18 Paint Roller Set,no
SAF-LIG-PCBL966,PCS,Picasaf Baton Light 966,Picasaf Baton Light 966,no
SHH-FLOAT-FF50,PKT,"(1/2"") Plastic Float (2PCS/PCK)","(1/2"") Plastic Float (2PCS/PCK)",no
SMR-TCT-HOL-SAW-28MM,PCS,Smr Tct Holesaw 28MM,Smr Tct Holesaw 28MM,no
SPR-RED,PCS,Spring Red,Spring Red,no
SWI-SOC-EVB-318WSS-IP66,PCS,E'bright IP66 13A Weatherproof Socket,E'bright IP66 13A Weatherproof Socket,no
TAP-SKC-M12X1.50,SET,Skc Hand Tap M12 X 1.50,Skc Hand Tap M12 X 1.50,no
TAP-SKC-M12X1.75,SET,Skc Hand Tap M12 X 1.75,Skc Hand Tap M12 X 1.75,no
TOO-DRV-KT300-,PCS,12 King Top (-) Screw Driver,12 King Top (-) Screw Driver,no
TOO-HAN-L-STA-998686493,PCS,1/2 L- Handle,1/2 L- Handle,no
BNW-WAS-COM-06MM,KGS,Zinc Plated Washer 1/4,Zinc Plated Washer 1/4,no
BNW-WAS-COM-18MM,KGS,Zinc Plated Washer 3/4,Zinc Plated Washer 3/4,no
CLI-HOS-ORB-0X,PCS,Orbit Hose Clip No : 0X,Orbit Hose Clip No : 0X,no
DOR-RUB-SEAL-BRWN-BSDB100,ROLL,Bossman Silicone Door Seal 100CM - Brown,Bossman Silicone Door Seal 100CM - Brown,no
ENR-METAL-EMER-32,PCK,Enr Metal Emergency Beacon Light,Enr Metal Emergency Beacon Light,no
HOS-REL-EAG-6230#,PCS,Eagle H/duty Portable Hose Reel (6230 ),Eagle H/duty Portable Hose Reel (6230 ),no
LEO-S/S-LOC-BOL-LB304-4,PCS,Leon 4 S/steel Lockble,Leon 4 S/steel Lockble,no
LOC-STA-827-426,PCS,827-420 3PC 50MM Sb Padlock Set,827-420 3PC 50MM Sb Padlock Set,no
LOC-TRI-264,DOZ,264 Tricycle Pad Lock,264 Tricycle Pad Lock,no
MAS-COT-CHM,PCS,Cotton Head Mask,Cotton Head Mask,no
"NAI-CON-GAL-2.1/2""-BOX",BOX,2-1/2 Galvanised Steel Nail- 1 KG,2-1/2 Galvanised Steel Nail- 1 KG,no
"PIP-PVC-C-2""",LTH,"2""(60MM) Class C X 6M PVC Pipe","2""(60MM) Class C X 6M PVC Pipe",no
SHH-FLOAT-FF125,PKT,"(1 1/4"") Plastic Float (2PCS/PCK)","(1 1/4"") Plastic Float (2PCS/PCK)",no
SHH-FROG-3591011,PCS,3591011 Santec Flott Hopp 45MM 7G (mix Color),3591011 Santec Flott Hopp 45MM 7G (mix Color),no
TAP-SKC-M10X1.25,SET,Skc Hand Tap M10 X 1.25,Skc Hand Tap M10 X 1.25,no
TOO-CUT-BOLW09,PCS,W09 Mini Bolt Cutter 200MM,W09 Mini Bolt Cutter 200MM,no
TOO-CUT-STA-992014564,PCS,10 (green) Aviation Snip-right,10 (green) Aviation Snip-right,no
TOO-DRV-KT200-,PCS,8 King Top (-) Screw Driver,8 King Top (-) Screw Driver,no
X-GUM-STA-9960GS10DT,PKT,4 X 0.45 Dual Temp Mini Glue Stick,4 X 0.45 Dual Temp Mini Glue Stick,no
BNW-BOL-HTM-M12-100MM,PCS,H/t Bolt - M 12 X 100MM,H/t Bolt - M 12 X 100MM,no
BNW-BOL-HTM-M16-65MM,PCS,H/t Bolt - M 16 X 65MM,H/t Bolt - M 16 X 65MM,no
"CUT-KNIFE-12""-KWONG",PCS,13 Kwong Knife,13 Kwong Knife,no
"DOR-PUL-ALU-3""",DOZ,3 Door Pull,3 Door Pull,no
"DOR-PUL-ALU-4""",DOZ,4 Door Pull,4 Door Pull,no
FAS-SHE-EYE-RING-4#,PCK,4 Sheep Eye Ring (10PCS/PCK),4 Sheep Eye Ring (10PCS/PCK),no
HOL-POR-E27,PCS,E27 Porcelin Holder Wire,E27 Porcelin Holder Wire,no
HOS-MAC-WAS-OUT-WPJ114-A,ROLL,1 1/4 PVC Flexible Outlet Hose,1 1/4 PVC Flexible Outlet Hose,no
IND-GAL-WIR-PVC-0.6MM-1MM,ROLL,Arrow Green PVC Coated Wire 0.6MM-1MMX18M,Arrow Green PVC Coated Wire 0.6MM-1MMX18M,no
IND-GAL-WIR-PVC-COA-3MMX25KGS,KGS,PVC Coated Wire 3.00MM X 1KG,PVC Coated Wire 3.00MM X 1KG,no
IND-SCO-WOO-501,PCS,501 Wooden Handle Shovel Head (PCS),501 Wooden Handle Shovel Head (PCS),no
IND-WIR-MES-2X2X3'X15GX100',ROLL,Wire Mesh 2 X 2 X 3 X 15G X 100,Wire Mesh 2 X 2 X 3 X 15G X 100,no
LEO-SUS304-MB-LSSB201,PCS,Leon Sus 304 Bibtap,Leon Sus 304 Bibtap,no
M-TP-SC-AG002,NOS,Stop Cock AG002,Stop Cock AG002,no
MET-WAT-GK,PCS,Water Meter 1/2 - Gk,Water Meter 1/2 - Gk,no
"MIDDY-OUTLET-4""-WHT",PCS,Middy: 4 Outlet (white),Middy: 4 Outlet (white),no
NUM-60MM-6,PCS,Acp Numbering 60MM - 6,Acp Numbering 60MM - 6,no
RIG-SHA-GAL-06MM,PCS,Galvanised D-shackle 06 MM,Galvanised D-shackle 06 MM,no
SHH-SPOOL-105,PCS,Fishing Spool HP-105,Fishing Spool HP-105,no
SHH-SWIVEL-NO.2,PKT,Nickel Swivel No. 2,Nickel Swivel No. 2,no
"SPO-WAS-2""",PCS,2 Washing Sponge,2 Washing Sponge,no
SWI-SOC-ULT-M000W,PCS,Ultra 1 GANG Blank Plate-white (M000W),Ultra 1 GANG Blank Plate-white (M000W),no
TAP-SKC-M08X1.50,SET,Skc Hand Tap M08 X 1.50,Skc Hand Tap M08 X 1.50,no
TOO-DRV-SET-APS355,SET,Arrow Electronics Bit Driver Set,Arrow Electronics Bit Driver Set,no
TOO-ELE-TES-BRA,PCS,Brass Test Pen (yellow Card),Brass Test Pen (yellow Card),no
TOO-FIL-SLIM-STA-160MM,PCS,6 Slim Tapered File-carded,6 Slim Tapered File-carded,no
X-FLO-MOC-KV945,PCS,"Kv 945 12""X12 Homotiles","Kv 945 12""X12 Homotiles",no
X-FLO-MOC-KV951,PCS,12 X 12 Salto Guocera Tiles,12 X 12 Salto Guocera Tiles,no
BAT-BOSSMAN-20V,PCS,Bossman Economic Series 4.0AH 20V Battery,Bossman Economic Series 4.0AH 20V Battery,no
BNW-BOL-HTM-M08-30MM,PCS,H/t Bolt - M 08 X 30MM,H/t Bolt - M 08 X 30MM,no
FIR-HOO-31150,PCS,Fire Extinguisher Bracket,Fire Extinguisher Bracket,no
"FIT-SS233-PLU-3/4""-SUS304",PCS,SS Square Plug 3/4,SS Square Plug 3/4,no
GAR-SHE-R'KEY-701,PCS,R'key Long Snip Gardening Pruner - 701,R'key Long Snip Gardening Pruner - 701,no
IND-WIR-MES-181819-LTH,ROLL,Wire Mesh 3/4 X 3/4 X 3 X 19G,Wire Mesh 3/4 X 3/4 X 3 X 19G,no
LOC-BCK-SSS-3PCS,PCK,Buick Keyalike Padlock 50MM 3PCS,Buick Keyalike Padlock 50MM 3PCS,no
MEA-TAP-STE-2067#-30M,PCS,M'man 30M Steel Tape 2067 - 30M,M'man 30M Steel Tape 2067 - 30M,no
"NAI-CON-GAL-3""-BOX",BOX,3 Galvanised Steel Nail- 1 KG,3 Galvanised Steel Nail- 1 KG,no
"NAI-LOS-HEA-1.1/2""-500G",PCK,1 1/2 Lost HD Nails 500G,1 1/2 Lost HD Nails 500G,no
O-RING-27-30-RED,PCS,O-ring 27-30 (red),O-ring 27-30 (red),no
RIG-NIP-38MM,PCS,K. C. Nipple 38 MM,K. C. Nipple 38 MM,no
SHH-FROG-3591012,PCS,3591012 Santec Flott Hopp 40MM 8.4G (mix Color),3591012 Santec Flott Hopp 40MM 8.4G (mix Color),no
SHH-HOOK-HOLDER-SHH100,PCS,Yes Hook Holder 25CM-YHH25,Yes Hook Holder 25CM-YHH25,no
SMR-TCT-HOL-SAW-20MM,PCS,Smr Tct Holesaw 20MM,Smr Tct Holesaw 20MM,no
"SPO-WAS-5""X8""X1.5""",PCS,Sponge 5 X 8 X 1.5,Sponge 5 X 8 X 1.5,no
SWI-CON-PVC-15A,LTH,Sjp 15A 12MM PVC Connector,Sjp 15A 12MM PVC Connector,no
TOO-CUT-STA-992014562,PCS,10 (red) Aviation Snip-left,10 (red) Aviation Snip-left,no
TOO-ELE-STR-WS104,EA,Tool Wire Striper,Tool Wire Striper,no
TOO-ELE-TES-PEN-SP9810,PCS,Brass Head Colours Test Pen,Brass Head Colours Test Pen,no
TOO-HOK-TIE-GD250,PCS,Gd Tie Hooks 250MM,Gd Tie Hooks 250MM,no
TOR-ENE-HDD-6V,PCK,Heavy Duty Dolphin - 6V,Heavy Duty Dolphin - 6V,no
ABR-PAP-RIK-240#,PCS,Riken White Sandpaper 240,Riken White Sandpaper 240,no
APR-NKS-PVC-MSHGPYA-0001,PCS,Nks PVC Yellow Apron,Nks PVC Yellow Apron,no
BNW-BOL-HTM-M16-100MM,PCS,H/t Bolt - M 16 X 100MM,H/t Bolt - M 16 X 100MM,no
CON-CAB-BOO-500AMP,PCS,Gd Booster Cable 500A,Gd Booster Cable 500A,no
"DIG-CAL-6""-6158",PCS,Mii Digital Caliper 6,Mii Digital Caliper 6,no
"DOR-FLU-SGD-35612""",PCS,12 SS St. Guchi Flush Bolt SGDB-35612,12 SS St. Guchi Flush Bolt SGDB-35612,no
"DOR-HIN-STE-5/8""",PCS,Steel HINGES-5/8,Steel HINGES-5/8,no
DRI-MIX-SDS-PAI,PCS,20 Asuma Putty & Paint Mixer BAR,20 Asuma Putty & Paint Mixer BAR,no
"FAS-SCR-TAP-CSK-8#3/8""-PCK",PCK,8 X3/8 Csk Self Tapping Screw-flat Head (20PCS/PCK),8 X3/8 Csk Self Tapping Screw-flat Head (20PCS/PCK),no
"FAS-SCR-TAP-PAN-8#1.1/4""",PCK,8 X1-1/4 Ph Self Tapping Screw-pan Head (20PCS/PCK),8 X1-1/4 Ph Self Tapping Screw-pan Head (20PCS/PCK),no
"FIT-SS375-TEE-1/2""",PCS,304 Mxfxm Tee W/flex Nut 1/2,304 Mxfxm Tee W/flex Nut 1/2,no
"FIT-YG225-BUSH-1/2""X3/8""-BRA",PCS,Brass Bushing 1/2 X 3/8,Brass Bushing 1/2 X 3/8,no
GAR-CUT-ROP-RAM,PCS,Rambutan Cutter Rope,Rambutan Cutter Rope,no
GRA-CUT-BLA-35590,PCS,14 Tanaka Square Brush Culter,14 Tanaka Square Brush Culter,no
IND-GAL-WIR-PVC-1.1MM-1.4MM,ROLL,Arrow Green PVC Coated Wire 1.1MM-1.4MMX30M,Arrow Green PVC Coated Wire 1.1MM-1.4MMX30M,no
JAC-BOT-CNN-6T,PCS,6T Bottle Jack-cn,6T Bottle Jack-cn,no
MAN-COV-BNH,PCS,18 X 24 Bnh Rectangular Polythene Manhole Cover,18 X 24 Bnh Rectangular Polythene Manhole Cover,no
O-RING-12-15,PCS,O-ring 12-15,O-ring 12-15,no
O-RING-27-30,PCS,O-ring 27-30,O-ring 27-30,no
PAI-SPR-KIMLAC-9611,TIN,Kimlac Brand Spray Paint 9611,Kimlac Brand Spray Paint 9611,no
"PIP-UPVC-4514-6""",MTR,6 (160MM) 4514 X 6M Upvc Pipe,6 (160MM) 4514 X 6M Upvc Pipe,no
PVC-STRAPPING-BLACK,KGS,PVC Strapping Black,PVC Strapping Black,no
ROD-CUR,ROLL,Curtain Rod 65 Fts,Curtain Rod 65 Fts,no
SHH-SPOOL-104,PCS,Fishing Spool HP-104,Fishing Spool HP-104,no
SMR-TCT-HOL-SAW-26MM,PCS,Smr Tct Holesaw 26MM,Smr Tct Holesaw 26MM,no
SWI-PLU-GCE-128C-BLU,PCS,Gce 128C 13A Fuse Plugtop-blue,Gce 128C 13A Fuse Plugtop-blue,no
SWI-PLU-GCE-128C-GRE,PCS,Gce 128C 13A Fuse Plugtop-green,Gce 128C 13A Fuse Plugtop-green,no
TAP-SKC-M06X1.00,SET,Skc Hand Tap M06 X 1.00,Skc Hand Tap M06 X 1.00,no
TOO-CHI-FLAT,PCS,12 Flat Chisel,12 Flat Chisel,no
TOO-CLA-F-ATB120X600,PCS,24 X 120MM Arrow F Type Wood Clamp,24 X 120MM Arrow F Type Wood Clamp,no
TOO-HEX-WRE-1.5MM-10MM,SET,Sunmoon Hex Wrench,Sunmoon Hex Wrench,no
WEL-HOL-BUT-600AMP,PCS,Butbro Welding Holder - 600 Amp,Butbro Welding Holder - 600 Amp,no
X-CUT-DIS-26172,PCS,"Br 6412 4""X1.0MM Green Cutting Disc","Br 6412 4""X1.0MM Green Cutting Disc",no
ABR-PAP-STAR-180#,PCS,Three Star Sandpaper 180,Three Star Sandpaper 180,no
BLI-HSS-HOL-SAW-13MM,PCS,Navato Hole Saw Cutter 13MM,Navato Hole Saw Cutter 13MM,no
CAB-LUG-04-6,PCK,Cable Lug 4-6 (10PCS/PCK),Cable Lug 4-6 (10PCS/PCK),no
CAR-TYRE-SHI-SHA-TWIN-PCK-500ML,PCS,Aa Car Care Tyre Shine + Wash Shampoo (twin Pack) 500ML,Aa Car Care Tyre Shine + Wash Shampoo (twin Pack) 500ML,no
CUT-PVC-BLK-HAN-99003,PCS,PVC Knife Handle (black),PVC Knife Handle (black),no
CUT-VEG-N8003,PCS,Thumb Vegetable Cutter Gloves Large,Thumb Vegetable Cutter Gloves Large,no
DRI-BIT-116E,PCS,14MM Hitmax Diamond Core Bit,14MM Hitmax Diamond Core Bit,no
DRI-CER-BLI-08MM(+),PCS,Blimax Multi Ceramic Cross Drill Bit - 8MM (+),Blimax Multi Ceramic Cross Drill Bit - 8MM (+),no
DRI-HSS-TWI-05MM,PCS,Blimax Hss Twist Drill BIT-3/16,Blimax Hss Twist Drill BIT-3/16,no
FAS-RIV-PAT-3/16X1/2-PCK,PCK,Blind Rivet: Jaguar 3/16 X 1/2 (20PCS/PCK),Blind Rivet: Jaguar 3/16 X 1/2 (20PCS/PCK),no
FLO-MOC-DAD06,PCS,"12""X12 Sand Storm Grey Guocera Floor Tiles","12""X12 Sand Storm Grey Guocera Floor Tiles",no
KGR-KIM-300ML-9213,TIN,300ML Kangaroo Kimtone 9213,300ML Kangaroo Kimtone 9213,no
MDD-CON-MALE-RED-1,PCK,Male Disconnects - Red (1.5MM) (10PCS/PCK),Male Disconnects - Red (1.5MM) (10PCS/PCK),no
"NAI-LOS-HEA-1.1/2""-200G",PCK,1 1/2 Lost HD Nails 200G,1 1/2 Lost HD Nails 200G,no
PLA-BAG-8X12X1KG,ROLL,8 X 12 X 1KG Hd/roll,8 X 12 X 1KG Hd/roll,no
POL-HAR-NYL-JM-665A-37~38MM,PCS,Harvesting Palm Oil Clip 1-1/2,Harvesting Palm Oil Clip 1-1/2,no
"SANDEX-VEL-SAN-4""-240#",PCK,"Sandex 4 Velcro Sanding Disc, 240","Sandex 4 Velcro Sanding Disc, 240",no
SHH-HOOK-HOLDER-YHH20,PCS,Yes Hook Holder 20CM-YHH20,Yes Hook Holder 20CM-YHH20,no
TOO-CHI-STA-25MM,PCS,"1""/25MM Dynagrip Wood Chisel","1""/25MM Dynagrip Wood Chisel",no
TOO-DRV-2WAY,PCS,K 2WAY Screw Driver,K 2WAY Screw Driver,no
TOO-HAN-SPA-T10MM,PCS,T Handle Spanner 10MM,T Handle Spanner 10MM,no
TOO-RUL-STE-300,PCS,Steel Angle Square 12,Steel Angle Square 12,no
VAL-BAL-CNN-38MM,PCS,Steel Ball Valve - Cnn 38 MM,Steel Ball Valve - Cnn 38 MM,no
VAL-BAL-MIN-BV3WF,PCS,Sanwa 3 Way Mini Ball Valve 1/2 F/m/m,Sanwa 3 Way Mini Ball Valve 1/2 F/m/m,no
"ALUM-ROU-20'X1.1/2""",PCS,Na X 20 X 1 1/2 Round Tube,Na X 20 X 1 1/2 Round Tube,no
BAT-ENE-LIT-2032,PCS,Energizer Lithium 2032,Energizer Lithium 2032,no
BNW-BOL-HTM-M12-70MM,PCS,H/t Bolt - M 12 X 70MM,H/t Bolt - M 12 X 70MM,no
CEI-COR-C255`,PCS,C255 Cornices,C255 Cornices,no
CEI-COR-C313`,PCS,C313 Cornices,C313 Cornices,no
CEI-COR-C314`,PCS,C314 Cornices,C314 Cornices,no
CHI-BIR-CUP,PCS,Bird Cup,Bird Cup,no
CLI-BAT-CLI-0025AMP,SET,L/duty Battery Clip 25AMP,L/duty Battery Clip 25AMP,no
DOR-LOC-MOR-KINGKU,PCS,Kingku 45MM X 85MM SS Mortise Lock Case,Kingku 45MM X 85MM SS Mortise Lock Case,no
FIT-GAL-CAP-38MM,PCS,Galvanised Cap (301) 38MM,Galvanised Cap (301) 38MM,no
"FIT-HDPE-NIP-1""X1""",PCS,HDPE Nipple 1 X 1,HDPE Nipple 1 X 1,no
"FIT-SS239R-SOC-REC-MXF-3/4""-SUS304",PCS,SS Mxf Reducing Socket 3/4,SS Mxf Reducing Socket 3/4,no
FLOAT-CT-ACV20,PCS,3/4 Cotta Automatic Control Valve,3/4 Cotta Automatic Control Valve,no
HHD-CIS-LOW-3.0G-M0625,SET,3.0G Plastic L/l Cistern Fitting Techplas Elegen,3.0G Plastic L/l Cistern Fitting Techplas Elegen,no
HOO-SINGLE-S/S-1363HB,CARD,Isano S/steel Single Hook BAR (2PCS Per Card),Isano S/steel Single Hook BAR (2PCS Per Card),no
"IND-CAS-BRA-4""",PCS,4 Brake Industrial Castor,4 Brake Industrial Castor,no
IND-SCP-PUT-15075(10),PCS,Br 2600 10 S/steel Putty Knife,Br 2600 10 S/steel Putty Knife,no
NAI-COM-25MM-20KG,BOX,1 Wire Nail (BOX),1 Wire Nail (BOX),no
NAI-CON-ACE-16-BOX,BOX,Ace Galvanised Flat Head Nails 16 X 2.0 (500GM),Ace Galvanised Flat Head Nails 16 X 2.0 (500GM),no
OIL-EAG-GLASS-100#,PCS,Eagle Oil Glass 100,Eagle Oil Glass 100,no
PAI-BRU-633-075MM,DOZ,Paint Brush 633 X 75MM (DOZ),Paint Brush 633 X 75MM (DOZ),no
"SANDEX-VEL-SAN-4""-400#",PCK,"Sandex 4 Velcro Sanding Disc, 400","Sandex 4 Velcro Sanding Disc, 400",no
SHH-LINE-L/G-OSML40,PCS,Omega Shigeru Mono Line (green) 40LBS,Omega Shigeru Mono Line (green) 40LBS,no
SHH-LINE-L/G-OSML50,PCS,Omega Shigeru Mono Line (green) 50LBS,Omega Shigeru Mono Line (green) 50LBS,no
SHH-LINE-L/G-OSMLB8,PCS,Omega Shigeru Mono Line 8LBS (green),Omega Shigeru Mono Line 8LBS (green),no
SHH-RING-3WAY-50LB,PKT,3 Way Wire Rig (i-fixh) 50LB (7CM),3 Way Wire Rig (i-fixh) 50LB (7CM),no
TOO-SPA-BEN-BLK-09MM,LGHT,BAR Bender: (m) Black 3/8,BAR Bender: (m) Black 3/8,no
X-FLO-MOC-KP106B,PCS,KP106B 300X300MM,KP106B 300X300MM,no
X-FLO-MOC-KP106D,PCS,KP106D 300X300MM,KP106D 300X300MM,no
X-FLO-MOC-KP106E,PCS,KP106E 300X300MM,KP106E 300X300MM,no
ABR-PAP-SWA-0360,SHT,Swallow Abrasive Sand Paper 360,Swallow Abrasive Sand Paper 360,no
ALUM-ROU-32MM-20'-MB,PCS,Mb X 20 X 1.1/4 Round Tube,Mb X 20 X 1.1/4 Round Tube,no
BNW-BOL-HTM-M08-25MM,PCS,H/t Bolt - M 08 X 25MM,H/t Bolt - M 08 X 25MM,no
DRI-HSS-TWI-06MM,PCS,Blimax Hss Twist Drill BIT-1/4,Blimax Hss Twist Drill BIT-1/4,no
ELE-SWI-SELCON-3A,PCS,Selcon 3A Photocell Switch J,Selcon 3A Photocell Switch J,no
FIT-PVC-CON-20MM,PCS,PVC Fitting Tank Connector 20MM 3/4,PVC Fitting Tank Connector 20MM 3/4,no
FLO-MOC-SP121D,PCS,12 X 24 Guocera Homogenoues Tiles,12 X 24 Guocera Homogenoues Tiles,no
FLO-MOC-SP121F,PCS,12 X 24 Homo Tile SP121F,12 X 24 Homo Tile SP121F,no
INK-CHI-BLA(HUA),PCS,Chinese Writing Ink (chong Hua),Chinese Writing Ink (chong Hua),no
LAD-ALU-AT-DS06,UNIT,At 6 Step D/side Aluminium Ladder,At 6 Step D/side Aluminium Ladder,no
"NAI-CON-GAL-1.1/2""-BOX",BOX,1-1/2 Galvanised Steel Nail- 1 KG,1-1/2 Galvanised Steel Nail- 1 KG,no
"SANDEX-VEL-SAN-4""-100#",PCK,"Sandex 4 Velcro Sanding Disc, 100","Sandex 4 Velcro Sanding Disc, 100",no
SHH-LINE-L/G-OHML10,PCS,Omega Hayasu Mono Line (rainbows) 10LBS,Omega Hayasu Mono Line (rainbows) 10LBS,no
STR-NYL-TWI-09S,ROLL,9 Nylon Twin,9 Nylon Twin,no
TOO-DRV-SETW0557,SET,6PCS Screw Drivers Set,6PCS Screw Drivers Set,no
TOO-HAN-SPA-T08MM,PCS,T Handle Spanner 08MM,T Handle Spanner 08MM,no
WEL-HOL-SAM-600AMP,PCS,Samson Welding Holder - 600 Amp,Samson Welding Holder - 600 Amp,no
X-FLO-MOC-30B140,PCS,"12""X12 Floor Tiles 30B140","12""X12 Floor Tiles 30B140",no
X-FLO-MOC-M33806,PCS,M33806 30X30CM Tiles,M33806 30X30CM Tiles,no
X-FLO-MOC-M33807,PCS,M33807 30X30CM,M33807 30X30CM,no
ABR-PAP-SWA-0800,SHT,Swallow Abrasive Sand Paper 800,Swallow Abrasive Sand Paper 800,no
ABR-PAP-SWA-2000,SHT,Swallow Abrasive Sand Paper 2000,Swallow Abrasive Sand Paper 2000,no
BNW-BOL-HTM-M12-60MM,PCS,H/t Bolt - M 12 X 60MM,H/t Bolt - M 12 X 60MM,no
CLO-SHRT-1094L-14,PCS,Golden Horse Working Shirt 1094L - 14,Golden Horse Working Shirt 1094L - 14,no
COC-BAL-VIP-319-SS18MM,PCS,319 3/4 Vip Union Lever Bib Tap,319 3/4 Vip Union Lever Bib Tap,no
ELE-PVC-BOX-TC4X4,EA,Tc 4X4 PVC Enclosure Box,Tc 4X4 PVC Enclosure Box,no
FAS-BOL-ANC12,PCK,Sh Drop IN Anchor 1/2 X 2 (5PCS/PCK),Sh Drop IN Anchor 1/2 X 2 (5PCS/PCK),no
"FAS-SCR-TAP-CSK-10#1""",PACK,10 X1 Csk Self Tapping Screw-flat Head (10PCS/PCK),10 X1 Csk Self Tapping Screw-flat Head (10PCS/PCK),no
FIB-CLO-GUM,SET,Fiber+cloth+gum,Fiber+cloth+gum,no
JAC-BOT-CNN-R20TON,PCS,China Bottle Jack - 20 Ton,China Bottle Jack - 20 Ton,no
MEA-TAP-BLI-7.5M-BCR,PCS,Blimax Measuring Tape - Bcr 7 7.5M,Blimax Measuring Tape - Bcr 7 7.5M,no
MIDDY-PVC-BRA-WHI,PCS,Middy: PVC Bracket (white),Middy: PVC Bracket (white),no
PUM-HAN-DP-145,PCS,Korea Acid Hand Pump -4 Gal,Korea Acid Hand Pump -4 Gal,no
RAI-SUI-SUP-M,PCS,Supersonic PVC Rain Suit Trouser : M,Supersonic PVC Rain Suit Trouser : M,no
RAI-SUI-SUP-XL,PCS,Supersonic PVC Rain Suit Trouser : XL,Supersonic PVC Rain Suit Trouser : XL,no
SCA-NAK-DOU-3100093,PCS,Nakuho-double Face Spring Scale (round Pan) 20KG,Nakuho-double Face Spring Scale (round Pan) 20KG,no
SHH-BOX-TB10A,PCS,Tackle Box (adjust),Tackle Box (adjust),no
SHH-HOOK-21P8,PCS,21 Pontoon Treble Hook (8G),21 Pontoon Treble Hook (8G),no
SHH-HOOK-9255SS-3/0,PKT,Eupro Octopus S/s Hook No. 3/0(9'S),Eupro Octopus S/s Hook No. 3/0(9'S),no
STR-NYL-TWI-18S,ROLL,18 Nylon Twin,18 Nylon Twin,no
SWI-KAT-BRE-KT325,PCS,Katko Load Break Isolating Switch KT325,Katko Load Break Isolating Switch KT325,no
TL2087POLY-DC4,ROLL,Thailion 2087 4 Polyethylene Dampcourse,Thailion 2087 4 Polyethylene Dampcourse,no
TOO-FIL-SLIM-STA-100MM-992022304,PCS,4 Slim Tapered File-carded,4 Slim Tapered File-carded,no
TOO-HOO-KTTIE,PCS,King Top Hook Wrench (ball Bearing Spanner),King Top Hook Wrench (ball Bearing Spanner),no
VAL-BAL-MIN-BV3WM,PCS,Sanwa 3 Way Mini Ball Valve 1/2 M/m/m,Sanwa 3 Way Mini Ball Valve 1/2 M/m/m,no
WIN-ROL-MAS-4002X10SET,SET,Sr Master Roller 4002 X 10 Sets,Sr Master Roller 4002 X 10 Sets,no
X-FLO-MOC-30PS18,PCS,12 X 12 Floor Tiles 30PS18,12 X 12 Floor Tiles 30PS18,no
X-SWI-LWD-1WAY-2GANG,PCS,Niko S - 1G1W Switch White,Niko S - 1G1W Switch White,no
"ALUM-HOLLOW-2""X1""-4",PCS,2 X 1 Alum. Hollow Na - 4,2 X 1 Alum. Hollow Na - 4,no
"ALUM-ROU-NA-20'X1.1/4""",PCS,Na X 20 X 1 1/4 Round Tube,Na X 20 X 1 1/4 Round Tube,no
BNW-BOL-HTM-M10-40MM,PCS,H/t Bolt - M 10 X 40MM,H/t Bolt - M 10 X 40MM,no
CAR-WAX-DIS,PCS,Dsl Dispel - 500ML,Dsl Dispel - 500ML,no
ELE-D/L-PHI-PLC-865-18W,PCS,Philips Plc 18W 865 D/l Tube,Philips Plc 18W 865 D/l Tube,no
ELE-HOL-MX660/A,PCS,13A E27 Night Light Holder,13A E27 Night Light Holder,no
"FIT-YG235-TEE-1/4""-BRA",PCS,Brass Equal Tee 1/4,Brass Equal Tee 1/4,no
IND-PUN-YEL,PCS,PVC Punkis,PVC Punkis,no
JAC-BOT-CNN-R05TON,PCS,China Bottle Jack - 5.0 Ton,China Bottle Jack - 5.0 Ton,no
"MET-WAT-WASHER-1/2""",PCK,Water Meter Washer 1/2 (2PCS/PCK),Water Meter Washer 1/2 (2PCS/PCK),no
"NAI-CON-GAL-4""-BOX",BOX,4 Galvanised Steel Nail - 1 KG,4 Galvanised Steel Nail - 1 KG,no
PAD-FIBR-DISC-BBU4,PCS,Bossman Fibre Disc Back-up Pad 4,Bossman Fibre Disc Back-up Pad 4,no
TAP-SKC-M10X1.50,SET,Skc Hand Tap M10 X 1.50,Skc Hand Tap M10 X 1.50,no
TOO-BAG-MTB002-E,PCS,20 Sensui Reflective Tools Bag,20 Sensui Reflective Tools Bag,no
TOO-DRV-KT300+,PCS,12 King Top (+) Screw Driver,12 King Top (+) Screw Driver,no
TOO-LEV-MAG-SPI9,PCS,9 Magnet Spirit Level,9 Magnet Spirit Level,no
X-FLO-MOC-30AAS80,PCS,"12""X12 Floor Tiles KH30AAS80","12""X12 Floor Tiles KH30AAS80",no
X-FLO-MOC-30LS02,PCS,12 X 12 Floor Tiles 30LS02,12 X 12 Floor Tiles 30LS02,no
X-FLO-MOC-BR3030WW,PCS,300MM X 300MM BR3030WW,300MM X 300MM BR3030WW,no
AER-FIL-TUB-050MM,MTR,Aerico Filter Tube 2 1/2 5MM,Aerico Filter Tube 2 1/2 5MM,no
BAT-TER-+&-,SET,Battery Terminal +&,Battery Terminal +&,no
BNW-BOL-HTM-M10-50MM,PCS,H/t Bolt - M 10 X 50MM,H/t Bolt - M 10 X 50MM,no
COC-BAL-VIP-318-SS12MM,PCS,S/s Handle Union Tap:vip 318 1/2,S/s Handle Union Tap:vip 318 1/2,no
ELE-PLUG-TOP-FUSE-15A,PCS,Plug Top Fuse 15A,Plug Top Fuse 15A,no
FIT-PVC-ELB-15MM*,PCS,PVC Fitting Elbow 15MM 1/2,PVC Fitting Elbow 15MM 1/2,no
"FIT-SS239-SOC-MXF-3/4""-SUS304",PCS,"Mxf Socket 3/4""X3/4","Mxf Socket 3/4""X3/4",no
MIDDY-CORNER OUT-G100CO-W,PCS,Middy:corner Out (white),Middy:corner Out (white),no
NAI-CON-BLA-18MM,BOX,3/4 Black Hardened Steel Concrete Nail,3/4 Black Hardened Steel Concrete Nail,no
NUM-80MM-8,PCS,Acp Numbering 80MM - 8,Acp Numbering 80MM - 8,no
SAF-BEL-IND-SH6,PCS,R'yal Body Harness Safety Belt,R'yal Body Harness Safety Belt,no
"SANDEX-VEL-SPO-5""",PCS,Sandex 5 Velcro Polish Sponge (thick),Sandex 5 Velcro Polish Sponge (thick),no
STR-NYL-TWI-06S,ROLL,6 Nylon Twin,6 Nylon Twin,no
SWI-SOC-KB15,PCS,Schneider-vivace 13A 250V 1G Switched Socket,Schneider-vivace 13A 250V 1G Switched Socket,no
TOO-RUL-CAL-516,PCK,2PCS PVC Caliper,2PCS PVC Caliper,no
TOO-TES-PEN-STA-(66-120),PCS,Spark Detecting Screwdriver - 3/16 X 7-1/2,Spark Detecting Screwdriver - 3/16 X 7-1/2,no
TOO-WRE-DOU-1617,PCS,Double Flexible Socket Wrench 16 X 17MM,Double Flexible Socket Wrench 16 X 17MM,no
TOO-WRE-KEY-A30800,SET,Arrow 9 PCS MM Ball Point Hex Wrench Set,Arrow 9 PCS MM Ball Point Hex Wrench Set,no
ABR-PAP-SWA-0500,SHT,Swallow Abrasive Sand Paper 500,Swallow Abrasive Sand Paper 500,no
BAT-ENE-LIT-2016,PCS,Energizer Lithium 2016,Energizer Lithium 2016,no
BNW-BOL-SS304-M6-30MM,PCS,SS 304 Bolt - M6 X 30MM,SS 304 Bolt - M6 X 30MM,no
CLI-ELE-CAB-20MM100'S,BOX,Cable Clip 20MM 40'S,Cable Clip 20MM 40'S,no
DRI-AUG-2WAY-09MM,PCS,T&t 2WAY Auger BIT-3/8,T&t 2WAY Auger BIT-3/8,no
IND-IRON-PLATE,PCS,M5 X 1.1/2 Gate Lock Holder,M5 X 1.1/2 Gate Lock Holder,no
LAM-INC-RF300WH,BOX,300W Sport Light,300W Sport Light,no
"NAI-CON-WHI-3/4""",BOX,3/4 Hardened Steel Concrete Nail,3/4 Hardened Steel Concrete Nail,no
PAI-BRU-633-075MM,PCS,Paint Brush 633 X 75MM (PCS),Paint Brush 633 X 75MM (PCS),no
PLA-BAG-6X9X500G,ROLL,6 X 9 X 500G Hd/roll,6 X 9 X 500G Hd/roll,no
RAI-BOO-TCS5-41#7,PAIR,Tc S5 Yellow Safety Rain Boots 7,Tc S5 Yellow Safety Rain Boots 7,no
RAI-BOO-TCS5-45#11,PAIR,Tc S5 Yellow Safety Rain Boots 11,Tc S5 Yellow Safety Rain Boots 11,no
RIG-NIP-25MM,PCS,K. C. Nipple 25 MM,K. C. Nipple 25 MM,no
RIG-SHA-GAL-12MM,PCS,Galvanised D-shackle 12 MM,Galvanised D-shackle 12 MM,no
SAF-SHO-SAV-40/6#,PAIR,Savvi Safety Shoe 40/6,Savvi Safety Shoe 40/6,no
SAF-SHO-SAV-42/8#,PAIR,Savvi Safety Shoe 42/8,Savvi Safety Shoe 42/8,no
SAF-SHO-SAV-43/9#,PAIR,Savvi Safety Shoe 43/9,Savvi Safety Shoe 43/9,no
SAF-SHO-SAV-44/10#,PAIR,Savvi Safety Shoe 44/10,Savvi Safety Shoe 44/10,no
SCP-TOI-CONCR-CLE-500ML,BTL,500ML Scp Concrete Cleaner,500ML Scp Concrete Cleaner,no
SHH-FROG-FG108737-37MM,PCS,Hytac Frog 37MM 8.4G (mix Colour),Hytac Frog 37MM 8.4G (mix Colour),no
SHH-SPOON-2106,PCS,2106 (10G) 42MM Seahawk Iwana Spoon (silver Colour),2106 (10G) 42MM Seahawk Iwana Spoon (silver Colour),no
SHH-SPOON-2159,PCS,2159 (10G)48MM Seahawk Iwana Spoon (mix Color),2159 (10G)48MM Seahawk Iwana Spoon (mix Color),no
"SIN-FLE-PVC-OUT-1.1/2""",PCS,Corsa Flexible Hose 1/2 (350-800MM),Corsa Flexible Hose 1/2 (350-800MM),no
TAB-PVC-187-15,ROLL,137CM X 25M Thick 107 Table Cloth - 494-10,137CM X 25M Thick 107 Table Cloth - 494-10,no
TIE-CAB-WHI-100MM,PCK,"White PVC Cable Ties 100MM (4"")","White PVC Cable Ties 100MM (4"")",no
TOI-TRAP-AC15S,NOS,S-trap AC15S,S-trap AC15S,no
"TOO-BAR-WRE-STR-24""",PCS,Gd Wrecking BAR (straight) 24,Gd Wrecking BAR (straight) 24,no
"TOO-BAR-WRE-STR-36""",PCS,Gd Wrecking BAR (straight) 36,Gd Wrecking BAR (straight) 36,no
"TOO-LEV-MAG-SENSUI-12""",PCS,12 Sensui (blue) Magnet Spirit Level,12 Sensui (blue) Magnet Spirit Level,no
TOO-PLI-CIR-STA-BI175,PCS,7 Circlip Pliers- Bent Int,7 Circlip Pliers- Bent Int,no
TOO-PLI-COM-STA-150,PCS,6 Dynagrip HD Combination Plier,6 Dynagrip HD Combination Plier,no
TOO-RUL-STE-250,DOZ,Steel Angle Square 10,Steel Angle Square 10,no
TOO-WRE-AHD10,UNIT,10 Arrow Black-finished H/d Adjustable Wrench,10 Arrow Black-finished H/d Adjustable Wrench,no
X-DOR-LOC-CYL-02103,SET,Br 579 AC Cylindrical Door Lock,Br 579 AC Cylindrical Door Lock,no
BNW-BOL-HTM-M16-50MM,PCS,H/t Bolt - M 16 X 50MM,H/t Bolt - M 16 X 50MM,no
BRA-S/STEEL-19MM-MMD19(D),PCS,19MM S/steel Bracket,19MM S/steel Bracket,no
CHI-FOO-4712P,PCS,12 Food Container For Chicken W/partition,12 Food Container For Chicken W/partition,no
CLI-ELE-CAB-07MM,BOX,Cable Clip 7MM 100'S (bd),Cable Clip 7MM 100'S (bd),no
CUT-OIL-GLA,PCS,055 Oil Glass Cutter,055 Oil Glass Cutter,no
CUT-SAW-WAL-BOA,PCS,King Top Wall Board Saw,King Top Wall Board Saw,no
ELE-PEN-5566/3-PL,PCS,Pendant Light 5566-3,Pendant Light 5566-3,no
"FIT-HDPE-ADA-MAL-20MMX3/4""",PCS,HDPE Adaptor Male 20MM X 3/4,HDPE Adaptor Male 20MM X 3/4,no
GAS-LIG-081,PCS,349 Flexible Refillable Gas Lighter,349 Flexible Refillable Gas Lighter,no
GAS-SPR-CR8459N,PCS,Cleaning Chamber,Cleaning Chamber,no
"HHD-PIP-FLU-1 1/2""",PCS,1 1/2 Flush Pipe,1 1/2 Flush Pipe,no
"IND-CAS-PVC-SWI-4""",PCS,Medium Duty Red PVC Swivel Wheel 4,Medium Duty Red PVC Swivel Wheel 4,no
IND-SCP-PUT-AEK10,PCS,Arrow Wide Putting Filling Knife 10,Arrow Wide Putting Filling Knife 10,no
ROP-MANILA-6MM,MTR,Manila Rope -1/4 (6MM),Manila Rope -1/4 (6MM),no
SAF-SHO-SAV-41/7#,PAIR,Savvi Safety Shoe 41/7,Savvi Safety Shoe 41/7,no
"SANDEX-VEL-SAN-4""-180#",PCK,"Sandex 4 Velcro Sanding Disc, 180","Sandex 4 Velcro Sanding Disc, 180",no
SWI-PLK-5G1W-5051,PCS,Plk 5051 10A 5G 1W Switch SIRIM,Plk 5051 10A 5G 1W Switch SIRIM,no
TOO-CLA-F-ATB120X300,PCS,12 X 120MM Arrow F Type Wood Clamp,12 X 120MM Arrow F Type Wood Clamp,no
TOO-HAM-RUB-16OZ,PCS,Rubber Mallet (cn) 16 Oz,Rubber Mallet (cn) 16 Oz,no
TOO-WRE-1011#,PCS,Mii Angle Grinder Wrench 1011,Mii Angle Grinder Wrench 1011,no
TOO-WRE-OIL-FW-7008A,PCS,Fiesto Chain Oil Filter Wrench 9,Fiesto Chain Oil Filter Wrench 9,no
X-FLO-MOC-30QG30,PCS,"12""X12 Floor Tiles 30QG30","12""X12 Floor Tiles 30QG30",no
X-FLO-MOC-30RCP14,PCS,12 X 12 Floor Tiles 30RCP14,12 X 12 Floor Tiles 30RCP14,no
X-FLO-MOC-30RCP24,PCS,12 X 12 Floor Tiles 30RCP24,12 X 12 Floor Tiles 30RCP24,no
X-FLO-MOC-A30FT20,PCS,A30FT20 300X300MM,A30FT20 300X300MM,no
X-FLO-MOC-A30FT40,PCS,A30FT40 300X300MM,A30FT40 300X300MM,no
BNW-BOL-HTM-M16-55MM,PCS,H/t Bolt - M 16 X 55MM,H/t Bolt - M 16 X 55MM,no
"BRA-S/STEEL-L-10""X6""",SET,"S/steel L Bracket - 10""X6","S/steel L Bracket - 10""X6",no
"ELE-D/L-222/6""-BK",PCS,Surface Downlite 222/6 Bk,Surface Downlite 222/6 Bk,no
FAS-BOL-EXP-0650,BOX,Sh Expansion Bolt M6 X 50,Sh Expansion Bolt M6 X 50,no
IND-CEM-KEM-GREY-20KG,BAG,Kemgrip Adhesive Cement Grey 20KG,Kemgrip Adhesive Cement Grey 20KG,no
LOC-TRI-263,DOZ,263 Tricycle Pad Lock,263 Tricycle Pad Lock,no
RAI-BOO-BLA-RUB-036#,PAIR,8834 Black Rubber Shoes W/studs 36,8834 Black Rubber Shoes W/studs 36,no
RIC-COO-PSN-SR-E10A-SU,PCS,1.0L Conventional R/c (sky Blue),1.0L Conventional R/c (sky Blue),no
SAF-BEL-IND-886,PCS,R'key Big Buckle Safety Belt,R'key Big Buckle Safety Belt,no
"SANDEX-POL-WOO-4""",PCS,Sandex 4 Polishing Wool,Sandex 4 Polishing Wool,no
"TOO-BAR-WRE-BEN-24""",PCS,Gd Wrecking BAR (bent) 24,Gd Wrecking BAR (bent) 24,no
"TOO-DRV-STA-TAN-8MM-12""X#3(+) 996065260",PCS,Tank Thru Screwdriver - 8MM X 12 X 3 (+),Tank Thru Screwdriver - 8MM X 12 X 3 (+),no
"TOO-FIL-HAL-ROU-WOO-8""",PCS,8 King Top Half Round Wood Rasp,8 King Top Half Round Wood Rasp,no
TOO-HAM-SLE-4P,PCS,Double Face Sledge Hammer - 4P,Double Face Sledge Hammer - 4P,no
TOO-PLI-RAB-160MM,PCS,Red Kapok Rabbit Plier 8,Red Kapok Rabbit Plier 8,no
ABR-PAP-HOL,PCS,Sand Paper Holder,Sand Paper Holder,no
"BNW-B&N-ORI-3/4"" X2.1/2""",KG,Mild Steel Bolt & Nut 3/4 X 2.1/2,Mild Steel Bolt & Nut 3/4 X 2.1/2,no
BNW-WAS-SPR-16MM,PCK,Bsw Spring Washer 5/8 (8PCS/PCK),Bsw Spring Washer 5/8 (8PCS/PCK),no
CAR-WAX-LV-OIL,PCS,Luxewood Vitality Oil,Luxewood Vitality Oil,no
COC-BAL-MMAN-619,PCS,M'man Bib Tap Lever Handle - 619,M'man Bib Tap Lever Handle - 619,no
CUT-BLA-LB39H,PCS,Tajima Spare Blade - 9MM,Tajima Spare Blade - 9MM,no
DOR-SOC-SGD-100MMSS,PCS,10MM (small) SS St. Guchi Dust Socket,10MM (small) SS St. Guchi Dust Socket,no
DZ-GEN-BCC-14X250X20,PCS,Star Flat Chisel (mm),Star Flat Chisel (mm),no
FAS-BOL-EXP-0875,BOX,Sh Expansion Bolt M8 X 75,Sh Expansion Bolt M8 X 75,no
FIT-PVC-ELB-45DEG40MM,PCS,PVC Fitting Elbow 40MM (4.5') 1.1/2,PVC Fitting Elbow 40MM (4.5') 1.1/2,no
FLO-MOC-NT311,PCS,NT311 30X60CM,NT311 30X60CM,no
FLO-MOC-NT312,PCS,NT312 30X60CM,NT312 30X60CM,no
FLO-MOC-NT313,PCS,NT313 30X60CM,NT313 30X60CM,no
HOS-REL-EAG-2030#,PCS,Eagle Portable Hose Reel (2030 ),Eagle Portable Hose Reel (2030 ),no
IND-CAS-GLI-RIG-38MM,EA,1 1/2 IN Glide Rigid Caster Wheel,1 1/2 IN Glide Rigid Caster Wheel,no
"IND-TRO-SPO-3X9""",PCS,3 X 9 Sponge Trowel,3 X 9 Sponge Trowel,no
LAS-DIS-N60,SET,60M Sensui Laser Distance Digital Measuare (red Line),60M Sensui Laser Distance Digital Measuare (red Line),no
"NAI-CON-GAL-3""-PCK",PCK,3 Galvanised Steel Nail (10PCS/PCK),3 Galvanised Steel Nail (10PCS/PCK),no
NUM-60MM-L,PCS,Acp Alphabet 60MM - L,Acp Alphabet 60MM - L,no
OIL-SIN-80ML,PCS,Singer Oil 80ML,Singer Oil 80ML,no
PEN-ALU,BOX,Slate Pencil,Slate Pencil,no
PVC-STRAPPING,COIL,Strapping,Strapping,no
SAF-BOX-ADS-20,UNIT,"Aero Digital Safety Box 200 X 310 X 200MM, 4.5KG","Aero Digital Safety Box 200 X 310 X 200MM, 4.5KG",no
SHH-FROG-LURE-H21,PCS,H21 Huizhu Fishing Lure Frog 4.5CM (soft),H21 Huizhu Fishing Lure Frog 4.5CM (soft),no
"SHH-LIN-I-FIXH-6""",PKT,I-fixh Wire Leader 6,I-fixh Wire Leader 6,no
SIN-BAS-VIP-NO.51,PCS,No. 51 Vip Washbasin Waste (pop-up) W/o Overflow,No. 51 Vip Washbasin Waste (pop-up) W/o Overflow,no
SOC-SWI-162MCS,PCS,Socket Outlet,Socket Outlet,no
STIHL-0781-516-6001,BOT,Forestplus Chain Lubricant (4T),Forestplus Chain Lubricant (4T),no
TOO-COM-SET-ISS03,SET,Topwins 14PCS Combination Spanner (yellow),Topwins 14PCS Combination Spanner (yellow),no
"TOO-FIL-ORE-3/16""",DOZ,3/16 Oregan Chainsaw File (b) (DOZ),3/16 Oregan Chainsaw File (b) (DOZ),no
TOO-HOO-STEEL-12000,PCS,Arrow 12 Steel BAR Strapping Device,Arrow 12 Steel BAR Strapping Device,no
TOO-MAG-BIT-BLIMAX,PCS,Blimax M2 Power (+)(-),Blimax M2 Power (+)(-),no
TOO-WRE-DOU-1719,PCS,Double Flexible Socket Wrench 17 X 19MM,Double Flexible Socket Wrench 17 X 19MM,no
VAL-BAL-MMAN-7733#X1/2,PCS,M'man Ball Valve X 1/2,M'man Ball Valve X 1/2,no
BNW-BOL-HTM-M16-70MM,PCS,H/t Bolt - M 16 X 70MM,H/t Bolt - M 16 X 70MM,no
BRU-WIP-100933-SET+GS2212,SET,2 IN 1 Rubber Squeeze With Broom - Set,2 IN 1 Rubber Squeeze With Broom - Set,no
CAR-WAX-UV-PROTEC,BTL,Aa Car Care UV Protectant 350ML,Aa Car Care UV Protectant 350ML,no
CLI-ELE-CAB-08MM100S,BOX,Cable Clip 08MM 100'S,Cable Clip 08MM 100'S,no
CUT-SAW-MINI-AMS10,PCS,10 Arrow Mini Saw,10 Arrow Mini Saw,no
ELE-CLI-PIP-PVC-38MM,PCS,1.1/2 PVC Hose Clips,1.1/2 PVC Hose Clips,no
FAS-SCR-COA-M6060,PCS,Sr Coach Screw M6 X 60MM,Sr Coach Screw M6 X 60MM,no
FAS-SCR-ZPH-DSMHO625,PCK,Sr Zph Self Drilling Screw DSM-HO625(20PCS/PCK),Sr Zph Self Drilling Screw DSM-HO625(20PCS/PCK),no
FIT-HDPE-CAP-25MM,PCS,HDPE End Cap 25MM,HDPE End Cap 25MM,no
HOS-INL-SCR-3.5M,PCS,Washing Machine Inlet Hose W/adaptor (SCREW)-3.5M,Washing Machine Inlet Hose W/adaptor (SCREW)-3.5M,no
IND-WHE-TYR-BEA,PCS,Wheel Barrow,Wheel Barrow,no
RIG-CLI-GAL-10MM,PCS,Galvanised Wire Rope Clip 10MM,Galvanised Wire Rope Clip 10MM,no
ROO-SHE-POL-1MMX8',PCS,Polycarbonate 1MM X8,Polycarbonate 1MM X8,no
SAF-FULL-BOD-SUP,SET,Supersonic Full Body Harness,Supersonic Full Body Harness,no
SIN-WAS-00219S,PCS,1 1/2 Waste SS Bolt & Copper Nut,1 1/2 Waste SS Bolt & Copper Nut,no
SKI-JNT-COM-SUR-25KG,TIN,25KG Joint Compound - Scp,25KG Joint Compound - Scp,no
STR-NYL-TWI-21S,ROLL,21 Nylon Twin,21 Nylon Twin,no
SWI-PLU-UMS-150 15A,PCS,Ums 15A Air Cond P/top SIRIM,Ums 15A Air Cond P/top SIRIM,no
WIN-CAP-4004,PCK,Sr End Cap 4004 X 10PCS,Sr End Cap 4004 X 10PCS,no
WOR-MARK-X-CHA,PCS,Worker/mark-x Charger Only (cordless Drill),Worker/mark-x Charger Only (cordless Drill),no
"AER-FA6-2""-FITTING",PCS,Aerico FA6-2 Fitting,Aerico FA6-2 Fitting,no
ARG-GAS-CYL,PCS,Seamless Steel Cyl Valve Argon Gas,Seamless Steel Cyl Valve Argon Gas,no
BAT-ENE-LIT-2025,PCS,Energizer Lithium 2025,Energizer Lithium 2025,no
BAT-ENE-MAX-9V1PCS,PCS,En Max 9V 1 Pc,En Max 9V 1 Pc,no
BLI-HSS-HOL-SAW-30MM,PCS,Navato Hole Saw Cutter 30MM,Navato Hole Saw Cutter 30MM,no
BNW-BOL-HTM-M16-75MM,PCS,H/t Bolt - M 16 X 75MM,H/t Bolt - M 16 X 75MM,no
CLO-SHRT-1094L-16,PCS,Golden Horse Working Shirt 1094L - 16,Golden Horse Working Shirt 1094L - 16,no
CUT-SAW-MMAN-606#-18,PCS,M'man Alloy Hand Saw 606 - 18,M'man Alloy Hand Saw 606 - 18,no
DRI-BIT-116D,PCS,25MM Hitmax Diamond Core Bit,25MM Hitmax Diamond Core Bit,no
DRI-CER-BLI-10MM(+),PCS,Blimax Multi Ceramic Cross Drill Bit - 10MM (+),Blimax Multi Ceramic Cross Drill Bit - 10MM (+),no
ELE-CON-MAG-SC-N25,BOX,Contactor SC-N2S,Contactor SC-N2S,no
FIT-PVC-ELB-PT40MM,PCS,PVC Fitting P/t Elbow 40MM 1-1/2,PVC Fitting P/t Elbow 40MM 1-1/2,no
"FIT-SS355-TEE-1/2""",PCS,304 Mxfxm Tee 1/2,304 Mxfxm Tee 1/2,no
"FIT-SS366-TEE-1/2""",PCS,304 Fxfxm Tee 1/2 SS366,304 Fxfxm Tee 1/2 SS366,no
FIT-UPVC-SOC-82X50MM,PCS,U-pvc Socket Reducing 3 X 2,U-pvc Socket Reducing 3 X 2,no
NAI-FEL-SUP-32MM-500G,PKT,E. G Felt Nail 32MM - 500G,E. G Felt Nail 32MM - 500G,no
PELEKAT-LALAT-CYZ7676,PCK,Sell Pelekat Lalat,Sell Pelekat Lalat,no
PVC-STRAPPING-LEMON YELLOW,KGS,PVC Strapping Lemon Yellow,PVC Strapping Lemon Yellow,no
"SHH-ROU-LAN-NET-17""",PCS,Round Landing Net 17 PE Net,Round Landing Net 17 PE Net,no
SMR-TCT-HOL-SAW-19MM,PCS,Smr Tct Holesaw 19MM,Smr Tct Holesaw 19MM,no
STR-NYL-TWI-12S,ROLL,12 Nylon Twin,12 Nylon Twin,no
STR-NYL-TWI-15S,ROLL,15 Nylon Twin,15 Nylon Twin,no
SWI-S/SKT-LWD-0023,PCS,Lwd 0023 F3 13A Double S/skt SIRIM,Lwd 0023 F3 13A Double S/skt SIRIM,no
TOO-CHI-WOO-ARA-STC002-B,PCS,5/8 Aracut Impact Hdl Wood Chisel,5/8 Aracut Impact Hdl Wood Chisel,no
TOO-DRV-SET-APS-353,SET,Arrow Precision Screwdriver Set,Arrow Precision Screwdriver Set,no
TOO-TES-PEN-BT9001,PCS,Bt Multi Function Digital Tester-blue Light,Bt Multi Function Digital Tester-blue Light,no
VAL-BAL-VIP-MM12MM,PCS,323MM - 1/2 Vip Chrome Mini Valves,323MM - 1/2 Vip Chrome Mini Valves,no
"WAL-PLU-NYLON-8#X3""",PCK,"B133 Nylon Wall Plug-m'sia 8 X3""(10PCS/PCK)","B133 Nylon Wall Plug-m'sia 8 X3""(10PCS/PCK)",no
X-FLO-MOC-BR3030BW,PCS,300MM X 300MM BR3030BW,300MM X 300MM BR3030BW,no
X-FLO-MOC-BR3030NSG,PCS,BR3030NSG 30CMX30CM,BR3030NSG 30CMX30CM,no
ADH-TAP-NISSHO-HCH-SG0102,PCS,18MM X 1.5M 3M 1600 Foam Double Side Tape (white),18MM X 1.5M 3M 1600 Foam Double Side Tape (white),no
AER-FIL-TUB-065MM,MTR,Aerico Filter Tube 3 6.5MM,Aerico Filter Tube 3 6.5MM,no
AIR-CHU-LTMS-250MM,PCS,Ltms 602 Air Chuck 10 - Twn,Ltms 602 Air Chuck 10 - Twn,no
BAT-ENE-MAX-9V2PCS,PCK,Energizer Max 9V 2 Pc,Energizer Max 9V 2 Pc,no
BNW-BOL-HTM-M06-40MM,PCS,H/t Bolt - M 06 X 40MM,H/t Bolt - M 06 X 40MM,no
BNW-BOL-HTM-M08-60MM,PCS,H/t Bolt - M 08 X 60MM,H/t Bolt - M 08 X 60MM,no
BNW-BOL-HTM-M16-80MM,PCS,H/t Bolt - M 16 X 80MM,H/t Bolt - M 16 X 80MM,no
CAR-WIN-WIP-350ML,PCS,Aa Car Care Windshield Cleaner 350ML,Aa Car Care Windshield Cleaner 350ML,no
"CUT-KNI-STA-DYN-5.5/8""-10779-8",PCS,5-5/8 X 144MM Dynagrip Retractable Utility Knife,5-5/8 X 144MM Dynagrip Retractable Utility Knife,no
CUT-SAW-SET,PCS,Saw Adjuster With Wood Handle,Saw Adjuster With Wood Handle,no
ELE-RENO-63A-2P-MCB,EA,Reno 63A 2P Mcb,Reno 63A 2P Mcb,no
FIT-HDPE-ORI-25MM,PCS,HDPE O-ring 25MM,HDPE O-ring 25MM,no
HOS-CON-ADA-ECOG4026,PCS,"Ecogreen- Tap Adaptor / 1/2""-3/4","Ecogreen- Tap Adaptor / 1/2""-3/4",no
I-30CC-PELIKAN,BOT,Pelikan Stamp Pad Ink-blue,Pelikan Stamp Pad Ink-blue,no
IND-CAS-SWI8,PCS,Swivel Caster 8,Swivel Caster 8,no
IND-DUS-GLO-120L-TYRE,PCS,120 Liter Dustbin - Tyre,120 Liter Dustbin - Tyre,no
JAC-BOT-CNN-R15TON,PCS,China Bottle Jack - 15 Ton,China Bottle Jack - 15 Ton,no
NAI-COM-25MM-20KG,PCK,1 Wire Nail (PCK),1 Wire Nail (PCK),no
NUM-60MM-J,PCS,Acp Alphabet 60MM - J,Acp Alphabet 60MM - J,no
PAI-ROL-REF-L420*,PCS,Leon 4 Paint Roller,Leon 4 Paint Roller,no
PYE-KREK-SEAL-500ML,TIN,PYE Krek-seal 500ML,PYE Krek-seal 500ML,no
RIG-SHA-GAL-16MM,PCS,Galvanised D-shackle 16 MM,Galvanised D-shackle 16 MM,no
SAF-SHO-SANO-42#,PAIR,Sano Safety Shoe 42/8,Sano Safety Shoe 42/8,no
SHH-PLA-NET-NEEDLE-NO.1-GRE,PCS,Plastic Net Needle No. 1 (green),Plastic Net Needle No. 1 (green),no
TOO-COM-GD29,PCS,Gd Combination Wrench 29MM,Gd Combination Wrench 29MM,no
TOO-DRV-KT107-Z125,PCS,"125MM (5""-6)107 King Top (-) Screw Driver","125MM (5""-6)107 King Top (-) Screw Driver",no
TOO-FIL-15095(4),PCS,Br 2027 4 Slim Taper File,Br 2027 4 Slim Taper File,no
TOO-FIL-SENSUI-SNF001-D,PCS,12 Sensui Metal Flat File,12 Sensui Metal Flat File,no
TOO-WRE-ADJ-STA-300,PCS,12 Adjustable Wrench,12 Adjustable Wrench,no
BLI-HSS-HOL-SAW-42MM,PCS,Navato Hole Saw Cutter 42MM,Navato Hole Saw Cutter 42MM,no
BNW-BOL-HTM-M08-40MM,PCS,H/t Bolt - M 08 X 40MM,H/t Bolt - M 08 X 40MM,no
BNW-BOL-HTM-M12-65MM,PCS,H/t Bolt - M 12 X 65MM,H/t Bolt - M 12 X 65MM,no
CUT-DIS-YES-080#,PCS,Yes Line Green Grinding Disc 4 X 80,Yes Line Green Grinding Disc 4 X 80,no
"CUT-SAW-M'MAN-606#-20""",PCS,M'man Alloy Hand Saw 606 - 20,M'man Alloy Hand Saw 606 - 20,no
FLO-MOC-ECO36019GBLK,PCS,Honeycomb Black,Honeycomb Black,no
FLO-MOC-ECO36019GMDC,PCS,Honeycomb Decor,Honeycomb Decor,no
HAN-CLO-JM-1039,SET,6 Hook S/steel Strong Hook,6 Hook S/steel Strong Hook,no
IND-WIR-MES-PVC121218,ROLL,PVC Coated Wire Mesh 1/2 X 1/2 X 3,PVC Coated Wire Mesh 1/2 X 1/2 X 3,no
PAI-TIG-250ML-ALUM,TIN,250ML Tiger G. P 203 Aluminium (TIN),250ML Tiger G. P 203 Aluminium (TIN),no
PEN-WAL-4.5KG,PAIL,Pentens Dr. Wall 4.5KG,Pentens Dr. Wall 4.5KG,no
RAI-BOO-BLA-RUB-40,PAIR,8835 Black Rubber Shoes 40,8835 Black Rubber Shoes 40,no
RAI-COA-PON-YY1030H-GRE,PCS,0.30MM 700G Poncho Raincoat,0.30MM 700G Poncho Raincoat,no
RAI-COA-SUP-M,PCS,Supersonic PVC Rain Coat: M,Supersonic PVC Rain Coat: M,no
SAF-SHO-PAS-41#,PAIR,Passen Safety Shoe 41/7,Passen Safety Shoe 41/7,no
SAF-SHO-PAS-44#,PAIR,Passen Safety Shoe 44/10,Passen Safety Shoe 44/10,no
"SANDEX-VEL-SAN-4""-080#",PCK,"Sandex 4 Velcro Sanding Disc, 80","Sandex 4 Velcro Sanding Disc, 80",no
SHH-RING-2WAY-40LB,PKT,2 Way Wire Rig (i-fixh) 50LB (7CM) (631802),2 Way Wire Rig (i-fixh) 50LB (7CM) (631802),no
"SHH-ROU-LAN-NET-16X1/2""",PCS,Round Landing Net 16 X 1/2,Round Landing Net 16 X 1/2,no
SWI-OMS-MIR-SHORT,PCS,Series Microswitch Limit Switch Short,Series Microswitch Limit Switch Short,no
SWI-POL-HEA-SWI-250V,PCS,Pol 20A Heater Switch 250V Neon,Pol 20A Heater Switch 250V Neon,no
TOO-CHI-STA-16MM,PCS,"5/8""/16MM Dynagrip Wood Chisel","5/8""/16MM Dynagrip Wood Chisel",no
TOO-DRV-KT107,PCS,"200MM (8""-6) 107 King Top (-) Screw Driver","200MM (8""-6) 107 King Top (-) Screw Driver",no
TOO-DRV-KT125+,PCS,5 King Top (+) Screw Driver,5 King Top (+) Screw Driver,no
TOO-DRV-SET6PCS,SET,6PCS Precision Screw Driver,6PCS Precision Screw Driver,no
WEL-REG-IW-23AR,PCS,I-weld Argon Regulator,I-weld Argon Regulator,no
BNW-B&N-ORI-09100,KGS,Mild Steel Bolt & Nut 3/8 X 4,Mild Steel Bolt & Nut 3/8 X 4,no
BNW-BOL-SS304-M6-35MM,PCS,SS 304 Bolt - M6 X 35MM,SS 304 Bolt - M6 X 35MM,no
BRU-CON-CRM611,PCS,Contour Washing Brush 611,Contour Washing Brush 611,no
"ELE-D/L-629/6""-ROU",PCS,Down Lite 629/6 Round - Wh+ww,Down Lite 629/6 Round - Wh+ww,no
FAS-BOL-EXP-0865,BOX,Sh Expansion Bolt M8 X 65,Sh Expansion Bolt M8 X 65,no
FIT-GAL-NIP-38MM,PCS,Galvanised Nipple (280) 38MM,Galvanised Nipple (280) 38MM,no
FIT-GAL-TEE-25MM,PCS,Galvanised Tee (130) 25MM,Galvanised Tee (130) 25MM,no
FIT-HDPE-ORI-20MM,PCS,HDPE O-ring 20MM,HDPE O-ring 20MM,no
FLO-MOC-WGC902D,PCS,Noto White WGC902D 300X600MM,Noto White WGC902D 300X600MM,no
GAR-SPR-CR8441CPT,PCS,Auto Release Body Complete,Auto Release Body Complete,no
GUN-TAC-ASG168,PCS,Arrow Heavy Duty Staple Gun,Arrow Heavy Duty Staple Gun,no
HOS-SPA-WAS-RUB-C666-N,CARD,C666 Rubber Washer,C666 Rubber Washer,no
"OIL-FUN-06""",PCS,Oil Funnel 6,Oil Funnel 6,no
RAI-SUI-SUP-L,PCS,Supersonic PVC Rain Suit Trouser : L,Supersonic PVC Rain Suit Trouser : L,no
RIG-CLI-GAL-20MM,PCS,Galvanised Wire Rope Clip 20MM,Galvanised Wire Rope Clip 20MM,no
SHH-FLOAT-FF150,PKT,"(1.1/2"") Plastic Float (2PCS/PCK)","(1.1/2"") Plastic Float (2PCS/PCK)",no
SHH-FROG-FLB-MIX,PCS,Fishing Lures Big (mix Colour),Fishing Lures Big (mix Colour),no
SHH-PE-TWINE-380151GG,PCS,380/15 Gg P. E. Twine,380/15 Gg P. E. Twine,no
SHH-RING-1WAY-50LB,PKT,1 Way Wire Rig (i-fixh) 50LB (7CM),1 Way Wire Rig (i-fixh) 50LB (7CM),no
SWI-S/SKT-LWD-0051,PCS,Lwd 0051 F3 5G 1W Switch SIRIM,Lwd 0051 F3 5G 1W Switch SIRIM,no
TAP-PIL-ROONEY-988-01,PCS,988-01 Rooney-y Stainless Steel Pillar Swan Tap,988-01 Rooney-y Stainless Steel Pillar Swan Tap,no
"TOO-FIL-SJG150-6""",PCS,6 King Top Triangle File Set,6 King Top Triangle File Set,no
"TOO-FIL-SJG200-8""",PCS,8 King Top Triangle File Set,8 King Top Triangle File Set,no
TOO-HAM-CLA-AH23,PCS,23MM Arrow Claw Hammer W/hickory Wooden Hammer,23MM Arrow Claw Hammer W/hickory Wooden Hammer,no
TOO-VIC-TAB-60MM,PCS,2 1/2 Table Vice,2 1/2 Table Vice,no
TOO-WRE-ADJ-GD150,PCS,Gd Adjustable Wrench 6,Gd Adjustable Wrench 6,no
AER-MIN-POT-WAT-TAP,PCS,Aerico Mineral Pot Water Tap,Aerico Mineral Pot Water Tap,no
BNW-BOL-HTM-M14-100MM,PCS,H/t Bolt - M 14 X 100MM,H/t Bolt - M 14 X 100MM,no
BNW-BOL-SS304-M8-30MM,PCS,SS 304 Bolt - M8 X 30MM,SS 304 Bolt - M8 X 30MM,no
BNW-NUT-ORI-09MM,KGS,MS Hex Nut 3/8,MS Hex Nut 3/8,no
BNW-WAS-SPR-14MM,PCK,Bsw Spring Washer 9/16 (8PCS/PCK),Bsw Spring Washer 9/16 (8PCS/PCK),no
BNW-WAS-SPR-9MM,PCK,Bsw Spring Washer 3/8 (8PCS/PCK),Bsw Spring Washer 3/8 (8PCS/PCK),no
COC-STO-RA-G501B,PCS,Stopvavle Ra Truflo,Stopvavle Ra Truflo,no
ELE-CAB-ROLLER-13A X 3,PCS,Cea A- 13A X 3 Metal Cable Roller,Cea A- 13A X 3 Metal Cable Roller,no
GRA-CUT-LIN-YEL-4226#,PCS,Active Red Trimmer Line - Red 4226,Active Red Trimmer Line - Red 4226,no
HAR-THR-LOK-6271-10ML,PCS,Thread Lok:hardex 6271 10ML,Thread Lok:hardex 6271 10ML,no
IND-IRON-PLATE-M8,PCS,M8 X 2 Gate Lock Holder,M8 X 2 Gate Lock Holder,no
MIDDY-CORNER IN-G100CI-W,PCS,Middy:corner IN (white),Middy:corner IN (white),no
NAI-COM-100MM-20KG,BOX,4 Wire Nail (BOX),4 Wire Nail (BOX),no
"PAI-ROL-REF-YEL/WHI-4""",PCK,Rollerman Yellow/white Roller Refill 4,Rollerman Yellow/white Roller Refill 4,no
SHH-HOOK-9255SS-6,PKT,Eupro Octopus S/s Hook No. 6 (11'S),Eupro Octopus S/s Hook No. 6 (11'S),no
SHH-ROD-ET602,PCS,Exori Trevally Solid Rod 180 (602) 6'0,Exori Trevally Solid Rod 180 (602) 6'0,no
"SHH-ROU-LAN-NET-15""",PCS,Round Landing Net 15 PE Net,Round Landing Net 15 PE Net,no
SWI-SOC-UMS2913A,PCS,Ums 13A Pc S/socket Outlet 2913A,Ums 13A Pc S/socket Outlet 2913A,no
WEL-SHI-BLA-HEAD,PCS,Welding Shield Head Type,Welding Shield Head Type,no
ADH-ELE-3G,PCS,X'traseal Super Glue (economy PACK)3GX12 (PCS),X'traseal Super Glue (economy PACK)3GX12 (PCS),no
AER-COL-WAT-TAP,PCS,Aerico Cold Water Tap,Aerico Cold Water Tap,no
BIB-TAP-LUX-LT8523,PCS,Luxtec Wall Bibtap LT-8523,Luxtec Wall Bibtap LT-8523,no
BNW-BOL-HTM-M12-45MM,PCS,H/t Bolt - M 12 X 45MM,H/t Bolt - M 12 X 45MM,no
BNW-BOL-HTM-M16-40MM,PCS,H/t Bolt - M 16 X 40MM,H/t Bolt - M 16 X 40MM,no
BNW-BOL-SS304-M6-25MM,PCS,SS 304 Bolt - M6 X 25MM,SS 304 Bolt - M6 X 25MM,no
"BRA-S/STEEL-L-12""X7""",SET,"S/steel L Bracket - 12""X7","S/steel L Bracket - 12""X7",no
COC-BIB-LUX-LT8513,PCS,Luxtec Wall Bibtap LT-8513,Luxtec Wall Bibtap LT-8513,no
CUT-HSF-HAC-SHU,PCS,Uldar Hacksaw Frame,Uldar Hacksaw Frame,no
FIT-PVC-ELB-PT20MM,PCS,PVC Fitting P/t Elbow 20MM 3/4,PVC Fitting P/t Elbow 20MM 3/4,no
"GRA-CUT-BLA-16""",PCS,16 Tanaka Square Brush Culter,16 Tanaka Square Brush Culter,no
IND-SCP-PUT-AEK12,PCS,Arrow Wide Putting Filling Knife 12,Arrow Wide Putting Filling Knife 12,no
JAC-BOT-CNN-R02TON,PCS,China Bottle Jack - 2.0 Ton,China Bottle Jack - 2.0 Ton,no
LOC-GLA-SLI-TAR-9013-01,PCS,Target 9013-01 Sliding Glass Lock,Target 9013-01 Sliding Glass Lock,no
"NAI-CON-GAL-2""-PCK",PCK,2 Galvanised Steel Nail (20PCS/PCK),2 Galvanised Steel Nail (20PCS/PCK),no
O-RING-12-15-RED,PCS,O-ring 12-15 (red),O-ring 12-15 (red),no
"PIP-UPVC-6""",MTR,"6""(160MM) Ut X 6M Upvc Pipe","6""(160MM) Ut X 6M Upvc Pipe",no
RAI-BOO-BLA-RUB-040#,PAIR,8834 Black Rubber Shoes W/studs 40,8834 Black Rubber Shoes W/studs 40,no
RIG-SHA-GAL-10MM,PCS,Galvanised D-shackle 10 MM,Galvanised D-shackle 10 MM,no
SHH-NYL-NET-12,PCS,Automatic Nylon Fishing Mesh Net 12 Hole,Automatic Nylon Fishing Mesh Net 12 Hole,no
SWI-SOC-NNE-803/1-1W3G,PCS,NNE 803/1 3G 1W Switch SIRIM,NNE 803/1 3G 1W Switch SIRIM,no
TOO-PLI-DIA-STA-150,PCS,6 Diagonal Cutting Plier,6 Diagonal Cutting Plier,no
X-TOO-PLI-WT001,PCS,8 Wa-ti Cr-v Hand Tools Plier,8 Wa-ti Cr-v Hand Tools Plier,no
BNW-B&N-ORI-12225,KGS,Mild Steel Bolt & Nut 1/2 X 9,Mild Steel Bolt & Nut 1/2 X 9,no
BRA-SHE-1012,PAIR,10 X 12 Shelf Bracket,10 X 12 Shelf Bracket,no
CLI-ELE-CAB-06MM100S,BOX,Cable Clip 6MM 100'S (bd),Cable Clip 6MM 100'S (bd),no
COC-BIB-DOU-5599,PCS,Double T-shaped Tap - 5599,Double T-shaped Tap - 5599,no
FIT-PVC-ELB-PT25MM,PCS,PVC Fitting P/t Elbow 25MM 1,PVC Fitting P/t Elbow 25MM 1,no
"FIT-YG231-ELB-MXF-1/2""-BRA",PCS,Brass Mxf Elbow 1/2,Brass Mxf Elbow 1/2,no
GAR-TOO-STEEL-3PCS-60183,SET,3PCS Set Steel Garden Tools,3PCS Set Steel Garden Tools,no
MDD-CON-MALE-BLUE-1,PCK,Male Disconnects - Blue (2.5MM) (10PCS/PCK),Male Disconnects - Blue (2.5MM) (10PCS/PCK),no
PEN-108-4L,PAIL,Pentens Latex 108 - 4L,Pentens Latex 108 - 4L,no
"SANDEX-VEL-SAN-4""-150#",PCK,"Sandex 4 Velcro Sanding Disc, 150","Sandex 4 Velcro Sanding Disc, 150",no
SHH-ROD-ET562,PCS,Exori Trevally Solid Rod 165 (562) 5'6,Exori Trevally Solid Rod 165 (562) 5'6,no
BNW-B&N-ORI-09125,KGS,Mild Steel Bolt & Nut 3/8 X 5,Mild Steel Bolt & Nut 3/8 X 5,no
BNW-B&N-ORI-09175,KGS,Mild Steel Bolt & Nut 3/8 X 7,Mild Steel Bolt & Nut 3/8 X 7,no
BNW-WAS-SPR-12MM,PCK,Bsw Spring Washer 1/2 (8PCS/PCK),Bsw Spring Washer 1/2 (8PCS/PCK),no
"BRA-SHE-12""X14""",PAIR,12 X 14 Shelf Bracket,12 X 14 Shelf Bracket,no
CHI-WAT-1GAL-6301,SET,1 Gal Water Container For Chick,1 Gal Water Container For Chick,no
"CUT-KNIFE-20""",PCS,Knife 20,Knife 20,no
DOR-LOC-DRA-9001-22,PCS,Target 9001-22 Drawer Lock,Target 9001-22 Drawer Lock,no
DOR-STO-S/S-2212,PCS,2212 S/s Door Stopper,2212 S/s Door Stopper,no
ELE-PVC-NUT-B3X3*,PCS,Umc 3 X 3 PVC Nut Box,Umc 3 X 3 PVC Nut Box,no
FAS-SCR-COA-M8040,PCS,Sr Coach Screw M8 X 40MM,Sr Coach Screw M8 X 40MM,no
FIT-GAL-NIP-18MM,PCS,Galvanised Nipple (280) 18MM,Galvanised Nipple (280) 18MM,no
"FIT-UPVC-SOC-3""",PCS,U-pvc Socket 82MM 3,U-pvc Socket 82MM 3,no
GAR-SPR-M'MAN-410#,PCS,M'man Water Spray Gun - 410,M'man Water Spray Gun - 410,no
HAN-CLO-JM-1040,SET,8 Hook S/steel Strong Hook,8 Hook S/steel Strong Hook,no
HOS-COU-BR-10MM,PCS,Br Hose Coupling (thick) 10MM,Br Hose Coupling (thick) 10MM,no
IND-CAS-SWI5,PCS,Swivel Caster 5,Swivel Caster 5,no
LIK-LEA-1L,TIN,Ufixx No Leak - 1L,Ufixx No Leak - 1L,no
"NAI-CON-GAL-1""-PCK",PCK,1 Galvanised Steel Nail (20PCS/PCK),1 Galvanised Steel Nail (20PCS/PCK),no
SHH-PE-TWINE-38091GG,PCS,380/9 Gg P. E. Twine,380/9 Gg P. E. Twine,no
TIE-CAB-SS-150MM,PCK,SS Cable Ties (10PCS/PCK) SUS304 M4.6X150MM,SS Cable Ties (10PCS/PCK) SUS304 M4.6X150MM,no
TOO-CLA-SPR-ASC150MM,PCS,Arrow Nylon Spring Clamp 6 (150MM),Arrow Nylon Spring Clamp 6 (150MM),no
TOO-FIL-SLIM-STA-125MM,DOZ,5 Slim Tapered File-carded (DOZ),5 Slim Tapered File-carded (DOZ),no
TOO-SOC-CON-BFC24,PCS,"1/2""X75MMX6MM Socket Connector","1/2""X75MMX6MM Socket Connector",no
TOO-VIC-TAB-50MM,PCS,2 Table Vice,2 Table Vice,no
TOW-ROP-STE-104M,PCS,10 X 4MM Steel Towing Rope,10 X 4MM Steel Towing Rope,no
"AER-STA-CER-10""",PCS,Aerico 10 Standard Ceramic,Aerico 10 Standard Ceramic,no
BAT-ENE-MAX-D2PC,PCK,En Max D 2 Pc,En Max D 2 Pc,no
CHI-15105-75,PCS,Sds Max Shank Spade Chisel 18X280X75MM,Sds Max Shank Spade Chisel 18X280X75MM,no
COC-STO-PVC-18MM,EA,3/4 IN PVC Stop Cock,3/4 IN PVC Stop Cock,no
FIT-GAL-NIP-REC-12MMX18MM,PCS,%galvanised Reducing Nipple (281),%galvanised Reducing Nipple (281),no
FIT-UPVC-SLE-110MM,PCS,U-pvc Sleeve 110MM 4,U-pvc Sleeve 110MM 4,no
FLO-MOC-LS414YLW,PCS,Lisa Yellow (LS414YLW),Lisa Yellow (LS414YLW),no
GUN-GRE-NIP-STR-M10X1.0,PCS,S. K Straight Grease Nipple M10 X 1.0,S. K Straight Grease Nipple M10 X 1.0,no
IND-CAS-SWI6,PCS,Swivel Caster 6,Swivel Caster 6,no
"IND-CAS-WHE-8X3/4""",PCS,Solid Rubber Wheel 8 X 3/4,Solid Rubber Wheel 8 X 3/4,no
IND-SCP-PVC-4PCS,SET,Wp PVC Scraper 4PCS,Wp PVC Scraper 4PCS,no
NAI-AIR-LEO-T32,BOX,Leo Air Nail - T32,Leo Air Nail - T32,no
SAF-CON-FLEX-ORANGE,PCS,16 Flexi Traffic Safety Cone,16 Flexi Traffic Safety Cone,no
"SANDEX-VEL-SAN-4""-120#",PCK,"Sandex 4 Velcro Sanding Disc, 120","Sandex 4 Velcro Sanding Disc, 120",no
SHH-SINKER-ROUND-NO.6,PCK,Round Shape Sinker 6 (1PC/PCK),Round Shape Sinker 6 (1PC/PCK),no
SIN-WAS-00219R,PCS,1 1/4 Waste SS Bolt & Copper Nut,1 1/4 Waste SS Bolt & Copper Nut,no
SWI-BAT-JK861,PCS,JK861 Switch,JK861 Switch,no
SWI-PLU-NNE158-15A,PCS,NNE 158 15A Air Cond P/top SIRIM,NNE 158 15A Air Cond P/top SIRIM,no
"TOO-WRE-PLU-13/16""",PCS,13/16 T Plug Wrench,13/16 T Plug Wrench,no
AIR-GAU-LTMS,SET,Inflator And Gauge Kit,Inflator And Gauge Kit,no
BNW-BOL-SS304-M8-40MM,PCS,SS 304 Bolt - M8 X 40MM,SS 304 Bolt - M8 X 40MM,no
CHA-ANI-6FT-45,DOZ,Animal Chain 45 X 6,Animal Chain 45 X 6,no
CUT-PIP-TUB-STA-DISC-9984930191,PCS,"Replacement Cutting Wheels For 93-020, 93-021","Replacement Cutting Wheels For 93-020, 93-021",no
DOR-DEA-BOL-SGD-793AC,PCS,AC St. Guchi Deadbolt Latch Brass Bolt,AC St. Guchi Deadbolt Latch Brass Bolt,no
DOR-LOC-DRA-FF004A,PCS,Three Way Drawer Lock,Three Way Drawer Lock,no
FIT-HDPE-CAP-20MM,PCS,HDPE End Cap 20MM,HDPE End Cap 20MM,no
FIT-PVC-CON-25MM,PCS,PVC Fitting Tank Connector 25MM 1,PVC Fitting Tank Connector 25MM 1,no
FIT-PVC-ELB-20MM,PCS,PVC Fitting Elbow 20MM 3/4,PVC Fitting Elbow 20MM 3/4,no
FIT-PVC-TEE-PT15MM,PCS,PVC Fitting P/t Tee 15MM 1/2,PVC Fitting P/t Tee 15MM 1/2,no
FIT-UPVC-CAP-110MM,PCS,U-pvc End Cap 110MM 4,U-pvc End Cap 110MM 4,no
"FIT-YG232-ELB-1/4""-BRA",PCS,Brass Equal Elbow 1/4,Brass Equal Elbow 1/4,no
GAR-SPR-CR8413,PCS,Pump Handle-cr 8413,Pump Handle-cr 8413,no
MAR-PEN-BLACK,PCS,Sharpie Fine Point P/marker (ls)- Black (PCS),Sharpie Fine Point P/marker (ls)- Black (PCS),no
PEN-WOO-MIX,PCS,Carpenter Pencil - Mix,Carpenter Pencil - Mix,no
"PIP-UPVC-4""",MTR,4 (110MM) Ut X 6M Upvc Pipe (MTR),4 (110MM) Ut X 6M Upvc Pipe (MTR),no
PUT-CAR-888-3.5KG,PCS,Putty Hardener,Putty Hardener,no
SHH-PLA-NET-NEEDLE-NO.5-GRE,PCS,Plastic Net Neddle No. 5 (green),Plastic Net Neddle No. 5 (green),no
SHH-ROD-777S150,PCS,"777 Sin Solid Rod 150 (5'0"") Fishing Rod (4+1)(MIX Clr)","777 Sin Solid Rod 150 (5'0"") Fishing Rod (4+1)(MIX Clr)",no
SWI-ADA-MUL-AKO79S-3W,PCS,Akkostar 3WAY Multi Adaptor Switch (AKO79S),Akkostar 3WAY Multi Adaptor Switch (AKO79S),no
TOO-DRV-KT100-,PCS,4 King Top (-) Screw Driver,4 King Top (-) Screw Driver,no
TOO-WRE-ADJ-STA-STMT87431-8,PCS,6 Adjustable Wrench,6 Adjustable Wrench,no
BEW-PAL-DC-D-150V,PCS,Bew Panel Meter DC,Bew Panel Meter DC,no
BNW-B&N-ORI-09160,KGS,Mild Steel Bolt & Nut 3/8 X 6,Mild Steel Bolt & Nut 3/8 X 6,no
BNW-BOL-HTM-M16-45MM,PCS,H/t Bolt - M 16 X 45MM,H/t Bolt - M 16 X 45MM,no
CAR-WAX-ANT-CLO,PCS,AC Anti Clog,AC Anti Clog,no
COC-BIB-PVC-3007,PCS,PVC R'key Colorant Tap - 3007,PVC R'key Colorant Tap - 3007,no
CUT-DIS-MARK-12800-04C,PCS,Mr. Mark 4 Cutting Disc Abr. Wheel 12800,Mr. Mark 4 Cutting Disc Abr. Wheel 12800,no
CUT-PIP-PVC-PPC-42MM,PCS,Arrow PVC Pipe Cutter,Arrow PVC Pipe Cutter,no
DOR-RUB-SEAL-TRANS-BSDT100,ROLL,Bossman Silicone Door Seal 100CM - Transparent,Bossman Silicone Door Seal 100CM - Transparent,no
DRI-BIT-116F,PCS,16MM Hitmax Diamond Core Bit,16MM Hitmax Diamond Core Bit,no
ELE-RENO-40A-2P-MCB,PCS,Reno 40A 2P Mcb,Reno 40A 2P Mcb,no
"FAS-SCR-DRY-BLA-6#2""",PCK,Hunter/bk - Drywall Screw 6 X2 (20PCS/PCK),Hunter/bk - Drywall Screw 6 X2 (20PCS/PCK),no
FDD-CON-FEM-RED,PCK,Female Disconnect Red (1.5MM2) (20PCS/PCK),Female Disconnect Red (1.5MM2) (20PCS/PCK),no
FIT-GAL-TEE-12MM,PCS,Galvanised Tee (130) 12MM,Galvanised Tee (130) 12MM,no
FIT-HDPE-SOC-COU-32MM,PCS,HDPE Coupler Straight Socket 32MM,HDPE Coupler Straight Socket 32MM,no
HOS-AIR-TOK-8.5MM,MTR,Toko Spray Hose- 8.5MM X 90M,Toko Spray Hose- 8.5MM X 90M,no
OIL-COM-AIRVON-AV06810P,TIN,Airbank Mineral Based Compressor Oil (1L),Airbank Mineral Based Compressor Oil (1L),no
RAI-BOO-TCS5-39#5,PAIR,Tc S5 Yellow Safety Rain Boots 5,Tc S5 Yellow Safety Rain Boots 5,no
RAI-BOO-TCS5-42#8,PAIR,Tc S5 Yellow Safety Rain Boots 8,Tc S5 Yellow Safety Rain Boots 8,no
SMR-TCT-HOL-SAW-22MM,PCS,Smr Tct Holesaw 22MM,Smr Tct Holesaw 22MM,no
STR-NYL-MIX,PCS,Dozen Nylon String (PCS),Dozen Nylon String (PCS),no
SWI-PLU-MK-646-13A,PCS,Mk 646 13A Plug Top,Mk 646 13A Plug Top,no
WAT-FIL-FMS-WF0090-1WLMIX,PACK,Watertec 5PCS 5 Micron Cotton Filter 102,Watertec 5PCS 5 Micron Cotton Filter 102,no
ARM-PADS,PAIR,Arm Pads,Arm Pads,no
BNW-WAS-M5,PCK,M5 Washer (20PCS/PCK),M5 Washer (20PCS/PCK),no
CLI-HOS-92X97,PCS,Rb Super Hose Clamp 92 X 97,Rb Super Hose Clamp 92 X 97,no
COC-PVC-3325,PCS,Profesional Water Filter System 3325,Profesional Water Filter System 3325,no
"FAS-SCR-DRY-BLA-6#1""",PCK,Hunter/bk - Drywall Screw 6 X1 (20PCS/PCK),Hunter/bk - Drywall Screw 6 X1 (20PCS/PCK),no
"FAS-SCR-DRY-WHI-6#3/4""",PCK,Hunter/wh - Drywall Screw 6 X3/4 (20PCS/PCK),Hunter/wh - Drywall Screw 6 X3/4 (20PCS/PCK),no
"FIT-HDPE-ADA-MAL-20MMX1/2""",PCS,HDPE Adaptor Male 20MM X 1/2,HDPE Adaptor Male 20MM X 1/2,no
FIT-PVC-ELB-PT32MM,PCS,PVC Fitting P/t Elbow 32MM - 1 1/4,PVC Fitting P/t Elbow 32MM - 1 1/4,no
GLA-MAR,PCK,Glass Marbles,Glass Marbles,no
GUN-GRE-HOSE,PCS,Flexible Grease Gun Hose 11 X 300MM,Flexible Grease Gun Hose 11 X 300MM,no
IND-DUS-ALI-240L-TYRE,PCS,Aliclean HDPE Dustbin Axles 240 (tyre),Aliclean HDPE Dustbin Axles 240 (tyre),no
MAR-PEN-70-BLACK,PCS,Faster 70 Marker Pen-black,Faster 70 Marker Pen-black,no
"PIP-UPVC-4514-3""",MTR,"3""(82MM) 4514 X 6M Upvc Pipe","3""(82MM) 4514 X 6M Upvc Pipe",no
SHH-ROD-KQO180,PCS,Kaqiou/a 180 (6'0'') Fishing Rod (casting Rod),Kaqiou/a 180 (6'0'') Fishing Rod (casting Rod),no
"SHH-ROU-LAN-NET-13""",PCS,Round Landing Net 13 PE Net,Round Landing Net 13 PE Net,no
"SHH-ROU-LAN-NET-14X1/2""",PCS,Round Landing Net 14 X 1/2,Round Landing Net 14 X 1/2,no
TAP-OTO-NUM-LOC,PCS,Otosani 304 Numbering Lock Bib Tap,Otosani 304 Numbering Lock Bib Tap,no
TOO-CLA-SPR-ASC225MM,PCS,Arrow Nylon Spring Clamp 9 (225MM),Arrow Nylon Spring Clamp 9 (225MM),no
BLI-HSS-HOL-SAW-60MM,PCS,Navato Hole Saw Cutter 60MM,Navato Hole Saw Cutter 60MM,no
BNW-BOL-HTM-M12-35MM,PCS,H/t Bolt - M 12 X 35MM,H/t Bolt - M 12 X 35MM,no
BNW-BOL-SS304-M8-20MM,PCS,SS 304 Bolt - M8 X 20MM,SS 304 Bolt - M8 X 20MM,no
BNW-WAS-COM-09MM,KGS,Zinc Plated Washer 3/8,Zinc Plated Washer 3/8,no
CIS-HAN-PVCH/L,PCS,PVC H/l Cistern Handle,PVC H/l Cistern Handle,no
COC-BAL-05452,PCS,Bc 469 1/2 Elise Brass Ball Cock,Bc 469 1/2 Elise Brass Ball Cock,no
CUT-KNI-AUK69,PCS,Arrow Heavy Duty Uility Knife,Arrow Heavy Duty Uility Knife,no
"FAS-SCR-DRY-WHI-6#2""",PCK,Hunter/wh - Drywall Screw 6 X2 (20PCS/PCK),Hunter/wh - Drywall Screw 6 X2 (20PCS/PCK),no
FIT-HDPE-CAP-32MM,PCS,HDPE End Cap 32MM,HDPE End Cap 32MM,no
FIT-PVC-ELB-40MM,PCS,PVC Fitting Elbow 40MM 1-1/2 Swv,PVC Fitting Elbow 40MM 1-1/2 Swv,no
FIT-PVC-ELB-PT50MM,PCS,PVC Fitting P/t Elbow 50MM 2,PVC Fitting P/t Elbow 50MM 2,no
FIT-UPVC-SOC-110MM,PCS,U-pvc Socket 110MM 4,U-pvc Socket 110MM 4,no
GAR-SPN-IRO-HAN-SHO,PCS,Mini Scope-sponge Handle,Mini Scope-sponge Handle,no
HAN-WOO-CHIS-0055A,PCS,3 1/2 Chisel Wood Handle Only - Small,3 1/2 Chisel Wood Handle Only - Small,no
HOS-CON-ADA-ECO4011,PCS,Ecogreen- Tool Adaptor / 3/4,Ecogreen- Tool Adaptor / 3/4,no
HOS-FLE-SW-PVCH-24,PCS,24 PVC Flexible Hose With PVC Holder,24 PVC Flexible Hose With PVC Holder,no
HOS-MAC-WAS-OUT-MWP011-C,PCS,2.0M Elbow W/machine Outlet Hose,2.0M Elbow W/machine Outlet Hose,no
IND-CAS-RIG6,PCS,Rigid Caster 6,Rigid Caster 6,no
IND-CAS-SWI3.5,PCS,Swivel Caster 3.1/2,Swivel Caster 3.1/2,no
RIG-CLI-GAL-12MM,PCS,Galvanised Wire Rope Clip 12MM,Galvanised Wire Rope Clip 12MM,no
"SHH-ROU-LAN-NET-12X1/2""",PCS,Round Landing Net 12 X 1/2,Round Landing Net 12 X 1/2,no
TOO-ELE-TES-PEN-DB-17151A,PCS,Two-way Ph Test Pen (+/-) 17151A,Two-way Ph Test Pen (+/-) 17151A,no
TOO-RUL-CAL-150,PCS,Vernier Caliper 6,Vernier Caliper 6,no
TOO-WRE-ADJ-STA-250,PCS,10 Adjustable Wrench,10 Adjustable Wrench,no
X-FLO-MOC-SP121B,PCS,12 X 24 Homo Tile SP121B,12 X 24 Homo Tile SP121B,no
CAR-WAX-DSL,PCS,Serai Wangi Serbaguna 1L,Serai Wangi Serbaguna 1L,no
CLI-HOS-80X85,PCS,Rb Super Hose Clamp 80 X 85,Rb Super Hose Clamp 80 X 85,no
FAS-SCR-COA-M8030,PCS,Sr Coach Screw M8 X 30MM,Sr Coach Screw M8 X 30MM,no
FLO-MOC-KH40ABA2L-P1,PCS,16 X 16 Ceramic Floor Tiles KH40ABA2L-P1,16 X 16 Ceramic Floor Tiles KH40ABA2L-P1,no
IND-PVC-TRO-BLA-4X11,PCS,4 X 11 Black PVC Trowel (power),4 X 11 Black PVC Trowel (power),no
NUM-80MM-B,PCS,Acp Alphabet 80MM - B,Acp Alphabet 80MM - B,no
RAI-COA-SUP-L,PCS,Supersonic PVC Rain Coat : L,Supersonic PVC Rain Coat : L,no
RAI-COA-SUP-XL,PCS,Supersonic PVC Rain Coat : XL,Supersonic PVC Rain Coat : XL,no
"SANDEX-VEL-SPO-7""",PCS,Sandex 7 Velcro Polish Sponge (thick),Sandex 7 Velcro Polish Sponge (thick),no
TOO-WRE-ADJ-GD200,PCS,Gd Adjustable Wrench 8,Gd Adjustable Wrench 8,no
ALUM-ROU-32MM-10'-MB,PCS,Mb X 10 X 1.1/4 Round Tube,Mb X 10 X 1.1/4 Round Tube,no
BRA-S/S-MULTI-L,PCS,Multi Functional S/steel Angle Bracket L Size,Multi Functional S/steel Angle Bracket L Size,no
CAR-MULT-CLEA-500ML,BTL,Aa Car Care Multi Purpose Cleaner 500ML,Aa Car Care Multi Purpose Cleaner 500ML,no
CAR-WAX-STA-STE-SHI,PCS,Sss Stainless Steel Shine - 500ML,Sss Stainless Steel Shine - 500ML,no
CLI-HOS-74X79,PCS,Rb Super Hose Clamp 74 X 79,Rb Super Hose Clamp 74 X 79,no
CUT-BLA-ECL-6IN,PCS,6 IN Eclipse Hacksaw Blade,6 IN Eclipse Hacksaw Blade,no
DOR-HIN-SSS-38MM,SET,1 1/2 Stainless Steel Hinges,1 1/2 Stainless Steel Hinges,no
DRI-AUG-2WAY-21MM,PCS,T&t 2WAY Auger BIT-7/8,T&t 2WAY Auger BIT-7/8,no
FAN-HOOK-FH02,PCS,123 Fan Hook With Screw (j),123 Fan Hook With Screw (j),no
FAS-BOL-ANC07,PCK,Sh Drop IN Anchor 5/16 X 1-3/16 (5PCS/PCK),Sh Drop IN Anchor 5/16 X 1-3/16 (5PCS/PCK),no
FAS-SCR-COA-M6050,PCS,Sr Coach Screw M6 X 50MM,Sr Coach Screw M6 X 50MM,no
FIT-PVC-SOC-20MM,PCS,PVC Fitting Socket P/t 20MM 3/4,PVC Fitting Socket P/t 20MM 3/4,no
"FIT-YG225-BUSH-3/4""X1/2""-BRA",PCS,"Brass Bushing 3/4""X1/2","Brass Bushing 3/4""X1/2",no
HOS-CON-ADA-40200006,PCS,Ecogreen- Tap Adaptor / 3/4,Ecogreen- Tap Adaptor / 3/4,no
ICE-COO-INO-9LTR-THBW/K-3,PCS,Inova 9 Ltr. Ice Cooler,Inova 9 Ltr. Ice Cooler,no
IND-CAS-RIG8,PCS,Rigid Caster 8,Rigid Caster 8,no
IND-MES-EX,PCS,Ex-mesh,Ex-mesh,no
PAI-GAL-605S,PCS,5 Gallon Pail,5 Gallon Pail,no
PVC-STRAPPING-APPLE GREEN,COIL,PVC Strapping Apple Green (COIL),PVC Strapping Apple Green (COIL),no
PVC-STRAPPING-GREEN,COIL,PVC Strapping Green (COIL),PVC Strapping Green (COIL),no
PVC-STRAPPING-PIN,COIL,PVC Strapping Pink-t,PVC Strapping Pink-t,no
RIG-CLI-GAL-03MM,PCS,Galvanised Wire Rope Clip 03MM,Galvanised Wire Rope Clip 03MM,no
ROO-GUT-HOL,PCS,Gutter Hook (square),Gutter Hook (square),no
SHH-SINKER-ROUND-NO.3,PCK,Round Shape Sinker 3 (5PCS/PCK),Round Shape Sinker 3 (5PCS/PCK),no
SOC-BOX-2G13A,PCS,13A Switch Soket 2GANG Box,13A Switch Soket 2GANG Box,no
SWI-POL-12A-DOU-SOC,PCS,Pol 13A Double Switch Socket,Pol 13A Double Switch Socket,no
TOO-DRV-KT125-,PCS,5 King Top (-) Screw Driver,5 King Top (-) Screw Driver,no
TOO-FIL-SLIM-125MM-BTSF5,PCS,5 Bossman Slim Taper Files,5 Bossman Slim Taper Files,no
"TOO-NYL-PLU-COU-3/8""-NPF30",PCS,Nylon Quick Coupler 3/8 Female NPF-30,Nylon Quick Coupler 3/8 Female NPF-30,no
"TOO-NYL-PLU-COU-3/8""-NPM30",PCS,Nylon Quick Coupler 3/8 Male NPM-30,Nylon Quick Coupler 3/8 Male NPM-30,no
TOO-VIC-TAB-70MM,PCS,3 Table Vice,3 Table Vice,no
TOO-WRE-ADJ-GD375,PCS,Gd Adjustable Wrench 15,Gd Adjustable Wrench 15,no
TOO-WRE-ADJ-STA-STMT87432-8,PCS,8 Adjustable Wrench,8 Adjustable Wrench,no
TOW-ROP-5T4M,PCS,12 X 4M Steel Towing Rope,12 X 4M Steel Towing Rope,no
ADH-TAP-MAS-OSCAR,PCS,Masking Tape Oscar,Masking Tape Oscar,no
BNW-B&N-ORI-09800,KGS,Mild Steel Bolt & Nut 3/8 X 8,Mild Steel Bolt & Nut 3/8 X 8,no
"CUT-DIS-AKODA-4""-A1",PCS,Akoda 4 Diamond Blade Dry A1,Akoda 4 Diamond Blade Dry A1,no
FIT-GAL-SOC-18MM,PCS,Galvanised Socket (270) 18MM,Galvanised Socket (270) 18MM,no
SAF-COA-NET-YEL,PCS,Netting Vest Coat (mesh Fabric) Lemon Yellow,Netting Vest Coat (mesh Fabric) Lemon Yellow,no
SHH-PLA-NET-NEEDLE-NO.1/0,PCS,Plastic Net Needle No. 1/0 (white),Plastic Net Needle No. 1/0 (white),no
SMR-TCT-HOL-SAW-16MM,PCS,Smr Tct Holesaw 16MM,Smr Tct Holesaw 16MM,no
STR-GUN-NED-5IN,PCS,5 IN Gunny Needle,5 IN Gunny Needle,no
SWI-CON-PVC-06A,LTH,Sino PVC Connector 5A,Sino PVC Connector 5A,no
SWI-S/SKT-LWD-0041,PCS,Lwd 0041 F3 4G 1W Switch SIRIM,Lwd 0041 F3 4G 1W Switch SIRIM,no
TOO-ELE-TES-PEN-M'MAN-2520,PCS,M'man Test Pen - 2520,M'man Test Pen - 2520,no
TOO-NAIL-AB222,PCS,Arrow Nail Bag (w/clip),Arrow Nail Bag (w/clip),no
AER-SOC,UNIT,Aerico Socket,Aerico Socket,no
"ALUM-HOLLOW-2""X1""-3",PCS,2 X 1 Alum. Hollow Na (PCS),2 X 1 Alum. Hollow Na (PCS),no
BNW-JCBC-SCRW-M6X50MM,PCS,M6 X 50MM Jcbc Screw (rb),M6 X 50MM Jcbc Screw (rb),no
CAN-JER-4200,PCS,1 Gallon Jerrycan,1 Gallon Jerrycan,no
"CUT-PVC-FIL-4""",PCS,PVC File Handle 4,PVC File Handle 4,no
DOR-INS-KIT3PCS,SET,3PCS Lock Installation Kit Black,3PCS Lock Installation Kit Black,no
DOR-LOC-CYL-SMR-3630,PCS,Smr 3630 Privacy Lock (b/p),Smr 3630 Privacy Lock (b/p),no
ELE-CAB-WIR-1.5red-MTR*,MTR,1.5MM Electric Cable Red,1.5MM Electric Cable Red,no
FIT-GAL-SOC-25MM,PCS,Galvanised Socket (270) 25MM,Galvanised Socket (270) 25MM,no
"FIT-HDPE-ADA-FEM-20MMX1/2""",PCS,HDPE Adaptor Female 20MMX1/2,HDPE Adaptor Female 20MMX1/2,no
FIT-PVC-SOC-15MM,PCS,PVC Fitting Socket P/t 15MM 1/2,PVC Fitting Socket P/t 15MM 1/2,no
"FIT-YG228R-NIP-REC-3/4""X1/2""-BRA",PCS,"Brass Reduced Nipple 3/4""X1/2","Brass Reduced Nipple 3/4""X1/2",no
KNI-ROPE-A1104,PCS,Jj Pare Knife Wire Rope Handle,Jj Pare Knife Wire Rope Handle,no
MIDDY-END-CAP-LEFT-WHT,PCS,Middy: End Cap - Left (white),Middy: End Cap - Left (white),no
"NAI-CON-GAL-1.1/2""-PCK",PCK,1-1/2 Galvanised Steel Nail (20PCS/PCK),1-1/2 Galvanised Steel Nail (20PCS/PCK),no
NUM-60MM-O,PCS,Acp Alphabet 60MM - O,Acp Alphabet 60MM - O,no
RIG-CLI-GAL-08MM,PCS,Galvanised Wire Rope Clip 08MM,Galvanised Wire Rope Clip 08MM,no
SWI-S/SKT-LWD-0031,PCS,Lwd 0031 F3 3G 1W Switch SIRIM,Lwd 0031 F3 3G 1W Switch SIRIM,no
TOO-DRV-2WAY-100MMX6MM,PCS,Blimax 2WAY Screw DRIVER-4,Blimax 2WAY Screw DRIVER-4,no
"VAL-BAL-M'MAN-7755#X3/4""",PCS,M'man Ball X 3/4,M'man Ball X 3/4,no
AIR-DUSTER-MN10-00153L,PCS,Mn 10 Aluminium Air Duster 00153L,Mn 10 Aluminium Air Duster 00153L,no
BAT-ENE-MAX-C2PC,PCS,En Max C 2 Pc,En Max C 2 Pc,no
BRA-S/S-MULTI-XL,PCS,Multi Functional S/steel Angle Bracket XL Size,Multi Functional S/steel Angle Bracket XL Size,no
"BRA-S/STEEL-L - 8""X6""",SET,"S/steel L Bracket - 8""X6","S/steel L Bracket - 8""X6",no
CAR-MET-CRYST-WAX-200ML,PCS,Aa Metallic Crystal Wax 200ML,Aa Metallic Crystal Wax 200ML,no
ELE-GRW-63A2PMCB,EA,Grow 63A 2P Mcb,Grow 63A 2P Mcb,no
FAS-BOL-ANC06,PCK,Sh Drop IN Anchor 1/4 X 1-1/8 (5PCS/PCK),Sh Drop IN Anchor 1/4 X 1-1/8 (5PCS/PCK),no
FIT-PVC-ELB-PT15MM,PCS,PVC Fitting P/t Elbow 15MM 1/2,PVC Fitting P/t Elbow 15MM 1/2,no
FIT-UPVC-TEE-160MM,PCS,U-pvc Tee 160MM 6,U-pvc Tee 160MM 6,no
FLO-MOC-DAD04,PCS,12 X 12 Sand Storm Orange Guocera Floor Tiles,12 X 12 Sand Storm Orange Guocera Floor Tiles,no
FLO-MOC-DAD05,PCS,12 X 12 Sand Storm Black Guocera Tiles,12 X 12 Sand Storm Black Guocera Tiles,no
GAR-SPR-LAN-CR8446B,PCS,Spraying Lance (bend),Spraying Lance (bend),no
GRA-CUT-BLA-4T,PCS,4T Blade Cut Grass Trimmer Head,4T Blade Cut Grass Trimmer Head,no
MAG-CON-SC-N25,PCS,SC-N2S Contertor,SC-N2S Contertor,no
NAI-SQU-SUP-100MM-500G,PKT,E. G Square Boat Nail 100MM 500G,E. G Square Boat Nail 100MM 500G,no
PYE-TOI-MOS-1000ML,BOT,PYE Mosaic&toilet Stains Remover Kleen 1000ML,PYE Mosaic&toilet Stains Remover Kleen 1000ML,no
RAI-BOO-BLA-RUB-035#,PAIR,8834 Black Rubber Shoes W/studs 35,8834 Black Rubber Shoes W/studs 35,no
RAI-BOO-BLA-RUB-037#,PAIR,8834 Black Rubber Shoes W/studs 37,8834 Black Rubber Shoes W/studs 37,no
RAI-BOO-BLA-RUB-37,PAIR,8835 Black Rubber Shoes 37,8835 Black Rubber Shoes 37,no
TOO-CLA-SPR-PM34228,PCS,Pumpkin 3 Spring Plastic Clamp,Pumpkin 3 Spring Plastic Clamp,no
BNW-WAS-COM-12MM,KGS,Zinc Plated Washer 1/2,Zinc Plated Washer 1/2,no
FIT-PVC-ELB-25MM,PCS,PVC Fitting Elbow 25MM 1,PVC Fitting Elbow 25MM 1,no
"IND-CAS-WHE-6X3/4""",PCS,Solid Rubber Wheel 6 X 3/4,Solid Rubber Wheel 6 X 3/4,no
IND-CEM-EC-1KG,KGS,Ec Bonding Powder 2 IN 1 1KG,Ec Bonding Powder 2 IN 1 1KG,no
"NAI-CON-GAL-2""-BOX",BOX,2 Galvanised Steel Nail- 1 KG,2 Galvanised Steel Nail- 1 KG,no
SWI-S/SKT-ACE-652,PCS,Ace 652 2G 1W Switch Sr,Ace 652 2G 1W Switch Sr,no
BNW-THR-ZP-05MM,PCS,Zp Thread Rod 5/16 X 6FTS,Zp Thread Rod 5/16 X 6FTS,no
CAB-PVC-FLE-CON-20MM,COIL,"Cable 20MM PVC Flexible Conduit, White 40M","Cable 20MM PVC Flexible Conduit, White 40M",no
CHA-ANI-6FT-35,PCS,Animal Chain 35 X 6,Animal Chain 35 X 6,no
COC-BAL-M'MAN-G5,PCS,M'man Washing Machine Angle Valve - G5,M'man Washing Machine Angle Valve - G5,no
ELE-PLUG-TOP-FUSE-13A*,EA,Plug Top Fuse 13A,Plug Top Fuse 13A,no
FAN-HOOK-FH01,PCS,122 Fan Hook W/o Screw (j),122 Fan Hook W/o Screw (j),no
"FAS-SCR-TAP-CSK-8#5/8""-PCK",PACK,8 X5/8 Csk Self Tapping Screw-flat Head (20PCS/PCK),8 X5/8 Csk Self Tapping Screw-flat Head (20PCS/PCK),no
FIT-GAL-SOC-12MM,PCS,Galvanised Socket (270) 12MM,Galvanised Socket (270) 12MM,no
"FIT-HDPE-TEE-FEM-25MMX3/4""",PCS,HDPE Tee Female 25MM X 3/4,HDPE Tee Female 25MM X 3/4,no
FIT-PVC-ELB-45DEG50MM,PCS,PVC Fitting Elbow 50MM 2,PVC Fitting Elbow 50MM 2,no
"FIT-SS239-SOC-MXF-1/2""-SUS304",PCS,SS Mxf Socket 1/2,SS Mxf Socket 1/2,no
"FIT-UPVC-SOC-6""",PCS,U-pvc Socket 160MM 6,U-pvc Socket 160MM 6,no
HHD-FLO-BAL-12MM,PCS,1/2 Poly Float Ball Only Black Colour,1/2 Poly Float Ball Only Black Colour,no
IND-CAS-RIG3.5,PCS,Rigid Caster 3.1/2,Rigid Caster 3.1/2,no
PAI-SPR-ANC-029,PCS,400ML Anchor Spray - 29 Flat Black (PCS),400ML Anchor Spray - 29 Flat Black (PCS),no
"PIP-PVC-3506-1.1/4""",MTR,"1 1/4""(42MM) Class 3506 X 6M PVC Pipe","1 1/4""(42MM) Class 3506 X 6M PVC Pipe",no
SAF-SLI-GLO-4TON6M,LGTH,Webbing Sling (glolift) 100MM 4 Ton X 6M,Webbing Sling (glolift) 100MM 4 Ton X 6M,no
"SHH-CRA-NET-7""",PCS,"(7"") Hammock Net","(7"") Hammock Net",no
"SHH-NYLON-BAG-1/2""30""(28"")",PCS,"Nylon Fish Bag 210/5 1/2 30""(28"")","Nylon Fish Bag 210/5 1/2 30""(28"")",no
SHH-PLA-NET-NEEDLE-NO.5,PCS,Plastic Net Needle No. 5 (white),Plastic Net Needle No. 5 (white),no
WEL-SHI-BLA-HAND,PCS,Welding Shield Hand Type,Welding Shield Hand Type,no
BNW-BOL-SS304-M6-40MM,PCS,SS 304 Bolt - M6 X 40MM,SS 304 Bolt - M6 X 40MM,no
CUT-DIS-YES-100#,PCS,Yes Line Green Grinding Disc 4 X 100,Yes Line Green Grinding Disc 4 X 100,no
FIT-PVC-CON-50MM,PCS,PVC Fitting Tank Connector 50MM 2,PVC Fitting Tank Connector 50MM 2,no
GUN-GRE-NOZ,PCS,Grease Gun Spray Nozzle,Grease Gun Spray Nozzle,no
MIDDY-END-CAP-RIGHT-WHT,PCS,Middy: End Cap - Right (white),Middy: End Cap - Right (white),no
NAI-ROO-SUP-P50MM-500GRM,PCK,E. G Roofing Nail - Plain 50MM,E. G Roofing Nail - Plain 50MM,no
PAI-COV-MOP-5G,PCS,9501 5G Mop Cover,9501 5G Mop Cover,no
PAI-SPR-ANC-006,PCS,400ML Anchor Spray - 6 Royal Ivory (PCS),400ML Anchor Spray - 6 Royal Ivory (PCS),no
RIG-NIP-19MM,PCS,K. C. Nipple 19 MM,K. C. Nipple 19 MM,no
SAF-EAR-PLU-3M-1110,PAIR,3M 1110 Disposable Ear Plug,3M 1110 Disposable Ear Plug,no
SWI-PLK-1G1W-5011,PCS,Plk 5011/1311 10A 1G 1W Switch SIRIM,Plk 5011/1311 10A 1G 1W Switch SIRIM,no
TOO-CLA-SPR-PM34226,PCS,Pumpkin 2 (120MM) Spring Clamp,Pumpkin 2 (120MM) Spring Clamp,no
"TOO-NYL-PLU-COU-1/4""-NPF20",PCS,Nylon Quick Coupler 1/4 Female NPF-20,Nylon Quick Coupler 1/4 Female NPF-20,no
"TOO-NYL-PLU-COU-1/4""-NPM20",PCS,Nylon Quick Coupler 1/4 Male NPM-20,Nylon Quick Coupler 1/4 Male NPM-20,no
TOO-SPA-BEN-15MM,PCS,Bend Spanner 5/8,Bend Spanner 5/8,no
BNW-BOL-SS304-M6-50MM,PCS,SS 304 Bolt - M6 X 50MM,SS 304 Bolt - M6 X 50MM,no
"CUT-SAW-SUP-18""",PCS,18 Supersawman Handsaw,18 Supersawman Handsaw,no
DRI-AUG-2WAY-11MM,PCS,T&t 2WAY Auger BIT-7/16,T&t 2WAY Auger BIT-7/16,no
ELE-SWI-TOG-1021,PCS,"Toggle Switch 1021 (ON/OFF,2T)","Toggle Switch 1021 (ON/OFF,2T)",no
GWS060-BEARING-608-2RSH/C3,PCS,608 Bearing For Gws 060 Black,608 Bearing For Gws 060 Black,no
"HOI-PUL-SIN-2""",PCS,Single Pulley 2,Single Pulley 2,no
HOS-MAC-WAS-OUT-WPJ112-A,ROLL,1 1/2 PVC Flexible Outlet Hose,1 1/2 PVC Flexible Outlet Hose,no
ICE-COO-INO-13LTR-THBW/K-2,PCS,Inova 13 Ltr. Ice Cooler,Inova 13 Ltr. Ice Cooler,no
NAI-AIR-LEO-F15,BOX,S. H. Brad Nails - F15,S. H. Brad Nails - F15,no
PAI-ROL-REF-L220*,PCS,Leon 2 Roller,Leon 2 Roller,no
SAF-SPE-GOG-PVC,PCS,PVC Safety Goggles,PVC Safety Goggles,no
SHH-HOOK-406-NO.6,PKT,Saki Sepit Biru 406 No. 6 (20'S),Saki Sepit Biru 406 No. 6 (20'S),no
"SHH-ROU-LAN-NET-19""",PCS,Round Landing Net 19 PE Net,Round Landing Net 19 PE Net,no
TOO-CLA-G-RED-125,PCS,G-clamp (red) 5,G-clamp (red) 5,no
TOO-LEV-STA-993042291,PCS,8 X 3 Vials Torpedo Levels-magnetic,8 X 3 Vials Torpedo Levels-magnetic,no
BNW-BOL-HTM-M14-30MM,PCS,H/t Bolt - M 14 X 30MM,H/t Bolt - M 14 X 30MM,no
CAR-WAX-STA-OFF-STI,PCS,So Stains Off Sticker - 500ML,So Stains Off Sticker - 500ML,no
FAS-ANC-PJA-12100,PCS,Sh P. J. Anchor 1/2 X 4 (PCS),Sh P. J. Anchor 1/2 X 4 (PCS),no
FIT-PVC-TEE-20MM,PCS,PVC Fitting Tee 20MM 3/4,PVC Fitting Tee 20MM 3/4,no
"FIT-SS237-SOC-1/2""-SUS304",PCS,SS Equal Socket 1/2,SS Equal Socket 1/2,no
HAR-THR-LOK-6271-50ML,PCS,Thread Lock: Hardex 6271 50ML,Thread Lock: Hardex 6271 50ML,no
"IND-TRO-SSS-3350#-6""",PCS,R'key Steel Bricklaying Trowel 3350 - 6,R'key Steel Bricklaying Trowel 3350 - 6,no
OUT-CON-RUB-BLACK-318,PCS,38MM Rubber Inlet Connector-black,38MM Rubber Inlet Connector-black,no
PAI-SPR-ANC-031,PCS,400ML Anchor Spray - 31 Apple Green,400ML Anchor Spray - 31 Apple Green,no
"SANDEX-VEL-SAN-4""-320#",PCK,"Sandex 4 Velcro Sanding Disc, 320","Sandex 4 Velcro Sanding Disc, 320",no
SHH-NYL-NET-10,PCS,Automatic Nylon Fishing Mesh Net 10 Hole,Automatic Nylon Fishing Mesh Net 10 Hole,no
SHH-ROD-777S165,PCS,"777 Sin Solid Rod 165 (5'6"") Fishing Rod (4+1)(MIX Clr)","777 Sin Solid Rod 165 (5'6"") Fishing Rod (4+1)(MIX Clr)",no
SWI-SOC-POL-756,PCS,Pol 13A Switch Socket (756),Pol 13A Switch Socket (756),no
TIE-CAB-SS-100MM,PCK,SS Cable Ties (10PCS/PCK) SUS304 M4.6X100MM,SS Cable Ties (10PCS/PCK) SUS304 M4.6X100MM,no
TOO-FIL-MET-SENSUI-SNF003-B,PCS,8 Sensui Metal Half Round File,8 Sensui Metal Half Round File,no
TOO-TES-PEN-STA-(66-119),PCS,Spark Detecting Screwdriver - 1/8 X 5.1/2,Spark Detecting Screwdriver - 1/8 X 5.1/2,no
ADH-TAP-WAR-Y/B-70MM,ROLL,Yellow/black Barricade Tape 3IN X 70M,Yellow/black Barricade Tape 3IN X 70M,no
ELE-CAB-WIR-PUL-15MW,COIL,C Wire Puller 15M Orange,C Wire Puller 15M Orange,no
"FAS-SCR-CSK-3/4"" X 8G",PCK,Sr Csk Tapping Screw 3/4 X 8G (20PCS/PCK),Sr Csk Tapping Screw 3/4 X 8G (20PCS/PCK),no
FIT-PVC-SOC-25MM,PCS,PVC Fitting Socket P/t 25MM 1,PVC Fitting Socket P/t 25MM 1,no
GWS060-BEARING-607-2RSH/C3,PCS,607 Bearing For Gws 060 Whi,607 Bearing For Gws 060 Whi,no
PLA-BAG-BLA-10X12,PCK,10 X 12 X 1KG PE (black),10 X 12 X 1KG PE (black),no
RAI-BOO-BLA-RUB-042#,PAIR,8834 Black Rubber Shoes W/studs 42,8834 Black Rubber Shoes W/studs 42,no
RIG-CLI-GAL-06MM,PCS,Galvanised Wire Rope Clip 06MM,Galvanised Wire Rope Clip 06MM,no
"SHA-FLE-33""",PCS,Flexible Shaft 33,Flexible Shaft 33,no
SPR-NOZ-PI7-101#,PCS,PI7 Spray NOZZLE-101,PI7 Spray NOZZLE-101,no
SWI-ADA-TRA-UNI,PCS,Universal Multi Travel Adaptor USB Uni,Universal Multi Travel Adaptor USB Uni,no
SWI-SOC-NNE-802/1-1W2G,PCS,NNE 802/1 2G 1W Switch SIRIM,NNE 802/1 2G 1W Switch SIRIM,no
TOO-CHI-15086(P),PCS,Sds Plus Shank Point Chisel,Sds Plus Shank Point Chisel,no
BNW-BOL-HTM-M06-45MM,PCS,H/t Bolt - M 06 X 45MM,H/t Bolt - M 06 X 45MM,no
CUT-DIS-TAI-100MM-AA60T,PCS,Tailin Cutoff Wheel,Tailin Cutoff Wheel,no
DRI-AUG-2WAY-16MM,PCS,T&t 2WAY Auger BIT-5/8,T&t 2WAY Auger BIT-5/8,no
FIT-UPVC-CAP-160MM,PCS,U-pvc End Cap 160MM 6,U-pvc End Cap 160MM 6,no
HOS-CLE-01930-MTR,MTR,19MM X 30M Clear Hose (MTR),19MM X 30M Clear Hose (MTR),no
IND-CAS-SWI4,PCS,Swivel Caster 4,Swivel Caster 4,no
PAI-SPR-ANC-060,PCS,400ML Anchor Spray - 60 Brown,400ML Anchor Spray - 60 Brown,no
PYE-FIL-WOO-NATURAL-0.5KG,TIN,PYE Fillawood (natural) 0.5KG,PYE Fillawood (natural) 0.5KG,no
RAI-BOO-BLA-RUB-038#,PAIR,8834 Black Rubber Shoes W/studs 38,8834 Black Rubber Shoes W/studs 38,no
SHH-PE-TWINE-380241GG,PCS,380/24 Gg P. E. Twine,380/24 Gg P. E. Twine,no
SMR-TCT-HOL-SAW-30MM,PCS,Smr Tct Holesaw 30MM,Smr Tct Holesaw 30MM,no
SWI-PLU-MK-515-15A,EA,Mk 515 Whi 15A Plug Top,Mk 515 Whi 15A Plug Top,no
TOO-CLA-G-RED-100,PCS,G-clamp (red) 4,G-clamp (red) 4,no
TOO-HAN-SPA-T12MM,PCS,T Handle Spanner 12MM,T Handle Spanner 12MM,no
"BAS-WAS-BRA-1.1/4""",PCS,Brass Basin Waste 1-1/4,Brass Basin Waste 1-1/4,no
CLI-HOS-68X73,PCS,Rb Super Hose Clamp 68 X 73,Rb Super Hose Clamp 68 X 73,no
CLI-HOS-98X103,PCS,Rb Super Hose Clamp 98 X 103,Rb Super Hose Clamp 98 X 103,no
CUT-PIP-STA-42MM,PCS,PVC Pipe Cutter (up To 42MM),PVC Pipe Cutter (up To 42MM),no
"DRI-AUG-SDS-7/16""",PCS,7/16 Sds Plus Auger Bit,7/16 Sds Plus Auger Bit,no
"FIT-YG239-SOC-MXF-1/2""-BRA",PCS,Brass Mxf Socket 1/2,Brass Mxf Socket 1/2,no
FLO-MOC-30AAS50,PCS,"12""X12 Floor Tiles 30AAS50","12""X12 Floor Tiles 30AAS50",no
FLO-MOC-KV959,PCS,"Kv 959 12""X12 Homotiles","Kv 959 12""X12 Homotiles",no
IND-CAS-RIG5,PCS,Rigid Caster 5,Rigid Caster 5,no
MER-M800,CAN,Fiber X 0.28KG,Fiber X 0.28KG,no
NUM-60MM-E,PCS,Acp Alphabet 60MM - E,Acp Alphabet 60MM - E,no
SHH-PE-TWINE-380361GG,PCS,380/36 Gg P. E. Twine,380/36 Gg P. E. Twine,no
"SHH-PE.BAG-36""",PCS,P. E. Bags 36,P. E. Bags 36,no
"SHH-ROU-LAN-NET-18X1/2""",PCS,Round Landing Net 18 X 1/2,Round Landing Net 18 X 1/2,no
SWI-SOC-H35/1/2A-5W1G,PCS,1 G 5W Switch,1 G 5W Switch,no
"TOO-BAR-WRE-STR-30""",PCS,Gd Wrecking BAR (straight) 30,Gd Wrecking BAR (straight) 30,no
TOO-CRO-RIM-17192123,PCS,Cross Rim Wrench 17 X 19 X 21 X 23,Cross Rim Wrench 17 X 19 X 21 X 23,no
TOO-WRE-ADJ-GD300,PCS,Gd Adjustable Wrench 12,Gd Adjustable Wrench 12,no
WEL-NOZ-BOC-P1/32,PCS,Boc Cutting Nozzle - 1/32 (pnme),Boc Cutting Nozzle - 1/32 (pnme),no
"AER-BV-101(3"")",PCS,"Aerico Bv 101 (3"")","Aerico Bv 101 (3"")",no
BRA-COU-WAS-MAC-66#,PCS,66 Activ Washing Machine Tsui,66 Activ Washing Machine Tsui,no
BRA-WAL-TOI-CIS,PCS,Techplas (1012B): Water Cistern Wall Bracket,Techplas (1012B): Water Cistern Wall Bracket,no
CAR-WAX-ARMOR-500ML,SET,Armor All 500ML Wash & Wax,Armor All 500ML Wash & Wax,no
CHA-SAW-CHA-IETO,PCS,Chain Saw (chain),Chain Saw (chain),no
CLI-ELE-CAB-SPR-U18-20MMTC,PACK,Tc 20MM PVC Spring/u Clip (PACK),Tc 20MM PVC Spring/u Clip (PACK),no
CLO-SHRT-1094L-15,PCS,Golden Horse Working Shirt 1094L - 15,Golden Horse Working Shirt 1094L - 15,no
"CUT-SAW-ASUMA-18""",PCS,18 Asuma Hand Saw,18 Asuma Hand Saw,no
FIT-PVC-TEE-25MM,PCS,PVC Fitting Tee 25MM 1,PVC Fitting Tee 25MM 1,no
FOLD-SQUIR-RAT-CAG,PCS,5-1/2 X 11 Foldable Squirrel Mouse Case,5-1/2 X 11 Foldable Squirrel Mouse Case,no
PAI-COV-MOP-4G,PCS,9401 4G Mop Cover,9401 4G Mop Cover,no
PVC-FUN-665A,PCS,PVC Funnel,PVC Funnel,no
SHH-NYL-NET-6-SHR,PCS,Automatic Fishing Net Shrimp Cages 6 Hole,Automatic Fishing Net Shrimp Cages 6 Hole,no
SPR-GALAXY-WTRPRF-400ML,CAN,Galaxy Waterproof Solution Spray 400ML,Galaxy Waterproof Solution Spray 400ML,no
TYR-TUB-PRE-13X3,PCS,13 X 3 Rr Kingstone Tyre Tube,13 X 3 Rr Kingstone Tyre Tube,no
"VAL-BAL-M'MAN-7733#X3/4""",PCS,M'man Ball Valve X 3/4,M'man Ball Valve X 3/4,no
X-FIT-UPVC-TEE-W/D-110MMX82MM,PCS,U-pvc Reducing Tee W/door 110MM X 82MM 4 X 3,U-pvc Reducing Tee W/door 110MM X 82MM 4 X 3,no
BRA-S/S-MULTI-M,PCS,Multi Functional S/steel Angle Bracket M Size,Multi Functional S/steel Angle Bracket M Size,no
"DRI-AUG-SDS-9/16""",PCS,9/16 Sds Plus Auger Bit,9/16 Sds Plus Auger Bit,no
"FAS-SCR-TAP-CSK-8#1/2""",PACK,8 X1/2 Tapping Screw-flat Head (20PCS/PCK),8 X1/2 Tapping Screw-flat Head (20PCS/PCK),no
HHD-VAL-FLO-PVC-4SEA,PCS,1/2 PVC Float Valve's Seal,1/2 PVC Float Valve's Seal,no
HOS-CLE-01630-MTR,MTR,16MM X 30M Clear Hose (MTR),16MM X 30M Clear Hose (MTR),no
IND-DUS-GLO-240L-SHA,PCS,Glomax 120L Dustbin Shaft,Glomax 120L Dustbin Shaft,no
INK-POT-BIG-RED,PCS,PVC Ink Pot-big,PVC Ink Pot-big,no
NUM-80MM-D,PCS,Acp Alphabet 80MM - D,Acp Alphabet 80MM - D,no
SAF-HEL-SUN-BRIM,PCS,Proguard Helmet Sunshade Brim,Proguard Helmet Sunshade Brim,no
SHH-BOX-ETB240,PCS,240 Exori Tackle Box (15CM X 9.5CM X 3CM),240 Exori Tackle Box (15CM X 9.5CM X 3CM),no
SHH-ROD-AGS662,PCS,"Santec 2904-195(6'6"") Revenge Solid Rod","Santec 2904-195(6'6"") Revenge Solid Rod",no
SWI-POL-15A-SOC,PCS,Pol 15A Switch Socket,Pol 15A Switch Socket,no
TOO-PLU-COU-SMY-RND,PCS,Quick Coupler Three Way-round,Quick Coupler Three Way-round,no
TOO-SPA-BEN-09MM,PCS,Bend Spanner 3/8,Bend Spanner 3/8,no
APR-PRO-WCPA,SHT,600MM X 2050MM Worker Chemical Protective Apron,600MM X 2050MM Worker Chemical Protective Apron,no
BAT-WAT-1L,PCS,Battery Fluid,Battery Fluid,no
"BRA-SHE-8""x10""",DOZ,8 X 10 Shelf Bracket (DOZ),8 X 10 Shelf Bracket (DOZ),no
"BRA-SHE-8""x10""",PAIR,8 X 10 Shelf Bracket (PAIR),8 X 10 Shelf Bracket (PAIR),no
CAR-WAS-WAX-500ML,BTL,Aa Car Care Wash & Wax 500ML,Aa Car Care Wash & Wax 500ML,no
CAR-WAX-ANT-REPELL,PCS,Ant Repellent 500ML,Ant Repellent 500ML,no
"CHA-SAW-CHA-6""",PCS,6 Chainsaw Chain,6 Chainsaw Chain,no
ELE-PVC-NUT-U3X7,PCS,Umc 3 X 7 PVC Nut Box,Umc 3 X 7 PVC Nut Box,no
"FIT-YG225-BUSH-1/2""X1/4""-BRA",PCS,Brass Bushing 1/2 X 1/4,Brass Bushing 1/2 X 1/4,no
"FIT-YG245-NIP-3/8""-BRA",PCS,Brass Equal Nipple 3/8,Brass Equal Nipple 3/8,no
IND-SCP-WOO75,DOZ,Gd Scraper 3,Gd Scraper 3,no
MAR-PEN-BLACK,DOZ,Sharpie Fine Point P/marker (ls)- Black (DOZ),Sharpie Fine Point P/marker (ls)- Black (DOZ),no
"SHH-CAGE-2RING-12""",PCS,2 Ring Cages 12,2 Ring Cages 12,no
SWI-S/SKT-LWD-0021,PCS,Lwd 0021 F3 2G 1W Switch SIRIM,Lwd 0021 F3 2G 1W Switch SIRIM,no
TOO-CHI-STA-08MM,PCS,"5/16""/8MM Dynagrip Wood Chisel","5/16""/8MM Dynagrip Wood Chisel",no
TOO-FIL-BCC-200MM,PCS,Bahco Handy File 4-153-08-1-2,Bahco Handy File 4-153-08-1-2,no
TOO-FIL-SENSUI-SNF001-C,PCS,10 Sensui Metal Flat File,10 Sensui Metal Flat File,no
"X-CUT-PVC-FIL-9111-4.1/2""",PCS,4 1/2 Chisel Wood Handle Only - Big,4 1/2 Chisel Wood Handle Only - Big,no
BNW-B&N-ORI-12200,KGS,Mild Steel Bolt & Nut 1/2 X 8,Mild Steel Bolt & Nut 1/2 X 8,no
"CUT-PVC-FIL-9002C-4""",PCS,4 Prc PVC File Handle-circle,4 Prc PVC File Handle-circle,no
DOR-INS-KIT-26095(5),SET,Br 4009 5PCS Lockset Installation Kit,Br 4009 5PCS Lockset Installation Kit,no
ELE-63A-CUT-OUT,EA,Lucy 63A Cut Out Unit Fuse,Lucy 63A Cut Out Unit Fuse,no
ELE-BOX-MCB-12WAY,PCS,Tc 13 Way Mcb Box,Tc 13 Way Mcb Box,no
IND-CAS-RUB-075MM,PCS,3 Rubber Wheel Only,3 Rubber Wheel Only,no
OIL-FUN-7012,PCS,12 Funnel,12 Funnel,no
PAI-SPR-ANC-012,PCS,400ML Anchor Spray - 12 Yellow,400ML Anchor Spray - 12 Yellow,no
TIE-CAB-SS-200MM,PCK,SS Cable Ties (10PCS/PCK) SUS304 M4.6X200MM,SS Cable Ties (10PCS/PCK) SUS304 M4.6X200MM,no
TOO-CUT-BOL-STA-992014324,PCS,"24""/609MM Bolt Cutter","24""/609MM Bolt Cutter",no
TOO-SPA-BEN-07MM,PCS,Bend Spanner 5/16,Bend Spanner 5/16,no
"TOO-WRE-PLU-5/8""",PCS,5/8 T Plug Wrench,5/8 T Plug Wrench,no
X-TOO-DRI-ADA-13MM,PCS,13MM Drill Chuck With Adapter Adamark,13MM Drill Chuck With Adapter Adamark,no
BNW-B&N-ORI-12100,KGS,Mild Steel Bolt & Nut 1/2 X 4,Mild Steel Bolt & Nut 1/2 X 4,no
BNW-BOL-HTM-M12-30MM,PCS,H/t Bolt - M 12 X 30MM,H/t Bolt - M 12 X 30MM,no
CHI-WAT-2GAL-6302,SET,2 Gal Water Container For Chick,2 Gal Water Container For Chick,no
CLI-HOS-60X63,PCS,Rb Super Hose Clamp 60 X 63,Rb Super Hose Clamp 60 X 63,no
"DRA-SLI-WHI-18""",SET,Drawer Slide (light Duty) 18,Drawer Slide (light Duty) 18,no
FIT-HDPE-TEE-25MMX20MM,PCS,HDPE Tee Reducing 25 X 20MM,HDPE Tee Reducing 25 X 20MM,no
FIT-UPVC-SOC-P/T-40MM,PCS,U-pvc Socket P/t 40MM 1-1/2,U-pvc Socket P/t 40MM 1-1/2,no
FLO-MOC-30WE40,PCS,"12""X12 Floor Tiles 30WE40","12""X12 Floor Tiles 30WE40",no
FLO-MOC-BR3030A6,PCS,BR3030A6 30X30CM,BR3030A6 30X30CM,no
FLO-MOC-OSCARBR,PCS,"Oscar Brown 12""X12 Floor Tiles","Oscar Brown 12""X12 Floor Tiles",no
FLO-MOC-R04,PCS,R04 30X30CM,R04 30X30CM,no
IND-SCP-PVC-50MM,PCS,Sr PVC Scraper 2,Sr PVC Scraper 2,no
SPR-BLUE,PCS,Spring Blue,Spring Blue,no
TOO-CHI-STA-10MM,PCS,"3/8""/10MM Dynagrip Wood Chisel","3/8""/10MM Dynagrip Wood Chisel",no
TOO-CHI-STA-12MM,PCS,"1/2""/12MM Dynagrip Wood Chisel","1/2""/12MM Dynagrip Wood Chisel",no
TOO-FIL-15095(5),PCS,Br 2027 5 Slim Taper File,Br 2027 5 Slim Taper File,no
TOO-FIL-SENSUI-SNF002-C,PCS,10 Sensui Metal Round File,10 Sensui Metal Round File,no
TOO-WRE-ADJ-GD450,PCS,Gd Adjustable Wrench 18,Gd Adjustable Wrench 18,no
X-FLO-MOC-30R188,PCS,12 X 12 Floor Tiles 30R188,12 X 12 Floor Tiles 30R188,no
BNW-NUT-ORI-12MM,KGS,MS Hex Nut 1/2,MS Hex Nut 1/2,no
BNW-WAS-COM-16MM,KGS,Zinc Plated Washer 5/8,Zinc Plated Washer 5/8,no
CHA-ANI-6FT-40,PCS,Animal Chain 40 X 6,Animal Chain 40 X 6,no
CUT-KNI-STA-DYN-18MM,PCS,"(18MM X 6"") Knives With Dynagrip","(18MM X 6"") Knives With Dynagrip",no
"FIT-SS233-PLU-1/2""-SUS304",PCS,SS Square Plug 1/2,SS Square Plug 1/2,no
FIT-UPVC-BEN-ELB-W/D-110MM,PCS,U-pvc Bend (elbow) W/door 110MM 4,U-pvc Bend (elbow) W/door 110MM 4,no
FLO-MOC-30LS04,PCS,12 X 12 Floor Tiles 30LS04,12 X 12 Floor Tiles 30LS04,no
FLO-MOC-30LS05,PCS,12 X 12 Floor Tiles 30LS05,12 X 12 Floor Tiles 30LS05,no
FLO-MOC-30PS04,PCS,12 X 12 Floor Tiles 30PS04,12 X 12 Floor Tiles 30PS04,no
FLO-MOC-30PS05,PCS,12 X 12 Floor Tiles 30PS05,12 X 12 Floor Tiles 30PS05,no
FLO-MOC-30PS14,PCS,12 X 12 Floor Tiles 30PS14,12 X 12 Floor Tiles 30PS14,no
"HOI-PUL-SIN-1.1/2""",DOZ,Single Pulley 1.1/2 (DOZ),Single Pulley 1.1/2 (DOZ),no
IND-PLU-BOB-1000G,PCS,1000G Plumb Bobs,1000G Plumb Bobs,no
PLA-BAG-BLA-15X18,PCK,15 X 18 X 1KG PE (black),15 X 18 X 1KG PE (black),no
SHH-HOO-21P6,PCS,21 Pontoon Treble Hook (6G),21 Pontoon Treble Hook (6G),no
SHH-REEL-AR30210,PCS,"Air Response 30-210(7'0"") Rod (casting Rod)","Air Response 30-210(7'0"") Rod (casting Rod)",no
TOO-CHI-6077,PCS,Mii Sds Bull Point Chisel - 6077,Mii Sds Bull Point Chisel - 6077,no
WEL-NOZ-BOC-A1/32,PCS,Boc Cutting Nozzle - 1/32 (anme),Boc Cutting Nozzle - 1/32 (anme),no
BNW-BOL-HTM-M10-60MM,PCS,H/t Bolt - M 10 X 60MM,H/t Bolt - M 10 X 60MM,no
CLI-HOS-44X47,PCS,Rb Super Hose Clamp 44 X 47,Rb Super Hose Clamp 44 X 47,no
CLI-HOS-86X91,PCS,Rb Super Hose Clamp 86 X 91,Rb Super Hose Clamp 86 X 91,no
ELE-CAB-WIR-GRE-2.5MM*,MTR,2.5MM PVC Cable Green - MTR,2.5MM PVC Cable Green - MTR,no
ELE-PVC-INS-ELB*,PCS,19MM Inspection Elbow,19MM Inspection Elbow,no
"FAS-SCR-DRY-BLA-6#3/4""",PCK,Hunter/bk - Drywall Screw 6 X3/4 (20PCS/PCK),Hunter/bk - Drywall Screw 6 X3/4 (20PCS/PCK),no
FIT-GAL-SOC-38MM,PCS,Galvanised Socket (270) 38MM,Galvanised Socket (270) 38MM,no
FIT-PVC-CON-32MM,PCS,PVC Fitting Tank Connector 32MM 1-1/4,PVC Fitting Tank Connector 32MM 1-1/4,no
FIT-PVC-TEE-32MM,PCS,PVC Fitting Tee 32MM 1-1/4 Swv 1 Bag,PVC Fitting Tee 32MM 1-1/4 Swv 1 Bag,no
FLO-MOC-BR3030A5,PCS,BR3030A5 30X30CM,BR3030A5 30X30CM,no
FLO-MOC-BR3030GLBR,PCS,BR3030GLBR 30X30CM,BR3030GLBR 30X30CM,no
"GUN-GRE-NIP-90 1/2""",PCS,S. K 90 Degree Grease Nipple 1/2 Unf 20,S. K 90 Degree Grease Nipple 1/2 Unf 20,no
"IND-CAS-WHE-8X1""",PCS,Solid Rubber Wheel 8 X 1,Solid Rubber Wheel 8 X 1,no
"NAI-CON-GAL-3/4""-PCK",PCK,3/4 Galvanised Steel Nail (20CS/PCK),3/4 Galvanised Steel Nail (20CS/PCK),no
RAI-BOO-BLA-RUB-36,PAIR,8835 Black Rubber Shoes 36,8835 Black Rubber Shoes 36,no
RAI-BOO-BLA-RUB-38,PAIR,8835 Black Rubber Shoes 38,8835 Black Rubber Shoes 38,no
RAI-BOO-BLA-RUB-41,PAIR,8835 Black Rubber Shoes 41,8835 Black Rubber Shoes 41,no
SCA-KIT-3KG,PCS,3KG Kitchen Scale,3KG Kitchen Scale,no
SWI-POL-3GANG-1WAY-753,PCS,Pol 3 GANG 1 Way Switch Socket,Pol 3 GANG 1 Way Switch Socket,no
TOO-CHI-STA-06MM,PCS,"1/4""/6MM Dynagrip Wood Chisel","1/4""/6MM Dynagrip Wood Chisel",no
CAR-WIN-WIP-120ML,EA,Aa Car Care Windshield Wiper Fluild 120ML,Aa Car Care Windshield Wiper Fluild 120ML,no
CLI-HOS-32X35,PCS,Rb Super Hose Clamp 32 X 35,Rb Super Hose Clamp 32 X 35,no
COC-BIB-MMAN-SS-#716,PCS,M'man Stainless Steel Bibcock 716,M'man Stainless Steel Bibcock 716,no
DOR-PAD-KTAC200,SET,8 King Top A/c Surface Bolt,8 King Top A/c Surface Bolt,no
"FAS-SCR-TD-HRW 675-3""",BOX,"Sr Wood Spandex Screw 3""- Td-hrw 675","Sr Wood Spandex Screw 3""- Td-hrw 675",no
FIT-UPVC-TEE-82MMX50MM,PCS,U-pvc Reducing Tee 82MM X 50MM 3 X 2,U-pvc Reducing Tee 82MM X 50MM 3 X 2,no
FLO-MOC-30AAS20,PCS,"12""X12 Floor Tiles KH30AAS20","12""X12 Floor Tiles KH30AAS20",no
"GLA-6""X24""X4MM-KERTACHI",PCS,6 X 24 X 4MM Kertachi Glass,6 X 24 X 4MM Kertachi Glass,no
HOS-SPA-WAS-C555,PCS,C555 Washer & Nut (PCS),C555 Washer & Nut (PCS),no
INK-POT-BIG,PCS,Big Ink Pot,Big Ink Pot,no
INK-POT-SMALL,PCS,Small Ink Pot,Small Ink Pot,no
"PIP-BRA-1""",SET,1 S/s Tower Rod Bracket-end Type,1 S/s Tower Rod Bracket-end Type,no
SHH-BLK-NYL-210/18-BK,PCS,210/18 100G Black Nylon Twine,210/18 100G Black Nylon Twine,no
SWI-PLK-2G1W-5021,PCS,Plk 5021 10A 2G 1W Switch SIRIM,Plk 5021 10A 2G 1W Switch SIRIM,no
BNW-WAS-M4,PCK,M4 Washer (20PCS/PCK),M4 Washer (20PCS/PCK),no
CUT-HAC-SAW-510B,PCS,12 Home Hack Saw-pipe,12 Home Hack Saw-pipe,no
FIT-PVC-CAP-40MM,PCS,PVC Fitting End Cap 40MM 1-1/2,PVC Fitting End Cap 40MM 1-1/2,no
SHH-LASTIK,PCS,Lastik PVC,Lastik PVC,no
"SHH-NYLON-BAG-1/2""24""(22"")",PCS,"Nylon Fish Bag 210/5 1/2 24""(22"")","Nylon Fish Bag 210/5 1/2 24""(22"")",no
SHH-PE-TWINE-380421GG,PCS,380/42 Gg P. E. Twine,380/42 Gg P. E. Twine,no
TOO-CHI-6076,PCS,Mii Sds Bull Point Chisel - 6076,Mii Sds Bull Point Chisel - 6076,no
TOO-PLU-COU-SMV-RND,PCS,Quick Coupler Two Way-round,Quick Coupler Two Way-round,no
WEL-NOZ-BOC-P1/16,PCS,Boc Cutting Nozzle - 1/16 (pnme),Boc Cutting Nozzle - 1/16 (pnme),no
X-CAB-NET-WOR-1.0M,PCS,Dintek Cat 5 Patch Cord 1 Meter (grey),Dintek Cat 5 Patch Cord 1 Meter (grey),no
COC-BIB-PVC-3009,PCS,M'man ABS Faucet Bibcock - 3009,M'man ABS Faucet Bibcock - 3009,no
"DRI-AUG-SDS-7/8""",PCS,7/8 Sds Plus Auger Bit,7/8 Sds Plus Auger Bit,no
ELE-WIR-WIR30Y/BLK,COIL,Wire Puller 30 Meter Yellow/black (heavy Duty),Wire Puller 30 Meter Yellow/black (heavy Duty),no
FIT-PVC-ELB-32MM,PCS,PVC Fitting Elbow 32MM 1-1/4 Swv,PVC Fitting Elbow 32MM 1-1/4 Swv,no
FIT-UPVC-TEE-W/D-82MM,PCS,"U-pvc Tee W/door 3""(82MM)","U-pvc Tee W/door 3""(82MM)",no
GAR-HOE-WED,PCS,Hoe Wedges,Hoe Wedges,no
MAC-OIL-RUB-5A,SET,Rubber Oil Ring Kit- Orkit 5A,Rubber Oil Ring Kit- Orkit 5A,no
MAC-OIL-RUB-5C,SET,Rubber Oil Ring Kit- Orkit 5C,Rubber Oil Ring Kit- Orkit 5C,no
PAI-SPR-ANC-001,DOZ,400ML Anchor Spray - 1 Clear (DOZ),400ML Anchor Spray - 1 Clear (DOZ),no
PAI-SPR-ANC-002,DOZ,400ML Anchor Spray - 2 White (DOZ),400ML Anchor Spray - 2 White (DOZ),no
PAI-SPR-ANC-004,DOZ,400ML Anchor Spray - 4 Executive Grey (DOZ),400ML Anchor Spray - 4 Executive Grey (DOZ),no
PAI-SPR-ANC-006,DOZ,400ML Anchor Spray - 6 Royal Ivory (DOZ),400ML Anchor Spray - 6 Royal Ivory (DOZ),no
PAI-SPR-ANC-015,DOZ,400ML Anchor Spray - 15 Vermillion,400ML Anchor Spray - 15 Vermillion,no
PAI-SPR-ANC-029,DOZ,400ML Anchor Spray - 29 Flat Black (DOZ),400ML Anchor Spray - 29 Flat Black (DOZ),no
PAI-SPR-ANC-030,DOZ,400ML Anchor Spray - 30 Black (DOZ),400ML Anchor Spray - 30 Black (DOZ),no
PAI-SPR-ANC-803,DOZ,400ML Anchor Spray - 3 (803) Silver,400ML Anchor Spray - 3 (803) Silver,no
"PIP-BRA-MARKSMAN-3/4""-END",PAIR,Sr Marksman Chrome Pipe Bracket 3/4 - End,Sr Marksman Chrome Pipe Bracket 3/4 - End,no
STR-NYL-12173,PCS,Br 6110 10M Japan Nylon Twine,Br 6110 10M Japan Nylon Twine,no
SWI-ADA-EUR-3033,PCS,Eurosafe 3033 13A 3 Way Adaptor Switch Neon (sr),Eurosafe 3033 13A 3 Way Adaptor Switch Neon (sr),no
X-SHH-HOOK-4310N-NO.3/0,PKT,No. 3/0 Exori Nickel Hook (10'S),No. 3/0 Exori Nickel Hook (10'S),no
CUT-KNI-HAN-FISH TAIL,PCS,Sr PVC Parang Handle - Fish Tail,Sr PVC Parang Handle - Fish Tail,no
CUT-KNIFE,PCS,Foochow Knife,Foochow Knife,no
"DOR-BOL-RAI-4""",DOZ,4 Rainbows Tower Bolt (DOZ),4 Rainbows Tower Bolt (DOZ),no
DOR-PAD-KTSS200,SET,8 King Top S/steel Surface Bolt,8 King Top S/steel Surface Bolt,no
FIT-GAL-CAP-18MM,PCS,Galvanised Cap (301) 18MM,Galvanised Cap (301) 18MM,no
FIT-GAL-NIP-12MM,PCS,Galvanised Nipple (280) 12MM,Galvanised Nipple (280) 12MM,no
FIT-PVC-VAL-SOC-50MM,PCS,PVC Fitting Socket Valve 50MM 2,PVC Fitting Socket Valve 50MM 2,no
GUN-TAC-REF-R23-8MM,BOX,8MM Rapid Staples,8MM Rapid Staples,no
IND-SCP-PUT-15075(12),PCS,Br 2600 12 S/steel Putty Knife,Br 2600 12 S/steel Putty Knife,no
NAI-ROO-SUP-T65MM-500G,PKT,E. G Roofing Nail - Twist 65MM 500G,E. G Roofing Nail - Twist 65MM 500G,no
"OIL-FUN-12""",PCS,Oil Funnel 12,Oil Funnel 12,no
PAI-SPR-ANC-808,PCS,400ML Anchor Spray - 8 (808) Gold,400ML Anchor Spray - 8 (808) Gold,no
PIP-EXT-SE-1332,PCS,3/4 X 1/2 Pipe Extractor + BAR,3/4 X 1/2 Pipe Extractor + BAR,no
PIP-HOO-GAL-20MM,PCS,Hook Pipe GI 20MM,Hook Pipe GI 20MM,no
RAI-BOO-TCS5-44#10,PAIR,Tc S5 Yellow Safety Rain Boots 10,Tc S5 Yellow Safety Rain Boots 10,no
SHH-LSTFIS-BIG,PCS,Lst Fishing Lure (big),Lst Fishing Lure (big),no
SHH-ROD-HSS602,PCS,"Ofmer Peacock 562M (5'6"") Rod","Ofmer Peacock 562M (5'6"") Rod",no
"VAL-CHE-BRA-VIP523-1""",PCS,Spring Check Valve: Brass Vip 523 1,Spring Check Valve: Brass Vip 523 1,no
AER-COL-WAT-TAP-FEMALE,PCS,Aerico Cold Water Tap (female),Aerico Cold Water Tap (female),no
BNW-JCBC-SCRW-M6X80MM,PCS,M6 X 80MM Jcbc Screw (rb),M6 X 80MM Jcbc Screw (rb),no
CHA-ANI-6FT-30,PCS,Animal Chain 30 X 6,Animal Chain 30 X 6,no
CUT-KNI-STA-DYN-9MM-992010409,PCS,"(9MM X 5-3/8"") Knives With Dynagrip","(9MM X 5-3/8"") Knives With Dynagrip",no
"FAS-SCR-TAP-PAN-8#1/2""",PACK,8 X 1/2 Ph Self Tapping Screw-pan Head (20PCS/PCK),8 X 1/2 Ph Self Tapping Screw-pan Head (20PCS/PCK),no
IND-CEM-2KG,PCK,2KG Cement,2KG Cement,no
MAR-PEN-70-BLUE,PCS,Faster 70 Marker Pen-blue,Faster 70 Marker Pen-blue,no
NUM-60MM-H,PCS,Acp Alphabet 60MM - H,Acp Alphabet 60MM - H,no
OIL-FUN-7008,PCS,8 Oil Funnel,8 Oil Funnel,no
PAI-SPR-ANC-030,PCS,400ML Anchor Spray - 30 Black (PCS),400ML Anchor Spray - 30 Black (PCS),no
ROO-SHE-0.33MM-GALV,PCS,Roofing Galvzinc 0.33MM X 8 X 28G,Roofing Galvzinc 0.33MM X 8 X 28G,no
SHH-PE-TWINE-380121GG,PCS,380/12 Gg P. E. Twine,380/12 Gg P. E. Twine,no
AIR-CHU-E-111-3,PCS,Dual Tire Chuck With Metal Gauge (0-160 Psi),Dual Tire Chuck With Metal Gauge (0-160 Psi),no
BNW-B&N-ORI-12150,KGS,Mild Steel Bolt & Nut 1/2 X 6,Mild Steel Bolt & Nut 1/2 X 6,no
BNW-BOL-HTM-M06-60MM,PCS,H/t Bolt - M 06 X 60MM,H/t Bolt - M 06 X 60MM,no
BNW-BOL-HTM-M12-50MM,PCS,H/t Bolt - M 12 X 50MM,H/t Bolt - M 12 X 50MM,no
CLI-HOS-36X39,PCS,Rb Super Hose Clamp 36 X 39,Rb Super Hose Clamp 36 X 39,no
DRI-SET-HOLE-SAW-17PCS,SET,17PCS Hitmax Hss Hole Saw Set,17PCS Hitmax Hss Hole Saw Set,no
ELE-PVC-NUT-3X6,PCS,"3""X6 White Box W/nut","3""X6 White Box W/nut",no
FIT-GAL-PLUG-12MM,PCS,Galvanised Plug (291) 12MM,Galvanised Plug (291) 12MM,no
FIT-PVC-CAP-32MM,PCS,PVC Fitting End Cap 32MM 1-1/4,PVC Fitting End Cap 32MM 1-1/4,no
FLO-MOC-BR3030GBR2,PCS,BR3030GBR2 30X30CM,BR3030GBR2 30X30CM,no
FLO-MOC-BR3030GW,PCS,300MM X 300MM BR3030GW,300MM X 300MM BR3030GW,no
FLO-MOC-BR3030NSW,PCS,BR3030NSW 30X30CM,BR3030NSW 30X30CM,no
GUN-TAC-R23,SET,Br 2323 Staple Gun,Br 2323 Staple Gun,no
IND-WIR-BAR-PVC-81B,ROLL,4KG PVC Coated Barbed Wire (2.4MM),4KG PVC Coated Barbed Wire (2.4MM),no
SHH-REEL-SUG135,PCS,"Sin Udang Galah 135 (4'6"") Prawn Rod (4+1) (mix Color)","Sin Udang Galah 135 (4'6"") Prawn Rod (4+1) (mix Color)",no
SHH-ROD-S2692402,PCS,"Santec 2692-402 (4'0"") Tiger Prawn Solid Rod","Santec 2692-402 (4'0"") Tiger Prawn Solid Rod",no
SHH-SPOOL-103,PCS,Fishing Spool HP-103,Fishing Spool HP-103,no
SWI-SOC-NNE-801/1-1W1G,PCS,NNE 801/1 1G 1W Switch SIRIM,NNE 801/1 1G 1W Switch SIRIM,no
TOO-NYL-PLU-COU-NSMV-RND,PCS,Nylon Quick Coupler Two Way - Round,Nylon Quick Coupler Two Way - Round,no
BNW-BOL-HTM-M14-35MM,PCS,H/t Bolt - M 14 X 35MM,H/t Bolt - M 14 X 35MM,no
BNW-JCBC-SCRW-M6X60MM,PCS,M6 X 60MM Jcbc Screw (rb),M6 X 60MM Jcbc Screw (rb),no
CLI-HOS-48X51,PCS,Rb Super Hose Clamp 48 X 51,Rb Super Hose Clamp 48 X 51,no
DOR-PAD-03164,PCS,Br 4250 3 1/2 S/steel Auto Bolt,Br 4250 3 1/2 S/steel Auto Bolt,no
ELE-PVC-NUT-3X12,PCS,Umc 3 X 12 PVC Nut Box,Umc 3 X 12 PVC Nut Box,no
ELE-SWI-SQ-GRE,EA,"On/off Switch 16A 250V 4T Square, Green","On/off Switch 16A 250V 4T Square, Green",no
FAS-HOO-EYE-16#,GROSS,16 Hook & Eyes (GROSS),16 Hook & Eyes (GROSS),no
"FIT-YG245-NIP-1/2""-BRA",PCS,Brass Equal Nipple 1/2,Brass Equal Nipple 1/2,no
NUM-80MM-J,PCS,Venus Home Numbering 80MM - J,Venus Home Numbering 80MM - J,no
RIG-CLI-GAL-05MM,PCS,Galvanised Wire Rope Clip 05MM,Galvanised Wire Rope Clip 05MM,no
SHH-BLK-NYL-210/21-BK,PCS,210/21 100G Black Nylon Twine (308),210/21 100G Black Nylon Twine (308),no
SHH-LIG-NYL-210/12,PCS,210/12 100G L. Brown Nylon (LIVLON)(357),210/12 100G L. Brown Nylon (LIVLON)(357),no
SHH-LIG-NYL-210/18,PCS,210/18 100G L. Brown Nylon Twine (LIVLON)(357),210/18 100G L. Brown Nylon Twine (LIVLON)(357),no
SHH-LIG-NYL-210/21,PCS,210/21 100G L. Brown Nylon T.(LIVLON)(357),210/21 100G L. Brown Nylon T.(LIVLON)(357),no
SHH-LIG-NYL-210/9,PCS,210/9 100G Light Brown N. T.(LIVLON)(357),210/9 100G Light Brown N. T.(LIVLON)(357),no
TAP-SKC-UNC-16MM,SET,Skc Hand Tap Unc 5/8,Skc Hand Tap Unc 5/8,no
AER-BOT-WAT-TAP,PCS,Aerico Bottle Water Tap,Aerico Bottle Water Tap,no
CAR-GLA-CLE-500ML,PCS,Aa Car Care Glass Cleaner 500ML,Aa Car Care Glass Cleaner 500ML,no
ELE-SWI-SQ-RED,EA,"On/off Switch 15A 250V 6T Square, Red KCD4","On/off Switch 15A 250V 6T Square, Red KCD4",no
FIT-HDPE-ADA-MAL-25MMX1,PCS,25MM X 1 HDPE Male Threaded Adaptor,25MM X 1 HDPE Male Threaded Adaptor,no
FIT-PVC-SOC-40MM,PCS,PVC Fitting Socket P/t 40MM 1-1/2,PVC Fitting Socket P/t 40MM 1-1/2,no
FIT-PVC-SOC-DE20MM,PCS,PVC Fitting Socket D/e 20MM 3/4,PVC Fitting Socket D/e 20MM 3/4,no
SHH-ROD-2692-362,PCS,"Santec 2692-362 (3'6"") Tiger Prawn Solid Rod","Santec 2692-362 (3'6"") Tiger Prawn Solid Rod",no
SWI-ADA-MUL-NEO-7196,PCS,Cyberstar 13A Multi Neon Adaptor,Cyberstar 13A Multi Neon Adaptor,no
SWI-PLK-3G1W-5031,PCS,Plk 5031 10A 3G 1W Switch SIRIM,Plk 5031 10A 3G 1W Switch SIRIM,no
CHA-ANI-6FT-25,PCS,Animal Chain 25 X 6,Animal Chain 25 X 6,no
ELE-CLI-PIP-GAL-18MM,PCS,3/4 G. I Saddle BAR,3/4 G. I Saddle BAR,no
ELE-PVC-CAP,PCS,Box Lid - Screw Type,Box Lid - Screw Type,no
"FIT-HDPE-BEN-MAL-25MMX1""",PCS,HDPE Bend Male 25MM X 1,HDPE Bend Male 25MM X 1,no
FIT-UPVC-TEE-110MMX50MM,PCS,U-pvc Reducing Tee 110MM X 50MM 4 X 2,U-pvc Reducing Tee 110MM X 50MM 4 X 2,no
IND-GAL-WIRE-18#-ROLL,ROLL,18 X 20KG Wire,18 X 20KG Wire,no
IND-IRON-HIN,PCS,4 Lorry Hinges,4 Lorry Hinges,no
LMP-TEL-LCI-D80M7,PCS,Lci D80M7 37KWCONTACTOR,Lci D80M7 37KWCONTACTOR,no
PLA-BAG-BLA-08X10,PCK,8 X 10 X 1KG PE (black),8 X 10 X 1KG PE (black),no
"SHH-CAGE-3RING-15""",PCS,3 Ring Cages 15 PE Net,3 Ring Cages 15 PE Net,no
SHH-REEL-SUG120,PCS,"Sin Udang Galah 120 (4'0"") Prawn Rod (4+1)(MIX Color)","Sin Udang Galah 120 (4'0"") Prawn Rod (4+1)(MIX Color)",no
SWI-S/SKT-ACE-1WAY-2GANG,PCS,Ace 1 GANG 2 Way Switch (6512),Ace 1 GANG 2 Way Switch (6512),no
TAP-SIN-BOL-PVC-4115,PCS,Upvc Bottle Trap 1 1/2,Upvc Bottle Trap 1 1/2,no
WEL-MAC-PAR-CON-0.8MM,PCS,0.8MM X 25MM Contact Tip,0.8MM X 25MM Contact Tip,no
X-FLO-MOC-30R166,PCS,12 X 12 Floor Tiles 30R166,12 X 12 Floor Tiles 30R166,no
X-FLO-MOC-BR3060SM,PCS,BR3060SM 300X600MM,BR3060SM 300X600MM,no
BAT-DC-LB1220-1,PCS,DC 12V 2.0AH Lithium Battery,DC 12V 2.0AH Lithium Battery,no
BLI-HSS-HOL-SAW-26MM,PCS,Navato Hole Saw Cutter 26MM,Navato Hole Saw Cutter 26MM,no
"FAS-SCR-DRY-WHI-6#1.1/2""",PCK,Hunter/wh - Drywall Screw 6 (20PCS/PCK) X1-1/2,Hunter/wh - Drywall Screw 6 (20PCS/PCK) X1-1/2,no
FIT-GAL-TEE-18MM,PCS,Galvanised Tee (130) 18MM,Galvanised Tee (130) 18MM,no
FIT-PVC-SOC-DE25MM,PCS,PVC Fitting Socket D/e 25MM 1,PVC Fitting Socket D/e 25MM 1,no
FIT-UPVC-BEN-ELB-50MM,PCS,U-pvc Bend (elbow) 50MM 2,U-pvc Bend (elbow) 50MM 2,no
PAI-GAL-J604S,PCS,4 Gallon Pail,4 Gallon Pail,no
SAF-MAS-305,PCS,R'key Chemical Respirator 305,R'key Chemical Respirator 305,no
"SHH-PE.BAG-24""",PCS,P. E. Bags 24,P. E. Bags 24,no
TIM-SUM-0024,PCS,Sum 0024 24 Hour Timer (sirim),Sum 0024 24 Hour Timer (sirim),no
TOO-CUT-BOL-STA-992014318,PCS,"18""/457MM Bolt Cutter","18""/457MM Bolt Cutter",no
CHA-ANI-6FT-20,PCS,Animal Chain 20 X 6,Animal Chain 20 X 6,no
FIT-PVC-VAL-SOC-32MM,PCS,PVC Fitting Socket Valve 32MM 1-1/4,PVC Fitting Socket Valve 32MM 1-1/4,no
HHD-HAN-LEV-HIGH,PCS,High Level Handle,High Level Handle,no
IND-CEM-TILE-400G,PCK,400G Scinmix Tile Fix Addtive (tfa),400G Scinmix Tile Fix Addtive (tfa),no
IND-DUS-GLO-120L-CLIP,SET,120 Litre Dustbin Clip,120 Litre Dustbin Clip,no
OIL-CAN-MINI-0069,PCS,300ML Mini Oil Can - 0069,300ML Mini Oil Can - 0069,no
RAI-BOO-BLA-RUB-39,PAIR,8835 Black Rubber Shoes 39,8835 Black Rubber Shoes 39,no
SAF-EAR-PLU-3M-1100,PAIR,3M 1100 Disposable Ear Plug,3M 1100 Disposable Ear Plug,no
"SHH-PE.BAG-30""",PCS,P. E. Bags 30,P. E. Bags 30,no
WEL-NOZ-BOC-P3/64,PCS,Boc Cutting Nozzle - 3/64 (pnme),Boc Cutting Nozzle - 3/64 (pnme),no
DOR-SOC-SGD-13MMSN,PCS,13MM (big) Sn St. Guchi Dust Socket,13MM (big) Sn St. Guchi Dust Socket,no
FAS-HOO-EYE-14#,PCS,14 Hook & Eyes,14 Hook & Eyes,no
FAS-HOO-EYE-18#,PCS,18 Hook & Eyes,18 Hook & Eyes,no
FIT-PVC-SOC-32MM,PCS,PVC Fitting Socket P/t 32MM 1-1/4,PVC Fitting Socket P/t 32MM 1-1/4,no
FIT-UPVC-TEE-82MM,PCS,U-pvc Tee 82MM 3,U-pvc Tee 82MM 3,no
IND-SCP-PVC-75MM,PCS,Sr PVC Scraper 3,Sr PVC Scraper 3,no
"LEO-S/S-LOC-BAR-BOL-LRBB100-4""",PCS,Leon S/s L/r Lockable Barrel 4,Leon S/s L/r Lockable Barrel 4,no
TOO-CUT-CAL-SHE-150MM,PCS,Sr Shell Cable Cutter 6,Sr Shell Cable Cutter 6,no
TOO-HOL-MAG-WEL-00306F,PCS,Single Strong Magnetic Welding Grounding Holder (korea),Single Strong Magnetic Welding Grounding Holder (korea),no
WEL-NOZ-BOC-A1/16,PCS,Boc Cutting Nozzle - 1/16 (anme),Boc Cutting Nozzle - 1/16 (anme),no
BNW-WAS-SPR-11MM,PCK,Bsw Spring Washer 7/16 (8PCS/PCK),Bsw Spring Washer 7/16 (8PCS/PCK),no
CHA-BBE4-EV,PCS,Battery Charger For Bossman,Battery Charger For Bossman,no
CLI-ELE-CAB-25MM30'S,BOX,Cable Clip 25MM 30'S (bd),Cable Clip 25MM 30'S (bd),no
CLI-HOS-40X43,PCS,Rb Super Hose Clamp 40 X 43,Rb Super Hose Clamp 40 X 43,no
FIT-UPVC-CAP-82MM,PCS,U-pvc End Cap 82MM 3,U-pvc End Cap 82MM 3,no
MIX-HANDLE,PCS,Handle,Handle,no
NAI-FEL-SUP-18MM-500G,PCK,E. G Felt Nail 18MM - 500G,E. G Felt Nail 18MM - 500G,no
"PIP-BRA-1""-MID",SET,1 S/s Tower Rod Bracket-middle Type,1 S/s Tower Rod Bracket-middle Type,no
PLA-BAG-5X8X500G,ROLL,5 X 8 X 500G Hd/roll,5 X 8 X 500G Hd/roll,no
PLR-TIL-4017,PCS,Tile Leveling Plier,Tile Leveling Plier,no
"SANDEX-VEL-SPO-4""",PCS,Sandex 4 Velcro Polish Sponge (thick),Sandex 4 Velcro Polish Sponge (thick),no
"SHH-CAGE-3RING-13""",PCS,3 Ring Cages 13,3 Ring Cages 13,no
SWI-ADA-TRA-2G,PCS,Me 666 2G Travel Adaptor,Me 666 2G Travel Adaptor,no
TOO-CHI-6075,PCS,Mii Sds Bull Point Chisel - 6075,Mii Sds Bull Point Chisel - 6075,no
X-BOS-2608-587-165,PCS,Ceramic Expert Drill Bit 10 X 90MM,Ceramic Expert Drill Bit 10 X 90MM,no
"AER-RO-JOI-4""+2""",PCS,Aerico 4 + 2 Ro Joint,Aerico 4 + 2 Ro Joint,no
BNW-WAS-RUB-12MM-100G,PKT,1/2 Rubber Washer,1/2 Rubber Washer,no
CLI-ELE-CAB-SPR-U18-20MMTC,PKG,Tc 20MM PVC Spring/u Clip (PKG),Tc 20MM PVC Spring/u Clip (PKG),no
"DIE-ROU-1""",PCS,1 (25MM) Round Die,1 (25MM) Round Die,no
DOR-PAD-KTAC125,PCS,5 King Top A/c Surface Bolt,5 King Top A/c Surface Bolt,no
ELE-PLA-ROLLER-TC 11',PCS,Tc 11 Plastic Roller (almighthy),Tc 11 Plastic Roller (almighthy),no
"ELE-PVC-MALE-SOCKET-3/4""",PC(S),Ele PVC Male Socket 3/4,Ele PVC Male Socket 3/4,no
FIT-PVC-TEE-50MM,PCS,PVC Fitting Tee 50MM 2 Swv,PVC Fitting Tee 50MM 2 Swv,no
"HOS-FLE-BT/M039-10""",PCS,10 Flexible Hose,10 Flexible Hose,no
IND-TRO-BRI-226,PCS,Gd Bricklaying Trowel (2-2) 6,Gd Bricklaying Trowel (2-2) 6,no
TOO-NYL-PLU-COU-NSMY-RND,PCS,Nylon Quick Coupler Three Way - Round,Nylon Quick Coupler Three Way - Round,no
TOO-SPA-BEN-12MM,PCS,Bend Spanner 1/2,Bend Spanner 1/2,no
"WHE-NYL-CAS-2""-2268#",SET,M'man PVC Swivel Caster 2268,M'man PVC Swivel Caster 2268,no
BNW-BOL-HTM-M10-75MM,PCS,H/t Bolt - M 10 X 75MM,H/t Bolt - M 10 X 75MM,no
BRA-S/S-MULTI-S,PCS,Multi Functional S/steel Angle Bracket S Size,Multi Functional S/steel Angle Bracket S Size,no
COC-BIB-PVC-SY12MM,PCS,1/2 Sy PVC Bib Tap,1/2 Sy PVC Bib Tap,no
"CUT-PVC-FIL-9002R-4""",PCS,4 Prc PVC File Handle-rectangle,4 Prc PVC File Handle-rectangle,no
"DRI-AUG-BIT-3/4""X200",PCS,3/4 X 200 Star-m Auger Bit (b),3/4 X 200 Star-m Auger Bit (b),no
ELE-BOX-MCB-16WAY,PCS,Tc 16 Way Mcb Box,Tc 16 Way Mcb Box,no
"ELE-D/L-222/6""-WH",PCS,Surface Downlite 222/6 Wh,Surface Downlite 222/6 Wh,no
"FAS-SCR-DRY-WHI-6#1""",PCK,Hunter/wh - Drywall Screw 6 X1 (20PCS/PCK),Hunter/wh - Drywall Screw 6 X1 (20PCS/PCK),no
"FIT-UPVC-TEE-2""",PCS,"2""(50MM) U Tee Plain (90)","2""(50MM) U Tee Plain (90)",no
GUN-CAU-BLU,PCS,Blue Caulking Gun,Blue Caulking Gun,no
IND-CAS-NYL-38MM,SET,1 1/2 IN White Nylon Caster Wheel,1 1/2 IN White Nylon Caster Wheel,no
MIDDY-SOCKET-G100S-W,PCS,Middy: Socket (white),Middy: Socket (white),no
"PAI-BRU-SEL-1""",PCS,1 Selleys All Purpose Paint Brush,1 Selleys All Purpose Paint Brush,no
SIN-WAS-PVC-32MM,PCS,1 1/4 PVC Waste - 1412,1 1/4 PVC Waste - 1412,no
STR-NYL-MIX,DOZ,Dozen Nylon String (DOZ),Dozen Nylon String (DOZ),no
TOO-CHI-HTS250,PCS,10 Pointed Spring Chisel,10 Pointed Spring Chisel,no
TOO-CUT-BOL-STA-9920144312,PCS,"12""/305MM Bolt Cutter","12""/305MM Bolt Cutter",no
X-SPO-STE-WOOL-UNI326,PCS,Steel Wool,Steel Wool,no
ABR-PAP-CLO-3#,PCS,Cloth Abrasive Paper 3,Cloth Abrasive Paper 3,no
BNW-WAS-SSS-12MM,PCS,SS 304 Flat Washer 1/2,SS 304 Flat Washer 1/2,no
DOR-PAD-03019(3.1/2),PCS,3 1/2 777 S/steel Square Bolt,3 1/2 777 S/steel Square Bolt,no
DRI-BIT-116G,PCS,19MM Hitmax Diamond Core Bit,19MM Hitmax Diamond Core Bit,no
"FIT-UPVC-TEE-1 1/2""",PCS,1 1/2 (40MM) U Tee Plain (90'),1 1/2 (40MM) U Tee Plain (90'),no
PAI-SPR-ANC-001,PCS,400ML Anchor Spray - 1 Clear (PCS),400ML Anchor Spray - 1 Clear (PCS),no
SHH-LIG-NYL-210/15,PCS,210/15 100G L. Brown Nylon (LIVLON)(357),210/15 100G L. Brown Nylon (LIVLON)(357),no
SHH-PE-TWINE-380271GG,PCS,380/27 Gg P. E Twine,380/27 Gg P. E Twine,no
SHH-ROD-S2904150,PCS,Santec 2696-562(165) (5'6'') Hornycorn Trans Solid Rod,Santec 2696-562(165) (5'6'') Hornycorn Trans Solid Rod,no
TOO-CHI-6078,PCS,Mii Sds Bull Point Chisel - 6078,Mii Sds Bull Point Chisel - 6078,no
TOO-SPA-BEN-06MM,PCS,Bend Spanner 1/4,Bend Spanner 1/4,no
BURR-ROT-MB009,SET,6PCS Rotary Tungsten Burr,6PCS Rotary Tungsten Burr,no
COC-STO-PVC-12MM,EA,1/2 IN PVC Stop Cock,1/2 IN PVC Stop Cock,no
DOR-PAD-KTSS100,SET,4 King Top S/steel Surface Bolt,4 King Top S/steel Surface Bolt,no
"DRI-AUG-BIT-5/8""X200",PCS,5/8 X 200 Star-m Auger Bit (b),5/8 X 200 Star-m Auger Bit (b),no
ELE-BOX-MCB-19WAY,PCS,Tc 19 Way Mcb Box,Tc 19 Way Mcb Box,no
ELE-RENO-63A-3P-MCB,EA,Reno 63A 3P Mcb,Reno 63A 3P Mcb,no
"FIT-HDPE-TEE-MAL-20MMX1/2""",PCS,HDPE Tee Male 20MM X 1/2,HDPE Tee Male 20MM X 1/2,no
"FIT-HDPE-TEE-MAL-20MMX3/4""",PCS,HDPE Tee Male 20MM X 3/4,HDPE Tee Male 20MM X 3/4,no
"FIT-PVC-NIP-1""X3/4""",PCS,"1""(25MM) X 3/4""(20MM) Red Socket","1""(25MM) X 3/4""(20MM) Red Socket",no
FIT-UPVC-BEN-ELB-W/D-50MM,PCS,U-pvc Bend (elbow) W/door 50MM 2,U-pvc Bend (elbow) W/door 50MM 2,no
IND-DUS-GLO-120L-COV,PCS,120 LTR Dustbin Lids (cover),120 LTR Dustbin Lids (cover),no
MOT-FAN-BIG,PCS,Motor Fan (b),Motor Fan (b),no
"SHH-ROU-LAN-NET-19X1/2""",PCS,Round Landing Net 19 X 1/2,Round Landing Net 19 X 1/2,no
SOC-EMPTY-TAI-2G-2000,PCS,Eurosonic 2G 9822 (empty) Trailing Socket Cw Surge (sr),Eurosonic 2G 9822 (empty) Trailing Socket Cw Surge (sr),no
SOC-TH-C-0406,PCS,1/2 X 6MM Convertor Hex Socket,1/2 X 6MM Convertor Hex Socket,no
VAL-FOOT-BRA-VIP526,PCS,Spring Foot Valve: Brass (526) Vip 1.0,Spring Foot Valve: Brass (526) Vip 1.0,no
WOO-PLY-BOA-3MM,PCS,Mdf Board 3MM X 4 X 8,Mdf Board 3MM X 4 X 8,no
BNW-NUT-HTM-M08,PCS,H/t Nut - M 08,H/t Nut - M 08,no
CAR-COO-GRN-500ML,EA,Aa Car Care Coolant 500ML (green),Aa Car Care Coolant 500ML (green),no
"FIT-SS231-ELB-MXF-1/2""-SUS304",PCS,SS Mxf Elbow 1/2,SS Mxf Elbow 1/2,no
IND-CAS-RUB-100MM,PCS,4 Rubber Wheel Only,4 Rubber Wheel Only,no
SHH-CAGE-2RING-10X12-PENET,PCS,2 Ring Cage 10 X 12 PE Net,2 Ring Cage 10 X 12 PE Net,no
"TOI-BAS-FIX-SCR-WHT-120-4.1/2""",PCS,4 1/2 Basin Screw Fixing Set,4 1/2 Basin Screw Fixing Set,no
TOO-CHI-THP250,PCS,Cold Chisel High Tensile 250MM Point,Cold Chisel High Tensile 250MM Point,no
"CUT-PAR-18""",PCS,18 Parang,18 Parang,no
ELE-PVC-INS-TEE,PCS,19MM Inspection Tee,19MM Inspection Tee,no
FAS-HOO-EYE-3#,GROSS,3 Hook & Eyes (24 Pcs/pck),3 Hook & Eyes (24 Pcs/pck),no
"FAS-SCR-TD-HRW 640- 1 1/2""",BOX,"Sr Wood Spandex Screw 1 1/2""- Td-hrw 640","Sr Wood Spandex Screw 1 1/2""- Td-hrw 640",no
FIT-PVC-PLU-32MM,PCS,PVC Fitting Plug 32MM 1-1/4 1 Bag,PVC Fitting Plug 32MM 1-1/4 1 Bag,no
GUN-CAU-ORANGE,PCS,Orange Caulking Gun Double,Orange Caulking Gun Double,no
OIL-FUN-7006,PCS,6 Funnel,6 Funnel,no
SHH-BELL-DOUBLE,PCS,Double Fishing Bell,Double Fishing Bell,no
SWI-S/SKT-LWD-0213,PCS,Lwd 0213 F3 13A Neon S/skt SIRIM,Lwd 0213 F3 13A Neon S/skt SIRIM,no
TOO-CLA-G-RED-200,PCS,G-clamp (red) 8,G-clamp (red) 8,no
BNW-B&N-ORI-12175,KGS,Mild Steel Bolt & Nut 1/2 X 7,Mild Steel Bolt & Nut 1/2 X 7,no
CHA-GAL-8MM,KGS,Galv Short Link Chain 5/16,Galv Short Link Chain 5/16,no
CUT-SAW-HANDLE,PCS,Supersawman Handsaw Handle,Supersawman Handsaw Handle,no
ELE-WIR-WIR15Y/BLK,COIL,Wire Puller 15 Meter Yellow/black (heavy Duty),Wire Puller 15 Meter Yellow/black (heavy Duty),no
ELE-WOO-BLOCK-9X16,EA,Wood Block 9 X 16,Wood Block 9 X 16,no
FIT-GAL-PLUG-18MM,PCS,Galvanised Plug (291) 18MM,Galvanised Plug (291) 18MM,no
"FIT-HDPE-BEN-MAL-20MMX3/4""",PCS,HDPE Bend Male 20MM X 3/4,HDPE Bend Male 20MM X 3/4,no
FIT-PVC-CON-40MM,PCS,PVC Fitting Tank Connector 40MM 1-1/2,PVC Fitting Tank Connector 40MM 1-1/2,no
PVC-STRAPPING-APPLE GREEN,KGS,PVC Strapping Apple Green (KGS),PVC Strapping Apple Green (KGS),no
PVC-STRAPPING-GREEN,KGS,PVC Strapping Green (KGS),PVC Strapping Green (KGS),no
RAI-MCB,PCS,Din Rail Aluminium 1M,Din Rail Aluminium 1M,no
SHH-NYL-NET-8,PCS,Automatic Nylon Fishing Mesh Net 8 Hole,Automatic Nylon Fishing Mesh Net 8 Hole,no
TAP-BOL-S-TRA-32MM,PCS,Plastic S-trap 1 1/4 (32MM),Plastic S-trap 1 1/4 (32MM),no
V-MORE-V15-PVC-KNIFE,PCS,V-more V-15 PVC Paper Knife,V-more V-15 PVC Paper Knife,no
BNW-BOL-HTM-M12-40MM,PCS,H/t Bolt - M 12 X 40MM,H/t Bolt - M 12 X 40MM,no
CAR-ARMOR-PROTECT,PACK,Armor All 300ML Protectant,Armor All 300ML Protectant,no
CAR-CLE-WHEEL,BTL,Armor All Wheel & Tire Cleaner 300ML,Armor All Wheel & Tire Cleaner 300ML,no
CLI-HOS-52X55,PCS,Rb Super Hose Clamp 52 X 55,Rb Super Hose Clamp 52 X 55,no
ELE-PVC-SOC-3M,LTH,3/4 X 3M Ep Socket (white),3/4 X 3M Ep Socket (white),no
FLO-MOC-20UB80,PCS,"8""X8 Floor Tiles","8""X8 Floor Tiles",no
FLO-MOC-30PS12,PCS,12 X 12 Floor Tiles 30PS12,12 X 12 Floor Tiles 30PS12,no
TOO-DRV-SET-MS,SET,7PCS MS Electric Screw Driver Set,7PCS MS Electric Screw Driver Set,no
BNW-WAS-SSS-06MM,PCS,SS 304 Flat Washer 1/4,SS 304 Flat Washer 1/4,no
CAR-WAX-REPELL,PCS,Lizard Repellent 500ML,Lizard Repellent 500ML,no
DOR-PAD-KTAC150,SET,6 King Top A/c Surface Bolt,6 King Top A/c Surface Bolt,no
"DRI-AUG-SDS-1""",PCS,1 Sds Plus Auger Bit,1 Sds Plus Auger Bit,no
ELE-BOX-MCB-08WAY,PCS,Tc 8 Way Mcb Box,Tc 8 Way Mcb Box,no
"ELE-BRA-CLA-SML-5/8""",EA,Brass Clamp Small 5/8,Brass Clamp Small 5/8,no
FIT-PVC-ELB-50MM,PCS,PVC Fitting Elbow 50MM 2 Swv,PVC Fitting Elbow 50MM 2 Swv,no
FIT-UPVC-SLE-82MM,PCS,U-pvc Sleeve 82MM 3,U-pvc Sleeve 82MM 3,no
"FIT-YG237-SOC-1/2""-BRA",PCS,Brass Equal Socket 1/2,Brass Equal Socket 1/2,no
IND-CAS-GLI-RIG-50MM,EA,2 IN Glide Rigid Caster Wheel,2 IN Glide Rigid Caster Wheel,no
IND-SCP-PUT-15075(08),PCS,Br 2600 8 S/steel Putty Knife,Br 2600 8 S/steel Putty Knife,no
"IND-WIR-MES-HEX-1/2""",FTS,Hexagon Wire Mesh 1/2 X 24G X 3 X 90,Hexagon Wire Mesh 1/2 X 24G X 3 X 90,no
NUM-60MM-8,PCS,Venus Home Numbering 60MM - 8,Venus Home Numbering 60MM - 8,no
"SHH-PE.BAG-20""",PCS,P. E. Bags 20,P. E. Bags 20,no
TAP-BOL-S-TRA-40MM,PCS,Plastic S-trap 1 1/2 (40MM),Plastic S-trap 1 1/2 (40MM),no
CAB-PVC-FLE-CON-25MM,COIL,"Cable 25MM PVC Flexible Conduit, White 40M (COIL)","Cable 25MM PVC Flexible Conduit, White 40M (COIL)",no
DOR-PAD-KTSS150,SET,6 King Top S/steel Surface Bolt,6 King Top S/steel Surface Bolt,no
IND-SCP-WOO-065MM,PCS,Gd Scraper 2.1/2,Gd Scraper 2.1/2,no
"NAI-COM-1/2""*",PCK,1/2 Wire Nails - 200G,1/2 Wire Nails - 200G,no
SEA-GAS-B,FTS,Black Gasket 1601 X 500 (k),Black Gasket 1601 X 500 (k),no
SHH-BELL-DOUBLE-PLA,PCS,Double Fishing Bell Plastic,Double Fishing Bell Plastic,no
"SHH-CAGE-2RING-8""",PCS,"2 Ring Cages 8 (210/5 X 8"")","2 Ring Cages 8 (210/5 X 8"")",no
TAP-S2440ST,ROLL,905 Stationery Tape-st,905 Stationery Tape-st,no
"DRI-AUG-BIT-1""X200",PCS,1 X 200 Star-m Auger Bit (b),1 X 200 Star-m Auger Bit (b),no
"DRI-AUG-CRO-1/2""",PCS,Navato Auger Bit 1/2,Navato Auger Bit 1/2,no
"FAS-SCR-TD-HRW 525-1""",PCK,Sr Wood Spandex Screw 1 - Td-hrw 525 (PCK),Sr Wood Spandex Screw 1 - Td-hrw 525 (PCK),no
FIT-PVC-SOC-50MM,PCS,PVC Fitting Socket P/t 50MM 2,PVC Fitting Socket P/t 50MM 2,no
FIT-PVC-TEE-40MM,PCS,PVC Fitting Tee 40MM 1-1/2 Swv,PVC Fitting Tee 40MM 1-1/2 Swv,no
FIT-PVC-VAL-SOC-40MM,PCS,PVC Fitting Socket Valve 40MM 1-1/2,PVC Fitting Socket Valve 40MM 1-1/2,no
"IND-IRON-HIN-3.1/2""",PCS,3 1/2 X 3MM Lorry Hinges,3 1/2 X 3MM Lorry Hinges,no
"NAI-CON-WHI-38""",BOX,1 1/2 Hardened Steel Concrete Nail,1 1/2 Hardened Steel Concrete Nail,no
NUM-60MM-G,PCS,Acp Alphabet 60MM - G,Acp Alphabet 60MM - G,no
NUM-60MM-T,PCS,Venus Home Numbering 60MM - T,Venus Home Numbering 60MM - T,no
TAP-SIN-BOL-PVC-4112,PCS,Upvc Bottle Trap 1 1/4,Upvc Bottle Trap 1 1/4,no
TOO-DRV-KT107-Z150,PCS,"150MM (6""-6)107 King Top (-) Screw Driver","150MM (6""-6)107 King Top (-) Screw Driver",no
TOO-FIL-SENSUI-SNF004,PCS,6 Sensui Thin Flat File,6 Sensui Thin Flat File,no
"VAL-CHE-BRA-VIP523-3/4""",PCS,Spring Check Valve: Brass Vip 523 3/4,Spring Check Valve: Brass Vip 523 3/4,no
DRI-MIX-SDS-CEM,PCS,20 X 500MM Metal T Type Sds Mixer BAR,20 X 500MM Metal T Type Sds Mixer BAR,no
ELE-CLI-PIP-PVC-12MM,PCS,1/2 PVC Pipe Clips,1/2 PVC Pipe Clips,no
FIT-PVC-PLU-40MM,PCS,PVC Fitting Plug 40MM 1-1/2,PVC Fitting Plug 40MM 1-1/2,no
FIT-PVC-PLU-50MM,PCS,PVC Fitting Plug 50MM 2,PVC Fitting Plug 50MM 2,no
GUN-GRE-NIP-90 M8X1.0,PCS,S. K 90 Degree Grease Nipple M8 X 1.0,S. K 90 Degree Grease Nipple M8 X 1.0,no
GUN-TAC-REF-TR45-06MM,SET,"1/4""/6MM Sharpshooter Staples Bullet","1/4""/6MM Sharpshooter Staples Bullet",no
RAI-BOO-BLA-RUB-039#,PAIR,8834 Black Rubber Shoes W/studs 39,8834 Black Rubber Shoes W/studs 39,no
RAI-BOO-BLA-RUB-041#,PAIR,8834 Black Rubber Shoes W/studs 41,8834 Black Rubber Shoes W/studs 41,no
"SHH-NYLON-BAG-1/2""36""(34"")",PCS,"Nylon Fish Bag 210/5 1/2 36""(34"")","Nylon Fish Bag 210/5 1/2 36""(34"")",no
SHH-PLA-NET-NEEDLE-NO.6,PCS,Plastic Net Needle No. 6 (white),Plastic Net Needle No. 6 (white),no
SIN-TRA-PVC-38MM,PCS,Sr Waterec Unit Trap - 1 1/2,Sr Waterec Unit Trap - 1 1/2,no
SWI-IND-CLI-56C313,PCS,Clipsal Industrial Switchgear,Clipsal Industrial Switchgear,no
SWI-OMR-H3G8C,PCS,Omron H3G-8C 60S,Omron H3G-8C 60S,no
SWI-SOC-H34/1/2A-4W1G,PCS,1 G 4 W Switch,1 G 4 W Switch,no
TOO-CHI-THF250,PCS,Cold Chisel High Tensile 250MM Flat,Cold Chisel High Tensile 250MM Flat,no
DOR-PAD-KTSS075,SET,3 King Top S/steel Surface Bolt,3 King Top S/steel Surface Bolt,no
DRI-AUG-2WAY-14MM,PCS,Navato Auger Bit 9/16,Navato Auger Bit 9/16,no
FIT-UPVC-SLE-50MM,PCS,U-pvc Sleeve 50MM 2,U-pvc Sleeve 50MM 2,no
SHH-NYL-NET-6,PCS,Automatic Nylon Fishing Mesh Net 6 Hole,Automatic Nylon Fishing Mesh Net 6 Hole,no
SWI-S/SKT-LWD-0011,PCS,Lwd 0011 F3 1G 1W Switch SIRIM,Lwd 0011 F3 1G 1W Switch SIRIM,no
TOO-WRE-OIL-FW-7008B,PCS,Fiesto Chain Oil Filter Wrench 12,Fiesto Chain Oil Filter Wrench 12,no
CLI-HOS-56X59,PCS,Rb Super Hose Clamp 56 X 59,Rb Super Hose Clamp 56 X 59,no
FIT-PVC-PLU-20MM,PCS,PVC Fitting Plug 20MM 3/4,PVC Fitting Plug 20MM 3/4,no
IND-SLO-ANG-TRA-PLA,PCS,Slotted Angle Triangle Plate,Slotted Angle Triangle Plate,no
MOT-DC244,UNIT(S),DC244 Motor Siren,DC244 Motor Siren,no
TOO-CUT-CAL-SHE-200MM,PCS,Sr Shell Cable Cutter 8,Sr Shell Cable Cutter 8,no
TOO-DRV-MUL-13178,PCS,Br 1018 Multipurpose Screw Driver,Br 1018 Multipurpose Screw Driver,no
ABR-PAP-CLO-2#,PCS,Cloth Abrasive Paper 2,Cloth Abrasive Paper 2,no
"DOR-PUL-AC-4""",PCS,303 AC Door Pull 4,303 AC Door Pull 4,no
"DRI-AUG-BIT-7/8""X200",PCS,7/8 X 200 Star-m Auger Bit (b),7/8 X 200 Star-m Auger Bit (b),no
"DRI-AUG-SDS-WOOD-5/16""X8""",PCS,5/16 X 8 Sds Plus Auger Bit,5/16 X 8 Sds Plus Auger Bit,no
ELE-PVC-ANG-2WAY,PCS,19MM Angle Box (2 Way Box),19MM Angle Box (2 Way Box),no
FIT-PVC-CAP-15MM,PCS,PVC Fitting End Cap 15MM 1/2,PVC Fitting End Cap 15MM 1/2,no
FIT-PVC-TEE-15MM,PCS,PVC Fitting Tee 15MM 1/2,PVC Fitting Tee 15MM 1/2,no
FIT-UPVC-TEE-110MMX82MM,PCS,U-pvc Reducing Tee 110MM X 82MM 4 X 3,U-pvc Reducing Tee 110MM X 82MM 4 X 3,no
PIP-PVC-WHI-LAT-25M125M,LTH,1 X 5 Latrine Pipe (1 X 50 Lth),1 X 5 Latrine Pipe (1 X 50 Lth),no
PITL-GAU-SCRE,SET,52PCS Screw Pitch Gauge,52PCS Screw Pitch Gauge,no
SUP-ROL-WIN-CUR,PCK,Star Plastic Curtain Roller (25PCS/PCK),Star Plastic Curtain Roller (25PCS/PCK),no
TOO-CUT-CAL-LMA01-B,PCS,24 Lead Cable Cutter,24 Lead Cable Cutter,no
CAR-WAX-MOS-CLE,PCS,Mcs Super Mosaic Clean - 500ML,Mcs Super Mosaic Clean - 500ML,no
ELE-BOX-MCB-10WAY,PCS,Tc 10 Way Mcb Box,Tc 10 Way Mcb Box,no
FIT-PVC-SOC-DE32MM,PCS,PVC Fitting Socket D/e 32MM 1-1/4 Swv,PVC Fitting Socket D/e 32MM 1-1/4 Swv,no
PAI-GAL-6G-9600,PCS,9600 6G Pail,9600 6G Pail,no
"SHH-CAGE-2RING-6""",PCS,"2 Ring Cages 6 (210/5 X 6"")","2 Ring Cages 6 (210/5 X 6"")",no
SHH-PLA-NET-NEEDLE-NO.2,PCS,Plastic Net Needle No. 2 (white),Plastic Net Needle No. 2 (white),no
SIN-WAS-PVC-38MM,PCS,1 1/2 PVC Waste,1 1/2 PVC Waste,no
"SOC-PVC-TEE-1""",PCS,PVC Socket Tee 1 White,PVC Socket Tee 1 White,no
TOO-CHI-HTS200,PCS,8 Pointed Spring Chisel,8 Pointed Spring Chisel,no
"TOO-DRV-STA-TAN-8MM-10""-#3+",PCS,Tank Thru Screwdriver - 8MM X 10 X 3 (+),Tank Thru Screwdriver - 8MM X 10 X 3 (+),no
"TOO-FIL-ORE-3/16""",PCS,3/16 Oregan Chainsaw File (b) (PCS),3/16 Oregan Chainsaw File (b) (PCS),no
"DRI-AUG-SDS-1/4""",PCS,1/4 Sds Plus Auger Bit,1/4 Sds Plus Auger Bit,no
ELE-PVC-CON-U3X3,EA,Umc 3 X 3 PVC Conceal Box,Umc 3 X 3 PVC Conceal Box,no
SWI-CHN-JK107,PCS,Switch Chnt Auto Jk 107,Switch Chnt Auto Jk 107,no
"DRI-SDS-ADA-1/2""",PCS,Sds Adaptor 1/2,Sds Adaptor 1/2,no
ELE-CLI-PIP-GAL-12MM,PCS,1/2 G. I Saddle BAR,1/2 G. I Saddle BAR,no
"GUN-GRE-NIP-STR-1/2"" UNF 20",PCS,S. K Straight Grease Nipple 1/2 Unf 20,S. K Straight Grease Nipple 1/2 Unf 20,no
NOZ-GEL-250G,TIN,Nozzle Gel (250G),Nozzle Gel (250G),no
SHH-BOX-OTB360,PCS,360 Ofmer Tackle Box,360 Ofmer Tackle Box,no
SHH-STR-RUB-LRS,PCS,Long Rubber String,Long Rubber String,no
"VAL-FOOT-BRA-VIP526-3/4""",PCS,Spring Foot Valve: Brass (526) Vip 3/4,Spring Foot Valve: Brass (526) Vip 3/4,no
WOO-CAR-SET-6PCS,SET,6PCS Wood Carving Set,6PCS Wood Carving Set,no
BATT-SOLAR-FAN,PCS,Battery Solar Fan,Battery Solar Fan,no
"DOR-BOL-RAI-6""",DOZ,6 Rainbows Tower Bolt,6 Rainbows Tower Bolt,no
DRI-CER-BLI-06MM(+),PCS,Blimax Multi Ceramic Cross Drill Bit (gold) - 6MM,Blimax Multi Ceramic Cross Drill Bit (gold) - 6MM,no
"ELE-D/L-629/6""-ROU-BLU",PCS,Down Lite 629/6 Round - Wh+bl,Down Lite 629/6 Round - Wh+bl,no
ELE-EUR-20A-MCB,PCS,Euroguard Mcb 3P 20A,Euroguard Mcb 3P 20A,no
ELE-GRW-63A3PMCB,EA,Grow 63A 3P Mcb,Grow 63A 3P Mcb,no
RIG-TUR-08MM,PCS,Galvanised Turnbuckle 08MM,Galvanised Turnbuckle 08MM,no
SAF-EAR-PLU-9017,PCS,9017 Ear Plug With Cord & Case,9017 Ear Plug With Cord & Case,no
SHH-REEL-LINE-SS800,PCS,Santec Sepit 800 Prawn Reel W/line,Santec Sepit 800 Prawn Reel W/line,no
TOI-ACC-PLA-SCR-CJAC6002,SET,Cjac 6002 Close Couple Screw Set,Cjac 6002 Close Couple Screw Set,no
BNW-B&N-ORI-12125,KGS,Mild Steel Bolt & Nut 1/2 X 5,Mild Steel Bolt & Nut 1/2 X 5,no
BNW-NUT-HTM-M16,PCS,H/t Nut - M 16,H/t Nut - M 16,no
CUT-DIS-MARK-12830-04C,PCS,Mr. Mark 4 Cutting Disc Abr. Wheel 12830,Mr. Mark 4 Cutting Disc Abr. Wheel 12830,no
FIT-HDPE-CON-20MM,PCS,3/4 HDPE Tank Connector,3/4 HDPE Tank Connector,no
"FIT-PVC-NIP-1""X1/2""",PCS,"1""(25MM) X 1/2""(15MM) Reducing Socket","1""(25MM) X 1/2""(15MM) Reducing Socket",no
FIT-UPVC-BUSH-32X50MM,PCS,"U-pvc Reducing Bush 2""X1 1/4","U-pvc Reducing Bush 2""X1 1/4",no
"FIT-UPVC-TEE-1 1/4""",PCS,1 1/4 (32MM) U Tee Plain (90'),1 1/4 (32MM) U Tee Plain (90'),no
IND-SCP-WOO100,DOZ,Gd Scraper 4,Gd Scraper 4,no
PIN-COT-GAJ,PCK,Gajah Cotter Pin 4 X 40MM,Gajah Cotter Pin 4 X 40MM,no
SWI-CON-TBC-20A,PCS,Plasma Tbc 20A 10 Way Terminal Block,Plasma Tbc 20A 10 Way Terminal Block,no
ELE-BOX-MCB-14WAY,PCS,Tc 14 Way-n Mcb Box,Tc 14 Way-n Mcb Box,no
ELE-PVC-CON-TC3X10,PCS,Tc 3 X 10 PVC Conceal Box,Tc 3 X 10 PVC Conceal Box,no
FAS-ANC-PJA-0980,PCS,Sh P. J. Anchor 3/8 X 4-1/2 (PCS),Sh P. J. Anchor 3/8 X 4-1/2 (PCS),no
FAS-HOO-EYE-12#,PCS,12 Hook & Eyes,12 Hook & Eyes,no
PIP-EXT-26175,PCS,"1/2""-3/4 Pipe Extractor","1/2""-3/4 Pipe Extractor",no
CAR-WAS-500ML,PCS,Aa Car Care Wash&shine 500ML,Aa Car Care Wash&shine 500ML,no
FAS-HOO-EYE-6#,PCK,6 Hook & Eyes (6 Pcs/pck),6 Hook & Eyes (6 Pcs/pck),no
"FIT-HDPE-BUS-1""X1/2""",PCS,HDPE Bush 1 X 1/2,HDPE Bush 1 X 1/2,no
FIT-UPVC-CAP-50MM,PCS,U-pvc End Cap 50MM 2,U-pvc End Cap 50MM 2,no
HAR-GI-LIFT-WHI,PCS,Sam Lee Oil Palm D-harvesting Lifter GI Pipe,Sam Lee Oil Palm D-harvesting Lifter GI Pipe,no
TOO-DRV-SET31IN1,SET,31 IN 1 Electro Multi Screw-driver,31 IN 1 Electro Multi Screw-driver,no
TOO-HOO-2335#,PCS,M'man (bearing) Wire Hook 2335 10,M'man (bearing) Wire Hook 2335 10,no
X-CAR-PERFUME-301645400,PCK,Ryc Md Crisp Sunrise 2PCS,Ryc Md Crisp Sunrise 2PCS,no
CUT-DIS-YES-120#,PCS,Yes Line/bison Green Grinding Disc 4 X 120,Yes Line/bison Green Grinding Disc 4 X 120,no
ELE-WOO-BLOCK-8X10,EA,Wood Block 8 X 10,Wood Block 8 X 10,no
FIT-HDPE-BEN-FEM-20MMX34,PCS,HDPE Bend Female 20MM X 3/4,HDPE Bend Female 20MM X 3/4,no
"FIT-HDPE-NIP-3/4""X1/2""",PCS,HDPE Nipple 3/4 X 1/2,HDPE Nipple 3/4 X 1/2,no
FIT-HDPE-ORI-32MM,PCS,HDPE O-ring 32MM,HDPE O-ring 32MM,no
FIT-UPVC-BEN-ELB-32MM,PCS,U-pvc Bend (elbow) 32MM 1-1/4,U-pvc Bend (elbow) 32MM 1-1/4,no
"GUN-GRE-NIP-90 3/8""",PCS,S. K Unf 90 Degree Grease Nipple 3/8,S. K Unf 90 Degree Grease Nipple 3/8,no
IND-WHE-BAR-SHA-5IN1,PCS,Wheel Barrow Shaft (5 IN 1),Wheel Barrow Shaft (5 IN 1),no
"PIP-UPVC-4514-4""",MTR,4 (110MM) 4514 X 6M Upvc Pipe,4 (110MM) 4514 X 6M Upvc Pipe,no
FIT-GAL-ELBW-18MM,PCS,Galvanised Elbow (90) 18MM,Galvanised Elbow (90) 18MM,no
FIT-PVC-CAP-50MM,PCS,PVC Fitting End Cap 50MM 2,PVC Fitting End Cap 50MM 2,no
FIT-PVC-VAL-SOC-20MM,PCS,PVC Fitting Socket Valve 20MM 3/4,PVC Fitting Socket Valve 20MM 3/4,no
SHH-BELL-SINGLE,PCS,Single Fishing Bell,Single Fishing Bell,no
TOI-COV-SCREW-Y382,SET,Off Set Screw & Nut PVC -Y382,Off Set Screw & Nut PVC -Y382,no
CAR-HIT-HP-CB999067,PCS,Carbon Brush,Carbon Brush,no
DOR-PAD-KTAC075,SET,3 King Top A/c Surface Bolt,3 King Top A/c Surface Bolt,no
"DRI-AUG-SDS-5/8""",PCS,5/8 Sds Plus Auger Bit,5/8 Sds Plus Auger Bit,no
SIN-TRA-PVC-32MM,PCS,Sr Waterec Unit Trap - 1 1/4,Sr Waterec Unit Trap - 1 1/4,no
"SOC-GI-2WAY-BOX-3/4""",PCS,GI 2WAY Box 3/4,GI 2WAY Box 3/4,no
SWI-SOC-MET-740/13A,PCS,13A M/c Floor Socket,13A M/c Floor Socket,no
BNW-WAS-SSS-09MM,PCS,SS 304 Flat Washer 3/8,SS 304 Flat Washer 3/8,no
COC-BIB-PVC-18MM,PCS,3/4 IN PVC Bib Tap,3/4 IN PVC Bib Tap,no
"DOR-BOL-RAI-4""",PCS,4 Rainbows Tower Bolt (PCS),4 Rainbows Tower Bolt (PCS),no
"DRA-SLI-WHI-16""",SET,Drawer Slide (light Duty) 16,Drawer Slide (light Duty) 16,no
FIT-PVC-CAP-20MM,PCS,PVC Fitting End Cap 20MM 3/4,PVC Fitting End Cap 20MM 3/4,no
GUN-TAC-REF-TR45-10MM,SET,"3/8""/10MM Sharpshooter Staples Bullet","3/8""/10MM Sharpshooter Staples Bullet",no
IND-WHE-TYR-BEA-8126,PCS,8126 Wheel Barrow Bearing,8126 Wheel Barrow Bearing,no
OIL-FUN-7004,PCS,4 Funnel,4 Funnel,no
PAI-GAL-4G-9400,PCS,9400 4G Pail,9400 4G Pail,no
PAI-GAL-606S,PCS,6 Gallon Pail,6 Gallon Pail,no
"SHH-CAGE-2RING-12""-2",PCS,"2 Ring Cages 12 (210/5 X 12"")","2 Ring Cages 12 (210/5 X 12"")",no
TAP-SKC-UNC-14MM,SET,Skc Hand Tap Unc 9/16,Skc Hand Tap Unc 9/16,no
WEL-GLA-CLE,PCS,Clear Welding Glass 108 X 50,Clear Welding Glass 108 X 50,no
WEL-LON-BAC-CAP,PCS,Long Back Cap,Long Back Cap,no
WEL-NOZ-BOC-A3/64,PCS,Boc Cutting Nozzle - 3/64 (anme),Boc Cutting Nozzle - 3/64 (anme),no
ANT-STR-JAP-OYAMA,FTS,Oyama Japan Anti-skid Strip,Oyama Japan Anti-skid Strip,no
"DRI-AUG-BIT-1/4""X200",PCS,1/4 X 200 Star-m Auger Bit (b),1/4 X 200 Star-m Auger Bit (b),no
DRI-BIT-MA030,SET,35MM Asuma Tct Hole Saw Bit,35MM Asuma Tct Hole Saw Bit,no
ELE-PIP-CON-25MM,LGTH,Sebd PVC Conduit Pipe 25MM,Sebd PVC Conduit Pipe 25MM,no
ELE-PVC-THR-2W,PCS,19MM Through Box,19MM Through Box,no
FAS-HOO-EYE-4#,PCK,4 Hook & Eyes (10 Pcs/pck),4 Hook & Eyes (10 Pcs/pck),no
GUN-TAC-REF-TR45-08MM,SET,"5/16""/8MM Sharpshooter Staples Bullet","5/16""/8MM Sharpshooter Staples Bullet",no
"HOI-PUL-SIN-1.1/2""",PCS,Single Pulley 1.1/2 (PCS),Single Pulley 1.1/2 (PCS),no
"OIL-FUN-8""-129",PCS,Betterware PVC Liquid Funnel 8 129,Betterware PVC Liquid Funnel 8 129,no
FAS-HOO-EYE-10#,GROSS,10 Hook & Eyes,10 Hook & Eyes,no
FIT-PVC-CAP-25MM,PCS,PVC Fitting End Cap 25MM 1,PVC Fitting End Cap 25MM 1,no
"FIT-SS245-NIP-1/2""-SUS304",PCS,SS Equal Nipple 1/2,SS Equal Nipple 1/2,no
TOO-FIL-SENSUI-SNF001-B,PCS,8 Sensui Metal Flat File,8 Sensui Metal Flat File,no
"X-ELE-PVC-NUT-3""X10""",PCS,"3""X10 White Box W/nut","3""X10 White Box W/nut",no
FIT-GAL-NIP-25MM,PCS,Galv Nipple 1,Galv Nipple 1,no
FIT-UPVC-BEN-ELB-40MM,PCS,U-pvc Bend (elbow) 40MM 1-1/2,U-pvc Bend (elbow) 40MM 1-1/2,no
IND-CAS-SOF-50MM,SET,2 IN Sofa Type Caster Wheel,2 IN Sofa Type Caster Wheel,no
PAI-SPR-ANC-002,PCS,400ML Anchor Spray - 2 White (PCS),400ML Anchor Spray - 2 White (PCS),no
TOO-DRV-KT100+,PCS,4 King Top (+) Screw Driver,4 King Top (+) Screw Driver,no
X-DOR-INS-KIT-2PCS,SET,2PC Sds Lock Installation Kit,2PC Sds Lock Installation Kit,no
EAR-CHA-PVC,PCS,Tc Earth Chamber,Tc Earth Chamber,no
ELE-PVC-END-BOX,PCS,19MM PVC End Box,19MM PVC End Box,no
"FIT-UPVC-U-BEND-1 1/2""",PCS,"1 1/2""(40MM) U Bend I/opening (90')","1 1/2""(40MM) U Bend I/opening (90')",no
IND-SCP-WOO50,DOZ,Gd Scraper 2 (DOZ),Gd Scraper 2 (DOZ),no
PIC-HAN-49025(658356),PACK,B. Rino Photo Hanger (658356),B. Rino Photo Hanger (658356),no
TAP-SKC-UNC-12MM,SET,Skc Hand Tap Unc 1/2,Skc Hand Tap Unc 1/2,no
X-FLO-MOC-3030191-GGY,PCS,3030191 Ggy 12 X 12 Floor Tiles,3030191 Ggy 12 X 12 Floor Tiles,no
BNW-NUT-HTM-M12,PCS,H/t Nut - M 12,H/t Nut - M 12,no
"BRU-WIR-SET-ATB-7""",SET,3PCS Steel Wire Brush (small),3PCS Steel Wire Brush (small),no
CAB-PVC-FLE-CON-25MM,MTR,"Cable 25MM PVC Flexible Conduit, White 40M (MTR)","Cable 25MM PVC Flexible Conduit, White 40M (MTR)",no
DOR-PAD-KTAC100,SET,4 King Top A/c Surface Bolt,4 King Top A/c Surface Bolt,no
"ELE-PVC-COUPLIG-SOCKET-3/8""",PCS,Ele PVC Coupling Socket 3/8,Ele PVC Coupling Socket 3/8,no
FIT-PVC-PLU-25MM,PCS,PVC Fitting Plug 25MM 1,PVC Fitting Plug 25MM 1,no
FIT-PVC-SOC-DE40MM,PCS,PVC Fitting Socket D/e 40MM 1-1/2 Swv,PVC Fitting Socket D/e 40MM 1-1/2 Swv,no
"FIT-UPVC-U VENT- 3""",PCS,3 (82MM) U Vent Cowl,3 (82MM) U Vent Cowl,no
"PIP-PVC-1/2""",MTR,"1/2""(22MM) Bs X 6M PVC Pipe (MTR)","1/2""(22MM) Bs X 6M PVC Pipe (MTR)",no
DOR-BOL-PVC,PCS,4 IN PVC Tower Bolt,4 IN PVC Tower Bolt,no
ELE-BRA-COU-5/8,EA,Brass Coupling 70MM X 5/8,Brass Coupling 70MM X 5/8,no
"ELE-PVC-MALE-SOCKET-3/8""",PCS,Ele PVC Male Socket 3/8,Ele PVC Male Socket 3/8,no
"FAS-SCR-TAP-PAN-6#1""",PACK,6 X 1 Ph Self Tapping Screw - Pan Head,6 X 1 Ph Self Tapping Screw - Pan Head,no
IND-SCP-WOO25,DOZ,Gd Scraper 1 (DOZ),Gd Scraper 1 (DOZ),no
IND-SCP-WOO38,PCS,Gd Scraper 1.1/2,Gd Scraper 1.1/2,no
"PIP-BRA-MARKSMAN-3/4""-THR",PAIR,Sr Marksman Chrome Pipe Bracket 3/4 - Thr,Sr Marksman Chrome Pipe Bracket 3/4 - Thr,no
SHH-FROG-359114,PCS,359114 Santec Combait Poisonfrox Frog 35MM (soft Body),359114 Santec Combait Poisonfrox Frog 35MM (soft Body),no
SWI-S/SKT-ACE-651,PCS,Ace 651 1G 1W Switch SIRIM,Ace 651 1G 1W Switch SIRIM,no
"TOO-DRI-KEY-1/2""",PCS,Sr Drill Chuck Key Only 1/2,Sr Drill Chuck Key Only 1/2,no
TOO-PLI-DIA-K0011,PCS,Standard 9421 6 B/h Diagonal Cutting Plier (tw),Standard 9421 6 B/h Diagonal Cutting Plier (tw),no
BNW-JCBC-NUT-M8 X 15,PCS,M8 X 15 Nut,M8 X 15 Nut,no
BNW-WAS-SPR-6MM,PCK,Bsw Spring Washer 1/4 (8PCS/PCK),Bsw Spring Washer 1/4 (8PCS/PCK),no
DOR-PAD-KTSS125,SET,5 King Top S/steel Surface Bolt,5 King Top S/steel Surface Bolt,no
SWI-CHN-JK106,PCS,Switch Chnt Auto Jk 106,Switch Chnt Auto Jk 106,no
SWI-OMS-CA32-41,PCS,Limit Switch Ca 32-41 Wl,Limit Switch Ca 32-41 Wl,no
"DOR-BOL-TOW-BLA-5""",DOZ,5 Black Tower Bolt,5 Black Tower Bolt,no
ELE-WOO-BLOCK-9X12,EA,Wood Block 9 X 12,Wood Block 9 X 12,no
FAS-HOO-EYE-16#,PCS,16 Hook & Eyes (PCS),16 Hook & Eyes (PCS),no
TOO-DRI-SCR-SET-8928,SET,Micro Screw Driver Set- 8928,Micro Screw Driver Set- 8928,no
X-BOS-2608-579-507,PCS,Ceramic Expert Drill Bit 7 X 90MM,Ceramic Expert Drill Bit 7 X 90MM,no
X-FLO-MOC-SUANHAWA-BLUE,PCS,Suanhawa Blue 12 X 12 Floor Tiles,Suanhawa Blue 12 X 12 Floor Tiles,no
FIT-U-BUSH-110X50MM,PCS,4 (110MM) X 2 (50MM) U Bush,4 (110MM) X 2 (50MM) U Bush,no
FLO-MOC-BR3030NSDG,PCS,BR3030NSDG 30X30CM,BR3030NSDG 30X30CM,no
GUN-GRE-NIP-90 M6X1.0,PCS,S. K 90 Degree Grease Nipple M6 X 1.0,S. K 90 Degree Grease Nipple M6 X 1.0,no
LIG-IND-APT-P22,PCS,Indicated Light,Indicated Light,no
BNW-BOL-U-ZP3/8X2.1/2,PCS,Zp U-bolt 3/8 X 2.1/2,Zp U-bolt 3/8 X 2.1/2,no
CUT-SAW-BLA-C12MM,PCS,1/2 C Handsaw Blade,1/2 C Handsaw Blade,no
"DOR-BOL-M'MAN-668#-6""",PCS,M'man 6 S/steel Bolt 668 - 6,M'man 6 S/steel Bolt 668 - 6,no
ELE-CLI-PIP-PVC-18MM,PCS,3/4 PVC Pipe Clips,3/4 PVC Pipe Clips,no
"ELE-PVC-SOC-3/8""-GD",PCS,Ele PVC Socket 3/8,Ele PVC Socket 3/8,no
GUN-MII-6159#,PCS,Mii Red Spray Waxing Gun 6159,Mii Red Spray Waxing Gun 6159,no
PLA-BAG-BLA-06X09,KG,6 X 9 X 1KG PE (black),6 X 9 X 1KG PE (black),no
COC-BAL-ITA-12MM,PCS,Brass Ball Cock - Gs Italy 12 MM,Brass Ball Cock - Gs Italy 12 MM,no
CUT-SAW-WAL-BOA-2120,PCS,M'man Wall Board Saw 6 2120,M'man Wall Board Saw 6 2120,no
DOR-PAD-03019(2),PCS,2 777 S/steel Square Bolt,2 777 S/steel Square Bolt,no
ELE-PVC-CON-TC3X12,PCS,Tc 3 X 12 PVC Conceal Box,Tc 3 X 12 PVC Conceal Box,no
"FIT-HDPE-NIP-3/4""X3/4""",PCS,HDPE Nipple 3/4 X 3/4,HDPE Nipple 3/4 X 3/4,no
VAL-PVC-LD810# 25MM,PCS,PVC Spring Foot Valve:ld 810 25MM,PVC Spring Foot Valve:ld 810 25MM,no
BNW-BOL-U-ZP3/8X4,PCS,Zp U-bolt 3/8 X 4,Zp U-bolt 3/8 X 4,no
REM-CON-RC/M-AUN787,PCS,Huayu Multi Fan Remote Control,Huayu Multi Fan Remote Control,no
WAT-TUB-TSP-2021,PCS,Bath Dipper,Bath Dipper,no
"DRA-SLI-WHI-14""",SET,Drawer Slide (light Duty) 14,Drawer Slide (light Duty) 14,no
ELE-SOL-BS-SPF,PCS,Bs-spf Soldering Paste - Felder 50G,Bs-spf Soldering Paste - Felder 50G,no
GAR-SPR-CR8458F,PCS,Filter,Filter,no
IND-SLO-ANG-BOLT&NUT,SET,Slotted Angle Bolt & Nut,Slotted Angle Bolt & Nut,no
TAP-SKC-UNC-10MM,SET,Skc Hand Tap Unc 3/8,Skc Hand Tap Unc 3/8,no
VAL-ANG-CVL-6763,PCS,Cavallo 6763 Angle Valve,Cavallo 6763 Angle Valve,no
X-FLO-MOC-ZURICH-GREEN,PCS,Zurich Green 12 X 12 Floor Tiles,Zurich Green 12 X 12 Floor Tiles,no
BNW-BOL-U-ZP3/8X3,PCS,Zp U-bolt 3/8 X 3,Zp U-bolt 3/8 X 3,no
FAS-HOO-EYE-2#,PCK,2 Hook & Eyes (24 Pcs/pck),2 Hook & Eyes (24 Pcs/pck),no
FIT-HDPE-BUS-1X3/4,PCS,HDPE Bush 1 X 3/4,HDPE Bush 1 X 3/4,no
FIT-UPVC-SOC-P/T-32MM,PCS,U-pvc Socket P/t 32MM 1-1/4,U-pvc Socket P/t 32MM 1-1/4,no
SWI-SEL-TEN-1A1B,PCS,Selector Switch,Selector Switch,no
"DOR-BOL-TOW-BLA-3""",DOZ,3 Black Tower Bolt,3 Black Tower Bolt,no
ELE-WOO-BLOCK-9X14,EA,Wood Block 9 X 14,Wood Block 9 X 14,no
"FIT-HDPE-BEN-FEM-25MMX1""",PCS,HDPE Bend Female 25MM X 1,HDPE Bend Female 25MM X 1,no
FLO-MOC-31169,PCS,31169 12 X 12 Floor Tiles,31169 12 X 12 Floor Tiles,no
TOI-BLA-RUB-FOR-25MM,PCS,25MM Foam Gasket,25MM Foam Gasket,no
X-CAB-VGA-5M,PCS,Vga 5M Cable-b,Vga 5M Cable-b,no
ALP-SHO-ACC,UNIT,Shower Accessories T-type Stop Valve-silver,Shower Accessories T-type Stop Valve-silver,no
PAI-GAL-J603S,PCS,3 Gallon Pail,3 Gallon Pail,no
X-STR-GUN-NED-6IN,PCS,6 IN Gunny Needle,6 IN Gunny Needle,no
FIT-UPVC-SOC-40MM,PCS,U-pvc Socket 40MM 1-1/2,U-pvc Socket 40MM 1-1/2,no
"FIT-PVC-NIP-1""X1.1/4""",PCS,"1.1/4""(32MM) X 1 (25MM) Red Socket","1.1/4""(32MM) X 1 (25MM) Red Socket",no
FIT-PVC-SOC-DE50MM,PCS,PVC Fitting Socket D/e 50MM 2 Swv,PVC Fitting Socket D/e 50MM 2 Swv,no
TOO-DRV-PRE-7391A,SET,7391A Precision Screw Driver (torx Head),7391A Precision Screw Driver (torx Head),no
X-FLO-MOC-ARDESIA-BLUE,PCS,Ardesia Blue 12 X 12 Floor Tiles,Ardesia Blue 12 X 12 Floor Tiles,no
X-FLO-MOC-PRE-WHI,PCS,Premium White 12 X 12 Floor Tiles,Premium White 12 X 12 Floor Tiles,no
FAS-SHE-EYE-RING-3#,GROSS,3 Sheep Eye Ring (24 Pcs/pck),3 Sheep Eye Ring (24 Pcs/pck),no
"FIT-HDPE-NIP-1""X3/4""",PCS,HDPE Nipple 1 X 3/4,HDPE Nipple 1 X 3/4,no
MOT-FAN-SMALL,PCS,Motor Fan,Motor Fan,no
DOR-TOW-BOL65,DOZ,2 1/2 Aluminium Tower Bolt,2 1/2 Aluminium Tower Bolt,no
ELE-PVC-BLA-PLA,PCS,Umc 3 X 3 PVC Blank Plate,Umc 3 X 3 PVC Blank Plate,no
TOO-DRI-MA039,PCS,26 Sds Auto Plug Locking Drill Chuck,26 Sds Auto Plug Locking Drill Chuck,no
"DRI-AUG-SDS-1/2""",PCS,1/2 Sds Plus Auger Bit,1/2 Sds Plus Auger Bit,no
ELE-CLI-PIP-GAL-25MM,PCS,1 G. I Saddle BAR,1 G. I Saddle BAR,no
"FIT-HDPE-NIP-1""X1/2""",PCS,HDPE Nipple 1 X 1/2,HDPE Nipple 1 X 1/2,no
BNW-WAS-SSS-08MM,PCS,SS 304 Flat Washer 5/16,SS 304 Flat Washer 5/16,no
FIT-GAL-BUSH-18MMX25MM,PCS,Galv Bushing 1 X 3/4,Galv Bushing 1 X 3/4,no
SHH-BAS-WIR-WB12G,PCS,"Wire Basket 12""/30CM (gold)","Wire Basket 12""/30CM (gold)",no
VAL-RUB-WHI-1 1/2MM,PCS,1 1/2 IN Inlet Rubber Valve,1 1/2 IN Inlet Rubber Valve,no
CUT-DIS-WOO-KNI-100MM,PCS,Sawman Wool Polishing Disc 4,Sawman Wool Polishing Disc 4,no
"SOC-PVC-TEE-1""-BLUE",PCS,PVC Socket Tee 1 Blue,PVC Socket Tee 1 Blue,no
BNW-BOL-HTM-M14-75MM,PCS,H/t Bolt - M 14 X 75MM,H/t Bolt - M 14 X 75MM,no
"DOR-TOW-BOL-4""",PCS,4 Aluminium Tower Bolt,4 Aluminium Tower Bolt,no
FIT-GAL-ELBW-12MM,PCS,Galv Equal Elbow 1/2,Galv Equal Elbow 1/2,no
TAB-SHE-PVC-Y125A,MTR,Y-125A PVC Sheet,Y-125A PVC Sheet,no
FIT-UPVC-SOC-50MM,PCS,U-pvc Socket 50MM 2,U-pvc Socket 50MM 2,no
TAB-PVC-480-11,MTR,137CM X 25M Thick 107 Table Cloth - 480-11,137CM X 25M Thick 107 Table Cloth - 480-11,no
BNW-NUT-HTM-M14,PCS,H/t Nut - M 14,H/t Nut - M 14,no
FSK-FAC-TAP-3320-3M,FTS,3M 3320 Fsk Facing Tape,3M 3320 Fsk Facing Tape,no
IND-GAL-WIRE-20#-500G,PKG,20 X 500G Wire,20 X 500G Wire,no
OIL-FUN-7005,PCS,5 Funnel,5 Funnel,no
SHH-BLK-NYL-210/15-BK,PCS,210/15 100G Black Nylon (308),210/15 100G Black Nylon (308),no
SHH-BLK-NYL-210/9-BK,PCS,210/9 100G Black Nylon T. (308),210/9 100G Black Nylon T. (308),no
BNW-B&N-ORI-5/8X1.1/2,KGS,Mild Steel Bolt & Nut 5/8 X 1.1/2,Mild Steel Bolt & Nut 5/8 X 1.1/2,no
GUN-H/D-10-1/2'',PCS,Heavy Duty (revolving) Caulking Gun - 10-1/2,Heavy Duty (revolving) Caulking Gun - 10-1/2,no
PIP-ROU-BOX,PCS,Round Box PVC,Round Box PVC,no
SHH-LASTIK-KAYU,PCS,Lastik Kayu,Lastik Kayu,no
"BNW-BOL-U-ZP5/16X2.1/2""",PCS,Zp U-bolt 5/16 X 2.1/2,Zp U-bolt 5/16 X 2.1/2,no
"BNW-BOL-U-ZP1/4X1""",PCS,Zp U-bolt 1/4 X 1,Zp U-bolt 1/4 X 1,no
"GUN-GRE-NIP-STR-3/8"" UNF 24",PCS,S. K Straight Grease Nipple 3/8 Unf 24,S. K Straight Grease Nipple 3/8 Unf 24,no
OIL-FUN-7010,PCS,Betterware PVC Liquid Funnel 10 130,Betterware PVC Liquid Funnel 10 130,no
"FIT-HDPE-ADA-MAL-32MMX1""",PCS,HDPE Adaptor Male 32MM X 1,HDPE Adaptor Male 32MM X 1,no
BNW-JCBC-NUT-M6 X 13,PCS,M6 X 13 Nut,M6 X 13 Nut,no
"FIT-PVC-NIP-1.1/2""X1.1/4""",PCS,"1.1/2""(40MM) X 1.1/4 (32MM) Reducing Socket","1.1/2""(40MM) X 1.1/4 (32MM) Reducing Socket",no
"BNW-BOL-U-ZP5/16X3""",PCS,Zp U-bolt 5/16 X 3,Zp U-bolt 5/16 X 3,no
COC-BAL-L602,PCS,Vovo Brass Ball Cock 1/2,Vovo Brass Ball Cock 1/2,no
"DOR-BOL-MMAN-668#-4""",PCS,M'man 4 S/steel Bolt 668 - 4,M'man 4 S/steel Bolt 668 - 4,no
TOO-DRI-BIT-45+-,PCS,Sr T/w Screw Bit 2 X 45+,Sr T/w Screw Bit 2 X 45+,no
FIT-UPVC-SOC-32MM,PCS,U-pvc Socket 32MM 1-1/4,U-pvc Socket 32MM 1-1/4,no
TOO-DRV-KT2WAY,PCS,4 King Top Two-way Screw Driver,4 King Top Two-way Screw Driver,no
"GUN-GRE-NIP-90 1/4""",PCS,S. K Unf 90 Degree Grease Nipple 1/4,S. K Unf 90 Degree Grease Nipple 1/4,no
"FAS-SCR-TAP-CSK-6#5/8""",PACK,"6 X5/8""CSK Self Tapping Screw-flat Head (20PCS/PCK)","6 X5/8""CSK Self Tapping Screw-flat Head (20PCS/PCK)",no
ELE-COV-ELCB-(B),EA,PVC Link Elcb Cover (b),PVC Link Elcb Cover (b),no
ELE-COV-ELCB-(S),EA,Tc Elcb Cover,Tc Elcb Cover,no
IND-GAL-WIR-PVC-30M,ROLL,30M Twist Tie Green PVC Wire,30M Twist Tie Green PVC Wire,no
"GUN-GRE-NIP-STR-1/4"" UNF 28",PCS,S. K Straight Grease Nipple 1/4 Unf 28,S. K Straight Grease Nipple 1/4 Unf 28,no
WEL-COL-1.6MM,PCS,1.6MM Collet,1.6MM Collet,no
ELE-CAR-BEA-4002-24V40/60W,PCS,12V Seal Beam 4651,12V Seal Beam 4651,no
LIN-FUS-63A,PCS,63A Fuse Link-sesco,63A Fuse Link-sesco,no
OUT-CON-RUB-BLACK-60MM,PCS,60MM Rubber Cone-whi/blk,60MM Rubber Cone-whi/blk,no
FIT-PVC-VAL-SOC-15MM,PCS,PVC Fitting Socket Valve 15MM 1/2,PVC Fitting Socket Valve 15MM 1/2,no
IND-SCP-WOO25,PCS,Gd Scraper 1 (PCS),Gd Scraper 1 (PCS),no
"DRA-SLI-WHI-12""",SET,Drawer Slide (light Duty) 12,Drawer Slide (light Duty) 12,no
OIL-FUN-7003,PCS,3 Funnel,3 Funnel,no
PAI-SPR-ANC-004,PCS,400ML Anchor Spray - 4 Executive Grey (PCS),400ML Anchor Spray - 4 Executive Grey (PCS),no
FIT-PVC-PLU-15MM,PCS,PVC Fitting Plug 15MM 1/2,PVC Fitting Plug 15MM 1/2,no
GAR-SPR-CR8448CPT,PCS,Adjustable Cone Nozzle,Adjustable Cone Nozzle,no
X-BNW-BOL-HTM-M12-90MM,PCS,H/t Bolt - M 12 X 90MM,H/t Bolt - M 12 X 90MM,no
"FIT-HDPE-NIP-12""X12""",PCS,HDPE Nipple 1/2 X 1/2,HDPE Nipple 1/2 X 1/2,no
"BNW-BOL-U-ZP5/16X2""",PCS,Zp U-bolt 5/16 X 2,Zp U-bolt 5/16 X 2,no
PLUG-2PIN-IN-OUT-342A,PCS,2 Pin IN Out Plug 342A,2 Pin IN Out Plug 342A,no
"ELE-PVC-NUT-3""X6""",PCS,3 X 6 White Box W/nut,3 X 6 White Box W/nut,no
WHE-M'MAN-1169#,SET,M'man Hooded Caster W/screw 1169,M'man Hooded Caster W/screw 1169,no
"BNW-BOL-U-ZP1/4X1.1/2""",PCS,Zp U-bolt 1/4 X 1.1/2,Zp U-bolt 1/4 X 1.1/2,no
FIT-GAL-BUSH-12MMX18MM,PCS,Galv Bushing 3/4 X 1/2,Galv Bushing 3/4 X 1/2,no
"DRI-AUG-SDS-3/8""",PCS,3/8 Sds Plus Auger Bit,3/8 Sds Plus Auger Bit,no
FAS-SHE-EYE-RING-6#,PCK,6 Sheep Eye Ring (6 Pcs/pck),6 Sheep Eye Ring (6 Pcs/pck),no
HOS-TAP-STO-RUB-5114,CARD,5114 Techplas Tap Stopper Rubber Washer,5114 Techplas Tap Stopper Rubber Washer,no
ELE-WOO-BLOCK-7X9,PCS,Wood Block 7 X 9,Wood Block 7 X 9,no
FLO-MOC-MARID.GRY,PCS,Madrid Grey 12 X 12 Floor Tiles,Madrid Grey 12 X 12 Floor Tiles,no
"DOR-BOL-TOW-BLA-4""",PCS,4 Black Tower Bolt,4 Black Tower Bolt,no
"FIT-HDPE-BUS-3/4""X1/2""",PCS,HDPE Bush 3/4 X 1/2,HDPE Bush 3/4 X 1/2,no
BNW-BOL-HTM-M06-50MM,PCS,H/t Bolt - M 06 X 50MM,H/t Bolt - M 06 X 50MM,no
IND-SCP-WOO50,PCS,Gd Scraper 2 (PCS),Gd Scraper 2 (PCS),no
"FIT-UPVC-U VENT- 4""",PCS,4 (110MM) U Vent Cowl,4 (110MM) U Vent Cowl,no
BNW-JCBC-SCRW-M8X60MM,PCS,M8 X 60MM Jcbc Screw (rb),M8 X 60MM Jcbc Screw (rb),no
SOC-PCS-L-25MM,PCS,1 L PVC Socket,1 L PVC Socket,no
WEL-COL-BOD-1.6MM,PCS,1.6MM Collet Body,1.6MM Collet Body,no
ELE-TUB-LED-CAS-TL-140,SET,Cielo D2 T8 LED Casing Fitting (empty) (big Hole),Cielo D2 T8 LED Casing Fitting (empty) (big Hole),no
TOO-DRI-BIT-65++,PCS,Sr Rockey Screw Bit 2 X 65++,Sr Rockey Screw Bit 2 X 65++,no
BNW-BOL-U-ZP3/8X2,PCS,Zp U-bolt 3/8 X 2,Zp U-bolt 3/8 X 2,no
X-CAB-VGA-1.5M,PCS,Vga 1.5 Cable-b,Vga 1.5 Cable-b,no
BRU-COP-204,PCS,204 Copper Brush,204 Copper Brush,no
BRU-PLA-E838,PCS,Plastic Brush,Plastic Brush,no
FIT-PVC-SOC-DE15MM,PCS,PVC Fitting Socket D/e 15MM 1/2,PVC Fitting Socket D/e 15MM 1/2,no
SWI-PLU-KEY-13A,PKT,PVC 13A Plug Key,PVC 13A Plug Key,no
"BRU-WIR-BRA-5""",PCS,5 Brass Wire Brush,5 Brass Wire Brush,no
O-RING-7-11-RED,PCS,O-ring 7-11 (red),O-ring 7-11 (red),no
"HOS-SPA-RUB-3/4""",PCK,3/4 IN Tap Rubber Fitting,3/4 IN Tap Rubber Fitting,no
"DOR-TOW-BOL-3""",PCS,3 Aluminium Tower Bolt,3 Aluminium Tower Bolt,no
"BNW-BOL-U-ZP1/4X2""",PCS,Zp U-bolt 1/4 X 2,Zp U-bolt 1/4 X 2,no
CAB-CLI-ROU-NAI,PCK,Cable Clip,Cable Clip,no
WAL-PLU,PCS,Wall Plug Red,Wall Plug Red,no
SWI-SOC-LGL-S20,PCS,15A Socket,15A Socket,no
BNW-NUT-HTM-M10,PCS,H/t Nut - M 10,H/t Nut - M 10,no
GUN-GRE-NIP-STR-M8X1.0,PCS,S. K Straight Grease Nipple M8 X 1.0,S. K Straight Grease Nipple M8 X 1.0,no
TOO-DRV-MAG-BES,PCS,Bestir Magnetic Socket 10MM X 65MM,Bestir Magnetic Socket 10MM X 65MM,no
"FAS-ANC-FASTENIC-M6 X 1 1/2""",PCS,Fastenic Anchor Nail - M6 X 1 1/2,Fastenic Anchor Nail - M6 X 1 1/2,no
"BNW-BOL-U-ZP5/16X1.1/2""",PCS,Zp U-bolt 5/16 X 1.1/2,Zp U-bolt 5/16 X 1.1/2,no
PVC-STRAPPING-PURPLE,KGS,PVC Strapping Purple,PVC Strapping Purple,no
"SHE-LEA-1""X3""",KGS,Lead Sheet 1 X 3,Lead Sheet 1 X 3,no
TAB-PVC-515-11,MTR,137CM X 25M Thick 107 Table Cloth - 515-11,137CM X 25M Thick 107 Table Cloth - 515-11,no
ELE-STA-HOL,PCS,Starter Holder,Starter Holder,no
"ELE-PVC-ELB-BLUE-3/4""",PCS,Ele PVC Elbow 3/4 Blue,Ele PVC Elbow 3/4 Blue,no
