item_code,display_name,category,uom,stock_qty,price_myr
JOV-WAT-HEA-SL30IP-BLK-RS,Joven (black) Instant Water Heater SL30IP-RS,Home Appliances,PCS,6,700.00
JOV-WAT-HEA-SL30IP-BLK,Joven (black) Instant Water Heater SL30IP,Home Appliances,PCS,7,559.00
JOV-WAT-HEA-SL30IP-WHI,Joven (white) Instant Water Heater SL30IP,Home Appliances,PCS,5,499.00
JOV-WAT-HEA-SL30IP-WHI-RS,Joven (white) Instant Water Heater SL30IP-RS,Home Appliances,PCS,4,669.00
JOV-WAT-HEA-SA20E,Joven Instant Water Heater,Home Appliances,PCS,18,320.00
SIN-SOR-SRTKS2406,Sorento S/s 304 Kitchen Sink Ultrasonic Nano Tech SRTS2406,Kitchen & Sinks,PCS,2,569.00
JOV-WAT-HEA-SA8E,Joven SA8E Instant Water Heater,Home Appliances,PCS,16,288.00
SIN-SOR-SRTKS2408,Sorento S/s 304 Kitchen Sink Ultrasonic Nano Tech SRTKS2408,Kitchen & Sinks,PCS,1,1149.00
TOI-TRP-WC-2122A-P,Saniware Washdown Two-piece Closet WC-2122A-P180MM,Bathroom,SET,2,469.00
TOI-TRP-WC2110A-P,Saniware Washdown Two-piece Closet WC-2110A-P180MM,Bathroom,SET,2,519.00
JOV-WAT-HEA-SL30E-WHI-RS,Joven (white) Instant Water Heater SL30E-RS,Home Appliances,PCS,9,499.00
SHO-SAN-SWP-BSP-9003G,Saniware Premier 3WAY Bath Expose Shower Set-mixer (gold),Bathroom,PCS,1,1128.00
SHO-SAN-SWP-BSP-9003RG,Saniware Premier 3WAY Bath Expose Shower Set-mixer (rose Gold),Bathroom,PCS,1,1129.00
TAP-SAN-SWP-RG-304-3905,Saniware Premier Kitchen Pillar Sink Tap-rg SWP-RG-304-3905,Kitchen & Sinks,PCS,3,249.00
FAN-CEI-DEKA-CF5DCL46MB12,Deka Ceiling Fan F5 DC~46L Pro Matt Blk,Fans & Ventilation,UNIT,3,238.00
ELE-BUL-E27-3W-RED,Taicon E27 3W LED Color Bulb-red,Lighting,PCS,166,2.50
TAP-SAN-SWP-B-2521,Saniware Premier Basin Pillar Tap-mixer SWP-B-2521,Bathroom,PCS,3,238.00
JOV-WAT-HEA-SB11IP-BLK-RS,Joven (blk) Instant Water Heater,Home Appliances,PCS,5,769.00
RUB-TAE11-M330,Rubine C/hood,Home Appliances,UNIT,1,3990.00
STA-ROT-HAM-SHR263KA,Stanley Rotary Hammer 26MM,Power Tools,UNIT,4,559.00
TAP-SAN-SWP-B-3023,Saniware Premier Basin Pillar Cold Tap (rose Gold) SWP-B-3023,Bathroom,PCS,2,295.00
OVEN-RUB-TAE13-M266,Rubine Built-in Oven RBO-IA8X-70SS,Home Appliances,UNIT,2,2590.00
KHI-COO-RC3636,3.6L Rice Cooker (cool Grey),Home Appliances,SET,2,245.00
SHO-SOR-SRTSA830,Sorento 450MM Shower Arm,Bathroom,PCS,6,89.00
SHO-SOR-SRTSA860-GM,Sorento 400MM Shower Arm,Bathroom,PCS,4,139.00
JOV-WAT-HEA-SB11IP-WHI,Joven (white) Instant Water Heater SB11IP,Home Appliances,PCS,5,579.00
TAP-SAN-SWP-SS-304-3940-RG,Saniware Premier Kitchen Pillar Sink Tap-rg SWP-SS-304-3940-RG,Kitchen & Sinks,PCS,2,288.00
TOI-TRP-WC2300-S,Saniware One Piece Washdown Closet,Bathroom,SET,5,669.00
FAN-STA-KHI-SF1682,Khind 16 Stand Fan,Fans & Ventilation,SET,3,149.00
ELE-BUL-E27-15W-RED,Taicon E27 Stick Bulb Red 15W,Lighting,PCS,28,10.50
TAP-SAN-SWP-B-3213,Saniware Premier Tall Basin Cold Tap,Bathroom,PCS,3,145.00
JOV-WAT-HEA-SL30IP-WHI-AWB,Joven (white) Instant Water Heater SL30IP-AWB,Home Appliances,PCS,5,489.00
TOI-TRP-WC2098RL-S,Saniware Washdown One Piece Closet-rimless,Bathroom,SET,5,599.00
SIN-SOR-SRTKS2429-BL,Sorento S/steel 304 Kitchen Sink-black,Kitchen & Sinks,PCS,4,899.00
TAP-SAN-SWP-B-2934,Saniware Premier Basin Pillar Tap-mixer (gold) SWP-B-2934,Bathroom,PCS,1,485.00
TAP-SAN-SWP-B-2931,Saniware Premier Basin Pillar Tap-mixer (matt Black) SWP-B-2931,Bathroom,PCS,1,468.00
TAP-SAN-SWP-B-2930,Saniware Premier Basin Pillar Tap-mixer SWP-B-2930,Bathroom,PCS,1,438.00
IND-RIC-COO-RC7878,5.6L Rice Cooker (cool Grey),Home Appliances,SET,1,338.00
FAN-STA-KHI-SF1663H,Khind 16 Stand Fan (black),Fans & Ventilation,SET,2,155.00
TAP-SAN-SWP-B-2924,Saniware Premier Basin Pillar Tap-mixer (gold) SWP-B-2924,Bathroom,PCS,1,399.00
TAP-SAN-SWP-B-2921,Saniware Premier Basin Pillar Tap-mixer (matt Black) SWP-B-2921,Bathroom,PCS,1,398.00
CAB-SAN-SWBC-SS6615,Saniware Bathroom Cabinet Set Water Tap SWBC-SS6615,Bathroom,SET,3,749.00
GAS-STO-RUB-TAE10-M523,Rubine Glass Hob RGH-LOTOFLEXI2B-BLFX,Kitchen & Sinks,UNIT,1,1750.00
TAP-SAN-SWP-SS-304-3970-MB,Saniware Premier Flexible Hose Pillar Sink Tap Waterfall (matt Blk),Kitchen & Sinks,PCS,1,338.00
TOI-TRP-WC-8826-S,Sorento Washdown Flushing Tech,Bathroom,SET,3,769.00
CAB-SAN-SWBC-SS6411,Saniware Bathroom Cabinet Set Water Tap SWBC-SS6411,Bathroom,SET,4,499.00
SHO-HAN-SWP-HS-502,Saniware Premier Hand Shower With Flexible Hose SWP-HS-502,Bathroom,SET,4,76.00
FAN-CEI-KHI-WHI-CF618,Khind - 60 Ceiling Fan,Fans & Ventilation,SET,9,189.00
OVEN-RUB-TAE13-M265,Rubine Built-in Oven RBO-IA6X-70SS,Home Appliances,UNIT,1,2290.00
TAP-SAN-SWP-SS-304-3970,Saniware Premier Flexible Hose Pillar Sink Tap Waterfall,Kitchen & Sinks,PCS,1,299.00
TOI-TRP-WC-SRTWC8354-SH-UF(250MM),Sorento Twister Flush Tech,Bathroom,PCS,2,1199.00
SHO-SOR-SRTWT2634-RG,Sorento Exposed Shower Set (matt Blk+rose Gold),Bathroom,PCS,2,1098.00
STA-GRI-SG6100,Stanley Grinder 620W,Power Tools,UNIT,8,129.00
STA-DRI-SCH10D2K,Stanley 12V Tower Up Hammer Drill/driver 2.0AH,Power Tools,UNIT,19,399.00
TOI-TRP-WC-2110A-S,Saniware Eco Seat Cover Top&bottom Washdown Two-piece Closet,Bathroom,SET,4,519.00
TOI-TRP-WC-2122A-S,Saniware Washdown Closet WC-2122A-S250MM,Bathroom,SET,4,469.00
TOI-TRP-WC-SRTWC286-SH-S(250MM),Sorento One Piece Washdown Flush Tech,Bathroom,PCS,2,1099.00
TOI-TRP-WC-SRTWC8504-S,Sorento Washdown W Rimless Flush Tech,Bathroom,PCS,2,1099.00
STA-GRI-SCG400-SOLO,Stanley 20V Grinder,Power Tools,UNIT,3,299.00
SHO-SOR-SRTWT2634,Sorento Exposed Shower Set 3-WAYS SRTWT2634,Bathroom,PCS,1,949.00
STA-ROT-HAM-SHR243KA,Stanley Rotary Hammer 24MM,Power Tools,UNIT,2,439.00
SHO-SOR-SRTSH22614-BL,Sorento 229MM ABS Rain Shower Head (matt Blk),Bathroom,PCS,2,119.00
SIN-SOR-SRTKS6091,Sorento Undermount Kitchen Sink,Kitchen & Sinks,PCS,2,899.00
FAN-CEI-LED-RCF-MOZIA56-5BL-BT,Rubine Blk Timber LED Ceiling Fan,Fans & Ventilation,PCS,3,549.00
TOI-TRP-WC-SRTWC8366-S(250MM),Sorento One Piece Washdown W Rimless Flush Tech,Bathroom,PCS,1,1799.00
TOI-TRP-WC-SRTWC8518-SH-S,Sorento One Piece Twister Flushing Tech,Bathroom,PCS,2,949.00
GAS-STO-RUB-TAE10-E102,Rubine Ceramic Hob,Kitchen & Sinks,UNIT,1,1590.00
ELE-BUL-B22-3W-RED,Taicon B22 3W LED Color Bulb - Red,Lighting,PCS,56,2.50
ELE-BUL-E27-10W-RED,Taicon E27 Stick Bulb Red 10W,Lighting,PCS,17,7.90
MIR-SWBC-SS6414,Saniware Bathroom Cabinet Set Water Tap SWBC-SS6414,Bathroom,SET,2,688.00
OVEN-RUB-TAE13-M507,Rubine M/wave Oven RMO-934SS-GD34X,Home Appliances,UNIT,1,2030.00
SHO-SOR-SRTSH2623-BL,Sorento 225MM ABS Rain Shower Head Matt Blk,Bathroom,PCS,2,99.00
SIN-SOR-SRTKS2426-BL,Sorento Kitch. Sink-blk Ultrasonic Nano Tech,Kitchen & Sinks,PCS,2,799.00
SHO-SAN-SWP-BSP-5505B,Saniware Premier 3WAY Bath Shower Set For Water Heater (black),Bathroom,PCS,2,848.00
TAP-SAN-SWP-SS-304-3950-MB,Saniware Premier Flexible Hose Kitchen Pillar Sink Tap (matt Blk),Kitchen & Sinks,PCS,1,219.00
FAN-CEI-RCF-MOZIA56-5B-BT,Rubine Blk Timber Ceiling Fan,Fans & Ventilation,PCS,3,499.00
TOI-TRP-WC-SRTWC8840-S,Sorento Close Coupled Wash,Bathroom,PCS,2,769.00
BATH-SRTBF31416,Sorento 304 S/s 5 IN 1 Bathroom Furn,Bathroom,PCS,1,1488.00
ELE-D/L-MEG-YTT100ZI-30W,Megaman E27 LED Bulb,Lighting,PCS,32,28.80
RUB-TAE10-M371,Rubine Glass Hob RGH-FIGATA2B-BL,Kitchen & Sinks,UNIT,1,860.00
SHO-SAN-SWP-BSP-5504B,Saniware Premier 2WAY Bath Shower Set For Water Heater (black),Bathroom,PCS,2,768.00
SIN-SOR-SRTKS2431,Sorento Nanograin Texture Kitchen Sink,Kitchen & Sinks,PCS,1,1499.00
ELE-CAB-WIR-MKK-2.5MM-RED,MKK Cable 2.5MM (7/0.49MM) Red,Electrical,ROLL,53,79.50
FAN-CEI-DEKA-CGNL54MB12,Deka Ceiling Fan Geno Matt Black,Fans & Ventilation,UNIT,4,318.00
KHI-HDR-HD515,Hair Dryer 1800W (matt Black),Home Appliances,SET,2,75.00
OVEN-RUB-TAE13-M503,Rubine M/wave Oven RMO-OREO-28BL,Home Appliances,UNIT,1,1390.00
ELE-CAB-WIR-MKK-2.5MM-BLACK,MKK Cable 2.5MM (7/0.49MM) Black,Electrical,ROLL,51,79.50
MIR-SWBC-SS6811,Saniware Bathroom Cabinet Set Water Tap SWBC-SS6811,Bathroom,SET,1,1199.00
SPR-BID-SWP-SS-304-6875-BA,Saniware Premier Two Way Tap With Bidet SET&1.2M Flex. Hose,Bathroom,PCS,1,199.00
TAP-SAN-SWP-SS-304-3950,Saniware Premier Flexible Hose Kitchen Pillar Sink Tap,Kitchen & Sinks,PCS,1,195.00
TAP-SAN-SWP-B-3213-G,Saniware Premier Tall Basin Cold Tap (gold),Bathroom,PCS,1,189.00
BATH-SRTBF31514,Sorento 5IN1 Bath Furn,Bathroom,PCS,1,1299.00
FAN-CEI-DEKA-CF66DC66MB12,Deka Ceiling Fan F66 DC Matt Black,Fans & Ventilation,UNIT,4,288.00
JOV-WAT-FIL-JP200,Joven (red) Water Purifier,Home Appliances,PCS,5,179.00
KHI-HDR-HD511-GRE,Hair Dryer 1400W (matt Grey),Home Appliances,SET,2,65.00
SHO-SOR-SRTWT9605RG,Sorento Exposed Shower Set 2WAYS SRTWT9605-RG,Bathroom,PCS,2,588.00
SHO-SOR-SRTWT9614,Sorento Shower Set,Bathroom,PCS,2,598.00
TAP-SAN-SWP-SS-304-3939,Saniware Premier Double Spout Kitchen Pillar Sink Tap,Kitchen & Sinks,PCS,4,249.00
X-GAS-STO-RUB-TAE10-M372,Rubine Glass Hob RGH-ALLORA2B-BL,Kitchen & Sinks,UNIT,1,1299.00
FAN-FLO-KHI-FF2005,20 Ind Floor Fan Black,Fans & Ventilation,PCS,3,299.00
SIN-SOR-SRTKS2427-BL,Sorento S/s 304 Kitchen Sink-blk Ultrasonic Nano Tech,Kitchen & Sinks,PCS,1,1299.00
BAS-SOR-SRTWB7132,Sorento Counter Top Basin,Bathroom,PCS,3,309.00
ELE-D/L-MEG-YTPDGLE5-70W,Megaman E27 Led-t Bulb,Lighting,PCS,7,99.50
X-ELE-LED-FFL-CHA-10W,Taicon Stick LED Mini 5W E27 - Red,Lighting,PCS,94,6.40
ELE-BUL-E27-3W-BLUE,Taicon E27 3W LED Color Bulb-blue,Lighting,PCS,37,2.50
ELE-HOL-TC818-E27,Taicon Tc 818 E27 Lamp Holder,Lighting,PCS,196,2.80
FAN-WAL-KHI-FW1660TH,16 Wall Fan,Fans & Ventilation,SET,4,199.00
KHI-POT-AP550,Khind Thermos Pot 5.5L,Home Appliances,SET,4,198.00
RAINBOW-G888-250GM,Nippon Gold Paint 999 Gold,Paint & Sundries,BTL,11,42.90
TAP-SAN-SWP-B-3203-RG,Saniware Premier Basin Pillar Cold Tap (rose Gold) SWP-SS-304-3203-RG,Bathroom,PCS,1,159.00
TAP-SAN-SWP-SS-3391,Saniware Premier Kitchen Pillar Sink Tap SWP-SS-3391,Kitchen & Sinks,PCS,1,138.00
SPR-BID-SWP-SS-304-6875A,Saniware Premier Two Way Tap With Bidet Set 1.2M Flex. Hose,Bathroom,PCS,1,159.00
SPR-BID-SWSB-ABS-362,Saniware ABS Spray Bidet Set Holder & 1.2MM Flexible Hose,Bathroom,PCS,2,69.00
BATH-SRTBF31417,Sorento 6 IN 1 Bathroom Furniture,Bathroom,PCS,1,1088.00
ELE-D/L-MEG-FE2155D-18W-3000K,Megaman Plce T3 3U E27 Bulb,Lighting,PCS,49,11.80
FAN-CEI-DEKA-CF5DC46MB12,Deka Ceiling Fan F5 DC~46 Pro Matt Blk,Fans & Ventilation,UNIT,4,188.00
X-RUB-TRB08-006,Rubine Rjs 622 S/s Sink (1BB+1SB),Kitchen & Sinks,UNIT,1,1338.00
ELE-BUL-B22-3W-BLU,Taicon B22 3W LED Color Bulb - Blue,Lighting,PCS,34,2.50
STA-HAM-SBD715D2K,Stanley Fatmax 20V Brushless Hammer Drill,Power Tools,UNIT,4,769.00
BOS-0601-227-1L2,Gsb 13RE Impact Drill (blow Mode Set),Power Tools,UNIT,6,485.00
GAS-STO-KHI-GC7125,Khind Gas Cooker (stainless Steel),Home Appliances,SET,3,225.00
SHO-SOR-SRTWT9600HP,Sorento Exposed Shower Set - 2WAYS SRTWT9600HP,Bathroom,PCS,2,469.00
LOC-YALE-Y120B-50-KA5,Yale (key Alike) Boron Shackle Padlock Y120B-50-KA5,Lifting & Rigging,SET,3,419.00
SHO-SOR-SRTSS8730,Sorento Sliding BAR Shower Set - SRTSS8730,Bathroom,PCS,4,199.00
ELE-BUL-E27-3W-GREEN,Taicon E27 3W LED Color Bulb-green,Lighting,PCS,26,2.50
KHI-INF-COO-IRC2000,Khind - Infrared Cooker (black),Home Appliances,SET,3,239.00
STA-DRI-BRU-SBD710D2K,Stanley Fatmax 20V Max Brushless Drill Driver,Power Tools,UNIT,4,698.00
ELE-BUL-B22-3W-GRE,Taicon B22 3W LED Color Bulb - Green,Lighting,PCS,30,2.50
ELE-D/L-MEG-FE2155D-18W,Megaman E27 3U Bulb,Lighting,PCS,41,11.90
NIP-MAT-W9102-18L,18L Super Matex Bs 9102 White,Paint & Sundries,DRUM,52,119.00
STA-GRI-SCG400-SET,Stanley 20V Grinder 1PC Charger (SC200)+2PCS Battery 2.0AH (SB202),Power Tools,UNIT,3,868.00
STA-PRE-WAS-BEPW1800T,Black+decker Vertical Pressure Washer 125 BAR,Power Tools,UNIT,4,659.00
TAP-SAN-SWP-SS-304-106,Saniware Premier Kitchen Pillar Sink Tap SWP-SS-304-106,Kitchen & Sinks,PCS,1,109.00
ELE-D/L-MEG-YTA60Z1-10W,Megaman A60 E27 LED Bulb YTA60Z1 10W/6500K,Lighting,PCS,54,8.90
BOS-0601-9H9-0L2C2,Gws + Gsb Set + Gbh Solo + Gdx Solo Combo,Power Tools,SET,1,2448.00
ELE-CAB-WIR-MKK-1.5MM-BLACK,MKK Cable 1.5MM (7/0.39MM) Black,Electrical,ROLL,49,49.50
GAS-STO-KHI-GS1516,Khind - Infrared Gas Cooker (stainless Steel),Home Appliances,SET,4,172.00
ELE-D/L-MEG-YTP38B1-10W,Megaman LED Stick Bulb Plc YTP38B1 10W/6500K,Lighting,PCS,38,11.80
ELE-D/L-TC-3260-32W-RND-4000K,Taicon V3 32W Adjusted LED Dl Round (TC-3260),Lighting,PCS,16,36.90
KHI-COO-RC918T,Khind - Rc 1.8L Teflon Pot (cream Magnolia),Home Appliances,SET,4,145.00
NIP-SEA-5100-20L,18L Nippon Vinilex 5100 Wall Sealer,Paint & Sundries,DRUM,20,345.00
X-STA-PLANER-STP18-1800W,Stanley Thickness Planer 1800W,Power Tools,UNIT,1,2239.00
BOS-0600-910-0L0SH,Ghp High Pressure Cleaner,Power Tools,UNIT,1,2429.00
FAN-KHI-AF1801,Khind 18 Auto Fan (white),Fans & Ventilation,SET,2,288.00
FAN-WAL-TAICON-TC-11006,Taicon 16 Wall Fan Sirim-whi,Fans & Ventilation,SET,5,115.00
KHI-COO-RCJ188,Khind - Jar Rice Cooker 1.8L (mint),Home Appliances,SET,4,145.00
BOS-2608-619-701,Cutting Disc Metal,Abrasives & Cutting,PCS,2303,2.70
NIP-MAT-15245-18L,18L Super Matex 15245 Maxtwhite,Paint & Sundries,DRUM,45,119.00
NIP-SAT-GLO-18L-145,18L Nippon Satin Glo 145 White,Paint & Sundries,CAN,11,549.00
PSN-MJ-CS100WSK,Panasonic Juicer 1.7L 400W (white),Home Appliances,PCS,2,282.00
STA-IMP-DRI-STDH7213V,Stanley Percussion Drill 800W+VP,Power Tools,UNIT,5,449.00
TAP-SAN-SWP-SS-304-3936-SS,Saniware Premier Kitchen Wall Sink Tap-ss,Kitchen & Sinks,PCS,4,125.00
ELE-D/L-MEG-YTA70Z1-15W,Megaman A70 E27 LED Bulb YTA70Z1 15W/6500K,Lighting,PCS,31,13.90
ELE-D/L-MEG-YTP38B1-10W-4000K,Megaman LED Stick Bulb Plc YTP38B1 10W/4000K,Lighting,PCS,35,11.80
FAN-CEI-DEKA-CF5DC56MB,Deka Ceiling Fan F5 Dc~pro Matt Blk 56,Fans & Ventilation,UNIT,8,189.00
TAP-SAN-SWP-B-304-3915,Saniware Premier Kitchen Wall Sink Tap-blk,Kitchen & Sinks,PCS,3,205.00
FAN-CEI-DEKA-CGNL54OAK12,Deka Ceiling Fan Geno Oak,Fans & Ventilation,UNIT,2,318.00
JOV-WAT-FIL-JWP20,Joven Water Filter,Pumps & Water,PCS,1,2138.00
STA-PRE-WAS-BEPW1750,Black+decker Pressure Washer 120BAR,Power Tools,UNIT,4,579.00
BOS-AHI4-4PC-R,Adelino S/steel Multi Stage Centrifugal Pump (1.0HP),Pumps & Water,UNIT,2,998.00
BOS-AJS37PC,Adelino Automatic Self-priming Jet Pump With Pc (0.5HP),Pumps & Water,UNIT,3,698.00
ELE-D/L-TC-2260-22W,Taicon 24W Adjusted LED Dl Rnd,Lighting,PCS,18,25.50
"EXH-FAN-KHI-12""-WHI-EF1201",Khind 12 Exhaust Fan (off White),Fans & Ventilation,SET,4,125.00
BOS-0601-9K3-1L2,Gsb Batt. Impact Drill,Power Tools,UNIT,3,769.00
BOS-2608-522-405,Impact Bit PH2 X 65MM,Power Tools,PCS,16,14.30
ELE-CAB-WIR-MKK-2.5MM-YEL,MKK Cable 2.5MM (7/0.49MM) Yellow,Electrical,ROLL,26,79.50
ELE-D/L-MEG-YTP45B1-15W-3000K,Megaman LED Stick Bulb Plc YTP45B1 15W/3000K,Lighting,PCS,24,16.30
ELE-D/L-MEG-YTP45Z1-15W-4000K,Megaman LED Stick Bulb E27 YTP45Z1 15W/4000K,Lighting,PCS,23,15.90
STA-PRE-WAS-HD4,Karcher Classic High Pressure Washer,Power Tools,UNIT,1,1988.00
STA-SAW-SCR121S2K,Stanley 12V Reciprocating Saw,Power Tools,UNIT,4,518.00
FAN-TAB-KHI-TF1210SE-LAV,Khind - 12 Table Fan (sweet Lavender),Fans & Ventilation,SET,4,105.00
BOS-0611-321-0L0,Gsh 5CE Demolition Hammer,Power Tools,UNIT,1,2238.00
ELE-CAB-WIR-MKK-2.5MM-GRE,MKK Cable 2.5MM (7/0.49MM) Green,Electrical,ROLL,26,79.50
ELE-D/L-MEG-YTP45Z1-15W-3000K,Megaman LED Stick Bulb E27 YTP45Z1 15W/3000K,Lighting,PCS,22,15.90
FAN-WAL-TAICON-TC-11007,Taicon 16 Wall Fan Sirim-blk,Fans & Ventilation,SET,4,122.00
BOS-0601-1A2-1L0,Gsb Impact Drill,Power Tools,UNIT,2,879.00
BOS-0601-9N9-0L0C1,Gws + Gds + Gsb Plus Combo Set,Power Tools,SET,1,1795.00
ELE-D/L-MEG-YTP38B1-10W-3000K,Megaman LED Stick Bulb Plc YTP38B1 10W/3000K,Lighting,PCS,30,11.80
ELE-D/L-TC-3260-32W-RND,Taicon 32W Adjusted LED Round (TC-3260),Lighting,PCS,13,36.90
BOS-AHI2-4PC,Adelino S/steel Multi Stage Centrifugal Pump (0.75HP),Pumps & Water,UNIT,2,899.00
KHI-FRY-ARF35,Khind Air Fryer (mint),Home Appliances,SET,2,228.00
STA-DRI-SCD10D2K,Stanley 12V Tower Up Drill/driver 2.0AH,Power Tools,UNIT,6,369.00
BOS-0601-9F7-0L0,Gsr Battery Screwdriver,Hand Tools,UNIT,13,448.00
BOS-0611-924-0L1,Gbh Batt. Rotary Hammer,Power Tools,UNIT,1,1719.00
ELE-D/L-MEG-YTA60Z1-10W-4000K,Megaman A60 E27 LED Bulb YTA60Z1 10W/4000K,Lighting,PCS,36,8.80
ELE-D/L-MEG-YTA70Z1-15W-4000K,Megaman A70 E27 LED Bulb YTA70Z1 15W/4000K,Lighting,PCS,22,13.90
ELE-D/L-TC-2261-32W-SQ,Taicon 32W Adjusted LED Square (TC-2261),Lighting,PCS,12,35.90
KHI-COO-RC828N,Khind Rice Cooker 2.8L,Home Appliances,SET,3,159.00
BOS-0601-9K0-0L0,Gds Batt. Impact Wrench 18V-400,Power Tools,UNITS,1,1579.00
ELE-D/L-MEG-YTP45B1-15W-4000K,Megaman LED Stick Bulb Plc YTP45B1 15W/4000K,Lighting,PCS,20,16.30
"EXH-FAN-KHI-08""-WHI-EF8001",Khind 8 Exhaust Fan (off White),Fans & Ventilation,SET,4,99.00
GAS-COO-TC-2288-PGC,Taicon Portable Gas Cooker,Home Appliances,SET,9,59.00
BOS-0601-228-1L2,Gsb 16RE Impact Drill (blow Mode Set),Power Tools,UNIT,3,535.00
BOS-0601-9G8-1L7,Gsb 121B Batt. Impact Drill (1 Batt.),Power Tools,UNIT,4,389.00
BOS-2608-522-406,Impact Bit PH2 X 110MM,Power Tools,PCS,10,20.50
BOS-2608-522-407,Impact Bit PH2 X 150MM,Power Tools,PCS,6,29.80
ELE-D/L-MEG-YTA65Z2-12W,Megaman A65 E27 LED Bulb,Lighting,PCS,26,11.30
BOS-0601-9G8-0L4,Gsr 121B Batt. Screwdriver (1 Batt.),Hand Tools,UNIT,13,329.00
ELE-BUL-B22-3W-YEL,Taicon B22 3W LED Color Bulb - Yellow,Lighting,PCS,16,2.50
CHA-SAW-STIHL-MS172,Stihl Chainsaw 16 Stihl Chain & Guide BAR,"Rope, Chain & Netting",UNIT,4,889.00
ELE-D/L-MEG-YTA70Z1-15W-3000K,Megaman A70 E27 LED Bulb YTA70Z1 15W/3000K,Lighting,PCS,19,13.90
KET-PSN-NC-GK1WSK,Panasonic 1.7L Plastick Kettle,Home Appliances,PCS,2,168.00
RUB-TRT02-SA302,Rubine Double Spout Wall Mounted S'tap,Home Appliances,UNIT,1,399.00
STA-PRE-WAS-BEPW1600L,Black+decker Pressure Washer L 110 BAR,Power Tools,UNIT,3,489.00
"EXH-FAN-KHI-10""-WHI-EF1001",Khind 10 Exhaust Fan (off White),Fans & Ventilation,SET,3,109.00
NIP-PHG-1L-A,1L Platone High Gloss Accent Base,Paint & Sundries,CAN,98,42.30
NIP-PHG-5L-A,5L Platone High Gloss Accent Base,Paint & Sundries,CAN,28,176.50
BOS-0601-068-000,Gol 26D Optical Leveller,Power Tools,UNIT,1,1288.00
CHA-SAW-STIHL-MS162,Stihl Chainsaw 14 Stihl Chain & Guide BAR,"Rope, Chain & Netting",UNIT,4,798.00
KHI-COO-RC806N,Khind 0.6L Rice Cooker (light Winter GREY)-RC806N,Home Appliances,SET,3,95.00
KHI-TOA-BT808,Khind Bread Toaster (mint),Home Appliances,SET,4,72.00
STA-PRE-WAS-BCPC20D1,Black+decker 20V Power Cleaner,Chemicals & Adhesives,UNIT,2,645.00
STI-BRU-CUT-FR3001,Stihl Brush Cutter,Outdoor & Garden,UNIT,2,558.00
BOS-AQSD110F,Adelino Submersible Sewage Pump 1.1KW,Pumps & Water,UNIT,1,1299.00
NIP-PHG-1L-P,1L Platone High Gloss Paster Base,Paint & Sundries,CAN,84,38.70
PSN-TK-CS10-WMA,Panasonic Water Purifier (white),Home Appliances,PCS,1,309.00
STA-CHO-SSC22,Stanley Chopsaw 2200W 355MM,Power Tools,UNIT,2,628.00
BOS-0601-9K3-1L2C1,Gsb + Gdr Kit Combo Kit,Power Tools,SET,1,1149.00
NIP-PHG-5L-P,5L Platone High Gloss Paster Base,Paint & Sundries,CAN,22,143.70
OVEN-KHI-TOA-OT3005,Khind Oven Toaster (black),Home Appliances,SET,1,378.00
PAI-SPR-SAM-2K01,Samurai Clearcoat Spray,Paint & Sundries,PCS,21,46.90
NIP-QSH-EXT-20L-P,18L Nippon Q-shield Extra Pastel Base,Paint & Sundries,DRUM,7,440.70
PSN-TK-CS200C-EX,Panasonic Water Cartridge,Home Appliances,PCS,3,86.00
STA-TRI-ST55,Stanley 550W 6.35MM Corded Trimmer,Power Tools,UNIT,4,279.00
TAP-SAN-SWP-SS-304-3937-MB,Saniware Premier Kitchen Pillar Sink Tap-matt Blk,Kitchen & Sinks,PCS,2,169.00
BOS-0611-338-9L1,Gsh 5MX Demolition Hammer,Power Tools,UNIT,1,1098.00
ELE-D/L-MEG-YTP38Z1-10W,Megaman LED Stick Bulb E27 YTP38Z1 10W/6500K,Lighting,PCS,18,11.90
X-LOC-YALE-Y120B-50-KA3,Yale (key Alike) Boron Shackle Padlock Y120B-50-KA3,Lifting & Rigging,SET,2,265.00
ELE-CAB-WIR-MKK-1.5MM-YELLOW,MKK Cable 1.5MM (7/0.39MM) Yellow,Electrical,ROLL,23,49.50
NIP-WTRB-5L-P,5L Nippon Weatherbond Quartz Pastel Base,Paint & Sundries,CAN,12,244.00
STA-POL-SP137,Stanley 1300W 180MM Polisher,Power Tools,UNIT,3,398.00
ELE-D/L-MEG-YTP38Z1-10W-4000K,Megaman LED Stick Bulb E27 YTP38Z1 10W/4000K,Lighting,PCS,17,11.90
FAN-CEI-DEKA-CCNL54RG12,Deka Ceiling Fan Geno Rose Gold,Fans & Ventilation,UNIT,1,318.00
FAN-FLO-KHI-FF1803B,Floor Fan 18,Fans & Ventilation,SET,1,249.00
STA-PLA-STEL630,Stanley Planer 82MM,Power Tools,UNIT,3,415.00
BOS-0601-387-0L0,Gex Eccentric Disc Sander 125-1A,Power Tools,UNIT,2,559.00
ELE-D/L-MEG-YTG45Z1-5W,Megaman G45 E27 LED Bulb YTG45Z1/5W 5W/6500K,Lighting,PCS,26,7.50
NIP-SEA-5170-20L,20L Nippon Acrylic 5170 Wall Sealer,Paint & Sundries,DRUM,6,539.00
NIP-VIN-EAS-15L-A,15L Nippon Vinilex Easywash Accent Base,Paint & Sundries,DRUM,8,354.00
TAP-SAN-SWS-304-3964,Saniware Sliver Kitchen W Sink Tap,Kitchen & Sinks,PCS,4,62.00
JUG-KHI-KET-EK5813,Khind 1.7L Jug Kettle (white),Home Appliances,SET,4,59.00
NIP-PHG-5L-MBLK,5L Platone High Gloss 8103 Matt Black,Paint & Sundries,CAN,19,148.00
NIP-SAT-GLO-5L-145,5L Nippon Satin Glo 145 White,Paint & Sundries,CAN,14,229.00
NIP-WTRB-18L-A,18L Nippon Weatherbond Quartz Accent Base,Paint & Sundries,DRUM,5,539.00
NIP-WTRB-18L-T,18L Nippon Weatherbond Quartz Tint Base,Paint & Sundries,DRUM,5,549.00
TAP-SAN-SWP-SS-304-3938-MB,Saniware Premier Double Spout Kit. Wall Sink Tap-matt Blk,Kitchen & Sinks,PCS,1,288.00
"HOS-FLE-GLO-60""",Glotool Flexible Tube F1/2 X F12 X 60,Outdoor & Garden,PCS,8,16.90
NIP-PHG-5L-D,5L Platone High Gloss Deep Base,Paint & Sundries,CAN,20,142.60
BOS-0601-9K3-0L2,Gsr Batt. Screwdriver 185-LI,Hand Tools,UNIT,4,698.00
CHA-SAW-STIHL-MS230,Stihl Chainsaw 18 Stihl Chain & Guide BAR,"Rope, Chain & Netting",UNIT,2,1089.00
FAN-CEI-DEKA-CX156BK12,Deka Ceiling Fan X-one 56 Blk,Fans & Ventilation,UNIT,20,159.00
BOS-0600-8A7-FLO,Easy Aqt 110 High P/cleaner,Chemicals & Adhesives,UNIT,22,488.00
BOS-0601-375-6L0,Gws 060 Angle Grinder,Power Tools,UNIT,50,169.00
STA-HAM-BRU-SBH900M2K,Stanley Fatmax V20 Brushless Sds Plus Hammer Drill,Power Tool Accessories,UNIT,3,1329.00
ELE-FAJAR-FLX-2.5MM-GREY,Fajar 2.5MM (50/0.25) X Flexible Cable (grey) (COIL),Electrical,COIL,2,1749.00
ELE-CAB-FLE-P40163CW-ROLL,Taicon 40/016 X Flexible Cable,Electrical,ROLL,22,129.00
TAR-SHT-GT2-O/B-6',Glotool PE Trap (GT-02) 6'X70YDS,Plumbing,COIL,10,254.00
NIP-ROOF-20L-T,20L Nippon Roof Coating Tint Base,Building Materials,UNIT,4,609.00
BOS-0611-338-5L0,Gsh 500 Demolition Hammer,Power Tools,UNIT,5,938.00
BOS-0611-272-1L4,Gbh 2-24 Dre Rotary Hammer Set,Power Tools,UNIT,6,619.00
NIP-WTRB-18L-WHITE,18L Nippon Weatherbond Quartz 145 White,Paint & Sundries,CAN,6,599.00
BOS-0600-8A7-AL0,Aquatak 125 High P/cleaner,Chemicals & Adhesives,UNIT,5,895.00
NIP-WTRB-WHI-15004,18L Nippon Weatherbond Quartz 15004 Ws White,Paint & Sundries,CAN,6,495.00
NIP-WTRB-5L-WHITE,5L Nippon Weatherbond 145 White,Paint & Sundries,CAN,11,298.00
BOS-0601-6A0-0L0,Gkf 550 Router,Power Tools,UNIT,7,398.00
STA-HIGH-PRE-WAS-K2,Karcher K2 Power Vps High Pressure Washer,Power Tools,UNIT,3,875.00
STA-PRE-WAS-K3-DEL,Karcher Pressure Washer K3 Deluxe Premium,Power Tools,UNIT,2,1329.00
X-STA-PRE-WAS-K4,Karcher K4 Basic High Pressure Cleaner,Power Tools,UNIT,2,1299.00
BOS-2608-600-017,4 Grinding Disc,Abrasives & Cutting,PCS,1154,3.50
CIMA-DL-L-199Y-RND-18W-CIELO-DL,Cielo Iii 199Y 18W L/dl (rnd/daylight),Lighting,SET,262,16.90
AGR-NET-SUN-GLO-70%,Glotool Sun Shade Netting (70%),"Rope, Chain & Netting",ROLL,27,96.90
SIN-CKS7406,Cabana Kitchen Sink CKS7406,Kitchen & Sinks,PCS,5,588.00
MIR-SBC-600603A,S600 Bathroom Cabinet Set (610X475X450MM),Bathroom,SET,5,559.00
ELE-CAB-FLE-7076,Yazaki 70/076 3C Flexible Cable White,Electrical,ROLL,19,299.00
ELE-CAB-FAJ-2.5MM-80M,Fajar 2C X 2MM Twin Flat Wire,Electrical,ROLL,15,349.00
DC-DCSM03-100EK,Cordless Brushless Angle Grinder 20V,Power Tools,SET,6,898.00
PUM-WTR-JHP4-40,Water Pump Complete Set JHP4-40,Pumps & Water,UNIT,3,1119.00
DC-20V-SETS-XB,"DCZC0424Z, DCPB488Z, / Cordless Full Sets Xb",Power Tools,SET,2,1865.00
DC-20V-XA,"20V DCZC22Z, DCJZ2060IZ, - Sets Xa",Power Tools,SET,2,1695.00
"DOR-HIN-JTC-SSS-4""","Smr S/steel Hinges 4""X3""X2.0MM",Doors & Hardware,SET,330,6.50
SUMO-SM-138,Sumo High Pressure Washer 130 BAR,Power Tools,UNIT,2,1369.00
DL5-WAT-FIL-0942-GRY,DL5 Dalqua 9''X42 Water Filt Sys-fiber Tank Gry,Other,UNIT,19,349.00
IND-CEM-50KGS,Portland Limestone Cement,Building Materials,BAG,116,24.90
"PIP-HDPE-25MM-3/4""","HDPE Pipe 25MM (3/4"") PN12.5(MS-1058)",Plumbing,ROLL,20,244.00
WOO-PLY-3.6MM,Plywood 3.6MM X 4 X 8,Building Materials,PCS,72,27.90
IND-GAL-WIRE-20#-COIL,20 X 12KG Wire,Electrical,COIL,99,50.00
ELE-D/L-ECO-3030-24W,Hms Downlite Hsp 503-24W 6500K,Electrical,PCS,154,19.90
TOO-BOS-BAG-101,Bossman 20V Angle Grinder 105MM,Power Tools,PCS,14,299.00
IND-WIR-MES-1212-20GX100,Wire Mesh 1/2/ X 1/2 X 3 X 20G X 100,Electrical,ROLL,15,194.00
BAT-ENE-MAX-AA4PCS,En Max Aa 4 Pc,Electrical,PCK,128,16.80
BAT-ENE-MAX-AAA4PCS,En Max Aaa 4 Pc,Electrical,PCK,128,16.90
WOO-HOE-CANGKUL-HARDWOOD,Kayu Cangkul (hardwood),Building Materials,PCS,174,12.90
IND-ALUM-SHE-FLA-0.3MMX3',Flat Sheet Alum. 0.3MM X 3,Building Materials,KGS,84,33.90
CEI-FRA-30MM,Ceiling Frame 30MM,Building Materials,PCS,482,2.90
ROO-ZIN-SHE-10'X35G,Corrugated Steel Zinc 10 X 35G,Building Materials,PCS,87,26.90
NAI-COM-65MM-20KG,2 1/2 Wire Nail,Fasteners & Fixings,BOX,35,114.00
ELE-CAB-ZI-C70763G-ROLL,Zi 3C X 70/076 PVC Flex Wire (grey),Electrical,ROLL,12,259.00
PIP-CON-WHI-20MM3M,"3/4""(20MM) X 2.9M Eep - White",Plumbing,LTH,925,2.00
NAI-COM-50MM-20KG,2 Wire Nail,Fasteners & Fixings,BOX,25,114.00
"DRA-COV-TEC-GRE-9""X17""",Techplas 9 X 17 Drain Cover - Grey,Plumbing,PCS,113,15.50
SHO-SOR-SRTWT9615,Sorento Exposed Shower Set 2-WAYS SRTWT9615,Bathroom,PCS,1,498.00
SPR-BID-SWSB-ABS-261,Saniware ABS Spray Bidet Set Holder & 1.2M Flexible Hose,Bathroom,PCS,3,38.00
BAS-SOR-SRTWT7203,Sorento High Basin Cold Tap SRTWT7203,Bathroom,PCS,2,388.00
COC-BAS-SRTWT7445,Sorento Basin Cold Tap - SRTWT7445,Bathroom,PCS,4,175.00
COC-BAS-SRTWT7447-RG,Sorento Basin Cold Tap - SRTWT7447-RG,Bathroom,PCS,3,245.00
TOW-SAN-SWP-BF-7910-G,Saniware Premier Towel Ring (gold),Bathroom,PCS,1,128.00
BATH-SRTBF11707-BLK,Sorento 6IN1 S/s 304 Cabinet -SRTBF11707,Bathroom,PCS,1,718.00
BAS-SOR-SRTWB1409,Sorento Wash Basin SRTWB1409 L415XW415XH135MM,Bathroom,PCS,2,359.00
BAS-SOR-SRTWB3403,Sorento Art Basin SRTWB3403,Bathroom,PCS,1,699.00
TOW-SAN-SWP-BF-7911,Saniware Premier Towel Ring,Bathroom,PCS,1,118.00
BAS-SOR-SRTWB1086,Sorento Table Top Basin,Bathroom,PCS,2,339.00
SHO-SOR-SRTSS8720,Sorento Sliding BAR Shower Set - SRTSS8720,Bathroom,PCS,3,245.00
TOW-SOR-SRT764-24-RG,Sorento Moveable Towel Shelf 600MM (rg+mb),Bathroom,PCS,2,339.00
BAS-SOR-SRTWB3415-BW,Sorento Firenze Series Ultra Thin Edge Basin (blk+whi),Bathroom,PCS,1,649.00
TAP-SAN-SWP-B-2525,Saniware Premier Concealed Bath Shower Cold Tap,Bathroom,PCS,3,228.00
TOI-TRP-WC-8840-P,Sorento Close Couple Wash,Bathroom,SET,1,799.00
COC-BAS-SRTWT7445-BLK,Sorento Basin Cold Tap - SRTWT7445-BLK,Bathroom,PCS,3,188.00
BAS-SOR-SRTWT6807-RG-MIX,Sorento High Basin Mixer Tap (rs+mb),Bathroom,PCS,1,598.00
TAP-SIN0-SRTKT71SS-BL,Sorento Pil Mou Kitchen Mixer Tap W Pull Out Shower (blk),Bathroom,PCS,2,539.00
GRA-SAN-SWFG-SS304-6602,Saniware Floor Grating (150X150MM) SWFG-SS304-6602,Bathroom,PCS,8,72.00
BAS-SOR-SRTWB1086-BL,Sorento Art Basin SRTWB1086-BL L500XW400XH145MM,Bathroom,PCS,1,588.00
BID-SOR-SRT79-SS,Sorento Brass Two Way Tap Bidet,Bathroom,PCS,2,269.00
SHO-SOR-SRTSA850-RG,Sorento 450MM Shower Arm 450MM (rs+mb),Bathroom,PCS,5,99.00
SHO-SOR-SRTSS8770-BL,Sorento Sliding BAR W Hand SHOWER&1.5M Flex. Hose Blk,Bathroom,PCS,2,269.00
BAS-SOR-SRTWT6806-MIX,Sorento High Basin Mixer Tap,Bathroom,PCS,1,539.00
TOI-TRP-WC-2123A-P,Saniware Washdown Closet WC-2123A-P180MM,Bathroom,SET,1,695.00
BAS-SAN-WB-206,Saniware Wall Hung Basin-above Counter Mounting (440X355X170MM),Bathroom,PCS,4,119.00
SHO-SOR-SRTWT7602SS,Sorento S/s Shower Set,Bathroom,PCS,1,629.00
TAP-SIN-SRTKT71SS,Sorento Brass Chrome Pillar Mou Kitchen Mixer W Pull Out Shower,Bathroom,PCS,2,459.00
MIX-SWP-B-2523,Saniware Premier Exposed Bath Shower With Tap-mixer,Bathroom,PCS,2,268.00
SHO-SAN-SWP-HS-503,Saniware Premier Hand Shower With Flexible Hose SWP-HS-503,Bathroom,PCS,1,85.00
BAS-SOR-SRTWT6801,Sorento Basin Cold Tap-chr,Bathroom,PCS,2,239.00
BAS-SOR-SRTWT7202-GM,Sorento Basin Cod Tap-gm,Bathroom,PCS,2,249.00
TAP-SAN-SWP-B-2932,Saniware Premier Basin Pillar Tap-mixer (gun Metal),Bathroom,PCS,1,499.00
TOW-SRT449-RG,Sorento 75CM S/s Towel BAR Matt Blk,Bathroom,PCS,4,108.00
COC-BAS-SRTWT2207,Sorento Basin Cold Tap - SRTWT2207,Bathroom,PCS,3,148.00
SHO-SOR-SRTSS8740,Sorento Sliding BAR W 5 Functions Shower Set,Bathroom,PCS,2,208.00
BAS-SOR-SRTWT7203-GM,Sorento High Basin Cold Tap (gm),Bathroom,PCS,1,448.00
BAS-SOR-SRTWT8303-RG,Sorento High Basin Cold Tap SRTWT8303-RG,Bathroom,PCS,1,449.00
BID-SOR-SRTWT5879-RG,Sorento Brass Hand Bidet - SRTWT5879-RG,Bathroom,PCS,2,229.00
BAS-SOR-SRTWT7202,Sorento Basin Cold Tap SRTWT7202,Bathroom,PCS,2,199.00
COC-BAS-SRTWT5841-RG,Sorento Basin Cold Tap - SRTWT5841-RG,Bathroom,PCS,2,199.00
BAS-SOR-SRTWT-7203-BL,Sorento High Basin Cold Tap (blk),Bathroom,PCS,1,418.00
TAP-SAN-SWP-B-2520,Saniware Premier Basin Pillar Tap Cold,Bathroom,PCS,2,198.00
TAP-SAN-SWP-B-2922,Saniware Premier Basin Pillar Tap-mixer (matt Grey),Bathroom,PCS,1,438.00
BAS-SOR-SRTWB1411,Sorento Wash Basin SRTWB1411 500X400X135MM,Bathroom,PCS,1,399.00
BID-SOR-SRT103-GM,Sorento Two Way Tap Hand BIDET&1.2M Flex Hose,Bathroom,PCS,1,418.00
TOW-SOR-SRT446-RG,Sorento 60CM SS Towel Shelf Rg+mb,Bathroom,PCS,2,185.00
TOW-SOR-SRT9541-BL,Sorento Double Towel BAR S/s,Bathroom,PCS,2,189.00
BAS-SAN-WB-502,Saniware Above Counter Basin (480X380X140MM),Bathroom,PCS,1,399.00
GRA-SAN-SWFG-SS304-6603,Saniware Floor Grating (150X150MM) SWFG-SS304-6603,Bathroom,PCS,5,68.00
SHO-SOR-SRTSS3013,Sorento Hand Shower - SRTSS3013,Bathroom,PCS,3,119.00
SHO-SOR-SRTSH2628-GMB,"Sorento Rain Shower Head: Gun (10"")",Bathroom,PCS,2,179.00
TAP-SAN-SWS-304-3960,Saniware Sliver Basin Sink Tap,Bathroom,PCS,4,79.00
BAS-SOR-SRTWT6851-GY,Sorento Basin Cold Tap-golden Ylw,Bathroom,PCS,1,328.00
BAS-SOR-SRTWT6861-FRG,Sorento Basin Cold Tap-frg,Bathroom,PCS,1,329.00
MIX-KHI-SM220,Khind Stand Mixer (white),Bathroom,SET,2,139.00
TAP-SAN-SWP-B-2527,Saniware Premier Concealed 2WAY Bath Shower-mixer,Bathroom,PCS,1,388.00
TOW-SOR-SRT9540-BL,Sorento Single Towel BAR S/s,Bathroom,PCS,2,169.00
BAS-SAN-WB-288,Saniware Wall Hung Basin-above Counter Mounting (410X360X160MM),Bathroom,PCS,3,115.00
BAS-SOR-SRTWB7249,Sorento Wall Hung Basin,Bathroom,PCS,1,339.00
BID-SOR-SRT201-BL,Sorento Bidet Spray 1.2M Flex Hose Blk,Bathroom,PCS,3,99.00
BAS-SAN-WB-400,Saniware Art Basin-above Counter Mounting (490X395X150MM),Bathroom,PCS,1,299.00
MIR-SRTMCB-4060BL,Sorento Mirror Cabinet Size,Bathroom,PCS,1,359.00
BID-SOR-SRT95SS-GM,Sorento Hand Bidet PVC Flex Hose Gunmetal,Bathroom,PCS,2,165.00
TAP-SAN-SWP-B-3203-GM,Saniware Premier Basin Pillar Cold Tap (gun Metal),Bathroom,PCS,2,158.00
TOW-SOR-SRT2408-GM,Sorento Single Towel BAR S/s (LENGTH:800MM),Bathroom,PCS,2,149.00
SHO-SRT-SRTSS5660-GM,Sorento ABS Hand Shower 3FUNCTIONS SRTSS5660-GM,Bathroom,PCS,2,145.00
TOW-SOR-SRT345-HP,Sorento 60CM S/s Towel Shelf,Bathroom,PCS,2,149.00
TOW-SOR-SRT349-HP,Sorento 75CM S/steel Towel BAR Satin,Bathroom,PCS,3,89.00
BAS-SOR-SRTWT6802,Sorento Basin Mixer-chr,Bathroom,PCS,1,279.00
BOS-0601-9G6-1L0,Gds Batt. Impact Wrench 250-LI,Power Tools,UNIT,1,1039.00
BID-SOR-SRT86-GY,Sorento Brass Hand Bidet - SRT86-GY,Bathroom,PCS,3,95.50
SHO-SOR-SRTSS5660,Sorento ABS Hand Shower 3FUNCTIONS SRTSS5660,Bathroom,PCS,2,139.00
BID-SOR-SRT93-SS,Sorento Hand Bidet 1.2M Flex Hose,Bathroom,PCS,2,125.00
BOS-0601-396-1L0,Gws Small A/grinder,Power Tools,UNIT,2,469.00
SHO-SOR-SRTSH22914-GM,Sorento Rain Shower Head,Bathroom,PCS,2,129.00
BAS-SOR-SRTWT8301-RG,Sorento Basin Cold Tap (rs+mb),Bathroom,PCS,1,269.00
TOI-HOL-SAN-SWP-BF-3703,Saniware Toilet Paper Holder (165X80X135MM),Bathroom,PCS,4,68.00
BID-SOR-SRT86-CR,Sorento Brass Hand Bidet - SRT86-CR,Bathroom,PCS,3,88.00
TAP-SAN-SWP-SS-304-3937-SS,Saniware Premier Kitchen Pillar Sink Tap-ss,Kitchen & Sinks,PCS,2,126.00
TAP-SAN-SWS-304-3974,Saniware Sliver Flexible Hose Kitchen Pillar Sink Tap,Kitchen & Sinks,PCS,3,83.00
TOI-TIS-SOR-SRT314-BL,Sorento S/s Paper Holder SRT314-BL,Bathroom,PCS,3,79.00
TOW-SAN-SWP-BF-3714,Saniware Premier Double Tower BAR (630X148X48MM),Bathroom,PCS,2,129.00
X-STA-DRI-SCI12S2,Stanley 10.8V 1.5 AH Impact Driver,Power Tools,UNIT,2,495.00
BLE-KHI-BL1220,Khind Blender 1.2L (1J1M) (winter Grey),Home Appliances,SET,2,115.00
STA-GRI-STGS8100,Stanley Grinder 4 850W,Power Tools,UNIT,6,219.00
STA-SAW-SM16,Stanley Compound Miter Saw 1650W - SM16,Power Tools,UNIT,1,939.00
X-PSN-NI-25A1-BK1,Panasonic Non-stick 1.6KG Candy Blue Iron,Home Appliances,PCS,2,109.00
BOS-0601-9G5-2L0,Gdx Batt. Impact Driver,Power Tools,UNIT,1,895.00
BOS-AQSD75F,Adelino Submersible Sewage Pump 0.75KW,Pumps & Water,UNIT,1,865.00
ELE-CAB-WIR-MKK-1.5MM-GREEN,MKK Cable 1.5MM (7/0.39MM) Green,Electrical,ROLL,20,49.50
GLO-WEL-GT900/BLU,Welding Glove - 900GT/BLUE,Safety & Workwear,DOZ,2,189.00
GLO-WEL-GT900/RED,Welding Glove - 900GT/RED,Safety & Workwear,DOZ,2,189.00
NIP-ECO-B,1L 811-9907 Black B,Paint & Sundries,CAN,17,42.90
STA-DRI-SDH600KP,Stanley 600W 13MM Impact Drill + Acc Set,Power Tools,UNIT,3,299.00
TOI-TIS-SRT367-GM,Sorento S/steel Paper Holder-gunmetal,Bathroom,PCS,3,79.00
BOS-0601-388-5L0,Gws Angle Grinder 7-100ET,Power Tools,UNIT,2,419.00
NIP-ECO-T,1L 811-2336 Medium Yellow T,Paint & Sundries,CAN,6,134.00
NIP-QGL-5L-P,5L Nippon Q-glo Pastel Base,Paint & Sundries,CAN,15,160.00
NIP-VIN-EAS-5L-P,5L Nippon Vinilex Easywash Pastel Base,Paint & Sundries,CAN,11,190.00
STA-IMP-WRE-SBW910M1K,Stanley Fatmax 20V Max V20 Brushless Impact Wrench,Power Tools,UNIT,1,869.00
TOI-TIS-SOR-SRT366-BL,Sorento S/s Paper Holder SRT366-BL,Bathroom,PCS,3,72.00
X-SHO-SOR-SRTSS3180,Sorento Hand Shower - SRTSS3180,Bathroom,PCS,2,145.00
BAS-SAN-WB-880,Saniware Wall Hung/art Basin Above Counter Mounting (395X295X120MM),Bathroom,PCS,1,229.00
BUL-FFL-60W-E27-FROST,Taicon Standard Bulb E27 Frosted 60W,Lighting,PCS,60,3.10
ELE-D/L-TC-2260-24W-4000K,Taicon 24W Adjusted LED Dl Round (TC-2260),Lighting,PCS,6,25.50
"HOS-FLE-GLO-18""",Glotool Flexible Tube F1/2 X F12 X 18,Outdoor & Garden,PCS,13,8.70
NIP-ECO-KX,1L 811-0018 White Kx,Paint & Sundries,CAN,10,76.90
NIP-QLA-5L-P,5L Nippon Q-lac Pastel Base,Paint & Sundries,CAN,13,169.00
STA-POL-KP600-152MM,Black+decker Car Waxer/polisher,Power Tools,UNIT,3,269.00
BAS-SOR-SRTWT5608,Sorento Wall Mounted Basin Cold Tap,Bathroom,PCS,1,208.00
GRA-SAN-SWFG-SS304-6601,Saniware Floor Grating (150X150MM) SWFG-SS304-6601 SUS304,Bathroom,PCS,4,59.00
"HOS-FLE-GLO-24""",Glotool Flexible Tube F1/2 X F12 X 24,Outdoor & Garden,PCS,13,9.40
GRA-SAN-SWFG-SS304-6605-G,Saniware Floor Grating (150X150MM)-GOLD SWFG-SS304-6605-G SUS304,Bathroom,PCS,2,115.00
GRA-SAN-SWFG-SS304-6605-GM,Saniware Floor Grating (150X150MM)-GUN Metal,Bathroom,PCS,2,118.00
"HOS-FLE-GLO-16""",Glotool Flexible Tube F1/2 X F12 X 16,Outdoor & Garden,PCS,14,8.50
NIP-WTRB-5L-A,5L Nippon Weatherbond Quartz Accent Base,Paint & Sundries,CAN,10,209.00
SHO-SOR-SRTSH2623-GRY,Sorento 225MM ABS Rain Shower Head Gry,Bathroom,PCS,2,98.00
SHO-SOR-SRTSS5726,Sorento ABS Hand Shower 3FUNCTIONS SRTSS5726,Bathroom,PCS,2,99.00
TOW-SAN-SWP-BF-3709,Saniware Premier Single Towel BAR (48X88X800MM),Bathroom,PCS,2,105.00
BOS-0601-063-N81,Gll Kit Laser Level,Power Tools,UNIT,1,759.00
BOS-F016-800-577,Water Filter (AQT33-10/35-12/37-13),Pumps & Water,PCS,19,37.90
NIP-ECO-A,1L 811-2573 Or Yel A,Paint & Sundries,CAN,6,119.00
NIP-ECO-V,1L 811-0422 Magenta V,Paint & Sundries,CAN,6,119.00
BOS-SM20CX-170F,Sumo Gasoline Water Pump 2,Pumps & Water,UNIT,1,728.00
NIP-9000-GF-5L-D,5L Nippon 9000 Gf Deep Base,Paint & Sundries,CAN,11,248.30
NIP-WTRB-18L-P,18L Nippon Weatherbond Quartz Pastel Base,Paint & Sundries,DRUM,3,666.80
BID-SOR-SRT73-CR-DIY,Sorento Hand Bidet 1.2M Flex Hose-chorome,Bathroom,PCS,3,62.00
BOS-0601-8C0-0L0,Gws Angle Grinder 2200-180H,Power Tools,UNIT,1,725.00
NIP-MAT-ULTRA-18L,18L Nippon Matex Gold Ultra White,Paint & Sundries,DRUM,9,219.00
NIP-QGL-5L-A,5L Nippon Q-glo Accent Base,Paint & Sundries,CAN,15,158.30
NIP-WTRB-5L-D,5L Nippon Weatherbond Quartz Deep Base,Paint & Sundries,CAN,8,230.20
SHO-SOR-SRTSS3150,Sorento 3 Functions Hand Shower,Bathroom,PCS,2,95.00
TAP-SAN-SWP-SS-304-3941-MB,Saniware Premier Kitchen Wall Sink Tap (matt Blk),Kitchen & Sinks,PCS,1,199.00
TAP-SAN-SWP-SS-304-3942,Saniware Premier Flexible Kitchen Wall Sink Tap,Kitchen & Sinks,PCS,1,198.00
TAP-SAN-SWP-SS-304-3943,Saniware Premier Flexible Kitchen Pillar Sink Tap,Kitchen & Sinks,PCS,1,199.00
TOI-TIS-SOR-SRT360-HP,Sorento S/s Paper Holder SRT360-HP,Bathroom,PCS,3,59.00
TOW-SOR-SRT9540-FRG,Sorento Single Towel BAR S/s Rose Gold,Bathroom,PCS,1,199.00
VAC-KHI-VC8020MS,Khind - Canister Vacuum Cleaner (sapphire Blue),Chemicals & Adhesives,SET,2,358.00
BOS-0601-9F0-0L3,Gsr + Gdr Combo Kit,Power Tools,UNIT,1,699.00
MIX-KHI-HM200,Khind Hand Mixer (white),Bathroom,SET,2,73.90
NIP-QSH-EXT-5L-P,5L Nippon Q-shield Extra Pastel Base,Paint & Sundries,CAN,12,171.70
SHO-SOR-SRTSH22612,Sorento 204MM ABS Chrome Surface Rainshower Head,Bathroom,PCS,2,92.00
STA-BLO-STPT600,Stanley Blower,Power Tools,UNIT,3,199.00
VAC-KHI-VC68P,Khind - Vacuum Cleaner 600W (gold),Chemicals & Adhesives,SET,3,208.00
BUL-FFL-25W-E27-FROST,Taicon Standard Bulb E27 Forsted 25W,Lighting,PCS,46,3.10
TOW-SAN-SWP-BF-3713,Saniware Double Towel BAR (630X148X48MM),Bathroom,PCS,2,98.00
X-PSN-NI-317W-LN,Panasonic Polished 0.9KG Iron,Home Appliances,PCS,2,75.00
BOS-0601-387-5L0,Gex Eccentric Disc Sander 125-1AE,Power Tools,UNIT,1,685.00
BOS-86-AA106,High Pressure Cleaner 100 BAR,Power Tools,UNIT,2,388.00
BOS-RK32,Robin Brush Cutter (t-type) -RK32,Outdoor & Garden,UNIT,1,648.00
JOV-WAT-CAR-JP200C,Joven Water Purifier Cartridge,Home Appliances,SET,2,75.00
NIP-PHG-5L-MWHI,5L Platone High Gloss 8102 Matt White,Paint & Sundries,CAN,13,148.00
NIP-QSH-EXT-20L-D,18L Nippon Q-shield Extra Deep Base,Paint & Sundries,DRUM,4,449.00
TOW-SAN-SWP-BF-7903-G,Saniware Premier Double Towel BAR (gold),Bathroom,PCS,1,218.00
BOS-AA-MIG200,Inverter Welding Machine 200A,Welding,SET,4,535.00
GRA-SAN-SWFG-SS304-6605,Saniware Floor Grating (150X150MM) SWFG-SS-304-6605 SUS304,Bathroom,PCS,2,99.00
GRA-SOR-SRT384-6,Sorento Floor Grating 6,Bathroom,PCS,3,55.00
NIP-9000-GF-5L-A,5L Nippon 9000 Gf Accent Base,Paint & Sundries,CAN,9,235.40
NIP-PHG-5L-T,5L Platone High Gloss Tint Base,Paint & Sundries,CAN,13,139.20
NIP-SAT-GLO-18L-P,18L Nippon Satin Glo Pastel Base,Paint & Sundries,DRUM,3,561.70
SHO-SOR-SRTSS5724-RG,Sorento 3 Functions ABS Hand Shower,Bathroom,PCS,1,189.00
GLO-WEL-GT900/YEL,Welding Glove - 900GT/YELLOW,Safety & Workwear,PAIR,14,15.90
KHI-TOA-TB903,Khind Baking Toaster (white),Home Appliances,SET,1,159.00
NIP-QSH-EXT-20L-A,18L Nippon Q-shield Extra Accent Base,Paint & Sundries,DRUM,4,429.00
BOS-86-AA126,High Pressure Cleaner 120 BAR,Power Tools,UNIT,1,649.00
ELE-D/L-MEG-YTA60Z1-10W-3000K,Megaman A60 E27 LED Bulb YTA60Z1 10W/3000K,Lighting,PCS,12,8.90
GAS-STO-KHI-GC6010,Khind Gas Cooker,Chemicals & Adhesives,SET,5,123.00
SHO-SAN-SWP-HS-504,Saniware Premier Hand Shower With Holder And Flexible Hose,Bathroom,PCS,2,89.00
TAP-SAN-SWP-B-3213-GM,Saniware Premier Tall Basin Cold Tap (gun Metal),Bathroom,PCS,1,188.00
TAP-SAN-SWP-B-3213-RG,Saniware Premier Tall Basin Cold Tap (rose Gold),Bathroom,PCS,1,189.00
TAP-SAN-SWS-304-3973,Saniware Sliver Flexible Hose Kitchen Wall Sink Tap,Kitchen & Sinks,PCS,2,82.00
TOW-SAN-SWP-BF-3708,Saniware Robe Hook,Bathroom,PCS,2,88.00
BOS-RB2600,Robin Hand Blower,Power Tools,UNIT,1,579.00
"HOS-FLE-GLO-36""",Glotool Flexible Tube F1/2 X F12 X 36,Outdoor & Garden,PCS,8,11.90
JUG-KHI-EK502,Khind Electric Kettle 5.0L,Home Appliances,SET,1,149.00
KHI-MOS-KIL-IK6206,Khind Mosquito Killer (blue),Home Appliances,SET,3,39.00
NIP-QGL-15L-P,15L Nippon Q-glo Pastel Base,Paint & Sundries,DRUM,4,400.40
NIP-QLA-5L-A,5L Nippon Q-lac Accent Base,Paint & Sundries,CAN,10,159.00
PAI-SPR-SAM-K1K,Samurai Spray Paint K1K Clear (coating),Paint & Sundries,PCS,20,23.40
SHO-SAN-SWP-SH-801,Saniware Premier 8 Shower Head,Bathroom,PCS,2,88.00
TOO-COM-SET-GT824,Glotool Combination Wrench Set 14 X 8-24MM,Hand Tools,SET,3,84.90
NIP-ECO-D,1L 811-5511 Phthalo Green D,Paint & Sundries,CAN,7,78.90
NIP-QSH-EXT-20L-T,18L Nippon Q-shield Extra Tint Base,Paint & Sundries,DRUM,4,389.00
SHO-SAN-SWP-SA-400B,Saniware Premier Shower Arm-black SWP-SA-400B,Bathroom,PCS,2,84.00
SHO-SAN-SWP-SH-804,Saniware Premier 9 ABS Rain Shower (black),Bathroom,PCS,2,85.00
"HOS-FLE-GLO-48""",Glotool Flexible Tube F1/2 X F12 X 48,Outdoor & Garden,PCS,7,14.50
STA-JIG-SJ60,Stanley Jigsaw 600W - SJ60,Power Tools,UNIT,2,319.00
"FIT-BUT-ELB-FEM-SWI-25MMX1/2""",Buteline 25MMX1/2 PE Elbow Female Swivel,Fishing & Tackle,PCS,113,8.50
TAP-SAN-SWP-SS-304-3936-MB,Saniware Premier Kitchen Wall Sink Tap-mb,Kitchen & Sinks,PCS,1,168.00
TAP-SAN-SWP-SS-304-3941,Saniware Premier Kitchen Wall Sink Tap,Kitchen & Sinks,PCS,1,165.00
TOO-COM-SET-GT832,Glotool Combination Wrench Set 14 X 8-32MM,Hand Tools,SET,2,129.00
NIP-QGL-15L-T,15L Nippon Q-glo Tint Base,Paint & Sundries,DRUM,4,364.00
NIP-WTRB-5L-T,5L Nippon Weatherbond Quartz Tint Base,Paint & Sundries,CAN,6,244.00
PAI-SPR-SAM-PR-500,Samurai Spray Paint Paint Remover,Paint & Sundries,PCS,24,17.80
STA-JIG-SJ45,Stanley Jigsaw 450W - SJ45,Power Tools,UNIT,2,299.00
TOR-ENE-LED-2AAW,Eveready Opp LED 2AA W Batt,Lighting,PCK,7,12.90
"HOS-FLE-GLO-08""",Glotool Flexible Tube F1/2 X F12 X 8,Outdoor & Garden,PCS,10,6.90
FAN-TAB-KHI-TF168,Khind- Se Table Fan 16 (winter Grey),Fans & Ventilation,SET,1,119.00
TAP-SAN-SWP-B-3203-G,Saniware Premier Basin Pillar Cold Tap (gold),Bathroom,PCS,1,159.00
TOI-HOL-SAN-SWP-BF-7909-G,Saniware Premier Toilet Paper Holder (gold),Bathroom,PCS,1,169.00
TOW-SAN-SWP-BF-7904-G,Saniware Premier Single Towel BAR (gold),Bathroom,PCS,1,168.00
GRA-SAN-SWFG-SS304-6608,Saniware Premier Floor Grating (150*150*0.8),Bathroom,PCS,4,33.00
RUB-TRT02-SA100,Rubine Pillar Sink Tap,Kitchen & Sinks,UNIT,1,388.00
STA-SHE-SAN-310W-SSS310,Stanley 1/2 Sheet Sander 310W,Power Tools,UNIT,2,469.00
TOW-SAN-SWP-BF-3704,Saniware Towel Ring (160X78X185MM),Bathroom,PCS,2,69.00
BOS-86-BG6,6 Bench Grinder 375W,Power Tools,UT,2,258.00
BOS-SMCSP3,Sumo 3 Submersible Pump,Pumps & Water,UNIT,1,429.00
X-BLE-KHI-BL1015M,Khind Blender W/micro Switch (milky Orange),Home Appliances,SET,1,104.00
BOS-0601-9C6-2L0,Gas Batt. Vacuum Cleaner (solo),Chemicals & Adhesives,UNIT,1,495.00
KHI-HDR-HD511-BLU,Hair Dryer 1000W (white),Home Appliances,SET,2,52.00
NIP-9000-GF-5L-P,5L Nippon 9000 Gf Pastel Base,Paint & Sundries,CAN,5,249.70
NIP-MAT-15245-7L,7L Super Matex 15245 Maxtwhite,Paint & Sundries,CAN,13,69.00
NIP-QSH-EXT-5L-T,5L Nippon Q-shield Extra Tint Base,Paint & Sundries,CAN,7,179.00
STA-CIR-SAW-SC16,Stanley Circular Saw SC16,Power Tools,UNIT,1,398.00
TAP-SAN-SWP-SS-MX-3302,Saniware Premier Flexible Hose Kitchen Pillar S/tap,Outdoor & Garden,PCS,2,238.00
WEL-MAC-STW-250G,Nietz Welding Machine Acc,Welding,UNIT,1,1190.00
ADH-TAP-WIR-6.5YD-RED-ROLL,Glotool Wire Tape - Red (10PCS/ROLL),Electrical,ROLL,54,6.90
ELE-D/L-MEG-YTG45Z1-3W,Megaman 3W LED Bulb,Lighting,PCS,12,6.90
NIP-SAT-GLO-5L-P,5L Nippon Satin Glo Pastel Base,Paint & Sundries,CAN,6,209.30
KHI-COO-MC121,Khind Multi Cooker 1.2L (blue),Home Appliances,SET,1,109.00
KHI-IRO-EI405-GRY,Khind Electric Iron (grey),Home Appliances,SET,2,52.00
PAI-SPR-SAM-KP1,Samurai Spray Paint KP1 Putty Primer,Paint & Sundries,PCS,10,35.90
GRA-SAN-SWFG-SS304-6610,Saniware Floor Grating (150X150MM) SWFG-SS304-6610 SUS304,Bathroom,PCS,3,38.00
LOC-YALE-Y120-50-KA2,Yale (key Alike) Boron Shackle Padlock Y120B-50-KA2,Lifting & Rigging,SET,1,179.00
NIP-WTRB-18L-D,18L Nippon Weatherbond Quartz Deep Base,Paint & Sundries,DRUM,2,559.00
NIP-ECO-E,1L 811-7214 Phthalo Blue E,Paint & Sundries,CAN,6,62.90
NIP-PHG-1L-MBLK,1L Platone High Gloss 8103 Matt Black,Paint & Sundries,CAN,22,39.90
NIP-QGL-15L-D,15L Nippon Q-glo Deep Base,Paint & Sundries,DRUM,3,359.00
SHO-SAN-SWP-HS-514,Saniware Premier Sq Hand Shower W Holder & Flex. Hose,Bathroom,PCS,1,119.00
STA-COR-FAN-SCF001,Stanley Cordless Fan,Power Tools,UNIT,2,225.00
SWI-T/SOC-70/076-5M1G,Taicon 1G 70/076 Nut Box,Fasteners & Fixings,PCS,9,41.90
FAN-CEI-DEKA-CF5DCL56MB12,Deka Ceiling Fan F5 Dcl~pro Matt Blk 56,Fans & Ventilation,UNIT,8,239.00
FAN-PSN-F-M14C5VBPH,Panasonic Bayu 4 Black,Fans & Ventilation,PCS,4,459.00
GRA-SAN-SWFG-SS304-6605-RG,Saniware Floor Grating (150X150MM)-ROSE Gold SWFG-SS304-6605-RG SUS304,Bathroom,PCS,1,116.00
BOS-0601-9F8-1L0,Gsr Batt. Screwdriver 180-LI,Hand Tools,SET,2,695.00
BOS-SMCV-45,Sumo Concrete Vibrator 6M,Power Tools,UNIT,1,355.00
NIP-MAT-ULTRA-5L,5L Nippon Matex Gold Ultra White,Paint & Sundries,DRUM,12,79.00
HOL-TUB-T8-G13,Taicon T8 G13 LED Single Tube Holder Only (2PCS/PCK),Lighting,PCK,46,1.90
KHI-TOA-ST612,Khind Sandwich Toaster (white),Home Appliances,SET,1,79.00
"NIE-SOC-IMP-1""-33MM",Nietz 1 IN Dr Impact Socket (6PT) 50170033 33MM,Power Tools,PCS,4,59.90
NIP-QGL-5L-T,5L Nippon Q-glo Tint Base,Paint & Sundries,CAN,6,164.00
GLO-COT-700-ZS70,Cotton Glove ZS70,Safety & Workwear,DOZ,73,13.20
STA-ROT-DRI-STDR5510,Stanley Rotary Drill 550W,Power Tools,UNIT,2,239.00
NIP-ECO-F,1L 811-1046 Red Oxide F,Paint & Sundries,CAN,4,79.90
NIP-PHG-1L-T,1L Platone High Gloss Tint Base,Paint & Sundries,CAN,22,38.10
"FAN-STAND-TAICON-20""",Taicon Industry Stand Fan 20 Aluminium,Fans & Ventilation,SET,1,239.00
NIP-MAT-9102-7L,7L Super Matex Bs 9102 White,Paint & Sundries,CAN,12,69.00
NIP-QSH-EXT-5L-D,5L Nippon Q-shield Extra Deep Base,Paint & Sundries,CAN,5,179.00
SWI-T/SOC-40/016-4G,Taicon 4G 40/016 Nut Box,Fasteners & Fixings,PCS,7,46.50
"FIT-BUT-STR-HOS-20MMX1/2""",Buteline 20MMX1/2 PE Straight Hose Plate,Outdoor & Garden,PCS,37,5.50
"HOS-FLE-GLO-20""",Glotool Flexible Tube F1/2 X F12 X 20,Outdoor & Garden,PCS,5,8.90
NIP-QLA-5L-D,5L Nippon Q-lac Deep Base,Paint & Sundries,CAN,5,174.00
SPR-BID-SWSB-ABS-362-GM,Saniware ABS Spray Bidet Set Holder &1.2MM Flex. Hose (gun Metal),Bathroom,PCS,1,98.00
STA-ROS-SAN-SS30,Stanley SS30 300W Ros Sander,Power Tools,UNIT,1,358.00
VAC-PSN-MC-CG371AV47,Panasonic Bagged Vacuum Cleaner 1600W (blue),Chemicals & Adhesives,PCS,1,308.00
NIP-QSH-EXT-5L-A,5L Nippon Q-shield Extra Accent Base,Paint & Sundries,CAN,6,144.00
NIP-SAT-GLO-5L-T,5L Nippon Satin Glo Tint Base,Paint & Sundries,CAN,4,214.00
X-BLE-KHI-BL6809G,Juice Extractor (mint),Power Tools,SET,2,145.00
BOS-0601-9F6-0L0,Gsr Batt. Screwdriver 12V-15FC,Hand Tools,UNIT,1,968.00
IND-SCO-SMR-S501TY,Samurai King Steel Shovel S501TY,Building Materials,DOZ,5,169.00
NIP-PHG-1L-MWHI,1L Platone High Gloss 8102 Matt White,Paint & Sundries,CAN,18,39.90
SWI-T/SOC-70/076-5M4G,Taicon 4G 70/076 Nut Box,Fasteners & Fixings,PCS,4,69.50
GRA-SAN-SWFG-SS304-6602-RG,Saniware Floor Grating (150X150MM)-ROSE Gold SWFG-SS304-6602-RG SUS304,Bathroom,PCS,1,89.00
NIP-PHG-1L-D,1L Platone High Gloss Deep Base,Paint & Sundries,CAN,21,38.90
SPR-BID-SWSB-ABS-262,Saniware ABS Spray Bidet Only,Bathroom,PCS,4,19.00
BOS-2608-643-035,Circular Sawblade 14 X 100T Wood,Power Tools,PCS,1,299.00
GRA-SAN-SWFG-SS304-6604,Saniware Floor Grating Washing Machine Outlet,Bathroom,PCS,2,39.00
GRA-SAN-SWFG-SS304-6606,Saniware Floor Grating (150X150),Bathroom,PCS,2,40.00
"NIE-SOC-IMP-1""-32MM",Nietz 1 IN Dr Impact Socket (6PT) 50170032 32MM,Power Tools,PCS,4,59.80
NIP-ECO-HT,1L 811-0746 Red Ht,Paint & Sundries,CAN,1,274.00
NIP-SAT-GLO-5L-D,5L Nippon Satin Glo Deep Base,Paint & Sundries,CAN,4,200.70
NIP-SEA-5200-05L,5L Nippon Vinilex 5200 Wall Sealer,Paint & Sundries,CAN,7,119.00
FAN-CEI-PSN-F-M15A0VBWH,Panasonic 60 Basic C Fan,Fans & Ventilation,PCS,6,199.00
NIP-VIN-EAS-5L-T,5L Nippon Vinilex Easywash Tint Base,Paint & Sundries,CAN,4,191.40
PAI-SPR-SAM-81,Samurai Spray Paint Metalic Black,Paint & Sundries,PCS,29,23.50
PRE-STO-KHI-SPC6,Khind Pressure Cooker 6L - SPC6,Other,SET,2,399.00
STA-DRI-BG6109B,BG6109B Drill Stand,Power Tools,PCS,2,145.00
BOS-2608-643-027,Circular Sawblade 12 X 100T Wood,Power Tools,PCS,1,282.00
BOS-GLA-3008,Dimming Glasses,Power Tools,UNIT,3,64.50
"FIT-BUT-STR-FEM-SWI-25MMX1/2""",Buteline 25MMX1/2 PE Straight Female Swivel,Fishing & Tackle,PCS,57,8.20
GRA-SAN-SWFG-SS304-6603-G,Saniware Floor Grating (150X150MM)-GOLD SWFG-SS304-6603G SUS304,Bathroom,PCS,1,85.00
NIE-SOC-IMP-DEE-1/2-18MM,Nietz Deep Impact Socket (6PT) 50142018 18MM,Power Tools,PCS,8,26.80
STA-ROT-BCRT8K35,Black+decker Rotary Tool,Power Tools,UNIT,1,288.00
TOI-TIS-SOR-SRT313,Sorento S/s Paper Holder SRT313,Bathroom,PCS,1,69.00
ADH-TAP-WIR-6.5YD-BLK-ROLL,Glotool Wire Tape - Black (10PCS/ROLL),Electrical,ROLL,32,6.90
NIP-UND-9000-5L,5L Nippon 9000 Undercoat White,Paint & Sundries,CAN,4,175.00
TOW-SAN-SWP-BF-7908-G,Saniware Premier Robe Hook (gold),Bathroom,PCS,1,79.00
BOS-PAI-SPR-PPS-20,Electric Paint Sprayer,Paint & Sundries,UNIT,1,258.00
NIE-HAN-T-3/4,Nietz Dr Sliding T-handle (CR-MO)50067422 20IN,Doors & Hardware,PCS,2,109.50
NIP-9000-GF-5L-T,5L Nippon 9000 Gf Tint Base,Paint & Sundries,CAN,3,239.00
NIP-ECO-C,1L 811-1810 Yellow Oxide C,Paint & Sundries,CAN,4,61.90
NIP-VIN-EAS-15L-T,15L Nippon Vinilex Easywash Tint Base,Paint & Sundries,DRUM,2,359.00
SHO-SAN-SWP-SA-150B,Saniware Premier Shower Arm-black SWP-SA-150B,Bathroom,PCS,2,38.00
BID-SOR-SRT83-CR,Sorento Bidet ABS,Bathroom,PCS,1,68.00
"FIT-BUT-ELB-FEM-SWI-25MMX3/4""",Buteline 25MMX3/4 PE Elbow Female Swivel,Fishing & Tackle,PCS,40,11.20
NIP-SEA-5170-5L,5L Nippon Acrylic 5170 Wall Sealer,Paint & Sundries,CAN,3,205.00
SHO-SAN-SWP-HS-511,Saniware Premier Square Hand Shower With Holder And Flexible Hose,Bathroom,SET,1,79.00
BOS-2608-615-097,110 X Turbo Rim Granite,Power Tools,PCS,3,67.50
IND-SCO-SMR-S503TY,Samurai King Steel Shovel S503TY (DOZ),Building Materials,DOZ,4,169.00
"NIE-SOC-IMP-3/4""-54MM",Nietz Dr Impact Socket (6PT) 50160054 54MM,Power Tools,PCS,2,104.00
NIP-ODO-5L,5L Nippon Odourlite Soft Matt - A (5L),Paint & Sundries,TIN,2,339.00
NIP-SAT-GLO-5L-A,5L Nippon Satin Glo Accent Base,Paint & Sundries,CAN,4,207.80
NIP-WTRB-1L-P,1L Nippon Weatherbond Quartz Pastel Base,Paint & Sundries,CAN,10,67.90
BOS-F016-F04-558,Cutting Line Cartridge For Art 23SL,Power Tools,PCS,6,33.90
LOC-YALE-Y124B-60-1,Yale Satin Chrome Boron Shackle Padlock Y124B-60-1,Lifting & Rigging,UNIT,7,91.00
NIP-HYD-WOD-MET-5L,5L Nippon Hydro Wood & Metal Primer,Paint & Sundries,CAN,3,209.00
NIP-QGL-5L-D,5L Nippon Q-glo Deep Base,Paint & Sundries,CAN,4,146.10
NIP-VIN-EAS-1L-P,1L Nippon Vinilex Easywash Pastel Base,Paint & Sundries,CAN,12,52.50
NIP-VIN-EAS-5L-A,5L Nippon Vinilex Easywash Accent Base,Paint & Sundries,CAN,4,164.00
SWI-T/SOC-40/016-3G,Taicon 3G 40/016 Nut Box,Fasteners & Fixings,PCS,6,39.50
NIP-QGL-1L-A,1L Nippon Q-glo Accent Base,Paint & Sundries,TIN,13,46.60
NIP-SAT-GLO-15L-A,15L Nippon Satin Glo Accent Base,Paint & Sundries,DRUM,2,319.00
NIP-UND-9000-1L,1L Nippon 9000 Undercoat White,Paint & Sundries,CAN,13,49.50
SWI-T/SOC-40/016-2G,Taicon 2G 40/016 Nut Box,Fasteners & Fixings,PCS,7,32.50
"HOS-FLE-GLO-12""",Glotool Flexible Tube F1/2 X F12 X 12,Outdoor & Garden,PCS,4,7.60
RAINBOW-G888-1KG-999,1KG Nippon Gold Paint 999 Gold,Paint & Sundries,BTL,5,138.00
BOS-2608-642-952,Carbide Multi Wheel (110X 20/16MM),Power Tools,PCS,3,65.90
SHO-SOR-SRTSS5726-BL,Sorento Hand Shwr Flex Hose&holder-matt Blk,Outdoor & Garden,PCS,2,108.00
FAN-PSN-F-M14DZVBKH,Panasonic Bayu 5 Black,Fans & Ventilation,PCS,2,488.00
NIP-9000-GF-1L-P,1L Nippon 9000 Gf Pastel Base,Paint & Sundries,CAN,9,68.10
PAI-SPR-SAM-057,Samurai Spray Paint Fluorescent Red,Paint & Sundries,PCS,23,23.90
SWI-T/SOC-70/076-5M3G,Taicon 3G 70/076 Nut Box,Fasteners & Fixings,PCS,4,56.90
ELE-FAJAR-FLX-2.5MM-GREY,Fajar 2.5MM (50/0.25) X Flexible Cable (grey) (MTR),Electrical,MTR,121,12.90
FAN-CEI-DEKA-CCML34MG12,Deka Ceiling Fan Concept Mini~l~ Magnesium,Fans & Ventilation,UNIT,3,339.00
FAN-CEI-DEKA-CX146BK12,Deka Ceiling Fan X-one 46 Black,Fans & Ventilation,UNIT,6,158.00
"NIE-ADA-IMP-1""X3/4""",Nietz Impact Adaptor 50176786,Power Tools,PCS,2,83.50
NIE-SOC-IMP-DEE-3/4-36MM,Nietz Deep Impact Socket (6P) 36MM 50162036,Power Tools,PCS,2,86.00
NIP-QLA-5L-T,5L Nippon Q-lac Tint Base,Paint & Sundries,CAN,3,199.30
NIP-VIN-EAS-5L-D,5L Nippon Vinilex Easywash Deep Base,Paint & Sundries,CAN,3,188.50
FAN-CEI-DEKA-CDKN54MG12,Deka Ceiling Fan Koni 54 Magnesium,Fans & Ventilation,UNIT,4,298.00
"NIE-ADA-IMP-3/4""X1""",Nietz Impact Adaptor 50166768,Power Tools,PCS,3,66.50
STA-HEA-STEL670,Stanley Heatgun,Power Tools,UNIT,1,188.00
NIE-SOC-IMP-DEE-1/2-22MM,Nietz Deep Impact Socket (6PT) 50142022 22MM,Power Tools,PCS,5,28.90
NIP-SEA-5100-05L,5L Nippon Vinilex 5100 Wall Sealer,Paint & Sundries,CAN,4,145.00
TOO-BOX-STE-TB504,Glotool Steel Tool Boxes - TB504,Power Tools,PCS,2,89.00
BOS-2608-643-009,Circular Sawblade 10 X 80T Wood,Power Tools,PCS,1,205.00
ELE-TUB-LED-CAS-1200MM,4FT T8 LED Empty Casing,Lighting,PCS,208,6.50
FAN-CEI-DEKA-CCM34MG12,Deka Ceiling Fan Concept Mini Magnesium,Fans & Ventilation,UNIT,3,298.00
"NIE-SOC-IMP-3/4""-48MM",Nietz Dr Impact Socket (6PT) 50160048 48MM,Power Tools,PCS,2,79.50
NIP-9000-GF-1L-A,1L Nippon 9000 Gf Accent Base,Paint & Sundries,CAN,8,68.80
NIP-ODO-SFT-MATT-5L-A,5L Nippon Odourlite Soft Matt - A,Paint & Sundries,CAN,2,262.30
NIP-QLA-1L-A,1L Nippon Q-lac Accent Base,Paint & Sundries,CAN,11,51.00
NIP-9000-GF-1L-D,1L Nippon 9000 Gf Deep Base,Paint & Sundries,CAN,8,63.90
SAF-BOX-YSS250,Yale Yss 250 DB2 - Standard Safe,Locks & Security,UNIT,1,588.00
VAC-KHI-VC8630,Khind - Vacuum Cleaner 2 IN 1 (blue),Chemicals & Adhesives,SET,1,159.00
BOS-2608-642-985,Circular Sawblade 7 1/4 X 60T Wood,Power Tools,PCS,2,89.90
ELE-CAB-FLE-C70763CW-ROLL,Taicon 70/076 X Flexible Tube,Electrical,ROLL,5,265.00
"NIE-SOC-IMP-1""-36MM",Nietz 1 IN Dr Impact Socket (6PT) 50170036 36MM,Power Tools,PCS,2,73.90
NIE-SOC-IMP-DEE-1/2-19MM,Nietz Deep Impact Socket (6PT) 50142019 19MM,Power Tools,PCS,5,26.90
NIP-QGL-1L-P,1L Nippon Q-glo Pastel Base,Paint & Sundries,TIN,10,42.20
PAI-SPR-SAM-055,Samurai Spray Paint Fluorescent Orange,Paint & Sundries,PCS,19,23.90
PAI-SPR-SAM-45,Samurai Spray Paint Metalic Red,Paint & Sundries,PCS,20,23.50
BOS-2608-585-593,Hss-g Metal Bit 14MM,Power Tools,PCS,6,71.50
"NIE-SOC-IMP-1""-38MM",Nietz 1 IN Dr Impact Socket (6PT) 50170038 38MM,Power Tools,PCS,2,78.90
"NIE-SOC-IMP-3/4""-46MM",Nietz Dr Impact Socket (6PT) 50160046 46MM,Power Tools,PCS,2,71.90
NIE-SOC-IMP-DEE-3/4-32MM,Nietz Deep Impact Socket (6T) 32MM 50162032,Power Tools,PCS,2,73.50
SIN-SKS-230-8545-S600,Handmade Nano Black Double Bowl K/sink,Kitchen & Sinks,PCS,2,1149.00
"NIE-SOC-IMP-3/4""-38MM",Nietz Dr Impact Socket (6PT) 50160038 38MM,Power Tools,PCS,3,47.60
NIE-SOC-IMP-DEE-1/2-28MM,Nietz Deep Impact Socket (6PT) 50142028 28MM,Power Tools,PCS,3,42.90
X-DOR-LOC-C77EN4,Yale Size 4 Fire Rated Door Closer (hd),Doors & Hardware,UNIT,1,182.00
BOS-1607-014-145,Carbon Brush GWS750,Power Tools,SET,8,19.80
BOS-2608-578-160,Masonry Drill Bit 16MM X,Power Tool Accessories,PCS,9,17.90
"FIT-BUT-STR-FEM-SWI-25MMX3/4""",Buteline 25MMX3/4 PE Straight Female Swivel,Fishing & Tackle,PCS,28,10.50
NIE-SOC-IMP-DEE-1/2-16MM,Nietz Deep Impact Socket (6PT) 50142016 16MM,Power Tools,PCS,5,24.90
NIP-ECO-EY,1L 811-2885 Hs Yellow Ey,Paint & Sundries,CAN,1,159.00
NIP-VIN-EAS-20L-T,18L Nippon Vinilex Easywash Tint Base,Paint & Sundries,DRUM,1,454.00
SHO-SAN-SWP-SA-150,Saniware Premier Shower Arm,Bathroom,PCS,2,24.00
NIE-SOC-IMP-DEE-1/2-24MM-2,Nietz Deep Impact Socket (6PT) 50142024 24MM,Power Tools,PCS,4,31.50
NIP-QSH-EXT-1L-D,1L Nippon Q-shield Extra Deep Base,Paint & Sundries,CAN,9,51.10
PAI-SPR-SAM-058,Samurai Spray Paint Fluorescent Blue,Paint & Sundries,PCS,17,23.90
X-RUB-TAE11-M321,Rubine Rch-thora-ss Cooker Hood,Kitchen & Sinks,UNIT,1,2880.00
BAS-SOR-SRTBK7003-HP,Sorento S/s Basket Satin - SRTBK7003-HP,Housewares,PCS,5,82.00
BAS-SOR-SRTBK7004-HP,Sorento S/s Basket Satin - SRTBK7004-HP,Housewares,PCS,5,82.00
BOS-2608-578-118,Masonry Drill Bit 6MM X,Power Tool Accessories,PCS,24,5.80
"NIE-SOC-IMP-3/4""-36MM",Nietz Dr Impact Socket (6PT) 50160036 36MM,Power Tools,PCS,3,44.60
PAI-SPR-SAM-056,Samurai Spray Paint Fluorescent Yellow,Paint & Sundries,PCS,16,23.90
STA-SHE-SAN-SS24,Stanley SS24 240W 1/4 Sheet Sander - SS24,Power Tools,UNIT,1,195.00
BOS-2608-608-T75,Velcro Disc 125MM Holes (5PCS/PCK) G500-8,Abrasives & Cutting,PCK,35,9.50
IND-SCO-SMR-S512TY,Samurai King Steel Shovel S512TY (PCS),Building Materials,PCS,21,16.90
LOC-YALE-Y120-50-1,Yale Boron Shackle Padlock,Lifting & Rigging,UNIT,4,99.00
BOS-2608-585-594,Hss-g Metal Bit 15MM,Power Tools,PCS,5,73.50
ELE-D/L-MGM-MQTL1119-RD,"Mgm 6""/RD LED Panel Light (sr) MQTL1119-Y/15W 15W/6500K",Lighting,PCS,41,27.90
"NIE-SOC-IMP-3/4""-32MM",Nietz Dr Impact Socket (6PT) 50160032 32MM,Power Tools,PCS,3,36.20
NIE-SOC-IMP-DEE-3/4-29MM,Nietz Deep Impact Socket (6T) 29MM 50162029,Power Tools,PCS,2,61.00
TOO-BOX-STE-TB503,Glotool Steel Tool Boxes - TB503,Power Tools,PCS,2,69.00
TOW-SAN-SWP-BF-3711,Saniware Premier Towel Rack (120X240X800MM),Housewares,PCS,2,238.00
BOS-1617-014-144,Carbon Brush Gsh 5CE / Gsh 9VC / Gbh,Power Tools,SET,2,63.90
BOS-2608-585-890,Hss-g Cobal Bit 6.5MM,Power Tools,PCS,21,12.90
BOS-2610-391-290,"Carbon Brush Gsb 10RE, 13RE & 16RE",Power Tools,SET,4,29.00
"FIT-BUT-ELB-FEM-SWI-1/2""BSPTX20","Buteline 1/2""BSPTX20 PE Elbow Female Swivel",Fishing & Tackle,PCS,35,7.50
NIP-TIM-5L-T,5L Nippon Timbershade Tint Base,Paint & Sundries,CAN,1,180.90
SIN-SKS-230-8545-S600-SIL,Handmade Nano Silver Double Bowl K/sink,Kitchen & Sinks,PCS,2,859.00
STA-SCR-SCS4K,Stanley Lithium Screwdriver 4V,Hand Tools,UNIT,3,238.00
SWI-T/SOC-70/076-5M2G,Taicon 2G 70/076 Nut Box,Fasteners & Fixings,PCS,3,49.50
FAN-WAL-KHI-FW16JR,Khind 16 Remote Control Wall Fan (light Grey),Fans & Ventilation,SET,3,209.00
NIP-ROOF-20L-A,20L Nippon Roof Coating Accent Base,Building Materials,UNIT,2,539.00
"NIE-ADA-IMP-3/4""X1/2""",Nietz Impact Adaptor 50166764,Power Tools,EA,2,56.00
"NIE-BAR-EXT-3/4""-250MM",Nietz Impact Extension BAR 50168010 250MM,Power Tools,PCS,1,110.50
"NIE-SOC-IMP-1""-30MM",Nietz 1 IN Dr Impact Socket (6PT) 50170030 30MM,Power Tools,PCS,2,56.90
"NIE-SOC-IMP-3/4""-41MM",Nietz Dr Impact Socket (6PT) 50160041 41MM,Power Tools,PCS,2,57.90
NIE-SOC-IMP-DEE-3/4-22MM,Nietz Deep Impact Socket (6T) 22MM 50162022,Power Tools,PCS,2,56.00
NIE-SOC-IMP-DEE-3/4-24MM,Nietz Deep Impact Socket (6PT) 24MM 50162024,Power Tools,PCS,2,57.00
NIE-SOL-9233,Nietz Picasaf 9233 Solar Panel Signal Lamp Amber,Lighting,EA,10,54.90
SWI-SOC-BS-13A,Taicon 13A Switch Socket (sr),Electrical,PCS,253,3.50
TOO-AXE-GLO-1.25LB,Glotool Axe 1.1/4LB,Power Tools,PCS,5,23.90
TOO-BOX-STE-TB502,Glotool Steel Tool Boxes - TB502,Power Tools,PCS,2,66.50
BOS-0601-596-0L0,Gho 6500 Planer,Power Tools,UNIT,6,429.00
BOS-2608-585-903,Hss-g Cobal Bit 12.0MM,Power Tools,PCS,7,53.00
BOS-F016-L73-832,Trigger For Aqt,Power Tools,PCS,1,125.00
JAC-FLO-GLO-2TON,Glotool China Floor Jack - 2TON,Automotive,SET,3,129.00
LAD-EXT-SP12,Nietz Single Pole Ext Ladder 12FT,Ladders & Access,UNIT,1,389.00
"NIE-SOC-IMP-3/4""-55MM",Nietz Dr Impact Socket (6PT) 50160055 55MM,Power Tools,PCS,1,108.00
NIP-FLO-DRE-1L,1L Nippon Floor Dressing (gloss),Paint & Sundries,CAN,8,39.50
NIP-VIN-EAS-1L-A,1L Nippon Vinilex Easywash Accent Base,Paint & Sundries,CAN,7,51.90
NIP-VIN-EAS-1L-T,1L Nippon Vinilex Easywash Tint Base,Paint & Sundries,CAN,7,51.90
NIP-WTRB-1L-T,1L Nippon Weatherbond Quartz Tint Base,Paint & Sundries,CAN,5,64.10
STA-BRE-STHM5KHV,Stanley Breaker 5KG (b/packed STA54501),Electrical,UNIT,2,628.00
"FAN-BLA-LWD-12""",Taicon Fan Blade 12 (0055),Fans & Ventilation,PCS,44,10.90
FIT-BUT-ELB-20X20MM,Buteline PE Elbow 20X20MM,Plumbing,PCS,159,4.10
NIP-WTRB-1L-A,1L Nippon Weatherbond Quartz Accent Base,Paint & Sundries,CAN,5,65.10
PAI-SPR-SAM-040,Samurai Spray Paint Sparkling Gold,Paint & Sundries,PCS,14,23.50
"SAN-SCO-KN411-4""-RED",Round Sanding Scotch 4 Red (2PCS/PCK),Abrasives & Cutting,PCK,10,3.90
BOS-0601-3A3-1L0,Gws 700 Angle Grinder,Power Tools,UNIT,2,155.00
NIE-SOC-IMP-DEE-3/4-21MM,Nietz Deep Impact Socket (6T) 21MM 50162021,Power Tools,PCS,2,53.90
NIP-QGL-15L-A,15L Nippon Q-glo Accent Base,Paint & Sundries,DRUM,1,415.70
BOS-0600-8A7-7L0,Aquatak 150 High P/ Cleaner,Chemicals & Adhesives,UNIT,1,2398.00
BOS-F016-F04-667,High Pressure Hose Aqt,Outdoor & Garden,SETS,1,154.00
NIP-QLA-1L-P,1L Nippon Q-lac Pastel Base,Paint & Sundries,CAN,6,52.90
NIP-TIM-FIN-5L-T/RED,5L Nippon Timber Finish T/red Base,Building Materials,CAN,6,159.00
SWI-T/SOC-TAI-4G5M,Taicon 4G Trailing Socket (4050),Electrical,PCS,19,45.90
TOO-AXE-GLO-2LB,Glotool Axe 2LB,Power Tools,PCS,4,28.50
TOO-NIE-GRE-NIP-9077,Nietz Grease Nipple Of (straight),Power Tools,PCS,106,1.60
BOS-0600-8A7-BL0,Aquatak 130 High P/cleaner,Chemicals & Adhesives,UNIT,2,1129.00
BOS-PLUG-WS7F,Bosch Plug WS7F,Electrical,PCS,121,5.50
"FAN-CEI-KDK-K14PH-PBR-56""",Kdk DC Motor Ceiling FAN-56 (brown),Fans & Ventilation,PCS,2,449.00
"NIE-SOC-IMP-3/4""-22MM",Nietz Dr Impact Socket (6PT) 50160022 22MM,Power Tools,PCS,3,29.80
PAI-SPR-SAM-039,Samurai Spray Paint Sparkling Silver,Paint & Sundries,PCS,12,23.50
BOS-2608-643-306,Circular Sawblade 9 1/4 X 60T Wood,Power Tools,PCS,1,105.00
FAN-WAL-PSN-F-MU408-WT,Panasonic 16 Wall Fan,Fans & Ventilation,PCS,2,268.00
FIT-BUT-TEE-EQU-25X25X25MM,Buteline PE Equal Tee,Plumbing,PCS,136,3.90
"NIE-SOC-IMP-3/4""-19MM",Nietz Dr Impact Socket (6PT) 50160019 19MM,Power Tools,PCS,3,29.80
"NIE-SOC-IMP-3/4""-21MM",Nietz Dr Impact Socket (6PT) 50160021 21MM,Power Tools,PCS,3,29.80
NIE-SOC-IMP-DEE-1/2-32MM,Nietz Deep Impact Socket (6PT) 50142032 32MM,Power Tools,PCS,2,49.90
BOS-0601-072-9K0,Glm 40 Laser Rangefinder,Power Tools,UNIT,8,288.00
BOS-0611-2A6-0L0,Gbh 220 Rotary Hammer,Power Tools,UNIT,4,519.00
BOS-2608-578-122,Masonry Drill Bit 12MM X,Power Tool Accessories,PCS,7,13.50
TOO-AXE-GLO-1.5LB,Glotool Axe 1.1/2LB,Power Tools,PCS,4,25.90
TOW-SAN-SWP-BF-7902-G,Saniware Premier Double Towel Rack (gold),Housewares,PCS,1,399.00
BOS-2608-585-905,Hss-g Cobal Bit 13.0MM,Power Tools,PCS,5,62.00
CIMA-SD-L/SC192Y/24W/WH/DL,Cielo Iv 203Y 36W L/surface D/light (round) Dl,Lighting,SET,19,43.90
"FAN-CEI-KDK-K14RH-EY-56""",Kdk DC Motor Ceiling FAN-56 (grey),Fans & Ventilation,PCS,2,399.00
"FIT-BUT-STR-FEM-SWI-20MMX1/2""",Buteline 20MMX1/2 PE Straight Female Swivel,Fishing & Tackle,PCS,30,6.50
"NIE-HAN-L-3/4""",Nietz Dr L Hdl (CRV)50068718 18IN,Hand Tools,PCS,2,142.00
NIE-SOC-IMP-DEE-1/2-30MM,Nietz Deep Impact Socket (6PT) 50142030 30MM,Power Tools,PCS,2,40.90
NIP-QLA-1L-D,1L Nippon Q-lac Deep Base,Paint & Sundries,CAN,5,59.90
NIP-QSH-EXT-1L-P,1L Nippon Q-shield Extra Pastel Base,Paint & Sundries,CAN,6,47.60
COC-SOR-SRTWT9706,Sorento Pillar Mou. Kitchen Mixer Tap,Plumbing,PCS,2,449.00
MIR-GLO-S-GLC4560BLACK,Alum. Frame Mirror (black),Bathroom,PCS,10,95.00
MIR-GLO-S-GLC4560GOLD,Alum. Frame Mirror (gold),Bathroom,PCS,10,94.00
"NIE-SOC-IMP-3/4""-35MM",Nietz Dr Impact Socket (6PT) 50160035 35MM,Power Tools,PCS,2,44.50
NIP-9000-GF-1L-T,1L Nippon 9000 Gf Tint Base,Paint & Sundries,CAN,4,72.90
NIP-SAT-GLO-1L-A,1L Nippon Satin Glo Accent Base,Paint & Sundries,CAN,5,58.90
TAR-SHT-GT2-09X15,Glotool PE Tarp Sheet - 9 X 15 (GT02),Building Materials,SHT,6,43.50
BOS-0601-B19-1L0,Gcm 8 Sjl Mitre Saw,Power Tools,UNIT,1,1988.00
BOS-0611-253-76C,Gbh 2-26 Dre Rotary Hammer Set,Power Tools,UNIT,2,938.00
"NIE-SOC-IMP-1/2""-14MM",Nietz Dr Impact Socket (6PT) 50140014 14MM,Power Tools,PCS,5,12.60
NIP-SAT-GLO-1L-P,1L Nippon Satin Glo Pastel Base,Paint & Sundries,CAN,5,56.80
ALP-WAT-HEA-IM-9EP-SIL,Alpha Instant Water Plus Rainshower-sil HEATER-IM-9EP,Home Appliances,UNIT,1,829.00
BOS-2608-578-121,Masonry Drill Bit 10MM X,Power Tool Accessories,PCS,9,9.10
FAN-CEI-DEKA-CDKN54OAK12,Deka Ceiling Fan Koni 54 Oak,Fans & Ventilation,UNIT,2,298.00
GAR-CUT-SCI-GT04GS,Glotool Garden Scissors Gt- 04GS,Outdoor & Garden,PCS,11,6.90
"NIE-HAN-RAT-1/2""",Nietz Oval Head Ratchet Hdl 50048124 24T,Hand Tools,PCS,4,64.50
NIE-SOC-IMP-DEE-3/4-35MM,Nietz Deep Impact Socket (6P) 35MM 50162035,Power Tools,PCS,1,85.00
SHE-SOR-SRT7907-RG,Sorento S/s Glass Shelf Blk+rg,Building Materials,PCS,2,149.00
TOW-SAN-SWP-BF-3712,Saniware Premier Towel Rack (640X240X120MM),Housewares,PCS,2,168.00
FAN-PSN-FV-30AUM8,Panasonic 12 Wall Mounted V Fan,Fans & Ventilation,PCS,2,219.00
NIE-SOC-IMP-DEE-3/4-38MM,Nietz Deep Impact Socket (6P) 38MM 50162038,Power Tools,PCS,1,87.00
NIP-FLO-DRE-5L,5L Nippon Floor Dressing (gloss),Paint & Sundries,CAN,2,149.00
PAI-SPR-SAM-Y017,Samurai Spray Paint Candy Green,Paint & Sundries,PCS,13,17.90
"SAN-SCO-KN411-4""-GRE",Round Sanding Scotch 4 Green (2PCS/PCK),Abrasives & Cutting,PCK,8,3.90
TAP-SIN-SRTKT1867SS-BL,Sorento Pillar Mounted Kitchen Tap (double),Plumbing,PCS,2,425.00
TAR-SHT-GT2-12X24,Glotool PE Tarp Sheet - 12 X 24 (GT02),Building Materials,SHT,3,89.00
"NIE-ADA-IMP-1/2""X3/4""",Nietz Impact Adaptor 50146746,Power Tools,PCS,2,35.90
"NIE-SOC-IMP-1/2""-30MM",Nietz Dr Impact Socket (6PT) 50140030 30MM,Power Tools,PCS,2,29.90
"NIE-SOC-IMP-3/4""-33MM",Nietz Dr Impact Socket (6PT) 50160033 33MM,Power Tools,PCS,2,36.30
"NIE-SOC-IMP-3/4""-34MM",Nietz Dr Impact Socket (6PT) 50160034 34MM,Power Tools,PCS,2,36.40
NIP-QGL-1L-D,1L Nippon Q-glo Deep Base,Paint & Sundries,TIN,6,43.90
NIP-QSH-EXT-1L-T,1L Nippon Q-shield Extra Tint Base,Paint & Sundries,TIN,5,50.10
NIP-WTRB-WHI-15004-5L,5L Nippon Weatherbond 15004 Ws White,Paint & Sundries,CAN,7,269.00
TAP-SAN-SWP-B-3202,Basin Pillar Cold Tap SWP-SS-304-3202,Bathroom,PCS,4,219.00
TAP-SOR-SRTKT1871SS,Sorento Pil Mou Kitc Tap Diameter Spout (double),Plumbing,PCS,2,399.00
GLO-WEL-SUP-500SPG,Welding Glove - 500SP/GREEN,Safety & Workwear,DOZ,2,129.00
IND-TRO-NIE-80X450X0.6MM,Nietz Plastering Trowel 12/60 54643845,Hand Tools,PCS,15,11.20
STA-TIL-CUT-STSP125,Stanley Tile Cutter 1320W,Flooring,UNIT,1,299.00
BOS-SMCGE170F,Sumo Drive Engine + Adaptor,Electrical,UNIT,1,695.00
DRI-SDS-GT02-18210,Glotool Sds Drill 18 X 210MM,Power Tool Accessories,PCS,8,11.40
FIT-BUT-TEE-25X25X20MM,Buteline PE Tee 25X25X20MM,Plumbing,PCS,108,3.90
TAR-SHT-GT2-13X20,Glotool PE Tarp Sheet - 13 X 20 (GT02),Building Materials,SHT,3,81.90
BOS-2608-585-595,Hss-g Metal Bit 16MM,Power Tools,PCS,3,82.50
DOR-LOC-TUB-VL4447,Yale US15 60MM Tubular Handle Leverset (entrance),Doors & Hardware,UNIT,1,76.50
ELE-D/L-MEG-YTG45Z1-5W-3000K,Megaman G45 E27 LED Bulb YTG45Z1/5W 5W/3000K,Lighting,PCS,2,7.50
MIR-GLO-S-GLC5050BLACK,Dia. (round-black) Alum. Frame Mirror,Bathroom,PCS,10,78.00
MIR-GLO-S-GLC5050GOLD,Dia. (round-gold) Alum. Frame Mirror,Bathroom,PCS,10,79.00
"NIE-SOC-IMP-1/2""-21MM",Nietz Dr Impact Socket (6PT) 50140021 21MM,Power Tools,PCS,4,16.30
SWI-ADA-MUL-941N-3W,Taicon Multi 3WAY Adaptor With Neon 941N,Electrical,PCS,26,22.80
TAP-SAN-SWP-B-3202-GM,Basin Pillar Cold Tap SWP-SS-304-3202-GM,Bathroom,PCS,3,259.00
TOO-COM-SET-GT632,Glotool Combination Wrench Set 26 X,Hand Tools,SET,1,245.00
BOS-0601-9E5-1L0,Gas 15 Ps Vacuum Cleaner,Chemicals & Adhesives,UNIT,2,798.00
BOS-0601-9H9-0L1,Gws 180 Batt. Angle Grinder (set),Power Tools,UNIT,1,1539.00
BOS-0611-337-0L0,Gsh 5 Demolition Hammer,Power Tools,UNIT,1,1498.00
BOS-2608-585-889,Hss-g Cobal Bit 6.0MM (PCS),Power Tools,PCS,16,11.50
BOS-2608-585-894,Hss-g Cobal Bit 8.0MM,Power Tools,PCS,9,22.50
BOS-2608-585-896,Hss-g Cobal Bit 9.0MM,Power Tools,PCS,7,28.80
GLO-COT-104-WHI,Cotton Glove B104,Safety & Workwear,DOZ,22,10.60
HOO-SAN-SWP-BF-3706,Saniware Robe Hook (48X53X48MM),Doors & Hardware,PCS,2,43.00
SHO-SAN-SWP-SH-601,Saniware Premier ABS Rain Shower Head With Arm,Bathroom,SET,5,89.00
SWI-SOC-TAICON-TCU8111,Taicon 13A 2 USB Multi Switch Socket,Electrical,PCS,20,26.80
BOS-0601-2A7-0L0,Gst 700 Jigsaw,Power Tools,UNIT,4,419.00
BOS-0601-5A2-0L0,Gks 235 Turbo Circular Saw,Power Tools,UNIT,2,969.00
BOS-1619-P11-715,Carbon Brush Gws 900- 100S,Power Tools,SET,4,17.90
MEA-TAP-STA-TYL-5.0M,5M/16 X 19MM Stanley Tylon Short Tape Rules,Hand Tools,PCS,10,18.90
NIE-SOC-IMP-DEE-3/4-34MM,Nietz Deep Impact Socket (6P) 34MM 50162034,Power Tools,PCS,1,76.00
PAI-SPR-SAM-054,Samurai Spray Paint Fluorescent Green,Paint & Sundries,PCS,10,23.90
BOS-0601-6B3-0L1,Gks 140 Circular Saw,Power Tools,UNIT,3,529.00
BRU-CUP-GDB-75M1015,Glotool C/brush (b) 75M10*1.5,Other,PCS,18,9.30
"NIE-SOC-IMP-1/2""-32MM",Nietz Dr Impact Socket (6PT) 50140032 32MM,Power Tools,PCS,2,31.90
"NIE-SOC-IMP-3/4""-45MM",Nietz Dr Impact Socket (6PT) 50160045 45MM,Power Tools,PCS,1,67.90
ALP-WAT-HEA-IM-9E-SIL,Alpha Instant Water Plus Rainshower-sil HEATER-IM-9E,Home Appliances,UNIT,1,629.00
BOS-0600-8A7-DL0,Aquatak 140 High P/cleaner,Chemicals & Adhesives,UNIT,1,1499.00
BOS-0601-B45-0L0,Gts 254 Table Saw,Power Tools,SET,1,1359.00
BOS-2608-578-120,Masonry Drill Bit 8MM X,Power Tool Accessories,PCS,11,6.00
BOS-2608-578-123,Masonry Drill Bit 14MM X,Power Tool Accessories,PCS,5,15.90
DC-DCZC04-24EK,Cordless Brushless Rotary Hammer 20V (4.0AH X2/4A),Power Tools,SET,3,1049.00
"NIE-SOC-IMP-1""-34MM",Nietz 1 IN Dr Impact Socket (6PT) 50170034 34MM,Power Tools,PCS,1,64.50
"NIE-SOC-IMP-3/4""-23MM",Nietz Dr Impact Socket (6PT) 50160023 23MM,Power Tools,PCS,2,29.80
"NIE-SOC-IMP-3/4""-26MM",Nietz Dr Impact Socket (6PT) 50160026 26MM,Power Tools,PCS,2,29.90
NIP-ROOF-18L-D,18L Nippon Roof Coating Deep Base,Building Materials,DRUM,1,629.00
RIC-COO-PSN-SR-Y18GWSKN,Panasonic 1.8L Rice Cooker (light Blue),Home Appliances,PCS,2,175.00
SWI-T/SOC-TAI-2G5M,Taicon 2G Trailing Socket (2050),Electrical,PCS,14,39.90
TAR-SHT-GT2-15X25,Glotool PE Tarp Sheet - 15 X 25 (GT02),Building Materials,SHT,2,119.00
BOS-0601-9F3-0L3,Gsb 120 Bat. Impact Drill,Power Tools,UNIT,3,498.00
BOS-2608-642-972,Circular Sawblade 6 1/8 X 60T Wood,Power Tools,PCS,1,71.90
BOS-WEL-0.8MM/1KG,Flux Cored Wire 0.8MM 1KGS,Electrical,ROLL,21,34.90
CAR-BRU-875883,Brush Pair Type Stanley,Automotive,PAIR,11,17.90
FAN-CEI-ALP-FALKO 07,"Alkova Ceiling FAN-DEZI/56""-MATT Black",Fans & Ventilation,UNIT,1,595.00
FAN-CEI-ALP-FALKO 08,"Alkova Ceiling FAN-DEZI/56""-MATT White",Fans & Ventilation,UNIT,1,595.00
"NIE-SOC-IMP-3/4""-29MM",Nietz Dr Impact Socket (6PT) 50160029 29MM,Power Tools,PCS,2,29.90
NIP-SAT-GLO-15L-D,15L Nippon Satin Glo Deep Base,Paint & Sundries,DRUM,1,535.90
STA-HAN-GRI-N401305,Side Handle Type,Doors & Hardware,PCS,4,16.90
TAP-SIN-SRTKT67SS-BL,Sorento Pillar Mounted Kitchen Cold Tap-matt Blk,Plumbing,PCS,2,309.00
BAS-SOR-SRT7014-GM,Sorento Corner Basket (250X250X80MM)-GM,Housewares,PCS,2,98.00
BAS-SOR-SRT7016-GM,Sorento Basket (350X100X80MM)-GM,Housewares,PCS,2,99.00
BAT-ENE-HD-D2PCS,Eveready HD D 2 Pc,Electrical,PCK,61,5.90
BOS-0601-1C4-0L0,Grw 140 Mixer,Power Tools,UNIT,2,739.00
BOS-0601-B37-3L0,Gco 220 Cut Off Saw,Power Tools,UNIT,2,709.00
BOS-2608-603-700,Flexible Flap Disc 100MM P60,Power Tools,PCS,4,9.10
BOS-2608-642-971,Circular Sawblade 6 1/8 X 40T Wood,Power Tools,PCS,1,67.90
ELE-LED-FLO-IP66-150W-6500K-NEW,LED Floor Light -150W New,Lighting,PCS,6,92.00
FAN-CEI-PSN-FV-25TGU3-WT,Panasonic 10 Ventilating Fan Ceiling Mount,Fans & Ventilation,PCS,2,169.00
NIP-SEA-5400-05L,5L Nippon Vinilex 5400 Wall Sealer,Paint & Sundries,CAN,11,109.00
PAI-SPR-SAM-Y012,Samurai Spray Paint Candy Brown,Paint & Sundries,PCS,10,17.90
PAI-SPR-SAM-Y112,Samurai Spray Paint Candy Red,Paint & Sundries,PCS,10,17.90
SHE-SOR-SRT2500,Sorento Glass Shelf,Building Materials,UNIT,2,105.00
TOO-NIE-BIT-SCKT-1/2IN-T27,Nietz Drive Long Str Bit 50244127 T27,Power Tools,PCS,3,21.50
BOS-2608-642-983,Circular Sawblade 7 1/4 X 30T Wood,Power Tools,PCS,1,68.80
ELE-D/L-TC1040R-RND-12W,Taicon 4 12W Rnd LED Panel Light (sr),Lighting,PCS,1,13.50
FIT-BUT-STR-COU-25MMX20MM,Buteline PE Straight Inline Coupling 25MMX20MM,Plumbing,PCS,84,4.50
"NIE-SOC-IMP-3/4""-42MM",Nietz Dr Impact Socket (6PT) 50160042 42MM,Power Tools,PCS,1,61.90
NIP-SEA-5200-20L,20L Nippon Vinilex 5200 Wall Sealer,Paint & Sundries,DRUM,1,259.00
X-ELE-D/L-OSR-15W-E27,Osram 15W LED Stick E27,Lighting,PCS,22,21.90
BOS-0601-6B7-0L1,Gof 130 Router,Power Tools,UNIT,2,615.00
COC-STO-SAN-SWSC1011,Saniware 15MM Brass X-handle Stop Cock (qt),Doors & Hardware,PCS,1,75.00
COC-STO-SAN-SWSC1012,Saniware 15MM Brass X-handle Stop Cock (ft),Doors & Hardware,PCS,1,76.00
ELE-CAB-SPEAKER-COSTA-30/0.18MMX2C-MTR,Fajar Speaker Wire Pink,Electrical,MTR,162,3.20
"NIE-SOC-IMP-1/2""-28MM",Nietz Dr Impact Socket (6PT) 50140028 28MM,Power Tools,PCS,2,26.90
NIP-TIM-5L-A,5L Nippon Timbershade Accent Base,Paint & Sundries,CAN,1,195.60
ADH-TAP-CLO-BLA,Glotool Cloth Tape 48 MM X 7 Yd - Black,Chemicals & Adhesives,PCS,53,3.50
ADH-TAP-CLO-GRE,Glotool Cloth Tape 48 MM X 7 Yd - Green,Chemicals & Adhesives,PCS,52,3.50
BOS-2608-585-888,Hss-g Cobal Bit 5.5MM,Power Tools,PCS,13,11.20
ELE-D/L-PHI-E27-6.5W,Philips Essential Stick E27 6.5W LED Bulb,Lighting,PCS,26,14.80
NIP-FLO-5L-P,5L Nippon Floor Coating Pastel Base,Paint & Sundries,CAN,5,209.30
NIP-QSH-EXT-1L-A,1L Nippon Q-shield Extra Accent Base,Paint & Sundries,TIN,4,49.10
NIP-WTRB-1L-D,1L Nippon Weatherbond Quartz Deep Base,Paint & Sundries,CAN,3,63.60
PAI-SPR-SAM-Y111,Samurai Spray Paint Candy Blue,Paint & Sundries,PCS,10,17.90
RUB-TAE11-M310,Rubine Rch-sirocco-bl Cooker Hood,Kitchen & Sinks,UNIT,6,2750.00
SAF-SPE-GT460,Glotool Safety Eyewear Clear,Safety & Workwear,PAIR,17,7.60
SWI-SOC-TAICON-TC8211,Taicon 13A 2G Multi Switch Socket Neon (TC8211),Electrical,PCS,23,19.80
TOO-HAM-SLE-GT08LB,Glotool Sledge Hammer 8LB,Hand Tools,PCS,3,67.00
BAS-SOR-SRT7013-BL,Sorento Corner Basket (250X250X80MM)-BLK,Housewares,PCS,2,88.00
BAS-SOR-SRT7015-BL,Sorento Basket (350X100X80MM)-BL,Housewares,PCS,2,89.00
BOS-2608-603-707,Flexible Flap Disc 100MM P320,Power Tools,PCS,5,9.10
COC-BIB-SRTWT2215,Sorento 1/2 Hose Bib Tap - SRTWT2215,Plumbing,PCS,7,76.00
COC-SOR-SRTWT2203,Sorento Pillar Mounted Kitchen,Plumbing,UNIT,4,125.00
CUT-HSF-GLO-HS703,Glotool Hacksaw Frame - HS703,Hand Tools,PCS,9,13.50
"NIE-SOC-IMP-3/4""-43MM",Nietz Dr Impact Socket (6PT) 50160043 43MM,Power Tools,PCS,1,58.90
TOO-HAM-SLE-GT04LB,Glotool Sledge Hammer 4LB,Hand Tools,PCS,6,29.90
BOS-2608-595-081,Hss-g Metal Bit 12.0MM,Power Tools,PCS,6,24.50
BOS-2608-603-702,Flexible Flap Disc 100MM P100,Power Tools,PCS,5,9.10
BOS-2608-608-T70-N,Velcro Disc 125MM Holes (5PCS/PCK) G220-8,Abrasives & Cutting,PCK,15,9.50
ELE-D/L-MGM-MQTL1119-RD-3000K,"Mgm 6""/RD LED Panel Light (sr) MQTL1119-Y/15W 15W/3000K",Lighting,PCS,17,28.80
GRA-CUT-BRU-1004526-16,Brush Pair Type 1004526-16 Stanley,Outdoor & Garden,PAIR,2,29.50
NIP-SEA-5170-1L,1L Nippon Acrylic 5170 Wall Sealer,Paint & Sundries,CAN,3,55.00
SWI-PLU-AER-13A,Taicon 13A Plugtop (white) SIRIM,Electrical,PCS,117,3.20
BOS-0611-254-76C,Gbh 2-26 Dfr Rotary Hammer,Power Tools,UNIT,1,1139.00
BOS-2608-595-068,Hss-g Metal Bit 6.5MM,Power Tools,PCS,16,8.10
BOS-BAT-1600-A00-HR3,Battery Charger,Electrical,PCS,6,81.90
CUT-SCI-SK5-54113203,Nietz SK5 Scissors 54113203 8IN,Abrasives & Cutting,PCS,7,18.90
NIP-SEA-5400-20L,18L Nippon Vinlex 5400 Wall Sealer,Paint & Sundries,DRUM,4,269.00
NIP-TIM-1L-A0.86L0.8,1L Nippon Timbershade Accent Base,Paint & Sundries,CAN,3,52.10
NIP-TIM-FIN-5L-C,5L Nippon Timber Finish Clear Base,Building Materials,CAN,3,147.00
SAF-SPE-GT470,Glotool Safety Eyewear Black,Safety & Workwear,PAIR,16,7.60
TAP-SAN-SWP-SS-304-3939-MB,Saniware Premier Dou S/tap,Plumbing,PCS,2,289.00
ADH-TAP-CLO-YEL,Glotool Cloth Tape 48 MM X 7 Yd - Yellow,Chemicals & Adhesives,PCS,46,3.50
BOS-0601-1A0-3L1,Gsb 600 Impact Drill (set),Power Tools,UNIT,3,398.00
DRI-SDS-GT02-13160,Glotool Sds Drill 13 X 160MM,Power Tool Accessories,PCS,9,6.90
DRI-SDS-GT02-65160,Glotool Sds Drill 6.5 X 160MM,Power Tool Accessories,PCS,14,4.40
FIT-BUT-STR-20X20MM,Buteline PE Straight,Plumbing,PCS,73,4.20
"NIE-SOC-IMP-1/2""-26MM",Nietz Dr Impact Socket (6PT) 50140026 26MM,Power Tools,PCS,2,23.50
TAR-SHT-GT2-12X15,Glotool PE Tarp Sheet - 12 X 15 (GT02),Building Materials,SHT,3,55.90
ADH-TAP-WAR50,Glotool Warning Tape 50MM X 50M,Chemicals & Adhesives,ROLL,35,4.30
DRI-SDS-GT02-18260,Glotool Sds Drill 18 X 260MM,Power Tool Accessories,PCS,5,13.00
GLO-SEM-GT891/RED,Semi Leather Gloves - 800 Sn/red,Safety & Workwear,DOZ,5,94.90
GRA-SAN-SWFG-SS304-6609,Saniware Premier Floor Grating (150MMX1500MM),Bathroom,PCS,1,15.00
IND-SCO-SMR-S512TY,Samurai King Steel Shovel S512TY (DOZ),Building Materials,DOZ,1,169.00
NIP-VIN-EAS-20L-P,18L Nippon Vinilex Easywash Paster Base,Paint & Sundries,DRUM,2,484.20
TAR-SHT-GT2-20X30,Glotool PE Tarp Sheet - 20 X 30 (GT02),Building Materials,SHT,1,179.00
TOO-HAM-SLE-GT10LB,Glotool Sledge Hammer 10LB,Hand Tools,PCS,2,86.00
TOO-NIE-BIT-SCKT-1/2IN-T50,Nietz Drive Long Str Bit 50244150 T50,Power Tools,PCS,2,23.90
BOS-1607-000-CZ1,Carbon Brush For Gsr,Power Tools,SET,3,17.80
BOS-2608-578-119,Masonry Drill Bit 6.5MM X,Power Tool Accessories,PCS,9,5.90
BOS-2608-595-083,Hss-g Metal Bit 13.0MM,Power Tools,PCS,4,32.90
CLI-BAT-CLI-200AMP-54101200,Nietz Battery Clamp 54101200,Hand Tools,SET,5,24.90
COC-BIB-SRTWT2216,Sorento 1/2 Hose Bib Tap - SRTWT2216,Plumbing,PCS,6,75.00
DRI-SDS-GT02-14260,Glotool Sds Drill 14 X 260MM,Power Tool Accessories,PCS,6,8.50
"NIE-SOC-IMP-1""-24MM",Nietz 1 IN Dr Impact Socket (6PT) 50170024 24MM,Power Tools,PCS,1,49.50
"NIE-SOC-IMP-1/2""-13MM",Nietz Dr Impact Socket (6PT) 50140013 13MM,Power Tools,PCS,3,12.60
"NIE-SOC-IMP-1/2""-17MM",Nietz Dr Impact Socket (6PT) 50140017 17MM,Power Tools,PCS,3,14.50
NIP-QLA-1L-T,1L Nippon Q-lac Tint Base,Paint & Sundries,CAN,3,51.60
NIP-SAT-GLO-1L-T,1L Nippon Satin Glo Tint Base,Paint & Sundries,CAN,3,56.60
NIP-TIM-1L-D,1L Nippon Timbershade Deep Base,Paint & Sundries,CAN,3,47.50
BOS-0601-1A9-5L0,Gbm 350 Drill,Power Tools,UNIT,5,239.00
BOS-0601-B33-0L0,Gcm 216 Compound Mitre Saw,Power Tools,UNIT,1,998.00
BOS-2608-608-T73,Velcro Disc 125MM Holes (5PCS/PCK) G320-8,Abrasives & Cutting,PCK,13,9.50
DRI-SDS-GT02-07160,Glotool Sds Drill 7 X 160MM,Power Tool Accessories,PCS,13,4.40
DRI-SDS-GT02-12260,Glotool Sds Drill 12 X 260MM,Power Tool Accessories,PCS,9,6.30
DRI-SDS-GT02-16210,Glotool Sds Drill 16 X 210MM,Power Tool Accessories,PCS,6,9.60
BLE-PSN-MX-EX1531WSK,Panasonic Blender With Twin Jug & Dry Mill 450W,Home Appliances,PCS,1,269.00
BOS-0601-3A0-0L0,Gdc 140 Marble Cutter,Power Tools,UNIT,2,329.00
DRI-SDS-GT02-05160,Glotool Sds Drill 5 X 160MM,Power Tool Accessories,PCS,15,4.20
DRI-SDS-GT02-08160,Glotool Sds Drill 8 X 160MM,Power Tool Accessories,PCS,13,4.60
DRI-SDS-GT02-12160,Glotool Sds Drill 12 X 160MM,Power Tool Accessories,PCS,10,6.10
DRI-SDS-GT02-13260,Glotool Sds Drill 13 X 260MM,Power Tool Accessories,PCS,7,7.50
BOS-2608-578-159,Masonry Drill Bit 9MM X,Power Tool Accessories,PCS,7,6.60
BOS-2608-585-884,Hss-g Cobal Bit 4.8MM,Power Tools,PCS,13,8.70
BOS-2608-585-885,Hss-g Cobal Bit 5.0MM,Power Tools,PCS,13,8.90
BOS-2608-608-T64-N,Velcro Disc 125MM Holes (5PCS/PCK) G60-8,Abrasives & Cutting,PCK,11,9.50
DC-DJC23,Magnetic Drill (1500W),Power Tools,SET,1,1799.00
"NIE-SOC-IMP-1/2""-27MM",Nietz Dr Impact Socket (6PT) 50140027 27MM,Power Tools,PCS,1,25.50
NIP-TIM-FIN-1L-TY,1L Nippon Timber Finish T/yellow Base,Building Materials,CAN,9,41.10
ADH-TAP-CLO-RED,Glotool Cloth Tape 48 MM X 7 Yd - Red,Chemicals & Adhesives,PCS,37,3.50
ADH-TAP-WAR70,Glotool Warning Tape 70MM X 70M,Chemicals & Adhesives,ROLL,18,6.50
BOS-2608-684-775,Hexagon Flat Chisel (17X280MM),Hand Tools,PCS,7,18.90
BOS-CF-1033,219PCS Everise Rotary Tool & Accesories Set,Power Tools,SET,3,299.00
IND-CEM-GREY-20KG,Topfit Adhesive Cement Grey,Chemicals & Adhesives,BAG,33,31.90
SWI-SOC-TAICON-TC8111,Taicon 13A Multi Switch Socket Noen,Electrical,PCS,20,13.80
TAP-SAN-SFC-6003950,S600 Flexible Hose Kitchen Pillar Sink Tap,Kitchen & Sinks,PCS,3,138.00
TAP-SAN-SFC-6003950-BK,S600 Flexible Hose Kitchen Pillar Sink Tap (black),Kitchen & Sinks,PCS,3,158.00
BOS-2608-578-117,Masonry Drill Bit 5.5MM X,Power Tool Accessories,PCS,8,5.70
BOS-RB650S,Robin Mist Blower,Power Tools,UNIT,1,948.00
NIETZ-MOU-FLA-WHE-57122060,Nietz Mounted Flap Wheel 57122060,Abrasives & Cutting,PCS,12,7.90
SWI-T/SOC-TAI-5G5M,Taicon 5G Trailing Socket (5050),Electrical,PCS,7,51.90
ADH-TAP-MAS-48MM,Glotool Masking Tape 48MM X 15 Yd,Packaging,PCS,155,1.90
BOS-2608-585-901,Hss-g Cobal Bit 11.0MM,Power Tools,PCS,3,38.80
NIP-VIN-EAS-1L-D,1L Nippon Vinilex Easywash Deep Base,Paint & Sundries,CAN,3,46.90
TOO-NIE-BIT-SCKT-1/2IN-T25,Nietz Drive Long Str Bit 50244125 T25,Power Tools,PCS,2,21.40
TOO-NIE-BIT-SCKT-1/2IN-T30,Nietz Drive Long Str Bit 50244130 T30,Power Tools,PCS,2,21.50
TOR-ENE-LED-2D,Eveready 2D Brilliant (GPHH25),Other,PCK,3,35.90
BOS-0601-1A0-3L0,Gsb 600 Impact Drill,Power Tools,UNIT,4,249.00
DRI-SDS-GT02-65110,Glotool Sds Drill 6.5 X 110MM,Power Tool Accessories,PCS,12,4.20
ELE-D/L-LSM-72W-3CLR,LED Source Module 72W-3CLR,Lighting,PCS,9,39.90
TAR-SHT-GT2-12X18,Glotool PE Tarp Sheet - 12 X 18 (GT02),Building Materials,SHT,2,67.50
TOO-NIE-PLU-COU-30SH,Nietz Quick Coupler Socket 30SH,Electrical,PCS,17,21.20
ADH-TAP-MAS-36MM,Glotool Masking Tape 36MM X 15 Yd,Packaging,PCS,179,1.80
BOS-0601-58F-0L0,Gst 90 Be Jigsaw,Power Tools,UNIT,1,888.00
BOS-2608-608-T69,Velcro Disc 125MM Holes (5PCS/PCK) G180-8,Abrasives & Cutting,PCK,11,9.50
COC-SIN-SRTKT1831SS,Sorento Brass S/s 304 Wall Kitchen Tap,Plumbing,PCS,2,235.00
GLO-SEM-GT891/YEL,Semi Leather Gloves - 800 Sn/yellow,Safety & Workwear,DOZ,4,94.90
"NIE-SOC-IMP-1/2""-22MM",Nietz Dr Impact Socket (6PT) 50140022 22MM,Power Tools,PCS,2,17.90
BOS-0601-9H2-281,Bosch Go 3 Cordless Screwdriver,Power Tools,UNIT,3,298.00
COC-SIN-SRTWT5848-RG,Sorento Pillar Mounted Kitchen Tap - SRTWT5848(RG),Plumbing,PCS,2,219.00
DC-ZC02-28-H2K,Cordless Brushless Rotary Hammer 20V (6.0AH X2/4A),Power Tools,SET,1,1458.00
DRI-SDS-GT02-06160,Glotool Sds Drill 6 X 160MM,Power Tool Accessories,PCS,11,4.00
DRI-SDS-GT02-55110,Glotool Sds Drill 5.5 X 110MM,Power Tool Accessories,PCS,13,3.60
HOS-GAR-MARK-X-DB-13MTR,Mark-x Gar UV Net Hose 4PLY Dark,Outdoor & Garden,ROLL,17,68.80
"NIE-SOC-IMP-1/2""-19MM",Nietz Dr Impact Socket (6PT) 50140019 19MM,Power Tools,PCS,2,14.90
NIETZ-MOU-FLA-WHE-57152120,Nietz Mounted Flap Wheel 57152120,Abrasives & Cutting,PCS,7,12.20
CIMA-DL-L/199Y/RND/18W/SEN/840,Ceilo Iii 199Y 18W L/dl (rnd/ 840 Cool Day Light),Lighting,SET,136,16.90
DRI-SDS-GT02-06110,Glotool Sds Drill 6 X 110MM,Power Tool Accessories,PCS,12,4.10
BOS-2608-578-116,Masonry Drill Bit 5MM X,Power Tool Accessories,PCS,7,5.60
BOS-2608-585-880,Hss-g Cobal Bit 4.0MM,Power Tools,SET,2,62.90
BOS-2608-608-T66-N,Velcro Disc 125MM Holes (5PCS/PCK) G100-8,Abrasives & Cutting,PCK,10,9.50
DRI-SDS-GT02-10160,Glotool Sds Drill 10 X 160MM,Power Tool Accessories,PCS,9,5.40
NIE-SOC-IMP-DEE-1/2-27MM,Nietz Deep Impact Socket (6PT) 50142027 27MM,Power Tools,PCS,1,36.90
TAP-SIN-SRTKT69SS-GM,Sorento Pillar Mounted Kitchen Tap (gunmetal),Plumbing,PCS,1,409.00
TOO-SOC-SET-8-32,Glotool Socket Set,Hand Tools,SET,1,139.00
BOS-0600-8C1-H70,Easy Grasscut 23 Grass Trimmer,Power Tools,UNIT,3,269.00
BOS-2608-578-115,Masonry Drill Bit 4MM X,Power Tool Accessories,PCS,8,5.10
BOS-2608-608-T68-N,Velcro Disc 125MM Holes (5PCS/PCK) G150-8,Abrasives & Cutting,PCK,10,9.50
BOS-2608-608-T72,Velcro Disc 125MM Holes (5PCS/PCK) G280-8,Abrasives & Cutting,PCK,10,9.50
BOS-2608-680-294,Sds + Drill Bit S3 25 X 200/260MM,Power Tool Accessories,PCS,6,54.50
BOS-RP15G,Robin Power Sprayer Set,Outdoor & Garden,UNIT,1,825.00
"NIE-SOC-IMP-1/2""-15MM",Nietz Dr Impact Socket (6PT) 50140015 15MM,Power Tools,PCS,2,13.80
"NIE-SOC-IMP-1/2""-16MM",Nietz Dr Impact Socket (6PT) 50140016 16MM,Power Tools,PCS,2,13.90
"NIE-SOC-IMP-3/4""-30MM",Nietz Dr Impact Socket (6PT) 50160030 30MM,Power Tools,PCS,1,33.50
STA-PRE-WAS-K3,Karcher K3 Hr Plus Pressure Washer,Power Tools,UNIT,1,895.00
ADH-TAP-CLO-BLU,Glotool Cloth Tape 48 MM X 7 Yd - Blue,Chemicals & Adhesives,PCS,30,3.50
BOS-2608-595-072,Hss-g Metal Bit 8.0MM,Power Tools,PCS,6,17.50
BOS-BAT-2607-225-729,Battery Charge For 180,Electrical,PCS,3,119.00
BRU-END-GLO-509061,Glotool E/brush (b) 12MM,Power Tool Accessories,PCS,12,3.30
LOC-YALE-Y124B-70-1,Yale Satin Chrome Boron Shackle Padlock Y124B-70-1,Lifting & Rigging,SET,1,115.00
MIR-GLO-S-GLC2004A/B,(pill-black) Aluminium Framer Mirror,Bathroom,PCS,3,119.00
MIR-GLO-S-GLC2004A/G,(pill-gold) Aluminium Framer Mirror,Bathroom,PCS,3,120.00
NIP-HYD-WOD-MET-1L,1L Nippon Hydro Wood & Metal Primer,Paint & Sundries,CAN,2,57.00
NIP-TIM-1L-T,1L Nippon Timbershade Tint Base,Paint & Sundries,CAN,2,48.90
NIP-TIM-FIN-5L-TY,5L Nippon Timber Finish T/yellow Base,Building Materials,TIN,2,168.60
RIC-COO-MID-MRM18010BDG,Midea 1.8L Jartype Rice Cooker 700W,Home Appliances,PCS,3,109.00
TAP-SIN-SRTKT72SS,Sorento Pillar Mounted Kitchen Cold Tap,Plumbing,PCS,1,379.00
BOS-2608-603-360,Flap Disc 4 P120 (standard For Inox),Power Tools,PCS,2,16.50
NIP-TIM-5L-D 4/6/19,5L Nippon Timbershade Deep Base,Paint & Sundries,CAN,1,114.00
NIP-TIM-FIN-1L-T/RED,1L Nippon Timber Finish T/red Base,Building Materials,CAN,7,41.10
SWI-T/SOC-TAI-3G5M,Taicon 3G Trailing Socket (3050),Electrical,PCS,7,42.90
BOS-2608-585-898,Hss-g Cobal Bit 10.0MM,Power Tools,PCS,3,32.50
"FIT-BUT-ELB-MALE-25MMX1/2""",Buteline 25MMX1/2 PE Elbow Male,Plumbing,PCS,45,4.90
PAI-SPR-SAM-030,Samurai Spray Paint 30 Black,Paint & Sundries,PCS,37,13.90
SWI-T/SOC-TAI-2G3M,Taicon 2G Trailing Socket (2030),Electrical,PCS,9,31.90
TAR-SHT-GT2-08X10,Glotool PE Tarp Sheet - 8 X 10 (GT02),Building Materials,SHT,4,24.90
TAR-SHT-GT2-09X12,Glotool PE Tarp Sheet - 9 X 12 (GT02),Building Materials,SHT,3,34.90
TOO-HAM-CHI-NIE-551-22-050,Nietz Chipping Hammer 551-22-050,Hand Tools,PCS,6,15.50
BID-SOR-SRT61-BL,Sorento Hand Bidet Angle Valve& 1.2M PVC Flex Hose-blk (brass-adjustable Holder),Plumbing,PCS,2,175.00
BOS-2608-585-889,Hss-g Cobal Bit 6.0MM (SET),Power Tools,SET,1,109.00
BOS-2608-603-703,Flexible Flap Disc 100MM P120,Power Tools,PCS,3,9.10
BOS-2608-603-706,Flexible Flap Disc 100MM P220,Power Tools,PCS,3,9.10
COC-SIN-SRTWT5812,Sorento Wall Mou. Kitchen Double Tap,Plumbing,PCS,1,389.00
DRI-SDS-GT02-16160,Glotool Sds Drill 16 X 160MM,Power Tool Accessories,PCS,5,7.90
ELE-BUL-D/L-HOM-25W-6500K,Homelite LED Bulb E27 25W,Lighting,PCS,175,11.50
"NIE-SOC-IMP-3/4""-24MM",Nietz Dr Impact Socket (6PT) 50160024 24MM,Power Tools,PCS,1,29.90
NIETZ-MOU-FLA-WHE-57152080,Nietz Mounted Flap Wheel 57152080,Abrasives & Cutting,PCS,6,12.20
SHO-CAB-CSS8803-BL,Cabana 2 Ways Exposed Shower Set,Bathroom,PCS,6,419.00
"SHO-HEA-JHHD#8""-CHR",Jhhd 8 Square Shower Head With Arm (descaling Button) Chrome,Bathroom,PCS,5,69.00
TAP-SOR-SRTKT68SS-FRG,Sorento Pillar Mounted Kitchen Tap (full Rose Gold),Plumbing,PCS,1,349.00
TOO-HAM-CHI-NIE-551-22-030,Nietz Chipping Hammer 551-22-030,Hand Tools,PCS,7,12.60
COC-BIB-SRTWT2214,Sorento Two Way Tap-chr,Plumbing,PCS,2,159.00
CUT-HSF-GLO-HS702,Glotool Hacksaw Frame - HS702,Hand Tools,PCS,6,11.90
DRI-SDS-GT02-55160,Glotool Sds Drill 5.5 X 160MM,Power Tool Accessories,PCS,10,3.90
ELE-D/L-LSM-36W-6500K,LED Source Module 36W-6500K,Lighting,PCS,13,22.50
GLO-SEM-LEA-700SP,Semi Leather Gloves,Safety & Workwear,PAIR,12,6.70
TAP-SIN-SRTKT1932SS-BL-DIY,Sorento Pillar Mou Kit Tap S/s 24MM Diameter Spout- Mb,Plumbing,PCS,2,155.00
TAP-SIN-SRTKT1961SS-DIY,Sorento Pillar Mou Flex Kitchen Tap S/steel,Plumbing,PCS,2,159.00
TOO-HAM-SLE-GT03LB,Glotool Sledge Hammer 3LB,Hand Tools,PCS,4,25.90
TOO-HAM-SLE-GT06LB,Glotool Sledge Hammer 6LB,Hand Tools,PCS,2,56.90
ADH-TAP-CLO-SIL,Glotool Cloth Tape 48 MM X 7 Yd - Silver,Chemicals & Adhesives,PCS,29,3.50
BOS-2608-615-055,Diamond Cutting Blade Stone,Power Tools,PCS,22,24.90
BOS-SF-10,"I-pump Press Switch (F1/4,1.4-2.4 Bar)",Electrical,PCS,8,39.50
CIMA-DL-L/D05/RND/18W/DL,Lite Me D05 18W L/dl (rnd/day Light),Lighting,SET,110,16.90
"FAN-CEI-KDK-K12UX-48""",Kdk 48 LED Ceiling Fan Remote Control,Fans & Ventilation,PCS,2,899.00
NIE-SOC-IMP-THI-1/2-17MM,Nietz Thin Wall Deep Imp Skt 6PT 50141217 17MM,Hand Tools,PCS,3,27.50
NIETZ-MOU-FLA-WHE-57121120,Nietz Mounted Flap Wheel 57121120,Abrasives & Cutting,PCS,6,12.50
SIN-STA-RAC-SSS,S/steel Sink Stand,Kitchen & Sinks,PCS,10,209.00
TOO-NIE-PLU-COU-20SM,Nietz Quick Coupler Socket 20SM,Electrical,PCS,13,19.80
TOO-NIE-PLU-COU-SOC-20SH,Nietz Quick Coupler Socket 20SH,Electrical,PCS,13,19.50
BAT-ENE-SHD-AAA12PCS,Eveready Shd Aaa 12PC,Electrical,PCK,28,20.90
BOS-0601-224-1L0,Ggs 5000L Straight Grinder,Power Tools,UNIT,1,798.00
BOS-0603-947-080,Bosch 3.6V Cordless Easy Air Pump,Power Tools,UNIT,2,388.00
BOS-0603-9E0-050,Ixo 7 Cordless Screwdriver,Power Tools,UNIT(S),1,359.00
BOS-2608-595-066,Hss-g Metal Bit 6.0MM (PCS),Power Tools,PCS,11,6.60
DRI-SDS-GT02-14160,Glotool Sds Drill 14 X 160MM,Power Tool Accessories,PCS,5,6.90
ELE-D/L-OUBEI-110/45W,Ilite LED Bulb,Lighting,PCS,79,17.50
NIP-QGL-1L-T,1L Nippon Q-glo Tint Base,Paint & Sundries,CAN,2,41.60
BOS-2608-585-873,Hss-g Cobal Bit 1.5MM,Power Tools,PCS,19,3.90
BOS-2608-585-874,Hss-g Cobal Bit 2.0MM,Power Tools,SET,2,47.90
BOS-2608-585-876,Hss-g Cobal Bit 3.0MM,Power Tools,SET,2,47.90
BOS-2608-595-056,Hss-g Metal Bit 3.2MM,Power Tools,SET,2,47.90
BOS-2608-595-058,Hss-g Metal Bit 3.5MM,Power Tools,SET,2,47.90
BOS-2608-615-005,"Standard For Concrete 300MM (12"")",Power Tools,PCS,2,375.00
ELE-TUB-LED-22W-6500K,Ilite LED T8 1.2M 22W - 6500K,Lighting,PCS,194,7.90
FAN-PSN-FV-20AUM8,Panasonic 8 Wall Mounted V Fan,Fans & Ventilation,PCS,1,158.00
NIP-SPO-LES-5L-T,5L Nippon Spot-less Plus Tint Base,Paint & Sundries,CAN,3,204.00
PAI-SPR-SAM-Y016,Samurai Spray Paint Candy Yellow,Paint & Sundries,PCS,5,17.90
SWI-T/SOC-EUR-8743-3G,Taicon 3 GANG T-adaptor (sirim),Electrical,SET,5,29.90
BOS-0601-2C1-0L0,Gbs 750 Belt Sander,Power Tools,UNIT,1,599.00
BOS-0601-3A2-0L0,Gpo 950 Polisher,Power Tools,UNIT,1,629.00
BOS-2607-017-398,X-line Set (33PCS),Power Tools,SET,12,55.90
ELE-D/L-DLE170-18-3CCT,Arex Eco LED Downlight 18W,Lighting,PCS,58,28.90
PAI-SPR-SAM-033,Samurai Spray Paint 33 Red,Paint & Sundries,PCS,28,13.90
STA-KAR-VAC-WD1,Wd 1 Karcher Vacuum Cleaner,Chemicals & Adhesives,UNIT,1,385.00
TOO-NIE-BIT-SCKT-1/2IN-T55,Nietz Drive Long Str Bit 50244155 T55,Power Tools,PCS,1,27.50
TOR-ENE-LED-2AA,Eveready 2AA Brilliant,Other,PCK,3,21.50
AGR-NET-SUN-GLO-50%,Glotool Sun Shade Netting (50%),"Rope, Chain & Netting",ROLL,20,82.90
BOS-2608-585-879,Hss-g Cobal Bit 3.5MM,Power Tools,PCS,11,6.40
BOS-2608-595-063,Hss-g Metal Bit 5.2MM,Power Tools,PCS,10,6.40
BOS-2608-595-077,Hss-g Metal Bit 10.0MM,Power Tools,PCS,4,19.80
GLO-COT-GRY-1220,Polyester Grip Cotton Glove Grey,Safety & Workwear,DOZ,6,43.90
NIETZ-MOU-FLA-WHE-57121080,Nietz Mounted Flap Wheel 57121080,Abrasives & Cutting,PCS,5,12.50
NIETZ-MOU-FLA-WHE-57152100,Nietz Mounted Flap Wheel 57152100,Abrasives & Cutting,PCS,5,12.20
NIP-TIM-FIN-1L-C,1L Nippon Timber Finish Clear Base,Building Materials,CAN,5,41.10
SHH-REEL-SW4000,Samurai Ocean Reel (8+1BB),Fishing & Tackle,PCS,1,88.50
COC-SOR-SRTWT5827,Sorento Flexible Pillar Mounted Kitchen,Plumbing,UNIT,1,259.00
DC-DJC30,Magnetic Drill (900W),Power Tools,SET,1,1099.00
DRI-SDS-GT02-09160,Glotool Sds Drill 9 X 160MM,Power Tool Accessories,PCS,7,4.70
ELE-D/L-LEDT130-80-6-80W,Arex Eco LED T130 80W E27,Lighting,PCS,19,75.90
NIETZ-MOU-FLA-WHE-57110080,Nietz Mounted Flap Wheel 57110080,Abrasives & Cutting,PCS,8,8.60
NIP-FLO-5L-A,5L Nippon Floor Coating Accent Base,Paint & Sundries,CAN,3,227.40
TAP-SIN-SRTKT1932SS-DIY,Sorento Pillar Mou Kitchen Tap S/s 24MM Diameter Spout,Plumbing,PCS,2,135.00
TOO-HAM-SLE-GT02LB,Glotool Sledge Hammer 2LB,Hand Tools,PCS,4,20.90
BOS-0601-27A-3L0,Gbg 35-15 Bench Grinder,Power Tools,UNIT,1,598.00
GUM-HAR-RS600C,Silicone Hardex 300ML Clear,Chemicals & Adhesives,PCS,48,11.90
BAT-ENE-SHD-8PCS,Eveready Shd Aaa 8PCS,Electrical,PCK,29,15.50
DRI-SDS-GT02-10110,Glotool Sds Drill 10 X 110MM,Power Tool Accessories,PCS,7,4.70
GUM-HAR-RS900W,Silicone Hardex Neutral White,Chemicals & Adhesives,PCS,47,11.50
NIP-ROOF-5L-D,5L Nippon Roof Coating Deep Base,Building Materials,CAN,1,239.00
PAI-SPR-SAM-KPP,Samurai Spray Paint Kpp Plastic Primer,Paint & Sundries,PCS,12,35.90
SWI-PLU-ADA-DLX,Taicon 13A 3WAY Adaptor-sr (TC540N),Electrical,PCS,14,12.50
BAT-ENE-SHD-AAA4PCS,Eveready Shd Aaa 4PC,Electrical,PCK,45,8.90
BID-SOR-SRT61-CR,Sorento Hand Bidet Angle VALVE&1.2M Flex Hose,Plumbing,PCS,2,135.00
ELE-LED-FLO-IP66-200W-6500K-NEW,LED Floor Light -200W New,Lighting,PCS,2,119.00
"FAN-WALL-TAICON-26""",Taicon Industy Wall Fan 26,Fans & Ventilation,SET,1,229.00
"FIT-BUT-ELB-LUG-1/2""BSPTX20","Buteline 1/2""BSPTX20 Elbow Lugged",Plumbing,PCS,29,5.10
NIETZ-MOU-FLA-WHE-57131120,Nietz Mounted Flap Wheel 57131120,Abrasives & Cutting,PCS,6,8.90
RIC-COO-PSN-SR-E10A-S,Panasonic 1.0L Rice Cooker,Home Appliances,PCS,1,159.00
SWI-SOC-13A-TC1338,Taicon 2GANG 13A Bakelite Switch Socket (TC1338),Electrical,PCS,9,19.50
BOS-2608-521-042,Screwdriver Bit (PH2-65MM),Power Tool Accessories,PCS,25,7.10
ELE-D/L-PHI-LED-7W,Philips Essential 7W E27 LED Bulb,Lighting,PCS,10,15.90
ELE-TUB-LED-EMP-2',T8 2FT LED Empty Casing,Lighting,PCS,38,5.90
TOO-NIE-SOC-COU-800SHA,Nietz High Flow Quick Coupler Socket 50862802,Electrical,PCS,2,116.60
ADH-TAP-MAS-24MM,Glotool Masking Tape 24MM X 15 Yd,Packaging,PCS,161,1.00
BAT-ENE-SHD-AA4PCS,Eveready Shd Aa 4PC,Electrical,PCK,42,8.50
BATH-CBFAL5568,Cab 5IN1 Bath Furn. Set-blk (alum),Bathroom,PCS,3,599.00
FAN-STA-KDK-KX405,Kdk Stand Fan 16,Fans & Ventilation,PCS,5,268.00
NIP-HYD-MET-SIL-1L,1L Nippon Hydro Metallic Silver Base,Paint & Sundries,CAN,11,47.90
NIP-ROOF-5L-T,5L Nippon Roof Coating Tint Base,Building Materials,CAN,1,224.00
TOO-MULTI-STMT81243-840,110PCS Stanley Multi Tool Set,Power Tools,SET,1,529.00
BOS-2608-585-877,Hss-g Cobal Bit 3.2MM,Power Tools,PCS,9,6.20
BOS-2608-615-006,"Standard For Concrete 350MM (14"")",Power Tools,PCS,1,499.00
MIR-SBC-600401A,S600 Bathroom Cabinet Set (385X345X390MM),Bathroom,SET,5,329.00
TOO-HAM-CLA-GT29MM,Glotool Claw Hammer 29MM,Hand Tools,PCS,11,18.80
BOS-0601-1C1-0L0,Gbm 400 Drill,Power Tools,UNIT,2,258.00
BOS-2608-595-055,Hss-g Metal Bit 3.0MM,Power Tools,SET,2,36.90
BOS-2608-608-T65-N,Velcro Disc 125MM Holes (5PCS/PCK) G80-8,Abrasives & Cutting,PCK,6,9.50
DRI-SDS-GT02-08110,Glotool Sds Drill 8 X 110MM,Power Tool Accessories,PCS,6,4.50
GUN-CAU-GT902,Glotool Caulking Gun 902R,Fasteners & Fixings,PCS,12,12.60
PAI-SPR-SAM-053,Samurai Spray Paint Fluorescent Pink,Paint & Sundries,PCS,18,23.90
TOO-NIE-BIT-SCKT-1/2IN-T40,Nietz Drive Long Str Bit 50244140 T40,Power Tools,PCS,1,21.80
TOO-NIE-BIT-SCKT-1/2IN-T45,Nietz Drive Long Str Bit 50244145 T45,Power Tools,PCS,1,22.90
TOO-NIE-PLU-COU-SOC-20SF,Nietz Quick Coupler Socket 20SF,Electrical,PCS,11,18.90
X-ELE-CEI-LIG-38128-96W,Ceiling Light 38128/96W 3CLR-FLW,Lighting,PCS,8,209.00
BATH-CBFAL66633-WHI,Cab Alum. 5IN1 Bathroom Furnit. Se-whi,Bathroom,PCS,2,839.00
BATH-CBFAL66634-BLK,Cab Alum. 5IN1 Bathroom Furnt. Set-blk,Bathroom,PCS,2,839.00
BOS-0600-847-ELO,Easy Aqt 100 High P/cleaner,Chemicals & Adhesives,UNIT,1,488.00
BOS-2608-680-262,Sds + Drill Bit S3 6 X 50/110MM,Power Tool Accessories,PCS,19,8.50
DRI-SDS-GT02-09110,Glotool Sds Drill 9 X 110MM,Power Tool Accessories,PCS,6,4.90
FAN-STA-BSF-8031,Butterfly 8 Stand Fan (black),Fans & Ventilation,PCS,10,119.00
FAN-STA-DK-26SF,Daichi Industrial Stand Fan 26 240V,Fans & Ventilation,PCS,5,279.00
FIT-BUT-TEE-20X20X20MM,Buteline PE Tee 20X20X20MM,Plumbing,PCS,34,4.10
"FIT-BUT-TEE-MALE-20X20MMX1/2""",Buteline 20X20MMX1/2 PE Tee Male,Plumbing,PCS,32,4.20
HHD-STO-JYMT-JM600A,Jayamata Sharpening Stone Tapping Knife 8 X 1.5,Bathroom,PCS,11,12.80
TOO-NIE-PLU-COU-20PF,Nietz Quick Coupler Plug 20PF,Electrical,PCS,22,7.30
TOO-NIE-PLU-COU-30SM,Nietz Quick Coupler Socket 30SM,Electrical,PCS,9,21.50
TOO-NIE-SOC-COU-600SHA,Nietz High Flow Quick Coupler Socket 50862602,Electrical,PCS,2,99.40
BATH-CBFAL66627-BLK,Cab 5IN1 Alum. Bath Furn. Set (blk),Bathroom,PCS,2,719.00
BATH-CBFAL66628-WHI,Cab 5IN1 Alum. Bath Furn. Set (whi),Bathroom,PCS,2,719.00
BRU-END-GLO-509063-6MM,Glotool E/brush (b) 25MM,Power Tool Accessories,PCS,6,3.90
ELE-D/L-LSM-24W-6500K,LED Source Module 24W-6500K,Lighting,PCS,10,19.50
NIP-ROOF-5L-A,5L Nippon Roof Coating Accent Base,Building Materials,CAN,1,199.00
PAI-SPR-SAM-029,Samurai Spray Paint 29 Flat Black,Paint & Sundries,PCS,24,13.90
BOS-2608-595-066,Hss-g Metal Bit 6.0MM (SET),Power Tools,SET,1,67.90
BOS-2608-595-070,Hss-g Metal Bit 7.0MM,Power Tools,PCS,6,8.30
BOS-GMAW-180DH,I-weld MIG Welding Machine 180A,Welding,UT,3,519.00
ELE-D/L-LEDT13550D27-50W,Arex LED T135 50W E27,Lighting,PCS,18,59.50
FAN-VIO-F017,F017 Adjustable Violent Fan,Fans & Ventilation,SET,10,149.00
MEA-TAP-GLO-A050M,Glotool Measuring Tape (type A) 50M,Hand Tools,PCS,4,49.00
SEN-VAC-BRA-DHS25,25MM X M10 Sensui Vacuum Brazed Diamo,Home Appliances,PCS,3,62.90
SIN-CAV-CA820N,Cavallo S/steel Sink CA820N,Kitchen & Sinks,PCS,10,135.00
TOO-NIE-PLU-COU-40PF,Nietz Quick Coupler Plug 40PF,Electrical,PCS,13,12.80
BOS-2608-595-050,Hss-g Metal Bit 1.5MM,Power Tools,PCS,18,2.80
BOS-2608-595-051,Hss-g Metal Bit 2.0MM,Power Tools,PCS,15,3.10
GLO-COT-BLK-1220,Polyester Grip Cotton Glove Black,Safety & Workwear,DOZ,4,47.90
PAI-SPR-SAM-008,Samurai Spray Paint 8 Gold,Paint & Sundries,PCS,21,13.90
"SHO-HEA-LHHD#8""-MB",Jhhd 8 Square Shower Head With Arm (descaling Botton) Mb,Bathroom,PCS,3,69.00
SIN-CAV-CA842A,Cavallo SS Sink,Kitchen & Sinks,PCS,11,129.00
TOO-HAM-BAL-GT2.0LB,Glotool Ball Pein Hammer 2.0LB,Hand Tools,PCS,3,23.90
BAT-EVE-SHD-AA-12PC,Eveready Shd Aa Bty 12PC,Electrical,PCK,18,20.50
BOS-0601-298-0L0,Gss 2300 Orbital Sander,Power Tools,UNIT,1,475.00
BOS-0601-980-4L1,Gbl 82-270 Blower,Power Tools,UNIT,1,445.00
BOS-1619-P10-063,Carbon Brush For Gks 66X / Gks 7000 / Gks 600 / Gdm 13-34,Power Tools,PCS,1,18.50
BUL-FFL-40W-E27-FROST,Ffl 40W E27 Standard Bulb-frost,Lighting,PCS,53,3.10
CIMA-DL-L-199Y-RND-12W-CIE-DL,Cielo Iii 199Y 12W L/dl (round/daylight),Lighting,SET,93,11.90
DRI-SDS-GT02-07110,Glotool Sds Drill 7 X 110MM,Power Tool Accessories,PCS,6,4.30
FAN-CEI-ALP-FC32,Cosa CX20 5B/56 Ceiling Fan - Matt Black,Fans & Ventilation,UNIT,6,185.00
HOS-GAR-MARK-X-DB,Mark-x Gar UV Net Hose 4PLY Dark/blue,Outdoor & Garden,ROLL,5,125.00
TAP-SAN-SWS-304-3977,Saniware Sliver Wall Bib Tap With Hose Connect,Plumbing,PCS,4,45.00
BAT-EVE-AA-8PCS,Eveready Shd Aa Bty 8PC,Electrical,PCK,22,15.30
ELE-BUL-E27-3W-YEL,Rex 3W E27 LED Bulb-yellow,Lighting,PCS,274,2.50
ELE-CAB-SPEAKER-COSTA-30/0.18MMX2C,Taicon Speaker Wire Pink,Electrical,COIL,1,168.00
ELE-TUB-LED-32W-6500K,Ilite LED T8 1.2M 32W,Lighting,PCS,89,11.90
FIT-BUT-STR-COU-25MMX25MM,Buteline PE Straight Inline Coupling 25MMX25MM,Plumbing,PCS,28,4.70
SIN-CAB-CKS317,Cabana S/steel Kitchen Sink CKS317,Kitchen & Sinks,PCS,3,469.00
SIN-SKS-230-8545L-S600-SIL,Handmade S/s Dbl Bowl K/sink,Kitchen & Sinks,PCS,2,949.00
TOI-TRP-WC-CWC7603-S-SH(250MM),Cab One Piece Water Closet Washdown Flush Tech,Bathroom,PCS,2,749.00
BATH-CBF3611,Cab Bath Furn.-bl,Bathroom,PCS,3,469.00
BATH-CBF3612,Cab Bath Furn.-wh,Bathroom,PCS,3,469.00
BOS-0601-083-480,Gis 500 Temperature Detector,Power Tools,UNIT,1,419.00
BOS-0601-2A6-1L0,Ghg 18-60 Hot Air Gun,Power Tools,UNIT,1,399.00
BOS-2608-585-872,Hss-g Cobal Bit 1.0MM,Power Tools,PCS,15,3.70
HHD-FLU-PUSH-S200A-40MM,Single Flush Push Button 40MM,Bathroom,SET,31,31.90
MIR-GLO-S-GLC MB4560BLK,Mirror Box-black,Bathroom,PCS,4,318.00
NIE-PLU-SOC-50046916,Nietz Spark Plug W/magnetic (6PT) 50046916,Electrical,PCS,4,34.80
TOO-NIE-PLU-COU-30PH,Nietz Quick Coupler Plug 30PH,Electrical,PCS,17,7.90
TOO-NIE-PLU-COU-40SF,Nietz Quick Coupler Socket 40SF,Electrical,PCS,7,21.90
TOO-NIE-PLU-COU-40SM,Nietz Quick Coupler Socket 40SM,Electrical,PCS,7,21.90
"FIT-BUT-ELB-MALE-20MMX1/2""",Buteline 20MMX1/2 PE Elbow Male,Plumbing,PCS,27,3.90
PAD-STA-SS30-5140231-49,Pad Type Stanley SS30,Other,PCS,1,54.00
SHO-CAB-CSH1071,"Cabana Brass Shower Set (12"")",Bathroom,UNIT,2,699.00
SOA-CAB-CPA1008C,Cabana Soap Dispenser 300ML,Bathroom,UNIT,2,93.00
TAP-SAN-SWS-304-3978,Saniware Sliver Two Way Tap,Plumbing,PCS,2,89.00
TOO-HAM-BAL-GT1.0LB,Glotool Ball Pein Hammer 1.0LB,Hand Tools,PCS,3,18.50
TOO-HAM-BAL-GT1.5LB,Glotool Ball Pein Hammer 1.5LB,Hand Tools,PCS,3,21.80
BOS-2608-608-N93,Fiber Sanding Disc 100MM P36,Abrasives & Cutting,PCS,32,1.90
ELE-BUL-D/L-HOM-12W-6500K,Ilite LED Bulb E27 12W,Lighting,PCS,170,6.90
JUG-KHI-KET-EK18SS,Khind - 1.8L Stainless Steel Kettle,Home Appliances,SET,1,93.00
NIE-SOC-HAN-DEE-06P-1/2-08MM,Nietz Dr Deep Cr Socket (6PT) 50042008 8MM,Electrical,PCS,8,16.70
"NIE-SOC-IMP-1/2""-12MM",Nietz Dr Impact Socket (6PT) 50140012 12MM,Power Tools,PCS,1,12.60
NIP-SAT-GLO-1L-D,1L Nippon Satin Glo Deep Base,Paint & Sundries,CAN,1,55.00
SAF-BOX-YSS520,Yale Yss 520 Standard Safe (large),Locks & Security,UNIT,1,1188.00
BAT-ENE-GOL-AA4PC,Eveready Gold Aa 4 Pc,Electrical,PCK,24,11.90
BOS-2608-578-155,Masonry Drill Bit Set (4/5/6/8/10),Power Tool Accessories,SET,5,28.50
BOS-2608-680-263,Sds + Drill Bit S3 6 X 100/160MM,Power Tool Accessories,PCS,14,8.90
BOS-2608-680-295,Sds + Drill Bit S3 25 X 400/460MM,Power Tool Accessories,PCS,2,74.90
BOS-F016-800-360,Hose For Aqt 33-10/ Aqt 35-12/ Aqt 37-13,Outdoor & Garden,PCS,3,122.00
COC-SIN-SRTKT1832SS,Sorento Brass Chr Pillar Kitchen Tap - SRTKT1832SS,Plumbing,PCS,1,189.00
COC-SIN-SRTKT1843SS,Sorento Brass Chr Pillar Kitchen Tap - SRTKT1843SS,Plumbing,PCS,1,189.00
DRI-SDS-GT02-05110,Glotool Sds Drill 5 X 110MM,Power Tool Accessories,PCS,6,3.50
ELE-D/L-LSM-36W-3CLR,LED Source Module 36W-3CLR,Lighting,PCS,6,25.90
"FAN-CEI-KDK-K14PH-WA-56""",56 Kdk DC Ceiling Fan (wood Acacia),Fans & Ventilation,PCS,2,498.00
BID-CAB-CB55WH,Cabana Bidet (white),Bathroom,UNIT,3,47.00
BOS-2608-680-279,Sds + Drill Bit S3 12 X 200/260MM,Power Tool Accessories,PCS,7,20.50
ELE-D/L-PHI-3U-11W-E27,Philips Essential Stick E27 11W LED Bulb,Lighting,PCS,8,16.80
ELE-D/L-PHI-LED-09W,Philips Essential Stick E27 9W LED Bulb,Lighting,PCS,8,15.90
"FAN-CEI-SIB-SI12-52""",Siberiair 52 Ceiling Fan,Fans & Ventilation,SET,2,499.00
MEA-TAP-STE-GLO-03M,Glotool Steel Tape Type:b 3.0M,Hand Tools,PCS,23,5.60
NIE-SOC-HAN-DEE-06P-1/2-18MM,Nietz Dr Deep Cr Socket (6PT) 50042018 18MM,Electrical,PCS,7,17.80
NIP-ODOURLITE-1L-A,1L Nippon Odourlite Soft Matt Accent Base,Paint & Sundries,CAN,5,69.90
PAI-SPR-SAM-65,Samurai Spray Paint Natier Blue,Paint & Sundries,PCS,14,19.90
TAP-SIN-SRTKT1961SS-BL-DIY,Sorento Pillar Mou Flex Kitchen Tap S/s-matt Blk,Plumbing,PCS,1,169.00
TOO-NIE-PLU-COU-30SF,Nietz Quick Coupler Socket 30SF,Electrical,PCS,7,20.90
BAS-SOR-SRTWT5865-GM,Sorento Hose Bib Tap-gm,Plumbing,PCS,1,169.00
BOS-2608-578-114,Masonry Drill Bit 3MM X,Power Tool Accessories,PCS,4,4.30
BOS-2608-595-335,Hss-g Metal Bit 6.4MM,Power Tools,PCS,5,7.90
FAN-STA-OS-26SF,Osaki Industrial Stand Fan 26,Fans & Ventilation,PCS,3,349.00
NIE-SOC-HAN-DEE-06P-1/2-24MM,Nietz Dr Deep Cr Socket (6PT) 50042024 24MM,Electrical,PCS,5,24.80
NIE-SOC-IMP-THI-1/2-21MM,Nietz Thin Wall Deep Imp Socket 6PT 50141221 21MM,Electrical,PCS,4,30.80
NIP-UND-WHT-1L,1L Nippon Economy Undercoat White,Paint & Sundries,CAN,11,24.90
PAI-SPR-SAM-004,Samurai Spray Paint 4 Grey,Paint & Sundries,PCS,18,13.90
SIN-CAV-CA850,CA850 SS Sink,Kitchen & Sinks,PCS,6,199.00
SINK-CAB-CKS7548-BL,Cabana Multifunctional Kitchen Sink,Kitchen & Sinks,PCS,1,1288.00
TOI-TRP-WC-CWC7601-RL-S(250MM),Cab One Piece Water Closet Washdown W Rimless Flush Tech,Bathroom,PCS,2,689.00
TOO-NIE-PLU-COU-20PH,Nietz Quick Coupler Plug 20PH,Electrical,PCS,17,7.50
BOS-2608-680-289,Sds + Drill Bit S3 18 X 400/460MM,Power Tool Accessories,PCS,3,46.90
HHD-STO-JYMT-JM400B,Jayamata Sharpening Stone Tapping Knife 8 X 1-3/4,Bathroom,PCS,9,11.90
MEA-TAP-STE-GLO-05M,Glotool Steel Tape Type:b 5.0M,Hand Tools,PCS,15,7.50
SWI-ADA-3388USB-TC10936,Taicon Multi Travel Adaptor 2USB (TC-10936),Electrical,PCS,5,24.50
BOS-0603-3E0-050,Bosch 3.6V Power Scrubber,Power Tools,UNIT,1,399.00
BOS-2608-615-111,5 Diamond Cutting Blade Universal,Power Tools,PCS,5,61.90
"FAN-CEI-KDK-60""",Kdk Ceiling Fan 60,Fans & Ventilation,SET,4,215.00
"FIT-BUT-ELB-MALE-20MMX3/4""",Buteline 20MMX3/4 PE Elbow Male,Plumbing,PCS,25,3.80
"FIT-BUT-STR-MALE-25MMX1/2""",Buteline 25MMX1/2 PE Straight Male,Plumbing,PCS,41,2.40
MEA-TAP-STE-GLO-075M,Glotool Steel Tape Type:b 7.5M,Hand Tools,PCS,10,11.90
NIE-SOC-HAN-DEE-06P-1/2-13MM,Nietz Dr Deep Cr Socket (6PT) 50042013 13MM,Electrical,PCS,7,16.80
NIP-ECO-CB,1L 811-7338 Eco 100 Cobalt Blue Cb,Paint & Sundries,CAN,1,324.00
PAI-SPR-SAMURAI-H2,H2 Samurai Spray Paint,Paint & Sundries,PCS,8,35.80
TAP-CAB-CB4932-BL,Cabana Basin Cold Tap ( Matt Black),Bathroom,PCS,5,199.00
TAP-SAN-SWP-Z-5168,Saniware Sliver Wall Two Way Tap,Plumbing,PCS,3,63.00
TAP-SIN-CAV-CA3616P,Cavallo Double Flex Pillar Sink Tap,Kitchen & Sinks,PCS,5,129.00
BAS-SOR-SRTWT5865-FRG,Sorento Hose Bib Tap-frg,Plumbing,PCS,1,158.00
BAS-SOR-SRTWT5865-GY,Sorento Hose Bib Tap-golden Ylw,Plumbing,PCS,1,159.00
BOS-2608-606-069,Sanding Belt G40,Abrasives & Cutting,SET,1,42.00
BOS-2608-606-072,Sanding Belt G100,Abrasives & Cutting,SET,1,42.00
BOS-2608-606-074,Sanding Belt G220,Abrasives & Cutting,SET,1,42.00
BOS-2608-638-473,Jigsaw Blade T123X,Power Tool Accessories,PCS,11,10.90
FAN-CEI-KDK-K14X2,Kdk Ceiling Fan 56 Pbr,Fans & Ventilation,SET,3,309.00
"FIT-BUT-STR-MALE-20MMX1/2""",Buteline 20MMX1/2 PE Straight Male,Plumbing,PCS,39,2.50
GAR-SHE-SB525-3M,Telescopic Tree Prunner Saw 3M,Outdoor & Garden,PCS,4,135.00
GRA-SOR-SRT382-6,Sorento Washing Machine Floor Trap,Plumbing,PCS,3,43.00
MEA-TAP-GLO-A030M,Glotool Measuring Tape (type A) 30M,Hand Tools,PCS,3,41.00
NIE-SOC-IMP-THI-1/2-19MM,Nietz Thin Wall Deep Imp Socket 6PT 50141219 19MM,Electrical,PCS,4,28.90
PSN-MJ-DJ01SSL,Juicer-silver,Home Appliances,PCS,2,479.00
SIN-CAB-CKS319,Cabana S/s Kitchen Sink,Kitchen & Sinks,PCS,3,378.00
ADH-TAP-MAS-18MM,Glotool Masking Tape 18MM X 15 Yd,Packaging,PCS,138,0.90
BOS-0603-264-670,Pkp 3.6 Li Cordless Hot Glue Gun,Power Tools,UNIT(S),1,379.00
BOS-2608-585-875,Hss-g Cobal Bit 2.5MM (SET),Power Tools,SET,1,47.90
BOS-2608-595-059,Hss-g Metal Bit 4.0MM (SET),Power Tools,SET,1,47.90
ELE-CEI-LIG-15186/96W,Ceiling Light 3CLR 15186/96W,Lighting,PCS,7,132.00
ELE-D/L-PHI-LED-13W,Philips Essential 13W E27 LED Bulb,Lighting,PCS,7,19.90
"FIT-BUT-ELB-MALE-25MMX3/4""",Buteline 25MMX3/4 PE Elbow Male,Plumbing,PCS,19,4.90
MEA-TAP-STE-GLO-10M,Glotool Steel Tape Type:b 10.0M,Hand Tools,PCS,7,16.30
MIX-DEK-MX907B,Dekka KF-907B Mixer,Bathroom,PCS,7,105.00
VAL-ANG-SRTWT908SS,Sorento S/steel Angle Valve,Plumbing,PCS,3,39.80
BAT-STA-SCB12S,Battery 12V Max (10.8V) 1.5AH Stanley,Electrical,PCS,1,129.00
BOS-0601-980-5L0,Gbl 620 Blower,Power Tools,UNIT,1,325.00
BOS-2608-615-056,Diamond Cutting Blade Concrete,Power Tools,PCS,10,24.90
BOS-2608-680-293,Sds + Drill Bit S3 22 X 400/460MM,Power Tool Accessories,PCS,2,60.90
BRU-END-HAW-509062,Glotool E/brush (b) 19MM,Power Tool Accessories,PCS,4,3.90
GAR-SPR-PRE-L860,Glotool Pressure Sprayer 16 Litre,Outdoor & Garden,PCS,3,89.00
GAS-STO-WH02-013,Warehouse Double Gas Cooker,Home Appliances,SET,11,75.90
NIE-SOC-HAN-DEE-06P-1/2-30MM,Nietz Dr Deep Cr Socket (6PT) 50042030 30MM,Electrical,PCS,3,35.50
NIE-SOC-HAN-DEE-06P-1/2-32MM,Nietz Dr Deep Cr Socket (6PT) 50042032 32MM,Electrical,PCS,3,35.40
NIETZ-MOU-FLA-WHE-57121060,Nietz Mounted Flap Wheel 57121060,Abrasives & Cutting,PCS,3,12.50
NIETZ-MOU-FLA-WHE-57122100,Nietz Mounted Flap Wheel 57122100,Abrasives & Cutting,PCS,4,7.90
NIETZ-MOU-FLA-WHE-57142060,Nietz Mounted Flap Wheel 57142060,Abrasives & Cutting,PCS,3,10.30
RIC-COO-MID-MRD180B1BDN,"Midea 1.8L Digital Rice Cooker 760-905W, 6 Present Menus",Home Appliances,PCS,4,215.00
SAF-BOX-YSS380,Yale Yss 380 Standard Safe ( File),Hand Tools,UNIT,1,998.00
SHO-CAB-CSS8801,Cab Exposed Shower Set,Bathroom,PCS,3,349.00
SHO-SAN-SSP-6005503SS,S600 3WAY Bath Shower Set For Water Heater,Bathroom,PCS,3,328.00
TAP-CAB-CB4942-BL,Cabana High Basin Cold Tap (matt Black),Bathroom,PCS,3,298.00
TOO-NIE-PLU-COU-30PM,Nietz Quick Coupler Plug 30PM,Electrical,PCS,13,7.80
TOW-SRT764-24-CR,Srt Moveable Towel Shelf 600MM (chrome),Bathroom,PCS,3,319.00
BOS-0601-394-0L0,Gws 750 Angle Grinder,Power Tools,UNIT,1,299.00
BOS-F016-800-536,Bosch 360 Degree Gun Aqt 100,Power Tools,PCS,2,179.00
ELE-D/L-LEDT140-100-6-100W,Arex Eco LED T140 100W E27,Lighting,PCS,8,92.50
ELE-PEN-170/BK-E27,Pendant Lamp 170-BK,Lighting,PCS,18,48.00
GLU-EPO-356G,Pioneer Epoxy Glue 356G X,Chemicals & Adhesives,SET,10,39.80
"NIE-HAN-L-1/2""",Nietz Dr L Hdl (CR-MO)50047610 10IN,Hand Tools,PCS,1,34.90
NIP-ECO-LR,1L 811-0736 Eco 200 Red Lr,Paint & Sundries,CAN,1,289.00
PAI-SPR-SAM-012,Samurai Spray Paint 12 Yellow,Paint & Sundries,PCS,16,13.90
SIN-CAB-CKS315,Cabana S/steel Kitchen Sink CKS315,Kitchen & Sinks,PCS,2,499.00
TOO-COM-GLO-21MM,Glotool Combination Wrench 21MM,Hand Tools,PCS,10,10.90
TOO-HAM-CRO-GT16MM,Glotool Cross Pein Hammer 16MM,Hand Tools,PCS,8,13.50
BOS-2608-680-272,Sds + Drill Bit S3 8 X 200/260MM,Power Tool Accessories,PCS,7,16.50
BOS-2608-900-551,Jigsaw Blade T308B,Power Tool Accessories,PCS,10,9.50
FAN-CEI-KDK-K14XZ,Kdk Ceiling Fan,Fans & Ventilation,SET,2,409.00
"FIT-BUT-CON-MALE-25MMX3/4""",Buteline 25MMX3/4 PE Tank Connector Male,Plumbing,PCS,15,5.40
"FIT-BUT-STR-MALE-20MMX3/4""",Buteline 20MMX3/4 PE Straight Male,Plumbing,PCS,29,2.90
SIN-SKS-4440,Sp S600 Single Bowl Kitchen Sink,Kitchen & Sinks,PCS,9,109.00
TOO-NIE-SOC-HDL-10MM,Nietz T Hdl Deep Socket Wrch (6PT)50050210 10MM,Electrical,PCS,5,25.80
ALP-WAT-HEA-CX9-EP-MOC,Alpha Instant Water Heater Rainshower-dk Mocha,Home Appliances,UNIT,1,769.00
ALP-WAT-HEA-IM-9EP-BLK,Alpha Instant Water Plus Rainshower-blk,Home Appliances,UNIT,1,829.00
BOS-2608-680-285,Sds + Drill Bit S3 16 X,Power Tool Accessories,PCS,5,22.90
ELE-D/L-PHI-LED-11W/E27-YEL,Philips Essential 11W E27 LED Bulb,Lighting,PCS,6,16.90
ELE-D/L-PHI-LED-5W-ESS,Philips Essential 5W E27 LED Bulb,Lighting,PCS,8,13.80
EXH-FAN-OS-18EF,Osaki Industrial Exhaust Fan 18 240V,Fans & Ventilation,PCS,2,429.00
"FAN-WALL-KDK-KU408-16""",Kdk Wall FAN-16 KU408,Fans & Ventilation,PCS,3,248.00
GAS-STO-BGC-8823,Butterfly Double Gas Stove BGC-8823,Kitchen & Sinks,PCS,3,279.00
"NIE-ADA-1/2""X3/4""",Nietz Adaptor 50046746,Electrical,PCS,5,18.90
NIE-SOC-HAN-DEE-06P-1/2-11MM,Nietz Dr Deep Cr Socket (6PT) 50042011 11MM,Electrical,PCS,6,16.80
NIE-SOC-HAN-DEE-12P-1/2-12MM,Nietz Dr Deep Cr Socket (12PT) 50045012 12MM,Electrical,PCS,6,16.60
PAI-SPR-SAM-003,Samurai Spray Paint 3 Silver,Paint & Sundries,PCS,14,13.90
RUB-BAN-38MM,1.5 Rubber Band,Home Appliances,PCK,27,3.00
TAP-CAB-CB4944-CR,Cabana High Basin Cold Tap,Bathroom,PCS,3,275.00
TOO-NIE-PLU-COU-30PF,Nietz Quick Coupler Plug 30PF,Electrical,PCS,13,7.70
TOO-NIE-PLU-COU-40SH,Nietz Quick Coupler Socket 40SH,Electrical,PCS,5,21.90
BOS-2608-595-334,Hss-g Metal Bit 4.8MM,Power Tools,PCS,6,5.10
BOS-2608-615-025,Diamond Cutting Blade Universal,Power Tools,PCS,9,24.90
BOS-2608-680-273,Sds + Drill Bit S3 10 X 100/160MM,Power Tool Accessories,PCS,9,10.40
"FAN-VEN-KDK-20WUD-8""",8 Kdk Glass Mount Ventilator Fan,Fans & Ventilation,PCS,3,239.00
TOO-COM-GLO-17MM,Glotool Combination Wrench 17MM,Hand Tools,PCS,12,8.70
TOO-COM-GLO-32MM,Glotool Combination Wrench 32MM,Hand Tools,PCS,3,39.90
TOO-HAM-CRO-GT14MM,Glotool Cross Pein Hammer 14MM,Hand Tools,PCS,8,12.50
TOO-NIE-MAG-1.5LB-50521024,Nietz Flexible Shaft Magnetic Pick,Power Tools,PCS,8,28.90
BOS-2608-680-291,Sds + Drill Bit S3 20 X 400/460MM,Power Tool Accessories,PCS,2,53.90
BUL-FFL-40W-B22-FROST,Ffl 40W B22 Standard Bulb-frost,Lighting,PCS,32,3.10
COC-SOR-SRTWT2201,Sorento Wall Mounted Kitchen,Plumbing,UNIT,1,125.00
ELE-TUB-LED-2FT-10W-6500K,9W LED Glass Tube,Lighting,PCS,96,7.50
"FIT-BUT-TEE-MALE-25MMX3/4""",Buteline 25MMX3/4 PE Tee Male,Plumbing,PCS,18,4.30
GRA-SOR-SRT6643-GM,Sorento Anti Odour Floor Trap,Plumbing,PCS,1,139.00
GUM-HAR-RS900B,Silicone Hardex Neutral Black,Chemicals & Adhesives,PCS,23,11.50
"IND-SLO-ANG-1.5""X1.5""",Glotool Slotted Angle 1.5 X 1.5,Building Materials,PCS,44,13.50
MIX-CAB-C8122,Cabana Bath/shower MIXER-C8122,Bathroom,PCS,2,488.00
SIN-CAV-CA1842C,Cavallo S/steel Sink CA1842C,Kitchen & Sinks,PCS,11,79.00
TOO-NIE-PLU-COU-800PHA,Nietz High Flow Quick Coupler Plug 50861802,Electrical,PCS,2,55.90
BOS-2608-585-875,Hss-g Cobal Bit 2.5MM (PCS),Power Tools,PCS,7,4.40
FAN-CEI-KHI-BLK-CF615E,B - 60 Ceiling Fan (3 IN 1) - Black,Fans & Ventilation,SET,4,189.00
HAN-CLE-3.78L-58550369,Nietz Industrial Hand Cleaner,Chemicals & Adhesives,CAN,3,69.00
INS-IS1503,Wall Hung Basin & Pedestal Set,Bathroom,SET,2,450.00
TOO-NIE-SOC-KEY-L12MM,Nietz 1/2 IN Drive Long Allen Bxsocket 50240112 12MM,Power Tools,PCS,8,27.50
BAT-ENE-SHD-6V1PVC,Eveready Shd 6V 1PC,Electrical,PCS,12,18.50
BID-CAB-CB88SS-DIY,Cabana 2WAY Tap S/s 304 Hand Bidet,Bathroom,PCS,6,135.00
BUL-FFL-60W-B22-FROST,Ffl 60W B22 Standard Bulb-frost,Lighting,PCS,30,3.10
DC-DQE1200/10L,Oil-free Air Compressor (10L),Power Tools,SET,1,455.00
GAS-REG-BTY182-CT,Butterfly LPG Regulator 182-CT,Home Appliances,SET,24,27.90
NIE-SOC-HAN-DEE-06P-1/2-25MM,Nietz Dr Deep Cr Socket (6PT) 50042025 25MM,Electrical,PCS,3,29.70
SEN-VAC-BRA-DHS22,22MM X M10 Sensui Vacuum Brazed Diamo,Home Appliances,PCS,2,53.90
SINK-TAP-TWN-LUX-LM8865,Luxmart Twins Spout Wall Sink Tap,Kitchen & Sinks,PCS,8,95.00
TAP-CAB-CB5132,Cabana Wall-mounted Sink Filter Tap,Kitchen & Sinks,UNIT,3,260.00
TOO-COM-GLO-15MM,Glotool Combination Wrench 15MM,Hand Tools,PCS,14,6.90
TOO-NIE-PLU-COU-20PM,Nietz Quick Coupler Plug 20PM,Electrical,PCS,12,7.40
WAL-DOW-2117-E27,Out/d Wall Lamp,Lighting,PCS,6,148.00
ADH-TAP-OPP-T80Y,Glotool Opp Tape 48 MM X 80 Yd (transp),Chemicals & Adhesives,PCS,51,4.10
BID-CAB-CB55CR,Cabana Bidet (chrome),Bathroom,UNIT,2,58.00
BOS-0601-2A8-0L0,Gss 140 Orbital Sander,Power Tools,UNIT,1,269.00
IND-SCO-SMR-S503TY,Samurai King Steel Shovel S503TY (PCS),Building Materials,PCS,2,16.90
NIP-EAS-6003-7L,7L Easycoat Emulsion 6003 Lime Fizz,Paint & Sundries,CAN,5,59.50
NIP-FLO-5L-T,5L Nippon Floor Coating Tint Base,Paint & Sundries,CAN,1,219.00
RIC-COO-BTY-PL-50,Butterfly Gas Rice Cooker,Home Appliances,PCS,1,699.00
SEN-VAC-BRA-DHS20,20MM X M10 Sensui Vacuum Brazed Diamo,Home Appliances,PCS,2,53.50
TOO-HAM-CLA-GT27MM,Glotool Claw Hammer 27MM,Hand Tools,PCS,6,17.30
VAC-DEC-D1E20V,Black+decker 20V Max Pc Dustbuster+ Bat 2.0AH,Home Appliances,UNIT,2,398.00
X-ELE-BUL-D/L-HOM-18W-6500K,Hermanns LED Bulb E27 18W,Lighting,PCS,80,8.90
BOS-0600-800-010,Bosch Green Hose 10M,Outdoor & Garden,ROLL,9,58.00
BOS-2607-019-115,Hss-g Bit Set 10 Piece,Power Tools,SET,2,92.90
BOS-2608-595-052,Hss-g Metal Bit 2.2MM,Power Tools,SET,1,36.90
BOS-2608-595-053,Hss-g Metal Bit 2.5MM (SET),Power Tools,SET,1,36.90
BOS-2608-680-277,Sds + Drill Bit S3 12 X 100/160MM,Power Tool Accessories,PCS,8,10.60
BOX-ICE-100LTR-BLUE,Insulated Ice Box (ks) - Blue,Housewares,PCS,4,319.00
ELE-CEI-LIG-A037/400-3CLR+BL,Ceiling Light A037-400-3CLR+BL,Lighting,PCS,5,145.00
FAN-CEI-KDK-15Y2-S-004,Kdk Ceiling Fan 60 Copper,Fans & Ventilation,SET,1,685.00
"FAN-VEN-KDK-30AQM8-12""",Kdk Ventilator FAN-12,Fans & Ventilation,PCS,3,199.00
"FAN-WALL-KDK-KU453-18""",18 Kdk Wall Fan,Fans & Ventilation,PCS,2,318.00
GUM-HAR-650,Red Silicone Hardex,Chemicals & Adhesives,SET,30,8.70
PRO-COAT-Z588-GRY-18KG,Procoat Z588 Grey 18KG,Paint & Sundries,TIN,1,369.00
TOO-DRV-MAG-GLO865,Glotool Magnetic Bit Holder 8 X 65MM,Power Tools,PCS,47,4.30
TOO-HAM-CLA-GT23MM,Glotool Claw Hammer 23MM,Hand Tools,PCS,7,14.50
BAT-ENE-SHD-9V1PCS,Eveready Shd 9V 1PC,Electrical,PCK,19,8.70
BOS-2608-595-049,Hss-g Metal Bit 1.0MM,Power Tools,PCS,12,2.60
BOS-2608-595-053,Hss-g Metal Bit 2.5MM (PCS),Power Tools,PCS,8,3.30
BOS-2608-615-113,7 Diamond Cutting Blade Universal,Power Tools,PCS,2,99.50
BOS-2608-680-292,Sds + Drill Bit S3 22 X 200/260MM,Power Tool Accessories,PCS,2,47.50
GAS-STO-BGC-868/305,Butterfly SS Double Gas Cooker,Home Appliances,SET,3,219.00
GRA-SOR-SRT6641,Sorento Anti Odour Floor Trap Satin Finish,Plumbing,PCS,1,108.00
MIR-GLO-S-RR50160A281S(BK),500X1600(RECTANGULAR) Alum. Frame Mirror Rc-blk (bk),Bathroom,PCS,3,249.00
NIE-SOC-HAN-DEE-06P-1/2-10MM,Nietz Dr Deep Cr Socket (6PT) 50042010 10MM,Electrical,PCS,5,16.70
NIE-SOC-HAN-DEE-06P-1/2-14MM,Nietz Dr Deep Cr Socket (6PT) 50042014 14MM,Electrical,PCS,5,16.90
NIE-SOC-HAN-DEE-06P-1/2-15MM,Nietz Dr Deep Cr Socket (6PT) 50042015 15MM,Electrical,PCS,5,16.90
NIE-SOC-HAN-DEE-06P-1/2-22MM,Nietz Dr Deep Cr Socket (6PT) 50042022 22MM,Electrical,PCS,4,20.60
NIE-SOC-HAN-DEE-12P-1/2-15MM,Nietz Dr Deep Cr Socket (12PT) 50045015 15MM,Electrical,PCS,5,16.90
SHO-SAN-SSP-6005502SS,S600 2WAY Bath Shower Set For Water Heater,Bathroom,PCS,3,248.00
SOA-CAB-CPA1088S,Cabana Soap Dispenser (1000ML),Bathroom,UNIT,1,108.00
TOO-NIE-SOC-HDL-13MM,Nietz T Hdl Deep Socket Wrch (6PT)50050213 13MM,Electrical,PCS,4,28.80
VAL-SAN-SW-SS-AV-77,Saniware Angle Valve SW-SS-AV-77,Plumbing,PCS,4,24.00
VAL-SAN-SW-SS-AV-80,Saniware Angle Valve SW-SS-AV-80,Plumbing,PCS,4,25.00
VAL-SOR-SRTWT806,Sorento S/s Chrome Plated Angle Valve,Plumbing,PCS,2,45.00
BOS-1619-P07-571,Carbon Brush Gws 060,Power Tools,SET,17,11.90
BOS-2608-630-058,Jigsaw Blade T244D,Power Tool Accessories,PCS,10,7.30
BOS-2608-680-290,Sds + Drill Bit S3 20 X 200/260MM,Power Tool Accessories,PCS,2,41.50
CIMA-1618/L/24W/G,Cei/lamp Ic Control 1618/22W/G,Lighting,SET,11,105.00
ELE-D/L-PLC-LED-9W,Philips LED Plc 9W 865 2P G24D,Lighting,PCS,23,21.50
"FAN-WALL-NIKO-26""",Niko Fi- 26 Ind. Wall Fan 240V,Fans & Ventilation,PCS,2,329.00
NIETZ-MOU-FLA-WHE-57121100,Nietz Mounted Flap Wheel 57121100,Abrasives & Cutting,PCS,2,12.50
NIETZ-MOU-FLA-WHE-57122080,Nietz Mounted Flap Wheel 57122080,Abrasives & Cutting,PCS,3,7.90
NIETZ-MOU-FLA-WHE-57122120,Nietz Mounted Flap Wheel 57122120,Abrasives & Cutting,PCS,3,7.90
TAP-SAN-SWP-SS-304-3938,Double Spout Kitchen Wall Sink Tap,Kitchen & Sinks,PCS,3,248.00
TOO-COM-GLO-19MM,Glotool Combination Wrench 19MM,Hand Tools,PCS,9,9.60
ALP-WAT-HEA-X5E,Alpha Instant Water Heater X5-E,Home Appliances,UNIT,2,329.00
BOS-2608-680-288,Sds + Drill Bit S3 18 X 200/260MM,Power Tool Accessories,PCS,3,28.60
ELE-TUB-LED-22W-3000K,Ilite LED T8 1.2M 22W - 3000K,Lighting,PCS,72,7.90
EXH-FAN-OS-16EF,Osaki Industrial Exhaust Fan 16 240V,Fans & Ventilation,PCS,2,348.00
FAN-TAB-MID-MF-16FT17NB,Midea 16 Table Fan,Fans & Ventilation,PCS,5,108.00
HHD-FLU-S300A-50MM,Dual Flush Push,Bathroom,SET,16,35.90
NIETZ-MOU-FLA-WHE-57110060,Nietz Mounted Flap Wheel 57110060,Abrasives & Cutting,PCS,3,7.90
NIP-ODO-SFT-MATT-5L-P,5L Nippon Odourlite Soft Matt - P,Paint & Sundries,CAN,2,277.50
TAP-CAB-CB4907,Cabana Basin Cold Tap CB4907,Bathroom,UNIT,2,362.00
TAP-CAB-CB5189,Cabana Pillar-mounted Sink Tap CB5189,Kitchen & Sinks,UNIT,3,229.00
TOO-COM-GLO-22MM,Glotool Combination Wrench 22MM,Hand Tools,PCS,7,11.90
TOO-HAM-CHI-GT0.3KG,Glotool Chipping Hammer 0.3KG,Hand Tools,PCS,6,13.90
TOO-NIE-PLU-COU-40PM,Nietz Quick Coupler Plug 40PM,Electrical,PCS,8,9.40
X-ALP-WAT-HEA-AS-2EP-SIL,Alpha Instant Water Heater AS-2EP-SIL,Home Appliances,UNIT,1,659.00
ADH-TAP-OPP-B80Y,Glotool Opp Tape 48 MM X 80 Yd (brown),Chemicals & Adhesives,PCS,43,4.20
BOS-0601-072-5K0,Glm 30 Laser Rangefinder,Power Tools,UNIT,1,249.00
BOS-2609-110-357,Planning Knife Gho 6500,Power Tools,PCS,6,36.50
ELE-D/L-MGM-MQTL1119-SQ,"Mgm 6""/SQ LED Panel Light",Lighting,PCS,18,28.80
NIE-SOC-HAN-DEE-06P-1/2-20MM,Nietz Dr Deep Cr Socket (6PT) 50042020 20MM,Electrical,PCS,4,19.20
NIP-FLO-5L-D,5L Nippon Floor Coating Deep Base,Paint & Sundries,CAN,1,214.00
PAI-SPR-SAM-002,Samurai Spray Paint 2 White,Paint & Sundries,PCS,12,13.90
TOO-COM-GLO-27MM,Glotool Combination Wrench 27MM,Hand Tools,PCS,4,23.50
TOO-NIE-SOC-HDL-08MM,Nietz T Hdl Deep Socket Wrch (6PT)50050208 8MM,Electrical,PCS,4,25.90
TOO-NIE-SOC-HDL-14MM,Nietz T Hdl Deep Socket Wrch (6PT)50050214 14MM,Electrical,PCS,3,28.90
BOS-2608-602-523,105MM Universal Diamond Cutting Disc,Abrasives & Cutting,PCS,12,43.90
"CHA-SAW-CHAIN-3610-16""",16 Stihl Chain,"Rope, Chain & Netting",PCS,8,63.00
ELE-CEI-LIG-9402/400-3CLR,Ceiling Light 9402-400 3CLR,Lighting,PCS,7,89.00
FAN-CEI-SIB-SA42,Siberiair Ceiling Fan Black - SA42,Fans & Ventilation,SET,3,219.00
"FAN-VEN-KDK-15WUD-6""",6 Kdk Glass Mount Ventilator Fan,Fans & Ventilation,PCS,3,188.00
"FAN-VEN-KDK-20TGQF-8""",Kdk Ceiling V-FAN-8,Fans & Ventilation,PCS,3,189.00
FAN-WALL-BWF-8051R,Butterfly 8 Wall Fan W Remote Control (black),Fans & Ventilation,SET,4,149.00
LEO-SUS304-LSSB2202P,Leon Sus 304 2 Way Pillar Sink Tap,Kitchen & Sinks,PCS,4,195.00
MIR-GLO-S-GLC4001N(LED),Dia. (round) LED Mirror (led),Lighting,PCS,2,328.00
PUM-WTR-JHP3-40,Water Pump Complete Set JHP3-40,Pumps & Water,UNIT,2,1019.00
TOO-COM-GLO-26MM,Glotool Combination Wrench 26MM,Hand Tools,PCS,5,19.90
BAS-SOR-SRTW1100-BL,Sorento Pop Up Waste 80MM Over Flow,Plumbing,PCS,1,88.00
BAS-SOR-SRTW1200-BL,Sorento Pop Up Waste 80MM W/o Over Flow,Plumbing,PCS,1,89.00
GAR-SHE-SB525-4M,Telescopic Tree Prunner Saw 4M,Outdoor & Garden,PCS,2,168.00
NIE-SOC-HAN-DEE-06P-1/2-23MM,Nietz Dr Deep Cr Socket (6PT) 50042023 23MM,Electrical,PCS,3,23.50
NIP-IND-ENA-228-800-5L,5L Nippon Ind Enamel 228 Black 800,Paint & Sundries,CAN,1,163.00
NIP-IND-ENA-228-999-5L,5L Nippon Ind Enamel 228 White 999,Paint & Sundries,CAN,1,163.00
PRO-COAT-Z388-WHI,Procoat Z388 White 4KG,Paint & Sundries,TIN,3,97.00
TOO-HAM-CRO-GT18MM,Glotool Cross Pein Hammer 18MM,Hand Tools,PCS,5,15.50
TOO-NIE-ALL-KEY-17MM,Nietz E/long Ball Point Satin Wrch 53252170 17MM,Power Tools,PCS,3,62.50
TOO-NIE-PLU-COU-600PHA,Nietz High Flow Quick Coupler Plug 50861602,Electrical,PCS,2,38.90
WAS-BAS-IS8025A,IS8025A Art Basin,Bathroom,NOS,2,379.00
X-ELE-D/L-OSR-10W-E27,Osram 10W LED Stick E27,Lighting,PCS,5,15.50
BAT-ENE-GOL-AA2PC,Eveready Gold Aa 2 Pc,Electrical,PCK,21,7.20
FAN-STA-PSN-F-MX405-CA,MX405-16 Stand Fan (champagne),Fans & Ventilation,PCS,2,269.00
FAN-TAB-DEKKA-FNBF-16,Dekka D/c Fan,Fans & Ventilation,PCS,3,188.00
GAS-STO-BGC-848,Butterfly S/s Double Gas Cooker,Home Appliances,SET,4,115.00
GAS-STO-HM-HGB-811,Homa Plus Cast Iron Stove (5.5KG)-HGB811,Home Appliances,UNIT,4,142.90
GAS-STO-WGC-7532,Warehouse Gas Cooker,Home Appliances,SET,4,139.00
IND-CEM-EC-18KG,Ec Bonding Powder 2 IN 1,Building Materials,BAG,21,30.90
NIE-PLU-SOC-50046921,Nietz Spark Plug W/magnetic (6PT) 50046921,Electrical,PCS,2,34.90
NIE-SOC-HAN-DEE-06P-1/2-17MM,Nietz Dr Deep Cr Socket (6PT) 50042017 17MM,Electrical,PCS,4,17.60
NIP-EAS-5170-7L,7L Easycoat Emulsion 5170 Balinese Green,Paint & Sundries,CAN,3,59.50
NIP-EAS-6572-7L,7L Easycoat Emulsion 6572 Cool Lime,Paint & Sundries,CAN,3,59.50
PAI-SPR-SAM-019,Samurai Spray Paint 19 Trivoli Blue,Paint & Sundries,PCS,10,13.90
PAI-SPR-SAM-024,Samurai Spray Paint 24 Tropicana,Paint & Sundries,PCS,11,13.90
RIC-COO-PSN-BRC-6050,Butterfly 10L Electric Rice Cooker,Home Appliances,PCS,1,559.00
SIN-CAB-CKS819,Cabana S/s Kitchen Sink 600*450*225MM,Kitchen & Sinks,PCS,3,219.00
TOO-HAM-CHI-GT0.5KG,Glotool Chipping Hammer 0.5KG,Hand Tools,PCS,5,18.50
"TOO-NIE-SOC-HAN-1/2""-16MM",Nietz Dr Chrome Socket (12PT)50043016 16MM,Electrical,PCS,7,9.80
VAC-DEC-DVA315JF,Black+decker 10.8V Mpp Hand Vacuum,Home Appliances,UNIT,2,338.00
DC-DCJZ23-10IEK,Cordless Brushless Driver Drill,Power Tools,SET,6,379.00
DRI-SDS-GT02-16260,Glotool Sds Drill 16 X 260MM,Power Tool Accessories,PCS,1,10.50
"FAN-VEN-KDK-25TGQZ-10""",Kdk Ventilator FAN-10 25TGQ7,Fans & Ventilation,PCS,3,169.00
"FAN-WALL-KDK-KU-408-YG-16""",Kdk Wall FAN-16 KU408-YG,Fans & Ventilation,PCS,2,249.00
GAS-STO-BGC-8826,Butterfly Double Gas Stove BGC-8826,Kitchen & Sinks,PCS,2,259.00
HDD-TOI-COV-TSS-4127,Soft Close Toilet Seat And Cover,Bathroom,PCS,10,55.80
NIE-SOC-HAN-DEE-06P-1/2-28MM,Nietz Dr Deep Cr Socket (6PT) 50042028 28MM,Electrical,PCS,2,34.50
NIE-SOC-HAN-DEE-06P-1/2-29MM,Nietz Dr Deep Cr Socket (6PT) 50042029 29MM,Electrical,PCS,2,34.40
NIP-ZIN-GRE-GRE-5L,5L Nippon Zinc Phosphate Pr Fd Grey Green,Building Materials,CAN,3,175.00
PUM-WTR-JHP2-30,Water Pump Complete Set JHP2-30,Pumps & Water,UNIT,2,899.00
TOO-COM-GLO-13MM,Glotool Combination Wrench 13MM,Hand Tools,PCS,12,5.90
TOO-HAM-CLA-GT21MM,Glotool Claw Hammer 21MM,Hand Tools,PCS,6,12.90
WAL-DOW-6003S/1W-BLK,Out/d Wall Light 6003 S/1W - Blk,Lighting,PCS,15,39.50
BOS-2608-631-013,Jigsaw Blade T118A,Power Tool Accessories,PCS,8,7.90
CIMA-SD-L/200Y/36W/WH/3C,36W L/surface D/light Round,Lighting,SET,10,53.50
ELE-CEI-LIGY007/500/96-3CL,Ceiling Light 3CLR Y-007-500-96W,Lighting,PCS,4,158.00
FAN-STA-OS-20SF,Osaki Commercial Stand Fan 20,Fans & Ventilation,PCS,2,299.00
FAN-STA-PSN-F-MX405-BC,MX405-16 Stand Fan (purplish Blue),Fans & Ventilation,PCS,2,269.00
"FAN-VEN-KDK-25AQM7-10""",Kdk Ventilator FAN-10 25AQM7,Fans & Ventilation,PCS,3,168.00
GLU-EPO-145G,Pioneer Epoxy Glue 146G X,Chemicals & Adhesives,SET,12,21.50
NIE-SOC-HAN-DEE-06P-1/2-12MM,Nietz Dr Deep Cr Socket (6PT) 50042012 12MM,Electrical,PCS,4,16.80
NIE-SOC-HAN-DEE-12P-1/2-14MM,Nietz Dr Deep Cr Socket (12PT) 50045014 14MM,Electrical,PCS,4,16.80
PRO-COAT-Z388-GRY-18KG,Procoat Z388 Grey 18KG,Paint & Sundries,TIN,1,319.00
SHO-HAN-SWP-HS-513,Hand Shower With Flexible Hose,Bathroom,SET,6,105.00
SIN-CAB-CKS6407,Cabana Kitchen Sink Nanomagma S/steel 750MM,Kitchen & Sinks,PCS,1,768.00
SIN-SKS-7645,Stainless Steel Single Bowl K/sink,Kitchen & Sinks,PCS,1,849.00
TOO-COM-GLO-24MM,Glotool Combination Wrench 24MM,Hand Tools,PCS,5,16.90
ALP-WAT-HEA-5000EP-WHI,Alpha Instant Water Heater 5000EP-WHI,Home Appliances,UNIT,1,519.00
BOS-1619-PC1-798,Mixer Attachment Grw 140,Power Tools,PCS,2,85.00
DC-Z1G-FF-15,Percussion Hammer,Hand Tools,SET,1,1049.00
ELE-CAB-SPEAKER-FAJAR-30/0.18MMX2C,Fajar 30/0.18 X 2 Core Speaker Wire 100M,Electrical,COIL,6,199.00
ELE-CEI-LIG-3004/96W 3CLR,Ceiling Light 3CLR 3004-96W,Lighting,PCS,4,149.00
FAN-TAB-PSN-F-MN304-GR,MN304-12 Table Fan (grape Purple),Fans & Ventilation,PCS,3,179.00
FIT-BUT-ELB-25X25MM,Buteline 25MM X 25MM PE Equal Bend,Plumbing,PCS,204,4.70
GAS-STO-BGC-933/305,Butterfly SS Double G/cooker,Home Appliances,PCS,2,249.00
HOS-GAR-ORA-160330,Karyon 16MM (5/8)X3MMX30M Super UV Fancy Hose (ora),Outdoor & Garden,ROLL,26,99.00
SIN-SWP-10549,Triple Bowl Kitchen Sink,Kitchen & Sinks,PCS,1,839.00
SPR-BID-SWP-SS304-75S,S/s Spray Bidet 1.2MM Fle Hose,Bathroom,SET,7,85.00
TAP-CAB-CB3803,Cabana Pillar-mounted Sink Tap CB3803,Kitchen & Sinks,UNIT,3,189.00
BOS-2608-522-265,Screwdriver Bit (PH2-SL6-65),Power Tool Accessories,PCS,11,5.50
BOS-F016-F04-464,Trigger Aqt 35-12/ 37-13/ 42-13,Power Tools,PCS,2,79.00
"CHA-SAW-CHAIN-3610-18""",18 Stihl Chain,"Rope, Chain & Netting",PCS,6,69.00
CIMA-HY-C003/L/32W,L/ceiling Lamp 32W - D/l,Lighting,SET,8,72.00
COC-BAS-CVL-2056,Cavallo Basin Tap,Bathroom,PCS,9,39.50
COMPRESSOR-ABKS-AB3.0HP-100L,Abks 3.0HP 100L Air Compressor,Power Tools,UNIT,1,1799.00
DOR-WOO-KY800,KY800(7J) 33 3/4 X 83,Doors & Hardware,PCS,6,259.00
ELE-BUL-E27-16W-3CLR,LED Ens Jagung 3CLR,Lighting,PCS,66,6.90
"FIT-BUT-STR-MALE-25MMX3/4""",Buteline 25MMX3/4 PE Straight Male,Plumbing,PCS,18,3.50
HOS-GAR-SET-ECO20M1108,Ecogreen- Iron Hose Reel Set / 20M,Fishing & Tackle,SET,4,198.00
NIETZ-MOU-FLA-WHE-57131080,Nietz Mounted Flap Wheel 57131080,Abrasives & Cutting,PCS,2,8.90
NIP-ECO-OG,1L 811-5554 Eco 100 Oxide Green Og,Paint & Sundries,CAN,1,174.00
OIL-MOT-W2T-1L,Advance W2T - 1L,Automotive,BTL,37,21.50
PAI-SPR-SAM-F2,Samurai Spray Paint F2 Flat White,Paint & Sundries,PCS,10,13.90
PRO-COAT-Z588-GRY,Procoat Z588 Grey 4KG,Paint & Sundries,TIN,2,138.00
PYE-WOO-VAR-1L,PYE Wood VARNISH-1L,Paint & Sundries,TIN,8,30.90
TOO-COM-GLO-11MM,Glotool Combination Wrench 11MM,Hand Tools,PCS,13,5.60
BAS-CAB-CWB1409-CB,Cabana Counter Top Basin,Bathroom,PCS,2,288.00
BOS-2608-680-270,Sds + Drill Bit S3 8 X 100/160MM,Power Tool Accessories,PCS,6,9.80
BUL-FFL-100W-E27-FROST,Ffl 100W E27 Standard Bulb-frost,Lighting,PCS,22,3.10
COC-SINK-LUX-K2B-LT8512,Luxtec Pillar Sink Tap,Kitchen & Sinks,PCS,11,41.50
FAN-CEI-ALP-FC38,Cosa CX20 5B/56 Ceiling Fan -led Matt Black,Fans & Ventilation,UNIT,2,229.00
GRA-CUT-SUMO-SM33,Sumo Brush Cutter SM33N,Outdoor & Garden,UNIT,5,358.00
JUG-MID-MK-17BK,"Midea Kettle MK-17BK, 1.7L Capacity, 2150W Double Wall, Black",Home Appliances,PCS,5,92.00
LEO-SUS304-TWI-WAL-L2331W,Leon Sus 304 Twin Arm Wall Sink,Kitchen & Sinks,PCS,4,175.00
NIP-LAT-118,18L Nippon Latex 118,Paint & Sundries,PAIL,2,75.00
SIN-CAB-CKS806,Cabana S/s Kitchen Sink 500*450*210MM,Kitchen & Sinks,PCS,3,188.00
TAP-CAB-CB4934-CR,Cabana Basin Cold Tap CB4934-CR,Bathroom,PCS,3,188.00
WAL-DOW-82268-2BK,Up Down Lite,Lighting,PCS,10,59.00
WAS-BAS-BA802-WHT,L306 Wall Hung Wash Basin (b),Bathroom,NOS,6,79.00
BAS-SOR-SRTW5000,Sorento 80MM Pop Up Waste (W/0 Over Flow),Plumbing,PCS,1,78.00
BOS-2607-019-116,Hss-g Bit Set 19 Piece,Power Tools,SET,1,185.00
BOS-2608-680-258,Sds + Drill Bit S3 5 X 50/110MM,Power Tool Accessories,PCS,7,8.40
BOS-2608-680-284,Sds + Drill Bit S3 14 X 400/460MM,Power Tool Accessories,PCS,2,31.90
ELE-CEI-LIG-613/120W-3CLR,Ceiling Light 3CLR 613-120W,Lighting,PCS,4,135.00
ELE-CEI-LIG-616/120W-3CLR,Ceiling Light 616-120 3CLR,Lighting,PCS,4,136.00
LEO-SUS304-TWI-L2301WF,Leon Twins Sink SUS-304 TAP-L2301WF,Kitchen & Sinks,PCS,3,209.00
NIE-SOC-HAN-DEE-06P-1/2-26MM,Nietz Dr Deep Cr Socket (6PT) 50042026 26MM,Electrical,PCS,2,29.80
NIE-SOC-HAN-DEE-06P-1/2-27MM,Nietz Dr Deep Cr Socket (6PT) 50042027 27MM,Electrical,PCS,2,29.90
NIETZ-MOU-FLA-WHE-57131100,Nietz Mounted Flap Wheel 57131100,Abrasives & Cutting,PCS,2,8.90
SHE-WOO-43088(3FT),Rw-cb (m) - 3FT Wood Shelf,Housewares,PCS,22,34.50
TOO-NIE-ALL-KEY-12MM,Nietz E/long Ball Point Satin Wrch 53252120 12MM,Power Tools,PCS,6,23.90
"TOO-NIE-SOC-HAN-1/2""-30MM",Nietz Dr Chrome Socket (12PT)50043030 30MM,Electrical,PCS,3,21.30
WAS-BAS-BA805-WHT,L303 Wall Hung Wash Basin,Bathroom,NOS,6,69.00
BAS-AGRI-BASK-V104,Rayaco Metal Handle Fruit& Veg Basket 69.5X49X42CM,Doors & Hardware,PCS,27,57.90
BOS-2608-608-N92,Fiber Sanding Disc 100MM P24,Abrasives & Cutting,PCS,14,1.90
BOS-SM9922,Sumo 2T Motor Oil (1.0 Liter),Automotive,BTL,13,30.90
CUT-BLA-WOO-15030T,Glotool 100MM Tct Saw Blade Wood 105MM X 30T,Power Tool Accessories,PCS,6,8.20
"FAN-VEN-KDK-20AWM8-8""",Kdk Ventilator FAN-8,Fans & Ventilation,PCS,3,149.00
FOL-TAB-CN YX-Z122-3X,4FT. Folding Table (wooden Slats),Other,PCS,4,198.00
GAS-STO-BPG-168,Butterfly Portable Gas Cooker,Home Appliances,PCS,6,69.00
HOS-FLE-VIP-6615,Vip Double Buckle S/s Flexible Hose V-6615,Outdoor & Garden,PCS,9,26.90
HOS-MAC-WAS-OUT-3.0M,PVC Outlet HOSE-3.0M,Outdoor & Garden,PCS,16,18.50
PUM-WTR-CHM4-2H,Prodn Intelligent Inverter Water Pump (wifi),Pumps & Water,UNIT,1,1688.00
SIN-CAB-CKS7606-GY,Cabana S/s Undermount Kitchen Sink (gold Ylw),Kitchen & Sinks,PCS,1,589.00
SWI-SOC-ELE-TSGY913,13A Universal Track Socket Grey-blue LED (GY913),Lighting,PCS,8,52.90
TOO-COM-GLO-29MM,Glotool Combination Wrench 29MM,Hand Tools,PCS,2,36.50
TOO-COM-GLO-30MM,Glotool Combination Wrench 30MM,Hand Tools,PCS,2,37.90
VAL-SOR-SRTWT808,Sorento Angle Valve Blue S/steel Chrome,Plumbing,PCS,2,32.00
ELE-CAB-PVC-4.00MM-BLK,Ktk PVC Cable Black,Electrical,ROLL,9,209.00
FAN-CEI-ALP-FV37,Alpha Vannus VC3- 3B/52 LED Ceiling Fan - Matt Black,Fans & Ventilation,UNIT,1,449.00
FAN-TAB-BTF-8001,Butterfly 8 Table Fan (grey+white),Fans & Ventilation,SET,4,115.00
HOS-FLE-VIP-6618,Vip Double Buckle S/s Flexible Hose V-6618,Outdoor & Garden,PCS,7,32.90
LOC-LUG-S822-073,Stanley 20MM Keyed Combo Luggage Pad Lock (blue/grey),Locks & Security,SET,12,33.90
NIE-SOC-HAN-DEE-12P-1/2-21MM,Nietz Dr Deep Cr Socket (12PT) 50045021 21MM,Electrical,PCS,3,19.30
NIP-ECO-OR,1L 811-1025 Eco 100 Red Oxide Or,Paint & Sundries,CAN,2,78.90
PUM-WTR-MARLINO-CPM190,Marlino Centrifugal Pump,Pumps & Water,UNIT,2,945.00
TAP-SAN-SWP-B-3203,Basin Pillar Cold Tap SWP-SS-304-3203,Bathroom,PCS,4,118.00
TOI-CER-CS102WH,Ceramic Cistern Only - T506(L/W),Bathroom,NOS,2,239.00
TOO-COM-GLO-25MM,Glotool Combination Wrench 25MM,Hand Tools,PCS,4,18.50
"TOO-NIE-SOC-HAN-1/2""-22MM",Nietz Dr Chrome Socket (12PT)50043022 22MM,Electrical,PCS,4,12.90
ADH-TAP-NISSHO-HCH-SG0100,24MM X 10Y Nissho Acyclic Foam Side Tape (red),Chemicals & Adhesives,ROLL,8,31.50
BOS-2607-017-409,Bosch V-line Set (68PCS),Power Tools,SET,1,145.00
BOS-2608-630-030,Jigsaw Blade T101B,Power Tool Accessories,PCS,7,7.40
BOS-2608-680-267,Sds + Drill Bit S3 7 X 50/110MM,Power Tool Accessories,PCS,6,9.00
BUT-NUL-ANC-BH02,BH02 Butterfly Anchor W/screw 10MM (10PCS/PCK),Fasteners & Fixings,PCK,18,4.50
GAS-REG-AER-AZ182,Aerogaz LPG Gas Regulator L/p,Home Appliances,PCS,22,19.50
GRA-CUT-TK-328,Tasto Brush Cutter&handle,Doors & Hardware,UNIT,5,299.00
LIG-ECON-LED-LE908,Econlite Keluar Sign (PC)10X White LED (jkr Approved),Lighting,SET,3,149.00
MIX-CAB-CB4723,Cabana Bath/shower MIXER-CB4723,Bathroom,PCS,2,279.00
NIP-ZIN-GRE-GRE-1L,1L Nippon Zinc Chromate Primer Grey Green,Paint & Sundries,CAN,3,48.00
SD-L/203Y/24W/CIE/DL-6500K,Cielo Iv 203Y 24W L/surface D/light (round),Other,SET,30,26.90
TOO-HAM-CLA-GT25MM,Glotool Claw Hammer 25MM,Hand Tools,PCS,4,15.50
X-STA-HAM-EVO185B1,Black+decker Multi Evo Tools + 3 Heads,Power Tools,UNIT,2,895.00
BAT-ENE-GOL-AAA2PC,Eveready Gold Aaa 2 Pc,Electrical,PCK,16,7.10
BLE-MID-MBL-6010W,Midea Table Blender 1.25L 600W,Home Appliances,PCS,4,105.00
BOS-2608-634-994,Jigsaw Blade T345XF,Power Tool Accessories,PCS,4,13.30
CHE-NTR-WD40-277ML,WD40 Anti Rust 277ML,Chemicals & Adhesives,CAN,49,20.80
CUT-BLA-WOO-15040T,Glotool 100MM Tct Saw Blade Wood 105MM X 40T,Power Tool Accessories,PCS,5,8.90
DC-20V-XA+,"20V DCZC04-24Z,DCJZ2060IZ -sets Xa+ /DC-20V",Power Tools,SET,1,1695.00
DC-DCPL208EK-20V,Cordless Brushless Impact Driver (20V) (4.0AH X2/4A),Power Tools,SET,2,918.00
DC-JZ2060iEK,Cordless Brushless Driver/hammer Drill 20V (4.0AH X2/4A) / DCJZ2060I,Power Tools,SET,2,969.00
ELE-TUB-LED-2FT-20W-6500K,Hermanns LED 20W,Lighting,PCS,44,9.90
GUM-HAR-RS900C,Silicone Hardex Neutral Clear,Chemicals & Adhesives,PCS,87,11.50
IND-CAS-SWI-100MM,4 DL5 Tpr M/duty 2 Bearing Swivel Caster,Fishing & Tackle,PCS,25,25.50
NIP-EAS-6117-7L,7L Easycoat Emulsion 6127 Precious Pink,Paint & Sundries,CAN,2,59.50
NIP-EAS-6166-7L,7L Easycoat Emulsion 6166 Moody Blue,Paint & Sundries,CAN,2,59.50
PUM-WTR-IPA370IQC,I-pump Auto Peripheral Pump 0.5HP,Pumps & Water,UNIT,3,515.00
SWI-CON-20A-250W-TC-10020,Taicon Power Supply 20A 12V 250W (big),Electrical,PCS,3,58.80
BOS-2608-602-751,14 Cutting Disc 14 X 3.0 X 25.4MM,Abrasives & Cutting,PCS,24,13.90
CIMA-HY-C007/L/32W,L/ceiling Lamp 32W (daylight) HY-C007,Lighting,SET,7,72.00
COC-SIN-DOU-TY6688W,Double Sink Tap,Kitchen & Sinks,PCS,4,89.50
DC-DCPL04-8EK,Cordless Brushless Impact Driver 12V (2.OAH X 2/2A),Power Tools,SET,4,439.00
FOL-TAB-CN YX-Z182D,6FT Folding Table,Other,PCS,4,209.00
GAS-STO-MQL-C30,Lgp Cast Iron Gas Stove Mql C-30,Kitchen & Sinks,SET,3,145.00
HOS-INL-PVC3.0M,Washing Machine Inlet Hose 3.0M,Outdoor & Garden,PCS,9,22.90
IND-CAS-SWI-BRA-75MM,3 DL5 Tpr M/duty 2 Bearing Swivel Caster W D/ Brake,Fishing & Tackle,PCS,24,26.80
NIE-SOC-HAN-DEE-12P-1/2-16MM,Nietz Dr Deep Cr Socket (12PT) 50045016 16MM,Electrical,PCS,3,17.70
OVEN-DEKKA-OV19N,Dekka Electric Oven OD-19N,Home Appliances,PCS,3,159.00
PAI-SPR-SAM-001,Samurai Spray Paint 1 Clear,Paint & Sundries,PCS,8,13.90
PUM-WTR-ADELINO-AWJ4-4,Adelino S/s Multi Stage Centrifugal Auto. Pump (1HP),Pumps & Water,UNIT,1,1498.00
SIN-S/S-CLN-SXST8650R,Sanix S/s Double B/sink + Stand,Kitchen & Sinks,UNIT,1,599.00
SPR-BID-ABS-L300,Leon ABS Bidet,Bathroom,SET,15,24.90
SWI-CON-5A-TC-10991,Taicon Power Supply 5A 12V 60W (BIG)-(TC-10991),Electrical,PCS,2,26.90
TAP-PRE-TK-4506S,Premio: Wall Sink Tap TK-4506S,Kitchen & Sinks,PCS,3,145.00
TAP-SIN-CAV-CA3818P,Cavallo Double Tube Sink Tap-pillar,Kitchen & Sinks,PCS,4,103.00
ADH-TAP-NISSHO-HCH-SG0077,18MM X 10Y Nissho Acyclic Foam Side Tape (red),Chemicals & Adhesives,ROLL,11,20.90
BAS-SOR-SRTW2600,Sorento Pop Up Waste,Plumbing,PCS,1,69.00
BOS-0601-077-0K0,Gvd 1000-17 Voltage Tester,Power Tools,UNIT,1,145.00
BOS-2608-630-031,Jigsaw Blade T101AO,Power Tool Accessories,PCS,6,7.70
BOS-2608-631-014,Jigsaw Blade T118B,Power Tool Accessories,PCS,6,7.70
BOS-2608-680-268,Sds + Drill Bit S3 7 X 100/160MM,Power Tool Accessories,PCS,5,9.70
FAN-TAB-PSN-F-MN404-GP,MN404-16 Table Fan (grape Purple),Fans & Ventilation,PCS,2,195.00
FAS-SCR-DS650HW-MET,12 X 2 Self Drill Scrw (400PCS/BOX),Power Tools,BOX,14,86.90
FOL-TAB-CNYX-Z122-3X,4FT Folding Table,Other,PCS,5,149.00
FOL-TAB-CNYX-Z152,5FT Folding Table (wooden Slats),Other,PCS,3,225.00
GLO-LAT-TOP,Top Glove Latex Exam Disposable H/gloves,Safety & Workwear,BOX,10,31.80
NIP-SPO-LES-5L-P,5L Nippon Spot-less Plus Pastel Base,Paint & Sundries,CAN,1,144.00
TAP-CAB-CB3804,Cabana Pillar-mounted Sink Tap CB3804,Kitchen & Sinks,UNIT,2,225.00
"TOO-NIE-SOC-HAN-1/2""-12MM",Nietz Dr Chrome Socket (12PT)50043012 12MM,Electrical,PCS,6,7.80
"TOO-NIE-SOC-HAN-1/2""-14MM",Nietz Dr Chrome Socket (12PT)50043014 14MM,Electrical,PCS,6,7.90
"TOO-NIE-SOC-HAN-1/2""-20MM",Nietz Dr Chrome Socket (12PT)50043020 20MM,Electrical,PCS,4,11.70
BOS-2608-610-001,Lambwool Bonnet,Power Tools,PCS,3,39.50
BOS-2608-680-282,Sds + Drill Bit S3 14 X 150/210MM,Power Tool Accessories,PCS,3,18.80
ELE-CAB-PVC-4.00MM-RED,Ktk PVC Cable Red,Electrical,ROLL,8,209.00
ELE-PEN-88001/B-E27,Aluminium Pendant Lamp 88001/B,Lighting,PCS,3,159.00
ELE-PEN-88005/A-E27,Aluminium Pendant Lamp 88005/A,Lighting,PCS,3,145.00
FAN-CEI-ALP-FA113,Alpha AF22-BT/56 Ceiling Fan-pwt,Fans & Ventilation,UNIT,1,409.00
GLO-WEL-UNISAFE,Unisafe Split Leather Welding Glove 13-1/2,Safety & Workwear,PAIR,10,29.90
HOS-GAR-MK-HS-1804-30M,PVC Gre/blk Garden Hose,Outdoor & Garden,ROLL,19,79.90
NIE-SOC-HAN-DEE-06P-1/2-09MM,Nietz Dr Deep Cr Socket (6PT) 50042009 9MM,Electrical,PCS,3,16.70
NIE-SOC-HAN-DEE-06P-1/2-16MM,Nietz Dr Deep Cr Socket (6PT) 50042016 16MM,Electrical,PCS,3,16.90
STI-ROL,Cc Roll Sticker 101MM X 54MM (barcode),Signage & Numbering,ROLL,40,9.90
SUMO-SM-158,Sumo High Pressure Washer 150 BAR,Power Tools,UNIT,1,1448.00
TOI-HOL-GS-K7,K09 S/steel Paper Holder,Bathroom,PCS,8,49.50
TOO-LEV-SUN-450MM,Glotool Spirit Level W/f Three Level 18,Power Tools,PCS,7,19.90
WAL-DOW-B204/1W,B204/1 Wall Lamp,Lighting,SET,6,73.00
BOS-2608-619-766,14 Cutting Disc (14 X 2.8 X 25.4MM),Abrasives & Cutting,PC,20,15.50
DOR-ROL-GAT-75MM,Galv. Gate Bearing With 2PCS Iron Plate (GR680)3,Home Appliances,PCS,13,28.50
"FAN-VEN-KDK-15TGQZ-6""",6 Kdk Ceiling Mount Ventilator Fan,Fans & Ventilation,UNIT,2,125.00
GUIDE BAR-MS230,18 Stihl Guide BAR,Other,PCS,2,172.00
HHD-CIS-DUAL-M0625/N8205-WHI,(6L&3L)DUAL Flush Round Push Button Plastic,Bathroom,SET,6,66.90
MAC-SEA-90000298,Iron Hand Pressure Sealing Machine/impulse Sealer SF-300/300MM,Paint & Sundries,PCS,2,125.00
SINK-TAP-DE115A-RP,Doe Cp Brs P. Sink Tap W/ A. Line ABS Hdl,Kitchen & Sinks,NOS,3,139.00
TOO-LEV-SUN-300MM,Glotool Magnetic Spirit Level 12,Power Tools,PCS,8,16.90
TOO-LEV-SUN-9200MM,Glotool Magnetic Spirit Level 48,Power Tools,PCS,4,32.90
BOS-2608-680-275,Sds + Drill Bit S3 10 X 200/260MM,Power Tool Accessories,PCS,3,17.50
BOS-F016-F04-559,Plastic Cable (art 23SL),Electrical,PCS,1,54.90
CLI-HOS-ORB-TS-M00,Orbit Wing Hose Clip (13-16MM),Outdoor & Garden,PCS,93,2.10
KING KONG-HR150-1500L,King Kong S/steel Water Tank 1500L,Pumps & Water,UNIT,1,1660.00
NIE-PLU-SOC-50046621,Nietz Spark Plug Socket 50046621,Electrical,PCS,3,12.90
PAI-BRU-730-75MM,T&t Paint 3,Paint & Sundries,PCS,76,16.50
PAI-SPR-PMT-004,Paint Master Spray Paint - No. 4 Matt Black,Paint & Sundries,DOZ,21,66.90
SIN-CAB-CKS7306,Cabana Kitchen Sink CKS7306,Kitchen & Sinks,PCS,1,479.00
TOO-NIE-SOC-HDL-12MM,Nietz T Hdl Deep Socket Wrch (6PT)50050212 12MM,Electrical,PCS,2,25.90
"TOO-VIC-GLO-8""",Glotool Bench Vice 8,Hand Tools,PCS,1,399.00
WAS-BAS-IS8207,IS8207 Art Basin,Bathroom,NOS,1,479.00
CHE-DEG-WAT-BAS-50630450,Nietz Water Based Degreaser 450ML,Chemicals & Adhesives,CAN,5,22.50
COC-SINK-K505C,Sink Tap:kk Cross Type Pillar 1/2,Kitchen & Sinks,SET,8,35.90
GUIDE BAR-MS180,16 Stihl Guide BAR,Other,PCS,2,159.00
NIE-SOC-HAN-DEE-12P-1/2-23MM,Nietz Dr Deep Cr Socket (12PT) 50045023 23MM,Electrical,PCS,2,23.50
PUM-WTR-ADELINO-ACM200,Adelino Centrifugal Pump,Pumps & Water,UNIT,1,1345.00
SINK-TAP-DE116A-RP,Doe Cp Brs Wall Sink W/a. Line ABS Hdl,Kitchen & Sinks,PCS,3,119.00
"TOO-NIE-SOC-HAN-1/2""-23MM",Nietz Dr Chrome Socket (12PT)50043023 23MM,Electrical,PCS,3,13.80
"TOO-NIE-SOC-HAN-1/2""-24MM",Nietz Dr Chrome Socket (12PT)50043024 24MM,Electrical,PCS,3,13.90
BLE-BD335,Dekka Blender,Home Appliances,PCS,3,119.00
CIMA-2822-66-96W,Ceiling Light Ic Control,Lighting,SET,4,95.00
CIMA-HY-C008/L/32W,L/ceiling Lamp 32W (daylight) HY-C008,Lighting,SET,6,72.00
ELE-BUL-HERM-E27-W/W,Hermanns LED Candle E27,Lighting,PCS,53,5.90
ELE-CAB-PVC-4.00MM-GRE,Ktk PVC Cable Green,Electrical,ROLL,7,209.00
ELE-PEN-9393/3,9393/3 Pendant Lamp (E27X3),Lighting,SET,3,129.00
SHO-CAB-CSA401,Cabana S/steel Arm 451MM,Bathroom,UNIT,3,142.00
SUMO-LT2500N-6,Sumo Gasoline Generator LT2500N-6,Outdoor & Garden,UNIT,1,1279.00
TOI-TRP-WC-CWC605-S,Cab Close-couple Wash Down,Bathroom,PCS,1,479.00
BATH-CBF66409-WHI,Cab 6 IN 1 S/steel Bathroom Furnit Set-whi,Bathroom,PCS,1,399.00
BOS-2608-634-503,Jigsaw Blade T118BF,Power Tool Accessories,PCS,4,11.50
BOS-2608-680-257,Sds + Drill Bit S3 4 X,Power Tool Accessories,PCS,5,8.30
ELE-PEN-102/BK-E27,Pendant Lamp Black 102/BK,Lighting,PCS,4,92.00
ELE-PEN-88010-E27X3,Pendant Lamp 88010/A,Lighting,PCS,2,195.00
GUM-HAR-850,Silicone Hardex Clear,Chemicals & Adhesives,SET,15,9.10
"IND-TRO-KINTA-10""","King Kong H/d Two Wheel Hand Trolley- (10"")",Building Materials,UNIT,2,298.00
MIR-KT8002-500X700,Mirror Kt 8002-500X700,Bathroom,PCS,1,435.00
PRO-COAT-Z388-GRY,Procoat Z388 Grey 4KG,Paint & Sundries,TIN,2,97.00
TAP-PRE-TK-3516Q,Premio: Pillar Sink Tap TK-3516Q,Kitchen & Sinks,PCS,2,182.00
TAP-SIN-CAV-CA3311P,Double Tube Sink Tap-pillar,Kitchen & Sinks,PCS,4,79.50
BOS-2608-667-446,Jigsaw Blade For PVC,Power Tool Accessories,PCS,4,9.30
BOS-2608-680-283,Sds + Drill Bit S3 14 X 200/260MM,Power Tool Accessories,PCS,2,23.80
BOS-HVLP-888,Sumo High Efficiency Paint Spray Gun 1.4MM,Paint & Sundries,UNIT,2,115.00
DL5-WAT-FIL-1042/M,1042 Outdoor Sand Filter Matt,Pumps & Water,PCS,2,849.00
FAN-STA-MID-MF-16FS23C-BK,Midea 16 Stand Fan 50W Black,Fans & Ventilation,PCS,3,115.00
IND-CAS-SWI-75MM,3 DL5 Tpr M/duty 2 Bearing Swivel Caster,Fishing & Tackle,PCS,24,21.50
SWI-CON-30A-360W-TC-10021,Taicon Power Supply 30A 12V 360W (big),Electrical,PCS,2,69.00
TAP-PRE-TK-4516Q,Premio: Wall Sink Tap TK-4516Q,Kitchen & Sinks,PCS,2,173.00
TOO-COM-GLO-23MM,Glotool Combination Wrench 23MM,Hand Tools,PCS,3,15.40
TOO-DRI-20V,Mr. Mark 20V Brushless Impact Drill (2X3.0AH Batt.),Power Tools,UNIT,2,719.00
"TOO-NIE-SOC-HAN-1/2""-10MM",Nietz Dr Chrome Socket (12PT)50043010 10MM,Electrical,PCS,5,7.80
WAL-DOW-072/1 W,Wall Light W-072/1,Lighting,PCS,17,22.00
BOS-2608-615-118,Diamond Disc Universal 9,Power Tools,PCS,1,102.00
BOX-ICE-35LTR-BLUE,Insulated Ice Box (ks) Blue,Housewares,PCS,3,195.00
DC-DCJZ1202E,Cordless Driver Drill,Power Tools,SET,6,218.00
HOS-GAR-SET-ECO15M1107,Ecogreen- Iron Hose Reel Set 15M,Fishing & Tackle,SET,3,179.00
HOS-GAR-TF125,"Cavallo Twist Free Garden Hose 1/2""X 50M",Outdoor & Garden,ROLL,6,209.00
IND-CAS-SWI BRA-100MM,4 DL5 Tpr M/duty 2 Bearing Swivel Caster W D/brake,Fishing & Tackle,PCS,16,30.80
NIP-TIM-1L-P,1L Nippon Timbershade Pastel Base,Paint & Sundries,CAN,2,53.90
SEN-VAC-BRA-DHS19,19MM X M10 Sensui Vacuum Brazed Diamo,Home Appliances,PCS,1,48.80
SWI-SOC-ELE-TSBK913,13A Universal Track Socket Black-blue LED (BK913),Lighting,PCS,7,52.90
TOO-LEV-SUN-600MM,Glotool Magnetic Spirit Level 24,Power Tools,PCS,5,23.50
"TOO-NIE-SOC-HAN-1/2""-17MM",Nietz Dr Chrome Socket (12PT)50043017 17MM,Electrical,PCS,4,9.90
"TOO-NIE-SOC-HAN-1/2""-21MM",Nietz Dr Chrome Socket (12PT)50043021 21MM,Electrical,PCS,3,12.50
TOO-PLI-JOI-W508E,Slip Joint Pliers 200MM,Power Tools,PCS,10,14.80
WEL-ELE-NSW-308L-2.6MM,Nihonweld Electrode X 2.5MM,Welding,KGS,10,46.00
ADH-TAP-ALU-48MMX25M,Glotool Alum Adhesive Tape 48MM X 25M,Chemicals & Adhesives,PCS,7,12.90
BOS-2608-633-528,Jigsaw Blade T234X,Power Tool Accessories,PCS,3,12.20
COC-BAS-SSS-LSS103,Leon Sus 304 S/steel Basin TAP-LSS103,Bathroom,PCS,6,53.90
GRA-CUT-GL4525,Black+decker Strimmer,Outdoor & Garden,UNIT,4,309.00
HOS-INL-PVC2.0M,Washing Machine Inlet Hose 2.0M,Outdoor & Garden,ROLL,8,19.90
HOS-SPR-TRN-ST3355,S/s High Pressure Shower Hose 1.5M,Bathroom,PCS,12,23.80
KOYA-REM-MOS-4000ML,Koya Mosaic Cleaner 4.0 LTR,Chemicals & Adhesives,BOT,19,49.90
MIR-GLO-S-RD60A282(BK),Dia. (round) Aluminium Frame-black RD60A282(BK),Bathroom,PCS,3,118.00
MIR-GLO-S-RD60A282(GGD),Dia. (round) Aluminium Frame-green Gold RD60A282(GOLD),Bathroom,PCS,3,119.00
PAI-SPR-PMT-040,Paint Master Spray Paint - No. 40 White,Paint & Sundries,DOZ,18,66.90
PUM-WTR-IPA750,I-pump Automatic Pump,Pumps & Water,UNIT,3,439.00
TAP-CAB-CB2526SS,Pillar Mou Kit Tap Flex Hose&shower Head,Bathroom,PCS,3,109.00
TOI-TIS-CB318-BL,Cabana Paper Holder CB318-BLK,Bathroom,PCS,6,55.00
X-ELE-LED-SOL-8032-100W-6500K,Solar Floodlight,Lighting,PCS,3,119.00
ACE-HAM-ANC-1/4X1 1/4,Ace Hammer Drive Anchor 630 1/4 X1 1/4 (10PCS/PCK) (BOX),Hand Tools,BOX,6,89.90
BOS-1607-014-171,Gws 20-180 Angle Grinder Carbon,Power Tools,SET,5,19.00
BOS-2608-615-114,9 Diamond Cutting Blade Standard,Power Tools,PCS,1,110.00
GAS-TOR-20031,Br 5503 1300 C Fire Bird Torch,Lighting,PCS,11,29.90
GUM-HAR-625,Grey Silicone Hardex,Chemicals & Adhesives,TIN,9,13.20
"HOS-GAR-CAV-5/8""X50M","Cavallo Garden Hose 5/8""X50M - Yellow",Outdoor & Garden,ROLL,7,169.00
LEO-SUS304-TWI-L2302PF,Leon Twins Sink SUS-304 TAP-L2302PF,Kitchen & Sinks,PCS,2,209.00
MAC-SEA-90000297,Iron Hand Pressure Sealing Machine/impulse Sealer SF-200/200MM,Paint & Sundries,PCS,2,89.50
OVEN-MID-EM825AGS-BK,Midea Microwave Oven 25L,Home Appliances,PCS,1,329.00
TOO-COM-GLO-14MM,Glotool Combination Wrench 14MM,Hand Tools,PCS,7,6.40
TOO-CUT-SNI-W1012B,Tin Cutter 300MM,Power Tools,PCS,4,44.50
"TOO-NIE-SOC-HAN-1/2""-32MM",Nietz Dr Chrome Socket (12PT)50043032 32MM,Electrical,PCS,2,21.90
TOO-WRE-AIR-RT5770,Rotake 1 Air Impact WRENCH-RT5770,Power Tools,UNIT,1,1299.00
BAT-ENE-GOL-AAA4PC,Eveready Gold Aaa 4 Pc,Electrical,PCS,7,11.20
ELE-ADA-MS3003/WNL,Morries Uk Plug Multi Adaptor W Sensor & LED Nite Light,Lighting,PCS,9,29.80
ELE-PEN-420-E27-WHI,420 Pendant Lamp White,Lighting,PCS,8,72.00
HOS-INL-PVC-1.5M,Washing Machine Inlet Hose 1.5M,Outdoor & Garden,ROLL,9,17.50
LOC-COL-RK503,Colex Key-a-like Anti Cut Padlock RK-503,Locks & Security,SET,4,133.00
PUM-SHOWFOU-SC-0512,Showfou Pump SC-0512,Pumps & Water,UNIT,1,1099.00
SEN-VAC-BRA-DHS16,16MM X M10 Sensui Vacuum Brazed Diamo,Home Appliances,PCS,1,39.90
STO-BOSS-BMS1,Bossman Mini Lotus Stove 1 (K-202),Home Appliances,PCS,11,28.50
TOO-COM-GLO-20MM,Glotool Combination Wrench 20MM,Hand Tools,PCS,4,10.20
TOO-LEV-SUN-900MM,Glotool Magnetic Spirit Level 36,Power Tools,PCS,4,27.50
TOO-SOC-SET-STA-998645503,26PC 1/2 Dr Skt Set- 12PT (86-477),Power Tools,SET,4,319.00
VAC-DEC-BHFEA18D1,Black+decker Avenger 20V Cordless Stick Vacuum,Power Tools,UNIT,2,598.00
VAL-ANG-SRTWT908SS-BL,Sorento S/s Angle Valve-blk,Plumbing,PCS,1,42.00
VAL-SOR-SRTWT908SS-GM,Sorento S/steel Angle Valve-gm,Plumbing,PCS,1,43.00
BBQ-STO-ZC1129,"28""X10 Bbq Stove",Home Appliances,PCS,5,59.00
BOS-2605-510-155,Protection Guard (cover For Gws 060),Power Tools,PCS,3,37.50
BOS-2608-600-924,Diamond Blade 2608-600-924,Abrasives & Cutting,PCS,5,44.90
BOS-2608-630-040,Jigsaw Blade T144D,Power Tool Accessories,PCS,5,7.50
BOS-2608-680-259,Sds + Drill Bit S3 5 X 100/160MM,Power Tool Accessories,PCS,4,8.80
DC-Q1U-FF-160B/DQU160,Electric Mixer With Stirrer,Power Tools,SET,5,239.00
DC-Z1E-FF-110,Mable Cutter,Power Tools,SET,5,255.00
ELE-PEN-81218/3L-E27,Pendant Lamp Long Base 81218/3L,Lighting,PCS,5,65.00
JUG-DEK-KET-KTJK1811,JK-1811 Jug Kettle,Home Appliances,PCS,6,46.90
MIR-GLO-S-CR4560A281(BK),(curved-rectangular) Alum. Frame Mirror- Black CR4560A281(BK),Bathroom,PCS,3,109.00
SHE-WOO-43088(2FT),Rw-cb (m) - 2FT Wood Shelf,Housewares,PCS,18,27.90
SUMO-SM-1575,Sumo Engine Pressure Cleaner 6.5HP,Power Tools,UNIT,1,1098.00
TOI-HOL-GS-K6,K6 Toilet Paper Holder,Bathroom,PCS,6,48.50
TOO-LEV-W0093F1000,Aluminium Level (1000MM),Power Tools,PCS,5,29.50
WAL-DOW-6003S/1S-AB,Out/d Gate Lamp - Ab,Lighting,PCS,8,39.80
WAL-DOW-9169/1W,Wall Lamp (E27X1) 9169-1W,Lighting,PCS,6,59.00
ADH-TAP-OPP-T40Y,Glotool Opp Tape 48 MM X 40 Yd (transp),Chemicals & Adhesives,PCS,37,2.30
BOS-0012,Sumo 12PCS Router Bit Set (1/4 Shank),Power Tool Accessories,SET,8,109.00
CIMA-1618/L/24W/H,Cei/lamp Ic Control 1618/22W/H,Lighting,SET,5,105.00
DC-DZG06-6,Percussion Hammer / (1400W),Hand Tools,SET,1,559.00
ELE-HOL-E27-SQU-TOPGAN,Lamp Holder E27 (square),Lighting,PCS,76,3.50
HOS-GAR-GRE-160330,Br 83030 PVC Green Garden Hose 16X3.0MMX30M,Outdoor & Garden,ROLL,12,103.00
SAN-SWPW-SS-W80U,Spring Waste Without Overflow,Plumbing,PCS,1,49.00
TOI-TIS-CAB-CB313-WHI,Cabana Paper Holder CB313-WHI,Bathroom,PCS,6,45.00
BOS-1617-014-138,Carbon Brush Gsh 388/ Gsh 500/ Gsh 5,Power Tools,SET,4,21.50
COC-BAS-L533,Leon SUS304 Basin TAP-L533,Bathroom,PCS,5,58.00
NIE-SOC-HAN-DEE-12P-1/2-20MM,Nietz Dr Deep Cr Socket (12PT) 50045020 20MM,Electrical,PCS,2,18.50
PAI-BRU-730-65MM,T&t Paint 2 1/2,Paint & Sundries,PCS,74,11.90
PUM-WTR-MARLINO-AP37L1,Adelino Peripheral Pump,Pumps & Water,UNIT,5,198.00
SHE-WOO-43088(4FT),Rw-cb (m) - 4FT Wood Shelf,Housewares,PCS,11,37.90
SHO-CAB-CHS3140CP,Cabana Hand Shower Set,Bathroom,UNIT,3,95.00
THI-SOL-600CC2B,Thinner Solvent,Paint & Sundries,TIN,94,7.90
TOO-NIE-SOC-KEY-L06MM,Nietz 1/2 IN Drive Long Allen Bxsocket 50240106 6MM,Power Tools,PCS,4,21.90
BOS-2608-901-468,4 Cutting Disc-s/steel,Abrasives & Cutting,PCS,71,3.80
"CHA-SAW-CHAIN-3610-14""",14 Stihl Chain,"Rope, Chain & Netting",PCS,4,57.00
ELE-D/L-MGM-MQTL1119-SQ-4000K,"Mgm 6""/SQ LED Panel Light (sr)",Lighting,PCS,9,28.80
FAN-CEI-FNW60CF,Dekka 60 Ceiling Fan,Fans & Ventilation,PCS,2,139.00
"IND-TRO-KINTA-8""","King Kong H/d Two Wheel Hand Trolley- (8"")",Building Materials,UNIT,2,239.00
KOYA-REM-CEM-4000ML,Koya Cement & Stain Remover 4.0 LTR,Chemicals & Adhesives,BOT,18,49.80
OIL-ENG-STIHL,Engine Oil 1L,Automotive,PAIL,9,37.90
SWI-CON-TC-10507,Taicon Power Supply (low Noise) 25A 12V 300W,Electrical,PCS,2,55.00
TAP-PRE-TK-4856Q,Premio: Double Sink Wall Tap,Kitchen & Sinks,PCS,1,279.00
TOO-COM-GLO-18MM,Glotool Combination Wrench 18MM,Hand Tools,PCS,4,9.20
TOW-CAB-CB720-GM,Cabana S/s 24 Towel Shelf,Bathroom,PCS,2,169.00
BOS-2608-620-690,4 Flexible Grinding Disc 100 X 2.0 X 16MM,Abrasives & Cutting,PCS,41,4.50
BOS-TER-MALE-CON-IW-TCM10/25,Terminal Male Connector 10-25,Power Tools,PCS,5,19.50
ELE-CAB-R/BK-MKK-ROLL,MKK Cable 2C 23/014 X 60M (twister)-red/black,Electrical,ROLL,16,42.50
ELE-CAB-WIR-ML-2.5MM-BLK,ML PVC Cable Black,Electrical,ROLL,9,129.00
NIE-SOC-HAN-DEE-12P-1/2-10MM,Nietz Dr Deep Cr Socket (12PT) 50045010 10MM,Electrical,PCS,2,16.20
NIE-SOC-HAN-DEE-12P-1/2-13MM,Nietz Dr Deep Cr Socket (12PT) 50045013 13MM,Electrical,PCS,2,16.70
PAI-BRU-NIP-TR829N,4 Nippon Roller Refill Wb,Paint & Sundries,PCS,31,2.50
PAI-SPR-PMT-039,Paint Master Spray Paint - No. 39 Black,Paint & Sundries,DOZ,15,66.90
PAI-TIG-250ML-BLA,250ML Tiger G. P,Paint & Sundries,PCS,11,10.90
PAI-TIG-75ML-RED*,75ML Tiger G. P Red,Paint & Sundries,TIN,17,8.50
SPR-BID-B7011,Bliton Bathroom Bidet Set,Bathroom,PCS,4,57.90
TAP-WIR-3MSCTRD-150,3M Red Gu Vinyl Elec Tape 150,Plumbing,PCS,806,1.20
"TOO-NIE-SOC-HAN-1/2""-08MM",Nietz Dr Chrome Socket (12PT)50043008 8MM,Electrical,PCS,4,7.80
"TOO-NIE-SOC-HAN-1/2""-13MM",Nietz Dr Chrome Socket (12PT)50043013 13MM,Electrical,PCS,4,7.80
WAL-DOW-B212/1W,B212/1 Wall Lamp,Lighting,SET,4,73.00
WAL-FOL-V8500,Vago S/steel Flexible Cloth Han,Lighting,SET,2,189.00
WEL-ELE-KOB-LB52-3.2MM,Kobelco Welding Electrode LB52 X 3.2MM,Welding,PCK,5,70.90
BOS-1619-P06-346,Carbon Brush Set (gks 190),Power Tools,SET,2,43.50
DC-JIZ-FF02-13,Electric Drill / DJZ02-13,Power Tools,SET,5,205.00
FAN-ACC-BLA,Fan Blade 18 For Auto Fan (khind),Fans & Ventilation,PCS,1,35.30
"FAN-WAL-HIPSON-26""",Hipson 26 Industrial Wall Fan (H638),Fans & Ventilation,SET,1,279.00
HOS-MAC-WAS-OUT-2.0M,PVC Outlet HOSE-2.0M,Outdoor & Garden,PCS,12,12.50
PAI-SPR-GUN-TM-71,Haupon Eletric Paint Spray Gun (home Painter),Paint & Sundries,UNIT,3,359.00
SPR-BID-B2021,Bliton 304 S/steel Bidet Spray,Bathroom,PCS,4,67.90
BOS-2608-608-N94,Fiber Sanding Disc 100MM P60,Abrasives & Cutting,PCS,7,1.90
BOS-2608-680-281,Sds + Drill Bit S3 14 X 100/160MM,Power Tool Accessories,PCS,2,15.20
DC-DCKIT36BK,+ (2.0AH X2/3A),Power Tools,SET,2,498.00
DC-DCSM04-100FK,Cordless Brushless Angle Grinder (5.0AH X2/4A),Power Tools,SET,1,1019.00
DRI-SDS-GT02-15260,Glotool Sds Drill 15 X 260MM,Power Tool Accessories,PCS,3,10.00
ELE-CAB-P23163CW-MTR,Yazaki X 3C PVC Flexible Cable 90M Whi,Electrical,METER,28,2.20
ELE-CEI-LIG-8910/500RND,26PCS Daylight L/ceiling Lamp,Lighting,SET,2,169.00
INS-IS8503(B),Wall Hung Basin IS8503(B),Bathroom,NOS,1,309.00
LOC-COL-RK505,Colex Key-a-like Anti Cut Padlock RK-505,Locks & Security,SET,2,215.00
MIR-CAB-CBM1031,Cabana Mirror - 500X700 CBM1031,Bathroom,UNIT,2,149.00
NIE-PLU-SOC-50046616,Nietz Spark Plug Socket 50046616,Electrical,PCS,2,12.90
NIETZ-MOU-FLA-WHE-57131060,Nietz Mounted Flap Wheel 57131060,Abrasives & Cutting,PCS,1,8.90
PRO-COAT-Z588-WHI,Procoat Z588 White 4KG,Paint & Sundries,TIN,1,138.00
TAP-CAB-CB2807,Cabana Basin Tap,Bathroom,PCS,3,85.00
TAP-CAB-CB5133,Cabana Pillar-mounted Sink Filter Tap,Kitchen & Sinks,UNIT,1,270.00
TOO-NIE-ALL-KEY-08MM,Nietz E/long Ball Point Satin Wrch 53252080 8MM,Power Tools,PCS,5,12.90
DC-DZC04-28,Hammer Drill / DZC04-28,Power Tools,SET,2,509.00
ELE-BUL-SYL-DC12V-6500K-10W,Sylvia E27 12V DC LED Bulb,Lighting,PCS,14,11.30
FAS-BOL-ANC09,Glotool Drop IN Anchor 3/8 X 1-1/2 (5PCS/PCK),Fasteners & Fixings,PCK,12,3.50
GUIDE BAR-MS170,14 Stihl Guide BAR,Other,PCS,2,103.00
PUM-SHOWFOU-SF-0512N,Showfou Submersible Pump 2,Pumps & Water,UNIT,1,887.00
PUM-TSU-HPC6120,Tsunami High Pressure Cleaner,Power Tools,UNIT,2,465.00
RIC-COO-MRM10010BDG,Midea 1.0L Jartype Rice Cooker 500W,Home Appliances,PCS,4,99.00
SINK-TAP-K2B-LT8517H,Luxtec Flexible Hose Pillar Sink Tap,Kitchen & Sinks,PCS,5,46.90
TAP-SINK-QXY-PT-5046,QXY-PT-5046: Pillar Sink Tap,Kitchen & Sinks,PCS,2,135.00
TOO-WRE-AIR-RT5563,Rotake 1 Air Impact WRENCH-RT5563,Power Tools,UNIT,1,988.00
ADH-TAP-NISSHO-HCH-SG0006,10MM X 10Y Nissho Acyclic Foam Side Tape (red),Chemicals & Adhesives,ROLL,10,11.20
BOS-2608-595-059,Hss-g Metal Bit 4.0MM (PCS),Power Tools,PCS,2,4.90
BOS-2608-600-428,16 Cutting Disc,Abrasives & Cutting,PCS,5,37.90
BOS-2608-600-923,Diamond Blade 2608-600-923,Abrasives & Cutting,PCS,5,42.50
BOS-TER-FEMALE-CON-IW-TCF10/25,Terminal Female Connector 10-25,Power Tools,PCS,4,20.50
ELE-SOL-STA-30W,Soldering Iron - Round Pin,Home Appliances,PCS,3,65.50
GLO-LAT-300SP,Latex Work Glove - 300 Sp,Safety & Workwear,DOZ,5,47.90
GUM-HAR-RS2000W,Silicon Hardex Water-based A/f,Chemicals & Adhesives,PCS,45,16.50
IND-COA-SKI-WHI,25KG Scp Skim Top Coat White (OC-2),Building Materials,BAG,8,36.90
NIE-SOC-HAN-DEE-12P-1/2-27MM,Nietz Dr Deep Cr Socket (12PT) 50045027 27MM,Electrical,PCS,1,30.90
NIP-ODOURLITE-1L-D,1L Nippon Odourlite Soft Matt Deep Base,Paint & Sundries,CAN,1,70.20
RYOTA-POL-R5010,Ryota 5 Polisher Speed Control,Power Tools,UNIT,5,175.00
SWI-CON-15A-180W-TC-10019,Taicon Power Supply 15A 12V 180W (big),Electrical,PCS,2,49.50
X-DRI-IMP-MIN-MS600,Mostaz 13MM Impact Drill Kit Set 500W,Power Tools,SET,7,159.00
BAT-ENE-SHD-D2PCS,Eveready Shd D 2 Pc,Electrical,PCK,56,7.20
BID-CAB-CB88SS-BL-DIY,Cabana 2WAY Tap Hand Bidet-matt Blk,Bathroom,PCS,2,148.00
BOS-2602-025-067,Auxiliary Handle (gws 750),Doors & Hardware,PCS,5,14.90
BOS-2604-321-919,Carbon Brush Gst 65,Power Tools,SET,3,23.00
CIMA-DL-L-4111-RND-12W-SEN-840,Senco LED Panel Light-ir 12W Round 5,Lighting,SETS,12,17.90
COC-BASIN-LUX-LT9514,Luxtec Basin Pillar Tap LT-9514,Bathroom,PCS,7,32.90
DC-DCJZ03-13EK-20V,Cordless Brushless Driver/hammer Drill 20V (4.0AH X2/4A) / DCJZ03-13EK,Power Tools,SET,1,998.00
DC-DSM21-100,4 Angle Grinder (900W) Slim Body,Power Tools,SET,7,129.00
DCPB488EK,Cordless Brushless Impact Wrench 20V (4.0AH X2/4A),Power Tools,SET,1,949.00
ELE-CEI-LIG-3088-96W-3CLR,Ceiling Light 3CLR 3088/96W,Lighting,UNIT,2,126.00
GLO-RUB-KOR-PINK,Butterfly Household Glove (korea),Safety & Workwear,PAIR,27,7.30
SOA-CAB-CPA2008C,Cabana Soap Dispenser (300ML X 2),Bathroom,UNIT,2,130.00
SWI-CON-10A-120W-TC-10990,Taicon Power Supply 10A 12V 120W (big),Electrical,PCS,2,41.90
SWI-SOC-ELE-TSGD913,13A Universal Track Socket Gold-blue LED (GD913),Lighting,PCS,4,52.90
SWI-SOC-ELE-TSR913,13A Universal Track Socket Red-blue LED (R913),Lighting,PCS,4,52.90
TOO-LEV-W0093C500,Aluminium Level (500MM),Power Tools,PCS,6,20.80
TOO-NIE-ALL-KEY-14MM,Nietz E/long Ball Point Satin Wrch 53252140 14MM,Power Tools,PCS,2,34.90
X-STA-HAM-BEH550,Black+decker Keyless Vsr Ham Drill,Power Tools,UNIT,4,239.00
BOS-2608-600-091,4 Cutting Disc,Abrasives & Cutting,PCS,44,3.50
BOS-2608-630-033,Jigsaw Blade T111C,Power Tool Accessories,PCS,5,5.60
CUT-TIL-NYL-2.0MM,Tiles Nylon Spacer X200PCS-2.0MM,Abrasives & Cutting,BAG,63,4.50
DC-DCKIT10BK,+ (4.0AH X2/4A) DCZC22BK DCSM03-100Z,Power Tools,SET,1,979.00
DC-DCKIT47BK,+ (4.0AH X2/4A) DCMQ85EK DCJZ2060IZ,Power Tools,SET,1,898.00
DC-DCKIT49BK,+ (4.0AH X2/4A) DCMP6BK DCJZ2060IZ,Power Tools,SET,1,899.00
FIT-BUT-ELB-32X32MM,Buteline PE Elbow 32X32MM,Plumbing,PCS,4,5.60
"PAI-BRU-NIP-7""-TR839","Worker 7""X12 HANDLE+7 Polyester Roller Refill",Paint & Sundries,SET,82,7.80
SWI-LAM-HOL-2001B22,Nylon B22 Lamp Holder Blk,Lighting,PCS,126,1.20
TAP-PIL-I301,Pillar Sink Tap I301 Wtc,Kitchen & Sinks,PCS,5,35.90
TOI-CER-CS102SQ,Ceramic Cistern Only - T507(H/L),Bathroom,NOS,1,239.00
"TOO-NIE-SOC-HAN-1/2""-15MM",Nietz Dr Chrome Socket (12PT)50043015 15MM,Electrical,PCS,3,8.80
X-ELE-PLC-HOL-WHI,B22 Es Batten Holder-wh 1206 (grn-uk) 1130,Lighting,PCS,60,2.90
X-FLO-MOC-KH40ADB20,16 X 16 Floor Tiles,Power Tools,PCS,118,6.20
ELE-BUL-HERM-E14-C35-4W,Hermanns LED Candle E14,Lighting,PCS,35,5.90
FIT-BUT-END-PLUG-25MM,Buteline 25MM PE Pipe End Plug,Plumbing,PCS,28,2.30
"HOS-GAR-CAV-5/8""X30M",Cavallo Orange Garden Hose 5/8''X30M,Outdoor & Garden,ROLL,8,97.00
LOC-COL-RK502,Colex Key-a-like Anti Cut Padlock RK-502,Locks & Security,SET,4,87.50
PUM-I-PUMP-QB80I,I-pump Peripheral Pump 1.0HP,Pumps & Water,UNIT,3,278.00
SAF-FLO-WET-92201,Nietz 92201 Caution Wet Floor Sign,Signage & Numbering,ST,9,20.50
SHH-LURE-S359603,Saber Frog Lure 40MM,Fishing & Tackle,PCS,29,9.50
SHO-ROU-ARM-6AR06,"Leon ABS Round Shower Rose With ARM-6""AR-06",Bathroom,SET,8,23.90
SWI-T/SOC-MS3233-3-3M3G,Morries Extension Socket 3G 3M W Neon (blue),Electrical,PCS,20,46.90
TOO-COM-GLO-09MM,Glotool Combination Wrench 09MM,Hand Tools,PCS,7,4.30
TOO-CUT-SNI-W1010B,Tin Cutter 250MM,Power Tools,PCS,3,37.50
TOO-NIE-SOC-KEY-L10MM,Nietz 1/2 IN Drive Long Allen Bxsocket 50240110 10MM,Power Tools,PCS,3,23.90
TOO-WRE-AIR-RT5562,Rotake 3/4 Air Impact Wrench,Power Tools,UNIT,1,898.00
WAL-DOW-6003S-1W-AB,Out/d Wall Light 6003 S/1W - Ab,Lighting,PCS,6,39.50
WAL-DOW-6003S/1S-BLK,Out/d Gate Lamp - Blk,Lighting,PCS,6,39.80
"ACE-HAM-ANC-1/4' X 1 1/2""",Ace Hammer Drive Anchor 640 1/4 X 1 1/2 (10PCS/PCK) (PCK),Hand Tools,PCK,56,5.90
BOS-2608-631-017,Jigsaw Blade T127D,Power Tool Accessories,PCS,3,9.20
BUL-FFL-100W-B22-FROST,Ffl 100W B22 Standard Bulb-frost,Lighting,PCS,9,3.10
CLI-HOS-ORB-TS-00,Orbit Wing Hose Clip (13-19MM),Outdoor & Garden,PCS,53,2.20
COC-BIB-LUX-LT9511,Luxtec Wall Sink Tap,Kitchen & Sinks,PCS,5,43.90
DC-M1Y-FF02-185,Electric Circular Saw (1100W),Power Tools,SET,3,318.00
DC-S1P-FF02-180,Polisher / DSP02-180,Power Tools,SET,3,325.00
ELE-LED-FLO-SOR-100W-6500K-ILS,Ilite Solar Spotlite ILS-100W 6500K,Electrical,PCS,4,259.00
FAS-SCR-TD640HW-WOOD-500PCS/BOX,12 X 1 1/2 Self Drilling Screw (500PCS/BOX),Fasteners & Fixings,BOX,9,96.50
FIT-HDPE-SOC-COU-25MM,HDPE Coupler Straight Socket,Plumbing,PCS,278,3.30
GAS-REG-BTY182-V,Butterfly LPG Regulator 182-V,Home Appliances,PCS,11,19.50
JQB-JUMP-XPRESS-F39,Jqb Jump Starter Jumpxpress F39,Power Tools,UNIT,1,899.00
NIETZ-MOU-FLA-WHE-57110100,Nietz Mounted Flap Wheel 57110100,Abrasives & Cutting,PCS,1,7.90
NIP-EAS-6015-7L,7L Easycoat Emulsion 6015 Purple Angle,Paint & Sundries,CAN,1,59.50
NIP-ODOURLITE-1L-T,1L Nippon Odourlite Soft Matt Tint Base,Paint & Sundries,CAN,1,74.90
SHO-BID-DOU-BUCKLE-V6652,Vip Double Buckle Hand Bidet,Bathroom,PCS,5,38.50
SUMO-LT1200N-6,Sumo Gasoline Generator SM1200N-6,Outdoor & Garden,UNIT,1,809.00
TAP-CAB-CB4908,Cabana Basin Cold Tap CB4908,Bathroom,UNIT,1,239.00
TOO-COM-GLO-16MM,Glotool Combination Wrench 16MM,Hand Tools,PCS,4,7.30
TOO-NIE-SOC-KEY-L05MM,Nietz 1/2 IN Drive Long Allen Bxsocket 50240105 5MM,Power Tools,PCS,3,21.80
"TOO-VIC-GLO-6""",Glotool Bench Vice 6,Hand Tools,PCS,1,239.00
X-LOC-SGD-PL300-60MM-5PCS,60MM St. Guchi Armoured Padlock KA-5PCS PL300,Locks & Security,SETS,1,449.00
BID-CAB-CB91SS-BL-DIY,Cabana Hand Bidet (matt Blk),Bathroom,PCS,3,69.00
BOS-2608-608-N95,Fiber Sanding Disc 100MM P80,Abrasives & Cutting,PCS,6,1.90
COC-SINK-K505L,Sink TAP:K-505L Level Type Pillar 1/2,Kitchen & Sinks,SET,7,25.50
GUM-CLE-V210,Neutral H/perform Sealant-clr,Chemicals & Adhesives,PCS,35,14.50
LOC-SAN-PB26438MM,Sanlock Pb Pad 38MM,Locks & Security,DOZ,4,88.90
PAI-TIG-75ML-YEL*,75ML Tiger G. P Yellow,Paint & Sundries,PC(S),13,8.50
SAN-SWPW-SS-W121A,Waste With Overflow SWPW-SS-W121A,Plumbing,PCS,1,36.00
SWI-CON-33A-400W,Taicon Power Supply (low Noise) 33A 12V 400W,Electrical,PCS,1,84.00
SWI-T/SOC-MS3255-1.5M5G,Morries Extension Socket 5G 1.5M W Neon (pink),Electrical,PCS,19,50.90
TOO-SHE-PURW0437,Bypass Pruners 200MM,Power Tools,PCS,6,19.20
ELE-HOL-E27-ROU-TOPGAN,Lamp Holder E27 (round),Lighting,PCS,67,2.50
FAN-CEI-SIB-SA56,Siberiair Ceiling Fan Black - SA56,Fans & Ventilation,SET,1,218.00
GAS-STO-BUT-HEA,Butterfly H/p Burner Only,Home Appliances,PCS,2,95.00
OVEN-DEKKA-OV25N,Dekka Electric Oven OD-25N,Home Appliances,PCS,1,199.00
PAP-WALL-HAVANA-11889-16,Wallpaper Havana 11889-16(10MX53CM),Paint & Sundries,ROLL,14,85.00
PAP-WALL-HAVANA-11892-24,Wallpaper Havana 11892-24(10MX53CM),Paint & Sundries,ROLL,14,85.00
SAN-SWPW-SS-W121B,Waste Without Overflow SWPW-SS-W121B,Plumbing,PCS,1,35.00
"TOO-NIE-SOC-HAN-1/2""-9MM",Nietz Dr Chrome Socket (12PT)50043009 9MM,Electrical,PCS,3,7.80
WAL-DOW-8401/1S,Wall Lamp (E27X1) 8401/1S,Lighting,SET,5,45.00
WAL-DOW-RX2606/1R,Wall Lamp (E27X1) RX2606/1R,Lighting,SET,5,45.00
DOR-LOC-ALM-2048-3/C5050,SS Armor Mortise Lockset,Doors & Hardware,SETS,5,155.00
ELE-SOL-W2803,Electric Solder Iron,Home Appliances,PCS,4,39.80
INS-IS1216(B),Wall Hung Wash Basin IS1216(B),Bathroom,NOS,1,235.00
LOC-COL-RK504,Colex Key-a-like Anti Cut Padlock RK-504,Locks & Security,SET,2,165.00
NIE-SOC-HAN-DEE-12P-1/2-24MM,Nietz Dr Deep Cr Socket (12PT) 50045024 24MM,Electrical,PCS,1,24.90
SWI-T/SOC-MS3244-1.5M4G,Morries Extension Socket 4G 1.5M W Neon (pink),Electrical,PCS,18,45.90
TAP-CAB-CB65SS-GM,Cabana S/s 304 Basin Cold Tap-gunmetal,Bathroom,PCS,3,65.00
THI-WOR-WK-PT-59908,Worker 350ML Gp Bottle Thinner,Paint & Sundries,TIN,60,5.70
TOO-NIE-SOC-KEY-L14MM,Nietz 1/2 IN Drive Long Allen Bxsocket 50240114 14MM,Power Tools,PCS,2,29.50
VAC-DEC-ROB-BRVA425B00-B1,Black+decker Robovac + Mop Blk,Housewares,UNIT,2,1099.00
BOS-2608-615-232,110MM Diamond Cutting Disc Universal,Abrasives & Cutting,PCS,9,17.90
BOS-2608-900-570,Hex 9 Multi Purpose D/bit 4 X 45 X 90MM,Power Tools,PC,4,12.30
COM-AIR-AB2.5HPOF,Airbank Oil Free Air Compressor 2.5HP 24L,Power Tools,UNIT,1,729.00
ELE-CEI-LIG-6615-22W,6615 3 Colour Ceiling Lamp With I/c Control,Lighting,PCS,2,99.00
ELE-LED-FLO-SOR-300W-6500K,Ilite Solar Spotlite ILS-300W 6500K,Electrical,PCS,2,459.00
LETR-PUNC-50731080,Nietz A-z Letter Punches 8MM 50731080,Signage & Numbering,SET,1,185.00
OIL-MOT-W2T-0.5L,Advance W2T - 0.5L,Automotive,BTL,17,13.90
RAINBOW-R007-1KG,1KG Rainbow Texture Paint R007 Black,Paint & Sundries,BTL,3,37.50
TAP-CAB-CB4905,Cabana Basin Cold Tap CB4905,Bathroom,UNIT,1,215.00
TAP-CAB-CB9108,Cabana Wall-mounted Sink Tap CB9108,Kitchen & Sinks,UNIT,2,96.00
TAP-CAB-CB9112,Cabana Wall-mounted Sink Tap (double),Kitchen & Sinks,UNIT,1,212.00
"TOO-NIE-SOC-HAN-1/2""-19MM",Nietz Dr Chrome Socket (12PT)50043019 19MM,Electrical,PCS,2,10.90
TOO-SHE-PURW822A,Bypass Pruners 175MM,Power Tools,PCS,6,13.80
"TOO-VIC-GLO-5""",Glotool Bench Vice 5,Hand Tools,PCS,1,209.00
TOO-WRE-KPT-220P,Kawasaki Impact Wrench - Kpt - 220P,Power Tools,UNIT(S),1,798.00
WEL-MAC-IWE-MIG-220I,I-weld MIG Welding Machine MIG 220I,Welding,UNIT,1,2198.00
WIN-ROLLER,Sliding Window Roller (2PCS/PAIR),Doors & Hardware,PAIR,140,3.80
BOS-TER-FEMALE-CON-IW-TCF35/50,Terminal Female Connector 35-50,Power Tools,PCS,3,21.40
BOS-TER-MALE-CON-IW-TCM35/50,Terminal Male Connector 35-50,Power Tools,PCS,3,21.50
CUT-TIL-NYL-3.0MM,Tiles Nylon Spacer X200PCS-3.0MM,Abrasives & Cutting,BAG,47,5.10
DC-DQE1200/30L,Oil-free Air Compressor (30L),Power Tools,SET,2,659.00
DOR-LOC-2077SS,Niko SS Door Lock,Doors & Hardware,PCS,31,23.90
"ELE-D/L-SUR-12""-SQU",Senco LED Surface Panel Square 12,Lighting,PCS,5,45.90
ELE-PEN-420-E27-B+G,420 Pendant Lamp Black + Gold,Lighting,PCS,5,72.00
GAS-STO-GK320,Dekka Gas Stove KD320,Kitchen & Sinks,PCS,2,92.90
JQB-SUNWAVE-65W,Jqb Foldable Solar Panel 65W,Power Tools,UNIT,2,499.00
MIR-CBMC66414-WH,Cabana Mirror Cabinet (alum.) CBMC66414-WH,Bathroom,PCS,1,198.00
TAP-BAS-LT8514,Luxtec Basin Pillar Tap K2B-LT8514,Bathroom,PCS,6,31.90
TAP-CAB-CB4930-RG,Cabana Basin Cold Tap Rose Gold,Bathroom,PCS,1,195.00
X-WAT-FIL-4000-ACQUA-KH4K,ACQUA4000,Power Tools,UNIT,1,929.00
BAT-ENE-HD-AA4PCS,Eveready HD Aa 4PC,Electrical,PCK,45,6.90
DC-M1Q-FF-65,Jig Saw / DMQ65,Power Tools,SET,2,398.00
DOR-WOO-NA11,NA11 Solid Door 33 3/4 X 83,Doors & Hardware,PCS,2,375.00
ELE-D/L-PHI-LED-9W/E27-YEL,Philips Essential 9W E27 LED Bulb 3000K,Lighting,PCS,9,15.90
FAS-ANC-PJA-0975,Glotool P. J. Anchor 3/8 X 3,Fasteners & Fixings,BOX,6,87.90
GUN-CAU-GT903,Glotool Caulking Gun 903Y,Fasteners & Fixings,PCS,2,9.90
IND-TRO-BRI-225,Glotool Bricklaying Trowel (2-2) 5,Hand Tools,DOZ,4,46.90
IND-WHE-3IN1-STC-ST-22A,Stc 3IN1 Wheel Barrow-deep (air Wheel),Building Materials,UNIT,20,89.00
PAI-TIG-75MLWHI*,75ML Tiger G. P,Paint & Sundries,PCS,12,8.50
TOO-BOX-NIE-H/D-175,Nietz 175 H/d Duty Tool Box 50523175,Hand Tools,PCS,4,45.90
"X-CHA-SAW-CHAIN-20""","20""M Stihl Chain","Rope, Chain & Netting",PCS,2,79.90
BID-CAB-90SS-DIY,Cab 304 S/s Hand Bidet-matt,Bathroom,PCS,3,59.00
BID-SAN-SBD-304-60075,S600 S/s Spray Bidet Set HOLDER&1.2MM Flexible Hose,Bathroom,PCS,4,45.00
COMPRESSOR-AIRBANK-AB2.5HP,Airbank 2.5HP 24L Air Compressor,Power Tools,UNIT,1,649.00
ELE-CAB-WIR-ML-1.5MM2-BLK,"ML PVC Cable, Black",Electrical,ROLL,9,79.00
ELE-CON-TOO-A86-SIL,Taicon Nut Box Concealtools Iron,Fasteners & Fixings,PCS,12,1.80
ELE-PEN-227/BK-E27,Pendant Lamp Black 227/BK,Lighting,PCS,3,65.00
FAS-SCR-TD665HW-WOOD,12X2.1/2 Self Drill Scrw (250PCS/BOX),Power Tools,BOX,8,67.50
GAR-SPR-TAR-BAT-16LTR,Target Sprayer Electric,Outdoor & Garden,SET,2,299.00
"IND-CAS-SWI-1.5""",1.5 DL5 Tpe 360 Degree Swivel Caster,Fishing & Tackle,PCS,30,9.50
MIR-CBMC66413-BL,Cabana Mirror Cabinet (alum.) CBMC66413-BL,Bathroom,PCS,1,198.00
NIP-ODO-SFT-MATT-5L-T,5L Nippon Odourlite Soft Matt - T,Paint & Sundries,CAN,2,30.90
PYE-CEM-1KG-GREY,PYE Grout GREY-1KG,Chemicals & Adhesives,BAG,13,6.50
SEN-VAC-BRA-DCB35,Blimax Vacuum Diamond Brazed Core Bit,Home Appliances,PCS,2,84.90
VAC-MID-MVC-SC861R,Midea Vacuum Cleaner 600W (red),Chemicals & Adhesives,PCS,6,108.00
WEL-MAC-MAR,Mark-x Super Mini Welding Machine --ARC150,Welding,UNIT,7,329.00
X-BOS-0601-64C-8L0,Gsa Sabre Saw,Power Tools,UNIT,1,849.00
X-CIMA-DL-L/RML65/RND/18W/DL,Cielo Iii 199F 12W L/dl (square / Daylight),Power Tools,SET,56,12.90
DOR-WOO-KY503,KY503 33 3/4 X 83,Doors & Hardware,PCS,2,318.00
ELE-D/L-PHI-LED-9W,Philips Essential 9W E27 LED Bulb 6500K,Lighting,PCS,9,15.90
GAS-STO-BGC-668,Butterfly Epoxy Double Gas Cooker,Chemicals & Adhesives,PCS,6,109.00
GAS-TOR-20032,Multi Purpose Torch,Lighting,PCS,7,25.50
HOO-CAB-CB806-5,Cabana S/steel 5 Robe Hook (satin),Doors & Hardware,UNIT,9,75.00
"IND-CAS-SWI-BRA-1.5""",1.5 DL5 Tpe 360 Degree Swivel Caster W Brakes,Fishing & Tackle,PCS,26,9.80
LAD-ALU-WEL-D09,Alum Welded Ladder - D09,Ladders & Access,UNIT,5,449.00
LOC-SEC-SHE-N50MM,Shenling Top Security Lock 50MM-NEW,Locks & Security,PCS,17,11.90
SAN-SWPW-SS-W81A,Waste With Overflow SWPW-SS-W81A,Plumbing,PCS,1,29.00
SHH-LURE-S359604,Saber Frog Lure 30MM,Fishing & Tackle,PCS,27,7.70
"SHO-CAB-CSH2062-10""",Cabana 10 S/steel Shower Head (round) CSH2062-10,Bathroom,UNIT,1,208.00
SPR-BID-LSSB2110,Leon Bidet Spray Matt Black,Bathroom,PCS,3,61.50
SWI-SOC-ELE-TSGY13,13A Flat Pin Tracks Socket Grey-blue LED (GY13),Lighting,PCS,3,52.90
TAP-CAB-CB9108A,Cabana Wall-mounted Sink Tap CB9108A,Kitchen & Sinks,UNIT,1,96.00
TOO-PLI-COM-GT150,Glotool Combination Plier 6,Hand Tools,PCS,16,8.70
X-ELE-LED-SOL-50W-6500K,Solar Panel + LED Flood Light 50W,Lighting,EA,1,178.00
ADH-TAP-H/D-4229P,24MM X 8M 3M Acyclic Double Side Tape (red),Chemicals & Adhesives,ROLL,13,39.50
ADH-TAP-OPP-B40Y,Glotool Opp Tape 48 MM X 40 Yd (brown),Chemicals & Adhesives,PCS,17,2.80
BOS-1619-P12-159,Flange For Gws 060/1605 703 113,Power Tools,PCS,7,8.20
CUT-DIS-41WA-107X1.0X16-GRN,Cutting Disc (green),Abrasives & Cutting,PCS,1218,1.10
DIS-DIA-DIA-100MM,Glotool Cutting Blade 100MM,Other,PCS,19,6.30
TAP-WALL-I301,Wall Sink Tap I301 Wtc Tic,Kitchen & Sinks,PCS,4,35.90
TOO-PLI-COM-GT175,Glotool Combination Plier 7,Hand Tools,PCS,12,12.50
BBQ-STO-ZC1115,"14""X10 Bbq Stove",Home Appliances,PCS,4,35.90
BOS-1600-A00-D6H,Dust Cup Attachment,Power Tools,PCS,1,53.90
BOS-F016-800-361,Extension Hose For Aqt 35-12/ Aqt 37-13,Electrical,PCS,4,122.00
COC-BAS-L9378,Leon Basin Tap,Bathroom,PCS,6,24.30
ELE-CAB-WIR-ML-1.5MM2-GRE,"ML PVC Cable, Green",Electrical,ROLL,9,79.00
ELE-CEI-LIG-9403/400-3CLR,Ceiling Light 9403-400 3CLR,Lighting,PCS,2,88.00
ELE-HOL-032,Lamp HOLDER-032,Lighting,PCS,24,5.90
NIE-SOC-HAN-DEE-12P-1/2-22MM,Nietz Dr Deep Cr Socket (12PT) 50045022 22MM,Electrical,PCS,1,20.50
SPR-BID-HEA-LUX-LT2020,Luxtec Spray Bidet Set,Bathroom,SET,4,52.50
SWI-SOC-ELE-TSBK13,13A Flat Pin Tracks Socket Black-blue LED (BK13),Lighting,PCS,4,52.90
SWI-SOC-ELE-TSGD13,13A Flat Pin Tracks Socket Gold-blue LED (GD13),Lighting,PCS,4,52.90
TOI-SQU-PAN-C205,C205 Squatting Pan W/foot Rest,Bathroom,PCS,1,179.00
TOO-COM-GLO-06MM,Glotool Combination Wrench 06MM,Hand Tools,PCS,6,3.70
TOO-LEV-W0093D600,Aluminium Level (600MM),Power Tools,PCS,4,22.80
TOO-NIE-ALL-KEY-10MM,Nietz E/long Ball Point Satin Wrch 53252100 10MM,Power Tools,PCS,3,16.50
TRA-SOC-METAL-125503,Taicon 1G 70/0076 Metal Trailing Socket 5M (125503),Electrical,PCS,8,50.90
WOO-PLY-9MM-WTRPROOF,Plywood 4'X8'X9MM Waterproof,Building Materials,PCS,22,72.50
X-BOS-0601-216-1L6,Gsb 10RE Impact Drill Set,Power Tools,UNIT,2,395.00
X-ELE-CEI-LIG-38129-96W,Ceiling Light 38129/96W 3CLR-RD,Lighting,PCS,1,209.00
BOS-2608-600-704,Diamond Blade 2608-600-704,Abrasives & Cutting,PCS,3,48.00
DC-SIM-FF10-100,Angle Grinder / DSM10-100,Power Tools,SET,3,225.00
ELE-LAMP-HOLD-E27-5M,E27 Lamp Holder - 5M X 10 E27,Lighting,PCS,3,48.80
ELE-PEN-8260/3,8260/3 Pendant Lamp (E27X3),Lighting,SET,1,189.00
LAS-MAC-HTM-5500,Hitmax Laser Level Machine (w,Power Tools,SET,2,368.00
NET-SUN-3MX3M-90%,3M X 3M Sunshade Netting (90% Black),"Rope, Chain & Netting",PCS,7,35.90
"PAI-ROL-SET-STA-4""",Stanley 4 Mini Roller (frame+refill),Paint & Sundries,PCS,5,7.90
PAI-SPR-PMT-006,Paint Master Spray Paint - No. 6 Orange Red,Paint & Sundries,DOZ,9,66.90
RAK-2 IN 1,2 IN 1 Rack 1829MM (H)X900MM (L)X350MM (W)X5LVL,Housewares,SET,6,309.00
SAN-SWPW-SS-W81B,Waste Without Overflow SWPW-SS-W81B,Plumbing,PCS,1,28.00
SHO-BID-HAN-V6660,Vip Hand Bidet Hose,Bathroom,PCS,3,51.50
SUMO-SM200WI,Sumo Inverter Gasoline Welder/gene. 6.5HP,Welding,UNIT,1,1748.00
SWI-CON-8.3A-100W,Taicon Power Supply (low Noise) 8.3A 12V 100W,Electrical,PCS,2,33.50
TOO-COM-GLO-28MM,Glotool Combination Wrench 28MM,Hand Tools,PCS,1,26.90
TOO-NIE-ALL-KEY-05.5MM,Nietz E/long Ball Point Satin Wrch 53252055 5.5MM,Power Tools,PCS,5,8.30
WEL-ELE-KOB-RB26-2.6MM,Kobelco Welding Electrode RB26 X 2.6MM,Welding,BOX,1,274.00
DCJZ1202ITD,Cordless Driver Drill Combo Kit /DCJZ1202ITD,Power Tools,SET,2,269.00
GUM-HAR-RS200W-WHT,Acrylic Sealant: Hardex White,Chemicals & Adhesives,PCS,65,5.90
HHD-STO-JYMT-150MM,6 Jayamata Sharpening Stone,Bathroom,PCS,8,16.80
"HHD-STO-SHA-JM140-8""",Jaya Mata Sharpening Stone 8,Bathroom,PCS,5,27.50
HHD-STO-TIG-150MM,6 Sharping Stone (b),Bathroom,PCS,11,9.50
HOS-MAC-WAS-OUT-1.5M,PVC Outlet HOSE-1.5M,Outdoor & Garden,PCS,9,9.90
NET-SUN-3MX4M-90%,3M X 4M Sunshade Netting (90% Black),"Rope, Chain & Netting",PCS,5,48.80
TAR-SHT-TP800-GRE/BLK,Canvas Olive Gre/blk 6'X60YARDS,Building Materials,COIL,4,419.00
TOW-CAR-MIN-AR-4030,Absorbent Rag,Bathroom,DOZ,2,79.90
WEL-ELE-J38.12-2.5MM,Welding Electrode X 2.5MM (BOX),Welding,BOX,2,134.00
X-AMFC-3402,Aimer Pillar Sink Tap,Kitchen & Sinks,PCS,2,99.00
BOS-2608-900-571,Hex 9 Multi Purpose D/bit 5 X 50 X 100MM,Power Tools,PCS,3,13.20
CUT-DIS-KCW-100,Qs Cutting Wheel 4,Abrasives & Cutting,PCS,909,1.20
DOR-LOC-CYL-A600SP,Cavallo Door Lock (v/p) A600SP,Doors & Hardware,PCS,29,18.80
DRI-BIT-2500-80P-PH2,Best PH2 X 80MM Impact Driver Bit,Power Tools,PCS,14,5.50
ELE-LED-SOL-60W-6500K,Solar Panel + Solar Light 60W,Electrical,PCS,4,179.00
FLO-PVC-31612,PVC Flooring No. K35004,Flooring,ROLL,10,164.00
GRA-CUT-SUMO-SM-43N,Sumo Brush Cutter SM43N,Outdoor & Garden,UNIT,1,539.00
NIE-SOC-HAN-DEE-06P-1/2-21MM,Nietz Dr Deep Cr Socket (6PT) 50042021 21MM,Electrical,PCS,1,19.30
PYE-CEM-1KG-WHITE,PYE Grout WHITE-1KG,Chemicals & Adhesives,BAG,11,6.50
SHO-CAB-CSA404,Cabana S/steel Shower Arm 450MM - Satin,Bathroom,PCS,4,37.90
SWI-T/SOC-MS3233-5M3G,Morries Extension Socket 3G 5M W Neon,Electrical,PCS,12,59.50
WEL-ELE-KOB-RB26-3.2MM,Kobelco Welding Electrode RB26 X 3.2MM,Welding,BOX,1,264.00
WEL-ELE-KOB-RB26-4.0MM,Kobelco Welding Electrode RB26 X 4.0MM,Welding,BOX,1,264.00
WEL-MAC-STW-160E,Starweld Welding Machine Acc. Mma 160E,Welding,UNIT,3,369.00
CUT-TIL-NYL-2.5MM,Tiles Nylon Spacer X200PCS-2.5MM,Abrasives & Cutting,BAG,40,4.80
ELE-LED-FLO-100W-6500K,LED Floor Light,Lighting,PCS,3,83.00
FAS-SCR-DS520HOW-BOX,10 X3/4 Lion King Self-drill Scr,Power Tools,BOX,10,49.00
GAS-STO-BU01-013,Butterfly Gas Cooker,Home Appliances,SET,1,159.00
NIE-SOC-HAN-DEE-06P-1/2-19MM,Nietz Dr Deep Cr Socket (6PT) 50042019 19MM,Electrical,PCS,1,17.90
NIE-SOC-HAN-DEE-12P-1/2-19MM,Nietz Dr Deep Cr Socket (12PT) 50045019 19MM,Electrical,PCS,1,18.30
NIP-ODOURLITE-1L-P,1L Nippon Odourlite Soft Matt Pastel Base,Paint & Sundries,CAN,1,51.90
PAI-TIG-250ML-YEL,250ML Tiger G. P Yellow,Paint & Sundries,TIN,6,10.90
TOO-NIE-ALL-KEY-05MM,Nietz E/long Ball Point Satin Wrch 53252050 5MM,Power Tools,PCS,5,7.50
TOO-WRE-AIR-EA-1302,Esko 1/2 Air Impact Wrench,Power Tools,UNIT,2,319.00
WAL-DOW-9168/1W,Wall Lamp (E27X1) 9168-1W,Lighting,PCS,3,59.00
WAL-DOW-9172/1W,Wall Lamp (E27X1) 9172-1W,Lighting,PCS,3,59.00
BOS-1600-A00-F6X,Battery Pack 12V 2.0AH,Electrical,PCS,3,179.00
BOS-2608-572-253,Drill Chuck 13MM,Power Tools,PCS,1,46.90
GUM-BLA-V210,Neutral H/perform Sealant-blk,Chemicals & Adhesives,PCS,24,14.50
HOS-GAR-MARK-X-DB-MTR,Mark-x Garden UV Net Hose 4PLY Dark/blue-mtr,Outdoor & Garden,MTR,71,5.80
IND-WHE-3IN1-STC-ST-22,Stc 3IN1 Wheel Barrow-deep (solid Wheel),Building Materials,UNIT,16,89.00
KGR-ADH-3KG,Kangaroo Brand 505 Super Adhesive 3KG,Chemicals & Adhesives,TIN,9,99.50
LOC-SAN-PB26550MM,Sanlock Pb Pad 50MM,Locks & Security,DOZ,2,124.00
LOC-SEC-SHE-N40MM,Shenling Top Security Lock 40MM-NEW,Locks & Security,PCS,16,10.30
NIE-KEY-BOX-MET-50528020,Nietz Metal Key Box 20,Hand Tools,PCS,2,73.50
PUM-SHOWFOU-GF-100N,Showfou Pump GF-100N,Pumps & Water,UNIT,1,549.00
X-AMFC-3404,Aimer Lavatory Faucet,Power Tools,PCS,7,100.00
X-STA-GL260,Black+decker S Trimmer,Power Tools,UNIT,5,139.00
BAT-CHA-KENDE-SM2024,Kende Battery Charger 24V,Electrical,UNIT,1,635.00
BAT-ENE-HD-AAA4PCS,Eveready HD Aaa 4PC,Electrical,PCK,38,7.50
DC-ZIJ-FF04-13(SET),Electric Impact Drill / DZJ04-13,Power Tools,SET,2,268.00
DOR-LOC-CYL-A600SS,Cavallo Door Lock (v/p) A600SS,Doors & Hardware,PCS,27,18.80
FIT-BUT-END-PLUG-20MM,Buteline 20MM PE Pipe End Plug,Plumbing,PCS,31,1.50
FRE-MID-MD-RC207FZB01,Midea Chest FREEZER-142L MD-RC207FZB01,Other,PCS,2,718.00
GUM-HAR-RS800,Bonding Nail Hardex,Fasteners & Fixings,PCS,45,10.50
HOS-NET-MIK-25MM,Mikasa Net Hose - 25MM X 50M,Outdoor & Garden,COIL,6,149.00
IND-TRO-BRI-236,Glotool Bricklaying Trowel (2-3) 6,Hand Tools,DOZ,3,47.90
LETR-PUNC-50731060,Nietz A-z Letter Punches 6MM 50731060,Signage & Numbering,SET,1,129.00
NIE-SOC-HAN-DEE-12P-1/2-17MM,Nietz Dr Deep Cr Socket (12PT) 50045017 17MM,Electrical,PCS,1,17.90
NIP-EAS-5874-7L,7L Easycoat Emulsion 5874 Oyster Grey,Paint & Sundries,CAN,1,59.50
PVC-SPONGE-MATE-CX1200,"48""X66 PVC Sponge Mat",Packaging,PCS,69,18.80
SIN-CAV-CA819,S/s Laundry Sink,Kitchen & Sinks,PCS,1,185.00
TOO-DRV-BLI-IMP-4(-),"Blimax Impact Screw DRIVER-4""X6MM (-)",Power Tools,PCS,10,7.30
"TOO-DRV-STA-PH2-1/4""X06""-9960651690","Cushion Grip S/dr PHILIPS-1/4""X6""X2PT ( 2X150MM)",Power Tools,PCS,30,13.20
TOO-LEV-W0093B400,Aluminium Level (400MM),Power Tools,PCS,4,18.90
TOO-NIE-SOC-KEY-L08MM,Nietz 1/2 IN Drive Long Allen Bxsocket 50240108 8MM,Power Tools,PCS,2,22.00
X-LOC-SGD-PL300-60MM-4PCS,60MM St. Guchi Armoured Padlock KA-4PCS PL300,Locks & Security,SETS,1,289.00
ADH-TAP-WIR-SINO-24X20,Sino PVC Tape,Chemicals & Adhesives,ROLL,106,3.30
BOS-1600-A01-03S,Keyless Chuck For Gsr 120 (c),Power Tools,PCS,1,79.00
ELE-CAB-WIR-ML-2.5MM-GRE,ML PVC Cable Green,Electrical,ROLL,5,129.00
NIE-JOI-UNI-12MM,Nietz Dr Universal Joint 1/2 50046840,Hand Tools,PCS,4,27.50
SINK-TAP-K2B-LT8516H,Luxtec Flexible Hose Wall Sink Tap,Kitchen & Sinks,PCS,3,47.90
TAP-PRE-TK-3016Q,Premio: Pillar Sink Tap TK-3016Q,Kitchen & Sinks,PCS,1,149.00
TOO-DRI-SET-WK-PWT-5502,Worker 12V Cordless Drill,Power Tools,SET,4,169.00
TOPLUS-HIG-GLO-5L-B,5L Toplus High Gloss B Base,Paint & Sundries,CAN,10,88.90
TOPLUS-HIG-GLO-5L-D,5L Toplus High Gloss D Base,Paint & Sundries,CAN,8,109.00
WEL-ELE-KOB-LB52-4.0MM,Kobelco Welding Electrode LB52 X 4.0MM,Welding,PCK,1,65.90
BOS-2608-603-729,Diamond Blade For Tile,Abrasives & Cutting,PCS,4,28.80
COM-AIR-ACO-AC24L,Air Fighter/ouwenbull 2.5HP 24L Air Compressor,Power Tools,UNIT,1,569.00
FAN-WAL-OS-16WF,Osaki 16 Wall Fan,Fans & Ventilation,SET,7,195.00
FAS-ANC-PJA-0866,Glotool P. J. Anchor 5/16 X 2-5/8,Fasteners & Fixings,BOX,6,64.90
FAS-SCR-DS525HW-MET,10 X 1 Self Drill Screw (500PCS/BOX),Power Tools,BOX,6,67.90
HHD-TOI-SQU-SIPHON,Square PVC Cistern Siphon,Bathroom,PCS,80,14.90
LETR-PUNC-50731050,Nietz A-z Letter Punches 5MM 50731050,Signage & Numbering,SET,1,128.00
PAI-BRU-730-50MM,T&t Paint 2,Paint & Sundries,PCS,58,8.30
PAI-ROL-REF-T6010,10 Tech-klon Roller Refill,Paint & Sundries,PCS,29,13.90
SWI-T/SOC-MS3244-3-3M4G,Morries Extension Socket 4G 3M W Neon (blue),Electrical,PCS,12,52.90
"TOO-NIE-SOC-HAN-1/2""-11MM",Nietz Dr Chrome Socket (12PT)50043011 11MM,Electrical,PCS,2,7.80
TOO-PLI-LOC-GT250,Glotool Locking Plier 10,Hand Tools,PCS,8,15.80
"TOO-PLI-LOS-NOS-GT8""",Glotool Long Nose Plier 8,Hand Tools,PCS,9,11.90
X-ELE-CEI-LIG-1721/1-32PCS,1721/1 L/ceiling Lamp With I/c Control,Lighting,PCS,1,288.00
X-ELE-CEI-LIG-1721/2-32PCS,1721/2 L/ceiling Lamp With I/c Control,Lighting,PCS,1,288.00
BUT-NUL-ANC-METAL-MB0830,Metal Butterfly Anchor (10PCS/PCK),Fasteners & Fixings,PCK,10,2.20
DC-DCJZ2050IDE,Cordless Brushless Driver/hammer Drill 20V (2.0AH X2/2A) / DCJZ2050I,Power Tools,SET,1,559.00
FAN-WAL-HOOK-31183,Wall Fan Bracket,Fans & Ventilation,PCS,32,4.00
FAS-SCR-ZPH-DSMHO525-BOX-500PCS,Sr Zph Self Drilling Screw (500PCS/BOX) DSM-HO525,Fasteners & Fixings,BOX,10,59.00
"GLA-4MMX6""X24""","6""X24""X4MM Figured Glass",Building Materials,PCS,192,4.90
GUM-PVC-OCI-100G,Sr Oci PVC Gum 100G,Chemicals & Adhesives,TIN,79,7.20
KGR-PAI-ROA-LIN-3103,5L Kangaroo Road Line Marking Pai,Paint & Sundries,TIN,4,118.00
SWI-T/SOC-MS3255-3-3M5G,Morries Extension Socket 5G 3M W Neon (blue),Electrical,PCS,11,56.90
TOO-CHI-WOO-GT012,Glotool Wood Chisel 1/2,Hand Tools,PCS,12,8.50
TOO-LEV-W0093A300,Aluminium Level (300MM),Power Tools,PCS,4,16.90
TRA-SOC-METAL-125504,Taicon 1G 70/0076 Metal Trailing Socket 8M (125504),Electrical,PCS,5,63.50
VAL-SAN-SW-SS-AV-78,Saniware Angle Valve-blue,Plumbing,PCS,1,18.00
BLO-GWC1820PCF,Black+decker Power Boost Blower 18V,Power Tools,UNIT,1,459.00
BOS-1619-PC0-389,Carbon Brush Gsb 600 (c),Power Tools,PCS,4,10.90
BOS-2608-600-272,7 Cutting Disc,Abrasives & Cutting,PCS,14,6.90
DC-DCPL208AM,Cordless Brushless Impact Drive 20V (2.0AH X2/2A),Power Tools,SET,1,529.00
DC-Z1J-FF02-13,Electric Impact Drill / DZJ02-13,Power Tools,SET,3,179.00
ELE-SOL-W0301C,Ex Heat Electric Solder Iron 60W,Home Appliances,PCS,4,26.50
GUN-TRA-ST64,Meite H/duty Pneumatic,Power Tools,PCS,1,549.00
HOS-GAR-ORA-GREENLAND-16MMX30M,Garden Hose - Gre/blk 2LAYER 16MMX3.0MMX30M,Outdoor & Garden,ROLL,5,105.00
"IND-CAS-SWI-1.25""",1.25 DL5 Tpe 360 Degree Swivel Caster,Fishing & Tackle,PCS,22,8.80
LOC-SAN-PB26332MM,Sanlock Pb Pad 32MM,Locks & Security,DOZ,3,72.90
MIR-CAB-CBM1030,Cabana Mirror (black),Bathroom,UNIT,1,149.00
MIR-CAB-CBM105-BL,Cabana Mirror CBM105-BL,Bathroom,PCS,1,149.00
SIN-MUD-8048,Double Bowl (8048) (L800MM X X D250MM),Kitchen & Sinks,SET,1,198.00
TOO-CHI-WOO-GT025,Glotool Wood Chisel 1,Hand Tools,PCS,10,10.90
"TOO-DRV-BLI-IMP-4""(+)","Blimax Impact Screw DRIVER-4""X6MM (+)",Power Tools,DOZ,1,74.90
"TOO-NIE-SOC-HAN-1/2""-27MM",Nietz Dr Chrome Socket (12PT)50043027 27MM,Electrical,PCS,1,16.90
TOO-PLI-JOI-WNS506E,Slip Joint Pliers 150MM,Power Tools,PCS,5,11.20
"TOO-VIC-GLO-4""",Glotool Bench Vice 4,Hand Tools,PCS,1,145.00
"IND-CAS-SWI-BRA-1.25""",1.25 DL5 Tpe 360 Degree Swivel Caster W Brakes,Fishing & Tackle,PCS,19,9.50
KGR-REM-PAI-500ML,910 Kangaroo Paint Remover,Paint & Sundries,TIN,18,24.50
KOYA-GLU-5508,Koya White Glue - 500ML (P-5508),Chemicals & Adhesives,PCS,25,13.90
LETR-PUNC-50731040,Nietz A-z Letter Punches 4MM 50731040,Signage & Numbering,SET,1,108.00
NIE-SOC-HAN-DEE-12P-1/2-11MM,Nietz Dr Deep Cr Socket (12PT) 50045011 11MM,Electrical,PCS,1,16.20
TAP-PIL-JOPEX-QSTP01W,Jopex Pillar Sink,Kitchen & Sinks,PCS,4,23.90
TAP-SINK-QXY-AT-5045,QXY-AT-5045: Arc / Wall Sink Tap,Kitchen & Sinks,PCS,1,135.00
TOI-PUS-BOT-CJPB5000,38MM Single Push Button,Bathroom,PCS,8,12.80
"TOO-NIE-SOC-HAN-1/2""-26MM",Nietz Dr Chrome Socket (12PT)50043026 26MM,Electrical,PCS,1,16.50
TOO-PLI-PUMW5012,Water Pump Pliers 300MM,Pumps & Water,PCS,2,31.50
TOO-WRE-PIP-A1200MM,Glotool Pipe Wrench American Type 48,Hand Tools,PCS,1,135.00
TOW-CON-MIN66A52,13 X30 Cotton Face Towel (37G) -min (PCS),Bathroom,PCS,24,4.30
X-TAB-LAM-016TL-WH,Table Lamp 016-WH,Lighting,PCS,2,69.90
BOS-1617-000-525,Carbon Brush Gbh 2-26 Dre/dfr,Power Tools,SET,2,18.50
CIMA-2933/2,2933-2 L/ceiling Lamp (32W DL)+(32W Ww) W Ic Control,Lighting,SET,10,142.00
DC-DSM17-100B,Angle Grinder / DSM17-100B,Power Tools,SET,2,229.00
DC-DVC12,12L Vacuum Cleaner (1200W),Chemicals & Adhesives,SET,2,238.00
FLO-PVC-NO-11118,PVC Flooring No. K11118,Flooring,ROLL,8,164.00
HOS-GAR-ORA-GREENLAND,Mark-x Single Layer Hose Orange 16MMX2MMX10M,Outdoor & Garden,ROLL,20,21.90
IND-FIL-2.4KG,Worker PVC Stretch Film,Building Materials,ROLL,28,40.90
LOC-SGD-HL99-50MM,Hard Anti Cut Padlock,Locks & Security,PCS,42,32.00
OIL-MOT-4T-AX3 40-1L,Advance 4T AX3 40 (sf) - 1L,Automotive,BTL,42,22.90
PAI-HAN-CRI-4M,4M Cristin Telescope,Paint & Sundries,PCS,13,54.90
PYE-WOO-VAR-4L,PYE Wood VARNISH-4LITRE,Paint & Sundries,TIN,4,108.00
SWI-CON-TC-10506,Taicon Power Supply (low Noise) 16.6A 12V 200W,Electrical,PCS,1,49.50
"TOO-DRV-BLI-IMP-6""(-)","Blimax Impact Screw DRIVER-6""X6MM (-)",Power Tools,PCS,8,7.60
TOO-FIL-BCC-4.8200MM,Bahco Chain Saw File 168-8-4.8-3P 3/161IN (CARD),Hand Tools,CARD,10,20.90
VAC-MID-MVC-V18K-BG,Midea Bagless Canister Vacuum Cleaner 1800W Black,Chemicals & Adhesives,PCS,2,239.00
"ACE-HAM-ANC-1/4' X 1 1/2""",Ace Hammer Drive Anchor 640 1/4 X 1 1/2 (10PCS/PCK) (BOX),Hand Tools,BOX,2,99.90
ADH-ELE-3G,X'traseal Super Glue (economy PACK)3GX12 (DOZ),Chemicals & Adhesives,DOZ,24,18.50
BAT-CHA-20A-12/24V,20A Battery Charger,Electrical,UNIT,2,235.00
"BBQ-IEM-PRE-2250CB-22""",Iemseb Premium 22 Kettle Grill Charcoal Bbq Set,Home Appliances,UNIT,2,798.00
BRU-HAN-GLO-462091,Glotool 462091-3008 H/brush - Brass,Other,PCS,19,5.70
DC-M1B-FF-82X1,Electric Planer,Power Tools,SET,2,235.00
"DL5SS-HOS-NIPP-1/2""X12MM",DL5 Hose Nipple 1/2 X 12MM,Outdoor & Garden,PCS,7,8.20
GAS-BUT-GT230G,Glogas Butane Gas Cartridge,Home Appliances,CAN,257,4.90
LET-BOX-S/S-FX-918,S/steel Letter Box (FX-918),Doors & Hardware,UNIT,2,238.00
SHH-BLK-HOSE-9MMX2MM-S-9MTR/PCKT,Black Hose (9MMX2MM),Outdoor & Garden,MTR,9,49.90
SWI-SOC-ELE-TSB913,13A Universal Track Socket Blue-red LED (B913),Lighting,PCS,2,52.90
SWI-SOC-ELE-TSBL13,13A Flat Pin Tracks Socket Blue-red LED (BL13),Lighting,PCS,2,52.90
SWI-SOC-ELE-TSR13,13A Flat Pin Tracks Socket Red-blue LED (R13),Lighting,PCS,2,52.90
TAP-CAB-CB65SS-BL,Cab Basin Cold Tap-matt Blk,Bathroom,PCS,2,59.00
TOO-COM-GLO-07MM,Glotool Combination Wrench 07MM,Hand Tools,PCS,4,3.90
TOO-WRE-ADJ-GT300,Glotool Adjustable Wrench 12,Hand Tools,PCS,6,19.90
TOO-WRE-KPT-14SHM,Kawasaki Impact Wrench - Kpt,Power Tools,UNIT(S),1,469.00
WOO-PLY-5.2MM,Plywood 5.2MM X 4 X 8,Building Materials,PCS,46,39.50
WOR-CUT-WK-PWT-5510,Worker 1200W 4 Cutting,Power Tools,UNIT,3,198.00
ADH-TAP-FIB-GLO,Glotool Fibre Glass Tape 50MM X 70M,Building Materials,ROLL,10,9.50
BAT-ENE-SHD-C2PC,Eveready Shd C 2 Pc,Electrical,PCS,28,6.80
BOS-1619-P20-086,Carbon Brush For Gbm 350,Power Tools,SET,3,10.90
BOS-2608-603-309,Diamond Cutting Blade Segmented,Power Tools,PCS,1,32.50
DRI-BIT-2500-36P-PH2,Best PH2 X 36MM Impact Driver Bit,Power Tools,PCS,14,3.90
ELE-CEI-LIG-2847/2WH,L/ceiling Lamp,Lighting,SET,1,159.00
GAR-HOE-RED-IND-3551C-2.5LBS,2 - Red Indian Hoe Head,Outdoor & Garden,PCS,9,39.50
LOC-SEC-SHE-N60MM,Shenling Top Security Lock 60MM-NEW,Locks & Security,PCS,10,13.30
PYE-WOO-VAR-250ML,PYE Wood VARNISH-250ML,Paint & Sundries,TIN,4,13.50
SHO-CAB-CSH28211,"Cabana ABS Rain Shower Head (200X200-8"")",Bathroom,UNIT,1,117.00
TAP-WAL-JOPEX-QSTW01W,Jopex Sink Tap,Kitchen & Sinks,PCS,4,24.80
TOO-WRE-ADJW375,Adjustable Wrench 375MM,Hand Tools,PCS,2,97.50
X-ELE-CEI-LIG-3011/96W 3CLR,Ceiling Light 3CLR 3011-96W,Lighting,PCS,1,149.00
BOX-ICE-200LTR,Insulated Ice Box (ks) 200LTR,Housewares,PCS,3,429.00
FIT-BUT-ELB-25X20MM,Buteline 25 X 20MM PE Elbow,Plumbing,PCS,46,5.20
GLO-RUB-ELE-BLA,Elephant Rubber Hand Gloves,Safety & Workwear,DOZ,2,56.90
GRA-CUT-BLA-GCB-1490SS,S/steel Grass Cutter Blade - 14,Outdoor & Garden,PCS,17,23.90
"GRA-CUT-LIN-TEETH-12""","Trimmer Line (12"")-TEETH",Outdoor & Garden,PCS,21,15.30
LOC-SAN-PB26225MM,Sanlock Pb Pad 25MM,Locks & Security,DOZ,3,63.90
RAK-2 IN1-B400W,2 IN 1 (90WX350DX180H),Housewares,SET,6,209.00
ROO-GUT-WH-G100-5.8M,Middy: G100 X 5.8M Gutter (white),Building Materials,PCS,11,109.00
SWI-T/SOC-MS3244-5-5M4G,Morries Extension Socket 4G 5M W Neon,Electrical,PCS,8,64.90
TOO-WRE-ADJ-GT200,Glotool Adjustable Wrench 8,Hand Tools,PCS,8,11.90
WEL-ELE-KOB-LB52-2.6MM,Kobelco Welding Electrode LB52 X 2.6MM,Welding,PCK,2,77.50
WEL-ELE-NSW-308L-3.2MM,Nihonweld Electrode X 3.2MM,Welding,KGS,4,34.00
BOA-GYP-06MM,4 X 8 X 6.0MM Prima Flat Sheet,Building Materials,PCS,32,49.90
BOX-ICE-60LTR,Insulated Ice Box (ks) 60LTR,Housewares,PCS,4,319.00
"CHA-SAW-CHAIN-3652-25""","25""M Stihl Chain (3652)","Rope, Chain & Netting",PCS,1,88.00
"CHA-SAW-CHAIN-381-25""","381 25""R Stihl Chain","Rope, Chain & Netting",PCS,1,88.00
ELE-CAB-PVC-4.00MM-RED-MTR,Ktk PVC Cable Red 100M -mtr,Electrical,MTR,143,4.00
PAI-HAN-CRI-3M,3M Cristin Telescope,Paint & Sundries,PCS,14,42.90
SHO-CAB-CSA300AA,Cabana Shower Arm (20X1.0X300MM),Bathroom,UNIT,2,57.00
SHO-CAB-CSH7012,Cabana ABS Rain Shower (200MM),Bathroom,UNIT,1,110.00
TAP-CAB-CB5109A,Cabana Pillar-mounted Sink Tap CB5109A,Kitchen & Sinks,UNIT,1,108.00
TAP-CAB-CB9109A,Cabana Pillar-mounted Sink Tap CB9109A,Kitchen & Sinks,UNIT,1,108.00
BOA-GYP-04.5MM,4 X 8 X 4.5MM Prima Flat Sheet,Building Materials,PCS,41,39.50
BOS-2608-634-505,Jigsaw Blade T118AF,Power Tool Accessories,PCS,1,11.70
DC-DCJZ2060iAM,Cordless Brushless Driver/hammer Drill 20V (2.0AH X2/2A) / DCJZ2060IAM,Power Tools,SET,1,498.00
HOO-CAB-CB807-3,Cabana S/steel 3 Robe Hook (satin),Doors & Hardware,UNIT,8,46.00
IND-TRO-PLA-STE-99999,"Blue Steel Cement Trowel 4 1/2""X11 1.0MM",Hand Tools,PCS,84,10.50
JQB-SUNWAVE-110W,Jqb Foldable Solar Panel 110W,Power Tools,UNIT,1,699.00
LAD-H/D-STRO-DS10,Strongman D/s H/d Ladder DSHD10 10STEP,Ladders & Access,UNIT,2,659.00
MKX-2021-BRUS-3IN1,Mark-x Brushless 3 IN 1 Combination Set,Other,SET,1,1299.00
NUM-PUNC-50730050,Nietz 0-9 Number Punches 5MM 5730050,Signage & Numbering,SET,2,47.50
RAINBOW-R007-500GM,Rainbow Texture Paint R007 Black,Paint & Sundries,BTL,3,19.90
SIN-CLE-DRA-H/D-3.2M,Heavy Duty Pipe Cleaner 3.2M,Chemicals & Adhesives,PCS,3,18.80
SOC-EMPTY-TAI-5G-LO6200,Taicon 5G Trailing Socket Neon-empty (5000),Electrical,PCS,10,23.90
SUMO-VAC-CLE-SM-1600,Sumo Vacuum Cleaner (20L),Chemicals & Adhesives,UNIT,3,269.00
THI-KOYA-622,Gold Pyramid 2KG Thinner,Paint & Sundries,TIN,19,29.90
"TOO-CHI-NIE-5""",Nietz Centre Punch 120MM 551-84-412,Power Tools,PCS,4,6.80
TOO-NIE-ALL-KEY-03MM,Nietz E/long Ball Point Satin Wrch 53252030 3MM,Power Tools,PCS,5,5.50
WEL-MAC-FIG-MMA200,Fighter Inverter Welding Machine 200A,Welding,UNIT,3,639.00
WEL-MAC-STA-MIG160,Starweld Skill Welding Machine 1KG Acc,Welding,UNIT,2,579.00
ADH-TAP-DOU-M12,3M Scotch Double-sided Mountng Tape (12MMX7M)12/48,Chemicals & Adhesives,ROLL,11,28.50
BOS-1619-P09-252,Ggs 3000L Straight Grinder (nut Only),Power Tools,PCS,1,30.00
BOS-2608-680-796,Multi Purpose D/bit 10 X 80 X 120MM,Power Tools,PCS,2,17.50
CHE-LUB-HD4D-400ML,4D Penetrant/lubricant Spray: HD440/400ML,Chemicals & Adhesives,TIN,22,12.90
DOR-HAN-DK063-NA-R,Dekko Na-r Casement Handle,Doors & Hardware,PCS,39,6.50
ELE-CAB-VDE-WHI,Taicon 23/0.15 X 2 Core Vde Cable - White,Electrical,MTR,59,1.50
GAR-SPR-CRO-KNA-C16L,C16L Crown Knapsack Sprayer,Outdoor & Garden,UNIT,2,165.00
GUM-PVC-V-TECH-500GM,V-tech PVC Glue,Chemicals & Adhesives,CAN,20,14.80
TOO-BOX-NIE-H/D-178,Nietz 178 H/d Duty Tool Box W 2 Organizer,Hand Tools,PCS,2,49.00
TOW-VAGO-V8801,Vago Double Towel Bracket,Bathroom,SET,5,16.70
DC-DQU08-160,Electric Mixer (1400W),Power Tools,SET,1,449.00
"DL5SS-HOS-NIPP-1/2""X14MM",DL5 Hose Nipple 1/2 X 14MM,Outdoor & Garden,PCS,6,8.30
DUC-HOS-D-011,Alum Ducting Hose,Outdoor & Garden,PCS,4,89.90
FAN-ACC-SPI,Spinner 12/16 Auto Fan (khind),Fans & Ventilation,PCS,1,6.50
FAN-TAB-KDK-KB-404,Kdk Table Fan 16,Fans & Ventilation,PCS,5,189.00
GAS-ROL-CLH GAS007,4 Wheels Premium Gas Tank Stand W/roller,Home Appliances,PCS,2,53.90
HOL-SET-BUL-SYLVIA-12V,Sylvia/fle E27 12V DC 15W LED Bulb Holder Set (5M),Lighting,SET,3,27.90
HOS-SPA-RIN-C111,C111 Spare O-ring For Sink Tap,Kitchen & Sinks,PKT,36,2.20
IND-TRO-BRI-235,Glotool Bricklaying Trowel (2-3) 5,Hand Tools,DOZ,2,49.90
LAD-H/D-STRO-DS09,Strongman D/s H/d Ladder DSHD09 9STEP,Ladders & Access,UNIT,2,599.00
SCA-NAK-ACS30-JC31D-30KG,Nakuho-price Computing Scale,Housewares,PCS,4,289.00
TIE-CAB-WHI-8MMX250MM,"White PVC Cable Ties (10"")",Electrical,PCK,25,14.30
TOO-BOS-HAMM-BRH616,Bossman 20V Brushless Rotary Hammer (BRH616),Power Tools,SET,1,439.00
TOO-CHI-WOO-GT009,Glotool Wood Chisel 3/8,Hand Tools,PCS,9,8.50
TOO-COM-GLO-10MM,Glotool Combination Wrench 10MM,Hand Tools,PCS,3,4.50
TOO-PLI-CIR-GTIS150,Glotool Circlip Plier - Int Straight,Hand Tools,PCS,7,11.90
"TOO-PLI-LOS-NOS-GT6""",Glotool Long Nose Plier 6,Hand Tools,PCS,9,8.90
BOS-1.6MM-T/ELECTRODE,1.6MM Tungsten Electrode,Welding,PCS,15,5.40
BOS-2609-120-398,Carbon Brush Gho 6500,Power Tools,SET,1,29.00
CIMA-DL-L-SC40F-12W-DL,Senco 4 Square LED Panel Light Iron (dob) 12W,Home Appliances,SET,5,16.50
COC-BAS-SSS-L233,Leon Sus 304 S/steel Basin TAP-L233,Bathroom,PCS,1,119.00
DC-DZC03-28,28MM Electric Rotary Hammer,Power Tools,SET,1,418.00
GAR-SIC-D0601,Samlee Fruit Sickle,Outdoor & Garden,PCS,19,14.90
"HHD-STO-JM199-7""",7 Sharpening Stone,Bathroom,PCS,10,6.90
HHD-STO-TIG-200MM,8 Sharping Stone (b),Bathroom,PCS,6,11.20
SIN-TAP-TWINS-LUX-LT8550B,Luxtec Twins Spout Pillar Sink Tap,Kitchen & Sinks,PCS,1,119.00
SWI-SOC-SUM-MS-S113,D'ner 13A 1G M/clad S/skt (sr),Electrical,PCS,25,13.50
SWI-T/SOC-3540B-5M3G,3G Extension Socket Sp,Electrical,SET,12,31.90
TAP-BASIN-I601B,Pillar Basin Tap Katana Wtc Tic,Bathroom,PCS,3,27.90
TAP-CAB-CB5108,Cabana Wall-mounted Sink Tap CB5108,Kitchen & Sinks,UNIT,1,96.00
TOW-CAB-CB553-26,Cabana S/steel Towel BAR 26 (satin),Bathroom,UNIT,1,105.00
CHE-GRE-HD600-400ML,Spray Grease : Hardex 400ML,Chemicals & Adhesives,TIN,15,16.90
DC-Q1B-FF-2000,Heat Gun / DQB2000,Power Tools,SET,3,129.00
GAS-STO-BTG-2M,Butterfly Double Table Glass Gas Cooker (green Edges),Building Materials,PCS,4,280.00
GLO-HAN-PVC-DOTS,Cotton Glove W/side PVC Dots (DOZ),Safety & Workwear,DOZ,4,23.90
IND-SCO-METAL-S501MH,Scoop Metal Handle S501MH,Doors & Hardware,DOZ,2,179.00
KGR-ADH-0100ML,Kangaroo Brand 505 Super Adhesive 100ML,Chemicals & Adhesives,TIN,68,7.50
KGR-OXI-57A1LIT,Stove Brand 57A Black Oxide Paint 1 Litre,Paint & Sundries,TIN,22,27.90
MAT-GRASS-CN-PGM-2MX25M-FTS,2M X 25M Plastic Grass Mat Cn,Other,ROLL,1,1039.00
PAI-DUS-22L-GHO2813,22L Step Dustbin,Housewares,SET,3,49.50
X-TOO-DRI-SET-MKX-2018-12V,Mark-x 12V Cordless Drill (MKX-2018),Power Tools,SET,2,209.00
ADH-TAP-SEA-G707,G707 Seal Tape,Chemicals & Adhesives,PCS,204,1.50
BOS-1619-P02-870,Carbon Brush Gws 7-100,Power Tools,SET,2,16.20
CUT-SICKLE-JM22W,Sickle Harvesting Palm WHITE30,Outdoor & Garden,PCS,4,69.90
DC-DCQF32DM-02V,Cordless Brushless Blower 20V (4.0AH X1/4A),Power Tools,SET,1,379.00
LAD-ALU-WEL-D08,Alum Welded Ladder - D08,Ladders & Access,UNIT,3,399.00
LAD-ALU-WEL-D12,Alum Welded Ladder - D12,Ladders & Access,UNIT,2,569.00
SPR-BID-HEA-2078H,Chrome Bidet Head Only,Bathroom,PCS,5,14.20
"ADH-OPP-CLE-1""X40YD",Neways/kramo Tape Opp Clear 1 X 40YD,Chemicals & Adhesives,PCS,141,2.10
DC-Q1F-FF-32,Blower Vacuum,Power Tools,SET,2,188.00
HOS-CON-STO-40200016,"Ecogreen Hose Quick Con. Wtr S. EG4110-1/2""-5/8",Outdoor & Garden,PCS,45,5.90
IND-TRO-PLA-STE-BM99999,"Blue Steel Plastering Trowel 4""X11",Hand Tools,PCS,78,10.90
KOYA-GRE-P525-1/2KG,Koya Heavy Grease,Chemicals & Adhesives,TIN,18,11.50
RIG-SHA-BOW-G209-16MM,Pin Type Bow Shackle (G209) 16 MM,Lifting & Rigging,PCS,14,9.50
TOO-PLI-COM-GT200,Glotool Combination Plier 8,Hand Tools,PCS,6,13.50
TOO-PLI-DIA-GT175,Glotool Diagonal Plier 7,Hand Tools,PCS,6,11.20
ADH-GLU-PE300GM,300GM E P Glue,Chemicals & Adhesives,SET,7,41.90
ADH-TAP-VIP-1215,PTFE Thread Seal Tape VIP-1215,Chemicals & Adhesives,PCS,236,1.00
BRO-FLO-NYL-6665C,Nylon Soft Broom With Handle,Doors & Hardware,PCS,21,9.90
CHE-LUB-HD4D-120ML,4D Penetrant/lubricant Spray: HD412/120ML,Chemicals & Adhesives,TIN,31,6.90
COC-BIB-SZW-12MM,Saniware Wall Bib Tap,Plumbing,EA,11,14.20
"CUT-BLA-M'MAN-F3X4""",M'man Diamond Blade - F3X4,Abrasives & Cutting,PCS,44,15.90
"CUT-SAW-STA-FIB-20""",Plastic Handle Handsaw-crosscut (20 X 7T/8PT),Doors & Hardware,PCS,6,39.50
CUT-TUR-BWM-100MM,Glotool 100MM Turbo Granite Wheel Bwms,Abrasives & Cutting,PCS,4,16.50
FAS-SCR-TECH-WOOD-65MM-BOX,Techscrew-wood Screw X 65MM (200PCS/BOX),Fasteners & Fixings,BOX,13,23.90
LAD-ALU-WORKER-DS07,Worker DS07 D/side Alum. Ladder (LDD07-MF),Ladders & Access,UNIT,4,278.00
LET-BOX-HW309,0339 Metal Letter Box (321X218X80MM),Doors & Hardware,PCS,4,85.00
PAI-HAN-CRI-2M,2M Cristin Telescope,Paint & Sundries,PCS,14,32.90
PAI-SPR-PMT-022,Paint Master Spray Paint - No. 22 Medium Grey,Paint & Sundries,DOZ,5,66.90
PAI-SPR-PMT-036,Paint Master Spray Paint - No. 36 Silver,Paint & Sundries,DOZ,5,66.90
SIN-CLE-DRA-H/D-5M,Heavy Duty Pipe Cleaner 5.0M,Chemicals & Adhesives,PCS,2,22.50
STI-BRU-CUT-DEF,Deflector Brush Cutter,Outdoor & Garden,PCS,2,14.00
STIHL-0781-319-8401,Engine Oil 100ML,Automotive,BOT,11,8.20
TOW-CON-MIN96,Cotton Face Towel (37G),Bathroom,PCS,33,2.00
BIB-TAP-CLN-AB7122,Nietz Long Bib Tap 7122,Plumbing,PCS,7,29.90
DC-J1G-FF02-355,Electric Cut Off Machine,Power Tools,SET,1,558.00
DC-ZIC-FF05-26B,Hammer Drill / DZC05-26B,Power Tools,SET,1,338.00
ELE-NIG-LIG-MX132L(W),ML E27 LED 3IN1 Night Light (white),Lighting,SET,5,11.20
FAS-SCR-TECH-METAL-25MM-BOX,Techscrew-metal Screw X 25MM (500PCS/BOX),Fasteners & Fixings,BOX,10,33.90
GAR-HOE-CRO-2.5LB,Crocodile Hoe,Outdoor & Garden,PCS,12,21.90
GAR-HOE-CRO-CHI-2.5LB,Chillington Crocodile Hoe,Outdoor & Garden,PCS,6,47.90
GLO-CLO-HAN-THAI-LONG,Thai Colour Gloves (long),Safety & Workwear,PAIR,13,4.50
GRA-CUT-LIN-3MM1LB,Grass Cutter Line 3MM X 1LBS,Outdoor & Garden,PCK,13,21.90
GUM-HAR-5MIN,Metal Expoxy Hardex 5 Min HE-5,Chemicals & Adhesives,SET,23,9.90
HHD-TOI-COV-WHI,Toilet Seat Cover:l/d PVC White Full,Bathroom,SET,66,12.90
IND-VEN-AIR-12'',Airbank 12 Industrial Ventilator,Fans & Ventilation,UNIT,2,478.00
LAM-TUN-9174-GRE,Tungsram 150W Green,Lighting,PCS,13,11.32
LOC-SEC-SHE-N30MM,Shenling Top Security Lock 30MM-NEW,Locks & Security,PCS,11,8.90
SWI-SOC-ALM-MK-G2946,Mk Alm 13A X 2 M/c S/socket,Electrical,EA,7,49.50
TOO-NIE-PLU-COU-40PH,Nietz Quick Coupler Plug 40PH,Electrical,PCS,1,9.50
TOPLUS-HIG-GLO-5L-A,5L Toplus High Gloss A Base,Paint & Sundries,CAN,5,85.90
BOS-2607-017-335,Screwdriver Bit Set,Power Tool Accessories,PKG,3,75.50
BOS-2608-600-264,7 Grinding Disc,Abrasives & Cutting,PCS,9,6.20
"CUT-SAW-STA-FIB-18""",Plastic Handle Handsaw-crosscut (18 X 6T/7PT),Doors & Hardware,PCS,6,37.90
ELE-CAB-WIR-2.5RED-MTR*,"Asia PVC Cable, Red - MTR",Electrical,MTR,340,1.60
ELE-LED-FLO-50W-6500K,LED Flood Light,Lighting,PCS,1,79.00
HOS-GAR-ORA-GREENLAND-GPI,Garden Hose - Gre/blk 2LAYER 16MMX3.0MMX10M,Outdoor & Garden,ROLL,7,42.50
IND-FIL-3.0KG,Stretch Film 2.5KG X 23 Micron X 500MM,Building Materials,ROLL,36,37.90
LOC-SGD-PL100-50MM3PC,Armor Solid Brass Cp Anti-cut Padlock APL1000-50MM KA3PCS,Locks & Security,SET,1,159.00
SCA-CAM-3100076,Electronic Bathroom Scale B03A (GLASS/ROUND)180KG,Bathroom,PCS,1,71.50
SCA-CAM-SP100KG-3100010,Camry-spring Scale,Housewares,PCS,3,279.00
TOO-CHI-WOO-GT015,Glotool Wood Chisel 5/8,Hand Tools,PCS,7,9.20
TOO-CHI-WOO-GT018,Glotool Wood Chisel 3/4,Hand Tools,PCS,7,9.90
TOO-WRE-PIP-W900C,Heavy Pipe Wrench (900MM),Hand Tools,PCS,1,152.00
TOW-CAR-MIN-JIN-3070,13 X 31 Cotton Face Towel,Bathroom,PCS,21,2.70
BOS-2608-680-797,Multi Purpose D/bit 12 X 90 X 150MM,Power Tools,PCS,1,27.90
ELE-LED-DRI-12W,Homelite LED Driver 12W+4W,Lighting,PCS,5,11.90
GLOSEAL-SIL-GN-900C,Gloseal Silicone - Clear,Chemicals & Adhesives,PCS,26,8.90
IND-TRU-FD300,PVC Platform Handtruck FD300,Building Materials,SET,4,229.00
IND-WIR-PVC-MEGA-15X15,1 X 24M (15MM) Mega Net Square Mesh (green),Building Materials,ROLL,10,149.00
IND-WIR-PVC-MEGA-6X6,1 X 24M (6MM) Mega Net Square Mesh (green),Building Materials,ROLL,10,149.00
IND-WIR-PVC-MEGA-BLA-15X15,1 X 24M (15MM) Mega Net Square Mesh (silver),Building Materials,ROLL,10,149.00
ROP-PE-06MM,6MM P. E Rope,"Rope, Chain & Netting",KG,76,19.40
TOO-COM-GLO-12MM,Glotool Combination Wrench 12MM,Hand Tools,PCS,2,4.90
TOO-COM-W0287G-14MM,Com Ratchet Wrench 14MM,Hand Tools,PCS,5,24.90
TOO-HAM-CLA-DOGYU,Dogyu Magnetic Claw Hammer-japan,Hand Tools,PCS,5,182.00
BBQ-GRI-JJD-40X70,40X70CM Bbq Net,Outdoor & Garden,PCS,16,16.50
CUT-BLA-ECL-1224T,Eclipse Hacksaw Blade - 12MM X 24T Predator,Hand Tools,PCS,117,4.80
DOR-ALU-LOC-NA4406,Aluminium Sliding Door NAJ6 (big),Doors & Hardware,PCS,5,58.30
ELE-LED-SOL-40W-6500K,Solar Panel + Solar Light 40W,Electrical,PCS,3,129.00
GAS-STO-BGC-266,Butterfly Epoxy Single Gas Cooker BGC-266,Chemicals & Adhesives,PCS,5,58.00
GAS-STO-BGC-28,Butterfly Epoxy Single Gas Cooker BGC-268,Chemicals & Adhesives,PCS,5,58.00
HHD-CIS-LOW,Weser Plastic Low Level Cristern,Bathroom,PCS,16,54.90
"HHD-SOC-YG241-1/2""X70MM","Mxm Brass Connector 1/2""X70MM",Bathroom,PCS,6,8.90
HOS-GAR-SET-ECO30M1123,Ecogreen- Iron Hose Reel Set / 1121 / 30M,Fishing & Tackle,SET,3,275.00
IND-WHE-WB-533,King Kong Wheel Barrow,Building Materials,UNIT,6,155.00
LAD-ALU-WEL-D07,Alum Welded Ladder - D07,Ladders & Access,UNIT,3,359.00
LAD-EXT-DOU-15X15,Double Ext Ladder 15X15FT,Ladders & Access,UNIT,1,869.00
CHE-LUB-HD4D-200ML,4D Penetrant/lubricant Spray :,Chemicals & Adhesives,TIN,23,7.90
CIMA-2648,2648 L/ceiling Lamp Ic Control,Lighting,SET,7,145.00
COC-SINK-K505L-WALL,Sink Tap: Lever Type -wall 1/2,Kitchen & Sinks,SET,3,22.90
CUT-DIS-MARK-01600,Mr. Mark 110MM Wet Cutting Diamond Wheel (1.4X5X20MM),Abrasives & Cutting,PCS,22,28.90
DC-S1B-FF03-110X100,Orbital Sander,Power Tools,SET,2,165.00
DOR-KEY-SGEP-S3030/60-SN,"Sn""st Guchi""single Key & Thumbturn Profile Cyl",Doors & Hardware,PCS,5,59.50
ELE-BUL-THL-15W-E14,Thl E14 15W Fridge Bulb,Lighting,PCS,37,1.70
FLO-PVC-NO.100-10,PVC Flooring No. 100-10,Flooring,ROLL,5,169.00
FLO-PVC-NO.483-13,PVC Flooring No. 524-08,Flooring,ROLL,5,169.00
GUM-HAR-3000W,Silicone Hardex G/p White,Chemicals & Adhesives,PCS,17,10.50
GUM-RAT-BOSNY-NO.214,Bosny 400ML Rat Glue (NO:214) (plastic Can),Chemicals & Adhesives,CAN,14,14.50
LAD-ALU-WEL-D10,Alum Welded Ladder - D10,Ladders & Access,UNIT,2,485.00
LAD-H/D-STRO-DS07,Strongman D/s H/d Ladder DSHD07 7STEP,Ladders & Access,UNIT,2,469.00
SWI-T/SOC-MS3233-1.5M3G,Morries Extension Socket 3G 1.5M W Neon (pink),Electrical,PCS,8,39.90
TOO-NIE-ALL-KEY-04MM,Nietz E/long Ball Point Satin Wrch 53252040 4MM,Power Tools,PCS,3,6.50
TOO-SET-W018,W018 18PCS Tool Set,Power Tools,SET,2,159.00
TOPLUS-HIG-GLO-1L-A,1L Toplus High Gloss A Base,Paint & Sundries,CAN,17,28.90
TRA-SOC-METAL-125502,Taicon 2G 70/0076 Metal Trailing Socket 5M (125502),Electrical,PCS,3,63.50
CLI-HOS-ORB-M00,Orbit Hose Clip No : M00,Outdoor & Garden,PCS,176,1.60
FAN-TAB-KDK-KB-304,Kdk Table Fan 12,Fans & Ventilation,PCS,5,169.00
"FAS-SCR-CSK-1 1/2"" X 8G-BOX",Sr Csk Tapping Screw 1 1/2 X 8G (1000PCS/BOX),Fasteners & Fixings,BOX,3,119.00
FLO-PVC-25208,PVC Flooring No. K35808,Flooring,ROLL,5,164.00
FLO-PVC-501-16,PVC Flooring No. K35602,Flooring,ROLL,5,164.00
FLO-PVC-D15903,PVC Flooring No. K28505,Flooring,ROLL,5,164.00
FLO-PVC-K27711,PVC Flooring No. K33605,Flooring,ROLL,5,164.00
FLO-PVC-NO-7512,PVC Flooring No. K20101,Flooring,ROLL,5,164.00
FLO-PVC-NO-K10305,PVC Flooring No. K35301,Flooring,ROLL,5,164.00
FLO-PVC-NO-K11114,PVC Flooring No. K11114,Flooring,ROLL,5,164.00
IND-COO-MID-MIC222TLAGN,Midea Induction Cooker Golden Color 2200W,Building Materials,PCS,4,195.00
MARK-X-STA-MKX-2020,Mark-x Angle Grinder Stand,Power Tools,UNIT,3,105.00
NUM-PUNC-50730080,Nietz 0-9 Number Punches 8MM 50730080,Signage & Numbering,SET,1,67.00
PEN-T200-GREY,Pentens T200 Fleseal GREY-5KG,Housewares,PAIL,1,105.00
PEN-T200-WHI,Pentens T200 Fleseal WHITE-5KG,Housewares,PAIL,1,105.00
TOO-COM-W0287N-21MM,Com Ratchet Wrench 21MM,Hand Tools,PCS,3,38.50
TOPLUS-HIG-GLO-5L-C,5L Toplus High Gloss C Base,Paint & Sundries,CAN,6,79.90
WEL-ELE-J38.12-3.2MM,Welding Electrode X 3.2MM (BOX),Welding,BOX,1,129.00
X-FLO-MOC-KH19T01,"8""X8 Homogeneous Tiles",Power Tools,PCS,100,1.95
ADH-GLU-PE175GM,175GM E P Glue,Chemicals & Adhesives,SET,10,22.90
BAT-CHA-KENDE-SM1212,Kende Battery Charger 12V,Electrical,UNIT,1,349.00
BOS-0600-8A7-508,(508) 3 IN 1 Nozzle,Power Tool Accessories,PCS,1,116.00
CHA-CAP-SQU-EXT-25MM,Square External Cap 25MM (4PCS/PCK),Outdoor & Garden,PCK,18,2.30
CUT-DIS-MARK-00900,Mr. Mark 108MM Segmented Diamond Wheel (1.8X8X20MM),Abrasives & Cutting,PCS,33,19.90
FAS-SCR-TECH-WOOD-50MM-BOX,Techscrew-wood Screw X 50MM (250PCS/BOX),Fasteners & Fixings,BOX,11,26.70
GAR-SPR-16LTR-BB3G,Knapsack Sprayer (BB-3G),Outdoor & Garden,SET,2,129.00
HOS-CON-STO-ECO4112,"Ecogreen- Quick Connector W. Wtr Stop 5/8""-3/4",Outdoor & Garden,PCS,28,7.50
KGR-KIM-1L-9215,1 Litre KIMTONE-9215,Paint & Sundries,TIN,6,37.50
PAI-ROL-REF-CRI-7,"7""XD6 Cristin Rainbow Refill",Paint & Sundries,PCS,28,8.30
PAP-WALL-HAVANA-11866-12,Wallpaper Havana 11866-12(10MX53CM),Paint & Sundries,ROLL,5,85.00
SHH-YEL-HOSE-10MMX2MM,Yellow Hose (10MMX2MM),Outdoor & Garden,MTR,15,18.50
TOO-WRE-PIP-W450C,Heavy Pipe Wrench (450MM),Hand Tools,PCS,2,58.90
WAL-DOW-YB-A7201S/W/AB,Outdoor Gate Light YB-A7201S/W/AB,Doors & Hardware,PCS,5,69.00
WOO-PLY-9MM,Plywood 9.0MM X 4 X 8,Building Materials,PCS,19,62.90
ADH-TAP-SEA-3255,Calvallo 3255 Yellow Seal Tape,Chemicals & Adhesives,PCS,151,1.80
BAS-AGRI-BASK-V1034,Rayaco Metal Handle Fruit& Veg Basket 59X37X32CM,Doors & Hardware,PCS,7,32.90
BOS-2608-521-043,Screwdriver Bit - 2608-521-043,Power Tool Accessories,PCS,17,9.50
GAR-HOE-JM3812,Jayamata Hoe-d Curve,Outdoor & Garden,PCS,7,32.90
GUM-HAR-660,Black Rtv Silicon Hardex,Chemicals & Adhesives,SET,21,8.60
HEA-SPA-FAUCET-SH332,Faucet Spare Handle,Doors & Hardware,CARD,2,134.00
INS-IS6099,One Piece Wash Down WC S-TRAP-250MM IS6099,Plumbing,NOS,2,1490.00
LET-BOX-HW307,0124/0129 Letter Box (360X80X470MM),Doors & Hardware,PCS,2,149.00
PAI-SPR-PMT-021,Paint Master Spray Paint - No. 21 Medium Blue,Paint & Sundries,DOZ,4,66.90
PLA-BAG-W1000-2024,20 X 24 X Tbag Aa,Packaging,KG,40,11.90
SWI-SOC-SUM-MS-D213,D'ner 13A 2G M/clad S/skt (sr),Electrical,PCS,13,24.50
TIE-CAB-WHI-8MMX200MM,"White PVC Cable Ties (8"")",Electrical,PCK,21,12.30
TOO-COM-W0287M-20MM,Com Ratchet Wrench 20MM,Hand Tools,PCS,3,37.60
TOR-LIG-HEA-GD-G010,Googda LED Head Light Rechargable,Lighting,SET,3,19.80
X-FAN-TAB-KHI-TF12A06,Butterfly 9 Table Fan (black),Power Tools,SET,2,135.00
ACE-HAM-ANC-1/4X1 1/4,Ace Hammer Drive Anchor 630 1/4 X1 1/4 (10PCS/PCK) (PCK),Hand Tools,PCK,20,5.40
BOX-POS-KH2078,PVC Post Box/letter Box (KH2078),Doors & Hardware,PCS,12,19.80
CLI-HOS-16-25,PVC Wing Hose Clip 16-25,Outdoor & Garden,PCS,137,1.80
COC-BAS-SSS-LSS101,Leon Sus 304 S/steel Basin TAP-LSS101,Bathroom,PCS,2,31.90
DC-DMY02-185SH,7 Electric Circular Saw (1100W),Power Tools,SET,1,319.00
DOR-HAN-CF350-NA-R,Na-r Cresent Fastener,Doors & Hardware,PCS,46,4.10
HOO-CAB-CB8003-3,Cabana 3 Robe Hook (polish),Doors & Hardware,UNIT,5,50.00
HOS-6MTR-6396-736,"High Pressure Hose 13, MTR",Outdoor & Garden,PCS,1,239.00
HOS-CON-SET-40200023,Ecogreen- Hose Basic Set / 1/2,Outdoor & Garden,SET,13,15.50
HOS-SPA-SAT-ST300,Saturn Heavy Duty Spare Cartridge,Outdoor & Garden,CARD,1,259.00
IND-CAS-100MM,4 DL5 Tpr M/duty 2 Bearing Fixed Caster,Building Materials,PCS,30,22.30
PAI-SPR-PMT-1007,Paint Master Spray Paint - No. 1007 Matt White,Paint & Sundries,CAN,34,6.50
SHE-CAB-CB781-BL,Cab Double Corner Shelf (matt Blk) -CB781-BL,Housewares,PCS,5,168.00
SHH-FISH-NET-0.15D-30MM-30MD/6A,30MM (180/5),Fishing & Tackle,PCS,3,36.90
TOO-NIE-ALL-KEY-06MM,Nietz E/long Ball Point Satin Wrch 53252060 6MM,Power Tools,PCS,2,8.90
TOO-PLI-LOC-GT175,Glotool Locking Plier 7,Hand Tools,PCS,4,12.90
TRO-SHO-CNSC5001,Shopping Trolley (LC-303E) (DC-675),Other,SET,8,78.00
WEL-ELE-J38.12-2.5MM,Welding Electrode X 2.5MM (PCK),Welding,PCK,6,15.90
ADH-TAP-WIR-SINO-48X10,Sino PVC Tape (big) Black,Chemicals & Adhesives,ROLL,29,5.50
DC-J1Z-FF-10A,Electric Drill / DJZ10A,Power Tools,SET,2,139.00
"DOR-PVC-OAK-72""X30""","72""X30 PVC Door""oak""hinges Yes""/bolt""no",Fasteners & Fixings,PCS,17,99.00
IND-DUS-CLEAN-120L,Cleanguard Wheeled Bin,Building Materials,PCS,4,198.00
IND-FOIL-SML-BUBLE-ELISE,Elise Small Bubblem Foil,Building Materials,ROLL,4,184.00
LOC-VIVOZ-V50MM,Vivoz Chrome Pad V-6000 LOCK-50MM,Locks & Security,PCS,7,13.50
MF-PO-30-SOL-FAN,Solar Fan MF-PO-30,Other,PCS,3,225.00
TOO-COM-W0287D-11MM,Com Ratchet Wrench 11MM,Hand Tools,PCS,5,20.90
"TOO-HOL-MAG-VESIC-4""",4 Bossman Magnetic Weld Holder (50-LBS),Power Tools,PCS,14,22.90
CAR-WAX-MTS1,MTS1 Super Top Shine - 500ML,Automotive,BTL,30,19.90
"FAN-STA-IL-8""-60BK",Ilite Stand Fan 8 -60W Bk,Fans & Ventilation,PCS,6,115.00
GAR-HOE-CRO-2.0LB,2LB Chillington Crocodile Hoe,Outdoor & Garden,PCS,5,45.00
GAR-SPR-P17-PI808,PI7 Garden Sprayer - Pi 808,Outdoor & Garden,PCS,12,16.20
GUM-HAR-850W,Silicon Hardex Anti Fungus White,Chemicals & Adhesives,SET,19,9.20
IND-CEM-GREY-25KG,Sika Ceram 88 (25KG/BAG),Building Materials,BAG,20,26.90
LAD-H/D-STRO-DS06,D/s H/d Ladder DSHD06 6STEP,Ladders & Access,UNIT,2,429.00
LAD-H/D-STRO-DS12,D/s H/d Ladder DSHD12 12STEP,Ladders & Access,UNIT,1,775.00
"TOO-PE-CLMP-CT6-20MM 1/2""",PE Clamp Tools CT6 20MM 1/2,Hand Tools,PCS,3,239.00
"TOO-PE-CLMP-CT7-25MM 3/4""",PE Clamp Tools: CT7 25MM 3/4,Hand Tools,PCS,3,239.00
TOO-PLI-DIA-GT150,Glotool Diagonal Plier 6,Hand Tools,PCS,6,8.50
TOO-WRE-PIP-W300C,Heavy Pipe Wrench (300MM),Hand Tools,PCS,3,33.90
ADH-TAP-ADH-GT100,Globand Adhesive Tape 100MM X 10M,Chemicals & Adhesives,PCS,11,28.50
ALP-WAT-HEA-EZY,Alpha Instant Water Heater Ezy-e,Home Appliances,UNIT,2,379.00
BEAR-DOOR,Sliding Door Bearing (2PCS/PCK),Doors & Hardware,PCK,17,8.90
BOS-2608-578-156,Concrete Drill Bit Set (3/4/5/6/7/8/9/10),Power Tool Accessories,SET,5,30.90
CHE-ELE-CLE-HD390,Electronic Contact Cleaner: 400ML,Chemicals & Adhesives,TIN,6,30.80
CIS-HAN-METAL-L/L-00531G,3GL Metal Cho-low Level System Handle,Doors & Hardware,PCS,12,14.80
"CUT-BLA-M'MAN-F1X4""",M'man Diamond Blade - F1X4,Abrasives & Cutting,PCS,32,15.80
DOR-ALU-LOC-NA4420,Aluminium Sliding Door (small),Doors & Hardware,PCS,5,40.90
ELE-ELCB-KOR-40A-2P,Grow Elcb 2P 40A/0.1,Electrical,EA,6,44.90
HDD-TOI-COV-SC-4125,Premium M/d Toilet Seat & Cover-white,Bathroom,PCS,17,37.90
HOS-CON-ECO4113,Ecogreen- Hose Connector / 3/4,Outdoor & Garden,PCS,27,7.20
LAD-EXT-DOU-12X12,Double Ext Ladder 12X12FT,Ladders & Access,UNIT,1,715.00
LEO-SUS304-S/S-PIL-L332P,Leon Sus 304 S/steel Pillar Sink,Kitchen & Sinks,PCS,1,76.50
LET-BOX-HW305B-0126S,Metal Letter Box (256X176X51MM) Black,Doors & Hardware,PCS,4,63.00
LOC-COL-RB501,Colex Anti- Cut Long Shackkle Padlock RB-501,Locks & Security,PCS,14,47.50
TAP-SIN-CAV-CA2080,Cavallo Flex Tube Sink Tap Pillar,Kitchen & Sinks,PCS,1,62.90
TOO-DRV-STA-6.5X125MM-9960651920,"Cushion Grip S/dr Std - (1/4""X5"")",Power Tools,PCS,14,12.60
TOO-WRE-SET-69256,9PC L/arm Ball Point Hex Key Set,Power Tools,SET,3,73.90
ACE-HAM-ANC-1/4X2,Ace Hammer Drive Anchor 650 1/4 X 2 (10PCS/PCK),Hand Tools,PCK,86,7.20
BOS-2608-684-774,Hexagon Pointed Chisel,Hand Tools,PCS,3,18.80
ELE-CAB-PVC-4.00MM-BLK-MTR,Ktk PVC Cable Black 100M -mtr,Electrical,MTR,97,4.00
ELE-D/L-LSM-96W-3CLR-SQ,LED Source Module 96W 3CLR (sq),Lighting,PCS,2,29.00
GAS-STO-HM-HGB-1680,Homa Plus Cast Iron Automatic Stove (21A)-1680,Home Appliances,UNIT,6,109.00
"IND-CAS-H/DUTY-MCLSC-6""",6 DL5 H/duty Mcl Swivel Caster,Fishing & Tackle,PCS,11,59.90
IND-TRU-300KG,PVC Platform Hand Truck STP300 300KGS,Building Materials,UNIT,3,246.00
IND-TRU-FD150,PVC Platform Handtruck FD150,Building Materials,SET,4,172.00
PAP-WALL-PARADISEII-AC9371-06,Wallpaper Paradise Ii AC9371-06(10MX53CM),Paint & Sundries,ROLL,3,115.00
RAI-BOO-KRK-B39M,Rainshoes - 39 (6) 6000BLK,Curtains & Blinds,PAIR,32,15.80
SWI-LAM-ADA-3041B22,B22 Nylon Lamp Adaptor (blk),Lighting,PCS,35,1.30
TANK-REC-450L,450L Rectangular Tank (2),Other,DRUM,1,329.00
TOO-COM-GLO-08MM,Glotool Combination Wrench 08MM,Hand Tools,PCS,2,4.20
TOO-PLI-CIRWHS175,Intl Plier Straight 175MM,Hand Tools,PCS,6,15.10
TOO-WRE-PIP-A350MM,Glotool Pipe Wrench American Type 14,Hand Tools,PCS,2,29.90
VAC-HYU-HD-1600,Hyundai Vacuum Cleaner 1600W 30L,Chemicals & Adhesives,UNIT,1,455.00
X-ELE-BUL-D/L-HOME-25W,Hermanns Ens Spiral 25W,Power Tools,PCS,21,8.90
BRO-PLA-SB200,Plastic Broom 260G,Housewares,PCS,50,10.90
DC-DSM09-100S,Angle Grinder / DSM09-100S,Power Tools,SET,2,119.00
ELE-CEI-LIG-8910/500-36PCS,8910/500 Sq 36PCS Daylight L/ceiling Lamp,Lighting,PCS,4,188.00
FAS-ANC-PJA-0650,Glotool P. J. Anchor 1/4 X 2,Fasteners & Fixings,BOX,2,87.90
"FAS-SCR-F/H-1"" X 8# BOX",Sr F/h Self Drilling Screw 1 X 8 (1000PCS/BOX),Fasteners & Fixings,BOX,4,58.50
FLO-PVC-NO-K24708,PVC Flooring No. K35810,Flooring,ROLL,4,164.00
JAC-BOT-MAS-MHB-30TON,Masada Bottle Jack,Automotive,PCS,1,609.00
JAC-FLO-ESKO-3TON-EK-J3075L,Esko 3 Ton Low Profile Hyd Floor Jack (d. Pump),Lifting & Rigging,UNIT,1,679.00
KGR-KIM-1L-9216,1 Litre KIMTONE-9216,Paint & Sundries,TIN,5,37.50
SHE-CAB-CB476-BLK,Cabana Corner Shelf S/s Matt Blk,Housewares,PCS,7,98.00
SWI-T/SOC-2540B-5M2G,2G Extension Socket Sp,Electrical,SET,9,25.90
TOO-COM-W0287F-13MM,Com Ratchet Wrench 13MM,Hand Tools,PCS,4,23.90
"TOO-DRV-STA-PH0-1/8""X4""-9960651580","Cushion Grip S/dr PHILIPS-1/8""X4""X0PT ( 0X100MM)",Power Tools,PCS,18,9.80
TOO-FIL-BCC-4.5200MM,Bahco Chain Saw File 168-8-4.5-3P 11/641IN (CARD),Hand Tools,CARD,5,20.90
TOO-HAM-CLA-MHT2839,Steel Handle Magnetic Claw,Hand Tools,PCS,7,97.90
WAL-PLU-JWP-6MM,Jaw Wall Plug 6MM (10PCS/PCK),Fasteners & Fixings,PCK,43,5.20
ADH-TAP-ADH-GT075,Globand Adhesive Tape 75MM X 10M,Chemicals & Adhesives,PCS,12,23.90
ELE-PEN-81219/3L-E27,Pendant Lamp Long Base 81219/3L,Lighting,PCS,1,65.00
"FAS-SCR-P/H-1 1/2"" X 8#-500PCS/BOX",Sr P/h Self Drilling Screw 1 1/2 X 8 (500PCS/BOX),Fasteners & Fixings,BOX,4,59.00
HOS-CLE-02530-MTR,25MM X 30M Clear Hose,Outdoor & Garden,MTR,78,4.80
LAD-ALU-WORKER-SS09,Worker SS09 S/side Alum. Ladder (LDS09-MF),Ladders & Access,UNIT,3,289.00
LAM-LIG-T16W-60W,National Light Output T16W Light Capsule,Lighting,PCS,9,18.00
MEA-TAP-SUN-10M,Sunlon M. Tape 10.0M/33,Hand Tools,PCS,13,35.90
SWI-T/SOC-MS3255-5-5M5G,Morries Extension Socket 5G 5M W Neon,Electrical,PCS,4,69.00
"TOO-CUT-BOL-GT36""",Glotool Bolt Clipper 36,Fasteners & Fixings,PCS,2,88.00
TOO-WRE-PIP-A250MM,Glotool Pipe Wrench American Type 10,Hand Tools,PCS,3,19.50
WAL-DOW-071/1 W,Wall Light W-071/1,Lighting,PCS,3,22.00
WEL-MAC-FIG-MMA160,Fighter Inverter Welding Machine 160A,Welding,UNIT,3,379.00
BRU-HAN0HAW-452135,Glotool 452135-3008 Steel Wire Brush,Electrical,PCS,25,5.90
CUT-DIS-ARC06,Aracut Glass & Tile Grinding,Abrasives & Cutting,PCS,20,25.90
DOR-BELL-EB3303DB,Eurobell Digital Wireless Door Bell,Doors & Hardware,PCS,3,59.80
DOR-HAN-DK063-NA-L,Dekko Na-l Casement Handle,Doors & Hardware,PCS,22,6.50
GAR-SHE-TIG-H9622,Telescopic Pruner Saw:tiger,Outdoor & Garden,SET,1,205.00
GRA-CUT-BLA-GCD01,Cutting Grass,Outdoor & Garden,PCS,24,6.90
GUM-HAR-205,Clear Epoxy Hardex 5 Min,Chemicals & Adhesives,SET,16,9.90
"IND-CAS-H/DUTY-MCLSC-4""",4 DL5 H/duty Mcl Swivel Caster,Fishing & Tackle,PCS,13,46.90
IND-PUN-PVCB,PVC Thai Pongkis - Yellow,Building Materials,PCS,78,9.90
KOYA-GRE-KOY-2KG,2KG P525 All Purpose Grease,Chemicals & Adhesives,JAR,4,44.50
KOYA-GRE-P611-1/2KG,Koya P611 H/d Lithium Mp,Chemicals & Adhesives,TIN,8,21.50
LAD-ALU-WORKER-SS08,Worker SS08 S/side Alum. Ladder (LDS08-MF),Ladders & Access,UNIT,3,249.00
PYE-CEM-CLE-1L,PYE Cem Cleaner,Chemicals & Adhesives,BOT,8,19.90
PYE-DRA-REM-R01-500ML,PYE Drain Clog Free Remover 500ML,Chemicals & Adhesives,PCS,11,13.90
RIG-SHA-BOW-G209-20MM,Pin Type Bow Shackle (G209) 20 MM,Lifting & Rigging,PCS,5,16.20
SIN-CAV-CA215,SS Sink With Waste,Plumbing,PCS,5,529.00
SWI-T/SOC-TAI-2G-2000,Taicon 2G Trailing Socket Neon-empty (2000),Electrical,PCS,8,14.80
"TOO-LEV-MAG-3804X18""",T&t Magnetic Flat Aluminium Level - 3804X18,Power Tools,PCS,7,28.50
"TOO-LEV-MAG-3805X24""",T&t Magnetic Flat Aluminium Level - 3805X24,Power Tools,PCS,6,35.80
"TOO-LEV-SPE-3801X18""",Speed L/duty Flat Water Level - 3801X18,Power Tools,PCS,11,14.90
"TOO-LEV-SPE-3801X24""",Speed L/duty Flat Water Level - 3801X24,Power Tools,PCS,11,17.50
TOO-NIE-ALL-KEY-02.5MM,Nietz E/long Ball Point Satin Wrch 53252025 2.5MM,Power Tools,PCS,3,4.90
TOO-PLI-CIR-GTES150,Glotool Circlip Plier - Ext Straight,Hand Tools,PCS,4,12.20
TOO-PLI-CIR-GTIB150,Glotool Circlip Plier - Int Bent,Hand Tools,PCS,4,12.10
BAT-ENE-SHD-AA2PCS,Eveready Shd Aa 2PC,Electrical,PCK,4,3.80
BOS-2609-390-394,Sds Plus Flat Chisel 250MM,Power Tool Accessories,PCS,3,45.90
BOS-2609-390-576,Sds Plus Pointed Chisel 250MM,Power Tool Accessories,PCS,3,49.50
CHA-CAP-SQU-INT-16X51MM,Rectangular Internal Cap (4PCS/PCK),Outdoor & Garden,PCK,25,8.20
ELE-CEI-LIG-9392-300-3CLR,Ceiling Light 9392-300 3CLR,Lighting,PCS,1,55.00
GUM-PVC-OCI-500G,Sr Oci PVC Gum 500G,Chemicals & Adhesives,TIN,15,19.90
KGR-ADH-0300ML,Kangaroo Brand 505 Super Adhesive 300ML,Chemicals & Adhesives,TIN,21,15.90
KGR-COM-7KG,Kangaroo Brand 7 KG Bituminous Compound,Paint & Sundries,TIN,4,83.00
LAD-EXT-DOU-10X10,Double Ext Ladder 10X10FT,Ladders & Access,UNIT,1,618.00
SHE-CAB-CB782-BL,Cab Double Shelf (matt Blk) -CB782-BL,Housewares,PCS,4,179.00
SHE-CAB-CB789,Cabana Double Glass Shelf,Building Materials,UNIT,3,228.00
TOO-ELE-WJ-315,Tool Oubao 8P8C Modular Crimping Tool (WJ-315),Power Tools,PCS,5,35.70
TOO-MAG-MC03A,Magnetic Catch (4PCS/PCK),Power Tools,PCK,50,3.90
BRA-BID-SHO-SA033,28 Milano Hand Shower Bracket,Bathroom,PCS,14,3.20
BRO-MOP-350,No. 350 Mop Broom With Handle,Doors & Hardware,PCS,15,8.50
DOR-CLO-ELOY-E061,Leon Door CLOSER-L061,Doors & Hardware,PCS,4,46.90
DRAI-POW-350G,Drain Cleaner Powder,Chemicals & Adhesives,BTL,11,13.80
FAS-SCR-TECH-METAL-45MM-BOX,Techscrew-metal Screw X 45MM (300PCS/BOX),Fasteners & Fixings,BOX,7,28.80
FRE-MID-MD-RC151FZB01,Midea Chest FREEZER-99L MD-RC151FZB01,Other,PCS,1,539.00
GAR-RAK-PALM-12T,12T Oil Palm Rake,Outdoor & Garden,PCS,11,14.20
GAR-SHE-JM1002,Jayamata Pruning Shear Curved 8,Outdoor & Garden,PCS,9,18.90
HOS-CLE-00630,6MM X 30M Clear Hose,Outdoor & Garden,COIL,16,21.90
"IND-CAS-H/DUTY-MCLSCB-6""",6 DL5 H/duty Mcl Swivel Caster W Double Brake,Fishing & Tackle,PCS,7,82.90
LET-BOX-HW305A,0125 Metal Letter Box (200X75X260MM),Doors & Hardware,PCS,3,69.90
MIR-KT8001-600,Mirror Kt 8001-600,Bathroom,PCS,2,375.00
RIG-SHA-BOW-G209-12MM,Pin Type Bow Shackle (G209) 12 MM,Lifting & Rigging,PCS,12,6.80
TOO-CUT-SNIW107A,Aviation Snips 250MM W0107A,Power Tools,PCS,5,38.00
TOO-DRI-SET-WK-PWT-5515,Worker 26MM 21V Lithium Brushless Impact Drill,Power Tools,SET,4,649.00
TOO-WRE-ADJ-GT250,Glotool Adjustable Wrench 10,Hand Tools,PCS,3,14.90
TOO-WRE-PIP-W350C,Heavy Pipe Wrench (350MM),Hand Tools,PCS,2,40.90
BOS-2608-608-N96,Fiber Sanding Disc 100MM P100,Abrasives & Cutting,PCS,1,1.90
BRU-SPO-B3PCS,3M 213 Scouring Sponge Pad W/ab 3'S (kh SB1200775),Other,PKT,47,7.90
DOR-HAN-CH608-NA-L,Na-l Casement Handle,Doors & Hardware,PCS,35,4.20
ELE-ADA-EE1427,E14 To E27 Lamp Adaptor,Lighting,PCS,12,2.80
ELE-BUL-C7-E12-MINI,C7 E12 Mini Candle Bulb (clear),Lighting,PCS,48,1.10
ELE-PEN-81219/1-E27,81219/1 Pendant Lamp Round Base,Lighting,PCS,20,29.00
FAS-SCR-TECH-METAL-19MM-BOX,Techscrew-metal Screw X 19MM (600PCS/BOX),Fasteners & Fixings,BOX,6,35.50
FAS-SCR-TECH-METAL-50MM-BOX,Techscrew-metal Screw X 50MM (250PCS/BOX),Fasteners & Fixings,BOX,8,26.50
HAR-BON-NAIL-RS880-75G,Bonding Nail:hardex 75G,Fasteners & Fixings,PCS,21,8.50
IND-WHE-WB6111A,Pu H/d Wheel Barrow,Building Materials,UNIT,3,196.00
LAM-KOA,Outdoor Use Lamp Koa 240V,Lighting,UNIT(S),8,13.00
PAI-SPR-PMT-023,Paint Master Spray Paint - No. 23 Scarlet,Paint & Sundries,DOZ,3,66.90
PAI-SPR-PMT-031,Paint Master Spray Paint - No. 31 Deep Yellow,Paint & Sundries,DOZ,3,66.90
PAI-SPR-PMT-327,Paint Master Spray Paint - No. 327 Deep Voilet,Paint & Sundries,DOZ,3,66.90
TOO-COM-SET-STMT80944-8,14PC Combination Wrench Set,Hand Tools,SET,4,159.00
TOW-CON-MIN66A52,13 X30 Cotton Face Towel (37G) -min (PACK),Bathroom,PACK,1,52.90
X-FLO-MOC-CB6061,2'X2 Floor Tiles,Power Tools,PCS,11,14.90
BOS-GUN-EXT-TUBE,Extension Tube For Aqt 33-10/35-12/37-13,Electrical,PCS,3,41.90
CHA-SAW-IETO-HD3012,Ieto Electric Chain Saw Stand HD3012,"Rope, Chain & Netting",SET,8,69.00
ELE-D/L-MGM-MQTL1119-SQ-12W-4000K,"Mgm 5""/SQ LED Panel Light (sr)",Lighting,PCS,2,25.50
ELE-D/L-PHL-59466-RD-6500K,59466 Meson 17 1200 150 Round 6500K,Electrical,SET,38,37.90
GAS-REG-GIM-9MM*,3/8 Gim Gas Regulator,Home Appliances,PCS,13,37.90
HAN-BLI-STE-600MMX32MM,Bliton Steel Pull Handle 600MMX32MM,Doors & Hardware,PCS,3,62.90
LAD-ALU-WORKER-DS10,Worker DS10 D/side Alum. Ladder (LDD10-MF),Ladders & Access,UNIT,2,388.00
LET-BOX-HW305A-0125,0125W Metal Letter Box (200X75X260MM) White,Doors & Hardware,PCS,3,69.90
SHE-CAB-CB474-BLK,Cabana Shelf L350 X W140 X,Housewares,PCS,6,98.00
SHH-LURE-H2125-2.5CM,Huizhu Fishing Super Lure Frog 2.5CM (soft),Fishing & Tackle,PCS,8,8.50
TOO-WRE-PIP-A200MM,Glotool Pipe Wrench American Type 8,Hand Tools,PCS,3,13.50
AUT-POL-AUT-SS75ML,Autosol S/steel,Other,PCS,24,19.50
BOS-2608-680-795,Multi Purpose D/bit 8 X 80 X 120MM,Power Tools,PCS,1,14.90
CHA-CAP-ROU-EXT-22MM,Round External Cap 22MM (4PCS/PCK),Outdoor & Garden,PCK,14,2.20
CIS-HAN-042B#L/L,Dekko 042B L/l Cistern Handle,Doors & Hardware,PCS,11,11.80
DOR-LOC-70MM,Door Lock 70MM,Doors & Hardware,PCS,40,5.20
DRI-KUS-SET,"Kusama Fully Ground Drill 1/16""-1/4",Power Tools,SET,4,40.90
ELE-HOL-2727HD-E27,E27 To E27 Lamp Holder,Lighting,PCS,12,2.90
ELE-PEN-81225/1-E27,81225/1 Pendant Lamp Round Base,Lighting,PCS,19,29.00
"FAS-SCR-TAP-CSK-8#1""-BOX","8 X1""CSK Self Tapping Screw-flat Head (1000 Pcs/box)",Fasteners & Fixings,BOX,3,67.90
HOS-BLI-B5016,6FT Bliton H/pressure F/hose (silver),Outdoor & Garden,PCS,4,42.90
HOS-FLE-BLI-B1201,12CM Bliton S/steel Flexible Tube,Outdoor & Garden,SET,10,18.80
IND-CAN-4.5M,Black King Kong CANOPY:3MX4.5MX15KGS - Blue,Building Materials,SET,2,288.00
IND-WHE-WB288-PU,Belway HD Wheel Barrow Wheel,Building Materials,UNIT,3,219.00
JQB-FUSION-1000,Jqb Power Station Fusion 1000 (ac 1000),Power Tools,UNIT,1,2199.00
KGR-KIM-1L-9212,1 Litre KIMTONE-9212,Paint & Sundries,TIN,4,37.50
PAI-ROL-SET-CRI-424,"4""X20 Cristin Tiger Stripe Roller Set",Paint & Sundries,SET,30,6.50
PLUG-TOP-UMS-13A,Ums 13A Plugtop (PT130R-S),Other,PCS,70,5.40
SIN-STA-RAC-MET,Sink Stand Rack Iron 18 X 42 X 5/8 929,Kitchen & Sinks,SET,5,109.00
CHA-CAP-ROU-EXT-25MM,Round External Cap 25MM (4PCS/PCK),Outdoor & Garden,PCK,12,2.30
CUT-BLA-ECL-1218T,Eclipse Hacksaw Blade - 12MM X 18T Predator,Hand Tools,PCS,76,4.80
"DOR-HIN-STE-CLO-5/8""",Soft Close HINGES-5/8,Doors & Hardware,PCS,40,3.50
ELE-D/L-PHL-59467-SQ-4000K,59467 Meson 17 1200 150 Square 4000K,Electrical,SET,36,37.90
ELE-ELCB-GRW-63A-2P,Grow Elcb 2P 63A/0.1,Electrical,EA,4,50.90
"FAS-SCR-TAP-CSK-10#1-1/2""-BOX","10 X1-1/2""CSK Self Tapping Screw-flat Head (500PCS/BOX)",Fasteners & Fixings,BOX,3,64.90
GRA-CUT-BRU-4141406601,Brush Pair - Spt 4141406601,Outdoor & Garden,PAIR,10,18.00
IND-WHE-WST8126PU,Wheel Barrow - PVC Rim Pu Tyre,Automotive,UNIT,2,279.00
KGR-KIM-1L-9211,1 Litre KIMTONE-9211,Paint & Sundries,TIN,4,37.50
KGR-OXI-53A1LIT,Stove Brand 53A Red Oxide Paint 1 Litre,Paint & Sundries,TIN,11,29.80
LAD-ALU-WORKER-DS08,Worker DS08 D/side Alum. Ladder (LDD08-MF),Ladders & Access,UNIT,2,308.00
ROP-PE-08MM,8MM P. E Rope,"Rope, Chain & Netting",KG,46,19.40
SCA-TCS-150-JCS67Z-150KG,Camry-price Computing Scale TCS-150-JCS67Z/150KG,Housewares,PCS,1,518.00
SIN-STA-RAC-110037,Heavy Duty S/s Flexible Basin Stand,Bathroom,SET,2,239.00
TOO-BRA-STA-991002130,(5/8 Cap) Bit Brace 10,Power Tools,PCS,2,95.00
TOO-PLI-PUMW5010,Water Pump Pliers 250MM,Pumps & Water,PCS,1,23.90
TOO-WRE-ADJ-GT150,Glotool Adjustable Wrench 6,Hand Tools,PCS,4,10.50
TOO-WRE-PIP-W600C,Heavy Pipe Wrench (600MM),Hand Tools,PCS,1,79.50
TOPLUS-HIG-GLO-1L-D,1L Toplus High Gloss D Base,Paint & Sundries,CAN,12,25.90
X-ELE-CEI-LIG-8711-60PCS,8711 L/ceiling Lamp With Remote Control - Dimmable,Lighting,PCS,2,345.00
COV-JAC-RED-2XL,Red Jacket (r) : 2XL,Outdoor & Garden,PCS,3,52.90
CUT-DEW-DW4790,"Diamond Blade, Continous Rim 4",Abrasives & Cutting,PCS,25,16.90
DOR-HAN-CF350-NA-L,Na-l Cresent Fastener,Doors & Hardware,PCS,31,4.10
DOR-VIE-SGD-DV3776SN,Sn St. Guchi Door Viewer 180,Doors & Hardware,PCS,8,20.00
HOS-SPA-TAP-C333,C333 Spare Cartridge (for Cross Handle),Doors & Hardware,CARD,1,179.00
IND-SCO-METAL-S503MH,Scoop Metal Handle S503MH,Doors & Hardware,DOZ,1,179.00
LOC-CZS-50MM,50MM Czs 360 Padlock,Locks & Security,PCS,70,9.90
MAC-SEA-SF-200-90200007,Spare Part-impulse Sealer Heat Element Kit,Paint & Sundries,PCS,3,7.80
RAI-BOO-KRK-Y42#,Rainshoes - 42 (9) 7000YLW,Curtains & Blinds,PAIR,14,33.90
ROP-PP-08MM,8MM P. P Rope,"Rope, Chain & Netting",KG,45,19.40
SAF-SHO-NK85-10,Neuking NK85 Black 10,Safety & Workwear,PAIR,2,228.00
SWI-SOC-NNE-9498,NNE 9498 Metalclad Switch Socket 2GANG 13A,Electrical,PCS,31,39.50
SWI-T/SOC-4540B-5M4G,4G Extension Socket Sp,Electrical,SET,5,37.90
TOO-HOL-PUN,Hollow Punch Set (55600),Power Tools,SET,9,18.90
TOO-PLI-COMW406D150,Combination Pliers 150MM,Power Tools,PCS,9,14.90
TOO-SOC-SET-4610M,Mr. Mark 10PCS 1/2 6P. Socket,Hand Tools,SET,6,129.00
X-MEA-TAP-STA-POW-5.0M,5M/16 X 3/4 Powerlock Tape Ruler,Power Tools,PCS,4,42.90
BOX-POS-KH2088,PVC Post Box/letter Box With Magz. Tray (KH2088),Doors & Hardware,PCS,8,19.90
CUT-BLA-ECL-2510T14,Eclipse Hacksaw Blade - 25MM X 10T X 14,Hand Tools,PCS,9,42.50
"DOR-HIN-SSS-4""","Leon Universal Door HINGE-4""X3X3.0",Doors & Hardware,PAIR,8,19.30
ELE-ELCB-GRW-40A-4P,Grow Elcb 4P 40A/0.3,Electrical,EA,2,92.00
ELE-ELCB-GRW-63A-4P,Grow Elcb 4P 63A/0.3,Electrical,EA,2,102.00
FLO-PVC-NO.490-12,PVC Flooring No. 359-03,Flooring,ROLL,3,169.00
GAS-RACK-WMGR01,Gas Rack -copper,Housewares,UNIT,2,279.00
HOS-CLE-00930,9MM X 30M Clear Hose,Outdoor & Garden,COIL,8,32.90
IND-CAS-75MM,3 DL5 Tpr M/duty 2 Bearing Fixed Caster,Building Materials,PCS,24,17.90
IND-PUN-PVC-BLK,PVC Thai Pongkis - Black,Building Materials,PCS,69,9.90
JQB-FUSION-500,Jqb Power Station Fusion 500 (ac 600),Power Tools,UNIT,1,1799.00
LAM-4402SB,Seal Beam 4402-24V,Lighting,BOX,14,3.30
NUM-PUNC-50730040,Nietz 0-9 Number Punches 4MM 50730040,Signage & Numbering,SET,1,37.80
PAI-BRU-680-075MM,Paint Brush 680 X 75MM,Paint & Sundries,DOZ,6,49.90
RAI-BOO-KRK-Y38#,Rainshoes - 38 (5) 7000YLW,Curtains & Blinds,PAIR,15,33.90
ROP-PP-06MM,6MM P. P Rope,"Rope, Chain & Netting",KG,44,19.40
SINK-PROTECTOR-A90,Sink Protector A90,Kitchen & Sinks,PCS,18,2.00
"TOO-DRV-STA-PH-1/4""X04""-996060809",Cushion Grip S/dr PHILIPS-1/4” X 4 ( 2 X 100MM),Power Tools,PCS,11,11.80
TOO-SET-W022,W022 22PCS Tool Set,Power Tools,SET,1,189.00
TOO-WRE-KEY-W0199A,9PCS Extralong Ball Point W0199A,Power Tools,SET,7,22.50
VAC-HYU-HD-1600E,Hyundai Vacuum Cleaner 1600W 25L,Chemicals & Adhesives,UNIT,1,379.00
X-FAN-CEI-COSA-998,Alpha Cosa 998 Ceiling Fan - Pwt,Fans & Ventilation,UNIT,2,279.00
DOE-LOC-ATLP-0910SN,Sn Armor Tubular Lever On Plate,Other,SETS,4,139.00
ELE-CEI-LIG-1842/1,1842/1 L/ceiling Lamp,Lighting,SET,2,269.00
"FAS-SCR-F/H-2"" X 8# BOX",Sr F/h Self Drilling Screw 2 X 8 (500PCS/BOX),Fasteners & Fixings,BOX,3,58.80
"FAS-SCR-TAP-CSK-6#1-1/2""-BOX","6 X1-1/2""CSK Self Tap Screw-flat Head (1000PCS/BOX)",Fasteners & Fixings,BOX,3,62.00
FLO-PVC-477-12,PVC Flooring No. 105-03,Flooring,ROLL,3,164.00
FLO-PVC-NO-K21314,PVC Flooring No. K15201,Flooring,ROLL,3,164.00
FLO-PVC-NO-YP 25709,PVC Flooring No. K31210,Flooring,ROLL,3,164.00
FLO-PVC-NO.K28605,PVC Flooring No. K28605,Flooring,ROLL,3,164.00
GAR-SPR-0063,Activ Garden Sprayer 2LTR - 0063,Outdoor & Garden,PCS,9,19.90
GAS-STO-KD-120B,Dekka Gas Stove KD-120B,Kitchen & Sinks,PCS,1,45.00
GER-PLUG-BPM6A,Ngk 14 X 9.5 Sparkplug -BPM6A,Other,PCS,39,7.80
HHD-TOI-COV-FTS-002021-1TKWHI,DL5 Eco L/duty Toilet Seat 202 + Child Seat,Bathroom,PCS,1,49.90
LOC-BCK-SSS-2PCS,Buick Keyalike 2PCS,Locks & Security,PCS,4,119.00
PLA-MAT-EAW150,Elephant-king Anti-weed Mat (pp) 1M X 50M,Packaging,ROLL,10,77.00
SAF-SHO-NK85-7,Neuking NK85 Black 07,Safety & Workwear,PAIR,2,228.00
TOI-TRP-C1310P-WHT,Washdown Close Coupled P-trap,Plumbing,NOS,4,439.00
TOI-TRP-C1310S-WHT,Washdown Close Coupled S-trap,Plumbing,NOS,4,439.00
TOO-PLI-DIA-W106T,Long Nose Pliers 150MM,Power Tools,PCS,9,17.50
TOO-PLI-RIV-ASAKI,Asaki Hand Riveter,Power Tools,PCS,4,39.80
TOO-WRE-PIP-A300MM,Glotool Pipe Wrench American Type 12,Hand Tools,PCS,2,22.50
WIR-BRC-65C-45M,65C X 45M Brc Welded MS Grill,Other,ROLL,1,459.00
X-BOX-ICE-150LTR,Insulated Ice Box 130L (ocn),Power Tools,PCS,6,359.00
ADH-TAP-VIP-2510,PTFE Thread Seal Tape VIP-2510,Chemicals & Adhesives,PCS,35,3.40
AIR-DUS-HITMAX-HTM-255,Hitmax Air Blower:,Power Tools,SET,8,14.90
BRO-MOP-300,No. 300 Mop Broom With Handle,Doors & Hardware,PCS,13,7.90
CLI-HOS-13-23,PVC Wing Hose Clip 13-23,Outdoor & Garden,PCS,99,1.80
CUT-SICKLE-JM22B,Sickle Harvesting Palm Black 30,Outdoor & Garden,PCS,2,64.90
DUS-11L-GHO2811,11L Step Dustbin,Housewares,SET,2,29.80
ELE-CAB-WIR-ASIA-2.5BK*,"Asia PVC Cable, Black - MTR",Electrical,MTR,434,1.60
ELE-CAB-WIR-ML-2.5MM-RED,ML PVC Cable Red 2.5MM2,Electrical,ROLL,9,129.00
"HOS-FLE-VIP-PP48""",PP-48 White Nylon Vip Flexible Tube,Outdoor & Garden,PCS,9,19.50
"HOS-FLE-VIP-PP60""",PP-60 White Nylon Vip Flexible Tube,Outdoor & Garden,PCS,8,21.50
HOS-NET-MIK-15MM,Mikasa Net Hose - 15MM X 50M,Outdoor & Garden,MTR,97,2.20
IND-WHE-TYR-SOLI,ST22 Solid Wheel,Building Materials,PCS,16,26.90
LAD-H/D-STRO-DS08,Strongman D/s H/d Ladder DSHD08 8STEP,Ladders & Access,UNIT,1,539.00
LOC-COL-RA501,Colex Anti-cut Steel Padlock RA-501,Locks & Security,PCS,9,44.90
"SIN-STA-RAC-42""-PLA",42 Sink Bracket (plastic),Kitchen & Sinks,SET,5,89.00
SPO-SCOTCH-BRITE-3M,3M Scotch Brite 31B 3PCS Scouring Pad (KH1578-6),Other,PCK,44,7.20
"TOO-CUT-BOL-GT48""",Glotool Bolt Clipper 48,Fasteners & Fixings,PCS,1,139.00
"TOO-LEV-SPE-3801X12""",Speed L/duty Flat Water Level - 3801X12,Power Tools,PCS,9,13.80
X-ELE-LED-SOL-GAR-7W,Solar Garden Lamp,Lighting,SET,1,44.50
ELE-LED-SOL-SF-200W-65K,Il-solar Flood Light -isf 200W 65K,Electrical,PCS,4,339.00
LOC-COL-ZK502,Safety Chrome Plated Padlock ZK-502,Safety & Workwear,SET,11,39.90
PAI-BRU-680-050MM,Paint Brush 680 X 50MM,Paint & Sundries,DOZ,10,27.90
PAI-ROL-SET-CRI-416,"4""X15 Cristin Tiger Stripe Roller Set",Paint & Sundries,SET,28,4.80
RAI-BOO-KRK-Y39#,Rainshoes - 39 (6) 7000YLW,Curtains & Blinds,PAIR,13,33.90
SWI-T/BOX-923A,Extension Box Sp PP100-923A,Electrical,SET,6,25.90
TOO-CUT-SNIW107C,Aviation Snips 250MM W0107C,Power Tools,PCS,4,37.80
TOO-GUN-GLU-STA-996069GR20B,Trigger Feed Hot Melt Glue Gun- Round Pin,Chemicals & Adhesives,PCS,2,72.00
BAT-ENE-SHD-AAA2PCS,Eveready Shd Aaa 2PC,Electrical,PCK,3,3.90
BOS-1/4-12,Sumo Router Bit 1/4 Shark (each),Power Tool Accessories,PCS,12,28.00
COC-SIN-DOU-VIP3366,Two-way Arc Sink Tap: Vip 3366 Pillar 1/2,Kitchen & Sinks,SET,2,229.00
ELE-HOL-033,Lamp HOLDER-033,Lighting,PCS,6,5.90
ELE-T5-4FT-CIELO-D/L,Cielo T5 LED Fitting 4FT 18W DL-860,Plumbing,PCS,70,19.80
HAR-HUR-SRA-02-200ML,Hardex Sticker Remover 200ML,Chemicals & Adhesives,PCS,11,9.70
HOL-GAT-10MM,Gate Holder 10MM (T92),Doors & Hardware,PCS,16,7.50
HOS-CLE-01930,19MM X 30M Clear Hose,Outdoor & Garden,COIL,4,63.00
IND-WIR-MES-2512-18GX100,Wire Mesh 1 X 1/2 X3 X18G,Electrical,ROLL,6,219.00
INS-IS6080A-S,One Piece Wash Down WC S-TRAP-250MM IS6080A,Plumbing,SET,1,1680.00
JQB-SUNWAVE-32W,Jqb Foldable Solar Panel 32W,Power Tools,UNIT,1,298.00
KGR-COM-2.5KG,Kangaroo Brand 2.5 KG Bituminous Compound,Paint & Sundries,TIN,7,32.50
MEA-TAP-CHTR-30011,Takado Measuring Tape PVC Case 5M X 19MM,Hand Tools,PCS,9,9.50
NAI-SQU-SUP-038MM-1KG,E. G Square Boat Nail 38MM - 1KGS,Fasteners & Fixings,PKG,26,9.30
SAF-SHO-NK86-06,Neuking NK86 Black 06,Safety & Workwear,PAIR,2,205.00
SAF-SHO-NK86-09,Neuking NK86 Black 09,Safety & Workwear,PAIR,2,205.00
TOO-COM-W0287J-17MM,Com Ratchet Wrench 17MM,Hand Tools,PCS,2,32.30
TOO-COM-W0287K-18MM,Com Ratchet Wrench 18MM,Hand Tools,PCS,2,32.90
TOO-CUT-SNIW107B,Aviation Snips 250MM W0107B,Power Tools,PCS,4,37.90
"TOO-DRV-STA-PH1-3/16""X4""-9960651630","Cushion Grip S/dr PHILIPS-3/16""X4""X1PT ( 1X100MM)",Power Tools,PCS,12,9.90
TOO-FIL-BCC-4.5200MM,Bahco Chain Saw File 168-8-4.5-3P 11/641IN (PCS),Hand Tools,PCS,9,6.40
"TOO-HOL-MAG-BOSSMAN-5""",Bossman Magnetic Weld Holder 5,Power Tools,PCS,4,35.90
TOO-PLI-COM-W208D,Combination Pliers 200MM B208D,Power Tools,PCS,7,20.90
WOR-REM-CEM-WK-PT-59909,Worker 2KG Cement Remover,Chemicals & Adhesives,TIN,10,12.80
CHE-LUB-HD250-400ML,Belt Dressing Spray:hardex 400ML,Chemicals & Adhesives,CAN,5,25.50
DOR-LOC-LEV-SMR-3491SS,Heavy Duty Level Lock SMR-3491SS,Locks & Security,SET,7,52.90
FAS-SCR-DS520HW-MET,10 X 3/4 Self Drilling Screw (500PCS/BOX),Fasteners & Fixings,BOX,17,60.50
"GAS-REG-GIM-1/4""",1/4 Bosco Gas Regulator,Home Appliances,PCS,10,39.60
IND-TRU-PVC-300P,300P PVC Flat-bed Trailer,Building Materials,PCS,2,219.00
LOC-GLO-BRA-GLBBC50,Glocks Brass Padlock GLBBC50,Locks & Security,PCS,10,37.50
RAI-BOO-KRK-Y41#,Rainshoes - 41 (8) 7000YLW,Curtains & Blinds,PAIR,12,33.90
SCP-FIL-POW-464GM,Scin Powder Filla,Paint & Sundries,BOX,6,2.50
SWI-ADA-3388-931L,Taicon 3388 Multi Travel Adaptor,Electrical,PCS,6,11.30
SWI-T/SOC-1540B-5M1G,1G Extension Socket Sp,Electrical,SET,8,19.90
TOO-ELE-GUN-RKEY-3802-40W,40W R'key Electric Soldering Iron - 3802,Home Appliances,PCS,4,14.90
BUT-STOP-0201,Stop Button,Other,PCS,4,9.50
CUT-TIL-BLI-BLM800,Blimax Laser Tile Cutter (laser),Flooring,SET,1,399.00
DOR-STO-TRANSP-38MM,Transparent Door Stopper,Doors & Hardware,PCS,31,3.40
DRI-26170(4-12),Br 6250 Hex Shank Step Drill 4-12MM,Power Tool Accessories,PCS,10,15.90
ELE-PEN-81218/1-E27,81218/1 Pendant Lamp Round Base,Lighting,PCS,15,29.00
"FAS-SCR-CSK-1 1/4"" X 6G - BOX",Sr Csk Tapping Screw 1 1/4 X 6G (1000PCS/BOX),Fasteners & Fixings,BOX,3,69.90
GAS-STO-HM-HGB-1690,Homa Plus Cast Iron Automatic Stove (31A)-1690,Home Appliances,UNIT,4,125.00
KGR-KIM-1L-9222,1 Litre KIMTONE-9222,Paint & Sundries,TIN,3,37.50
LOC-CZS-L40MM,Czs 360 Padlock L40MM,Locks & Security,PCS,36,9.80
NP-BAR-B800-5L,5L Bintang Automative Refinish B800 Black (basic),Other,UNIT,2,212.00
"PAI-ROL-FRA-7""",Smr F380 Paint Roller Frame 7,Paint & Sundries,PCS,21,5.90
TOO-COM-W0287I-16MM,Com Ratchet Wrench 16MM,Hand Tools,PCS,2,30.50
TOO-NIE-SCR-EXT-12/240,Nietz 5 Screw Extractor Set 12/240 50149805,Fasteners & Fixings,SET,3,32.90
WIN-HOO-PIN-8406,Sr Pin Hook 8406 (25PCS/PCK),Doors & Hardware,PCK,54,3.30
CUT-PRU-PAS-W815,W815 By-pass Pruner 200MM,Abrasives & Cutting,PCS,12,23.90
ELE-D/L-PHL-59466-RD-4000K,59466 Meson 17 1200 150 Round 4000K,Electrical,SET,28,37.90
"FAS-SCR-CSK-1 1/4"" X 8G",Sr Csk Tapping Screw 1 1/4 X 8G (20PCS/PCK),Fasteners & Fixings,PCK,68,3.60
"FAS-SCR-F/H-1 1/4"" X 8# BOX",Sr F/h Self Drilling Screw 1 1/4 X 8 (1000PCS/BOX),Fasteners & Fixings,BOX,2,74.50
GUN-TAC-IMT,Arrow Iron Cover Mini Tacker,Home Appliances,PCS,19,19.90
HOS-NET-MIK-19MM,Mikasa Net Hose - 19MM X 50M,Outdoor & Garden,COIL,2,124.00
"IND-CAS-H/DUTY-MCLSCB-4""",4 DL5 H/duty Mcl Swivel Caster W Double Brake,Fishing & Tackle,PCS,6,68.90
KGR-KIM-1L-9213,1 Litre KIMTONE-9213,Paint & Sundries,TIN,3,37.50
KGR-KIM-1L-9221,1 Litre KIMTONE-9221,Paint & Sundries,TIN,3,37.50
LOC-CZS-40MM,40MM Czs 360 Padlock,Locks & Security,PCS,65,8.90
PIP-HDPE-25MM-N-SIRIM,HDPE Pipe 25MM (non-sirim),Plumbing,COIL,8,132.00
SAF-HEL-PRO-YEL,Progruard Safety Helmet - Yellow,Safety & Workwear,PCS,36,16.90
SHH-REEL-DH200,Baitcasting Reel 18+1BB (left),Fishing & Tackle,PCS,5,78.00
TOO-PLI-CIR-WSS175B,External Circlip Pliers Straight 175MM,Power Tools,PCS,8,15.90
TOO-PLI-NOSW508200,F508 Long Nose Pliers 200MM,Power Tools,PCS,7,18.50
TOO-WRE-KEY-W0198A,9PCS Extralong Ball Point W0198A,Power Tools,SET,7,19.50
ABR-PAP-621-527,G60 Ewd Hand Sanding Sheet,Abrasives & Cutting,SHT,147,2.30
DOR-SET-ATH-130,Mb Armor Double Handleset,Doors & Hardware,SET,1,152.00
"FAS-SCR-CSK-1"" X 6G - BOX",Sr Csk Tapping Screw 1 X 6G (1000PCS/BOX),Fasteners & Fixings,BOX,3,58.80
"HHD-SOC-YG241-1/2""X50MM","Mxm Brass Connector 1/2""X50MM",Bathroom,PCS,4,6.70
HOS-FLE-MMAN-F13X6,M'man S/steel Flexible Hose - F13 X 6,Outdoor & Garden,PCS,6,22.90
HOS-REL-EAG-EG2030#,Eagle Hose Reel 20M Hose (EG2030 ),Fishing & Tackle,PCS,2,179.00
IND-WIR-MES-1212-18GX100,Wire Mesh 1/2/ X 1/2 X 3 X 18G,Electrical,ROLL,7,284.00
LAD-ALU-WORKER-DS06,Worker DS06 D/side Alum. Ladder (LDD06-MF),Ladders & Access,UNIT,2,248.00
LOC-COL-RB401,Colex Anti- Cut Long Shackkle Padlock RB-401,Locks & Security,PCS,9,38.80
MAC-SEA-SF-200-90200005,Spare Part- Impulse Sealer Heat Element Kit,Paint & Sundries,PCS,3,6.00
MEA-TAP-BLI-7.5M-B7,Blimax Measuring Ds Luban Tape 7.5M LB7,Hand Tools,PCS,21,17.90
RAINBOW-G888-90GM,90GM Rainbow Sparkle Gold Paint G888,Paint & Sundries,BTL,6,21.90
TOI-TRP-C102P-WHT,Water Closet P Trap - White,Plumbing,NOS,10,129.00
"TOO-CUT-BOL-GT24""",Glotool Bolt Clipper 24,Fasteners & Fixings,PCS,2,58.00
TOO-ELE-TESW0183,W0183 Tester,Power Tools,PCS,40,2.90
TOO-WRE-KEY-69213,10PC Ring Hex Key Set,Power Tools,SET,4,32.50
CIMA-5864/L/24W,L/ceiling Lamp 22W L/day Light (G2) 5864,Lighting,SET,6,69.00
CLI-HOS-13-19,PVC Wing Hose Clip 13-19,Outdoor & Garden,PCS,86,1.80
COC-PVC-SOW-SWL-31,Sowali (SWL-31) Rotatable Water Tap Filter,Pumps & Water,PCS,7,13.90
CUT-DIS-HIT-14X25.4MM,Cut Off Wheel 14 (355X2.8X25.4MM),Abrasives & Cutting,PCS,16,16.90
DC-D03-T50DC,Air Brad Nailer,Power Tools,SET,1,145.00
DOR-SET-ATH-120,AC Armor Double Handleset,Doors & Hardware,SET,1,96.00
EXH-FAN-FN30A,Dekka Apb 30A 12 Wall Exhaust Fan,Fans & Ventilation,PCS,4,99.00
"FAS-SCR-TAP-CSK-10#2-1/2""-BOX",10 X2-1/2 Csk Self Tapping Screw-flat Head (250PCS/BOX),Fasteners & Fixings,BOX,3,49.90
GRA-CUT-LIN-A6481,Spool&line,Outdoor & Garden,PCS,3,38.00
IND-FIL-100MM,Stretch Film 4IN X,Building Materials,ROLL,68,4.20
IND-SCP-FR9788-2-1/2,2-1/2 Faris W Handle Finishing Scraper,Doors & Hardware,PCS,18,6.30
IND-TRU-MET-300KG,Platform Hand Truck-metal STP300 300KGS,Building Materials,UNIT,2,215.00
KGR-ADH-1000ML,Kangaroo Brand 505 Super Adhesive 1 Litre,Chemicals & Adhesives,TIN,36,37.50
LOC-CZS-L50MM,Czs 360 Padlock L50MM,Locks & Security,PCS,29,10.90
LOC-ENT-EPO-H041/AC,Epo Entrance Lock Set (H041/AC),Locks & Security,SET,3,139.00
PUL-GAT-6153X2T,R'key Gate Puller,Doors & Hardware,PCS,2,68.80
RAK-BLU-YEL-6'H X4'X3'X4'(L),Gs Boltless Rack 6'(H)X4'(L)X2'(W)X4LVLS (blu/yel) 9MM Thk Plywood,Building Materials,UNIT,1,370.00
ROP-PE-12MM,12MM P. E Rope,"Rope, Chain & Netting",MTR,394,1.70
SAF-LAS-CAR-GLO-50MM,"Ratchet Tie DOWN-2""X10M",Safety & Workwear,SET,9,41.00
THI-10KG,Gold Pyramid 10KG Thinner,Paint & Sundries,TIN,2,103.00
TOO-CUT-SNI-W108B,Tin Cutter 200MM W108B,Power Tools,PCS,4,29.50
TOO-WRE-PIP-W250C,Heavy Pipe Wrench (250MM),Hand Tools,PCS,2,26.50
TOPLUS-WEA-PLUS-5L-A,5L Toplus Weather Plus A Base,Paint & Sundries,CAN,12,141.00
BNW-B&N-RBN-250-BOX,Sr G. I Boit & Nut 1/4 X 5 (box),Fasteners & Fixings,BOX,2,69.50
"CLI-HOS-GP-1""",Gp S/steel Hose CLIP-1 (16-25MM),Outdoor & Garden,PCS,114,1.40
CUT-DIS-HIT-GRI-4X6MM,Grinding Wheel 4 X 6MM (100X6X16MM),Abrasives & Cutting,PCS,62,3.70
DOR-LOC-MOR-H-003,Double Elephant Mortice Lock,Locks & Security,SET,10,34.90
DOR-ROL-GAT-75MM-V70,"V70 V Roller Bolt & Nut 3""X23MM",Fasteners & Fixings,PCS,37,24.50
FAN-DES-MOTTO-AFM01,Motto Desk Fan 60/7 - AC White,Fans & Ventilation,UNIT,2,149.00
FAS-SCR-DS665HW-MET,12 X 2.1/2 Self Drilling Screw (250PCS/BOX),Fasteners & Fixings,BOX,16,57.90
"FAS-SCR-TAP-CSK-8#2 1/2""-BOX","8 X2-1/2""CSK Self Tapping Screw-flat Head (500PCS/BOX)",Fasteners & Fixings,BOX,2,68.00
IND-TRU-150KG,PVC Platform Hand Truck STP150 150KGS,Building Materials,UNIT,2,210.00
LAD-ALU-WORKER-SS07,Worker SS07 S/side Alum. Ladder (LDS07-MF),Ladders & Access,UNIT,2,219.00
PAI-SPR-PMT-015,Paint Master Spray Paint - No. 15 Sky Blue (DOZ),Paint & Sundries,DOZ,2,66.90
PAI-SPR-PMT-190,Paint Master Spray Paint - No. 190 Lacquer,Paint & Sundries,DOZ,2,66.90
PLUG-TOP-SIR-13AMP,Isafe Plug Top With SIRIM,Electrical,PCS,277,3.90
PYE-FLE-SEAL-1.0KG-WHI,PYE Flexible Seal 1.0KG (white),Building Materials,TIN,20,28.90
SAF-MAS-3MR6200+3MR6003,3M Half Facepiece RESPIRATOR+3M Organic Vapor,Safety & Workwear,SET,3,125.00
TOO-NIE-TAM-T25,Nietz E/long Tamper Tx-star Wrench (red) 53283025,Hand Tools,PCS,3,8.70
WEL-CAB-UNI-500AMP,Uniflux 500A X 90M Welding Cable,Electrical,MTR,98,15.90
WEL-MAC-STW-200E,Starweld Welding Machine Acc. MMA200E,Welding,UNIT,1,398.00
ABR-PAP-621-532,G180 Ewd Hand Sanding Sheet,Abrasives & Cutting,SHT,134,2.30
ABR-PAP-621-533,G220 Ewd Hand Sanding Sheet,Abrasives & Cutting,SHT,136,2.00
BBQ-GRI-JJD-40X60CM,40X60CM Bbq Grid,Outdoor & Garden,PCS,7,14.50
"CLI-HOS-GP-5/8""",Gp S/steel Hose CLIP-5/8 (9-16MM),Outdoor & Garden,PCS,145,1.10
COC-BAL-SAN-CKT1512,Sanwa BALLCOCK-CKT15 1/2,Plumbing,PCS,23,34.90
CUT-PIP-W0204PVC,PVC Pipe Cutter (36MM),Plumbing,PCS,6,21.50
DOR-HAN-CH608-NA-R,Na-r Casement Handle,Doors & Hardware,PCS,23,4.20
ELE-CAB-WIR-ML-1.5MM2-RED,ML PVC Cable Red 1.5MM2,Electrical,ROLL,11,79.00
ELE-CEI-LIG-4001/400-CL,Ceiling Light 4001-400,Lighting,PCS,4,109.00
"FAS-SCR-CSK-1 1/2"" X 6G - BOX",Sr Csk Tapping Screw 1 1/2 X 6G (1000PCS/BOX),Fasteners & Fixings,BOX,2,79.00
"FAS-SCR-F/H-5/8"" X 8# BOX",Sr F/h Self Drilling Screw 5/8 X 8 (1000PCS/BOX),Fasteners & Fixings,BOX,3,46.80
GAR-HOE-12141,Gh 202 2WAY Rubber Handle Hoe,Doors & Hardware,PCS,10,9.50
GRE-TOYO-450GM,Toyo Eaj 8000 Hi-temp Bentonite Grease,Other,TIN,12,23.90
HOS-SPA-TAP-C222,C222 Spare Cartridge (for L Handle),Doors & Hardware,PCS,15,6.50
LOC-COL-ZK505,Safety Chrome Plated Padlock ZK-505,Safety & Workwear,SET,4,89.90
NP-BAR-BS1094-1L,1L Bintang Automotive Refinish 033 White (premixed),Automotive,TIN,7,49.00
PUM-TSU-HPC6091,Tsunami Hpc 6091 High Pressure Pump Cleaner,Chemicals & Adhesives,UNIT,5,298.00
PYE-FIL-WAL-PUTTY-0.5KG-B*,PYE Wall Filla E Putty 0.5KG (yellow Cap),Paint & Sundries,TIN,35,5.30
RAI-BOO-KRK-Y40#,Rainshoes - 40 (7) 7000YLW,Curtains & Blinds,PAIR,10,33.90
SCP-TOI-CONCR-CLE-1LTR,1LTR Scp Concrete Cleaner,Chemicals & Adhesives,BTL,7,11.90
SWI-SOC-ALM-MK-G2873,Mk Alm 15A X 2 M/c S/socket,Electrical,PCS,3,42.90
TOO-COM-W0287A-08MM,Com Ratchet Wrench 08MM,Hand Tools,PCS,3,18.80
TOO-COM-W0287H-15MM,Com Ratchet Wrench 15MM,Hand Tools,PCS,2,27.20
TOO-PLI-DIA-W608,C608 Diagonal Cutting Pliers 200MM,Power Tools,PCS,6,18.90
TOO-WRE-KEY-69251,8PC S/arm Hex Key Set,Power Tools,SET,4,28.80
ABR-PAP-621-536,G400 Ewd Hand Sanding Sheet,Abrasives & Cutting,PCS,133,2.00
DOR-LOC-CAM-30MMX90,Degree Excel Camlock,Doors & Hardware,PCS,19,4.50
GAS-REF-RG2,RG-2 18ML Neon Mini Lighter Gas Refill,Home Appliances,PCS,10,2.90
GRE-TOYO-350GM,Toyo MP2 Lithium Ep Grease,Other,TIN,12,22.50
HAR-SHOE-HE450-20G,Shoe Adhesive Hardex,Chemicals & Adhesives,PCS,17,5.20
HOS-BW14/15-1004512-26,HP Hose Black+decker,Outdoor & Garden,PCS,1,119.00
HOS-CON-EG-368-CLIPS,Eagle (EG-368) : Tap Adapter With Clips,Outdoor & Garden,PCS,12,9.90
HOS-CON-EG4111-40200017,Ecogreen - Hose Quick Connector / 1/2,Outdoor & Garden,PCS,21,5.60
ICE-COO-INO-23LTR-THBW/JUMBO-K,Inova 23LTR. Jumbo K Ice Cooler W/rice Ladle,Other,PCS,3,108.00
PUM-WTR-ADE-AWJ2-5,Adelino S/s Mul. Stage Centrifugal Auto. Pump,Pumps & Water,UNIT,1,1329.00
SCA-CAM-SQ15KG,Camry- Spring Scale Sq / 15KG,Housewares,PCS,7,79.00
SELF-HOO-SIN-GS304SH,No Drill Self Adhesive Single Hook,Power Tools,PCS,18,4.90
SWI-SOC-ELE-E0813B,Elegance 13A Flat Pin Double Pole Swi Soc-blk (E0813B),Electrical,PCS,51,21.50
TIE-CAB-WHI-8MMX300MM,"White PVC Cable Ties (12"")",Electrical,PCK,8,16.90
TOO-CUT-BOLW0121A,Bolt Cutter 900MM,Fasteners & Fixings,PCS,1,175.00
WAL-PLU-JWP-8MM,Jaw Wall Plug 8MM (10PCS/PCK),Fasteners & Fixings,PCK,18,6.90
X-ADH-TAP-MWP037A,Vago Seal Tape,Power Tools,PCS,85,1.30
AUT-POL-AUT-MET75ML,Autosol Metal,Other,PCS,18,14.80
COV-JAC-L/B-2XL,L/blue Jacket (r) : 2XL,Outdoor & Garden,PCS,2,52.90
CUT-SAW-STA-MINI-992020807,"Mini Hacksaw (220MM/ 8-3/4"")",Hand Tools,PCS,17,12.90
"FAS-SCR-CSK-3/4"" X 6G - BOX",Sr Csk Tapping Screw 3/4 X 6G (1000PCS/BOX),Fasteners & Fixings,BOX,3,49.90
FAS-SCR-TD650HW-WOOD-400PCS,12X2 Self Drilling Scrw (400PCS/BOX),Fasteners & Fixings,BOX,9,89.90
FAS-SCR-TECH-METAL-65MM-BOX,Techscrew-metal Screw X 65MM (200PCS/BOX),Fasteners & Fixings,BOX,5,24.90
FLO-PVC-KJ-TH121-2,Zirafah PVC Flooring H117-12,Flooring,ROLL,3,119.00
FLO-PVC-NO-H198-1,Zirafah PVC Flooring H065-6,Flooring,ROLL,3,119.00
GAR-SPR-E93/G851,Water Sprayer 1000CC,Outdoor & Garden,PCS,15,5.90
"HOS-CON-EG-314-13MM-1/2""",Eagle (EG-314) : Hose Connecter Adapter,Outdoor & Garden,PCS,18,5.80
"IND-CAS-SWI-INS-2""",2 DL5 Tpe Insertion Rod Swivel Caster,Fishing & Tackle,PCS,20,15.90
IND-WHE-TYR-AIR-ST22,ST22 Air Wheel,Building Materials,PCS,12,26.90
INS-IS6035,One Piece Wash Down WC S-TRAP-250MM IS6035,Plumbing,SET,1,1290.00
LOC-GLO-BRA-GLBBC40,Glocks Brass Padlock GLBBC40,Locks & Security,PCS,12,24.50
LOC-VIVOZ-V40MM,Vivoz Chrome Pad V-6000 LOCK-40MM,Locks & Security,PCS,4,11.50
MEA-TAP-STA-8.0M,8M/26 X 1 Global Tape,Hand Tools,PCS,9,35.90
POW-YELLOW,Yellow Powder,Other,TIN,22,13.50
SWI-S/SKT-LWD-4013-13A,NNE 13A S/skt (sr),Electrical,PCS,78,9.30
SWI-SOC-NNE-9499,NNE 9499 Metalclad Switch Socket 1GANG 13A,Electrical,PCS,30,28.80
TAP-CAB-CB65SS,Cab S/s 304 Basin Cold Tap,Bathroom,PCS,1,55.00
TOI-CAS-WD005-S-TRAP,Closed Coupled WC 250MM S Trap,Plumbing,SET,2,649.00
TOO-DRV-IMP-2500#,Impact Screw,Power Tools,SET,4,32.90
TOO-NIE-TAM-T20,Nietz E/long Tamper Tx-star Wrench (red) 53283020,Hand Tools,PCS,3,7.70
BOS-SM2040,Sumo 4T Motor Oil (1.0 Liter),Automotive,BTL,1,23.90
BRO-PLA-SB9226,Colourful Plastic Broom 180G,Housewares,PCS,40,8.60
"CLI-HOS-GP-1.1/2""",Gp S/steel Hose Clip- 1.1/2 (21-38MM),Outdoor & Garden,PCS,77,1.80
"CUT-SAW-BAH-20""",NP-19 Bahco Universal Handsaw,Abrasives & Cutting,PCS,6,55.00
ELE-CON-TOO-A86-BLK,Taicon Nut Box Conceal Tools,Fasteners & Fixings,PCS,3,1.10
GRA-SSS-304-150MM,6-412 Vip St. Steel (304) Double Grating 6 X 6,Outdoor & Garden,PCS,89,9.90
GUM-HAR-205-25ML,Clear Epoxy Hardex 5MIN 25ML,Chemicals & Adhesives,SET,8,9.90
"IND-CAS-SWI-BRA-2""",2 DL5 Tpe 360 Degree Swivel Caster W Brakes,Fishing & Tackle,PCS,25,12.90
IND-WHE-TYR-PUPVC,13X3 Pu Wheel - PVC Rim,Building Materials,PCS,10,29.80
LOC-COL-ZK503,Safety Chrome Plated Padlock ZK-503,Safety & Workwear,SET,6,59.50
"PAI-IRO-12""",Iron Pail 12,Home Appliances,PCS,5,75.00
SCA-TCS-60-JCS67Z-60KG,Camry-price Computing Scale TCS-60-JCS67Z/60KG,Housewares,PCS,1,359.00
TAP-SIN-STN116BK,Sksk S/steel Sink Out Kitchen Tap-black,Kitchen & Sinks,PCS,1,34.90
TOL-POW-500G,500G Toilet Powder,Bathroom,BTL,18,15.90
TOO-DRV-STA-5X200MM,"Cushion Grip S/dr Std - (3/16""X8"")",Power Tools,PCS,7,13.80
"TOO-DRV-STA-PH2-1/4""X08""","Cushion Grip S/dr PHILIPS-1/4""X8""X2PT ( 2X200MM)",Power Tools,PCS,7,15.90
TOPLUS-HIG-GLO-1L-B,1L Toplus High Gloss B Base,Paint & Sundries,CAN,8,25.90
ABR-PAP-621-537,G500 Ewd Hand Sanding Sheet,Abrasives & Cutting,SHT,122,2.00
ABR-PAP-621-538,G600 Ewd Hand Sanding Sheet,Abrasives & Cutting,SHT,122,2.00
BOS-1607-950-045,Bosch Drill Chuck Key,Power Tool Accessories,PCS,4,19.90
CHA-JT4808-BLACK,Size Chair (black),Outdoor & Garden,PCS,34,28.80
"CLI-HOS-GP-1/2""",Gp S/steel Hose CLIP-1/2 (6-12MM),Outdoor & Garden,PCS,147,1.00
CUT-BLA-ECL-2514T14,Eclipse Hacksaw Blade - 25MM X 14T X 14,Hand Tools,PCS,6,42.50
DOR-LOC-LEV-SMR-3491AC,Heavy Duty Level Lock SMR-3491AC,Locks & Security,SET,5,56.60
DOR-LOC-LEV-SMR-3491MG,Heavy Duty Level Lock SMR-3491MG,Locks & Security,SET,5,56.90
"FAS-SCR-DRY-WHI-6#1""BOX",Hunter/wh - Drywall Screw 6 X1,Fasteners & Fixings,BOX,56,12.90
"FAS-SCR-P/H-1"" X 8#-BOX",Sr P/h Self Drilling Screw 1 X 8 (1000PCS/BOX),Fasteners & Fixings,BOX,2,61.90
FAS-SCR-TD640HW-WOOD,12 X 1 1/2 Self Drilling Screw (300PCS/BOX),Fasteners & Fixings,BOX,2,61.50
FLO-PVC-NO-279-02,PVC Flooring No. 521-05,Flooring,ROLL,2,169.00
FLO-PVC-NO.9607,PVC Flooring No. 522-02,Flooring,ROLL,2,169.00
GAR-HOE-106B,Garden Hoes With Wood Handle 106B,Doors & Hardware,PCS,9,9.50
GAS-TOR-ASUMA-AS605,Asuma Multi Purpose Flamme Tor,Home Appliances,SET,1,30.90
GAS-TOR-KT-2008,Kovea Rocket Torch,Lighting,PCS,18,18.50
HOS-FLE-MIX-YG407,"Flex. Hose For Mixer 1/2""XM10",Outdoor & Garden,PCS,9,10.90
"IND-CAS-SWI-INS-BRA-2""",2 DL5 Tpe Insertion Rod Swivel Caster W Brake,Fishing & Tackle,PCS,17,17.80
LAD-ALU-WORKER-SS06,Worker SS06 S/side Alum. Ladder (LDS06-MF),Ladders & Access,UNIT,2,189.00
LOC-COL-RA401,Colex Anti-cut Steel Padlock RA-401,Locks & Security,PCS,8,36.90
MEA-TAP-SENSUI-JBM048-25FT,25FT Sensui Measuring Tape (S10),Hand Tools,PCS,8,39.50
MEA-TAP-SUN-7.5M,Sunlon M. Tape 7.5M/25,Hand Tools,PCS,10,25.90
PAI-BRU-680-038MM,Paint Brush 680 X 38MM,Paint & Sundries,DOZ,10,20.00
PAI-HAN-ROC-1158#,Rockey 5M Twist Paint Roller 1158,Paint & Sundries,PCS,31,39.90
PAI-TIG-250ML-RED,250ML Ocean Gloss (red),Paint & Sundries,DOZ,1,119.00
PYE-FLE-SEAL-4.5KG-WHT,PYE Flexible Seal 4.5KG White,Building Materials,TIN,5,108.00
SAF-SHO-NK80-10,Neuking NK80 Black 10,Safety & Workwear,PAIR,2,155.00
SAF-SHO-NK80-11,Neuking NK80 Black 11,Safety & Workwear,PAIR,2,155.00
SWI-CABLE-REEL-MS4000-7M,Morries 7M Portable Cable Reel,Fishing & Tackle,PCS,3,99.00
TOI-CAS-WD014-S,Epson Close Couple S-trap 250MM,Plumbing,SET,2,599.00
"TOO-CLA-F-BLI-12""",Blimax Quick Release F CLAMP-12,Hand Tools,PCS,17,17.20
"TOO-CUT-BOL-GT18""",Glotool Bolt Clipper 18,Fasteners & Fixings,PCS,2,45.90
TOO-CUT-BOLW0118A,Bolt Cutter 450MM,Fasteners & Fixings,PCS,2,69.50
TOO-PAC-SET-TP16,TP16 Manual Packing Machine & Plier,Hand Tools,SET,3,125.00
BBQ-GRI-JJD-B017,38X50CM Bbq Grid,Outdoor & Garden,PCS,7,12.50
CHA-CAP-SQU-EXT-19MM,Square External Cap 19MM (4PCS/PCK),Outdoor & Garden,PCK,8,2.20
"DOR-72'WX71.7/8""","72'W X 71 7/8 H Pc White Casement Window Outer, Inner Frame 5MM Green Reflective",Doors & Hardware,SET,1,1229.00
DOR-HIN-SGD-DH753030,"(5""X3""X3.0MMX3PCS) 4BB St. Guchi Hinges",Doors & Hardware,PCK,1,119.50
DOR-INS-KIT-180MM,200MM Bott Installation Kit,Doors & Hardware,PCS,3,64.90
FLO-PVC- NO.483-01,PVC Flooring No. K35707,Flooring,ROLL,2,164.00
FLO-PVC-300-11,PVC Flooring No. K36004,Flooring,ROLL,2,164.00
FLO-PVC-469-02,PVC Flooring No. 470-21,Flooring,ROLL,2,164.00
FLO-PVC-482-14,PVC Flooring No. 090-30,Flooring,ROLL,2,164.00
FLO-PVC-K32606,PVC Flooring No. K36205,Flooring,ROLL,2,164.00
FLO-PVC-NO-K21114,PVC Flooring No. K20901,Flooring,ROLL,2,164.00
FLO-PVC-NO-K23706,PVC Flooring No. K11116,Flooring,ROLL,2,164.00
GAR-CUT-SCIW4143A,Multi-functional SS Scissors 150MM,Outdoor & Garden,PCS,8,9.50
GRA-CUT-21V,Grass Cutter 21V Battery Cordless Grass Cutter,Power Tools,SET,5,279.00
HHD-FLU-M0676-L110W-40MM,Techplas Flap Outlet Valve,Plumbing,PCS,26,36.90
HOS-NET-MIK-32MM,Mikasa Net Hose - 32MM X 40M,Outdoor & Garden,COIL,1,194.00
IND-SCP-FR9788-1,1 Faris W Handle Finishing Scraper,Doors & Hardware,PCS,19,4.90
IND-TRO-SMR1011B,"Smr Blue H'dle SS Trowel 4""X11",Hand Tools,PCS,14,20.50
KGR-FLO-COA-9282,Kangaroo Floor Coat 9282 - French Grey,Paint & Sundries,TIN,7,199.00
LOC-CYL-SGD-C3010/70MM,Ss/privacy St. Guchi Cyl Lock,Locks & Security,PCS,7,46.90
LOC-ENT-EPO-H061/AC,Epo Entrance Lock Set (H061/AC),Locks & Security,SET,2,168.00
PAI-BRU-633-100MM,Paint Brush 633 X 100MM,Paint & Sundries,DOZ,5,38.90
SAF-SHO-NK80-08,Neuking NK80 Black 08,Safety & Workwear,PAIR,2,155.00
SHH-SINKER-NO.6,Single Head Sinker No. 6 (1PC/PCK),Fishing & Tackle,PCS,55,4.50
"SIN-STA-RAC-42""",42 S/steel Sink Bracket,Kitchen & Sinks,SET,2,169.00
TOO-COM-PLI-AC208,Combination Pliers 200MM AC208,Power Tools,PCS,6,17.50
"TOO-DRV-STA-PH2-1/4""X10""-9960651710","Cushion Grip S/dr PHILIPS-1/4""X10""X2PT ( 2X250MM)",Power Tools,PCS,5,19.90
"TOO-HOL-MAG-VESIC-3""-BMWH-3",3 Bossman Magnetic Weld Holder (25-LBS),Power Tools,PCS,8,14.90
TOO-PLI-CUTW106,Side Cut Pliers 150MM,Power Tools,PCS,6,17.90
TOO-TYR-LEV-W0014D,"Type Lever 24""/600MM",Power Tools,PCS,2,56.80
TOO-WRE-FOLW0408,8PCS Folding Box End Hex Key,Power Tools,PCS,5,19.90
TOO-WRE-FOLW0409,8PCS Folding Hex Key,Power Tools,PCS,5,20.80
VAL-BAL-VIP-343-12MM,Full Bore Ball VALVE:PN25 343 1/2,Plumbing,PCS,38,19.50
X-GUN-TAC-BC-R23,Rapid Stapler,Power Tools,PCS,1,119.00
ABR-PAP-621-528,G80 Ewd Hand Sanding Sheet,Abrasives & Cutting,SHT,116,2.30
BNW-BOL-SS304-M10-50MM,SS 304 Bolt - M10 X 50MM,Fasteners & Fixings,PCS,54,2.40
CUT-CHI-JM-30-5,Jayamata Harvest Palm Oil Chisel 5,Hand Tools,PCS,5,51.50
ELE-CAB-VDE-BLK,Taicon 23/0.15 X 2 Core Vde Cable - Black,Electrical,MTR,16,1.50
"FAS-SCR-TAP-CSK-8#2""-BOX",8 X2 Csk Self Tapping Screw-flat Head (500PCS/BOX),Fasteners & Fixings,BOX,2,55.90
GAS-REG-BTY181-V,Butterfly Hpg Regulator,Home Appliances,PCS,7,49.50
IND-DUS-ALI-120L,Aliclean HDPE Dustbin 120LTR,Plumbing,PCS,7,149.00
INS-IS6127,One Piece Wash Down WC S-TRAP-250MM IS6127,Plumbing,SET,1,1160.00
LOC-SGD-PL100-40MM,Armor Solid Brass Cp Anti-cut Padlock APL1000-40MM,Locks & Security,PCS,1,49.50
NAIL-TUFTING-TN-7225-BOX,U Clip Tufting Nail 25MM X 7.3MM (100PCS/BOX),Fasteners & Fixings,BOX,2,67.00
ROP-WIR-GAL-6.0MM,Galv Wire Rope-cnn 6.0MMX6X19,Lifting & Rigging,MTR,124,2.80
"SANDEX-VEL-PAD-M10-4""","Sandex 4 Velcro Backing Pad, M10",Abrasives & Cutting,PCS,43,5.90
SIN-CLE-DRA-07024(5HD),H/duty Drain Cleaner,Chemicals & Adhesives,PCS,6,22.50
TOO-PLI-CIR-WNS01,Circlip Pliers 175MM,Power Tools,PCS,4,25.90
CUT-BLA-DT3676,"Planer Blades, Dewalt",Power Tools,PAIR,2,38.50
DOR-LOC-CAM-X16MMX90,Target 9007 CAMLOCK-16MM,Doors & Hardware,PCS,17,4.60
FAN-CEI-ALP-FC13,Cosa Express 54''/5B LED Ceiling Fan -matt Blk,Fans & Ventilation,UNIT,1,335.00
FAS-SCR-ZPH-DSMHO516-BOX,Sr Zph Self Drilling Screw (1000PCS/BOX) DSM-HO516,Fasteners & Fixings,BOX,13,56.00
GAR-RAK-PVC-20T,20T Hero Garden Rake,Outdoor & Garden,PCS,8,10.90
SHH-SINKER-NO.1,Single Head Sinker No. 1 (2PCS/PCK),Fishing & Tackle,PCK,72,3.00
TOO-COM-W0287E-12MM,Com Ratchet Wrench 12MM,Hand Tools,PCS,2,22.90
TOO-NIE-TAM-T30,Nietz E/long Tamper Tx-star Wrench (red) 53283030,Hand Tools,PCS,2,10.50
TOO-PLI-CIR-GTEB150,Glotool Circlip Plier - Ext Bent,Hand Tools,PCS,2,12.10
WAL-DOW-NF-1801/12OP,12 Lamp Globe Shape,Lighting,PCS,4,89.00
BNW-B&N-RBN-220-BOX,Sr G. I Boit & Nut 1/4 X 2 (box),Fasteners & Fixings,BOX,3,33.50
BNW-B&N-RBN-240-BOX,Sr G. I Boit & Nut 1/4 X 4 (box),Fasteners & Fixings,BOX,2,55.90
"BRA-SHE-YG782-20""",White H/duty Shelf Bracket 20,Housewares,PAIR,10,23.90
CHA-CAP-ROU-EXT-16MM,Round External Cap 16MM (4PCS/PCK),Outdoor & Garden,PCK,10,1.30
DRI-26170(4-32),Br 6250 Hex Shank Step Drill 4-32MM,Power Tool Accessories,PCS,4,32.90
"FAS-SCR-TAP-CSK-8#2 1/2""",8 X2-1/2 Csk Self Tapping Screw-flat Head (10PCS/PCK),Fasteners & Fixings,PACK,58,2.00
FLO-MOC-AZ617GRY,Azuba Grey AZ617GRY 600X600MM,Flooring,PCS,1,17.90
GUM-HAR-30,Metal Expoxy Hardex 3 Ton,Lifting & Rigging,SET,24,8.90
HOS-CON-EG4134-40200043,"Ecogreen-quick Connector (universal) 1/2"", 5/8"", 3/4",Outdoor & Garden,PCS,9,8.90
HOS-NET-MIK-12MM,Mikasa Net Hose - 12MM X 100M,Outdoor & Garden,MTR,96,1.60
MEA-TAP-SENSUI-X7-25FT,X7 25FT Sensui Measuring Tape,Hand Tools,PCS,14,19.90
MEA-TAP-STA-POW-10M,10M/33 X 1 Powerlock Tape Ruler,Hand Tools,PCS,4,63.90
SHH-SINKER-NO.2,Single Head Sinker No. 2 (2PCS/PCK),Fishing & Tackle,PCK,62,3.90
SHO-PVC-ARM100,Sy PVC Shower Rose ARM-4,Bathroom,SET,3,6.50
SWI-T/SOC-9822-2M2G,2GL T/skt W/surge (sr) 9822/2M,Electrical,SET,4,29.90
"TOO-CUT-BOL-MIN-GT8""",Glotool Mini Bolt Clipper 8,Fasteners & Fixings,PCS,5,12.90
TOO-ELE-GUN-R'KEY-3802-30W,30W R'key Electric Soldering Iron - 3802,Home Appliances,PCS,3,13.50
TOO-ELE-TESW0288A,W0288A Tester,Power Tools,PCS,11,6.90
TOO-TES-PEN-KT1960,Kingtoyo Auto,Power Tools,PCS,2,52.90
WAS-BAS-FIL-S90(185),S90 (185) Steel Washing Basin Filter,Bathroom,PCS,8,2.40
WEL-MAC-STW-120G,Starweld Welding Machine Acc. MMA120G,Welding,UNIT,1,318.00
ABR-PAP-621-540,Ewd Hand Sanding Sheet G1000,Abrasives & Cutting,SHT,107,2.00
ADH-TAP-SEA-2915,Somax 19MM X 0.2MM X 15M Seal Tape,Chemicals & Adhesives,PCS,275,2.90
CUT-CHI-JM-30-4,Jayamata Harvesting Palm Oil Chisel 4,Hand Tools,PCS,5,42.90
CUT-DEW-DW4785,"Diamond Blade, Dry 4",Abrasives & Cutting,PCS,12,20.90
"DL5SS-HOS-NIPP-1""X25MM",DL5 Hose Nipple 1 X 25MM,Outdoor & Garden,PCS,8,10.70
DOR-HOL-SGD-020SN,Sn St. Guchi Door Holder,Doors & Hardware,PCS,4,25.00
ELE-LED-FLO-SOR-25W-6500K,Ilite Solar Spotlite ILS-25W 6500K,Electrical,PCS,1,129.00
IND-TRU-MET-150KGS,Platform Hand Truck-metal ST150 150KGS,Building Materials,UNIT,2,179.00
JAC-BOT-CNN-B10TON,China Bottle Jack -10TON (l/w),Automotive,PCS,3,89.00
LOC-DEL-TZ-DL3871SS,Deluxe Cylindrical Lock,Locks & Security,PCS,19,12.90
PUM-WTR-ADELINO-ACM75,Adelino Centrifugal Pump Acm 75,Pumps & Water,UNIT,2,539.00
SAF-LAS-CAR-GLO-50MM*,Cargo Lashing 2 X 30FT (glolift),Safety & Workwear,SET,6,48.00
SHH-LURE-H2130-3.0CM,Huizhu Fishing Super Lure Frog 3.0CM (soft),Fishing & Tackle,PCS,4,8.50
SWI-BUT-HOI-15A-250V,Hoist Push Button Switch 15A 250V,Lifting & Rigging,PCS,30,28.30
SWI-SOC-ELE-E062B,Elegance 16A 2 GANG Auto Gate Swi-blk (E062B),Doors & Hardware,PCS,4,32.60
TIM-BUI-HAG-EH711,Hager Built IN Timer,Electrical,PCS,6,142.00
TOO-HAM-WOOD-BLI-27MM,Blimax Wood Claw,Hand Tools,PCS,15,16.90
TOO-PLI-CIRWSB175,External Circlip Pliers Bent Nose 175MM,Power Tools,PCS,6,16.50
TOO-WRE-ADJW300,Adjustable Wrench 300MM,Hand Tools,PCS,1,44.90
VER-MAR-3M-HRZTL,3M Vehicle Marking Hrztl Vert,Other,PAIR,3,79.00
WIN-HOO-PIN-8430,Sr Pleak Hook 8430 (10PCS/PCK),Doors & Hardware,PCK,40,2.00
"X-FAS-SCR-CSK-3/4"" X 8G - BOX",Sr Csk Tapping Screw 3/4 X 8G (1000PCS/BOX),Fasteners & Fixings,BOX,2,79.50
BOS-2607-010-079,Anti Splintering Device Gst 65,Power Tools,PCS,2,3.70
BOX-ICE-5LTR-RED/BLUE/GRE,5LTR Cooler Box,Housewares,PCS,1,33.00
DOR-STO-25X25MM,Red Rubber Door Stopper,Doors & Hardware,PCS,77,1.30
ELE-LED-SOL-YB-L10507-34W,Marviss 34W Outdoor Sensor Solar Light (L10517),Electrical,SET,8,89.00
ELE-T5-4-CIELO-W/W,Cielo T5 LED Fitting 4FT 18W WW-830,Plumbing,PCS,43,18.80
FAS-BOL-EXP-12100,Sh Expansion Bolt M12 X 100,Fasteners & Fixings,PCS,127,4.30
FAS-RIV-PAT-5/32X1/2-BOX,Blind Rivet: Jaguar 5/32 X 1/2 (500PCS/BOX),Fasteners & Fixings,BOX,4,25.90
"FAS-SCR-CSK-1 1/2"" X 8G",Sr Csk Tapping Screw 1 1/2 X 8G (20PCS/PCK),Fasteners & Fixings,PCK,41,4.20
HOS-CLE-01630,16MM X 30M Clear Hose,Outdoor & Garden,COIL,3,51.90
"IND-CAS-FIX-1.5""",1.5 DL5 Tpe Fixed Caster,Building Materials,PCS,31,8.90
JQB-JUMP-XPRESS-ULTRA,Jqb Jump Starter Jumpxpress Ultra,Power Tools,UNIT,3,349.00
NAI-ROO-SUP-P50MM-1KGS,E. G Roofing Nail - Plain 50MM 1KGS,Fasteners & Fixings,KG,12,8.90
PLA-BAG-W1000-2227,22 X 27 X Tbag Aa,Packaging,PCK,15,11.80
PSN-NC-EG4000PSK,4L Binchotan Thermo Pot,Home Appliances,PCS,1,298.00
SAF-BOX-ASM-250-E1,"Aero Digital Home Safe, 250X350X300MM, 14KG",Locks & Security,UNIT,1,298.00
SWI-PLK-NEO-1380N,Plk 20A Neon Heater Switch,Electrical,PCS,29,22.50
SWI-T/BOX-540A,Extension Box Sp PP100-540A,Electrical,SET,4,29.80
TOO-CLA-GW473160,Heavy G-shape Clamp 6,Hand Tools,PCS,7,36.50
TOO-HAN-T-STA-12MM,1/2 Dr Sliding T-bar 243MM/9-1/2,Power Tools,PCS,2,41.90
ABR-PAP-621-530,G120 Ewd Hand Sanding Sheet,Abrasives & Cutting,SHT,101,2.30
BOA-GYP-09MM,4 X 8 X 9.0MM Prima Flat Sheet,Building Materials,PCS,4,89.00
BOS-2609-110-015,Pin Spanner (for Sag),Hand Tools,PCS,3,6.50
CUT-DIS-ARC02,4 (A909) Sensui Diamond Grinding Bla,Abrasives & Cutting,PCS,9,25.90
"FAS-SCR-TAP-CSK-6#2-1/2""-BOX","6 X2-1/2""CSK Self Tapping Screw-flat Head (500PCS/BOX)",Fasteners & Fixings,BOX,2,53.90
GRA-CAB-CB6644,Cabana S/steel Floor Grating 4,Bathroom,UNIT,1,25.00
HHD-STO-JYMT-200MM,8 Jayamata Sharpening Stone,Bathroom,PCS,13,18.50
NAIL-TUFTING-TN-7220-BOX,U Clip Tufting Nail 20MM X 7.3MM (100PCS/BOX),Fasteners & Fixings,BOX,2,59.50
PAI-BRU-680-025MM,Paint Brush 680 X 25MM,Paint & Sundries,DOZ,9,18.60
PYE-FLE-SEAL-4.5KG-GREY,PYE Flexible Seal 4.5KG (grey),Building Materials,TIN,4,109.00
SAF-SHO-SUP-40#,Supersonic Safety Shoes 40 (6 ),Safety & Workwear,PAIR,3,89.00
SAF-SHO-SUP-41#,Supersonic Safety Shoes 41 (7 ),Safety & Workwear,PAIR,3,89.00
SHH-SINKER-NO.1/4,Single Head Sinker No. 1/4 (10PCS/PCK),Fishing & Tackle,PCK,26,8.50
SHO-HEA-LUX-LT8367,Luxtec Cp Shower Head Holder,Bathroom,PCS,1,24.90
SWI-PLU-MK-654-13A,Mk 654 Whi 13A Plug Top 3PIN,Electrical,PCS,76,7.40
TOI-CAS-WD012,Luton Close Couple 200MM S Trap,Plumbing,UNIT,2,469.00
TOO-CUT-BOLW0117A,Bolt Cutter 350MM,Fasteners & Fixings,PCS,2,62.90
WIR-BRC-66C-45M,66C X 45M Brc,Other,ROLL,1,239.00
BAS-CAB-CKS332BK,Cabana Basket (430X260),Housewares,UNIT,3,87.00
"BRA-SHE-S/S-G785-08""",G785 304 H/duty Shelf Bracket 8,Housewares,SET,12,19.90
BRO-MOP-400,No. 400 Mop Broom With Handle,Doors & Hardware,PCS,7,8.50
CON-CAB-600A,Glotool Cable Connector 600A,Electrical,PCS,2,27.00
DOR-STO-RUB-RED-38MM,"Door Stopper Rubber Red 1-1/2""X1-7/8",Doors & Hardware,PCS,26,2.70
DOR-STO-SGD-024SS,SS St. Guchi Hat & Coat Hook Door Stopper,Doors & Hardware,PCS,4,22.90
ELE-PEN-81219/3-E27,81219/3 Pendant Lamp Round Base,Lighting,PCS,4,65.00
"FAS-SCR-F/H-3/4"" X 8# BOX",Sr F/h Self Drilling Screw 3/4 X 8 (1000PCS/BOX),Fasteners & Fixings,BOX,2,50.90
"FAS-SCR-TAP-CSK-6#2""-BOX",6 X2 Csk Self Tapping Screw-flat Head (500PCS/BOX),Fasteners & Fixings,BOX,2,39.90
FIT-HDPE-TEE-25MM,HDPE Tee Equal 25MM,Plumbing,PCS,213,4.70
GAR-CUT-LIN-YEL-TL01,TL01 Sq Trimmer Line (3LBS),Outdoor & Garden,ROLL,1,79.50
GUM-HAR-VT210SG,High Performance Sealant-grey,Chemicals & Adhesives,PCS,2,39.00
HOL-BOT-MA034-A,Bott H/duty Cycle Hole Cu,Other,SET,1,299.00
HOO-CAB-CB802-5,Cabana Hook BAR (polish) CB802-5,Doors & Hardware,UNIT,2,52.00
LAD-ALU-WORKER-DS09,Worker DS09 D/side Alum. Ladder (LDD09-MF),Ladders & Access,UNIT,1,348.00
NAIL-TUFTING-TN-7225,U Clip Tufting Nail 25MM X 7.3MM (10PCS/PCK),Fasteners & Fixings,PCK,13,8.50
PLA-BAG-RUB-30X40,30 X 40 X PE (B1KG),Packaging,PCK,21,8.90
SCP-PLA-EXT-5KG,5KG Scp Exterior Skim Plasta,Paint & Sundries,CAN,4,35.90
TOO-TIN-CUT-W608A,Tin Cutter 200MM W608A,Power Tools,PCS,3,28.90
WAL-DOW-YB-K7503M/G/AB,Outdoor Gate Light YB-K7503M/G/AB,Doors & Hardware,PCS,1,109.00
WEL-TOR-YAM-CUT,Yamato Cutting Torch,Lighting,PCS,3,81.50
WIN-BRA-DOU-7009,Sr Double Bracket 7009 (7002) X,Doors & Hardware,PCK,5,15.90
ABR-PAP-621-539,G800 Ewd Hand Sanding Sheet,Abrasives & Cutting,SHT,89,2.00
"DL5SS-HOS-NIPP-3/4""X19MM",DL5 Hose Nipple 3/4 X 19MM,Outdoor & Garden,PCS,8,9.60
"FAN-STA-SINO-18""",Sino 18 (ssfc) Stand Fan,Fans & Ventilation,SET,1,249.00
"FAS-RIV-PAT-1/8""X1/2""-BOX",Blind Rivet: Jaguar 1/8 X 1/2 (1000PCS/BOX),Fasteners & Fixings,BOX,3,33.50
"FAS-SCR-F/H-1 1/2"" X 8#",Sr F/h Self Drilling Screw 1 1/2 X 8 (20PCS/PCK),Fasteners & Fixings,PKT,42,2.90
"FAS-SCR-F/H-1 1/4"" X 8#",Sr F/h Self Drilling Screw 1 1/4 X 8 (20PCS/PCK),Fasteners & Fixings,PKT,51,2.80
GUN-T-7006-MINI,Fiesto Mini Tufting Gun,Fasteners & Fixings,PCS,15,44.90
"HOS-FLE-VIP-PP16""",PP-16 White Nylon Vip Flexible Tube,Outdoor & Garden,PCS,9,10.00
"IND-CAS-SWI-2""",2 DL5 Tpe 360 Degree Swivel Caster,Fishing & Tackle,PCS,23,10.90
KGR-FLO-COA-9284,Kangaroo Floor Coat 9284 - Windsor Green,Paint & Sundries,TIN,5,199.00
LOC-COL-TA501,Colex Single Titanium Coated Padlock TA-501,Locks & Security,PCS,13,18.80
LOC-CZS-30MM,30MM Czs 360 Padlock,Locks & Security,PCS,48,7.80
LOC-SGD-APL-99-50MM3PC,Armor Anti-cut Padlock APL-99-50MM KA-3PCS,Locks & Security,SET,3,95.00
PAI-BRU-NIP-18MM,7 Roller Refill Polyester 18MM,Paint & Sundries,PCS,187,4.90
PAI-BRU-NIP-TR841N,4 Roller Refill Polyester,Paint & Sundries,BAG,57,15.90
RAI-BOO-KRK-B39M9000,Korakoh Rain Shoes Blk - 6/39,Curtains & Blinds,PAIR,14,18.50
RAI-BOO-KRK-B42M,Rainshoes - 42 (9) 6000BLK,Curtains & Blinds,PAIR,13,15.80
ROP-PP-12MM,12MM P. P Rope,"Rope, Chain & Netting",MTR,251,1.90
SHE-CAB-CB799,Cabana Glass Shelf (25CM),Building Materials,UNIT,3,92.00
SHH-BELL-SINGL-PSC115,Single Fishing Bell PSC115,Fishing & Tackle,PCS,148,1.40
"TOO-BUTE-CLMP-CT8-32MM 1""","32MM (1"") Bute Clamp Tool - CT-8",Hand Tools,PCS,1,265.00
TOO-COM-W0287B-09MM,Com Ratchet Wrench 09MM,Hand Tools,PCS,2,19.30
"TOO-DRV-STA-PH0-1/8""X5""","Cushion Grip S/dr PHILIPS-1/8""X5""X0PT ( 0X125MM)",Power Tools,PCS,7,10.20
"TOO-DRV-STA-PH0-1/8""X6""-9960651600","Cushion Grip S/dr PHILIPS-1/8""X6""X0PT ( 0X150MM)",Power Tools,PCS,6,11.90
TOO-ELE-GUN-GLU-80W,80W Glue Gun,Chemicals & Adhesives,PCS,7,19.90
TOO-ELE-TES-PEN-K1304,Kakc Test Pen,Power Tools,PCS,32,3.30
TOO-TYR-LEV-W0014C,"Type Lever 20""/500MM",Power Tools,PCS,2,47.50
TOPLUS-WEA-PLUS-5L-B,5L Toplus Weather Plus B Base,Paint & Sundries,CAN,8,124.00
WAS-TAP-PAI,Washi Tape 24MMX15M,Other,PCS,49,3.50
BNW-B&N-RBN-215-BOX,Sr G. I Boit & Nut 1/4 X 1 1/2 (box),Fasteners & Fixings,BOX,3,27.90
BNW-BOL-SS304-M10-30MM,SS 304 Bolt - M10 X 30MM,Fasteners & Fixings,PCS,63,1.70
BNW-BOL-SS304-M12-25MM,SS 304 Bolt - M12 X 25MM,Fasteners & Fixings,PCS,41,2.50
"BRA-SHE-YG782-10""",White H/duty Shelf Bracket 10,Housewares,PAIR,14,12.50
"CLI-HOS-GP-3/4""",Gp S/steel Hose CLIP-3/4 (13-19MM),Outdoor & Garden,PCS,91,1.20
DOR-ROL-TYSON-TY505,Tyson Sliding Roller,Doors & Hardware,PCS,2,35.50
DOR-VIE-SGD-DV3779AC,AC St. Guchi Door Viewer 180,Doors & Hardware,PCS,4,20.00
ELE-D/L-MGM-MQTL2048-3000K,Mgm 2 1/2 7W Eye Ball Ww,Electrical,PCS,29,22.50
"FAS-RIV-PAT-1/8""X3/4""-BOX",Blind Rivet: Jaguar 1/8 X 3/4 (1000PCS/BOX),Fasteners & Fixings,BOX,2,49.90
FLO-PVC-27y082-06-25MTR,Wangsaga Floor Mat Linoleum 27Y465-16,Flooring,ROLL,1,259.00
FLO-PVC-27y279-14-25MTR,Wangsaga Floor Mat Linoleum 27Y496-10,Flooring,ROLL,1,259.00
FLO-PVC-27y384-02-25MTR,Wangsaga Floor Mat Linoleum 27Y 396-17,Flooring,ROLL,1,259.00
FLO-PVC-27y399-03-25MTR,Wangsaga Floor Mat Linoleum 27Y 042-10,Flooring,ROLL,1,259.00
FLO-PVC-27y410-11-25MTR,Wangsaga Floor Mat Linoleum 27Y 404-04,Flooring,ROLL,1,259.00
FLO-PVC-27y465-01-25MTR,Wangsaga Floor Mat Linoleum 27Y 311-04,Flooring,ROLL,1,259.00
FOAM-PU-VT268,V-tech Pu Foam 750ML,Other,PCS,6,36.90
GAR-SHE-JM202,Jayamata Pruning Shear 7-1/2,Outdoor & Garden,PCS,4,17.90
GAS-REG-SUM-LPG382,Bossman Low Pressure Gas Regulator 182,Home Appliances,UNIT,14,16.90
HDPE-VAL-BAL-PP-COMP-MALE-25MM,PP Compression Ballvalve Male- 25MMX3/4,Other,PCS,14,12.50
HHD-CIS-DUAL-GDPC2000,Gdpc 2000 L/l Plastic Cistern White,Bathroom,SET,5,52.90
HHD-TOI-PAP-HOL-YG474,S/steel Toilet Paper,Bathroom,PCS,1,19.90
HOS-HOL-EAG-EG3100,Eagle Plastic Hose Holder,Outdoor & Garden,PCS,4,19.20
"IND-CAS-SWI-LSC-2""",2 DL5 Tpe L Base Swivel Caster,Fishing & Tackle,PCS,13,18.50
INS-IS6082-BWL-250,Close Couple Wash Down WC,Plumbing,NOS,1,1080.00
LAD-ALU-WORKER-SS10,Worker SS10 S/side Alum. Ladder (LDS10-MF),Ladders & Access,UNIT,1,319.00
LOC-GLO-BRA-GLBBC30,Glocks Brass Padlock GLBBC30,Locks & Security,PCS,11,19.50
MEA-TAP-STA-POW-8.0M,8M/26 X 1 Powerlock Tape Ruler,Hand Tools,PCS,4,54.80
NAIL-TUFTING-TN-8225-BOX,U Clip Tufting Nail 25MM X 8.5MM (80PCS/BOX),Fasteners & Fixings,BOX,2,53.90
ROO-FEL-1MX10M,1M X 10M Roofling Felt,Building Materials,ROLLS,4,64.90
SCA-CAM-SQ10KG,Camry- Spring Scale Sq / 10KG,Housewares,PCS,5,75.00
SCA-CAM-SQ20KG,Camry- Spring Scale Sq / 20KG,Housewares,PCS,5,82.00
SHH-SINKER-NO.5,Single Head Sinker No. 5 (1PCS/PCK),Fishing & Tackle,PCS,57,3.60
TAP-SIN-CVL-6053,Cavallo 6053 Wall Sink Tap,Kitchen & Sinks,PCS,5,39.50
TOO-PLI-DIA-D306-150MM,D306 Diagonal Pliers 150MM,Power Tools,PCS,5,17.30
TOO-WRE-KEY-ASUMA-MALK001-C,10PCS (mm) Asuma Alenkey,Power Tools,SET,20,6.50
X-INS-6015,Leece One Piece Water Closet - S Trap,Plumbing,NOS,1,1199.00
CUT-ELE-EFM430,Gold Elephant Flexible Grinding Disc,Abrasives & Cutting,PCS,50,2.60
EXH-FAN-FN25A,Dekka Apb 25A 10 Wall Exhaust Fan,Fans & Ventilation,PCS,3,85.00
"FAS-SCR-TAP-CSK-10#1""-BOX",10 X1 Csk Self Tapping Screw-flat Head (500PCS/BOX),Fasteners & Fixings,BOX,2,48.50
HOS-CLE-01230,13MM X 30M Clear Hose,Outdoor & Garden,COIL,3,49.90
"IND-CAS-FIX-1.25""",1.25 DL5 Tpe Fixed Caster,Building Materials,PCS,32,7.50
LAD-ALU-WOR-AP-2405,Worker 05 Step Household Step Alum. Ladder,Ladders & Access,UNIT,1,299.00
LOC-APL-110-40MM-KA2PCS-S/S,Armor S/steel Padlock APL-110-40MM KA2PCS SUS-304,Locks & Security,SET,2,135.00
MEA-TAP-CHTR-3002,Takado Measuring Tape PVC Case 7.5M X 25MM,Hand Tools,PCS,3,15.90
PAI-BRU-633-050MM,Paint Brush 633 X 50MM,Paint & Sundries,DOZ,8,19.00
PAI-SPR-PMT-030,Paint Master Spray Paint - No. 30 Peach Red,Paint & Sundries,CAN,12,6.50
PAI-SPR-PMT-035,Paint Master Spray Paint - No. 35 Gold,Paint & Sundries,CAN,8,6.50
PAI-SPR-PMT-142,Paint Master Spray Paint - No. 142 Anti-rust Brown,Paint & Sundries,CAN,12,6.50
RAI-BOO-KRK-Y43#,Rainshoes - 43 (10) 7000YLW,Curtains & Blinds,PAIR,7,33.90
SCA-CAM-EI02HS-3KG,Camry-digital Weighing Scale,Housewares,PCS,2,121.00
SHH-FOA-FLO-FF0225,X 17MM Exori Foam Float,Fishing & Tackle,PCS,6,5.00
SHH-FOA-FLO-FF0230,X 20MM Exori Foam Float,Fishing & Tackle,PKT,6,5.00
SHH-FOA-FLO-FF0235,X 22MM Exori Foam Float,Fishing & Tackle,PKT,6,5.00
SHH-FOA-FLO-FF0240,X 24MM Exori Foam Float,Fishing & Tackle,PKT,6,5.00
SWI-ADA-MS3106N,Morries Uk Plug Travel Adaptor,Electrical,PCS,53,10.90
SWI-SH387-4MM,S/s Swivels 4MM (double Eyes),Electrical,PCS,11,6.80
TOO-DRV-STA-3X150MM-9960651830,"Cushion Grip S/dr Std - (1/8""X6"")",Power Tools,PCS,6,11.50
TOO-ELE-TES-PEN-W0226,Auto Motive Circuit Tester,Power Tools,PCS,5,15.80
WEL-REG-IW-23CR,I-weld CO2 Regulator,Welding,PCS,2,113.00
BAT-STA-SB204,Battery Lithium-ion V20 4.0AH,Electrical,PCS,3,319.00
"CLI-HOS-GP-5""",Gp S/steel Hose CLIP-5 (76-127MM),Outdoor & Garden,PCS,27,3.40
DOR-CLO-MASTER,Keymaster Door Closer,Doors & Hardware,PCS,20,39.90
ELE-PEN-5183/3-E27,5183/3 Pendant Lamp,Lighting,PCS,2,148.00
"FAS-SCR-DRY-BLA-6#1-1/2""BOX",Hunter/bk - Drywall Screw 6,Fasteners & Fixings,BOX,39,12.90
GAR-RAK-MET-22T,22T Metal Rake,Outdoor & Garden,PCS,8,7.80
HOO-CAB-CB8006-3,Cabana 3 Robe Hook (satin) CB8006-3,Doors & Hardware,UNIT,2,41.90
"HOS-FLE-VIP-PP18""",PP-18 White Nylon Vip Flexible Tube,Outdoor & Garden,PCS,8,10.30
HOS-REL-EAG-3050/DL,Eagle Hose Reel Trolley (3050/DL),Fishing & Tackle,PCS,2,105.00
"IND-CAS-SWI-LSCB-2""",2 DL5 Tpe L Base Swivel Caster W Brake,Fishing & Tackle,PCS,13,20.80
IND-IRON-HIN-3.0,3.0MM Iron Welding Hinges Pin,Home Appliances,PCS,78,2.50
LOC-COL-TA401,Colex Single Titanium Coated Padlock TA-401,Locks & Security,PCS,12,14.90
LOC-COL-ZA401,Safety Chrome Plated Padlock ZA-401,Safety & Workwear,PCS,12,14.90
LOC-ENT-EPO-H041/SC,Epo Entrance Lock Set (H041/SC),Locks & Security,SET,2,129.00
RAI-BOO-KRK-B38M,Rainshoes - 38 (5) 6000BLK,Curtains & Blinds,PAIR,12,15.80
RAI-BOO-KRK-B43M,Rainshoes - 43 (10) 6000BLK,Curtains & Blinds,PAIR,12,15.80
RIV-HAND-HR008,Hand Riveter - Jp,Other,PCS,5,42.90
SAF-SHO-NK85-6,Neuking NK85 Black 06,Safety & Workwear,PAIR,1,228.00
SAF-SHO-NK85-9,Neuking NK85 Black 09,Safety & Workwear,PAIR,1,228.00
SWI-SOC-ULT-M021MG,Ultra 16A 2 GANG 1 Way-matte Grey (M021MG),Electrical,PCS,37,14.20
TOI-TRP-C101S-WHT,Water Closet S Trap - White,Plumbing,NOS,6,129.00
TOO-WRE-1EMHT020,Eastman 3/4 Square Tap Handle,Doors & Hardware,PCS,2,39.50
X-BAT-ENE-MAX+-AAA2PCS,Enr Max Alk Aa 12 PCS,Power Tools,PCK,23,36.80
X-GAR-CHI-JM-24,Jayamata T-shape Oil Palm Harvesting Hook,Power Tools,PCS,2,35.90
ANG-EAV901SS,Eav 901 SS Elise Double Open Angle (SUS304),Other,PCS,7,31.70
ANT-KILL-BAIT,Ant Killing Bait 35GM,Other,PCK,62,3.50
BEA-PUL-EAS-E0061,Altea X 6 Bearing Puller,Other,PCS,6,35.90
BNW-B&N-RBN-212-BOX,Sr G. I Boit & Nut 1/4 X 1 1/4 (box),Fasteners & Fixings,BOX,3,25.90
BNW-B&N-RBN-230-BOX,Sr G. I Boit & Nut 1/4 X 3 (box),Fasteners & Fixings,BOX,2,42.90
BROO-HOO-CLIP4H3C,DL5 Sus 304 4 Hook Broom Holder,Housewares,PCS,5,43.50
CHA-PVC-BEL-G6MM,Cn/kh PVC (green),"Rope, Chain & Netting",MTR,69,3.70
CLI-ELE-CAB-18MM40S,Cable Clip 18MM/40'S,Electrical,BOX,12,6.20
"CLI-HOS-GP-7/8""",Gp S/steel Hose Clip - 7/8 (13-23MM),Outdoor & Garden,PCS,83,1.30
"CUT-DIS-S400-4""",Sawman S400 Diamond Wheel 4,Abrasives & Cutting,PCS,10,19.80
CUT-SAW-MFS300,(300W) Power Action Multi Function Saw,Abrasives & Cutting,UNIT,1,215.00
DOR-LOC-CYL-KNOB,Hafele Diy Knob Lockset Entrance (489.93.125),Doors & Hardware,UNIT,16,47.90
ELE-CAB-WIR-ASIA-2.5Y*,"Asia PVC Cable, Yellow - MTR",Electrical,MTR,100,1.60
ELE-HOL-SE3831,Kingsway E27 Wedge Holder,Electrical,PCS,147,3.80
ELE-SOL-TIN100250G,Vison Soldering Wire,Electrical,PCS,35,12.80
"FAS-RIV-PAT-3/16""X3/4""-BOX",Blind Rivet: Jaguar 3/16 X 3/4 (500PCS/BOX),Fasteners & Fixings,BOX,2,40.90
"FAS-SCR-DRY-BLA-6#3/4""-BOX",Hunter/bk - Drywall Screw 6 X3/4,Fasteners & Fixings,BOX,39,12.90
HAT-STR-CM042,42CM Straw Hat,Other,PCS,17,9.60
HOL-NYL-SIC-JM-555,Jayamata Harvesting Palm Oil Clip Poles Sickle Nylon Holder 8.5,Outdoor & Garden,PCS,3,21.50
"HOS-FLE-VIP-PP14""",PP-14 White Nylon Vip Flexible Tube,Outdoor & Garden,PCS,8,9.80
PLA-BAG-W500-0812,8 X 12 X Tbag,Packaging,PACK,30,5.20
"TOO-CLA-F-BLI-10""",Blimax Quick Release F CLAMP-10,Hand Tools,PCS,13,16.20
TOO-DRI-ADA-13MM-3PCS,Sr Drill Chuck & Key Set,Power Tools,PCS,5,15.50
TOO-DRV-STA-5X150MM,"Cushion Grip S/dr Std - (3/16""X6"")",Power Tools,PCS,6,10.80
TOO-HAN-LW0017,1/2 L-type Handle,Doors & Hardware,PCS,4,18.30
TOO-SCR-EXT-W0612,6PCS Screw Extractor,Fasteners & Fixings,SET,6,15.30
TOO-WRE-KEY-MD06218,Mdsi (MD-06218) Colourful Extra Long Hex. Key Wrench,Hand Tools,SETS,7,33.90
X-FAS-SCR-ZPH-DSMHO525-BOX,Sr Zph Self Drilling Screw (1000PCS/BOX) DSM-HO525,Fasteners & Fixings,BOX,1,109.00
X-TOO-WOR-5503-12V,Worker 30PCS Of 12V Luxury Suit Electric Drill With Tools Kit Set,Power Tools,SET,4,259.00
CUT-PIP-W201APVC,PVC Pipe Cutter,Plumbing,PCS,3,26.70
CUT-SCI-SK5-00903H,Mn 8 SK5 Steel H/d Ind-scissors,Abrasives & Cutting,PCS,6,31.50
ELE-ADA-EE2714,E27 To E14 Bakelite Spring Lamp Adaptor (bk),Lighting,PCS,4,3.50
FAS-RIV-PAT-5/32X3/4-BOX,Blind Rivet: Jaguar 5/32 X 3/4 (500PCS/BOX),Fasteners & Fixings,BOX,2,44.90
FAS-RIV-PAT-5/32X3/8-BOX,Blind Rivet: Jaguar 5/32 X 3/8 (1000PCS/BOX),Fasteners & Fixings,BOX,2,44.90
"FAS-SCR-DRY-WHI-6#2""-BOX",Hunter/wh - Drywall Screw 6 X2,Fasteners & Fixings,BOX,36,12.90
FLO-PVC-H030-4,Zirafah PVC Flooring H020-7,Flooring,ROLL,2,119.00
FLO-PVC-NO-H015-4,Zirafah PVC Flooring H162-7,Flooring,ROLL,2,119.00
HOO-CAB-CB8003-5,Cabana 5 Robe Hook (polish),Doors & Hardware,UNIT,1,84.00
HOS-GAR-SET-GHR02LB,Maya Hose Reel Thailand,Fishing & Tackle,SET,1,219.00
IND-CAS-DL5-KRW-150,6 DL5 Yellow Blue H/duty Wheel Only,Building Materials,PCS,5,46.50
INK-POT-TC250,TC250 Big Ink Pot,Other,PCS,24,6.60
MAR-PAI-RED,Mungyo Paint Marker:red,Paint & Sundries,PCS,19,5.40
NP-BAR-BS14051-1L,1L Bintang Automotive Refinish Chili Red (premixed),Automotive,UNIT,4,49.00
"PAI-ROL-REF-PM7""",Paint Master Paint Roller Refill 7,Paint & Sundries,PCS,120,5.50
PAI-ROL-SET-1644#,7 Paint Roller Set 1644,Paint & Sundries,SET,207,4.10
PAI-SPR-PMT-131,Paint Master Spray Paint - No. 131 Suzuki Red,Paint & Sundries,CAN,10,6.50
RAI-BOO-KRK-B42M9000,Korakoh Rain Shoes Blk - 9/42,Curtains & Blinds,PAIR,12,18.50
SHH-FISH-NET-0.15D-40MM-30MD/6A,40MM (180/5),Fishing & Tackle,PCS,1,34.50
SHH-FISH-NET-0.15D-70MM-30MD/6A,70MM (180/5),Fishing & Tackle,PCS,1,34.50
TOO-DRV-STA-SET-4PCS,4PCS Cushion Grip S/dr Sets,Power Tools,SET,3,44.80
TOO-ELE-GUN-R'KEY-3802-60W,60W R'key Electric Soldering Iron - 3802,Home Appliances,PCS,2,16.20
WAT-FIL-6000L-GA17,Gen Air 17 Series Pvdf Outdoor Filter,Pumps & Water,UNIT,1,1099.00
WEL-ELE-J38.12-3.2MM,Welding Electrode X 3.2MM (PCK),Welding,PCK,1,29.80
X-GUM-HAR-HA2000C,Silicon Hardex G/p Clear,Power Tools,PCS,6,8.50
X-LEO-SUS304-S/S-L333,Leon Sus 304 S/steel 2 Way,Power Tools,PCS,1,105.00
BNW-BOL-SS304-M10-35MM,SS 304 Bolt - M10 X 35MM,Fasteners & Fixings,PCS,47,2.00
"BRU-CUP-3""-MR.MARK",Mr. Mark M10 X 1.5 Cup Brush,Other,PCS,14,15.90
CLI-HOS-ORB-2A,Orbit Hose Clip No : 2A,Outdoor & Garden,PCS,47,2.40
FAS-SCR-DS516HOW-BOX,10 X 5/8 Lion King Self-drilling Screw,Fasteners & Fixings,BOX,11,49.00
"FAS-SCR-P/H-3/4"" X 8#",Sr P/h Self Drilling Screw 3/4 X 8 (20PCS/PCK),Fasteners & Fixings,PCK,57,2.10
GAR-CHI-JM-25,Jayamata T-shape Oil Palm Har Hook 14,Outdoor & Garden,PCS,4,16.50
GAR-SHO-12072,Gt 607R Shovel Rubber Handle-h/duty,Doors & Hardware,PCS,8,6.90
GAS-STO-HM-HGB-1630,Homa Plus Ab Type Gas Furnace (993) - 1630,Home Appliances,UNIT,2,103.00
HDPE-VAL-BAL-PP-COMP-32MM,32MM PP Compression Ballvalve,Other,PCS,17,18.50
HOS-CON-MEN-40200012,Ecogreen- Hose Mender / 1/2,Outdoor & Garden,PCS,15,4.50
LOC-COL-ZA501,Safety Chrome Plated Padlock ZA-501,Safety & Workwear,PCS,11,20.90
RAI-BOO-KRK-B40M,Rainshoes - 40 (7) 6000BLK,Curtains & Blinds,PAIR,11,15.80
SAF-SHO-NK86-07,Neuking NK86 Black 07,Safety & Workwear,PAIR,1,205.00
SAF-SHO-NK86-08,Neuking NK86 Black 08,Safety & Workwear,PAIR,1,205.00
SAF-SHO-NK86-10,Neuking NK86 Black 10,Safety & Workwear,PAIR,1,205.00
TOO-DRV-PRE-7391B,Precision Screw Driver (+/-),Fasteners & Fixings,SET,6,13.50
TOO-EXT-BARW0015B,1/2 Extension Bars 250MM,Electrical,PCS,5,17.90
TOO-PLI-NOSW106150,C106 Long Nose Pliers 150MM,Power Tools,PCS,4,15.90
VAL-BAL-VIP-343-25MM,Full Bore Ball VALVE:PN25 343 1.0,Plumbing,PCS,12,42.90
WIN-BRA-SIN-7008,Sr Single Bracket 7008/7001 X,Doors & Hardware,PCK,8,6.90
ABR-PAP-621-529,G100 Ewd Hand Sanding Sheet,Abrasives & Cutting,SHT,74,2.30
"AER-S/S-DIA-2""-2WAY-FN910D",Double Divider Valve 6MM V/p,Plumbing,PCS,18,29.50
BNW-B&N-RBN-220,Sr G. I Boit & Nut 1/4 X 2 (5PCS/PCK),Fasteners & Fixings,PCK,36,2.80
BNW-BOL-SS304-M12-50MM,SS 304 Bolt - M12 X 50MM,Fasteners & Fixings,PCS,28,3.20
BOS-2608-690-125(1),Sds Max Flat Chisel,Power Tool Accessories,PCS,1,59.90
BOS-2608-690-128(1),Sds Max Pointed Chisel,Power Tool Accessories,PCS,1,63.00
"BRA-SHE-S/S-G785-10""",G785 304 H/duty Shelf Bracket 10,Housewares,SET,8,24.50
BRO-PLA-SB LD-1803S,200G Cs Plastic Broom,Housewares,PCS,27,7.90
CHA-CAP-ROU-EXT-19MM,Round External Cap 19MM (4PCS/PCK),Outdoor & Garden,PCK,6,1.80
DOR-LOC-60MM,Door Lock 60MM,Doors & Hardware,PCS,23,3.70
ELE-PEN-DX-9002/1 GD PL,Pendant Light Gd,Electrical,PCS,3,245.00
"FAS-RIV-PAT-1/8""X3/8""-BOX",Blind Rivet: Jaguar 1/8 X 3/8 (1000PCS/BOX),Fasteners & Fixings,BOX,3,29.80
GRA-CUT-BRU-N465518,Brush PAIR-SHR263K Spt N465518/N769626,Outdoor & Garden,PAIR,4,19.50
"HOS-FLE-VIP-PP10""",PP-10 White Nylon Vip Flexible Tube,Outdoor & Garden,PCS,8,9.20
"HOS-FLE-VIP-PP30""",PP-30 White Nylon Vip Flexible Tube,Outdoor & Garden,PCS,6,14.70
JAC-BOT-CNN-B05TON,China Bottle Jack - 5TON (l/w),Automotive,PCS,3,66.90
JQB-ROAD-MATE-PRO,Jqb Jump Starter Jumpxpress Roadmate Pro,Power Tools,UNIT,2,399.00
PAI-TIG-75ML-BLUE,75ML Tiger G. P (l/blue),Paint & Sundries,TIN,7,8.50
PLA-BAG-W500-1315,13 X 15 X Tbag (aa),Packaging,PCK,23,6.30
TAP-PIL-OTO-966-1,966-1 OTOSANI'304 S/steel Pillar Swan Tap,Plumbing,PCS,12,55.00
TOO-COM-IRO-BUL-41MM,41MM Iron Bull Spanner,Hand Tools,PCS,4,95.80
TOO-DRV-STA-3X125MM-9960651820,"Cushion Grip S/dr Std - (1/8""X5"")",Power Tools,PCS,6,9.50
TOO-DRV-STA-6.5X2000MM,"Cushion Grip S/dr Std - (1/4""X8"")",Power Tools,PCS,4,13.90
TOO-WRE-KEY-ATHM-8,Arrow T Flat Hex Key (metric) With Plastic Handle - 8MM,Doors & Hardware,PCS,8,13.90
AIR-DUS-MDSI-04062,Mdsi (MD-04062) Air Duster (adjustable) - Long,Automotive,PCS,4,41.90
BEA-PUL-EAS-E0062,Altea X 8 Bearing Puller,Other,PCS,4,48.90
CAB-BAT-120AMPX100FTS,Battery Cable X,Electrical,COIL,1,619.00
CEILING-FRAME-35MM,Steel Keel (b) 35MM X 12FT,Building Materials,PCS,37,3.50
CUT-CHI-JM-30-3,Jayamata Harvesting Palm Oil Chisel 3,Hand Tools,PCS,5,31.90
DUC-CAP-DC-1,DC-1 S/steel Ducting Cap 150MM,Other,PCS,4,45.90
ELE-ADA-3WAY-MS-BS03L,Morries 13A 3WAY Adaptor With Fuse & Neon,Electrical,PCS,30,17.90
ELE-D/L-MGM-MQTL2048-4000K,Mgm 2 1/2 7W Eye Ball,Electrical,PCS,26,22.50
EXH-FAN-CIMA-EF-10-12F-CIE-WH,Siberair Ceiling Exhaust Fan 10,Fans & Ventilation,SET,2,139.00
"FAS-SCR-CSK-1 1/4"" X 8G-BOX",Sr Csk Tapping Screw 1 1/4 X 8G (1000PCS/BOX),Fasteners & Fixings,BOX,1,99.00
"FAS-SCR-DRY-BLA-6#2""BOX",Hunter/bk - Drywall Screw 6 X2,Fasteners & Fixings,BOX,35,12.90
FAS-SCR-TD640HW-WOOD-PCK,12 X 1 1/2 Self Drilling Screw (50PCS/PACK),Fasteners & Fixings,PCK,6,14.20
HOS-GAR-ORA-160230,Greenland Super Fancy Hose (cb) 5/8 X 2MM X 30M,Outdoor & Garden,ROLL,12,69.90
JQB-JUMP-XPRESS-LITE,Jqb Jump Starter Jumpxpress Lite,Power Tools,UNIT,3,269.00
LAM-E27-R80-RWG,"Tungsram E27 R80 (r,w,g)",Lighting,PCS,3,5.66
NP-BAR-333-1L,1L Bintang Automotive Refinish Stm Special Blue (standard),Automotive,UNIT,4,49.00
PUM-OIL-W0229B,W0229B Pump Oiler,Pumps & Water,PCS,4,13.30
SCP-PLA-EXT-25KG,25KG Scp Exterior Skim Plasta,Paint & Sundries,PAIL,1,115.00
SHH-LURE-SSL8016,Starlit Minnow Shad Soft Lure (6'S)MIXCLR,Fishing & Tackle,PCS,10,15.90
SPRA-BOSNY-B136-400CC,Bosny Zinc Galvanize Spray,Building Materials,CAN,6,32.90
TOI-TISSUE,Kleenex Fresh 2PLY,Bathroom,PKT,1,13.90
TOO-COM-SET-GD824,Gd Combination Wrench Set 14 X,Hand Tools,SET,4,54.90
TOO-NIE-TAM-T50,Nietz E/long Tamper Tx-star Wrench (red) 53283050,Hand Tools,PCS,1,16.30
X-HOO-CAB-CB8001-3,Cabana 3 Robe Hook (satin) CB8001-3,Power Tools,UNIT,2,39.00
BNW-B&N-RBN-230,Sr G. I Boit & Nut 1/4 X 3 (10PCS/PCK),Fasteners & Fixings,PCK,13,5.80
CIS-HAN-PVCL/L,Vinyl Front Lever,Doors & Hardware,PCS,9,5.40
DOR-BEA-AGD-108/SN,Armor Ball Bearing Door Guard,Doors & Hardware,PCS,2,37.00
ELE-CAB-PVC-4.00MM-GRE-MTR,Ktk PVC Cable Green 100M -mtr,Electrical,MTR,30,4.00
ELE-T5-3'-CIELO-D/L,Cielo T5 LED Fitting 3FT 14W,Plumbing,PCS,31,19.00
"FAS-SCR-DRY-WHI-6#1.1/4""-BOX",Hunter/wh - Drywall Screw 6 X1-1/4,Fasteners & Fixings,BOX,33,12.90
FAS-SCR-ZPH-DSMHO520-BOX,Sr Zph Self Drilling Screw (1000PCS/BOX) DSM-HO520,Fasteners & Fixings,BOX,7,76.00
FAS-SCR-ZPH-DSMHO620-BOX,Sr Zph Self Drilling Screw (500PCS/BOX) DSM-HO620,Fasteners & Fixings,BOX,8,65.00
IND-WIR-MES-2525-18GX100,Wire Mesh 1 X 1 X3 X18G X100,Electrical,ROLL,3,204.00
JAC-SCI-1.5T,Scissor Jack 1.5T,Automotive,PCS,3,59.90
LOC-GLO-BRA-GLBBC20,Glocks Brass Padlock GLBBC20,Locks & Security,PCS,15,9.80
PAI-SPR-PMT-133,Paint Master Spray Paint - No. 133 Diamond Blue,Paint & Sundries,CAN,10,6.50
PYE-JNT-COM-SUR-5KG,PYE Joint Compound Surface 5KG,Building Materials,TIN,13,22.90
SWI-SOC-ELE-PTGY600,600MM Power Tracks (surface)-grey (GY600),Electrical,PCS,3,195.00
TOL-BUS-BUT-YG886,Dual Push Button,Other,PCS,16,9.90
ACC-MAR-EURO-1A,Marlino Press Control,Other,PCS,1,209.00
BLI-HSS-HOL-SAW-25MM,Blimax Hss Hole SAW-25MM,Power Tool Accessories,PCS,5,14.80
BNW-B&N-RBN-250-PCK,Sr G. I Boit & Nut 1/4 X 5 (10PCS/PCK),Fasteners & Fixings,PCK,8,9.90
BOA-GYP-03.2MM-X4'X4',4 X 4 X 3.2MM Prima Flat Sheet,Building Materials,PCS,121,11.90
DOR-SHU-LOC-SGD-H322,Armor Roller Shutter,Locks & Security,PCS,10,17.90
ELE-D/L-HOME-2103-18W-6500K,Hermanns Downlite -rd -6500K,Electrical,PCS,52,11.90
"ELE-PVC-CAS-1""",Kancil 1 X 6FT PVC Casing,Electrical,LGTH,96,3.90
FAS-SCR-DS645HW-MET,12 X 1.3/4 Self Drilling Screw (400PCS/BOX),Fasteners & Fixings,BOX,6,79.50
FAS-SCR-TECH-METAL-50MM-PCK,Techscrew-metal Screw X 50MM (50PCS/PCK),Fasteners & Fixings,PCK,12,8.90
FAS-SCR-TECH-WOOD-50MM-PCK,Techscrew-wood Screw X 50MM (50PCS/PCK),Fasteners & Fixings,PCK,12,7.90
HOS-GAR-GRE-160330-MTR,Br 83030 PVC Green Garden Hose 16X3.0MM,Outdoor & Garden,MTR,18,5.30
KGR-REM-PAI-1000ML,910 Paint Remover 1 Liter,Paint & Sundries,TIN,16,44.90
LOC-APL-110-40MM-S/S,Armor S/steel Padlock APL-110-40MM SUS-304,Locks & Security,PCS,3,72.00
PAI-ROL-SPM175,Paint Master Paint Roller Set 7,Paint & Sundries,SET,94,6.80
ROP-PE-10MM,10MM P. E Rope,"Rope, Chain & Netting",MTR,347,1.20
SAF-HEL-YEL,PVC Uvee Safety Helmet-yel,Safety & Workwear,PCS,15,10.50
SHH-LURE-SPM210XMW,2.4 60MM 2.5G Eupro K2 Soft Lure (8'S)MIX Clr,Fishing & Tackle,PCS,10,18.50
STR-NYL-1.6KGM,1.5KG Nylon String (medium),"Rope, Chain & Netting",ROLL,18,15.90
TOI-BAS-BRA,Basin Bracket,Bathroom,PCS,80,2.50
"TOO-DRV-STA-PH1-3/16""X8""","Cushion Grip S/dr PHILIPS-3/16""X8""X1PT ( 1X200MM)",Power Tools,PCS,4,13.60
TOO-ELE-PUMW0617,Tin Suction Pump,Pumps & Water,PCS,6,7.90
TOO-FIL-BCC-4.0200MM,Bahco Chain Saw File 168-8-4.0-3P 5/321IN,Hand Tools,CARD,10,20.90
TOO-NIE-TAM-T10,Nietz E/long Tamper Tx-star Wrench (red) 53283010,Hand Tools,PCS,2,6.50
TOO-NIE-TAM-T45,Nietz E/long Tamper Tx-star Wrench (red) 53283045,Hand Tools,PCS,1,13.00
WRE-RAT-RN17X21,Glory Ratchet Wrenches RN17 X 21,Other,PCS,4,39.00
X-FLO-MOC-N966AG,"16""X16 Floor Tiles N966AG",Power Tools,PCS,10,4.90
X-LAD-D/S-DS09,D/sided Ladder DS07,Ladders & Access,UNIT,1,249.00
AER-DOU-WAT-FIL,Aerico Double Water Filter,Pumps & Water,UNIT,6,135.00
BROO-HOO-CLIP-5H4C,DL5 Sus 304 Broom Holder,Housewares,PCS,4,49.90
"CAR-PLI-BS-230218-8""",Bosi (BS-230218) Carpenter Plier 8,Hand Tools,PCS,6,27.50
CHA-BLO-CHI-1.5TON-2.5M,China Chain Block X 2.5M,Lifting & Rigging,PCS,1,199.00
CIMA-5867/L/24W,L/ceiling Lamp 22W L/day Light (G2) 5867,Lighting,SET,3,65.00
CLI-ELE-CAB-10MM100'S,Cable Clip 10MM/100'S,Electrical,BOX,14,4.30
CUT-DIS-B07-F1GP-180,"7""-180CSA, General Purpose / F1GP",Abrasives & Cutting,PCS,4,37.90
DOR-H&S-BS115MM,Rb Hasp & STAPLE-115MM,Fasteners & Fixings,DOZ,2,45.90
"FAS-SCR-TAP-PAN-8#3/4""",8 X3/4 Ph Self Tapping Screw-pan Head (20PCS/PCK) (BOX),Fasteners & Fixings,BOX,1,89.90
GUN-TRA-T50,Air Tracker - T50,Fasteners & Fixings,PCS,2,355.00
HDPE-VAL-BAL-PP-COMP-20MM,20MM PP Compression Ballvalve,Other,PCS,33,7.90
HOS-CON-MEN-ECO4036,Ecogreen- Hose Mender / 3/4,Outdoor & Garden,PCS,11,5.80
MAR-PAI-BLACK,Mungyo Paint Marker:black,Paint & Sundries,PCS,16,5.40
SAF-COA-CLI-GREEN-08995,Clip On Elastic Vest-lemon Green,Safety & Workwear,PCS,11,14.90
SAF-SPE-MK-SSE-919-BLK,Mr. Mark Patriot Safety Spectacle-black,Safety & Workwear,PCS,11,13.90
SWI-SOC-ELE-E041B,Elegance 16A 4 GANG 1 Way-black (E041B),Electrical,PCS,16,43.40
TAP-WIR-3MSCTBLUE,3M Blue Gu Vinyl Elec Tape 150,Plumbing,PCS,57,1.20
TOO-FIL-BES-KY103,Bestul Handle File,Hand Tools,PCS,5,36.90
TOO-SHE-PURW822B,SS By-pass Pruners 200MM,Power Tools,PCS,4,15.30
TOO-WRE-BELW0020B,"Belt Wrench 9""/225MM",Hand Tools,PCS,4,46.80
TOR-LIG-HEA-KX1805,KX1805 Head Light,Other,PCS,6,31.50
TRIM-ZINC-YKA006,Zinc Alloy Trimmer Head,Building Materials,PCS,10,14.90
VAL-ANG-CVL-CA9001,Cavallo SS Angle Valve,Plumbing,PCS,30,12.50
X-AMBA-155,Aimer Recessed Paper Holder (155WX165HX70D),Power Tools,PCS,1,89.00
"BRA-SHE-YG782-12""",White H/duty Shelf Bracket 12,Housewares,PAIR,9,13.20
"BRA-SHE-YG782-14""",White H/duty Shelf Bracket 14,Housewares,PAIR,10,15.90
BROO-HOO-CLIP-LIAO-Z130006,Mop & Broom Holder (3HOLDER+4HOOKS) - Liao,Housewares,PCS,9,19.50
CLI-ELE-CAB-SPR-25MM,Tc 25MM PVC Spring/u Clip (25PCS/PCK),Electrical,PCK,8,7.50
COP-ROD-LOC-12MMX5FT,Local Copper Rod 12MM X 5FT,Other,PCS,7,21.90
"CUT-PAR-AK350-12""",Parang Atap 12,Abrasives & Cutting,PCS,9,16.90
CUT-SCI-24052(S02),S02 8 1/2 Scissors W/rubber Handle,Doors & Hardware,PCS,10,4.90
ELE-HOL-260ET-E27,Sl E27 Lamp Holder,Lighting,PCS,3,3.90
FAS-RIV-PAT-5/32X3/4-PCK,Blind Rivet: Jaguar 5/32 X 3/4 (20PCS/PCK),Fasteners & Fixings,PCK,35,3.20
"FAS-SCR-CSK-1"" X 8G - BOX",Sr Csk Tapping Screw 1 X 8G (1000PCS/BOX),Fasteners & Fixings,BOX,1,73.90
"FAS-SCR-DRY-BLA-6#1""BOX",Hunter/bk - Drywall Screw 6 X1,Fasteners & Fixings,BOX,32,12.90
GAR-SAW-XS9041,Asuma H/duty Pruning Saw,Outdoor & Garden,PCS,3,21.50
GAR-SPA-TYP-U,U Type Black Bali Spade,Outdoor & Garden,PCS,37,13.90
GUM-PVC-V-TECH-100GM,Pro-spec Selleys Ps PVC Pipe Adhesive Glue 100ML,Chemicals & Adhesives,CAN,90,5.50
HHD-FLU-M0676-L110W-50MM,L110-W'TECHPLAS Flapper Outlet Valve,Plumbing,PCS,18,33.50
HOO-CAB-CB802-3,Cabana Hook BAR (polish) CB802-3,Doors & Hardware,UNIT,2,31.00
"HOS-FLE-VIP-PP12""",PP-12 White Nylon Vip Flexible Tube,Outdoor & Garden,PCS,7,9.50
"IND-CAS-H/DUTY-MCLFC-4""",4 DL5 H/duty Mcl Fixed Caster,Building Materials,PCS,4,43.50
KGR-COM-0.5KG,Kangaroo Brand 1/2 KG Bituminous Compound,Paint & Sundries,TIN,49,11.50
LAD-ALU-WOR-AP-2404,Worker 04 Step Household Step Alum. Ladder,Ladders & Access,UNIT,1,249.00
LAS-MK-CON-9039,Mr. Mark 05 Line Laser Level 360° Rotary Laser,Power Tools,SET,2,448.00
LOC-VIR-4115,Viro 4115 Cp Armoured Padlock,Locks & Security,PCS,1,189.00
PAI-SPR-PMT-013,Paint Master Spray Paint - No. 13 Fresh Green (DOZ),Paint & Sundries,DOZ,1,66.90
PAI-SPR-PMT-025,Paint Master Spray Paint - No. 25 Medium Yellow,Paint & Sundries,DOZ,1,66.90
PAI-SPR-PMT-027,Paint Master Spray Paint - No. 27 Leaf Green,Paint & Sundries,DOZ,1,66.90
PAI-SPR-PMT-041,Paint Master Spray Paint - No. 41 Art Yellow,Paint & Sundries,DOZ,1,66.90
PAI-SPR-PMT-C671,Paint Master Spray Paint - No. C671 Eng. Orange Yel,Paint & Sundries,DOZ,1,66.90
PAI-SPR-PMT-C672,Paint Master Spray Paint - No. C672 Eng. Orange Red,Paint & Sundries,DOZ,1,66.90
SAF-HEL-PRO-WHI,Progruard Safety Helmet - White,Safety & Workwear,PCS,16,16.90
SAF-SHO-SUP-39#,Supersonic Safety Shoes 39 (5 ),Safety & Workwear,PAIR,2,89.00
SAF-SHO-SUP-43#,Supersonic Safety Shoes 43 (9 ),Safety & Workwear,PAIR,2,89.00
SAF-SHO-SUP-44#,Supersonic Safety Shoes 44 (10 ),Safety & Workwear,PAIR,2,89.00
SAF-SPE-PIC-ST21-SMO,Picasaf Protective Eyewear-smoke ST21,Safety & Workwear,PCS,25,6.60
SHH-HOOK-EWDX4007,No. 7 (20'S) Eagle Wave Hook,Fishing & Tackle,PKT,17,9.50
SWI-SOC-ELE-PTBK1000,1000MM Power Tracks (surface)-black (BK1000),Electrical,PCS,2,279.00
SWI-SOC-ELE-PTGY1000,1000MM Power Tracks (surface)-grey (GY1000),Electrical,PCS,2,279.00
TOI-PAP-ROL-PVC-9102,Toilet Paper Roller,Bathroom,PCS,8,1.90
"TOO-CLA-F-BLI-8""",Blimax Quick Release F CLAMP-8,Hand Tools,PCS,11,15.20
TOO-CLA-GW473200,Heavy G-shape Clamp 8,Hand Tools,PCS,4,47.50
TOO-COM-W0305R-19*21MM,2 Open Wrench (19*21MM),Hand Tools,PCS,10,15.50
"TOO-NYL-PLU-COU-5/16""",Nylon Quick Coupler 5/16 Hose NSH-20,Outdoor & Garden,PCS,10,5.90
AER-4MC8,Aerico 4MC8,Other,PCS,16,9.20
CHA-BAT-MKX-BATTERY-15A-A,Mark-x Battery Charger (15A-A)(15AMP),Electrical,UNIT,3,189.00
CUT-DEW-DW4724,"Diamond Blade, Turbo",Abrasives & Cutting,PCS,7,27.50
CUT-DIS-MARK-12300-P024,Mr. Mark P24 Master Fibre Disc - Blk,Abrasives & Cutting,PCS,50,2.90
DOR-KNO-CLEAR,Local PVC Cabinet Handle (2PCS/PCK),Doors & Hardware,PCK,22,2.50
DOR-PVC-OAK-M26-P,British Domain/link 31 X 82 PVC Folding Door,Doors & Hardware,PCS,5,149.00
DOR-WOO-PLY,Plywood Door 33 3/4 X 83,Doors & Hardware,PCS,5,129.00
"FAS-RIV-PAT-3/16""X5/8""-BOX",Blind Rivet: Jaguar 3/16 X 5/8 (500PCS/BOX),Fasteners & Fixings,BOX,2,36.50
"FAS-SCR-TAP-PAN-8#3/4""",8 X3/4 Ph Self Tapping Screw-pan Head (20PCS/PCK) (PCK),Fasteners & Fixings,PCK,36,2.20
GAS-STO-HEA-MQL100,100 Beehive Burner Head,Home Appliances,PCS,10,15.90
GROUT-SEAL-703,Sikagard 703 Groutseal - 1LTR,Other,CAN,3,57.90
HOS-FLE-DL5-FB50,DL5 50CM Flex. Extension Faucet (orange Tube),Electrical,PCS,3,28.00
HOS-FLE-LT8215-1.5M,Luxtec S/steel Flexsible Hose,Outdoor & Garden,PCS,3,16.90
MAR-PAI-YELLOW,Mungyo Paint Marker:yellow,Paint & Sundries,PCS,15,5.40
NAIL-TUFTING-TN-7220,U Clip Tufting Nail 20MM X 7.3MM (10PCS/PCK),Fasteners & Fixings,PCK,10,7.50
PAI-BRU-633-025MM,Paint Brush 633 X 25MM,Paint & Sundries,DOZ,9,12.40
REF-DELINEATOR-50M,Picasaf PVC Delineator Reflective-red,Other,SET,2,79.00
SAF-SHO-SUP-42#,Supersonic Safety Shoes 42 (8 ),Safety & Workwear,PAIR,2,89.00
SHH-LINE-WHI-NO.300,(sf) Round White M. L. No. 300,Fishing & Tackle,PKT,13,11.50
TOO-TORX-W9913A,9PCS Long Arm Torx Key Set W9913A,Power Tools,PCS,3,18.90
X-AER-WAT-FIL-S/S1044,Aerico S/s 1044 Water Filter + S/s Head,Pumps & Water,UNIT,1,849.00
ARR-BAN-STE-APB1210,Arrow Black Painted Band 12MM X 10M - Black,Other,ROLL,12,23.90
BLI-HSS-HOL-SAW-20MM,Blimax Hss Hole SAW-20MM,Power Tool Accessories,PCS,6,12.90
BNW-B&N-RBN-225,Sr G. I Boit & Nut 1/4 X 2 1/2 (10PCS/PCK),Fasteners & Fixings,PCK,12,6.30
CYL-LOC-EPO-CL011-AC,Epo Cylindrical Lever Lock (CL011 Ac),Locks & Security,SET,3,58.50
DRI-MIX-HEX-PAI,Blimax Hex Paint Mud,Paint & Sundries,PCS,4,13.70
"FAS-SCR-TAP-CSK-6#2-1/2""","6 X2-1/2""CSK Self Tapping Screw-flat Head (10PCS/PCK)",Fasteners & Fixings,PACK,47,1.80
"FIT-YG228R-NIP-REC-3/8""X1/4""-B","Brass Reduced Nipple 3/8""X1/4 YG228R",Plumbing,PCS,17,3.50
FIT-YG251-SOC-10MM-BRA,Y Brass Connector 10MM,Plumbing,PCS,17,3.50
GAR-RAK-BLA-6T,6TEETH Framer Rake,Outdoor & Garden,PCS,2,25.90
GAR-SPR-G850,Water Sprayer 500CC,Outdoor & Garden,PCS,9,5.40
PAI-BRU-680-065MM,Paint Brush 680 X 65MM,Paint & Sundries,DOZ,3,36.90
ROP-PP-10MM,10MM P. P Rope,"Rope, Chain & Netting",MTR,262,1.40
TOO-DRV-STA-3X100MM-9960651810,"Cushion Grip S/dr Std - (1/8""X4"")",Power Tools,PCS,5,9.30
TOO-WRE-SPAW0196,Spark Plug Wrench,Hand Tools,PCS,4,39.80
TOPLUS-GOLD-5L-A,5L Toplus Gold A Base,Paint & Sundries,CAN,8,85.90
CUT-PAR-COV-N18,N-18 18 Knife With Cover,Abrasives & Cutting,PCS,4,33.90
DOR-BEA-ADG-911,Sn Armor Door Guard Ball Bearing,Doors & Hardware,PCS,2,27.90
DOR-ROL-CAT-RDL304,S/s Double Roller Catch (4PCS/PCK),Doors & Hardware,PCS,52,1.00
DRI-SAW-A68-10MM,Sawman A68 Multi Purpose Drill Bit 10MM,Power Tool Accessories,PCS,8,7.20
"ELE-CAS-2""X3""",M. Trunking 2 X 3 G24 0.4MM Orange Lanric,Electrical,LGTH,9,43.50
ELE-SOL-TIN12MM250G,Japan Soldering Wire,Electrical,PCS,26,12.90
"FAS-SCR-TAP-CSK-6#3""","6 X3""CSK Self Tapping Screw-flat Head (10PCS/PCK)",Fasteners & Fixings,PACK,39,2.10
GAR-SPR-20L-ALITOOL,Alitool Battery Sprayer,Electrical,PCS,3,169.00
HHD-VAL-FLO-BRA-CIT-12MM,City Moh Brass Float VALVE-1/2,Fishing & Tackle,PCS,8,19.80
HOS-FLE-VIP-PP08,PP-08 White Nylon Vip Flexible Tube,Outdoor & Garden,PCS,6,8.90
LOC-BR-TZ6491BH,Bh/et *jtc* Tubular Lever,Locks & Security,SET,3,60.90
MAR-CRA-RED,Marking Crayon Red,Hand Tools,DOZ,31,7.20
MAR-CRA-YELLOW,Marking Crayon Yellow,Hand Tools,DOZ,31,7.20
"PAI-ROL-SET-STA-7""",Paint Roller (7 With Acrylic Medium Refill),Paint & Sundries,PCS,45,11.50
TOO-BOX-TYG-7710,Toyogo Tool Box (L41XW23XH24CM),Hand Tools,SET,5,36.90
"TOO-DRV-BLI-IMP-6""(+)","Blimax Impact Screw DRIVER-6""X6MM (+)",Power Tools,PCS,1,7.60
TOO-DRV-STA-6.5X250MM,"Cushion Grip S/dr Std - (1/4""X10"")",Power Tools,PCS,3,17.50
TOO-HAN-TW0019,1/2 Sliding T-bar,Power Tools,PCS,3,17.80
"TOO-NYL-PLU-COU-3/8""",Nylon Quick Coupler 3/8 Hose NSH-30,Outdoor & Garden,PCS,9,6.20
"TOO-SPA-BEN-1/2""",1/2 Iron Bender,Home Appliances,PCS,6,27.90
TOO-WRE-KEY-KTBAL12005,King Top 9PCS-5 Ball Point Hex Key Wrench,Hand Tools,SET,10,15.90
AER-SIN-WAT-FIL,Aerico Single Water Filter,Pumps & Water,UNIT,6,109.00
AIR-MAD-GAU-160PSI,Mada Pressure,Automotive,PCS,2,85.00
BNW-B&N-RBN-120-BOX,Sr G. I Boit & Nut 3/16 X 2 (B0X),Fasteners & Fixings,BOX,2,29.50
"BRA-SHE-YG782-16""",White H/duty Shelf Bracket 16,Housewares,PAIR,8,17.80
CIMA-DL-L/SC61865S/18W/DL,Senco 18W Glass LED Downlight - Square (daylight),Lighting,SET,7,29.50
DOR-INS-KIT-120MM,120MM Bott Installation Kit,Doors & Hardware,PCS,2,45.50
ELE-D/L-HGD603-18W-6500K,Hms Downlite Hgd 603/18W 6500K,Electrical,PCS,26,21.90
"FAS-SCR-TAP-CSK-6#3""-BOX","6 X3""CSK Self Tapping Screw-flat Head (500PCS/BOX)",Fasteners & Fixings,BOX,1,65.90
"FAS-SCR-TAP-CSK-8#2""",8 X2 Csk Self Tapping Screw-flat Head (10PCS/PCK),Fasteners & Fixings,PACK,42,1.70
GAS-STO-RAC-BLA,Enamel Trivet Stove Rack,Home Appliances,PCS,24,6.90
HEX-BUL-POI-15083(P),Br 1022 Hex Bull Pointed,Other,PCS,9,14.90
MAR-PAI-WHITE,Mungyo Paint Marker:white,Paint & Sundries,PCS,14,5.40
MEA-TAP-STA-30611L,3.5M/12 X 1/2 Rubber Grip Tape Ruler,Hand Tools,PCS,10,11.80
PEN-ECO100-4KG-BLK,Eco 100 Waterproof Blk,Housewares,PAIL,2,73.90
RAI-BOO-KRK-B40M9000,Korakoh Rain Shoes Blk - 7/40,Curtains & Blinds,PAIR,9,18.50
RAI-BOO-KRK-B43M9000,Korakoh Rain Shoes Blk - 10/43,Curtains & Blinds,PAIR,9,18.50
SHE-CAB-CB505,Cabana Glass Shelf CB505,Building Materials,UNIT,2,90.00
SWI-ADA-MS-R25,Morries Travel Adaptor With 2USB & 2 Type C,Electrical,PCS,6,79.00
SWI-SOC-ELE-E0815B,Elegance 15A Round Pin Swi Soc Neon-blk (E0815B),Electrical,PCS,17,36.50
TOPLUS-WEA-PLUS-5L-D,5L Toplus Weather Plus D Base,Paint & Sundries,CAN,6,148.30
X-CAR-POLISH-PW,Pw Supercut Polish 4 IN 1,Power Tools,PCS,16,35.90
BAT-CHA-CHG-AA-4PCS,Ener Maxi Chgr 4AA,Electrical,PCK,4,89.90
BLI-HSS-HOL-SAW-19MM,Blimax Hss Hole SAW-19MM,Power Tool Accessories,PCS,6,11.20
COC-BIB-LT8519-2WAY-K2B,Luxtec 2WAY Bib Tap,Plumbing,PCS,10,45.90
DIS-DIA-BOS-100MM,Blimax Diamond Cup,Other,PCS,5,22.80
DOR-CYL-ACL-2000/60MM,Ss/et Armor Cyl. Lock,Locks & Security,PCS,3,54.90
DOR-H&S-BS065MM,Rb Hasp & STAPLE-65MM,Fasteners & Fixings,DOZ,4,19.40
ELE-ADA-EB2722,E27 To B22 Lamp Adaptor (black),Lighting,PCS,3,3.30
FAS-BOL-EXP-TRAC140-M10X110X60,M10 X 110 X 60 Brain Hook Expansion Bolt,Fasteners & Fixings,PCS,28,11.50
"FAS-SCR-F/H-5/8"" X 8#",Sr F/h Self Drilling Screw 5/8 X 8 (20PCS/PCK),Fasteners & Fixings,PCK,43,1.50
"FAS-SCR-TAP-CSK-6#1-1/2""","6 X1-1/2""CSK Self Tap Screw-flat Head (20PCS/PCK)",Fasteners & Fixings,PACK,39,2.10
HHD-DKI-FLO-VAL,Dki Isb Cistern Float,Fishing & Tackle,PCS,15,9.20
HOS-CON-EG4027-40200009,Ecogreen-snap IN Dual Shut Off,Outdoor & Garden,PCS,3,18.70
HOS-GAS-ORA50,Glogas Gas Hose Orange Red,Outdoor & Garden,ROLL,5,129.00
IND-CAN-CANVAS,Kingsjaw Pyramid Canopy Canvas Only,Building Materials,PCS,2,85.00
LOC-BR-TZ6491SN,Sn/et *jtc* Tubular Lever Lock,Locks & Security,SET,3,56.90
NAI-SQU-SUP-050MM-1KG,E. G Square Boat Nail 50MM - 1KGS,Fasteners & Fixings,PCK,7,9.30
PUM-HAN-H/D-A80000,Arrow Heavy Duty Hand Pump,Pumps & Water,PCS,18,32.90
ROP-PE-04MM,4MM P. E Rope,"Rope, Chain & Netting",KG,14,20.90
ROP-PP-04MM,4MM P. P Rope,"Rope, Chain & Netting",KG,14,20.90
SHH-HOOK-1920SS6/0,No. 6/0 Eupro Fishing Hook (6'S),Fishing & Tackle,PCK,11,11.50
SHO-PVC-ROSE-408#,4 408 Cp PVC Shower Rose 8 Arm,Bathroom,SET,11,14.50
SWI-LAM-HOL-B218E27,E27 Hanging Holder Blk,Electrical,PCS,174,2.10
WOO-FIG-JOI,Finger Joint 1 X 2 X 12,Building Materials,PCS,93,11.50
X-CAR-WAX-MUL-CLE-A10,A10 Multi Clean - 500ML,Power Tools,PCS,2,25.90
BAS-CAB-CKS330/331BK,Cabana Basket - (400X260),Housewares,UNIT,2,79.00
BLI-HSS-HOL-SAW-40MM,Blimax Hss Hole SAW-40MM,Power Tool Accessories,PCS,3,24.90
BNW-BOL-SS304-M10-25MM,SS 304 Bolt - M10 X 25MM,Fasteners & Fixings,PCS,44,1.70
CUT-DIS-KCW-350,Qs Cutting Wheel 14,Abrasives & Cutting,PCS,8,14.80
CUT-ELE-EDM-4060,4 X 60 Gold Elephant Mop Disc,Housewares,PCS,26,3.90
CUT-KNI-LC390,Tajima Utility Knife,Hand Tools,PCS,7,18.80
ELE-LED-SOL-EMGY-200W-3CLR,Solar Emergency,Electrical,PCS,7,79.00
ELE-MUL-TES-UNI,Uni-t UT33B+ Multi Meter Tester,Electrical,SET,6,68.80
"FAS-SCR-DRY-WHI-6#3/4""-BOX",Hunter/wh - Drywall Screw 6 X3/4,Fasteners & Fixings,BOX,27,12.90
"FAS-SCR-F/H-1"" X 8#",Sr F/h Self Drilling Screw 1 X 8 (20PCS/PCK),Fasteners & Fixings,PKT,38,2.00
"FAS-SCR-P/H-1 1/4"" X 8#",Sr P/h Self Drilling Screw 1 1/4 X 8 (20PCS/PCK),Fasteners & Fixings,PCK,29,2.50
"FAS-SCR-TAP-CSK-8#1""-PCK","8 X1""CSK Self Tapping Screw-flat Head (10PCS/PCK)",Fasteners & Fixings,PACK,68,1.20
FIR-EXT-CO2-2KG,2KG CO2 Fire Extinguisher,Safety & Workwear,NOS,1,179.00
HOS-FLE-VIP-PP20,PP-20 White Nylon Vip Flexible Tube,Outdoor & Garden,PCS,5,11.50
HOS-SPA-DIS-C337-N,C337 Cartridge Spare Disc,Outdoor & Garden,CARD,1,57.90
IND-CAS-SCR-10MM,2 Screw (4PCS/PCK) CASTER-10MM,Fasteners & Fixings,PCK,6,11.90
IND-SCP-FR9788-1-1/2,1-1/2 Faris W Handle Finishing Scraper,Doors & Hardware,DOZ,1,57.90
IND-SCP-FR9788-2,2 Faris W Handle Finishing Scraper,Doors & Hardware,PCS,8,5.90
KGR-PAI-ROA-LIN-3104,5L Kangaroo Road Line Marking Paint-yel,Paint & Sundries,TIN,5,119.00
LOC-PAD-ROL-50MM,50MM Rolinson Padlock,Locks & Security,PCS,20,9.90
PVC-BID-HAND-2278A,2278A PVC Bidet Handle Only,Bathroom,PCS,15,8.50
PYE-SLA-SEAL-5.0LTR,PYE Slate Seal 5.0LTR,Building Materials,TIN,1,149.00
ROO-ZIN-SHE-08'X35G,Corrugated Steel Zinc 8 X 35G,Building Materials,PCS,99,20.90
SAF-SHO-NK80-07,Neuking NK80 Black 07,Safety & Workwear,PAIR,1,155.00
SWI-SOC-ULT-M041MG,Ultra 16A 4 GANG 1 Way-matte Grey (M041MG),Electrical,PCS,17,25.00
"TAP-SIN-BOL-PVC-1-1/4""+1-1/2""","Otosani 1-1/4""+1-1/2 2IN1 PVC Flexible Bottle Trap (anti-odor)",Plumbing,PCS,20,20.90
TAR-ROL-TAR-B/W/DB-MTR,70 X 6 X 50 Yard B/w/db Tarpaulin,Building Materials,ROLL,20,89.90
"TOO-FIL-WOO-8""",D'xin (DX-FH-6908) Taper Head Wood Rasp 8,Power Tools,PCS,3,15.50
BURR-CAR-T.C.T-AX1225,Blimax Carbide BURR-AX1225,Other,PCS,3,48.60
CON-LVR-FR3001,Control Lever Complete (FR3001),Other,PCS,12,14.00
CR-1220/5BE,CR-1220/5B Lithium 3V,Other,PCS,15,7.50
CUT-KNI-HOL-JM-81,Jayamata Knives Black Finish,Abrasives & Cutting,PCS,3,39.50
"CUT-KNI-JYMT-JM90-16""",JM90-16 J/mata Atap Knife,Abrasives & Cutting,PCS,3,37.90
CUT-SAW-WAL-BOA-W2669,Wall Board Saw,Building Materials,PCS,6,19.90
ELE-D/L-MGM-MQTL2048-6500K,Mgm 2 1/2 7W Eye Ball Dl,Electrical,PCS,19,22.50
ELE-LED-FLO-SOR-100W,Ilite Solar Street,Electrical,UNIT,3,165.00
ELE-LED-SOL-YB-K7672-60W,Marviss 60W Outdoor Sensor Solar Light (K7672),Electrical,SET,2,239.00
"FAS-SCR-P/H-5/8"" X 8#",Sr P/h Self Drilling Screw 5/8 X 8 (20PCS/PCK),Fasteners & Fixings,PCK,43,1.70
FLO-PVC-484-09,PVC Flooring No. 338-02,Flooring,ROLL,1,164.00
GAR-HOE-FOR-STE-3LBS,3LBS 105 Forged Steel Fork Hoe,Outdoor & Garden,PCS,2,21.90
GAR-RAK-BLA-4T,4TEETH Framer Rake,Outdoor & Garden,PCS,2,19.90
GRA-CUT-BRU-4140306001,Brush Pair,Outdoor & Garden,PAIR,3,15.00
GRA-CUT-STC1820EPCF,Black+decker Power Command 18V,Outdoor & Garden,UNIT,1,509.00
HOS-CLE-00830,8MM X 30M Clear Hose (MTR),Outdoor & Garden,MTR,194,1.30
IND-DUS-ALI-240L,Aliclean HDPE Dustbin 240LTR,Plumbing,UNIT,2,229.00
INS-IS8503(P),Pedestal IS8503(P),Other,NOS,1,199.00
KGR-OXI-WOO-5L,5L 806 Dark Brown Wood Preser Vative (stove Brand),Home Appliances,TIN,3,59.80
LI-HEA-HX816,HX816 Head Light,Other,PCS,5,31.90
SWI-LAM-HOL-W218E27,E27 Hanging Holder Wh,Electrical,PCS,169,2.10
SWI-SOC-ELE-PTGY800,800MM Power Tracks (surface)-grey (GY800),Electrical,PCS,2,229.00
TAP-CAB-CB6331,Cabana S/steel Drinking Tap,Plumbing,UNIT,3,169.00
TAP-PRE-TB-2016Q,Premio: Wall Bib Tap,Plumbing,PCS,5,89.90
"TOO-DRV-STA-PH1-3/16""X6""","Cushion Grip S/dr PHILIPS-3/16""X6""X1PT ( 1X150MM)",Power Tools,PCS,4,10.80
TOO-PLI-CIR-WHS200,Intl Plier Straight 200MM,Hand Tools,PCS,1,20.90
TOO-WRE-PIP-W200C,Heavy Pipe Wrench (200MM),Hand Tools,PCS,1,21.50
X-FLO-MOC-N813D,"16""X16 Floor Tiles N813D",Power Tools,PCS,8,4.90
"BRA-SHE-S/S-G785-12""",G785 304 H/duty Shelf Bracket 12,Housewares,SET,5,27.90
CHA-SAW-IETO-HD1012,Ieto Electric Chain Saw Stand HD1012,"Rope, Chain & Netting",SET,2,79.50
DUS-PAN-1993,Dustpan + Wooden Handle,Doors & Hardware,PCS,58,6.90
ELE-D/L-HOME-HGD604-18W-6500K,Hms Downlite Hgd 604/18W 6500K,Electrical,PCS,20,23.90
"FAS-RIV-PAT-1/8""X5/16""-BOX",Blind Rivet: Jaguar 1/8 X 5/16 (1000PCS/BOX),Fasteners & Fixings,BOX,2,28.50
FAS-RIV-PAT-5/32X5/8-BOX,Blind Rivet: Jaguar 5/32 X 5/8 (500PCS/BOX),Fasteners & Fixings,BOX,2,31.50
FLO-MOC-SC33016F,SC33016F Homo 300X300MM,Flooring,PCS,1,3.40
"IND-CAS-H/DUTY-MCLFC-6""",6 DL5 H/duty Mcl Fixed Caster,Building Materials,PCS,3,52.50
JQB-JUMP-XPRESS-BASIC,Jqb Jump Starter Jumpxpress Basic,Power Tools,UNIT,3,185.00
MEA-TAP-SUN-5.0M,Sunlon M. Tape 5.0M/16,Hand Tools,PCS,8,14.90
PAI-TIG-75MLALU*,75ML Tiger Aluminium,Paint & Sundries,PCS,6,8.50
PEN-TES-BLM452,Blimax Test PEN-BLM452,Housewares,PCS,30,3.70
SAF-SHO-NK80-06,Neuking NK80 Black 06,Safety & Workwear,PAIR,1,155.00
SAF-SHO-SOB-09#,Sobar P800 Safety Shoes 9,Safety & Workwear,PAIR,3,52.90
"SANDEX-VEL-PAD-M10-5""","Sandex 5 Velcro Backing PAD,M10",Abrasives & Cutting,PCS,9,13.90
SHH-MASK-YD18-JAPAN,Swim Mask (japan),Fishing & Tackle,PCS,5,29.90
SHO-HAN-HDLE-7013,Hand Shower Handle Only 7013,Bathroom,PC,9,14.60
SWI-SOC-MK-S2893,Mk Whi Sp 15A Switch Socket - Slimline Plus,Electrical,PCS,17,20.90
SWI-SOC-ULT-M0815MG,Ultra 15A Round Pin Swi Soc Neon-mat Grey (M0815MG),Electrical,PCS,19,23.90
"TOO-CLA-F-BLI-6""",Blimax Quick Release F CLAMP-6,Hand Tools,PCS,8,14.50
TOO-COM-W0305K-13*15MM,2 Open Wrench (13*15MM),Hand Tools,PCS,12,10.30
TOO-FIL-BCC-4.8200MM,Bahco Chain Saw File 168-8-4.8-3P 3/161IN (PCS),Hand Tools,PCS,3,6.40
TOO-GUN-GLU-STA-996069GR10B,Mini Hot Melt Glue Gun- Round Pin,Chemicals & Adhesives,PCS,1,47.90
TOO-WRE-KEY-ATHM-6,Arrow T Flat Hex Key (metric) With Plastic Handle - 6MM,Doors & Hardware,PCS,9,9.20
TOPLUS-WEA-PLUS-5L-C,5L Toplus Weather Plus C Base,Paint & Sundries,CAN,5,135.80
WAL-DOW-NF-1801/10OP,10 Outdoor Gate Lamp (globe Shape),Lighting,PCS,3,59.00
WEL-ELE-J38.12-4.0MM,Welding Electrode X 4.0MM,Welding,PCK,4,31.90
X-LEO-SUS304-ABL-L103S,Leon Sus 304 Ablution,Power Tools,PCS,1,76.00
X-LOC-SOL-CR503,Solex Key Alike Padlock,Locks & Security,SET,1,245.00
BAT-TOS-AA,Toshiba Battery Aa (4PCS/PCK),Electrical,BOX,9,48.90
BOA-GYP-9MMX4'X8',4 X 8 X 9MM Boral Gypsum Board,Building Materials,PCS,34,32.00
CEI-COR-314D,314D Cornice Corners,Building Materials,NOS,4,27.90
COC-BAL-2WAY-05417,Bc 14 2WAY Ball Cock,Plumbing,PCS,10,38.90
COC-BAL-L908,Leon 1/2 Lockable Ballcock- L908,Plumbing,PCS,13,28.90
DOR-LAT-B4SS,Leon S/steel Door LATCH-4,Doors & Hardware,DOZ,1,53.90
DOR-LOC-CYL-02070,586 AC Czs Cylindrical Door Lock,Doors & Hardware,SET,23,21.90
"FAS-SCR-CSK-1"" X 6G-PCK",Sr Csk Tapping Screw 1 X 6G (20PCS/PCK),Fasteners & Fixings,PCK,41,2.20
FIT-HDPE-BEN-ELB-25MM,HDPE Bend (elbow) 25MM,Plumbing,PCS,161,3.20
GUN-T-9000,Ceiling Tufting Gun Big,Fasteners & Fixings,PCS,2,219.00
HAN-BLI-STE-400MMX32MM,Bliton Steel Pull Handle 400MMX32MM,Doors & Hardware,SET,1,51.90
HOS-GAR-MMAN-1446#-20M,M'man Garden Hose 1446 5/8 X 20M,Outdoor & Garden,ROLL,8,79.00
IND-IRON-HIN-2.0,2.0 Iron Welding Hinger Pin,Home Appliances,PCS,73,1.90
PAI-BRU-633-038MM,Paint Brush 633 X 38MM,Paint & Sundries,DOZ,6,15.10
RAI-BOO-KRK-B41M9000,Korakoh Rain Shoes Blk - 8/41,Curtains & Blinds,PAIR,8,18.50
SAF-LAS-CAR-2515FT,Ratchet Tie Down,Safety & Workwear,PCS,6,22.50
SAF-SHO-NK80-09,Neuking NK80 Black 09,Safety & Workwear,PAIR,1,155.00
SHE-CAB-CB501A,Cabana Glass Shelf CB501A,Building Materials,UNIT,2,78.00
SHH-FROG-STFM-55MM,Huangxin/huizhu Frog W/spiner 3.0CM,Fishing & Tackle,PCS,21,5.70
SIN-NOZ-R007,R007 WN03 Sink Tap Nozzle,Kitchen & Sinks,PCS,1,10.90
TOO-DRV-ASD63-,6 X 3MM (-) Arrow High Grip Screwdriver,Hand Tools,PCS,37,6.00
TOO-DRV-STA-6.5X150MM-9960651930,"Cushion Grip S/dr Std - (1/4""X6"")",Power Tools,PCS,3,13.50
TOR-ENE-LED-2DW,Evr Opp LED 2D W Batt,Lighting,PCK,6,16.30
VAL-ANG-CVL-CA9008,Cavallo Angle Valve CA9008 304SS 2-WAY,Plumbing,PCS,20,17.50
VAL-ANG-CVL-CA9009,Cavallo 304 SS Angle Valve,Plumbing,PCS,15,26.90
BNW-BOL-SS304-M12-40MM,SS 304 Bolt - M12 X 40MM,Fasteners & Fixings,PCS,21,2.90
DC-MCB303,Carbon Brush DC-MCB303,Power Tools,SET,9,11.90
"FAS-SCR-F/H-3/4"" X 8#",Sr F/h Self Drilling Screw 3/4 X 8 (20PCS/PCK),Fasteners & Fixings,PCK,40,1.80
"FAS-SCR-P/H-3/4"" X 8#-BOX",Sr P/h Self Drilling Screw 3/4 X 8 (1000PCS/BOX),Fasteners & Fixings,BOX,1,59.00
FAS-SCR-TECH-METAL-65MM-PCK,Techscrew-metal Screw X 65MM (50PCS/PCK),Fasteners & Fixings,PCK,7,10.50
FIR-EXT-EVE-9KG,Eversafe Abc Fire Extinguisher 9KGS,Safety & Workwear,PCS,1,155.00
HOS-FLE-DL5-FB30,DL5 30CM Flex. Extension Faucet (orange Tube),Electrical,PCS,3,21.50
"HOS-FLE-VIP-PP36""",PP-36 White Nylon Vip Flexible Tube,Outdoor & Garden,PCS,3,17.50
"IND-BRA-ANGLE-4""X2""X2""X1.60MM",Bracket Angle 4 X 2 X 2 X 1.60MM,Building Materials,PCS,1158,1.20
LOC-COL-ZK504,Safety Chrome Plated Padlock ZK-504,Safety & Workwear,SET,2,78.50
LOC-PAD-ROL-40MM,40MM Rolinson Padlock,Locks & Security,PCS,21,8.70
MAR-PAI-BLUE,Mungyo Paint Marker:blue,Paint & Sundries,PCS,12,5.40
"PAI-BRU-NIP-7""",7 Cage Roller Handle + Polyester Refill,Doors & Hardware,PCS,45,9.80
PYE-FLE-SEAL-1.0KG-GREY,PYE Flexible Seal 1.0KG (grey),Building Materials,TIN,8,28.80
PYE-SLA-SEAL-1.0LTR,PYE Slate Seal 1.0LTR,Building Materials,TIN,3,39.50
SHE-CAB-CB451A,Cabana S/steel Shelf (satin) 350 X 130 X 75MM,Housewares,UNIT,1,161.00
SHH-HOO-4206-NO.1,4206 No. 1 Galah Hook (20'S),Fishing & Tackle,PKT,15,7.50
SHH-SINKER-NO.4,Single Head Sinker No. 4 (2PCS/PCK),Fishing & Tackle,PCK,20,5.90
STO-MOU-W242-50X25,Mounted Stone:k-prix Korea W242 (50X25),Abrasives & Cutting,PCS,8,12.90
SWI-SOC-MK-NEO-S4787,Mk 20A Dp Switch W Neon Wide Rocker Socket,Electrical,PCS,13,24.90
SWI-SOC-ULT-M20AMG,Ultra 20A Dou Pole Swi Neon-mat Grey (M20AMG),Electrical,PCS,15,28.50
TAP-CAB-CB1520SS,Cab S/s Pillar Mounted Kitchen Tap,Plumbing,PCS,3,159.00
TOO-SCR-EXTW0611,5PCS Screw Extractor,Fasteners & Fixings,SET,5,9.90
TOO-WRE-L-W0023C,L Type Wrench Crow BAR (21MM),Hand Tools,PCS,6,21.90
WEL-MAC-MIG-MINI-200A,Fighter Inverter MIG Machine 200A,Welding,UNIT,1,1588.00
WEL-TOR-YAM-WEL,Yamato Welding Torch,Lighting,PCS,2,65.00
BRA-S/S-L-85383,Stainless Steel L Bracket 85383-85X85,Plumbing,PCS,46,7.50
CLI-ELE-CAB-05MM100S,Cable Clip 5MM/100'S (bd),Electrical,BOX,15,2.90
CLI-ELE-CAB-09MM100'S,Cable Clip 9MM/100'S,Electrical,BOX,11,3.80
ELE-ADA-MS-PT13,"Morries Travel Adaptor For Uk,hk,sg& M'sia",Electrical,PCS,40,8.50
ELE-HOL-293-B22,Bm B22 Wedge Holder-black (ovl),Electrical,PCS,120,2.20
"FAS-RIV-PAT-1/8""X3/4""-PCK",Blind Rivet: Jaguar 1/8 X 3/4 (20PCS/PCK),Fasteners & Fixings,PCK,47,1.90
FIR-EXT-ABC-2KG,2KG Abc Fire Extinguisher,Safety & Workwear,NOS,2,119.00
GAS-REG-BTY182-CB,Butterfly LPG Regulator 1.5M Blk Hose,Outdoor & Garden,SET,21,24.90
GAS-STO-ALU-ROU,Alum Round Gas Stand (m'sia),Home Appliances,SET,8,13.90
GRA-CUT-A6046,"Nylon Line 37.5M, Black + Decker",Outdoor & Garden,PCS,1,56.00
HOS-COU-BR-12MM,Br Hose Coupling 12MM,Outdoor & Garden,PCS,13,4.30
LOC-HD-SHE-60MM,60MM Shenling Heavy Duty Lock,Locks & Security,PCS,9,22.30
OIL-CAN-2L,Oil Can 2L,Automotive,PCS,5,47.90
PAI-SPR-PMT-037,Paint Master Spray Paint - No. 37 Forest Green,Paint & Sundries,CAN,7,6.50
"PIP-UPVC-5255-1.1/2""","1 1/2""(40MM) X 6M Upvc Pipe",Plumbing,MTR,64,5.90
"SHH-NET-0.20D-1""",1 6'/100 Complete Set Net,Fishing & Tackle,PCS,2,72.90
SWI-SOC-ELE-E20AB,Elegance 20A Double Pole Swi Neon-blk (E20AB),Electrical,PCS,12,45.60
TOO-COM-IRO-BUL-27MM,27MM Iron Bull Spanner,Hand Tools,PCS,9,25.50
TOO-COM-IRO-BUL-32MM,32MM Iron Bull Spanner,Hand Tools,PCS,6,38.80
TOO-COM-W0305G-10*12MM,2 Open Wrench (10*12MM),Hand Tools,PCS,15,7.50
WEL-MAC-KEN-MMA160A,Kende Inverter Welding Machine 160A,Welding,UNIT,5,349.00
WOO-PLY-12MM-WTR,Plywood Waterproof 12MM X 4 X 8,Building Materials,PCS,18,79.50
X-FLO-MOC-M66065-QC184,600MM X 600MM Polished Tiles (nano) M66065,Power Tools,PCS,3,14.50
ABR-PAP-621-531,G150 Ewd Hand Sanding Sheet,Abrasives & Cutting,SHT,51,2.30
BNW-B&N-RBN-115-BOX,Sr G. I Boit & Nut 3/16 X 1 1/2 (box),Fasteners & Fixings,BOX,2,22.90
BNW-B&N-RBN-215,Sr G. I Boit & Nut 1/4 X 1 1/2 (5PCS/PCK),Fasteners & Fixings,PCK,27,2.70
BNW-BOL-SS304-M12-30MM,SS 304 Bolt - M12 X 30MM,Fasteners & Fixings,PCS,22,2.60
COC-STO-C012,Brass Stop Cock - C012 12MM,Plumbing,PCS,16,18.50
DOR-WOO-FRA-2X4,Door Frame 2 X 4 X 34 X 84,Doors & Hardware,SET,3,158.00
FAS-BOL-EXP-TRAC150-M12-140-80,M12 X 140 X 80 Brain Hook Expansion Bolt,Fasteners & Fixings,PCS,17,17.90
"FAS-RIV-PAT-3/16""X3/8""-BOX",Blind Rivet: Jaguar 3/16 X 3/8 (500PCS/BOX),Fasteners & Fixings,BOX,2,27.90
"FAS-SCR-DRY-BLA-6#1-1/4""BOX",Moon Arrow/bk - Drywall Screw 6,Fasteners & Fixings,BOX,23,12.90
"FAS-SCR-P/H-1 1/2"" X 8#",Sr P/h Self Drilling Screw 1 1/2 X 8 (20PCS/PCK),Fasteners & Fixings,PCK,24,3.50
"FAS-SCR-P/H-5/8"" X 8#-BOX",Sr P/h Self Drilling Screw 5/8 X 8 (1000PCS/BOX),Fasteners & Fixings,BOX,1,49.90
FIT-YG251-SOC-08MM-BRA,Y Brass Connector 8MM,Plumbing,PCS,13,3.40
FIT-YG251A-SOC-10MM-BRA,T Brass Connector 10MM,Plumbing,PCS,13,3.50
IND-COA-SKI-WHI-PCK,1KG Scp Skim Top Coat White (OC-2),Building Materials,PCK,10,2.90
IND-DUS-SCH-120L,Schaefer Waste Container (green) 120L,Plumbing,UNIT,3,228.00
IND-PAI-CEMENT-BIG,Cement Pail Yellow With Plastic Handle (big),Doors & Hardware,PCS,44,8.40
KGR-FLO-COA-9283,Kangaroo Floor Coat 9283 - Tropical Green,Paint & Sundries,TIN,3,199.00
"PAI-ROL-SET-1688-7""",M'man 7 Paint Roller Set - 1688,Paint & Sundries,SET,79,5.90
SHH-HOOK-9255SS-2/0,Eupro Octopus S/s Hook 2/0 (11'S),Fishing & Tackle,PKT,10,10.90
SWI-SH387-6MM,S/s Swivels 6MM (double Eyes),Electrical,PCS,5,8.50
TAP-CAB-CB889SS-BL,Cab Pillar Mounted Kit Tap (pull Out-blk),Plumbing,PCS,2,248.00
TOO-NIE-TAM-T27,Nietz E/long Tamper Tx-star Wrench (red) 53283027,Hand Tools,PCS,1,9.20
TOO-PLI-CIRWHB175,Intl Plier Bent Hose 175MM,Hand Tools,PCS,8,14.90
TOO-WRE-DOU-1213,Double Flexible Socket Wrench 12 X 13MM,Hand Tools,PCS,15,13.90
X-ELE-OSR-23W,Osram 3U 23W E27,Power Tools,PCS,2,20.90
X-FLO-MOC-M66002-QC501AB,600MM X 600MM Polished Tiles (nano) M66002,Power Tools,PCS,2,25.50
ABR-PAP-621-541,Ewd Hand Sanding Sheet G1200,Abrasives & Cutting,SHT,49,2.00
BLI-HSS-HOL-SAW-34MM,Blimax Hss Hole SAW-34MM,Power Tool Accessories,PCS,3,20.90
BNW-B&N-RBN-210-BOX,Sr G. I Boit & Nut 1/4 X 1 (box),Fasteners & Fixings,BOX,2,21.90
CUT-GRA-SHE-JM817,Jayamata Grass Shears Red/black Handle,Doors & Hardware,PCS,1,36.00
"CUT-KNI-JYMT-JM90-12""",Jayamata Parang Knife Atap 12,Abrasives & Cutting,PCS,3,32.90
DOR-BOL-RAI-100M,Rb Pad BOLT-4,Fasteners & Fixings,DOZ,15,26.90
DOR-HOL-822,Leon S/steel Magnetic Door HOLDER-822,Doors & Hardware,PCS,2,21.90
"FAS-SCR-DRY-WHI-6#1.1/2""BOX",Hunter/wh - Drywall Screw 6 X1-1/2,Fasteners & Fixings,BOX,21,12.90
"FAS-SCR-TAP-CSK-6#2""",6 X2 Csk Self Tapping Screw-flat Head (10PCS/PCK),Fasteners & Fixings,PACK,48,1.40
GAR-SPR-YEW-16L,16 LTR Yellow Sprayer (plantmate),Outdoor & Garden,PCS,4,128.00
GAS-REG-BTY 16/17A,Hpg Regulator (horizontal-type),Home Appliances,PCS,3,43.90
GLO-HAN-PVC-DOTS,Cotton Glove W/side PVC Dots (PAIR),Safety & Workwear,PAIR,5,1.90
HOS-GAR-SET-114253,Eagle - Stackable Hose Reel Set Hose: 6150,Fishing & Tackle,SET,1,145.00
IND-CAS-SCR-08MM,2 Screw (4PCS/PCK) CASTER-8MM,Fasteners & Fixings,PCK,5,11.90
IND-FIL-1.0KG,Stretch Film 1.0KG X 23 Micron X 500MM,Building Materials,ROLL,12,19.80
IND-NET-FIB-4'X25M-FTS,Fiberglass Netting 4,"Rope, Chain & Netting",ROLL,10,149.00
IND-TRU-PVC-150P,150P PVC Flat-bed Trailer,Building Materials,PCS,1,159.00
JAC-STA-CNN-6TON,China Jack Stand - 6TON,Automotive,PAIR,1,136.00
MAR-CRA-WHITE,Marking Crayon White,Hand Tools,DOZ,24,7.20
MEA-TAP-SENSUI-JBM040-25FT,25FT Sensui Chrome Measuring Tape (S9),Hand Tools,PCS,7,19.20
NAI-SQU-SUP-100MM-1KGS,E. G Square Boat Nail 100MM 1KGS,Fasteners & Fixings,PKG,6,9.30
SAF-SLI-GLO-3TON8M,Webbing Sling (glolift) 75MM 3 Ton X 8M,Lifting & Rigging,LGTH,3,67.00
SHH-HIN-LUR-101-125MM,3.2 80MM 5G Eupro K2 Lure (6'S) (mix Clr),Fishing & Tackle,PCS,7,17.80
SHH-HOO-4206-NO.2,4206 No. 2 Galah Hook (20'S),Fishing & Tackle,PKT,14,7.50
SHO-HAN-SET-07133,Ess 408 Shower Set 07133,Bathroom,SET,5,26.90
SWI-SOC-ELE-E011B,Elegance 16A 1 GANG 1 Way-black (E011B),Electrical,PCS,30,13.40
TAP-CAB-CB1547SS-RG,Cabana 304 S/steel Pillar Mounted Kitchen Tap,Plumbing,PCS,2,199.00
TOO-BOX-PVC-8001,15IN Tool Box,Hand Tools,PCS,8,12.90
TOO-RUL-CAL-200,Vernier CALIPER-8,Hand Tools,PCS,3,46.90
TOO-VIC-W2485,Heavy Hinged Pipe Vise 5,Plumbing,PCS,1,395.00
TOO-WRE-CHAW0021B,"Chain Wrench 9""/225MM",Hand Tools,PCS,3,45.90
VAL-BAL-VIP-343-18MM,Full Bore Ball VALVE:PN25 343 3/4,Plumbing,PCS,12,25.90
VAL-CAB-CSK14B,Cabana Stop Valve 1,Plumbing,UNIT,3,149.00
X-HOO-CAB-CB8006-5,Cabana 5 Robe Hook (satin),Power Tools,UNIT,1,53.00
AER-6U6,Aerico 6U6,Other,PCS,10,10.90
BAT-ENE-MINI-A27,Energizer Mini Al A27 BP1,Electrical,PCK,37,6.30
BOS-2608-690-122,Sds + Pencil Flat Chisel,Power Tool Accessories,PCS,2,14.90
BRO-FLO-NYL-6665B,6665 B Nylon Broom With Handle,Doors & Hardware,PCS,32,9.90
"BRO-HAN-7/8"" X 72",7/8 X 6 Broom Handle,Doors & Hardware,PCS,109,4.90
"CLI-HOS-GP-2.3/4""",Gp S/steel Hose CLIP-2.3/4 (44-67MM),Outdoor & Garden,PCS,22,2.30
DOR-HIN-KTSS3IN1,4 King Top 3 IN 1 S/steel Hinges,Doors & Hardware,SET,26,12.90
"HHD-SOC-YG379MF-1/2""X70MM",Mxf S/steel Socket 1/2 X 70MM,Electrical,PCS,6,7.20
HOS-COU-BR-16MM,Br Hose Coupling 16MM,Outdoor & Garden,PCS,8,6.60
IND-TRO-WOO,Wooden Cement Trowel,Hand Tools,PCS,124,8.50
LOC-ENT-EPO-H051/AC,Epo Entrance Lock Set (H051/AC),Locks & Security,SET,1,138.00
NAIL-RIVET-ARN2575-BOX,Arrow Rivet Gun Round Nail 25 X 7.5MM (200PCS/BOX),Fasteners & Fixings,BOX,10,39.00
PAI-BRU-LEON-830-25MM,Stag Paint Brush 1,Paint & Sundries,PCS,11,3.50
"PAI-ROL-REF-PM4""",Paint Master Paint Roller Refill 4,Paint & Sundries,PCK,33,15.20
"PIP-HDPE-32MM-1""",PN 12.5 X 100M HDPE Pipe,Plumbing,MTR,49,6.50
RAI-BOO-KRK-B38M9000,Korakoh Rain Shoes Blk - 5/38,Curtains & Blinds,PAIR,7,18.50
SHH-REEL-HK3000,Fishing Reel (12BB),Fishing & Tackle,PCS,2,64.50
SWI-SOC-ELE-E08213B,Elegance 13A 2 GANG Flat Pin Swi Soc Neon-blk (E08213B),Electrical,PCS,11,43.60
SWI-SOC-ULT-M012MG,Ultra 16A 1 GANG 2 Way-matte Grey (M012MG),Electrical,PCS,21,14.40
TAP-CAB-CB1509ASS,S/steel Pillar Mounted Kitchen Tap CB1509ASS,Plumbing,PCS,5,75.00
TAP-PIL-OTO-966-8,966-8 OTOSANI'304 S/s H/duty Hot&cold Pillar Tap,Plumbing,PCS,3,148.00
TOO-COM-IRO-BUL-10MM,10MM Iron Bull Spanner,Hand Tools,PCS,38,4.60
"TOO-CUT-BOL-GT12""",Glotool Bolt Clipper 12,Fasteners & Fixings,PCS,1,37.50
TOO-DRV-STA-5X100MM-9960651870,"Cushion Grip S/dr Std - (3/16""X4"")",Power Tools,PCS,4,9.20
TOO-DRV-STA-SET-8PCS,8PCS Cushion Grip S/dr Sets,Power Tools,SET,1,75.90
TOO-RUL-IRN-BLACK,Iron Square (black) 24,Home Appliances,PCS,11,10.50
WEL-MAC-FIG-TIG-200,Fighter Inverter TIG Machine 200A,Welding,UNIT,1,1395.00
X-BBQ-SMO-LIBERTY,Liberty Fire Chef Smokeless Charcoal Bbq,Outdoor & Garden,UNIT,1,599.00
ABR-PAP-621-534,G240 Ewd Hand Sanding Sheet,Abrasives & Cutting,PCS,47,2.00
ABR-PAP-621-535,G320 Ewd Hand Sanding Sheet,Abrasives & Cutting,SHT,47,2.00
AER-6ME8,Aerico 6ME8,Other,PCS,11,9.20
BNW-B&N-RBN-120,Sr G. I Boit & Nut 3/16 X 2 (7PCS/PCK),Fasteners & Fixings,PCK,26,2.60
CLIP-TIL-PVC-1.5MM,1.5MM PVC Tile Leveling Clip (100PCS+-/PCK),Flooring,PACK,2,7.90
CLIP-TIL-PVC-2.0MM,2.0MM PVC Tile Leveling Clip (100PCS+-/PCK),Flooring,PACK,2,7.90
CUT-BLA-STA-9MM-9920113001,9MM (10PKT/BOX)SNAP-OFF Knife Blade,Abrasives & Cutting,PKT,6,14.50
CUT-ELE-EDM-4080,4 X 80 Gold Elephant Mop Disc,Housewares,PCS,20,3.90
"ELE-CAS-1""X2""",M. Trunking 1 X 2 G24 0.4MM Normal Orange Lanric,Electrical,LGTH,10,26.90
ELE-LED-SOL-YB-L10507-24W,Marviss 24W Outdoor Sensor Solar Light (L10507),Electrical,SET,4,89.00
HHD-VAL-FLO-BRA-CIT-18MM,City Moh Brass Float VALVE-3/4,Fishing & Tackle,PCS,4,26.50
HOS-SPA-NOZ-NZ-22,Tap Nozzle - Zinc Alloy,Building Materials,PCS,14,6.90
KGR-KIM-1L-9214,1 Litre KIMTONE-9214,Paint & Sundries,TIN,1,37.50
SHO-BLACKRINO-05387,Br 8012 1.5M Blackrino H/duty Shower Hose,Bathroom,PCS,4,31.90
SPR-REM-BSA88,Bossman Multipurpose Spray Adhesive 600ML,Chemicals & Adhesives,BTL,1,32.90
SWI-ADA-3WAY-MK-692,Mk 692 3WAY Adaptor,Electrical,PCS,13,19.80
SWI-ADA-MS-PT06,"Morries Travel Adaptor For Japan, Taiwan, Usa, Thai, Phi&viet",Electrical,PCS,36,8.30
SWI-SOC-ULT-M0813W,Ultra 13A Flat Pin Swi Soc Neon-wt (M0813W),Electrical,PCS,41,7.50
TIM-BUI-NNE-TS-181,NNE Time Switch,Electrical,PCS,4,79.50
TOO-COM-IRO-BUL-38MM,38MM Iron Bull Spanner,Hand Tools,PCS,3,78.80
TOO-RUL-TRI-A11007,Arrow 7 Triangle Ruler,Power Tools,PCS,31,12.90
TOO-VIC-W2486,Heavy Hinged Pipe Vise 6,Plumbing,PCS,1,419.00
X-FOL-TYP-PRU-SAW-BS-553242,Bosi (BS-553242) Folding Type Pruning Saw 7,Power Tools,PCS,1,41.90
BNW-B&N-RBN-112-BOX,Sr G. I Boit & Nut 3/16 X 1 1/4 (box),Fasteners & Fixings,BOX,2,20.50
BNW-B&N-RBN-225-BOX,Sr G. I Boit & Nut 1/4 X 2 1/2 (box),Fasteners & Fixings,BOX,1,39.90
"BRA-STEEL-L-1.5""X1.5""","Steel L Bracket 1.5""X1.5 (BC185K)",Plumbing,PCS,464,0.90
BRO-SBSJ001,Broom - SBSJ001,Housewares,PCS,9,9.50
DOR-HIN-A177,"A177 S/s Fulsh Hinges 4""X2.5MM",Doors & Hardware,SET,3,10.50
DOR-LAT-B3SS,Leon S/steel Door LATCH-3,Doors & Hardware,DOZ,1,43.90
ELE-D/L-HSP-301-18W-6500K,Hms Downlite Hsp 301-18W 6500K,Electrical,PCS,20,16.50
"FAS-RIV-PAT-1/8""X1/2""-PCK",Blind Rivet: Jaguar 1/8 X 1/2 (20PCS/PCK),Fasteners & Fixings,PCK,52,1.40
"FAS-RIV-PAT-1/8""X1/4""-BOX",Blind Rivet: Jaguar 1/8 X 1/4 (1000PCS/BOX),Fasteners & Fixings,BOX,2,24.90
FAS-SCR-TECH-METAL-45MM-PCK,Techscrew-metal Screw X 45MM (50PCS/PCK),Fasteners & Fixings,PCK,8,7.80
GUN-GRE-PRE,Grease Gun Flexible Hose (c),Automotive,SET,3,34.90
IND-DUS-SCH-240L,Schaefer Waste Container (green) 240L,Plumbing,UNIT,2,318.00
JAC-BOT-CNN-B03TON,China Bottle Jack - 3TON (l/w),Automotive,PCS,2,58.50
NAIL-TUFTING-TN-8316-BOX,Round Plate Tufting Nail (200PCS/BOX),Fasteners & Fixings,BOX,5,66.50
PAI-SPR-PMT-013,Paint Master Spray Paint - No. 13 Fresh Green (CAN),Paint & Sundries,CAN,6,6.50
ROP-WIR-GAL-4.0MM,Galv Wire Rope-cnn 4.0MMX6X7,Lifting & Rigging,COIL,1,129.00
SAF-COA-CLI-ORANGE-09114,Clip On Elastic Vest-orange Red,Safety & Workwear,PCS,7,14.50
SHH-ROD-TKKT27032S,"Torikumu Kotai Ii Medium (7'0"") Rod",Fishing & Tackle,PCS,2,66.50
TOI-PLA-BOW,Plastic Toilet Bowl,Bathroom,PCS,4,27.90
TOO-COM-IRO-BUL-36MM,36MM Iron Bull Spanner,Hand Tools,PCS,3,72.50
TOO-COM-IRO-BUL-44MM,44MM Iron Bull Spanner,Hand Tools,PCS,2,113.00
"TOO-CUT-BOL-GT14""",Glotool Bolt Clipper 14,Fasteners & Fixings,PCS,1,31.90
"TOO-DRV-BLI-IMP-8""(-)","Blimax Impact Screw DRIVER-8""X6MM (-)",Power Tools,PCS,4,8.90
TOO-EXT-BARW0015A,1/2 Extension Bars 125MM,Electrical,PCS,4,10.50
TOO-SOC-SET-10-32MM,25PC Socket Wrench - Twn,Hand Tools,SET,2,62.90
WAL-DOW-81157-1 BK,Up Down Lite 81157/1 Bk,Lighting,PCS,3,45.00
WIN-LOU-YNC-8B,8B Yunco Louvres Window,Doors & Hardware,SET,18,24.80
WOO-SQU-08',Mrtx List 8 (S4S),Building Materials,PCS,40,2.00
ARR-BAN-STE-APB1710,Arrow Black Painted Band 17MM X 10M -black,Other,ROLL,7,26.90
BNW-BOL-SS304-M12-35MM,SS 304 Bolt - M12 X 35MM,Fasteners & Fixings,PCS,18,2.70
BRA-SHE-BRO-43080,Esb Shelf Bracket Brown,Housewares,PCS,6,15.90
CUT-CIR-30-120MM,Adjustable Circle Cutter,Abrasives & Cutting,SET,4,23.50
CUT-DEW-DW4724UT,Diamond Blade Mpp Ultra Thin Turbo,Abrasives & Cutting,PCS,3,28.90
DZ-GEN-PSC-30X400X35,Star Flat Chisel PH65 30 (mm),Hand Tools,PCS,2,55.00
DZ-GEN-PST-30X400,Star Bull Point PH65 30 (mm),Other,PCS,2,54.90
ELE-METW0453,Digital Multi-meter W0453,Electrical,PCS,7,38.50
FAS-BOL-EXP-1075,Sh Expansion Bolt M10 X 75,Fasteners & Fixings,BOX,3,119.00
FIT-HDPE-TEE-20MM,HDPE Tee Equal 20MM,Plumbing,PCS,128,3.80
INS-IS1216(P),Pedestal IS1216(P),Other,PCS,1,148.00
KGR-FLO-COA-9285,Kangaroo Floor Coat 9285 - Brown,Paint & Sundries,TIN,3,199.00
MOP-REFILL-LIAO-R-A101,Microfiber Mop Refill (A130101) - Liao,Housewares,PCS,9,10.90
PLA-BAG-W500-1114,11 X 14 X Tbag (aa),Packaging,PCK,13,6.30
PLA-BAG-W500-1518,15 X 18 X Tbag (aa),Packaging,PCK,13,6.50
SAF-EAR-EM9003,Picasaf 9007 Ear Muffle (26DB),Safety & Workwear,PCS,4,25.90
SHH-BLA-NET-NO.3,"Black Net No. 3 (1 1/2"") (3.5CM)",Fishing & Tackle,PCS,6,18.70
SHH-MASK-YD18-TAIWAN,Swim Mask (taiwan),Fishing & Tackle,PCS,6,16.90
SHH-ROD-AGS502,"Hytac Avengers Rod (5'0"")",Fishing & Tackle,PCS,2,41.50
SHO-HAN-SET-05375,Ess 509 Shower Set 05375,Bathroom,SET,5,24.90
SWI-SOC-ELE-E021B,Elegance 2 GANG 1 Way-black (E021B),Electrical,PCS,17,24.30
SWI-SOC-SCH-IP66,Schneider 13A 3 Pin Combination Switch,Electrical,PCS,2,155.00
TOO-CLA-GW473250,Heavy G-shape Clamp 10,Hand Tools,PCS,2,59.50
TOO-WRE-KEY-ASUMA-MALK001-A,8PCS (mm) Asuma Alenkey,Power Tools,SET,14,4.80
TOO-WRE-KEY-KTBAL12006,King Top 9PCS-6 Ball Point Hex Key Wrench Set 12006,Hand Tools,SET,6,18.90
"TOO-WRE-OIL-VIV-6""",Viviv Oil Filter WRENCH-6 Chain,Hand Tools,PCS,7,16.50
VAL-ANG-VIP-V4113,Vip Brand Chrome Angle Valve,Plumbing,PCS,9,30.90
WEL-MAC-IWE-TIG-220A,I-weld Inventer TIG Machine TIG 220A,Welding,UNIT,1,1329.00
X-FLO-MOC-66160,24 X 24 Pure Black Tiles,Power Tools,PCS,1,31.90
X-FLO-MOC-KH40ADA40,16 X 16 Ceramic Floor Tiles KH40ADA40,Power Tools,PCS,6,6.20
X-FLO-MOC-P6QP452,P6QP452 60X60CM,Power Tools,PCS,1,31.90
BIT-HOL-DB-2311,Flexible Driver Bit Holder,Other,PCS,8,11.90
CLI-HOS-ORB-1A,Orbit Hose Clip No : 1A,Outdoor & Garden,PCS,30,1.30
COC-STO-C018,Brass Stop Cock - C018 18 MM,Plumbing,PCS,11,23.50
CUT-BLA-ALUM-BA7580,"Bossman Circular Saw Blade 190MM (7.5"") X 80T (for Aluminium)",Power Tool Accessories,PCS,5,56.90
DOR-H&S-BS135MM,Rb Hasp & STAPLE-135MM,Fasteners & Fixings,DOZ,1,54.90
GAR-SIC-D0301,Grass Sickle With 18 Wood Handle,Doors & Hardware,PCS,23,15.50
HOS-COU-CON-40200007,Ecogreen- One Way Snap-in Coupling,Outdoor & Garden,PCS,10,3.70
"IND-CAS-FIX-2""",2 DL5 Tpe Fixed Caster,Building Materials,PCS,11,9.90
PAI-BRU-086-65MM,086 Cs Nylon Paint Brush 2-1/2,Paint & Sundries,DOZ,14,32.90
PUM-FOO-H/D-A50000,Arrow Heavy Duty Foot Pump,Pumps & Water,PCS,12,34.90
SAF-SPE-PIC-ST21-CLE,Picasaf Protective Eyewear-clear ST21,Safety & Workwear,PCS,16,6.60
SHH-LINE-WHI-NO.250,(sf) Round White M. L. No. 250,Fishing & Tackle,PKT,13,9.30
TAP-CAB-CB2541SS,Cab Pillar Mounted Flex Head+spout Kitchen Tap Body (DIAMETER32MM),Plumbing,PCS,2,199.00
TOO-COM-IRO-BUL-13MM,13MM Iron Bull Spanner,Hand Tools,PCS,29,5.40
TOO-DRV-SET-STA-6PCS,"0&1PT,1.4,2,2.4,3MM Slotted 6PC Precision S/drv Set",Power Tools,SET,2,20.90
TOO-FIL-BCC-5.5200MM,Bahco Chain Saw File 168-8-5.5-3P 7/321IN,Hand Tools,PCS,15,6.40
TOO-WRE-3WAY-101214,Y Type Wrench,Hand Tools,PCS,8,11.80
TOPLUS-HIG-GLO-1L-C,1L Toplus High Gloss C Base,Paint & Sundries,CAN,3,36.10
WRE-RAT-17MMX19MM-SEN,Sensui Tail Ratchet Wrench 17MMX19MM,Hand Tools,PCS,3,36.90
WRE-RAT-17MMX21MM-SEN,Sensui Tail Ratchet Wrench 17MMX21MM,Hand Tools,PCS,3,36.90
X-BOS-0601-9F4-0L0,Gsr 1000 Batt. Screwdriver,Hand Tools,UNIT,5,295.00
X-CAR-WAX-CG,Cg Crystal Wax 5 IN 1,Power Tools,PCS,11,35.90
AER-6MC8,Aerico 6MC8,Other,PCS,10,9.20
AIR-DUS-MDSI-04061,Mdsi (MD-04061) Air Duster - Short,Automotive,PCS,3,30.90
BAT-ENE-REC-AA-4PCS,Ener Rech 4AA,Electrical,PCK,3,81.50
BBQ-GRI-CN FYZ-28022A,Enamel Portable Bbq Grill Set - 28022A,Outdoor & Garden,SET,2,229.00
BLI-HSS-HOL-SAW-16MM,Blimax Hss Hole SAW-16MM,Power Tool Accessories,PCS,4,10.50
BOS-1619-P09-976,Round Nut White (rplc 1603-340-037),Fasteners & Fixings,PCS,3,9.50
"BRA-SHE-S/S-G785-06""",G785 304 H/duty Shelf Bracket 6,Housewares,SET,6,14.50
BRO-MOP-MSCIR-300Q,300Q Circular Mop,Housewares,PCS,6,15.80
CUT-DIS-MARK-12300-P036,Mr. Mark P36 Master Fibre Disc - Blk,Abrasives & Cutting,PCS,31,2.90
CUT-ELE-EDM-4180,4 X 180 Gold Elephant Mop Disc,Housewares,PCS,18,3.90
CUT-ELE-ESS410D,"4""X1.0 Gold Elephant Cutting Disc",Abrasives & Cutting,PCS,42,1.50
DOR-H&S-BS085MM,Rb Hasp & STAPLE-85MM,Fasteners & Fixings,DOZ,2,26.90
ELE-PEN-81218/3-E27,81218/3 Pendant Lamp Round Base,Lighting,PCS,2,65.00
"FAS-RIV-PAT-3/16""X3/4""-PCK",Blind Rivet: Jaguar 3/16 X 3/4 (20PCS/PCK),Fasteners & Fixings,PCK,23,2.90
HOS-CLE-00830,8MM X 30M Clear Hose (COIL),Outdoor & Garden,COIL,16,27.90
"IND-CAS-SWI-TSCB-2""",2 DL5 Tpe Threaded Stem Swivel Caster W Brake,Fishing & Tackle,PCS,6,17.90
IND-PAI-CEMENT,PVC Cement Pail-yellow,Chemicals & Adhesives,PCS,59,5.20
MTR-FLOAT-SW,Plasma 5 Meter Float Switch,Fishing & Tackle,PCS,2,53.90
SAF-SLI-GLO-3TON5M,Webbing Sling (glolift) 75MM 3 Ton X 5M,Lifting & Rigging,LGTH,4,45.90
SHH-ROD-2511300,Santec 2511-300 Puyu Solid Pole (3MTR),Fishing & Tackle,PCS,4,26.50
SHO-HAN-SET-05369,Ess 500A Shower Set 05369,Bathroom,SET,5,21.50
SPO-SCO-QB-3M-5PCS,Atlas 27NM 6 X 9 Handpad-maroon,Other,PCS,18,5.20
SWI-T/SOC-FLE-6155NS,T/skt W/surge Sp TS-5GLS-540A FLE-6155NS,Electrical,SET,6,44.90
TAP-CAB-CB1540SS-BL,Cabana S/s Pillar Mounted Kitchen Tap,Plumbing,PCS,2,169.00
TAR-SHT-450#-B.GREEN,Canvas 450 (b. Green) 6 X 45M,Building Materials,COIL,2,629.00
TOO-COM-W0305O-14*17MM,2 Open Wrench (14*17MM),Hand Tools,PCS,9,10.50
TOO-NIE-SET-SCR-EXT-6#,Nietz 6 Screw Extractor Set 12/240 50149806,Fasteners & Fixings,SET,1,26.90
TOO-WK-PWT-5513,Worker 21V Cordless Brushless Angle Grinder 5513,Power Tools,UNIT,1,539.00
TOO-WRE-DOU-1415,Double Flexible Socket Wrench 14 X 15MM,Hand Tools,PCS,10,17.90
TOO-WRE-OIL-MBSP007,"12""X300MM Sensui Oil Filter Wrench",Hand Tools,PCS,4,28.90
WAL-PLU-S/S-CC225-M6X60MM,S/steel Wall Plug - K103-304 M6X60MM CC225,Fasteners & Fixings,PCS,147,1.70
X-BAT-ENE-REC-4AA-4PCS,Enr Max Alk Aaa 12PCS,Power Tools,PCK,11,36.90
ACC-HYU-HY-15,Hyundai Press Control,Other,PCS,1,198.00
"ADH-TAP-3""",Waterproof Flex Tape,Chemicals & Adhesives,ROLL,2,15.90
APR-PVC-YEL,Thin PVC APRON-YELLOW24IN X 36IN0.18MM,Safety & Workwear,PCS,13,6.20
BNW-B&N-RBN-110-BOX,Sr G. I Boit & Nut 3/16 X 1 (box),Fasteners & Fixings,BOX,2,18.20
BRO-FLO-NYL-203,203 Nylon Broom With Handle,Doors & Hardware,PCS,43,6.20
"CON-STR-OFFSET-2""",4 Toilet Off Set Connector,Bathroom,PCS,6,12.90
CUT-GRI-W2451-180,Grinding Wheel,Abrasives & Cutting,PCS,9,8.00
GRA-SSS-06085(6),6 Elise S/steel Floor Grating,Bathroom,PCS,7,15.90
HOS-CON-13-16MM,Power Hose Joint,Outdoor & Garden,PCS,66,1.00
LED-INS-KIL-2W,LED Insect Killer 2W,Lighting,PCS,1,99.00
LIG-EM-EL-LE115,ECONLITE'15 X LED Emergency Light (jkr Approved),Lighting,SET,1,108.00
POL-HAR-NYL-JM-666A,"Harvesting Palm Oil Clip 1-1/2""(38MM) PVC - Green",Other,PCS,10,8.90
PUMP-SHADE,Marlino Pump Shade,Pumps & Water,PCS,3,139.00
PYE-STRIP-M-500ML,PYE Strippa M-500ML,Building Materials,TIN,5,19.50
SHH-LINE-WHI-NO.120,(sf) Round White M. L. No. 120,Fishing & Tackle,PKT,20,4.80
SWI-SOC-ELE-PTBK600,600MM Power Tracks (surface)-black (BK600),Electrical,PCS,2,195.00
SWI-SOC-ULT-M0813BMG,Ultra 13A Flat Pin Swi Sock (large ROCKER)(M0813BMG),Electrical,PCS,20,13.00
SWI-SOC-ULT-M0813BW,Ultra 13A Flat Pin Swi Soc (large Roc)-whi (M0813BW),Electrical,PCS,32,8.60
SWI-SOC-ULT-M0813MG,Ultra 13A Flat Pin Swi Soc Neon-mat Grey (M0813MG),Electrical,PCS,23,11.90
TAP-2-WAY-CA411QH,CA411QH 2-WAY Tap V/p,Plumbing,PCS,7,39.50
TOO-COM-IRO-BUL-34MM,34MM Iron Bull Spanner,Hand Tools,PCS,3,66.50
TOO-COM-IRO-BUL-35MM,35MM Iron Bull Spanner,Hand Tools,PCS,3,69.50
TOO-COM-W0305M-12*14MM,2 Open Wrench (12*14MM),Hand Tools,PCS,11,8.50
"TOO-PICK-ALUM-00657T-33""",33 Aluminium Foldable Pick Up Tool,Power Tools,PCS,10,39.80
TOO-VIC-W2484,Heavy Hinged Pipe Vise 4,Plumbing,PCS,1,349.00
CHA-MKX-2026,Part : Charger,Outdoor & Garden,PCS,2,24.90
CUT-FLA-TAI-A80100,Tailin Flap Discs A80,Abrasives & Cutting,PCS,8,8.20
CUT-SCI-JM-317,Jayamata Scissor Multi-purpose 7.7,Abrasives & Cutting,PCS,8,9.20
CUT-TIL-BLI-BLA,Blimax Tile Cutter,Flooring,PCS,2,43.00
DOR-LOC-CYL-02025(SS),587 SS Czs Cylindrical Door Lock,Doors & Hardware,SET,20,19.50
FAS-SCR-TECH-METAL-19MM-PCK,Techscrew-metal Screw X 19MM (50PCS/PCK),Fasteners & Fixings,PCK,12,5.20
"FIT-YG228R-NIP-REC-3/8""X1/4""-BRA","Brass Reduced Nipple 3/8""X1/4 YG228R (BRA)",Plumbing,PCS,10,3.50
LOC-HD-SHE-50MM,50MM Shenling Heavy Duty Lock,Locks & Security,PCS,8,18.50
LOC-OLP-LTS70,70MM Olpha Brass Hammer Type Pad Loc,Hand Tools,PCS,3,62.90
NAI-ROO-TWI-RED,2-1/2 Twist Roofing Nails (red),Fasteners & Fixings,BAG,28,11.80
PAI-BRU-633-065MM,Paint Brush 633 X 65MM,Paint & Sundries,DOZ,3,21.90
PAI-BRU-WOO-080MM,Gd Wool Brush 80 MM,Paint & Sundries,DOZ,2,32.90
PAI-ROL-SPM100,Paint Master Paint Roller Set 4,Paint & Sundries,SET,81,4.50
PIP-HDPE-25MM-PN12.5,3M HDPE Pipe - Non SIRIM X 25MM,Plumbing,LTH,43,5.50
SAF-SHO-SOB-07#,Sobar P800 Safety Shoes 7,Safety & Workwear,PAIR,2,52.90
SHH-FISH-NET-0.15D-25MM-50MD/5A,"25MM (1"") 50MD (4') /5A",Fishing & Tackle,PCS,4,26.50
SHH-HOO-4206-NO.5,4206 No. 5 Galah Hook (20'S),Fishing & Tackle,PKT,14,6.50
SHH-LINE-L/G-OHML6,Omega Hayasu Mono Line 6LBS (rainbows),Fishing & Tackle,PCS,7,11.90
SHH-LINE-WHI-NO.12,(bs)long White M. L No. 12,Fishing & Tackle,PCS,26,3.70
SHH-SINKER-NO.1/2,Single Head Sinker No. 1/2 (2PCS/PCK),Fishing & Tackle,PCK,39,2.40
TOO-COM-IRO-BUL-18MM,18MM Iron Bull Spanner,Hand Tools,PCS,15,9.80
TOO-ELE-GUN-PIN-20-80,20-80 Soldering Iron Gun,Home Appliances,PCS,4,27.90
TOO-WRE-DOU-1214,Double Flexible Socket Wrench 12 X 14MM,Hand Tools,PCS,11,15.30
X-CYL-LOC-EPO-CL011-SN,Epo Cylindrical Lever Lock (CL011 Sn),Locks & Security,SET,2,58.50
BAT-ENE-MIN-A23,Energizer Mini Al A23 8P1,Electrical,PCK,30,6.20
BNW-B&N-RBN-205-BOX,Sr G. I Boit & Nut 1/4 X 5/8 (box),Fasteners & Fixings,BOX,2,17.80
BRA-S/S-L-65383,Stainless Steel L Bracket 65383-65X65,Plumbing,PCS,41,5.90
BURR-CAR-T.C.T-HX1232,Blimax Carbide Milling BURR-HX1232,Other,PCS,2,48.90
BURR-CAR-T.C.T-LX1228,Blimax Carbide Milling BURR-LX1228,Other,PCS,2,48.60
CUT-ELE-EMC420,"4""X2.0 Gold Elephant Cutting Disc",Abrasives & Cutting,PCS,29,1.90
CUT-PIP-TUB-AT4308,Anton Tubing Cutter,Abrasives & Cutting,SET,3,28.80
DOR-WOO-FRA-ALU,Door Frame For 1.1/2 X 2 X 72 X 30 Aluminium,Doors & Hardware,PCS,2,188.00
FLO-MOC-KV910,"Kv 910 12""X12 Homotile",Flooring,PCS,15,4.80
FLO-PVC-NO.24903,PVC Flooring No. 528-20,Flooring,ROLL,7,169.00
GAR-CUT-VIS-200MM,Kakc Steel Sheet Cutter-bent,Outdoor & Garden,PCS,2,16.20
GAR-SPR-PRE-L50,5 Litre Pressure Sprayer,Outdoor & Garden,PCS,9,39.00
GER-PLUG-BP8ES,Ngk 14 X 19.0 Spark Plug (generator),Electrical,PCS,25,7.30
GRA-CUT-BLA-12037(14),14 Grass Blade-b Trimmer Blade-big,Outdoor & Garden,PCS,2,17.90
GUN-TAC-STA-TR45,Light-duty Staple Gun TR45,Fasteners & Fixings,UNIT,3,93.00
HOS-GAR-MK-HS-1804-13M,Mark-x PVC Gre/blk Garden Hose,Outdoor & Garden,ROLL,1,34.90
SAF-SHO-SOB-06#,Sobar P800 Safety Shoes 6,Safety & Workwear,PAIR,2,52.90
SAF-SHO-SOB-08#,Sobar P800 Safety Shoes 8,Safety & Workwear,PAIR,2,52.90
SAF-SLI-GLO-3TON4M,Webbing Sling (glolift) 75MM 3 Ton X 4M,Lifting & Rigging,LGTH,4,40.90
"SANDEX-PAD-6""-M14","Sandex 6 Polishing Sponge Pad, M14",Abrasives & Cutting,PCS,5,20.90
SHH-HOO-4206-NO.3,4206 No. 3 Galah Hook (20'S),Fishing & Tackle,PKT,11,7.50
SHH-LINE-WHI-NO.08,(bs)long White M. L No. 8,Fishing & Tackle,PCS,26,3.70
SHH-LINE-WHI-NO.15,(bs)long White M. L No. 15,Fishing & Tackle,PCS,29,3.40
SWI-ADA-MS-3L2USB,Morries Adaptor With Fuse & USB 2.1A,Electrical,PCS,6,43.90
SWI-T/SOC-FLE-915-5M5G,Fle T/skt Sp TC-5GL-540B 915-5M,Electrical,SET,8,30.50
TAP-BIB-PVC-J2BC01W,Jopex PVC 20MM,Plumbing,PCS,17,12.40
TIE-CAB-BLA-250MM,"Black PVC Cable Ties 250MM (10"")",Electrical,PCK,35,10.90
TOO-CLA-BLI-B212,Blimax Partition Keel Clamp - B212,Hand Tools,PCS,2,65.00
TOO-COM-IRO-BUL-14MM,14MM Iron Bull Spanner,Hand Tools,PCS,22,6.50
TRCK-(0.40MM)-50MM- 10FTS,Track (0.40MM) 50MM X 25MM X 3000MM -10FTS,Other,PCS,2,4.90
WAT-FIL-X8-ACQUA-KHX8,Acqua X8,Other,UNIT,1,1298.00
WEL-CAB-UNI-400AMP,Uniflux 400A X 90M Welding Cable,Electrical,MTR,33,10.90
WEL-GLA-BLA-NO.10,Black Welding Glass 108 X 50 (no. 10),Welding,PCS,109,1.00
BNW-BOL-SS304-M10-45MM,SS 304 Bolt - M10 X 45MM,Fasteners & Fixings,PCS,20,2.30
"BRA-SHE-YG782-08""",White H/duty Shelf Bracket 8,Housewares,PAIR,7,10.50
"BRA-STEEL-L-1""X1""","Steel L Bracket 1""X1 (BC185K)",Plumbing,PCS,508,0.70
CHA-PVC-BEL-R6MM,Bellea PVC (red) (ROLL),"Rope, Chain & Netting",ROLL,2,52.90
CHA-PVC-BEL-Y6MM,Bellea PVC (yellow),"Rope, Chain & Netting",ROLL,2,52.90
"CLI-HOS-GP-3""",Gp S/steel Hose CLIP-3 (52-76MM),Outdoor & Garden,PCS,16,2.50
DRI-SAW-A68-8MM,Sawman A68 Multi Purpose Drill Bit 8MM,Power Tool Accessories,PCS,6,5.50
"ELE-D/L-8629/6""-ROU-BLU",Ilite Downlite 8629-6+3W Wh+bl,Electrical,PCS,10,22.90
ELE-GRW-10A1PMCB,Grow 10A 1P Mcb,Electrical,EA,50,6.50
FAS-SCR-TECH-WOOD-65MM-PCK,Techscrew-wood Screw X 65MM (50PCS/PCK),Fasteners & Fixings,PCK,5,8.90
FLO-MAT-PVC-SY403,Sy 403 PVC Floor Mat,Flooring,PCS,118,7.50
"IND-CAS-SWI-1""",1 DL5 Tpe 360 Degree Swivel Caster,Fishing & Tackle,PCS,13,7.50
IND-TRU-FD300-ER,Sumo Boy PVC Hand Truck (green Box),Building Materials,SET,4,329.00
KOYA-GLU-W5509,Koya White Glue 5509,Chemicals & Adhesives,PCS,45,7.50
MEA-TAP-BLI-7.5M-B7-CR,Blimax DM5 Measuring B7,Hand Tools,PCS,7,13.90
OIL-CAN-3L,Oil Can 3L,Automotive,PCS,4,51.90
PAI-BRU-NIP-TR835N,2.5 Synthetic Paint Brush 750,Paint & Sundries,PCS,26,12.90
PAI-BRU-RAD-2642R,"2""X642R Radiator Paint Brush",Automotive,PCS,20,3.60
"PIC-HAN-GOL-1-1/2""",Golden Picture Hanger-m'sia 1-1/2 (2PAIR/PCK),Housewares,PCK,67,1.70
PUM-ORI-44GAL,Oriental Hand Rotary Pump,Pumps & Water,PCS,4,84.00
SAF-SLI-GLO-2TON6M,Webbing Sling (glolift) 50MM 2 Ton X 6M,Lifting & Rigging,LGTH,4,39.00
"SEA-GAS-RUB-1/8""",Rubber Insertion Sheet 1/8,Other,ROLL,4,284.00
SHH-HOOK-EWDX4008,No. 8 (20'S) Eagle Wave Hook,Fishing & Tackle,PKT,9,9.50
SHH-HOOK-SC4063,Surecatch Biru 406 No. 3(20'S),Fishing & Tackle,PKT,13,6.20
SHH-LINE-L/G-OHML20,Omega Hayasu Mono Line (rainbow) 20LBS,Fishing & Tackle,PCS,7,11.90
SHH-LINE-L/G-OHML40,Omega Hayasu Mono Line (rainbow) 40LBS,Fishing & Tackle,PCS,7,11.90
SHH-LINE-WHI-NO.06,(bs)long White M. L No. 6,Fishing & Tackle,PCS,24,3.90
SHH-REEL-MH3000A,Sealand Machine Gun Fishing Reel (3SS-B) MG3000A,Fishing & Tackle,PCS,2,51.50
SWI-SOC-ELE-E012B,Elegance 16A 1 GANG 2 Way-black (E012B),Electrical,PCS,16,20.30
SWI-SOC-MK-S2747,Mk 13A X 2 Switch Socket - Slimline Plus,Electrical,PCS,8,22.90
SWI-SOC-ULT-M08213MG,Ultra 13A 2GANG Flat Pin Swi Soc Neon (M08213MG),Electrical,PCS,10,29.60
TOO-NIE-TAM-T9,Nietz E/long Tamper Tx-star Wrench (red) 53283009,Hand Tools,PCS,1,6.90
TOO-WRE-DOU-1012,Double Flexible Socket Wrench 10 X 12MM,Hand Tools,PCS,12,12.90
TOO-WRE-MII-6120#,Mii Premium Nut Wrench - 6120,Hand Tools,PCS,3,36.90
WAL-PLU-S/S-60MM,304 S/steel Wall Plug M6 X 60MM,Fasteners & Fixings,PCS,133,1.60
AER-6ME4,Aerico 6ME4,Other,PCS,9,9.20
BEA-PUL-EAS-E0060,Eastman X 4 Bearing Puller,Other,PCS,5,19.50
BLI-HSS-HOL-SAW-22MM,Blimax Hss Hole SAW-22MM,Power Tool Accessories,PCS,3,13.30
CUT-DIS-MARK-12300-P120,Mr. Mark P120 Master Fibre Disc - Blk,Abrasives & Cutting,PCS,25,2.90
ELE-PEN-CD-3019,Pendant Light CD-3019,Electrical,PCS,4,79.00
"FAS-SCR-CSK-3"" X 8G - BOX",Sr Csk Tapping Screw 3 X 8G (400PCS/BOX),Fasteners & Fixings,BOX,3,89.00
HOS-CON-19-25MM-1'',Power Hose Joint 1,Outdoor & Garden,PCS,32,1.50
HOS-COU-BR-19MM,Br Hose Coupling 19MM,Outdoor & Garden,PCS,4,9.80
HOS-GAR-SET-SWHR-WA20M,20M Wall Mounted Auto. Reel Retractable Set 1/2,Fishing & Tackle,SET,3,365.00
KGR-ALU-PAI-1L,Kangaroo Brand 250 Aluminium Paint 1 Litre,Paint & Sundries,TIN,9,39.90
OIL-CAN-4L,Oil Can 4L,Automotive,PCS,3,69.50
SHH-BLA-NET-NO.2,"Black Net No. 2 (1 1/4"") (3.0CM)",Fishing & Tackle,PCS,5,18.70
SHH-BLA-NET-NO.7,"Black Net No. 7 (2 3/4"") (7.0CM)",Fishing & Tackle,PCS,5,18.70
SHH-BLA-NET-NO.8,"Black Net No. 8 (3 1/4"") (8.0CM)",Fishing & Tackle,PCS,5,18.70
SHH-REEL-NL200,Alpine Prawn Reel (3BB),Fishing & Tackle,PCS,5,18.90
SHH-REEL-YK6000,Yumoshi Fishing Reel (YK6000),Fishing & Tackle,PCS,2,79.80
SWI-SOC-ELE-E031B,Elegance 16A 3 GANG 1 Way-black (E031B),Electrical,PCS,11,32.90
SWI-SOC-ULT-M0815W,Ultra 15A Round Pin Swi Soc Neon-whi (M0815W),Electrical,PCS,13,18.60
TIE-CAB-WHI-250MM,"White PVC Cable Ties 250MM (10"")",Electrical,PCK,33,10.90
TOO-HAN-RAT-12MM,Ratchet Handle 1/2 (heavy Duty),Doors & Hardware,PCS,1,29.50
TOO-WRE-KEY-ATHM-4,Arrow T Flat Hex Key (metric) With Plastic Handle - 4MM,Doors & Hardware,PCS,10,5.40
TOO-WRE-KEY-KTBAL-12004,King TOP9PCS-4 Ball Point Hex Key Wrench,Hand Tools,SET,6,13.90
TOPLUS-GOLD-5L-B,5L Toplus Gold B Base,Paint & Sundries,CAN,5,83.50
VAL-BAL-ITA-12MM,Brass Ball Valve - Italy 12 MM,Plumbing,PCS,25,15.50
WAL-PLU-S/S-CC227-M10X80MM,S/steel Wall Plug - K103-304 M10X80MM CC227,Fasteners & Fixings,PCS,48,4.50
WAT-TAP-BLU,(3) 100 Gallons HDPE Taper Tank,Plumbing,DRUM,1,239.00
X-ELE-BUL-B225W-Y,Kobena 5W E27,Power Tools,PCS,5,6.90
BNW-B&N-RBN-204-BOX,Sr G. I Boit & Nut 1/4 X 1/2 (box),Fasteners & Fixings,BOX,2,15.90
CLI-ELE-CAB-04MM100'S,Cable Clip 4MM/100'S (bd),Electrical,BOX,14,2.40
"COC-BASIN-K400C-1/2""",Washbasin Tap:c/p Cross-type 1/2,Plumbing,PCS,7,30.50
COC-STO-B1198,1/2 Bliton Stopcock,Plumbing,PCS,5,54.90
CON-CAB-CLAMP-600AMP,Gloweld Earth Clamp,Hand Tools,PCS,7,9.90
COV-HAR-SIC-FS-916,Fiesto Folding Sickle,Outdoor & Garden,PCS,18,15.50
CUT-ELE-EDM-4100,4 X 100 Gold Elephant Mop Disc,Housewares,PCS,16,3.90
FAS-ANC-PJA-12100,Sh P. J. Anchor 1/2 X 4 (BOXES),Fasteners & Fixings,BOXES,4,124.00
"FAS-RIV-PAT-1/8""X5/16""-PCK",Blind Rivet: Jaguar 1/8 X 5/16 (20PCS/PCK),Fasteners & Fixings,PCK,45,1.30
"FIT-HDPE-ELB-FEM-20MMX1/2""",Wall Plate Female Elbow 20MM X 1/2,Plumbing,PCS,57,6.10
GUN-TRA-F32,Air Tracker - F32,Fasteners & Fixings,PCS,2,165.00
HHD-HAN-LEV-LOW,Low Level Handle,Doors & Hardware,PCS,81,5.20
"IND-CAS-SWI-BRA-1""",1 DL5 Tpe 360 Degree Swivel Caster W Brakes,Fishing & Tackle,PCS,10,8.90
"IND-FEN-2.1/2""X6'",6 X 2.1/2 X 10G X 50 PVC Fencing,Building Materials,ROLL,4,259.00
IND-NET-FIB-5'X25M-FTS,Fiberglass Netting 5,"Rope, Chain & Netting",ROLL,6,179.00
INS-FWF04-SC,Seat & Cover,Other,NOS,1,95.00
OIL-CAN-1L,Oil Can 1L,Automotive,PCS,4,43.90
PAI-BRU-NIP-TR836N,3 Synthetic Paint Brush 750,Paint & Sundries,PCS,19,16.90
SCP-FIL-POW-1.8KG,1.8KG Scin Powder Filla,Paint & Sundries,BOX,6,6.50
SHH-REEL-GM3000,Haojia Fishing Reel 12BB GM3000,Fishing & Tackle,PCS,2,42.90
SHH-ROD-AGS562,"Hytac Avengers Rod (5'6"")",Fishing & Tackle,PCS,2,44.90
SWI-SOC-MK-NEO-S8423,Mk 20AX 1 GANG Dp Switch + Neon,Electrical,PCS,8,26.50
SWI-T/SOC-9822-5M2G,2GL T/skt W/surge (sr) 9822/5M,Electrical,SET,1,35.50
"TIE-CAB-BLA-8""",8 Black Cable Tie (20PCS/PCK),"Rope, Chain & Netting",PKT,22,3.80
"TOO-DRV-STA-PH2-1/4""X05""-9960651680","Cushion Grip S/dr PHILIPS-1/4""X5""X2PT ( 2X125MM)",Power Tools,PCS,2,12.90
VAL-BAL-VIP-FF12MM,1/2 Vip Chrome Mini Valves 323FF,Plumbing,PCS,16,12.50
AER-4MRT44,Aerico 4MRT44,Other,PCS,10,7.50
AER-6MC6,Aerico 6MC6,Other,PCS,10,7.50
BAT-REC-FP645-6V,First Power 6V 4.5AH Rec. Battery,Electrical,PCS,5,46.90
BNW-B&N-RBN-212,Sr G. I Boit & Nut 1/4 X 1 1/4 (5PCS/PCK),Fasteners & Fixings,PCK,19,2.50
"BRO-HAN-RAKE-5'X1-1/8""",5 X 1-1/8 Rake Handle,Doors & Hardware,PCS,32,8.30
CON-STR-OFFSET-1034,4 Toilet Straight Connector,Bathroom,PCS,6,12.00
CUT-BLA-WOO-KNI10530T,"Knight Circular Saw Blade - Wood 4""X30T",Power Tool Accessories,PCS,13,15.90
DOR-LAT-B2SS,Leon S/steel Door LATCH-2,Doors & Hardware,DOZ,1,33.90
"HHD-SOC-YG379MF-1/2""X50MM",Mxf S/steel Socket 1/2 X 50MM,Electrical,PCS,6,5.20
HOS-COU-Y-EG4022,Ecogreen- Y Snap-in Coupling,Outdoor & Garden,PCS,5,4.40
IND-GAL-WIRE-20#-10KG/ROLL,20 X 10KG Wire,Electrical,COIL,7,45.00
IND-TRO-SET-KIT3203,2 IN 1 Planner Set,Building Materials,SET,2,39.90
KGR-COM-1.5KG,Kangaroo Brand 1 1/2 KG Bituminous Compound,Paint & Sundries,TIN,16,19.90
MAR-PEN-BLUE,Sharpie Fine Point P/marker (ls)- Blue,Hand Tools,PCS,25,4.20
PAI-BRU-WOO-060MM,Gd Wool Brush 60 MM,Paint & Sundries,DOZ,2,28.90
SHH-REEL-HS5000,Hytac Hyperstone Reel,Fishing & Tackle,PCS,1,93.00
SHH-ROD-DX3332180,"(7'0"") Ralink Rod (casting Rod)",Fishing & Tackle,PCS,1,169.00
TOO-BOX-MR.MARK-M380,Mr. Mark Hard Tools Box,Power Tools,UNIT,12,27.90
TOO-CLA-GW47375,Heavy G-shape Clamp 3,Hand Tools,PCS,5,16.90
TOO-COM-W0305V-22*24MM,2 Open Wrench (22*24MM),Hand Tools,PCS,5,18.50
TOO-WRE-ADJ-PIN-BLM185,Blimax Adj Pin,Hand Tools,PCS,11,7.50
TOO-WRE-PLU-T008,8MM T-plug Wrench,Hand Tools,PCS,15,7.90
VAL-ANG-CVL-CA9003,Cavallo Angle Valve CA9003 304SS,Plumbing,PCS,16,11.50
WOO-HOE-BELIAN,Hoe Stick Belian,Building Materials,PCS,41,23.90
ADH-GLU-PE1KG,1KG E P Glue,Chemicals & Adhesives,SET,3,105.00
BAT-ENE-REC-AA-UNIV,En Rec Batt 2AA Univ,Electrical,PCK,4,49.90
BRO-HAN-NYL-9411,9411 Hard Nylon Broom With Handle,Doors & Hardware,PCS,26,8.80
BRO-NYL-606,606 Wooden Nylon Drain Broom With Handle,Doors & Hardware,PCS,26,8.90
CAP-01.5UF-415V-CBB61,Capacitor 415V Sh-po Square Black,Electrical,PCS,58,3.50
CUT-GRI-MJ021-100,Qs Grinding Wheel 4,Abrasives & Cutting,PCS,30,2.00
DOR-BOL-RAI-150MM,Rb Pad BOLT-6,Fasteners & Fixings,DOZ,8,34.90
ELE-D/L-PHL-59467-SQ-6500K,59467 Meson 17 1200 150 Square 6500K,Electrical,SET,7,37.90
ELE-PEN-CD-87020/3,Pendant Light CD-87020/3,Electrical,PCS,2,155.00
ELE-PEN-DX-9001/1,Pendant Light DX-9001/1,Electrical,PCS,2,159.00
"ELE-PVC-CAS-2""X3""",Kancil 2 X 3 X6FT PVC Casing,Electrical,LGTH,8,26.00
ELE-TUB-LED-4-60W-6500K,Cielo Frs -4T/T8/60W/DL LED T8 Tube,Automotive,PCS,5,17.50
FAN-CEI-KHI-REM-SBE,Fan Regulator,Fans & Ventilation,PCS,5,21.50
FAS-BOL-EXP-TRAC130-M8X90X50,M8 X 90 X 50 Brain Hook Expansion Bolt,Fasteners & Fixings,PCS,22,7.30
"FAS-SCR-DRY-WHI-6#1.1/4""",Hunter/wh - Drywall Screw 6 (20PCS/PCK) X1-1/4,Fasteners & Fixings,PCK,62,1.80
FDD-CON-FEM-YEL-5.5,Female Disconnect - Yellow (5.5) (20PCS/PCK),Electrical,PCK,18,13.90
FIL-GAU-W2868A,Filler Gauges 100MM*14,Other,PCS,6,8.90
"FIT-HDPE-ELB-FEM-25MMX1/2""",Wall Plate Female Elbow 25MM X 1/2,Plumbing,PCS,40,8.50
FIT-PVC-ELB-20MMX15MM,"PVC Fitting Elbow Reducing 3/4""X1/2",Plumbing,PCS,138,1.80
HOO-S-3PCS-ZT2093,Zheng Tu 3PCS S Shape Hook Small,Doors & Hardware,PCK,6,4.10
"IND-CAS-FIX-1""",1 DL5 Tpe Fixed Caster,Building Materials,PCS,13,6.90
"IND-CAS-SWI-TSC-2""",2 DL5 Tpe Threaded Stem Swivel Caster,Fishing & Tackle,PCS,5,16.90
LAD-ALU-AT-DS10,At 10 Step D/side Aluminium Ladder,Ladders & Access,UNIT,3,379.00
LEO-S/S-LOC-BOL-LB304-6,Leon 6 S/steel Lockble,Fasteners & Fixings,PCS,10,25.00
NAI-ROO-TWI-BLUE,2-1/2 Twist Roofing Nails (blue),Fasteners & Fixings,BAG,24,11.80
NUM-80MM-9,Acp Numbering 80MM - 9,Signage & Numbering,PCS,12,12.60
RIG-HOO-ALL-0.75TON,Alloy Hook 0.75TON,Lifting & Rigging,PCS,11,6.60
SHE-CAB-CB476-GM,Cabana Corner Shelf,Housewares,PCS,1,98.00
SHH-HOOK-SC4064,Surecatch Biru 406 No. 4(20'S),Fishing & Tackle,PKT,12,6.20
SHH-HOOK-SC4065,Surecatch Biru 406 No. 5(20'S),Fishing & Tackle,PKT,12,6.20
SHH-REEL-VT100,Pt Pioneer Nuke Pro (9+1BB) (r/h) Casting Reel,Fishing & Tackle,PCS,1,89.00
SWI-SOC-MK-G2977,Mk Alm 13A M/c S/socket,Electrical,EA,7,28.90
SWI-SOC-ULT-M08213W,Ultra 13A 2GANG Flat Pin Swi Soc Neon-whi (M08213W),Electrical,PCS,10,26.50
TAB-SHE-PVC-Y068A,ZT-032 PVC Sheet,Housewares,MTR,10,6.90
TOO-DRV-ASD43-,4 X 3MM (-) Arrow High Grip Screwdriver,Hand Tools,PCS,30,4.80
TOO-HAM-CLA-W2611,Claw Hammer Trp/plastic,Hand Tools,PCS,4,20.90
TOPLUS-224-07L,7L Toplus Emulsion 224 Moonlight,Paint & Sundries,CAN,7,53.90
TOPLUS-GOLD-5L-C,5L Toplus Gold C Base,Paint & Sundries,CAN,4,110.00
CLI-HOS-PVC-13-23,7/8 S/steel Hose Clip With PVC Handle 13-23,Doors & Hardware,PCS,192,1.90
COC-BIB-LION18,Brass Bib Cock - Lion Brand 18 MM,Plumbing,PCS,17,22.90
CUT-ELE-EDM-4240,4 X 240 Gold Elephant Mop Disc,Housewares,PCS,15,3.90
CUT-KNI-HX338,Tct A80 N. T Cutter Blade (10PCS/BOX),Abrasives & Cutting,BOX,37,1.90
DOR-HIN-BRI-100MM,Iron Hinges Bright 4,Home Appliances,DOZ,3,30.90
LAD-H/D-STRO-SS10,S/sided H/d Ladder 10 Step,Ladders & Access,UNIT,2,548.00
RAI-COA-SUP-XXL,Supersonic PVC Rain Coat : 2XL,Curtains & Blinds,PCS,3,26.90
ROO-ZIN-SHE-06'X35G,Corrugated Steel Zinc 6 X 35G,Building Materials,PCS,56,15.90
SHH-LINE-L/G-OHML30,Omega Hayasu Mono Line (rainbow) 30LBS,Fishing & Tackle,PCS,6,11.90
SHH-LINE-L/G-OHML8,Omega Hayasu Mono Line 8LBS (rainbows),Fishing & Tackle,PCS,6,11.90
SHO-HEA-05369(H),Esh 500A Shower Head 05369,Bathroom,SET,5,15.50
STOP-LVL-TIL-STP-4017,PVC Tile Leveling Stopper (90PCS+-/PCK),Flooring,PACK,5,14.90
SWI-LAM-HOL-SE220E-E27,E27 Battern Holder - White,Electrical,PCS,59,3.10
SWI-SOC-ELE-PTBK400,400MM Power Tracks (surface)-black (BK400),Electrical,PCS,2,165.00
TOO-COM-IRO-BUL-24MM,24MM Iron Bull Spanner,Hand Tools,PCS,8,17.80
TOO-COM-W0305H-11*13MM,2 Open Wrench (11*13MM),Hand Tools,PCS,9,8.30
TOO-SPA-BEN-BLK-12MM,BAR Bender: (m) Black 1/2,Power Tools,LGHT,8,38.50
TOO-WRE-DOU-1417,Double Flexible Socket Wrench 14 X 17MM,Hand Tools,PCS,8,18.90
TOPLUS-GOLD-5L-D,5L Toplus Gold D Base,Paint & Sundries,CAN,4,87.90
VAL-BAL-VIP-MF12MM,1/2 Vip Chrome Mini Valves 323MF,Plumbing,PCS,19,11.90
VAL-CAB-CSK15A,Cabana Stop Valve 3/4,Plumbing,UNIT,3,88.00
BNW-B&N-RBN-112,Sr G. I Boit & Nut 3/16 X 1 1/4 (12PCS/PCK),Fasteners & Fixings,PCK,13,2.60
BRO-NYL-609,609 Wooden Nylon Drain Broom With Handle,Doors & Hardware,PCS,30,7.20
CAP-02.5UF-415V-CBB61,Capacitor 415V Blnch Square Black (sh-po),Electrical,PCS,42,4.30
CAR-WAS-SHI-1L,Aa Car Care Wash&shine (premium) 1000ML,Automotive,PCS,7,15.50
CUT-DIS-W2451-100,4 Cutting Wheel,Abrasives & Cutting,PCS,31,1.90
CUT-KNI-HOL-JM-80,Jayamata Knives Stainless Steel,Abrasives & Cutting,PCS,2,33.50
CUT-KNI-W550RP,Utility Knife W550RP,Hand Tools,PCS,5,11.50
CUT-KNI-W900RPB,Utility Knife W900RP,Hand Tools,PCS,4,14.20
CYL-LOC-EPO-C101L-ORB,Epo Cylindrical Lock (C101-L Orb),Locks & Security,SET,2,39.80
DZ-GEN-TG-30,Tool Grease,Other,PCS,10,6.40
FLO-PVC-NO.26901,PVC Flooring No. 517-03,Flooring,ROLL,6,164.00
GAS-LIG-METAL,Spark L Lighter,Home Appliances,PCS,5,13.90
HOO-SNA-SS-6MM,S/s Snap Hook 6MM X 60MM,Doors & Hardware,PCS,7,5.90
LEO-SUS304-S/S-BIB-L133,Leon Sus 304 S/steel,Plumbing,PCS,6,43.50
PEN-ECO100-4KG,Eco 100 Waterproofing,Housewares,PAIL,1,73.90
PLA-MAT-EAW1100,Elephant-king Anti-weed Mat (pp) 1M X 100M,Packaging,ROLL,1,148.00
SAF-SLI-GLO-2TON5M,Webbing Sling (glolift) 50MM 2 Ton X 5M,Lifting & Rigging,LGTH,4,32.40
SHE-CAB-CB474-GM,Cabana Shelf Gm 350 X 140 X 56MM,Housewares,PCS,1,98.00
SHH-HOOK-9290BN14,Sode Hook No. 14(13'S),Fishing & Tackle,PKT,16,4.50
SHH-HOOK-EWDX40006,No. 6(20'S) Eagle Wave Hook,Fishing & Tackle,PKT,7,9.50
SHH-ROD-CRF200XH,Pt Pioneer Crossfire Xh (4+1BB)(R/H) Casting Reel,Fishing & Tackle,PCS,1,83.00
SHH-ROD-EJ150,"Torikumu Ebi Light (4'0"") Prawn Rod",Fishing & Tackle,PCS,2,39.20
SWI-SOC-ULT-M022MG,Ultra 16A 2 GANG 2 Way-matte Grey (M022MG),Electrical,PCS,13,18.00
SWI-SOC-ULT-M074MG,Ultra 1GANG Data Out (RJ45)-MAT Grey (M074MG),Electrical,PCS,8,29.60
TOO-WRE-MARS,Mars No. 5 Adj Tap & Reamer Wrench (M4-M12),Hand Tools,PCS,2,43.90
WEL-REG-YAM-OXY,Yamato Regulatuor - YR70 Oxygen,Welding,PCS,1,79.90
BRU-RAD-4X642R,"1-1/2""X642R Radiator Brush",Automotive,PCS,22,3.00
COV-HAR-SIC-JM-228,Sickle Harvesting Palm Oil PVC Cover 30,Outdoor & Garden,PCS,2,9.90
CUT-BLA-LB50H-18MM,Tajima 501 Spare Blade -18MM (1BOX=10PCS),Abrasives & Cutting,BOX,4,18.50
ELE-GRW-32A1PMCB,Grow 32A 1P Mcb,Electrical,EA,42,6.50
FAS-SCR-ZPH-DSMHO625-BOX,Sr Zph Self Drilling Screw (500PCS/BOX) DSM-HO625,Fasteners & Fixings,BOX,3,72.00
LAD-H/D-STRO-SS06,S/sided H/d Ladder 6 Step,Ladders & Access,UNIT,3,348.00
PUM-TOI-003S,Small Toilet Vacuum Pump,Bathroom,PCS,10,6.50
SCA-CAM-DIG-3100072,Digital Luggage Scale,Housewares,PCS,2,39.50
SHE-CAB-CB504A,Cabana Glass Shelf CB504A,Building Materials,UNIT,1,89.00
SHH-FIG-BRA-LIN-4X-20LB,Shuttle 4X Braided Line 100M (20LB) (dark Green),Fishing & Tackle,PCS,4,17.50
SHH-FIG-BRA-LIN-4X-40LB,Shuttle 4X Braided Line 100M (40LB) (dark Green),Fishing & Tackle,PCS,4,17.50
SHH-FIG-BRA-LIN-4X-80LB,Shuttle 4X Braided Line 100M (80LB) (dark Green),Fishing & Tackle,PCS,4,17.50
SHH-REEL-TKEB4002S,"Torikumu Ebi U. Light (4'0"")(PRAWN ROD)(GUIDE7'S)",Fishing & Tackle,PCS,2,38.80
SHO-HAN-HDLE-8040,Hand Shower Handle Only 8040,Bathroom,PC,5,14.50
SPO-SCR-SCH,Sponge Scrub,Other,PCS,155,3.80
TAP-BIB-QBC01W,Jopex PVC BIBTAP-QBC01W,Plumbing,PCS,20,9.20
"TOI-CON-4""X2""",WC Connector 4 X 2,Bathroom,NOS,4,19.90
TOO-COM-IRO-BUL-19MM,19MM Iron Bull Spanner,Hand Tools,PCS,11,10.30
TOO-RUL-SSS-6289-1M,Steel Ruler 1M,Power Tools,PCS,2,22.90
WAT-NOZ-ADP-026B,Gardenu 026B Water Nozzle Adaptor - Brs,Electrical,PCS,11,16.90
WEL-REG-YAM-ACT,Yamato Regulatuor - YR71 Acetylene,Welding,PCS,1,73.90
BAT-PSN-LIT3V-CR-1616/5BE,CR-1616/5B Lithium 3V,Electrical,PCS,22,7.50
BIB-TAP-K2B-LT8114,Luxtec Wall Bibtap K2B-LT8114,Plumbing,PCS,8,27.50
BLA-SAW-TCT-4X30T,"Blimax Tct Saw BLADE-4""X30T",Power Tool Accessories,PCS,15,11.90
BURR-CAR-T.C.T-AX1020,Blimax Carbide BURR-AX1020,Other,PCS,2,39.50
BURR-CAR-T.C.T-CX1020,Blimax Carbide BURR-CX1020,Other,PCS,2,39.50
CAR-WAS-SNOW-500ML,Aa Care Care Snow Wash (premium) 500ML,Automotive,PCS,10,9.90
"CLI-HOS-GP-6""",Gp S/steel Hose CLIP-6 (102-152MM),Outdoor & Garden,PCS,8,3.70
"COC-BASIN-K400L-1/2""",Washbasin Tap:cp L/type Pillar 1/2,Plumbing,PCS,10,23.90
CUT-KNI-RG335,Rigang Plastic Cutter,Abrasives & Cutting,PCS,5,10.90
CUT-PVC-PER-KNI,Pepper Knife With PVC Handle,Doors & Hardware,PCS,18,11.80
ELE-METW0452,Digital Multi-meter W0452,Electrical,PCS,3,66.90
"FAS-SCR-CSK-1"" X 8G-PCK",Sr Csk Tapping Screw 1 X 8G (20PCS/PCK),Fasteners & Fixings,PCK,15,2.30
FIT-YG251A-SOC-8MM-BRA,T Brass Connector 8MM,Plumbing,PCS,8,3.30
GUN-SPR-F75S,Blimax H/p Spray Gun - F75S,Power Tool Accessories,SET,4,54.90
HHD-FLO-BAL-18MM,3/4 Poly Ball Only Black Colour,Bathroom,PCS,14,4.50
IND-UMB-ROU-7-KH801,7 Sun Umbrella With Stand-round,Housewares,PCS,5,175.00
IND-WIR-PVC-BIRD-NET-BLK,Bird Netting (black),"Rope, Chain & Netting",MTR,12,5.90
MDD-CON-MALE-YELLOW-10PC/PCK,Male Disconnects - Yellow (6MM) (10PCS/PCK),Electrical,PCK,7,7.20
NUM-80MM-1,Acp Numbering 80MM - 1,Signage & Numbering,PCS,10,12.60
PAI-BRU-NIP-TR834N,2 Synthetic Paint Brush 750,Paint & Sundries,PCS,29,8.90
SHH-HOOK-1920SS1,No. 1 Eupro Fishing Hook (7'S),Fishing & Tackle,PKT,9,7.20
SHH-HOOK-45708-NO.11,2908 No. 6 Eupro Prawn Hook (15'S),Fishing & Tackle,PKT,13,4.90
SHH-LINE-WHI-NO.10,(bs)long White M. L No. 10,Fishing & Tackle,PCS,20,3.70
SHH-LINE-WHI-NO.40,(bs)long White M. L No. 40,Fishing & Tackle,PCS,20,3.50
SHH-PLA-NET-NEEDLE-NO.4-GRE,Plastic Net Needle No. 4 (green),Fishing & Tackle,PCS,5,1.90
SHH-SINKER-HOLE-NO.2,Hole Sinker No. 2 (10PCS/PCK),Fishing & Tackle,PCK,14,4.90
SHH-SINKER-HOLE-NO.4,Hole Sinker No. 4 (3PCS/PCK),Fishing & Tackle,PCK,22,2.90
SPR-BID-MMAN-2254#,M'man Toilet Sprayer Head (chrome) - 2254,Bathroom,PCS,6,11.80
STO-MOU-A11-22X250,Mounted Stone:k-prix Korea A11 (22X50),Abrasives & Cutting,PCS,7,8.50
SWI-SOC-ULT-M08913W,Ultra 13A Multiple Swi Soc Neon-whi (M08913W),Electrical,PCS,12,17.40
SWI-T/SOC-FLE-6144NS,T/skt W/surge Sp TS-4GL-540A FLE-6144NS,Electrical,SET,5,39.90
TIE-CAB-WHI-300MM,"White PVC Cable Ties 300MM (12"")",Electrical,PCK,23,12.90
TOO-COM-IRO-BUL-12MM,12MM Iron Bull Spanner,Hand Tools,PCS,21,5.30
TOO-DRV-ASD63+,6 X 3MM (+ ) Arrow High Grip Screwdriver,Hand Tools,PCS,21,6.00
TOO-OPE-MBSP012,8 IN 1 Faucet & Sink Opener Tools,Kitchen & Sinks,SET,5,20.90
TOO-PLI-LOC-GRI-W6010,Lock-grip Pliers C6010 CR250MM,Locks & Security,PCS,3,25.50
TOO-WRE-AIR-RT1206K,Rotake 1/4 Air Die Grinder Kit,Power Tools,UNIT,3,108.00
BAT-STA-SB202,Battery V20 2.0AH Lithium-ion,Electrical,PCS,1,199.00
BNW-B&N-RBN-240-PCK,Sr G. I Boit & Nut 1/4 X 4 (10PCS/PCK),Fasteners & Fixings,PCK,4,7.30
CLI-HOS-ORB-00,Orbit Hose Clip No : 00,Outdoor & Garden,PCS,185,1.60
DRI-SAW-A68-6MM,Sawman A68 Multi Purpose Drill Bit 6MM,Power Tool Accessories,PCS,6,3.90
FAS-BAN-STE-17MM,Sh Steel Band 17MM X 10M,Fasteners & Fixings,ROLL,27,12.90
FAS-RIV-PAT-5/32X5/8-PCK,Blind Rivet: Jaguar 5/32 X 5/8 (20PCS/PCK),Fasteners & Fixings,PCK,21,2.10
PAI-BRU-NIP-STEEL-TR880,Steel Wired Paint Brush (N10),Paint & Sundries,PCS,6,3.50
PAI-SPR-ANC-C018**,400ML Anchor Spray - C018** Decorative Chrome,Fasteners & Fixings,PCS,11,17.50
PAI-TRA,PVC Roller Tray,Housewares,PCS,239,3.90
PLA-SHE-27KG-36010,36 X 0.10 Pe/ Sheet 27KG,Packaging,ROLLS,4,224.00
PYE-FIL-WAL-PUTTY-1.5KG-B,PYE Wall Filla E Putty 1.5KG (yellow Cap),Paint & Sundries,TIN,3,13.80
RIKB-KEY-BOX-IRON-45050(54),Rikb 54 Rod Iron Key Box,Home Appliances,PCS,1,90.80
SCI-S/STEEL-135,Confu Hair Clipper,Other,PCS,1,75.00
SHH-BLA-NET-NO.6,"Black Net No. 6 (2 1/2"") 6.0CM)",Fishing & Tackle,PCS,4,18.70
SHH-FISH-NET-0.15D-35MM-30MD/6A,35MM (25YDS)C,Fishing & Tackle,PCS,4,16.80
SHH-PLA-NET-NEEDLE-NO.3-GRE,Plastic Net Needle No. 3 (green),Fishing & Tackle,PCS,4,2.10
SHH-ROD-TKKT28032S,"Torikumu Kotai Ii Medium (8'0"") Rod",Fishing & Tackle,PCS,1,82.90
SHH-SWIVEL-SNAP-NO.2,Nickel Snap Swivel No. 2,Fishing & Tackle,PKT,12,5.30
SHO-BID-NOZZ-SN66,Vip Stainless Steel Spray Nozzle,Power Tool Accessories,PCS,8,25.90
SHO-HEA-05375(H),Esh 509 Shower Head 05375,Bathroom,SET,4,17.50
SWI-ADA-MS-PT09,"Morries Travel Adaptor For Europe, Middle East&south America",Electrical,PCS,23,8.40
TAP-CAB-CB1518SS,Cabana S/s Pillar Mounted Kitchen Tap -CB1518SS,Plumbing,PCS,3,75.00
TOO-COM-IRO-BUL-26MM,26MM Iron Bull Spanner,Hand Tools,PCS,6,22.60
WAL-PLU-S/S-80MM,304 S/steel Wall Plug M10 X 80MM,Fasteners & Fixings,PCS,39,4.20
ADH-ALT-110,Alteco Super Glue 110 (twin Pack),Chemicals & Adhesives,DOZ,5,61.90
BAT-CHA-ENE-4AAA-700MAH,Ener Rech 4AAA,Electrical,PCS,2,84.90
BLI-HSS-HOL-SAW-32MM,Blimax Hss Hole SAW-32MM,Power Tool Accessories,PCS,2,19.90
BRO-FENG-SHUI,Feng Shui Broom,Housewares,PCS,40,19.90
CUT-DIS-MARK-12400-04G,Mr. Mark 4 X 16MM Grinder Disc./abr. Wheel,Power Tools,PCS,78,3.70
CUT-TIL-MDSI-114688,Mdsi (MD-09008) Tile Cutter Wheel With Bearing (thin),Flooring,PCS,3,21.50
ELE-LED-SOL-SF-1000W-6500K,Hermanns Solar Flood Light 65K,Electrical,PCS,1,229.00
"ELE-PVC-CAS-2""X2""",Kancil 2 X 2 X6FT PVC Casing,Electrical,LGTH,12,15.90
GAR-HOE-C0504,3D Spring Steel Hoe-d Hole Type,Outdoor & Garden,PCS,8,32.90
GAS-REG-AZ181,"LPG High Pressure Regulator Nozzle (1/4"")",Power Tool Accessories,PCS,5,47.90
GRA-CAB-CB6408,Cabana Floor Trap 15*15CM,Plumbing,PCS,3,95.00
IND-FOI-D/S-1.2MX25M,Glofoil Alum Foil Double Side (GT120),Building Materials,MTR,25,2.70
PAI-BRU-086-50MM,086 Cs Nylon Paint Brush 2,Paint & Sundries,DOZ,13,23.90
PAI-STCND2554,4G Plastic Pail,Housewares,PCS,81,6.90
RAI-SUI-SUP-XXL,Supersonic PVC Rain Suit Trouser : 2XL,Curtains & Blinds,PCS,2,34.50
RAI-SUI-SUP-XXXL,Supersonic PVC Rain Suit Trouser : 3XL,Curtains & Blinds,PCS,2,34.50
SAF-SLI-GLO-2TON2M,Webbing Sling (glolift) 50MM 2 Ton X 2M,Lifting & Rigging,LGTH,7,16.90
SCP-FIL-WOO-TEAK-500G,500G Skim Wood Filla (teak),Paint & Sundries,CAN,4,8.50
SHH-LINE-WHI-NO.100,(bs)long White M. L No. 100,Fishing & Tackle,PCS,19,3.60
SHH-LINE-WHI-NO.70,(bs)long White M. L No. 70,Fishing & Tackle,PCS,19,3.60
SHH-REEL-TKEB3802S,"Torikumu Ebi U. Light (3'8"")(PRAWN Rod)",Fishing & Tackle,PCS,2,35.90
SHH-SINKER-HOLE-NO.6,Hole Sinker No. 6 (1PC/PCK),Fishing & Tackle,PCK,34,1.90
SWI-SOC-ULT-M011MG,Ultra 16A 1 GANG 1 Way-matte Grey (M011MG),Electrical,PCS,18,9.60
TAP-CAB-CB2831,Hose Bib Tap,Plumbing,PCS,4,59.00
TOO-CLA-GW473100,Heavy G-shape Clamp 4,Hand Tools,PCS,3,23.80
"TOO-SPA-BEN-3/8""",3/8 Iron Bender,Home Appliances,PCS,3,24.90
WIN-LOU-YNC-9B,9B Yunco Louvres Window,Doors & Hardware,SET,9,33.00
AER-4MC6,Aerico 4MC6,Other,PCS,8,7.50
"BRO-HAN-7/8"" x 48 x(S)",7/8 X 4 X (s) Broom Handle,Doors & Hardware,PCS,93,3.40
ELE-PEN-A8/1-E27,Pendant Light A8-1,Electrical,PCS,3,85.00
"FAS-RIV-PAT-3/16""X5/8""-PCK",Blind Rivet: Jaguar 3/16 X 5/8 (20PCS/PCK),Fasteners & Fixings,PCK,17,2.50
"FAS-SCR-TAP-CSK-8#1 1/2""-BOX",8 X1-1/2 Csk Self Tap Scrw- Flat Head (1000PCS/BOX),Fasteners & Fixings,BOX,2,89.50
GALVD-MS-NUT-5/16'',Galvd MS NUT5/16,Other,KGS,4,13.90
GAR-HOE-CANG-KUL-SHORT,Short Iron Mini Hoe,Home Appliances,PCS,4,16.80
GAR-SIC-D0802,Df Sickle & Durian Flower Sickle,Outdoor & Garden,PCS,9,29.90
HAR-ADH-INS-SUP-20G-6495,Super Instant Adhesive : Hardex 20G 6495,Chemicals & Adhesives,PCS,15,15.90
KOYA-OIL-LUB-120ML,120ML Koya Multi Use Lubricating Oil,Chemicals & Adhesives,PCS,48,4.20
LAS-MK-CON-2024,Mark-x 05 Line Laser Level 360° Rotary Laser,Power Tools,SET,1,369.00
NAI-ROO-SUP-P65MM,E. G Roofing Nail - Plain 65MM 1KGS,Fasteners & Fixings,PCK,3,8.90
PUM-OIL-PVC-4GAL,4 Gal Korea Oil Pump,Pumps & Water,DOZ,3,99.00
RIC-COO-PSN-SR-E28A-LL,2.8L Conventional R/c (lily White),Other,PCS,3,268.00
SANDEX-VEL-PAD-M14,"Sandex 7 Velcro Backing Pad, M14",Abrasives & Cutting,PCS,4,15.90
SAS-HOR-BH-12,Sasaki Back Up Horn,Other,BOX,18,16.04
SHH-HOO-4206-NO.4,4206 No. 4 Galah Hook (20'S),Fishing & Tackle,PKT,9,7.00
SHH-HOOK-9290BN12,Sode Hook No. 12(15'S),Fishing & Tackle,PKT,14,4.50
SHH-HOOK-SC4062,Surecatch Biru 406 No. 2(20'S),Fishing & Tackle,PKT,10,6.20
SHH-ROD-2511400,Santec 2511-400 Puyu Solid Pole (4MTR),Fishing & Tackle,PCS,2,35.80
SHH-ROD-MGP3003,Santec 2506-200 Puyu Z Pole (IF2002),Fishing & Tackle,PCS,4,15.50
SHH-ROD-TKKT9042S,"Torikumu Kotai Med-hvy Tk-kt (9'0"") Rod (m/heavy)",Fishing & Tackle,PCS,1,81.50
TIE-CAB-BLA-200MM,"Black PVC Cable Ties 200MM (8"")",Electrical,PCK,51,6.30
VER-MAR-3M-DG3SM,3M Side Marking,Other,PCS,136,4.50
WIN-LOU-YNC-7B,7B Yunco Louvres Window,Doors & Hardware,SET,10,23.80
BAT-PSN-LIT3V-CR-1620/5BE,CR-1620/5B Lithium 3V,Electrical,PCS,20,7.50
CAR-WAS-SNOW-1L,Aa Care Care Snow Wash (premium) 1000ML,Automotive,PCS,6,17.90
DOR-HIN-BLK-100MM,Iron Hinges Black 4 (DOZ),Home Appliances,DOZ,2,38.90
"DRI-BIT-3/8""XM10",3/8 X M10 X 1.5MM Sensui Hole Saw Hex Sh,Power Tool Accessories,PCS,13,12.90
DRIL-COMB-BD42-16,"Bossman 16PCS Combination Drill Set -metal, Wood, Masonry",Power Tools,SET,6,52.90
FAS-ANC-PJA-0980,Sh P. J. Anchor 3/8 X 4-1/2 (BOXES),Fasteners & Fixings,BOXES,4,94.90
"FAS-RIV-PAT-1/8""X1/4""-PCK",Blind Rivet: Jaguar 1/8 X 1/4 (20PCS/PCK),Fasteners & Fixings,PCK,50,1.20
"FAS-RIV-PAT-3/16""X3/8""-PCK",Blind Rivet: Jaguar 3/16 X 3/8 (20PCS/PCK),Fasteners & Fixings,PCK,23,1.80
"FAS-SCR-TD-HRW 525-1""",Sr Wood Spandex Screw 1 - Td-hrw 525 (BOX),Fasteners & Fixings,BOX,4,94.90
FIT-HDPE-SOC-COU-20MM,HDPE Coupler Straight Socket 20MM,Plumbing,PCS,115,2.80
FLO-PVC-NO.25610,PVC Flooring No. 522-06,Flooring,ROLL,5,169.00
HOS-7PAT-TRI-NOZ-40200003,Ecogreen- 7 Pattern Trigger Nozzle 2200,Power Tool Accessories,PCS,9,21.90
KGR-KIM-300ML-9222,300ML Kangaroo Kimtone 9222,Paint & Sundries,TIN,14,17.80
NAIL-TUFTING-TN-8220-PCK,U Clip Tufting Nail 20MM X 8.5MM (10PCS/PCK),Fasteners & Fixings,PCK,4,7.80
PRO-COAT-Z888-NANO-1KG,Pro Z 888 Nano Waterproofing (1KG),Paint & Sundries,BTL,1,288.00
RIG-HOO-ALL-1.0TON,Alloy Hook 1.0TON,Lifting & Rigging,PCS,7,7.90
SHH-HOOK-406-NO.5,Saki Sepit Biru 406 No. 5 (20'S),Fishing & Tackle,PKT,12,5.20
SHH-LINE-L/G-OHML50,Omega Hayasu Mono Line (rainbows) 50LBS,Fishing & Tackle,PCS,5,11.90
SHH-LINE-L/G-OSML12,Omega Shigeru Mono Line (green) 12LBS,Fishing & Tackle,PCS,5,11.90
SHH-SWIVEL-SNAP-NO.4,Nickel Snap Swivel No. 4,Fishing & Tackle,PKT,12,4.80
SUP-ROL-WIN,Super Airoller (25PCS/PCK),Other,PCK,35,2.00
SWI-ADA-TRA-ES288T,Dlx 308N 13A Travel Adaptor Cw Neon,Electrical,PCS,37,5.20
SWI-SOC-ULT-M20AW,Ultra 20A Dou Pole Swi Neon-white (M20AW),Electrical,PCS,8,24.10
SWI-T/SOC-FLE-6122NS-2G5M,T/skt W/surge Sp TS-2GLS-540A FLE-6122NS,Electrical,SET,5,35.50
TAB-SHE-PVC-2604,ZT-447 PVC Sheet,Housewares,MTR,8,6.90
"TAP-BRASS-FARIS-1/2""",1/2 Faris 2581 Blue Handle Brass Garden Tap,Doors & Hardware,PCS,14,17.50
TOO-COM-IRO-BUL-21MM,21MM Iron Bull Spanner,Hand Tools,PCS,8,12.90
X-FLO-MOC-M44100,400MM X 400MM Ceramic Tiles,Power Tools,PCS,3,4.90
X-SAF-EAR-EM9001,Picasaf 9001 Ear Muffle (NRR21),Power Tools,PCS,2,10.00
ADH-TAP-ADH-GT050,Globand Adhesive Tape 50MM X 10M,Chemicals & Adhesives,PCS,2,13.90
BNW-NUT-SS304-M06,SS 304 Nut - M06,Fasteners & Fixings,PCS,431,0.50
CUT-ELE-EDM-41200,4 X 120 Gold Elephant Mop Disc,Housewares,PCS,12,3.90
ELE-CLI-CON-10A-2WAY,Double Sided Connector Clip-white (5PCS/PCK),Electrical,PCS,440,1.00
ELE-MUL-TES-SUNWEI YX-360,Sunwei Multi Meter Tester,Electrical,SET,5,37.90
ELE-TUB-FLU-TLD-36W/54,Philips Lifemax 36W Fluo Tube D/l,Electrical,PCS,106,16.50
"FAS-SCR-TAP-CSK-6#1""-BOX",6 X1 Tapping Screw-flat Head (1000PCS/BOX),Fasteners & Fixings,BOX,4,44.90
FLO-PVC-353-13,PVC Flooring No. 514-05,Flooring,ROLL,5,164.00
FLO-PVC-NO-283391-3,PVC Flooring No. 505-11,Flooring,ROLL,5,164.00
GRA-CUT-LIN-ORA,Square Trimer Line-orange,Outdoor & Garden,PCK,37,5.50
"HOS-FLE-OTO-966-69MB-36""","OTOSANI""304 Nut 36 High Pressure Flex Hose (mb)",Fasteners & Fixings,PCS,10,20.50
"HOS-FLE-VIP-PP24""",PP-24 White Nylon Vip Flexible Tube,Outdoor & Garden,PCS,2,12.50
IND-RAG-COL-1KGS,Cotton Rag - Colour 1KGS,Building Materials,KGS,15,4.20
LAD-H/D-STRO-SS08,S/sided H/d Ladder 8 Step,Ladders & Access,UNIT,2,448.00
MEA-TAP-SUN-3.6M,Sunlon M. Tape 3.6M/12,Hand Tools,PCS,9,7.50
NP-BAR-999-1L,1L Bintang Automotive Refinish 999 White (basic),Automotive,UNIT,15,49.00
RIG-HOO-GRA-12MM,Clevis Grab Hook 12MM,Lifting & Rigging,PCS,5,22.90
SAF-SLI-GLO-2TON3M,Webbing Sling (glolift) 50MM 2 Ton X 3M,Lifting & Rigging,LGTH,5,20.90
SCP-FIL-WOO-NAT-1.5KG,1.5KG Skim Wood Filla (natural),Paint & Sundries,CAN,2,18.50
SCP-FIL-WOO-TEAK-1.5KG,1.5KG Skim Wood Filla (teak),Paint & Sundries,CAN,2,18.50
TAP-CAB-CB2832,CB2832-BL Bib Tap,Plumbing,PCS,4,59.00
TIE-CAB-BLA-300MM,"Black PVC Cable Ties 300MM (12"")",Electrical,PCK,20,12.90
TOO-PLI-RAB-W0088B,Glated Tile Pliers 150MM,Flooring,PCS,4,15.90
VAL-ANG-JOP-MQWC02-SB,Jopex Angle VALVE-MQWC02SB,Plumbing,PCS,18,8.50
WIN-LOU-YNC-6B,6B Yunco Louvres Window,Doors & Hardware,SET,11,22.80
BLI-HSS-HOL-SAW-24MM,Blimax Hss Hole SAW-24MM,Power Tool Accessories,PCS,2,13.80
BNW-B&N-RBN-205,Sr G. I Boit & Nut 1/4 X 5/8 (10PCS/PCK),Fasteners & Fixings,PCK,11,2.80
BNW-B&N-RBN-206,Sr G. I Boit & Nut 1/4 X 3/4 (10PCS/PCK),Fasteners & Fixings,PCK,10,2.90
"CLI-HOS-GP-2""",Gp S/steel Hose CLIP-2 (27-51MM),Outdoor & Garden,PCS,14,1.90
DOR-LOC-ATL-8300,Sn/et Armor Tubular Lever Lock,Locks & Security,SET,1,69.50
ELE-LED-FLO-SOR-60W-3CLR,Ilite Solar 3CLR,Electrical,PCS,1,219.00
FIT-HDPE-BEN-ELB-20MM,HDPE Bend (elbow) 20MM,Plumbing,PCS,99,3.00
GAS-REF-120ML,Vance Gas 120ML,Home Appliances,DOZ,1,72.90
HOS-SPA-NOZ-C882,C882 Quick Coupling Nozzle 3/4,Power Tool Accessories,PCS,32,5.50
IND-CAN-BLU,Canopy 3 MTR X 3 MTR,Building Materials,UNIT,5,179.00
IND-SLO-ANG-RUB-SHO,Rubber Shoe For Boltless Upright (4PCS/PCK),Building Materials,PCK,8,7.90
IND-UMB-SQU-8'-KH801,8 X 8 Sun Umbrella With Stand-square,Housewares,PCS,4,199.00
PAI-SPR-KIMLAC-9616,Kimlac Brand Spray Paint 9616,Paint & Sundries,TIN,12,22.90
"PIC-HAN-GOL-1""",Golden Picture Hanger-m'sia 1 (2PAIR/PCK),Housewares,PCK,56,1.40
REM-FAN-CEI-SI11,Remote Fan - SI11,Other,PCS,2,39.00
SHH-HOOK-45708-NO.8,2908 No. 3 Eupro Prawn Hook (15'S),Fishing & Tackle,PKT,11,4.90
SHH-LINE-WHI-NO.150,(sf) Round White M. L. No. 150,Fishing & Tackle,PKT,10,5.40
SHH-LINE-WHI-NO.80,(bs)long White M. L No. 80,Fishing & Tackle,PCS,18,3.60
SHH-REEL-4400,Baitcasting Reel 19+1BB (left) Plastic PVC,Fishing & Tackle,PCS,1,68.00
SHH-YEL-HOSE-11MMX2.4MM-S-9MTR,Black Hose (11MMX2.4MM),Outdoor & Garden,FTS,1,16.90
SIN-WAS-SSS-A110,2.1/2 S/s Waste A110,Plumbing,PCS,15,11.90
STO-MOU-A39-20X20,Mounted Stone:k-prix Korea A39 (20X20),Abrasives & Cutting,PCS,8,6.40
STO-MOU-M1-25X34,Mounted Stone:k-prix Korea M1 (25X34),Abrasives & Cutting,PCS,7,7.00
STO-MOU-W206-20X32,Mounted Stone:k-prix Korea W206 (20X32),Abrasives & Cutting,PCS,7,7.10
SWI-SOC-ULT-M021W,Ultra 16A 2 GANG 1 Way-white (M021W),Electrical,PCS,16,9.80
SWI-T/BOX-PP740B,Extension Box Sp PP100-740B,Electrical,SET,6,27.50
TOO-COM-IRO-BUL-28MM,28MM Iron Bull Spanner,Hand Tools,PCS,4,28.80
TOO-TORX-W9913B,9PCS Long Arm Torx Key Set W9913B,Power Tools,PCS,1,21.50
WAL-PLU-S/S-CC228-M12X100MM,S/steel Wall Plug - K103-304 M12X100MM CC228,Fasteners & Fixings,PCS,22,6.70
AER-4ME8,Aerico 4ME8,Other,PCS,6,9.20
BAT-TOS-AAA,Toshiba Battery Aaa (2PCS/PCK),Electrical,BOX,4,51.90
BNW-THR-ZP-09MM,Zp Thread Rod 3/8 X 6FTS,Fasteners & Fixings,PCS,24,6.00
BRA-L-SSS-90X90MM,S/steel L Bracket,Plumbing,PCS,29,5.50
CUT-INS-KIT3PC,Blimax 3PCS L/d Ins,Abrasives & Cutting,SET,4,11.50
CUT-KNI-HX18,Tct NT18 N. T Cutter Blade (10PCS/BOX),Abrasives & Cutting,BOX,15,3.30
CUT-SAW-SM5100,Sawman Mini Hacksaw,Hand Tools,PCS,11,4.80
FLO-MOC-30PS13,12 X 12 Floor Tiles 30PS13,Flooring,PCS,17,2.85
GUN-WUF-ROC-F-78,Rockey Spray Gun F-78,Power Tool Accessories,PCS,4,48.80
HDD-STO-JM106,8 Double Col Sharpening Stone,Other,PCS,5,10.50
HOS-NOZ-TRI-ECO4464,Ecogreen-adjustable Nozzle W. Protective Cap,Power Tool Accessories,PCS,8,22.50
IND-WIR-BAR-G.I-81B,8LB GI Bared Wire,Electrical,ROLL,4,37.50
NAI-ROO-SUP-T65MM,E. G Roofing Nail - Twist 65MM 1KGS,Fasteners & Fixings,PKG,18,8.90
NUM-80MM-4,Acp Numbering 80MM - 4,Signage & Numbering,PCS,9,12.60
"PAI-BRU-SEL-2.1/2""",2.1/2 Selleys All Purpose Paint Brush,Paint & Sundries,PCS,13,17.90
PAI-HAN-ROC-1148#,Rockey 4.5M Twist Paint Roller 1148,Paint & Sundries,PCS,13,22.90
SHH-HOOK-9255SS-1,Eupro Octopus S/s Hook No. 1 (10'S),Fishing & Tackle,PKT,7,7.70
STO-MOU-W220-25X25,Mounted Stone:k-prix Korea W220 (25X25),Abrasives & Cutting,PCS,7,7.20
TAB-PLA-ROU-3'X3'-SWM2288,3 Round Plastic Table,Housewares,SET,5,149.00
TAP-PIL-OTO-966-15,Otosani 304 S/steel Double Pillar Swan Tap (1F1S),Plumbing,PCS,1,168.00
TOO-DRV-SET-BT8027,Bt 11PCS Screwdrived Set,Power Tools,SET,7,34.90
TOO-HAM-CLA-W4438A,Fiberglass Handle Claw Hammer,Hand Tools,PCS,3,20.90
TOO-WRE-DOU-0809,Double Flexible Socket Wrench 08 X 09MM,Hand Tools,PCS,10,10.80
X-FLO-MOC-C40071,400MM X 400MM Ceramic Glazed Tiles,Power Tools,PCS,3,4.60
AER-6MC4,Aerico 6MC4,Other,PCS,7,7.50
"DRI-AUG-BIT-NO.3/4""",3/4 No. 1 Star-m Auger Bit (b),Power Tool Accessories,PCS,4,43.50
FAS-BOL-EXP-OAC130-M8X90X50,Brain Expansion Eye Bolt OAC130 M8X90X50,Fasteners & Fixings,PCS,19,6.80
"FAS-SCR-TAP-CSK-10#1-1/2""","10 X1-1/2""CSK Self Tapping Screw-flat Head (10PCS/PCK)",Fasteners & Fixings,PCK,15,2.00
GAR-SAW-H0801A,14 Tesra Prunning Saw With Cover,Outdoor & Garden,PCS,5,45.90
GAR-SPR-PRE-L80,8 Litre Pressure Sprayer,Outdoor & Garden,PCS,5,45.00
GAS-REG-AZ181/B,"LPG High Pressure Regulator Nozzle (3/8"")",Power Tool Accessories,PCS,4,46.90
HOS-GAR-ORA-GREENLAND-2.5MM,Mark-x Single Layer Hose Orange 16MMX2.5MMX10M,Outdoor & Garden,ROLL,1,22.50
IND-PAI-BLA-V8120,12 Gallon Garbage Pail With Cover,Housewares,PCS,30,23.50
NUM-60MM-I,Acp Alphabet 60MM - I,Signage & Numbering,PCS,11,8.00
PAI-BRU-730-25MM,T&t Paint 1,Paint & Sundries,DOZ,1,23.90
"PAI-ROL-REF-CRI-4""",4 Cristin Velour Refill,Paint & Sundries,BOX,10,25.90
"PAI-ROL-REF-STA-TWI-4""",4 Roller Refill-acrylic Yellow Stripe (twin Pack),Paint & Sundries,PCK,33,5.50
PAI-TRA-BLU-BIG,PVC Roller Tray Big - Blue,Housewares,PCS,89,8.90
RIG-HOO-ALL-2TON,Alloy Hook 2.0TON,Lifting & Rigging,PCS,4,12.90
SAF-COA-GRE,Heavy Duty Safety Coat - Green,Safety & Workwear,PCS,10,9.90
SHH-HOOK-SC4061,Surecatch Biru 406 No. 1(20'S),Fishing & Tackle,PKT,9,6.20
SOC-EMPTY-PP132-2G,2G Ext Box (C400/EPI132),Other,PCS,4,11.90
STO-MOU-A5-20X28,Mounted Stone:k-prix Korea A5 (20X28),Abrasives & Cutting,PCS,7,6.70
TIM-SUM-DIG-0026,Sum 0026 24HR Digital Timer (bp),Electrical,PCS,4,47.90
TOO-COM-IRO-BUL-15MM,15MM Iron Bull Spanner,Hand Tools,PCS,13,6.90
TOO-COM-IRO-BUL-16MM,16MM Iron Bull Spanner,Hand Tools,PCS,11,8.50
"TOO-NYL-PLU-COU-3/8""-NPH30",Nylon Quick Coupler 3/8 Hose NPH-30,Outdoor & Garden,PCS,10,2.30
TOO-WRE-ADJMW2914,Mini Adjustable Wrench 200MM,Hand Tools,PCS,2,29.80
TOO-WRE-DOU-0810,Double Flexible Socket Wrench 08 X 10MM,Hand Tools,PCS,9,11.80
VAL-BAL-ITA-25MM,Brass Ball Valve - Italy 25 MM,Plumbing,PCS,9,26.90
X-FLO-MOC-36MW24,12 X 24 Floor Tiles,Power Tools,PCS,2,7.60
COC-STO-JOP-2SC01W,Jopex STOPCOCK-2SC01W,Plumbing,PCS,13,9.50
CUT-TUB-BLM328,Blimax Tubing,Abrasives & Cutting,PCS,3,14.90
DUR-BON-820-3KG,3KG 820 Durobond Contact Adhesive,Chemicals & Adhesives,TIN,2,95.00
ELE-LRD-MOT-3357,Overload 3357,Electrical,BOX,28,132.08
GAR-SHE-TIG-8541,Telescopic Hadge Shear : Tiger Taiwai 8541,Outdoor & Garden,PCS,2,125.00
GAS-REG-ZR-2017BT,Zenne Gas Regulator,Home Appliances,PCS,2,34.90
GRA-CUT-BLA-S8T,230MM X 8T Bossman Grass Cutter Blade,Outdoor & Garden,PCS,6,39.50
GUM-RAT-AIT-150G,Aitachi Rat Glue (s) 150G,Chemicals & Adhesives,PCS,21,9.20
GUM-SEL-SHOE-15ML,Selleys Shoe Glue 15ML,Chemicals & Adhesives,PCS,20,9.30
HOO-SNA-SS-5MM,S/s Snap Hook 5MM X 50MM,Doors & Hardware,PCS,6,5.00
HOS-FIT-PI7-103#,PI7 Hose FITTING-103,Plumbing,PCS,12,12.30
"HOS-FLE-OTO-966-68MB-24""","OTOSANI""304 Nut 24 High Pressure Flex Hose (mb)",Fasteners & Fixings,PCS,10,15.90
"IND-UMB-SQU-11""",Hawker Umbrella - Square (11'),Housewares,PCS,4,173.00
KGR-SOL-1LIT,1 Litre 508 High Solid Pva Glue,Chemicals & Adhesives,TIN,8,28.90
SHH-HOO-2066-1/0,No. 2 Eupro Fishing Hook (7'S),Fishing & Tackle,PKT,7,7.20
SHH-LINE-WHI-NO.200,(sf) Round White M. L. No. 200,Fishing & Tackle,PKT,9,7.50
SOC-PVC-BOX-6MM,PVC 2WAY Box 3/4,Other,PCS,85,0.20
SWI-SOC-ULT-M074W,Ultra 1 GANG Data Out (RJ45)-WHI (M074W),Electrical,PCS,7,25.20
TIM-NEM-MDT-269,Nem 13A 24H Mini Digital Timer,Electrical,PCS,3,59.90
"TOO-LEV-MAG-SENSUI-36""",36 Sensui (blue) Magnet Spirit Level,Power Tools,PCS,6,43.90
TOO-WRE-KEY-ATHM-5,Arrow T Flat Hex Key (metric) With Plastic Handle - 5MM,Doors & Hardware,PCS,5,6.90
X-ELE-ROP-LIT-BLU,Rope Lite 5050-60(BLUE),"Rope, Chain & Netting",MTR,80,9.50
X-FLO-MOC-FW6001,FW6001 60X60CM,Power Tools,PCS,1,16.90
BNW-THR-ZP-12MM,Zp Thread Rod 1/2 X 6FTS,Fasteners & Fixings,PCS,13,9.90
CAR-WAX-WAS-PRE-1L,Aa Care Care Wash&wax (premium) 1000ML,Automotive,PCS,6,15.90
COC-BIB-SM2008BUBBT-1/2,Somax 2008 Brass Union Ball Bibtap 1/2,Plumbing,PCS,110,15.90
CUT-KNI-CK-X11R16,X11 R16 Bison Cutting Knife,Abrasives & Cutting,PCS,9,5.10
DZ-GEN-BSC-280X26,Star Flat 17 (mm),Other,PCS,3,17.90
ELE-ADA-3WAY-BER-YK368,Pro-smart 33N 3WAY Adaptor W/neon,Electrical,PCS,15,8.20
ELE-D/L-PHI-3U-18W,Philips 3U 18W Essential D/l,Electrical,EA,76,21.90
"FAS-SCR-TAP-CSK-8#5/8""-BOX",8 X5/8 Tapping Screw-flat Head (1000PCS/BOX),Fasteners & Fixings,BOX,3,49.80
GRA-CUT-BLA-GCB-1290SS,S/steel Grass Cutter Blade - 12 X 90MM,Outdoor & Garden,PCS,12,19.90
GRA-SSS-150MM-06084(6),6 Czs S/steel Floor Grating,Bathroom,PCS,10,5.50
HDPE-VAL-BAL-PP-COMP-25MM,25MM PP Compression Ballvalve,Other,PCS,6,11.90
LMP-ENE-SAV-18W,Energy Saving Bulb 18W Pin,Lighting,PCS,10,15.09
"PAI-BRU-SEL-3""",3 Selleys All Purpose Paint Brush,Paint & Sundries,PCS,10,20.90
PAI-BRU-WOO-100MM,Gd Wool Brush 100 MM,Paint & Sundries,PCS,9,3.40
SHH-FIG-BRA-LIN-4X-60LB,Shuttle 4X Braided Line 100M (60LB) (dark Green),Fishing & Tackle,PCS,3,17.50
SHH-HOOK-45708-NO.10,2908 No. 5 Eupro Prawn Hook (15'S),Fishing & Tackle,PKT,10,4.90
SHH-HOOK-SC4066,Surecatch Biru 406 No. 6(20'S),Fishing & Tackle,PKT,10,6.20
SHH-REEL-1188S165,"1188 Sin Udang Galah TRANSPARENT165(5'6"")PRAWN Rod (7+1)",Fishing & Tackle,PCS,2,29.20
SHH-SINKER-HOLE-NO.3,Hole Sinker No. 3 (5PCS/PCK),Fishing & Tackle,PCK,16,3.30
STO-MOU-M7-25X48,Mounted Stone:k-prix Korea M7 (25X48),Abrasives & Cutting,PCS,5,9.20
SWI-FOO-10A-250VAC,Foot Switch 101 10A 250C,Electrical,PCS,7,20.75
TOO-AXE-GD-2LB,600G Asuma Wood Handle Axe,Doors & Hardware,PCS,9,27.90
TOO-CLA-GW473125,Heavy G-shape Clamp 5,Hand Tools,PCS,2,28.50
TOO-COM-W0305D-8*10MM,2 Open Wrench (8*10MM),Hand Tools,PCS,8,6.50
TOO-ELE-TES-BT9006,Bt Automobile Tester With Clips,Power Tools,PCS,15,12.90
TOPLUS-570-07L,7L Toplus Emulsion 570 Greenville,Paint & Sundries,CAN,4,53.90
"AER-FA6-3""-FITTING",Aerico FA6-3 Fitting,Plumbing,PCS,11,12.90
BNW-B&N-RBN-210,Sr G. I Boit & Nut 1/4 X 1 (5PCS/PCK),Fasteners & Fixings,PCK,15,2.10
CUT-ELE-EDM-4040,4 X 40 Gold Elephant Mop Disc,Housewares,PCS,10,3.90
DOR-LOC-DRA-138A-22,Cp Sq Drawer Lock,Locks & Security,PCS,8,5.20
DRI-SET-WOO,GW5 Wood Drill Bit Set 5PCS,Power Tool Accessories,SET,15,9.30
ELE-GRW-16A1PMCB,Grow 16A 1P Mcb,Electrical,EA,30,6.50
FIR-EXT-ABC-1KG,1KG Abc Fire Extinguisher,Safety & Workwear,NOS,1,105.00
FIT-YG252-SOC-8MM-BRA,Straight Brass Connector 8MM,Plumbing,PCS,8,2.60
"FRA-STU-GI-10'X2""X1""",10 X 2 X 1 X 0.32MM GI Stud Frame,Building Materials,PCS,59,6.80
GLA-SUC-PLA-GH201,Glass Suction Plate - 2 Suction,Building Materials,PCS,1,63.00
GUN-BLO-GAS-SM920,Gas Blow Gun,Fasteners & Fixings,PCS,9,19.80
"HHD-SOC-YG379MF-1/2""X40MM",Mxf S/steel Socket 1/2 X 40MM,Electrical,PCS,5,3.90
HOS-SPR-05040,Mikasa Spring Hose - 50MM X 40M,Outdoor & Garden,MTR,13,16.90
HOS-SPR-TOKO-25MX50M,Toko Spring Hose - 25MM X 50M,Outdoor & Garden,COIL,1,239.00
LAD-H/D-STRO-DS02,H/d Double Side Ladder 2 Step,Ladders & Access,UNIT,3,219.00
NUM-60MM-7,Acp Numbering 60MM - 7,Signage & Numbering,PCS,11,8.00
NUM-60MM-9,Acp Numbering 60MM - 9,Signage & Numbering,PCS,11,8.00
PAI-BRU-086-38MM,086 Cs Nylon Paint Brush 1-1/2,Paint & Sundries,DOZ,13,18.60
PAI-BRU-730-38MM,T&t Paint 1 1/2,Paint & Sundries,PCS,5,4.90
"PIP-PVC-E-1/2""",1/2 (22MM) Class E X 6M PVC Pipe,Plumbing,LGTH,99,19.90
PUT-CAR-BROWN-1KG,1KG Putty Brown Yakpro,Paint & Sundries,TIN,7,28.90
SAF-COA-ORE,Heavy Duty Safety Coat - Orange,Safety & Workwear,PCS,9,9.90
SAF-HEL-PRO-RED,Progruard Safety Helmet - Red,Safety & Workwear,PCS,5,16.90
SCA-CAM-3100097,Camry- Electronic Personal Scale /180KG,Housewares,PCS,1,54.90
SHH-LINE-WHI-NO.50,(bs)long White M. L No. 50,Fishing & Tackle,PCS,15,3.50
SHH-REEL-HA2000,HA2000 Reel (14),Fishing & Tackle,PCS,1,61.00
SHH-REEL-RC6000,Lijian/romasa Fishing Reel 12 Series,Fishing & Tackle,PCS,1,62.90
SWI-POL-5GANG-1WAY,Pol 5GANG 1WAY Switch Socket,Electrical,PCS,6,24.50
TOO-COM-IRO-BUL-06MM,6MM Iron Bull Spanner,Hand Tools,PCS,24,3.80
TOO-COM-IRO-BUL-08MM,8MM Iron Bull Spanner,Hand Tools,PCS,19,4.30
TOO-DRI-BIC1312,Bossman 13MM Keyless Drill Chuck W/adaptor For 1/2 Impact Wrench,Power Tools,SET,10,24.90
WAL-PLU-S/S-CC226-M8X70MM,S/steel Wall Plug - K103-304 M8X70MM CC226,Fasteners & Fixings,PCS,62,2.20
CAN-JER-40018,18L Jerrycan,Housewares,UNIT,2,44.90
CHA-PVC-BEL-R6MM,Bellea PVC (red) (MTR),"Rope, Chain & Netting",MTR,18,3.70
CHA-SAW-HYU-HCS5218,Hyundai Chain Saw 18,"Rope, Chain & Netting",UNIT,1,679.00
"COC-BASIN-K400M-1/2""",Washbasin Tap: C/p R/head ABS 1/2,Plumbing,PCS,5,33.90
CUT-FLA-TAI-A60100,Tailin Flap Discs A60,Abrasives & Cutting,PCS,4,8.20
CYL-LOC-EPO-CL051-AC,Epo Cylindrical Lever Lock (CL051 Ac),Locks & Security,SET,1,58.50
FAS-BOL-EXP-OAC120-M6X70X40,Brain Expansion Eye Bolt OAC120 M6X70X40,Fasteners & Fixings,PCS,22,5.30
"FIT-YG235-TEE-3/4""-BRA",Brass Equal Tee 3/4,Plumbing,PCS,10,11.90
HOS-NOZ-LEO-L7006,Leon Brass Water,Power Tool Accessories,PCS,11,12.90
IND-UMB-ROU-6,Hawker Umbrella - Round,Housewares,PCS,4,159.00
LAD-ALU-AT-DS08,At 8 Step D/side Aluminium Ladder,Ladders & Access,UNIT,3,279.00
NP-BAR-14501-5L,5L Np Bintang Auto Refinish 14051 Chili Red,Other,UNIT,3,219.00
NP-BAR-BS405-1L,1L Bintang Automotive Refinish Tangerine (standard),Automotive,TIN,1,49.00
RIG-SHA-GAL-25MM,Galvanised D-shackle 25 MM,Lifting & Rigging,PCS,6,14.90
ROP-MANILA-9MM,Manila Rope -3/8 (9MM),"Rope, Chain & Netting",MTR,268,2.00
SAF-SLI-GLO-2TON8M,Webbing Sling (glolift) 50MM 2 Ton X 8M,Lifting & Rigging,LGTH,2,49.90
SHH-BLA-NET-NO.4,"Black Net No. 4 (1 3/4"") (4.0CM)",Fishing & Tackle,PCS,3,18.70
SHH-BLA-NET-NO.5,"Black Net No. 5 (2"") (5.0CM)",Fishing & Tackle,PCS,3,18.70
SHH-HOOK-1920SS8/0,No. 8/0 Eupro Fishing Hook (3'S),Fishing & Tackle,PKT,4,11.50
SHH-HOOK-9290BN10,Sode Hook No. 10(17'S),Fishing & Tackle,PKT,11,4.50
SHH-REEL-1188S150,"1188 Sin Udang Galah TRANSPARENT150(5'0"")PRAWN Rod (6+1)",Fishing & Tackle,PCS,2,27.50
SHH-SWIVEL-SNAP-NO.8,Nickel Snap Swivel No. 8,Fishing & Tackle,PKT,13,3.90
SWI-SOC-ULT-M073MG,Ultra 1 GANG Tel Outlet (RJ11)-MATTE Grey (M073MG),Electrical,PCS,8,17.50
"TIE-CAB-BLA-6""",6 Black Cable Tie (20PCS/PCK),"Rope, Chain & Netting",PKT,15,3.60
TOO-COM-IRO-BUL-07MM,7MM Iron Bull Spanner,Hand Tools,PCS,21,3.90
TOO-DRV-108LY-VISON,Vison Screw Driver,Fasteners & Fixings,PCS,20,6.80
TOO-LOC-PLI-W0042,Lock-grip Pliers W0042 CD225MM,Locks & Security,PCS,2,27.90
BNW-B&N-RBN-206-BOX,Sr G. I Boit & Nut 1/4 X 3/4 (box),Fasteners & Fixings,BOX,1,19.90
CHA-GAL-5MM,Galv Short Link Chain 3/16,"Rope, Chain & Netting",KGS,49,9.90
COC-STO-RA2W-G501B,Stopvalve RA2W 1/2B Truflo,Plumbing,PCS,8,15.30
CUT-SCI-JM-315,Jayamata Scissor Multi-purpose 6,Abrasives & Cutting,PCS,6,6.70
FLO-PVC-NO.377-04,PVC Flooring No. 510-11,Flooring,ROLL,4,164.00
GRA-CUT-BLA-90MM,90MM Grass Cutter Blade,Outdoor & Garden,PCS,21,8.90
HOO-SNA-GALV-6MM,Galv Snap Hook 6MM X 60MM,Doors & Hardware,PCS,16,1.80
HOO-TWIN-S/S-1364HB,Isona S/steel Twin Hook BAR (2PCS Per Card),Doors & Hardware,CARD,23,7.50
HOS-NOZ-TRI-ECO2100,Ecogreen- Adjustable Trigger Nozzle,Power Tool Accessories,PCS,8,20.80
IND-SCP-FR9788-5,5 Faris W Handle Finishing Scraper,Doors & Hardware,PCS,2,8.80
LAD-ALU-WORKER-DE12,Worker 12 X 12 D/ext. Ladder,Ladders & Access,UNIT,1,688.00
NUM-80MM-2,Acp Numbering 80MM - 2,Signage & Numbering,PCS,7,12.60
PAI-BRU-NIP-21MM,7 Roller Refill Ext 21MM,Paint & Sundries,PCS,15,12.90
RIG-TUR-20MM,Galvanised Turnbuckle 20MM,Lifting & Rigging,PCS,5,14.50
SHH-HOOK-10829BL-NO.12,Eupro Fishing Hook No. 12 (13PC),Fishing & Tackle,PKT,11,3.90
SHH-HOOK-12146BN-8,No. 8 Hytac Hook 20'S,Fishing & Tackle,PKT,15,3.20
SHH-HOOK-9255SS-2,Eupro Octopus S/s Hook No. 2 (10'S),Fishing & Tackle,PKT,6,7.70
SHH-LINE-L/G-OSMLB6,Omega Shigeru Mono Line (green) 60LBS,Fishing & Tackle,PCS,4,11.90
SHH-LINE-WHI-NO.20,(bs)long White M. L No. 20,Fishing & Tackle,PCS,14,3.40
SWI-SOC-ELE-PTGY400,400MM Power Tracks (surface)-grey (GY400),Electrical,PCS,1,165.00
SWI-SOC-ULT-M031MG,Ultra 16A 3 GANG 1 Way-matte Grey (M031MG),Electrical,PCS,9,18.80
SWI-SOC-ULT-M041W,Ultra 16A 4 GANG 1 Way-white (M041W),Electrical,PCS,8,20.60
"TOO-FIL-HAL-ROU-WOO-10""",10 King Top Half Round Wood Rasp,Power Tools,PCS,12,13.90
TOO-RIV-HAND-8107#,M'man Professional Hand Riveter 8107,Power Tools,PCS,6,38.90
AER-4MBT44,Aerico 4MBT44,Other,PCS,6,7.50
BRO-HAN-NYL-9901,9901 Nylon Broom With Handle,Doors & Hardware,PCS,16,8.90
CAP-01.8UF-400V,Capacitor Cpi- Black Square ITALY'/400V Bd 01.8UF,Electrical,EA,31,3.80
"CUT-DIS-AKODA-4""-D3",Akoda 4 Diamond Blade Thin Turbo D3,Abrasives & Cutting,PCS,13,36.50
CUT-DIS-B04-FN03S(6027),4 Bosun Formula 3 Wet / 6027,Abrasives & Cutting,PCS,25,24.90
CUT-DIS-B07-F2GP-180,"7""-180CSA, General Purpose / F2GP",Abrasives & Cutting,PCS,1,48.80
DOR-DEA-BOL-SGD-D262SS,SS St. Guchi Double Cyl. Deadbolt Lock,Locks & Security,PCS,1,54.90
DOR-HOL-ADS-711W/SS,Armor Door Stopper-whi Rubber,Doors & Hardware,PCS,1,15.50
"FAS-SCR-TAP-CSK-6#1/2""-BOX",6 X1/2 Tapping Screw-flat Head (1000PCS/BOX),Fasteners & Fixings,BOX,4,29.90
HOS-AIR-TOK-10MM,Toko Yellow Air Hose - 10MM X 100M,Outdoor & Garden,COIL,1,224.00
IND-COO-MID-C20-RT2002,Midea Induction Cooker 2000W,Building Materials,PCS,4,155.00
"IND-IRON-BUSH-1/2""",Coller Iron Bush 1/2,Home Appliances,PCS,14,3.90
IND-PAI-BLA-E812B,12 Gallon Black Pail,Housewares,PCS,22,29.90
LAD-H/D-STRO-SS07,S/sided H/d Ladder 7 Step,Ladders & Access,UNIT,2,398.00
LAD-H/D-STRO-SS12,S/sided H/d Ladder 12 Step,Ladders & Access,UNIT,1,638.00
NAI-FEL-SUP-18MM,E. G Felt Nail 18MM 1 KGS,Fasteners & Fixings,KG,21,9.20
NAIL-RETAINING- CLIP-PVC-S110,PVC Retaining Nail Clip S110 (2PCS/PCK),Fasteners & Fixings,PCK,190,1.00
NP-BAR-999-5L,5L Np Bintang Auto Refinish 999 White (basic),Other,UNIT,3,212.00
OIL-CAN-5L,Oil Can 5L,Automotive,PCS,2,61.90
ROP-WIR-GAL-2.0MM,Galv Wire Rope-cnn 2.0MMX6X7,Lifting & Rigging,COIL,1,59.90
SHH-HOOK-45708-NO.6,2908 No. 1 Eupro Prawn Hook (15'S),Fishing & Tackle,PKT,9,4.90
SHH-REEL-YY3000,Maitelei Fishing Reel (13BB) YY3000,Fishing & Tackle,PCS,1,57.90
SHH-ROD-HSS662,Hytac Harmost Rod (6'6''),Fishing & Tackle,PCS,1,59.80
STO-MOU-M10-18X34,Mounted Stone:k-prix Korea M10 (18X34),Abrasives & Cutting,PCS,6,6.80
STR-STA-3.0MM,PP Braided Fibre Rope 3MM,"Rope, Chain & Netting",ROLL,2,49.90
STR-STA-8.0MM,PP Braided Fibre Rope 8MM,"Rope, Chain & Netting",ROLL,2,49.90
SWI-SOC-ULT-M022W,Ultra 16A 2 GANG 2 Way-white (M022W),Electrical,PCS,10,13.60
SWI-T/SOC-FLE-915-2M5G,Fle T/skt Sp TC-5GL-240B 915-2M,Electrical,SET,6,23.90
TOO-DRV-2WAYW3082A,Adj Two Way Screwdriver,Hand Tools,PCS,3,13.90
TOO-DRV-MAG-TTC8,Tajima TTC8 Magnetic Nut Driver M8 X 65MM,Fasteners & Fixings,PCS,17,8.30
"TOO-NYL-PLU-COU-5/16""-NPH20",Nylon Quick Coupler 5/16 Hose NPH-20,Outdoor & Garden,PCS,10,1.90
TOO-WRE-DOU-1011,Double Flexible Socket Wrench 10 X 11MM,Hand Tools,PCS,7,12.20
"ACE-NUTS-3/8""X38MM","Ace Brand Bsw Hexagon Long Nuts LN-3/8""X38MM",Fasteners & Fixings,PCS,70,1.80
ADH-TAP-SEA-MIK,Mikasa Seal Tape,Chemicals & Adhesives,PCS,360,0.60
BNW-B&N-RBN-115,Sr G. I Boit & Nut 3/16 X 1 1/2 (7PCS/PCK),Fasteners & Fixings,PCK,13,2.30
CHA-FIR-STARTER-NT-20708,Cock Brand Fire Starter (1020010),Outdoor & Garden,BOX,15,9.90
COV-PWPC-1-HD-T,Legrand Pvc-link 1GANG W. Proof Protect Covr H/d,Outdoor & Garden,PCS,1,13.90
ELE-PEN-DX-9260/3,Pendant Light DX-9260/3,Electrical,PCS,1,189.00
"FIT-HDPE-BEN-FEM-25MMX3/4""",HDPE Bend Female 25MM X 3/4,Plumbing,PCS,68,3.00
FIT-UPVC-SOC-110X50MM,"U-pvc Socket Reducing 4""X2",Electrical,PCS,8,13.50
FIT-UPVC-SOC-110X82MM,"U-pvc Socket Reducing 4""X3",Electrical,PCS,8,13.90
FLO-MOC-SP121A,12 X 24 Homo Tile SP121A,Flooring,PCS,4,8.60
HOI-LEV-TOH-3.0,Toyo Lever Hoist 3.0 Ton,Lifting & Rigging,PCS,1,599.00
KGR-KIM-300ML-9211,300ML Kangaroo Kimtone 9211,Paint & Sundries,TIN,12,17.80
"PIP-UPVC-4""",4 (110MM) Ut X 6M Upvc Pipe (LTH),Plumbing,LTH,30,58.90
PUT-CAR-GRY-1KG,1KG Putty Grey Yarpro,Paint & Sundries,TIN,6,28.90
RIG-SHA-GAL-20MM,Galvanised D-shackle 20 MM,Lifting & Rigging,PCS,9,8.90
SCA-CAM-3100075,Electronic Kitchen Scale,Housewares,PCS,1,49.90
SHH-HOOK-4310N-NO.8,No. 8 Exori Super Strong Hook (20'S),Fishing & Tackle,PKT,13,3.50
SHH-HOOK-9255SS-5/0,Eupro Octopus S/s Hook 5/0 (6'S),Fishing & Tackle,PKT,4,10.90
SHH-NET-0.15D-25MM,"(0.11) 25MM (1"") (25YDS) Net",Fishing & Tackle,PCS,3,17.50
SHH-REEL-1188S135,"1188 Sin Udang Galah TRANSPARENT135(4'6"")PRAWN Rod (6+1)",Fishing & Tackle,PCS,2,25.90
SHH-REEL-MH4000A,Sealand Machine Gun Fishing Reel (3SS-B) MG4000A,Fishing & Tackle,PCS,1,55.00
SHH-REEL-YY2000,Maitelei Fishing Reel (13BB) YY2000,Fishing & Tackle,PCS,1,54.50
SHH-ROD-TKKT26632S,"Torikumu Kotai Ii Medium (6'6"")ROD",Fishing & Tackle,PCS,1,58.50
SHH-SWIVEL-SNAP-NO.10,Nickel Snap Swivel No. 10,Fishing & Tackle,PKT,12,3.70
SHH-SWIVEL-SNAP-NO.6,Nickel Snap Swivel No. 6,Fishing & Tackle,PKT,11,4.10
STO-MOU-M5-25X35,Mounted Stone:k-prix Korea M5 (25X35),Abrasives & Cutting,PCS,5,8.20
STO-MOU-M6-25X52,Mounted Stone:k-prix Korea M6 (25X52),Abrasives & Cutting,PCS,4,9.00
SWI-SOC-MK-1G1W-S4781,Mk 1GANG 1WAY Wide Rocker Socket,Electrical,PCS,16,5.90
SWI-T/SOC-FLE-913-2M3G,Fle T/skt Sp TC-3GL-240B 913-2M,Electrical,SET,7,19.90
SWI-T/SOC-FLE-913-3M3G,Fle T/skt Sp TC-3GL-340B 913-3M,Electrical,SET,6,21.90
TIE-CAB-BLA-150MM,"Black PVC Cable Ties 150MM (6"")",Electrical,PCK,46,4.90
TOO-COM-IRO-BUL-11MM,11MM Iron Bull Spanner,Hand Tools,PCS,15,5.10
TOO-DRI-ADA-13MM,Mdsi (MD-04096) Drill Chuck Head With Adapter Chuck,Power Tool Accessories,SETS,8,19.50
TOO-RUL-TRI-A11012,Arrow 12 Triangle Ruler,Power Tools,PCS,6,35.50
TOW-STB-08023(3/4),Stb 3/4 Centre S/steel Towel Bracket,Bathroom,PAIR,10,4.50
VAL-BAL-KK-K-201B/L,Kk Brand Brass Loose Key Tap,Plumbing,PCS,7,18.90
VAL-BAL-PVC-ECC112SE,Ecco PVC Ball 1/2 Se,Plumbing,PCS,4,27.90
WAL-PLU-H/DUTY-630B,8MM X 40MM H/duty PVC Wall Plug,Fasteners & Fixings,PCK,27,8.20
"WOO-TIM-2""X3""X12'",Mlh Sawn Timber 2 X 3 X 12,Building Materials,PCS,14,31.90
BAT-MKX-2026,Part : Battery (square),Electrical,PCS,3,49.00
BNW-NUT-SS304-M12,SS 304 Nut - M12,Fasteners & Fixings,PCS,95,1.60
BOX-FISH-POLY-M,Polyfoam Fish Box (m),Fishing & Tackle,PCS,17,34.90
BRA-S/S-L-50383,Stainless Steel L Bracket 50383-50X50,Plumbing,PCS,28,4.70
"CUT-SAW-AP14-350-14""",Sawnman Handsaw 14,Abrasives & Cutting,PCS,2,21.90
DOR-HIN-BRI-075MM,Iron Hinges Bright 3,Home Appliances,DOZ,3,18.50
DOR-LOC-YEROY-60MM,60MM Yeroy Single Side Lock Cylinder,Locks & Security,PCS,4,20.90
"DRI-AUG-BIT-NO.7/8""",7/8 No. 1 Star-m Auger Bit (b),Power Tool Accessories,PCS,3,48.50
"FAS-SCR-CSK-3/4"" X 6G",Sr Csk Tapping Screw 3/4 X 6G (20PCS/PCK),Fasteners & Fixings,PCK,18,1.60
FIT-PVC-TEE-20MMX15MM,PVC Fitting Tee Reducing 3/4 X1/2,Plumbing,PCS,86,2.10
HOO-SNA-GALV-5MM,Galv Snap Hook 5MM X 50MM,Doors & Hardware,PCS,18,1.40
IND-CEM-GREY-1KG,Topfit Adhesive Cement Grey 1KG,Chemicals & Adhesives,KG,12,2.40
IND-GAL-WIR-PVC-18#,18 PVC Coated Wire X 5KGS,Electrical,ROLL,3,54.50
KGR-OXI-59A1LIT,Stove Brand 59A Green Oxide Paint 1 Litre,Paint & Sundries,TIN,1,29.90
MAR-PEN-RED,Sharpie Fine Point P/marker (ls)- Red,Hand Tools,PCS,14,4.20
NUM-80MM-7,Acp Numbering 80MM - 7,Signage & Numbering,PCS,7,12.60
PAI-BRU-LEON-830-75MM,Leon 830 Nylon Paint Brush 3,Paint & Sundries,PCS,14,11.20
PAI-SPR-KIMLAC-9612,Kimlac Brand Spray Paint 9612,Paint & Sundries,TIN,11,22.90
RIG-TUR-16MM,Galvanised Turnbuckle 16MM,Lifting & Rigging,PCS,8,7.90
SCA-CAM-EK8850,Camry-slim Digital Kitc. Scale (S/S)/10KG/22LB,Housewares,PCS,1,49.50
SHH-FIG-BRA-LIN-4X-25LB,Shuttle 4X Braided Line 100M (25LB) (dark Green),Fishing & Tackle,PCS,3,17.50
SHH-NET-0.15D-40MM-25MD,"40MM (1 1/2"") (25YDS) Net",Fishing & Tackle,PCS,3,16.80
SHH-NET-0.15D-50MM-25MD,"50MM (2"") (25YDS) Net",Fishing & Tackle,PCS,3,16.90
SHH-NET-0.15D-65MM,"65MM (2.1/2"") (25YDS) Net",Fishing & Tackle,PCS,3,17.00
SWI-T/SOC-FLE-914-2M4G,Fle T/skt Sp TC-4GL-240B 914-2M,Electrical,SET,6,21.50
TAP-CAB-CB2805A,Cabana Hose Bib Tap CB2805A,Plumbing,PCS,3,49.00
TAP-CAB-CB2806A,Cabana Bib Tap CB2806A,Plumbing,PCS,3,49.00
TAP-SKC-M18X2.50,Skc Hand Tap M18 X 2.50,Plumbing,SET,2,67.50
TOO-WRE-3WAY-121417,3 Way Spanner 12X14X17,Hand Tools,PCS,4,10.60
VAL-BAL-PVC-ECC2SE,Ecco PVC Ball VALVE-2 Se,Plumbing,PCS,3,38.90
WOR-MARK-X-CHA-5502,Worker Charger - 5502,Power Tools,PCS,4,29.90
X-CIMA-DL-RML65A/RND/18W/DL,Lite Me 8 18W L/dl (rnd/day Light),Power Tools,SET,1,20.90
BOX-LUN-PLA,PP Lunch Box (tega),Housewares,PCK,21,18.80
BURR-CAR-T.C.T-FX1225,T. C. T Carbide,Other,PCS,1,48.60
CAB-LUG-500AMP,Cable Lug (white) 500AMP 2PCS/PCK,Electrical,PCK,11,10.90
CAP-01.2UF-400V-BD,Capacitor Cpi- Black Square ITALY'/400V Bd 01.2UF,Electrical,PCS,33,3.20
DOR-DEA-BOL-SGD-D292AC,AC St. Guchi Double Cyl. Deadbolt Lock,Locks & Security,SET,1,52.90
ELE-LED-SOL-ISF-60W-65K,Il- Solar Floor Light -isf 60W 65K,Electrical,PCS,1,165.00
"FAS-SCR-CSK-3"" X 8G-PCK",Sr Csk Tapping Screw 3 X 8G (10PCS/PCK),Fasteners & Fixings,PCK,47,4.20
FAS-SCR-TAP-CSK-6#X3/4-BOX,6 X3/4 Csk Self Tap Scrw-flat Head (1000PCS/BOX),Fasteners & Fixings,BOX,3,37.90
FIT-UPVC-BEN-ELB-45-155MM,U-pvc Bend (elbow) 155MM 6,Plumbing,PCS,4,29.80
"FIT-YG235-TEE-3/8""-BRA",Brass Equal Tee 3/8,Plumbing,PCS,16,6.90
GRA-CUT-BLA-12037(12),12 Grass Blade-s Trimmer Blade-small,Outdoor & Garden,PCS,1,14.80
GRA-CUT-STC1820EPCF-CHARGER,Black+decker Power Command 18V -charger,Outdoor & Garden,PCS,2,115.00
ICE-COO-INO-18LTR-THBW/K-1,Inova 18 Ltr. Ice Cooler,Other,PCS,7,75.00
IND-CAS-TPR-RIG5,5 Tpr Rigid Wheel,Building Materials,PCS,20,26.50
IND-PLU-BOB-400G-PCK,400G Plumb Bobs (pack),Building Materials,PCS,6,11.90
LAD-ALU-WORKER-DE10,Worker 10 X 10 D/ext Ladder,Ladders & Access,UNIT,1,598.00
PAI-BRU-NIP-TR833N,1.5 Synthetic Paint Brush 750,Paint & Sundries,PCS,24,6.90
ROP-NYL-2MM,2.0MM Nylon String,"Rope, Chain & Netting",COIL,7,9.60
SCA-PVC-HAN-10KG,10KG PVC Hanging Scale,Housewares,PCS,6,10.80
SHH-HOOK-10829BL-NO.10,Eupro Fishing Hook No. 10(13PC),Fishing & Tackle,PKT,10,3.90
SHH-HOOK-10829BL-NO.16,Eupro Fishing Hook No. 16 (10PC),Fishing & Tackle,PKT,10,3.90
SHH-REEL-GM4000,Haojia Fishing Reel 12BB GM4000,Fishing & Tackle,PCS,1,45.90
SHH-REEL-YY1000,Maitelei Fishing Reel (13BB) YY1000,Fishing & Tackle,PCS,1,52.90
SHH-ROD-TKKT6032S,"Torikumu Kotai Medium Tk-kt (6'0"") Rod",Fishing & Tackle,PCS,1,54.90
SWI-MK-2G1W-S4782,Mk 2GANG 1WAY Wide Rocker Socket,Electrical,PCS,8,12.50
SWI-SOC-BEL-MK-S4778,Mk Bell Switch Wide Rocker Socket,Electrical,PCS,10,9.00
SWI-SOC-ULT-M061MG,Ultra 16A 1 GANG Doorbell Swi-mat Grey (M061MG),Electrical,PCS,8,15.10
TIE-CAB-WHI-200MM,"White PVC Cable Ties 200MM (8"")",Electrical,PCK,35,6.30
TOO-VIC-FLA-FV01,FV01 Power Action Flat Vice,Hand Tools,PCS,1,59.50
WIR-BRC-213X4X8-2.3MM,213 X 4 X 8 Brc,Other,PCS,13,37.00
X-FLO-MOC-CA6603,CA6603 600X600MM,Power Tools,PCS,1,15.90
X-FLO-MOC-H03-G,H03-G 600X600MM,Power Tools,PCS,1,14.50
X-FLO-MOC-PA6685W,PA6685W 600X600MM,Power Tools,PCS,1,15.90
X-FLO-MOC-R9 S:E11,Main White R9,Power Tools,PCS,1,15.90
"ALUM-HOLLOW-2""X1""-3",2 X 1 Alum. Hollow Na (LGTH),Building Materials,LGTH,5,114.00
BAT-ENE-MAX-AAA2PCS,En Max Aaa 2 Pc,Electrical,PCK,18,9.70
BBQ-GRI-CN-YH22022,M/purpose Outyard Trolley Bbq Grill W/whee,Outdoor & Garden,SET,1,208.00
BNW-B&N-RBN-105-BOX,Sr G. I Boit & Nut 3/16 X 5/8 (box),Fasteners & Fixings,BOX,1,13.90
BNW-B&N-RBN-110,Sr G. I Boit & Nut 3/16 X 1 (7PCS/PCK),Fasteners & Fixings,PCK,16,2.00
BNW-NUT-SS304-M10,SS 304 Nut - M10,Fasteners & Fixings,PCS,155,0.90
CAR-TYRE-SHI-WHI-500ML,Aa Car Care Tyre Shine (white) 500ML,Automotive,BTL,4,19.30
CEI-ROSE-408A-131-CR3,408A 131 CR3 Ceiling Rose,Building Materials,PCS,16,2.20
CUT-PIP-PVC-VS1202,Vison PVC Pipe Cutter,Plumbing,PCS,8,12.90
CUT-TIL-FIX-FP007-A,36MM Sensui Leveling Adjusted Knob,Doors & Hardware,BAG,7,25.90
"DOR-FLU-SGD-2106""",6 Armor Flush Bolt,Fasteners & Fixings,PCS,6,23.90
DRI-MIX-HEX-CEM,Blimax Hex Cement Mud,Building Materials,PCS,3,14.80
ELE-GRW-06A1PMCB,Grow 6A 1P Mcb,Electrical,EA,25,6.50
ELE-LED-SOL-YB-L10532-28W,Marviss 28W Outdoor Sensor Solar Light (L10532),Electrical,SET,2,89.00
GAR-CUT-SCI-00903A,6003 Trimming Scissors-straight,Outdoor & Garden,PCS,6,29.50
HOS-CON-ADA-PI7-320#,PI7 Hose Connector,Outdoor & Garden,PCS,5,2.90
MET-WAT-ADA-BR,"Br Water Meter Adapter (thick) 3/4""X1/2",Other,PCS,4,10.50
PAI-BRU-086-75MM,086 Cs Nylon Paint Brush 3,Paint & Sundries,DOZ,5,39.90
"PIP-PVC-3/4""","3/4""(26MM) Bs X 6M PVC Pipe",Plumbing,LTH,100,16.70
PYE-FIL-L-CRACK-1KG,PYE Filla L-crack 1KG,Paint & Sundries,TIN,10,17.90
RIG-HOO-ALL-4.5TON,Alloy Hook 4.5TON,Lifting & Rigging,PCS,2,22.50
SAF-SHO-SOB-10#,Sobar P800 Safety Shoes 10,Safety & Workwear,PAIR,1,52.90
SHH-HOOK-406-NO.4,Saki Sepit Biru 406 No. 4 (20'S),Fishing & Tackle,PKT,8,5.20
SHH-HOOK-45708-NO.7,2908 No. 2 Eupro Prawn Hook (15'S),Fishing & Tackle,PKT,8,4.90
SHH-HOOK-45708-NO.9,2908 No. 4 Eupro Prawn Hook (15'S),Fishing & Tackle,PKT,8,4.90
SHH-REEL-1188S120,"1188 Sin Udang Galah TRANSPARENT120(4'0"")PRAWN Rod (6+1)",Fishing & Tackle,PCS,2,23.90
SHH-SINKER-NO.8,Single Head Sinker No. 8 (1PC/PCK),Fishing & Tackle,PCS,6,6.90
SWI-SOC-ULT-M073W,Ultra 1 GANG Tel Outlet (RJ11)-WHITE (M073W),Electrical,PCS,9,13.10
TAP-BIB-JOPBC01W,Jopex BIBTAP-BC01W 15MM,Plumbing,PCS,16,6.90
TOO-WRE-BAS-ABT11,Abt Basin WRENCH-11,Hand Tools,PCS,2,24.50
WEL-ELE-MIG-0.8MM,Power MIG 0.8MM 5KGS CO2 MIG Wire,Electrical,ROLL,2,59.50
WIR-BRC-210X4X8-2.8MM,210 X 4 X 8 Brc,Other,PCS,10,50.00
CLI-HOS-ORB-3X,Orbit Hose Clip No : 3X,Outdoor & Garden,PCS,72,2.20
CUT-SAW-IND-14J,Sr India Junior Saw 14J,Abrasives & Cutting,PCS,13,2.80
ELE-CAB-TWI-B/W-MAXWELL,"Scinet Twin Cable, Blue/white",Electrical,MTR,166,1.80
ELE-GRW-63A1PMCB,Grow 63A 1P Mcb,Electrical,EA,20,7.90
"FAS-SCR-TAP-CSK-8#3/8""-BOX",8 X3/8 Csk Self Tapping Scrw-flat Head (1000PCS/BOX),Fasteners & Fixings,BOX,3,37.90
GAR-SHE-702,Tiger Pruning Shears Diagonal 702,Outdoor & Garden,PCS,16,8.90
HOS-CON-ADA-ECO4056,Ecogreen- Flat Nose Tap Adaptor / 1/2,Electrical,PCS,11,8.90
"HOS-FLE-OTO-966-66MB-16""",Otosani 304 Nut 16 High Pressure Flexible Hose (mb),Fasteners & Fixings,PCS,10,11.90
HOS-HOL-ECO-EG6038,Ecogreen- Hose Hanger,Outdoor & Garden,PCS,1,15.20
NAI-CON-ST50,Concrete NAIL-ST50,Fasteners & Fixings,BOX,3,43.50
ROP-NYL-3MM,3.0MM Nylon String,"Rope, Chain & Netting",COIL,5,12.70
SHH-HOOK-9290BN8,Sode Hook No. 8(18'S),Fishing & Tackle,PKT,9,4.50
SHH-ROD-TKKT25632S,"Torikumu Kotai Ii Medium (5'6"")ROD",Fishing & Tackle,PCS,1,46.50
SWI-T/SOC-FLE-912-3M2G,Fle T/skt Sp TC-2GL-340B 912-3M,Electrical,SET,6,19.50
TOO-COM-IRO-BUL-25MM,25MM Iron Bull Spanner,Hand Tools,PCS,4,19.90
TOO-HAN-RAT-STA-12MM,"1/2 Round Head Ratchet 10""/254MM",Power Tools,PCS,2,97.00
"TOO-LEV-MAG-SENSUI-18""",18 Sensui (blue) Magnet Spirit Level,Power Tools,PCS,7,28.50
TOO-WRE-PLU-T010,10MM T-plug Wrench,Hand Tools,PCS,8,8.20
X-AMFC-3403,Aimer Wall Bibtap,Plumbing,PCS,3,64.00
ALUM-ROU-18MM,3/4 Alum. Round Tube X 6M,Building Materials,MTR,68,9.80
BOX-FISH-POLY-S,Polyfoam Fish Box,Fishing & Tackle,PCS,19,27.90
BRO-FLO-NYL-201,201 Nylon Broom With Handle,Doors & Hardware,PCS,17,7.20
FAS-BAN-STE-12MM,Sh Steel Band 12MM X 10M,Fasteners & Fixings,ROLL,22,9.90
"FAS-RIV-PAT-1/8""X3/8""-PCK",Blind Rivet: Jaguar 1/8 X 3/8 (20PCS/PCK),Fasteners & Fixings,PCK,28,1.20
"FAS-SCR-P/H-1 1/4"" X 8#-BOX",Sr P/h Self Drilling Screw 1 1/4 X 8,Fasteners & Fixings,BOX,2,98.00
FRA-STU-GI-10',10 X 3 X 1 X 0.32MM GI Stud Frame,Building Materials,PCS,38,8.10
HOO-SNA-SS-4MM,S/s Snap Hook 4MM X 40MM,Doors & Hardware,PCS,5,4.50
"IND-CAS-PVC-RIG-6""",Medium Duty Red PVC Rigid Wheel 6,Building Materials,PCS,10,51.80
LOC-BCK-SSS-1PCS,Buick Padlock 50MM,Locks & Security,PCS,8,59.90
MAR-CRA-GREEN,Marking Crayon Green,Hand Tools,DOZ,9,7.20
NAI-CLI-777-B,Nail Clipper,Fasteners & Fixings,DOZ,3,48.90
SCA-CAM-ELE-EL10-31P,Camry Luggage Scale,Housewares,PCS,1,45.90
SHH-HOOK-9255SS-4,Eupro Octopus S/s Hook No. 4 (11'S),Fishing & Tackle,PKT,5,7.70
SHH-ROD-2511500,Santec 2511-500 Puyu Solid Pole (5MTR),Fishing & Tackle,PCS,1,49.50
SHH-ROD-TKKT25032S,"Torikumu Kotai Ii Medium (5'0"")ROD",Fishing & Tackle,PCS,1,45.80
TAB-PLA-SQU-3'X3'-SWM2388,3 X 3 Square Plastic Table,Housewares,SET,3,179.00
TAP-WIR-3MSCTBL,18MM X 5M Temflex Vinyl Elec Tape Blk,Plumbing,PCS,989,1.20
TOO-ELE-GUN-PIN-40W,40W Pinsun Soldering Iron Gun,Home Appliances,PCS,3,17.90
TOO-ELE-STRW010A,W01A Wire Stripper Cutting 170MM,Electrical,PCS,4,31.90
"TOO-EXT-BAR-STA-12MM-05""",1/2 Extension Bars 125MM/5,Electrical,PCS,5,24.80
VAL-BAL-MIN-ECC12MF,Ecco PVC Mini Ball VALVE-1/2 Mxf,Plumbing,PCS,12,7.50
BNW-B&N-RBN-106-BOX,Sr G. I Boit & Nut 3/16 X 3/4 (box),Fasteners & Fixings,BOX,1,15.90
CUT-TIL-RIV-450MM,Rivoz Tile Cutting Machine 450MM,Flooring,SET,2,235.00
"DRI-AUG-BIT-NO.5/8""",5/8 No. 1 Star-m Auger Bit (b),Power Tool Accessories,PCS,3,37.90
ELE-KNI-BS-303192-BEND,Bosi (BS-303192) Electricain's Knife (bend),Electrical,PCS,6,18.80
"ELE-PVC-CAS-3/4""",Kancil 3/4 X 6FT PVC Casing,Electrical,LGTH,34,2.60
FAS-SCR-COA-M8070,Sr Coach Screw M8 X 70MM,Fasteners & Fixings,PCS,270,0.80
"FIT-SS235-TEE-3/4""-SUS304",SS Equal Tee 3/4,Plumbing,PCS,10,9.80
FIT-YG252-SOC-10MM-BRA,Straight Brass Connector 10MM,Plumbing,PCS,6,2.60
GUM-RAT-AIT-GEL,Aitachi Mouse Gel Paper,Chemicals & Adhesives,PCS,34,4.20
"HOS-FLE-OTO-966-65MB-14""",Otosani 304 Nut 14 High Pressure Flexible Hose (mb),Fasteners & Fixings,PCS,10,11.30
HOS-FLE-SW-PVCH-08,8 PVC Flexible Hose With PVC Holder,Outdoor & Garden,PCS,19,8.60
HOS-FLE-SW-PVCH-36,36 PVC Flexible Hose With PVC Holder,Outdoor & Garden,PCS,9,18.80
IND-CAS-NYL-50MM,2 IN White Nylon Caster Wheel,Building Materials,SET,4,15.50
"IND-CAS-PVC-SWI-6""",Medium Duty Red PVC Swivel Wheel 6,Fishing & Tackle,PCS,9,55.80
NUM-80MM-C,Acp Alphabet 80MM - C,Signage & Numbering,PCS,6,12.60
"PIP-UPVC-5255-1.1/4""","1 1/4""(32MM) X 6M Upvc Pipe",Plumbing,MTR,45,4.90
POL-HAR-NYL-JM444,Jayamata Harvesting Palm Oil Poles Clamping Bracket Clip,Other,PCS,2,19.80
SHH-HOOK-10829BL-NO.08,Eupro Fishing Hook No. 8 (14PC),Fishing & Tackle,PKT,9,3.90
SHH-HOOK-EWDX4009,No. 9 (20'S) Eagle Wave Hook,Fishing & Tackle,PKT,4,9.50
SHH-SPE-FIS-FS605,Fish Spears (5PRONGS)/8105,Fishing & Tackle,PCS,3,12.50
STO-MOU-W175-10X10,Mounted Stone:k-prix Korea W175 (10X10),Abrasives & Cutting,PCS,6,5.80
TAP-CAB-CB1540SS,S/steel Pillar Mounted Kitchen Tap CB1540SS-BL,Plumbing,PCS,1,149.00
TOO-COM-IRO-BUL-23MM,23MM Iron Bull Spanner,Hand Tools,PCS,5,16.60
"TOO-LEV-MAG-SENSUI-24""",24 Sensui (blue) Magnet Spirit Level,Power Tools,PCS,6,30.90
TOO-PLI-CIR-WHB200,Intl Plier Bent Nose 200MM,Hand Tools,PCS,2,20.50
TOPLUS-288-07L,7L Toplus Emulsion 288 Gadis Cantik,Paint & Sundries,CAN,3,53.90
TOPLUS-300-07L,7L Toplus Emulsion 300 Cream,Paint & Sundries,CAN,3,53.90
TOPLUS-565-07L,7L Toplus Emulsion 565 Lakeland,Paint & Sundries,CAN,3,53.90
TOPLUS-658-07L,7L Toplus Emulsion 658 Sweet Sundae,Paint & Sundries,CAN,3,53.90
WOO-HOE-CANGKUL,Kayu Cangkul,Building Materials,PCS,38,10.90
ADH-GUM-WALLPAPER,Garefu Wallpaper Glue Powder,Paint & Sundries,BOX,8,18.50
AIR-DUS-LX03,AD04 Long PVC Air Duster,Automotive,PCS,3,10.90
APR-NKS-MYTA-0001,Nks H/d Apron,Safety & Workwear,PCS,9,52.90
BNW-B&N-RBN-204,Sr G. I Boit & Nut 1/4 X 1/2 (5PCS/PCK),Fasteners & Fixings,PCK,15,1.60
BRU-WIP-928,928 Wiper,Automotive,PCS,25,15.50
"CLI-HOS-GP-2.1/4""",Gp S/steel Hose CLIP-2.1/4 (33-57MM),Outdoor & Garden,PCS,8,2.00
COV-JAC-L/B-M,L/blue Jacket (r) : M,Outdoor & Garden,PCS,3,52.90
COV-JAC-RED-M,Red Jacket (r) : M,Outdoor & Garden,PCS,3,52.90
COV-JAC-RED-XL,Red Jacket (r) : XL,Outdoor & Garden,PCS,3,52.90
CUT-KNI-W603,W603 Utility Knife,Hand Tools,PCS,4,7.50
CUT-PIP-PVC-35MM,Arrow 35MM PVC Pipe Cutter,Plumbing,PCS,12,14.90
CUT-SAW-BAH-14INC,Bahco 30014 Tools Box Saw 14,Abrasives & Cutting,PCS,8,59.80
CUT-SCI-JM-316,Jayamata Scissor Multi-purpose 7,Abrasives & Cutting,PCS,4,7.90
DOR-HIN-BLA-65MM,Iron Hinges Black 2.1/2,Home Appliances,PCS,34,1.90
DRI-UNI-26107(10),Br 6200 10MM Universal Drills (4 Flures),Power Tool Accessories,PCS,9,23.90
FIR-CHA-2KG,Charcoal (2 Kgs),Safety & Workwear,PCK,43,6.70
"FIT-HDPE-TEE-FEM-25MMX1/2""",HDPE Tee Female 25MM X 1/2,Plumbing,PCS,43,3.60
IND-CAN-ARMY,Canopy 3 MTR X 3 Mtr-army,Building Materials,UNIT,2,259.00
IND-PLU-BOB-300G-PCK,300G Plumb Bobs (pack),Building Materials,PCS,6,10.20
MET-LED-ENE-PLMA22,Enr New Penlight 2AAA 50L,Other,PCS,1,32.50
NAI-COM-125MM-20KG,5 Wire Nail,Fasteners & Fixings,PCK,284,3.20
NUM-80MM-6,Acp Numbering 80MM - 6,Signage & Numbering,PCS,6,12.60
NUM-80MM-A,Acp Alphabet 80MM - A,Signage & Numbering,PCS,6,12.60
NUM-80MM-E,Acp Alphabet 80MM - E,Signage & Numbering,PCS,6,12.60
PAI-BRU-NYL-325-12#,12 Nylon Hair Color Brush,Paint & Sundries,PCS,58,2.90
PAI-ROL-REF-R-0038,R'key Paint Roller Refill 2,Paint & Sundries,PCS,112,1.50
PAI-TIG-250ML-9102,250ML Tiger Gloss Paint 9102,Paint & Sundries,PCS,12,10.90
SCP-FIL-500G,500G Skim Instant Filla,Paint & Sundries,CAN,25,4.90
SHH-HOOK-4310N-NO.1/0,No. 1/0 Exori Super Strong Hook (10'S),Fishing & Tackle,PKT,11,3.50
SHH-HOOK-4310N-NO.4,No. 4 Exori Super Strong Hook (20'S),Fishing & Tackle,PKT,11,3.50
SIN-TAP-PIL-QXY-PT-7250,QXY-PT-7250-3L: Pillar Sink Tap W/flex. Pipe,Plumbing,PCS,2,89.00
SWI-T/SOC-FLE-6133NS,T/skt W/surge Sp TS-3GLS-540A FLE-6133NS,Electrical,SET,3,37.80
SWI-T/SOC-GONGN-4G1.8M,Gongniu 4 GANG Trailing (E3040),Electrical,PCS,3,36.90
TOO-DRV-ASD43+,4 X 3MM (+) Arrow High Grip Screwdriver,Hand Tools,PCS,15,4.80
TOO-PLI-CRI-STA-SET-998484253,9 Crimping Pliers Set,Power Tools,PCS,3,55.90
TOW-STB-08024,Stb 3/4 S/steel Towel Bracket,Bathroom,PAIR,9,3.90
VAL-BAL-ITA-18MM,Brass Ball Valve - Italy 18 MM,Plumbing,PCS,9,19.90
VAL-CAB-CB1180-RG,Cabana S/s 304 Angle Valve,Plumbing,PCS,3,39.50
"AIR-CHU-MAD-10""",Mada Tire Air,Automotive,PCS,1,41.80
BAT-PSN-LIT3V-CR-1632/5BE,CR-1632/5B Lithium 3V,Electrical,PCS,12,7.50
CAB-LUG-06-6,Cable Lug 6-6 (10PCS/PCK),Electrical,PCK,16,7.30
COV-HAR-JM-334,Jayamata Harvesting Palm Oil Chisel PVC Cover Only,Hand Tools,PCS,4,7.70
"FAS-SCR-TAP-CSK-6#5/8""-BOX",6 X5/8 Tapping Screw-flat Head (1000PCS/BOX),Fasteners & Fixings,BOX,3,32.90
"FAS-SCR-TAP-PAN-8#1/2""-BOX",8 X1/2 Ph Self Tap Srcw Pan Head (1000PCS/BOX),Fasteners & Fixings,BOX,2,58.80
"FIT-HDPE-TEE-MAL-25MMX1/2""",HDPE Tee Male 25MMX1/2,Plumbing,PCS,21,4.00
FLO-PVC-NO-436-05,PVC Flooring No. 520-01,Flooring,ROLL,3,169.00
FLO-PVC-NO.24803,PVC Flooring No. 524-10,Flooring,ROLL,3,169.00
FLO-PVC-NO.25106,PVC Flooring No. 486-04,Flooring,ROLL,3,169.00
GAR-SHE-12172,Br 6012 Heavy Duty Hedge Shear,Outdoor & Garden,PCS,5,31.90
"HOS-FLE-OTO-966-67MB-18""",Otosani 304 Nut 18 High Pressure Flexible Hose (mb),Fasteners & Fixings,PCS,8,13.30
IND-WIR-MES-2X1X3'X15GX100',Wire Mesh 2 X 1 X 3 X 15G,Electrical,ROLL,6,239.00
MAR-CRA-BLUE,Marking Crayon Blue,Hand Tools,DOZ,9,7.20
NAI-CON-ACE-20-BOX,Ace Galvanised Flat Head Nails 20 X 2.0 (500GM),Fasteners & Fixings,BOX,9,9.20
NUM-60MM-2,Acp Numbering 60MM - 2,Signage & Numbering,PCS,8,8.00
PAI-SPR-KIMLAC-9614,Kimlac Brand Spray Paint 9614,Paint & Sundries,TIN,8,22.90
SAF-SLI-GLO-1TON4M,Webbing Sling (glolift) 25MM 1 Ton X 4M,Lifting & Rigging,LGTH,4,15.50
SHH-HOOK-12146BN-10,No. 10 Hytac Hook 20'S,Fishing & Tackle,PKT,12,3.20
SHH-LINE-L/G-OSML15,Omega Shigeru Mono Line (green) 15LBS,Fishing & Tackle,PCS,3,11.90
SHH-REEL-CH2000,Beilishi Fishing Reel (13BB),Fishing & Tackle,PCS,1,39.50
SHH-SPE-FIS-FS604,Fish Spears (4PRONGS)/8105 (SFF4),Fishing & Tackle,PCS,3,11.60
SHH-SPOOL-109,Fishing Spool HP-109,Fishing & Tackle,PCS,4,8.90
SWI-SOC-ULT-M012W,Ultra 16A 1 GANG 2 Way-white (M012W),Electrical,PCS,10,10.00
SWI-T/SOC-LBS2023U,Lwd 3GL+USB T/skt Surge Protector,Electrical,SET,2,56.90
TAP-CAB-CB9114,Cabana Two Way Tap,Plumbing,UNIT,1,132.00
TAP-SKC-M24X3.00,Skc Hand Tap M24 X 3.00,Plumbing,SET,1,115.70
TOO-COM-IRO-BUL-22MM,22MM Iron Bull Spanner,Hand Tools,PCS,4,14.90
BNW-BOL-HTM-M06-25MM,H/t Bolt - M 06 X 25MM,Fasteners & Fixings,PCS,442,0.30
CAP-02.0UF-400V,Capacitor Uf Black Square ITALY'/400V Bd,Electrical,EA,24,3.90
CAP-03.00UF-440V,Capacitor 400V Italy Square,Electrical,EA,17,5.40
DOR-HIN-BLA-50MM,Iron Hinges Black 2,Home Appliances,DOZ,3,15.00
DOR-LOC-YEROY-70MM,70MM Yeroy Single Side Lock Cylinder,Locks & Security,PCS,3,22.90
"FAS-SCR-P/H-1"" X 8#",Sr P/h Self Drilling Screw 1 X 8 (20PCS/PCK),Fasteners & Fixings,PCK,40,2.30
FIT-UPVC-SOC-160X110MM,"U-pvc Socket Reducing 6""X4",Electrical,PCS,4,25.90
"FIT-YG235-TEE-1/2""-BRA",Brass Equal Tee 1/2,Plumbing,PCS,11,7.90
GAR-SHO-12140,Gt 609 Rubber Handle Garden Shovel,Doors & Hardware,PCS,13,9.50
HHD-CIS-HIGH,Weser Plastic High Level Cristern,Bathroom,SET,1,35.00
HHD-FLU-00456C,Sl 108D Cooper Thread H/duty Dual Inlet Valve,Plumbing,PCS,3,40.90
"HOS-FLE-OTO-966-64MB-12""",Otosani 304 Nut 12 High Pressure Flexible Hose (mb),Fasteners & Fixings,PCS,10,10.30
LOC-CYL-ARMOR-ACL-VCL3000,Sn/et Armor Cyl. Lock,Locks & Security,SET,1,38.50
MIN-TAN-TUL-1.5KGS,Worker Minyak Tanah Tulen,Other,TIN,2,25.90
"PAI-ROL-REF-STA-7""",7 Acrylic Yellow Stripe Medium Pile,Paint & Sundries,PCS,19,6.90
"PIP-PVC-E-3/4""",3/4 (26MM) Class E X 6M PVC Pipe (LGTH),Plumbing,LGTH,50,27.90
SHH-LINE-L/G-OHML15,Omega Hayasu Mono Line (rainbow) 15LBS,Fishing & Tackle,PCS,3,11.90
SHH-REEL-MH3000,Sealand Machine Gun Fishing Reel W/line (3SS-B),Fishing & Tackle,PCS,1,39.50
SHH-SWIVEL-NO.6,Nickel Swivel No. 6,Fishing & Tackle,PKT,10,3.40
SPO-CAR-WASH-UNI2193,Car Wash Sponge,Automotive,PCS,7,4.80
TOI-ACC-URI,Urinal Accessories,Bathroom,SET,1,39.50
TOO-CHI-WOO-ARA-STC002-D,1 Aracut Impact Hdl Wood Chisel,Power Tools,PCS,10,14.50
TOO-CLA-F-ATB120400,16 X 120MM Arrow F Type Wood Clamp,Hand Tools,PCS,10,52.90
TOO-JAW-PIP-W0365B,3/4 Heavy Pipe Jaw (20MM*100MM),Plumbing,PCS,3,36.90
TRO-PVC-BT995T/H,Star Local Trowel (teak) PVC Handle,Hand Tools,PCS,35,9.90
WEL-ELE-BRA-3MM,Brass Rod 3.0MM X 1,Welding,KGS,6,83.00
ABR-PAP-SWA-0060,Swallow Abrasive Sand Paper 60,Abrasives & Cutting,SHT,127,2.80
BAT-ENE-REC-2AAA,En Rec Batt 2AAA Univ,Electrical,PACK,2,47.50
BNW-BOL-HTM-M06-20MM,H/t Bolt - M 06 X 20MM,Fasteners & Fixings,PCS,440,0.30
BRA-EPO-FOL-300MM,Epoxy Folding L Bracket - 300/12,Chemicals & Adhesives,PCS,9,16.80
CUT-KNI-CK-25,Mr Bison Cutting Knife 25MM,Abrasives & Cutting,PCS,23,14.20
ELE-PVC-BOX-TC8X10,Tc 8X10 PVC Enclosure Box,Electrical,EA,4,23.90
FLO-MOC-VZ3329WHT,Viz White (VZ3329WHT),Flooring,PCS,1,3.00
GAR-HOE-CANG-KUL,Cangkul With Metal Handle,Doors & Hardware,PCS,8,16.90
GRA-SS-1066GW,6 X 6 Isano S/steel Grating W/washing Machine Outlet,Outdoor & Garden,SET,8,16.80
GUN-AAT555,Arrow Mini Powder Actuated Tool Set (rivet Gun),Fasteners & Fixings,PCS,23,65.00
GUN-WUF-D09EC,Wufu Air Engine Cleaning Gun (DO-9-EC),Fasteners & Fixings,PCS,2,55.50
HHD-FLU-M0676/L100W-40MM,Techplas Liftup Outlet Valve White,Plumbing,PCS,5,22.80
HHD-VAL-PVC-12MM,Goldolphin PVC Float Valve 1/2 X 10,Fishing & Tackle,PCS,6,5.50
HOR-LIO-24VDC,Lion Horn 24VDC,Other,PCS,2,23.58
HOS-GAR-REEL-TSU,Tsunami 2 IN 1 Compact Garden Hose Reel 15M,Fishing & Tackle,SET,3,155.00
IND-WHE-BEA-5009,Cn Wheel Barrow Puller Bearing,Building Materials,PCS,7,5.60
"LEO-S/S-LOC-BAR-BOL-LRBB150 6""",Leon S/s L/r Lockable Barrel 6,Fasteners & Fixings,PCS,11,9.30
MDD-CON-MALE-RED,Male Disconnects - Red (1.5MM) (20PCS/PCK),Electrical,PCK,3,9.90
NAIL-TUFTING-TN-8225-PCK,U Clip Tufting Nail 25MM X 8.5MM (10PCS/PCK),Fasteners & Fixings,PCK,2,8.80
NUM-60MM-1,Acp Numbering 60MM - 1,Signage & Numbering,PCS,7,8.00
PAI-SPR-PMT-015,Paint Master Spray Paint - No. 15 Sky Blue (CAN),Paint & Sundries,CAN,2,6.50
"PLA-BAG-BIO-BLA-30""X39""-M",Cleanguard 30 X 39 Oxo Bio-degradale Garbage Bag Blk,Packaging,ROLL,39,9.50
PYE-JNT-COM-SUR-1.5KG,PYE Joint Compound Surface 1.5KG,Building Materials,TIN,5,12.90
RIG-HOO-ALL-3.0TON,Alloy Hook 3.0TON,Lifting & Rigging,PCS,2,19.90
ROP-NYL-1.5MM,1.5MM Nylon String,"Rope, Chain & Netting",COIL,6,8.80
SAF-SHO-SAL-41#,Tron Safety Shoe 41/7,Safety & Workwear,PAIR,4,129.00
SAF-SHO-SAL-42#,Tron Safety Shoe 42/8,Safety & Workwear,PAIR,4,129.00
SAF-SHO-SAL-43#,Tron Safety Shoe 43/9,Safety & Workwear,PAIR,4,129.00
SAF-SHO-SAL-44#,Tron Safety Shoe 44/10,Safety & Workwear,PAIR,4,129.00
SHH-HOOK-4310N-NO.14,No. 14 Exori Super Strong Hook (20'S),Fishing & Tackle,PKT,10,3.50
SHH-HOOK-4310N-NO.2/0,No. 2/0 Exori Super Strong Hook (10'S),Fishing & Tackle,PKT,10,3.50
SHH-HOOK-4310N-NO.6,No. 6 Exori Super Strong Hook (20'S),Fishing & Tackle,PKT,10,3.50
TAP-CAB-CB5105A,Cabana Hose Bib Tap CB5105A,Plumbing,UNIT,2,60.00
TIE-CAB-WHI-150MM,"White PVC Cable Ties 150MM (6"")",Electrical,PCK,36,4.90
TOI-TRAP-AC532P,P-trap AC532P,Plumbing,NOS,3,39.00
TOO-COM-IRO-BUL-30MM,30MM Iron Bull Spanner,Hand Tools,PCS,2,33.90
TOO-DRV-MAG-M1065,Spandek Screw Adaptor M10X65MM,Fasteners & Fixings,PCS,19,5.90
TOO-DRV-USA-06100,Usa 2 Way Sc Driver,Power Tools,PCS,2,6.50
TOO-WRE-KEY-10PCSMM,Hex Key Wrench,Hand Tools,SET,6,5.70
TOO-WRE-PLU-T012,12MM T-plug Wrench,Hand Tools,PCS,6,9.20
X-FLO-MOC-8TW728,Glass Mosaic - Blue,Building Materials,PCS,1,32.00
X-FLO-MOC-AHCA150105,Glass Mosaic 30 X 30CM AHCA150105,Building Materials,PCS,1,39.00
ABR-PAP-SWA-0080,Swallow Abrasive Sand Paper 80,Abrasives & Cutting,SHT,139,2.50
BURR-CAR-T.C.T-FX1020,Blimax Carbide BURR-FX1020,Other,PCS,1,39.90
"CLI-HOS-GP-2.1/2""",Gp S/steel Hose CLIP-2.1/2 (40-63MM),Outdoor & Garden,PCS,6,2.20
DOR-DEA-BOL-SGD-D264SS,SS St. Guchi One Sided Thumbturn Deadbolt Lock,Locks & Security,PCS,1,42.90
DOR-HIN-BLK-100MM,Iron Hinges Black 4 (PAIR),Home Appliances,PAIR,13,3.10
ENR-2IN1-LIGHT-2AA,Enr 2-IN-1_LIGHT (1X6),Other,PCK,1,29.80
"FIT-HDPE-BEN-MAL-25MMX1/2""",HDPE Bend Male 25MM X 1/2,Plumbing,PCS,54,2.60
"FIT-YG232-ELB-3/8""-BRA",Brass Equal Elbow 3/8,Plumbing,PCS,17,5.20
GRA-SOR-SRT6642-BL,Anti Odour Floor Trap,Plumbing,PCS,1,129.00
IND-CEM-3KG-WHI,3KG Scincrete Tile Filla-white 301,Paint & Sundries,PKT,10,12.90
"IND-SCP-PVC-00627J-2""",2 Extreme Polished Scraper-pvc Handle,Doors & Hardware,PCS,37,3.80
KOYA-REM-CEM-1000ML,1000ML Cement & Stain Remover,Chemicals & Adhesives,TIN,9,15.50
NAI-FEL-SUP-38MM,E. G Felt Nail 38MM 1 KGS,Fasteners & Fixings,KG,15,9.20
PAI-TIG-75ML-BLACK,75ML Tiger G. P 9103 Black,Paint & Sundries,TIN,17,8.50
"PIP-PVC-1/2""","1/2""(22MM) Bs X 6M PVC Pipe (LTH)",Plumbing,LTH,100,13.40
"PLA-BAG-BIO-BLA-35""X47""-L",Cleanguard 35 X 47 Oxo Bio-degradeble Garbage Bag Blk,Packaging,ROLL,30,12.20
RIG-TUR-12MM,Galvanised Turnbuckle 12MM,Lifting & Rigging,PCS,11,4.80
SAF-TRI-PVC,Picasaf Big Triangle Rflctve Stand&plastic Case,Safety & Workwear,PCS,19,20.90
SHH-HOOK-10829BL-NO.14,Eupro Fishing Hook No. 14 (12PC),Fishing & Tackle,PKT,8,3.90
SHH-HOOK-10829BL-NO.20,Eupro Fishing Hook No. 20 (6PC),Fishing & Tackle,PKT,8,3.90
SHH-SPE-FIS-FS504,Fish Spears (4 PRONGS)/8106/FS8102,Fishing & Tackle,PCS,3,10.90
SIN-BAS-DL51-1/4,DL5 1 1/4 Overflow Pop Out Waste With Strainer (brass),Plumbing,PCS,3,39.80
TOO-DRV-2WAY-38MMX6MM,Blimax 2WAY Screw 1/2,Fasteners & Fixings,PCS,17,5.50
TOO-ELE-GUN-GLU-60W,60W Glue Gun,Chemicals & Adhesives,SET,1,23.90
TOO-FIL-SLIM-100MM-BTSF4,4 Bossman Slim Taper Files,Power Tools,PCS,24,5.50
TOO-PLI-CIR-STA-SI175,7 Circlip Pliers- Straight Int,Power Tools,PCS,3,52.00
"WOO-TIM-1""X2""X12'",Mlh Sawn Timber 1 X 2 X 12,Building Materials,PCS,28,10.60
BIB-G501B,Bib Tap Truflo,Plumbing,PCS,15,5.90
"BUS-NYL-W/BOL-3 1/2""",Nylon Bush With Bolt 1 1/4 X 3 1/2,Fasteners & Fixings,PCS,11,11.90
CAR-TYRE-SHI-BLU-500ML,Aa Car Care Tyre Shine (blue) 500ML,Automotive,BTL,3,19.90
CHI-15104-50,Hex Shank Spade Chisel,Power Tool Accessories,PCS,7,13.20
"CUT-DIS-AKODA-4""-D1",Akoda 4 Diamond Blade Turbo D1,Abrasives & Cutting,PCS,11,29.90
DOR-HIN-BLA-75MM,Iron Hinges Black 3 (DOZ),Home Appliances,DOZ,2,20.90
DOR-HOL-818,Leon S/steel Magnetic Door HOLDER-818,Doors & Hardware,PCS,1,10.90
DOR-LOC-CYL-02076,Br 5871 AC Cylindrical Door Lock,Doors & Hardware,SET,5,28.90
DOR-LOC-CYL-SMR-3300,Smr 3300 Cylindrical Lock (v/p),Locks & Security,SET,13,26.90
"DOR-ROL-GAT-2.5""",Galv. U Folding Gate Bearing 2.5,Doors & Hardware,PCS,3,45.90
"DRI-AUG-BIT-NO.3/8""",3/8 No. 1 Star-m Auger Bit (b),Power Tool Accessories,PCS,3,31.90
DZ-GEN-BST-280,Star Bull Point,Other,PCS,2,16.90
FAS-PLU-PVC-GREY-SW260,Grey PVC Wall Plug,Fasteners & Fixings,PCK,94,1.30
FIT-HDPE-TEE-32MM,HDPE Tee Equal 32MM,Plumbing,PCS,19,7.50
GUM-SEL-KNE-UND-50G,Selleys Knead It Underwater 50G,Chemicals & Adhesives,PCS,7,19.50
HOS-FLE-SW-PVCH-30,30 PVC Flexible Hose With PVC Holder,Outdoor & Garden,PCS,9,15.20
HOS-FLE-SW-PVCH-48,48 PVC Flexible Hose With PVC Holder,Outdoor & Garden,PCS,8,21.50
IND-PLU-BOB-500G-PCK,500G Plumb Bobs (pack),Building Materials,PCS,4,12.90
LAD-H/D-STRO-DS03,H/d Double Side Ladder 3 Step,Ladders & Access,UNIT,2,259.00
PAI-BRU-NYL-325-10#,10 Nylon Hair Color Brush,Paint & Sundries,PCS,58,2.40
"PAI-ROL-REF-4010-4""",4 4010 Adamark Paint Roller Refill,Paint & Sundries,PCS,131,1.20
PAI-SPR-KIMLAC-9615,Kimlac Brand Spray Paint 9615,Paint & Sundries,TIN,7,22.90
PAI-TIG-250ML-BLUE,250ML Tiger G. Finish Blue 6631,Paint & Sundries,PCS,11,10.90
PUM-OIL-PVC-44GAL,44 Gallon Korea PVC Oil Pump,Pumps & Water,PCS,3,40.90
PYE-FIL-WOO-TEAK-0.5KG,PYE Fillawood (teak) 0.5KG,Building Materials,TIN,36,9.90
SCP-FIL-WOO-NAT-500G,500G Skim Wood Filla (natural),Paint & Sundries,CAN,2,8.50
SHH-BLA-NET-NO.9,"Black Net No. 9 (3 1/2"") (9.0CM)",Fishing & Tackle,PCS,2,18.70
SHH-FISH-NET-0.15D-55MM-30MD/6A,55MM (25YDS) Net,Fishing & Tackle,PCS,2,16.80
SHH-ROD-TKEB3812S,"Torikumu Ebi Light (3'8"") Prawn Rod",Fishing & Tackle,PCS,1,36.50
SHH-SWIVEL-NO.10,Nickel Swivel No. 10,Fishing & Tackle,PKT,12,2.70
SHH-SWIVEL-NO.12,Nickel Swivel No. 12,Fishing & Tackle,PKT,12,2.60
TOO-COM-IRO-BUL-17MM,17MM Iron Bull Spanner,Hand Tools,PCS,6,9.20
TOO-COM-IRO-BUL-20MM,20MM Iron Bull Spanner,Hand Tools,PCS,7,11.90
TOO-PLI-RIV-ST69799,St Hand Riveter 9.5,Power Tools,PCS,8,18.20
"AIR-TG-9-GAU-12""",TG-9 Worker Tire Pressure Gauge 12,Automotive,PCS,1,35.50
BNW-B&N-RBN-105,Sr G. I Boit & Nut 3/16 X 5/8 (7PCS/PCK),Fasteners & Fixings,PCK,15,1.60
BOX-FISH-POLY-L,Polyfoam Fish Box (l),Fishing & Tackle,PCS,8,49.50
COC-BAS-CVL-6065,Cavallo 6065 Basin Tap,Bathroom,PCS,1,30.90
CUT-BLA-WOO-KNI10540T,"Knight Circular Saw Blade - Wood 4""X40T",Power Tool Accessories,PCS,5,17.50
DOR-BELL-CIMA-DC-6417-WHI,Cielo 6417 Door Bell - White,Doors & Hardware,SET,3,59.90
DOR-STO-S/S-2213-W/HOOK,2213 S/s Door Stopper W/hook,Doors & Hardware,PCS,8,12.50
DRI-AUG-2WAY-08MM,T&t 2WAY Auger BIT-5/16,Power Tool Accessories,PCS,12,7.90
DRI-BIT-SV003,2 (+-) Sensui Power Bit X65MM,Power Tool Accessories,PCS,32,2.90
ELE-GRW-40A1PMCB,Grow 40A 1P Mcb,Electrical,EA,16,7.90
ELE-SOC-TES-300MA-BLU,PVC Link 13A Elcb & Socket Tester,Electrical,PCS,2,53.00
"FAS-SCR-TAP-CSK-8#1/2""-BOX",8 X1/2 Tapping Screw-flat Head (1000PCS/BOX),Fasteners & Fixings,BOX,2,42.90
"FIT-YG228R-NIP-REC-1""X3/4""-BRA","Brass Reduced Nipple 1""X3/4",Plumbing,PCS,9,8.90
GUM-SEL-3ML,Selleys Supa Glue 3ML,Chemicals & Adhesives,PCS,25,4.80
HOS-GAR-SET-IHG-02,Isano Water Hose Reel 12MM X 10M,Fishing & Tackle,SET,2,229.00
JAC-FLO-CNN-3 TON,China Floor Jack - 3 Ton,Lifting & Rigging,SET,1,428.00
LAD-H/D-STRO-SS09,S/sided H/d Ladder 9 Step,Ladders & Access,UNIT,1,498.00
NAI-AIR-LEO-T38,Leo Air Nail - T38,Fasteners & Fixings,BOX,4,24.50
NUM-60MM-A,Acp Alphabet 60MM - A,Signage & Numbering,PCS,7,8.00
PAI-BRU-086-25MM,086 Cs Nylon Paint Brush 1,Paint & Sundries,DOZ,10,15.40
SHH-SPE-FIS-FS503,Fish Spears (3 PRONGS)/8106/FS8102/FS8107,Fishing & Tackle,PCS,3,10.50
SIN-WAS-SSS-HX110,SS Sink Waste W/basket 3,Plumbing,PCS,7,13.90
STO-MOU-W194-16X13,Mounted Stone:k-prix Korea W194 (16X13),Abrasives & Cutting,PCS,5,5.60
SWI-SOC-MK-4G1W-S8874,Mk 10AX 4G1W Switch -slimline Plus,Electrical,PCS,3,32.90
SWI-T/SOC-FLE-914-3M4G,Fle T/skt Sp ** TC-4GL-340B 914-3M,Electrical,SET,4,23.90
TAP-SKC-M22X2.50,Skc Hand Tap M22 X 2.50,Plumbing,SET,1,99.90
TOO-BAG-BHB506-A,Sensui Multi Tools Bag (blue),Power Tools,PCS,6,25.50
TOO-VIC-MI-150MM,Heavy Duty Bench Vice 150MM (mikasa/jp),Hand Tools,PCS,1,459.00
VAL-ANG-CA1002QH,CA1002QH Angle Valve,Plumbing,PCS,5,18.50
X-FLO-MOC-RALM123,Glass Mosaic 30 X 30CM RALM123,Building Materials,PCS,1,30.20
X-FLO-MOC-RCM134,Glass Mosaic 30 X 30CM RCM134,Building Materials,PCS,1,30.20
X-FLO-MOC-RCM139,Glass Mosaic 30 X 30CM RCM139,Building Materials,PCS,1,30.20
BOX-FISH-POLY-PICNIC,Polyfoam Fish Box (picnic) A,Fishing & Tackle,PCS,19,19.90
CAR-WAX-WC,WC Winscreen Cleaner,Chemicals & Adhesives,PCS,6,18.90
DRI-BIT-SV005,2 (+-) Sensui Power Bit X110MM,Power Tool Accessories,PCS,17,5.20
ELE-NIG-LIG-262,ML MX-667(262) 3 Pin Sensor Night Light,Electrical,PCS,12,6.50
"ELE-PVC-CAS-2""X1""",Kancil 2 X 1 X 6FT PVC Casing,Electrical,LGTH,7,9.50
ELE-TEE-BAR-FATO-40A,Copper Tee BAR Single Phase C (1.2X5MM),Plumbing,LTH,5,16.90
FAS-SCR-COA-M6030,Sr Coach Screw M6 X 30MM,Fasteners & Fixings,PCS,390,0.30
"FAS-SCR-TAP-CSK-10#2""",10 X2 Csk Self Tapping Screw-flat Head (10PCS/PCK),Fasteners & Fixings,PCK,46,2.50
FAS-SCR-ZPH-DSMHO520,Sr Zph Self Drilling Screw (20PCS/PCK) DSM-HO520,Fasteners & Fixings,PCK,48,2.40
"FIT-HDPE-ADA-MAL-25MMX1/2""",HDPE Adaptor Male 25MM X 1/2,Plumbing,PCS,67,1.80
FIT-UPVC-FLO-110MMX80MM,U-pvc Floor Gully Trap 4 X 3,Plumbing,PCS,4,22.90
"FRA-STU-GI-8'X2""X1""",8 X 2 X 1 X 0.32MM GI Stud Frame,Building Materials,PCS,46,5.40
GAR-SPR-PRE-L20,2 Liter Pressure Sprayer,Outdoor & Garden,PCS,9,14.50
HOS-FLE-SW-PVCH-12,12 PVC Flexible Hose With PVC Holder,Outdoor & Garden,PCS,14,9.50
HOS-NOZ-RKEY-252#,Niko Brass Hose Nozzle - 252,Outdoor & Garden,PCS,10,11.90
IND-SCO-WOO-501,501 Wooden Handle Shovel Head (DOZ),Doors & Hardware,DOZ,1,149.00
IND-SCO-WOO-503,503 Wooden Handle Shovel Head,Doors & Hardware,DOZ,1,149.00
LOC-WAT-CS-508,Corsa Meter Lock,Locks & Security,PCS,3,11.90
"NAI-LOS-HEA-1""-200G",1 Lost HD Nails 200G,Fasteners & Fixings,PCK,62,3.40
NUM-80MM-F,Acp Alphabet 80MM - F,Signage & Numbering,PCS,5,12.60
PUT-CAR-T9,2.5L T9 Putty Grey,Paint & Sundries,TIN,2,59.80
SHH-HOOK-4310N-NO.10,No. 10 Exori Super Strong Hook (20'S),Fishing & Tackle,PKT,9,3.50
SHH-HOOK-4310N-NO.12,No. 12 Exori Super Strong Hook (20'S),Fishing & Tackle,PKT,9,3.50
SHH-PLA-NET-NEEDLE-NO.4,Plastic Net Needle No. 4 (white),Fishing & Tackle,PCS,5,1.20
SWI-ADA-TRA-13A,Eurosafe 13A Travel Adaptor,Electrical,PCS,31,3.40
TAP-SKC-M22X2.00,Skc Hand Tap M22 X 2.00,Plumbing,SET,1,95.70
TAP-VAL-ANGL063,Leon Brass Angle,Plumbing,PCS,5,15.90
TOO-COM-GD33,Gd Combination Wrench 33MM,Hand Tools,PCS,2,30.80
VAL-BAL-CNN-25MM,Steel Ball Valve - Cnn 25 MM,Plumbing,PCS,9,18.50
WOO-SIN-08',Mrtx List 8 (s),Building Materials,PCS,108,2.00
"AER-S/S-DIA-3""-1WAY",Aerico S/s Diawater (one Way) 3,Other,PCS,11,37.00
ALUM-ROU-25MM,1 Alum. Round Tube X 6M (PCS),Building Materials,PCS,8,52.90
BNW-BOL-HTM-M06-30MM,H/t Bolt - M 06 X 30MM,Fasteners & Fixings,PCS,379,0.30
BRO-HAN-200MM,4 X 7/8 Broom Handle,Doors & Hardware,PCS,47,3.20
CLI-HOS-ORB-1X,Orbit Hose Clip No : 1X,Outdoor & Garden,PCS,64,2.20
"CUT-DIS-AKODA-4""-A4",Akoda 4 Diamond Blade Turbo A4,Abrasives & Cutting,PCS,9,35.50
"DOR-HOO-CLO-LEO-3""",Leon S/steel Cloth HOOK-3,Doors & Hardware,PCS,2,4.20
DOR-INS-MII-6172#,Mii Tct H/duty Hole Saw - 6172,Power Tool Accessories,PCS,2,54.90
DOR-LOC-CYL-SMR-3600,Smr 3600V Cylindrical Lock (v/p),Locks & Security,SET,12,26.90
"FAS-SCR-DRY-BLA-6#1-1/4""",Hunter/bk - Drywall Screw 6 (20PCS/PCK) X1-1/4,Fasteners & Fixings,PCK,28,1.50
"FIT-HDPE-BEN-FEM-20MMX1/2""",HDPE Bend Female 20MM X 1/2,Plumbing,PCS,62,2.40
"FIT-SS232-ELB-1/2""-SUS304",SS Equal Elbow 1/2,Plumbing,PCS,16,4.90
FIT-UPVC-BEN-ELB-45-50MM,U-pvc Bend (elbow) 50MM 2 45-DEG,Plumbing,PCS,35,2.90
GUM-SEL-KNE-STE-50G,Selleys Knead It Steel 50G,Chemicals & Adhesives,PCS,7,16.90
IND-FIL-BLA-3KG,Strecth Film Black Film 3040,Building Materials,ROLL,7,55.00
IND-NET-ALUM-FTS,Aluminium Netting 4 X 70,"Rope, Chain & Netting",ROLL,3,139.00
IND-PAI-BLA-70L,Big Black Pail With Cover 70L,Housewares,PCS,7,58.80
KGR-SOL-0.5LIT,500ML 508 High Solid Pva Glue,Chemicals & Adhesives,TIN,8,19.50
LOC-SAN-SHA-PB26550MM,Sanlock Pb Pad 50MM Long Shackle,Lifting & Rigging,PCS,2,15.50
RAI-ALU-18MM20',Sr Curtain Rail 3/4 X 20,Curtains & Blinds,LGTH,12,29.50
SCA-CAM-SP50KG-3100003,Camry- Spring Scale Sp / 50KG,Housewares,PCS,2,219.00
SHH-HOO-1920SS4,No. 4 Eupro Fishing Hook (8'S),Fishing & Tackle,PKT,4,7.20
STO-MOU-W196-16X25,Mounted Stone:k-prix Korea W196 (16X25),Abrasives & Cutting,PCS,4,6.80
TRA-SOC-GTE-3G-28060023,Green 3G Trailing Socket,Electrical,PCS,4,21.50
X-DOR-LOC-CYL-2088AC,Br 5862 AC Cylindrical Door Lock,Doors & Hardware,SET,5,29.50
AER-HOT-WAT-TAP,Aerico Hot Water Tap,Other,PCS,22,14.50
BNW-B&N-RBN-106,Sr G. I Boit & Nut 3/16 X 3/4 (8PCS/PCK),Fasteners & Fixings,PCK,11,1.80
BOX-POS-JN1015-1,Brass Letter Box (flower),Doors & Hardware,PCS,1,149.00
ELE-KNI-BS-303181-STRAIGT,Bosi (BS-303181) Electrician's Knife (straigt),Electrical,PCS,5,18.80
"FAS-SCR-3""-DSM-HRW 675","Metal Spandex Screw 3""- Dsm-hrw 675(50PCS/PCK)",Fasteners & Fixings,PCK,5,15.90
"FAS-SCR-F/H-2"" X 8#",Sr F/h Self Drilling Screw 2 X 8 (20PCS/PCK),Fasteners & Fixings,PKT,4,3.90
FIT-HDPE-BEN-ELB-32MM,HDPE Bend (elbow) 32MM,Plumbing,PCS,26,4.70
"FIT-HDPE-TEE-FEM-20MMX1/2""",HDPE Tee Female 20MM X 1/2,Plumbing,PCS,37,3.00
GAR-SHE-701,Tiger Pruning Shears Straight 701,Outdoor & Garden,PCS,12,9.30
HOS-FLE-SW-PVCH-10,10 PVC Flexible Hose With PVC Holder,Outdoor & Garden,PCS,14,9.20
HOS-NOZ-BRASS-EX3030,Ex 3030 Straight Brass Hose Nozzle,Outdoor & Garden,PCS,6,20.90
"NAI-CON-GAL-2.1/2""-PCK",2-1/2 Galvanised Steel Nail- (20PCS/PCK),Fasteners & Fixings,PCK,47,2.40
"PAI-ROL-REF-ALI-7""-W/Y",Alipaint Y/w Roller Refill 7,Paint & Sundries,PCS,30,3.70
SHH-LINE-WHI-NO.25,(bs)long White M. L No. 25,Fishing & Tackle,PCS,10,3.40
SIN-TAP-PIL-QXY-DP-PT-7558,QXY-DP-PT-7558-1L: Double Pipe Pillar Sink Tap -single Flexible,Plumbing,PCS,1,125.00
SWI-KAT-BRE-KT316,Katko Load Break Isolating Switch KT316,Electrical,PCS,3,20.75
SWI-POL-1WAY-1GANG,Pol 1GANG 1WAY Switch Socket,Electrical,PCS,16,4.70
SWI-SOC-MK-5G1W-S8875,Mk 10AX 5G1W Switch -slimline Plus,Electrical,PCS,3,29.30
"WOO-TIM-2""X4""X12'",Mlh Sawn Timber 2 X 4 X 12,Building Materials,PCS,8,43.90
AER-6UT66,Aerico 6UT66,Other,PCS,3,9.20
AIR-DUS-PVC-LX02,AD02 PVC Air Duster,Automotive,PCS,3,8.80
BRO-CEI-SB THS-DM,Ceiling Broom,Housewares,PCS,20,16.50
CAN-JER-40025,25L Jerrycan,Housewares,PCS,1,54.90
CAR-WAS-SHI-500ML,Aa Car Care Wash&shine (premium) 500ML,Automotive,PCS,5,8.80
CHA-SAW-KEY,Prescott Spindle Key,Outdoor & Garden,PCS,14,7.90
CUT-TIL-JTC-450MM,Rockey Tile Cutter Machine 518 450MM,Flooring,SET,2,192.00
CUT-TILE-AR650,650MM Aracut Tile Cutting Machine,Flooring,SET,1,375.00
"DOR-HIN-SSS-5""",5 X 2.5MM Big House S/s Hinges,Doors & Hardware,SET,6,18.50
"DRI-AUG-BIT-NO.1""",1 No. 1 Star-m Auger Bit (b),Power Tool Accessories,PCS,2,53.90
DRI-BIT-116I,22MM Hitmax Diamond Core Bit,Power Tool Accessories,PCS,9,15.90
FAS-SCR-DS650HW-MET-PCK,12 X 2 Self Drilling Screw (50PCS/PCK),Fasteners & Fixings,PCK,6,15.50
FIT-HDPE-TEE-32MMX25MM,HDPE Tee Reducing 32 X 25MM,Plumbing,PCS,16,7.20
"FIT-SS232-ELB-3/4""-SUS304",SS Equal Elbow 3/4,Plumbing,PCS,10,7.50
FIT-UPVC-BEN-ELB-45-82MM,U-pvc Bend (elbow) 82MM 3 45-DEG,Plumbing,PCS,9,7.50
GAR-PRU-25MM-BTP-25,Bossman Tree Pruner Without Saw 25MM,Outdoor & Garden,PCS,2,65.00
GLU-STI-BIG-TWN,Glue Stick-big/twn,Chemicals & Adhesives,PCS,92,1.30
GUM-HAR-HE4251,Valve Griding Paste: Hardex HE4251(F),Plumbing,PCS,6,10.80
GUM-HAR-HE4252,Valve Griding Paste: Hardex HE4252(C),Plumbing,PCS,6,10.90
"NAI-LOS-HEA-1""-500G",1 Lost HD Nails 500G,Fasteners & Fixings,PCK,20,6.20
PLA-BAG-40X48X1KG,40 X 48 X 0.06 X 1KG PE (black),Packaging,PKT,29,8.90
SHH-FIG-BRA-LIN-4X-10LB,Shuttle 4X Braided Line 100M (10LB) (dark Green),Fishing & Tackle,PCS,2,17.50
SHH-FIG-BRA-LIN-4X-30LB,Shuttle 4X Braided Line 100M (30LB) (dark Green),Fishing & Tackle,PCS,2,17.50
SHH-FIG-BRA-LIN-4X-50LB,Shuttle 4X Braided Line 100M (50LB) (dark Green),Fishing & Tackle,PCS,2,17.50
STO-MOU-A38-25X25,Mounted Stone:k-prix Korea A38 (25X25),Abrasives & Cutting,PCS,4,6.20
SWI-T/SOC-FLE-914-5M-4G5M,Fle T/skt Sp ** TC-4GL-540B 914-5M,Electrical,SET,3,28.50
SWI-T/SOC-GONGN-4G3M,Gongniu 4 GANG Trailing Surge Protector (E304T),Electrical,PCS,2,48.80
TOO-CHI-CON-W3151A,Concrete Pointed Chisel (16*250MM),Hand Tools,PCS,2,12.90
VAL-CAB-CB5100,Cabana Angle Valve CB5100,Plumbing,UNIT,2,53.00
VAL-CAB-CB9100,Cabana Angle Valve CB9100,Plumbing,UNIT,2,53.00
BNW-BOL-HTM-M08-35MM,H/t Bolt - M 08 X 35MM,Fasteners & Fixings,PCS,351,0.40
BRA-COR-B300,B300 1/2 Dn 15B Brass Core Parts,Plumbing,PCS,5,15.90
BRA-S/STEEL-60MM,60MM S/steel Flat L Bracket,Plumbing,PCS,81,2.20
CAB-PVC-FLE-CON-25MM-ECO,25MM PVC Flexible Conduit - Black 40M (kancil),Electrical,MTR,92,2.70
"CLI-HOS-GP-3.1/2""",Gp S/steel Hose CLIP-3.1/2 (65-89MM),Outdoor & Garden,PCS,3,2.60
DOR-DEA-BOL-LEO-301SS,Leon Deadbolt,Locks & Security,PCS,1,46.90
DRI-AUG-2WAY-12MM,T&t 2WAY Auger BIT-1/2,Power Tool Accessories,PCS,8,10.50
ELE-CAB-R/BK-PURECO-60M,Pureco 23/014 Red/black Wire,Electrical,ROLL,25,39.50
ELE-PLU-TOP-NNE138,NNE 138 13A P/top SIRIM,Electrical,PCS,109,7.90
FIT-UPVC-BEN-ELB-82MM,U-pvc Bend (elbow) 82MM 3,Plumbing,PCS,120,6.30
"FIT-YG237-SOC-1/4""-BRA",Brass Equal Socket 1/4,Electrical,PCS,21,3.50
FLO-PVC-502-26-25MTR,Ekonor 0.55MM Flooring 25MTR -502-26,Flooring,MTR,2,14.90
GAS-STO-LOC,Lucky Stove Lock On Off,Home Appliances,PCS,12,2.90
"HIN-W/BEA-ASA-5""",Asabie S/steel Hinges With Bearing 5 X 2.5MM,Other,PAIR,21,12.50
IND-CEM-3KG-GRE,3KG Scincrete Tile Filla-dark Green 317,Paint & Sundries,PKT,8,12.90
IND-CEM-3KG-IVO,3KG Scincrete Tile Filla-ivory 303,Paint & Sundries,PKT,8,12.90
IND-NET-ASTINO,Astino PVC Netting Grey,"Rope, Chain & Netting",ROLL,3,129.00
MEA-WHE-SES06,6 Sensui Measuring Wheel,Hand Tools,SET,3,139.90
"PAI-BRU-680-4""",Arrow Nylon Brush 680 - 4,Paint & Sundries,PCS,36,4.50
ROP-NYL-2.5MM,2.5MM Nylon String,"Rope, Chain & Netting",COIL,4,11.90
SAF-SHO-SANO-43#,Sano Safety Shoe 43/9,Safety & Workwear,PAIR,3,138.00
SHH-HOOK-4310N-NO.2,No. 2 Exori Super Strong Hook (20'S),Fishing & Tackle,PKT,8,3.50
SHH-REEL-FS3000,Sealand Fighter Reel W/line,Fishing & Tackle,PCS,1,30.90
SOC-PG9-GEW,PG9 Gewiss GW52002,Other,PCS,8,3.00
SWI-POL-1WAY-2GANG,Pol 1GANG 2WAY Switch Socket,Electrical,PCS,10,6.90
TAP-CAB-CB1530S-BL,Cabana S/steel 304 Pillar Mounted Kitchen Tap,Plumbing,PCS,1,98.00
TAP-SKC-M20X1.50,Skc Hand Tap M20 X 1.50,Plumbing,SET,1,87.80
TAP-SKC-M20X2.00,Skc Hand Tap M20 X 2.00,Plumbing,SET,1,85.70
TOO-ELE-GUN-MGG01-60W,60W Hot Glue Gun,Chemicals & Adhesives,PCS,4,34.50
TOO-HAN-RATSHE12MM,1/2 Ratchet Handle,Doors & Hardware,PCS,10,10.90
WAL-PLU-H/DUTY-630C,10MM X 50MM H/duty PVC Wall Plug,Fasteners & Fixings,PCK,9,14.80
WOR-MARK-X-BAT,Worker/mark-x Battery Pack Only (cordless Drill),Power Tools,PCS,2,58.00
"ACE-NUTS-5/16""X38MM","Ace Brand Bsw Hexagon Long Nuts LN-5/16""X38MM",Fasteners & Fixings,PCS,72,1.10
"AER-S/S-DIA-3""-2WAY",Aerico S/s Diawater (two Way) 3,Other,PCS,10,36.50
CAB-LUG-10-8,Cable Lug 10-8 (10PCS/PCK),Electrical,PCK,13,6.50
CAB-LUG-300AMP,Cable Lug (white) 300AMP 2PCS/PCK,Electrical,PCK,15,5.90
ELE-SOL-TIN1MM17G,Soldering Tin 1.0MM 17G,Electrical,PCS,10,6.60
FIR-LIG-CRI,Cricket Lighter 50'S,Safety & Workwear,BOX,5,74.90
"FIT-HDPE-ADA-FEM-20MMX3/4""",HDPE Adaptor Female 20MMX3/4,Plumbing,PCS,37,1.70
GAR-HOE-WED-SQU,Square Hoe Wedges,Outdoor & Garden,PCS,40,2.90
GRA-CAB-CB6633,Cabana Floor Trap (6X6),Plumbing,UNIT,3,35.00
HOI-LEV-TOH-1.5,Toyo Lever Hoist 1.5 Ton,Lifting & Rigging,PCS,1,359.00
"IND-CAS-PVC-RIG-5""",Medium Duty Red PVC Rigid Wheel 5,Building Materials,PCS,8,45.50
IND-CAS-TPR-R-50S,5 Tpr Swivel Wheel,Fishing & Tackle,PCS,12,28.50
IND-NET-FIB-G4FTS,4 Nylon Netting,"Rope, Chain & Netting",ROLL,5,74.90
IND-PLU-BOB-600G-PCK,600G Plumb Bobs (pack),Building Materials,PCS,3,14.80
"IND-SCP-PVC-00627M-4""",4 Extreme Polished Scraper-pvc Handle,Doors & Hardware,PCS,22,5.20
KGR-KIM-300ML-9214,300ML Kangaroo Kimtone 9214,Paint & Sundries,TIN,7,17.80
LOC-APL-99-50MM,Armor Anti-cut Padlock APL-99-50MM,Locks & Security,PCS,1,33.90
LOC-OLP-LTS60,60MM Olpha Brass Hammer Type Pad Loc,Hand Tools,PCS,1,46.90
NUM-60MM-3,Acp Numbering 60MM - 3,Signage & Numbering,PCS,6,8.00
PAI-SPR-KIMLAC-9613,Kimlac Brand Spray Paint 9613,Paint & Sundries,TIN,6,22.90
RIG-HOO-SLI-09MM,Clevis Slip Hook 09MM,Lifting & Rigging,PCS,3,13.90
SHH-FROG-HLK30,Fishing Tackle Lures,Fishing & Tackle,PCS,5,5.10
SHH-HOO-MS4310-NO.1/0,No. 1/0 Eupro Fishing Hook (9'S),Fishing & Tackle,PCK,3,8.30
SHH-HOOK-12146BN-1,No. 1 Hytac Hook 14'S,Fishing & Tackle,PKT,8,3.20
SHH-HOOK-12146BN-1/0,No. 1/0 Hytac Hook 18'S,Fishing & Tackle,PKT,9,3.20
SHH-HOOK-4310N-NO.3/0,No. 3/0 Exori Super Strong Hook (10'S),Fishing & Tackle,PKT,8,3.50
SHH-HOOK-9290BN16,Sode Hook No. 16(10'S),Fishing & Tackle,PKT,6,4.50
SHH-SPOOL-107,Fishing Spool HP-107,Fishing & Tackle,PCS,6,4.20
SWI-T/BOX-940AF,Extension Box 9 Meter,Electrical,SET,2,38.90
TAP-NOZ-C888,"C888 Tap Nozzle 1/2""X1/2",Power Tool Accessories,CARD,1,99.90
TOO-DRV-MAG-M865,Spandek Screw Adaptor M8X65MM,Fasteners & Fixings,PCS,25,3.50
TOO-PLI-CRI-STA-225,9 Crimping Pliers,Power Tools,PCS,4,29.90
TOO-WRE-3WAY-141719,3 Way Spanner 14X17X19,Hand Tools,PCS,2,13.50
BNW-BOL-SS304-M8-25MM,SS 304 Bolt - M8 X 25MM,Fasteners & Fixings,PCS,138,1.20
CLI-ELE-CAB-SPR-U18-20MMTC,Tc 20MM PVC Spring/u Clip (PCK),Electrical,PCK,10,16.50
COC-STO-RA2T-G511B,Stopvalve RA2T Truflo,Plumbing,PCS,7,9.80
"DOR-FLU-SGD-36610""",10 SS St. Guchi Flush Bolt,Fasteners & Fixings,PCS,3,29.90
"DOR-H&S-LEO-2""",Leon S/steel Hasp & STAPLE-2,Fasteners & Fixings,DOZ,2,48.90
DOR-HIN-BRI-050MM,Iron Hinges Bright 2,Home Appliances,DOZ,3,11.10
DUS-PAN-179,Dustpan With Handle,Doors & Hardware,PCS,7,12.90
ELE-CAB-UC 2.5MM,Tonn 2.5MM X 2C Twin Flat Cable,Electrical,MTR,144,6.90
"FIT-YG237-SOC-3/4""-BRA",Brass Equal Socket 3/4,Electrical,PCS,9,7.40
"GAR-CHI-1/2""X3/8""-SBL",Sbl G. I. Loading Spike T-shape Hook 1/2 X 3/8,Outdoor & Garden,PCS,3,34.50
GRA-SSS-06085(4),4 Elise S/steel Floor Grating,Bathroom,PCS,4,7.90
HOS-CON-ADA-PI7-326#,PI7 Hose CONNECTOR-326,Outdoor & Garden,PCS,2,4.50
HOS-GAR-REE-1100001,Ecogreen-iron Hose Reel 1002,Fishing & Tackle,SET,3,109.00
IND-SCP-PVC-ASES,Arrow Silicone Edge Scraper,Chemicals & Adhesives,PCS,18,5.90
MAR-PEN-90-RED,Faster 90 Marker Pen-red,Hand Tools,PCS,22,2.20
"PIP-PVC-E-3/4""",3/4 (26MM) Class E X 6M PVC Pipe (MTR),Plumbing,MTR,238,4.80
RIG-HOO-GRA-09MM,Clevis Grab Hook 09MM,Lifting & Rigging,PCS,4,10.50
SHH-SINKER-HOLE-NO.1,Hole Sinker No. 1 (10PCS/PCK),Fishing & Tackle,PCK,9,2.80
SHH-SINKER-NO.3,Single Head Sinker No. 3 (2PCS/PCK),Fishing & Tackle,PCK,5,5.20
SHH-SWIVEL-SNAP-NO.12,Nickel Snap Swivel No. 12,Fishing & Tackle,PKT,7,3.70
SPO-LUN-CHI-CCP1,Top Plastic 5 Chinese Spoon,Other,PKT,82,2.40
SWI-SOC-ULT-M000MG,Ultra 1 GANG Blank Plate-matte Grey (M000MG),Electrical,PCS,8,9.00
SWI-T/SOC-FLE-913-5M3G,Fle T/skt Sp ** TC-3GL-540B 913-5M,Electrical,SET,3,26.50
SWI-T/SOC-FLE-915-3M5G,Fle T/skt Sp TC-5GL-340B 915-3M,Electrical,SET,3,25.90
TAP-SKC-M20X2.50,Skc Hand Tap M20 X 2.50,Plumbing,SET,1,85.70
TOO-SPA-BEN-BLK-16MM,BAR Bender: (m) Black 5/8,Power Tools,LGHT,2,61.50
TRCK-(0.40MM)-75MM-10FTS,Track (0.40MM)75MM X 25MM X 3000MM -10FTS,Other,PCS,3,6.80
X-SWI-ADA-NEO-3WAY-SMA,Kingsway 13A 3WAY Adaptor Neon 940N SIRIM,Electrical,PCS,7,10.50
"AER-OBE-CER-10""",Aerico 10 Obe Ceramic,Other,PCS,11,30.00
BRA-EPO-FOL-200MM,Epoxy Folding L Bracket - 200/8,Chemicals & Adhesives,PCS,8,13.50
CLI-HOS-ORB-2X,Orbit Hose Clip No : 2X,Outdoor & Garden,PCS,45,2.60
COV-JAC-L/B-L,L/blue Jacket (r) : L,Outdoor & Garden,PCS,2,52.90
COV-JAC-RED-L,Red Jacket (r) : L,Outdoor & Garden,PCS,2,52.90
CUT-KNI-LC-500B,Tajima Utility Knife 500,Hand Tools,PCS,13,22.50
"DOR-FLU-SGD-36612""",12 SS St. Guchi Flush Bolt SGDB-36612,Fasteners & Fixings,PCS,3,27.50
HEA-SPA-FAUCET-L661,L661 Faucet Spare Head,Other,PCS,7,3.70
LAD-ALU-AT-DS07,At 7 Step D/side Aluminium Ladder,Ladders & Access,UNIT,2,249.00
MAR-PEN-90-BLUE,Faster 90 Marker Pen-blue,Hand Tools,PCS,27,2.20
NAI-SQU-SUP-075MM-1KG,E. G Square Boat Nail 75MM - 1KGS,Fasteners & Fixings,PKG,5,9.30
O-RING-22-26,O-ring 22-26,Other,PCS,111,2.50
REC--SQL-1200V,Rectifier 1200V,Other,PCS,15,28.30
SAF-SHO-LAU-42#,Laufen Safety Shoe 42/8,Safety & Workwear,PAIR,3,115.00
SHH-BOX-ETB120,120 Exori Tackle Box (11.5CM X 7.5CM X3CM),Fishing & Tackle,PCS,5,4.90
SPR-GRE-SW-99,400ML Starwill Spray Grease -SW-99,Fasteners & Fixings,CAN,4,17.90
SWI-CON-PVC-10A,Sjp 10A PVC Connector,Electrical,LTH,47,2.50
SWI-T/SOC-EUR-8744-4G,Dlx 4 GANG T-adaptor (sirim),Electrical,SET,2,34.50
TOO-MAG-BIT-26173,Br 1020 Magnetic Power Bits (10PCS/PACK),Power Tools,PCS,3,2.90
TOPLUS-432-07L,7L Toplus Emulsion 432 Strawberry Crush,Paint & Sundries,CAN,2,53.90
ABR-PAP-SWA-0120,Swallow Abrasive Sand Paper 120,Abrasives & Cutting,SHT,129,2.00
ABR-PAP-SWA-0180,Swallow Abrasive Sand Paper 180,Abrasives & Cutting,SHT,145,1.90
BRO-MOP-MRMOP-L,4096 Mr Mop (l) Fine Cotton Mop,Housewares,PCS,12,20.90
BRO-MOP-MRMOP-M,41022 Mr Mop (m) Fine Cotton Mop,Housewares,PCS,13,20.50
CLI-MET,Metal Clip 500GRM,Other,PCK,4,5.50
ELE-D/L-HGD603-18W-3CLR,Hms Downlite Hgd 3CLR,Electrical,PCS,3,29.50
FAS-SCR-COA-M8060,Sr Coach Screw M8 X 60MM,Fasteners & Fixings,PCS,199,0.70
"FIT-HDPE-ADA-MAL-25MMX3/4""",HDPE Adaptor Male 25MM X 3/4,Plumbing,PCS,54,1.80
"FIT-HDPE-BEN-MAL-25MMX3/4""",HDPE Bend Male 25MM X 3/4,Plumbing,PCS,42,2.60
"FIT-SS225-BUS-3/4""X1/2""-SUS304","SS Hex Bushing 3/4""X1/2",Plumbing,PCS,13,4.90
FIT-UPVC-BEN-ELB-45-32MM,U-pvc Bend (elbow) 32MM 1-1/4 45-DEG,Plumbing,PCS,37,1.50
"FIT-YG232-ELB-3/4""-BRA",Brass Equal Elbow 3/4,Plumbing,PCS,7,8.90
"GAR-SIC-7.1/2""*",Korea Sickle,Outdoor & Garden,PCS,10,8.50
HOS-GAR-ORA-160330-MTR,Greenland Super Fancy Hose (gpi) 5/8 X 3MM,Outdoor & Garden,MTR,36,5.30
IND-CEM-750G-WHI,750G Scin-flex Tile Grout 301(WHITE),Chemicals & Adhesives,CAN,8,12.50
MAR-PEN-90-BLACK,Faster 90 Marker Pen-black,Hand Tools,PCS,19,2.20
MET-LED-ENE-MLHV32,Evr Compact Metal Light,Other,PCS,18,10.90
NAI-AIR-LEO-T45,Leo Air Nail - T45,Fasteners & Fixings,BOX,3,25.90
NAI-COM-38MM- 20KG,1 1/2 Wire Nail,Fasteners & Fixings,BOX,8,124.00
NAI-CON-ST38,Concrete NAIL-ST38,Fasteners & Fixings,BOX,2,38.80
NAI-CON-ST45,Concrete NAIL-ST45,Fasteners & Fixings,BOX,2,40.50
NAI-FEL-SUP-32MM,E. G Felt Nail 32MM 1 KGS,Fasteners & Fixings,KG,13,9.20
NUM-80MM-3,Acp Numbering 80MM - 3,Signage & Numbering,PCS,4,12.60
PIP-EXT-M255,M255 Pipe Extractor 1/2,Plumbing,PCS,6,10.90
PUM-HAN-634,M'man Hand Pump - 634,Pumps & Water,PCS,3,34.50
SHH-SWIVEL-NO.4,Nickel Swivel No. 4,Fishing & Tackle,PKT,7,3.70
SHH-SWIVEL-NO.8,Nickel Swivel No. 8,Fishing & Tackle,PKT,8,3.00
SIN-BAS-VIP-NO.46,No. 46 Vip Basin Waste (rotate),Plumbing,PCS,3,31.50
STO-MOU-A25-25X25,Mounted Stone:k-prix Korea A25 (25X25),Abrasives & Cutting,PCS,4,6.00
SWI-SOC-PLK-1328,Plk 5113 13A S/skt SIRIM,Electrical,PCS,91,7.50
SWI-SOC-ULT-M061W,Ultra 16A 1 GANG Doorbell Switch-white (M061W),Electrical,PCS,6,10.70
VAL-BAL-CNN-12MM,Steel Ball Valve - Cnn 12 MM,Plumbing,PCS,16,7.30
WAL-PLU-H/DUTY-630A,6MM X 30MM H/duty PVC Wall Plug,Fasteners & Fixings,PCK,29,4.30
ABR-PAP-SWA-0100,Swallow Abrasive Sand Paper 100,Abrasives & Cutting,SHT,116,2.10
ADH-TAP-SEA-YEL,19MM X 0.2MM X 16M Seal Tape Big - Yellow,Chemicals & Adhesives,PCS,14,6.30
BNW-BOL-HTM-M14-50MM,H/t Bolt - M 14 X 50MM,Fasteners & Fixings,PCS,67,2.10
CHA-GAL-3MM,Galv Short Link Chain 1/8,"Rope, Chain & Netting",KGS,22,10.90
COV-JAC-L/B-XL,L/blue Jacket (r) : XL,Outdoor & Garden,PCS,2,52.90
"CUT-PAR-COV-16""",16 Parang With Cover,Abrasives & Cutting,PCS,8,31.90
DOR-HIN-SSS-75MM,3 Stainless Steel Hinges,Doors & Hardware,PAIR,19,5.20
ELE-CAB-WIR-1.5-YELLOW*,"Win PVC Cable, Yellow 100M",Electrical,MTR,130,1.00
ELE-PLUG-TIMER-WHI-BND50*,Eurosafe 13A 24HR Plug Timer,Electrical,PCS,3,23.50
ELE-PVC-BOX-TC4X6,Tc 4X6 PVC Enclosure Box,Electrical,EA,6,9.40
"FAS-SCR-TAP-PAN-8#1""",8 X1 Ph Self Tapping Screw-pan Head (20PCS/PCK)),Fasteners & Fixings,PACK,50,1.90
FAS-SCR-ZPH-DSMHO516,Sr Zph Self Drilling Screw (20PCS/PCK) DSM-HO516,Fasteners & Fixings,PCK,50,1.80
"FIT-SS237-SOC-3/4""-SUS304",SS Equal Socket 3/4,Electrical,PCS,11,5.90
FIT-UPVC-FLO-110MMX50MM,U-pvc Floor Gully Trap 4 X 2,Plumbing,PCS,3,22.80
FLO-PVC-NO.20307,PVC Flooring No. 525-05,Flooring,ROLL,2,169.00
GRA-CUT-LIN-YEL,Square Trimer Line-yellow (BAG),Outdoor & Garden,BAG,2,59.90
GUN-CAU-H/D-Y93,Alitool Caulking Gun - Y93,Fasteners & Fixings,PCS,6,10.90
GUN-WUF-F75S,Wufu Spray Gun (F-75S),Power Tool Accessories,SET,1,78.90
HHD-VAL-FLO-PVC-12MM,1/2 X 9 Techplas PVC Float Valve,Fishing & Tackle,PCS,70,4.90
HOS-NOZ-TWN-ECO-EG2012,Ecogreen-snap-in Twist Nozzle EG2012/5,Power Tool Accessories,PCS,12,6.50
NUM-80MM-5,Acp Numbering 80MM - 5,Signage & Numbering,PCS,4,12.60
PAI-BRU-NYL-325-8#,8 Nylon Hair Color Brush,Paint & Sundries,PCS,57,1.90
PAI-SPR-KIMLAC-9617,Kimlac Brand Spray Paint 9617,Paint & Sundries,TIN,6,22.90
PAI-TIG-250ML-ALUM,250ML Tiger G. P 203 Aluminium (DOZ),Paint & Sundries,DOZ,1,119.00
RAI-COA-SUP-XXXL,Supersonic PVC Rain Coat : 3XL,Curtains & Blinds,PCS,1,26.90
ROP-NYL-1MM,1.0MM Nylon String,"Rope, Chain & Netting",COIL,5,7.60
SCA-PVC-HAN-05KG,5KG PVC Hanging Scale,Housewares,PCS,4,8.90
SHH-FISH-NET-0.15D-20MM-50MD/5A,"20MM (3/4"") 50MD (3') /5A",Fishing & Tackle,PCS,1,29.50
SHH-HOOK-1920SS7/0,No. 7/0 Eupro Fishing Hook (5'S),Fishing & Tackle,PKT,2,11.50
SHH-HOOK-4310N-NO.1,No. 1 Exori Super Strong Hook (20'S),Fishing & Tackle,PKT,7,3.50
STO-MOU-M4-26X27,Mounted Stone:k-prix Korea M4 (26X27),Abrasives & Cutting,PCS,3,7.20
SWI-CON-PVC-20A,Sjp 20A PVC Connector,Electrical,LTH,29,3.80
SWI-POL-4GANG-1WAY,Pol 4GANG 1WAY Switch Socket,Electrical,PCS,4,18.50
TOO-PLI-RIV-STA-69646,"Riveter 3 NOSEPIECES-(1/8"",5/32"",3/16"")",Power Tools,PCS,2,54.90
"TOO-RUL-SSS-6289-24""",Steel Ruler 60CM,Power Tools,PCS,2,6.90
X-DOR-LOC-CYL-6871SS,Plus A-class Cylindrical Lock,Locks & Security,SET,1,32.50
X-FLO-MOC-BR6301,BR6301 300X600MM,Power Tools,PCS,1,7.80
X-FLO-MOC-BR6302,BR6302 300X600MM,Power Tools,PCS,1,7.80
ABR-PAP-SWA-0240,Swallow Abrasive Sand Paper 240,Abrasives & Cutting,SHT,139,1.90
BNW-BOL-HTM-M14-45MM,H/t Bolt - M 14 X 45MM,Fasteners & Fixings,PCS,71,1.80
BNW-NUT-HTM-M06,H/t Nut- M 06,Fasteners & Fixings,PCS,1880,0.20
CUT-DIS-HIT-16X25.4MM,Cut Off Wheel 16 (402X3X25.4MM),Abrasives & Cutting,PCS,1,20.40
CUT-SAW-PM33124,Pumpkin 20 Master Cut Hand Saw,Abrasives & Cutting,PCS,7,39.50
CUT-TIL-NYL-5.0MM,5.0MM PVC Cross Tiles Spacer (200PCS+/-),Abrasives & Cutting,PACK,4,5.80
"DOR-PUL-ALU-6""",6 Door Pull,Doors & Hardware,DOZ,6,19.40
DRI-AUG-2WAY-06MM,T&t 2WAY Auger BIT-1/4,Power Tool Accessories,PCS,9,7.80
"DRI-AUG-BIT-NO.1/2""",1/2 No. 1 Star-m Auger Bit (b),Power Tool Accessories,PCS,2,34.90
"FAS-SCR-TAP-CSK-8#1 1/2""",8 X1-1/2 Csk Self Tapping Screw - Flat Head (10PCS/PCK),Fasteners & Fixings,PACK,59,1.40
"FIT-HDPE-BEN-MAL-20MMX1/2""",HDPE Bend Male 20MM X 1/2,Plumbing,PCS,48,2.00
FIT-PVC-SOC-REC-20MMX15MM,"PVC Fitting Soc Red 3/4""X1/2",Plumbing,PCS,146,0.70
"FIT-SS232R-ELB-REC-3/4""X1/2""-SUS304","SS Reducing Elbow 3/4""X1/2",Plumbing,PCS,7,8.50
"FIT-YG245-NIP-1/4""-BRA",Brass Equal Nipple 1/4,Plumbing,PCS,22,2.80
FLO-PVC-459-13,PVC Flooring No. 520-14,Flooring,ROLL,2,164.00
HOS-GAS-BLA45,Gas Hose - Black 45 M,Outdoor & Garden,ROLL,1,114.00
"IND-CAS-PVC-RIG-4""",Medium Duty Red PVC Rigid Wheel 4,Building Materials,PCS,7,39.90
IND-CEM-3KG-BLA,3KG Scincrete Tile Filla-black 300,Paint & Sundries,PKT,7,12.90
"IND-SCP-PVC-00627L-3""",3 Extreme Polished Scraper-pvc Handle,Doors & Hardware,PCS,22,4.50
KOYA-REM-MOS-1000ML,1000ML Mosaic Cleaner,Chemicals & Adhesives,BOT,5,18.30
NAI-CON-ACE-25-BOX,Ace Galvanised Flat Head Nails 25 X 2.0 (500GM),Fasteners & Fixings,BOX,6,9.20
NUM-60MM-4,Acp Numbering 60MM - 4,Signage & Numbering,PCS,5,8.00
"PAI-BRU-780-3""",3 780 Selleys Bristle Paint Brush,Paint & Sundries,PCS,6,18.50
PAI-SPR-KIMLAC-9622,Kimlac Brand Spray Paint 9622,Paint & Sundries,TIN,5,22.90
RIG-HOO-SLI-12MM,Clevis Slip Hook 12MM,Lifting & Rigging,PCS,2,22.00
SHH-LINE-L/G-OHML12,Omega Hayasu Mono Line (rainbow) 12LBS,Fishing & Tackle,PCS,2,11.90
SHH-LINE-L/G-OHML25,Omega Hayasu Mono Line (rainbow) 25LBS,Fishing & Tackle,PCS,2,11.90
SHH-SPOOL-108,Fishing Spool HP-108,Fishing & Tackle,PCS,4,5.70
SIN-WAS-SS-DL5W4,DL5 2 1/2 Fully Slim Sink Waste,Plumbing,PCS,4,20.90
SWI-SOC-MK-3G2W-S4783,Mk 10A 3GANG 2WAY Wide Rocker,Electrical,PCS,4,13.50
SWI-SOC-ULT-M011W,Ultra 16A 1 GANG 1 Way-white (M011W),Electrical,PCS,13,5.20
TAP-SET-12PCS,12PCS Tap And Die Set,Plumbing,SET,2,64.90
TAP-SKC-M08X1.00,Skc Hand Tap M08 X 1.00,Plumbing,SET,2,31.50
TOO-CLA-F-ATB120350,14 X 120MM Arrow F Type Wood Clamp,Hand Tools,PCS,7,49.50
TOO-CLA-F-ATB120X250,10 X 120MM Arrow F Type Wood Clamp,Hand Tools,PCS,7,45.00
TOO-DRV-KT107-Z100,"100MM (4""-6)107 King Top (-) Screw Driver",Fasteners & Fixings,PCS,31,3.90
TOO-DRV-MAG-M845,Spandek Screw Adaptor M8X45MM,Fasteners & Fixings,PCS,26,2.90
TOO-HAM-SLE-8P,Double Face Sledge Hammer - 8P,Hand Tools,PCS,4,84.50
VAL-BAL-CNN-18MM,Steel Ball Valve - Cnn 18 MM,Plumbing,PCS,11,10.50
VAL-BAL-MIN-ECC3W,Ecco 3WAY Mini Ball VALVE-1/2 Mxmxm,Plumbing,PCS,4,13.90
BNW-BOL-HTM-M12-25MM,H/t Bolt - M 12 X 25MM,Fasteners & Fixings,PCS,146,0.90
BNW-BOL-HTM-M14-60MM,H/t Bolt - M 14 X 60MM,Fasteners & Fixings,PCS,54,2.20
"BRU-CUP-TWI-3""",3 Twist Cup Brush,Other,PCS,31,7.50
CAB-LUG-25-8,Cable Lug 25-8 (4PCS/PCK),Electrical,PCK,13,5.90
"CUT-PAR-20""",20 Parang,Abrasives & Cutting,PCS,9,26.90
DOR-WED-SMALL,Small Door Wedge,Doors & Hardware,PCS,59,1.40
DZ-GEN-BCC-180,Cold Chisel,Hand Tools,PCS,3,6.90
ELE-CON-SPR-19MM,Conduit Spring 20MM *70CM,Electrical,EA,9,10.50
"FAS-SCR-DRY-BLA-6#1-1/2""",Hunter/bk - Drywall Screw 6 (20PCS/PCK) X1-1/2,Fasteners & Fixings,PCK,16,1.90
FIT-UPVC-BEN-ELB-45-110MM,U-pvc Bend (elbow) 110MM 4 45-DEG,Plumbing,PCS,7,8.50
FRA-STU-GI-8',8 X 3 X 1 X 0.32MM GI Stud Frame,Building Materials,PCS,28,6.50
GAR-SHO-STEEL,Steel Garden Shovel,Outdoor & Garden,PCS,18,4.50
IND-WHE-TYR-PUMET,1366 Tahan Steel Hub Polyurethane Wheel,Building Materials,PCS,8,34.90
NAI-CLI-777-S,Nail Clipper 12'S,Fasteners & Fixings,PCS,24,2.00
O-RING-16-21,O-ring 16-21,Other,PCS,101,2.00
PAI-ROL-HAN-L418,Paint Roller Handle 4 X 18,Paint & Sundries,PCS,34,3.50
RIG-CLI-GAL-16MM,Galvanised Wire Rope Clip 16MM,Lifting & Rigging,PCS,20,2.30
SCA-CAM-NTA-3100013,Camry- Hanging Scale Nta / 100KG,Housewares,PCS,3,98.50
SHH-PLA-NET-NEEDLE-NO.3,Plastic Net Needle No. 3 (white),Fishing & Tackle,PCS,3,1.20
TOO-DRV-KT107+Z200,"200MM (8""+6)107 King Top (+) Screw Driver",Fasteners & Fixings,PCS,26,4.50
X-FLO-MOC-BR3060PZPG,BR3060PZPG 300X600MM,Power Tools,PCS,1,5.90
X-FLO-MOC-BR3060PZPW,BR3060PZPW 300X600MM,Power Tools,PCS,1,5.90
ABR-PAP-SWA-0280,Swallow Abrasive Sand Paper 280,Abrasives & Cutting,SHT,130,1.90
BRA-S/STEEL-40MM,40MM S/steel Flat L Bracket,Plumbing,PCS,94,1.60
CAR-WAX-ATD,Atd Antidustmite & Flea,Automotive,PCS,6,39.90
CAR-WAX-LUX-SHI-LOT,Tsi (y) Luxurious Shinning Lotion - 360ML,Automotive,PCS,9,26.90
CLI-BAT-CLI-0050AMP,L/duty Battery Clip 50AMP,Electrical,SET,18,3.50
"DC-6""-WGZ150060L","6""-WGZ150060L 6 Saw Blade",Power Tool Accessories,PCS,2,39.90
DOR-ROL-TYSON-2011,Tyson 2011 Sliding Roller,Doors & Hardware,SET,2,44.90
"DOR-SPO-SHA-9""",9 Spoke Shave,Doors & Hardware,PCS,5,14.50
FAS-SCR-ZPH-DSMHO525,Sr Zph Self Drilling Screw DSM-HO525(20PCS/PCK),Fasteners & Fixings,PCK,24,3.20
FIT-HDPE-TEE-32MMX20MM,HDPE Tee Reducing 32 X 20MM,Plumbing,PCS,12,7.50
GAR-CUT-17147,Br 2030 Multipurpose Snip,Hand Tools,PCS,15,19.00
HHD-VAL-FLO-BRA-VIP-18MM,136 - 3/4 Vip Float Valve (light),Fishing & Tackle,PCS,11,26.90
LEAK-SPR-BLS500C,Bossman Leak Stop Spray 500ML (clear),Other,CAN,15,15.70
NAI-FEL-SUP-38MM-500G,E. G Felt Nail 38MM - 500G,Fasteners & Fixings,PKT,24,5.20
NUM-60MM-5,Acp Numbering 60MM - 5,Signage & Numbering,PCS,5,8.00
NUM-60MM-C,Acp Alphabet 60MM - C,Signage & Numbering,PCS,5,8.00
"NYLON-MAN-HAT-17""",17 Thai Nylon Man Hat,Other,PCS,17,14.90
RIG-TUR-06MM,Galvanised Turnbuckle 06MM,Lifting & Rigging,PCS,27,1.50
RIG-TUR-10MM,Galvanised Turnbuckle 10MM,Lifting & Rigging,PCS,14,2.70
SAF-SHO-PCSL911-10/44#,Picasaf Sport Leisure Safety Shoe 911 10/44,Safety & Workwear,PAIR,3,112.00
SAF-SHO-PCSL911-6/39#,Picasaf Sport Leisure Safety Shoe 911 6/39,Safety & Workwear,PAIR,3,112.00
SAF-SHO-PCSL911-7/41#,Picasaf Sport Leisure Safety Shoe 911 7/41,Safety & Workwear,PAIR,3,112.00
SHH-HOOK-12146BN-2,No. 2 Hytac Hook 16'S,Fishing & Tackle,PKT,6,3.20
SHH-HOOK-9255SS-4/0,Eupro Octopus S/s Hook 4/0 (8'S),Fishing & Tackle,PKT,2,10.90
SHH-SPE-FIS-FS603,Fish Spears (3PRONGS)/8105,Fishing & Tackle,PCS,2,10.90
SWI-SOC-ELE-E000B,Elegance 1 GANG Blank Plate-black (E000B),Electrical,PCS,7,12.30
TOO-DRV-KT107+Z125,"125MM (5""+6)107 King Top (+) Screw Driver",Fasteners & Fixings,PCS,28,4.10
TOO-DRV-KT250+,10 King Top (+) Screw Driver,Fasteners & Fixings,PCS,10,10.50
TOO-PLI-CIR-STA-84271,7 Circlip Pliers- Straight Ext,Power Tools,PCS,2,49.60
TOO-SPA-BEN-BLK-06MM,BAR Bender: (m) Black 1/4,Power Tools,LGHT,8,10.50
X-HHD-FLU-M0676/L100W-50MM,Techplas Liftup Outlet Valve White Lever,Plumbing,PCS,4,22.90
BNW-BOL-HTM-M10-100MM,H/t Bolt - M 10 X 100MM,Fasteners & Fixings,PCS,78,1.50
BNW-BOL-HTM-M14-65MM,H/t Bolt - M 14 X 65MM,Fasteners & Fixings,PCS,50,2.40
"BNW-WAS-COM-5/16""",Zinc Plated Washer 5/16,Fasteners & Fixings,KGS,53,11.50
CAB-PVC-FLE-CON-20MM-ECO,20MM PVC Flexible Conduit - Black 40M (kancil),Electrical,MTR,99,1.50
CLI-HOS-ORB-000,Orbit Hose Clip No : 000,Outdoor & Garden,PCS,66,1.40
DOR-RUB-SEA-6501,6501 PVC Rubber Door Seal,Doors & Hardware,PCS,7,11.90
FAS-RIV-PAT-5/32X3/8-PCK,Blind Rivet: Jaguar 5/32 X 3/8 (20PCS/PCK),Fasteners & Fixings,PCK,24,1.70
FIT-HDPE-SOC-25MMX20MM,HDPE Coupler Reducing (socket) 25MM X 20MM,Plumbing,PCS,30,2.90
FLO-MOC-J3030,J3030 30X30CM,Flooring,PCS,6,3.30
GAR-RAK-PVC-2022,PVC Garden Rake Head 2022,Outdoor & Garden,PCS,14,6.20
RAI-COA-PON-1020L-GRE,0.10MM Heavt Vinyl Poncho Raincoat - Green,Curtains & Blinds,PCS,23,9.20
SAF-COA-NET-RED,Netting Vest Coat (mesh Fabric) Red,"Rope, Chain & Netting",PCS,35,5.70
"SIN-FLE-PVC-OUT-1.1/4""",Corsa Flexible Hose Pipe - 1.1/4 (350-800MM),Plumbing,PCS,14,4.90
SWI-T/BOX-504B,Extension Box Sp PP100-540B,Electrical,SET,3,21.90
TAP-SKC-M18X2.00,Skc Hand Tap M18 X 2.00,Plumbing,SET,1,68.50
VAL-CAB-CSK12A,Cabana Stop Valve 1/2,Plumbing,UNIT,1,81.00
WIR-BRC-601X30M,610 X 30M Welded MS Grill,Other,ROLL,2,142.00
X-PLA-BAG-W1000-1822,18 X 22 X 500G Tbag White Aa,Power Tools,PCK,12,6.50
X-PUM-HAN-SDSF8818B,Hand Pump - SF8818B,Pumps & Water,PCS,1,7.20
ABR-PAP-SWA-0150,Swallow Abrasive Sand Paper 150,Abrasives & Cutting,SHT,124,1.90
BNW-BOL-HTM-M12-75MM,H/t Bolt - M 12 X 75MM,Fasteners & Fixings,PCS,71,1.70
CAB-LUG-400AMP,Cable Lug (white) 400AMP 2PCS/PCK,Electrical,PCK,9,7.90
CAN-JER-4203,3 Gallon Jerrycan,Housewares,PCS,9,26.90
CHA-GAL-9MM,Galv Short Link Chain 3/8,"Rope, Chain & Netting",KGS,19,11.90
CHI-15105-50,Sds Max Shank Spade Chisel 18X280X50MM,Power Tool Accessories,PCS,4,14.90
CUT-PIP-TUB-STA-3-16MM-998493033,1/8 (3MM) - 5/8 (16MM) Tubing Cutter,Abrasives & Cutting,PCS,8,26.50
FAS-SCR-COA-M6040,Sr Coach Screw M6 X 40MM,Fasteners & Fixings,PCS,268,0.30
FIT-UPVC-BEN-ELB-45-40MM,U-pvc Bend (elbow) 40MM 1-1/2 45-DEG,Plumbing,PCS,25,2.50
"FIT-YG237-SOC-3/8""-BRA",Brass Equal Socket 3/8,Electrical,PCS,16,3.60
GAS-ROL-HH390,4 Wheel Plastic Gas Cylinder Stand,Locks & Security,PCS,15,19.90
GAS-ROL-WK-PP9628-R5,5 Wheel Plastic Gas Cylinder Stand,Locks & Security,PCS,13,21.90
HOS-HOLG-HC-100,Gardenu 100 Garden Hose Bracket,Outdoor & Garden,PCS,5,16.50
IND-CEM-750G-BLA,750G Scin-flex Tile Grout 300(BLACK),Chemicals & Adhesives,CAN,7,12.50
JAC-BOT-CNN-R10TON,China Bottle Jack - 10 Ton,Lifting & Rigging,PCS,3,93.00
LIQ-MOL-HAN-WAS-300G,HANDWASCHPASTE-300G,Other,CAN,3,7.90
"MAX-CRV-CAB-CUTTER-24""",Blimax Bolt Cutter - BBC600/24,Fasteners & Fixings,PCS,1,75.00
NUM-80MM-0,Venus Home Numbering 80MM - 0,Signage & Numbering,PCS,3,12.60
PAI-BRU-NIP-TR832N,1 Synthetic Paint Brush 750,Paint & Sundries,PCS,16,5.50
PAI-TIG-75ML-GRN,75ML Tiger G. P (apple Green) - 6639,Paint & Sundries,PCS,12,8.50
SAF-SLI-GLO-5TON6M,Webbing Sling (glolift) 125MM 5 Ton X 6M,Lifting & Rigging,LGTH,3,88.00
SHH-HOOK-10829BL-NO.22,Eupro Fishing Hook No. 22 (5PC),Fishing & Tackle,PKT,5,3.90
SHH-HOOK-10829BL-NO.24,Eupro Fishing Hook No. 24 (4PC),Fishing & Tackle,PKT,5,3.90
SPR-BID-06093,Ets 302 Elise Toilet Sprayer Set,Bathroom,SET,1,25.30
SUNNY-HOSE-5090,PVC Sunny Hose - 50MM X 2 BAR X 90M,Outdoor & Garden,MTR,25,3.90
"TIE-CAB-BLA-4""",4 Black Cable Tie (20PCS/PCK),"Rope, Chain & Netting",PKT,15,1.60
"TOO-EXT-BAR-STA-12MM-10""",1/2 Extension Bars 252MM/10,Electrical,PCS,2,35.70
WAL-FOL-DRY-RAC-1336,R'key Folding Drying Rack - 1336,Housewares,SET,2,199.00
ABR-PAP-SWA-0600,Swallow Abrasive Sand Paper 600,Abrasives & Cutting,SHT,121,1.90
ABR-PAP-SWA-1000,Swallow Abrasive Sand Paper 1000,Abrasives & Cutting,SHT,109,2.00
"ACE-NUTS-1/2""X38MM","Ace Brand Bsw Hexagon Long Nuts LN-1/2""X38MM",Fasteners & Fixings,PCS,27,2.10
BAT-ENE-REC-2AAA-DOLP22,Evr Dolphin Pico,Electrical,PACK,29,20.90
BNW-BOL-HTM-M12-55MM,H/t Bolt - M 12 X 55MM,Fasteners & Fixings,PCS,87,1.50
BRO-HAN-GS2212,22 X 1.2 S/steel Broom Stick W End Cap,Housewares,PCS,19,11.90
CLI-HOS-ORB-1,M'man Hose Clip No : 1,Outdoor & Garden,PCS,44,1.90
"CUT-DIS-AKODA-4""-A6",Akoda 4 Diamond Blade Thin Turbo A6,Abrasives & Cutting,PCS,6,36.80
CUT-DIS-HIT-FLE-4X6MM,4 Hitachi Flexible Disc,Abrasives & Cutting,PCS,46,3.90
CUT-FLA-TAI-A120100,Tailin Flap Discs A120,Abrasives & Cutting,PCS,2,8.20
"DOR-FLU-SGD-36606""",6 SS St. Guchi Flush Bolt,Fasteners & Fixings,PCS,3,23.50
DRI-UNI-26107(8),Br 6200 8MM Universal Drills (4 Flures),Power Tool Accessories,PCS,6,19.90
ELE-PVC-NUT-TC3X10,Umc 3 X10 PVC Nut Box,Fasteners & Fixings,PCS,17,3.00
FAS-RIV-PAT-5/32X1/2-PCK,Blind Rivet: Jaguar 5/32 X 1/2 (20PCS/PCK),Fasteners & Fixings,PCK,23,1.70
FAS-SCR-COA-M6070,Sr Coach Screw M6 X 70MM,Fasteners & Fixings,PCS,221,0.50
FAS-SCR-DS525HW-MET-PCK,10 X 1 Self Drilling Screw (50PCS/PCK),Fasteners & Fixings,PCK,7,9.50
"FIT-HDPE-ADA-FEM-25MMX1/2""",HDPE Adaptor Female 25MMX1/2,Plumbing,PCS,24,2.20
"FIT-YG239R-SOC-MXF-1/2""X3/8""-BRA","Reduced Mxf Brass Socket 1/2""X3/8",Electrical,PCS,13,4.20
"FIT-YG239R-SOC-MXF-3/4""X1/2""-BRA","Reduced Mxf Brass Socket 3/4""X1/2",Electrical,PCS,9,5.80
MOP-CN-YA-8744,Chenillie Rotatable Mop W/telescopic Poles 8744,Housewares,SET,14,15.90
"NAI-CON-GAL-3/4""-BOX",3/4 Galvanised Steel Nail- 1 KG,Fasteners & Fixings,BOX,40,12.90
NUM-80MM-I,Acp Alphabet 80MM - I,Signage & Numbering,PCS,3,12.60
"PIP-PVC-3506-2""","2""(60MM) Class 3506 X 6M PVC Pipe",Plumbing,LTH,20,41.90
SAF-SHO-AVV-41#,Avvio Safety Shoe 41/7,Safety & Workwear,PAIR,2,145.00
SAF-SLI-GLO-1TON2M,Webbing Sling (glolift) 25MM 1 Ton X 2M,Lifting & Rigging,LGTH,3,10.30
SHH-FROG-SET-Y24A,Y24A Fishing Tackle,Fishing & Tackle,PCS,3,6.40
SHH-LEAD-CHAIN-0.25 3/4 7',0.30 3/4 7 N. M. C. N (lead Chain) (shl),"Rope, Chain & Netting",PCS,1,269.00
"SHH-LEAD-CHAIN-0.25 3/4"" 8'",0.25 3/4 8 C. M. C. N. (lead Chain) (shl),"Rope, Chain & Netting",SET,1,279.00
STO-MOU-W222-25X50,Mounted Stone:k-prix Korea W222 (25X50),Abrasives & Cutting,PCS,2,8.90
TOO-FIL-SENSUI-SNF003-C,10 Sensui Metal Half Round File,Hand Tools,PCS,14,20.50
TOO-PLI-CIR-STA-BE175,7 Circlip Pliers- Bent Ext,Power Tools,PCS,2,46.50
WAL-PLU-S/S-70MM,304 S/steel Wall Plug M8 X 70,Fasteners & Fixings,PCS,28,1.90
X-FLO-MOC-MP6308,MP6308 30X60CM,Power Tools,PCS,1,8.50
ADH-TAP-NISSHO-HCH-ES0002,18MM X 1.5M Nissho Acyclic Foam Side Tape (red),Chemicals & Adhesives,ROLL,12,6.70
BAT-ENE-MAX-AA2PCS,En Max Aa 2 Pc,Electrical,PCK,8,9.50
BAT-ENE-MINI-ALA76,Energizer Mini Al A76 BP2,Electrical,PCK,11,4.50
CHA-GAL-6MM,Galv Short Link Chain 1/4,"Rope, Chain & Netting",KGS,16,11.50
CHI-WAT-2554PE,Water Con'r For Chicken,Outdoor & Garden,PCS,11,6.90
DOR-HIN-BRI-065MM,Iron Hinges Bright 2 1/2,Home Appliances,DOZ,2,12.70
"DOR-PUL-ALU-5""",5 Door Pull,Doors & Hardware,DOZ,6,16.20
FLO-MOC-PM6646B,PM6646B 60X60CM,Flooring,PCS,1,18.90
HAC-FRA-LEN-1012#,Lenox Hacksaw Frame Blade 1012 (soft Grip),Hand Tools,UNIT,7,32.90
IND-CAS-NYL-75MM,3 IN White Nylon Caster Wheel,Building Materials,SET,1,36.90
"IND-CAS-SCA-6""",Scaffold Caster 6,Ladders & Access,PCS,5,56.50
IND-WHE-TYR-D0810/0020-NB,14 Pneumatic Wheel Nylon Bush - Big,Building Materials,PCS,6,41.50
NAI-AIR-LEO-T25,Leo Air Nail - T25,Fasteners & Fixings,BOX,3,21.90
PAI-BRU-HOL,Cristin Paint Brush Holder,Paint & Sundries,PCS,6,12.90
PAI-SPR-REM-SWPR-400,400ML Starwill Paint Removal Spray,Paint & Sundries,CAN,5,14.50
POL-EXT-ALM4M3P,4 Meter Monkey King Pole (aluminium),Other,PCS,3,95.00
ROP-STRAPS-ELASTIC-THAI-N05,45 Thai Elastic Straps,"Rope, Chain & Netting",PCS,87,2.50
SHH-LINE-WHI-NO.30,(bs)long White M. L No. 30,Fishing & Tackle,PCS,6,3.40
STAN-BAT-12V-N652342,Battery Charger 12V,Electrical,PCS,1,118.00
TOO-ELE-STRWS2204,Black Wire Stripper 155MM,Electrical,PCS,4,14.50
WEL-MAC-PAR-NOZ-GAS,Gas Nozzle MB15AK,Power Tool Accessories,PCS,9,6.90
X-SWI-PLK-4G1W-1314,Plk 1314 10A 4G 1W Switch SIRIM,Electrical,PCS,39,20.50
X-TOI-CLEA-TC,Tc Toilet Cleaner,Chemicals & Adhesives,PCS,4,21.90
ALUM-ROU-25MM,1 Alum. Round Tube X 6M (MTR),Building Materials,MTR,37,12.90
BNW-BOL-HTM-M16-60MM,H/t Bolt - M 16 X 60MM,Fasteners & Fixings,PCS,40,2.50
CEMENT-TRAY,Cement Tray,Building Materials,PCS,65,3.90
CLP-PVC06DGT,6 PVC Digital Caliper,Hand Tools,PCS,5,49.90
CUT-DIS-CNS-BLK,Sawman Black Cns Grinding Disc 4,Abrasives & Cutting,PCS,12,14.90
DOR-HIN-BLA-75MM,Iron Hinges Black 3 (PAIR),Home Appliances,PAIR,12,2.50
DZ-GEN-BPC-14X250,Star Bull Point Chisel (mm),Power Tool Accessories,OCS,4,12.80
ELE-PVC-CON-TC3X7-TC022,Tc 3 X 7 PVC Conceal Box (TC022),Electrical,PCS,26,1.90
FAS-SCR-TD650HW-WOOD,12X2 Self Drilling Screw (250PCS/BOX),Fasteners & Fixings,BOX,1,56.90
"FIT-HDPE-ADA-FEM-25MMX3/4""",HDPE Adaptor Female 25MMX3/4,Plumbing,PCS,23,2.40
"FIT-HDPE-BEN-FEM-25MMX1/2""",HDPE Bend Female 25MM X 1/2,Plumbing,PCS,37,2.40
GAR-SPR-CR8411CPT,Shoulder Strap Complate,Outdoor & Garden,PCS,6,14.50
GRA-SSS-100MM-06084(4),4 Czs S/steel Floor Grating,Bathroom,PCS,6,4.50
"HAT-STR-20""",20 Straw Hat,Other,PCS,66,7.50
"IND-CAS-PVC-SWI-5""",Medium Duty Red PVC Swivel Wheel 5,Fishing & Tackle,PCS,5,51.50
IND-DUS-ALI-240L-SHA,Aliclean HDPE Dustbin Tyre Shaft,Automotive,PCS,1,21.50
IND-DUS-GLO-120L,Glomax HDPE Dustbin (120L),Plumbing,PCS,7,129.00
LAD-M/D-STRO-DS10,Strongman D/sided M/d Ladder 10 Step,Ladders & Access,UNIT,1,408.00
"PIP-UPVC-3""","3""(82MM) Ut X 6M Upvc Pipe",Plumbing,MTR,78,10.90
SAF-BEL-IND,Safety Belt,Safety & Workwear,SET,12,19.80
SAF-SHO-AVV-39#,Avvio Safety Shoe 39/5,Safety & Workwear,PAIR,2,145.00
SAF-SHO-AVV-40#,Avvio Safety Shoe 40/6,Safety & Workwear,PAIR,2,145.00
SAF-SHO-AVV-42#,Avvio Safety Shoe 42/8,Safety & Workwear,PAIR,2,145.00
SAF-SHO-AVV-43#,Avvio Safety Shoe 43/9,Safety & Workwear,PAIR,2,145.00
SAF-SHO-AVV-44#,Avvio Safety Shoe 44/10,Safety & Workwear,PAIR,2,145.00
SIN-BAS-VIP-NO.49,No. 49 Vip Brand Washbasin Waste (pop-up),Plumbing,PCS,2,31.90
SWI-POL-2GANG-1WAY,Pol 2GANG 1WAY Switch Socket,Electrical,PCS,5,9.90
TOO-COM-IRO-BUL-09MM,9MM Iron Bull Spanner,Hand Tools,PCS,11,4.50
TOO-SOC-SET-0955X24,R'key Drive Socket Set 0955,Hand Tools,SET,4,79.50
VAL-BAL-MIN-ECC12FF,Ecco PVC Mini Ball VALVE-1/2 Fxf,Plumbing,PCS,6,7.60
VAL-BAL-MIN-ECC12MM,Ecco PVC Mini Ball VALVE-1/2 Mxm,Plumbing,PCS,6,7.80
X-FLO-MOC-30WM90,"12""X12 Floor Tiles 30WM90",Power Tools,PCS,2,2.90
X-FLO-MOC-P603H,Glass Mosaic P603H 30.5X30.5CM,Building Materials,PCS,1,18.00
X-FLO-MOC-P604M,Glass Mosaic P604M 30.5X30.5CM,Building Materials,PCS,1,18.00
X-FLO-MOC-P605H,Glass Mosaic P605H 30.5X30.5CM,Building Materials,PCS,1,18.00
X-FLO-MOC-P605M,Glass Mosaic P605M 30.5X30.5CM,Building Materials,PCS,1,18.00
BIB-G503B,Bib Tap Ni 3/4B Truflo,Plumbing,PCS,7,7.20
BRA-FLA-80MMX30MM,80MM X 30MM Flat Bracket,Plumbing,PCS,406,1.90
BRO-HAN-WOO,1.2M Broom Wood Handle,Doors & Hardware,PCS,27,3.00
CLI-SPE-TER-FEM,Female Speaker Clip Gold (10PCS/PCK),Other,PCK,6,3.60
DOR-ALU-LOC-VSPA-6,Vsp A6 Sliding Door Lock/key (na) 25MM Or 32MM,Doors & Hardware,PCS,3,27.90
DOR-HIN-SSS-50MM,2 Stainless Steel Hinges,Doors & Hardware,SET,20,3.40
DOR-LOC-CYL-SMR-3900,Smr 3900 Cylindrical Lock (v/p),Locks & Security,SET,7,29.50
"FIT-SS376-TEE-1/2""",304 Fxmxm Tee 1/2,Plumbing,PCS,6,8.30
"FIT-YG239R-SOC-MXF-1/2""X1/4""-BRA","Reduced Mxf Brass Socket 1/2""X1/4",Electrical,PCS,12,4.10
GRA-CUT-LIN-GTL2430,Bestul Wire Rope Trimmer Line -2.4MM,Lifting & Rigging,PCK,8,29.90
GRA-CUT-LIN-YEL-4227#,Active Yellow Trimmer Spool 4227,Outdoor & Garden,PCS,5,15.50
JAC-STA-CNN-3TON,China Jack Stand - 3 Ton,Automotive,PAIR,3,85.00
MAR-PEN-70-RED,Faster 70 Marker Pen-red,Hand Tools,PCS,20,2.20
NAIL-TUFTING-TN-7316-PCK,Round Plate Tufting Nail (10PCS/PCK) 16MMX7.3MM,Fasteners & Fixings,PCK,15,4.20
NAIL-TUFTING-TN-8316-PCK,Round Plate Tufting Nail (10PCS/PCK) 16MMX8.5MM,Fasteners & Fixings,PCK,15,4.30
SAF-STEEL-9812,Picasaf Steel Carabiner 9812,Safety & Workwear,PCS,9,23.00
SCP-REM-SKI-CLO-500ML,500ML Skim Clog Remover,Chemicals & Adhesives,BOT,6,9.90
TOO-HAM-RUB-24OZ,Rubber Mallet (cn) 24 Oz,Power Tools,PCS,7,9.90
TOO-PLI-LON-STA-200,8 Maxgrip Bi-material Long Nose Pliers,Power Tools,PCS,2,42.90
VAL-CAB-CB2131,Cabana Angle Valve CB2131,Plumbing,UNIT,2,32.00
VAL-CAB-CB2132,Cabana Angle Valve CB2132,Plumbing,UNIT,2,32.00
VAL-CAB-CB2136,Cabana Angle Valve CB2136,Plumbing,UNIT,2,32.00
WAL-FOA-PE,P. E. Foam,Lighting,SQFT,49,0.30
ABR-PAP-SWA-1500,Swallow Abrasive Sand Paper 1500,Abrasives & Cutting,SHT,91,2.20
BNW-BOL-SS304-M8-50MM,SS 304 Bolt - M8 X 50MM,Fasteners & Fixings,PCS,74,1.60
CAR-RAIN-FLY-200ML,Aa Rain Fly 200ML,Automotive,UNIT,9,25.90
COC-BIB-LION-12MM,Brass Bib Cock - Lion Brand 12 MM,Plumbing,PCS,6,17.50
"DOR-H&S-LEO-4""",Leon S/steel Hasp & STAPLE-4,Fasteners & Fixings,DOZ,1,69.90
DRI-UNI-26107(6),Br 6200 6MM Universal Drills (4 Flures),Power Tool Accessories,PCS,6,17.90
FIT-GAL-TEE-38MM,Galvanised Tee (130) 38MM,Plumbing,PCS,8,11.00
"FIT-SS378-TEE-1/2""",304 Fxfxm Tee 1/2 SS378,Plumbing,PCS,8,5.90
GUN-GRE-NIP-90 M10X1.0,S. K 90 Degree Grease Nipple M10 X 1.0,Fasteners & Fixings,PCS,13,4.50
IND-TRO-BRI-BIG,2 1/2 X 6 Knife Brick Trowel,Hand Tools,PCS,23,7.90
LAM-DOW-DL-1015-2A,Down Light,Lighting,BOX,9,25.00
MEA-TAP-BLI-7.5M-BMT7,Blimax Measuring Tape -bmt 7 7.5M,Hand Tools,PCS,16,15.50
NAI-FEL-SUP-25MM,E. G Felt Nail 25MM 1 KGS,Fasteners & Fixings,KG,10,9.20
NAI-FEL-SUP-25MM-500G,E. G Felt Nail 25MM - 500G,Fasteners & Fixings,PKT,18,5.20
NYLON-CORD-9042,Nylon Cord 9042 X 500G,Other,MTR,221,1.30
PAI-BRU-WOO-040MM,Gd Wool Brush 40 MM,Paint & Sundries,PCS,8,1.30
PAI-SPR-KIMLAC-9621,Kimlac Brand Spray Paint 9621,Paint & Sundries,TIN,4,22.90
"SHH-LEAD-CHAIN-0.25 3/4"" 7'",0.25 3/4 7 C. M. C. N. (lead Chain) (shl),"Rope, Chain & Netting",SET,1,245.00
SWI-CON-PVC-30A,Sjp 30A PVC Connector,Electrical,LTH,16,4.80
TAP-CAB-CB9105,Cabana Hose Bib Tap CB9105,Plumbing,UNIT,1,66.00
TAP-CAB-CB9106,Cabana Bib Tap CB9106,Plumbing,UNIT,1,66.00
TOO-DRV-KT150+,6 King Top (+) Screw Driver,Fasteners & Fixings,PCS,14,6.20
TOO-HOK-TIE-250MM,10 Tie Hook With Bearing,Power Tools,PCS,10,6.90
"TOO-NYL-PLU-COU-3/8""-NSF30",Nylon Quick Coupler 3/8 Female NSF-30,Power Tool Accessories,PCS,10,6.30
"TOO-NYL-PLU-COU-3/8""-NSM30",Nylon Quick Coupler 3/8 Male NSM-30,Power Tool Accessories,PCS,10,6.30
WAT-FIL-FMS-WF0051-5WPMIX,Watertec Water Filter 102 Starter Pack,Pumps & Water,SET,4,21.90
BRO-FLO-HORSE,Horse Palmo Broom With Handle,Doors & Hardware,PCS,4,12.80
"CUT-DIS-AKODA-4""-A7",Akoda 4 Diamond Blade Thin Wet A7,Abrasives & Cutting,PCS,7,27.90
CUT-PIP-TUB-STA-3-28MM-998493020,1/8 (3MM) - 1.1/8 (28MM) Tubing Cutter,Abrasives & Cutting,PCS,3,69.80
CUT-TIL-ROC-700MM,Rockey Tile Cutter Machine - 700MM,Flooring,SET,1,245.00
DRI-BIT-116M,35MM Hitmax Diamond Core Bit,Power Tool Accessories,PCS,4,26.50
"FIT-YG228R-NIP-REC-1/2""X3/8""-BRA","Brass Reduced Nipple 1/2""X3/8",Plumbing,PCS,10,4.70
GUM-SEL-SUPA-3ML,Selleys Supa Glue Twin Pack 3ML,Chemicals & Adhesives,PCS,10,6.90
HOS-CON-00315K,1/2 X 1/4 Water Filter Connector,Pumps & Water,PCS,4,20.90
NAI-SQU-SUP-065MM-1KG,E. G Square Boat Nail 65MM - 1KGS,Fasteners & Fixings,PKG,1,9.30
NUM-60MM-0,Venus Home Numbering 60MM - 0,Signage & Numbering,PCS,4,8.00
NUM-60MM-F,Acp Alphabet 60MM - F,Signage & Numbering,PCS,4,8.00
RAT-CAG,Rat Cage,Other,PCS,23,7.90
SAF-SHO-SANO-40#,Sano Safety Shoe 40/6,Safety & Workwear,PAIR,2,138.00
SAF-SHO-SANO-44#,Sano Safety Shoe 44/10,Safety & Workwear,PAIR,2,138.00
SHH-REEL-YD900,Yes Reel Mix Colour,Fishing & Tackle,PCS,1,20.80
SHH-SEA-FOA-FLO-SSF05,Seahawk Foam Float (2'S),Fishing & Tackle,PKT,2,8.70
"TOO-BAR-WRE-BEN-30""",Gd Wrecking BAR (bent) 30,Power Tools,PCS,4,22.90
TOO-CHI-WOO-ARA-STC002-A,1/2 Aracut Impact Hdl Wood Chisel,Power Tools,PCS,6,12.90
TOO-ELE-GUN-PIN-60W,60W Soldering Iron Gun,Home Appliances,PCS,1,23.90
TOO-NAI-JEA-D11,Adjustable Tool Belt Bag (w/clip),Power Tools,PCS,11,7.20
"TOO-NYL-PLU-COU-1/4""-NSF20",Nylon Quick Coupler 1/4 Female NSF-20,Power Tool Accessories,PCS,10,6.00
TOO-PLI-LON-CT956L,46CM Charcoal Pliers (long),Power Tools,PCS,4,19.90
TOO-RUL-SQU-TRY8,8 Try Square,Power Tools,PCS,16,3.90
"VAL-BAL-MIN-MM-1/4""X1/4""","MM Brass Mini Ball VALVE-1/4""X1/4",Plumbing,PCS,10,5.50
BNW-BOL-HTM-M06-35MM,H/t Bolt - M 06 X 35MM,Fasteners & Fixings,PCS,224,0.30
BNW-BOL-HTM-M08-20MM,H/t Bolt - M 08 X 20MM,Fasteners & Fixings,PCS,226,0.30
BNW-BOL-HTM-M08-45MM,H/t Bolt - M 08 X 45MM,Fasteners & Fixings,PCS,226,0.50
BNW-BOL-HTM-M10-30MM,H/t Bolt - M 10 X 30MM,Fasteners & Fixings,PCS,186,0.70
BNW-BOL-HTM-M16-90MM,H/t Bolt - M 16 X 90MM,Fasteners & Fixings,PCS,27,3.80
BNW-NUT-SS304-M08,SS 304 Nut - M08,Fasteners & Fixings,PCS,110,0.70
CAR-COAT-WAX-500ML,Aa Car Care Coating Wax 500ML,Automotive,PCS,5,39.80
CAR-WAX-WAS-PRE-500ML,Aa Care Care Wash&wax (premium) 500ML,Automotive,PCS,3,8.90
"DOR-SPO-WOO-10""",1-3/4 X 10 Wooden Plane Block Blade,Doors & Hardware,SET,2,33.90
"DRI-AUG-BIT-NO.1/4""",1/4 No. 1 Star-m Auger Bit (b),Power Tool Accessories,PCS,2,25.70
ELE-PVC-BOX-TC6X8,Tc 6X8 PVC Enclosure Box,Electrical,PCS,3,13.90
ELE-SOC-PLU-SATELITE,F Satelite Screw Plug (2PCS/PCK),Fasteners & Fixings,PCK,22,2.90
"FAS-SCR-TAP-CSK-10#2-1/2""",10 X2-1/2 Csk Self Tapping Screw - Flat Head (10PCS/PCK),Fasteners & Fixings,PCK,3,2.90
"FIT-SS235-TEE-1/2""-SUS304",SS Equal Tee 1/2,Plumbing,PCS,7,6.60
"FIT-YG232-ELB-1/2""-BRA",Brass Equal Elbow 1/2,Plumbing,PCS,8,5.90
"FIT-YG245-NIP-3/4""-BRA",Brass Equal Nipple 3/4,Plumbing,PCS,7,6.50
"FIT-YG355-TEE-MXMXF-1/2""-BRA",Brass Mxmxf Tee 1/2,Plumbing,PCS,5,8.80
HOL-SAW-DXHS3624-6PCS,D'xin (DX-HS-3624) Hole Saw 6PCS,Power Tool Accessories,SET,3,17.20
IND-TRO-PLA-411,Gd Plastering Trowel 4 X 11,Hand Tools,PCS,38,5.50
MET-WAT-PLA-KENT,Water Meter (plastic) 1/2 - Kent,Other,PCS,2,121.00
NAI-COM-100MM-20KG,4 Wire Nail (PCK),Fasteners & Fixings,PCK,159,3.20
O-RING-22-26-RED,O-ring 22-26 (red),Other,PCS,77,2.50
"PIP-PVC-3506-1.1/2""","1 1/2""(48MM) Class 3506 X 6M PVC Pipe",Plumbing,LTH,30,23.90
SAF-HEL-PIC-9910-YEL,Picasaf 9910 SIRIM Saf. Hel Fsn Headgear-yel,Safety & Workwear,PCS,12,16.90
SAF-SHO-LAU-39#,Laufen Safety Shoe 39/5,Safety & Workwear,PAIR,2,115.00
SAF-SHO-LAU-40#,Laufen Safety Shoe 40/6,Safety & Workwear,PAIR,2,115.00
SAF-SHO-LAU-41#,Laufen Safety Shoe 41/7,Safety & Workwear,PAIR,2,115.00
SAF-SHO-LAU-43#,Laufen Safety Shoe 43/9,Safety & Workwear,PAIR,2,115.00
SAF-SHO-PAS-40#,Passen Safety Shoe 40/6,Safety & Workwear,PAIR,2,125.00
SAF-SHO-PAS-42#,Passen Safety Shoe 42/8,Safety & Workwear,PAIR,2,125.00
"SANDEX-POL-WOO-7""",Sandex 7 Polishing Wool,Abrasives & Cutting,PCS,6,37.90
SHH-HOO-1920SS4/0,No. 4/0 Eupro Fishing Hook (6'S),Fishing & Tackle,PCK,2,8.30
SHH-SPOOL-106,Fishing Spool HP-106,Fishing & Tackle,PCS,6,2.70
"SNIP-A-ANT-TYP12""",12 England Type Tinman Snip Pride,Hand Tools,PCS,8,25.80
SOC-6MM-3WAY,PVC 3/4 3WAY Box,Other,PCS,45,0.20
SOC-EMPTY-PP100-1G,PP100 1G Ext Box,Other,PCS,3,4.50
THI-TAR-PIN,Tarpin,Other,DOZ,2,124.00
"TOO-BAR-WRE-BEN-18""",Gd Wrecking BAR (bent) 18,Power Tools,PCS,6,12.50
TOO-DRI-MAG-BSP037-F,Box Bit Socket,Electrical,PCS,13,4.20
TOO-DRV-KT250-,10 King Top (-) Screw Driver,Fasteners & Fixings,PCS,8,10.50
"TOO-FIL-ROU-WOO-10""",10 King Top Round Wood Rasp,Power Tools,PCS,5,12.70
"TOO-FIL-ROU-WOO-8""",8 King Top Round Wood Rasp,Power Tools,PCS,6,10.50
TOO-WRE-KEY-KTHEX12003,King Top 9 PCS Hex Key Wrench Set 12003,Hand Tools,SET,12,20.80
TYRE-LEVER,Tyre Lever,Automotive,PCS,19,9.90
"WOO-TIM-1"" X 2"" 4'",Mlh Sawn Timber 1 X 2 X 4,Building Materials,PCS,55,2.90
X-FLO-MOC-36102,36102 30X60CM,Power Tools,PCS,1,7.10
X-FLO-MOC-B40ACY40,B 16 X 16 Floor Tiles,Power Tools,PCS,1,4.90
X-FLO-MOC-GT3811,GT3811 30X60CM,Power Tools,PCS,1,7.10
X-FLO-MOC-KH40ABA4L,16 X 16 Ceramic Floor Tiles KH40ABA4L,Power Tools,PCS,1,4.95
X-FLO-MOC-KH40ABA7D-PI,16 X 16 Ceramic Floor Tiles KH40ABA7D-PI,Power Tools,PCS,1,4.90
X-FLO-MOC-KH40ACY20,16 X 16 Ceramic Floor Tiles KH40ACY20,Power Tools,PCS,1,4.90
X-FLO-MOC-KH40GF3DH,16 X 16 Ceramic Floor Tiles KH40GF3DH,Power Tools,PCS,1,4.50
X-FLO-MOC-N893B,N893 B 16 X 16 Forza Ceramic Floor Tiles Guocera,Power Tools,PCS,1,4.90
X-FLO-MOC-N991A,"16""X16 Floor Tiles N991A",Power Tools,PCS,1,4.90
X-FLO-MOC-T38502,T38502 30X60CM,Power Tools,PCS,1,7.10
ADH-TAP-FIB-50MM,2 Fiber Tape X 45M,Chemicals & Adhesives,PCS,8,6.90
BRA-EPO-FOL-400MM,Epoxy Folding L Bracket - 400/16,Chemicals & Adhesives,PCS,4,17.90
"BUS-NYL-W/BOL-2 1/2""",Nylon Bush With Bolt 1 1/4 X 2 1/2,Fasteners & Fixings,PCS,7,10.50
DOR-STO-RUB-RED-33MM,"Door Stopper Rubber Red 1-3/8""X3",Doors & Hardware,PCS,13,4.50
ELE-DOR-SCH,Schneider Mechanical Ding Dong Door Chim,Doors & Hardware,PCS,1,64.00
ELE-PVC-SOC-TC1820MM,Tc PVC Socket,Electrical,PCS,129,0.40
"FAS-SCR-TAP-PAN-6#3/4""",6 X3/4 Self Tapping Screw-pan Head (20PCS/PCK),Fasteners & Fixings,PACK,49,1.20
"FIT-YG225-BUSH-3/8""X1/4""-BRA",Brass Bushing 3/8 X 1/4,Plumbing,PCS,16,2.80
HHD-VAL-FLO-BRA-VIP-12MM,132 - 1/2 Vip Float Valve (light),Fishing & Tackle,PCS,10,21.90
HOS-SPA-WAS-C555,C555 Washer & Nut (CARD),Fasteners & Fixings,CARD,1,63.90
IND-CEM-3KG-RED,3KG Scincrete Tile Filla-spinach 309,Paint & Sundries,PKT,5,12.90
LOC-TRI-261,261 Tricycle Pad Lock,Locks & Security,DOZ,3,79.90
NAI-AIR-LEO-T50,Leo Air Nail - T50,Fasteners & Fixings,BOX,2,26.90
SCI-S/STEEL-TS265,S/steel Scissors 6.5,Other,PCS,1,17.90
SHH-FLOAT-FF100,"(1"") Plastic Float (2PCS/PCK)",Fishing & Tackle,PKT,10,2.00
SHH-HOOK-10829BL-NO.18,Eupro Fishing Hook No. 18 (8PC),Fishing & Tackle,PKT,4,3.90
SHH-ROD-BB200,Hytac Bumble Bee Reel,Fishing & Tackle,PCS,1,19.90
SMR-TCT-HOL-SAW-32MM,Smr Tct Holesaw 32MM,Power Tool Accessories,PCS,3,32.90
TAP-SKC-M08X1.25,Skc Hand Tap M08 X 1.25,Plumbing,SET,2,24.80
TAP-SKC-M14X1.75,Skc Hand Tap M14 X 1.75,Plumbing,SET,1,54.20
TAP-SKC-M16X1.50,Skc Hand Tap M16 X 1.50,Plumbing,SET,1,52.80
TAP-SKC-M16X2.00,Skc Hand Tap M16 X 2.00,Plumbing,SET,1,52.80
TOO-CLA-F-ATB80X150,6 X 80MM Arrow F Type Wood Clamp,Hand Tools,PCS,10,24.50
TOO-DRI-BIT-MAG-MD-02063,Mdsi (MD-02063) Magnetic Screw Bits 1/4 X 100MM (+),Fasteners & Fixings,PCS,9,5.40
TOO-DRI-MAG-BSP037-E,Asuma Box Bit Socket,Electrical,PCS,14,3.70
UMB-CHI-MIX,Big Umbrella,Housewares,PCS,11,16.50
BAT-ENE-MAX-AA-8PCS,Enr Max Aa 8PCS,Electrical,PCK,17,29.50
BEAD-COR-2.5MTR,Karyon Brand PVC Corner Bead 2.5 MTR,Other,PCS,82,1.90
BRA-S/STEEL-25MM-MMD25(D),25MM S/steel Bracket,Plumbing,PCS,14,6.20
CUT-DIS-26032-RC1500,Rc 1500 Turbo Rexcut Diamond Cutter,Abrasives & Cutting,PCS,9,21.50
"DOR-FLU-SGD-2108""",8 Armor Flush Bolt,Fasteners & Fixings,PCS,2,25.90
DOR-HIN-SSS-65MM,2 1/2 Stainless Steel Hinges,Doors & Hardware,PAIR,16,3.50
"ELE-D/L-630/6""-SQU",Down Lite 630/6 Square Wh+ww,Electrical,PCS,16,29.90
"FIT-SS240R-SOC-REC-3/4""X1/2""",SS Reducing Socket 3/4 X 1/2,Electrical,PCS,7,6.30
GAR-RAK-PVC-2021,PVC Garden Rake Head 2021,Outdoor & Garden,PCS,17,3.90
"GUN-CAU-BLU-11""",Blimax Heavy Duty Caulking GUN-11,Fasteners & Fixings,PCS,3,16.50
IND-CAS-GLI-SWI-38MM,1 1/2 IN Glide Swivel Caster Wheel,Fishing & Tackle,PCS,25,6.70
IND-WHE-3IN1,3 IN 1 Wheel Barrow,Building Materials,PCS,2,118.00
NAI-SQU-SUP-065MM-500G,E. G Square Boat Nail 65MM - 500G,Fasteners & Fixings,PCK,19,5.30
PLA-BAG-RUB-BLA-1822,18 X 22 X 0.035 X 1KG HD Black (plastic Rubbish),Packaging,PKT,17,8.90
SAF-SHO-LAU-44#,Laufen Safety Shoe 44/10,Safety & Workwear,PAIR,2,115.00
SAF-SHO-PAS-39#,Passen Safety Shoe 39/5,Safety & Workwear,PAIR,2,125.00
SAF-SHO-PAS-43#,Passen Safety Shoe 43/9,Safety & Workwear,PAIR,2,125.00
SAF-SHO-SAL-40#,Tron Safety Shoe 40/6,Safety & Workwear,PAIR,2,129.00
"SHH-LIN-I-FIXH-12""",I-fixh Wire Leader 12,Electrical,PKT,6,7.80
SWI-S/SKT-LWD-0013,Lwd 0013 F3 13A S/skt SIRIM,Electrical,PCS,74,6.20
TAP-CAB-CB5106A,Cabana Bib Tap CB5106A,Plumbing,UNIT,1,60.00
"TIE-CAB-BLA-100MM-4""","Black PVC Cable Ties 100MM (4"")",Electrical,PCK,38,2.30
TOO-CUT-CALWS708B,Cable Cutter Cr-v 200MM,Electrical,PCS,2,27.20
X-FLO-MOC-KV960,"Kv 960 12""X12 Homotiles",Power Tools,PCS,1,4.20
X-FLO-MOC-KV963,"Kv 963 12""X12 Homotiles",Power Tools,PCS,1,4.20
X-SHI-FAC,Face Shield,Power Tools,PCS,27,2.50
ABR-PAP-SWA-0220,Swallow Abrasive Sand Paper 220,Abrasives & Cutting,SHT,96,1.90
BAT-REC-FP1272-12V,Gp 12V 7.2AH Rec. Battery,Electrical,PCS,7,86.00
BNW-BOL-HTM-M10-35MM,H/t Bolt - M 10 X 35MM,Fasteners & Fixings,PCS,173,0.70
BNW-WAS-SPR-18MM,Bsw Spring Washer 3/4 (8PCS/PCK),Fasteners & Fixings,PCK,17,3.50
CHA-SAW-PLU-17X19,17 X 19 Chain Saw Plug (-),"Rope, Chain & Netting",PCS,30,5.60
CLI-HOS-ORB-3,Orbit Hose Clip No : 3,Outdoor & Garden,PCS,25,2.00
CLO-SHRT-1094L-16.5,Golden Horse Working Shirt 1094L - 16.5,Other,PCS,7,24.90
CLO-SHRT-1094L-17,Golden Horse Working Shirt 1094L - 17,Other,PCS,7,24.90
CUT-PAR-COV-105,105 Parang With Cover,Abrasives & Cutting,PCS,6,28.90
DOR-SOC-SGD-12MMSS,12MM (medium) SS St. Guchi Dust Socket,Electrical,PCS,5,18.30
DOR-STO-TYSON8988,Tyson 8988 Magnetic Door Holder,Doors & Hardware,PCS,4,19.50
DRI-UNI-26107(5),Br 6200 5MM Universal Drills (4 Flures),Power Tool Accessories,PCS,5,15.90
ELE-PVC-TEE-3W,19MM Tee Box (3WAY Box),Plumbing,PCS,68,0.70
FAS-SCR-COA-M8050,Sr Coach Screw M8 X 50MM,Fasteners & Fixings,PCS,148,0.60
"FIT-YG228R-NIP-REC-1/2""X1/4""-BRA","Brass Reduced Nipple 1/2""X1/4",Plumbing,PCS,9,4.60
GAR-HOE-LONG-KANG,Longkang With Metal Handle,Doors & Hardware,PCS,4,16.90
GAR-SHE-TIG-8530,Straight Hedge Shear : Tiger Taiwai 8530,Outdoor & Garden,PCS,1,67.90
GRA-CUT-LIN-YEL,Square Trimer Line-yellow (PCK),Outdoor & Garden,PCK,14,5.50
GRA-PVC-100MM,4 X 4 PVC Grating,Outdoor & Garden,PCS,36,1.70
HHD-CIS-HIGH-2.5G-M0635-WHI,2.5G Plastic H/l Cistern Fitting- Techplas Elegen,Plumbing,SET,12,49.90
IND-WIR-MES-PVC-11231,PVC Coated Wire Mesh 1 X 1/2 X 3,Electrical,ROLL,4,164.00
PAI-ROL-SET-WK-RR54319,Worker 4 X 18 Radiator Roller Set,Automotive,SET,66,3.40
RAI-BOO-KRK-B41M,Rainshoes - 41 (8) 6000BLK,Curtains & Blinds,PAIR,1,15.80
"SANDEX-VEL-SAN-4""-060#","Sandex 4 Velcro Sanding Disc, 60",Abrasives & Cutting,PCK,35,5.90
SHH-MOUS-H14,H14 Huizhu Fishing Superior Quality Mouse 4.5CM (soft),Fishing & Tackle,PCS,2,7.60
SMR-TCT-HOL-SAW-25MM,Smr Tct Holesaw 25MM,Power Tool Accessories,PCS,4,22.90
TEC-COM-INL-VAL-1054,1054 Techplas Compact Bottom Inlet Valve 11,Plumbing,SET,30,16.50
TOO-COM-GD28,Gd Combination Wrench 28MM,Hand Tools,PCS,2,12.20
TOO-CUT-STA-992014563,10 (yellow) Aviation Snip-straight,Hand Tools,PCS,4,63.50
"TOO-FIL-ORE-7/32""",7/32 Oregan Chainsaw File (b),Hand Tools,DOZ,5,45.90
TOO-LEV-TOR-22057,Br 2021 9 Torpedo Level,Power Tools,PCS,13,5.20
"TOO-NYL-PLU-COU-1/4""",Nylon Quick Coupler 1/4 Male NSM-20,Power Tool Accessories,PCS,9,6.00
"VAL-BAL-MIN-FF-1/4""X1/4""","Ff Brass Mini Ball VALVE-1/4""X1/4",Plumbing,PCS,9,5.50
"VAL-BAL-MIN-FH-1/4""X5/16""","Fh Brass Mini Ball VALVE-1/4""X5/16",Plumbing,PCS,11,5.90
WOO-DOU-08',Mrtx List 8 (d),Building Materials,PCS,74,2.00
ABR-PAP-STAR-400#,Three Star Sandpaper 400,Abrasives & Cutting,PCS,125,1.90
ABR-PAP-SWA-0320,Swallow Abrasive Sand Paper 320,Abrasives & Cutting,SHT,93,1.90
BBQ-CHA-BRI-3KG,3KG Charcoal Briquette,Outdoor & Garden,BOX,3,21.90
BNW-BOL-HTM-M10-25MM,H/t Bolt - M 10 X 25MM,Fasteners & Fixings,PCS,203,0.60
CHE-BRA-SSO-100ML,200ML Brassol,Chemicals & Adhesives,BOT,3,21.50
ELE-FATO-UKF-363,Fato W/p Isolator Bd UKF-363,Electrical,EA,1,51.90
FIT-HDPE-SOC-32MMX25MM,HDPE Coupler Reducing (socket) 32MM X 25MM,Plumbing,PCS,15,4.70
IMP-BIT-PM61038,Pumpkin Osaka 2PCS Impact Bit Set,Power Tools,SET,6,10.30
KGR-ALU-PAI-2.5L,Kangaroo Brand 250 Aluminium Paint 2.5 Litre,Paint & Sundries,TIN,1,77.00
NAI-AIR-LEO-F30,Leo Air Nail - F30,Fasteners & Fixings,BOX,2,24.90
NAI-CON-WHI-25MM,1 Hardened Steel Concrete Nail,Fasteners & Fixings,BOX,26,2.60
"SANDEX-VEL-SAN-4""-040#","Sandex 4 Velcro Sanding Disc, 40",Abrasives & Cutting,PCK,34,5.90
SHH-FLOAT-FF75,"(3/4"") Plastic Float (2PCS/PCK)",Fishing & Tackle,PKT,10,1.80
SWI-SOC-ULT-M031W,Ultra 16A 3 GANG 1 Way-white (M031W),Electrical,PCS,3,14.40
TOO-CHI-POINT,12 Point Chisel,Hand Tools,PCS,22,9.80
"TOO-CHI-WOO-4""",4 Wood Carving Disc,Power Tools,PCS,3,22.30
TOO-WRE-ADJ-GD250,Gd Adjustable Wrench 10,Hand Tools,PCS,13,14.50
TRCK-(0.40MM)-75MM -8FTS,Track (0.40MM) 75MM X 25MM - 8FTS,Other,PCS,2,5.80
VAL-BAL-PVC-ECC34SE,Ecco PVC Ball VALVE-3/4 Se,Plumbing,PCS,5,9.80
WEL-NOZ-SET,Nozzle Cleaner Set,Chemicals & Adhesives,PCS,10,6.90
X-GUM-STA-9960GS20DT,7 X 50 Dual Temp Glue Stick - Short (6 Pcs/pack),Chemicals & Adhesives,PKT,10,7.80
ALUM-ROU-32MM-10'-NA,Na X 10 X 1.1/4 Round Tube,Building Materials,PCS,5,37.50
BAT-ENR-MAX-AAA-8PCS,Enr Max Aaa 8PCS,Electrical,PCK,18,29.50
BLI-HSS-HOL-SAW-50MM,Navato Hole Saw Cutter 50MM,Power Tool Accessories,PCS,3,29.90
BNW-BOL-HTM-M08-50MM,H/t Bolt - M 08 X 50MM,Fasteners & Fixings,PCS,198,0.50
BNW-BOL-SS304-M8-35MM,SS 304 Bolt - M8 X 35MM,Fasteners & Fixings,PCS,75,1.30
"BNW-WAS-1/4""",1/4 Iron Washer (20PCS/PCK),Fasteners & Fixings,PKT,96,1.90
CHE-LUB-GLO-450ML,Glochem Anti-rust Lubricant 450ML,Chemicals & Adhesives,PCS,8,6.90
CUT-PAR-BM22,Bossman Brasil Design Machete 22,Abrasives & Cutting,PCS,9,20.50
CUT-PAR-COV-135,135 Parang With Cover,Abrasives & Cutting,PCS,5,32.90
CUT-SAW-SET-BLM8,Sensui Sawset Plier 8,Hand Tools,PCS,4,40.90
DRI-AUG-2WAY-18MM,T&t 2WAY Auger BIT-3/4,Power Tool Accessories,PCS,3,17.60
DRI-CER-BLI-12MM(+),Blimax Multi Ceramic Cross Drill Bit - 12MM (+),Power Tool Accessories,PCS,5,15.00
DZ-GEN-BPC-180,Bull Point Chisel,Hand Tools,PCS,2,6.90
ELE-T5-3'-3000K,Ffl T5 3FT 14W LED Fitting Set,Plumbing,PCS,3,19.90
"FAS-SCR-TAP-CSK-6#1""",6 X1 Csk Self Tapping Screw-flat Head (20PCS/PCK),Fasteners & Fixings,PACK,39,1.60
FIT-PVC-CON-15MM,PVC Fitting Tank Connector 15MM 1/2,Plumbing,PCS,251,1.80
GRA-CUT-BLA-6T,6T Blade Cut Grass Trimmer Head,Outdoor & Garden,PCS,3,22.50
LAD-ALU-AT-DS09,At 9 Step D/side Aluminium Ladder,Ladders & Access,UNIT,1,319.00
MEA-TAP-00317W,Ex 5M Fung Shui Measuring Tape,Hand Tools,PCS,14,13.90
NP-BAR-427-1L,1L Bintang Automotive Refinish 427 Deep Green,Automotive,TIN,4,49.00
"PIP-UPVC-2""","2""(50MM) Ut X 6M Upvc Pipe",Plumbing,LTH,20,30.90
PLA-MAT-EAW-MTR,Elephant-king Anti-weed Mat (pp) 1M,Packaging,MTR,100,1.90
PUT-CAR-888-3.5KG-GREY,Sawada Car Putty 3.5KG Grey,Paint & Sundries,TIN,1,72.90
PYE-WATER-LOCK-1.5KG,PYE Water-lock 1.5KG,Locks & Security,TIN,4,43.90
SWI-ON/OFF-315,Pacific Ii Switchfuse 315 20A 500V,Electrical,PCS,3,169.81
TAP-SET-20PCS,20PCS Tap And Die Set,Plumbing,SET,1,84.90
TAP-SKC-M10X1.75,Skc Hand Tap M10 X 1.75,Plumbing,SET,1,45.70
TAP-SKC-M14X2.00,Skc Hand Tap M14 X 2.00,Plumbing,SET,1,45.70
"TOO-CLA-F-ATB80X8""",8 X 80MM Arrow F Type Wood Clamp,Hand Tools,PCS,8,27.50
TOO-DRV-KT200+,8 King Top (+) Screw Driver,Fasteners & Fixings,PCS,11,6.50
VAL-BAL-MMAN-7733#X1,M'man Ball Valve X 1,Plumbing,PCS,7,6.50
X-TOO-PLI-SLI-STA-200,8 Maxgrip Bi-material Slip Joint Pliers,Power Tools,PCS,2,32.00
ABR-PAP-SWA-1200,Swallow Abrasive Sand Paper 1200,Abrasives & Cutting,SHT,76,2.10
"BUS-NYL-W/BOL-1 1/4""",No Brand Gate Boost Roller PVC 1-1/4 X 1-1/4,Doors & Hardware,PCS,10,3.90
CUT-PAR-COV-125,125 Parang With Cover,Abrasives & Cutting,PCS,5,30.90
ELE-CHO-C40W,Itoku Fluo Fitting Choke,Plumbing,SET,2,22.50
FAS-SCR-COA-M8025,Sr Coach Screw M8 X 25MM,Fasteners & Fixings,PCS,194,0.40
FIT-GAL-ELBW-38MM,Galvanised Elbow (90) 38MM,Plumbing,PCS,9,7.90
FIT-UPVC-BEN-ELB-110MM,U-pvc Bend (elbow) 110MM 4,Plumbing,PCS,71,6.50
FIT-UPVC-TEE-110MM,U-pvc Tee 110MM 4,Plumbing,PCS,29,20.90
IND-CAS-GLI-RIG-65MM,2 1/2 IN Glide Rigid Caster Wheel,Building Materials,EA,17,8.70
IND-IRON-WEL-HAPS,Iron Welding Haps 1/8 X 4.1/2,Home Appliances,PCS,9,2.00
LOC-TRI-NUM-MIX-20MM,Tri-circle Number Padlock 20MM,Locks & Security,PCS,13,12.50
RAI-BOO-BLA-RUB-42,8835 Black Rubber Shoes 42,Curtains & Blinds,PAIR,15,9.90
RIG-CLI-GAL-25MM,Galvanised Wire Rope Clip 25MM,Lifting & Rigging,PCS,5,5.90
SAF-SLI-GLO-2TON4M,Webbing Sling (glolift) 50MM 2 Ton X 4M,Lifting & Rigging,LGTH,1,26.90
"SANDEX-POL-WOO-5""",Sandex 5 Polishing Wool,Abrasives & Cutting,PCS,7,28.50
SOC-BOX-28-13A,GI Socket Box,Electrical,PCS,47,1.00
TAB-SHE-PVC-Y160,Y-160 PVC Sheet,Housewares,MTR,2,6.90
TOO-ELE-CRMW0283,Modular Plug Crimp 200MM,Electrical,PCS,2,24.20
"WOO-TIM-2""X2""X12'",Mlh Sawn Timber 2 X 2 X 12,Building Materials,PCS,7,26.00
X-CIMA-DL-L/SC38/RND/18W/DL,Senco 6 Round LED Panel Light 18W,Lighting,SET,1,21.50
ABR-PAP-STAR-320#,Three Star Sandpaper 320,Abrasives & Cutting,PCS,114,1.90
ABR-PAP-SWA-0400,Swallow Abrasive Sand Paper 400,Abrasives & Cutting,SHT,86,1.90
BAT-BL2018-KR,Battery Pack 2.0AH Lithium Ion 18V,Electrical,PCS,3,175.00
BNW-BOL-HTM-M10-45MM,H/t Bolt - M 10 X 45MM,Fasteners & Fixings,PCS,135,0.70
BNW-BOL-HTM-M10-65MM,H/t Bolt - M 10 X 65MM,Fasteners & Fixings,PCS,105,0.90
BNW-WAS-M6,M6 Washer (10PCS/PCK),Fasteners & Fixings,PCK,110,0.50
CAB-LUG-01.5-5,Cable Lug 1.5-5 (10PCS/PCK),Electrical,PCK,13,3.80
CHI-FEE-SML-NCI24012,Feeder For Chicken (small),Outdoor & Garden,PCS,3,21.90
CUT-PVC-BIRD-HAN-NT,PVC Knife Handle (bird Head),Doors & Hardware,PCS,23,2.30
DRI-BIT-116N,38MM Hitmax Diamond Core Bit,Power Tool Accessories,PCS,3,28.50
ELE-FATO-UKF-320,Fato W/p Isolator Bd UKF-320,Electrical,EA,1,39.90
ELE-GRW-20A1PMCB,Grow 20A 1P Mcb,Electrical,EA,9,6.50
ELE-PEN-339/3-E27,Pendant Light 339-3,Electrical,PCS,7,92.00
ELE-PVC-CRO-4W,19MM Cross Box 4WAY,Electrical,PCS,61,0.70
"FIT-YG239R-SOC-MXF-3/8""X1/4""-BRA","Reduced Mxf Brass Socket 3/8""X1/4",Electrical,PCS,11,3.50
FRI-STA-TOYOGO-TYG775,Toyogo 4 IN 1 Durable Multi Use Stand,Other,SET,11,13.50
"GAR-SAW-MAR-14""",M'man Pruning Saw 2116,Outdoor & Garden,PCS,4,13.90
GRA-PVC-150MM,6 X 6 PVC Grating,Outdoor & Garden,PCS,30,2.50
IND-WIR-SQU-8#X24GX80',Square Wire Mesh 8 X 24G X 80,Electrical,COIL,3,199.00
JAC-BOT-CNN-R30TON,China Bottle Jack - 30 Ton,Lifting & Rigging,PCS,1,199.00
KGR-KIM-300ML-9215,300ML Kangaroo Kimtone 9215,Paint & Sundries,TIN,4,17.80
LOC-TRI-262,262 Tricycle Pad Lock,Locks & Security,DOZ,2,104.00
"NAI-CON-BLA-25""",1 Black Hardened Steel Concrete Nail,Fasteners & Fixings,BOX,21,2.90
"NAI-CON-GAL-1""-BOX",1 Galvanised Steel Nail- 1 KG,Fasteners & Fixings,BOX,28,13.80
NAI-SQU-SUP-038MM-500G,E. G Square Boat Nail 38MM - 500G,Fasteners & Fixings,PCK,16,5.30
O-RING-16-21-RED,O-ring 16-21 (red),Other,PCS,64,2.00
SAF-SHO-PCSL911-8/42#,Picasaf Sport Leisure Safety Shoe 911 8/42,Safety & Workwear,PAIR,2,112.00
SAF-SHO-PCSL911-9/43#,Picasaf Sport Leisure Safety Shoe 911 9/43,Safety & Workwear,PAIR,2,112.00
SHH-FIG-BRA-LIN-4X-100LB,Shuttle 4X Braided Line 100M (100LB) (dark Green),Fishing & Tackle,PCS,1,17.50
SWI-FLO-UKY2-4M,Chngia Floot Switch 4M,Electrical,PCS,8,16.98
TAP-SKC-M14X1.50,Skc Hand Tap M14 X 1.50,Plumbing,SET,1,45.70
TOO-DRV-KT107+Z100,"100MM (4""+6)107 King Top (+) Screw Driver",Fasteners & Fixings,PCS,19,3.90
TOO-DRV-KT150-,6 King Top (-) Screw Driver,Fasteners & Fixings,PCS,11,6.20
TOO-FIL-SLIM-STA-125MM,5 Slim Tapered File-carded (PCS),Hand Tools,PCS,15,11.20
BNW-BOL-HTM-M14-40MM,H/t Bolt - M 14 X 40MM,Fasteners & Fixings,PCS,43,1.70
BNW-BOL-SS304-M6-20MM,SS 304 Bolt - M6 X 20MM,Fasteners & Fixings,PCS,181,0.50
BRU-HAN-SW20,Nn Wire Wheel Brush - SW20,Electrical,PCS,6,6.70
CAR-WAX-RAT-REPELL,Natural Rodent Repellent Spray,Automotive,PCS,6,27.50
CLI-HOS-ORB-4X,Orbit Hose Clip No : 4X,Outdoor & Garden,PCS,18,3.00
"DOR-H&S-LEO-3""",Leon S/steel Hasp & STAPLE-3,Fasteners & Fixings,DOZ,1,53.90
DRI-BIT-116R,50MM Hitmax Diamond Core Bit,Power Tool Accessories,PCS,2,41.50
ELE-CON-SPR-25MM,Conduit Spring 25MM *70CM,Electrical,EA,4,14.30
"IND-IRON-BUSH-3/8""",Coller Iron Bush 3/8,Home Appliances,PCS,6,2.70
IND-VEN-HOS-AIR,Airbank 5M Flexible Duct 05,Building Materials,ROLL,1,193.00
JAC-BOT-CNN-R03TON,China Bottle Jack - 3.0 Ton,Lifting & Rigging,PCS,3,62.00
KGR-KIM-300ML-9212,300ML Kangaroo Kimtone 9212,Paint & Sundries,TIN,4,17.80
NAI-COM-75MM-20KG,3 Wire Nail,Fasteners & Fixings,BOX,5,114.00
"PAI-ROL-SET-4""X18""",Gold Pyramid 4 X 18 Paint Roller Set,Paint & Sundries,SET,18,3.90
SAF-LIG-PCBL966,Picasaf Baton Light 966,Safety & Workwear,PCS,8,22.50
SHH-FLOAT-FF50,"(1/2"") Plastic Float (2PCS/PCK)",Fishing & Tackle,PKT,10,1.60
SMR-TCT-HOL-SAW-28MM,Smr Tct Holesaw 28MM,Power Tool Accessories,PCS,3,26.50
SPR-RED,Spring Red,Fasteners & Fixings,PCS,184,0.50
SWI-SOC-EVB-318WSS-IP66,E'bright IP66 13A Weatherproof Socket,Electrical,PCS,1,41.50
TAP-SKC-M12X1.50,Skc Hand Tap M12 X 1.50,Plumbing,SET,1,38.50
TAP-SKC-M12X1.75,Skc Hand Tap M12 X 1.75,Plumbing,SET,1,39.50
TOO-DRV-KT300-,12 King Top (-) Screw Driver,Fasteners & Fixings,PCS,6,10.90
TOO-HAN-L-STA-998686493,1/2 L- Handle,Doors & Hardware,PCS,2,30.50
BNW-WAS-COM-06MM,Zinc Plated Washer 1/4,Fasteners & Fixings,KGS,33,11.50
BNW-WAS-COM-18MM,Zinc Plated Washer 3/4,Fasteners & Fixings,KGS,43,11.50
CLI-HOS-ORB-0X,Orbit Hose Clip No : 0X,Outdoor & Garden,PCS,36,2.00
DOR-RUB-SEAL-BRWN-BSDB100,Bossman Silicone Door Seal 100CM - Brown,Chemicals & Adhesives,ROLL,6,8.40
ENR-METAL-EMER-32,Enr Metal Emergency Beacon Light,Other,PCK,2,79.00
HOS-REL-EAG-6230#,Eagle H/duty Portable Hose Reel (6230 ),Fishing & Tackle,PCS,2,87.90
LEO-S/S-LOC-BOL-LB304-4,Leon 4 S/steel Lockble,Fasteners & Fixings,PCS,2,24.20
LOC-STA-827-426,827-420 3PC 50MM Sb Padlock Set,Locks & Security,PCS,1,248.00
LOC-TRI-264,264 Tricycle Pad Lock,Locks & Security,DOZ,1,194.00
MAS-COT-CHM,Cotton Head Mask,Other,PCS,13,9.90
"NAI-CON-GAL-2.1/2""-BOX",2-1/2 Galvanised Steel Nail- 1 KG,Fasteners & Fixings,BOX,27,12.50
"PIP-PVC-C-2""","2""(60MM) Class C X 6M PVC Pipe",Plumbing,LTH,10,56.90
SHH-FLOAT-FF125,"(1 1/4"") Plastic Float (2PCS/PCK)",Fishing & Tackle,PKT,6,2.00
SHH-FROG-3591011,3591011 Santec Flott Hopp 45MM 7G (mix Color),Fishing & Tackle,PCS,10,14.90
TAP-SKC-M10X1.25,Skc Hand Tap M10 X 1.25,Plumbing,SET,1,31.90
TOO-CUT-BOLW09,W09 Mini Bolt Cutter 200MM,Fasteners & Fixings,PCS,2,21.90
TOO-CUT-STA-992014564,10 (green) Aviation Snip-right,Hand Tools,PCS,3,64.00
TOO-DRV-KT200-,8 King Top (-) Screw Driver,Fasteners & Fixings,PCS,10,6.50
X-GUM-STA-9960GS10DT,4 X 0.45 Dual Temp Mini Glue Stick,Chemicals & Adhesives,PKT,3,21.90
BNW-BOL-HTM-M12-100MM,H/t Bolt - M 12 X 100MM,Fasteners & Fixings,PCS,36,2.10
BNW-BOL-HTM-M16-65MM,H/t Bolt - M 16 X 65MM,Fasteners & Fixings,PCS,27,2.50
"CUT-KNIFE-12""-KWONG",13 Kwong Knife,Abrasives & Cutting,PCS,4,37.90
"DOR-PUL-ALU-3""",3 Door Pull,Doors & Hardware,DOZ,8,8.30
"DOR-PUL-ALU-4""",4 Door Pull,Doors & Hardware,DOZ,6,11.10
FAS-SHE-EYE-RING-4#,4 Sheep Eye Ring (10PCS/PCK),Fasteners & Fixings,PCK,32,1.70
HOL-POR-E27,E27 Porcelin Holder Wire,Electrical,PCS,22,3.00
HOS-MAC-WAS-OUT-WPJ114-A,1 1/4 PVC Flexible Outlet Hose,Outdoor & Garden,ROLL,5,10.30
IND-GAL-WIR-PVC-0.6MM-1MM,Arrow Green PVC Coated Wire 0.6MM-1MMX18M,Electrical,ROLL,11,3.80
IND-GAL-WIR-PVC-COA-3MMX25KGS,PVC Coated Wire 3.00MM X 1KG,Electrical,KGS,88,10.50
IND-SCO-WOO-501,501 Wooden Handle Shovel Head (PCS),Doors & Hardware,PCS,4,14.90
IND-WIR-MES-2X2X3'X15GX100',Wire Mesh 2 X 2 X 3 X 15G X 100,Electrical,ROLL,3,184.00
LEO-SUS304-MB-LSSB201,Leon Sus 304 Bibtap,Plumbing,PCS,1,51.90
M-TP-SC-AG002,Stop Cock AG002,Plumbing,NOS,1,59.50
MET-WAT-GK,Water Meter 1/2 - Gk,Other,PCS,1,183.00
"MIDDY-OUTLET-4""-WHT",Middy: 4 Outlet (white),Other,PCS,8,21.50
NUM-60MM-6,Acp Numbering 60MM - 6,Signage & Numbering,PCS,3,8.00
RIG-SHA-GAL-06MM,Galvanised D-shackle 06 MM,Lifting & Rigging,PCS,27,1.30
SHH-SPOOL-105,Fishing Spool HP-105,Fishing & Tackle,PCS,6,2.20
SHH-SWIVEL-NO.2,Nickel Swivel No. 2,Fishing & Tackle,PKT,3,5.30
"SPO-WAS-2""",2 Washing Sponge,Other,PCS,90,1.60
SWI-SOC-ULT-M000W,Ultra 1 GANG Blank Plate-white (M000W),Electrical,PCS,8,4.60
TAP-SKC-M08X1.50,Skc Hand Tap M08 X 1.50,Plumbing,SET,1,35.70
TOO-DRV-SET-APS355,Arrow Electronics Bit Driver Set,Power Tools,SET,3,22.50
TOO-ELE-TES-BRA,Brass Test Pen (yellow Card),Power Tools,PCS,5,9.80
TOO-FIL-SLIM-STA-160MM,6 Slim Tapered File-carded,Hand Tools,PCS,12,12.90
X-FLO-MOC-KV945,"Kv 945 12""X12 Homotiles",Power Tools,PCS,1,4.80
X-FLO-MOC-KV951,12 X 12 Salto Guocera Tiles,Power Tools,PCS,1,3.50
BAT-BOSSMAN-20V,Bossman Economic Series 4.0AH 20V Battery,Electrical,PCS,4,132.00
BNW-BOL-HTM-M08-30MM,H/t Bolt - M 08 X 30MM,Fasteners & Fixings,PCS,170,0.40
FIR-HOO-31150,Fire Extinguisher Bracket,Safety & Workwear,PCS,36,3.90
"FIT-SS233-PLU-3/4""-SUS304",SS Square Plug 3/4,Electrical,PCS,8,4.90
GAR-SHE-R'KEY-701,R'key Long Snip Gardening Pruner - 701,Hand Tools,PCS,17,7.50
IND-WIR-MES-181819-LTH,Wire Mesh 3/4 X 3/4 X 3 X 19G,Electrical,ROLL,3,179.00
LOC-BCK-SSS-3PCS,Buick Keyalike Padlock 50MM 3PCS,Locks & Security,PCK,1,169.00
MEA-TAP-STE-2067#-30M,M'man 30M Steel Tape 2067 - 30M,Hand Tools,PCS,4,42.90
"NAI-CON-GAL-3""-BOX",3 Galvanised Steel Nail- 1 KG,Fasteners & Fixings,BOX,27,12.50
"NAI-LOS-HEA-1.1/2""-500G",1 1/2 Lost HD Nails 500G,Fasteners & Fixings,PCK,10,5.90
O-RING-27-30-RED,O-ring 27-30 (red),Other,PCS,57,3.00
RIG-NIP-38MM,K. C. Nipple 38 MM,Lifting & Rigging,PCS,5,4.50
SHH-FROG-3591012,3591012 Santec Flott Hopp 40MM 8.4G (mix Color),Fishing & Tackle,PCS,9,14.90
SHH-HOOK-HOLDER-SHH100,Yes Hook Holder 25CM-YHH25,Fishing & Tackle,PCS,1,12.90
SMR-TCT-HOL-SAW-20MM,Smr Tct Holesaw 20MM,Power Tool Accessories,PCS,4,18.90
"SPO-WAS-5""X8""X1.5""",Sponge 5 X 8 X 1.5,Other,PCS,56,2.50
SWI-CON-PVC-15A,Sjp 15A 12MM PVC Connector,Electrical,LTH,19,2.90
TOO-CUT-STA-992014562,10 (red) Aviation Snip-left,Hand Tools,PCS,3,63.00
TOO-ELE-STR-WS104,Tool Wire Striper,Electrical,EA,2,21.50
TOO-ELE-TES-PEN-SP9810,Brass Head Colours Test Pen,Power Tools,PCS,16,3.50
TOO-HOK-TIE-GD250,Gd Tie Hooks 250MM,Power Tools,PCS,7,7.50
TOR-ENE-HDD-6V,Heavy Duty Dolphin - 6V,Other,PCK,2,68.80
ABR-PAP-RIK-240#,Riken White Sandpaper 240,Abrasives & Cutting,PCS,95,1.90
APR-NKS-PVC-MSHGPYA-0001,Nks PVC Yellow Apron,Safety & Workwear,PCS,9,14.20
BNW-BOL-HTM-M16-100MM,H/t Bolt - M 16 X 100MM,Fasteners & Fixings,PCS,18,4.30
CON-CAB-BOO-500AMP,Gd Booster Cable 500A,Electrical,PCS,12,33.50
"DIG-CAL-6""-6158",Mii Digital Caliper 6,Hand Tools,PCS,2,95.00
"DOR-FLU-SGD-35612""",12 SS St. Guchi Flush Bolt SGDB-35612,Fasteners & Fixings,PCS,1,42.30
"DOR-HIN-STE-5/8""",Steel HINGES-5/8,Doors & Hardware,PCS,2,2.00
DRI-MIX-SDS-PAI,20 Asuma Putty & Paint Mixer BAR,Paint & Sundries,PCS,3,20.50
"FAS-SCR-TAP-CSK-8#3/8""-PCK",8 X3/8 Csk Self Tapping Screw-flat Head (20PCS/PCK),Fasteners & Fixings,PCK,40,1.30
"FAS-SCR-TAP-PAN-8#1.1/4""",8 X1-1/4 Ph Self Tapping Screw-pan Head (20PCS/PCK),Fasteners & Fixings,PCK,15,2.60
"FIT-SS375-TEE-1/2""",304 Mxfxm Tee W/flex Nut 1/2,Fasteners & Fixings,PCS,4,8.40
"FIT-YG225-BUSH-1/2""X3/8""-BRA",Brass Bushing 1/2 X 3/8,Plumbing,PCS,12,3.00
GAR-CUT-ROP-RAM,Rambutan Cutter Rope,"Rope, Chain & Netting",PCS,8,21.20
GRA-CUT-BLA-35590,14 Tanaka Square Brush Culter,Outdoor & Garden,PCS,3,13.90
IND-GAL-WIR-PVC-1.1MM-1.4MM,Arrow Green PVC Coated Wire 1.1MM-1.4MMX30M,Electrical,ROLL,5,7.50
JAC-BOT-CNN-6T,6T Bottle Jack-cn,Automotive,PCS,2,87.50
MAN-COV-BNH,18 X 24 Bnh Rectangular Polythene Manhole Cover,Plumbing,PCS,4,119.00
O-RING-12-15,O-ring 12-15,Other,PCS,56,1.50
O-RING-27-30,O-ring 27-30,Other,PCS,56,3.00
PAI-SPR-KIMLAC-9611,Kimlac Brand Spray Paint 9611,Paint & Sundries,TIN,3,22.90
"PIP-UPVC-4514-6""",6 (160MM) 4514 X 6M Upvc Pipe,Plumbing,MTR,13,39.50
PVC-STRAPPING-BLACK,PVC Strapping Black,Packaging,KGS,11,12.90
ROD-CUR,Curtain Rod 65 Fts,Curtains & Blinds,ROLL,6,29.90
SHH-SPOOL-104,Fishing Spool HP-104,Fishing & Tackle,PCS,7,1.80
SMR-TCT-HOL-SAW-26MM,Smr Tct Holesaw 26MM,Power Tool Accessories,PCS,3,23.90
SWI-PLU-GCE-128C-BLU,Gce 128C 13A Fuse Plugtop-blue,Electrical,PCS,1,4.70
SWI-PLU-GCE-128C-GRE,Gce 128C 13A Fuse Plugtop-green,Electrical,PCS,1,4.70
TAP-SKC-M06X1.00,Skc Hand Tap M06 X 1.00,Plumbing,SET,2,19.90
TOO-CHI-FLAT,12 Flat Chisel,Hand Tools,PCS,15,11.50
TOO-CLA-F-ATB120X600,24 X 120MM Arrow F Type Wood Clamp,Hand Tools,PCS,3,61.90
TOO-HEX-WRE-1.5MM-10MM,Sunmoon Hex Wrench,Hand Tools,SET,1,11.90
WEL-HOL-BUT-600AMP,Butbro Welding Holder - 600 Amp,Welding,PCS,6,24.90
X-CUT-DIS-26172,"Br 6412 4""X1.0MM Green Cutting Disc",Abrasives & Cutting,PCS,10,1.30
ABR-PAP-STAR-180#,Three Star Sandpaper 180,Abrasives & Cutting,PCS,105,1.90
BLI-HSS-HOL-SAW-13MM,Navato Hole Saw Cutter 13MM,Power Tool Accessories,PCS,5,10.90
CAB-LUG-04-6,Cable Lug 4-6 (10PCS/PCK),Electrical,PCK,8,4.90
CAR-TYRE-SHI-SHA-TWIN-PCK-500ML,Aa Car Care Tyre Shine + Wash Shampoo (twin Pack) 500ML,Automotive,PCS,7,20.90
CUT-PVC-BLK-HAN-99003,PVC Knife Handle (black),Doors & Hardware,PCS,21,2.20
CUT-VEG-N8003,Thumb Vegetable Cutter Gloves Large,Abrasives & Cutting,PCS,37,3.50
DRI-BIT-116E,14MM Hitmax Diamond Core Bit,Power Tool Accessories,PCS,6,10.50
DRI-CER-BLI-08MM(+),Blimax Multi Ceramic Cross Drill Bit - 8MM (+),Power Tool Accessories,PCS,6,10.50
DRI-HSS-TWI-05MM,Blimax Hss Twist Drill BIT-3/16,Power Tool Accessories,PCS,21,1.50
FAS-RIV-PAT-3/16X1/2-PCK,Blind Rivet: Jaguar 3/16 X 1/2 (20PCS/PCK),Fasteners & Fixings,PCK,26,2.20
FLO-MOC-DAD06,"12""X12 Sand Storm Grey Guocera Floor Tiles",Building Materials,PCS,3,4.30
KGR-KIM-300ML-9213,300ML Kangaroo Kimtone 9213,Paint & Sundries,TIN,4,17.80
MDD-CON-MALE-RED-1,Male Disconnects - Red (1.5MM) (10PCS/PCK),Electrical,PCK,2,6.50
"NAI-LOS-HEA-1.1/2""-200G",1 1/2 Lost HD Nails 200G,Fasteners & Fixings,PCK,23,3.20
PLA-BAG-8X12X1KG,8 X 12 X 1KG Hd/roll,Packaging,ROLL,9,11.60
POL-HAR-NYL-JM-665A-37~38MM,Harvesting Palm Oil Clip 1-1/2,Other,PCS,2,5.20
"SANDEX-VEL-SAN-4""-240#","Sandex 4 Velcro Sanding Disc, 240",Abrasives & Cutting,PCK,27,5.90
SHH-HOOK-HOLDER-YHH20,Yes Hook Holder 20CM-YHH20,Fishing & Tackle,PCS,1,11.90
TOO-CHI-STA-25MM,"1""/25MM Dynagrip Wood Chisel",Hand Tools,PCS,5,31.50
TOO-DRV-2WAY,K 2WAY Screw Driver,Fasteners & Fixings,PCS,20,1.90
TOO-HAN-SPA-T10MM,T Handle Spanner 10MM,Hand Tools,PCS,3,6.70
TOO-RUL-STE-300,Steel Angle Square 12,Power Tools,PCS,10,5.50
VAL-BAL-CNN-38MM,Steel Ball Valve - Cnn 38 MM,Plumbing,PCS,2,28.90
VAL-BAL-MIN-BV3WF,Sanwa 3 Way Mini Ball Valve 1/2 F/m/m,Plumbing,PCS,14,27.80
"ALUM-ROU-20'X1.1/2""",Na X 20 X 1 1/2 Round Tube,Building Materials,PCS,2,82.00
BAT-ENE-LIT-2032,Energizer Lithium 2032,Electrical,PCS,27,9.90
BNW-BOL-HTM-M12-70MM,H/t Bolt - M 12 X 70MM,Fasteners & Fixings,PCS,46,1.50
CEI-COR-C255`,C255 Cornices,Building Materials,PCS,1,9.50
CEI-COR-C313`,C313 Cornices,Building Materials,PCS,1,9.50
CEI-COR-C314`,C314 Cornices,Building Materials,PCS,1,9.50
CHI-BIR-CUP,Bird Cup,Other,PCS,46,2.90
CLI-BAT-CLI-0025AMP,L/duty Battery Clip 25AMP,Electrical,SET,13,2.50
DOR-LOC-MOR-KINGKU,Kingku 45MM X 85MM SS Mortise Lock Case,Locks & Security,PCS,2,69.50
FIT-GAL-CAP-38MM,Galvanised Cap (301) 38MM,Plumbing,PCS,9,6.70
"FIT-HDPE-NIP-1""X1""",HDPE Nipple 1 X 1,Plumbing,PCS,32,1.20
"FIT-SS239R-SOC-REC-MXF-3/4""-SUS304",SS Mxf Reducing Socket 3/4,Electrical,PCS,9,3.50
FLOAT-CT-ACV20,3/4 Cotta Automatic Control Valve,Plumbing,PCS,12,33.90
HHD-CIS-LOW-3.0G-M0625,3.0G Plastic L/l Cistern Fitting Techplas Elegen,Plumbing,SET,10,52.90
HOO-SINGLE-S/S-1363HB,Isano S/steel Single Hook BAR (2PCS Per Card),Doors & Hardware,CARD,7,6.80
"IND-CAS-BRA-4""",4 Brake Industrial Castor,Building Materials,PCS,11,12.50
IND-SCP-PUT-15075(10),Br 2600 10 S/steel Putty Knife,Hand Tools,PCS,15,9.30
NAI-COM-25MM-20KG,1 Wire Nail (BOX),Fasteners & Fixings,BOX,4,124.00
NAI-CON-ACE-16-BOX,Ace Galvanised Flat Head Nails 16 X 2.0 (500GM),Fasteners & Fixings,BOX,3,9.20
OIL-EAG-GLASS-100#,Eagle Oil Glass 100,Building Materials,PCS,6,23.50
PAI-BRU-633-075MM,Paint Brush 633 X 75MM (DOZ),Paint & Sundries,DOZ,2,29.90
"SANDEX-VEL-SAN-4""-400#","Sandex 4 Velcro Sanding Disc, 400",Abrasives & Cutting,PCK,26,5.90
SHH-LINE-L/G-OSML40,Omega Shigeru Mono Line (green) 40LBS,Fishing & Tackle,PCS,1,11.90
SHH-LINE-L/G-OSML50,Omega Shigeru Mono Line (green) 50LBS,Fishing & Tackle,PCS,1,11.90
SHH-LINE-L/G-OSMLB8,Omega Shigeru Mono Line 8LBS (green),Fishing & Tackle,PCS,1,11.90
SHH-RING-3WAY-50LB,3 Way Wire Rig (i-fixh) 50LB (7CM),Electrical,PKT,6,5.50
TOO-SPA-BEN-BLK-09MM,BAR Bender: (m) Black 3/8,Power Tools,LGHT,2,27.90
X-FLO-MOC-KP106B,KP106B 300X300MM,Power Tools,PCS,1,3.60
X-FLO-MOC-KP106D,KP106D 300X300MM,Power Tools,PCS,1,3.60
X-FLO-MOC-KP106E,KP106E 300X300MM,Power Tools,PCS,1,3.60
ABR-PAP-SWA-0360,Swallow Abrasive Sand Paper 360,Abrasives & Cutting,SHT,70,1.90
ALUM-ROU-32MM-20'-MB,Mb X 20 X 1.1/4 Round Tube,Building Materials,PCS,2,79.00
BNW-BOL-HTM-M08-25MM,H/t Bolt - M 08 X 25MM,Fasteners & Fixings,PCS,151,0.30
DRI-HSS-TWI-06MM,Blimax Hss Twist Drill BIT-1/4,Power Tool Accessories,PCS,12,2.50
ELE-SWI-SELCON-3A,Selcon 3A Photocell Switch J,Electrical,PCS,9,39.90
FIT-PVC-CON-20MM,PVC Fitting Tank Connector 20MM 3/4,Plumbing,PCS,143,2.50
FLO-MOC-SP121D,12 X 24 Guocera Homogenoues Tiles,Flooring,PCS,1,8.60
FLO-MOC-SP121F,12 X 24 Homo Tile SP121F,Flooring,PCS,1,8.60
INK-CHI-BLA(HUA),Chinese Writing Ink (chong Hua),Other,PCS,51,2.60
LAD-ALU-AT-DS06,At 6 Step D/side Aluminium Ladder,Ladders & Access,UNIT,1,219.00
"NAI-CON-GAL-1.1/2""-BOX",1-1/2 Galvanised Steel Nail- 1 KG,Fasteners & Fixings,BOX,24,12.90
"SANDEX-VEL-SAN-4""-100#","Sandex 4 Velcro Sanding Disc, 100",Abrasives & Cutting,PCK,25,5.90
SHH-LINE-L/G-OHML10,Omega Hayasu Mono Line (rainbows) 10LBS,Fishing & Tackle,PCS,1,11.90
STR-NYL-TWI-09S,9 Nylon Twin,"Rope, Chain & Netting",ROLL,54,2.50
TOO-DRV-SETW0557,6PCS Screw Drivers Set,Fasteners & Fixings,SET,4,8.70
TOO-HAN-SPA-T08MM,T Handle Spanner 08MM,Hand Tools,PCS,3,6.20
WEL-HOL-SAM-600AMP,Samson Welding Holder - 600 Amp,Welding,PCS,6,23.90
X-FLO-MOC-30B140,"12""X12 Floor Tiles 30B140",Power Tools,PCS,1,3.70
X-FLO-MOC-M33806,M33806 30X30CM Tiles,Power Tools,PCS,1,2.90
X-FLO-MOC-M33807,M33807 30X30CM,Power Tools,PCS,1,2.90
ABR-PAP-SWA-0800,Swallow Abrasive Sand Paper 800,Abrasives & Cutting,SHT,67,1.90
ABR-PAP-SWA-2000,Swallow Abrasive Sand Paper 2000,Abrasives & Cutting,SHT,53,2.50
BNW-BOL-HTM-M12-60MM,H/t Bolt - M 12 X 60MM,Fasteners & Fixings,PCS,46,1.50
CLO-SHRT-1094L-14,Golden Horse Working Shirt 1094L - 14,Other,PCS,5,24.90
COC-BAL-VIP-319-SS18MM,319 3/4 Vip Union Lever Bib Tap,Plumbing,PCS,13,28.80
ELE-PVC-BOX-TC4X4,Tc 4X4 PVC Enclosure Box,Electrical,EA,6,4.90
FAS-BOL-ANC12,Sh Drop IN Anchor 1/2 X 2 (5PCS/PCK),Fasteners & Fixings,PCK,7,6.50
"FAS-SCR-TAP-CSK-10#1""",10 X1 Csk Self Tapping Screw-flat Head (10PCS/PCK),Fasteners & Fixings,PACK,4,1.60
FIB-CLO-GUM,Fiber+cloth+gum,Other,SET,2,72.00
JAC-BOT-CNN-R20TON,China Bottle Jack - 20 Ton,Lifting & Rigging,PCS,1,158.00
MEA-TAP-BLI-7.5M-BCR,Blimax Measuring Tape - Bcr 7 7.5M,Hand Tools,PCS,9,16.90
MIDDY-PVC-BRA-WHI,Middy: PVC Bracket (white),Other,PCS,23,4.20
PUM-HAN-DP-145,Korea Acid Hand Pump -4 Gal,Pumps & Water,PCS,3,14.20
RAI-SUI-SUP-M,Supersonic PVC Rain Suit Trouser : M,Curtains & Blinds,PCS,4,34.50
RAI-SUI-SUP-XL,Supersonic PVC Rain Suit Trouser : XL,Curtains & Blinds,PCS,4,34.50
SCA-NAK-DOU-3100093,Nakuho-double Face Spring Scale (round Pan) 20KG,Housewares,PCS,1,159.00
SHH-BOX-TB10A,Tackle Box (adjust),Fishing & Tackle,PCS,5,2.30
SHH-HOOK-21P8,21 Pontoon Treble Hook (8G),Fishing & Tackle,PCS,3,6.50
SHH-HOOK-9255SS-3/0,Eupro Octopus S/s Hook No. 3/0(9'S),Fishing & Tackle,PKT,1,10.90
STR-NYL-TWI-18S,18 Nylon Twin,"Rope, Chain & Netting",ROLL,52,2.50
SWI-KAT-BRE-KT325,Katko Load Break Isolating Switch KT325,Electrical,PCS,1,23.58
TL2087POLY-DC4,Thailion 2087 4 Polyethylene Dampcourse,Other,ROLL,3,45.00
TOO-FIL-SLIM-STA-100MM-992022304,4 Slim Tapered File-carded,Hand Tools,PCS,14,9.20
TOO-HOO-KTTIE,King Top Hook Wrench (ball Bearing Spanner),Hand Tools,PCS,14,8.90
VAL-BAL-MIN-BV3WM,Sanwa 3 Way Mini Ball Valve 1/2 M/m/m,Plumbing,PCS,13,27.50
WIN-ROL-MAS-4002X10SET,Sr Master Roller 4002 X 10 Sets,Doors & Hardware,SET,17,2.50
X-FLO-MOC-30PS18,12 X 12 Floor Tiles 30PS18,Power Tools,PCS,1,2.85
X-SWI-LWD-1WAY-2GANG,Niko S - 1G1W Switch White,Electrical,PCS,87,3.80
"ALUM-HOLLOW-2""X1""-4",2 X 1 Alum. Hollow Na - 4,Building Materials,PCS,5,26.90
"ALUM-ROU-NA-20'X1.1/4""",Na X 20 X 1 1/4 Round Tube,Building Materials,PCS,2,74.90
BNW-BOL-HTM-M10-40MM,H/t Bolt - M 10 X 40MM,Fasteners & Fixings,PCS,102,0.80
CAR-WAX-DIS,Dsl Dispel - 500ML,Automotive,PCS,5,25.90
ELE-D/L-PHI-PLC-865-18W,Philips Plc 18W 865 D/l Tube,Electrical,PCS,22,13.90
ELE-HOL-MX660/A,13A E27 Night Light Holder,Electrical,PCS,9,3.90
"FIT-YG235-TEE-1/4""-BRA",Brass Equal Tee 1/4,Plumbing,PCS,5,5.80
IND-PUN-YEL,PVC Punkis,Building Materials,PCS,15,7.20
JAC-BOT-CNN-R05TON,China Bottle Jack - 5.0 Ton,Lifting & Rigging,PCS,2,72.00
"MET-WAT-WASHER-1/2""",Water Meter Washer 1/2 (2PCS/PCK),Fasteners & Fixings,PCK,16,2.50
"NAI-CON-GAL-4""-BOX",4 Galvanised Steel Nail - 1 KG,Fasteners & Fixings,BOX,22,13.90
PAD-FIBR-DISC-BBU4,Bossman Fibre Disc Back-up Pad 4,Other,PCS,20,5.90
TAP-SKC-M10X1.50,Skc Hand Tap M10 X 1.50,Plumbing,SET,1,40.90
TOO-BAG-MTB002-E,20 Sensui Reflective Tools Bag,Power Tools,PCS,1,61.80
TOO-DRV-KT300+,12 King Top (+) Screw Driver,Fasteners & Fixings,PCS,5,10.50
TOO-LEV-MAG-SPI9,9 Magnet Spirit Level,Power Tools,PCS,6,6.90
X-FLO-MOC-30AAS80,"12""X12 Floor Tiles KH30AAS80",Power Tools,PCS,1,3.70
X-FLO-MOC-30LS02,12 X 12 Floor Tiles 30LS02,Power Tools,PCS,1,2.85
X-FLO-MOC-BR3030WW,300MM X 300MM BR3030WW,Power Tools,PCS,1,3.60
AER-FIL-TUB-050MM,Aerico Filter Tube 2 1/2 5MM,Pumps & Water,MTR,12,4.30
BAT-TER-+&-,Battery Terminal +&,Electrical,SET,32,9.50
BNW-BOL-HTM-M10-50MM,H/t Bolt - M 10 X 50MM,Fasteners & Fixings,PCS,88,0.80
COC-BAL-VIP-318-SS12MM,S/s Handle Union Tap:vip 318 1/2,Plumbing,PCS,14,26.90
ELE-PLUG-TOP-FUSE-15A,Plug Top Fuse 15A,Electrical,PCS,99,0.70
FIT-PVC-ELB-15MM*,PVC Fitting Elbow 15MM 1/2,Plumbing,PCS,561,0.70
"FIT-SS239-SOC-MXF-3/4""-SUS304","Mxf Socket 3/4""X3/4",Electrical,PCS,7,4.20
MIDDY-CORNER OUT-G100CO-W,Middy:corner Out (white),Other,PCS,4,40.00
NAI-CON-BLA-18MM,3/4 Black Hardened Steel Concrete Nail,Fasteners & Fixings,BOX,18,2.70
NUM-80MM-8,Acp Numbering 80MM - 8,Signage & Numbering,PCS,11,12.60
SAF-BEL-IND-SH6,R'yal Body Harness Safety Belt,Safety & Workwear,PCS,3,43.90
"SANDEX-VEL-SPO-5""",Sandex 5 Velcro Polish Sponge (thick),Abrasives & Cutting,PCS,10,11.90
STR-NYL-TWI-06S,6 Nylon Twin,"Rope, Chain & Netting",ROLL,50,2.50
SWI-SOC-KB15,Schneider-vivace 13A 250V 1G Switched Socket,Electrical,PCS,38,8.90
TOO-RUL-CAL-516,2PCS PVC Caliper,Hand Tools,PCK,14,8.90
TOO-TES-PEN-STA-(66-120),Spark Detecting Screwdriver - 3/16 X 7-1/2,Hand Tools,PCS,10,12.50
TOO-WRE-DOU-1617,Double Flexible Socket Wrench 16 X 17MM,Hand Tools,PCS,7,21.90
TOO-WRE-KEY-A30800,Arrow 9 PCS MM Ball Point Hex Wrench Set,Hand Tools,SET,7,21.90
ABR-PAP-SWA-0500,Swallow Abrasive Sand Paper 500,Abrasives & Cutting,SHT,63,1.90
BAT-ENE-LIT-2016,Energizer Lithium 2016,Electrical,PCS,24,10.50
BNW-BOL-SS304-M6-30MM,SS 304 Bolt - M6 X 30MM,Fasteners & Fixings,PCS,96,0.60
CLI-ELE-CAB-20MM100'S,Cable Clip 20MM 40'S,Electrical,BOX,7,6.30
DRI-AUG-2WAY-09MM,T&t 2WAY Auger BIT-3/8,Power Tool Accessories,PCS,4,8.10
IND-IRON-PLATE,M5 X 1.1/2 Gate Lock Holder,Doors & Hardware,PCS,58,1.60
LAM-INC-RF300WH,300W Sport Light,Lighting,BOX,3,18.00
"NAI-CON-WHI-3/4""",3/4 Hardened Steel Concrete Nail,Fasteners & Fixings,BOX,22,2.50
PAI-BRU-633-075MM,Paint Brush 633 X 75MM (PCS),Paint & Sundries,PCS,18,2.90
PLA-BAG-6X9X500G,6 X 9 X 500G Hd/roll,Packaging,ROLL,15,5.80
RAI-BOO-TCS5-41#7,Tc S5 Yellow Safety Rain Boots 7,Safety & Workwear,PAIR,3,49.50
RAI-BOO-TCS5-45#11,Tc S5 Yellow Safety Rain Boots 11,Safety & Workwear,PAIR,3,49.50
RIG-NIP-25MM,K. C. Nipple 25 MM,Lifting & Rigging,PCS,7,3.10
RIG-SHA-GAL-12MM,Galvanised D-shackle 12 MM,Lifting & Rigging,PCS,7,2.80
SAF-SHO-SAV-40/6#,Savvi Safety Shoe 40/6,Safety & Workwear,PAIR,2,76.00
SAF-SHO-SAV-42/8#,Savvi Safety Shoe 42/8,Safety & Workwear,PAIR,2,76.00
SAF-SHO-SAV-43/9#,Savvi Safety Shoe 43/9,Safety & Workwear,PAIR,2,76.00
SAF-SHO-SAV-44/10#,Savvi Safety Shoe 44/10,Safety & Workwear,PAIR,2,76.00
SCP-TOI-CONCR-CLE-500ML,500ML Scp Concrete Cleaner,Chemicals & Adhesives,BTL,4,8.50
SHH-FROG-FG108737-37MM,Hytac Frog 37MM 8.4G (mix Colour),Fishing & Tackle,PCS,1,10.20
SHH-SPOON-2106,2106 (10G) 42MM Seahawk Iwana Spoon (silver Colour),Fishing & Tackle,PCS,10,11.60
SHH-SPOON-2159,2159 (10G)48MM Seahawk Iwana Spoon (mix Color),Fishing & Tackle,PCS,10,11.50
"SIN-FLE-PVC-OUT-1.1/2""",Corsa Flexible Hose 1/2 (350-800MM),Plumbing,PCS,6,5.70
TAB-PVC-187-15,137CM X 25M Thick 107 Table Cloth - 494-10,Housewares,ROLL,1,149.00
TIE-CAB-WHI-100MM,"White PVC Cable Ties 100MM (4"")",Electrical,PCK,26,2.30
TOI-TRAP-AC15S,S-trap AC15S,Plumbing,NOS,1,39.00
"TOO-BAR-WRE-STR-24""",Gd Wrecking BAR (straight) 24,Power Tools,PCS,3,15.50
"TOO-BAR-WRE-STR-36""",Gd Wrecking BAR (straight) 36,Power Tools,PCS,2,24.60
"TOO-LEV-MAG-SENSUI-12""",12 Sensui (blue) Magnet Spirit Level,Power Tools,PCS,2,26.80
TOO-PLI-CIR-STA-BI175,7 Circlip Pliers- Bent Int,Power Tools,PCS,1,49.60
TOO-PLI-COM-STA-150,6 Dynagrip HD Combination Plier,Hand Tools,PCS,3,47.90
TOO-RUL-STE-250,Steel Angle Square 10,Power Tools,DOZ,1,51.90
TOO-WRE-AHD10,10 Arrow Black-finished H/d Adjustable Wrench,Hand Tools,UNIT,3,45.90
X-DOR-LOC-CYL-02103,Br 579 AC Cylindrical Door Lock,Doors & Hardware,SET,1,29.50
BNW-BOL-HTM-M16-50MM,H/t Bolt - M 16 X 50MM,Fasteners & Fixings,PCS,23,2.40
BRA-S/STEEL-19MM-MMD19(D),19MM S/steel Bracket,Plumbing,PCS,10,5.30
CHI-FOO-4712P,12 Food Container For Chicken W/partition,Outdoor & Garden,PCS,4,8.90
CLI-ELE-CAB-07MM,Cable Clip 7MM 100'S (bd),Electrical,BOX,13,3.20
CUT-OIL-GLA,055 Oil Glass Cutter,Building Materials,PCS,10,8.90
CUT-SAW-WAL-BOA,King Top Wall Board Saw,Building Materials,PCS,8,11.50
ELE-PEN-5566/3-PL,Pendant Light 5566-3,Electrical,PCS,3,169.00
"FIT-HDPE-ADA-MAL-20MMX3/4""",HDPE Adaptor Male 20MM X 3/4,Plumbing,PCS,30,1.30
GAS-LIG-081,349 Flexible Refillable Gas Lighter,Home Appliances,PCS,1,8.90
GAS-SPR-CR8459N,Cleaning Chamber,Home Appliances,PCS,2,5.60
"HHD-PIP-FLU-1 1/2""",1 1/2 Flush Pipe,Plumbing,PCS,74,4.50
"IND-CAS-PVC-SWI-4""",Medium Duty Red PVC Swivel Wheel 4,Fishing & Tackle,PCS,3,46.50
IND-SCP-PUT-AEK10,Arrow Wide Putting Filling Knife 10,Building Materials,PCS,14,8.30
ROP-MANILA-6MM,Manila Rope -1/4 (6MM),"Rope, Chain & Netting",MTR,104,1.20
SAF-SHO-SAV-41/7#,Savvi Safety Shoe 41/7,Safety & Workwear,PAIR,2,76.00
"SANDEX-VEL-SAN-4""-180#","Sandex 4 Velcro Sanding Disc, 180",Abrasives & Cutting,PCK,22,5.90
SWI-PLK-5G1W-5051,Plk 5051 10A 5G 1W Switch SIRIM,Electrical,PCS,14,26.50
TOO-CLA-F-ATB120X300,12 X 120MM Arrow F Type Wood Clamp,Hand Tools,PCS,3,46.50
TOO-HAM-RUB-16OZ,Rubber Mallet (cn) 16 Oz,Power Tools,PCS,5,8.30
TOO-WRE-1011#,Mii Angle Grinder Wrench 1011,Power Tools,PCS,5,8.50
TOO-WRE-OIL-FW-7008A,Fiesto Chain Oil Filter Wrench 9,Hand Tools,PCS,7,19.90
X-FLO-MOC-30QG30,"12""X12 Floor Tiles 30QG30",Power Tools,PCS,1,2.90
X-FLO-MOC-30RCP14,12 X 12 Floor Tiles 30RCP14,Power Tools,PCS,1,2.75
X-FLO-MOC-30RCP24,12 X 12 Floor Tiles 30RCP24,Power Tools,PCS,1,2.75
X-FLO-MOC-A30FT20,A30FT20 300X300MM,Power Tools,PCS,1,3.30
X-FLO-MOC-A30FT40,A30FT40 300X300MM,Power Tools,PCS,1,3.30
BNW-BOL-HTM-M16-55MM,H/t Bolt - M 16 X 55MM,Fasteners & Fixings,PCS,22,2.50
"BRA-S/STEEL-L-10""X6""","S/steel L Bracket - 10""X6",Plumbing,SET,13,28.30
"ELE-D/L-222/6""-BK",Surface Downlite 222/6 Bk,Electrical,PCS,11,31.90
FAS-BOL-EXP-0650,Sh Expansion Bolt M6 X 50,Fasteners & Fixings,BOX,6,68.90
IND-CEM-KEM-GREY-20KG,Kemgrip Adhesive Cement Grey 20KG,Chemicals & Adhesives,BAG,1,30.90
LOC-TRI-263,263 Tricycle Pad Lock,Locks & Security,DOZ,1,144.00
RAI-BOO-BLA-RUB-036#,8834 Black Rubber Shoes W/studs 36,Curtains & Blinds,PAIR,10,9.90
RIC-COO-PSN-SR-E10A-SU,1.0L Conventional R/c (sky Blue),Other,PCS,1,152.00
SAF-BEL-IND-886,R'key Big Buckle Safety Belt,Safety & Workwear,PCS,2,68.80
"SANDEX-POL-WOO-4""",Sandex 4 Polishing Wool,Abrasives & Cutting,PCS,6,22.90
"TOO-BAR-WRE-BEN-24""",Gd Wrecking BAR (bent) 24,Power Tools,PCS,3,13.90
"TOO-DRV-STA-TAN-8MM-12""X#3(+) 996065260",Tank Thru Screwdriver - 8MM X 12 X 3 (+),Hand Tools,PCS,4,30.00
"TOO-FIL-HAL-ROU-WOO-8""",8 King Top Half Round Wood Rasp,Power Tools,PCS,3,11.90
TOO-HAM-SLE-4P,Double Face Sledge Hammer - 4P,Hand Tools,PCS,3,42.50
TOO-PLI-RAB-160MM,Red Kapok Rabbit Plier 8,Hand Tools,PCS,14,7.80
ABR-PAP-HOL,Sand Paper Holder,Building Materials,PCS,18,5.90
"BNW-B&N-ORI-3/4"" X2.1/2""",Mild Steel Bolt & Nut 3/4 X 2.1/2,Fasteners & Fixings,KG,34,9.50
BNW-WAS-SPR-16MM,Bsw Spring Washer 5/8 (8PCS/PCK),Fasteners & Fixings,PCK,13,2.50
CAR-WAX-LV-OIL,Luxewood Vitality Oil,Automotive,PCS,4,29.80
COC-BAL-MMAN-619,M'man Bib Tap Lever Handle - 619,Plumbing,PCS,20,15.90
CUT-BLA-LB39H,Tajima Spare Blade - 9MM,Abrasives & Cutting,PCS,6,1.60
DOR-SOC-SGD-100MMSS,10MM (small) SS St. Guchi Dust Socket,Electrical,PCS,3,18.30
DZ-GEN-BCC-14X250X20,Star Flat Chisel (mm),Power Tool Accessories,PCS,2,12.90
FAS-BOL-EXP-0875,Sh Expansion Bolt M8 X 75,Fasteners & Fixings,BOX,4,99.90
FIT-PVC-ELB-45DEG40MM,PVC Fitting Elbow 40MM (4.5') 1.1/2,Plumbing,PCS,19,1.60
FLO-MOC-NT311,NT311 30X60CM,Flooring,PCS,1,9.40
FLO-MOC-NT312,NT312 30X60CM,Flooring,PCS,1,9.40
FLO-MOC-NT313,NT313 30X60CM,Flooring,PCS,1,9.40
HOS-REL-EAG-2030#,Eagle Portable Hose Reel (2030 ),Fishing & Tackle,PCS,2,59.90
IND-CAS-GLI-RIG-38MM,1 1/2 IN Glide Rigid Caster Wheel,Building Materials,EA,19,5.30
"IND-TRO-SPO-3X9""",3 X 9 Sponge Trowel,Hand Tools,PCS,11,8.60
LAS-DIS-N60,60M Sensui Laser Distance Digital Measuare (red Line),Other,SET,1,155.00
"NAI-CON-GAL-3""-PCK",3 Galvanised Steel Nail (10PCS/PCK),Fasteners & Fixings,PCK,19,2.30
NUM-60MM-L,Acp Alphabet 60MM - L,Signage & Numbering,PCS,13,8.00
OIL-SIN-80ML,Singer Oil 80ML,Automotive,PCS,19,4.90
PEN-ALU,Slate Pencil,Housewares,BOX,5,27.90
PVC-STRAPPING,Strapping,Packaging,COIL,2,55.00
SAF-BOX-ADS-20,"Aero Digital Safety Box 200 X 310 X 200MM, 4.5KG",Safety & Workwear,UNIT,1,155.00
SHH-FROG-LURE-H21,H21 Huizhu Fishing Lure Frog 4.5CM (soft),Fishing & Tackle,PCS,1,9.20
"SHH-LIN-I-FIXH-6""",I-fixh Wire Leader 6,Electrical,PKT,4,6.90
SIN-BAS-VIP-NO.51,No. 51 Vip Washbasin Waste (pop-up) W/o Overflow,Plumbing,PCS,1,32.90
SOC-SWI-162MCS,Socket Outlet,Electrical,PCS,2,103.77
STIHL-0781-516-6001,Forestplus Chain Lubricant (4T),Automotive,BOT,5,18.90
TOO-COM-SET-ISS03,Topwins 14PCS Combination Spanner (yellow),Hand Tools,SET,2,69.90
"TOO-FIL-ORE-3/16""",3/16 Oregan Chainsaw File (b) (DOZ),Hand Tools,DOZ,3,45.90
TOO-HOO-STEEL-12000,Arrow 12 Steel BAR Strapping Device,Packaging,PCS,8,13.90
TOO-MAG-BIT-BLIMAX,Blimax M2 Power (+)(-),Power Tools,PCS,1,3.10
TOO-WRE-DOU-1719,Double Flexible Socket Wrench 17 X 19MM,Hand Tools,PCS,6,23.50
VAL-BAL-MMAN-7733#X1/2,M'man Ball Valve X 1/2,Plumbing,PCS,9,3.30
BNW-BOL-HTM-M16-70MM,H/t Bolt - M 16 X 70MM,Fasteners & Fixings,PCS,18,2.90
BRU-WIP-100933-SET+GS2212,2 IN 1 Rubber Squeeze With Broom - Set,Housewares,SET,5,22.90
CAR-WAX-UV-PROTEC,Aa Car Care UV Protectant 350ML,Automotive,BTL,5,22.50
CLI-ELE-CAB-08MM100S,Cable Clip 08MM 100'S,Electrical,BOX,11,3.70
CUT-SAW-MINI-AMS10,10 Arrow Mini Saw,Abrasives & Cutting,PCS,13,7.50
ELE-CLI-PIP-PVC-38MM,1.1/2 PVC Hose Clips,Outdoor & Garden,PCS,92,1.00
FAS-SCR-COA-M6060,Sr Coach Screw M6 X 60MM,Fasteners & Fixings,PCS,121,0.40
FAS-SCR-ZPH-DSMHO625,Sr Zph Self Drilling Screw DSM-HO625(20PCS/PCK),Fasteners & Fixings,PCK,8,4.20
FIT-HDPE-CAP-25MM,HDPE End Cap 25MM,Plumbing,PCS,21,2.00
HOS-INL-SCR-3.5M,Washing Machine Inlet Hose W/adaptor (SCREW)-3.5M,Fasteners & Fixings,PCS,17,25.90
IND-WHE-TYR-BEA,Wheel Barrow,Building Materials,PCS,7,1.50
RIG-CLI-GAL-10MM,Galvanised Wire Rope Clip 10MM,Lifting & Rigging,PCS,19,1.20
ROO-SHE-POL-1MMX8',Polycarbonate 1MM X8,Building Materials,PCS,1,118.00
SAF-FULL-BOD-SUP,Supersonic Full Body Harness,Safety & Workwear,SET,1,119.50
SIN-WAS-00219S,1 1/2 Waste SS Bolt & Copper Nut,Fasteners & Fixings,PCS,43,7.70
SKI-JNT-COM-SUR-25KG,25KG Joint Compound - Scp,Other,TIN,2,59.00
STR-NYL-TWI-21S,21 Nylon Twin,"Rope, Chain & Netting",ROLL,44,2.50
SWI-PLU-UMS-150 15A,Ums 15A Air Cond P/top SIRIM,Electrical,PCS,3,7.90
WIN-CAP-4004,Sr End Cap 4004 X 10PCS,Doors & Hardware,PCK,13,3.30
WOR-MARK-X-CHA,Worker/mark-x Charger Only (cordless Drill),Power Tools,PCS,1,49.00
"AER-FA6-2""-FITTING",Aerico FA6-2 Fitting,Plumbing,PCS,2,12.80
ARG-GAS-CYL,Seamless Steel Cyl Valve Argon Gas,Plumbing,PCS,1,359.00
BAT-ENE-LIT-2025,Energizer Lithium 2025,Electrical,PCS,21,11.90
BAT-ENE-MAX-9V1PCS,En Max 9V 1 Pc,Electrical,PCS,16,15.90
BLI-HSS-HOL-SAW-30MM,Navato Hole Saw Cutter 30MM,Power Tool Accessories,PCS,3,18.90
BNW-BOL-HTM-M16-75MM,H/t Bolt - M 16 X 75MM,Fasteners & Fixings,PCS,16,3.00
CLO-SHRT-1094L-16,Golden Horse Working Shirt 1094L - 16,Other,PCS,4,24.90
CUT-SAW-MMAN-606#-18,M'man Alloy Hand Saw 606 - 18,Abrasives & Cutting,PCS,6,18.30
DRI-BIT-116D,25MM Hitmax Diamond Core Bit,Power Tool Accessories,PCS,3,18.50
DRI-CER-BLI-10MM(+),Blimax Multi Ceramic Cross Drill Bit - 10MM (+),Power Tool Accessories,PCS,4,12.60
ELE-CON-MAG-SC-N25,Contactor SC-N2S,Electrical,BOX,5,160.38
FIT-PVC-ELB-PT40MM,PVC Fitting P/t Elbow 40MM 1-1/2,Plumbing,PCS,61,4.50
"FIT-SS355-TEE-1/2""",304 Mxfxm Tee 1/2,Plumbing,PCS,4,6.00
"FIT-SS366-TEE-1/2""",304 Fxfxm Tee 1/2 SS366,Plumbing,PCS,4,5.90
FIT-UPVC-SOC-82X50MM,U-pvc Socket Reducing 3 X 2,Electrical,PCS,2,10.50
NAI-FEL-SUP-32MM-500G,E. G Felt Nail 32MM - 500G,Fasteners & Fixings,PKT,11,5.20
PELEKAT-LALAT-CYZ7676,Sell Pelekat Lalat,Other,PCK,20,6.60
PVC-STRAPPING-LEMON YELLOW,PVC Strapping Lemon Yellow,Packaging,KGS,8,12.90
"SHH-ROU-LAN-NET-17""",Round Landing Net 17 PE Net,Fishing & Tackle,PCS,4,29.80
SMR-TCT-HOL-SAW-19MM,Smr Tct Holesaw 19MM,Power Tool Accessories,PCS,3,17.90
STR-NYL-TWI-12S,12 Nylon Twin,"Rope, Chain & Netting",ROLL,43,2.50
STR-NYL-TWI-15S,15 Nylon Twin,"Rope, Chain & Netting",ROLL,43,2.50
SWI-S/SKT-LWD-0023,Lwd 0023 F3 13A Double S/skt SIRIM,Electrical,PCS,12,24.90
TOO-CHI-WOO-ARA-STC002-B,5/8 Aracut Impact Hdl Wood Chisel,Power Tools,PCS,3,13.60
TOO-DRV-SET-APS-353,Arrow Precision Screwdriver Set,Hand Tools,SET,7,15.50
TOO-TES-PEN-BT9001,Bt Multi Function Digital Tester-blue Light,Power Tools,PCS,2,20.90
VAL-BAL-VIP-MM12MM,323MM - 1/2 Vip Chrome Mini Valves,Plumbing,PCS,21,12.80
"WAL-PLU-NYLON-8#X3""","B133 Nylon Wall Plug-m'sia 8 X3""(10PCS/PCK)",Fasteners & Fixings,PCK,10,3.50
X-FLO-MOC-BR3030BW,300MM X 300MM BR3030BW,Power Tools,PCS,1,3.60
X-FLO-MOC-BR3030NSG,BR3030NSG 30CMX30CM,Power Tools,PCS,1,2.30
ADH-TAP-NISSHO-HCH-SG0102,18MM X 1.5M 3M 1600 Foam Double Side Tape (white),Chemicals & Adhesives,PCS,6,5.70
AER-FIL-TUB-065MM,Aerico Filter Tube 3 6.5MM,Pumps & Water,MTR,10,4.30
AIR-CHU-LTMS-250MM,Ltms 602 Air Chuck 10 - Twn,Automotive,PCS,5,21.50
BAT-ENE-MAX-9V2PCS,Energizer Max 9V 2 Pc,Electrical,PCK,10,25.90
BNW-BOL-HTM-M06-40MM,H/t Bolt - M 06 X 40MM,Fasteners & Fixings,PCS,117,0.40
BNW-BOL-HTM-M08-60MM,H/t Bolt - M 08 X 60MM,Fasteners & Fixings,PCS,83,0.70
BNW-BOL-HTM-M16-80MM,H/t Bolt - M 16 X 80MM,Fasteners & Fixings,PCS,16,2.90
CAR-WIN-WIP-350ML,Aa Car Care Windshield Cleaner 350ML,Automotive,PCS,10,9.20
"CUT-KNI-STA-DYN-5.5/8""-10779-8",5-5/8 X 144MM Dynagrip Retractable Utility Knife,Hand Tools,PCS,3,29.90
CUT-SAW-SET,Saw Adjuster With Wood Handle,Doors & Hardware,PCS,6,4.90
ELE-RENO-63A-2P-MCB,Reno 63A 2P Mcb,Electrical,EA,2,21.90
FIT-HDPE-ORI-25MM,HDPE O-ring 25MM,Plumbing,PCS,32,1.50
HOS-CON-ADA-ECOG4026,"Ecogreen- Tap Adaptor / 1/2""-3/4",Electrical,PCS,7,4.50
I-30CC-PELIKAN,Pelikan Stamp Pad Ink-blue,Other,BOT,1,11.00
IND-CAS-SWI8,Swivel Caster 8,Fishing & Tackle,PCS,4,28.50
IND-DUS-GLO-120L-TYRE,120 Liter Dustbin - Tyre,Automotive,PCS,4,38.90
JAC-BOT-CNN-R15TON,China Bottle Jack - 15 Ton,Lifting & Rigging,PCS,1,125.00
NAI-COM-25MM-20KG,1 Wire Nail (PCK),Fasteners & Fixings,PCK,76,3.90
NUM-60MM-J,Acp Alphabet 60MM - J,Signage & Numbering,PCS,12,8.00
PAI-ROL-REF-L420*,Leon 4 Paint Roller,Paint & Sundries,PCS,2,1.50
PYE-KREK-SEAL-500ML,PYE Krek-seal 500ML,Building Materials,TIN,4,26.50
RIG-SHA-GAL-16MM,Galvanised D-shackle 16 MM,Lifting & Rigging,PCS,3,5.50
SAF-SHO-SANO-42#,Sano Safety Shoe 42/8,Safety & Workwear,PAIR,1,138.00
SHH-PLA-NET-NEEDLE-NO.1-GRE,Plastic Net Needle No. 1 (green),Fishing & Tackle,PCS,3,2.90
TOO-COM-GD29,Gd Combination Wrench 29MM,Hand Tools,PCS,1,14.30
TOO-DRV-KT107-Z125,"125MM (5""-6)107 King Top (-) Screw Driver",Fasteners & Fixings,PCS,12,4.10
TOO-FIL-15095(4),Br 2027 4 Slim Taper File,Hand Tools,PCS,16,6.80
TOO-FIL-SENSUI-SNF001-D,12 Sensui Metal Flat File,Hand Tools,PCS,5,25.90
TOO-WRE-ADJ-STA-300,12 Adjustable Wrench,Hand Tools,PCS,2,62.90
BLI-HSS-HOL-SAW-42MM,Navato Hole Saw Cutter 42MM,Power Tool Accessories,PCS,2,24.90
BNW-BOL-HTM-M08-40MM,H/t Bolt - M 08 X 40MM,Fasteners & Fixings,PCS,113,0.50
BNW-BOL-HTM-M12-65MM,H/t Bolt - M 12 X 65MM,Fasteners & Fixings,PCS,33,1.50
CUT-DIS-YES-080#,Yes Line Green Grinding Disc 4 X 80,Abrasives & Cutting,PCS,12,6.20
"CUT-SAW-M'MAN-606#-20""",M'man Alloy Hand Saw 606 - 20,Abrasives & Cutting,PCS,5,19.90
FLO-MOC-ECO36019GBLK,Honeycomb Black,Flooring,PCS,1,6.70
FLO-MOC-ECO36019GMDC,Honeycomb Decor,Flooring,PCS,1,6.70
HAN-CLO-JM-1039,6 Hook S/steel Strong Hook,Other,SET,6,14.90
IND-WIR-MES-PVC121218,PVC Coated Wire Mesh 1/2 X 1/2 X 3,Electrical,ROLL,2,179.00
PAI-TIG-250ML-ALUM,250ML Tiger G. P 203 Aluminium (TIN),Paint & Sundries,TIN,3,10.90
PEN-WAL-4.5KG,Pentens Dr. Wall 4.5KG,Housewares,PAIL,1,115.00
RAI-BOO-BLA-RUB-40,8835 Black Rubber Shoes 40,Curtains & Blinds,PAIR,9,9.90
RAI-COA-PON-YY1030H-GRE,0.30MM 700G Poncho Raincoat,Curtains & Blinds,PCS,5,19.50
RAI-COA-SUP-M,Supersonic PVC Rain Coat: M,Curtains & Blinds,PCS,4,26.90
SAF-SHO-PAS-41#,Passen Safety Shoe 41/7,Safety & Workwear,PAIR,1,125.00
SAF-SHO-PAS-44#,Passen Safety Shoe 44/10,Safety & Workwear,PAIR,1,125.00
"SANDEX-VEL-SAN-4""-080#","Sandex 4 Velcro Sanding Disc, 80",Abrasives & Cutting,PCK,19,5.90
SHH-RING-2WAY-40LB,2 Way Wire Rig (i-fixh) 50LB (7CM) (631802),Electrical,PKT,5,4.80
"SHH-ROU-LAN-NET-16X1/2""",Round Landing Net 16 X 1/2,Fishing & Tackle,PCS,4,27.90
SWI-OMS-MIR-SHORT,Series Microswitch Limit Switch Short,Electrical,PCS,27,5.00
SWI-POL-HEA-SWI-250V,Pol 20A Heater Switch 250V Neon,Electrical,PCS,17,15.50
TOO-CHI-STA-16MM,"5/8""/16MM Dynagrip Wood Chisel",Hand Tools,PCS,4,27.50
TOO-DRV-KT107,"200MM (8""-6) 107 King Top (-) Screw Driver",Fasteners & Fixings,PCS,11,4.50
TOO-DRV-KT125+,5 King Top (+) Screw Driver,Fasteners & Fixings,PCS,7,5.90
TOO-DRV-SET6PCS,6PCS Precision Screw Driver,Fasteners & Fixings,SET,8,5.50
WEL-REG-IW-23AR,I-weld Argon Regulator,Welding,PCS,1,113.00
BNW-B&N-ORI-09100,Mild Steel Bolt & Nut 3/8 X 4,Fasteners & Fixings,KGS,27,9.50
BNW-BOL-SS304-M6-35MM,SS 304 Bolt - M6 X 35MM,Fasteners & Fixings,PCS,78,0.70
BRU-CON-CRM611,Contour Washing Brush 611,Other,PCS,14,5.90
"ELE-D/L-629/6""-ROU",Down Lite 629/6 Round - Wh+ww,Electrical,PCS,10,29.90
FAS-BOL-EXP-0865,Sh Expansion Bolt M8 X 65,Fasteners & Fixings,BOX,4,86.90
FIT-GAL-NIP-38MM,Galvanised Nipple (280) 38MM,Plumbing,PCS,5,8.50
FIT-GAL-TEE-25MM,Galvanised Tee (130) 25MM,Plumbing,PCS,7,5.80
FIT-HDPE-ORI-20MM,HDPE O-ring 20MM,Plumbing,PCS,46,1.10
FLO-MOC-WGC902D,Noto White WGC902D 300X600MM,Flooring,PCS,1,6.40
GAR-SPR-CR8441CPT,Auto Release Body Complete,Outdoor & Garden,PCS,2,19.80
GUN-TAC-ASG168,Arrow Heavy Duty Staple Gun,Fasteners & Fixings,PCS,5,64.90
HOS-SPA-WAS-RUB-C666-N,C666 Rubber Washer,Fasteners & Fixings,CARD,1,31.90
"OIL-FUN-06""",Oil Funnel 6,Housewares,PCS,3,39.80
RAI-SUI-SUP-L,Supersonic PVC Rain Suit Trouser : L,Curtains & Blinds,PCS,3,34.50
RIG-CLI-GAL-20MM,Galvanised Wire Rope Clip 20MM,Lifting & Rigging,PCS,6,2.60
SHH-FLOAT-FF150,"(1.1/2"") Plastic Float (2PCS/PCK)",Fishing & Tackle,PKT,3,3.20
SHH-FROG-FLB-MIX,Fishing Lures Big (mix Colour),Fishing & Tackle,PCS,1,7.50
SHH-PE-TWINE-380151GG,380/15 Gg P. E. Twine,Fishing & Tackle,PCS,45,2.40
SHH-RING-1WAY-50LB,1 Way Wire Rig (i-fixh) 50LB (7CM),Electrical,PKT,6,3.90
SWI-S/SKT-LWD-0051,Lwd 0051 F3 5G 1W Switch SIRIM,Electrical,PCS,14,18.50
TAP-PIL-ROONEY-988-01,988-01 Rooney-y Stainless Steel Pillar Swan Tap,Plumbing,PCS,12,29.90
"TOO-FIL-SJG150-6""",6 King Top Triangle File Set,Hand Tools,PCS,9,9.70
"TOO-FIL-SJG200-8""",8 King Top Triangle File Set,Hand Tools,PCS,8,11.20
TOO-HAM-CLA-AH23,23MM Arrow Claw Hammer W/hickory Wooden Hammer,Hand Tools,PCS,7,17.50
TOO-VIC-TAB-60MM,2 1/2 Table Vice,Hand Tools,PCS,3,35.90
TOO-WRE-ADJ-GD150,Gd Adjustable Wrench 6,Hand Tools,PCS,11,8.80
AER-MIN-POT-WAT-TAP,Aerico Mineral Pot Water Tap,Other,PCS,9,9.60
BNW-BOL-HTM-M14-100MM,H/t Bolt - M 14 X 100MM,Fasteners & Fixings,PCS,10,3.60
BNW-BOL-SS304-M8-30MM,SS 304 Bolt - M8 X 30MM,Fasteners & Fixings,PCS,45,1.20
BNW-NUT-ORI-09MM,MS Hex Nut 3/8,Fasteners & Fixings,KGS,25,10.50
BNW-WAS-SPR-14MM,Bsw Spring Washer 9/16 (8PCS/PCK),Fasteners & Fixings,PCK,13,2.50
BNW-WAS-SPR-9MM,Bsw Spring Washer 3/8 (8PCS/PCK),Fasteners & Fixings,PCK,35,0.70
COC-STO-RA-G501B,Stopvavle Ra Truflo,Plumbing,PCS,3,7.50
ELE-CAB-ROLLER-13A X 3,Cea A- 13A X 3 Metal Cable Roller,Electrical,PCS,3,86.90
GRA-CUT-LIN-YEL-4226#,Active Red Trimmer Line - Red 4226,Outdoor & Garden,PCS,7,4.60
HAR-THR-LOK-6271-10ML,Thread Lok:hardex 6271 10ML,Other,PCS,6,15.90
IND-IRON-PLATE-M8,M8 X 2 Gate Lock Holder,Doors & Hardware,PCS,17,2.40
MIDDY-CORNER IN-G100CI-W,Middy:corner IN (white),Other,PCS,3,40.00
NAI-COM-100MM-20KG,4 Wire Nail (BOX),Fasteners & Fixings,BOX,3,114.00
"PAI-ROL-REF-YEL/WHI-4""",Rollerman Yellow/white Roller Refill 4,Paint & Sundries,PCK,4,7.50
SHH-HOOK-9255SS-6,Eupro Octopus S/s Hook No. 6 (11'S),Fishing & Tackle,PKT,1,7.70
SHH-ROD-ET602,Exori Trevally Solid Rod 180 (602) 6'0,Fishing & Tackle,PCS,2,59.50
"SHH-ROU-LAN-NET-15""",Round Landing Net 15 PE Net,Fishing & Tackle,PCS,4,26.90
SWI-SOC-UMS2913A,Ums 13A Pc S/socket Outlet 2913A,Electrical,PCS,46,5.80
WEL-SHI-BLA-HEAD,Welding Shield Head Type,Welding,PCS,8,10.90
ADH-ELE-3G,X'traseal Super Glue (economy PACK)3GX12 (PCS),Chemicals & Adhesives,PCS,2,1.70
AER-COL-WAT-TAP,Aerico Cold Water Tap,Other,PCS,8,11.90
BIB-TAP-LUX-LT8523,Luxtec Wall Bibtap LT-8523,Plumbing,PCS,1,27.90
BNW-BOL-HTM-M12-45MM,H/t Bolt - M 12 X 45MM,Fasteners & Fixings,PCS,35,1.40
BNW-BOL-HTM-M16-40MM,H/t Bolt - M 16 X 40MM,Fasteners & Fixings,PCS,21,2.40
BNW-BOL-SS304-M6-25MM,SS 304 Bolt - M6 X 25MM,Fasteners & Fixings,PCS,103,0.50
"BRA-S/STEEL-L-12""X7""","S/steel L Bracket - 12""X7",Plumbing,SET,9,33.50
COC-BIB-LUX-LT8513,Luxtec Wall Bibtap LT-8513,Plumbing,PCS,1,26.50
CUT-HSF-HAC-SHU,Uldar Hacksaw Frame,Hand Tools,PCS,7,9.90
FIT-PVC-ELB-PT20MM,PVC Fitting P/t Elbow 20MM 3/4,Plumbing,PCS,183,1.50
"GRA-CUT-BLA-16""",16 Tanaka Square Brush Culter,Outdoor & Garden,PCS,2,16.30
IND-SCP-PUT-AEK12,Arrow Wide Putting Filling Knife 12,Building Materials,PCS,9,10.50
JAC-BOT-CNN-R02TON,China Bottle Jack - 2.0 Ton,Lifting & Rigging,PCS,2,49.90
LOC-GLA-SLI-TAR-9013-01,Target 9013-01 Sliding Glass Lock,Locks & Security,PCS,11,7.20
"NAI-CON-GAL-2""-PCK",2 Galvanised Steel Nail (20PCS/PCK),Fasteners & Fixings,PCK,17,1.90
O-RING-12-15-RED,O-ring 12-15 (red),Other,PCS,35,1.50
"PIP-UPVC-6""","6""(160MM) Ut X 6M Upvc Pipe",Plumbing,MTR,9,29.90
RAI-BOO-BLA-RUB-040#,8834 Black Rubber Shoes W/studs 40,Curtains & Blinds,PAIR,8,9.90
RIG-SHA-GAL-10MM,Galvanised D-shackle 10 MM,Lifting & Rigging,PCS,8,2.00
SHH-NYL-NET-12,Automatic Nylon Fishing Mesh Net 12 Hole,Fishing & Tackle,PCS,3,33.50
SWI-SOC-NNE-803/1-1W3G,NNE 803/1 3G 1W Switch SIRIM,Electrical,PCS,15,14.90
TOO-PLI-DIA-STA-150,6 Diagonal Cutting Plier,Hand Tools,PCS,3,33.90
X-TOO-PLI-WT001,8 Wa-ti Cr-v Hand Tools Plier,Hand Tools,PCS,2,59.90
BNW-B&N-ORI-12225,Mild Steel Bolt & Nut 1/2 X 9,Fasteners & Fixings,KGS,25,9.50
BRA-SHE-1012,10 X 12 Shelf Bracket,Housewares,PAIR,14,5.90
CLI-ELE-CAB-06MM100S,Cable Clip 6MM 100'S (bd),Electrical,BOX,11,3.10
COC-BIB-DOU-5599,Double T-shaped Tap - 5599,Plumbing,PCS,8,35.90
FIT-PVC-ELB-PT25MM,PVC Fitting P/t Elbow 25MM 1,Plumbing,PCS,107,1.90
"FIT-YG231-ELB-MXF-1/2""-BRA",Brass Mxf Elbow 1/2,Plumbing,PCS,3,6.90
GAR-TOO-STEEL-3PCS-60183,3PCS Set Steel Garden Tools,Outdoor & Garden,SET,2,13.50
MDD-CON-MALE-BLUE-1,Male Disconnects - Blue (2.5MM) (10PCS/PCK),Electrical,PCK,1,6.50
PEN-108-4L,Pentens Latex 108 - 4L,Housewares,PAIL,4,22.90
"SANDEX-VEL-SAN-4""-150#","Sandex 4 Velcro Sanding Disc, 150",Abrasives & Cutting,PCK,17,5.90
SHH-ROD-ET562,Exori Trevally Solid Rod 165 (562) 5'6,Fishing & Tackle,PCS,2,56.90
BNW-B&N-ORI-09125,Mild Steel Bolt & Nut 3/8 X 5,Fasteners & Fixings,KGS,25,9.50
BNW-B&N-ORI-09175,Mild Steel Bolt & Nut 3/8 X 7,Fasteners & Fixings,KGS,27,9.50
BNW-WAS-SPR-12MM,Bsw Spring Washer 1/2 (8PCS/PCK),Fasteners & Fixings,PCK,17,1.70
"BRA-SHE-12""X14""",12 X 14 Shelf Bracket,Housewares,PAIR,12,6.90
CHI-WAT-1GAL-6301,1 Gal Water Container For Chick,Housewares,SET,6,11.90
"CUT-KNIFE-20""",Knife 20,Abrasives & Cutting,PCS,2,45.90
DOR-LOC-DRA-9001-22,Target 9001-22 Drawer Lock,Locks & Security,PCS,12,5.90
DOR-STO-S/S-2212,2212 S/s Door Stopper,Doors & Hardware,PCS,2,11.50
ELE-PVC-NUT-B3X3*,Umc 3 X 3 PVC Nut Box,Fasteners & Fixings,PCS,261,0.90
FAS-SCR-COA-M8040,Sr Coach Screw M8 X 40MM,Fasteners & Fixings,PCS,83,0.60
FIT-GAL-NIP-18MM,Galvanised Nipple (280) 18MM,Plumbing,PCS,14,2.50
"FIT-UPVC-SOC-3""",U-pvc Socket 82MM 3,Electrical,PCS,60,4.50
GAR-SPR-M'MAN-410#,M'man Water Spray Gun - 410,Power Tool Accessories,PCS,16,18.90
HAN-CLO-JM-1040,8 Hook S/steel Strong Hook,Other,SET,5,17.80
HOS-COU-BR-10MM,Br Hose Coupling (thick) 10MM,Outdoor & Garden,PCS,7,3.90
IND-CAS-SWI5,Swivel Caster 5,Fishing & Tackle,PCS,8,11.60
LIK-LEA-1L,Ufixx No Leak - 1L,Plumbing,TIN,6,49.50
"NAI-CON-GAL-1""-PCK",1 Galvanised Steel Nail (20PCS/PCK),Fasteners & Fixings,PCK,41,0.70
SHH-PE-TWINE-38091GG,380/9 Gg P. E. Twine,Fishing & Tackle,PCS,40,2.30
TIE-CAB-SS-150MM,SS Cable Ties (10PCS/PCK) SUS304 M4.6X150MM,Electrical,PCK,8,3.20
TOO-CLA-SPR-ASC150MM,Arrow Nylon Spring Clamp 6 (150MM),Hand Tools,PCS,21,4.30
TOO-FIL-SLIM-STA-125MM,5 Slim Tapered File-carded (DOZ),Hand Tools,DOZ,1,109.00
TOO-SOC-CON-BFC24,"1/2""X75MMX6MM Socket Connector",Electrical,PCS,4,5.90
TOO-VIC-TAB-50MM,2 Table Vice,Hand Tools,PCS,3,31.90
TOW-ROP-STE-104M,10 X 4MM Steel Towing Rope,"Rope, Chain & Netting",PCS,3,29.90
"AER-STA-CER-10""",Aerico 10 Standard Ceramic,Other,PCS,3,32.90
BAT-ENE-MAX-D2PC,En Max D 2 Pc,Electrical,PCK,10,20.50
CHI-15105-75,Sds Max Shank Spade Chisel 18X280X75MM,Power Tool Accessories,PCS,1,24.90
COC-STO-PVC-18MM,3/4 IN PVC Stop Cock,Plumbing,EA,29,6.50
FIT-GAL-NIP-REC-12MMX18MM,%galvanised Reducing Nipple (281),Plumbing,PCS,5,4.60
FIT-UPVC-SLE-110MM,U-pvc Sleeve 110MM 4,Plumbing,PCS,42,5.60
FLO-MOC-LS414YLW,Lisa Yellow (LS414YLW),Flooring,PCS,1,5.60
GUN-GRE-NIP-STR-M10X1.0,S. K Straight Grease Nipple M10 X 1.0,Fasteners & Fixings,PCS,10,2.30
IND-CAS-SWI6,Swivel Caster 6,Fishing & Tackle,PCS,4,26.90
"IND-CAS-WHE-8X3/4""",Solid Rubber Wheel 8 X 3/4,Building Materials,PCS,6,12.90
IND-SCP-PVC-4PCS,Wp PVC Scraper 4PCS,Building Materials,SET,18,5.30
NAI-AIR-LEO-T32,Leo Air Nail - T32,Fasteners & Fixings,BOX,1,25.90
SAF-CON-FLEX-ORANGE,16 Flexi Traffic Safety Cone,Safety & Workwear,PCS,2,47.50
"SANDEX-VEL-SAN-4""-120#","Sandex 4 Velcro Sanding Disc, 120",Abrasives & Cutting,PCK,16,5.90
SHH-SINKER-ROUND-NO.6,Round Shape Sinker 6 (1PC/PCK),Fishing & Tackle,PCK,6,1.40
SIN-WAS-00219R,1 1/4 Waste SS Bolt & Copper Nut,Fasteners & Fixings,PCS,41,6.20
SWI-BAT-JK861,JK861 Switch,Electrical,PCS,4,18.87
SWI-PLU-NNE158-15A,NNE 158 15A Air Cond P/top SIRIM,Electrical,PCS,18,10.90
"TOO-WRE-PLU-13/16""",13/16 T Plug Wrench,Hand Tools,PCS,7,11.50
AIR-GAU-LTMS,Inflator And Gauge Kit,Automotive,SET,2,42.00
BNW-BOL-SS304-M8-40MM,SS 304 Bolt - M8 X 40MM,Fasteners & Fixings,PCS,33,1.60
CHA-ANI-6FT-45,Animal Chain 45 X 6,"Rope, Chain & Netting",DOZ,1,104.00
CUT-PIP-TUB-STA-DISC-9984930191,"Replacement Cutting Wheels For 93-020, 93-021",Abrasives & Cutting,PCS,5,12.60
DOR-DEA-BOL-SGD-793AC,AC St. Guchi Deadbolt Latch Brass Bolt,Fasteners & Fixings,PCS,1,23.90
DOR-LOC-DRA-FF004A,Three Way Drawer Lock,Locks & Security,PCS,9,8.80
FIT-HDPE-CAP-20MM,HDPE End Cap 20MM,Plumbing,PCS,20,1.60
FIT-PVC-CON-25MM,PVC Fitting Tank Connector 25MM 1,Plumbing,PCS,55,4.30
FIT-PVC-ELB-20MM,PVC Fitting Elbow 20MM 3/4,Plumbing,PCS,230,1.30
FIT-PVC-TEE-PT15MM,PVC Fitting P/t Tee 15MM 1/2,Plumbing,PCS,185,1.50
FIT-UPVC-CAP-110MM,U-pvc End Cap 110MM 4,Plumbing,PCS,33,6.30
"FIT-YG232-ELB-1/4""-BRA",Brass Equal Elbow 1/4,Plumbing,PCS,4,4.60
GAR-SPR-CR8413,Pump Handle-cr 8413,Pumps & Water,PCS,2,12.00
MAR-PEN-BLACK,Sharpie Fine Point P/marker (ls)- Black (PCS),Hand Tools,PCS,15,4.20
PEN-WOO-MIX,Carpenter Pencil - Mix,Housewares,PCS,64,1.10
"PIP-UPVC-4""",4 (110MM) Ut X 6M Upvc Pipe (MTR),Plumbing,MTR,33,12.90
PUT-CAR-888-3.5KG,Putty Hardener,Paint & Sundries,PCS,2,11.90
SHH-PLA-NET-NEEDLE-NO.5-GRE,Plastic Net Neddle No. 5 (green),Fishing & Tackle,PCS,4,1.80
SHH-ROD-777S150,"777 Sin Solid Rod 150 (5'0"") Fishing Rod (4+1)(MIX Clr)",Fishing & Tackle,PCS,3,30.90
SWI-ADA-MUL-AKO79S-3W,Akkostar 3WAY Multi Adaptor Switch (AKO79S),Electrical,PCS,1,22.90
TOO-DRV-KT100-,4 King Top (-) Screw Driver,Fasteners & Fixings,PCS,6,5.60
TOO-WRE-ADJ-STA-STMT87431-8,6 Adjustable Wrench,Hand Tools,PCS,3,31.90
BEW-PAL-DC-D-150V,Bew Panel Meter DC,Electrical,PCS,6,14.15
BNW-B&N-ORI-09160,Mild Steel Bolt & Nut 3/8 X 6,Fasteners & Fixings,KGS,23,9.50
BNW-BOL-HTM-M16-45MM,H/t Bolt - M 16 X 45MM,Fasteners & Fixings,PCS,17,2.40
CAR-WAX-ANT-CLO,AC Anti Clog,Automotive,PCS,2,41.50
COC-BIB-PVC-3007,PVC R'key Colorant Tap - 3007,Plumbing,PCS,60,3.90
CUT-DIS-MARK-12800-04C,Mr. Mark 4 Cutting Disc Abr. Wheel 12800,Abrasives & Cutting,PCS,31,2.20
CUT-PIP-PVC-PPC-42MM,Arrow PVC Pipe Cutter,Plumbing,PCS,2,18.90
DOR-RUB-SEAL-TRANS-BSDT100,Bossman Silicone Door Seal 100CM - Transparent,Chemicals & Adhesives,ROLL,3,8.50
DRI-BIT-116F,16MM Hitmax Diamond Core Bit,Power Tool Accessories,PCS,3,11.90
ELE-RENO-40A-2P-MCB,Reno 40A 2P Mcb,Electrical,PCS,2,17.50
"FAS-SCR-DRY-BLA-6#2""",Hunter/bk - Drywall Screw 6 X2 (20PCS/PCK),Fasteners & Fixings,PCK,24,1.90
FDD-CON-FEM-RED,Female Disconnect Red (1.5MM2) (20PCS/PCK),Electrical,PCK,4,9.90
FIT-GAL-TEE-12MM,Galvanised Tee (130) 12MM,Plumbing,PCS,12,2.80
FIT-HDPE-SOC-COU-32MM,HDPE Coupler Straight Socket 32MM,Plumbing,PCS,7,4.90
HOS-AIR-TOK-8.5MM,Toko Spray Hose- 8.5MM X 90M,Outdoor & Garden,MTR,12,2.50
OIL-COM-AIRVON-AV06810P,Airbank Mineral Based Compressor Oil (1L),Power Tools,TIN,1,28.50
RAI-BOO-TCS5-39#5,Tc S5 Yellow Safety Rain Boots 5,Safety & Workwear,PAIR,2,49.50
RAI-BOO-TCS5-42#8,Tc S5 Yellow Safety Rain Boots 8,Safety & Workwear,PAIR,2,49.50
SMR-TCT-HOL-SAW-22MM,Smr Tct Holesaw 22MM,Power Tool Accessories,PCS,2,20.50
STR-NYL-MIX,Dozen Nylon String (PCS),"Rope, Chain & Netting",PCS,60,1.60
SWI-PLU-MK-646-13A,Mk 646 13A Plug Top,Electrical,PCS,10,23.90
WAT-FIL-FMS-WF0090-1WLMIX,Watertec 5PCS 5 Micron Cotton Filter 102,Pumps & Water,PACK,2,13.90
ARM-PADS,Arm Pads,Other,PAIR,18,4.30
BNW-WAS-M5,M5 Washer (20PCS/PCK),Fasteners & Fixings,PCK,51,0.50
CLI-HOS-92X97,Rb Super Hose Clamp 92 X 97,Hand Tools,PCS,12,6.10
COC-PVC-3325,Profesional Water Filter System 3325,Pumps & Water,PCS,5,4.60
"FAS-SCR-DRY-BLA-6#1""",Hunter/bk - Drywall Screw 6 X1 (20PCS/PCK),Fasteners & Fixings,PCK,43,1.50
"FAS-SCR-DRY-WHI-6#3/4""",Hunter/wh - Drywall Screw 6 X3/4 (20PCS/PCK),Fasteners & Fixings,PCK,52,1.30
"FIT-HDPE-ADA-MAL-20MMX1/2""",HDPE Adaptor Male 20MM X 1/2,Plumbing,PCS,20,1.30
FIT-PVC-ELB-PT32MM,PVC Fitting P/t Elbow 32MM - 1 1/4,Plumbing,PCS,55,3.50
GLA-MAR,Glass Marbles,Building Materials,PCK,19,4.10
GUN-GRE-HOSE,Flexible Grease Gun Hose 11 X 300MM,Automotive,PCS,9,7.80
IND-DUS-ALI-240L-TYRE,Aliclean HDPE Dustbin Axles 240 (tyre),Automotive,PCS,3,34.90
MAR-PEN-70-BLACK,Faster 70 Marker Pen-black,Hand Tools,PCS,25,2.20
"PIP-UPVC-4514-3""","3""(82MM) 4514 X 6M Upvc Pipe",Plumbing,MTR,13,21.90
SHH-ROD-KQO180,Kaqiou/a 180 (6'0'') Fishing Rod (casting Rod),Fishing & Tackle,PCS,1,96.00
"SHH-ROU-LAN-NET-13""",Round Landing Net 13 PE Net,Fishing & Tackle,PCS,4,22.50
"SHH-ROU-LAN-NET-14X1/2""",Round Landing Net 14 X 1/2,Fishing & Tackle,PCS,4,22.50
TAP-OTO-NUM-LOC,Otosani 304 Numbering Lock Bib Tap,Plumbing,PCS,6,41.90
TOO-CLA-SPR-ASC225MM,Arrow Nylon Spring Clamp 9 (225MM),Hand Tools,PCS,9,8.80
BLI-HSS-HOL-SAW-60MM,Navato Hole Saw Cutter 60MM,Power Tool Accessories,PCS,1,44.90
BNW-BOL-HTM-M12-35MM,H/t Bolt - M 12 X 35MM,Fasteners & Fixings,PCS,31,1.20
BNW-BOL-SS304-M8-20MM,SS 304 Bolt - M8 X 20MM,Fasteners & Fixings,PCS,39,1.00
BNW-WAS-COM-09MM,Zinc Plated Washer 3/8,Fasteners & Fixings,KGS,20,11.50
CIS-HAN-PVCH/L,PVC H/l Cistern Handle,Doors & Hardware,PCS,5,4.90
COC-BAL-05452,Bc 469 1/2 Elise Brass Ball Cock,Plumbing,PCS,12,16.80
CUT-KNI-AUK69,Arrow Heavy Duty Uility Knife,Abrasives & Cutting,PCS,4,19.90
"FAS-SCR-DRY-WHI-6#2""",Hunter/wh - Drywall Screw 6 X2 (20PCS/PCK),Fasteners & Fixings,PCK,18,1.80
FIT-HDPE-CAP-32MM,HDPE End Cap 32MM,Plumbing,PCS,10,2.90
FIT-PVC-ELB-40MM,PVC Fitting Elbow 40MM 1-1/2 Swv,Plumbing,PCS,96,2.50
FIT-PVC-ELB-PT50MM,PVC Fitting P/t Elbow 50MM 2,Plumbing,PCS,36,5.90
FIT-UPVC-SOC-110MM,U-pvc Socket 110MM 4,Electrical,PCS,47,5.00
GAR-SPN-IRO-HAN-SHO,Mini Scope-sponge Handle,Doors & Hardware,PCS,4,4.90
HAN-WOO-CHIS-0055A,3 1/2 Chisel Wood Handle Only - Small,Hand Tools,PCS,44,1.90
HOS-CON-ADA-ECO4011,Ecogreen- Tool Adaptor / 3/4,Electrical,PCS,6,3.90
HOS-FLE-SW-PVCH-24,24 PVC Flexible Hose With PVC Holder,Outdoor & Garden,PCS,2,13.90
HOS-MAC-WAS-OUT-MWP011-C,2.0M Elbow W/machine Outlet Hose,Plumbing,PCS,12,21.90
IND-CAS-RIG6,Rigid Caster 6,Building Materials,PCS,4,22.90
IND-CAS-SWI3.5,Swivel Caster 3.1/2,Fishing & Tackle,PCS,9,8.30
RIG-CLI-GAL-12MM,Galvanised Wire Rope Clip 12MM,Lifting & Rigging,PCS,8,1.80
"SHH-ROU-LAN-NET-12X1/2""",Round Landing Net 12 X 1/2,Fishing & Tackle,PCS,4,19.50
TOO-ELE-TES-PEN-DB-17151A,Two-way Ph Test Pen (+/-) 17151A,Power Tools,PCS,6,4.20
TOO-RUL-CAL-150,Vernier Caliper 6,Hand Tools,PCS,3,29.90
TOO-WRE-ADJ-STA-250,10 Adjustable Wrench,Hand Tools,PCS,2,46.90
X-FLO-MOC-SP121B,12 X 24 Homo Tile SP121B,Flooring,PCS,5,8.60
CAR-WAX-DSL,Serai Wangi Serbaguna 1L,Automotive,PCS,3,24.90
CLI-HOS-80X85,Rb Super Hose Clamp 80 X 85,Hand Tools,PCS,12,5.70
FAS-SCR-COA-M8030,Sr Coach Screw M8 X 30MM,Fasteners & Fixings,PCS,83,0.40
FLO-MOC-KH40ABA2L-P1,16 X 16 Ceramic Floor Tiles KH40ABA2L-P1,Flooring,PCS,1,6.20
IND-PVC-TRO-BLA-4X11,4 X 11 Black PVC Trowel (power),Hand Tools,PCS,18,3.80
NUM-80MM-B,Acp Alphabet 80MM - B,Signage & Numbering,PCS,7,12.60
RAI-COA-SUP-L,Supersonic PVC Rain Coat : L,Curtains & Blinds,PCS,3,26.90
RAI-COA-SUP-XL,Supersonic PVC Rain Coat : XL,Curtains & Blinds,PCS,3,26.90
"SANDEX-VEL-SPO-7""",Sandex 7 Velcro Polish Sponge (thick),Abrasives & Cutting,PCS,5,16.90
TOO-WRE-ADJ-GD200,Gd Adjustable Wrench 8,Hand Tools,PCS,7,10.90
ALUM-ROU-32MM-10'-MB,Mb X 10 X 1.1/4 Round Tube,Building Materials,PCS,2,37.00
BRA-S/S-MULTI-L,Multi Functional S/steel Angle Bracket L Size,Plumbing,PCS,6,39.50
CAR-MULT-CLEA-500ML,Aa Car Care Multi Purpose Cleaner 500ML,Automotive,BTL,3,25.90
CAR-WAX-STA-STE-SHI,Sss Stainless Steel Shine - 500ML,Automotive,PCS,3,23.90
CLI-HOS-74X79,Rb Super Hose Clamp 74 X 79,Hand Tools,PCS,12,5.60
CUT-BLA-ECL-6IN,6 IN Eclipse Hacksaw Blade,Hand Tools,PCS,43,1.50
DOR-HIN-SSS-38MM,1 1/2 Stainless Steel Hinges,Doors & Hardware,SET,11,2.10
DRI-AUG-2WAY-21MM,T&t 2WAY Auger BIT-7/8,Power Tool Accessories,PCS,1,21.00
FAN-HOOK-FH02,123 Fan Hook With Screw (j),Fasteners & Fixings,PCS,68,3.30
FAS-BOL-ANC07,Sh Drop IN Anchor 5/16 X 1-3/16 (5PCS/PCK),Fasteners & Fixings,PCK,10,2.50
FAS-SCR-COA-M6050,Sr Coach Screw M6 X 50MM,Fasteners & Fixings,PCS,81,0.40
FIT-PVC-SOC-20MM,PVC Fitting Socket P/t 20MM 3/4,Plumbing,PCS,240,2.00
"FIT-YG225-BUSH-3/4""X1/2""-BRA","Brass Bushing 3/4""X1/2",Plumbing,PCS,4,4.20
HOS-CON-ADA-40200006,Ecogreen- Tap Adaptor / 3/4,Electrical,PCS,6,3.20
ICE-COO-INO-9LTR-THBW/K-3,Inova 9 Ltr. Ice Cooler,Other,PCS,2,39.50
IND-CAS-RIG8,Rigid Caster 8,Building Materials,PCS,3,26.20
IND-MES-EX,Ex-mesh,Building Materials,PCS,13,4.90
PAI-GAL-605S,5 Gallon Pail,Housewares,PCS,5,14.50
PVC-STRAPPING-APPLE GREEN,PVC Strapping Apple Green (COIL),Packaging,COIL,1,89.90
PVC-STRAPPING-GREEN,PVC Strapping Green (COIL),Packaging,COIL,1,89.90
PVC-STRAPPING-PIN,PVC Strapping Pink-t,Packaging,COIL,1,89.90
RIG-CLI-GAL-03MM,Galvanised Wire Rope Clip 03MM,Lifting & Rigging,PCS,27,0.60
ROO-GUT-HOL,Gutter Hook (square),Building Materials,PCS,16,4.00
SHH-SINKER-ROUND-NO.3,Round Shape Sinker 3 (5PCS/PCK),Fishing & Tackle,PCK,4,1.60
SOC-BOX-2G13A,13A Switch Soket 2GANG Box,Electrical,PCS,20,0.70
SWI-POL-12A-DOU-SOC,Pol 13A Double Switch Socket,Electrical,PCS,11,17.90
TOO-DRV-KT125-,5 King Top (-) Screw Driver,Fasteners & Fixings,PCS,5,5.90
TOO-FIL-SLIM-125MM-BTSF5,5 Bossman Slim Taper Files,Power Tools,PCS,4,6.50
"TOO-NYL-PLU-COU-3/8""-NPF30",Nylon Quick Coupler 3/8 Female NPF-30,Power Tool Accessories,PCS,10,2.30
"TOO-NYL-PLU-COU-3/8""-NPM30",Nylon Quick Coupler 3/8 Male NPM-30,Power Tool Accessories,PCS,10,2.30
TOO-VIC-TAB-70MM,3 Table Vice,Hand Tools,PCS,2,39.90
TOO-WRE-ADJ-GD375,Gd Adjustable Wrench 15,Hand Tools,PCS,2,45.90
TOO-WRE-ADJ-STA-STMT87432-8,8 Adjustable Wrench,Hand Tools,PCS,2,39.90
TOW-ROP-5T4M,12 X 4M Steel Towing Rope,"Rope, Chain & Netting",PCS,2,35.90
ADH-TAP-MAS-OSCAR,Masking Tape Oscar,Packaging,PCS,20,3.40
BNW-B&N-ORI-09800,Mild Steel Bolt & Nut 3/8 X 8,Fasteners & Fixings,KGS,23,9.50
"CUT-DIS-AKODA-4""-A1",Akoda 4 Diamond Blade Dry A1,Abrasives & Cutting,PCS,4,16.30
FIT-GAL-SOC-18MM,Galvanised Socket (270) 18MM,Electrical,PCS,11,2.70
SAF-COA-NET-YEL,Netting Vest Coat (mesh Fabric) Lemon Yellow,"Rope, Chain & Netting",PCS,10,6.20
SHH-PLA-NET-NEEDLE-NO.1/0,Plastic Net Needle No. 1/0 (white),Fishing & Tackle,PCS,2,3.20
SMR-TCT-HOL-SAW-16MM,Smr Tct Holesaw 16MM,Power Tool Accessories,PCS,2,14.90
STR-GUN-NED-5IN,5 IN Gunny Needle,Packaging,PCS,12,1.20
SWI-CON-PVC-06A,Sino PVC Connector 5A,Electrical,LTH,92,1.70
SWI-S/SKT-LWD-0041,Lwd 0041 F3 4G 1W Switch SIRIM,Electrical,PCS,13,15.80
TOO-ELE-TES-PEN-M'MAN-2520,M'man Test Pen - 2520,Power Tools,PCS,9,2.90
TOO-NAIL-AB222,Arrow Nail Bag (w/clip),Fasteners & Fixings,PCS,29,7.20
AER-SOC,Aerico Socket,Electrical,UNIT,12,14.00
"ALUM-HOLLOW-2""X1""-3",2 X 1 Alum. Hollow Na (PCS),Building Materials,PCS,2,35.90
BNW-JCBC-SCRW-M6X50MM,M6 X 50MM Jcbc Screw (rb),Fasteners & Fixings,PCS,77,0.30
CAN-JER-4200,1 Gallon Jerrycan,Housewares,PCS,7,7.90
"CUT-PVC-FIL-4""",PVC File Handle 4,Hand Tools,PCS,23,2.90
DOR-INS-KIT3PCS,3PCS Lock Installation Kit Black,Locks & Security,SET,5,10.90
DOR-LOC-CYL-SMR-3630,Smr 3630 Privacy Lock (b/p),Locks & Security,PCS,3,21.50
ELE-CAB-WIR-1.5red-MTR*,1.5MM Electric Cable Red,Electrical,MTR,356,1.00
FIT-GAL-SOC-25MM,Galvanised Socket (270) 25MM,Electrical,PCS,7,4.20
"FIT-HDPE-ADA-FEM-20MMX1/2""",HDPE Adaptor Female 20MMX1/2,Plumbing,PCS,8,1.70
FIT-PVC-SOC-15MM,PVC Fitting Socket P/t 15MM 1/2,Plumbing,PCS,279,1.10
"FIT-YG228R-NIP-REC-3/4""X1/2""-BRA","Brass Reduced Nipple 3/4""X1/2",Plumbing,PCS,3,5.20
KNI-ROPE-A1104,Jj Pare Knife Wire Rope Handle,Lifting & Rigging,PCS,9,7.20
MIDDY-END-CAP-LEFT-WHT,Middy: End Cap - Left (white),Other,PCS,14,4.60
"NAI-CON-GAL-1.1/2""-PCK",1-1/2 Galvanised Steel Nail (20PCS/PCK),Fasteners & Fixings,PCK,15,1.50
NUM-60MM-O,Acp Alphabet 60MM - O,Signage & Numbering,PCS,8,8.00
RIG-CLI-GAL-08MM,Galvanised Wire Rope Clip 08MM,Lifting & Rigging,PCS,16,0.90
SWI-S/SKT-LWD-0031,Lwd 0031 F3 3G 1W Switch SIRIM,Electrical,PCS,15,10.60
TOO-DRV-2WAY-100MMX6MM,Blimax 2WAY Screw DRIVER-4,Fasteners & Fixings,PCS,2,8.50
"VAL-BAL-M'MAN-7755#X3/4""",M'man Ball X 3/4,Plumbing,PCS,4,4.20
AIR-DUSTER-MN10-00153L,Mn 10 Aluminium Air Duster 00153L,Automotive,PCS,4,15.90
BAT-ENE-MAX-C2PC,En Max C 2 Pc,Electrical,PCS,10,14.90
BRA-S/S-MULTI-XL,Multi Functional S/steel Angle Bracket XL Size,Plumbing,PCS,4,59.00
"BRA-S/STEEL-L - 8""X6""","S/steel L Bracket - 8""X6",Plumbing,SET,10,21.90
CAR-MET-CRYST-WAX-200ML,Aa Metallic Crystal Wax 200ML,Automotive,PCS,3,22.90
ELE-GRW-63A2PMCB,Grow 63A 2P Mcb,Electrical,EA,7,25.90
FAS-BOL-ANC06,Sh Drop IN Anchor 1/4 X 1-1/8 (5PCS/PCK),Fasteners & Fixings,PCK,9,2.20
FIT-PVC-ELB-PT15MM,PVC Fitting P/t Elbow 15MM 1/2,Plumbing,PCS,204,1.30
FIT-UPVC-TEE-160MM,U-pvc Tee 160MM 6,Plumbing,PCS,3,59.90
FLO-MOC-DAD04,12 X 12 Sand Storm Orange Guocera Floor Tiles,Building Materials,PCS,1,4.30
FLO-MOC-DAD05,12 X 12 Sand Storm Black Guocera Tiles,Building Materials,PCS,1,4.30
GAR-SPR-LAN-CR8446B,Spraying Lance (bend),Outdoor & Garden,PCS,1,22.90
GRA-CUT-BLA-4T,4T Blade Cut Grass Trimmer Head,Automotive,PCS,4,19.50
MAG-CON-SC-N25,SC-N2S Contertor,Electrical,PCS,2,169.81
NAI-SQU-SUP-100MM-500G,E. G Square Boat Nail 100MM 500G,Fasteners & Fixings,PKT,6,5.30
PYE-TOI-MOS-1000ML,PYE Mosaic&toilet Stains Remover Kleen 1000ML,Chemicals & Adhesives,BOT,1,22.80
RAI-BOO-BLA-RUB-035#,8834 Black Rubber Shoes W/studs 35,Curtains & Blinds,PAIR,6,9.90
RAI-BOO-BLA-RUB-037#,8834 Black Rubber Shoes W/studs 37,Curtains & Blinds,PAIR,6,9.90
RAI-BOO-BLA-RUB-37,8835 Black Rubber Shoes 37,Curtains & Blinds,PAIR,6,9.90
TOO-CLA-SPR-PM34228,Pumpkin 3 Spring Plastic Clamp,Hand Tools,PCS,6,11.50
BNW-WAS-COM-12MM,Zinc Plated Washer 1/2,Fasteners & Fixings,KGS,18,11.50
FIT-PVC-ELB-25MM,PVC Fitting Elbow 25MM 1,Plumbing,PCS,113,2.10
"IND-CAS-WHE-6X3/4""",Solid Rubber Wheel 6 X 3/4,Building Materials,PCS,6,9.90
IND-CEM-EC-1KG,Ec Bonding Powder 2 IN 1 1KG,Building Materials,KGS,4,3.50
"NAI-CON-GAL-2""-BOX",2 Galvanised Steel Nail- 1 KG,Fasteners & Fixings,BOX,12,12.50
SWI-S/SKT-ACE-652,Ace 652 2G 1W Switch Sr,Electrical,PCS,24,6.90
BNW-THR-ZP-05MM,Zp Thread Rod 5/16 X 6FTS,Fasteners & Fixings,PCS,3,4.50
CAB-PVC-FLE-CON-20MM,"Cable 20MM PVC Flexible Conduit, White 40M",Electrical,COIL,7,32.90
CHA-ANI-6FT-35,Animal Chain 35 X 6,"Rope, Chain & Netting",PCS,9,7.50
COC-BAL-M'MAN-G5,M'man Washing Machine Angle Valve - G5,Plumbing,PCS,10,19.20
ELE-PLUG-TOP-FUSE-13A*,Plug Top Fuse 13A,Electrical,EA,72,0.50
FAN-HOOK-FH01,122 Fan Hook W/o Screw (j),Fasteners & Fixings,PCS,81,2.50
"FAS-SCR-TAP-CSK-8#5/8""-PCK",8 X5/8 Csk Self Tapping Screw-flat Head (20PCS/PCK),Fasteners & Fixings,PACK,12,1.70
FIT-GAL-SOC-12MM,Galvanised Socket (270) 12MM,Electrical,PCS,12,2.20
"FIT-HDPE-TEE-FEM-25MMX3/4""",HDPE Tee Female 25MM X 3/4,Plumbing,PCS,35,3.80
FIT-PVC-ELB-45DEG50MM,PVC Fitting Elbow 50MM 2,Plumbing,PCS,4,3.40
"FIT-SS239-SOC-MXF-1/2""-SUS304",SS Mxf Socket 1/2,Electrical,PCS,5,3.50
"FIT-UPVC-SOC-6""",U-pvc Socket 160MM 6,Electrical,PCS,10,17.90
HHD-FLO-BAL-12MM,1/2 Poly Float Ball Only Black Colour,Fishing & Tackle,PCS,20,3.20
IND-CAS-RIG3.5,Rigid Caster 3.1/2,Building Materials,PCS,8,7.90
PAI-SPR-ANC-029,400ML Anchor Spray - 29 Flat Black (PCS),Fasteners & Fixings,PCS,13,11.50
"PIP-PVC-3506-1.1/4""","1 1/4""(42MM) Class 3506 X 6M PVC Pipe",Plumbing,MTR,45,4.50
SAF-SLI-GLO-4TON6M,Webbing Sling (glolift) 100MM 4 Ton X 6M,Lifting & Rigging,LGTH,1,69.00
"SHH-CRA-NET-7""","(7"") Hammock Net",Fishing & Tackle,PCS,2,36.90
"SHH-NYLON-BAG-1/2""30""(28"")","Nylon Fish Bag 210/5 1/2 30""(28"")",Fishing & Tackle,PCS,7,8.80
SHH-PLA-NET-NEEDLE-NO.5,Plastic Net Needle No. 5 (white),Fishing & Tackle,PCS,6,1.10
WEL-SHI-BLA-HAND,Welding Shield Hand Type,Welding,PCS,8,7.50
BNW-BOL-SS304-M6-40MM,SS 304 Bolt - M6 X 40MM,Fasteners & Fixings,PCS,43,0.80
CUT-DIS-YES-100#,Yes Line Green Grinding Disc 4 X 100,Abrasives & Cutting,PCS,7,6.50
FIT-PVC-CON-50MM,PVC Fitting Tank Connector 50MM 2,Plumbing,PCS,16,9.00
GUN-GRE-NOZ,Grease Gun Spray Nozzle,Automotive,PCS,13,4.90
MIDDY-END-CAP-RIGHT-WHT,Middy: End Cap - Right (white),Other,PCS,13,4.60
NAI-ROO-SUP-P50MM-500GRM,E. G Roofing Nail - Plain 50MM,Fasteners & Fixings,PCK,4,5.10
PAI-COV-MOP-5G,9501 5G Mop Cover,Housewares,PCS,7,8.50
PAI-SPR-ANC-006,400ML Anchor Spray - 6 Royal Ivory (PCS),Fasteners & Fixings,PCS,12,11.50
RIG-NIP-19MM,K. C. Nipple 19 MM,Lifting & Rigging,PCS,5,2.90
SAF-EAR-PLU-3M-1110,3M 1110 Disposable Ear Plug,Electrical,PAIR,80,2.00
SWI-PLK-1G1W-5011,Plk 5011/1311 10A 1G 1W Switch SIRIM,Electrical,PCS,22,6.30
TOO-CLA-SPR-PM34226,Pumpkin 2 (120MM) Spring Clamp,Hand Tools,PCS,10,6.50
"TOO-NYL-PLU-COU-1/4""-NPF20",Nylon Quick Coupler 1/4 Female NPF-20,Power Tool Accessories,PCS,10,1.90
"TOO-NYL-PLU-COU-1/4""-NPM20",Nylon Quick Coupler 1/4 Male NPM-20,Power Tool Accessories,PCS,10,1.90
TOO-SPA-BEN-15MM,Bend Spanner 5/8,Hand Tools,PCS,3,21.50
BNW-BOL-SS304-M6-50MM,SS 304 Bolt - M6 X 50MM,Fasteners & Fixings,PCS,34,0.90
"CUT-SAW-SUP-18""",18 Supersawman Handsaw,Abrasives & Cutting,PCS,3,19.50
DRI-AUG-2WAY-11MM,T&t 2WAY Auger BIT-7/16,Power Tool Accessories,PCS,2,8.50
ELE-SWI-TOG-1021,"Toggle Switch 1021 (ON/OFF,2T)",Automotive,PCS,13,3.90
GWS060-BEARING-608-2RSH/C3,608 Bearing For Gws 060 Black,Other,PCS,3,21.50
"HOI-PUL-SIN-2""",Single Pulley 2,Lifting & Rigging,PCS,7,6.90
HOS-MAC-WAS-OUT-WPJ112-A,1 1/2 PVC Flexible Outlet Hose,Outdoor & Garden,ROLL,2,9.90
ICE-COO-INO-13LTR-THBW/K-2,Inova 13 Ltr. Ice Cooler,Other,PCS,1,66.00
NAI-AIR-LEO-F15,S. H. Brad Nails - F15,Fasteners & Fixings,BOX,1,14.50
PAI-ROL-REF-L220*,Leon 2 Roller,Paint & Sundries,PCS,1,1.30
SAF-SPE-GOG-PVC,PVC Safety Goggles,Safety & Workwear,PCS,20,2.90
SHH-HOOK-406-NO.6,Saki Sepit Biru 406 No. 6 (20'S),Fishing & Tackle,PKT,1,5.20
"SHH-ROU-LAN-NET-19""",Round Landing Net 19 PE Net,Fishing & Tackle,PCS,2,33.90
TOO-CLA-G-RED-125,G-clamp (red) 5,Hand Tools,PCS,4,16.50
TOO-LEV-STA-993042291,8 X 3 Vials Torpedo Levels-magnetic,Power Tools,PCS,1,22.50
BNW-BOL-HTM-M14-30MM,H/t Bolt - M 14 X 30MM,Fasteners & Fixings,PCS,22,1.50
CAR-WAX-STA-OFF-STI,So Stains Off Sticker - 500ML,Signage & Numbering,PCS,2,28.50
FAS-ANC-PJA-12100,Sh P. J. Anchor 1/2 X 4 (PCS),Fasteners & Fixings,PCS,9,2.90
FIT-PVC-TEE-20MM,PVC Fitting Tee 20MM 3/4,Plumbing,PCS,133,1.60
"FIT-SS237-SOC-1/2""-SUS304",SS Equal Socket 1/2,Electrical,PCS,3,4.50
HAR-THR-LOK-6271-50ML,Thread Lock: Hardex 6271 50ML,Locks & Security,PCS,1,62.90
"IND-TRO-SSS-3350#-6""",R'key Steel Bricklaying Trowel 3350 - 6,Hand Tools,PCS,8,8.20
OUT-CON-RUB-BLACK-318,38MM Rubber Inlet Connector-black,Other,PCS,14,4.20
PAI-SPR-ANC-031,400ML Anchor Spray - 31 Apple Green,Fasteners & Fixings,PCS,12,11.50
"SANDEX-VEL-SAN-4""-320#","Sandex 4 Velcro Sanding Disc, 320",Abrasives & Cutting,PCK,11,5.90
SHH-NYL-NET-10,Automatic Nylon Fishing Mesh Net 10 Hole,Fishing & Tackle,PCS,2,31.90
SHH-ROD-777S165,"777 Sin Solid Rod 165 (5'6"") Fishing Rod (4+1)(MIX Clr)",Fishing & Tackle,PCS,2,26.50
SWI-SOC-POL-756,Pol 13A Switch Socket (756),Electrical,PCS,23,5.90
TIE-CAB-SS-100MM,SS Cable Ties (10PCS/PCK) SUS304 M4.6X100MM,Electrical,PCK,6,2.90
TOO-FIL-MET-SENSUI-SNF003-B,8 Sensui Metal Half Round File,Hand Tools,PCS,4,15.90
TOO-TES-PEN-STA-(66-119),Spark Detecting Screwdriver - 1/8 X 5.1/2,Hand Tools,PCS,13,4.30
ADH-TAP-WAR-Y/B-70MM,Yellow/black Barricade Tape 3IN X 70M,Chemicals & Adhesives,ROLL,2,8.50
ELE-CAB-WIR-PUL-15MW,C Wire Puller 15M Orange,Electrical,COIL,9,16.50
"FAS-SCR-CSK-3/4"" X 8G",Sr Csk Tapping Screw 3/4 X 8G (20PCS/PCK),Fasteners & Fixings,PCK,1,2.60
FIT-PVC-SOC-25MM,PVC Fitting Socket P/t 25MM 1,Plumbing,PCS,103,2.30
GWS060-BEARING-607-2RSH/C3,607 Bearing For Gws 060 Whi,Other,PCS,3,20.00
PLA-BAG-BLA-10X12,10 X 12 X 1KG PE (black),Packaging,PCK,5,10.90
RAI-BOO-BLA-RUB-042#,8834 Black Rubber Shoes W/studs 42,Curtains & Blinds,PAIR,5,9.90
RIG-CLI-GAL-06MM,Galvanised Wire Rope Clip 06MM,Lifting & Rigging,PCS,15,0.80
"SHA-FLE-33""",Flexible Shaft 33,Other,PCS,5,9.00
SPR-NOZ-PI7-101#,PI7 Spray NOZZLE-101,Power Tool Accessories,PCS,3,4.90
SWI-ADA-TRA-UNI,Universal Multi Travel Adaptor USB Uni,Electrical,PCS,4,44.50
SWI-SOC-NNE-802/1-1W2G,NNE 802/1 2G 1W Switch SIRIM,Electrical,PCS,13,9.80
TOO-CHI-15086(P),Sds Plus Shank Point Chisel,Power Tool Accessories,PCS,3,5.00
BNW-BOL-HTM-M06-45MM,H/t Bolt - M 06 X 45MM,Fasteners & Fixings,PCS,63,0.40
CUT-DIS-TAI-100MM-AA60T,Tailin Cutoff Wheel,Abrasives & Cutting,PCS,1,3.50
DRI-AUG-2WAY-16MM,T&t 2WAY Auger BIT-5/8,Power Tool Accessories,PCS,1,13.60
FIT-UPVC-CAP-160MM,U-pvc End Cap 160MM 6,Plumbing,PCS,6,26.90
HOS-CLE-01930-MTR,19MM X 30M Clear Hose (MTR),Outdoor & Garden,MTR,1,3.50
IND-CAS-SWI4,Swivel Caster 4,Fishing & Tackle,PCS,6,9.40
PAI-SPR-ANC-060,400ML Anchor Spray - 60 Brown,Fasteners & Fixings,PCS,11,11.50
PYE-FIL-WOO-NATURAL-0.5KG,PYE Fillawood (natural) 0.5KG,Building Materials,TIN,6,9.20
RAI-BOO-BLA-RUB-038#,8834 Black Rubber Shoes W/studs 38,Curtains & Blinds,PAIR,5,9.90
SHH-PE-TWINE-380241GG,380/24 Gg P. E. Twine,Fishing & Tackle,PCS,26,2.50
SMR-TCT-HOL-SAW-30MM,Smr Tct Holesaw 30MM,Power Tool Accessories,PCS,1,27.90
SWI-PLU-MK-515-15A,Mk 515 Whi 15A Plug Top,Electrical,EA,7,21.90
TOO-CLA-G-RED-100,G-clamp (red) 4,Hand Tools,PCS,4,12.90
TOO-HAN-SPA-T12MM,T Handle Spanner 12MM,Hand Tools,PCS,1,7.30
"BAS-WAS-BRA-1.1/4""",Brass Basin Waste 1-1/4,Plumbing,PCS,9,15.50
CLI-HOS-68X73,Rb Super Hose Clamp 68 X 73,Hand Tools,PCS,9,5.50
CLI-HOS-98X103,Rb Super Hose Clamp 98 X 103,Hand Tools,PCS,8,6.20
CUT-PIP-STA-42MM,PVC Pipe Cutter (up To 42MM),Plumbing,PCS,2,76.50
"DRI-AUG-SDS-7/16""",7/16 Sds Plus Auger Bit,Power Tool Accessories,PCS,14,10.90
"FIT-YG239-SOC-MXF-1/2""-BRA",Brass Mxf Socket 1/2,Electrical,PCS,3,4.20
FLO-MOC-30AAS50,"12""X12 Floor Tiles 30AAS50",Flooring,PCS,1,3.70
FLO-MOC-KV959,"Kv 959 12""X12 Homotiles",Flooring,PCS,1,4.80
IND-CAS-RIG5,Rigid Caster 5,Building Materials,PCS,5,11.50
MER-M800,Fiber X 0.28KG,Building Materials,CAN,2,29.90
NUM-60MM-E,Acp Alphabet 60MM - E,Signage & Numbering,PCS,1,8.00
SHH-PE-TWINE-380361GG,380/36 Gg P. E. Twine,"Rope, Chain & Netting",PCS,25,2.70
"SHH-PE.BAG-36""",P. E. Bags 36,Fishing & Tackle,PCS,5,10.90
"SHH-ROU-LAN-NET-18X1/2""",Round Landing Net 18 X 1/2,Fishing & Tackle,PCS,2,30.50
SWI-SOC-H35/1/2A-5W1G,1 G 5W Switch,Electrical,PCS,13,4.72
"TOO-BAR-WRE-STR-30""",Gd Wrecking BAR (straight) 30,Power Tools,PCS,1,22.90
TOO-CRO-RIM-17192123,Cross Rim Wrench 17 X 19 X 21 X 23,Hand Tools,PCS,3,27.90
TOO-WRE-ADJ-GD300,Gd Adjustable Wrench 12,Hand Tools,PCS,3,19.90
WEL-NOZ-BOC-P1/32,Boc Cutting Nozzle - 1/32 (pnme),Power Tool Accessories,PCS,12,11.50
"AER-BV-101(3"")","Aerico Bv 101 (3"")",Other,PCS,3,20.00
BRA-COU-WAS-MAC-66#,66 Activ Washing Machine Tsui,Plumbing,PCS,26,5.80
BRA-WAL-TOI-CIS,Techplas (1012B): Water Cistern Wall Bracket,Plumbing,PCS,3,4.30
CAR-WAX-ARMOR-500ML,Armor All 500ML Wash & Wax,Automotive,SET,2,24.90
CHA-SAW-CHA-IETO,Chain Saw (chain),"Rope, Chain & Netting",PCS,2,28.00
CLI-ELE-CAB-SPR-U18-20MMTC,Tc 20MM PVC Spring/u Clip (PACK),Electrical,PACK,56,3.40
CLO-SHRT-1094L-15,Golden Horse Working Shirt 1094L - 15,Other,PCS,2,24.90
"CUT-SAW-ASUMA-18""",18 Asuma Hand Saw,Abrasives & Cutting,PCS,3,14.90
FIT-PVC-TEE-25MM,PVC Fitting Tee 25MM 1,Plumbing,PCS,73,2.00
FOLD-SQUIR-RAT-CAG,5-1/2 X 11 Foldable Squirrel Mouse Case,Other,PCS,4,11.90
PAI-COV-MOP-4G,9401 4G Mop Cover,Housewares,PCS,7,7.30
PVC-FUN-665A,PVC Funnel,Housewares,PCS,6,8.50
SHH-NYL-NET-6-SHR,Automatic Fishing Net Shrimp Cages 6 Hole,Fishing & Tackle,PCS,2,28.50
SPR-GALAXY-WTRPRF-400ML,Galaxy Waterproof Solution Spray 400ML,Fasteners & Fixings,CAN,3,55.00
TYR-TUB-PRE-13X3,13 X 3 Rr Kingstone Tyre Tube,Automotive,PCS,5,8.60
"VAL-BAL-M'MAN-7733#X3/4""",M'man Ball Valve X 3/4,Plumbing,PCS,3,4.50
X-FIT-UPVC-TEE-W/D-110MMX82MM,U-pvc Reducing Tee W/door 110MM X 82MM 4 X 3,Plumbing,PCS,8,22.50
BRA-S/S-MULTI-M,Multi Functional S/steel Angle Bracket M Size,Plumbing,PCS,10,13.90
"DRI-AUG-SDS-9/16""",9/16 Sds Plus Auger Bit,Power Tool Accessories,PCS,11,13.50
"FAS-SCR-TAP-CSK-8#1/2""",8 X1/2 Tapping Screw-flat Head (20PCS/PCK),Fasteners & Fixings,PACK,11,1.50
HHD-VAL-FLO-PVC-4SEA,1/2 PVC Float Valve's Seal,Fishing & Tackle,PCS,36,1.50
HOS-CLE-01630-MTR,16MM X 30M Clear Hose (MTR),Outdoor & Garden,MTR,1,2.90
IND-DUS-GLO-240L-SHA,Glomax 120L Dustbin Shaft,Housewares,PCS,2,25.00
INK-POT-BIG-RED,PVC Ink Pot-big,Other,PCS,17,2.90
NUM-80MM-D,Acp Alphabet 80MM - D,Signage & Numbering,PCS,5,12.60
SAF-HEL-SUN-BRIM,Proguard Helmet Sunshade Brim,Safety & Workwear,PCS,2,24.80
SHH-BOX-ETB240,240 Exori Tackle Box (15CM X 9.5CM X 3CM),Fishing & Tackle,PCS,6,7.90
SHH-ROD-AGS662,"Santec 2904-195(6'6"") Revenge Solid Rod",Fishing & Tackle,PCS,1,49.90
SWI-POL-15A-SOC,Pol 15A Switch Socket,Electrical,PCS,9,16.80
TOO-PLU-COU-SMY-RND,Quick Coupler Three Way-round,Power Tool Accessories,PCS,4,42.90
TOO-SPA-BEN-09MM,Bend Spanner 3/8,Hand Tools,PCS,4,12.30
APR-PRO-WCPA,600MM X 2050MM Worker Chemical Protective Apron,Safety & Workwear,SHT,3,15.80
BAT-WAT-1L,Battery Fluid,Electrical,PCS,43,2.50
"BRA-SHE-8""x10""",8 X 10 Shelf Bracket (DOZ),Housewares,DOZ,1,62.90
"BRA-SHE-8""x10""",8 X 10 Shelf Bracket (PAIR),Housewares,PAIR,9,4.90
CAR-WAS-WAX-500ML,Aa Car Care Wash & Wax 500ML,Automotive,BTL,8,5.90
CAR-WAX-ANT-REPELL,Ant Repellent 500ML,Automotive,PCS,2,26.90
"CHA-SAW-CHA-6""",6 Chainsaw Chain,"Rope, Chain & Netting",PCS,3,17.90
ELE-PVC-NUT-U3X7,Umc 3 X 7 PVC Nut Box,Fasteners & Fixings,PCS,64,1.90
"FIT-YG225-BUSH-1/2""X1/4""-BRA",Brass Bushing 1/2 X 1/4,Plumbing,PCS,4,2.90
"FIT-YG245-NIP-3/8""-BRA",Brass Equal Nipple 3/8,Plumbing,PCS,4,2.90
IND-SCP-WOO75,Gd Scraper 3,Building Materials,DOZ,3,20.90
MAR-PEN-BLACK,Sharpie Fine Point P/marker (ls)- Black (DOZ),Hand Tools,DOZ,1,61.90
"SHH-CAGE-2RING-12""",2 Ring Cages 12,Fishing & Tackle,PCS,3,18.90
SWI-S/SKT-LWD-0021,Lwd 0021 F3 2G 1W Switch SIRIM,Electrical,PCS,15,7.90
TOO-CHI-STA-08MM,"5/16""/8MM Dynagrip Wood Chisel",Hand Tools,PCS,2,24.50
TOO-FIL-BCC-200MM,Bahco Handy File 4-153-08-1-2,Hand Tools,PCS,2,27.50
TOO-FIL-SENSUI-SNF001-C,10 Sensui Metal Flat File,Hand Tools,PCS,3,20.90
"X-CUT-PVC-FIL-9111-4.1/2""",4 1/2 Chisel Wood Handle Only - Big,Hand Tools,PCS,26,2.40
BNW-B&N-ORI-12200,Mild Steel Bolt & Nut 1/2 X 8,Fasteners & Fixings,KGS,13,9.50
"CUT-PVC-FIL-9002C-4""",4 Prc PVC File Handle-circle,Hand Tools,PCS,9,5.20
DOR-INS-KIT-26095(5),Br 4009 5PCS Lockset Installation Kit,Doors & Hardware,SET,1,15.90
ELE-63A-CUT-OUT,Lucy 63A Cut Out Unit Fuse,Electrical,EA,5,21.80
ELE-BOX-MCB-12WAY,Tc 13 Way Mcb Box,Electrical,PCS,5,26.90
IND-CAS-RUB-075MM,3 Rubber Wheel Only,Building Materials,PCS,16,3.60
OIL-FUN-7012,12 Funnel,Housewares,PCS,4,10.30
PAI-SPR-ANC-012,400ML Anchor Spray - 12 Yellow,Fasteners & Fixings,PCS,10,11.50
TIE-CAB-SS-200MM,SS Cable Ties (10PCS/PCK) SUS304 M4.6X200MM,Electrical,PCK,4,3.40
TOO-CUT-BOL-STA-992014324,"24""/609MM Bolt Cutter",Fasteners & Fixings,PCS,1,179.00
TOO-SPA-BEN-07MM,Bend Spanner 5/16,Hand Tools,PCS,4,12.30
"TOO-WRE-PLU-5/8""",5/8 T Plug Wrench,Hand Tools,PCS,4,11.80
X-TOO-DRI-ADA-13MM,13MM Drill Chuck With Adapter Adamark,Power Tools,PCS,1,18.50
BNW-B&N-ORI-12100,Mild Steel Bolt & Nut 1/2 X 4,Fasteners & Fixings,KGS,12,9.50
BNW-BOL-HTM-M12-30MM,H/t Bolt - M 12 X 30MM,Fasteners & Fixings,PCS,22,1.10
CHI-WAT-2GAL-6302,2 Gal Water Container For Chick,Housewares,SET,3,16.90
CLI-HOS-60X63,Rb Super Hose Clamp 60 X 63,Hand Tools,PCS,10,4.50
"DRA-SLI-WHI-18""",Drawer Slide (light Duty) 18,Plumbing,SET,13,9.90
FIT-HDPE-TEE-25MMX20MM,HDPE Tee Reducing 25 X 20MM,Plumbing,PCS,22,5.50
FIT-UPVC-SOC-P/T-40MM,U-pvc Socket P/t 40MM 1-1/2,Electrical,PCS,37,3.80
FLO-MOC-30WE40,"12""X12 Floor Tiles 30WE40",Flooring,PCS,1,3.70
FLO-MOC-BR3030A6,BR3030A6 30X30CM,Flooring,PCS,1,3.60
FLO-MOC-OSCARBR,"Oscar Brown 12""X12 Floor Tiles",Flooring,PCS,1,2.70
FLO-MOC-R04,R04 30X30CM,Flooring,PCS,1,3.30
IND-SCP-PVC-50MM,Sr PVC Scraper 2,Building Materials,PCS,23,1.90
SPR-BLUE,Spring Blue,Fasteners & Fixings,PCS,53,1.00
TOO-CHI-STA-10MM,"3/8""/10MM Dynagrip Wood Chisel",Hand Tools,PCS,2,25.50
TOO-CHI-STA-12MM,"1/2""/12MM Dynagrip Wood Chisel",Hand Tools,PCS,2,27.90
TOO-FIL-15095(5),Br 2027 5 Slim Taper File,Hand Tools,PCS,7,7.50
TOO-FIL-SENSUI-SNF002-C,10 Sensui Metal Round File,Hand Tools,PCS,3,15.90
TOO-WRE-ADJ-GD450,Gd Adjustable Wrench 18,Hand Tools,PCS,1,62.00
X-FLO-MOC-30R188,12 X 12 Floor Tiles 30R188,Power Tools,PCS,2,3.70
BNW-NUT-ORI-12MM,MS Hex Nut 1/2,Fasteners & Fixings,KGS,12,10.50
BNW-WAS-COM-16MM,Zinc Plated Washer 5/8,Fasteners & Fixings,KGS,11,11.50
CHA-ANI-6FT-40,Animal Chain 40 X 6,"Rope, Chain & Netting",PCS,7,7.90
CUT-KNI-STA-DYN-18MM,"(18MM X 6"") Knives With Dynagrip",Abrasives & Cutting,PCS,2,21.90
"FIT-SS233-PLU-1/2""-SUS304",SS Square Plug 1/2,Electrical,PCS,3,3.50
FIT-UPVC-BEN-ELB-W/D-110MM,U-pvc Bend (elbow) W/door 110MM 4,Plumbing,PCS,7,19.50
FLO-MOC-30LS04,12 X 12 Floor Tiles 30LS04,Flooring,PCS,1,2.85
FLO-MOC-30LS05,12 X 12 Floor Tiles 30LS05,Flooring,PCS,1,2.85
FLO-MOC-30PS04,12 X 12 Floor Tiles 30PS04,Flooring,PCS,1,2.75
FLO-MOC-30PS05,12 X 12 Floor Tiles 30PS05,Flooring,PCS,1,2.75
FLO-MOC-30PS14,12 X 12 Floor Tiles 30PS14,Flooring,PCS,1,2.85
"HOI-PUL-SIN-1.1/2""",Single Pulley 1.1/2 (DOZ),Lifting & Rigging,DOZ,1,57.90
IND-PLU-BOB-1000G,1000G Plumb Bobs,Building Materials,PCS,3,14.20
PLA-BAG-BLA-15X18,15 X 18 X 1KG PE (black),Packaging,PCK,4,9.90
SHH-HOO-21P6,21 Pontoon Treble Hook (6G),Fishing & Tackle,PCS,1,6.50
SHH-REEL-AR30210,"Air Response 30-210(7'0"") Rod (casting Rod)",Fishing & Tackle,PCS,1,59.00
TOO-CHI-6077,Mii Sds Bull Point Chisel - 6077,Power Tool Accessories,PCS,25,5.70
WEL-NOZ-BOC-A1/32,Boc Cutting Nozzle - 1/32 (anme),Power Tool Accessories,PCS,8,15.50
BNW-BOL-HTM-M10-60MM,H/t Bolt - M 10 X 60MM,Fasteners & Fixings,PCS,28,0.80
CLI-HOS-44X47,Rb Super Hose Clamp 44 X 47,Hand Tools,PCS,11,3.80
CLI-HOS-86X91,Rb Super Hose Clamp 86 X 91,Hand Tools,PCS,7,5.90
ELE-CAB-WIR-GRE-2.5MM*,2.5MM PVC Cable Green - MTR,Electrical,MTR,328,1.60
ELE-PVC-INS-ELB*,19MM Inspection Elbow,Plumbing,PCS,134,1.00
"FAS-SCR-DRY-BLA-6#3/4""",Hunter/bk - Drywall Screw 6 X3/4 (20PCS/PCK),Fasteners & Fixings,PCK,29,1.30
FIT-GAL-SOC-38MM,Galvanised Socket (270) 38MM,Electrical,PCS,3,6.20
FIT-PVC-CON-32MM,PVC Fitting Tank Connector 32MM 1-1/4,Plumbing,PCS,19,7.70
FIT-PVC-TEE-32MM,PVC Fitting Tee 32MM 1-1/4 Swv 1 Bag,Plumbing,PCS,56,2.40
FLO-MOC-BR3030A5,BR3030A5 30X30CM,Flooring,PCS,1,3.60
FLO-MOC-BR3030GLBR,BR3030GLBR 30X30CM,Flooring,PCS,1,3.60
"GUN-GRE-NIP-90 1/2""",S. K 90 Degree Grease Nipple 1/2 Unf 20,Fasteners & Fixings,PCS,18,6.90
"IND-CAS-WHE-8X1""",Solid Rubber Wheel 8 X 1,Building Materials,PCS,3,13.90
"NAI-CON-GAL-3/4""-PCK",3/4 Galvanised Steel Nail (20CS/PCK),Fasteners & Fixings,PCK,24,0.70
RAI-BOO-BLA-RUB-36,8835 Black Rubber Shoes 36,Curtains & Blinds,PAIR,4,9.90
RAI-BOO-BLA-RUB-38,8835 Black Rubber Shoes 38,Curtains & Blinds,PAIR,4,9.90
RAI-BOO-BLA-RUB-41,8835 Black Rubber Shoes 41,Curtains & Blinds,PAIR,4,9.90
SCA-KIT-3KG,3KG Kitchen Scale,Housewares,PCS,2,22.90
SWI-POL-3GANG-1WAY-753,Pol 3 GANG 1 Way Switch Socket,Electrical,PCS,9,11.50
TOO-CHI-STA-06MM,"1/4""/6MM Dynagrip Wood Chisel",Hand Tools,PCS,2,26.90
CAR-WIN-WIP-120ML,Aa Car Care Windshield Wiper Fluild 120ML,Automotive,EA,10,4.50
CLI-HOS-32X35,Rb Super Hose Clamp 32 X 35,Hand Tools,PCS,12,3.50
COC-BIB-MMAN-SS-#716,M'man Stainless Steel Bibcock 716,Plumbing,PCS,5,26.50
DOR-PAD-KTAC200,8 King Top A/c Surface Bolt,Fasteners & Fixings,SET,8,13.50
"FAS-SCR-TD-HRW 675-3""","Sr Wood Spandex Screw 3""- Td-hrw 675",Fasteners & Fixings,BOX,2,79.90
FIT-UPVC-TEE-82MMX50MM,U-pvc Reducing Tee 82MM X 50MM 3 X 2,Plumbing,PCS,7,16.70
FLO-MOC-30AAS20,"12""X12 Floor Tiles KH30AAS20",Flooring,PCS,1,3.70
"GLA-6""X24""X4MM-KERTACHI",6 X 24 X 4MM Kertachi Glass,Building Materials,PCS,7,5.50
HOS-SPA-WAS-C555,C555 Washer & Nut (PCS),Fasteners & Fixings,PCS,5,2.70
INK-POT-BIG,Big Ink Pot,Other,PCS,12,3.30
INK-POT-SMALL,Small Ink Pot,Other,PCS,14,2.70
"PIP-BRA-1""",1 S/s Tower Rod Bracket-end Type,Plumbing,SET,7,14.40
SHH-BLK-NYL-210/18-BK,210/18 100G Black Nylon Twine,"Rope, Chain & Netting",PCS,6,7.60
SWI-PLK-2G1W-5021,Plk 5021 10A 2G 1W Switch SIRIM,Electrical,PCS,10,10.20
BNW-WAS-M4,M4 Washer (20PCS/PCK),Fasteners & Fixings,PCK,27,0.50
CUT-HAC-SAW-510B,12 Home Hack Saw-pipe,Plumbing,PCS,19,5.80
FIT-PVC-CAP-40MM,PVC Fitting End Cap 40MM 1-1/2,Plumbing,PCS,51,2.50
SHH-LASTIK,Lastik PVC,Fishing & Tackle,PCS,5,7.90
"SHH-NYLON-BAG-1/2""24""(22"")","Nylon Fish Bag 210/5 1/2 24""(22"")",Fishing & Tackle,PCS,6,6.50
SHH-PE-TWINE-380421GG,380/42 Gg P. E. Twine,Fishing & Tackle,PCS,20,2.80
TOO-CHI-6076,Mii Sds Bull Point Chisel - 6076,Power Tool Accessories,PCS,33,4.20
TOO-PLU-COU-SMV-RND,Quick Coupler Two Way-round,Power Tool Accessories,PCS,4,36.90
WEL-NOZ-BOC-P1/16,Boc Cutting Nozzle - 1/16 (pnme),Power Tool Accessories,PCS,10,11.50
X-CAB-NET-WOR-1.0M,Dintek Cat 5 Patch Cord 1 Meter (grey),Power Tools,PCS,1,18.00
COC-BIB-PVC-3009,M'man ABS Faucet Bibcock - 3009,Plumbing,PCS,46,2.40
"DRI-AUG-SDS-7/8""",7/8 Sds Plus Auger Bit,Power Tool Accessories,PCS,6,22.30
ELE-WIR-WIR30Y/BLK,Wire Puller 30 Meter Yellow/black (heavy Duty),Electrical,COIL,1,126.50
FIT-PVC-ELB-32MM,PVC Fitting Elbow 32MM 1-1/4 Swv,Plumbing,PCS,83,2.30
FIT-UPVC-TEE-W/D-82MM,"U-pvc Tee W/door 3""(82MM)",Plumbing,PCS,6,19.90
GAR-HOE-WED,Hoe Wedges,Outdoor & Garden,PCS,16,1.00
MAC-OIL-RUB-5A,Rubber Oil Ring Kit- Orkit 5A,Automotive,SET,1,42.90
MAC-OIL-RUB-5C,Rubber Oil Ring Kit- Orkit 5C,Automotive,SET,1,42.90
PAI-SPR-ANC-001,400ML Anchor Spray - 1 Clear (DOZ),Fasteners & Fixings,DOZ,1,149.00
PAI-SPR-ANC-002,400ML Anchor Spray - 2 White (DOZ),Fasteners & Fixings,DOZ,1,149.00
PAI-SPR-ANC-004,400ML Anchor Spray - 4 Executive Grey (DOZ),Fasteners & Fixings,DOZ,1,149.00
PAI-SPR-ANC-006,400ML Anchor Spray - 6 Royal Ivory (DOZ),Fasteners & Fixings,DOZ,1,149.00
PAI-SPR-ANC-015,400ML Anchor Spray - 15 Vermillion,Fasteners & Fixings,DOZ,1,149.00
PAI-SPR-ANC-029,400ML Anchor Spray - 29 Flat Black (DOZ),Fasteners & Fixings,DOZ,1,149.00
PAI-SPR-ANC-030,400ML Anchor Spray - 30 Black (DOZ),Fasteners & Fixings,DOZ,1,149.00
PAI-SPR-ANC-803,400ML Anchor Spray - 3 (803) Silver,Fasteners & Fixings,DOZ,1,149.00
"PIP-BRA-MARKSMAN-3/4""-END",Sr Marksman Chrome Pipe Bracket 3/4 - End,Plumbing,PAIR,21,4.90
STR-NYL-12173,Br 6110 10M Japan Nylon Twine,"Rope, Chain & Netting",PCS,2,23.90
SWI-ADA-EUR-3033,Eurosafe 3033 13A 3 Way Adaptor Switch Neon (sr),Electrical,PCS,5,25.50
X-SHH-HOOK-4310N-NO.3/0,No. 3/0 Exori Nickel Hook (10'S),Fishing & Tackle,PKT,1,3.30
CUT-KNI-HAN-FISH TAIL,Sr PVC Parang Handle - Fish Tail,Fishing & Tackle,PCS,21,1.90
CUT-KNIFE,Foochow Knife,Abrasives & Cutting,PCS,1,42.00
"DOR-BOL-RAI-4""",4 Rainbows Tower Bolt (DOZ),Fasteners & Fixings,DOZ,5,28.90
DOR-PAD-KTSS200,8 King Top S/steel Surface Bolt,Fasteners & Fixings,SET,10,9.90
FIT-GAL-CAP-18MM,Galvanised Cap (301) 18MM,Plumbing,PCS,7,2.50
FIT-GAL-NIP-12MM,Galvanised Nipple (280) 12MM,Plumbing,PCS,9,1.70
FIT-PVC-VAL-SOC-50MM,PVC Fitting Socket Valve 50MM 2,Plumbing,PCS,25,3.90
GUN-TAC-REF-R23-8MM,8MM Rapid Staples,Fasteners & Fixings,BOX,12,8.50
IND-SCP-PUT-15075(12),Br 2600 12 S/steel Putty Knife,Hand Tools,PCS,4,10.30
NAI-ROO-SUP-T65MM-500G,E. G Roofing Nail - Twist 65MM 500G,Fasteners & Fixings,PKT,25,5.10
"OIL-FUN-12""",Oil Funnel 12,Housewares,PCS,1,54.50
PAI-SPR-ANC-808,400ML Anchor Spray - 8 (808) Gold,Fasteners & Fixings,PCS,8,11.50
PIP-EXT-SE-1332,3/4 X 1/2 Pipe Extractor + BAR,Plumbing,PCS,7,15.50
PIP-HOO-GAL-20MM,Hook Pipe GI 20MM,Plumbing,PCS,207,0.60
RAI-BOO-TCS5-44#10,Tc S5 Yellow Safety Rain Boots 10,Safety & Workwear,PAIR,1,49.50
SHH-LSTFIS-BIG,Lst Fishing Lure (big),Fishing & Tackle,PCS,4,9.40
SHH-ROD-HSS602,"Ofmer Peacock 562M (5'6"") Rod",Fishing & Tackle,PCS,1,50.90
"VAL-CHE-BRA-VIP523-1""",Spring Check Valve: Brass Vip 523 1,Plumbing,PCS,4,28.90
AER-COL-WAT-TAP-FEMALE,Aerico Cold Water Tap (female),Other,PCS,3,12.70
BNW-JCBC-SCRW-M6X80MM,M6 X 80MM Jcbc Screw (rb),Fasteners & Fixings,PCS,44,0.50
CHA-ANI-6FT-30,Animal Chain 30 X 6,"Rope, Chain & Netting",PCS,6,6.90
CUT-KNI-STA-DYN-9MM-992010409,"(9MM X 5-3/8"") Knives With Dynagrip",Abrasives & Cutting,PCS,2,17.50
"FAS-SCR-TAP-PAN-8#1/2""",8 X 1/2 Ph Self Tapping Screw-pan Head (20PCS/PCK),Fasteners & Fixings,PACK,7,1.80
IND-CEM-2KG,2KG Cement,Building Materials,PCK,33,2.00
MAR-PEN-70-BLUE,Faster 70 Marker Pen-blue,Hand Tools,PCS,10,2.20
NUM-60MM-H,Acp Alphabet 60MM - H,Signage & Numbering,PCS,5,8.00
OIL-FUN-7008,8 Oil Funnel,Housewares,PCS,8,4.50
PAI-SPR-ANC-030,400ML Anchor Spray - 30 Black (PCS),Fasteners & Fixings,PCS,8,11.50
ROO-SHE-0.33MM-GALV,Roofing Galvzinc 0.33MM X 8 X 28G,Building Materials,PCS,1,49.00
SHH-PE-TWINE-380121GG,380/12 Gg P. E. Twine,Fishing & Tackle,PCS,18,2.40
AIR-CHU-E-111-3,Dual Tire Chuck With Metal Gauge (0-160 Psi),Automotive,PCS,1,37.90
BNW-B&N-ORI-12150,Mild Steel Bolt & Nut 1/2 X 6,Fasteners & Fixings,KGS,11,9.50
BNW-BOL-HTM-M06-60MM,H/t Bolt - M 06 X 60MM,Fasteners & Fixings,PCS,43,0.50
BNW-BOL-HTM-M12-50MM,H/t Bolt - M 12 X 50MM,Fasteners & Fixings,PCS,14,1.50
CLI-HOS-36X39,Rb Super Hose Clamp 36 X 39,Hand Tools,PCS,10,3.60
DRI-SET-HOLE-SAW-17PCS,17PCS Hitmax Hss Hole Saw Set,Power Tool Accessories,SET,2,69.00
ELE-PVC-NUT-3X6,"3""X6 White Box W/nut",Fasteners & Fixings,PCS,50,1.90
FIT-GAL-PLUG-12MM,Galvanised Plug (291) 12MM,Electrical,PCS,10,1.60
FIT-PVC-CAP-32MM,PVC Fitting End Cap 32MM 1-1/4,Plumbing,PCS,53,2.20
FLO-MOC-BR3030GBR2,BR3030GBR2 30X30CM,Flooring,PCS,1,3.60
FLO-MOC-BR3030GW,300MM X 300MM BR3030GW,Flooring,PCS,1,3.60
FLO-MOC-BR3030NSW,BR3030NSW 30X30CM,Flooring,PCS,1,3.60
GUN-TAC-R23,Br 2323 Staple Gun,Fasteners & Fixings,SET,7,22.90
IND-WIR-BAR-PVC-81B,4KG PVC Coated Barbed Wire (2.4MM),Electrical,ROLL,3,39.90
SHH-REEL-SUG135,"Sin Udang Galah 135 (4'6"") Prawn Rod (4+1) (mix Color)",Fishing & Tackle,PCS,2,21.50
SHH-ROD-S2692402,"Santec 2692-402 (4'0"") Tiger Prawn Solid Rod",Fishing & Tackle,PCS,2,21.90
SHH-SPOOL-103,Fishing Spool HP-103,Fishing & Tackle,PCS,2,1.60
SWI-SOC-NNE-801/1-1W1G,NNE 801/1 1G 1W Switch SIRIM,Electrical,PCS,14,7.30
TOO-NYL-PLU-COU-NSMV-RND,Nylon Quick Coupler Two Way - Round,Power Tool Accessories,PCS,6,24.50
BNW-BOL-HTM-M14-35MM,H/t Bolt - M 14 X 35MM,Fasteners & Fixings,PCS,11,1.60
BNW-JCBC-SCRW-M6X60MM,M6 X 60MM Jcbc Screw (rb),Fasteners & Fixings,PCS,41,0.50
CLI-HOS-48X51,Rb Super Hose Clamp 48 X 51,Hand Tools,PCS,9,3.90
DOR-PAD-03164,Br 4250 3 1/2 S/steel Auto Bolt,Fasteners & Fixings,PCS,14,7.20
ELE-PVC-NUT-3X12,Umc 3 X 12 PVC Nut Box,Fasteners & Fixings,PCS,21,4.20
ELE-SWI-SQ-GRE,"On/off Switch 16A 250V 4T Square, Green",Automotive,EA,8,4.20
FAS-HOO-EYE-16#,16 Hook & Eyes (GROSS),Fasteners & Fixings,GROSS,1,134.00
"FIT-YG245-NIP-1/2""-BRA",Brass Equal Nipple 1/2,Plumbing,PCS,2,4.20
NUM-80MM-J,Venus Home Numbering 80MM - J,Signage & Numbering,PCS,3,12.60
RIG-CLI-GAL-05MM,Galvanised Wire Rope Clip 05MM,Lifting & Rigging,PCS,11,0.70
SHH-BLK-NYL-210/21-BK,210/21 100G Black Nylon Twine (308),"Rope, Chain & Netting",PCS,5,7.70
SHH-LIG-NYL-210/12,210/12 100G L. Brown Nylon (LIVLON)(357),Fishing & Tackle,PCS,5,7.40
SHH-LIG-NYL-210/18,210/18 100G L. Brown Nylon Twine (LIVLON)(357),"Rope, Chain & Netting",PCS,5,7.60
SHH-LIG-NYL-210/21,210/21 100G L. Brown Nylon T.(LIVLON)(357),Fishing & Tackle,PCS,5,7.70
SHH-LIG-NYL-210/9,210/9 100G Light Brown N. T.(LIVLON)(357),Fishing & Tackle,PCS,5,7.30
TAP-SKC-UNC-16MM,Skc Hand Tap Unc 5/8,Plumbing,SET,2,54.30
AER-BOT-WAT-TAP,Aerico Bottle Water Tap,Other,PCS,3,12.30
CAR-GLA-CLE-500ML,Aa Car Care Glass Cleaner 500ML,Automotive,PCS,2,14.90
ELE-SWI-SQ-RED,"On/off Switch 15A 250V 6T Square, Red KCD4",Electrical,EA,2,4.20
FIT-HDPE-ADA-MAL-25MMX1,25MM X 1 HDPE Male Threaded Adaptor,Plumbing,PCS,44,2.20
FIT-PVC-SOC-40MM,PVC Fitting Socket P/t 40MM 1-1/2,Plumbing,PCS,36,4.30
FIT-PVC-SOC-DE20MM,PVC Fitting Socket D/e 20MM 3/4,Plumbing,PCS,189,1.00
SHH-ROD-2692-362,"Santec 2692-362 (3'6"") Tiger Prawn Solid Rod",Fishing & Tackle,PCS,2,21.50
SWI-ADA-MUL-NEO-7196,Cyberstar 13A Multi Neon Adaptor,Electrical,PCS,2,4.20
SWI-PLK-3G1W-5031,Plk 5031 10A 3G 1W Switch SIRIM,Electrical,PCS,6,16.90
CHA-ANI-6FT-25,Animal Chain 25 X 6,"Rope, Chain & Netting",PCS,7,5.50
ELE-CLI-PIP-GAL-18MM,3/4 G. I Saddle BAR,Electrical,PCS,213,0.60
ELE-PVC-CAP,Box Lid - Screw Type,Fasteners & Fixings,PCS,258,0.40
"FIT-HDPE-BEN-MAL-25MMX1""",HDPE Bend Male 25MM X 1,Plumbing,PCS,35,2.60
FIT-UPVC-TEE-110MMX50MM,U-pvc Reducing Tee 110MM X 50MM 4 X 2,Plumbing,PCS,5,20.30
IND-GAL-WIRE-18#-ROLL,18 X 20KG Wire,Electrical,ROLL,1,119.00
IND-IRON-HIN,4 Lorry Hinges,Building Materials,PCS,4,7.90
LMP-TEL-LCI-D80M7,Lci D80M7 37KWCONTACTOR,Electrical,PCS,1,160.00
PLA-BAG-BLA-08X10,8 X 10 X 1KG PE (black),Packaging,PCK,3,10.90
"SHH-CAGE-3RING-15""",3 Ring Cages 15 PE Net,Fishing & Tackle,PCS,2,20.50
SHH-REEL-SUG120,"Sin Udang Galah 120 (4'0"") Prawn Rod (4+1)(MIX Color)",Fishing & Tackle,PCS,2,19.90
SWI-S/SKT-ACE-1WAY-2GANG,Ace 1 GANG 2 Way Switch (6512),Electrical,PCS,11,7.90
TAP-SIN-BOL-PVC-4115,Upvc Bottle Trap 1 1/2,Plumbing,PCS,12,7.90
WEL-MAC-PAR-CON-0.8MM,0.8MM X 25MM Contact Tip,Welding,PCS,10,3.90
X-FLO-MOC-30R166,12 X 12 Floor Tiles 30R166,Power Tools,PCS,1,3.70
X-FLO-MOC-BR3060SM,BR3060SM 300X600MM,Power Tools,PCS,1,6.90
BAT-DC-LB1220-1,DC 12V 2.0AH Lithium Battery,Electrical,PCS,1,115.00
BLI-HSS-HOL-SAW-26MM,Navato Hole Saw Cutter 26MM,Power Tool Accessories,PCS,1,15.80
"FAS-SCR-DRY-WHI-6#1.1/2""",Hunter/wh - Drywall Screw 6 (20PCS/PCK) X1-1/2,Fasteners & Fixings,PCK,1,1.80
FIT-GAL-TEE-18MM,Galvanised Tee (130) 18MM,Plumbing,PCS,4,3.50
FIT-PVC-SOC-DE25MM,PVC Fitting Socket D/e 25MM 1,Plumbing,PCS,95,1.30
FIT-UPVC-BEN-ELB-50MM,U-pvc Bend (elbow) 50MM 2,Plumbing,PCS,42,2.70
PAI-GAL-J604S,4 Gallon Pail,Housewares,PCS,3,11.50
SAF-MAS-305,R'key Chemical Respirator 305,Safety & Workwear,PCS,3,11.30
"SHH-PE.BAG-24""",P. E. Bags 24,Fishing & Tackle,PCS,5,6.90
TIM-SUM-0024,Sum 0024 24 Hour Timer (sirim),Electrical,PCS,4,24.90
TOO-CUT-BOL-STA-992014318,"18""/457MM Bolt Cutter",Fasteners & Fixings,PCS,1,128.00
CHA-ANI-6FT-20,Animal Chain 20 X 6,"Rope, Chain & Netting",PCS,9,4.50
FIT-PVC-VAL-SOC-32MM,PVC Fitting Socket Valve 32MM 1-1/4,Plumbing,PCS,45,2.50
HHD-HAN-LEV-HIGH,High Level Handle,Doors & Hardware,PCS,3,3.50
IND-CEM-TILE-400G,400G Scinmix Tile Fix Addtive (tfa),Flooring,PCK,5,5.90
IND-DUS-GLO-120L-CLIP,120 Litre Dustbin Clip,Housewares,SET,4,9.20
OIL-CAN-MINI-0069,300ML Mini Oil Can - 0069,Automotive,PCS,2,16.50
RAI-BOO-BLA-RUB-39,8835 Black Rubber Shoes 39,Curtains & Blinds,PAIR,3,9.90
SAF-EAR-PLU-3M-1100,3M 1100 Disposable Ear Plug,Electrical,PAIR,88,1.40
"SHH-PE.BAG-30""",P. E. Bags 30,Fishing & Tackle,PCS,4,8.50
WEL-NOZ-BOC-P3/64,Boc Cutting Nozzle - 3/64 (pnme),Power Tool Accessories,PCS,8,11.50
DOR-SOC-SGD-13MMSN,13MM (big) Sn St. Guchi Dust Socket,Electrical,PCS,4,25.80
FAS-HOO-EYE-14#,14 Hook & Eyes,Fasteners & Fixings,PCS,99,1.10
FAS-HOO-EYE-18#,18 Hook & Eyes,Fasteners & Fixings,PCS,70,1.90
FIT-PVC-SOC-32MM,PVC Fitting Socket P/t 32MM 1-1/4,Plumbing,PCS,38,3.50
FIT-UPVC-TEE-82MM,U-pvc Tee 82MM 3,Plumbing,PCS,6,15.70
IND-SCP-PVC-75MM,Sr PVC Scraper 3,Building Materials,PCS,11,2.70
"LEO-S/S-LOC-BAR-BOL-LRBB100-4""",Leon S/s L/r Lockable Barrel 4,Fasteners & Fixings,PCS,1,8.20
TOO-CUT-CAL-SHE-150MM,Sr Shell Cable Cutter 6,Electrical,PCS,8,11.80
TOO-HOL-MAG-WEL-00306F,Single Strong Magnetic Welding Grounding Holder (korea),Welding,PCS,4,7.90
WEL-NOZ-BOC-A1/16,Boc Cutting Nozzle - 1/16 (anme),Power Tool Accessories,PCS,6,15.50
BNW-WAS-SPR-11MM,Bsw Spring Washer 7/16 (8PCS/PCK),Fasteners & Fixings,PCK,11,1.10
CHA-BBE4-EV,Battery Charger For Bossman,Electrical,PCS,2,50.00
CLI-ELE-CAB-25MM30'S,Cable Clip 25MM 30'S (bd),Electrical,BOX,10,7.50
CLI-HOS-40X43,Rb Super Hose Clamp 40 X 43,Hand Tools,PCS,8,3.70
FIT-UPVC-CAP-82MM,U-pvc End Cap 82MM 3,Plumbing,PCS,18,5.90
MIX-HANDLE,Handle,Doors & Hardware,PCS,6,2.20
NAI-FEL-SUP-18MM-500G,E. G Felt Nail 18MM - 500G,Fasteners & Fixings,PCK,3,5.20
"PIP-BRA-1""-MID",1 S/s Tower Rod Bracket-middle Type,Plumbing,SET,5,14.50
PLA-BAG-5X8X500G,5 X 8 X 500G Hd/roll,Packaging,ROLL,4,5.80
PLR-TIL-4017,Tile Leveling Plier,Hand Tools,PCS,2,18.90
"SANDEX-VEL-SPO-4""",Sandex 4 Velcro Polish Sponge (thick),Abrasives & Cutting,PCS,3,10.90
"SHH-CAGE-3RING-13""",3 Ring Cages 13,Fishing & Tackle,PCS,2,18.50
SWI-ADA-TRA-2G,Me 666 2G Travel Adaptor,Electrical,PCS,5,15.30
TOO-CHI-6075,Mii Sds Bull Point Chisel - 6075,Power Tool Accessories,PCS,24,4.10
X-BOS-2608-587-165,Ceramic Expert Drill Bit 10 X 90MM,Power Tool Accessories,PCS,3,31.50
"AER-RO-JOI-4""+2""",Aerico 4 + 2 Ro Joint,Other,PCS,1,34.90
BNW-WAS-RUB-12MM-100G,1/2 Rubber Washer,Fasteners & Fixings,PKT,37,2.50
CLI-ELE-CAB-SPR-U18-20MMTC,Tc 20MM PVC Spring/u Clip (PKG),Electrical,PKG,4,27.90
"DIE-ROU-1""",1 (25MM) Round Die,Other,PCS,2,16.90
DOR-PAD-KTAC125,5 King Top A/c Surface Bolt,Fasteners & Fixings,PCS,9,7.90
ELE-PLA-ROLLER-TC 11',Tc 11 Plastic Roller (almighthy),Electrical,PCS,2,44.90
"ELE-PVC-MALE-SOCKET-3/4""",Ele PVC Male Socket 3/4,Electrical,PC(S),225,0.28
FIT-PVC-TEE-50MM,PVC Fitting Tee 50MM 2 Swv,Plumbing,PCS,17,5.90
"HOS-FLE-BT/M039-10""",10 Flexible Hose,Outdoor & Garden,PCS,5,7.00
IND-TRO-BRI-226,Gd Bricklaying Trowel (2-2) 6,Hand Tools,PCS,8,3.80
TOO-NYL-PLU-COU-NSMY-RND,Nylon Quick Coupler Three Way - Round,Power Tool Accessories,PCS,4,28.90
TOO-SPA-BEN-12MM,Bend Spanner 1/2,Hand Tools,PCS,2,15.80
"WHE-NYL-CAS-2""-2268#",M'man PVC Swivel Caster 2268,Fishing & Tackle,SET,3,12.50
BNW-BOL-HTM-M10-75MM,H/t Bolt - M 10 X 75MM,Fasteners & Fixings,PCS,15,1.00
BRA-S/S-MULTI-S,Multi Functional S/steel Angle Bracket S Size,Plumbing,PCS,14,6.20
COC-BIB-PVC-SY12MM,1/2 Sy PVC Bib Tap,Plumbing,PCS,32,2.30
"CUT-PVC-FIL-9002R-4""",4 Prc PVC File Handle-rectangle,Hand Tools,PCS,5,5.10
"DRI-AUG-BIT-3/4""X200",3/4 X 200 Star-m Auger Bit (b),Power Tool Accessories,PCS,5,17.90
ELE-BOX-MCB-16WAY,Tc 16 Way Mcb Box,Electrical,PCS,3,29.80
"ELE-D/L-222/6""-WH",Surface Downlite 222/6 Wh,Electrical,PCS,3,31.90
"FAS-SCR-DRY-WHI-6#1""",Hunter/wh - Drywall Screw 6 X1 (20PCS/PCK),Fasteners & Fixings,PCK,19,1.30
"FIT-UPVC-TEE-2""","2""(50MM) U Tee Plain (90)",Plumbing,PCS,20,4.50
GUN-CAU-BLU,Blue Caulking Gun,Fasteners & Fixings,PCS,12,6.20
IND-CAS-NYL-38MM,1 1/2 IN White Nylon Caster Wheel,Building Materials,SET,2,13.90
MIDDY-SOCKET-G100S-W,Middy: Socket (white),Electrical,PCS,17,4.60
"PAI-BRU-SEL-1""",1 Selleys All Purpose Paint Brush,Paint & Sundries,PCS,1,7.90
SIN-WAS-PVC-32MM,1 1/4 PVC Waste - 1412,Plumbing,PCS,27,3.10
STR-NYL-MIX,Dozen Nylon String (DOZ),"Rope, Chain & Netting",DOZ,2,18.70
TOO-CHI-HTS250,10 Pointed Spring Chisel,Hand Tools,PCS,3,10.90
TOO-CUT-BOL-STA-9920144312,"12""/305MM Bolt Cutter",Fasteners & Fixings,PCS,1,99.00
X-SPO-STE-WOOL-UNI326,Steel Wool,Power Tools,PCS,25,0.50
ABR-PAP-CLO-3#,Cloth Abrasive Paper 3,Abrasives & Cutting,PCS,33,1.20
BNW-WAS-SSS-12MM,SS 304 Flat Washer 1/2,Fasteners & Fixings,PCS,151,0.60
DOR-PAD-03019(3.1/2),3 1/2 777 S/steel Square Bolt,Fasteners & Fixings,PCS,12,6.70
DRI-BIT-116G,19MM Hitmax Diamond Core Bit,Power Tool Accessories,PCS,1,12.50
"FIT-UPVC-TEE-1 1/2""",1 1/2 (40MM) U Tee Plain (90'),Plumbing,PCS,23,3.40
PAI-SPR-ANC-001,400ML Anchor Spray - 1 Clear (PCS),Fasteners & Fixings,PCS,6,11.50
SHH-LIG-NYL-210/15,210/15 100G L. Brown Nylon (LIVLON)(357),Fishing & Tackle,PCS,4,7.50
SHH-PE-TWINE-380271GG,380/27 Gg P. E Twine,"Rope, Chain & Netting",PCS,14,2.60
SHH-ROD-S2904150,Santec 2696-562(165) (5'6'') Hornycorn Trans Solid Rod,Fishing & Tackle,PCS,1,34.90
TOO-CHI-6078,Mii Sds Bull Point Chisel - 6078,Power Tool Accessories,PCS,16,5.90
TOO-SPA-BEN-06MM,Bend Spanner 1/4,Hand Tools,PCS,3,9.50
BURR-ROT-MB009,6PCS Rotary Tungsten Burr,Power Tool Accessories,SET,2,47.90
COC-STO-PVC-12MM,1/2 IN PVC Stop Cock,Plumbing,EA,20,3.20
DOR-PAD-KTSS100,4 King Top S/steel Surface Bolt,Fasteners & Fixings,SET,14,4.90
"DRI-AUG-BIT-5/8""X200",5/8 X 200 Star-m Auger Bit (b),Power Tool Accessories,PCS,5,17.20
ELE-BOX-MCB-19WAY,Tc 19 Way Mcb Box,Electrical,PCS,2,39.50
ELE-RENO-63A-3P-MCB,Reno 63A 3P Mcb,Electrical,EA,3,25.70
"FIT-HDPE-TEE-MAL-20MMX1/2""",HDPE Tee Male 20MM X 1/2,Plumbing,PCS,21,3.00
"FIT-HDPE-TEE-MAL-20MMX3/4""",HDPE Tee Male 20MM X 3/4,Plumbing,PCS,21,3.10
"FIT-PVC-NIP-1""X3/4""","1""(25MM) X 3/4""(20MM) Red Socket",Electrical,PCS,70,1.50
FIT-UPVC-BEN-ELB-W/D-50MM,U-pvc Bend (elbow) W/door 50MM 2,Plumbing,PCS,19,3.50
IND-DUS-GLO-120L-COV,120 LTR Dustbin Lids (cover),Housewares,PCS,2,18.90
MOT-FAN-BIG,Motor Fan (b),Other,PCS,8,4.40
"SHH-ROU-LAN-NET-19X1/2""",Round Landing Net 19 X 1/2,Fishing & Tackle,PCS,1,32.50
SOC-EMPTY-TAI-2G-2000,Eurosonic 2G 9822 (empty) Trailing Socket Cw Surge (sr),Electrical,PCS,5,13.90
SOC-TH-C-0406,1/2 X 6MM Convertor Hex Socket,Electrical,PCS,5,15.50
VAL-FOOT-BRA-VIP526,Spring Foot Valve: Brass (526) Vip 1.0,Plumbing,PCS,3,25.50
WOO-PLY-BOA-3MM,Mdf Board 3MM X 4 X 8,Building Materials,PCS,2,13.80
BNW-NUT-HTM-M08,H/t Nut - M 08,Fasteners & Fixings,PCS,203,0.20
CAR-COO-GRN-500ML,Aa Car Care Coolant 500ML (green),Automotive,EA,3,9.90
"FIT-SS231-ELB-MXF-1/2""-SUS304",SS Mxf Elbow 1/2,Plumbing,PCS,1,6.00
IND-CAS-RUB-100MM,4 Rubber Wheel Only,Building Materials,PCS,6,5.00
SHH-CAGE-2RING-10X12-PENET,2 Ring Cage 10 X 12 PE Net,Fishing & Tackle,PCS,2,12.90
"TOI-BAS-FIX-SCR-WHT-120-4.1/2""",4 1/2 Basin Screw Fixing Set,Fasteners & Fixings,PCS,12,6.50
TOO-CHI-THP250,Cold Chisel High Tensile 250MM Point,Hand Tools,PCS,6,4.70
"CUT-PAR-18""",18 Parang,Abrasives & Cutting,PCS,1,25.50
ELE-PVC-INS-TEE,19MM Inspection Tee,Plumbing,PCS,82,1.10
FAS-HOO-EYE-3#,3 Hook & Eyes (24 Pcs/pck),Fishing & Tackle,GROSS,2,16.90
"FAS-SCR-TD-HRW 640- 1 1/2""","Sr Wood Spandex Screw 1 1/2""- Td-hrw 640",Fasteners & Fixings,BOX,1,99.00
FIT-PVC-PLU-32MM,PVC Fitting Plug 32MM 1-1/4 1 Bag,Plumbing,PCS,54,1.60
GUN-CAU-ORANGE,Orange Caulking Gun Double,Fasteners & Fixings,PCS,6,11.50
OIL-FUN-7006,6 Funnel,Housewares,PCS,11,2.30
SHH-BELL-DOUBLE,Double Fishing Bell,Fishing & Tackle,PCS,12,2.00
SWI-S/SKT-LWD-0213,Lwd 0213 F3 13A Neon S/skt SIRIM,Electrical,PCS,6,10.90
TOO-CLA-G-RED-200,G-clamp (red) 8,Hand Tools,PCS,1,29.50
BNW-B&N-ORI-12175,Mild Steel Bolt & Nut 1/2 X 7,Fasteners & Fixings,KGS,7,9.50
CHA-GAL-8MM,Galv Short Link Chain 5/16,"Rope, Chain & Netting",KGS,2,11.90
CUT-SAW-HANDLE,Supersawman Handsaw Handle,Doors & Hardware,PCS,1,7.10
ELE-WIR-WIR15Y/BLK,Wire Puller 15 Meter Yellow/black (heavy Duty),Electrical,COIL,1,75.00
ELE-WOO-BLOCK-9X16,Wood Block 9 X 16,Electrical,EA,5,12.20
FIT-GAL-PLUG-18MM,Galvanised Plug (291) 18MM,Electrical,PCS,6,1.90
"FIT-HDPE-BEN-MAL-20MMX3/4""",HDPE Bend Male 20MM X 3/4,Plumbing,PCS,5,2.00
FIT-PVC-CON-40MM,PVC Fitting Tank Connector 40MM 1-1/2,Plumbing,PCS,9,6.50
PVC-STRAPPING-APPLE GREEN,PVC Strapping Apple Green (KGS),Packaging,KGS,2,12.90
PVC-STRAPPING-GREEN,PVC Strapping Green (KGS),Packaging,KGS,2,12.90
RAI-MCB,Din Rail Aluminium 1M,Curtains & Blinds,PCS,3,8.80
SHH-NYL-NET-8,Automatic Nylon Fishing Mesh Net 8 Hole,Fishing & Tackle,PCS,1,28.50
TAP-BOL-S-TRA-32MM,Plastic S-trap 1 1/4 (32MM),Plumbing,PCS,8,7.80
V-MORE-V15-PVC-KNIFE,V-more V-15 PVC Paper Knife,Hand Tools,PCS,1,1.90
BNW-BOL-HTM-M12-40MM,H/t Bolt - M 12 X 40MM,Fasteners & Fixings,PCS,10,1.30
CAR-ARMOR-PROTECT,Armor All 300ML Protectant,Automotive,PACK,1,24.50
CAR-CLE-WHEEL,Armor All Wheel & Tire Cleaner 300ML,Automotive,BTL,1,22.50
CLI-HOS-52X55,Rb Super Hose Clamp 52 X 55,Hand Tools,PCS,6,4.00
ELE-PVC-SOC-3M,3/4 X 3M Ep Socket (white),Electrical,LTH,11,4.70
FLO-MOC-20UB80,"8""X8 Floor Tiles",Flooring,PCS,1,1.40
FLO-MOC-30PS12,12 X 12 Floor Tiles 30PS12,Flooring,PCS,1,2.85
TOO-DRV-SET-MS,7PCS MS Electric Screw Driver Set,Fasteners & Fixings,SET,3,28.50
BNW-WAS-SSS-06MM,SS 304 Flat Washer 1/4,Fasteners & Fixings,PCS,180,0.20
CAR-WAX-REPELL,Lizard Repellent 500ML,Automotive,PCS,1,26.80
DOR-PAD-KTAC150,6 King Top A/c Surface Bolt,Fasteners & Fixings,SET,6,10.20
"DRI-AUG-SDS-1""",1 Sds Plus Auger Bit,Power Tool Accessories,PCS,3,26.90
ELE-BOX-MCB-08WAY,Tc 8 Way Mcb Box,Electrical,PCS,4,18.50
"ELE-BRA-CLA-SML-5/8""",Brass Clamp Small 5/8,Hand Tools,EA,9,2.50
FIT-PVC-ELB-50MM,PVC Fitting Elbow 50MM 2 Swv,Plumbing,PCS,25,3.60
FIT-UPVC-SLE-82MM,U-pvc Sleeve 82MM 3,Plumbing,PCS,10,5.90
"FIT-YG237-SOC-1/2""-BRA",Brass Equal Socket 1/2,Electrical,PCS,1,5.40
IND-CAS-GLI-RIG-50MM,2 IN Glide Rigid Caster Wheel,Building Materials,EA,3,7.20
IND-SCP-PUT-15075(08),Br 2600 8 S/steel Putty Knife,Hand Tools,PCS,3,8.50
"IND-WIR-MES-HEX-1/2""",Hexagon Wire Mesh 1/2 X 24G X 3 X 90,Electrical,FTS,90,1.00
NUM-60MM-8,Venus Home Numbering 60MM - 8,Signage & Numbering,PCS,3,8.00
"SHH-PE.BAG-20""",P. E. Bags 20,Fishing & Tackle,PCS,4,6.30
TAP-BOL-S-TRA-40MM,Plastic S-trap 1 1/2 (40MM),Plumbing,PCS,7,8.50
CAB-PVC-FLE-CON-25MM,"Cable 25MM PVC Flexible Conduit, White 40M (COIL)",Electrical,COIL,2,43.90
DOR-PAD-KTSS150,6 King Top S/steel Surface Bolt,Fasteners & Fixings,SET,8,7.30
IND-SCP-WOO-065MM,Gd Scraper 2.1/2,Building Materials,PCS,16,2.00
"NAI-COM-1/2""*",1/2 Wire Nails - 200G,Electrical,PCK,23,2.60
SEA-GAS-B,Black Gasket 1601 X 500 (k),Plumbing,FTS,177,0.30
SHH-BELL-DOUBLE-PLA,Double Fishing Bell Plastic,Fishing & Tackle,PCS,13,1.70
"SHH-CAGE-2RING-8""","2 Ring Cages 8 (210/5 X 8"")",Fishing & Tackle,PCS,2,11.30
TAP-S2440ST,905 Stationery Tape-st,Plumbing,ROLL,2,3.70
"DRI-AUG-BIT-1""X200",1 X 200 Star-m Auger Bit (b),Power Tool Accessories,PCS,3,23.90
"DRI-AUG-CRO-1/2""",Navato Auger Bit 1/2,Power Tool Accessories,PCS,7,9.20
"FAS-SCR-TD-HRW 525-1""",Sr Wood Spandex Screw 1 - Td-hrw 525 (PCK),Fasteners & Fixings,PCK,1,7.50
FIT-PVC-SOC-50MM,PVC Fitting Socket P/t 50MM 2,Plumbing,PCS,15,4.20
FIT-PVC-TEE-40MM,PVC Fitting Tee 40MM 1-1/2 Swv,Plumbing,PCS,26,3.00
FIT-PVC-VAL-SOC-40MM,PVC Fitting Socket Valve 40MM 1-1/2,Plumbing,PCS,28,2.90
"IND-IRON-HIN-3.1/2""",3 1/2 X 3MM Lorry Hinges,Building Materials,PCS,4,5.00
"NAI-CON-WHI-38""",1 1/2 Hardened Steel Concrete Nail,Fasteners & Fixings,BOX,13,4.90
NUM-60MM-G,Acp Alphabet 60MM - G,Signage & Numbering,PCS,3,8.00
NUM-60MM-T,Venus Home Numbering 60MM - T,Signage & Numbering,PCS,3,8.00
TAP-SIN-BOL-PVC-4112,Upvc Bottle Trap 1 1/4,Plumbing,PCS,9,6.90
TOO-DRV-KT107-Z150,"150MM (6""-6)107 King Top (-) Screw Driver",Fasteners & Fixings,PCS,17,4.30
TOO-FIL-SENSUI-SNF004,6 Sensui Thin Flat File,Hand Tools,PCS,2,12.50
"VAL-CHE-BRA-VIP523-3/4""",Spring Check Valve: Brass Vip 523 3/4,Plumbing,PCS,3,23.50
DRI-MIX-SDS-CEM,20 X 500MM Metal T Type Sds Mixer BAR,Power Tool Accessories,PCS,4,16.30
ELE-CLI-PIP-PVC-12MM,1/2 PVC Pipe Clips,Plumbing,PCS,138,0.50
FIT-PVC-PLU-40MM,PVC Fitting Plug 40MM 1-1/2,Plumbing,PCS,35,1.90
FIT-PVC-PLU-50MM,PVC Fitting Plug 50MM 2,Plumbing,PCS,23,2.40
GUN-GRE-NIP-90 M8X1.0,S. K 90 Degree Grease Nipple M8 X 1.0,Fasteners & Fixings,PCS,15,3.70
GUN-TAC-REF-TR45-06MM,"1/4""/6MM Sharpshooter Staples Bullet",Fasteners & Fixings,SET,4,14.90
RAI-BOO-BLA-RUB-039#,8834 Black Rubber Shoes W/studs 39,Curtains & Blinds,PAIR,2,9.90
RAI-BOO-BLA-RUB-041#,8834 Black Rubber Shoes W/studs 41,Curtains & Blinds,PAIR,2,9.90
"SHH-NYLON-BAG-1/2""36""(34"")","Nylon Fish Bag 210/5 1/2 36""(34"")",Fishing & Tackle,PCS,2,11.20
SHH-PLA-NET-NEEDLE-NO.6,Plastic Net Needle No. 6 (white),Fishing & Tackle,PCS,2,1.00
SIN-TRA-PVC-38MM,Sr Waterec Unit Trap - 1 1/2,Plumbing,PCS,8,7.50
SWI-IND-CLI-56C313,Clipsal Industrial Switchgear,Electrical,PCS,2,18.87
SWI-OMR-H3G8C,Omron H3G-8C 60S,Electrical,PCS,2,23.58
SWI-SOC-H34/1/2A-4W1G,1 G 4 W Switch,Electrical,PCS,9,3.77
TOO-CHI-THF250,Cold Chisel High Tensile 250MM Flat,Hand Tools,PCS,5,4.90
DOR-PAD-KTSS075,3 King Top S/steel Surface Bolt,Fasteners & Fixings,SET,15,3.70
DRI-AUG-2WAY-14MM,Navato Auger Bit 9/16,Power Tool Accessories,PCS,5,11.90
FIT-UPVC-SLE-50MM,U-pvc Sleeve 50MM 2,Plumbing,PCS,12,4.30
SHH-NYL-NET-6,Automatic Nylon Fishing Mesh Net 6 Hole,Fishing & Tackle,PCS,1,24.90
SWI-S/SKT-LWD-0011,Lwd 0011 F3 1G 1W Switch SIRIM,Electrical,PCS,11,4.80
TOO-WRE-OIL-FW-7008B,Fiesto Chain Oil Filter Wrench 12,Hand Tools,PCS,1,26.90
CLI-HOS-56X59,Rb Super Hose Clamp 56 X 59,Hand Tools,PCS,5,4.10
FIT-PVC-PLU-20MM,PVC Fitting Plug 20MM 3/4,Plumbing,PCS,131,0.80
IND-SLO-ANG-TRA-PLA,Slotted Angle Triangle Plate,Building Materials,PCS,45,0.70
MOT-DC244,DC244 Motor Siren,Electrical,UNIT(S),1,37.74
TOO-CUT-CAL-SHE-200MM,Sr Shell Cable Cutter 8,Electrical,PCS,4,15.50
TOO-DRV-MUL-13178,Br 1018 Multipurpose Screw Driver,Fasteners & Fixings,PCS,13,4.90
ABR-PAP-CLO-2#,Cloth Abrasive Paper 2,Abrasives & Cutting,PCS,24,1.20
"DOR-PUL-AC-4""",303 AC Door Pull 4,Doors & Hardware,PCS,3,2.20
"DRI-AUG-BIT-7/8""X200",7/8 X 200 Star-m Auger Bit (b),Power Tool Accessories,PCS,3,20.90
"DRI-AUG-SDS-WOOD-5/16""X8""",5/16 X 8 Sds Plus Auger Bit,Power Tool Accessories,PCS,6,10.50
ELE-PVC-ANG-2WAY,19MM Angle Box (2 Way Box),Electrical,PCS,86,0.70
FIT-PVC-CAP-15MM,PVC Fitting End Cap 15MM 1/2,Plumbing,PCS,156,0.50
FIT-PVC-TEE-15MM,PVC Fitting Tee 15MM 1/2,Plumbing,PCS,87,1.10
FIT-UPVC-TEE-110MMX82MM,U-pvc Reducing Tee 110MM X 82MM 4 X 3,Plumbing,PCS,3,20.30
PIP-PVC-WHI-LAT-25M125M,1 X 5 Latrine Pipe (1 X 50 Lth),Plumbing,LTH,5,10.50
PITL-GAU-SCRE,52PCS Screw Pitch Gauge,Fasteners & Fixings,SET,2,32.90
SUP-ROL-WIN-CUR,Star Plastic Curtain Roller (25PCS/PCK),Curtains & Blinds,PCK,1,2.00
TOO-CUT-CAL-LMA01-B,24 Lead Cable Cutter,Electrical,PCS,1,83.50
CAR-WAX-MOS-CLE,Mcs Super Mosaic Clean - 500ML,Automotive,PCS,1,23.90
ELE-BOX-MCB-10WAY,Tc 10 Way Mcb Box,Electrical,PCS,3,19.90
FIT-PVC-SOC-DE32MM,PVC Fitting Socket D/e 32MM 1-1/4 Swv,Plumbing,PCS,38,1.90
PAI-GAL-6G-9600,9600 6G Pail,Housewares,PCS,1,21.90
"SHH-CAGE-2RING-6""","2 Ring Cages 6 (210/5 X 6"")",Fishing & Tackle,PCS,2,9.70
SHH-PLA-NET-NEEDLE-NO.2,Plastic Net Needle No. 2 (white),Fishing & Tackle,PCS,1,1.40
SIN-WAS-PVC-38MM,1 1/2 PVC Waste,Plumbing,PCS,21,3.00
"SOC-PVC-TEE-1""",PVC Socket Tee 1 White,Plumbing,PCS,22,0.40
TOO-CHI-HTS200,8 Pointed Spring Chisel,Hand Tools,PCS,2,9.90
"TOO-DRV-STA-TAN-8MM-10""-#3+",Tank Thru Screwdriver - 8MM X 10 X 3 (+),Hand Tools,PCS,1,23.60
"TOO-FIL-ORE-3/16""",3/16 Oregan Chainsaw File (b) (PCS),Hand Tools,PCS,5,3.90
"DRI-AUG-SDS-1/4""",1/4 Sds Plus Auger Bit,Power Tool Accessories,PCS,5,9.90
ELE-PVC-CON-U3X3,Umc 3 X 3 PVC Conceal Box,Electrical,EA,61,0.90
SWI-CHN-JK107,Switch Chnt Auto Jk 107,Electrical,PCS,16,3.77
"DRI-SDS-ADA-1/2""",Sds Adaptor 1/2,Power Tool Accessories,PCS,8,5.70
ELE-CLI-PIP-GAL-12MM,1/2 G. I Saddle BAR,Electrical,PCS,144,0.50
"GUN-GRE-NIP-STR-1/2"" UNF 20",S. K Straight Grease Nipple 1/2 Unf 20,Fasteners & Fixings,PCS,12,4.80
NOZ-GEL-250G,Nozzle Gel (250G),Power Tool Accessories,TIN,4,14.50
SHH-BOX-OTB360,360 Ofmer Tackle Box,Fishing & Tackle,PCS,2,9.20
SHH-STR-RUB-LRS,Long Rubber String,Fishing & Tackle,PCS,11,2.00
"VAL-FOOT-BRA-VIP526-3/4""",Spring Foot Valve: Brass (526) Vip 3/4,Plumbing,PCS,3,17.50
WOO-CAR-SET-6PCS,6PCS Wood Carving Set,Building Materials,SET,3,5.70
BATT-SOLAR-FAN,Battery Solar Fan,Electrical,PCS,2,29.00
"DOR-BOL-RAI-6""",6 Rainbows Tower Bolt,Fasteners & Fixings,DOZ,2,34.90
DRI-CER-BLI-06MM(+),Blimax Multi Ceramic Cross Drill Bit (gold) - 6MM,Power Tool Accessories,PCS,1,8.00
"ELE-D/L-629/6""-ROU-BLU",Down Lite 629/6 Round - Wh+bl,Electrical,PCS,2,29.90
ELE-EUR-20A-MCB,Euroguard Mcb 3P 20A,Electrical,PCS,2,25.00
ELE-GRW-63A3PMCB,Grow 63A 3P Mcb,Electrical,EA,2,28.50
RIG-TUR-08MM,Galvanised Turnbuckle 08MM,Lifting & Rigging,PCS,1,2.20
SAF-EAR-PLU-9017,9017 Ear Plug With Cord & Case,Electrical,PCS,29,2.00
SHH-REEL-LINE-SS800,Santec Sepit 800 Prawn Reel W/line,Fishing & Tackle,PCS,1,21.50
TOI-ACC-PLA-SCR-CJAC6002,Cjac 6002 Close Couple Screw Set,Fasteners & Fixings,SET,10,5.30
BNW-B&N-ORI-12125,Mild Steel Bolt & Nut 1/2 X 5,Fasteners & Fixings,KGS,5,9.50
BNW-NUT-HTM-M16,H/t Nut - M 16,Fasteners & Fixings,PCS,98,0.60
CUT-DIS-MARK-12830-04C,Mr. Mark 4 Cutting Disc Abr. Wheel 12830,Abrasives & Cutting,PCS,10,1.80
FIT-HDPE-CON-20MM,3/4 HDPE Tank Connector,Plumbing,PCS,15,3.20
"FIT-PVC-NIP-1""X1/2""","1""(25MM) X 1/2""(15MM) Reducing Socket",Electrical,PCS,49,1.40
FIT-UPVC-BUSH-32X50MM,"U-pvc Reducing Bush 2""X1 1/4",Plumbing,PCS,1,3.90
"FIT-UPVC-TEE-1 1/4""",1 1/4 (32MM) U Tee Plain (90'),Plumbing,PCS,16,2.70
IND-SCP-WOO100,Gd Scraper 4,Building Materials,DOZ,1,22.90
PIN-COT-GAJ,Gajah Cotter Pin 4 X 40MM,Other,PCK,23,1.30
SWI-CON-TBC-20A,Plasma Tbc 20A 10 Way Terminal Block,Electrical,PCS,3,17.80
ELE-BOX-MCB-14WAY,Tc 14 Way-n Mcb Box,Electrical,PCS,2,27.90
ELE-PVC-CON-TC3X10,Tc 3 X 10 PVC Conceal Box,Electrical,PCS,13,3.30
FAS-ANC-PJA-0980,Sh P. J. Anchor 3/8 X 4-1/2 (PCS),Fasteners & Fixings,PCS,4,1.90
FAS-HOO-EYE-12#,12 Hook & Eyes,Fasteners & Fixings,PCS,94,0.90
PIP-EXT-26175,"1/2""-3/4 Pipe Extractor",Plumbing,PCS,5,9.50
CAR-WAS-500ML,Aa Car Care Wash&shine 500ML,Automotive,PCS,3,6.30
FAS-HOO-EYE-6#,6 Hook & Eyes (6 Pcs/pck),Fishing & Tackle,PCK,12,1.70
"FIT-HDPE-BUS-1""X1/2""",HDPE Bush 1 X 1/2,Plumbing,PCS,49,1.10
FIT-UPVC-CAP-50MM,U-pvc End Cap 50MM 2,Plumbing,PCS,26,2.70
HAR-GI-LIFT-WHI,Sam Lee Oil Palm D-harvesting Lifter GI Pipe,Plumbing,PCS,2,29.90
TOO-DRV-SET31IN1,31 IN 1 Electro Multi Screw-driver,Fasteners & Fixings,SET,4,11.90
TOO-HOO-2335#,M'man (bearing) Wire Hook 2335 10,Electrical,PCS,7,9.20
X-CAR-PERFUME-301645400,Ryc Md Crisp Sunrise 2PCS,Power Tools,PCK,2,16.00
CUT-DIS-YES-120#,Yes Line/bison Green Grinding Disc 4 X 120,Abrasives & Cutting,PCS,2,6.50
ELE-WOO-BLOCK-8X10,Wood Block 8 X 10,Electrical,EA,6,7.30
FIT-HDPE-BEN-FEM-20MMX34,HDPE Bend Female 20MM X 3/4,Plumbing,PCS,3,2.40
"FIT-HDPE-NIP-3/4""X1/2""",HDPE Nipple 3/4 X 1/2,Plumbing,PCS,62,0.80
FIT-HDPE-ORI-32MM,HDPE O-ring 32MM,Plumbing,PCS,5,1.90
FIT-UPVC-BEN-ELB-32MM,U-pvc Bend (elbow) 32MM 1-1/4,Plumbing,PCS,27,1.60
"GUN-GRE-NIP-90 3/8""",S. K Unf 90 Degree Grease Nipple 3/8,Fasteners & Fixings,PCS,14,3.60
IND-WHE-BAR-SHA-5IN1,Wheel Barrow Shaft (5 IN 1),Building Materials,PCS,5,5.00
"PIP-UPVC-4514-4""",4 (110MM) 4514 X 6M Upvc Pipe,Plumbing,MTR,7,24.50
FIT-GAL-ELBW-18MM,Galvanised Elbow (90) 18MM,Plumbing,PCS,2,3.50
FIT-PVC-CAP-50MM,PVC Fitting End Cap 50MM 2,Plumbing,PCS,22,2.60
FIT-PVC-VAL-SOC-20MM,PVC Fitting Socket Valve 20MM 3/4,Plumbing,PCS,76,0.90
SHH-BELL-SINGLE,Single Fishing Bell,Fishing & Tackle,PCS,9,1.70
TOI-COV-SCREW-Y382,Off Set Screw & Nut PVC -Y382,Fasteners & Fixings,SET,1,3.90
CAR-HIT-HP-CB999067,Carbon Brush,Automotive,PCS,1,17.50
DOR-PAD-KTAC075,3 King Top A/c Surface Bolt,Fasteners & Fixings,SET,8,5.10
"DRI-AUG-SDS-5/8""",5/8 Sds Plus Auger Bit,Power Tool Accessories,PCS,3,15.90
SIN-TRA-PVC-32MM,Sr Waterec Unit Trap - 1 1/4,Plumbing,PCS,6,7.10
"SOC-GI-2WAY-BOX-3/4""",GI 2WAY Box 3/4,Other,PCS,2,0.60
SWI-SOC-MET-740/13A,13A M/c Floor Socket,Electrical,PCS,13,48.00
BNW-WAS-SSS-09MM,SS 304 Flat Washer 3/8,Fasteners & Fixings,PCS,115,0.40
COC-BIB-PVC-18MM,3/4 IN PVC Bib Tap,Plumbing,PCS,7,5.20
"DOR-BOL-RAI-4""",4 Rainbows Tower Bolt (PCS),Fasteners & Fixings,PCS,20,2.30
"DRA-SLI-WHI-16""",Drawer Slide (light Duty) 16,Plumbing,SET,5,8.90
FIT-PVC-CAP-20MM,PVC Fitting End Cap 20MM 3/4,Plumbing,PCS,95,0.70
GUN-TAC-REF-TR45-10MM,"3/8""/10MM Sharpshooter Staples Bullet",Fasteners & Fixings,SET,3,16.90
IND-WHE-TYR-BEA-8126,8126 Wheel Barrow Bearing,Building Materials,PCS,4,3.90
OIL-FUN-7004,4 Funnel,Housewares,PCS,11,1.40
PAI-GAL-4G-9400,9400 4G Pail,Housewares,PCS,1,13.50
PAI-GAL-606S,6 Gallon Pail,Housewares,PCS,1,15.90
"SHH-CAGE-2RING-12""-2","2 Ring Cages 12 (210/5 X 12"")",Fishing & Tackle,PCS,1,14.50
TAP-SKC-UNC-14MM,Skc Hand Tap Unc 9/16,Plumbing,SET,1,45.70
WEL-GLA-CLE,Clear Welding Glass 108 X 50,Welding,PCS,39,0.60
WEL-LON-BAC-CAP,Long Back Cap,Welding,PCS,1,13.00
WEL-NOZ-BOC-A3/64,Boc Cutting Nozzle - 3/64 (anme),Power Tool Accessories,PCS,3,15.50
ANT-STR-JAP-OYAMA,Oyama Japan Anti-skid Strip,Building Materials,FTS,21,3.90
"DRI-AUG-BIT-1/4""X200",1/4 X 200 Star-m Auger Bit (b),Power Tool Accessories,PCS,3,12.70
DRI-BIT-MA030,35MM Asuma Tct Hole Saw Bit,Power Tool Accessories,SET,3,14.50
ELE-PIP-CON-25MM,Sebd PVC Conduit Pipe 25MM,Plumbing,LGTH,7,5.90
ELE-PVC-THR-2W,19MM Through Box,Electrical,PCS,63,0.70
FAS-HOO-EYE-4#,4 Hook & Eyes (10 Pcs/pck),Fishing & Tackle,PCK,12,1.50
GUN-TAC-REF-TR45-08MM,"5/16""/8MM Sharpshooter Staples Bullet",Fasteners & Fixings,SET,3,15.90
"HOI-PUL-SIN-1.1/2""",Single Pulley 1.1/2 (PCS),Lifting & Rigging,PCS,3,4.90
"OIL-FUN-8""-129",Betterware PVC Liquid Funnel 8 129,Housewares,PCS,4,3.70
FAS-HOO-EYE-10#,10 Hook & Eyes,Fasteners & Fixings,GROSS,1,54.90
FIT-PVC-CAP-25MM,PVC Fitting End Cap 25MM 1,Plumbing,PCS,55,0.90
"FIT-SS245-NIP-1/2""-SUS304",SS Equal Nipple 1/2,Plumbing,PCS,1,3.10
TOO-FIL-SENSUI-SNF001-B,8 Sensui Metal Flat File,Hand Tools,PCS,1,15.80
"X-ELE-PVC-NUT-3""X10""","3""X10 White Box W/nut",Fasteners & Fixings,PCS,1,3.00
FIT-GAL-NIP-25MM,Galv Nipple 1,Plumbing,PCS,10,3.90
FIT-UPVC-BEN-ELB-40MM,U-pvc Bend (elbow) 40MM 1-1/2,Plumbing,PCS,22,1.90
IND-CAS-SOF-50MM,2 IN Sofa Type Caster Wheel,Building Materials,SET,1,12.70
PAI-SPR-ANC-002,400ML Anchor Spray - 2 White (PCS),Fasteners & Fixings,PCS,3,11.50
TOO-DRV-KT100+,4 King Top (+) Screw Driver,Fasteners & Fixings,PCS,1,5.60
X-DOR-INS-KIT-2PCS,2PC Sds Lock Installation Kit,Power Tool Accessories,SET,2,24.80
EAR-CHA-PVC,Tc Earth Chamber,Other,PCS,4,5.00
ELE-PVC-END-BOX,19MM PVC End Box,Electrical,PCS,58,0.70
"FIT-UPVC-U-BEND-1 1/2""","1 1/2""(40MM) U Bend I/opening (90')",Plumbing,PCS,11,3.50
IND-SCP-WOO50,Gd Scraper 2 (DOZ),Building Materials,DOZ,1,17.60
PIC-HAN-49025(658356),B. Rino Photo Hanger (658356),Housewares,PACK,6,2.90
TAP-SKC-UNC-12MM,Skc Hand Tap Unc 1/2,Plumbing,SET,1,36.90
X-FLO-MOC-3030191-GGY,3030191 Ggy 12 X 12 Floor Tiles,Power Tools,PCS,1,3.40
BNW-NUT-HTM-M12,H/t Nut - M 12,Fasteners & Fixings,PCS,101,0.30
"BRU-WIR-SET-ATB-7""",3PCS Steel Wire Brush (small),Electrical,SET,9,4.10
CAB-PVC-FLE-CON-25MM,"Cable 25MM PVC Flexible Conduit, White 40M (MTR)",Electrical,MTR,39,1.30
DOR-PAD-KTAC100,4 King Top A/c Surface Bolt,Fasteners & Fixings,SET,5,6.90
"ELE-PVC-COUPLIG-SOCKET-3/8""",Ele PVC Coupling Socket 3/8,Electrical,PCS,101,0.20
FIT-PVC-PLU-25MM,PVC Fitting Plug 25MM 1,Plumbing,PCS,39,1.10
FIT-PVC-SOC-DE40MM,PVC Fitting Socket D/e 40MM 1-1/2 Swv,Plumbing,PCS,25,2.10
"FIT-UPVC-U VENT- 3""",3 (82MM) U Vent Cowl,Plumbing,PCS,10,3.50
"PIP-PVC-1/2""","1/2""(22MM) Bs X 6M PVC Pipe (MTR)",Plumbing,MTR,25,2.20
DOR-BOL-PVC,4 IN PVC Tower Bolt,Fasteners & Fixings,PCS,14,2.90
ELE-BRA-COU-5/8,Brass Coupling 70MM X 5/8,Electrical,EA,6,5.30
"ELE-PVC-MALE-SOCKET-3/8""",Ele PVC Male Socket 3/8,Electrical,PCS,99,0.20
"FAS-SCR-TAP-PAN-6#1""",6 X 1 Ph Self Tapping Screw - Pan Head,Fasteners & Fixings,PACK,31,1.70
IND-SCP-WOO25,Gd Scraper 1 (DOZ),Building Materials,DOZ,1,16.70
IND-SCP-WOO38,Gd Scraper 1.1/2,Building Materials,PCS,11,1.50
"PIP-BRA-MARKSMAN-3/4""-THR",Sr Marksman Chrome Pipe Bracket 3/4 - Thr,Plumbing,PAIR,7,4.90
SHH-FROG-359114,359114 Santec Combait Poisonfrox Frog 35MM (soft Body),Fishing & Tackle,PCS,1,12.50
SWI-S/SKT-ACE-651,Ace 651 1G 1W Switch SIRIM,Electrical,PCS,9,3.90
"TOO-DRI-KEY-1/2""",Sr Drill Chuck Key Only 1/2,Power Tool Accessories,PCS,8,4.80
TOO-PLI-DIA-K0011,Standard 9421 6 B/h Diagonal Cutting Plier (tw),Hand Tools,PCS,1,12.90
BNW-JCBC-NUT-M8 X 15,M8 X 15 Nut,Fasteners & Fixings,PCS,92,0.50
BNW-WAS-SPR-6MM,Bsw Spring Washer 1/4 (8PCS/PCK),Fasteners & Fixings,PCK,7,0.30
DOR-PAD-KTSS125,5 King Top S/steel Surface Bolt,Fasteners & Fixings,SET,5,6.20
SWI-CHN-JK106,Switch Chnt Auto Jk 106,Electrical,PCS,10,2.83
SWI-OMS-CA32-41,Limit Switch Ca 32-41 Wl,Electrical,PCS,10,66.04
"DOR-BOL-TOW-BLA-5""",5 Black Tower Bolt,Fasteners & Fixings,DOZ,3,15.20
ELE-WOO-BLOCK-9X12,Wood Block 9 X 12,Electrical,EA,3,9.50
FAS-HOO-EYE-16#,16 Hook & Eyes (PCS),Fasteners & Fixings,PCS,35,1.30
TOO-DRI-SCR-SET-8928,Micro Screw Driver Set- 8928,Fasteners & Fixings,SET,2,23.90
X-BOS-2608-579-507,Ceramic Expert Drill Bit 7 X 90MM,Power Tool Accessories,PCS,1,36.90
X-FLO-MOC-SUANHAWA-BLUE,Suanhawa Blue 12 X 12 Floor Tiles,Power Tools,PCS,1,2.75
FIT-U-BUSH-110X50MM,4 (110MM) X 2 (50MM) U Bush,Plumbing,PCS,4,6.90
FLO-MOC-BR3030NSDG,BR3030NSDG 30X30CM,Flooring,PCS,1,3.60
GUN-GRE-NIP-90 M6X1.0,S. K 90 Degree Grease Nipple M6 X 1.0,Fasteners & Fixings,PCS,11,3.40
LIG-IND-APT-P22,Indicated Light,Lighting,PCS,1,3.00
BNW-BOL-U-ZP3/8X2.1/2,Zp U-bolt 3/8 X 2.1/2,Fasteners & Fixings,PCS,12,2.70
CUT-SAW-BLA-C12MM,1/2 C Handsaw Blade,Abrasives & Cutting,PCS,29,0.60
"DOR-BOL-M'MAN-668#-6""",M'man 6 S/steel Bolt 668 - 6,Fasteners & Fixings,PCS,6,5.20
ELE-CLI-PIP-PVC-18MM,3/4 PVC Pipe Clips,Plumbing,PCS,61,0.60
"ELE-PVC-SOC-3/8""-GD",Ele PVC Socket 3/8,Electrical,PCS,86,0.20
GUN-MII-6159#,Mii Red Spray Waxing Gun 6159,Fasteners & Fixings,PCS,1,42.50
PLA-BAG-BLA-06X09,6 X 9 X 1KG PE (black),Packaging,KG,1,10.50
COC-BAL-ITA-12MM,Brass Ball Cock - Gs Italy 12 MM,Plumbing,PCS,2,18.70
CUT-SAW-WAL-BOA-2120,M'man Wall Board Saw 6 2120,Building Materials,PCS,1,9.90
DOR-PAD-03019(2),2 777 S/steel Square Bolt,Fasteners & Fixings,PCS,8,4.00
ELE-PVC-CON-TC3X12,Tc 3 X 12 PVC Conceal Box,Electrical,PCS,7,3.90
"FIT-HDPE-NIP-3/4""X3/4""",HDPE Nipple 3/4 X 3/4,Plumbing,PCS,42,0.80
VAL-PVC-LD810# 25MM,PVC Spring Foot Valve:ld 810 25MM,Plumbing,PCS,2,15.20
BNW-BOL-U-ZP3/8X4,Zp U-bolt 3/8 X 4,Fasteners & Fixings,PCS,10,3.20
REM-CON-RC/M-AUN787,Huayu Multi Fan Remote Control,Other,PCS,1,12.50
WAT-TUB-TSP-2021,Bath Dipper,Other,PCS,2,4.50
"DRA-SLI-WHI-14""",Drawer Slide (light Duty) 14,Plumbing,SET,4,7.80
ELE-SOL-BS-SPF,Bs-spf Soldering Paste - Felder 50G,Electrical,PCS,2,16.50
GAR-SPR-CR8458F,Filter,Pumps & Water,PCS,1,3.50
IND-SLO-ANG-BOLT&NUT,Slotted Angle Bolt & Nut,Fasteners & Fixings,SET,79,0.50
TAP-SKC-UNC-10MM,Skc Hand Tap Unc 3/8,Plumbing,SET,1,29.50
VAL-ANG-CVL-6763,Cavallo 6763 Angle Valve,Plumbing,PCS,2,15.20
X-FLO-MOC-ZURICH-GREEN,Zurich Green 12 X 12 Floor Tiles,Power Tools,PCS,1,2.70
BNW-BOL-U-ZP3/8X3,Zp U-bolt 3/8 X 3,Fasteners & Fixings,PCS,11,2.80
FAS-HOO-EYE-2#,2 Hook & Eyes (24 Pcs/pck),Fishing & Tackle,PCK,5,2.40
FIT-HDPE-BUS-1X3/4,HDPE Bush 1 X 3/4,Plumbing,PCS,35,1.00
FIT-UPVC-SOC-P/T-32MM,U-pvc Socket P/t 32MM 1-1/4,Electrical,PCS,11,2.50
SWI-SEL-TEN-1A1B,Selector Switch,Electrical,PCS,17,6.60
"DOR-BOL-TOW-BLA-3""",3 Black Tower Bolt,Fasteners & Fixings,DOZ,3,12.50
ELE-WOO-BLOCK-9X14,Wood Block 9 X 14,Electrical,EA,2,11.50
"FIT-HDPE-BEN-FEM-25MMX1""",HDPE Bend Female 25MM X 1,Plumbing,PCS,9,3.10
FLO-MOC-31169,31169 12 X 12 Floor Tiles,Flooring,PCS,3,3.70
TOI-BLA-RUB-FOR-25MM,25MM Foam Gasket,Plumbing,PCS,7,5.00
X-CAB-VGA-5M,Vga 5M Cable-b,Electrical,PCS,2,22.00
ALP-SHO-ACC,Shower Accessories T-type Stop Valve-silver,Plumbing,UNIT,1,30.00
PAI-GAL-J603S,3 Gallon Pail,Housewares,PCS,1,9.50
X-STR-GUN-NED-6IN,6 IN Gunny Needle,Packaging,PCS,1,1.20
FIT-UPVC-SOC-40MM,U-pvc Socket 40MM 1-1/2,Electrical,PCS,21,1.30
"FIT-PVC-NIP-1""X1.1/4""","1.1/4""(32MM) X 1 (25MM) Red Socket",Electrical,PCS,12,2.60
FIT-PVC-SOC-DE50MM,PVC Fitting Socket D/e 50MM 2 Swv,Plumbing,PCS,10,3.50
TOO-DRV-PRE-7391A,7391A Precision Screw Driver (torx Head),Fasteners & Fixings,SET,2,13.50
X-FLO-MOC-ARDESIA-BLUE,Ardesia Blue 12 X 12 Floor Tiles,Power Tools,PCS,1,2.40
X-FLO-MOC-PRE-WHI,Premium White 12 X 12 Floor Tiles,Power Tools,PCS,1,2.30
FAS-SHE-EYE-RING-3#,3 Sheep Eye Ring (24 Pcs/pck),Fasteners & Fixings,GROSS,2,16.90
"FIT-HDPE-NIP-1""X3/4""",HDPE Nipple 1 X 3/4,Plumbing,PCS,26,1.20
MOT-FAN-SMALL,Motor Fan,Other,PCS,5,2.20
DOR-TOW-BOL65,2 1/2 Aluminium Tower Bolt,Fasteners & Fixings,DOZ,1,32.90
ELE-PVC-BLA-PLA,Umc 3 X 3 PVC Blank Plate,Electrical,PCS,25,1.00
TOO-DRI-MA039,26 Sds Auto Plug Locking Drill Chuck,Power Tool Accessories,PCS,1,32.50
"DRI-AUG-SDS-1/2""",1/2 Sds Plus Auger Bit,Power Tool Accessories,PCS,2,11.70
ELE-CLI-PIP-GAL-25MM,1 G. I Saddle BAR,Electrical,PCS,32,0.80
"FIT-HDPE-NIP-1""X1/2""",HDPE Nipple 1 X 1/2,Plumbing,PCS,20,1.20
BNW-WAS-SSS-08MM,SS 304 Flat Washer 5/16,Fasteners & Fixings,PCS,63,0.30
FIT-GAL-BUSH-18MMX25MM,Galv Bushing 1 X 3/4,Plumbing,PCS,7,3.20
SHH-BAS-WIR-WB12G,"Wire Basket 12""/30CM (gold)",Electrical,PCS,1,26.50
VAL-RUB-WHI-1 1/2MM,1 1/2 IN Inlet Rubber Valve,Plumbing,PCS,6,4.20
CUT-DIS-WOO-KNI-100MM,Sawman Wool Polishing Disc 4,Abrasives & Cutting,PCS,2,3.00
"SOC-PVC-TEE-1""-BLUE",PVC Socket Tee 1 Blue,Plumbing,PCS,8,0.40
BNW-BOL-HTM-M14-75MM,H/t Bolt - M 14 X 75MM,Fasteners & Fixings,PCS,1,3.00
"DOR-TOW-BOL-4""",4 Aluminium Tower Bolt,Fasteners & Fixings,PCS,8,2.70
FIT-GAL-ELBW-12MM,Galv Equal Elbow 1/2,Plumbing,PCS,9,2.50
TAB-SHE-PVC-Y125A,Y-125A PVC Sheet,Housewares,MTR,0,6.90
FIT-UPVC-SOC-50MM,U-pvc Socket 50MM 2,Electrical,PCS,15,2.10
TAB-PVC-480-11,137CM X 25M Thick 107 Table Cloth - 480-11,Housewares,MTR,1,6.90
BNW-NUT-HTM-M14,H/t Nut - M 14,Fasteners & Fixings,PCS,47,0.50
FSK-FAC-TAP-3320-3M,3M 3320 Fsk Facing Tape,Other,FTS,3,4.50
IND-GAL-WIRE-20#-500G,20 X 500G Wire,Electrical,PKG,1,4.90
OIL-FUN-7005,5 Funnel,Housewares,PCS,6,1.30
SHH-BLK-NYL-210/15-BK,210/15 100G Black Nylon (308),Fishing & Tackle,PCS,1,7.50
SHH-BLK-NYL-210/9-BK,210/9 100G Black Nylon T. (308),Fishing & Tackle,PCS,1,7.30
BNW-B&N-ORI-5/8X1.1/2,Mild Steel Bolt & Nut 5/8 X 1.1/2,Fasteners & Fixings,KGS,2,9.50
GUN-H/D-10-1/2'',Heavy Duty (revolving) Caulking Gun - 10-1/2,Fasteners & Fixings,PCS,1,23.90
PIP-ROU-BOX,Round Box PVC,Plumbing,PCS,54,0.30
SHH-LASTIK-KAYU,Lastik Kayu,Fishing & Tackle,PCS,1,6.90
"BNW-BOL-U-ZP5/16X2.1/2""",Zp U-bolt 5/16 X 2.1/2,Fasteners & Fixings,PCS,11,1.90
"BNW-BOL-U-ZP1/4X1""",Zp U-bolt 1/4 X 1,Fasteners & Fixings,PCS,26,1.20
"GUN-GRE-NIP-STR-3/8"" UNF 24",S. K Straight Grease Nipple 3/8 Unf 24,Fasteners & Fixings,PCS,10,2.20
OIL-FUN-7010,Betterware PVC Liquid Funnel 10 130,Housewares,PCS,1,6.20
"FIT-HDPE-ADA-MAL-32MMX1""",HDPE Adaptor Male 32MM X 1,Plumbing,PCS,6,2.70
BNW-JCBC-NUT-M6 X 13,M6 X 13 Nut,Fasteners & Fixings,PCS,49,0.40
"FIT-PVC-NIP-1.1/2""X1.1/4""","1.1/2""(40MM) X 1.1/4 (32MM) Reducing Socket",Electrical,PCS,7,3.00
"BNW-BOL-U-ZP5/16X3""",Zp U-bolt 5/16 X 3,Fasteners & Fixings,PCS,8,2.70
COC-BAL-L602,Vovo Brass Ball Cock 1/2,Plumbing,PCS,1,16.50
"DOR-BOL-MMAN-668#-4""",M'man 4 S/steel Bolt 668 - 4,Fasteners & Fixings,PCS,4,4.50
TOO-DRI-BIT-45+-,Sr T/w Screw Bit 2 X 45+,Fasteners & Fixings,PCS,13,2.20
FIT-UPVC-SOC-32MM,U-pvc Socket 32MM 1-1/4,Electrical,PCS,16,1.10
TOO-DRV-KT2WAY,4 King Top Two-way Screw Driver,Fasteners & Fixings,PCS,2,8.20
"GUN-GRE-NIP-90 1/4""",S. K Unf 90 Degree Grease Nipple 1/4,Fasteners & Fixings,PCS,6,3.00
"FAS-SCR-TAP-CSK-6#5/8""","6 X5/8""CSK Self Tapping Screw-flat Head (20PCS/PCK)",Fasteners & Fixings,PACK,1,1.20
ELE-COV-ELCB-(B),PVC Link Elcb Cover (b),Electrical,EA,3,4.50
ELE-COV-ELCB-(S),Tc Elcb Cover,Electrical,EA,4,3.20
IND-GAL-WIR-PVC-30M,30M Twist Tie Green PVC Wire,Electrical,ROLL,4,3.90
"GUN-GRE-NIP-STR-1/4"" UNF 28",S. K Straight Grease Nipple 1/4 Unf 28,Fasteners & Fixings,PCS,10,1.60
WEL-COL-1.6MM,1.6MM Collet,Power Tool Accessories,PCS,3,4.00
ELE-CAR-BEA-4002-24V40/60W,12V Seal Beam 4651,Electrical,PCS,8,22.00
LIN-FUS-63A,63A Fuse Link-sesco,Electrical,PCS,1,8.49
OUT-CON-RUB-BLACK-60MM,60MM Rubber Cone-whi/blk,Other,PCS,1,4.20
FIT-PVC-VAL-SOC-15MM,PVC Fitting Socket Valve 15MM 1/2,Plumbing,PCS,36,0.70
IND-SCP-WOO25,Gd Scraper 1 (PCS),Building Materials,PCS,4,1.30
"DRA-SLI-WHI-12""",Drawer Slide (light Duty) 12,Plumbing,SET,2,6.70
OIL-FUN-7003,3 Funnel,Housewares,PCS,5,0.80
PAI-SPR-ANC-004,400ML Anchor Spray - 4 Executive Grey (PCS),Fasteners & Fixings,PCS,1,11.50
FIT-PVC-PLU-15MM,PVC Fitting Plug 15MM 1/2,Plumbing,PCS,33,0.60
GAR-SPR-CR8448CPT,Adjustable Cone Nozzle,Power Tool Accessories,PCS,1,11.90
X-BNW-BOL-HTM-M12-90MM,H/t Bolt - M 12 X 90MM,Fasteners & Fixings,PCS,1,1.70
"FIT-HDPE-NIP-12""X12""",HDPE Nipple 1/2 X 1/2,Plumbing,PCS,26,0.90
"BNW-BOL-U-ZP5/16X2""",Zp U-bolt 5/16 X 2,Fasteners & Fixings,PCS,7,2.00
PLUG-2PIN-IN-OUT-342A,2 Pin IN Out Plug 342A,Electrical,PCS,9,2.00
"ELE-PVC-NUT-3""X6""",3 X 6 White Box W/nut,Fasteners & Fixings,PCS,5,1.60
WHE-M'MAN-1169#,M'man Hooded Caster W/screw 1169,Fasteners & Fixings,SET,1,11.90
"BNW-BOL-U-ZP1/4X1.1/2""",Zp U-bolt 1/4 X 1.1/2,Fasteners & Fixings,PCS,10,1.30
FIT-GAL-BUSH-12MMX18MM,Galv Bushing 3/4 X 1/2,Plumbing,PCS,5,2.00
"DRI-AUG-SDS-3/8""",3/8 Sds Plus Auger Bit,Power Tool Accessories,PCS,1,10.70
FAS-SHE-EYE-RING-6#,6 Sheep Eye Ring (6 Pcs/pck),Fasteners & Fixings,PCK,7,1.90
HOS-TAP-STO-RUB-5114,5114 Techplas Tap Stopper Rubber Washer,Fasteners & Fixings,CARD,2,6.60
ELE-WOO-BLOCK-7X9,Wood Block 7 X 9,Electrical,PCS,2,4.30
FLO-MOC-MARID.GRY,Madrid Grey 12 X 12 Floor Tiles,Flooring,PCS,1,2.65
"DOR-BOL-TOW-BLA-4""",4 Black Tower Bolt,Fasteners & Fixings,PCS,24,1.40
"FIT-HDPE-BUS-3/4""X1/2""",HDPE Bush 3/4 X 1/2,Plumbing,PCS,13,0.80
BNW-BOL-HTM-M06-50MM,H/t Bolt - M 06 X 50MM,Fasteners & Fixings,PCS,2,0.40
IND-SCP-WOO50,Gd Scraper 2 (PCS),Building Materials,PCS,2,1.70
"FIT-UPVC-U VENT- 4""",4 (110MM) U Vent Cowl,Plumbing,PCS,2,3.60
BNW-JCBC-SCRW-M8X60MM,M8 X 60MM Jcbc Screw (rb),Fasteners & Fixings,PCS,21,0.50
SOC-PCS-L-25MM,1 L PVC Socket,Electrical,PCS,21,0.20
WEL-COL-BOD-1.6MM,1.6MM Collet Body,Power Tool Accessories,PCS,1,7.00
ELE-TUB-LED-CAS-TL-140,Cielo D2 T8 LED Casing Fitting (empty) (big Hole),Plumbing,SET,1,9.20
TOO-DRI-BIT-65++,Sr Rockey Screw Bit 2 X 65++,Fasteners & Fixings,PCS,5,2.40
BNW-BOL-U-ZP3/8X2,Zp U-bolt 3/8 X 2,Fasteners & Fixings,PCS,3,2.40
X-CAB-VGA-1.5M,Vga 1.5 Cable-b,Electrical,PCS,1,10.50
BRU-COP-204,204 Copper Brush,Other,PCS,1,2.10
BRU-PLA-E838,Plastic Brush,Other,PCS,1,1.70
FIT-PVC-SOC-DE15MM,PVC Fitting Socket D/e 15MM 1/2,Plumbing,PCS,17,0.90
SWI-PLU-KEY-13A,PVC 13A Plug Key,Electrical,PKT,9,1.00
"BRU-WIR-BRA-5""",5 Brass Wire Brush,Electrical,PCS,1,5.50
O-RING-7-11-RED,O-ring 7-11 (red),Other,PCS,4,1.00
"HOS-SPA-RUB-3/4""",3/4 IN Tap Rubber Fitting,Plumbing,PCK,15,0.60
"DOR-TOW-BOL-3""",3 Aluminium Tower Bolt,Fasteners & Fixings,PCS,2,2.60
"BNW-BOL-U-ZP1/4X2""",Zp U-bolt 1/4 X 2,Fasteners & Fixings,PCS,4,1.50
CAB-CLI-ROU-NAI,Cable Clip,Electrical,PCK,12,4.90
WAL-PLU,Wall Plug Red,Fasteners & Fixings,PCS,12,1.00
SWI-SOC-LGL-S20,15A Socket,Electrical,PCS,4,13.00
BNW-NUT-HTM-M10,H/t Nut - M 10,Fasteners & Fixings,PCS,10,0.30
GUN-GRE-NIP-STR-M8X1.0,S. K Straight Grease Nipple M8 X 1.0,Fasteners & Fixings,PCS,2,2.00
TOO-DRV-MAG-BES,Bestir Magnetic Socket 10MM X 65MM,Electrical,PCS,1,3.50
"FAS-ANC-FASTENIC-M6 X 1 1/2""",Fastenic Anchor Nail - M6 X 1 1/2,Fasteners & Fixings,PCS,3,0.70
"BNW-BOL-U-ZP5/16X1.1/2""",Zp U-bolt 5/16 X 1.1/2,Fasteners & Fixings,PCS,1,1.90
PVC-STRAPPING-PURPLE,PVC Strapping Purple,Packaging,KGS,0,12.90
"SHE-LEA-1""X3""",Lead Sheet 1 X 3,Other,KGS,0,26.90
TAB-PVC-515-11,137CM X 25M Thick 107 Table Cloth - 515-11,Housewares,MTR,0,6.90
ELE-STA-HOL,Starter Holder,Electrical,PCS,1,1.50
"ELE-PVC-ELB-BLUE-3/4""",Ele PVC Elbow 3/4 Blue,Plumbing,PCS,1,0.40
