item_code,uom,price_cents
0001,BAY,0
0002,BAY,0
0003,BAY,0
0004,BAY,0
0005,BAY,0
0006,UNIT(S),0
0007,BAY,0
0008,UNIT(S),0
0009,BAY,0
0010,BAY,0
0011,BAY,0
0012,UNIT(S),0
0013,UNIT(S),0
0015,SET,34000
0017,SET,39900
0019,SET,0
0020,SET,0
0020001,PCS,3
0020002,PACK,330
012,SET,36000
1,PCS,0
111,UNIT(S),2358
1234,UNIT(S),0
"1MIC-PP-FIB-10""",PCS,250
2-COMPANY-USE,PCS,0
350D,UNIT,0
350DX900L,UNIT,0
5112NCM,BOX,0
60-02512-5,PCS,0
A,PCS,2900
AB3.0HPOF#FILTER,PC,3150
ABR-PAP-621-527,SHT,230
ABR-PAP-621-528,SHT,230
ABR-PAP-621-529,SHT,230
ABR-PAP-621-530,SHT,230
ABR-PAP-621-531,SHT,230
ABR-PAP-621-532,SHT,230
ABR-PAP-621-533,SHT,200
ABR-PAP-621-534,PCS,200
ABR-PAP-621-535,SHT,200
ABR-PAP-621-536,PCS,200
ABR-PAP-621-537,SHT,200
ABR-PAP-621-538,SHT,200
ABR-PAP-621-539,SHT,200
ABR-PAP-621-540,SHT,200
ABR-PAP-621-541,SHT,200
ABR-PAP-CLO-0#,PCS,120
ABR-PAP-CLO-1#,PCS,120
ABR-PAP-CLO-2#,PCS,120
ABR-PAP-CLO-3#,PCS,120
ABR-PAP-HOL,PCS,590
ABR-PAP-RIK-150#,PCS,190
ABR-PAP-RIK-240#,PCS,190
ABR-PAP-STAR-180#,PCS,190
ABR-PAP-STAR-320#,PCS,190
ABR-PAP-STAR-400#,PCS,190
ABR-PAP-SWA-0060,SHT,280
ABR-PAP-SWA-0080,SHT,250
ABR-PAP-SWA-0100,SHT,210
ABR-PAP-SWA-0120,SHT,200
ABR-PAP-SWA-0150,SHT,190
ABR-PAP-SWA-0180,SHT,190
ABR-PAP-SWA-0220,SHT,190
ABR-PAP-SWA-0240,SHT,190
ABR-PAP-SWA-0280,SHT,190
ABR-PAP-SWA-0320,SHT,190
ABR-PAP-SWA-0360,SHT,190
ABR-PAP-SWA-0400,SHT,190
ABR-PAP-SWA-0500,SHT,190
ABR-PAP-SWA-0600,SHT,190
ABR-PAP-SWA-0800,SHT,190
ABR-PAP-SWA-1000,SHT,200
ABR-PAP-SWA-1200,SHT,210
ABR-PAP-SWA-1500,SHT,220
ABR-PAP-SWA-2000,SHT,250
ACC-BD-90636500,PCS,12800
"ACC-EXH-FAN-KHI-12""",PCS,1900
ACC-HYU-HY-01,PCS,17900
ACC-HYU-HY-15,PCS,19800
ACC-MAR-EURO-1A,PCS,20900
ACC-SM1310-05,PCS,1900
ACC-SPR-HAN,PCS,990
"ACE-HAM-ANC-1/4' X 1 1/2""",PCK,590
ACE-HAM-ANC-1/4X1 1/4,PCK,540
ACE-HAM-ANC-1/4X2,PCK,720
"ACE-NUTS-1/2""X38MM",PCS,210
"ACE-NUTS-3/8""X38MM",PCS,180
"ACE-NUTS-5/16""X38MM",PCS,110
ADH-ALT-110,PCS,450
ADH-ELE-3G,PCS,170
ADH-GLU-NON-DRILL-15G,PCS,690
ADH-GLU-PE175GM,SET,2290
ADH-GLU-PE1KG,SET,10500
ADH-GLU-PE300GM,SET,4190
ADH-GUM-UHU-7ML,PCS,100
ADH-GUM-WALLPAPER,BOX,1850
"ADH-OPP-CLE-1""X40YD",PCS,210
"ADH-TAP-2""",ROLL,1250
"ADH-TAP-3""",ROLL,1590
ADH-TAP-ADH-GT050,PCS,1390
ADH-TAP-ADH-GT050-PCK,PCK,220
ADH-TAP-ADH-GT075,PCS,2390
ADH-TAP-ADH-GT100,PCS,2850
ADH-TAP-ALU-48MMX25M,PCS,1290
ADH-TAP-CLO-BLA,PCS,350
ADH-TAP-CLO-BLU,PCS,350
ADH-TAP-CLO-GRE,PCS,350
ADH-TAP-CLO-RED,PCS,350
ADH-TAP-CLO-SIL,PCS,350
ADH-TAP-CLO-YEL,PCS,350
"ADH-TAP-D/SIDE-1/2""X10Y",ROLL,1220
"ADH-TAP-D/SIDE-3/4""X10Y",ROLL,1700
ADH-TAP-DOU-10MM,PCS,1650
ADH-TAP-DOU-KIN-12MM-BLA,PCS,590
ADH-TAP-DOU-KIN-18MM-BLA,PCS,890
ADH-TAP-DOU-KIN-25MM-BLA,PCS,1150
ADH-TAP-DOU-M12,ROLL,2850
ADH-TAP-DOU-NEW-12MM-RED,PCS,450
ADH-TAP-DOU-NEW-12MMX10M,PCS,160
"ADH-TAP-EVA-KINGS-1/2""-BLACK",ROLL,450
"ADH-TAP-EVA-KINGS-3/4""-BLACK",ROLL,590
ADH-TAP-FIB-50MM,PCS,690
ADH-TAP-FIB-GLO,ROLL,950
ADH-TAP-H/D-4229P,ROLL,3950
ADH-TAP-MAS-18MM,PCS,90
ADH-TAP-MAS-24MM,PCS,100
ADH-TAP-MAS-24MM-WKR,PCS,100
ADH-TAP-MAS-36MM,PCS,180
ADH-TAP-MAS-36MM-WKR,PCS,140
ADH-TAP-MAS-48MM,PCS,190
ADH-TAP-MAS-OSCAR,PCS,340
ADH-TAP-NISSHO-HCH-ES0002,ROLL,670
ADH-TAP-NISSHO-HCH-SG0006,ROLL,1120
ADH-TAP-NISSHO-HCH-SG0077,ROLL,2090
ADH-TAP-NISSHO-HCH-SG0100,ROLL,3150
ADH-TAP-NISSHO-HCH-SG0102,PCS,570
ADH-TAP-OPP-B40Y,PCS,280
ADH-TAP-OPP-B80Y,PCS,420
ADH-TAP-OPP-T40Y,PCS,230
ADH-TAP-OPP-T80Y,PCS,410
ADH-TAP-SEA-2915,PCS,290
ADH-TAP-SEA-3255,PCS,180
ADH-TAP-SEA-G707,PCS,150
ADH-TAP-SEA-MIK,PCS,60
ADH-TAP-SEA-YEL,PCS,630
ADH-TAP-VIP-1215,PCS,100
ADH-TAP-VIP-2510,PCS,340
ADH-TAP-WAR50,ROLL,430
ADH-TAP-WAR70,ROLL,650
ADH-TAP-WAR-Y/B-70MM,ROLL,850
"ADH-TAP-WAT-PRO-2""",PCS,1490
"ADH-TAP-WAT-PRO-3""",PCS,2290
"ADH-TAP-WAT-PRO-4""",PCS,2790
ADH-TAP-WIR-3M,PCS,480
ADH-TAP-WIR-6.5YD-BLK,PCS,90
ADH-TAP-WIR-6.5YD-BLK-ROLL,ROLL,690
ADH-TAP-WIR-6.5YD-RED-ROLL,ROLL,690
ADH-TAP-WIR-7YRD-MIX,PCS,90
ADH-TAP-WIR-SINO-24X20,ROLL,330
ADH-TAP-WIR-SINO-48X10,ROLL,550
ADVERTISING,UNIT(S),0
ADVERTISING (CANCEL),UNIT(S),0
"AER-1MIC-PP-FIB-10""",PCS,830
AER-4MBT44,PCS,750
AER-4MC4,PCS,580
AER-4MC6,PCS,750
AER-4MC8,PCS,920
AER-4ME4,PCS,580
AER-4ME8,PCS,920
AER-4MRT44,PCS,750
AER-4U4,PCS,680
AER-4UE4,PCS,670
AER-4UT44,PCS,830
"AER-5MIC-PP-FIB-10""",PCK,2150
AER-6MC4,PCS,750
AER-6MC6,PCS,750
AER-6MC8,PCS,920
AER-6ME4,PCS,920
AER-6ME8,PCS,920
AER-6U6,PCS,1090
AER-6UT66,PCS,920
AER-BOT-WAT-TAP,PCS,1230
"AER-BV-101(2"")",PCS,1830
"AER-BV-101(3"")",PCS,2000
AER-COL-WAT-TAP,PCS,1190
AER-COL-WAT-TAP-FEMALE,PCS,1270
"AER-CTO-CAR-10""",PCS,1590
AER-DOU-O-RING-HOU-WAT-FIL,UNIT,7900
AER-DOU-WAT-FIL,UNIT,13500
"AER-FA6-2""-FITTING",PCS,1280
"AER-FA6-3""-FITTING",PCS,1290
AER-FIL-TUB-040MM,MTR,230
AER-FIL-TUB-050MM,MTR,430
AER-FIL-TUB-065MM,MTR,430
AER-HOT-WAT-TAP,PCS,1450
AER-HOU-WAT-FIL,UNIT,6590
AER-MIN-POT-WAT-TAP,PCS,960
"AER-OBE-CER-10""",PCS,3000
"AER-RO-JOI-4""+2""",PCS,3490
"AER-RO-JOI-4""+3""",PCS,2830
"AER-RO-JOI-4""X2""",PCS,1930
"AER-RO-JOI-4""X3""",PCS,1930
"AER-S/S-DIA-2""-1WAY",PCS,3790
"AER-S/S-DIA-2""-2WAY",PCS,2950
"AER-S/S-DIA-2""-2WAY-FN910D",PCS,2950
"AER-S/S-DIA-3""-1WAY",PCS,3700
"AER-S/S-DIA-3""-2WAY",PCS,3650
AER-SIN-WAT-FIL,UNIT,10900
AER-SOC,UNIT,1400
"AER-STA-CER-10""",PCS,3290
AGR-NET-SUN-GLO-50%,MTR,240
AGR-NET-SUN-GLO-70%,MTR,290
AIR-CHU-E-111-3,PCS,3790
AIR-CHU-JC-302E,PCS,1190
AIR-CHU-LTMS-250MM,PCS,2150
"AIR-CHU-MAD-10""",PCS,4180
AIRCON-MID-MSCEB-10CRFN8-ID,SET,95000
AIRCON-MID-MSCEB-13CRFN8-ID,SET,129000
AIR-COO-KHI-EAC600,SET,34900
AIR-COO-KHI-KEAC158,SET,58500
AIR-DUS-HITMAX-HTM-255,SET,1490
AIR-DUS-LX03,PCS,1090
AIR-DUS-MDSI-04061,PCS,3090
AIR-DUS-MDSI-04062,PCS,4190
AIR-DUS-PVC-LX02,PCS,880
AIR-DUSTER-MN10-00153L,PCS,1590
AIR-DUS-TWN-LONG,PCS,1690
AIR-GAU-LTMS,SET,4200
AIR-MAD-GAU-160PSI,PCS,8500
"AIR-TG-9-GAU-12""",PCS,3550
ALP-ATER-50L-H,UNIT,77000
ALP-MOU-25L-H,UNIT,84800
ALP-MOU-35L-H,UNIT,92800
ALP-MOU-50L-H,UNIT,79900
ALP-MOU-68L-H,UNIT,121800
ALP-PRES-BAR,UNIT,16000
ALP-SHO-ACC,UNIT,3000
ALP-WAT-HEA-5000EP-WHI,UNIT,51900
ALP-WAT-HEA-CX9-E-MOC,UNIT,57900
ALP-WAT-HEA-CX9-EP-MOC,UNIT,76900
ALP-WAT-HEA-EZY,UNIT,37900
ALP-WAT-HEA-EZY-I,UNIT,53900
ALP-WAT-HEA-IM-9E-BLK,UNIT,62900
ALP-WAT-HEA-IM-9EP-BLK,UNIT,82900
ALP-WAT-HEA-IM-9EP-SIL,UNIT,82900
ALP-WAT-HEA-IM-9E-SIL,UNIT,62900
ALP-WAT-HEA-X5E,UNIT,32900
"ALUM-HOLLOW-2""X1""-3",PCS,3590
"ALUM-HOLLOW-2""X1""-4",PCS,2690
ALU-MOL-END-10FT,PCS,4500
ALUM-ROU-18MM,MTR,980
"ALUM-ROU-2""X1.0MMX6.1M",LTH,24500
"ALUM-ROU-20'X1.1/2""",PCS,8200
ALUM-ROU-25MM,MTR,1290
ALUM-ROU-32MM-10'-MB,PCS,3700
ALUM-ROU-32MM-10'-NA,PCS,3750
ALUM-ROU-32MM-20'-MB,PCS,7900
"ALUM-ROU-NA-20'X1.1/4""",PCS,7490
ALUM-WIN-1X2,SET,10500
ANG-EAV901SS,PCS,3170
ANG-GRI-ATAG01-760,UNIT,12900
ANT-CUT-BLA-BOS-BS-310015,PCS,400
ANT-KILL-BAIT,PCK,350
ANT-KILL-XINHE,PCK,90
ANT-STR-JAP-OYAMA,FTS,390
APR-NKS-MYTA-0001,PCS,5290
APR-NKS-PVC-MSHGPYA-0001,PCS,1420
APR-PRO-WCPA,SHT,1580
APR-PVC-YEL,PCS,620
ARG-GAS-CYL,PCS,35900
ARM-PADS,PAIR,430
ARR-BAN-STE-APB1210,ROLL,2390
ARR-BAN-STE-APB1710,ROLL,2690
AUT-POL-AUT-MET75ML,PCS,1480
AUT-POL-AUT-SS75ML,PCS,1950
B,PCS,283
BAJA-BAY,BTL,15900
BAJA-NPK-16,BAG,9200
BAJA-ORG-BAS,BTL,5900
BAJA-ORG-TAF,BAG,4800
BAJA-TAH-AYAM,LOT,66038
BAR-Y10,PCS,3900
BAR-Y10-SQU,PCS,3900
BAR-Y12X40',PCS,5500
BAR-Y16,PCS,5700
BAS-1002,UNIT,4800
BAS-AGRI-BASK-V1034,PCS,3290
BAS-AGRI-BASK-V104,PCS,5790
BAS-CAB-CKS330/331BK,UNIT,7900
BAS-CAB-CKS332BK,UNIT,8700
BAS-CAB-CWB1409-CB,PCS,28800
BAS-PAP-2055,PCS,590
BAS-PAP-367,PCS,800
BAS-PAP-EEL-113,PCS,690
BAS-PAP-GHO110,PCS,590
BAS-PAP-J1008MT,PCS,360
BAS-SAN-WB-206,PCS,11900
BAS-SAN-WB-288,PCS,11500
BAS-SAN-WB-400,PCS,29900
BAS-SAN-WB-502,PCS,39900
BAS-SAN-WB-880,PCS,22900
BAS-SOR-SRT7013-BL,PCS,8800
BAS-SOR-SRT7014-GM,PCS,9800
BAS-SOR-SRT7015-BL,PCS,8900
BAS-SOR-SRT7016-GM,PCS,9900
BAS-SOR-SRTBK7003-HP,PCS,8200
BAS-SOR-SRTBK7004-HP,PCS,8200
BAS-SOR-SRTW1100-BL,PCS,8800
BAS-SOR-SRTW1200-BL,PCS,8900
BAS-SOR-SRTW2600,PCS,6900
BAS-SOR-SRTW5000,PCS,7800
BAS-SOR-SRTWB1086,PCS,33900
BAS-SOR-SRTWB1086-BL,PCS,58800
BAS-SOR-SRTWB1409,PCS,35900
BAS-SOR-SRTWB1411,PCS,39900
BAS-SOR-SRTWB3403,PCS,69900
BAS-SOR-SRTWB3415-BW,PCS,64900
BAS-SOR-SRTWB7132,PCS,30900
BAS-SOR-SRTWB7249,PCS,33900
BAS-SOR-SRTWT5608,PCS,20800
BAS-SOR-SRTWT5865-FRG,PCS,15800
BAS-SOR-SRTWT5865-GM,PCS,16900
BAS-SOR-SRTWT5865-GY,PCS,15900
BAS-SOR-SRTWT6801,PCS,23900
BAS-SOR-SRTWT6802,PCS,27900
BAS-SOR-SRTWT6806-MIX,PCS,53900
BAS-SOR-SRTWT6807-RG-MIX,PCS,59800
BAS-SOR-SRTWT6851-GY,PCS,32800
BAS-SOR-SRTWT6861-FRG,PCS,32900
BAS-SOR-SRTWT7202,PCS,19900
BAS-SOR-SRTWT7202-GM,PCS,24900
BAS-SOR-SRTWT7203,PCS,38800
BAS-SOR-SRTWT-7203-BL,PCS,41800
BAS-SOR-SRTWT7203-GM,PCS,44800
BAS-SOR-SRTWT8301-RG,PCS,26900
BAS-SOR-SRTWT8303-RG,PCS,44900
"BAS-WAS-BRA-1.1/2""",PCS,1690
"BAS-WAS-BRA-1.1/4""",PCS,1550
BAT-AIKADO-12V,PCS,6150
BAT-BL2018-KR,PCS,17500
BAT-BOSSMAN-20V,PCS,13200
BAT-CHA-10A-6/12V,PCS,9900
BAT-CHA-20A-12/24V,UNIT,23500
BAT-CHA-30A-12/24V,UNIT,29900
BAT-CHA-CHG-3PC,PCK,4660
BAT-CHA-CHG-AA-4PCS,PCK,8990
BAT-CHA-ENE-2AA-THH21,PCS,3450
BAT-CHA-ENE-4AAA-700MAH,PCS,8490
BAT-CHA-GSB 18-2L1 2,UNIT,11500
BAT-CHA-KENDE-SM1212,UNIT,34900
BAT-CHA-KENDE-SM2024,UNIT,63500
BAT-DC-LB1220-1,PCS,11500
BAT-ENE-ADV-AA2PC,PCK,790
BAT-ENE-ADV-AA4PC,PCK,1380
BAT-ENE-ADV-AAA2PC,PCK,840
BAT-ENE-ADV-AAA-4PC,PCK,1480
BAT-ENE-GOL-AA2PC,PCK,720
BAT-ENE-GOL-AA4PC,PCK,1190
BAT-ENE-GOL-AAA2PC,PCK,710
BAT-ENE-GOL-AAA4PC,PCS,1120
BAT-ENE-HD-AA4PCS,PCK,690
BAT-ENE-HD-AAA4PCS,PCK,750
BAT-ENE-HD-D2PCS,PCK,590
BAT-ENE-LIT-2016,PCS,1050
BAT-ENE-LIT-2025,PCS,1190
BAT-ENE-LIT-2032,PCS,990
BAT-ENE-MAX-9V1PCS,PCS,1590
BAT-ENE-MAX-9V2PCS,PCK,2590
BAT-ENE-MAX-AA2PCS,PCK,950
BAT-ENE-MAX-AA4PCS,PCK,1680
BAT-ENE-MAX-AA-8PCS,PCK,2950
BAT-ENE-MAX-AAA2PCS,PCK,970
BAT-ENE-MAX-AAA4PCS,PCK,1690
BAT-ENE-MAX-C2PC,PCS,1490
BAT-ENE-MAX-D2PC,PCK,2050
BAT-ENE-MIN-A23,PCK,620
BAT-ENE-MINI-A27,PCK,630
BAT-ENE-MINI-ALA76,PCK,450
BAT-ENE-REC-2AAA,PACK,4750
BAT-ENE-REC-2AAA-DOLP22,PACK,2090
BAT-ENE-REC-4AA-WB,PCK,4390
BAT-ENE-REC-AA-4PCS,PCK,8150
BAT-ENE-REC-AA-UNIV,PCK,4990
BAT-ENE-SHD-6V1PVC,PCS,1850
BAT-ENE-SHD-8PCS,PCK,1550
BAT-ENE-SHD-9V1PCS,PCK,870
BAT-ENE-SHD-AA2PCS,PCK,380
BAT-ENE-SHD-AA4PCS,PCK,850
BAT-ENE-SHD-AAA12PCS,PCK,2090
BAT-ENE-SHD-AAA2PCS,PCK,390
BAT-ENE-SHD-AAA4PCS,PCK,890
BAT-ENE-SHD-C2PC,PCS,680
BAT-ENE-SHD-D2PCS,PCK,720
BAT-ENR-MAX-AAA-8PCS,PCK,2950
BAT-EVE-AA-8PCS,PCK,1530
BAT-EVE-SHD-AA-12PC,PCK,2050
BATH-CBF3611,PCS,46900
BATH-CBF3612,PCS,46900
BATH-CBF66408-BLK,PCS,39900
BATH-CBF66409-WHI,PCS,39900
BATH-CBFAL5568,PCS,59900
BATH-CBFAL66627-BLK,PCS,71900
BATH-CBFAL66628-WHI,PCS,71900
BATH-CBFAL66633-WHI,PCS,83900
BATH-CBFAL66634-BLK,PCS,83900
BATH-SRTBF11707-BLK,PCS,71800
BATH-SRTBF31416,PCS,148800
BATH-SRTBF31417,PCS,108800
BATH-SRTBF31514,PCS,129900
BAT-INSECTS-KILL,PCS,3990
BAT-MAX-AA,PCK,290
BAT-MAX-AAA,PCK,450
BAT-MKX-2018-12V,PCS,6700
BAT-MKX-2026,PCS,4900
BAT-PSN-LIT3V-CR-1616/5BE,PCS,750
BAT-PSN-LIT3V-CR-1620/5BE,PCS,750
BAT-PSN-LIT3V-CR-1632/5BE,PCS,750
BAT-REC-FP1272-12V,PCS,8600
BAT-REC-FP645-6V,PCS,4690
BAT-REC-GPOWER-GP1270,PCS,7500
BAT-REC-GPP1272,PCS,9750
BAT-REC-SHIMASTU-6V,PCS,4880
BAT-STA-BL2018,PCS,0
BAT-STA-N496300,PCS,16500
BAT-STA-SB202,PCS,19900
BAT-STA-SB204,PCS,31900
BAT-STA-SCB12S,PCS,12900
BAT-TER,PCS,300
BAT-TER-+&-,SET,950
BAT-TOS-AA,PCK,350
BAT-TOS-AAA,PCK,230
BATT-SOLAR-FAN,PCS,2900
BAT-WAT-1L,PCS,250
BBQ-CHA-BRI-3KG,BOX,2190
BBQ-GRI-CN FYZ-2204,SET,34900
BBQ-GRI-CN FYZ-28022A,SET,22900
BBQ-GRI-CN-YH22022,SET,20800
BBQ-GRI-JJD-40X60CM,PCS,1450
BBQ-GRI-JJD-40X70,PCS,1650
BBQ-GRI-JJD-B017,PCS,1250
BBQ-GRI-MD8009,PCS,14900
"BBQ-IEM-PRE-2250CB-22""",UNIT,79800
BBQ-STO-ZC1115,PCS,3590
BBQ-STO-ZC1129,PCS,5900
BB-SWI-2G1W,PCS,660
BEAD-COR-2.5MTR,PCS,190
BEA-PUL-EAS-E0060,PCS,1950
BEA-PUL-EAS-E0061,PCS,3590
BEA-PUL-EAS-E0062,PCS,4890
BEAR-DOOR,PCK,890
BEARING-6202,PCS,1900
BEARING-6203-Z,PCS,950
BEARING-698-22,PCS,1900
BEW-PAL-DC-D-150V,PCS,1415
BIB-G501B,PCS,590
BIB-G503B,PCS,720
BIB-TAP-CLN-AB7122,PCS,2990
BIB-TAP-K2B-LT8114,PCS,2750
BIB-TAP-LUX-LT8523,PCS,2790
BIB-TAP-LUX-LT9513,PCS,2690
BID-BRA-JW001,PCS,15000
BID-CAB-90SS-DIY,PCS,5900
BID-CAB-CB22WH,UNIT,5200
BID-CAB-CB55BL,UNIT,4700
BID-CAB-CB55CR,UNIT,5800
BID-CAB-CB55WH,UNIT,4700
BID-CAB-CB77SS,UNIT,16900
BID-CAB-CB88SS-BL-DIY,PCS,14800
BID-CAB-CB88SS-DIY,PCS,13500
BID-CAB-CB91CR,UNIT,12400
BID-CAB-CB91SS-BL-DIY,PCS,6900
BID-SAN-SBD-304-60075,PCS,4500
BID-SOR-SRT103-GM,PCS,41800
BID-SOR-SRT201-BL,PCS,9900
BID-SOR-SRT61-BL,PCS,17500
BID-SOR-SRT61-CR,PCS,13500
BID-SOR-SRT73-CR-DIY,PCS,6200
BID-SOR-SRT79-SS,PCS,26900
BID-SOR-SRT83-CR,PCS,6800
BID-SOR-SRT86-CR,PCS,8800
BID-SOR-SRT86-GY,PCS,9550
BID-SOR-SRT93-SS,PCS,12500
BID-SOR-SRT95SS-GM,PCS,16500
BID-SOR-SRTWT5879-RG,PCS,22900
BIK-LOC-12X700,PCS,1080
BIK-LOC-15X800MM,PCS,1150
BIT-HOL-DB-2311,PCS,1190
BLA-SAW-TCT-4X30T,PCS,1190
BLA-SAW-TCT-4X40T1000,PCS,1280
BLE-BD335,PCS,11900
BLE-KHI-BL1220,SET,11500
BLE-MID-MBL-6010W,PCS,10500
BLE-PSN-MX-EX1531WSK,PCS,26900
BLI-HSS-HOL-SAW-13MM,PCS,1090
BLI-HSS-HOL-SAW-16MM,PCS,1050
BLI-HSS-HOL-SAW-19MM,PCS,1120
BLI-HSS-HOL-SAW-20MM,PCS,1290
BLI-HSS-HOL-SAW-22MM,PCS,1330
BLI-HSS-HOL-SAW-24MM,PCS,1380
BLI-HSS-HOL-SAW-25MM,PCS,1480
BLI-HSS-HOL-SAW-26MM,PCS,1580
BLI-HSS-HOL-SAW-28MM,PCS,1790
BLI-HSS-HOL-SAW-30MM,PCS,1890
BLI-HSS-HOL-SAW-32MM,PCS,1990
BLI-HSS-HOL-SAW-34MM,PCS,2090
BLI-HSS-HOL-SAW-35MM,PCS,2090
BLI-HSS-HOL-SAW-38MM,PCS,2090
BLI-HSS-HOL-SAW-40MM,PCS,2490
BLI-HSS-HOL-SAW-42MM,PCS,2490
BLI-HSS-HOL-SAW-45MM,PCS,2890
BLI-HSS-HOL-SAW-50MM,PCS,2990
BLI-HSS-HOL-SAW-54MM,PCS,3990
BLI-HSS-HOL-SAW-60MM,PCS,4490
BLK-PAIL-COVER,PCS,650
BLO-GWC1820PCF,UNIT,45900
BMC-5.2MMX2MX4.8M,PCS,7500
BMC-5.5MMX2MX4.8M,PCS,8200
BMC-R8,PCS,7000
BMC-YA6,PCS,7300
BMC-YA6-6.0MM,SHT,8900
BMC-YA7,SHT,10900
BMC-YA8,SHT,14200
BNW-B&N-ORI-09100,KGS,950
BNW-B&N-ORI-09125,KGS,950
BNW-B&N-ORI-09160,KGS,950
BNW-B&N-ORI-09175,KGS,950
BNW-B&N-ORI-09800,KGS,950
BNW-B&N-ORI-12100,KGS,950
BNW-B&N-ORI-12125,KGS,950
BNW-B&N-ORI-12150,KGS,950
BNW-B&N-ORI-12175,KGS,950
BNW-B&N-ORI-12200,KGS,950
BNW-B&N-ORI-12225,KGS,950
"BNW-B&N-ORI-3/4"" X2.1/2""",KG,950
BNW-B&N-ORI-5/8X1.1/2,KGS,950
BNW-B&N-RBN-105,PCK,160
BNW-B&N-RBN-105-BOX,BOX,1390
BNW-B&N-RBN-106,PCK,180
BNW-B&N-RBN-106-BOX,BOX,1590
BNW-B&N-RBN-110,PCK,200
BNW-B&N-RBN-110-BOX,BOX,1820
BNW-B&N-RBN-112,PCK,260
BNW-B&N-RBN-112-BOX,BOX,2050
BNW-B&N-RBN-115,PCK,230
BNW-B&N-RBN-115-BOX,BOX,2290
BNW-B&N-RBN-120,PCK,260
BNW-B&N-RBN-120-BOX,BOX,2950
BNW-B&N-RBN-204,PCK,160
BNW-B&N-RBN-204-BOX,BOX,1590
BNW-B&N-RBN-205,PCK,280
BNW-B&N-RBN-205-BOX,BOX,1780
BNW-B&N-RBN-206,PCK,290
BNW-B&N-RBN-206-BOX,BOX,1990
BNW-B&N-RBN-210,PCK,210
BNW-B&N-RBN-210-BOX,BOX,2190
BNW-B&N-RBN-212,PCK,250
BNW-B&N-RBN-212-BOX,BOX,2590
BNW-B&N-RBN-215,PCK,270
BNW-B&N-RBN-215-BOX,BOX,2790
BNW-B&N-RBN-220,PCK,280
BNW-B&N-RBN-220-BOX,BOX,3350
BNW-B&N-RBN-225,PCK,630
BNW-B&N-RBN-225-BOX,BOX,3990
BNW-B&N-RBN-230,PCK,580
BNW-B&N-RBN-230-BOX,BOX,4290
BNW-B&N-RBN-240-BOX,BOX,5590
BNW-B&N-RBN-240-PCK,PCK,730
BNW-B&N-RBN-250-BOX,BOX,6950
BNW-B&N-RBN-250-PCK,PCK,990
BNW-B&N-ROO-14112,PCK,180
BNW-B&N-ROO-14112-BOX,BOX,2080
BNW-B&N-ROO-14114,PCK,250
BNW-B&N-ROO-14114-BOX,BOX,1790
BNW-B&N-ROO-1434,PCK,190
BNW-B&N-ROO-1434-BOX,BOX,1350
BNW-B&N-ROO-31612,PCK,120
BNW-B&N-ROO-31612-BOX,BOX,530
BNW-B&N-ROO-31634,PCK,160
BNW-B&N-ROO-31634-BOX,BOX,700
BNW-B&N-ROO-31658,PCK,120
BNW-B&N-ROO-31658-BOX,BOX,660
BNW-BOL-HTM-M06-20MM,PCS,30
BNW-BOL-HTM-M06-25MM,PCS,30
BNW-BOL-HTM-M06-30MM,PCS,30
BNW-BOL-HTM-M06-35MM,PCS,30
BNW-BOL-HTM-M06-40MM,PCS,40
BNW-BOL-HTM-M06-45MM,PCS,40
BNW-BOL-HTM-M06-50MM,PCS,40
BNW-BOL-HTM-M06-60MM,PCS,50
BNW-BOL-HTM-M06-70MM,PCS,60
BNW-BOL-HTM-M08-20MM,PCS,30
BNW-BOL-HTM-M08-25MM,PCS,30
BNW-BOL-HTM-M08-30MM,PCS,40
BNW-BOL-HTM-M08-35MM,PCS,40
BNW-BOL-HTM-M08-40MM,PCS,50
BNW-BOL-HTM-M08-45MM,PCS,50
BNW-BOL-HTM-M08-50MM,PCS,50
BNW-BOL-HTM-M08-60MM,PCS,70
BNW-BOL-HTM-M08-70MM,PCS,70
BNW-BOL-HTM-M10-100MM,PCS,150
BNW-BOL-HTM-M10-25MM,PCS,60
BNW-BOL-HTM-M10-30MM,PCS,70
BNW-BOL-HTM-M10-35MM,PCS,70
BNW-BOL-HTM-M10-40MM,PCS,80
BNW-BOL-HTM-M10-45MM,PCS,70
BNW-BOL-HTM-M10-50MM,PCS,80
BNW-BOL-HTM-M10-60MM,PCS,80
BNW-BOL-HTM-M10-65MM,PCS,90
BNW-BOL-HTM-M10-75MM,PCS,100
BNW-BOL-HTM-M12-100MM,PCS,210
BNW-BOL-HTM-M12-25MM,PCS,90
BNW-BOL-HTM-M12-30MM,PCS,110
BNW-BOL-HTM-M12-35MM,PCS,120
BNW-BOL-HTM-M12-40MM,PCS,130
BNW-BOL-HTM-M12-45MM,PCS,140
BNW-BOL-HTM-M12-50MM,PCS,150
BNW-BOL-HTM-M12-55MM,PCS,150
BNW-BOL-HTM-M12-60MM,PCS,150
BNW-BOL-HTM-M12-65MM,PCS,150
BNW-BOL-HTM-M12-70MM,PCS,150
BNW-BOL-HTM-M12-75MM,PCS,170
BNW-BOL-HTM-M14-100MM,PCS,360
BNW-BOL-HTM-M14-30MM,PCS,150
BNW-BOL-HTM-M14-35MM,PCS,160
BNW-BOL-HTM-M14-40MM,PCS,170
BNW-BOL-HTM-M14-45MM,PCS,180
BNW-BOL-HTM-M14-50MM,PCS,210
BNW-BOL-HTM-M14-60MM,PCS,220
BNW-BOL-HTM-M14-65MM,PCS,240
BNW-BOL-HTM-M14-75MM,PCS,300
BNW-BOL-HTM-M16-100MM,PCS,430
BNW-BOL-HTM-M16-40MM,PCS,240
BNW-BOL-HTM-M16-45MM,PCS,240
BNW-BOL-HTM-M16-50MM,PCS,240
BNW-BOL-HTM-M16-55MM,PCS,250
BNW-BOL-HTM-M16-60MM,PCS,250
BNW-BOL-HTM-M16-65MM,PCS,250
BNW-BOL-HTM-M16-70MM,PCS,290
BNW-BOL-HTM-M16-75MM,PCS,300
BNW-BOL-HTM-M16-80MM,PCS,290
BNW-BOL-HTM-M16-90MM,PCS,380
BNW-BOL-SS304-M10-25MM,PCS,170
BNW-BOL-SS304-M10-30MM,PCS,170
BNW-BOL-SS304-M10-35MM,PCS,200
BNW-BOL-SS304-M10-40MM,PCS,220
BNW-BOL-SS304-M10-45MM,PCS,230
BNW-BOL-SS304-M10-50MM,PCS,240
BNW-BOL-SS304-M12-25MM,PCS,250
BNW-BOL-SS304-M12-30MM,PCS,260
BNW-BOL-SS304-M12-35MM,PCS,270
BNW-BOL-SS304-M12-40MM,PCS,290
BNW-BOL-SS304-M12-50MM,PCS,320
BNW-BOL-SS304-M6-20MM,PCS,50
BNW-BOL-SS304-M6-25MM,PCS,50
BNW-BOL-SS304-M6-30MM,PCS,60
BNW-BOL-SS304-M6-35MM,PCS,70
BNW-BOL-SS304-M6-40MM,PCS,80
BNW-BOL-SS304-M6-45MM,PCS,90
BNW-BOL-SS304-M6-50MM,PCS,90
BNW-BOL-SS304-M8-20MM,PCS,100
BNW-BOL-SS304-M8-25MM,PCS,120
BNW-BOL-SS304-M8-30MM,PCS,120
BNW-BOL-SS304-M8-35MM,PCS,130
BNW-BOL-SS304-M8-40MM,PCS,160
BNW-BOL-SS304-M8-50MM,PCS,160
"BNW-BOL-U-ZP1/4X1""",PCS,120
"BNW-BOL-U-ZP1/4X1.1/2""",PCS,130
"BNW-BOL-U-ZP1/4X1.1/4""",PCS,130
"BNW-BOL-U-ZP1/4X2""",PCS,150
BNW-BOL-U-ZP3/8X1.1/2,PCS,230
BNW-BOL-U-ZP3/8X2,PCS,240
BNW-BOL-U-ZP3/8X2.1/2,PCS,270
BNW-BOL-U-ZP3/8X3,PCS,280
BNW-BOL-U-ZP3/8X4,PCS,320
"BNW-BOL-U-ZP5/16X1""",PCS,150
"BNW-BOL-U-ZP5/16X1.1/2""",PCS,190
"BNW-BOL-U-ZP5/16X2""",PCS,200
"BNW-BOL-U-ZP5/16X2.1/2""",PCS,190
"BNW-BOL-U-ZP5/16X3""",PCS,270
BNW-JCBC-NUT-M6 X 13,PCS,40
BNW-JCBC-NUT-M8 X 15,PCS,50
BNW-JCBC-SCRW-M6X50MM,PCS,30
BNW-JCBC-SCRW-M6X60MM,PCS,50
BNW-JCBC-SCRW-M6X80MM,PCS,50
BNW-JCBC-SCRW-M8X60MM,PCS,50
BNW-JCBC-SCRW-M8X80MM,PCS,60
BNW-NUT-HTM-M06,PCS,20
BNW-NUT-HTM-M08,PCS,20
BNW-NUT-HTM-M10,PCS,30
BNW-NUT-HTM-M12,PCS,30
BNW-NUT-HTM-M14,PCS,50
BNW-NUT-HTM-M16,PCS,60
BNW-NUT-ORI-09MM,KGS,1050
BNW-NUT-ORI-12MM,KGS,1050
BNW-NUT-SS304-M06,PCS,50
BNW-NUT-SS304-M08,PCS,70
BNW-NUT-SS304-M10,PCS,90
BNW-NUT-SS304-M12,PCS,160
BNW-THR-ZP-05MM,PCS,450
BNW-THR-ZP-09MM,PCS,600
BNW-THR-ZP-12MM,PCS,990
"BNW-WAS-1/4""",PKT,190
BNW-WAS-COM-06MM,KGS,1150
BNW-WAS-COM-09MM,KGS,1150
BNW-WAS-COM-12MM,KGS,1150
BNW-WAS-COM-16MM,KGS,1150
BNW-WAS-COM-18MM,KGS,1150
"BNW-WAS-COM-5/16""",KGS,1150
BNW-WAS-M4,PCK,50
BNW-WAS-M4-500G,GRAM,1000
BNW-WAS-M5,PCK,50
BNW-WAS-M6,PCK,50
BNW-WAS-RUB-12MM-100G,PKT,250
BNW-WAS-SPR-11MM,PCK,110
BNW-WAS-SPR-12MM,PCK,170
BNW-WAS-SPR-14MM,PCK,250
BNW-WAS-SPR-16MM,PCK,250
BNW-WAS-SPR-18MM,PCK,350
BNW-WAS-SPR-6MM,PCK,30
BNW-WAS-SPR-9MM,PCK,70
BNW-WAS-SSS-06MM,PCS,20
BNW-WAS-SSS-08MM,PCS,30
BNW-WAS-SSS-09MM,PCS,40
BNW-WAS-SSS-12MM,PCS,60
BOA-GYP-03.2MM-X4'X4',PCS,1190
BOA-GYP-04.5MM,PCS,3950
BOA-GYP-06MM,PCS,4990
BOA-GYP-09MM,PCS,8900
BOA-GYP-12MM,PCS,10900
BOA-GYP-8.2MMX4'X8',PCS,2950
BOA-GYP-9MMX2'X4',PCS,900
BOA-GYP-9MMX4'X8',PCS,3200
BOA-PLA-09MM,PCS,2090
BOA-PLA-09MM-WATER,PCS,3290
BO-GS-WM7,PCS,0
BOL-RAC,SET,0
BOS,PCS,2200
BOS-0012,SET,10900
BOS-0600-800-000-MTR,MTR,490
BOS-0600-800-010,ROLL,5800
BOS-0600-800-020,ROLL,9200
BOS-0600-800-030,ROLL,13500
BOS-0600-847-ELO,UNIT,48800
BOS-0600-8A7-508,PCS,11600
BOS-0600-8A7-7L0,UNIT,239800
BOS-0600-8A7-AL0,UNIT,89500
BOS-0600-8A7-BL0,UNIT,112900
BOS-0600-8A7-DL0,UNIT,149900
BOS-0600-8A7-FLO,UNIT,48800
BOS-0600-8B2-140,UNIT,44800
BOS-0600-8C1-H70,UNIT,26900
BOS-0600-8D2-000,PCS,173000
BOS-0600-910-0L0SH,UNIT,242900
BOS-0601-063-30A,SET,199800
BOS-0601-063-M80,UNIT,58800
BOS-0601-063-N80,UNIT,59800
BOS-0601-063-N81,UNIT,75900
BOS-0601-068-000,UNIT,128800
BOS-0601-071-YK0,UNIT,119800
BOS-0601-072-270,UNIT,62000
BOS-0601-072-5K0,UNIT,24900
BOS-0601-072-9K0,UNIT,28800
BOS-0601-072-FK0,UNIT,149800
BOS-0601-077-0K0,UNIT,14500
BOS-0601-083-480,UNIT,41900
BOS-0601-096-C80,UNIT,18900
BOS-0601-1A0-3L0,UNIT,24900
BOS-0601-1A0-3L1,UNIT,39800
BOS-0601-1A2-1L0,UNIT,87900
BOS-0601-1A9-5L0,UNIT,23900
BOS-0601-1C1-0L0,UNIT,25800
BOS-0601-1C4-0L0,UNIT,73900
BOS-0601-224-0L0,UNIT,59900
BOS-0601-224-1L0,UNIT,79800
BOS-0601-227-1L2,UNIT,48500
BOS-0601-228-1L2,UNIT,53500
BOS-0601-27A-3L0,UNIT,59800
BOS-0601-298-0L0,UNIT,47500
BOS-0601-2A6-1L0,UNIT,39900
BOS-0601-2A7-0L0,UNIT,41900
BOS-0601-2A8-0L0,UNIT,26900
BOS-0601-2C1-0L0,UNIT,59900
BOS-0601-375-6L0,UNIT,16900
BOS-0601-387-0L0,UNIT,55900
BOS-0601-387-5L0,UNIT,68500
BOS-0601-388-5L0,UNIT,41900
BOS-0601-394-0L0,UNIT,29900
BOS-0601-396-1L0,UNIT,46900
BOS-0601-3A0-0L0,UNIT,32900
BOS-0601-3A2-0L0,UNIT,62900
BOS-0601-3A3-1L0,UNIT,15500
BOS-0601-473-5L0,UNIT,34000
BOS-0601-58F-0L0,UNIT,88800
BOS-0601-596-0L0,UNIT,42900
BOS-0601-5A2-0L0,UNIT,96900
BOS-0601-6A0-0L0,UNIT,39800
BOS-0601-6B3-0L1,UNIT,52900
BOS-0601-6B7-0L1,UNIT,61500
BOS-0601-8C0-0L0,UNIT,72500
BOS-0601-980-4L1,UNIT,44500
BOS-0601-980-5L0,UNIT,32500
BOS-0601-9C6-2L0,UNIT,49500
BOS-0601-9E5-0L0,UNIT,70900
BOS-0601-9E5-1L0,UNIT,79800
BOS-0601-9F0-0L3,UNIT,69900
BOS-0601-9F3-0L3,UNIT,49800
BOS-0601-9F6-0L0,UNIT,96800
BOS-0601-9F7-0L0,UNIT,44800
BOS-0601-9F8-1L0,SET,69500
BOS-0601-9F8-3L2,UNIT,81500
BOS-0601-9G5-2L0,UNIT,89500
BOS-0601-9G6-1L0,UNIT,103900
BOS-0601-9G8-0L4,UNIT,32900
BOS-0601-9G8-1L7,UNIT,38900
BOS-0601-9H2-281,UNIT,29800
BOS-0601-9H5-1L0,UNIT,99800
BOS-0601-9H9-0L1,UNIT,153900
BOS-0601-9H9-0L2C2,SET,244800
BOS-0601-9J4-0L1C,SET,237500
BOS-0601-9K0-0L0,UNITS,157900
BOS-0601-9K3-083,UNIT,25800
BOS-0601-9K3-0L2,UNIT,69800
BOS-0601-9K3-183,UNIT,34800
BOS-0601-9K3-1L2,UNIT,76900
BOS-0601-9K3-1L2C1,SET,114900
BOS-0601-9N9-0L0C1,SET,179500
BOS-0601-B19-1L0,UNIT,198800
BOS-0601-B30-5L0,UNIT,265000
BOS-0601-B33-0L0,UNIT,99800
BOS-0601-B37-3L0,UNIT,70900
BOS-0601-B45-0L0,SET,135900
BOS-0603-264-670,UNIT(S),37900
BOS-0603-3E0-050,UNIT,39900
BOS-0603-947-080,UNIT,38800
BOS-0603-9E0-050,UNIT(S),35900
BOS-0611-253-76C,UNIT,93800
BOS-0611-254-76C,UNIT,113900
BOS-0611-272-1L4,UNIT,61900
BOS-0611-2A6-0L0,UNIT,51900
BOS-0611-321-0L0,UNIT,223800
BOS-0611-337-0L0,UNIT,149800
BOS-0611-338-5L0,UNIT,93800
BOS-0611-338-9L1,UNIT,109800
BOS-0611-911-0L7,SET,145900
BOS-0611-924-0L1,UNIT,171900
BOS-0618,SET,19000
BOS-0618-1,SET,24000
BOS-0618-800-0A7,SET,9100
BOS-1.6MM-T/ELECTRODE,PCS,540
BOS-1/4-12,PCS,2800
BOS-100,PCS,2500
BOS-1600-A00,PCS,32900
BOS-1600-A00-163,PCS,48900
BOS-1600-A00-D6H,PCS,5390
BOS-1600-A00-F,PCS,29900
BOS-1600-A00-F1,PCS,38800
BOS-1600-A00-F6X,PCS,17900
BOS-1600-A01-03S,PCS,7900
BOS-1600-A01-93N,PCS,69900
BOS-1600-A01-B92,PCS,21900
BOS-1600-A02-ND9,PCS,9700
BOS-1600-A02-NE1,PC,10900
BOS-1600-A02-NE3,PC,10500
BOS-1607-000-CZ1,SET,1780
BOS-1607-014-145,SET,1980
BOS-1607-014-171,SET,1900
BOS-1607-950-045,PCS,1990
BOS-1609-200-228,SET,2290
BOS-1617-000-163,SET,2500
BOS-1617-000-525,SET,1850
BOS-1617-014-138,SET,2150
BOS-1617-014-144,SET,6390
BOS-1618-596-177,PCS,2260
BOS-1618-601-008-810,PCS,14800
BOS-1618-D00-0FX,PCS,3200
BOS-1618-D00-0G3,PCS,0
BOS-1619-A01-08W,PCS,790
BOS-1619-BZ0-100,PCS,8800
BOS-1619-P01-844,PCS,3500
BOS-1619-P02-870,SET,1620
BOS-1619-P06-346,SET,4350
BOS-1619-P07-571,SET,1190
BOS-1619-P08-785,PCS,690
BOS-1619-P09-252,PCS,3000
BOS-1619-P09-976,PCS,950
BOS-1619-P10-063,PCS,1850
BOS-1619-P11-715,SET,1790
BOS-1619-P12-159,PCS,820
BOS-1619-P20-086,SET,1090
BOS-1619-PC0-389,PCS,1090
BOS-1619-PC1-798,PCS,8500
BOS-1619-Z00-187,PCS,0
BOS-1619-Z11-692,PAIR,2100
BOS-25PC-SCR-BIT,SET,0
BOS-2602-025-067,PCS,1490
BOS-2602316001-2603433001,PCS,2900
BOS-2604-321-905,SET,3030
BOS-2604-321-919,SET,2300
BOS-2605-510-155,PCS,3750
BOS-2607-010-079,PCS,370
BOS-2607-017-193,SET,15900
BOS-2607-017-335,PKG,7550
BOS-2607-017-398,SET,5590
BOS-2607-017-409,SET,14500
BOS-2607-019-114,SET,2590
BOS-2607-019-115,SET,9290
BOS-2607-019-116,SET,18500
BOS-2607-019-453,SET,2990
BOS-2607-019-506 -R,UNIT(S),7800
BOS-2607-019-560,SET,4290
BOS-2607-019-580,SET,2990
BOS-2608-521-039,PCS,460
BOS-2608-521-042,PCS,710
BOS-2608-521-043,PCS,950
BOS-2608-522-265,PCS,550
BOS-2608-522-405,PCS,1430
BOS-2608-522-406,PCS,2050
BOS-2608-522-407,PCS,2980
BOS-2608-571-078,PCS,3980
BOS-2608-572-213,PCS,17500
BOS-2608-572-253,PCS,4690
BOS-2608-578-114,PCS,430
BOS-2608-578-115,PCS,510
BOS-2608-578-116,PCS,560
BOS-2608-578-117,PCS,570
BOS-2608-578-118,PCS,580
BOS-2608-578-119,PCS,590
BOS-2608-578-120,PCS,600
BOS-2608-578-121,PCS,910
BOS-2608-578-122,PCS,1350
BOS-2608-578-123,PCS,1590
BOS-2608-578-155,SET,2850
BOS-2608-578-156,SET,3090
BOS-2608-578-159,PCS,660
BOS-2608-578-160,PCS,1790
BOS-2608-585-593,PCS,7150
BOS-2608-585-594,PCS,7350
BOS-2608-585-595,PCS,8250
BOS-2608-585-872,PCS,370
BOS-2608-585-873,PCS,390
BOS-2608-585-874,PCS,430
BOS-2608-585-875,PCS,440
BOS-2608-585-876,PCS,460
BOS-2608-585-877,PCS,620
BOS-2608-585-879,PCS,640
BOS-2608-585-880,PCS,660
BOS-2608-585-884,PCS,870
BOS-2608-585-885,PCS,890
BOS-2608-585-888,PCS,1120
BOS-2608-585-889,PCS,1150
BOS-2608-585-890,PCS,1290
BOS-2608-585-894,PCS,2250
BOS-2608-585-896,PCS,2880
BOS-2608-585-898,PCS,3250
BOS-2608-585-901,PCS,3880
BOS-2608-585-903,PCS,5300
BOS-2608-585-905,PCS,6200
BOS-2608-589-295,SET,5900
BOS-2608-594-070-R,SET,19800
BOS-2608-595-049,PCS,260
BOS-2608-595-050,PCS,280
BOS-2608-595-051,PCS,310
BOS-2608-595-052,PCS,320
BOS-2608-595-053,PCS,330
BOS-2608-595-055,PCS,340
BOS-2608-595-056,PCS,450
BOS-2608-595-058,PCS,470
BOS-2608-595-059,PCS,490
BOS-2608-595-063,PCS,640
BOS-2608-595-066,PCS,660
BOS-2608-595-068,PCS,810
BOS-2608-595-070,PCS,830
BOS-2608-595-072,PCS,1750
BOS-2608-595-075,PCS,1750
BOS-2608-595-077,PCS,1980
BOS-2608-595-081,PCS,2450
BOS-2608-595-083,PCS,3290
BOS-2608-595-334,PCS,510
BOS-2608-595-335,PCS,790
BOS-2608-595-517,SET,3590
BOS-2608-600-017,PCS,350
BOS-2608-600-091,PCS,350
BOS-2608-600-264,PCS,620
BOS-2608-600-272,PCS,690
BOS-2608-600-428,PCS,3790
BOS-2608-600-704,PCS,4800
BOS-2608-600-923,PCS,4250
BOS-2608-600-924,PCS,4490
BOS-2608-601-065,PCS,5500
BOS-2608-602-523,PCS,4390
BOS-2608-602-751,PCS,1390
BOS-2608-603-309,PCS,3250
BOS-2608-603-329,PCS,5100
BOS-2608-603-331,PCS,9700
BOS-2608-603-357,PCS,1650
BOS-2608-603-358,PCS,1650
BOS-2608-603-360,PCS,1650
BOS-2608-603-412,PCS,260
BOS-2608-603-700,PCS,910
BOS-2608-603-702,PCS,910
BOS-2608-603-703,PCS,910
BOS-2608-603-706,PCS,910
BOS-2608-603-707,PCS,910
BOS-2608-603-729,PCS,2880
BOS-2608-606-069,SET,4200
BOS-2608-606-072,SET,4200
BOS-2608-606-074,SET,4200
BOS-2608-608-N92,PCS,190
BOS-2608-608-N93,PCS,190
BOS-2608-608-N94,PCS,190
BOS-2608-608-N95,PCS,190
BOS-2608-608-N96,PCS,190
BOS-2608-608-T64-N,PCK,950
BOS-2608-608-T65-N,PCK,950
BOS-2608-608-T66-N,PCK,950
BOS-2608-608-T68-N,PCK,950
BOS-2608-608-T69,PCK,950
BOS-2608-608-T70-N,PCK,950
BOS-2608-608-T72,PCK,950
BOS-2608-608-T73,PCK,950
BOS-2608-608-T75,PCK,950
BOS-2608-610-001,PCS,3950
BOS-2608-613-005,PCS,3420
BOS-2608-615-005,PCS,37500
BOS-2608-615-006,PCS,49900
BOS-2608-615-025,PCS,2490
BOS-2608-615-026,PCS,2490
BOS-2608-615-055,PCS,2490
BOS-2608-615-056,PCS,2490
BOS-2608-615-097,PCS,6750
BOS-2608-615-111,PCS,6190
BOS-2608-615-113,PCS,9950
BOS-2608-615-114,PCS,11000
BOS-2608-615-115,PCS,5190
BOS-2608-615-118,PCS,10200
BOS-2608-615-232,PCS,1790
BOS-2608-619-326,PCS,1650
BOS-2608-619-701,PCS,270
BOS-2608-619-766,PC,1550
BOS-2608-620-690,PCS,450
BOS-2608-630-030,PCS,740
BOS-2608-630-031,PCS,770
BOS-2608-630-033,PCS,560
BOS-2608-630-040,PCS,750
BOS-2608-630-058,PCS,730
BOS-2608-631-013,PCS,790
BOS-2608-631-014,PCS,770
BOS-2608-631-017,PCS,920
BOS-2608-633-528,PCS,1220
BOS-2608-634-503,PCS,1150
BOS-2608-634-505,PCS,1170
BOS-2608-634-994,PCS,1330
BOS-2608-638-473,PCS,1090
BOS-2608-642-952,PCS,6590
BOS-2608-642-971,PCS,6790
BOS-2608-642-972,PCS,7190
BOS-2608-642-983,PCS,6880
BOS-2608-642-984,PCS,7280
BOS-2608-642-985,PCS,8990
BOS-2608-643-000,PCS,12900
BOS-2608-643-009,PCS,20500
BOS-2608-643-026,PCS,24500
BOS-2608-643-027,PCS,28200
BOS-2608-643-033,PCS,21900
BOS-2608-643-035,PCS,29900
BOS-2608-643-306,PCS,10500
BOS-2608-644-398,PCS,6500
BOS-2608-650-676,PCS,3950
BOS-2608-650-678,PCS,2450
BOS-2608-656-019,PCS,2590
BOS-2608-656-020,PCS,2590
BOS-2608-667-446,PCS,930
BOS-2608-676-934,PCS,3590
BOS-2608-680-257,PCS,830
BOS-2608-680-258,PCS,840
BOS-2608-680-259,PCS,880
BOS-2608-680-262,PCS,850
BOS-2608-680-263,PCS,890
BOS-2608-680-267,PCS,900
BOS-2608-680-268,PCS,970
BOS-2608-680-270,PCS,980
BOS-2608-680-272,PCS,1650
BOS-2608-680-273,PCS,1040
BOS-2608-680-275,PCS,1750
BOS-2608-680-277,PCS,1060
BOS-2608-680-279,PCS,2050
BOS-2608-680-281,PCS,1520
BOS-2608-680-282,PCS,1880
BOS-2608-680-283,PCS,2380
BOS-2608-680-284,PCS,3190
BOS-2608-680-285,PCS,2290
BOS-2608-680-288,PCS,2860
BOS-2608-680-289,PCS,4690
BOS-2608-680-290,PCS,4150
BOS-2608-680-291,PCS,5390
BOS-2608-680-292,PCS,4750
BOS-2608-680-293,PCS,6090
BOS-2608-680-294,PCS,5450
BOS-2608-680-295,PCS,7490
BOS-2608-680-697,PCS,1120
BOS-2608-680-794,PCS,1390
BOS-2608-680-795,PCS,1490
BOS-2608-680-796,PCS,1750
BOS-2608-680-797,PCS,2790
BOS-2608-684-774,PCS,1880
BOS-2608-684-775,PCS,1890
BOS-2608-690-097-810,PCS,11500
BOS-2608-690-122,PCS,1490
BOS-2608-690-125(1),PCS,5990
BOS-2608-690-128(1),PCS,6300
BOS-2608-900-551,PCS,950
BOS-2608-900-570,PC,1230
BOS-2608-900-571,PCS,1320
BOS-2608-901-468,PCS,380
BOS-2609-100-203,PCS,1200
BOS-2609-100-410,PCS,3000
BOS-2609-110-015,PCS,650
BOS-2609-110-357,PCS,3650
BOS-2609-120-398,SET,2900
BOS-2609-390-394,PCS,4590
BOS-2609-390-576,PCS,4950
BOS-2610-391-290,SET,2900
BOS-3000l,PCS,3900
BOS-86-AA106,UNIT,38800
BOS-86-AA126,UNIT,64900
BOS-86-AA168,UNIT,89900
BOS-86-BG6,UT,25800
BOS-86-MIG200#TORCH,PCS,8500
BOS-AA-02-R,UNIT(S),39900
BOS-AA3.0HPOF-R,UNIT,73800
BOS-AA-MIG200,SET,53500
BOS-AA-T01-R,UNIT(S),26800
BOS-ACC-FEM-COU,PCS,4700
BOS-ADA,PCS,3000
BOS-ADE-PAC-B-R,UNIT,249900
BOS-AHI2-3PC-FULLSET-R,UNIT,169900
BOS-AHI2-3PC-PUMPSET-R,UNIT,103200
BOS-AHI2-4PC,UNIT,89900
BOS-AHI2-4PC-PUMPSET-R,UNIT,132100
BOS-AHI2-5PC-R,UNIT,73800
BOS-AHI4-4PC-R,UNIT,99800
BOS-AJS37PC,UNIT,69800
BOS-APS75A -R,UNIT(S),57800
BOS-APS75-A-R,UNIT,57800
BOS-APS75-B-R,UNIT(S),63800
BOS-AQSD110F,UNIT,129900
BOS-AQSD75F,UNIT,86500
BOS-AQUA-WAS-O-RING,PCS,500
BOS-AWJ 2-4-R,UNIT(S),109800
BOS-AWJ 2-5-R,UNIT(S),133800
BOS-AWJ 4-4-R,UNIT(S),173800
BOS-AWJ2-4PC-FULLSET-R,UNIT,199900
BOS-AWJ2-5PC-FULLSET-R,UNIT,209900
BOS-AWJ2-5PCPUMPSET-R,UNIT,139600
BOS-AWJ4-4PC-FULLSET-R,UNIT,222900
BOS-AWJ4-4PC-PUMPSET-R,UNIT,154400
BOS-AWJ4-6PC-FULLSET-R,UNIT,263900
BOS-AWJ4-6PC-PUMPSET-R,UNIT,230200
BOS-BAN,PCS,2590
BOS-BAT-14.4V-1.3AH,PCS,14500
BOS-BAT-1600-A00-HR3,PCS,8190
BOS-BAT-2607-225-729,PCS,11900
BOS-BAT-GSR 120 L.I-2.0,PCS,29900
BOS-BAT-GSR 120 L.I-4.0,PCS,41700
BOS-BD13LT#77,PCS,6500
BOS-BLO-AA-H04,UNIT,93000
BOS-BNUT,PCS,1850
BOS-CF-1028,SET,20900
BOS-CF-1033,SET,29900
BOS-CHA-GSR1000,UNIT,6300
BOS-CPM200#03,PCS,13000
BOS-EASYPUMP3.6V-R,UNIT(S),32800
BOS-F016-102-652L,PCS,5300
BOS-F016-800-360,PCS,12200
BOS-F016-800-361,PCS,12200
BOS-F016-800-486,PCS,18500
BOS-F016-800-536,PCS,17900
BOS-F016-800-577,PCS,3790
BOS-F016-F03-148,SET,23500
BOS-F016-F04-464,PCS,7900
BOS-F016-F04-558,PCS,3390
BOS-F016-F04-559,PCS,5490
BOS-F016-F04-667,SETS,15400
BOS-F016-F05-017,PCS,4800
BOS-F016-F05-406,PCS,3390
BOS-F016-F05-AQT-42-13,PCS,3800
BOS-F016-L72-098,PCS,14500
BOS-F016-L73-832,PCS,12500
BOS-F300F-R,UNIT(S),42800
BOS-FIL-WOO-TEAK-1.5KG,TIN,1690
BOS-FIS-WAL-PLU-S6,SET,0
BOS-FIS-WAL-PLU-USP6,SET,0
BOS-GBH185-LI(1BATT)-R,UNIT,105800
BOS-GCM 254-R,UNIT(S),214800
BOS-GCM18V-216 D-R,PCS,249800
BOS-GDS 18V-1000 -R,UNIT(S),105800
BOS-GDS 18V-1050 H-R,UNIT(S),112800
BOS-GDS 18V-350-R,UNIT,97800
BOS-GDS18V-400-R,UNIT(S),164800
BOS-GEX 125-R,UNIT(S),31800
BOS-GEX 185-LI(SOLO) -R,UNIT(S),54800
BOS-GFR 18V-23-R,UNIT(S),109800
BOS-GGS 30 LS-R,UNIT(S),64800
BOS-GHHG 18V-50(SOLO) -R,UNIT(S),61800
BOS-GHO 185-LI (SOLO)-R,`UNIT(S),83800
BOS-GKS 185-LI (SOLO) -R,UNIT(S),93800
BOSGKS 18V-44-R,UNIT(S),62800
BOS-GLA-3008,UNIT,6450
BOS-GLF 18V-8 (SOLO)-R,UNIT(S),61800
BOS-GLL 30G -R,UNIT(S),48800
BOS-GLM 50-23 G-R,UNIT(S),75800
BOS-GLM-50-27-CG,UNIT,21800
BOS-GMAW 220I PRO-R,UNIT(S),164800
BOS-GMAW 280DI-R,UNIT(S),348000
BOS-GMAW-180DH,UT,51900
BOS-GMAW250ND-R,UNIT,259600
BOS-GMS 120 -R,UNIT(S),64800
BOS-GO3KIT-R,UNIT(S),23800
BOS-GRT 18V-33 (SOLO)-R,UNIT(S),102800
BOS-GRW140-R,UNIT(S),67800
BOS-GSA 185-LI (SOLO)-R,UNIT(S),94800
BOS-GST 18-LI (SOLO) -R,UNIT(S),78800
BOS-GTAW 200CT-R,UNIT(S),149800
BOS-GTAW 202P AC/DC-R,UNIT(S),379800
BOS-GTR550-R,UNIT,128000
BOS-GUN-EXT,PCS,3650
BOS-GUN-EXT-TUBE,PCS,4190
BOS-GWS 12-125 S-R,UNIT(S),64000
BOS-GWS180-LI-R,UNIT(S),145800
BOS-HVLP-888,UNIT,11500
BOS-IPA400IQ-R,UNIT,34800
BOS-IPA800IQ-R,UNIT,45800
BOS-IW-SOLENOID,PCS,6500
BOS-KTBG-6-R,UNIT(S),24800
BOS-LEADCOBHEADLAMP-R,UNIT(S),6200
BOS-LOTA-LB-32/50-R,UNIT(S),238800
BOS-LTBG-8-R,UNIT(S),31800
BOS-MOTO-MT-1000,UNIT,49500
BOS-NOZ-3IN1,PCS,9151
BOS-NOZ-ADJ,PCS,7264
BOS-NOZ-AQT-125,PCS,8800
BOS-PAI-SPR-PPS-20,UNIT,25800
BOS-PLUG-WS7F,PCS,550
BOS-PPS-200,UNIT,19800
BOS-PS40AP-R,UNIT(S),198800
BOS-PS40I-R,UNIT,139800
BOS-QT-O-RING,UNIT(S),1000
BOS-RB2600,UNIT,57900
BOS-RB650S,UNIT,94800
BOS-RK32,UNIT,64800
BOS-RK43H-R,UNIT(S),77800
BOS-RP15G,UNIT,82500
BOS-SAF-HEL-SKIL,PCS,990
BOS-SAF-HEL-SUN3,PCS,14200
BOS-SDS-DRI-12MM,PCS,2860
BOS-SDS-DRI-16MM,PCS,6660
BOS-SF-10,PCS,3950
BOS-SM 1214-R,UNIT(S),248800
BOS-SM 2020-R,UNIT(S),488000
BOS-SM1013-R,UNIT,177800
BOS-SM11000IE-R,UNIT,529800
BOS-SM130WI-3800-R,UNIT,222800
BOS-SM-138#NOZZLE,PCS,7390
BOS-SM150-R,UNIT(S),98000
BOS-SM160WI-5000-R,UNIT,277800
BOS-SM-1912PE,UNIT,228800
BOS-SM2000-R,UNIT(S),448000
BOS-SM2040,BTL,2390
BOS-SM20CX-170F,UNIT,72800
BOS-SM3000I-R,UNIT(S),142500
BOS-SM-3000-R,UNIT(S),149800
BOS-SM3GF-ME-R,UNIT(S),322800
BOS-SM5000IE-R,UNIT,248800
BOS-SM8000IE-R,UNIT,397800
BOS-SM9922,BTL,3090
BOS-SMCGE170F,UNIT,69500
BOS-SMCSP3,UNIT,42900
BOS-SMCV-45,UNIT,35500
BOS-SMI-05-450S-R,UNIT,24800
BOS-SMI-075-1180-R,UNIT,60800
BOS-SMI-10-1180-R,UNIT,68800
BOS-TER-FEMALE-CON-IW-TCF10/25,PCS,2050
BOS-TER-FEMALE-CON-IW-TCF35/50,PCS,2140
BOS-TER-MALE-CON-IW-TCM10/25,PCS,1950
BOS-TER-MALE-CON-IW-TCM35/50,PCS,2150
BOS-TIG 400ND-R,UNIT,232800
BOS-TIG-300ND,UNIT,163800
BOS-TS10M,UNIT,82900
BOS-WEL-0.8MM/1KG,ROLL,3490
BOS-WEL-0.9MM/5KG,UNIT,13600
BOS-WEL-E71T-0.8MM/5KG,ROLL,12900
BOS-WEL-PS 40,UNIT,140400
BOS-WNUT,PCS,1850
BOS-WOR-SHO-COM-R,UNIT,228800
BOX-FISH-POLY-COOLER,PCS,1590
BOX-FISH-POLY-L,PCS,4950
BOX-FISH-POLY-M,PCS,3490
BOX-FISH-POLY-PICNIC,PCS,1990
BOX-FISH-POLY-S,PCS,2790
BOX-ICE-100LTR,PCS,26500
BOX-ICE-100LTR-BLUE,PCS,31900
BOX-ICE-100LTR-YELLOW,PCS,27900
BOX-ICE-120L,PCS,28800
BOX-ICE-120LTR-BLUE,PCS,32900
BOX-ICE-13LTR-RED/BLUE/GRE,PCS,8800
BOX-ICE-200LTR,PCS,42900
BOX-ICE-26LTR-RED/BLUE/GRE,PCS,17900
BOX-ICE-35LTR,PCS,17900
BOX-ICE-35LTR-BLUE,PCS,19500
BOX-ICE-50LTR,PCS,19800
BOX-ICE-50LTR-BLUE,PCS,22800
BOX-ICE-5LTR-RED/BLUE/GRE,PCS,3300
BOX-ICE-60LTR,PCS,31900
BOX-ICE-PLU-42MM,PCS,950
BOX-L-3X6,PCS,1790
BOX-L-4X6,PCS,1790
BOX-LUN-PLA,PCK,1880
BOX-PLA-LP2999,PCS,3000
BOX-POS-JN1015-1,PCS,14900
BOX-POS-KH2078,PCS,1980
BOX-POS-KH2088,PCS,1990
BOX-POS-PB0002,PCS,8800
BOX-POS-PB0004,PCS,6800
BOX-POS-PB0008,PCS,5200
BOX-POS-PB0012,PCS,12800
BOX-POS-PB0012S,PCS,11000
BOX-POS-PB0016-26X20X6.5CM,PCS,8000
BOX-PVC-EAR,PCS,400
BP-GS-WM5,PCS,0
BP-GS-WM7,PCS,0
BRA-BID-SHO-SA033,PCS,320
BRA-COR-B300,PCS,1590
BRA-COU-WAS-MAC-66#,PCS,580
BRA-EPO-FOL-200MM,PCS,1350
BRA-EPO-FOL-300MM,PCS,1680
BRA-EPO-FOL-400MM,PCS,1790
BRA-FLA-80MMX30MM,PCS,190
BRA-HOR-SHO-PIE-BM42021,PCS,1350
"BRA-LOC-COC-YG172-1/2""",PCS,1290
BRA-L-SSS-50X50MM,PCS,350
BRA-L-SSS-90X90MM,PCS,550
"BRA-PVC-1""X1"" L",PAIR,40
BRA-S/S-L-50383,PCS,470
BRA-S/S-L-65383,PCS,590
BRA-S/S-L-85383,PCS,750
BRA-S/S-MULTI-L,PCS,3950
BRA-S/S-MULTI-M,PCS,1390
BRA-S/S-MULTI-S,PCS,620
BRA-S/S-MULTI-XL,PCS,5900
BRA-S/STEEL-19MM-MMD19(D),PCS,530
BRA-S/STEEL-25MM-MMD25(D),PCS,620
BRA-S/STEEL-40MM,PCS,160
BRA-S/STEEL-60MM,PCS,220
"BRA-S/STEEL-L - 8""X6""",SET,2190
"BRA-S/STEEL-L-10""X6""",SET,2830
"BRA-S/STEEL-L-12""X7""",SET,3350
BRA-SHE-1012,PAIR,590
"BRA-SHE-12""X14""",PAIR,690
"BRA-SHE-6""X8""",PAIR,410
"BRA-SHE-8""x10""",PAIR,490
BRA-SHE-BRO-43080,PCS,1590
"BRA-SHE-S/S-G785-06""",SET,1450
"BRA-SHE-S/S-G785-08""",SET,1990
"BRA-SHE-S/S-G785-10""",SET,2450
"BRA-SHE-S/S-G785-12""",SET,2790
"BRA-SHE-YG782-08""",PAIR,1050
"BRA-SHE-YG782-10""",PAIR,1250
"BRA-SHE-YG782-12""",PAIR,1320
"BRA-SHE-YG782-14""",PAIR,1590
"BRA-SHE-YG782-16""",PAIR,1780
"BRA-SHE-YG782-20""",PAIR,2390
"BRA-STEEL-L-1""X1""",PCS,70
"BRA-STEEL-L-1.5""X1.5""",PCS,90
BRA-WALL-TAP-8208,PCS,7200
BRA-WAL-TOI-CIS,PCS,430
BRA-WDI-B4500,PCS,6280
BRO-CEI-677,PCS,670
BRO-CEI-SB THS-DM,PCS,1650
BRO-FENG-SHUI,PCS,1990
BRO-FLO-HORSE,PCS,1280
BRO-FLO-NYL-201,PCS,720
BRO-FLO-NYL-203,PCS,620
BRO-FLO-NYL-6665B,PCS,990
BRO-FLO-NYL-6665C,PCS,990
"BRO-HAN-1.1/8"" X 60",PCS,690
BRO-HAN-200MM,PCS,320
"BRO-HAN-7/8"" x 48 x(S)",PCS,340
"BRO-HAN-7/8"" X 72",PCS,490
BRO-HAN-CRI60404,PCS,1066
BRO-HAN-CRI60426,PCS,500
BRO-HAN-GS2212,PCS,1190
BRO-HAN-HOR-MOP(L),PC(S),1443
BRO-HAN-NYL-9411,PCS,880
BRO-HAN-NYL-9901,PCS,890
"BRO-HAN-RAKE-4'X1-1/8""",PCS,420
"BRO-HAN-RAKE-5'X1-1/8""",PCS,830
BRO-HAN-WOO,PCS,300
BRO-HY532,PCS,640
BRO-LON-MIX4516,PCS,640
BRO-MOP-300,PCS,790
BRO-MOP-350,PCS,850
BRO-MOP-400,PCS,850
BRO-MOP-FM24,SET,5550
BRO-MOP-MRMOP-L,PCS,2090
BRO-MOP-MRMOP-M,PCS,2050
BRO-MOP-MSCIR-200Q,PCS,1390
BRO-MOP-MSCIR-300Q,PCS,1580
BRO-NYL-606,PCS,890
BRO-NYL-609,PCS,720
BROO-HOO-CLIP4H3C,PCS,4350
BROO-HOO-CLIP-5H4C,PCS,4990
BROO-HOO-CLIP-LIAO-Z130006,PCS,1950
BRO-PADI-MIX138,PCS,830
BRO-PLA-SB 601,PCS,890
BRO-PLA-SB LD-1803S,PCS,790
BRO-PLA-SB004,PCS,620
BRO-PLA-SB200,PCS,1090
BRO-PLA-SB255,PCS,800
BRO-PLA-SB9226,PCS,860
BRO-PLA-SB9226H,PCS,820
BRO-PLA-SBLD-2805,PCS,860
BRO-PLA-SBV1-34,PCS,1100
BRO-SB512,PCS,850
BRO-SBSJ001,PCS,950
BRU-BRO-JC4CBS,PCS,210
BRU-CON-CRM610,PCS,590
BRU-CON-CRM611,PCS,590
BRU-COP-204,PCS,210
"BRU-CUP-3""",PCS,530
"BRU-CUP-3""-MR.MARK",PCS,1590
BRU-CUP-GDB-75M1015,PCS,930
BRU-CUP-HAW-65M-K,PCS,2350
BRU-CUP-HAW-75M1015,PCS,1190
BRU-CUP-SSS-093#-,PCS,990
"BRU-CUP-TWI-3""",PCS,750
BRU-END-GLO-509061,PCS,330
BRU-END-GLO-509063-6MM,PCS,390
BRU-END-HAW-509062,PCS,390
BRU-END-HAW-509063,PCS,680
BRU-HAN0HAW-452135,PCS,590
BRU-HAN-GLO-462091,PCS,570
BRU-HAN-SW20,PCS,670
BRU-HAN-SW30,PCS,830
BRU-PLA-E838,PCS,170
BRU-RAD-4X642R,PCS,300
BRU-SPO-B3PCS,PKT,790
BRU-SS-25G-GQ-SAIOI,PCS,120
BRU-WIP-100933-SET+GS2212,SET,2290
BRU-WIP-928,PCS,1550
BRU-WIR-7WB,PCS,700
"BRU-WIR-BRA-5""",PCS,550
"BRU-WIR-BRA-7""",PCS,1200
"BRU-WIR-SET-ATB-7""",SET,410
BRU-WIR-STE105,PCS,200
BULB-CAR-HALOGEN-H1,PCS,800
BULB-CAR-HALOGEN-H3,PCS,700
BULB-TUNGSRAM-40W,PCS,300
BULB-TUNGSRAM-60W,PCS,400
BUL-FFL-100W-B22-FROST,PCS,310
BUL-FFL-100W-E27-FROST,PCS,310
BUL-FFL-25W-E27-FROST,PCS,310
BUL-FFL-40W-B22-FROST,PCS,310
BUL-FFL-40W-E27-FROST,PCS,310
BUL-FFL-60W-B22,PCS,200
BUL-FFL-60W-B22-FROST,PCS,310
BUL-FFL-60W-E27,PCS,200
BUL-FFL-60W-E27-FROST,PCS,310
BURR-CAR-T.C.T-AX1020,PCS,3950
BURR-CAR-T.C.T-AX1225,PCS,4860
BURR-CAR-T.C.T-CX1020,PCS,3950
BURR-CAR-T.C.T-CX1225,PCS,4860
BURR-CAR-T.C.T-FX1020,PCS,3990
BURR-CAR-T.C.T-FX1225,PCS,4860
BURR-CAR-T.C.T-HX1025,PCS,3950
BURR-CAR-T.C.T-HX1232,PCS,4890
BURR-CAR-T.C.T-LX1025,PCS,3950
BURR-CAR-T.C.T-LX1228,PCS,4860
BURR-ROT-MB009,SET,4790
"BUS-NYL-W/BOL-1 1/4""",PCS,390
"BUS-NYL-W/BOL-2 1/2""",PCS,1050
"BUS-NYL-W/BOL-3 1/2""",PCS,1190
BUT-NUL-ANC-BH02,PCK,450
BUT-NUL-ANC-METAL-MB0830,PCK,220
BUT-STOP-0201,PCS,950
BUZ-WIR-DIA-24V,PCS,1600
C-#3-PC,PCS,0
C01-1-220193,PCS,0
C-0426JLQ,PCS,0
"C-3""-PC",PCS,0
CAB-BAT-120AMPX100FTS,FTS,750
CAB-CLI-ROU-NAI,PCK,490
CAB-CON-70MM,PCS,600
CAB-CON-95MM,PCS,800
CAB-COO,MTR,250
CAB-LUG-01.5-5,PCK,380
CAB-LUG-04-6,PCK,490
CAB-LUG-06-6,PCK,730
CAB-LUG-100,PCS,600
CAB-LUG-10-8,PCK,650
CAB-LUG-120,PCS,650
CAB-LUG-150,PCS,950
CAB-LUG-200,PCS,1400
CAB-LUG-25-8,PCK,590
CAB-LUG-300,PCK,590
CAB-LUG-3001,PCS,2700
CAB-LUG-300AMP,PCK,590
CAB-LUG-325,PCS,2900
CAB-LUG-400AMP,PCK,790
CAB-LUG-500,PCK,1090
CAB-LUG-500AMP,PCK,1090
CAB-LUG-BRASS-200AMP,PCK,590
CAB-LUG-E600,PCS,6500
CAB-PVC-FLE-CON-20MM,MTR,100
CAB-PVC-FLE-CON-20MM-ECO,MTR,150
CAB-PVC-FLE-CON-25MM,MTR,130
CAB-PVC-FLE-CON-25MM-ECO,MTR,270
CAB-SAN-SWBC-SS6411,SET,49900
CAB-SAN-SWBC-SS6615,SET,74900
CAL-AS288R,UNIT(S),0
CALL-BELL-K0753,PCS,1000
CAN-BIG,PCS,1000
CAN-JER-40015,PCS,2790
CAN-JER-40018,UNIT,4490
CAN-JER-40020,PCS,4690
CAN-JER-40025,PCS,5490
CAN-JER-4200,PCS,790
CAN-JER-4203,PCS,2690
CAN-JER-4205,PCS,4290
CAN-JER-4206,PCS,4690
CAN-SMALL,PCS,500
CAP-01.2UF-400V-BD,PCS,320
CAP-01.5UF-415V-CBB61,PCS,350
CAP-01.8UF-400V,EA,380
CAP-02.0UF-400V,EA,390
CAP-02.5UF-415V-CBB61,PCS,430
CAP-03.00UF-440V,EA,540
CAP-13UF-450V,PCS,4290
CAP-15UF-240V,PCS,1200
CAP-40UF,UNIT,4800
CAP-6.5UF-240V,PCS,400
CAP-CD60-250V,PCS,2000
CAR-ARMOR-PROTECT,PACK,2450
CAR-AUTO-WAX-BLUJAY,TIN,3390
CAR-BRU,SET,4500
CAR-BRU-875883,PAIR,1790
CAR-CARPET,FTS,3300
CAR-CLE-KIT-BDA023,SET,0
CAR-CLE-WHEEL,BTL,2250
CAR-COAT-WAX-500ML,PCS,3980
CAR-COO-GRN-500ML,EA,990
CAR-COO-RED-500ML,PCS,850
CAR-ENG-CLEA-DEG-500ML,PCS,2490
CAR-GLA-500ML,BTL,2590
CAR-GLA-CLE-500ML,PCS,1490
CAR-HIT-HP-CB 999021,PCS,1230
CAR-HIT-HP-CB999021,SET,1750
CAR-HIT-HP-CB999041,PCS,1750
CAR-HIT-HP-CB999067,PCS,1750
CAR-KEY-EPINA-DENKI,PCS,4300
CAR-LOC-8109,PCS,6790
CAR-LOC-EAGLE,PCS,10660
CAR-MET-CRYST-WAX-200ML,PCS,2290
CAR-MULT-CLEA-500ML,BTL,2590
CAR-PERFUME-301451300,PCK,1600
CAR-PERFUME-E300864801,PCK,1250
CAR-PERFUME-E300865301,PACK,1250
CAR-PERFUME-E300865800,PACK,1250
CAR-PERFUME-E300868203,PCK,1600
CAR-PERFUME-E300868505,PACK,1600
CAR-PERFUME-E300878700,PACK,650
CAR-PERFUME-E300878900,PACK,650
CAR-PERFUME-E300881201,PACK,650
CAR-PERFUME-E300887500,PCK,800
CAR-PERFUME-E300888003,PCK,800
CAR-PERFUME-E300888301,PACK,800
CAR-PERFUME-E300888500,PCK,800
CAR-PERFUME-E300888702,PCK,800
CAR-PERFUME-E300888902,PACK,800
CAR-PERFUME-E300889100,PACK,800
CAR-PERFUME-E300909802,PCK,800
CAR-PER-WAX-BERRY,PCS,990
CAR-PER-WAX-FLO,PCS,990
CAR-PER-WAX-JAS,PCS,990
CAR-PER-WAX-JASMINE,PCS,760
CAR-PER-WAX-LAV,PCS,990
CAR-PER-WAX-LAVENDER,PCS,760
CAR-PER-WAX-LEM,PCS,990
CAR-PER-WAX-LEMON,PCS,760
CAR-PER-WAX-LIM,PCS,990
CAR-PER-WAX-LIME,PCS,760
CAR-PER-WAX-SIL-MUS,PCS,990
CAR-PER-WAX-STR,PCS,990
CAR-PER-WAX-STRAWBERRY,PCS,760
CAR-PER-WAX-VEL-MUS,PCS,990
"CAR-PLI-BS-230218-8""",PCS,2750
CAR-PRO-BLUJAY,TIN,3390
CAR-RAIN-FLY-200ML,UNIT,2590
CAR-RAIN-ON-BLUJAY,TIN,3390
CAR-TYRE-SHI-BLU-500ML,BTL,1990
CAR-TYRE-SHI-SHA-TWIN-PCK-500M,PCS,2090
CAR-TYRE-SHI-SHA-TWIN-PCK-500ML,PCS,2090
CAR-TYRE-SHI-WHI-500ML,BTL,1930
CAR-WAS-1L,PCS,980
CAR-WAS-500ML,PCS,630
CAR-WAS-SHAM-BDA002,PCS,1750
CAR-WAS-SHI-1L,PCS,1550
CAR-WAS-SHI-500ML,PCS,880
CAR-WAS-SNOW-1L,PCS,1790
CAR-WAS-SNOW-500ML,PCS,990
CAR-WAS-WAX-1000ML,BTL,1050
CAR-WAS-WAX-500ML,BTL,590
CAR-WAX-ANT-CLO,PCS,4150
CAR-WAX-ANT-REPELL,PCS,2690
CAR-WAX-ARMOR-500ML,SET,2490
CAR-WAX-ATD,PCS,3990
CAR-WAX-DIS,PCS,2590
CAR-WAX-DRA-DC,PCS,2450
CAR-WAX-DSL,PCS,2490
CAR-WAX-GLA-STA-REM-250ML,PCS,1390
CAR-WAX-LUX-SHI-LOT,PCS,2690
CAR-WAX-LV-OIL,PCS,2980
CAR-WAX-M1000CS,BTL,690
CAR-WAX-MOS-CLE,PCS,2390
CAR-WAX-MTS1,BTL,1990
CAR-WAX-RAT-REPELL,PCS,2750
CAR-WAX-REPELL,PCS,2680
CAR-WAX-RP,PCS,2590
CAR-WAX-SEA-CAR-250ML,BTL,1290
CAR-WAX-SHA-MOT-500ML,BTL,990
CAR-WAX-STA-OFF-STI,PCS,2850
CAR-WAX-STA-STE-SHI,PCS,2390
CAR-WAX-UV-PROTEC,BTL,2250
CAR-WAX-WACIC,BTL,1100
CAR-WAX-WAGP600,BTL,1890
CAR-WAX-WAS-PRE-1L,PCS,1590
CAR-WAX-WAS-PRE-500ML,PCS,890
CAR-WAX-WAS-SHA,PCS,2150
CAR-WAX-WC,PCS,1890
CAR-WAX-WCLL,BTL,2350
CAR-WAX-WCS1000P,SET,1460
CAR-WAX-WCS2,PCS,1290
CAR-WAX-WHTS500,BTL,1680
CAR-WAX-WIPER-BLADE,BTL,1690
CAR-WAX-WL530,UNIT,1680
CAR-WAX-WMC125,UNIT,950
CAR-WAX-WMCT200,BTL,1470
CAR-WAX-WMW320P,PCS,2450
CAR-WAX-WPLC125,BTL,960
CAR-WAX-WRC500,UNIT,790
CAR-WAX-WTR125,UNIT,870
CAR-WAX-WTR550,PCS,1680
CAR-WAX-WTRC-G,PCS,890
CAR-WAX-WTRC-R,PCS,890
CAR-WAX-WWS1000P,SET,1150
CAR-WAX-WWS2000,SET,1850
CAR-WIN-WIP-120ML,EA,450
CAR-WIN-WIP-350ML,PCS,920
CB5,UNIT(S),0
CEI-BOA-PIN,PCS,1550
CEI-COR-313G,NOS,2790
CEI-COR-314D,NOS,2790
CEI-COR-314G,NOS,2590
CEI-COR-C233,PCS,1090
CEI-COR-C235`,PCS,1090
CEI-COR-C239,PCS,1090
CEI-COR-C239B,PCS,2990
CEI-COR-C255`,PCS,950
CEI-COR-C311,PCS,950
CEI-COR-C313`,PCS,950
CEI-COR-C314`,PCS,950
CEI-COR-C330,PCS,950
CEI-COR-C580b,PCS,990
CEI-COR-C825,PCS,950
CEI-COR-C920,PCS,960
CEI-COR-CB4,PCS,2200
CEI-COR-COR-C235b,PCS,2990
CEI-COR-COR-C239G,PCS,2990
CEI-COR-COR-C580b,PCS,2590
CEI-COR-CP10,PCS,5990
CEI-COR-CP13,PCS,6500
CEI-COR-CP17,PCS,6500
CEI-COR-CP239,PCS,6290
CEI-COR-CP3,PCS,5990
CEI-COR-CP47,PCS,6500
CEI-COR-CP7,PCS,4990
CEI-COR-CP8,PCS,4990
"CEI-COR-MAN-ALU-24""",PCS,5000
CEI-COR-SBC012A,PCS,950
CEI-COR-SBC012E,PCS,950
CEI-COR-SBC034B,PCS,950
CEI-COR-SBL012,PCS,950
CEI-COR-SBL027,PCS,950
CEI-COR-SBL034,PCS,950
CEI-COR-SBL042,PCS,950
CEI-COR-SCP143,PCS,6600
CEI-COR-SP11,SET,19500
CEI-COR-SPC1,PCS,4600
CEI-FRA-30MM,PCS,290
CEI-FRA-32MM-GI,PCS,420
CEI-FRA-9MM-GI,PCS,245
CEILING-FRAME-35MM,PCS,350
"CEI-PIL-10""",SET,22500
CEI-ROSE-408A-131-CR3,PCS,220
CEL-PLK-BOSE,UNIT(S),2075
CEMENT-TRAY,PCS,390
CER-COR-C255B,PCS,2790
CFSFB,BOX,0
CFSFBLE9-511WFCOM-FROM,BOX,0
CHA,UNIT(S),0
CHA-ANI-6FT-20,PCS,450
CHA-ANI-6FT-25,PCS,550
CHA-ANI-6FT-30,PCS,690
CHA-ANI-6FT-35,PCS,750
CHA-ANI-6FT-40,PCS,790
CHA-ANI-6FT-45,PCS,990
CHA-BAT-MKX-BATTERY-15A-A,UNIT,18900
CHA-BBE4-EV,PCS,5000
CHA-BLO-CHI-1.5TON-2.5M,PCS,19900
CHA-CAP-ROU-EXT-16MM,PCK,130
CHA-CAP-ROU-EXT-19MM,PCK,180
CHA-CAP-ROU-EXT-22MM,PCK,220
CHA-CAP-ROU-EXT-25MM,PCK,230
CHA-CAP-SQU-EXT-19MM,PCK,220
CHA-CAP-SQU-EXT-25MM,PCK,230
CHA-CAP-SQU-INT-16X51MM,PCK,820
CHA-FIR-STARTER-NT-20708,BOX,990
CHA-GAL-3MM,KGS,1090
CHA-GAL-5MM,KGS,990
CHA-GAL-6MM,KGS,1150
CHA-GAL-8MM,KGS,1190
CHA-GAL-9MM,KGS,1190
CHA-JT4808-BLACK,PCS,2880
CHA-LAZ-YLC268,PCS,0
CHA-LUB-HD500-400ML,TIN,1980
CHA-MKX-2026,PCS,2490
CHA-PLA-TSP-2173,PCS,2700
CHA-PVC-BEL-G6MM,MTR,370
CHA-PVC-BEL-R6MM,MTR,370
CHA-PVC-BEL-Y6MM,MTR,370
CHA-PVC-RED0625,ROLL,5940
CHA-PVC-RED0625-MTR,MTR,330
CHA-PVC-YEL0625,ROLL,5943
CHA-PVC-YEL0625-MTR,MTR,330
CHAR-SPRA-EDC,PCS,5300
CHA-SAW-967-06-80-01,UNIT,69500
"CHA-SAW-CHA-6""",PCS,1790
CHA-SAW-CHA-IETO,PCS,2800
"CHA-SAW-CHAIN-3610-14""",PCS,5700
"CHA-SAW-CHAIN-3610-16""",PCS,6300
"CHA-SAW-CHAIN-3610-18""",PCS,6900
"CHA-SAW-CHAIN-3652-25""",PCS,8800
"CHA-SAW-CHAIN-381-25""",PCS,8800
CHA-SAW-DRI-21V,SET,26500
CHA-SAW-HYU-HCS5216,UNIT,64900
CHA-SAW-HYU-HCS5218,UNIT,67900
CHA-SAW-IETO-HD1012,SET,7950
CHA-SAW-IETO-HD3012,SET,6900
CHA-SAW-KEY,PCS,790
CHA-SAW-PLU-17X19,PCS,560
CHA-SAW-STIHL-MS162,UNIT,79800
CHA-SAW-STIHL-MS172,UNIT,88900
CHA-SAW-STIHL-MS230,UNIT,108900
CHA-SID-L/829B,PCS,2350
CHA-STO-COL-GLE76,PCS,890
CHA-STO-GHO1996,PCS,690
CHA-STO-LAI-8002,PCS,750
CHA-UMA-BAT-SPRY,PCS,3800
CHA-YZ CND 2590,PCS,1300
CHE-BRA-SSO-100ML,BOT,2150
CHE-DEG-25L,DRUM,23000
CHE-DEG-AIR-CON-50660360,CAN,2890
CHE-DEG-WAT-BAS-50630450,CAN,2250
CHE-ELEC-CON-CLEA,CAN,2350
CHE-ELE-CLE-HD390,TIN,3080
CHE-GRE-HD600-400ML,TIN,1690
CHE-LUB-GLO-450ML,PCS,690
CHE-LUB-HD250-400ML,CAN,2550
CHE-LUB-HD4D-120ML,TIN,690
CHE-LUB-HD4D-200ML,TIN,790
CHE-LUB-HD4D-400ML,TIN,1290
CHE-LUBRI-SILICONE,CAN,2380
CHE-MUL-LUBRI-N10,CAN,1480
CHE-NTR-WD40-277ML,CAN,2080
CHE-WHI-LITH-GREA,CAN,2080
CHI-15104-50,PCS,1320
CHI-15104-75,PCS,2290
CHI-15105-50,PCS,1490
CHI-15105-75,PCS,2490
CHI-BIR-CUP,PCS,290
CHI-FEE-SML-NCI24012,PCS,2190
CHI-FOO-4712P,PCS,890
CHI-WAT-1GAL-6301,SET,1190
CHI-WAT-2554PE,PCS,690
CHI-WAT-2GAL-6302,SET,1690
C-HJ168,PCS,0
CHO-KHI-CP280,SET,17300
CHR-STO,PCS,0
CIMA-1618/L/24W/G,SET,10500
CIMA-1618/L/24W/H,SET,10500
CIMA-2648,SET,14500
CIMA-2822-66-96W,SET,9500
CIMA-2932/1,SET,14200
CIMA-2933/2,SET,14200
CIMA-5864/L/24W,SET,6900
CIMA-5867/L/24W,SET,6500
CIMA-CIR-L-36W-CIE-DL,SET,2290
CIMA-CIR-L-48W-CIE-DL,SET,3500
CIMA-DL-L/199Y/RND/18W/SEN/840,SET,1690
CIMA-DL-L/D05/RND/18W/DL,SET,1690
CIMA-DL-L/SC48/RND/18W/DL-6500,SET,1880
CIMA-DL-L/SC48/RND/18W/DL-6500K,SET,1880
CIMA-DL-L/SC48/SQ/18W/DL,SET,1880
CIMA-DL-L/SC61865R/18W/DL,SET,2850
CIMA-DL-L/SC61865S/18W/DL,SET,2950
CIMA-DL-L-199Y-RND-12W-CIE-DL,SET,1190
CIMA-DL-L-199Y-RND-18W-CIELO-D,SET,1690
CIMA-DL-L-199Y-RND-18W-CIELO-DL,SET,1690
CIMA-DL-L-4111-RND-12W-SEN-840,SETS,1790
CIMA-DL-L-SC40F-12W-DL,SET,1650
CIMA-HY-C003/L/32W,SET,7200
CIMA-HY-C007/L/32W,SET,7200
CIMA-HY-C008/L/32W,SET,7200
CIMA-SD-L/200Y/24W/WH/3C,SET,3990
CIMA-SD-L/200Y/36W/WH/3C,SET,5350
CIMA-SD-L/SC192Y/24W/WH/DL,SET,4390
CIMA-SD-L-SC191F-18W-WH-DL,SET,2950
CIMA-TAB-LAM-203B/BK,SET,2790
CIMA-TAB-LAM-203B/WH,SET,2790
CIR-BRE-MCB-10A,PCS,400
CIR-BRE-MCB-10A-2,PCS,1500
CIR-BRE-MCB-15A,PCS,1500
CIR-BRE-MCB-20A,PCS,600
CIR-BRE-MCB-20A-2,PCS,1500
CIR-BRE-MCB-30A,PCS,600
CIR-BRE-MCB-40A,PCS,1500
CIR-BRE-MCB-40A-2,PCS,600
CIR-BRE-MCB-50A,PCS,600
CIR-BRE-MCB-50A-2,PCS,1500
CIR-BRE-MCB-60A,PCS,600
CIR-BRE-MCB-6A,PCS,600
CIR-MCB-MEM-10A,PCS,1000
CIR-MCB-MEM-40A,PCS,1000
CIS-HAN-042B#L/L,PCS,1180
CIS-HAN-BRA-ROD,PCS,690
CIS-HAN-METAL-L/L-00531G,PCS,1480
CIS-HAN-PVCH/L,PCS,490
CIS-HAN-PVCL/L,PCS,540
"CLA-SAD-50X1""",PCS,990
"CLA-SAD-63X3/4""",PCS,990
CLI-BAT-CLI-0025AMP,SET,250
CLI-BAT-CLI-0050AMP,SET,350
CLI-BAT-CLI-0100AMP,SET,930
CLI-BAT-CLI-200AMP-54101200,SET,2490
CLI-ELE-CAB-04MM100'S,BOX,240
CLI-ELE-CAB-05MM100S,BOX,290
CLI-ELE-CAB-06MM100S,BOX,310
CLI-ELE-CAB-07MM,BOX,320
CLI-ELE-CAB-08MM100S,BOX,370
CLI-ELE-CAB-09MM100'S,BOX,380
CLI-ELE-CAB-10MM100'S,BOX,430
CLI-ELE-CAB-18MM40S,BOX,620
CLI-ELE-CAB-20MM100'S,BOX,630
CLI-ELE-CAB-25MM30'S,BOX,750
CLI-ELE-CAB-SPR-25MM,PCK,750
CLI-ELE-CAB-SPR-U18-20MMTC,PCS,0
CLI-HOS-13-19,PCS,180
CLI-HOS-13-23,PCS,180
CLI-HOS-16-25,PCS,180
CLI-HOS-32X35,PCS,350
CLI-HOS-36X39,PCS,360
CLI-HOS-40X43,PCS,370
CLI-HOS-44X47,PCS,380
CLI-HOS-48X51,PCS,390
CLI-HOS-52X55,PCS,400
CLI-HOS-56X59,PCS,410
CLI-HOS-60X63,PCS,450
CLI-HOS-68X73,PCS,550
CLI-HOS-74X79,PCS,560
CLI-HOS-80X85,PCS,570
CLI-HOS-86X91,PCS,590
CLI-HOS-92X97,PCS,610
CLI-HOS-98X103,PCS,620
"CLI-HOS-GP-1""",PCS,140
"CLI-HOS-GP-1.1/2""",PCS,180
"CLI-HOS-GP-1/2""",PCS,100
"CLI-HOS-GP-2""",PCS,190
"CLI-HOS-GP-2.1/2""",PCS,220
"CLI-HOS-GP-2.1/4""",PCS,200
"CLI-HOS-GP-2.3/4""",PCS,230
"CLI-HOS-GP-3""",PCS,250
"CLI-HOS-GP-3.1/2""",PCS,260
"CLI-HOS-GP-3/4""",PCS,120
"CLI-HOS-GP-5""",PCS,340
"CLI-HOS-GP-5/8""",PCS,110
"CLI-HOS-GP-6""",PCS,370
"CLI-HOS-GP-7/8""",PCS,130
CLI-HOS-JC003,PCS,50
CLI-HOS-ORB-00,PCS,160
CLI-HOS-ORB-000,PCS,140
CLI-HOS-ORB-0X,PCS,200
CLI-HOS-ORB-1,PCS,190
CLI-HOS-ORB-1A,PCS,130
CLI-HOS-ORB-1X,PCS,220
CLI-HOS-ORB-2A,PCS,240
CLI-HOS-ORB-2X,PCS,260
CLI-HOS-ORB-3,PCS,200
CLI-HOS-ORB-3X,PCS,220
CLI-HOS-ORB-4X,PCS,300
CLI-HOS-ORB-M00,PCS,160
CLI-HOS-ORB-TS-00,PCS,220
CLI-HOS-ORB-TS-M00,PCS,210
CLI-HOS-PVC-13-23,PCS,190
CLI-MET,PCK,550
CLIP-TIL-PVC-1.5MM,PACK,790
CLIP-TIL-PVC-2.0MM,PACK,790
CLIP-TIL-PVC-2.5MM,PACK,790
CLI-SPE-TER-FEM,PCK,360
CLI-SPE-TER-MAL,PCK,360
CLO-SHRT-1094L-14,PCS,2490
CLO-SHRT-1094L-15,PCS,2490
CLO-SHRT-1094L-16,PCS,2490
CLO-SHRT-1094L-16.5,PCS,2490
CLO-SHRT-1094L-17,PCS,2490
CLP-PVC06DGT,PCS,4990
CO2-CYL,UNIT,35900
COC-2WAY-LUX-LM8879,PCS,1390
COC-2WAY-LUX-LTS8615,PCS,1490
COC-2WAY-LUX-LTS8616/8716,PCS,2290
COC-BAL-05452,PCS,1680
COC-BAL-2WAY-05417,PCS,3890
COC-BAL-ITA-12MM,PCS,1870
COC-BAL-L602,PCS,1650
COC-BAL-L908,PCS,2890
COC-BAL-MMAN-619,PCS,1590
COC-BAL-M'MAN-G5,PCS,1920
COC-BAL-SAN-CKT1512,PCS,3490
COC-BAL-VIP-318-SS12MM,PCS,2690
COC-BAL-VIP-319-SS18MM,PCS,2880
COC-BAS-CVL-2056,PCS,3950
COC-BAS-CVL-6065,PCS,3090
"COC-BASIN-K400C-1/2""",PCS,3050
"COC-BASIN-K400L-1/2""",PCS,2390
"COC-BASIN-K400M-1/2""",PCS,3390
COC-BASIN-LUX-LT9514,PCS,3290
COC-BAS-L277,PCS,3600
COC-BAS-L533,PCS,5800
COC-BAS-L9378,PCS,2430
COC-BAS-SRTWT2207,PCS,14800
COC-BAS-SRTWT5841-RG,PCS,19900
COC-BAS-SRTWT7445,PCS,17500
COC-BAS-SRTWT7445-BLK,PCS,18800
COC-BAS-SRTWT7447-RG,PCS,24500
COC-BAS-SSS-L233,PCS,11900
COC-BAS-SSS-LSS101,PCS,3190
COC-BAS-SSS-LSS103,PCS,5390
COC-BAS-TAP-2008A,PCS,2490
COC-BIB-5599,PCS,2790
COC-BIB-C012,PCS,1290
COC-BIB-C018,PCS,1500
COC-BIB-CA3041,PCS,2490
COC-BIB-CA3092,PCS,2190
COC-BIB-CVL-CA705,PCS,1650
COC-BIB-DOU-5599,PCS,3590
COC-BIB-FAU-VAL-989,PCS,740
COC-BIB-L122,PCS,3000
COC-BIB-LION-12MM,PCS,1750
COC-BIB-LION18,PCS,2290
COC-BIB-LT8519-2WAY-K2B,PCS,4590
COC-BIB-LUX-K2B-LT8513,PCS,2650
COC-BIB-LUX-LT8513,PCS,2650
COC-BIB-LUX-LT9511,PCS,4390
COC-BIB-MMAN-SS-#716,PCS,2650
COC-BIB-PVC-18MM,PCS,520
COC-BIB-PVC-3007,PCS,390
COC-BIB-PVC-3009,PCS,240
COC-BIB-PVC-SY12MM,PCS,230
COC-BIB-SM2008BUBBT-1/2,PCS,1590
COC-BIB-SRTWT2214,PCS,15900
COC-BIB-SRTWT2215,PCS,7600
COC-BIB-SRTWT2216,PCS,7500
COC-BIB-SZW-12MM,EA,1420
COC-BIB-T805B,PCS,250
COC-BIB-TZ320L,PCS,1490
COCK-KILL-XINHE,PCK,90
COC-PVC-3325,PCS,460
COC-PVC-J2,PCS,300
COC-PVC-SOW-SWL-31,PCS,1390
COC-SIN-DOU-TY6688P,PCS,8950
COC-SIN-DOU-TY6688W,PCS,8950
COC-SINK-K505C,SET,3590
COC-SINK-K505L,SET,2550
COC-SINK-K505L-WALL,SET,2290
COC-SINK-LUX-K2B-LT8512,PCS,4150
COC-SINK-TWN-LUX-8518B,PCS,9950
COC-SINK-TWN-LUX-K2B8510B,PCS,12800
COC-SINK-TWN-LUX-LM-8866,PCS,9950
COC-SINK-TWN-LUX-LT8510B,PCS,13250
COC-SIN-SRTKT1831SS,PCS,23500
COC-SIN-SRTKT1832SS,PCS,18900
COC-SIN-SRTKT1843SS,PCS,18900
COC-SIN-SRTWT5812,PCS,38900
COC-SIN-SRTWT5813,PCS,39900
COC-SIN-SRTWT5848-RG,PCS,21900
COC-SOR-SRTWT2201,UNIT,12500
COC-SOR-SRTWT2203,UNIT,12500
COC-SOR-SRTWT5827,UNIT,25900
COC-SOR-SRTWT9706,PCS,44900
COC-STO-B1198,PCS,5490
COC-STO-C012,PCS,1850
COC-STO-C018,PCS,2350
COC-STO-JOP-2SC01W,PCS,950
COC-STO-JOP-SC01W-15MM,PCS,620
COC-STO-PVC-12MM,EA,320
COC-STO-PVC-18MM,EA,650
COC-STO-RA2T-G511B,PCS,980
COC-STO-RA2W-G501B,PCS,1530
COC-STO-RA-G501B,PCS,750
COC-STO-SAN-SWSC1011,PCS,7500
COC-STO-SAN-SWSC1012,PCS,7600
COC-VAL-LUX-LT8515,PCS,2500
COM-AIR-AB2.5HPOF,UNIT,72900
COM-AIR-AB3.0HPOF,UNIT,92800
COM-AIR-ACO-AC24L,UNIT,56900
COMPANY USE,UNIT(S),0
COMPRESSOR-ABKS-AB3.0HP-100L,UNIT,179900
COMPRESSOR-AIRBANK-AB1.5HP,UNIT,57500
COMPRESSOR-AIRBANK-AB2.5HP,UNIT,64900
COMPRESSOR-AIRBANK-AB3.0HP,UNIT,79800
CON-CAB-600A,PCS,2700
CON-CAB-BOO-500AMP,PCS,3350
CON-CAB-BOO-600AMP,SET,3080
CON-CAB-BOO-800AMP,SET,4250
CON-CAB-CLAMP-600AMP,PCS,990
CON-CAB-LUG-300AMP,PCK,600
CON-CAB-LUG-400AMP,PCK,700
CON-CAB-LUG-500AMP,PCK,900
CON-GS-16-25,PCK,1000
CON-GS-16-50,PCK,1850
CON-JOI-BRA,PCS,530
CON-K-1218-YEL,PCS,750
CON-K-1525-BLU,PCS,1090
CON-K-1525-RED,PCS,1090
CON-K-1525-YEL,PCS,1090
CON-K-2035-BLU,PCS,1490
CON-K-2035-RED,PCS,0
CON-K-2035-YEL,PCS,1490
CON-LVR-FR3001,PCS,1400
CON-STR-OFFSET-1034,PCS,1200
"CON-STR-OFFSET-2""",PCS,1290
CON-TAI-MAL-C50L,UNIT,24000
CONT-IND-WIN,PCS,2600
"COP-GRA-3/4""",PCS,189
COP-ROD,ROLL,1274
COP-ROD-LOC-12MMX5FT,PCS,2190
COVER-385022-03N,PCS,3200
COVER-GL5530-90555446,PCS,3600
COV-HAR-JM-334,PCS,770
COV-HAR-SIC-FS-916,PCS,1550
COV-HAR-SIC-JM-228,PCS,990
COV-JAC-L/B-2XL,PCS,5290
COV-JAC-L/B-L,PCS,5290
COV-JAC-L/B-M,PCS,5290
COV-JAC-L/B-XL,PCS,5290
COV-JAC-RED-2XL,PCS,5290
COV-JAC-RED-L,PCS,5290
COV-JAC-RED-M,PCS,5290
COV-JAC-RED-XL,PCS,5290
COV-PVC-50MM,PCS,160
COV-PWPC-1-HD-T,PCS,1390
COV-RAL-RED-2XL,PCS,7800
COV-RAL-RED-M,PCS,7800
COV-RED-M,PCS,7800
COV-RED-XXL,PCS,7800
COV-TAN-LID,PCS,750
CP-0471B,PCS,0
CR-1220/5BE,PCS,750
CRO-BAR-HOO,PCS,0
CT-DOL3022,PCS,0
CUT-240V-WTC,PCS,1000
CUT-BLA-ALUM-BA7580,PCS,5690
CUT-BLA-DT3676,PAIR,3850
CUT-BLA-ECL-1218T,PCS,480
CUT-BLA-ECL-1224T,PCS,480
CUT-BLA-ECL-2510T14,PCS,4250
CUT-BLA-ECL-2514T14,PCS,4250
CUT-BLA-ECL-6IN,PCS,150
CUT-BLA-IRWIN-10504234,PCS,690
CUT-BLA-LB39H,PCS,160
CUT-BLA-LB50H-18MM,BOX,1850
"CUT-BLA-M'MAN-F1X4""",PCS,1580
"CUT-BLA-M'MAN-F2X4""",PCS,1590
"CUT-BLA-M'MAN-F3X4""",PCS,1590
CUT-BLA-STA-18MM-9920113011,PKT,1690
CUT-BLA-STA-9MM-9920113001,PKT,1450
CUT-BLA-STA-IRWIN-842089100,SET,1990
CUT-BLA-WOO-15030T,PCS,820
CUT-BLA-WOO-15040T,PCS,890
CUT-BLA-WOO-KNI10530T,PCS,1590
CUT-BLA-WOO-KNI10540T,PCS,1750
CUT-CHI-JM-30-3,PCS,3190
CUT-CHI-JM-30-4,PCS,4290
CUT-CHI-JM-30-5,PCS,5150
CUT-CIR-30-120MM,SET,2350
CUT-DEW-DW4724,PCS,2750
CUT-DEW-DW4724UT,PCS,2890
CUT-DEW-DW4785,PCS,2090
CUT-DEW-DW4790,PCS,1690
CUT-DIS-26032-RC1500,PCS,2150
CUT-DIS-41WA-107X1.0X16-GRN,PCS,110
"CUT-DIS-AKODA-4""-A1",PCS,1630
"CUT-DIS-AKODA-4""-A4",PCS,3550
"CUT-DIS-AKODA-4""-A6",PCS,3680
"CUT-DIS-AKODA-4""-A7",PCS,2790
"CUT-DIS-AKODA-4""-D1",PCS,2990
"CUT-DIS-AKODA-4""-D3",PCS,3650
CUT-DIS-ARC02,PCS,2590
CUT-DIS-ARC06,PCS,2590
CUT-DIS-B04-FN03S(6027),PCS,2490
CUT-DIS-B07-F1GP-180,PCS,3790
CUT-DIS-B07-F2GP-180,PCS,4880
CUT-DIS-CHHC-1001,BOX,3190
CUT-DIS-CNS-BLK,PCS,1490
CUT-DIS-DC-UW-S500,PCS,1850
CUT-DIS-GRI-ELE-100MM,PCS,220
CUT-DIS-GRI-TKS-100MM,PCS,200
CUT-DIS-HIT-100MM2MM,PCS,260
CUT-DIS-HIT-100X1MM,PCS,270
CUT-DIS-HIT-100X2MM,PCS,270
CUT-DIS-HIT-14X25.4MM,PCS,1690
CUT-DIS-HIT-16X25.4MM,PCS,2040
CUT-DIS-HIT-4X1MM,PCS,425
CUT-DIS-HIT-7X22MM,PCS,745
"CUT-DIS-HIT-CUT-4 1/2""",PCS,400
CUT-DIS-HIT-FLE-4X6MM,PCS,390
"CUT-DIS-HIT-GRI-4 1/2""",PCS,400
CUT-DIS-HIT-GRI-4X6MM,PCS,370
CUT-DIS-HIT-GRI-5X6MM,PCS,462
CUT-DIS-HIT-GRI-6X6MM,PCS,632
CUT-DIS-HIT-GRI-7X6MM,PCS,745
CUT-DIS-KCW-100,PCS,120
CUT-DIS-KCW-350,PCS,1480
CUT-DIS-MARK-00900,PCS,1990
CUT-DIS-MARK-01600,PCS,2890
CUT-DIS-MARK-12300-P024,PCS,290
CUT-DIS-MARK-12300-P036,PCS,290
CUT-DIS-MARK-12300-P060,PCS,290
CUT-DIS-MARK-12300-P080,PCS,290
CUT-DIS-MARK-12300-P120,PCS,290
CUT-DIS-MARK-12400-04G,PCS,370
CUT-DIS-MARK-12800-04C,PCS,220
CUT-DIS-MARK-12830-04C,PCS,180
"CUT-DIS-S400-4""",PCS,1980
CUT-DIS-STA4500,PCS,300
CUT-DIS-STA4510,PCS,260
CUT-DIS-STA4520,PCS,240
CUT-DIS-STE-BS-100M,PCS,120
CUT-DIS-TAI-100MM-AA60T,PCS,350
CUT-DIS-TKS-100MM,PCS,150
CUT-DIS-W2451-100,PCS,190
CUT-DIS-WOO-KNI-100MM,PCS,300
CUT-DIS-WORKER,PCS,100
CUT-DIS-YES-080#,PCS,620
CUT-DIS-YES-100#,PCS,650
CUT-DIS-YES-120#,PCS,650
CUT-ELE-EDM-4040,PCS,390
CUT-ELE-EDM-4060,PCS,390
CUT-ELE-EDM-4080,PCS,390
CUT-ELE-EDM-4100,PCS,390
CUT-ELE-EDM-41200,PCS,390
CUT-ELE-EDM-4180,PCS,390
CUT-ELE-EDM-4240,PCS,390
CUT-ELE-EFM430,PCS,260
CUT-ELE-EMC420,PCS,190
CUT-ELE-ESS410D,PCS,150
CUT-FLA-TAI-A120100,PCS,820
CUT-FLA-TAI-A60100,PCS,820
CUT-FLA-TAI-A80100,PCS,820
CUT-GLA-BLA-30590,PCS,580
CUT-GRA-SHE-JM817,PCS,3600
CUT-GRI-MJ021-100,PCS,200
CUT-GRI-W2451-180,PCS,800
CUT-HAC-SAW-510B,PCS,580
CUT-HSF-GLO-HS702,PCS,1190
CUT-HSF-GLO-HS703,PCS,1350
CUT-HSF-HAC,PCS,850
CUT-HSF-HAC-SHU,PCS,990
CUT-INS-KIT3PC,SET,1150
CUT-KIT-SCI-7PCS,SET,550
CUT-KIT-SCI-JD9290B,PCS,1150
CUT-KNI-AUK69,PCS,1990
CUT-KNI-CHE,PCS,1623
CUT-KNI-CK-25,PCS,1420
CUT-KNI-CK-X11R16,PCS,510
CUT-KNIFE,PCS,4200
"CUT-KNIFE-12""",PCS,2850
"CUT-KNIFE-12""-KWONG",PCS,3790
"CUT-KNIFE-20""",PCS,4590
"CUT-KNIFE-8""",PCS,1580
CUT-KNI-HAN-FISH TAIL,PCS,190
CUT-KNI-HOL-JM-80,PCS,3350
CUT-KNI-HOL-JM-81,PCS,3950
CUT-KNI-HOL-JM-82,PCS,3350
CUT-KNI-HX18,BOX,330
CUT-KNI-HX338,BOX,190
CUT-KNI-JM161,PCS,4450
CUT-KNI-JM71,PCS,1190
"CUT-KNI-JYMT-JM90-12""",PCS,3290
"CUT-KNI-JYMT-JM90-16""",PCS,3790
CUT-KNI-LC390,PCS,1880
CUT-KNI-LC-500B,PCS,2250
CUT-KNI-PVC-ROCKY88,PCS,200
CUT-KNI-RG335,PCS,1090
CUT-KNI-STA-DYN-18MM,PCS,2190
"CUT-KNI-STA-DYN-5.5/8""-10779-8",PCS,2990
CUT-KNI-STA-DYN-9MM-992010409,PCS,1750
CUT-KNI-STA-IRWIN-8410504248,BOX,490
CUT-KNI-V15,PCS,240
CUT-KNI-W550RP,PCS,1150
CUT-KNI-W603,PCS,750
CUT-KNI-W700RP,PCS,1590
CUT-KNI-W900RPB,PCS,1420
CUT-OFF USE-22X58-63A,PCS,700
CUT-OFF-FUS-60A-550V,PCS,700
CUT-OFF-FUS-SES-30A-250V,PCS,400
CUT-OIL-GLA,PCS,890
"CUT-PAR-16""",PCS,2390
"CUT-PAR-18""",PCS,2550
"CUT-PAR-20""",PCS,2690
"CUT-PAR-AK350-12""",PCS,1690
"CUT-PARANG-13""",PCS,2990
CUT-PAR-BM22,PCS,2050
CUT-PAR-COV-105,PCS,2890
CUT-PAR-COV-125,PCS,3090
CUT-PAR-COV-135,PCS,3290
"CUT-PAR-COV-16""",PCS,3190
CUT-PAR-COV-N18,PCS,3390
CUT-PIP-PVC-35MM,PCS,1490
CUT-PIP-PVC-AC303,PCS,1670
CUT-PIP-PVC-B163,PCS,6700
CUT-PIP-PVC-PPC-42MM,PCS,1890
CUT-PIP-PVC-VS1202,PCS,1290
CUT-PIP-STA-42MM,PCS,7650
CUT-PIP-TUB-AT4308,SET,2880
CUT-PIP-TUB-STA-3-16MM-9984930,PCS,2650
CUT-PIP-TUB-STA-3-16MM-998493033,PCS,2650
CUT-PIP-TUB-STA-3-28MM-9984930,PCS,6980
CUT-PIP-TUB-STA-3-28MM-998493020,PCS,6980
CUT-PIP-TUB-STA-DISC,CRD,1890
CUT-PIP-TUB-STA-DISC-998493019,PCS,1260
CUT-PIP-TUB-STA-DISC-9984930191,PCS,1260
CUT-PIP-W0204PVC,PCS,2150
CUT-PIP-W201APVC,PCS,2670
CUT-PLA-TIG-HAN-3020034,PCS,390
CUT-PRU-PAS-W815,PCS,2390
CUT-PVC-BIRD-HAN-NT,PCS,230
CUT-PVC-BLK-HAN-99003,PCS,220
"CUT-PVC-FIL-4""",PCS,290
"CUT-PVC-FIL-9002C-4""",PCS,520
"CUT-PVC-FIL-9002R-4""",PCS,510
CUT-PVC-PER-KNI,PCS,1180
"CUT-SAW-AP14-350-14""",PCS,2190
"CUT-SAW-ASUMA-18""",PCS,1490
CUT-SAW-BAH-14INC,PCS,5980
"CUT-SAW-BAH-20""",PCS,5500
CUT-SAW-BAH-20INC,PCS,2490
CUT-SAW-BAH-22INC,PCS,2800
CUT-SAW-BLA-C12MM,PCS,60
CUT-SAW-FRA-WS07B,PCS,390
CUT-SAW-HANDLE,PCS,710
CUT-SAW-IND-14J,PCS,280
CUT-SAW-MFS300,UNIT,21500
CUT-SAW-MINI-AMS10,PCS,750
CUT-SAW-MMAN-606#-18,PCS,1830
"CUT-SAW-M'MAN-606#-20""",PCS,1990
CUT-SAW-PM33124,PCS,3950
CUT-SAW-SET,PCS,490
CUT-SAW-SET-BLM8,PCS,4090
CUT-SAW-SM5100,PCS,480
"CUT-SAW-STA-FIB-18""",PCS,3790
"CUT-SAW-STA-FIB-20""",PCS,3950
CUT-SAW-STA-MINI-992020807,PCS,1290
"CUT-SAW-SUP-16""",PCS,1850
"CUT-SAW-SUP-18""",PCS,1950
"CUT-SAW-SUP-20""",PCS,2250
CUT-SAW-WAL-BOA,PCS,1150
CUT-SAW-WAL-BOA-2120,PCS,990
CUT-SAW-WAL-BOA-SM2098,PCS,1690
CUT-SAW-WAL-BOA-W2669,PCS,1990
CUT-SAW-WS0339C,PCS,2950
CUT-SCI-24052(S02),PCS,490
CUT-SCI-JM-315,PCS,670
CUT-SCI-JM-316,PCS,790
CUT-SCI-JM-317,PCS,920
CUT-SCI-KIT-JD-KP-1500S,PCS,950
CUT-SCI-SK5-00903H,PCS,3150
CUT-SCI-SK5-54113203,PCS,1890
CUT-SICKLE-JM22B,PCS,6490
CUT-SICKLE-JM22W,PCS,6990
CUT-STL-0835-090-7052,PCS,38000
CUT-TIL-BLI-BLA,PCS,4300
CUT-TIL-BLI-BLM800,SET,39900
CUT-TILE-AR650,SET,37500
CUT-TIL-FIX-FP007-A,BAG,2590
CUT-TIL-JTC-450MM,SET,19200
CUT-TIL-MDSI-114688,PCS,2150
CUT-TIL-NYL-2.0MM,BAG,450
CUT-TIL-NYL-2.5MM,BAG,480
CUT-TIL-NYL-3.0MM,BAG,510
CUT-TIL-NYL-4.0MM,PCK,540
CUT-TIL-NYL-5.0MM,PACK,580
CUT-TIL-RIV-450MM,SET,23500
CUT-TIL-ROC-700MM,SET,24500
CUT-TUB-BLM328,PCS,1490
CUT-TUR-BWM-100MM,PCS,1650
CUT-VEG-N8003,PCS,350
CUT-WOOD-BLA-24,PCS,150
CYIN-LOCK-101AB,UNIT,4690
CYL-LOC-EPO-C101L-ORB,SET,3980
CYL-LOC-EPO-CL011-AC,SET,5850
CYL-LOC-EPO-CL051-AC,SET,5850
DA4C,UNIt,0
"DC-1""-PC",PCS,0
DC-20V-SETS-XB,SET,186500
DC-20V-XA,SET,169500
DC-20V-XA+,SET,169500
"DC-6""-WGZ150060L",PCS,3990
DC-AR-10,PCS,1880
DC-BAT-CHA-1202,PCS,5500
DC-D03-F30,SET,8200
DC-D03-T50DC,SET,14500
DC-DCJZ03-13EK-20V,SET,99800
DC-DCJZ1202E,SET,21800
DC-DCJZ1202TB,SET,13900
DC-DCJZ2050IDE,SET,55900
DC-DCJZ2060iAM,SET,49800
DC-DCJZ23-10IEK,SET,37900
DC-DCKIT10BK,SET,97900
DC-DCKIT36BK,SET,49800
DC-DCKIT47BK,SET,89800
DC-DCKIT49BK,SET,89900
DC-DCPL04-8EK,SET,43900
DC-DCPL208AM,SET,52900
DC-DCPL208EK-20V,SET,91800
DC-DCQF32DM-02V,SET,37900
DC-DCSM03-100EK,SET,89800
DC-DCSM04-100FK,SET,101900
DC-DCZC04-24EK,SET,104900
DC-DJC23,SET,179900
DC-DJC30,SET,109900
DC-DMY02-185SH,SET,31900
DC-DQE1200/10L,SET,45500
DC-DQE1200/30L,SET,65900
DC-DQU08-160,SET,44900
DC-DSM09-100S,SET,11900
DC-DSM17-100B,SET,22900
DC-DSM21-100,SET,12900
DC-DVC12,SET,23800
DC-DZC03-28,SET,41800
DC-DZC04-28,SET,50900
DC-DZG06-6,SET,55900
DC-FFCL20-02,SET,9300
DC-FFCL20-04,PCS,23500
DC-J1G-FF02-355,SET,55800
DC-J1Z-FF-10A,SET,13900
DC-JIZ-FF02-13,SET,20500
DCJZ1202ITD,SET,26900
DC-JZ2060iEK,SET,96900
DC-M1B-FF-82X1,SET,23500
DC-M1Q-FF-65,SET,39800
DC-M1Y-FF02-185,SET,31800
DC-MCB303,SET,1190
DC-MCB64,SET,1400
DCPB488EK,SET,94900
DC-Q1B-FF-2000,SET,12900
DC-Q1F-FF-32,SET,18800
DC-Q1U-FF-160B/DQU160,SET,23900
DC-S1B-FF03-110X100,SET,16500
DC-S1P-FF02-180,SET,32500
DC-SIM-FF10-100,SET,22500
DC-Z1E-FF-110,SET,25500
DC-Z1G-FF-15,SET,104900
DC-Z1J-FF02-13,SET,17900
DC-ZC02-28-H2K,SET,145800
DC-ZIC-FF05-26B,SET,33800
DC-ZIJ-FF04-13(SET),SET,26800
DD1004-100-03,PCS,0
"DIE-ROU-1""",PCS,1690
"DIG-CAL-6""-6158",PCS,9500
DISCOUNT,UNIT(S),0
DIS-DIA-BOS-100MM,PCS,2280
DIS-DIA-DIA-100MM,PCS,630
"DIS-DIA-M'MAN-3718X4""",PCS,880
DISPLAY/SAMPLE,UNIT(S),0
"DL5SS-HOS-NIPP-1""X25MM",PCS,1070
"DL5SS-HOS-NIPP-1/2""X12MM",PCS,820
"DL5SS-HOS-NIPP-1/2""X14MM",PCS,830
"DL5SS-HOS-NIPP-3/4""X19MM",PCS,960
DL5-WAT-FIL-0942-GRY,UNIT,34900
DL5-WAT-FIL-1042/M,PCS,84900
DOE-LOC-ATLP-0910SN,SETS,13900
DOO-GLA-CLE-TEM,PCS,125000
DOO-PVC-OAK-192X72,PCS,14900
DOO-PVC-OAK-206X67.5,PCS,13500
"DOO-PVC-OAK-72""X27""",PCS,7800
"DOO-PVC-OAK-73.5""X25 3/8""",PCS,12900
"DOO-PVC-OAK-74.1/2""X28.1/4""",PCS,9300
"DOO-PVC-OAK-76.3/8""X26.5/8""",PCS,12300
"DOO-PVC-OAK-78""X26 1/4""",PCS,13500
"DOO-PVC-OAK-80""X26.3/4""",PCS,12000
"DOO-PVC-OAK-80""X27""",PCS,13900
"DOO-PVC-OAK-80.1/2""X30.6/8""",PCS,15500
"DOO-PVC-OAK-81 4/8""X27 4/8""",PCS,12900
"DOO-PVC-OAK-81""X27.1/4""",PCS,16500
"DOO-PVC-OAK-81.3/8""X26.3/4""",PCS,14500
"DOO-PVC-OAK-82 4/8""X27 4/8""",PCS,12900
"DOO-PVC-OAK-82""X25.3/4""",PCS,12900
"DOO-PVC-OAK-82""X25.5/8""",PCS,11500
"DOO-PVC-OAK-82""X28""",PCS,15600
"DOO-PVC-OAK-82""X30""",PCS,9700
"DOO-PVC-OAK-82.2/8""X32.6/8""",PCS,15500
DOO-PVC-OAK-82''X26'',PCS,13900
"DOO-PVC-TEAK-30""X82""",PCS,11200
DOOR-KYM03,PCS,87000
DOOR-WOO-NA7,PCS,33500
DOOR-WOO-NA9,UNIT,28900
DOR-4' X 4 ',SET,17900
DOR-4' X 4 '-FRAME,SET,26000
"DOR-46""X35.1/2""",SET,15800
"DOR-54""W X 82""",SET,95000
"DOR-72'WX71.7/8""",SET,0
"DOR-86""W X 82""",SET,135000
DOR-ALU-LOC-4420MB,SET,5000
DOR-ALU-LOC-NA4406,PCS,5830
DOR-ALU-LOC-NA4420,PCS,4090
DOR-ALU-LOC-VSPA-6,PCS,2790
DOR-BEA-ADG-911,PCS,2790
DOR-BEA-AGD-108/SN,PCS,3700
DOR-BELL-B698-SV,PCS,5500
DOR-BELL-CIMA-DC-6417-WHI,SET,5990
DOR-BELL-CIMA-DC-N6A-CIE-GD,SET,7350
DOR-BELL-EB3303DB,PCS,5980
DOR-BOL-KEY-SGD-9189AC,PCS,1900
"DOR-BOL-MMAN-668#-4""",PCS,450
"DOR-BOL-M'MAN-668#-6""",PCS,520
DOR-BOL-PVC,PCS,290
DOR-BOL-RAI-100M,PCS,210
DOR-BOL-RAI-150MM,PCS,270
"DOR-BOL-RAI-4""",PCS,230
"DOR-BOL-RAI-6""",PCS,280
"DOR-BOL-TOW-BLA-3""",PCS,120
"DOR-BOL-TOW-BLA-4""",PCS,140
"DOR-BOL-TOW-BLA-5""",PCS,170
DOR-CHA-SGD-216SN,PCS,2630
DOR-CLO-ELOY-E061,PCS,4690
DOR-CLO-MASTER,PCS,3990
DOR-CLO-SGD-D651,PCS,8900
DOR-CYL-ACL-2000/60MM,PCS,5490
DOR-CYL-LOC-2010-050,UNIT,3500
DOR-DEA-BOL-LEO-301AC,PCS,3450
DOR-DEA-BOL-LEO-301SS,PCS,4690
DOR-DEA-BOL-SGD261SS,PCS,3950
DOR-DEA-BOL-SGD-262SS,PCS,3950
DOR-DEA-BOL-SGD-291AC,PCS,4990
DOR-DEA-BOL-SGD-3011SS,SET,8950
DOR-DEA-BOL-SGD-763SS,PCS,1900
DOR-DEA-BOL-SGD-793AC,PCS,2390
DOR-DEA-BOL-SGD-D261,PCS,4350
DOR-DEA-BOL-SGD-D262SS,PCS,5490
DOR-DEA-BOL-SGD-D264SS,PCS,4290
DOR-DEA-BOL-SGD-D291AC,SETS,5590
DOR-DEA-BOL-SGD-D292AC,SET,5290
DOR-DEA-BOL-SMR-D261SS,PCS,3000
DOR-DEA-BOL-SMR-D291,PCS,3300
DOR-DEA-BOL-VYED-1001SS,UNIT,5490
DOR-ENT-LOC-A200ORB,SET,14500
DOR-ENT-LOC-A380AC,SET,13900
DOR-ENT-LOC-A380SS,SET,14950
DOR-FASTERNER-CF320 NA-L,PCS,1030
DOR-FASTERNER-CF320 NA-R,PCS,1030
"DOR-FLU-SGD-2106""",PCS,2390
"DOR-FLU-SGD-2108""",PCS,2590
"DOR-FLU-SGD-35612""",PCS,4230
"DOR-FLU-SGD-36606""",PCS,2350
"DOR-FLU-SGD-36608""",PCS,2290
"DOR-FLU-SGD-36610""",PCS,2990
"DOR-FLU-SGD-36612""",PCS,2750
"DOR-FRAME-2""X4""X7'-KAPOR",PCS,14900
"DOR-FRAME-2""X4""X7'-SELANGAN BA",PCS,18900
"DOR-FRAME-2""X4""X7'-SELANGAN BATU",PCS,18900
DOR-H&S-BS065MM,PCS,190
DOR-H&S-BS085MM,PCS,250
DOR-H&S-BS115MM,PCS,340
DOR-H&S-BS135MM,PCS,370
"DOR-H&S-LEO-2""",PCS,370
"DOR-H&S-LEO-3""",PCS,430
"DOR-H&S-LEO-4""",PCS,630
DOR-H&S-RAI-065,PCS,120
DOR-H&S-RAI-085,PCS,160
DOR-H&S-RAI-115,PCS,230
DOR-HAN-CF350-NA-L,PCS,410
DOR-HAN-CF350-NA-R,PCS,410
DOR-HAN-CH608-NA-L,PCS,420
DOR-HAN-CH608-NA-R,PCS,420
DOR-HAN-DK063-NA-L,PCS,650
DOR-HAN-DK063-NA-R,PCS,650
DOR-HIN-01403020,UNIT,4950
"DOR-HIN-4""X2MMX3PCS",SET,1430
DOR-HIN-A177,SET,1050
DOR-HIN-BLA-50MM,PAIR,150
DOR-HIN-BLA-65MM,PCS,190
DOR-HIN-BLA-75MM,PAIR,250
DOR-HIN-BLK-100MM,PAIR,310
DOR-HIN-BRI-050MM,PAIR,110
DOR-HIN-BRI-065MM,PAIR,130
DOR-HIN-BRI-075MM,PAIR,190
DOR-HIN-BRI-100MM,PAIR,310
"DOR-HIN-JTC-SSS-4""",SET,650
DOR-HIN-KTSS3IN1,SET,1290
DOR-HIN-SGD-DH753030,PCK,11950
DOR-HIN-SSS-25MM,SET,180
DOR-HIN-SSS-38MM,SET,210
"DOR-HIN-SSS-4""",PAIR,1930
"DOR-HIN-SSS-5""",SET,1850
DOR-HIN-SSS-50MM,SET,340
DOR-HIN-SSS-65MM,PAIR,350
DOR-HIN-SSS-75MM,PAIR,520
"DOR-HIN-SSS-ST420-4""",SET,1430
"DOR-HIN-STE-5/8""",PCS,200
"DOR-HIN-STE-CLO-5/8""",PCS,350
"DOR-HIN-T-6""",PAIR,280
DOR-HOL-818,PCS,1090
DOR-HOL-822,PCS,2190
DOR-HOL-ADS-711W/SS,PCS,1550
DOR-HOL-SGD-020SN,PCS,2500
"DOR-HOO-CLO-LEO-3""",PCS,420
DOR-INS-KIT-120MM,PCS,4550
DOR-INS-KIT-180MM,PCS,6490
DOR-INS-KIT-26095(5),SET,1590
DOR-INS-KIT3PCS,SET,1090
DOR-INS-MII-6172#,PCS,5490
DOR-KEY-SGEP-S3030/60-SN,PCS,5950
DOR-KEY-SGEP-S3535/70-SN,PCS,6650
DOR-KNO-CLEAR,PCK,250
DOR-KYM02-43-84,PCS,63000
DOR-KYM02-54-83,PCS,59000
DOR-KYM02-81.1/2,PCS,65000
DOR-LAT-ATH-120,SET,10900
DOR-LAT-B2SS,PCS,290
DOR-LAT-B3SS,PCS,340
DOR-LAT-B4SS,PCS,390
DOR-LAT-EX421,PCS,1050
DOR-LAT-SGD-861/60,PCS,1330
DOR-LEV-CYD-L6600 SN,SET,5380
DOR-LOC-2077SS,PCS,2390
DOR-LOC-4550,SET,19000
DOR-LOC-60MM,PCS,370
DOR-LOC-70MM,PCS,520
DOR-LOC-AK-527SS,PCS,3950
DOR-LOC-ALM-2048-3/C5050,SETS,15500
DOR-LOC-AMOZ-ACL1100,SET,3390
DOR-LOC-ATL-8300,SET,6950
DOR-LOC-C77EN2,UNIT,13500
DOR-LOC-CAM-30MMX90,PCS,450
DOR-LOC-CAM-X16MMX90,PCS,460
DOR-LOC-CYL-02025(SS),SET,1950
DOR-LOC-CYL-02070,SET,2190
DOR-LOC-CYL-02076,SET,2890
DOR-LOC-CYL-02102,SET,2950
DOR-LOC-CYL-A600SP,PCS,1880
DOR-LOC-CYL-A600SS,PCS,1880
DOR-LOC-CYL-KNOB,UNIT,4790
DOR-LOC-CYL-L5000AC,SET,3790
DOR-LOC-CYL-L5000BN,SET,3790
DOR-LOC-CYL-L5000SS,SET,3150
DOR-LOC-CYL-SMR-3300,SET,2690
DOR-LOC-CYL-SMR-3500,PCS,2950
DOR-LOC-CYL-SMR-3600,SET,2690
DOR-LOC-CYL-SMR-3630,PCS,2150
DOR-LOC-CYL-SMR-3900,SET,2950
DOR-LOC-CYL-VCA4147,UNIT,5200
DOR-LOC-CYL-VCA4147-US11,UNIT,5450
DOR-LOC-DRA-138A-22,PCS,520
DOR-LOC-DRA-9001-22,PCS,590
DOR-LOC-DRA-FF004A,PCS,880
DOR-LOC-ENT-HAND-S839381,UNIT,13900
DOR-LOC-H/GRD-70MM,PCS,480
DOR-LOC-LEV-H/D-TUB,UNIT,10900
DOR-LOC-LEV-SMR-3491AC,SET,5660
DOR-LOC-LEV-SMR-3491MG,SET,5690
DOR-LOC-LEV-SMR-3491SS,SET,5290
DOR-LOC-MOR-FUDA,PCS,3790
DOR-LOC-MOR-H-003,SET,3490
DOR-LOC-MOR-KINGKU,PCS,6950
DOR-LOC-SGD-8600SN,PCS,6790
DOR-LOC-SGLM-4550/0911,SET,13500
DOR-LOC-TUB-50MM,PCS,1400
DOR-LOC-TUB-L6800,SET,6950
DOR-LOC-TUB-VL4447,UNIT,7650
DOR-LOC-TUB-VL5347,UNIT,10300
DOR-LOC-YEROY-60MM,PCS,2090
DOR-LOC-YEROY-70MM,PCS,2290
DOR-PAD-03019(2),PCS,400
DOR-PAD-03019(3.1/2),PCS,670
DOR-PAD-03164,PCS,720
DOR-PAD-KTAC075,SET,510
DOR-PAD-KTAC100,SET,690
DOR-PAD-KTAC125,PCS,790
DOR-PAD-KTAC150,SET,1020
DOR-PAD-KTAC200,SET,1350
DOR-PAD-KTSS075,SET,370
DOR-PAD-KTSS100,SET,490
DOR-PAD-KTSS125,SET,620
DOR-PAD-KTSS150,SET,730
DOR-PAD-KTSS200,SET,990
"DOR-PLA-82X25-5/8""",PCS,11900
DOR-PLY-750X2060MM,PCS,12500
"DOR-PUL-AC-4""",PCS,220
"DOR-PUL-ALU-3""",PCK,120
"DOR-PUL-ALU-4""",PCK,160
"DOR-PUL-ALU-5""",PCS,230
"DOR-PUL-ALU-6""",PCK,280
"DOR-PVC-72""X33.1/8""",PCS,16800
"DOR-PVC-FOL-33""X82""",SET,9900
"DOR-PVC-OAK-70""X29.5""",PCS,8450
DOR-PVC-OAK-71CMX210CM,PCS,13900
"DOR-PVC-OAK-72""X28""",PCS,10500
"DOR-PVC-OAK-72""X29""",PCS,8500
"DOR-PVC-OAK-72""X30""",PCS,9900
"DOR-PVC-OAK-72""X30""-BLUE",PCS,10900
"DOR-PVC-OAK-72""X30""-BRO",PCS,10900
"DOR-PVC-OAK-72""X30""-GREY",PCS,10900
DOR-PVC-OAK-M26-P,PCS,14900
DOR-PVC-PANEL-68MMX192CM,PCS,11300
"DOR-PVC-PANEL-79 1/2"" X 27 1/4",UNIT,9900
"DOR-PVC-PANEL-79 1/2"" X 27 1/4""",UNIT,9900
DOR-ROL-ABL-RL66SS,PCS,2190
DOR-ROL-CAT-RDL304,PCS,100
DOR-ROL-D,PAIR,6450
"DOR-ROL-GAT-2.5""",PCS,4590
DOR-ROL-GAT-75MM,PCS,2850
DOR-ROL-GAT-75MM-V70,PCS,2450
DOR-ROL-SPE,SET,3950
DOR-ROL-TYSON-2011,SET,4490
DOR-ROL-TYSON-TY505,PCS,3550
DOR-RUB-SEA-6501,PCS,1190
DOR-RUB-SEAL-BRWN-BSDB100,ROLL,840
DOR-RUB-SEAL-TRANS-BSDT100,ROLL,850
DOR-SET-ATH-100,SET,18800
DOR-SET-ATH-120,SET,9600
DOR-SET-ATH-130,SET,15200
DOR-SET-SGD-TH-200S,SET,10950
DOR-SET-SGD-TH-380SN,SET,15900
DOR-SHU-LOC-SGD-H322,PCS,1790
DOR-SOC-SGD-100MMSS,PCS,1830
DOR-SOC-SGD-12MMSS,PCS,1830
DOR-SOC-SGD-13MMSN,PCS,2580
"DOR-SPO-SHA-10""-3D",PCS,1450
"DOR-SPO-SHA-9""",PCS,1450
"DOR-SPO-WOO-10""",SET,3390
DOR-STO-25X25MM,PCS,130
DOR-STO-RUB-RED-33MM,PCS,450
DOR-STO-RUB-RED-38MM,PCS,270
DOR-STO-S/S-2212,PCS,1150
DOR-STO-S/S-2213-W/HOOK,PCS,1250
DOR-STO-SGD-023SS,PCS,1950
DOR-STO-SGD-024SS,PCS,2290
DOR-STO-SGD-04SN,PCS,1550
DOR-STO-TRANSP-38MM,PCS,340
DOR-STO-TYSON8988,PCS,1950
"DOR-TOW-BOL-2""",PCS,210
"DOR-TOW-BOL-3""",PCS,260
"DOR-TOW-BOL-4""",PCS,270
DOR-TOW-BOL65,PCS,230
DOR-VIE-SGD-DV3776SN,PCS,2000
DOR-VIE-SGD-DV3779AC,PCS,2000
DOR-WED-BIG,PCS,190
DOR-WED-SMALL,PCS,140
"DOR-WOO-31""X84""",PCS,12800
"DOR-WOO-33.3/4""X80",PCS,14900
DOR-WOO-FM02,PCS,18900
DOR-WOO-FM08,PCS,21900
DOR-WOO-FRA-2X4,SET,15800
DOR-WOO-FRA-2X4-,SET,13800
DOR-WOO-FRA-2X4X44X85,UNIT,25000
DOR-WOO-FRA-2X4X68.2/8X84,SET,19800
DOR-WOO-FRA-2X5,SET,15000
"DOR-WOO-FRA-2X5X90CMX82""",PCS,17000
"DOR-WOO-FRA-30""X84""",SET,27358
"DOR-WOO-FRA-30.1/4""X84""",SET,13113
"DOR-WOO-FRA-36""X84""",SET,27358
DOR-WOO-FRA-54.2/8X84,SET,20000
DOR-WOO-FRA-ALU,PCS,18800
"DOR-WOO-FRA-ALU-78.5/8""X22.5/8",PCS,16900
"DOR-WOO-FRA-ALU-78.5/8""X22.5/8""",PCS,16900
DOR-WOO-FRA-BELIAN,SET,29000
DOR-WOO-KY500,PCS,31800
DOR-WOO-KY502,PCS,31500
DOR-WOO-KY503,PCS,31800
DOR-WOO-KY503-,PCS,29900
DOR-WOO-KY503-30 X 83,PCS,26900
DOR-WOO-KY503-32 X 77.3/4,PCS,32300
DOR-WOO-KY503-33 5/8X81 1/2,PCS,32500
DOR-WOO-KY503-33.5,PCS,31800
"DOR-WOO-KY503-61""X82""",PCS,59000
DOR-WOO-KY800,PCS,25900
DOR-WOO-KY800-30.5,PCS,17000
DOR-WOO-KY800-32.5/80.7,PCS,22500
DOR-WOO-KY800-33,PCS,23600
DOR-WOO-KY800-35 5/8,PCS,26800
DOR-WOO-KY800-3682,PCS,26600
DOR-WOO-KY800-81X206,PCS,33500
DOR-WOO-KY800-832MM,PCS,29000
DOR-WOO-KY800-FJ,PCS,26500
DOR-WOO-KY800FJ-29 6/8 X 78 3/,PCS,25900
DOR-WOO-KY800FJ-29 6/8 X 78 3/8,PCS,25900
DOR-WOO-KY800FJ-32 6/8 X 78 2/,PCS,25900
DOR-WOO-KY800FJ-32 6/8 X 78 2/8,PCS,25900
DOR-WOO-KY800FJ7829(1),PCS,25900
DOR-WOO-KYG102,PCS,38500
DOR-WOO-MD23,PCS,35900
DOR-WOO-MG1-33,PCS,31000
DOR-WOO-NA11,PCS,37500
DOR-WOO-NA11-26,PCS,28500
DOR-WOO-PLY,PCS,12900
"DOR-WOO-PLY-27""X80.5""",PCS,13500
DOR-WOO-PLY-29.3/4,PCS,12500
"DOR-WOO-PLY-30""X80""",PCS,14500
DOR-WOO-PLY-30.2/8X81.5/8,PCS,11000
"DOR-WOO-PLY-32""X80.5""",PCS,14500
"DOR-WOO-PLY-32""X81""",PCS,11800
DOR-WOO-PLY-32.3/4X81.1/4,PCS,10500
"DOR-WOO-PLY-33""X83""",PCS,13900
DOR-WOO-PLY-33.5/8X82.5/8,PCS,12900
"DOR-WOO-PLY-66.1/4""",PCS,11800
"DOR-WOO-PLY-74"" X 33""",PCS,12000
"DOR-WOO-PLY-74.5"" X 33""",PCS,12000
"DOR-WOO-PLY-77.1/8"" X 34""",PCS,18500
DOR-WOO-PLY-838MMX2043MM,PCS,15900
DOR-WOO-PLY-86X204CM,PCS,14900
DOR-WOO-PLY-GLASS-MG1,UNIT,23500
DOR-WOO-T-LIST,PCS,4500
DP-MB251CX,UNIT(S),0
"DRA-COV-TEC-GRE-9""X17""",PCS,1550
DRAI-POW-350G,BTL,1380
"DRA-SLI-WHI-12""",SET,670
"DRA-SLI-WHI-14""",SET,780
"DRA-SLI-WHI-16""",SET,890
"DRA-SLI-WHI-18""",SET,990
DRI-26170(4-12),PCS,1590
DRI-26170(4-20),PCS,2280
DRI-26170(4-32),PCS,3290
DRI-A1038,PCS,2790
"DRI-AUG-1/4""",PCS,670
DRI-AUG-2WAY-06MM,PCS,780
DRI-AUG-2WAY-08MM,PCS,790
DRI-AUG-2WAY-09MM,PCS,810
DRI-AUG-2WAY-11MM,PCS,850
DRI-AUG-2WAY-12MM,PCS,1050
DRI-AUG-2WAY-14MM,PCS,1190
DRI-AUG-2WAY-16MM,PCS,1360
DRI-AUG-2WAY-17MM,PCS,1590
DRI-AUG-2WAY-18MM,PCS,1760
DRI-AUG-2WAY-21MM,PCS,2100
DRI-AUG-2WAY-25MM,PCS,2640
"DRI-AUG-3/4""",PCS,1300
"DRI-AUG-5/16""",PCS,660
"DRI-AUG-7/16""",PCS,700
"DRI-AUG-7/8""",PCS,1700
"DRI-AUG-9/16""",PCS,800
"DRI-AUG-BIT-1""X200",PCS,2390
"DRI-AUG-BIT-1/4""X200",PCS,1270
"DRI-AUG-BIT-3/4""X200",PCS,1790
"DRI-AUG-BIT-5/8""X200",PCS,1720
"DRI-AUG-BIT-7/8""X200",PCS,2090
"DRI-AUG-BIT-NO.1""",PCS,5390
"DRI-AUG-BIT-NO.1/2""",PCS,3490
"DRI-AUG-BIT-NO.1/4""",PCS,2570
"DRI-AUG-BIT-NO.3/4""",PCS,4350
"DRI-AUG-BIT-NO.3/8""",PCS,3190
"DRI-AUG-BIT-NO.5/8""",PCS,3790
"DRI-AUG-BIT-NO.7/8""",PCS,4850
"DRI-AUG-CRO-1/2""",PCS,920
"DRI-AUG-CRO-3/4""",PCS,1400
DRI-AUG-SDS-06MM,PCS,790
DRI-AUG-SDS-08MM,PCS,840
DRI-AUG-SDS-09MM,PCS,880
"DRI-AUG-SDS-1""",PCS,2690
"DRI-AUG-SDS-1/2""",PCS,1170
"DRI-AUG-SDS-1/4""",PCS,990
DRI-AUG-SDS-12MM,PCS,850
DRI-AUG-SDS-16MM,PCS,1490
DRI-AUG-SDS-21MM,PCS,2280
"DRI-AUG-SDS-3/4""",PCS,1750
"DRI-AUG-SDS-3/8""",PCS,1070
"DRI-AUG-SDS-5/8""",PCS,1590
"DRI-AUG-SDS-7/16""",PCS,1090
"DRI-AUG-SDS-7/8""",PCS,2230
"DRI-AUG-SDS-9/16""",PCS,1350
"DRI-AUG-SDS-WOOD-5/16""X8""",PCS,1050
DRI-BEN-LOTA-750W,PCS,129500
DRI-BEN-LOTA-BD13LT,UNIT,59500
DRI-BEN-LOTA-BD32QLT,UNIT,315000
DRI-BIT-116D,PCS,1850
DRI-BIT-116E,PCS,1050
DRI-BIT-116F,PCS,1190
DRI-BIT-116G,PCS,1250
DRI-BIT-116I,PCS,1590
DRI-BIT-116M,PCS,2650
DRI-BIT-116N,PCS,2850
DRI-BIT-116R,PCS,4150
DRI-BIT-2500-36P-PH2,PCS,390
DRI-BIT-2500-80P-PH2,PCS,550
"DRI-BIT-3/8""XM10",PCS,1290
DRI-BIT-MA030,SET,1450
DRI-BIT-MK-PH380,PCS,630
DRI-BIT-STR-25PCS,SET,6900
DRI-BIT-SV003,PCS,290
DRI-BIT-SV005,PCS,520
DRI-CER-BLI-06MM(+),PCS,800
DRI-CER-BLI-08MM(+),PCS,1050
DRI-CER-BLI-10MM(+),PCS,1260
DRI-CER-BLI-12MM(+),PCS,1500
DRI-HSS-TWI-03MM,PCS,120
DRI-HSS-TWI-05MM,PCS,150
DRI-HSS-TWI-06MM,PCS,250
DRI-KUS-SET,SET,4090
DRIL-COMB-BD42-16,SET,5290
DRI-MIX-HEX-CEM,PCS,1480
DRI-MIX-HEX-PAI,PCS,1370
DRI-MIX-SDS-CEM,PCS,1630
DRI-MIX-SDS-PAI,PCS,2050
DRI-SAW-A68-10MM,PCS,720
DRI-SAW-A68-6MM,PCS,390
DRI-SAW-A68-8MM,PCS,550
"DRI-SDS-ADA-1/2""",PCS,570
DRI-SDS-GT02-05110,PCS,350
DRI-SDS-GT02-05160,PCS,420
DRI-SDS-GT02-06110,PCS,410
DRI-SDS-GT02-06160,PCS,400
DRI-SDS-GT02-07110,PCS,430
DRI-SDS-GT02-07160,PCS,440
DRI-SDS-GT02-08110,PCS,450
DRI-SDS-GT02-08160,PCS,460
DRI-SDS-GT02-09110,PCS,490
DRI-SDS-GT02-09160,PCS,470
DRI-SDS-GT02-10110,PCS,470
DRI-SDS-GT02-10160,PCS,540
DRI-SDS-GT02-12160,PCS,610
DRI-SDS-GT02-12260,PCS,630
DRI-SDS-GT02-13160,PCS,690
DRI-SDS-GT02-13260,PCS,750
DRI-SDS-GT02-14160,PCS,690
DRI-SDS-GT02-14260,PCS,850
DRI-SDS-GT02-15160,PCS,760
DRI-SDS-GT02-15260,PCS,1000
DRI-SDS-GT02-16160,PCS,790
DRI-SDS-GT02-16210,PCS,960
DRI-SDS-GT02-16260,PCS,1050
DRI-SDS-GT02-18210,PCS,1140
DRI-SDS-GT02-18260,PCS,1300
DRI-SDS-GT02-55110,PCS,360
DRI-SDS-GT02-55160,PCS,390
DRI-SDS-GT02-65110,PCS,420
DRI-SDS-GT02-65160,PCS,440
DRI-SET-A-CLASS,SET,5950
DRI-SET-HOLE-SAW-17PCS,SET,6900
DRI-SET-STA-N028612,SET,3150
DRI-SET-WOO,SET,930
DRI-UNI-26107(10),PCS,2390
DRI-UNI-26107(5),PCS,1590
DRI-UNI-26107(6),PCS,1790
DRI-UNI-26107(8),PCS,1990
DS-635T,UNIT(S),0
DUC-CAP-DC-1,PCS,4590
DUC-CAP-MWP008-A,PCS,2750
DUC-HOS-D-011,PCS,8990
DUR-BON-820-3KG,TIN,9500
DUS-11L-GHO2811,SET,2980
DUS-BAS-BLA-TNS-1888,PCS,320
DUS-PAN,PCS,850
DUS-PAN-179,PCS,1290
DUS-PAN-1993,PCS,690
DUS-PAN-371,PCS,920
DZ-GEN-BCC-14X250X20,PCS,1290
DZ-GEN-BCC-180,PCS,690
DZ-GEN-BPC-14X250,OCS,1280
DZ-GEN-BPC-180,PCS,690
DZ-GEN-BSC-280X26,PCS,1790
DZ-GEN-BST-280,PCS,1690
DZ-GEN-PSC-30X400X35,PCS,5500
DZ-GEN-PST-30X400,PCS,5490
DZ-GEN-TG-30,PCS,640
DZJ02-13-26,SET,400
E-118350P,PCS,0
E-1887-30D,PCS,0
"E-509-9""-FLOWER POT",PCS,710
EAR-CHA-PVC,PCS,500
ECO-ANT-BAIT,PCS,1590
ECO-COCK-BAIT,PCS,1590
ELCB-NFI,PCS,12000
ELE-63A-CUT-OUT,EA,2180
ELE-ADA-3WAY-BER-YK368,PCS,820
ELE-ADA-3WAY-MS-BS03L,PCS,1790
ELE-ADA-BER-1G1W,PCS,350
ELE-ADA-E14TOE27,PCS,390
ELE-ADA-EB2722,PCS,330
ELE-ADA-EE1427,PCS,280
ELE-ADA-EE2714,PCS,350
ELE-ADA-MS3003/WNL,PCS,2980
ELE-ADA-MS-PT13,PCS,850
ELE-ADA-NNE-2G1W,PCS,400
ELE-ADA-NNE9583,PCS,1690
ELE-BLU-MIDEA-23W,PCS,1290
ELE-BOX-3WAY,PCS,400
ELE-BOX-MCB-08WAY,PCS,1850
ELE-BOX-MCB-10WAY,PCS,1990
ELE-BOX-MCB-12WAY,PCS,2690
ELE-BOX-MCB-14WAY,PCS,2790
ELE-BOX-MCB-16WAY,PCS,2980
ELE-BOX-MCB-19WAY,PCS,3950
"ELE-BRA-CLA-SML-5/8""",EA,250
ELE-BRA-COU-5/8,EA,530
ELE-BRA-PLATE,PC,240
ELE-BUL-150W-2PIN,PCS,200
ELE-BUL-150W-3PIN,PCS,200
ELE-BUL-150W-SHE,PCS,19500
ELE-BUL-B22-3W-BLU,PCS,250
ELE-BUL-B22-3W-GRE,PCS,250
ELE-BUL-B22-3W-RED,PCS,250
ELE-BUL-B22-3W-YEL,PCS,250
ELE-BULB-BLU-B22-CLEAR,PCS,110
ELE-BUL-BD-20W-E27,PCS,1200
ELE-BULB-EURO-C35E14,PCS,200
ELE-BULB-EURO-C35E27,PCS,200
ELE-BUL-C7-E12-MINI,PCS,110
ELE-BUL-CHIYODA-15W,PCS,200
ELE-BUL-D/L-HOM-12W-6500K,PCS,690
ELE-BUL-D/L-HOM-25W-6500K,PCS,1150
ELE-BUL-E27-10W-RED,PCS,790
ELE-BUL-E27-12W-RED,PCS,1290
ELE-BUL-E27-15W-6500K,PCS,1050
ELE-BUL-E27-15W-RED,PCS,1050
ELE-BUL-E27-16W-3CLR,PCS,690
ELE-BUL-E27-3W-BLUE,PCS,250
ELE-BUL-E27-3W-GREEN,PCS,250
ELE-BUL-E27-3W-RED,PCS,250
ELE-BUL-E27-3W-YEL,PCS,250
ELE-BUL-E27-7W-RED,PCS,890
ELE-BUL-FILA-E27-BLUE,PCS,600
ELE-BUL-FILA-E27-GREEN,PCS,600
ELE-BUL-FILA-E27-RED,PCS,600
ELE-BUL-G&C-100W,PCS,100
ELE-BUL-G&C-25W,PCS,100
ELE-BUL-G&C-40W,PCS,100
ELE-BUL-HERM-E14-C35-4W,PCS,590
ELE-BUL-HERM-E27-W/W,PCS,590
ELE-BUL-LED-G45-B22-RED,PCS,380
ELE-BUL-LED-G45-E27-BLUE,PCS,380
ELE-BUL-LED-G45-E27-GRN,PCS,380
ELE-BUL-LED-G45-E27-RED,PCS,380
ELE-BUL-LED-G45-E27-YEL,PCS,380
ELE-BUL-PHI-100W,PCS,200
ELE-BUL-PHI-40W,PCS,200
ELE-BUL-PHI-60W,PCS,200
ELE-BUL-PHI-HPL-3PIN,PCS,500
ELE-BUL-PHI-SON-BIG,PCS,3000
ELE-BUL-SON-LIGHT,PCS,2000
ELE-BUL-SYL-DC12V-6500K-10W,PCS,1130
ELE-BUL-THL-15W-E12,PCS,170
ELE-BUL-THL-15W-E14,PCS,170
ELE-BUL-USB-30W,PCS,1390
ELE-BUL-USB-50W,PCS,2290
ELE-CAB,MTR,962
ELE-CAB-ADS-9905-5M,PCS,5650
ELE-CAB-ASI-GRE-1.5MM,ROLL,3774
ELE-CAB-AST,MTR,200
ELE-CAB-FAJ-2.5MM-80M,ROLL,34900
ELE-CAB-FLE-7076,ROLL,29900
ELE-CAB-FLE-C70763CG,ROLL,39800
ELE-CAB-FLE-C70763CG-MTR,MTR,550
ELE-CAB-FLE-C70763CW-MTR,METER,590
ELE-CAB-FLE-C70763CW-ROLL,ROLL,26500
ELE-CAB-FLE-KSE40163CW-MTR,MTR,260
ELE-CAB-FLE-P40163CW-ROLL,ROLL,12900
ELE-CAB-GRE/RED-6MM,ROLL,11792
ELE-CAB-GRE/YEL,MTR,1200
ELE-CAB-MIR-C23152CW,ROLL,3500
ELE-CAB-MIR-C23152CW-MTR,MTR,100
ELE-CAB-P23163CW,ROLL,10900
ELE-CAB-P23163CW-MTR,METER,220
ELE-CAB-PIN-TAI-2.5MM,MTR,220
ELE-CAB-POW-TWI-2.5MM,MTR,220
ELE-CAB-PVC-4.00MM-BLK,ROLL,20900
ELE-CAB-PVC-4.00MM-BLK-MTR,MTR,400
ELE-CAB-PVC-4.00MM-GRE,ROLL,20900
ELE-CAB-PVC-4.00MM-GRE-MTR,MTR,400
ELE-CAB-PVC-4.00MM-RED,ROLL,20900
ELE-CAB-PVC-4.00MM-RED-MTR,MTR,400
ELE-CAB-R/BK-MKK-ROLL,ROLL,4250
ELE-CAB-R/BK-PURECO-60M,ROLL,3950
ELE-CAB-R/BK-SINO-COIL,COIL,3390
ELE-CAB-R/BK-SINO-MTR,MTR,140
ELE-CAB-RCA-736-1.5M,PCS,580
ELE-CAB-RCA-736-3.0M,PCS,850
ELE-CAB-ROLLER-13A X 3,PCS,8690
ELE-CAB-SAS-B/G-2.5MM,ROLL,9900
ELE-CAB-SAS-R/W-6MM,ROLL,18500
ELE-CAB-SPEAKER-COSTA-25/0.14M,MTR,200
ELE-CAB-SPEAKER-COSTA-25/0.14MMX2C,MTR,200
ELE-CAB-SPEAKER-COSTA-30/0.18M,COIL,16800
ELE-CAB-SPEAKER-COSTA-30/0.18MMX2C,COIL,16800
ELE-CAB-SPEAKER-COSTA-30/0.18MMX2C-MTR,MTR,320
ELE-CAB-SPEAKER-FAJAR-30/0.18M,COIL,18800
ELE-CAB-SPEAKER-FAJAR-30/0.18MMX2C,COIL,19900
ELE-CAB-STEREO-735-1.5M,PCS,580
ELE-CAB-STEREO-735-3.0M,PCS,790
ELE-CAB-TEL-15FT-PIN-TO-PIN,PCS,520
ELE-CAB-TEL-15FT-PIN-TO-SOCKET,PCS,550
ELE-CAB-TEL-25FT-PIN-TO-SOCKET,PCS,730
ELE-CAB-TEL-50FT-PIN-TO-PIN,PCS,850
ELE-CAB-TEL-50FT-PIN-TO-SOCKET,PCS,1000
ELE-CAB-TV,MTR,200
ELE-CAB-TWI-B/W-MAXWELL,MTR,180
ELE-CAB-TWI-BLA-252C-MTR,MTR,250
ELE-CAB-TWI-BLA-FAJAR-002.0MM2,MTR,360
ELE-CAB-UC 2.5MM,MTR,690
ELE-CAB-UNI-B/W-3/0.73MM,ROLL,4245
ELE-CAB-UNI-B/W-6MM/90M,ROLL,11792
ELE-CAB-UNI-R/W-6MM/90M,ROLL,11792
ELE-CAB-VDE-BLK,MTR,150
ELE-CAB-VDE-WHI,MTR,150
ELE-CAB-VIT-R/W-25MM/100M,ROLL,7547
ELE-CAB-W/B-6MM/90M,ROLL,11792
ELE-CAB-WIR-1.5BK,ROLL,5690
ELE-CAB-WIR-1.5BK-MTR*,METER(S),100
ELE-CAB-WIR-1.5-BLACK*,COIL,5690
ELE-CAB-WIR-1.5G-MTR*,MTR,100
ELE-CAB-WIR-1.5-GRE,COIL,5690
ELE-CAB-WIR-1.5-GRE-TITAN,COIL,5690
ELE-CAB-WIR-1.5G-WIN,COIL,5690
ELE-CAB-WIR-1.5-RED*,COIL,5690
ELE-CAB-WIR-1.5red-MTR*,MTR,100
ELE-CAB-WIR-1.5Y,ROLL,5690
ELE-CAB-WIR-1.5-YELLOW*,MTR,100
ELE-CAB-WIR-1.5Y-MTR,METER,70
ELE-CAB-WIR-2.5BK*,ROLL,8950
ELE-CAB-WIR-2.5BK-MTR,MTR,120
ELE-CAB-WIR-2.5-BLACK,COIL,8950
ELE-CAB-WIR-2.5G*,COIL,8950
ELE-CAB-WIR-2.5R*,ROLL,8950
ELE-CAB-WIR-2.5RED,COIL,8790
ELE-CAB-WIR-2.5-RED,COIL,8950
ELE-CAB-WIR-2.5RED-MTR*,MTR,160
ELE-CAB-WIR-2.5R-MTR,MTR,120
ELE-CAB-WIR-3/0.73MM,ROLL,4500
ELE-CAB-WIR-ASIA-1.5BK,MTR,70
ELE-CAB-WIR-ASIA-2.5BK*,MTR,160
ELE-CAB-WIR-ASIA-2.5Y*,MTR,160
ELE-CAB-WIR-BLI-GREY-40/0.73M,ROLL,25943
ELE-CAB-WIR-BLK-2.5MM,MTR,120
ELE-CAB-WIR-BRI-2.5Y,COIL,8950
ELE-CAB-WIR-GRE-2.5MM*,MTR,160
ELE-CAB-WIR-INS-SHE,MTR,50
ELE-CAB-WIR-MKK-1.5MM-BLACK,ROLL,4950
ELE-CAB-WIR-MKK-1.5MM-GREEN,ROLL,4950
ELE-CAB-WIR-MKK-1.5MM-RED,ROLL,4950
ELE-CAB-WIR-MKK-1.5MM-YELLOW,ROLL,4950
ELE-CAB-WIR-MKK-2.5MM-BLACK,ROLL,7950
ELE-CAB-WIR-MKK-2.5MM-GRE,ROLL,7950
ELE-CAB-WIR-MKK-2.5MM-RED,ROLL,7950
ELE-CAB-WIR-MKK-2.5MM-YEL,ROLL,7950
ELE-CAB-WIR-ML-1.5MM2-BLK,ROLL,7900
ELE-CAB-WIR-ML-1.5MM2-GRE,ROLL,7900
ELE-CAB-WIR-ML-1.5MM2-RED,ROLL,7900
ELE-CAB-WIR-ML-2.5MM-BLK,ROLL,12900
ELE-CAB-WIR-ML-2.5MM-GRE,ROLL,12900
ELE-CAB-WIR-ML-2.5MM-RED,ROLL,12900
ELE-CAB-WIR-PUL-15MW,COIL,1650
ELE-CAB-WIR-RED-2.5MM,MTR,120
ELE-CAB-WIR-SAS-R/W-7/0.67,ROLL,9500
ELE-CAB-WIR-UNI-7/0.67MM-B/W,ROLL,8962
ELE-CAB-WIR-UNI-B/W-3/0.73,ROLL,8500
ELE-CAB-WIR-UNI-B/W-7/0.67,ROLL,8500
ELE-CAB-WIR-YEL-2.5MM,MTR,120
ELE-CAB-ZI-C70763G-ROLL,ROLL,25900
ELE-CAR-BEA-4002-24V40/60W,PCS,2200
ELE-CAR-BEA-4402-24V40/60W,PCS,1509
ELE-CAR-BEA-4651-12V50W,PCS,2075
"ELE-CAS-1""X2""",LGTH,2690
"ELE-CAS-2""X3""",LGTH,4350
ELE-CEI-LIG-15185-96W,PCS,12500
ELE-CEI-LIG-15186/96W,PCS,13200
ELE-CEI-LIG-15190/96W,PCS,15900
ELE-CEI-LIG-18125/72W,PCS,12900
ELE-CEI-LIG-1842/1,SET,26900
ELE-CEI-LIG-2847/2WH,SET,15900
ELE-CEI-LIG-2847/3BR,SET,15900
ELE-CEI-LIG-2856/1BK-32PCS,PCS,15800
ELE-CEI-LIG-2882/3BR,SET,13800
ELE-CEI-LIG-3004/96W 3CLR,PCS,14900
ELE-CEI-LIG-3022-96W-3CLR,PCS,9800
ELE-CEI-LIG-3023-96W-3CLR,PCS,9800
ELE-CEI-LIG-3088-96W-3CLR,UNIT,12600
ELE-CEI-LIG-3737-96W,PCS,11900
ELE-CEI-LIG-4001/400-CL,PCS,10900
ELE-CEI-LIG-608-2-400CL,PCS,17900
ELE-CEI-LIG-613/120W-3CLR,PCS,13500
ELE-CEI-LIG-616/120W-3CLR,PCS,13600
ELE-CEI-LIG-6615-22W,PCS,9900
ELE-CEI-LIG-8811-500,PCS,13900
ELE-CEI-LIG-8910/500-36PCS,PCS,18800
ELE-CEI-LIG-8910/500RND,SET,16900
ELE-CEI-LIG-9334-300-3CLR,PCS,6200
ELE-CEI-LIG-9392-300-3CLR,PCS,5500
ELE-CEI-LIG-9402/400-3CLR,PCS,8900
ELE-CEI-LIG-9403/400-3CLR,PCS,8800
ELE-CEI-LIG-A037/400-3CLR+BL,PCS,14500
ELE-CEI-LIGY007/500/96-3CL,PCS,15800
ELE-CH-C16-DZ47-63,EA,590
ELE-CHO-C20W,PCS,1190
ELE-CHO-C40W,SET,2250
ELE-CHO-C40W-WINLITE,PCS,1050
ELE-CHO-M2000-36W/40W,PCS,680
ELE-CLI-CON-10A-2WAY,PCS,100
ELE-CLI-PIP-GAL-12MM,PCS,50
ELE-CLI-PIP-GAL-18MM,PCS,60
ELE-CLI-PIP-GAL-25MM,PCS,80
ELE-CLI-PIP-PVC-12MM,PCS,50
ELE-CLI-PIP-PVC-18MM,PCS,60
ELE-CLI-PIP-PVC-38MM,PCS,100
ELE-CON-BOX,PCS,300
ELE-CON-BOX-UMS,PCS,300
ELE-CON-LC1D09M7,BOX,5377
ELE-CON-LC1D12M7,BOX,6321
ELE-CON-LC1D6511,UNIT,20000
ELE-CON-MAG-SC-N25,BOX,16038
ELE-CON-SPR-19MM,EA,1050
ELE-CON-SPR-25MM,EA,1430
ELE-CON-TOO-A86-BLK,PCS,110
ELE-CON-TOO-A86-SIL,PCS,180
ELE-COV-ELCB-(B),EA,450
ELE-COV-ELCB-(S),EA,320
ELE-CRA-DEV-CN A833BB,SET,9500
"ELE-D/L-222/6""-BK",PCS,3190
"ELE-D/L-222/6""-WH",PCS,3190
"ELE-D/L-629/6""-ROU",PCS,2990
"ELE-D/L-629/6""-ROU-BLU",PCS,2990
"ELE-D/L-630/6""-SQU",PCS,2990
"ELE-D/L-8629/6""-ROU-BLU",PCS,2290
ELE-D/L-CVL-5W-3000K,PCS,1250
ELE-D/L-DLE170-18-3CCT,PCS,2890
ELE-D/L-ECO-3030-24W,PCS,1990
ELE-D/L-EFF-PLC-15W,PCS,1290
ELE-D/L-FFL-E27-12W,PCS,1200
ELE-D/L-FFL-ECO-10W,PCS,1150
ELE-D/L-FFL-PLC-12W,PCS,1200
ELE-D/L-HGD603-18W-3CLR,PCS,2950
ELE-D/L-HGD603-18W-6500K,PCS,2190
ELE-D/L-HOME-2103-18W-6500K,PCS,1190
ELE-D/L-HOME-HGD604-18W-6500K,PCS,2390
ELE-D/L-HSP-301-18W-6500K,PCS,1650
ELE-D/L-IL-3808-48W-65K,PCS,4190
ELE-D/L-LEDT130-80-6-80W,PCS,7590
ELE-D/L-LEDT13550D27-50W,PCS,5950
ELE-D/L-LEDT140-100-6-100W,PCS,9250
ELE-D/L-LSM-24W-6500K,PCS,1950
ELE-D/L-LSM-36W-3CLR,PCS,2590
ELE-D/L-LSM-36W-6500K,PCS,2250
ELE-D/L-LSM-72W-3CLR,PCS,3990
ELE-D/L-LSM-96W-3CLR-SQ,PCS,2900
ELE-D/L-LTS-20W,PCS,2050
ELE-D/L-MEG-FE2155D-18W,PCS,1190
ELE-D/L-MEG-FE2155D-18W-3000K,PCS,1180
ELE-D/L-MEG-YTA60Z1-10W,PCS,890
ELE-D/L-MEG-YTA60Z1-10W-3000K,PCS,890
ELE-D/L-MEG-YTA60Z1-10W-4000K,PCS,880
ELE-D/L-MEG-YTA65Z2-12W,PCS,1130
ELE-D/L-MEG-YTA70Z1-15W,PCS,1390
ELE-D/L-MEG-YTA70Z1-15W-3000K,PCS,1390
ELE-D/L-MEG-YTA70Z1-15W-4000K,PCS,1390
ELE-D/L-MEG-YTG45Z1-3W,PCS,690
ELE-D/L-MEG-YTG45Z1-3W-3000K,PCS,690
ELE-D/L-MEG-YTG45Z1-5W,PCS,750
ELE-D/L-MEG-YTG45Z1-5W-3000K,PCS,750
ELE-D/L-MEG-YTP38B1-10W,PCS,1180
ELE-D/L-MEG-YTP38B1-10W-3000K,PCS,1180
ELE-D/L-MEG-YTP38B1-10W-4000K,PCS,1180
ELE-D/L-MEG-YTP38Z1-10W,PCS,1190
ELE-D/L-MEG-YTP38Z1-10W-4000K,PCS,1190
ELE-D/L-MEG-YTP45B1-15W,PCS,1630
ELE-D/L-MEG-YTP45B1-15W-3000K,PCS,1630
ELE-D/L-MEG-YTP45B1-15W-4000K,PCS,1630
ELE-D/L-MEG-YTP45Z1-15W,PCS,1590
ELE-D/L-MEG-YTP45Z1-15W-3000K,PCS,1590
ELE-D/L-MEG-YTP45Z1-15W-4000K,PCS,1590
ELE-D/L-MEG-YTPDGLE5-100W,PCS,13900
ELE-D/L-MEG-YTPDGLE5-70W,PCS,9950
ELE-D/L-MEG-YTT100ZI-30W,PCS,2880
ELE-D/L-MGM-MQTL1119-RD,PCS,2790
ELE-D/L-MGM-MQTL1119-RD-3000K,PCS,2880
ELE-D/L-MGM-MQTL1119-SQ,PCS,2880
ELE-D/L-MGM-MQTL1119-SQ-12W,PCS,2550
ELE-D/L-MGM-MQTL1119-SQ-12W-40,PCS,2550
ELE-D/L-MGM-MQTL1119-SQ-12W-4000K,PCS,2550
ELE-D/L-MGM-MQTL1119-SQ-4000K,PCS,2880
ELE-D/L-MGM-MQTL2048-3000K,PCS,2250
ELE-D/L-MGM-MQTL2048-4000K,PCS,2250
ELE-D/L-MGM-MQTL2048-6500K,PCS,2250
ELE-D/L-MUL-LED-15W,PCS,1290
ELE-D/L-MUL-PLC-10W,PCS,1000
ELE-D/L-OSR-18W,PCS,1350
ELE-D/L-OSR-PLC-18W,PCS,1090
ELE-D/L-OUBEI-110/45W,PCS,1750
ELE-D/L-PHI-3U-11W-E27,PCS,1680
ELE-D/L-PHI-3U-18W,EA,2190
ELE-D/L-PHI-3U-18W-YEL,PCS,1680
ELE-D/L-PHI-3U-23W,PCS,1580
ELE-D/L-PHI-E27-6.5W,PCS,1480
ELE-D/L-PHI-LED-09W,PCS,1590
ELE-D/L-PHI-LED-11W,PCS,2290
ELE-D/L-PHI-LED-11W/E27-YEL,PCS,1690
ELE-D/L-PHI-LED-11W-YEL,PCS,2290
ELE-D/L-PHI-LED-13W,PCS,1990
ELE-D/L-PHI-LED-5W-ESS,PCS,1380
ELE-D/L-PHI-LED-7.5W,PCS,1700
ELE-D/L-PHI-LED-7W,PCS,1590
ELE-D/L-PHI-LED-9W,PCS,1590
ELE-D/L-PHI-LED-9W/E27-YEL,PCS,1590
ELE-D/L-PHI-PLC-830-18W,PCS,850
ELE-D/L-PHI-PLC-865-18W,PCS,1390
ELE-D/L-PHI-TOR-20WE27,PCS,0
ELE-D/L-PHL-59466-RD-4000K,SET,3790
ELE-D/L-PHL-59466-RD-6500K,SET,3790
ELE-D/L-PHL-59467-SQ-4000K,SET,3790
ELE-D/L-PHL-59467-SQ-6500K,SET,3790
ELE-D/L-PLC-LED-9W,PCS,2150
"ELE-D/L-SUR-08""-ROU",PCS,2590
"ELE-D/L-SUR-12""-SQU",PCS,4590
ELE-D/L-TC1040R-RND-12W,PCS,1350
ELE-D/L-TC-2260-22W,PCS,2550
ELE-D/L-TC-2260-24W-4000K,PCS,2550
ELE-D/L-TC-2261-32W-SQ,PCS,3590
ELE-D/L-TC-3260-32W-RND,PCS,3690
ELE-D/L-TC-3260-32W-RND-4000K,PCS,3690
ELE-DOR-SCH,PCS,6400
ELE-DOW-LIGHT,EA,2290
ELE-ELCB-GRW-40A-4P,EA,9200
ELE-ELCB-GRW-63A-2P,EA,5090
ELE-ELCB-GRW-63A-4P,EA,10200
ELE-ELCB-KOR-40A-2P,EA,4490
ELE-EUR-20A-MCB,PCS,2500
ELE-EXT-REEL-MOMO8,PCS,9500
ELE-FAJAR-FLX-2.5MM-GREY,MTR,1290
ELE-FATO-UKF-320,EA,3990
ELE-FATO-UKF-363,EA,5190
ELE-FIT-COR-2',PCS,4500
ELE-FLOU-10W,PCS,1100
ELE-GRW-06A1PMCB,EA,650
ELE-GRW-10A1PMCB,EA,650
ELE-GRW-16A1PMCB,EA,650
ELE-GRW-20A1PMCB,EA,650
ELE-GRW-32A1PMCB,EA,650
ELE-GRW-32A-DZ47-63,PCS,590
ELE-GRW-40A1PMCB,EA,790
ELE-GRW-63A1PMCB,EA,790
ELE-GRW-63A2PMCB,EA,2590
ELE-GRW-63A3PMCB,EA,2850
ELE-HOL-032,PCS,590
ELE-HOL-033,PCS,590
ELE-HOL-260ES-E27,PCS,380
ELE-HOL-260ET-E27,PCS,390
ELE-HOL-2727HD-E27,PCS,290
ELE-HOL-293-B22,PCS,220
ELE-HOL-8575-S3032,PCS,1226
ELE-HOL-E27-ROU-TOPGAN,PCS,250
ELE-HOL-E27-SQU-TOPGAN,PCS,350
ELE-HOL-MX660/A,PCS,390
ELE-HOL-SE3831,PCS,380
ELE-HOL-SL8837-SW,PCS,520
ELE-HOL-TC818-E27,PCS,280
ELE-HOL-TC881-E27,PCS,230
"ELE-HOL-TUB-4""",PCS,443
ELE-HOL-XC8102-E27,PCS,180
ELE-KNI-BS-303181-STRAIGT,PCS,1880
ELE-KNI-BS-303192-BEND,PCS,1880
ELE-LAMP-HOLD-E27-5M,PCS,4880
"ELE-LAM-ROU-YEL-8""",PCS,2390
ELE-LED-DRI-12W,PCS,1190
ELE-LED-DRI-18W,PCS,850
ELE-LED-FLO-100W-6500K,PCS,8300
ELE-LED-FLO-150W-6500K,PCS,13900
ELE-LED-FLO-50W-6500K,PCS,7900
ELE-LED-FLO-FL-50W-D/L,PCS,10500
ELE-LED-FLO-IP66-150W-6500K-NE,PCS,10900
ELE-LED-FLO-IP66-150W-6500K-NEW,PCS,9200
ELE-LED-FLO-IP66-200W-6500K-NEW,PCS,11900
ELE-LED-FLO-SOR-100W,UNIT,16500
ELE-LED-FLO-SOR-100W-3CLR,PCS,27900
ELE-LED-FLO-SOR-100W-6500K-ILS,PCS,25900
ELE-LED-FLO-SOR-15W-6500K,PCS,8500
ELE-LED-FLO-SOR-200W-6500K,PCS,31900
ELE-LED-FLO-SOR-25W-6500K,PCS,12900
ELE-LED-FLO-SOR-300W-6500K,PCS,45900
ELE-LED-FLO-SOR-40W-6500K,PCS,16900
ELE-LED-FLO-SOR-50W-6500K,PCS,7500
ELE-LED-FLO-SOR-60W-3CLR,PCS,21900
ELE-LED-FLO-SOR-60W-6500K,PCS,19900
ELE-LED-SOL-006-6W-3K,PCS,5200
ELE-LED-SOL-10W-6500K,PCS,3500
ELE-LED-SOL-20W-6500K,PCS,3500
ELE-LED-SOL-30W-6500K,PCS,9500
ELE-LED-SOL-40W-6500K,PCS,12900
ELE-LED-SOL-60W-6500K,PCS,17900
ELE-LED-SOL-EMGY-200W-3CLR,PCS,7900
ELE-LED-SOL-ISF-60W-65K,PCS,16500
ELE-LED-SOL-SF-1000W-6500K,PCS,22900
ELE-LED-SOL-SF-200W-65K,PCS,33900
ELE-LED-SOL-SF-3000W-6500K,PCS,34900
ELE-LED-SOL-YB-K7672-60W,SET,23900
ELE-LED-SOL-YB-L10507-24W,SET,8900
ELE-LED-SOL-YB-L10507-34W,SET,8900
ELE-LED-SOL-YB-L10532-28W,SET,8900
ELE-LIG-DIMMER-ESAFE-SL1002-E3,PCS,1360
ELE-LIG-DIMMER-ESAFE-SL1002-E318T,PCS,1360
ELE-LRD-MOT-3357,BOX,13208
ELE-MCB-DZ47-63,PCS,590
ELE-METW0452,PCS,6690
ELE-METW0453,PCS,3850
ELE-MOD-GSR1080-2LI,PCS,14000
ELE-MR-TWI-W/R-014142C,COIL,2400
ELE-MR-TWI-W/R-014142C-MTR,MTR,50
ELE-MTR-CLMP-UT202A,PCS,11900
ELE-MUL-TES-SUNWEI YX-360,SET,3790
ELE-MUL-TES-UNI,SET,6880
ELE-NIG-LIG-262,PCS,650
ELE-NIG-LIG-A62(W),PCS,930
ELE-NIG-LIG-MX132L(W),SET,1120
ELE-NIG-LIG-MX132L(Y),SET,1120
ELE-PEN-102/BK-E27,PCS,9200
ELE-PEN-170/BK-E27,PCS,4800
ELE-PEN-227/BK-E27,PCS,6500
ELE-PEN-320/WHI-E27,PCS,4500
ELE-PEN-339/3-E27,PCS,9200
ELE-PEN-420-E27,PCS,7200
ELE-PEN-420-E27-B+G,PCS,7200
ELE-PEN-420-E27-WHI,PCS,7200
ELE-PEN-5183/3-E27,PCS,14800
ELE-PEN-5193/3-E27,PCS,16800
ELE-PEN-5566/3-PL,PCS,16900
ELE-PEN-81218/1-E27,PCS,2900
ELE-PEN-81218/3-E27,PCS,6500
ELE-PEN-81218/3L-E27,PCS,6500
ELE-PEN-81219/1-E27,PCS,2900
ELE-PEN-81219/3-E27,PCS,6500
ELE-PEN-81219/3L-E27,PCS,6500
ELE-PEN-81225/1-E27,PCS,2900
ELE-PEN-8260/3,SET,18900
ELE-PEN-8302/3,PCS,11900
ELE-PEN-88001/B-E27,PCS,15900
ELE-PEN-88005/A-E27,PCS,14500
ELE-PEN-88010-E27X3,PCS,19500
ELE-PEN-9393/3,SET,12900
ELE-PEN-A8/1-E27,PCS,8500
ELE-PEN-CD-3019,PCS,7900
ELE-PEN-CD-87020/3,PCS,15500
ELE-PEN-DX-87026/3,PCS,20900
ELE-PEN-DX-9001/1,PCS,15900
ELE-PEN-DX-9002/1 GD PL,PCS,24500
ELE-PEN-DX-9260/3,PCS,18900
ELE-PIN-5050-RGB,PCS,130
ELE-PIN-5050-SIN,PCS,90
ELE-PIP-CON-25MM,LGTH,590
ELE-PLA-ROLLER-TC 11',PCS,4490
ELE-PLU-5050/60-RGB,PCS,1790
ELE-PLUG-TIMER-WHI,PCS,2280
ELE-PLUG-TIMER-WHI-BND50*,PCS,2350
ELE-PLUG-TOP-FUSE-13A*,EA,50
ELE-PLUG-TOP-FUSE-15A,PCS,70
ELE-PLU-TOP-NNE138,PCS,790
ELE-PVC-ANG-2WAY,PCS,70
ELE-PVC-ANG-2WAY G,PCS,50
ELE-PVC-ANG-2WAY-25MM,PCS,50
ELE-PVC-BLA-PLA,PCS,100
ELE-PVC-BOX-2W,PCS,47
ELE-PVC-BOX-5X6,PCS,850
ELE-PVC-BOX-6X8,PCS,1030
ELE-PVC-BOX-8.5X12,PCS,3000
ELE-PVC-BOX-8X10,PCS,1650
ELE-PVC-BOX-TC4X4,EA,490
ELE-PVC-BOX-TC4X6,EA,940
ELE-PVC-BOX-TC6X8,PCS,1390
ELE-PVC-BOX-TC8X10,EA,2390
ELE-PVC-CAP,PCS,40
"ELE-PVC-CAS-1""",LGTH,390
"ELE-PVC-CAS-2""X1""",LGTH,950
"ELE-PVC-CAS-2""X2""",LGTH,1590
"ELE-PVC-CAS-2""X3""",LGTH,2600
"ELE-PVC-CAS-3/4""",LGTH,260
ELE-PVC-CAS-H/D-70MM,LGHT,4500
ELE-PVC-CON-TC3X10,PCS,330
ELE-PVC-CON-TC3X12,PCS,390
ELE-PVC-CON-TC3X7-TC022,PCS,190
ELE-PVC-CON-U3X3,EA,90
"ELE-PVC-COUPLIG-SOCKET-3/8""",PCS,20
ELE-PVC-CRO-4W,PCS,70
"ELE-PVC-ELB-BLUE-3/4""",PCS,40
"ELE-PVC-ELB-WHI-1""",PCS,40
"ELE-PVC-ELB-WHI-3/4""",PCS,40
ELE-PVC-END-BOX,PCS,70
ELE-PVC-INS-ELB*,PCS,100
ELE-PVC-INS-TEE,PCS,110
"ELE-PVC-MALE-SOCKET-3/4""",PC(S),28
"ELE-PVC-MALE-SOCKET-3/8""",PCS,20
"ELE-PVC-NUT-3""X6""",PCS,160
ELE-PVC-NUT-3X12,PCS,420
ELE-PVC-NUT-3X6,PCS,190
ELE-PVC-NUT-B3X3*,PCS,90
ELE-PVC-NUT-TC3X10,PCS,300
ELE-PVC-NUT-U3X7,PCS,190
"ELE-PVC-SOC-3/8""-GD",PCS,20
ELE-PVC-SOC-3M,LTH,470
ELE-PVC-SOC-KOB25MM,PCS,20
ELE-PVC-SOC-TC1820MM,PCS,40
"ELE-PVC-TEE-3/4""BOX",PCS,47
ELE-PVC-TEE-3W,PCS,70
ELE-PVC-THR-2W,PCS,70
ELE-RENO-10A1PMCB,PCS,490
ELE-RENO-16A-1P-MCB,EA,490
ELE-RENO-40A-2P-MCB,PCS,1750
ELE-RENO-63A-2P-MCB,EA,2190
ELE-RENO-63A-3P-MCB,EA,2570
"ELE-RND-D/L-ECO-TC-1080R-8""-24",PCS,1990
"ELE-RND-D/L-ECO-TC-1080R-8""-24W",PCS,1990
ELE-SOC-CEE-3P16A,UNIT,2453
ELE-SOC-PLU-5050/60,PCS,790
ELE-SOC-PLU-SATELITE,PCK,290
ELE-SOC-TES-300MA-BLU,PCS,5300
ELE-SOC-TES-UG13AELCBT,PCS,3980
ELE-SOL-BS-SPF,PCS,1650
ELE-SOL-LED-ASTAL-60/40-0.8MM,COIL,3460
ELE-SOL-STA-30W,PCS,6550
ELE-SOL-TIN100250G,PCS,1280
ELE-SOL-TIN12MM250G,PCS,1290
ELE-SOL-TIN1MM17G,PCS,660
ELE-SOL-W0301C,PCS,2650
ELE-SOL-W2803,PCS,3980
ELE-SPI-OSR-23W,PCS,1880
ELE-STA-HOL,PCS,150
ELE-STR-WIR-WS0246,PCS,1790
ELE-SWI-SELCON-3A,PCS,3990
ELE-SWI-SQ-GRE,EA,420
ELE-SWI-SQ-RED,EA,420
ELE-SWI-TOG-1021,PCS,390
ELE-T/SKT-FLE-676N/ADS-3GL,PCS,1880
ELE-T/SKT-FLE-677N/ADS-4GL,PCS,2090
ELE-T/SKT-GF04S-4GANG,SET,1100
ELE-T/SKT-GF05S-5GANG,SET,1250
ELE-T5-1'-3000K,PCS,1600
ELE-T5-1'-6000K,PCS,1600
ELE-T5-2'-3000K,PCS,1780
ELE-T5-2'-6500K-LTS,PCS,1550
ELE-T5-3'-3000K,PCS,1990
ELE-T5-3'-4500K,PCS,1990
ELE-T5-3'-6000K,PCS,1990
ELE-T5-3'-CIELO-D/L,PCS,1900
ELE-T5-4'-3000K,PCS,2290
ELE-T5-4'-4500K,PCS,2290
ELE-T5-4'-6000K,PCS,2290
ELE-T5-4-CIELO-W/W,PCS,1880
ELE-T5-4FT-CIELO-D/L,PCS,1980
ELE-TEE-BAR-FATO-40A,LTH,1690
ELE-TEE-BAR-FATO-40A-PCS,PCS,50
ELE-TUB-2',PCS,590
ELE-TUB-9001-LKS32W,PCS,700
ELE-TUB-9001-LKS40W,PCS,700
ELE-TUB-FLU-36W,PCS,550
ELE-TUB-FLU-36W865,EA,550
ELE-TUB-FLU-TLD-18W/54,PCS,450
ELE-TUB-FLU-TLD-18W-8500K,PCS,590
ELE-TUB-FLU-TLD-36W/54,PCS,1650
ELE-TUB-HOL,EA,300
ELE-TUB-LED-22W-3000K,PCS,790
ELE-TUB-LED-22W-6500K,PCS,790
ELE-TUB-LED-2FT-10W-3000K,PCS,1120
ELE-TUB-LED-2FT-10W-6500K,PCS,750
ELE-TUB-LED-2FT-20W-6500K,PCS,990
ELE-TUB-LED-32W-6500K,PCS,1190
ELE-TUB-LED-4'-18W-3000K,PCS,990
ELE-TUB-LED-4'-20W,PCS,750
ELE-TUB-LED-4'-28W-6500K,PCS,1290
ELE-TUB-LED-4-60W-6500K,PCS,1750
ELE-TUB-LED-CAS-1200MM,PCS,650
ELE-TUB-LED-CAS-TL-140,SET,920
ELE-TUB-LED-CAS-XH0376,PCS,1250
ELE-TUB-LED-EMP-2',PCS,590
ELE-TUB-LED-EMP-4',PCS,660
ELE-WHI--B22-B27,PCS,250
ELE-WIR-WIR15Y/BLK,COIL,7500
ELE-WIR-WIR30Y/BLK,COIL,12650
ELE-WOO-BLOCK-7X9,PCS,430
ELE-WOO-BLOCK-8X10,EA,730
ELE-WOO-BLOCK-9X12,EA,950
ELE-WOO-BLOCK-9X14,EA,1150
ELE-WOO-BLOCK-9X16,EA,1220
EME-STO,PCS,377
ENR-2IN1-LIGHT-2AA,PCK,2980
ENR-METAL-EMER-32,PCK,7900
ESII-3048,UNIT(S),0
ETO-32A-MCB-SIRIM,PCS,1640
EXH-FAN-CIMA-EF-10-12F-CIE-WH,SET,13900
EXH-FAN-FN20A,PCS,8250
EXH-FAN-FN25A,PCS,8500
EXH-FAN-FN30A,PCS,9900
"EXH-FAN-KHI-08""-WHI-EF8001",SET,9900
"EXH-FAN-KHI-10""-WHI-EF1001",SET,10900
"EXH-FAN-KHI-12""-WHI-EF1201",SET,12500
EXH-FAN-OS-16EF,PCS,34800
EXH-FAN-OS-18EF,PCS,42900
EXT-SEA-TAP-3M,FTS,1800
FAB-CAS,PKT,0
FAN-ACC-BLA,PCS,3530
FAN-ACC-SPI,PCS,650
"FAN-BLA-KHI-AUTO-18""",PCS,3800
"FAN-BLA-LWD-12""",PCS,1090
"FAN-BLA-LWD-16""",PCS,1390
"FAN-BLA-PSN-12""",PCS,1600
"FAN-BLA-STAN-IND-26""",PCS,4350
FAN-CAP-1.5UF,PCS,500
FAN-CAP-1UF,PCS,500
FAN-CEI-ALP-FA113,UNIT,40900
FAN-CEI-ALP-FALKO 07,UNIT,59500
FAN-CEI-ALP-FALKO 08,UNIT,59500
FAN-CEI-ALP-FC13,UNIT,33500
FAN-CEI-ALP-FC32,UNIT,18500
FAN-CEI-ALP-FC38,UNIT,22900
FAN-CEI-ALP-FV37,UNIT,44900
FAN-CEI-DEKA-CCM34MG12,UNIT,29800
FAN-CEI-DEKA-CCML34MG12,UNIT,33900
FAN-CEI-DEKA-CCNL54RG12,UNIT,31800
FAN-CEI-DEKA-CDKN54MG12,UNIT,29800
FAN-CEI-DEKA-CDKN54OAK12,UNIT,29800
FAN-CEI-DEKA-CF5DC46MB12,UNIT,18800
FAN-CEI-DEKA-CF5DC56MB,UNIT,18900
FAN-CEI-DEKA-CF5DCL46MB12,UNIT,23800
FAN-CEI-DEKA-CF5DCL56MB12,UNIT,23900
FAN-CEI-DEKA-CF66DC66MB12,UNIT,28800
FAN-CEI-DEKA-CGNL54MB12,UNIT,31800
FAN-CEI-DEKA-CGNL54OAK12,UNIT,31800
FAN-CEI-DEKA-CX146BK12,UNIT,15800
FAN-CEI-DEKA-CX156BK12,UNIT,15900
FAN-CEI-FNW60CF,PCS,13900
FAN-CEI-KDK-15Y2-S-004,SET,68500
"FAN-CEI-KDK-60""",SET,21500
"FAN-CEI-KDK-K12UX-48""",PCS,89900
"FAN-CEI-KDK-K14PH-PBR-56""",PCS,44900
"FAN-CEI-KDK-K14PH-WA-56""",PCS,49800
"FAN-CEI-KDK-K14RH-EY-56""",PCS,39900
FAN-CEI-KDK-K14X2,SET,30900
FAN-CEI-KDK-K14XZ,SET,40900
FAN-CEI-KDK-K14YZ,SET,44900
FAN-CEI-KHI-BLK-CF615E,SET,18900
FAN-CEI-KHI-REM-SBE,PCS,2150
FAN-CEI-KHI-WHI-CF60CM,SET,15900
FAN-CEI-KHI-WHI-CF618,SET,18900
FAN-CEI-LED-RCF-MOZIA56-5BL-BT,PCS,54900
FAN-CEI-PSN-F-M14E2VBHH,PCS,47900
FAN-CEI-PSN-F-M15A0VBWH,PCS,19900
FAN-CEI-PSN-FV-25TGU3-WT,PCS,16900
FAN-CEI-RCF-MOZIA56-5B-BT,PCS,49900
FAN-CEI-REC-SI11,PCS,3990
FAN-CEI-SIB-SA42,SET,21900
FAN-CEI-SIB-SA56,SET,21800
FAN-CEI-SIB-SI11,SET,21900
"FAN-CEI-SIB-SI12-52""",SET,49900
"FAN-CEI-SIB-SI12-52""-DARK WOOD",SET,34900
FAN-CEI-SIB-SI91,SET,24900
FAN-DES-MOTTO-AFM01,UNIT,14900
"FAN-FLO-HIPSON-20""",SET,27900
FAN-FLO-KHI-FF1803B,SET,24900
FAN-FLO-KHI-FF2005,PCS,29900
"FAN-FLO-SINO-18""",SET,25900
"FAN-FLO-SINO-20""",SET,23900
FAN-HOOK-FH01,PCS,250
FAN-HOOK-FH02,PCS,330
FAN-KHI-AF1601,SET,25900
FAN-KHI-AF1801,SET,28800
FAN-MOT-ELE,PCS,2500
FAN-PAR-BLA,PCS,2490
FAN-PSN-F-M14C5VBHH,PCS,45900
FAN-PSN-F-M14C5VBPH,PCS,45900
FAN-PSN-F-M14C5VBWH,PCS,45900
FAN-PSN-F-M14D5VBWH,PCS,47900
FAN-PSN-F-M14DZVBKH,PCS,48800
FAN-PSN-FV-20AUM8,PCS,15800
FAN-PSN-FV-25AUM7-WT,PCS,17900
FAN-PSN-FV-30AUM8,PCS,21900
FAN-STA-AC9508SA-LR,SET,17200
FAN-STA-BSF-8031,PCS,11900
FAN-STA-DEKKA-FND168,PCS,12800
FAN-STA-DK-26SF,PCS,27900
"FAN-STA-HIPSON-20""",SET,27900
"FAN-STA-HIPSON-26""",SET,32900
"FAN-STA-IL-8""-60BK",PCS,11500
FAN-STA-KDK-KX405,PCS,26800
FAN-STA-KHI-SF1663H,SET,15500
FAN-STA-KHI-SF1682,SET,14900
FAN-STA-MIDEA-MFG180M0APB,SET,16800
FAN-STA-MID-MF-16FS23C-BK,PCS,11500
"FAN-STA-MIL-16""",SET,10500
"FAN-STAND-TAICON-20""",SET,23900
FAN-STA-OS-20SF,PCS,29900
FAN-STA-OS-26SF,PCS,34900
FAN-STA-PSN-F-MX405-BC,PCS,26900
FAN-STA-PSN-F-MX405-BLA,PCS,2200
FAN-STA-PSN-F-MX405-BN,PCS,26900
FAN-STA-PSN-F-MX405-CA,PCS,26900
"FAN-STA-SINO-18""",SET,24900
"FAN-STA-SINO-20""",SET,27900
"FAN-STA-SINO-26""",SET,29500
FAN-TAB-BTF-8001,SET,11500
FAN-TAB-DEKKA-FNBF-16,PCS,18800
FAN-TAB-DEKKA-FNFS402,PCS,8500
FAN-TAB-KDK-KB-304,PCS,16900
FAN-TAB-KDK-KB-404,PCS,18900
FAN-TAB-KHI-TF1210SE-LAV,SET,10500
FAN-TAB-KHI-TF1660TH,SET,13500
FAN-TAB-KHI-TF168,SET,11900
FAN-TAB-KHI-TF16E13-VIN.ROSE,SET,13500
"FAN-TAB-MID-16""",PCS,11900
FAN-TAB-MID-MF-16FT17NB,PCS,10800
FAN-TAB-MIT-D16-GU16,PCS,16900
FAN-TAB-PSN-F-MN304-AB,PCS,17900
FAN-TAB-PSN-F-MN304-GR,PCS,17900
FAN-TAB-PSN-F-MN304-MG,PCS,16900
FAN-TAB-PSN-F-MN404-AB,PCS,17900
FAN-TAB-PSN-F-MN404-GP,PCS,19500
FAN-TAB-SHA-PJT129GY,PCS,11500
"FAN-VEN-KDK-15TGQZ-6""",UNIT,12500
"FAN-VEN-KDK-15WUD-6""",PCS,18800
"FAN-VEN-KDK-20AWM8-8""",PCS,14900
"FAN-VEN-KDK-20TGQF-8""",PCS,18900
"FAN-VEN-KDK-20WUD-8""",PCS,23900
"FAN-VEN-KDK-25AQM7-10""",PCS,16800
"FAN-VEN-KDK-25TGQZ-10""",PCS,16900
"FAN-VEN-KDK-30AQM8-12""",PCS,19900
FAN-VIO-F017,SET,14900
"FAN-WAL-HIPSON-26""",SET,27900
"FAN-WAL-HIPSSEN-20""",SET,30900
FAN-WAL-HOOK-31183,PCS,400
FAN-WAL-KHI-FW1660TH,SET,19900
FAN-WAL-KHI-FW16G2,SET,19900
FAN-WAL-KHI-FW16JR,SET,20900
FAN-WALL-BWF-8051R,SET,14900
"FAN-WALL-KDK-KU408-16""",PCS,24800
"FAN-WALL-KDK-KU-408-YG-16""",PCS,24900
"FAN-WALL-KDK-KU453-18""",PCS,31800
"FAN-WALL-NIKO-26""",PCS,32900
"FAN-WALL-TAICON-20""",SET,23800
"FAN-WALL-TAICON-26""",SET,22900
FAN-WAL-OS-16WF,SET,19500
FAN-WAL-PSN-F-MU408-WT,PCS,26800
"FAN-WAL-SINO-20""",SET,23900
"FAN-WAL-SINO-26""",SET,29900
FAN-WAL-TAICON-TC-11006,SET,11500
FAN-WAL-TAICON-TC-11007,SET,12200
"FAS-ANC-FASTENIC-M6 X 1 1/2""",PCS,70
"FAS-ANC-FASTENIC-M6 X 1 1/4""",PCK,520
"FAS-ANC-FASTENIC-M6 X 2""",PCS,75
FAS-ANC-M6X30MM,PCS,50
FAS-ANC-M6X40MM,PCS,60
FAS-ANC-PJA-0650,PCS,60
FAS-ANC-PJA-0866,PCS,80
FAS-ANC-PJA-0975,PCS,130
FAS-ANC-PJA-0980,PCS,190
FAS-ANC-PJA-12100,PCS,290
FAS-BAN-STE-12MM,ROLL,990
FAS-BAN-STE-17MM,ROLL,1290
FAS-BOL-ANC06,PCK,220
FAS-BOL-ANC07,PCK,250
FAS-BOL-ANC09,PCK,350
FAS-BOL-ANC12,PCK,650
FAS-BOL-EXP-0650,PCS,140
FAS-BOL-EXP-0865,PCS,170
FAS-BOL-EXP-0875,PCS,200
FAS-BOL-EXP-1075,PCS,240
FAS-BOL-EXP-12100,PCS,430
FAS-BOL-EXP-OAC120-M6X70X40,PCS,530
FAS-BOL-EXP-OAC130-M8X90X50,PCS,680
FAS-BOL-EXP-TRAC120-M6X70X40,PCS,570
FAS-BOL-EXP-TRAC130-M8X90X50,PCS,730
FAS-BOL-EXP-TRAC140-M10X110X60,PCS,1150
FAS-BOL-EXP-TRAC150-M12-140-80,PCS,1790
FAS-HOO-EYE-10#,PCS,60
FAS-HOO-EYE-12#,PCS,90
FAS-HOO-EYE-14#,PCS,110
FAS-HOO-EYE-16#,PCS,130
FAS-HOO-EYE-18#,PCS,190
FAS-HOO-EYE-2#,PCK,240
FAS-HOO-EYE-3#,PCK,220
FAS-HOO-EYE-4#,PCK,150
FAS-HOO-EYE-6#,PCK,170
"FAS-PLU-PVC-GRE-6MMX1""",PCK,220
FAS-PLU-PVC-GRE-7MM25,PCK,250
FAS-PLU-PVC-GREY-8X40MM,PCS,270
FAS-PLU-PVC-GREY-SW260,PCK,130
FAS-PLU-PVC-RED,PCS,100
FAS-PLU-PVC-RED-6MM,PCS,100
FAS-PLU-PVC-RED-6MM25,PCK,220
"FAS-RIV-PAT-1/8""X1/2""-BOX",BOX,3350
"FAS-RIV-PAT-1/8""X1/2""-PCK",PCK,140
"FAS-RIV-PAT-1/8""X1/4""-BOX",BOX,2490
"FAS-RIV-PAT-1/8""X1/4""-PCK",PCK,120
"FAS-RIV-PAT-1/8""X3/4""-BOX",BOX,4990
"FAS-RIV-PAT-1/8""X3/4""-PCK",PCK,190
"FAS-RIV-PAT-1/8""X3/8""-BOX",BOX,2980
"FAS-RIV-PAT-1/8""X3/8""-PCK",PCK,120
"FAS-RIV-PAT-1/8""X5/16""-BOX",BOX,2850
"FAS-RIV-PAT-1/8""X5/16""-PCK",PCK,130
"FAS-RIV-PAT-3/16""X3/4""-BOX",BOX,4090
"FAS-RIV-PAT-3/16""X3/4""-PCK",PCK,290
"FAS-RIV-PAT-3/16""X3/8""-BOX",BOX,2790
"FAS-RIV-PAT-3/16""X3/8""-PCK",PCK,180
"FAS-RIV-PAT-3/16""X5/8""-BOX",BOX,3650
"FAS-RIV-PAT-3/16""X5/8""-PCK",PCK,250
FAS-RIV-PAT-3/16X1/2-BOX,BOX,3250
FAS-RIV-PAT-3/16X1/2-PCK,PCK,220
FAS-RIV-PAT-5/32X1/2-BOX,BOX,2590
FAS-RIV-PAT-5/32X1/2-PCK,PCK,170
FAS-RIV-PAT-5/32X3/4-BOX,BOX,4490
FAS-RIV-PAT-5/32X3/4-PCK,PCK,320
FAS-RIV-PAT-5/32X3/8-BOX,BOX,4490
FAS-RIV-PAT-5/32X3/8-PCK,PCK,170
FAS-RIV-PAT-5/32X5/8-BOX,BOX,3150
FAS-RIV-PAT-5/32X5/8-PCK,PCK,210
"FAS-SCR-3""-DSM-HRW 675",PCK,1590
FAS-SCR-COA-M6030,PCS,30
FAS-SCR-COA-M6040,PCS,30
FAS-SCR-COA-M6050,PCS,40
FAS-SCR-COA-M6060,PCS,40
FAS-SCR-COA-M6070,PCS,50
FAS-SCR-COA-M8025,PCS,40
FAS-SCR-COA-M8030,PCS,40
FAS-SCR-COA-M8040,PCS,60
FAS-SCR-COA-M8050,PCS,60
FAS-SCR-COA-M8060,PCS,70
FAS-SCR-COA-M8070,PCS,80
"FAS-SCR-CSK-1 1/2"" X 6G - BOX",BOX,7900
"FAS-SCR-CSK-1 1/2"" X 8G",PCK,420
"FAS-SCR-CSK-1 1/2"" X 8G-BOX",BOX,11900
"FAS-SCR-CSK-1 1/2""X6G",PCK,290
"FAS-SCR-CSK-1 1/4"" X 6G",PCK,260
"FAS-SCR-CSK-1 1/4"" X 6G - BOX",BOX,6990
"FAS-SCR-CSK-1 1/4"" X 8G",PCK,360
"FAS-SCR-CSK-1 1/4"" X 8G-BOX",BOX,9900
"FAS-SCR-CSK-1"" X 6G - BOX",BOX,5880
"FAS-SCR-CSK-1"" X 6G-PCK",PCK,220
"FAS-SCR-CSK-1"" X 8G - BOX",BOX,7390
"FAS-SCR-CSK-1"" X 8G-PCK",PCK,230
"FAS-SCR-CSK-3"" X 8G - BOX",BOX,8900
"FAS-SCR-CSK-3"" X 8G-PCK",PCK,420
"FAS-SCR-CSK-3/4"" X 6G",PCK,160
"FAS-SCR-CSK-3/4"" X 6G - BOX",BOX,4990
"FAS-SCR-CSK-3/4"" X 8G",PCK,260
"FAS-SCR-DRY-BLA-6#1""",PCK,150
"FAS-SCR-DRY-BLA-6#1""BOX",BOX,1290
"FAS-SCR-DRY-BLA-6#1-1/2""",PCK,190
"FAS-SCR-DRY-BLA-6#1-1/2""BOX",BOX,1290
"FAS-SCR-DRY-BLA-6#1-1/4""",PCK,150
"FAS-SCR-DRY-BLA-6#1-1/4""BOX",BOX,1290
"FAS-SCR-DRY-BLA-6#2""",PCK,190
"FAS-SCR-DRY-BLA-6#2""BOX",BOX,1290
"FAS-SCR-DRY-BLA-6#3/4""",PCK,130
"FAS-SCR-DRY-BLA-6#3/4""-BOX",BOX,1290
"FAS-SCR-DRY-WHI-6#1""",PCK,130
"FAS-SCR-DRY-WHI-6#1""BOX",BOX,1290
"FAS-SCR-DRY-WHI-6#1.1/2""",PCK,180
"FAS-SCR-DRY-WHI-6#1.1/2""BOX",BOX,1290
"FAS-SCR-DRY-WHI-6#1.1/4""",PCK,180
"FAS-SCR-DRY-WHI-6#1.1/4""-BOX",BOX,1290
"FAS-SCR-DRY-WHI-6#2""",PCK,180
"FAS-SCR-DRY-WHI-6#2""-BOX",BOX,1290
"FAS-SCR-DRY-WHI-6#3/4""",PCK,130
"FAS-SCR-DRY-WHI-6#3/4""-BOX",BOX,1290
FAS-SCR-DS516HOW-BOX,BOX,4900
FAS-SCR-DS520HOW-BOX,BOX,4900
FAS-SCR-DS520HW-MET,BOX,6050
FAS-SCR-DS525HW-MET,BOX,6790
FAS-SCR-DS525HW-MET-PCK,PCK,950
FAS-SCR-DS645HW-MET,BOX,7950
FAS-SCR-DS650HW-MET,BOX,8690
FAS-SCR-DS650HW-MET-250,BOX,5590
FAS-SCR-DS650HW-MET-PCK,PCK,1550
FAS-SCR-DS665HW-MET,BOX,5790
"FAS-SCR-F/H-1 1/2"" X 8#",PKT,290
"FAS-SCR-F/H-1 1/2"" X 8# BOX",BOX,8500
"FAS-SCR-F/H-1 1/4"" X 8#",PKT,280
"FAS-SCR-F/H-1 1/4"" X 8# BOX",BOX,7450
"FAS-SCR-F/H-1"" X 8#",PKT,200
"FAS-SCR-F/H-1"" X 8# BOX",BOX,5850
"FAS-SCR-F/H-2"" X 8#",PKT,390
"FAS-SCR-F/H-2"" X 8# BOX",BOX,5880
"FAS-SCR-F/H-3/4"" X 8#",PCK,180
"FAS-SCR-F/H-3/4"" X 8# BOX",BOX,5090
"FAS-SCR-F/H-5/8"" X 8#",PCK,150
"FAS-SCR-F/H-5/8"" X 8# BOX",BOX,4680
FAS-SCR-MET-PAT-019MM,PCS,9
FAS-SCR-MET-PAT-025MM,PCS,11
FAS-SCR-MET-PAT-045MM,PCS,13
FAS-SCR-MET-PAT-050MM,PCS,15
FAS-SCR-MET-PAT-065MM,PCS,18
"FAS-SCR-P/H-1 1/2"" X 8#",PCK,350
"FAS-SCR-P/H-1 1/2"" X 8#-500PCS",BOX,5900
"FAS-SCR-P/H-1 1/2"" X 8#-500PCS/BOX",BOX,5900
"FAS-SCR-P/H-1 1/4"" X 8#",PCK,250
"FAS-SCR-P/H-1 1/4"" X 8#-BOX",BOX,9800
"FAS-SCR-P/H-1"" X 8#",PCK,230
"FAS-SCR-P/H-1"" X 8#-BOX",BOX,6190
"FAS-SCR-P/H-3/4"" X 8#",PCK,210
"FAS-SCR-P/H-3/4"" X 8#-BOX",BOX,5900
"FAS-SCR-P/H-5/8"" X 8#",PCK,170
"FAS-SCR-P/H-5/8"" X 8#-BOX",BOX,4990
"FAS-SCR-TAP-CSK-10#1""",PACK,160
"FAS-SCR-TAP-CSK-10#1""-BOX",BOX,4850
"FAS-SCR-TAP-CSK-10#1-1/2""",PCK,200
"FAS-SCR-TAP-CSK-10#1-1/2""-BOX",BOX,6490
"FAS-SCR-TAP-CSK-10#2""",PCK,250
"FAS-SCR-TAP-CSK-10#2""-BOX",BOX,7590
"FAS-SCR-TAP-CSK-10#2-1/2""",PCK,290
"FAS-SCR-TAP-CSK-10#2-1/2""-BOX",BOX,4990
"FAS-SCR-TAP-CSK-10#3""",PACK,200
"FAS-SCR-TAP-CSK-6#1""",PACK,160
"FAS-SCR-TAP-CSK-6#1""-BOX",BOX,4490
"FAS-SCR-TAP-CSK-6#1/2""",PCK,110
"FAS-SCR-TAP-CSK-6#1/2""-BOX",BOX,2990
"FAS-SCR-TAP-CSK-6#1-1/2""",PACK,210
"FAS-SCR-TAP-CSK-6#1-1/2""-BOX",BOX,6200
"FAS-SCR-TAP-CSK-6#2""",PACK,140
"FAS-SCR-TAP-CSK-6#2""-BOX",BOX,3990
"FAS-SCR-TAP-CSK-6#2-1/2""",PACK,180
"FAS-SCR-TAP-CSK-6#2-1/2""-BOX",BOX,5390
"FAS-SCR-TAP-CSK-6#3""",PACK,210
"FAS-SCR-TAP-CSK-6#3""-BOX",BOX,6590
"FAS-SCR-TAP-CSK-6#3/4""",PACK,120
"FAS-SCR-TAP-CSK-6#5/8""",PACK,120
"FAS-SCR-TAP-CSK-6#5/8""-BOX",BOX,3290
FAS-SCR-TAP-CSK-6#X3/4-BOX,BOX,3790
"FAS-SCR-TAP-CSK-8#1 1/2""",PACK,140
"FAS-SCR-TAP-CSK-8#1 1/2""-BOX",BOX,8950
"FAS-SCR-TAP-CSK-8#1""-BOX",BOX,6790
"FAS-SCR-TAP-CSK-8#1""-PCK",PACK,120
"FAS-SCR-TAP-CSK-8#1/2""",PACK,150
"FAS-SCR-TAP-CSK-8#1/2""-BOX",BOX,4290
"FAS-SCR-TAP-CSK-8#2 1/2""",PACK,200
"FAS-SCR-TAP-CSK-8#2 1/2""-BOX",BOX,6800
"FAS-SCR-TAP-CSK-8#2""",PACK,170
"FAS-SCR-TAP-CSK-8#2""-BOX",BOX,5590
"FAS-SCR-TAP-CSK-8#3/8""-BOX",BOX,3790
"FAS-SCR-TAP-CSK-8#3/8""-PCK",PCK,130
"FAS-SCR-TAP-CSK-8#5/8""-BOX",BOX,4980
"FAS-SCR-TAP-CSK-8#5/8""-PCK",PACK,170
"FAS-SCR-TAP-PAN-6#1""",PACK,170
"FAS-SCR-TAP-PAN-6#3/4""",PACK,120
"FAS-SCR-TAP-PAN-8#1""",PACK,190
"FAS-SCR-TAP-PAN-8#1.1/4""",PCK,260
"FAS-SCR-TAP-PAN-8#1/2""",PACK,180
"FAS-SCR-TAP-PAN-8#1/2""-BOX",BOX,5880
"FAS-SCR-TAP-PAN-8#3/4""",PCK,220
FAS-SCR-TD640HW-WOOD,BOX,6150
FAS-SCR-TD640HW-WOOD-500PCS/BOX,BOX,9650
FAS-SCR-TD640HW-WOOD-PCK,PCK,1420
FAS-SCR-TD650HW-WOOD,BOX,5690
FAS-SCR-TD650HW-WOOD-400PCS,BOX,8990
FAS-SCR-TD650HW-WOOD-PCK,PCK,1590
FAS-SCR-TD665HW-WOOD,BOX,6750
FAS-SCR-TD665HW-WOOD-PCK,PCK,1790
"FAS-SCR-TD-HRW 525-1""",PCK,750
FAS-SCR-TD-HRW 625- 1',PCK,850
"FAS-SCR-TD-HRW 640- 1 1/2""",PCK,960
"FAS-SCR-TD-HRW 675-3""",PCK,1690
FAS-SCR-TECH-METAL-19MM-BOX,BOX,3550
FAS-SCR-TECH-METAL-19MM-PCK,PCK,520
FAS-SCR-TECH-METAL-25MM-BOX,BOX,3390
FAS-SCR-TECH-METAL-25MM-PCK,PCK,600
FAS-SCR-TECH-METAL-45MM-BOX,BOX,2880
FAS-SCR-TECH-METAL-45MM-PCK,PCK,780
FAS-SCR-TECH-METAL-50MM-BOX,BOX,2650
FAS-SCR-TECH-METAL-50MM-PCK,PCK,890
FAS-SCR-TECH-METAL-65MM-BOX,BOX,2490
FAS-SCR-TECH-METAL-65MM-PCK,PCK,1050
FAS-SCR-TECH-WOOD-50MM-BOX,BOX,2670
FAS-SCR-TECH-WOOD-50MM-PCK,PCK,790
FAS-SCR-TECH-WOOD-65MM-BOX,BOX,2390
FAS-SCR-TECH-WOOD-65MM-PCK,PCK,890
FAS-SCR-WOO-PAT-050MM,PCS,15
FAS-SCR-WOO-PAT-065MM,PCS,19
FAS-SCR-WOO-PAT-065MM-B,BOX,3491
FAS-SCR-ZPH-DSMHO516,PCS,8
FAS-SCR-ZPH-DSMHO516-BOX,BOX,5600
FAS-SCR-ZPH-DSMHO520,PCS,8
FAS-SCR-ZPH-DSMHO520-BOX,BOX,7600
FAS-SCR-ZPH-DSMHO525,PCK,320
FAS-SCR-ZPH-DSMHO525-BOX-500PC,BOX,5900
FAS-SCR-ZPH-DSMHO525-BOX-500PCS,BOX,5900
FAS-SCR-ZPH-DSMHO620,PCS,14
FAS-SCR-ZPH-DSMHO620-BOX,BOX,6500
FAS-SCR-ZPH-DSMHO625,PCK,420
FAS-SCR-ZPH-DSMHO625-BOX,BOX,7200
FAS-SHE-EYE-RING-3#,PCK,260
FAS-SHE-EYE-RING-4#,PCK,170
FAS-SHE-EYE-RING-6#,PCK,190
FAU-VAGO-TAP-ACC004,PCS,520
FDD-CON-FEM-BLUE,PCK,990
FDD-CON-FEM-BLUE-10PCS/PCK,PCK,650
FDD-CON-FEM-RED,PCK,990
FDD-CON-FEM-RED-10PCS/PCK,PCK,650
FDD-CON-FEM-YEL,PCK,990
FDD-CON-FEM-YEL-10PCS/PCK,PCK,720
FDD-CON-FEM-YEL-5.5,PCK,1390
FIB-CLO-GUM,SET,7200
FIL-GAU-W2868A,PCS,890
FIR-BLA-1.2M,UNIT,6500
FIR-BLA-1.8M,UNIT,7900
FIR-CHA-2KG,PCK,670
FIR-EXT-ABC-1KG,NOS,10500
FIR-EXT-ABC-2KG,NOS,11900
FIR-EXT-CO2-2KG,NOS,17900
FIR-EXT-EVE-9KG,PCS,15500
FIR-EXT-FIMAX-1KG,PCS,5290
FIR-HOO-31150,PCS,390
FIR-LIG-CRI,PCS,130
FIR-LIG-WL-545,PCS,110
"FIT-BUT-CON-MALE-25MMX3/4""",PCS,540
FIT-BUT-ELB-20X20MM,PCS,410
FIT-BUT-ELB-25X20MM,PCS,520
FIT-BUT-ELB-25X25MM,PCS,470
FIT-BUT-ELB-32X32MM,PCS,560
"FIT-BUT-ELB-FEM-SWI-1/2""BSPTX2",PCS,750
"FIT-BUT-ELB-FEM-SWI-1/2""BSPTX20",PCS,750
"FIT-BUT-ELB-FEM-SWI-25MMX1/2""",PCS,850
"FIT-BUT-ELB-FEM-SWI-25MMX3/4""",PCS,1120
"FIT-BUT-ELB-LUG-1/2""BSPTX20",PCS,510
"FIT-BUT-ELB-MALE-20MMX1/2""",PCS,390
"FIT-BUT-ELB-MALE-20MMX3/4""",PCS,380
"FIT-BUT-ELB-MALE-25MMX1/2""",PCS,490
"FIT-BUT-ELB-MALE-25MMX3/4""",PCS,490
FIT-BUT-END-PLUG-20MM,PCS,150
FIT-BUT-END-PLUG-25MM,PCS,230
FIT-BUT-STR-20X20MM,PCS,420
FIT-BUT-STR-COU-25MMX20MM,PCS,450
FIT-BUT-STR-COU-25MMX25MM,PCS,470
"FIT-BUT-STR-FEM-SWI-20MMX1/2""",PCS,650
"FIT-BUT-STR-FEM-SWI-25MMX1/2""",PCS,820
"FIT-BUT-STR-FEM-SWI-25MMX3/4""",PCS,1050
"FIT-BUT-STR-HOS-20MMX1/2""",PCS,550
"FIT-BUT-STR-MALE-20MMX1/2""",PCS,250
"FIT-BUT-STR-MALE-20MMX3/4""",PCS,290
"FIT-BUT-STR-MALE-25MMX1/2""",PCS,240
"FIT-BUT-STR-MALE-25MMX3/4""",PCS,350
FIT-BUT-TEE-20X20X20MM,PCS,410
FIT-BUT-TEE-25X25X20MM,PCS,390
FIT-BUT-TEE-EQU-25X25X25MM,PCS,390
"FIT-BUT-TEE-MALE-20X20MMX1/2""",PCS,420
"FIT-BUT-TEE-MALE-25MMX3/4""",PCS,430
FIT-GAL-BUSH-12MMX18MM,PCS,200
FIT-GAL-BUSH-18MMX25MM,PCS,320
FIT-GAL-CAP-12MM,PCS,190
FIT-GAL-CAP-18MM,PCS,250
FIT-GAL-CAP-25MM,PCS,380
FIT-GAL-CAP-38MM,PCS,670
FIT-GAL-ELBW-12MM,PCS,250
FIT-GAL-ELBW-18MM,PCS,350
FIT-GAL-ELBW-25MM,PCS,590
FIT-GAL-ELBW-38MM,PCS,790
FIT-GAL-NIP-12MM,PCS,170
FIT-GAL-NIP-18MM,PCS,250
FIT-GAL-NIP-25MM,PCS,390
FIT-GAL-NIP-38MM,PCS,850
FIT-GAL-NIP-REC-12MMX18MM,PCS,460
FIT-GAL-PLUG-12MM,PCS,160
FIT-GAL-PLUG-18MM,PCS,190
FIT-GAL-REC-TEE- 12MM X 18MM,PCS,390
FIT-GAL-SOC-12MM,PCS,220
FIT-GAL-SOC-18MM,PCS,270
FIT-GAL-SOC-25MM,PCS,420
FIT-GAL-SOC-38MM,PCS,620
FIT-GAL-SOC-REC-12MMX18MM,PCS,380
FIT-GAL-TEE-12MM,PCS,280
FIT-GAL-TEE-18MM,PCS,350
FIT-GAL-TEE-25MM,PCS,580
FIT-GAL-TEE-38MM,PCS,1100
"FIT-HDPE-ADA-FEM-20MMX1/2""",PCS,170
"FIT-HDPE-ADA-FEM-20MMX3/4""",PCS,170
"FIT-HDPE-ADA-FEM-25MMX1""",PCS,250
"FIT-HDPE-ADA-FEM-25MMX1/2""",PCS,220
"FIT-HDPE-ADA-FEM-25MMX3/4""",PCS,240
"FIT-HDPE-ADA-MAL-20MMX1/2""",PCS,130
"FIT-HDPE-ADA-MAL-20MMX3/4""",PCS,130
FIT-HDPE-ADA-MAL-25MMX1,PCS,220
"FIT-HDPE-ADA-MAL-25MMX1/2""",PCS,180
"FIT-HDPE-ADA-MAL-25MMX3/4""",PCS,180
"FIT-HDPE-ADA-MAL-32MMX1""",PCS,270
FIT-HDPE-BEN-ELB-20MM,PCS,300
FIT-HDPE-BEN-ELB-25MM,PCS,320
FIT-HDPE-BEN-ELB-32MM,PCS,470
"FIT-HDPE-BEN-FEM-20MMX1/2""",PCS,240
FIT-HDPE-BEN-FEM-20MMX34,PCS,240
"FIT-HDPE-BEN-FEM-25MMX1""",PCS,310
"FIT-HDPE-BEN-FEM-25MMX1/2""",PCS,240
"FIT-HDPE-BEN-FEM-25MMX3/4""",PCS,300
"FIT-HDPE-BEN-MAL-20MMX1/2""",PCS,200
"FIT-HDPE-BEN-MAL-20MMX3/4""",PCS,200
"FIT-HDPE-BEN-MAL-25MMX1""",PCS,260
"FIT-HDPE-BEN-MAL-25MMX1/2""",PCS,260
"FIT-HDPE-BEN-MAL-25MMX3/4""",PCS,260
"FIT-HDPE-BUS-1""X1/2""",PCS,110
FIT-HDPE-BUS-1X3/4,PCS,100
"FIT-HDPE-BUS-3/4""X1/2""",PCS,80
FIT-HDPE-CAP-20MM,PCS,160
FIT-HDPE-CAP-25MM,PCS,200
FIT-HDPE-CAP-32MM,PCS,290
FIT-HDPE-CON-20MM,PCS,320
"FIT-HDPE-ELB-FEM-20MMX1/2""",PCS,610
"FIT-HDPE-ELB-FEM-25MMX1/2""",PCS,850
"FIT-HDPE-NIP-1""X1""",PCS,120
"FIT-HDPE-NIP-1""X1/2""",PCS,120
"FIT-HDPE-NIP-1""X3/4""",PCS,120
"FIT-HDPE-NIP-12""X12""",PCS,90
"FIT-HDPE-NIP-3/4""X1/2""",PCS,80
"FIT-HDPE-NIP-3/4""X3/4""",PCS,80
FIT-HDPE-ORI-20MM,PCS,110
FIT-HDPE-ORI-25MM,PCS,150
FIT-HDPE-ORI-32MM,PCS,190
FIT-HDPE-SOC-25MMX20MM,PCS,290
FIT-HDPE-SOC-32MMX25MM,PCS,470
FIT-HDPE-SOC-COU-20MM,PCS,280
FIT-HDPE-SOC-COU-25MM,PCS,330
FIT-HDPE-SOC-COU-32MM,PCS,490
FIT-HDPE-TEE-20MM,PCS,380
FIT-HDPE-TEE-25MM,PCS,470
FIT-HDPE-TEE-25MMX20MM,PCS,550
FIT-HDPE-TEE-32MM,PCS,750
FIT-HDPE-TEE-32MMX20MM,PCS,750
FIT-HDPE-TEE-32MMX25MM,PCS,720
"FIT-HDPE-TEE-FEM-20MMX1/2""",PCS,300
"FIT-HDPE-TEE-FEM-25MMX1/2""",PCS,360
"FIT-HDPE-TEE-FEM-25MMX3/4""",PCS,380
"FIT-HDPE-TEE-MAL-20MMX1/2""",PCS,300
"FIT-HDPE-TEE-MAL-20MMX3/4""",PCS,310
"FIT-HDPE-TEE-MAL-25MMX1/2""",PCS,400
FIT-PAC,BAG,0
FIT-PVC-CAP-15MM,PCS,50
FIT-PVC-CAP-20MM,PCS,70
FIT-PVC-CAP-25MM,PCS,90
FIT-PVC-CAP-32MM,PCS,220
FIT-PVC-CAP-40MM,PCS,250
FIT-PVC-CAP-50MM,PCS,260
FIT-PVC-CON-15MM,PCS,180
FIT-PVC-CON-20MM,PCS,250
FIT-PVC-CON-25MM,PCS,430
FIT-PVC-CON-32MM,PCS,770
FIT-PVC-CON-40MM,PCS,650
FIT-PVC-CON-50MM,PCS,900
FIT-PVC-ELB-15MM*,PCS,70
FIT-PVC-ELB-20MM,PCS,130
FIT-PVC-ELB-20MMX15MM,PCS,180
FIT-PVC-ELB-25MM,PCS,210
FIT-PVC-ELB-32MM,PCS,230
FIT-PVC-ELB-40MM,PCS,250
FIT-PVC-ELB-40MM(D),PCS,450
FIT-PVC-ELB-45DEG40MM,PCS,160
FIT-PVC-ELB-45DEG50MM,PCS,340
FIT-PVC-ELB-50MM,PCS,360
"FIT-PVC-ELB-6""(155MM)",PCS,2690
FIT-PVC-ELB-80MM,PCS,470
FIT-PVC-ELB-PT15MM,PCS,130
FIT-PVC-ELB-PT20MM,PCS,150
FIT-PVC-ELB-PT25MM,PCS,190
FIT-PVC-ELB-PT32MM,PCS,350
FIT-PVC-ELB-PT40MM,PCS,450
FIT-PVC-ELB-PT50MM,PCS,590
"FIT-PVC-NIP-1""X1.1/4""",PCS,260
"FIT-PVC-NIP-1""X1/2""",PCS,140
"FIT-PVC-NIP-1""X3/4""",PCS,150
"FIT-PVC-NIP-1.1/2""X1.1/4""",PCS,300
"FIT-PVC-NIP-2""X1.1/2""",PCS,530
FIT-PVC-PLU-15MM,PCS,60
FIT-PVC-PLU-20MM,PCS,80
FIT-PVC-PLU-25MM,PCS,110
FIT-PVC-PLU-32MM,PCS,160
FIT-PVC-PLU-40MM,PCS,190
FIT-PVC-PLU-50MM,PCS,240
FIT-PVC-SOC-15MM,PCS,110
FIT-PVC-SOC-20MM,PCS,200
FIT-PVC-SOC-25MM,PCS,230
FIT-PVC-SOC-32MM,PCS,350
FIT-PVC-SOC-40MM,PCS,430
FIT-PVC-SOC-40MM(D),PCS,410
FIT-PVC-SOC-50MM,PCS,420
"FIT-PVC-SOC-6""(155MM)",PCS,2690
FIT-PVC-SOC-DE15MM,PCS,90
FIT-PVC-SOC-DE20MM,PCS,100
FIT-PVC-SOC-DE25MM,PCS,130
FIT-PVC-SOC-DE32MM,PCS,190
FIT-PVC-SOC-DE40MM,PCS,210
FIT-PVC-SOC-DE50MM,PCS,350
FIT-PVC-SOC-REC-20MMX15MM,PCS,70
FIT-PVC-TEE-15MM,PCS,110
FIT-PVC-TEE-20MM,PCS,160
FIT-PVC-TEE-20MMX15MM,PCS,210
FIT-PVC-TEE-25MM,PCS,200
FIT-PVC-TEE-32MM,PCS,240
FIT-PVC-TEE-40MM,PCS,300
FIT-PVC-TEE-50MM,PCS,590
FIT-PVC-TEE-80MM,PCS,1230
FIT-PVC-TEE-PT15MM,PCS,150
FIT-PVC-VAL-SOC-15MM,PCS,70
FIT-PVC-VAL-SOC-20MM,PCS,90
FIT-PVC-VAL-SOC-25MM,PCS,170
FIT-PVC-VAL-SOC-32MM,PCS,250
FIT-PVC-VAL-SOC-40MM,PCS,290
FIT-PVC-VAL-SOC-50MM,PCS,390
"FIT-SS225-BUS-3/4""X1/2""-SUS304",PCS,490
"FIT-SS231-ELB-MXF-1/2""-SUS304",PCS,600
"FIT-SS232-ELB-1/2""-SUS304",PCS,490
"FIT-SS232-ELB-3/4""-SUS304",PCS,750
"FIT-SS232R-ELB-REC-3/4""X1/2""-SUS304",PCS,850
"FIT-SS233-PLU-1/2""-SUS304",PCS,350
"FIT-SS233-PLU-3/4""-SUS304",PCS,490
"FIT-SS235-TEE-1/2""-SUS304",PCS,660
"FIT-SS235-TEE-3/4""-SUS304",PCS,980
"FIT-SS237-SOC-1/2""-SUS304",PCS,450
"FIT-SS237-SOC-3/4""-SUS304",PCS,590
"FIT-SS239R-SOC-REC-MXF-3/4""-SUS304",PCS,350
"FIT-SS239-SOC-MXF-1/2""-SUS304",PCS,350
"FIT-SS239-SOC-MXF-3/4""-SUS304",PCS,420
"FIT-SS240R-SOC-REC-3/4""X1/2""",PCS,630
"FIT-SS245-NIP-1/2""-SUS304",PCS,310
"FIT-SS245-NIP-3/4""-SUS304",PCS,500
"FIT-SS355-TEE-1/2""",PCS,600
"FIT-SS366-TEE-1/2""",PCS,590
"FIT-SS375-TEE-1/2""",PCS,840
"FIT-SS376-TEE-1/2""",PCS,830
"FIT-SS378-TEE-1/2""",PCS,590
FIT-U-BUSH-110X50MM,PCS,690
FIT-UPVC-BEN-ELB-110MM,PCS,650
FIT-UPVC-BEN-ELB-155MM,PCS,3290
FIT-UPVC-BEN-ELB-32MM,PCS,160
FIT-UPVC-BEN-ELB-40MM,PCS,190
FIT-UPVC-BEN-ELB-45-110MM,PCS,850
FIT-UPVC-BEN-ELB-45-155MM,PCS,2980
FIT-UPVC-BEN-ELB-45-32MM,PCS,150
FIT-UPVC-BEN-ELB-45-40MM,PCS,250
FIT-UPVC-BEN-ELB-45-50MM,PCS,290
FIT-UPVC-BEN-ELB-45-82MM,PCS,750
FIT-UPVC-BEN-ELB-50MM,PCS,270
"FIT-UPVC-BEN-ELB-8""",PCS,7600
FIT-UPVC-BEN-ELB-82MM,PCS,630
FIT-UPVC-BEN-ELB-W/D-110MM,PCS,1950
FIT-UPVC-BEN-ELB-W/D-50MM,PCS,350
FIT-UPVC-BUSH-110X82MM,PCS,750
FIT-UPVC-BUSH-32X50MM,PCS,390
FIT-UPVC-CAP-110MM,PCS,630
FIT-UPVC-CAP-160MM,PCS,2690
FIT-UPVC-CAP-50MM,PCS,270
FIT-UPVC-CAP-82MM,PCS,590
FIT-UPVC-FLO-110MMX50MM,PCS,2280
FIT-UPVC-FLO-110MMX80MM,PCS,2290
FIT-UPVC-SLE-110MM,PCS,560
FIT-UPVC-SLE-50MM,PCS,430
FIT-UPVC-SLE-82MM,PCS,590
FIT-UPVC-SOC-110MM,PCS,500
FIT-UPVC-SOC-110X50MM,PCS,1350
FIT-UPVC-SOC-110X82MM,PCS,1390
FIT-UPVC-SOC-160X110MM,PCS,2590
"FIT-UPVC-SOC-3""",PCS,450
FIT-UPVC-SOC-32MM,PCS,110
FIT-UPVC-SOC-40MM,PCS,130
FIT-UPVC-SOC-50MM,PCS,210
"FIT-UPVC-SOC-6""",PCS,1790
FIT-UPVC-SOC-82X50MM,PCS,1050
FIT-UPVC-SOC-P/T-32MM,PCS,250
FIT-UPVC-SOC-P/T-40MM,PCS,380
"FIT-UPVC-TEE-1 1/2""",PCS,340
"FIT-UPVC-TEE-1 1/4""",PCS,270
FIT-UPVC-TEE-110MM,PCS,2090
FIT-UPVC-TEE-110MMX50MM,PCS,2030
FIT-UPVC-TEE-110MMX82MM,PCS,2030
FIT-UPVC-TEE-160MM,PCS,5990
"FIT-UPVC-TEE-2""",PCS,450
FIT-UPVC-TEE-82MM,PCS,1570
FIT-UPVC-TEE-82MMX50MM,PCS,1670
FIT-UPVC-TEE-W/D-110MM,PCS,2650
FIT-UPVC-TEE-W/D-82MM,PCS,1990
"FIT-UPVC-U VENT- 3""",PCS,350
"FIT-UPVC-U VENT- 4""",PCS,360
"FIT-UPVC-U-BEND-1 1/2""",PCS,350
FIT-VAVLE-IN,PCS,0
"FIT-YG225-BUSH-1/2""X1/4""-BRA",PCS,290
"FIT-YG225-BUSH-1/2""X3/8""-BRA",PCS,300
"FIT-YG225-BUSH-3/4""X1/2""-BRA",PCS,420
"FIT-YG225-BUSH-3/8""X1/4""-BRA",PCS,280
"FIT-YG228R-NIP-REC-1""X3/4""-BRA",PCS,890
"FIT-YG228R-NIP-REC-1/2""X1/4""-BRA",PCS,460
"FIT-YG228R-NIP-REC-1/2""X3/8""-BRA",PCS,470
"FIT-YG228R-NIP-REC-3/4""X1/2""-BRA",PCS,520
"FIT-YG228R-NIP-REC-3/8""X1/4""-B",PCS,350
"FIT-YG228R-NIP-REC-3/8""X1/4""-BRA",PCS,350
"FIT-YG231-ELB-MXF-1/2""-BRA",PCS,690
"FIT-YG232-ELB-1/2""-BRA",PCS,590
"FIT-YG232-ELB-1/4""-BRA",PCS,460
"FIT-YG232-ELB-3/4""-BRA",PCS,890
"FIT-YG232-ELB-3/8""-BRA",PCS,520
"FIT-YG235-TEE-1/2""-BRA",PCS,790
"FIT-YG235-TEE-1/4""-BRA",PCS,580
"FIT-YG235-TEE-3/4""-BRA",PCS,1190
"FIT-YG235-TEE-3/8""-BRA",PCS,690
"FIT-YG237-SOC-1/2""-BRA",PCS,540
"FIT-YG237-SOC-1/4""-BRA",PCS,350
"FIT-YG237-SOC-3/4""-BRA",PCS,740
"FIT-YG237-SOC-3/8""-BRA",PCS,360
"FIT-YG239R-SOC-MXF-1/2""X1/4""-BRA",PCS,410
"FIT-YG239R-SOC-MXF-1/2""X3/8""-BRA",PCS,420
"FIT-YG239R-SOC-MXF-3/4""X1/2""-BRA",PCS,580
"FIT-YG239R-SOC-MXF-3/8""X1/4""-BRA",PCS,350
"FIT-YG239-SOC-MXF-1/2""-BRA",PCS,420
"FIT-YG245-NIP-1/2""-BRA",PCS,420
"FIT-YG245-NIP-1/4""-BRA",PCS,280
"FIT-YG245-NIP-3/4""-BRA",PCS,650
"FIT-YG245-NIP-3/8""-BRA",PCS,290
FIT-YG251A-SOC-10MM-BRA,PCS,350
FIT-YG251A-SOC-8MM-BRA,PCS,330
FIT-YG251-SOC-08MM-BRA,PCS,340
FIT-YG251-SOC-10MM-BRA,PCS,350
FIT-YG252-SOC-10MM-BRA,PCS,260
FIT-YG252-SOC-8MM-BRA,PCS,260
"FIT-YG355-TEE-MXMXF-1/2""-BRA",PCS,880
"FLA-BAR-1""X6MMX6M",PCS,3950
"FLA-BAR-2""X6MMX6M",PCS,7200
FLA-BEN-MK-9016,PCS,12900
FLA-SHE-10FT,PCS,6800
FLEX-HOS-DL5010-10HMIX,PCS,3750
FLOAT-CT-ACV15,PCS,2890
FLOAT-CT-ACV20,PCS,3390
FLOC-MOC-66GM22,PCS,1690
FLO-COV-TILE-C-69,FTS,200
FLO-COV-TILE-MAROON,FTS,160
FLO-MAT-FEL-TFM355,PCS,460
FLO-MAT-PVC-SY403,PCS,750
FLO-MOC-20UB80,PCS,140
FLO-MOC-20UB90,PCS,140
FLO-MOC-30300,PCS,340
FLO-MOC-30314,PCS,340
FLO-MOC-30316G,PCS,340
FLO-MOC-30323,PCS,340
FLO-MOC-30324,PCS,350
FLO-MOC-30328,PCS,370
FLO-MOC-30AAS20,PCS,370
FLO-MOC-30AAS50,PCS,370
FLO-MOC-30DS34,PCS,270
FLO-MOC-30GM14,PCS,285
FLO-MOC-30HE13,PCS,285
FLO-MOC-30HE14,PCS,285
FLO-MOC-30HE16,PCS,285
FLO-MOC-30HE18,PCS,285
FLO-MOC-30LS01,PCS,285
FLO-MOC-30LS04,PCS,285
FLO-MOC-30LS05,PCS,285
FLO-MOC-30PS04,PCS,275
FLO-MOC-30PS05,PCS,275
FLO-MOC-30PS12,PCS,285
FLO-MOC-30PS13,PCS,285
FLO-MOC-30PS14,PCS,285
FLO-MOC-30PS15,PCS,285
FLO-MOC-30PW12,PCS,285
FLO-MOC-30PW14,PCS,285
FLO-MOC-30R133,PCS,370
FLO-MOC-30RS04,PCS,275
FLO-MOC-30RS05,PCS,275
FLO-MOC-30RS24,PCS,270
FLO-MOC-30RS25,PCS,270
FLO-MOC-30SL13,PCS,285
FLO-MOC-30SL14,PCS,285
FLO-MOC-30SL18,PCS,285
FLO-MOC-30SL24,PCS,285
FLO-MOC-30TR10,PCS,270
FLO-MOC-30TR11,PCS,270
FLO-MOC-30WAT50,PCS,370
FLO-MOC-30WAT80,PCS,370
FLO-MOC-30WE40,PCS,370
FLO-MOC-31163,PCS,370
FLO-MOC-31169,PCS,370
FLO-MOC-36MBL12,PCS,590
FLO-MOC-36MBL14,PCS,590
FLO-MOC-36MBL24,PCS,590
FLO-MOC-36MCR10,PCS,590
FLO-MOC-36MCR11,PCS,590
FLO-MOC-36RM04,PCS,620
FLO-MOC-36RM12,PCS,620
FLO-MOC-40FT40,PCS,620
FLO-MOC-6012,PCS,1950
FLO-MOC-60RA02,PCS,1450
FLO-MOC-60RA14,PCS,1450
FLO-MOC-66GRM12,PCS,1690
FLO-MOC-66GRM14,PCS,1690
FLO-MOC-7717,PCS,460
FLO-MOC-ACTONGY,PCS,250
FLO-MOC-ADALBEI,PCS,235
FLO-MOC-ADALBLU,PCS,235
FLO-MOC-ADALGRN,PCS,235
FLO-MOC-ADALGRY,PCS,235
FLO-MOC-ANDARABEI,PCS,235
FLO-MOC-ANDARABL,PCS,235
FLO-MOC-ANDARAGY,PCS,235
FLO-MOC-AR6626,PCS,420
FLO-MOC-AR9919,PCS,420
FLO-MOC-ARUGY,PCS,235
FLO-MOC-ATLANTIS,PCS,235
FLO-MOC-AZ617GRY,PCS,1790
FLO-MOC-BA36078G,PCS,570
FLO-MOC-BA36078GD,PCS,570
FLO-MOC-BR3030A5,PCS,360
FLO-MOC-BR3030A6,PCS,360
FLO-MOC-BR3030GBR2,PCS,360
FLO-MOC-BR3030GLBR,PCS,360
FLO-MOC-BR3030GW,PCS,360
FLO-MOC-BR3030NSDG,PCS,360
FLO-MOC-BR3030NSW,PCS,360
FLO-MOC-BRILLIANTWHITE,PCS,470
FLO-MOC-BRQ6800H,PCS,2950
FLO-MOC-BW4009BCK,PCS,530
FLO-MOC-CSA6106B,PCS,1390
FLO-MOC-CSA6359B,PCS,1390
FLO-MOC-CSA6646B,PCS,1390
FLO-MOC-D622,PCS,1880
FLO-MOC-DAD04,PCS,430
FLO-MOC-DAD05,PCS,430
FLO-MOC-DAD06,PCS,430
FLO-MOC-ECO36019GBLK,PCS,670
FLO-MOC-ECO36019GMDC,PCS,670
FLO-MOC-ELLISE-GOLD,PCS,460
FLO-MOC-ELLISE-GRY,PCS,460
FLO-MOC-ENABALUGY,PCS,420
FLO-MOC-ESTINEGY,PCS,420
FLO-MOC-FZ6058,PCS,1690
FLO-MOC-GE1359,PCS,290
FLO-MOC-GE1459,PCS,290
FLO-MOC-H666,PCS,1690
FLO-MOC-H676,PCS,1690
FLO-MOC-IK44100WHT,PCS,560
FLO-MOC-J3030,PCS,330
FLO-MOC-JMT33600G,PCS,250
FLO-MOC-JS415WHT,PCS,560
FLO-MOC-KH40ABA2L-P1,PCS,620
FLO-MOC-KSR3050,PCS,300
FLO-MOC-KSR3058,PCS,290
FLO-MOC-KV910,PCS,480
FLO-MOC-KV950,PCS,480
FLO-MOC-KV957,PCS,480
FLO-MOC-KV959,PCS,480
FLO-MOC-LOTUSGRY,PCS,510
FLO-MOC-LS414YLW,PCS,560
FLO-MOC-M66308,PCS,2690
FLO-MOC-MARID.GRY,PCS,265
FLO-MOC-MURANO,PCS,275
FLO-MOC-NEO-GRETEL-GREY,PCS,525
FLO-MOC-NT311,PCS,940
FLO-MOC-NT312,PCS,940
FLO-MOC-NT313,PCS,940
FLO-MOC-OMT33607GC,PCS,250
FLO-MOC-OSCARBK,PCS,270
FLO-MOC-OSCARBR,PCS,270
FLO-MOC-OSCARGY,PCS,270
FLO-MOC-OSCARTP,PCS,270
FLO-MOC-P6H07B,PCS,2990
FLO-MOC-PLAINBK,PCS,300
FLO-MOC-PM6646B,PCS,1890
FLO-MOC-R04,PCS,330
"FLO-MOC-REAL-WHI-16""X16""",PCS,470
FLO-MOC-SC33012F,PCS,360
FLO-MOC-SC33013F,PCS,340
FLO-MOC-SC33016F,PCS,340
FLO-MOC-SN66041PA,PCS,1450
FLO-MOC-SORENTO-BEIGE,PCS,525
FLO-MOC-SORENTO-GREY,PCS,525
FLO-MOC-SP121A,PCS,860
FLO-MOC-SP121C,PCS,860
FLO-MOC-SP121D,PCS,860
FLO-MOC-SP121F,PCS,860
FLO-MOC-T1-30BS35,PCS,280
FLO-MOC-T1-66GM24,PCS,1690
FLO-MOC-VK4487WHT,PCS,540
FLO-MOC-VW60X001,PCS,1590
FLO-MOC-VZ3329BLU,PCS,300
FLO-MOC-VZ3329WHT,PCS,300
FLO-MOC-WGC902D,PCS,640
FLO-MOC-ZETTA GRY,PCS,560
FLO-MOC-ZL4425WHT-L,PCS,520
FLO-PVC- NO.483-01,MTR,950
FLO-PVC-185-11-25MTR,MTR,1490
FLO-PVC-25208,MTR,950
FLO-PVC-27y082-06-25MTR,MTR,1490
FLO-PVC-27y279-14-25MTR,MTR,1490
FLO-PVC-27y359-16-25MTR,MTR,1490
FLO-PVC-27y384-02-25MTR,MTR,1490
FLO-PVC-27y399-03-25MTR,MTR,1490
FLO-PVC-27y410-11-25MTR,MTR,1490
FLO-PVC-27Y457-04-25MTR,MTR,1490
FLO-PVC-27y465-01-25MTR,MTR,1490
FLO-PVC-27y500-06-25MTR,MTR,1490
FLO-PVC-27Y500-13-25MTR,MTR,1490
FLO-PVC-283391-3-25MTR,MTR,1490
FLO-PVC-300-11,MTR,950
FLO-PVC-308-12,MTR,950
FLO-PVC-313-07,MTR,950
FLO-PVC-31612,MTR,950
FLO-PVC-353-13,MTR,950
FLO-PVC-376-01-25MTR,MTR,1490
FLO-PVC-401-18,MTR,950
FLO-PVC-409-02-25MTR,MTR,1550
FLO-PVC-459-13,MTR,950
FLO-PVC-463-12,MTR,950
FLO-PVC-469-02,MTR,950
FLO-PVC-471-04,MTR,950
FLO-PVC-472-15-25MTR,MTR,1490
FLO-PVC-477-12,MTR,950
FLO-PVC-482-14,MTR,950
FLO-PVC-484-09,MTR,950
FLO-PVC-498-06,MTR,950
FLO-PVC-500-11-25MTR,MTR,1490
FLO-PVC-501-16,MTR,950
FLO-PVC-502-26-25MTR,MTR,1490
FLO-PVC-512-06,MTR,950
FLO-PVC-D15903,MTR,950
FLO-PVC-H030-4,MTR,950
FLO-PVC-H079-8,MTR,950
FLO-PVC-H091-4,MTR,950
FLO-PVC-H163-3,MTR,950
FLO-PVC-H179-3,MTR,950
FLO-PVC-H190-3,MTR,950
FLO-PVC-H195-5,MTR,950
FLO-PVC-K14301,MTR,950
FLO-PVC-K18910,MTR,950
FLO-PVC-K20902,MTR,950
FLO-PVC-K27711,MTR,950
FLO-PVC-K30301,MTR,950
FLO-PVC-K35306,MTR,950
FLO-PVC-K36205,MTR,950
FLO-PVC-KJ-417-10,MTR,950
FLO-PVC-KJ-TH121-2,MTR,950
FLO-PVC-NO.030-16,MTR,950
FLO-PVC-NO.100-10,MTR,950
FLO-PVC-NO.20307,MTR,950
FLO-PVC-NO.23501,MTR,950
FLO-PVC-NO.24803,MTR,950
FLO-PVC-NO.24903,MTR,950
FLO-PVC-NO.24907-0.35MM,MTR,950
FLO-PVC-NO.25106,MTR,950
FLO-PVC-NO.25610,MTR,950
FLO-PVC-NO.26501,MTR,950
FLO-PVC-NO.26901,MTR,950
FLO-PVC-NO.27213,MTR,950
FLO-PVC-NO.27702,MTR,950
FLO-PVC-NO.27709,MTR,950
FLO-PVC-NO.27801,MTR,950
FLO-PVC-NO.28205,MTR,950
FLO-PVC-NO.29207-0.35MM,MTR,950
FLO-PVC-NO.311-18,MTR,950
FLO-PVC-NO.343-05,MTR,950
FLO-PVC-NO.353391-6,MTR,950
FLO-PVC-NO.356-02,MTR,950
FLO-PVC-NO.377-04,MTR,950
FLO-PVC-NO.382-13,MTR,950
FLO-PVC-NO.392-02,MTR,950
FLO-PVC-NO.402-04,MTR,950
FLO-PVC-NO.40421,MTR,950
FLO-PVC-NO.409-02,MTR,950
FLO-PVC-NO.439-04,MTR,950
FLO-PVC-NO.483-13,MTR,950
FLO-PVC-NO.485-08,MTR,950
FLO-PVC-NO.490-01,MTR,950
FLO-PVC-NO.490-12,MTR,950
FLO-PVC-NO.499-12,MTR,950
FLO-PVC-NO.502-01,MTR,950
FLO-PVC-NO.502-17,MTR,950
FLO-PVC-NO.503-10,MTR,950
FLO-PVC-NO.505-04,MTR,950
FLO-PVC-NO.514-10,MTR,950
FLO-PVC-NO.515-17,MTR,950
FLO-PVC-NO.517-06,MTR,950
FLO-PVC-NO.517-07,MTR,950
FLO-PVC-NO.82908,MTR,950
FLO-PVC-NO.9607,MTR,950
FLO-PVC-NO.968/1,MTR,950
FLO-PVC-NO.AM343/1,MTR,950
FLO-PVC-NO.K18902,MTR,950
FLO-PVC-NO.K20205,MTR,950
FLO-PVC-NO.K22004,MTR,950
FLO-PVC-NO.K24001,MTR,950
FLO-PVC-NO.K24201,MTR,950
FLO-PVC-NO.K24401,MTR,950
FLO-PVC-NO.K25110,MTR,950
FLO-PVC-NO.K26601,MTR,950
FLO-PVC-NO.K27205,MTR,950
FLO-PVC-NO.K27601,MTR,950
FLO-PVC-NO.K28605,MTR,950
FLO-PVC-NO.K28806,MTR,950
FLO-PVC-NO.K30416,MTR,950
FLO-PVC-NO.K30507,MTR,950
FLO-PVC-NO.K31603,MTR,950
FLO-PVC-NO.K31606,MTR,950
FLO-PVC-NO.K32005,MTR,950
FLO-PVC-NO.K33802,MTR,950
FLO-PVC-NO.K34004,MTR,950
FLO-PVC-NO.K35601,MTR,950
FLO-PVC-NO.K35608,MTR,950
FLO-PVC-NO.K9801,MTR,950
FLO-PVC-NO.YP18904,MTR,950
FLO-PVC-NO.YP20208,MTR,950
FLO-PVC-NO.YP20401,MTR,950
FLO-PVC-NO.YP21409,MTR,950
FLO-PVC-NO.YP21501,MTR,950
FLO-PVC-NO.YP26041,MTR,950
FLO-PVC-NO-048-09,MTR,950
FLO-PVC-NO-101/34,MTR,950
FLO-PVC-NO-105-09,MTR,950
FLO-PVC-NO-11118,MTR,950
FLO-PVC-NO-11501,MTR,950
FLO-PVC-NO-17403,MTR,950
FLO-PVC-NO-23101,MTR,950
FLO-PVC-NO-24301,MTR,950
FLO-PVC-NO-24502,MTR,950
FLO-PVC-NO-24908,MTR,950
FLO-PVC-NO-25006,MTR,950
FLO-PVC-NO-279-02,MTR,950
FLO-PVC-NO-27907,MTR,950
FLO-PVC-NO-283391-3,MTR,950
FLO-PVC-NO-28901-0.35MM,MTR,950
FLO-PVC-NO-29509-0.35MM,MTR,950
FLO-PVC-NO-29709-0.35MM,MTR,950
FLO-PVC-NO-31702,MTR,950
FLO-PVC-NO-32302,MTR,950
FLO-PVC-NO-397-08,MTR,950
FLO-PVC-NO-405-13,MTR,950
FLO-PVC-NO-428-09,MTR,950
FLO-PVC-NO-436-02,MTR,950
FLO-PVC-NO-436-05,MTR,950
FLO-PVC-NO-459-06,MTR,950
FLO-PVC-NO-471-07,MTR,950
FLO-PVC-NO-471-08,MTR,950
FLO-PVC-NO-472-05,MTR,950
FLO-PVC-NO-473-06,MTR,950
FLO-PVC-NO-475-01,MTR,950
FLO-PVC-NO-479-19,MTR,950
FLO-PVC-NO-486-13,MTR,950
FLO-PVC-NO-494-04,MTR,950
FLO-PVC-NO-497-16,MTR,950
FLO-PVC-NO-498-02,MTR,950
FLO-PVC-NO-499-03,MTR,950
FLO-PVC-NO-500-13,MTR,950
FLO-PVC-NO-516-13,MTR,950
FLO-PVC-NO-7512,MTR,950
FLO-PVC-NO-H015-4,MTR,950
FLO-PVC-NO-H198-1,MTR,950
FLO-PVC-NO-K10305,MTR,950
FLO-PVC-NO-K11114,MTR,950
FLO-PVC-NO-K19706,MTR,950
FLO-PVC-NO-K21114,MTR,950
FLO-PVC-NO-K21314,MTR,950
FLO-PVC-NO-K23706,MTR,950
FLO-PVC-NO-K24601,MTR,950
FLO-PVC-NO-K24708,MTR,950
FLO-PVC-NO-K28601,MTR,950
FLO-PVC-NO-K32214,MTR,950
FLO-PVC-NO-K32606,MTR,950
FLO-PVC-NO-K33801,MTR,950
FLO-PVC-NO-K35101,MTR,950
FLO-PVC-NO-K35502,MTR,950
FLO-PVC-NO-YP 25709,MTR,950
FLO-PVC-NO-YP 28306-0.35MM,MTR,950
FLO-PVC-NO-YP14301,MTR,950
FLO-PVC-NO-YP20206,MTR,950
FLO-PVC-NO-YP23401,MTR,950
FLO-PVC-NO-YP24609,MTR,950
FLO-PVC-NO-YP26010,MTR,750
FLO-PVC-NO-YP29911,MTR,950
FLO-PVC-TH018-7,MTR,950
FLO-PVC-TH103-2,MTR,950
FLO-PVC-TH140-3,MTR,950
FLO-PVC-TTH038-8,MTR,950
FLO-ROB-LAM-0121-12MM,SQFT,800
FLO-ROB-LAM-0128-8MM,SQFT,600
FLO-ROB-LAM-0135-8MM,SQFT,600
FLO-ROB-LAM-0137-8MM,SQFT,600
FLO-ROB-LAM-1-8MM,SQFT,600
FLO-ROB-LAM-AC21-12MM,SQFT,800
FLO-ROB-LAM-AS21-12MM,SQFT,800
FLO-ROB-LAM-CA11-8MM,SQFT,600
FLO-ROB-LAM-CE21-12MM,SQFT,800
FLO-ROB-LAM-CE21-8MM,SQFT,600
FLO-ROB-LAM-ME12-12MM,SQFT,800
FLO-ROB-LAM-O17-12MM,SQFT,800
FLO-ROB-LAM-O25-8MM,SQFT,600
FLO-ROB-LAM-PL002-8MM,SQFT,600
FLO-ROB-LAM-T13-8MM,SQFT,600
FLO-ROB-LAM-T15-12MM,SQFT,800
FLO-ROB-LAM-W25-12MM,SQFT,800
FLO-SPC-B11-5MM,SQFT,650
FLO-SPC-D11-5MM,SQFT,650
FLO-SPC-G11-5MM,SQFT,650
FLO-SPC-M11-5MM,PCS,1450
FLO-SPC-M11-5MM-SQFT,SQFT,650
FLO-SPC-TC6004-C-5MM,SQFT,700
FLO-SPC-Y11-5MM,SQFT,650
FLO-TIL,FTS,200
FLO-VIN-CD133-05-5MM,SQFT,600
FLO-VIN-CDW665XL-01-5MM,SQFT,600
FLO-VIN-FC7368-5A-5MM,SQFT,600
FLO-VIN-JC6084-2-5MM,SQFT,600
FLO-VIN-MF1701-5MM,SQFT,600
FLO-VIN-MF1702-5MM,SQFT,600
FLO-VIN-MF1750-5MM,SQFT,600
FLO-VIN-MF1755-5MM,SQFT,600
FLO-VIN-MF1756-5MM,SQFT,600
FLO-WOO-19.25X19.25,SQFT,290
FLO-WOO-24X24,SQFT,290
FLUG-LEGRAND-52424,PCS,2200
FOAM-PU-VT268,PCS,3690
FOLD-SQUIR-RAT-CAG,PCS,1190
FOL-TAB-CN YX-Z122-3X,PCS,19800
FOL-TAB-CN YX-Z182D,PCS,20900
FOL-TAB-CNSZK-180,PCS,26900
FOL-TAB-CNYX-Z122-3X,PCS,14900
FOL-TAB-CNYX-Z152,PCS,22500
FOOD-TONG-HA136,PCS,380
FOR-LAM-1001,PCS,5600
FOR-LAM-10017,PCS,4750
FOR-LAM-1007-1A,PCS,4950
FOR-LAM-1101,PCS,5900
FOR-LAM-1103,PCS,7500
FOR-LAM-1192NT,PCS,9950
FOR-LAM-1401,PCS,5900
FOR-LAM-1701,PCS,6300
FOR-LAM-2006,PCS,5900
FOR-LAM-2017,PCS,5900
FOR-LAM-2315,PCS,9950
FOR-LAM-2402PL,PCS,7800
FOR-LAM-2405,PCS,7800
FOR-LAM-2526-8,PCS,7500
FOR-LAM-2811-8,PCS,7800
FOR-LAM-2833-8,PCS,7800
FOR-LAM-2912,PCS,7800
FOR-LAM-29148,PCS,7800
FOR-LAM-3006,PCS,5900
FOR-LAM-3006-SILVER PINE,PCS,5900
FOR-LAM-3011,PCS,6300
FOR-LAM-8909HG,PCS,7800
FOR-LAM-8975,PCS,5900
FOR-LAM-9014,PCS,6300
FOR-LAM-909KT,PCS,12500
FOR-LAM-9491RG,PCS,9950
FOR-LAM-9844D,SHT,12500
FOR-LAM-9847D,PCS,11500
FOR-LAM-K001-115,FTS,20
FOR-LAM-M22-ZEBRA WOOD,PCS,5900
FOR-LAM-M45,PCS,5900
FOR-LAM-MO1591G,PCS,7900
FOR-LAM-Q495HG,PCS,14900
FOR-LAM-TAP-2172-25MM,FTS,20
FOR-LAM-TAP-2216-25MM,FTS,30
FOR-LAM-TAP-2278,FTS,20
FOR-LAM-TAP-2S055-25MM,FTS,20
FOR-LAM-TAP-317-25MM,FTS,20
FOR-LAM-TAP-5F165-07-25MM,FTS,20
FOR-LAM-TAP-MG5118-25MM,FTS,20
FRA-MAIN-ST301A,PCS,2590
FRA-MAIN-ST701,PCS,380
FRA-STU-GI-10',PCS,810
"FRA-STU-GI-10'X2""X1""",PCS,680
"FRA-STU-GI-10'X2""X1""-0.39",PCS,850
FRA-STU-GI-8',PCS,650
"FRA-STU-GI-8'X2""X1""",PCS,540
FRA-STU-GI-TRUST 12',pcs,2520
FRA-STU-GI-TRUST 15',pcs,4800
FRA-STU-GI-TRUST 18',UNIT,5760
FRE-MID-MD-RC151FZB01,PCS,53900
FRE-MID-MD-RC207FZB01,PCS,71800
FRI-STA-TOYOGO-TYG775,SET,1350
FRI-STA-TOYOGO-TYG776,SET,1650
FSK-FAC-TAP-3320-3M,FTS,450
FUJI-SC-2SN,PCS,23000
FUJI-SC-3N,PCS,24300
FUJI-SC-NZS,PCS,23000
FUS-30A-250V-1361,PCS,300
FUS-5A-250V-1361,PCS,283
FUS-AC-15AMP-440V,PCS,600
FUS-AC-32AMP-550V,PCS,1200
FUS-E5,PCS,100
FUSE-WEB-63AMP-500V,PCS,600
FUS-HC-10A-380V,PCS,700
FUS-HC-6A-380V,PCS,700
FUS-HC-6A-500V,PCS,800
FUS-HRC-MAI-SWI,PCS,2500
GALVD-MS-NUT-5/16'',KGS,1390
"GAR-CHI-1/2"" X 38""",PCS,1950
"GAR-CHI-1/2"" X 38""- A CLASS",PCS,2350
"GAR-CHI-1/2""X3/8""-SBL",PCS,3450
GAR-CHI-JM-25,PCS,1650
GAR-CUT-17147,PCS,1900
GAR-CUT-LIN-YEL-TL01,ROLL,7950
GAR-CUT-ROP-RAM,PCS,2120
GAR-CUT-SCI-00903A,PCS,2950
GAR-CUT-SCI-850#,PCS,2250
GAR-CUT-SCI-950#,PCS,2250
GAR-CUT-SCI-GT04GS,PCS,690
GAR-CUT-SCIW0589,PCS,1000
GAR-CUT-SCIW2921,PCS,480
GAR-CUT-SCIW2922,PCS,420
GAR-CUT-SCIW2923,PCS,370
GAR-CUT-SCIW2926,PCS,600
GAR-CUT-SCIW2928,PCS,990
GAR-CUT-SCIW2998B,PCS,1030
GAR-CUT-SCIW4143A,PCS,950
GAR-CUT-VIS-200MM,PCS,1620
GAR-HOE-102B,PCS,890
GAR-HOE-106B,PCS,950
GAR-HOE-12141,PCS,950
GAR-HOE-C0504,PCS,3290
GAR-HOE-CANG-KUL,PCS,1690
GAR-HOE-CANG-KUL-SHORT,PCS,1680
GAR-HOE-CRO-2.0LB,PCS,4500
GAR-HOE-CRO-2.5LB,PCS,2190
GAR-HOE-CRO-CHI-2.5LB,PCS,4790
GAR-HOE-FOR-STE-3LBS,PCS,2190
GAR-HOE-JM3812,PCS,3290
GAR-HOE-LONG-KANG,PCS,1690
GAR-HOE-RED-IND-3551C-2.5LBS,PCS,3950
GAR-HOE-WED,PCS,100
GAR-HOE-WED-SQU,PCS,290
GAR-PRU-25MM-BTP-25,PCS,6500
GAR-RAK-BLA-4T,PCS,1990
GAR-RAK-BLA-6T,PCS,2590
GAR-RAK-MET-22T,PCS,780
GAR-RAK-PALM-12T,PCS,1420
GAR-RAK-PVC-2021,PCS,390
GAR-RAK-PVC-2022,PCS,620
GAR-RAK-PVC-20T,PCS,1090
GAR-RAK-RED-06T,PCS,590
GAR-RAK-RED-08T,PCS,720
GAR-RAK-RED-10T,PCS,790
GAR-RAK-RED-12T,PCS,880
GAR-SAW-H0801A,PCS,4590
"GAR-SAW-MAR-14""",PCS,1390
GAR-SAW-XS9041,PCS,2150
GAR-SHE-12172,PCS,3190
GAR-SHE-701,PCS,930
GAR-SHE-702,PCS,890
GAR-SHE-B706S,PCS,940
GAR-SHE-B708B,PCS,940
GAR-SHE-JM1002,PCS,1890
GAR-SHE-JM202,PCS,1790
GAR-SHE-R'KEY-701,PCS,750
GAR-SHE-SB525-3M,PCS,13500
GAR-SHE-SB525-4M,PCS,16800
GAR-SHE-TIG-8530,PCS,6790
GAR-SHE-TIG-8541,PCS,12500
GAR-SHE-TIG-H9622,SET,20500
GAR-SHO-12072,PCS,690
GAR-SHO-12140,PCS,950
GAR-SHO-STEEL,PCS,450
"GAR-SIC-7.1/2""*",PCS,850
GAR-SIC-D0301,PCS,1550
GAR-SIC-D0601,PCS,1490
GAR-SIC-D0802,PCS,2990
GAR-SPA-TYP-U,PCS,1390
GAR-SPN-IRO-HAN-SHO,PCS,490
GAR-SPR-0063,PCS,1990
GAR-SPR-16LTR-BB3G,SET,12900
GAR-SPR-20L-ALITOOL,PCS,16900
GAR-SPR-ALITOOL-16L,SET,15900
GAR-SPR-CR8411CPT,PCS,1450
GAR-SPR-CR8413,PCS,1200
GAR-SPR-CR8441CPT,PCS,1980
GAR-SPR-CR8448CPT,PCS,1190
GAR-SPR-CR8458F,PCS,350
GAR-SPR-CRO-KNA-C16L,UNIT,16500
GAR-SPR-E93/G851,PCS,590
GAR-SPR-G850,PCS,540
GAR-SPR-G855,PCS,490
GAR-SPR-LAN-CR8446B,PCS,2290
GAR-SPR-M'MAN-410#,PCS,1890
GAR-SPR-P17-PI808,PCS,1620
GAR-SPR-PRE-L15,PCS,1190
GAR-SPR-PRE-L20,PCS,1450
GAR-SPR-PRE-L50,PCS,3900
GAR-SPR-PRE-L80,PCS,4500
GAR-SPR-PRE-L860,PCS,8900
GAR-SPR-TAR-BAT-16LTR,SET,29900
GAR-SPR-YEW-16L,PCS,12800
GAR-TOO-BDA003,PCS,890
GAR-TOO-GAT-3PCS,SET,750
GAR-TOO-STEEL-3PCS-60183,SET,1350
GAS-BUT-GT230G,CAN,490
GAS-CO2,TONG,39900
GAS-COO-TC-2288-PGC,SET,5900
GAS-JOIN-STR-BRAS-8MM,PCS,290
GAS-JOIN-T-BRAS-10MM,PCS,350
GAS-JOIN-T-BRAS-8MM,PCS,350
GAS-JOIN-Y-BRAS-10MM,PCS,330
GAS-LIG-081,PCS,890
GAS-LIG-377,PCS,960
GAS-LIG-METAL,PCS,1390
GAS-LIG-SL1010GL-071,PCS,520
GAS-RACK-WMGR01,UNIT,27900
GAS-REF-120ML,PCS,680
GAS-REF-RG2,PCS,290
GAS-REF-UN1950-300ML,CAN,980
GAS-REG-AER-AZ182,PCS,1950
GAS-REG-AER-AZ182-HOS,PCS,2550
GAS-REG-AZ181,PCS,4790
GAS-REG-AZ181/B,PCS,4690
GAS-REG-BTY 16/17A,PCS,4390
GAS-REG-BTY181-V,PCS,4950
GAS-REG-BTY182-CB,SET,2490
GAS-REG-BTY182-CT,SET,2790
GAS-REG-BTY182-V,PCS,1950
GAS-REG-CHE-CR319,PCS,1500
GAS-REG-CHE-R888,PCS,3490
"GAS-REG-GIM-1/4""",PCS,3960
GAS-REG-GIM-9MM*,PCS,3790
GAS-REG-HR-16/17B,PCS,3790
GAS-REG-KEL-KGC-20,PCS,3990
GAS-REG-KHI-PRV100-R1,SET,2950
GAS-REG-MIL-M-168F,PCS,1790
GAS-REG-SUM-LPG382,UNIT,1690
GAS-REG-SUM-LPG383,PCS,3650
GAS-REG-ZR-2017BT,PCS,3490
GAS-ROBIN-EY20,UNIT,80000
GAS-ROL-CLH GAS002,PCS,5390
GAS-ROL-CLH GAS007,PCS,5390
GAS-ROL-HH390,PCS,1990
GAS-ROL-WK-PP9628-R5,PCS,2190
GAS-SPR-CR8459N,PCS,560
GAS-STO-ALU-ROU,SET,1390
GAS-STO-BGC-266,PCS,5800
GAS-STO-BGC-28,PCS,5800
GAS-STO-BGC-668,PCS,10900
GAS-STO-BGC-848,SET,11500
GAS-STO-BGC-868/305,SET,21900
GAS-STO-BGC-8823,PCS,27900
GAS-STO-BGC-8826,PCS,25900
GAS-STO-BGC-933/305,PCS,24900
GAS-STO-BLA-SQU,PCS,1290
GAS-STO-BPG-168,PCS,6900
GAS-STO-BTG-2M,PCS,28000
GAS-STO-BU01-013,SET,15900
GAS-STO-BUT-HEA,PCS,9500
GAS-STO-BUTTERFLY-BTY2B,PCS,13200
GAS-STO-GK320,PCS,9290
GAS-STO-GS5B-1-HEA,PCS,7500
GAS-STO-HEA-MQL100,PCS,1590
GAS-STO-HM-HGB-1630,UNIT,10300
GAS-STO-HM-HGB-1680,UNIT,10900
GAS-STO-HM-HGB-1690,UNIT,12500
GAS-STO-HM-HGB-811,UNIT,14290
GAS-STO-KD-120B,PCS,4500
GAS-STO-KHI-GC6010,SET,12300
GAS-STO-KHI-GC7125,SET,22500
GAS-STO-KHI-GS1516,SET,17200
GAS-STO-LOC,PCS,290
GAS-STO-MID-MGS-T211G,SET,23800
GAS-STO-MIL,PCS,4990
GAS-STO-MQL 2B,SET,10900
GAS-STO-MQL-5B,PCS,15800
GAS-STO-MQL-5BA,PCS,10500
GAS-STO-MQL-AP891,SET,26400
GAS-STO-MQL-C30,SET,14500
GAS-STO-MQLJ-953,PCS,1590
GAS-STO-MQLJ-YST,PCS,950
GAS-STO-MQL-K30,SET,13500
GAS-STO-MQL-T923B,SET,23500
GAS-STO-PGC-26N,PCS,7900
GAS-STO-PSN-PGC-2201G,PCS,29900
GAS-STO-RAC-BLA,PCS,690
GAS-STO-RUB-TAE10-137,UNIT,81800
GAS-STO-RUB-TAE10-138,UNIT,89800
GAS-STO-RUB-TAE10-E102,UNIT,159000
GAS-STO-RUB-TAE10-M376/SK,PCS,169000
GAS-STO-RUB-TAE10-M380,UNIT,92000
GAS-STO-RUB-TAE10-M382,PCS,95000
GAS-STO-RUB-TAE10-M383,UNIT,129000
GAS-STO-RUB-TAE10-M410,UNIT,112000
GAS-STO-RUB-TAE10-M411,UNIT,134000
GAS-STO-RUB-TAE10-M412,UNIT,244000
GAS-STO-RUB-TAE10-M523,UNIT,175000
GAS-STO-WGC-7532,SET,13900
GAS-STO-WH02-013,SET,7590
GAS-TOR-20031,PCS,2990
GAS-TOR-20032,PCS,2550
GAS-TOR-ASUMA-AS605,SET,3090
GAS-TOR-KT2008,PCS,2890
GAS-TOR-KT-2008,PCS,1850
GAS-TOR-LIQ-PHQ50,PCS,5800
GAS-TOR-TKT9607,PCS,5450
GBM 13 HRE,UNIT,94000
GEN-ETS-1350DVC,UNIT,49500
GEN-GT1800,UNIT,63000
GEN-GT2900,UNIT,92000
GEN-MPG3800,UNIT,119000
GEN-WORK-LAM-628C,PCS,2150
GER-PLUG-BP8ES,PCS,730
GER-PLUG-BPM6A,PCS,780
GI-FAS-BOA-2.0MM,PCS,11500
"GLA-4MMX4""X16""",PCS,220
"GLA-4MMX6""X18""",PCS,280
"GLA-4MMX6""X20""",PCS,250
"GLA-4MMX6""X20.5""",PCS,250
"GLA-4MMX6""X22""",PCS,283
"GLA-4MMX6""X23.7""",PCS,280
"GLA-4MMX6""X24""",PCS,490
"GLA-4MMX6""X24"" 1/4",PCS,290
"GLA-4MMX6""X27""",PCS,311
"GLA-4MMX6""X30.5""",PCS,358
"GLA-6""X23.5/8""X4MM-KERTACHI",PCS,420
"GLA-6""X24""X4MM-KERTACHI",PCS,550
"GLA-6""X24""X5MM-TINTED",PCS,590
GLA-MAR,PCK,410
GLASS-BLOCK,PCS,1250
GLA-SUC-PLA-GH201,PCS,6300
GLO-CLO-HAN-THAI-LONG,PAIR,450
GLO-COT-104-WHI,PAIR,120
GLO-COT-700-ZS70,PAIR,120
GLO-COT-B104-400G,PAIR,100
GLO-COT-BLK-1220,PAIR,360
GLO-COT-GRY-1220,PAIR,340
GLO-HAN-PVC-DOTS,PAIR,190
GLO-LAT-300SP,PAIR,380
GLO-LAT-GREY,PAIR,540
GLO-LAT-TOP,BOX,3180
GLO-LAT-TOP-PAIR,PCK,450
GLO-MR.MARK-MK-HG820,PAIR,3670
GLO-RUB-ELE-BLA,PAIR,450
GLO-RUB-KOR-PINK,PAIR,730
GLO-RUB-Y/B-XL,PAIR,420
GLO-SEA-BBJ-105,PAIR,480
GLOSEAL-SIL-GN-900C,PCS,890
GLOSEAL-SIL-GN-900W,PCS,890
GLO-SEM-GT891/RED,PAIR,850
GLO-SEM-GT891/YEL,PAIR,850
GLO-SEM-LEA-700SP,PAIR,670
GLO-TRA-EXA-L,BOX,2200
GLO-TRA-PLA,PCK,640
GLO-WEL-BON-140,PAIR,1250
GLO-WEL-GT900/BLU,PAIR,1590
GLO-WEL-GT900/GRE,PAIR,1590
GLO-WEL-GT900/RED,PAIR,1590
GLO-WEL-GT900/YEL,PAIR,1590
GLO-WEL-SUP-500SPG,PAIR,990
GLO-WEL-UNISAFE,PAIR,2990
GLU-EPO-145G,SET,2150
GLU-EPO-356G,SET,3980
GLU-STI-BIG,PCS,100
GLU-STI-BIG-TWN,PCS,130
GLU-STI-SMALL-TWN,PCS,60
GLU-TRAP-MOUSE,PCS,390
GRA-CAB-CB6408,PCS,9500
GRA-CAB-CB6633,UNIT,3500
GRA-CAB-CB6644,UNIT,2500
GRA-CN 6815,PCS,280
GRA-CUT-21V,SET,27900
GRA-CUT-A6046,PCS,5600
GRA-CUT-BLA-12037(12),PCS,1480
GRA-CUT-BLA-12037(14),PCS,1790
"GRA-CUT-BLA-16""",PCS,1630
GRA-CUT-BLA-35590,PCS,1390
GRA-CUT-BLA-4T,PCS,1950
GRA-CUT-BLA-6T,PCS,2250
GRA-CUT-BLA-90MM,PCS,890
GRA-CUT-BLA-GCB-1290SS,PCS,1990
GRA-CUT-BLA-GCB-1490SS,PCS,2390
GRA-CUT-BLA-GCD01,PCS,690
GRA-CUT-BLA-GC-GA,PCS,1120
GRA-CUT-BLA-S8T,PCS,3950
GRA-CUT-BRU-1004526-16,PAIR,2950
GRA-CUT-BRU-4140306001,PAIR,1500
GRA-CUT-BRU-4141406601,PAIR,1800
GRA-CUT-BRU-N465518,PAIR,1950
GRA-CUT-GL4525,UNIT,30900
GRA-CUT-LIN-3MM1LB,PCK,2190
GRA-CUT-LIN-A6481,PCS,3800
GRA-CUT-LIN-GTL2430,PCK,2990
GRA-CUT-LIN-ORA,PCK,550
GRA-CUT-LIN-SAWMASTER,PCS,1350
"GRA-CUT-LIN-TEETH-12""",PCS,1530
GRA-CUT-LIN-TEETH-3.0MMX1LBS,ROLL,3490
GRA-CUT-LIN-YEL,PCK,550
GRA-CUT-LIN-YEL-4226#,PCS,460
GRA-CUT-LIN-YEL-4227#,PCS,1550
GRA-CUT-NGK-PLUG,PCS,1500
GRA-CUT-NK-328,UNIT,25900
GRA-CUT-STC1820EPCF,UNIT,50900
GRA-CUT-STC1820EPCF-CHARGER,PCS,11500
GRA-CUT-SUMO-SM33,UNIT,35800
GRA-CUT-SUMO-SM-43N,UNIT,53900
GRA-CUT-TK-328,UNIT,29900
GRA-PVC-100MM,PCS,170
GRA-PVC-150MM,PCS,250
GRA-SAN-SWFG-SS304-6601,PCS,5900
GRA-SAN-SWFG-SS304-6602,PCS,7200
GRA-SAN-SWFG-SS304-6602-G,PCS,8800
GRA-SAN-SWFG-SS304-6602-RG,PCS,8900
GRA-SAN-SWFG-SS304-6603,PCS,6800
GRA-SAN-SWFG-SS304-6603-G,PCS,8500
GRA-SAN-SWFG-SS304-6604,PCS,3900
GRA-SAN-SWFG-SS304-6605,PCS,9900
GRA-SAN-SWFG-SS304-6605-G,PCS,11500
GRA-SAN-SWFG-SS304-6605-GM,PCS,11800
GRA-SAN-SWFG-SS304-6605-RG,PCS,11600
GRA-SAN-SWFG-SS304-6606,PCS,4000
GRA-SAN-SWFG-SS304-6608,PCS,3300
GRA-SAN-SWFG-SS304-6608-BK,PCS,3600
GRA-SAN-SWFG-SS304-6609,PCS,1500
GRA-SAN-SWFG-SS304-6610,PCS,3800
GRA-SOR-SRT382-6,PCS,4300
GRA-SOR-SRT384-6,PCS,5500
GRA-SOR-SRT6641,PCS,10800
GRA-SOR-SRT6642-BL,PCS,12900
GRA-SOR-SRT6643-GM,PCS,13900
GRA-SS-1066GW,SET,1680
GRA-SSS-06085(4),PCS,790
GRA-SSS-06085(6),PCS,1590
GRA-SSS-100MM-06084(4),PCS,450
GRA-SSS-150MM-06084(6),PCS,550
GRA-SSS-304-150MM,PCS,990
GRE-MARK-X-400G,TIN,1090
GRE-TOYO-350GM,TIN,2250
GRE-TOYO-450GM,TIN,2390
GRI-BEA,PCS,1300
GROUT-SEAL-215,BAG,4490
GROUT-SEAL-703,CAN,5790
GSB,UNIT,0
GST,TAX,0
GS-W2-0.5,PCS,0
GS-W2-0.7,PCS,0
GUIDE BAR-MS170,PCS,10300
GUIDE BAR-MS180,PCS,15900
GUIDE BAR-MS230,PCS,17200
GUM-BLA-V210,PCS,1450
GUM-CLE-V210,PCS,1450
GUM-HAR-205,SET,990
GUM-HAR-205-25ML,SET,990
GUM-HAR-30,SET,890
GUM-HAR-3000W,PCS,1050
GUM-HAR-5MIN,SET,990
GUM-HAR-625,TIN,1320
GUM-HAR-650,SET,870
GUM-HAR-660,SET,860
GUM-HAR-850,SET,910
GUM-HAR-850W,SET,920
GUM-HAR-HE4251,PCS,1080
GUM-HAR-HE4252,PCS,1090
GUM-HAR-RS2000W,PCS,1650
GUM-HAR-RS200W-WHT,PCS,590
GUM-HAR-RS600C,PCS,1190
GUM-HAR-RS800,PCS,1050
GUM-HAR-RS900B,PCS,1150
GUM-HAR-RS900C,PCS,1150
GUM-HAR-RS900W,PCS,1150
GUM-HAR-VT210SB,PCS,3900
GUM-HAR-VT210SG,PCS,3900
GUM-HD-SIKA-255,PCS,3900
GUM-PVC-OCI-100G,TIN,720
GUM-PVC-OCI-500G,TIN,1990
GUM-PVC-V-TECH-100GM,CAN,550
GUM-PVC-V-TECH-500GM,CAN,1480
GUM-RAT-150G,CAN,480
GUM-RAT-AIT-150G,PCS,920
GUM-RAT-AIT-GEL,PCS,420
GUM-RAT-BOSNY-NO.214,CAN,1450
GUM-SEL-3ML,PCS,480
GUM-SEL-ALL-FIX-80G,PCS,1080
GUM-SEL-KNE-50G,PCS,990
GUM-SEL-KNE-STE-50G,PCS,1690
GUM-SEL-KNE-UND-50G,PCS,1950
GUM-SEL-SHOE-15ML,PCS,930
GUM-SEL-SUPA-3G,PCS,690
GUM-SEL-SUPA-3ML,PCS,690
GUM-SIKA-GLA-SEA,PCS,3700
GUN-AA126,PCS,10700
GUN-AAT555,PCS,6500
GUN-BLO-GAS-502C,PCS,1450
GUN-BLO-GAS-SM920,PCS,1980
GUN-CAU-ALUM-SAU,PCS,4900
GUN-CAU-BLU,PCS,620
"GUN-CAU-BLU-11""",PCS,1650
GUN-CAU-GT902,PCS,1260
GUN-CAU-GT903,PCS,990
GUN-CAU-H/D-Y93,PCS,1090
GUN-CAU-ORANGE,PCS,1150
GUN-CG105H,PCS,2550
GUN-GN-7350-7.3MM,PCS,9900
GUN-GRE-HOSE,PCS,780
GUN-GRE-JMS,SET,4990
"GUN-GRE-NIP-90 1/2""",PCS,690
"GUN-GRE-NIP-90 1/4""",PCS,300
"GUN-GRE-NIP-90 3/8""",PCS,360
GUN-GRE-NIP-90 M10X1.0,PCS,450
GUN-GRE-NIP-90 M6X1.0,PCS,340
GUN-GRE-NIP-90 M8X1.0,PCS,370
"GUN-GRE-NIP-STR-1/2"" UNF 20",PCS,480
"GUN-GRE-NIP-STR-1/4"" UNF 28",PCS,160
"GUN-GRE-NIP-STR-3/8"" UNF 24",PCS,220
GUN-GRE-NIP-STR-M10X1.0,PCS,230
GUN-GRE-NIP-STR-M8X1.0,PCS,200
GUN-GRE-NOZ,PCS,490
GUN-GRE-PRE,SET,3490
GUN-H/D-10-1/2'',PCS,2390
GUN-MII-6159#,PCS,4250
GUN-SM138,PCS,16000
GUN-SPR-F75S,SET,5490
GUN-SPR-K3,PCS,4590
GUN-T-7006-MINI,PCS,4490
GUN-T-9000,PCS,21900
GUN-TAC-ASG168,PCS,6490
GUN-TAC-IMT,PCS,1990
GUN-TAC-R23,SET,2290
GUN-TAC-REF-R23-6MM,BOX,650
GUN-TAC-REF-R23-8MM,BOX,850
GUN-TAC-REF-TR45-06MM,SET,1490
GUN-TAC-REF-TR45-08MM,SET,1590
GUN-TAC-REF-TR45-10MM,SET,1690
GUN-TAC-STA-TR45,UNIT,9300
GUN-TRA-F32,PCS,16500
GUN-TRA-ST64,PCS,54900
GUN-TRA-T50,PCS,35500
GUN-TRI,PCS,16000
GUN-WUF-D09EC,PCS,5550
GUN-WUF-F75S,SET,7890
GUN-WUF-ROC-F-78,PCS,4880
GWS060-BEARING-607-2RSH/C3,PCS,2000
GWS060-BEARING-608-2RSH/C3,PCS,2150
GWS6-100 - SWITCH,PCS,2800
HAC-FRA-LEN-1012#,UNIT,3290
HAN-BLI-STE-300MMX32MM,PCS,4590
HAN-BLI-STE-400MMX32MM,SET,5190
HAN-BLI-STE-600MMX32MM,PCS,6290
HAN-BRA-28J028,PCS,2600
HAN-CLE-3.78L-58550369,CAN,6900
HAN-CLO-JM-1039,SET,1490
HAN-CLO-JM-1040,SET,1780
HAND-LEFT-SWACC-QT1005,PCS,1900
HAND-RIGHT-SWACC-QT1005,PCS,1900
HAN-EXTE-ABT7668-4MX35,PCS,1880
HAN-HOO-CHI-6YG,PCS,490
HAN-HOO-CHI-8YG,PCS,620
HAN-WOO-CHIS-0055A,PCS,190
HAR-ADH-INS-SUP-20G-6495,PCS,1590
HAR-BON-NAIL-RS880-75G,PCS,850
HAR-GI-LIFT-WHI,PCS,2990
HAR-HUR-SRA-02-200ML,PCS,970
HAR-SEA-AC-5L,TIN,7500
HAR-SHOE-HE450-20G,PCS,520
HAR-THR-LOK-6271-10ML,PCS,1590
HAR-THR-LOK-6271-50ML,PCS,6290
"HAT-STR-20""",PCS,750
HAT-STR-CM042,PCS,960
HD-3700X500ML,TIN,3900
HD-810#GUN,PCS,9900
HDD-CIS-ELE-1101DFR-WHI,PCS,8290
HDD-CIS-GOL-PC2002LL,PCS,7250
HDD-STO-JM106,PCS,1050
HDD-TOI-COV-SC-4125,PCS,3790
HDD-TOI-COV-TSS-4127,PCS,5580
HDPE-VAL-BAL-PP-COMP-20MM,PCS,790
HDPE-VAL-BAL-PP-COMP-25MM,PCS,1190
HDPE-VAL-BAL-PP-COMP-32MM,PCS,1850
HDPE-VAL-BAL-PP-COMP-MALE-25MM,PCS,1250
HEA-DUT-BID-BRA-SB403,PCS,1450
HEA-DUT-GLA-HOL-M9002SS,SET,1540
HEA-SPA-FAUCET-L661,PCS,370
HEA-SPA-FAUCET-SH332,PCS,650
HEA-SWI-CON,PCS,2800
HEX-BUL-POI-15083(P),PCS,1490
HHD-CIS-DKI,SET,3800
HHD-CIS-DUAL-GDPC2000,SET,5290
HHD-CIS-DUAL-M0625/N8205-WHI,SET,6690
HHD-CIS-HIGH,SET,3500
HHD-CIS-HIGH-2.5G-M0635-WHI,SET,4990
HHD-CIS-LOW,PCS,5490
HHD-CIS-LOW-3.0G-M0625,SET,5290
HHD-DKI-FLO-VAL,PCS,920
HHD-FLO-BAL-12MM,PCS,320
HHD-FLO-BAL-18MM,PCS,450
HHD-FLU-00456C,PCS,4090
HHD-FLU-M0676/L100W-40MM,PCS,2280
HHD-FLU-M0676-L110W-40MM,PCS,3690
HHD-FLU-M0676-L110W-50MM,PCS,3350
HHD-FLU-PUSH-S200A-40MM,SET,3190
HHD-FLU-S300A-50MM,SET,3590
HHD-HAN-LEV-HIGH,PCS,350
HHD-HAN-LEV-LOW,PCS,520
"HHD-PIP-FLU-1 1/2""",PCS,450
"HHD-SOC-YG241-1/2""100MM",PCS,1050
"HHD-SOC-YG241-1/2""X50MM",PCS,670
"HHD-SOC-YG241-1/2""X70MM",PCS,890
"HHD-SOC-YG379MF-1/2""X40MM",PCS,390
"HHD-SOC-YG379MF-1/2""X50MM",PCS,520
"HHD-SOC-YG379MF-1/2""X70MM",PCS,720
"HHD-STO-JM199-7""",PCS,690
HHD-STO-JYMT-150MM,PCS,1680
HHD-STO-JYMT-200MM,PCS,1850
HHD-STO-JYMT-JM400A,PCS,1090
HHD-STO-JYMT-JM400B,PCS,1190
HHD-STO-JYMT-JM600A,PCS,1280
"HHD-STO-SHA-JM140-8""",PCS,2750
HHD-STO-TIG-150MM,PCS,950
HHD-STO-TIG-200MM,PCS,1120
HHD-TOI-COV-FTS-002021-1TKWHI,PCS,4990
HHD-TOI-COV-GDSC2013SH,PCS,9900
HHD-TOI-COV-WCS6580,PCS,5300
HHD-TOI-COV-WHI,SET,1290
HHD-TOI-COV-WSC100,PCS,1160
HHD-TOI-PAP-HOL-YG474,PCS,1990
HHD-TOI-SQU-SIPHON,PCS,1490
HHD-VAL-FLO-BRA-CIT-12MM,PCS,1980
HHD-VAL-FLO-BRA-CIT-18MM,PCS,2650
HHD-VAL-FLO-BRA-VIP-12MM,PCS,2190
HHD-VAL-FLO-BRA-VIP-18MM,PCS,2690
HHD-VAL-FLO-PVC-12MM,PCS,490
HHD-VAL-FLO-PVC-4SEA,PCS,150
HHD-VAL-PVC-12MM,PCS,550
"HIN-W/BEA-ASA-5""",PAIR,1250
HIT-GRI,UNIT,61800
HIT-STR-GRI,UNIT,95800
HOI-LEV-CLI-1.5,PCS,2500
HOI-LEV-TOH-1.5,PCS,35900
HOI-LEV-TOH-3.0,PCS,59900
"HOI-PUL-SIN-1.1/2""",PCS,490
"HOI-PUL-SIN-2""",PCS,690
"HOI-PUL-SIN-3/4""",PCS,200
"HOI-PUL-SIN-GI-1 1/4""",PCS,390
"HOI-PUL-SIN-GI-1""",PCS,360
HOL-BOT-MA034-A,SET,29900
HOL-GAT-10MM,PCS,750
HOL-NYL-SIC-JM-555,PCS,2150
HOL-POR-E27,PCS,300
HOL-SAW-DXHS3624-6PCS,SET,1720
"HOL-SEC-1""X1""X1.0MMX6M",PCS,3490
"HOL-SEC-1""X1""X1.2MM",PCS,3200
"HOL-SEC-1""X1""X1.6MMX6MM",PCS,5500
"HOL-SEC-1""X1""X2.3MM",PCS,3900
"HOL-SEC-1.1/4""X1.1/4""X1.2MMX6M",PCS,2950
"HOL-SEC-2""X1""X1.2MM",PCS,3050
"HOL-SEC-2""X1""X1.6MMX6M",PCS,5300
"HOL-SEC-2""X2""X1.2MM",PCS,3050
"HOL-SEC-2""X2""X1.6MM",PCS,7300
"HOL-SEC-2""X3""X20'",PCS,16500
"HOL-SEC-2""X4""X1.6MM",PCS,13700
"HOL-SEC-2""X4""X2.3MM",PCS,12000
"HOL-SEC-3""X1-1/2""X2.3MM",PCS,8800
"HOL-SEC-3""X3""X3.0MM",PCS,27900
"HOL-SEC-3""X4""X2.3MM",PCS,14500
"HOL-SEC-4""X2""X3.0MM",PCS,27900
"HOL-SEC-4""X4""X2.3MM",PCS,18900
"HOL-SEC-4""X4""X3.0MM",PCS,24800
"HOL-SEC-5""X2""X1.9MM",LGTH,12300
HOL-SET-BUL-SYLVIA-12V,SET,2790
HOL-TUB-DOU,PC,450
HOL-TUB-SIN,PCK,320
HOL-TUB-T8-G13,PCK,190
HOO-CAB-CB8002-3,UNIT,4500
HOO-CAB-CB8003-3,UNIT,5000
HOO-CAB-CB8003-5,UNIT,8400
HOO-CAB-CB8006-3,UNIT,4190
HOO-CAB-CB801-5,UNIT,5200
HOO-CAB-CB802-3,UNIT,3100
HOO-CAB-CB802-5,UNIT,5200
HOO-CAB-CB806-5,UNIT,7500
HOO-CAB-CB807-3,UNIT,4600
"HOO-GATE-TOYO-4""",PCS,2360
HOO-PACK-3PCS-5575,PCK,240
HOO-S-3PCS-ZT2073,PCK,390
HOO-S-3PCS-ZT2093,PCK,410
HOO-SAN-SWP-BF-3706,PCS,4300
HOO-SINGLE-S/S-1363HB,CARD,680
HOO-SNA-GALV-5MM,PCS,140
HOO-SNA-GALV-6MM,PCS,180
HOO-SNA-SH383,PCS,330
HOO-SNA-SS-4MM,PCS,450
HOO-SNA-SS-5MM,PCS,500
HOO-SNA-SS-6MM,PCS,590
HOO-SSS-CN-HSD-1004,PCK,450
HOO-TWIN-S/S-1364HB,CARD,750
HOR-LIO-24VDC,PCS,2358
HOR-SAS-BH-12,PCS,1132
HOS-6MTR-6396-736,PCS,23900
HOS-7PAT-TRI-NOZ-40200003,PCS,2190
HOS-AIR-TOK-10MM,MTR,290
HOS-AIR-TOK-8.5MM,MTR,250
HOS-BLI-B5016,PCS,4290
HOS-BW14/15-1004512-26,PCS,11900
HOS-CLE-00630,MTR,130
HOS-CLE-00830,MTR,130
HOS-CLE-00930,COIL,3290
HOS-CLE-01230,MTR,250
HOS-CLE-01630,COIL,5190
HOS-CLE-01630-MTR,MTR,290
HOS-CLE-01930,COIL,6300
HOS-CLE-01930-MTR,MTR,350
HOS-CLE-02530-MTR,MTR,480
HOS-CLE-9MM-MTR,MTR,190
HOS-CON-00315K,PCS,2090
HOS-CON-13-16MM,PCS,100
HOS-CON-19-25MM-1'',PCS,150
HOS-CON-ADA-40200006,PCS,320
HOS-CON-ADA-ECO4011,PCS,390
HOS-CON-ADA-ECO4056,PCS,890
HOS-CON-ADA-ECOG4026,PCS,450
HOS-CON-ADA-PI7-320#,PCS,290
HOS-CON-ADA-PI7-323#,PCS,350
HOS-CON-ADA-PI7-326#,PCS,450
HOS-CON-ECO4113,PCS,720
"HOS-CON-EG-314-13MM-1/2""",PCS,580
HOS-CON-EG-368-CLIPS,PCS,990
HOS-CON-EG4027-40200009,PCS,1870
HOS-CON-EG4111-40200017,PCS,560
HOS-CON-EG4134-40200043,PCS,890
HOS-CON-MEN-40200012,PCS,450
HOS-CON-MEN-ECO4036,PCS,580
HOS-CON-SET-40200023,SET,1550
HOS-CON-STO-40200016,PCS,590
HOS-CON-STO-ECO4112,PCS,750
HOS-COU-BR-10MM,PCS,390
HOS-COU-BR-12MM,PCS,430
HOS-COU-BR-16MM,PCS,660
HOS-COU-BR-19MM,PCS,980
HOS-COU-CON-40200007,PCS,370
HOS-COU-Y-EG4022,PCS,440
HOS-FIT-PI7-103#,PCS,1230
HOS-FLE-BLI-B1201,SET,1880
"HOS-FLE-BT/M039-10""",PCS,700
HOS-FLE-DL5-FB30,PCS,2150
HOS-FLE-DL5-FB50,PCS,2800
"HOS-FLE-GLO-08""",PCS,690
"HOS-FLE-GLO-12""",PCS,760
"HOS-FLE-GLO-14""",PCS,820
"HOS-FLE-GLO-16""",PCS,850
"HOS-FLE-GLO-18""",PCS,870
"HOS-FLE-GLO-20""",PCS,890
"HOS-FLE-GLO-24""",PCS,940
"HOS-FLE-GLO-36""",PCS,1190
"HOS-FLE-GLO-48""",PCS,1450
"HOS-FLE-GLO-60""",PCS,1690
HOS-FLE-LT8215-1.5M,PCS,1690
HOS-FLE-MIX-YG407,PCS,1090
HOS-FLE-MMAN-F13X6,PCS,2290
"HOS-FLE-OTO-966-64MB-12""",PCS,1030
"HOS-FLE-OTO-966-65MB-14""",PCS,1130
"HOS-FLE-OTO-966-66MB-16""",PCS,1190
"HOS-FLE-OTO-966-67MB-18""",PCS,1330
"HOS-FLE-OTO-966-68MB-24""",PCS,1590
"HOS-FLE-OTO-966-69MB-36""",PCS,2050
"HOS-FLE-PVC-48""",PCS,1390
HOS-FLE-SSS-LEO-1.5M,PCS,1750
HOS-FLE-SW-PVCH-08,PCS,860
HOS-FLE-SW-PVCH-10,PCS,920
HOS-FLE-SW-PVCH-12,PCS,950
HOS-FLE-SW-PVCH-14,PCS,1050
HOS-FLE-SW-PVCH-16,PCS,1140
HOS-FLE-SW-PVCH-18,PCS,1320
HOS-FLE-SW-PVCH-24,PCS,1390
HOS-FLE-SW-PVCH-30,PCS,1520
HOS-FLE-SW-PVCH-36,PCS,1880
HOS-FLE-SW-PVCH-48,PCS,2150
HOS-FLE-VIP-6615,PCS,2690
HOS-FLE-VIP-6618,PCS,3290
HOS-FLE-VIP-PP08,PCS,890
"HOS-FLE-VIP-PP10""",PCS,920
"HOS-FLE-VIP-PP12""",PCS,950
"HOS-FLE-VIP-PP14""",PCS,980
"HOS-FLE-VIP-PP16""",PCS,1000
"HOS-FLE-VIP-PP18""",PCS,1030
HOS-FLE-VIP-PP20,PCS,1150
"HOS-FLE-VIP-PP24""",PCS,1250
"HOS-FLE-VIP-PP30""",PCS,1470
"HOS-FLE-VIP-PP36""",PCS,1750
"HOS-FLE-VIP-PP48""",PCS,1950
"HOS-FLE-VIP-PP60""",PCS,2150
HOS-FLE-WSY,PCS,3900
"HOS-GAR-CAV-5/8""X30M",ROLL,9700
"HOS-GAR-CAV-5/8""X50M",MTR,420
HOS-GAR-GRE-160330,ROLL,10300
HOS-GAR-GRE-160330-MTR,MTR,530
HOS-GAR-MARK-X-10M,ROLL,3990
HOS-GAR-MARK-X-25M,ROLL,9800
HOS-GAR-MARK-X-DB,ROLL,12500
HOS-GAR-MARK-X-DB-13MTR,ROLL,6880
HOS-GAR-MARK-X-DB-MTR,MTR,580
HOS-GAR-MK-HS-1804-13M,ROLL,3490
HOS-GAR-MK-HS-1804-30M,ROLL,7990
HOS-GAR-MMAN-1446#-20M,ROLL,7900
HOS-GAR-ORA-160230,ROLL,6990
HOS-GAR-ORA-160330,ROLL,9900
HOS-GAR-ORA-160330-MTR,MTR,530
HOS-GAR-ORA-GREENLAND,ROLL,2190
HOS-GAR-ORA-GREENLAND-16MMX30M,ROLL,10500
HOS-GAR-ORA-GREENLAND-2.5MM,ROLL,2250
HOS-GAR-ORA-GREENLAND-GPI,ROLL,4250
HOS-GAR-ORA-KARYON-5M,ROLL,1990
HOS-GAR-REE-1100001,SET,10900
HOS-GAR-REEL-TSU,SET,15500
HOS-GAR-SET-114253,SET,14500
HOS-GAR-SET-ECO15M1107,SET,17900
HOS-GAR-SET-ECO20M1108,SET,19800
HOS-GAR-SET-ECO30M1123,SET,27500
HOS-GAR-SET-EG2000,SET,49000
HOS-GAR-SET-GHR02LB,SET,21900
HOS-GAR-SET-IHG-02,SET,22900
HOS-GAR-SET-SWHR-WA20M,SET,36500
HOS-GAR-TF125,MTR,560
HOS-GAR-TWI-12040,PCS,320
HOS-GAS-BLA45,MTR,330
HOS-GAS-ORA50,MTR,350
HOS-H/DUTY-SG-2655,PCS,3250
HOS-HOL-EAG-EG3100,PCS,1920
HOS-HOL-ECO-EG6038,PCS,1520
HOS-HOLG-HC-100,PCS,1650
HOS-INL-PVC-1.5M,ROLL,1750
HOS-INL-PVC2.0M,ROLL,1990
HOS-INL-PVC3.0M,PCS,2290
HOS-INL-SCR-3.5M,PCS,2590
HOS-MAC-WAS-IN1.5M,PCS,1240
HOS-MAC-WAS-IN2.0M,PCS,1500
HOS-MAC-WAS-OUT-1.5M,PCS,990
HOS-MAC-WAS-OUT-2.0M,PCS,1250
HOS-MAC-WAS-OUT-3.0M,PCS,1850
HOS-MAC-WAS-OUT-MWP011-C,PCS,2190
HOS-MAC-WAS-OUT-WPJ112-A,ROLL,990
HOS-MAC-WAS-OUT-WPJ114-A,ROLL,1030
HOS-MAYA-TRI-NOZ,SET,1200
HOS-M'MAN-NOZ-4871,SET,1000
HOS-NET-012100,COIL,12264
HOS-NET-012100-MTR,MTR,142
HOS-NET-01650,COIL,8000
HOS-NET-01650-MTR,MTR,200
HOS-NET-01850,COIL,12640
HOS-NET-01850-MTR,MTR,250
HOS-NET-02550,COIL,14717
HOS-NET-02550-MTR,MTR,330
HOS-NET-03240,COIL,27000
HOS-NET-03840,COIL,28500
HOS-NET-05040,COIL,46500
HOS-NET-MIK-12MM,MTR,160
HOS-NET-MIK-15MM,MTR,220
HOS-NET-MIK-19MM,MTR,310
HOS-NET-MIK-25MM,MTR,420
HOS-NET-MIK-32MM,MTR,620
HOS-NOZ-BRASS-EX3030,PCS,2090
HOS-NOZ-GUN-KSS-ASG21,PCS,1650
HOS-NOZ-LEO-L7006,PCS,1290
HOS-NOZ-MET,PC(S),1075
HOS-NOZ-RKEY-252#,PCS,1190
HOS-NOZ-TRI-ECO2100,PCS,2080
HOS-NOZ-TRI-ECO4464,PCS,2250
HOS-NOZ-TWN-ECO-EG2012,PCS,650
HOS-REEL-CART-#5830,PCS,7690
HOS-REL-EAG-2030#,PCS,5990
HOS-REL-EAG-3050/DL,PCS,10500
HOS-REL-EAG-6230#,PCS,8790
HOS-REL-EAG-EG2030#,PCS,17900
HOS-SPA-DIS-C337-N,PKT,230
HOS-SPA-NOZ-C882,PCS,550
HOS-SPA-NOZ-NZ-22,PCS,690
HOS-SPA-RIN-C111,PKT,220
"HOS-SPA-RUB-3/4""",PCK,60
HOS-SPA-SAT-ST300,PCS,890
HOS-SPA-TAP-35MM,PCS,2900
HOS-SPA-TAP-40MM,PCS,3300
HOS-SPA-TAP-C222,PCS,650
HOS-SPA-TAP-C333,PCS,650
HOS-SPA-WAS-C555,PCS,270
HOS-SPA-WAS-RUB-C666-N,PKT,130
HOS-SPR-02552,COIL,26255
HOS-SPR-03840,COIL,42000
HOS-SPR-05040,MTR,1690
HOS-SPR-TOKO-25MX50M,MTR,680
HOS-SPR-TRN-ST3355,PCS,2380
HOS-TAP-STO-RUB-5114,PCK,50
HOS-TSU-HPC6091,PCS,8800
HOS-TWIN-AIR-TOKO-06MMX90M,MTR,470
HOS-WAT-PUM-SH001446,ROLL,32000
"HSS-HOL-SAW-6""",PCS,2050
I-30CC-PELIKAN,BOT,0
ICE-COO-INO-13LTR-THBW/K-2,PCS,6600
ICE-COO-INO-18LTR-THBW/K-1,PCS,7500
ICE-COO-INO-23LTR-THBW/JUMBO-K,PCS,10800
ICE-COO-INO-9LTR-THBW/K-3,PCS,3950
IMITOS-TRACK,PCS,0
IMP-BIT-PM61038,SET,1030
IND-ALUM-SHE-FLA-0.3MMX3',KGS,3390
"IND-ANGLE-BAR-1""X1""X3.0MMX6M",PCS,4000
"IND-ANGLE-BAR-1.1/2""X1.1/2""X4.",PCS,8600
"IND-ANGLE-BAR-1.1/2""X1.1/2""X4.0MMX6M",PCS,8600
"IND-ANGLE-BAR-1-1/2""X1-1/2""X3M",PCS,4400
"IND-ANGLE-BAR-1-1/2""X1-1/2""X3MM",PCS,4400
"IND-ANGLE-BAR-2""X2""X3.0MMX20'",PCS,6300
"IND-ANGLE-BAR-2""X2""X5.0MMX20'",PCS,7100
"IND-ANGLE-BAR-3""X3""X5.0MMX20'",PCS,11500
IND-BFB250,CAN,1990
"IND-BLK-PIPE-1.1/2""(AA)X1.8MMX",PCS,9800
"IND-BLK-PIPE-1.1/2""(AA)X1.8MMX6M",PCS,9800
"IND-BRA-ANGLE-4""X2""X2""X1.60MM",PCS,120
IND-BRI-RED,PCS,45
IND-CAN-4.5M,SET,28800
IND-CAN-ARA,UNIT,299000
IND-CAN-ARMY,UNIT,25900
IND-CAN-BLU,UNIT,17900
IND-CAN-CANVAS,PCS,8500
IND-CAN-GRE-SPA,PCS,10600
IND-CAS-100MM,PCS,2230
IND-CAS-75MM,PCS,1790
"IND-CAS-BRA-4""",PCS,1250
IND-CAS-DL5-KRW-150,PCS,4650
"IND-CAS-FIX-1""",PCS,690
"IND-CAS-FIX-1.25""",PCS,750
"IND-CAS-FIX-1.5""",PCS,890
"IND-CAS-FIX-2""",PCS,990
IND-CAS-GLI-BRA-38MM,EA,790
IND-CAS-GLI-BRA-50MM,EA,990
IND-CAS-GLI-BRA-65MM,EA,1470
IND-CAS-GLI-RIG-38MM,EA,530
IND-CAS-GLI-RIG-50MM,EA,720
IND-CAS-GLI-RIG-65MM,EA,870
IND-CAS-GLI-SWI-38MM,PCS,670
IND-CAS-GLI-SWI-50MM,EA,890
IND-CAS-GLI-SWI-65MM,EA,1330
"IND-CAS-H/DUTY-MCLFC-4""",PCS,4350
"IND-CAS-H/DUTY-MCLFC-6""",PCS,5250
"IND-CAS-H/DUTY-MCLSC-4""",PCS,4690
"IND-CAS-H/DUTY-MCLSC-6""",PCS,5990
"IND-CAS-H/DUTY-MCLSCB-4""",PCS,6890
"IND-CAS-H/DUTY-MCLSCB-6""",PCS,8290
IND-CAS-NYL-38MM,SET,1390
IND-CAS-NYL-50MM,SET,1550
IND-CAS-NYL-75MM,SET,3690
"IND-CAS-PU-RIG-4""",PCS,0
"IND-CAS-PU-RIG-5""",PCS,0
"IND-CAS-PU-RIG-6""",PCS,0
"IND-CAS-PU-SWI-4""",PCS,0
"IND-CAS-PU-SWI-5""",PCS,0
"IND-CAS-PU-SWI-6""",PCS,0
"IND-CAS-PVC-RIG-4""",PCS,3990
"IND-CAS-PVC-RIG-5""",PCS,4550
"IND-CAS-PVC-RIG-6""",PCS,5180
"IND-CAS-PVC-SWI-4""",PCS,4650
"IND-CAS-PVC-SWI-5""",PCS,5150
"IND-CAS-PVC-SWI-6""",PCS,5580
IND-CAS-RIG3.5,PCS,790
IND-CAS-RIG4,PCS,950
IND-CAS-RIG5,PCS,1150
IND-CAS-RIG6,PCS,2290
IND-CAS-RIG8,PCS,2620
IND-CAS-RUB-075MM,PCS,360
IND-CAS-RUB-100MM,PCS,500
"IND-CAS-SCA-6""",PCS,5650
IND-CAS-SCR-08MM,PCK,1190
IND-CAS-SCR-10MM,PCK,1190
IND-CAS-SOF-50MM,SET,1270
IND-CAS-SWI BRA-100MM,PCS,3080
"IND-CAS-SWI-1""",PCS,750
"IND-CAS-SWI-1.25""",PCS,880
"IND-CAS-SWI-1.5""",PCS,950
IND-CAS-SWI-100MM,PCS,2550
"IND-CAS-SWI-2""",PCS,1090
IND-CAS-SWI3.5,PCS,830
IND-CAS-SWI4,PCS,940
IND-CAS-SWI5,PCS,1160
IND-CAS-SWI6,PCS,2690
IND-CAS-SWI-75MM,PCS,2150
IND-CAS-SWI8,PCS,2850
"IND-CAS-SWI-BRA-1""",PCS,890
"IND-CAS-SWI-BRA-1.25""",PCS,950
"IND-CAS-SWI-BRA-1.5""",PCS,980
"IND-CAS-SWI-BRA-2""",PCS,1290
IND-CAS-SWI-BRA-75MM,PCS,2680
"IND-CAS-SWI-INS-2""",PCS,1590
"IND-CAS-SWI-INS-BRA-2""",PCS,1780
"IND-CAS-SWI-LSC-2""",PCS,1850
"IND-CAS-SWI-LSCB-2""",PCS,2080
"IND-CAS-SWI-TSC-2""",PCS,1690
"IND-CAS-SWI-TSCB-2""",PCS,1790
IND-CAS-TPR-R-50S,PCS,2850
IND-CAS-TPR-RIG5,PCS,2650
"IND-CAS-WHE-6X3/4""",PCS,990
"IND-CAS-WHE-8X1""",PCS,1390
"IND-CAS-WHE-8X3/4""",PCS,1290
IND-CEM-2KG,PCK,200
IND-CEM-3KG-BLA,PKT,1290
IND-CEM-3KG-GRE,PKT,1290
IND-CEM-3KG-IVO,PKT,1290
IND-CEM-3KG-RED,PKT,1290
IND-CEM-3KG-WHI,PKT,1290
IND-CEM-50KGS,BAG,2490
IND-CEM-750G-BLA,CAN,1250
IND-CEM-750G-WHI,CAN,1250
IND-CEM-EC-18KG,BAG,3090
IND-CEM-EC-1KG,KGS,350
IND-CEM-GREY-1KG,KG,240
IND-CEM-GREY-20KG,BAG,3190
IND-CEM-GREY-25KG,BAG,2690
IND-CEM-KEM-GREY-20KG,BAG,3090
IND-CEM-SLI,PCS,0
IND-CEM-TILE-400G,PCK,590
IND-COA-SKI-WHI,BAG,3690
IND-COA-SKI-WHI-PCK,PCK,290
IND-COO-MID-C20-RT2002,PCS,15500
IND-COO-MID-MIC222TLAGN,PCS,19500
IND-DUS-ALI-120L,PCS,14900
IND-DUS-ALI-240L,UNIT,22900
IND-DUS-ALI-240L-SHA,PCS,2150
IND-DUS-ALI-240L-TYRE,PCS,3490
IND-DUS-ALI-660L,UNIT,106000
IND-DUS-ALI-660LTR-COV,PCS,15900
IND-DUS-CLEAN-120L,PCS,19800
IND-DUS-COV,PCS,690
IND-DUS-GLO-120L,PCS,12900
IND-DUS-GLO-120L-CLIP,SET,920
IND-DUS-GLO-120L-COV,PCS,1890
IND-DUS-GLO-120L-TYRE,PCS,3890
IND-DUS-GLO-240L-SHA,PCS,2500
IND-DUS-OKE-1100L,UNIT,205000
IND-DUS-SCH-120L,UNIT,22800
IND-DUS-SCH-240L,UNIT,31800
IND-DUS-SULO-660L,UNIT,155000
"IND-FEN-2.1/2""X4'",ROLL,21500
"IND-FEN-2.1/2""X5'",ROLL,20900
"IND-FEN-2.1/2""X6'",ROLL,25900
"IND-FEN-GAL-2""X5'",ROLL,23500
IND-FIL-1.0KG,ROLL,1980
IND-FIL-1.6KG,ROLL,2150
IND-FIL-100MM,ROLL,420
IND-FIL-2.4KG,ROLL,4090
IND-FIL-3.0KG,ROLL,3790
IND-FIL-BLA-3KG,ROLL,5500
IND-FOI-D/S-1.2MX25M,MTR,270
IND-FOIL-SML-BUBLE-ELISE,MTR,1190
IND-FOIL-SML-BUBLE-ELISE815,MTR,1390
IND-FOL-3'-MS1462,SET,27500
IND-G.I.-BATTERN-0.45MM-13',PCS,1300
IND-G.I.-BATTERN-0.45MM-15',PCS,2325
IND-G.I.-BATTERN-0.45MM-20',PCS,2000
IND-G.I.-BATTERN-0.45MM-22',PCS,2420
IND-G.I.-BATTERN-0.45MM-8',PCS,880
IND-G.I.-BATTERN-0.50MM-10',PCS,1160
IND-G.I.-BATTERN-0.50MM-12,PCS,2000
IND-G.I.-BATTERN-0.50MM-18',PCS,1710
IND-G.I.-BATTERN-0.50MM-20',PCS,2500
IND-G.I.-BATTERN-0.50MM-22',PCS,2970
IND-G.I.-BATTERN-0.50MM-23',PCS,2185
IND-G.I.-BATTERN-0.50MM-25',LTH,2750
IND-G.I.-BATTERN-0.50MM-3',PCS,285
IND-G.I.-BATTERN-0.50MM-30',LTH,3300
IND-G.I.-BATTERN-0.50MM-3'-B40,PCS,377
IND-G.I.-BATTERN-0.50MM-4.5',PCS,430
IND-G.I.-BATTERN-0.50MM-5',PCS,550
IND-G.I.-BATTERN-0.50MM-5.5',PCS,520
IND-G.I.-BATTERN-0.50MM-6',PCS,600
IND-G.I.-BATTERN-0.50MM-8',PCS,840
IND-G.I.-BATTERN-0.55MM-10',PCS,1800
IND-G.I.-BATTERN-0.55MM-12',PCS,2160
IND-G.I.-BATTERN-0.55MM-20',PCS,3600
IND-G.I.-BATTERN-0.55MM-5',PCS,900
IND-G.I.-BATTERN-0.6MM-14'-B61,PCS,200
IND-G.I.-BATTERN-0.6MM-20'-B61,LTH,7200
IND-G.I.-BATTERN-0.70MM-10',PCS,1400
IND-G.I.-BATTERN-0.70MM-11',PCS,2310
IND-G.I.-BATTERN-0.70MM-12',PCS,1680
IND-G.I.-BATTERN-0.70MM-14',PCS,1680
IND-G.I.-BATTERN-0.70MM-16',PCS,3760
IND-G.I.-BATTERN-0.70MM-20',PCS,3800
IND-G.I.-BATTERN-0.70MM-8',PCS,1680
IND-G.I.-BATTERN-0.70MM-9',PCS,1260
IND-G.I.-BATTERN-1.0MM-4'-B61,PCS,2020
IND-G.I.-BATTERN-1.0MM-5'-B61,PCS,2525
IND-G.I.-BATTERN-1.0MM-6'-B61,PCS,3030
IND-G.I.-TRU-0.55MM-20',PCS,1900
IND-G.I.-TRU-0.6MM-10',PCS,2000
IND-G.I.-TRU-0.6MM-6',PCS,1620
IND-G.I.-TRU-0.7MM-10',PCS,3100
IND-G.I.-TRU-0.7MM-12',PCS,3240
IND-G.I.-TRU-0.7MM-13',PCS,2860
IND-G.I.-TRU-0.7MM-16',PCS,0
IND-G.I.-TRU-0.7MM-17',PCS,3570
IND-G.I.-TRU-0.7MM-20',PCS,4200
IND-G.I.-TRU-0.7MM-4',PCS,920
IND-G.I.-TRU-0.7MM-5',PCS,875
IND-G.I.-TRU-0.7MM-6',PCS,1770
IND-G.I.-TRU-0.7MM-8',PCS,1840
IND-G.I.-TRU-0.7MM-9,PCS,1890
IND-G.I.-TRU-0.8MM-10',PCS,3400
IND-G.I.-TRU-0.8MM-12',PCS,2530
IND-G.I.-TRU-0.8MM-13',PCS,4030
IND-G.I.-TRU-0.8MM-15',PCS,3450
IND-G.I.-TRU-0.8MM-2.5',PCS,850
IND-G.I.-TRU-0.8MM-24',PCS,4400
IND-G.I.-TRU-0.8MM-3',PCS,1020
IND-G.I.-TRU-0.8MM-4',PCS,1360
"IND-G.I.-TRU-0.8MM-6""",PCS,1380
IND-G.I.-TRU-0.8MM-7.5',PCS,1385
IND-G.I.-TRU-0.8MM-8',PCS,5600
IND-G.I.-TRU-1.0MM-04',PCS,1680
IND-G.I.-TRU-1.0MM-05',PCS,2100
IND-G.I.-TRU-1.0MM-09',PCS,2160
IND-G.I.-TRU-1.0MM-10',PCS,3100
IND-G.I.-TRU-1.0MM-11',PCS,2475
IND-G.I.-TRU-1.0MM-12',LGTH,980
IND-G.I.-TRU-1.0MM-14',PCS,3150
IND-G.I.-TRU-1.0MM-18',PCS,7560
IND-G.I.-TRU-1.0MM-21',PCS,4725
IND-G.I.-TRU-1.0MM-25',PCS,5625
IND-G.I.-TRU-1.0MM-7.5',PCS,1960
IND-G.I.-TRU-1.0MM-9.1/2',PCS,2140
IND-G.I.-TRU-1.2MM,PCS,0
IND-GAL-WIR-20#-OMEGA,KG,660
IND-GAL-WIR-3.2MM,KGS,600
IND-GAL-WIR-32MM X45KG,COIL,19350
IND-GAL-WIRE-16#-10KG,ROLL,7700
IND-GAL-WIRE-16#-1KG,KG,850
IND-GAL-WIRE-16#-500G,PKG,350
IND-GAL-WIRE-16#-ROLL,ROLL,13300
IND-GAL-WIRE-18#-1KG,KG,850
IND-GAL-WIRE-18#-500G,PKG,430
IND-GAL-WIRE-18#-ROLL,ROLL,11900
IND-GAL-WIRE-20#-10KG/ROLL,COIL,4500
IND-GAL-WIRE-20#-1KG,KG,890
IND-GAL-WIRE-20#-500G,PKG,490
IND-GAL-WIRE-20#-COIL,COIL,5000
IND-GAL-WIR-PVC-0.6MM-1MM,ROLL,380
IND-GAL-WIR-PVC-1.1MM-1.4MM,ROLL,750
IND-GAL-WIR-PVC-1.1MM-1.6MM,ROLL,890
IND-GAL-WIR-PVC-18#,ROLL,5450
IND-GAL-WIR-PVC-30M,ROLL,390
IND-GAL-WIR-PVC-3MM,PCK,600
IND-GAL-WIR-PVC-COA-3MMX25KGS,KGS,1050
"IND-IRON-BUSH-1/2""",PCS,390
"IND-IRON-BUSH-3/8""",PCS,270
IND-IRON-HIN,PCS,790
IND-IRON-HIN-2.0,PCS,190
IND-IRON-HIN-3.0,PCS,250
"IND-IRON-HIN-3.1/2""",PCS,500
IND-IRON-PLATE,PCS,160
IND-IRON-PLATE-M8,PCS,240
IND-IRON-WEL-HAPS,PCS,200
IND-LAM-V854,PCS,7900
IND-LAM-V855,PCS,9900
IND-LAM-W865A,PCS,13900
IND-MES-EX,PCS,490
IND-NET-ALUM,ROLL,14300
IND-NET-ALUM-FTS,FTS,230
IND-NET-ASTINO,FTS,220
"IND-NET-FIB-4""X25M",MTR,750
IND-NET-FIB-4'X25M-FTS,FTS,260
IND-NET-FIB-5'X25M-FTS,FTS,290
IND-NET-FIB-G4FTS,FTS,120
IND-NET-MEGA-G15X15,ROLL,15000
IND-NET-MEGA-G6X6,ROLL,15000
IND-NET-MEG-G0606-MTR,MTR,800
IND-NET-MEG-G1515-MTR,MTR,800
IND-NET-PVC-GREEN,ROLL,10700
IND-NET-PVC-GREEN-MTR,FTS,160
IND-NET-PVC-GREY,ROLL,10700
IND-NET-PVC-GREY-MTR,FTS,160
IND-PAI-BLA,PCS,4950
IND-PAI-BLA-70L,PCS,5880
IND-PAI-BLA-E812B,PCS,2990
IND-PAI-BLA-V8120,PCS,2350
IND-PAI-CEMENT,PCS,520
IND-PAI-CEMENT-BIG,PCS,840
IND-PAI-CEMENT-D266-BLK,PCS,450
IND-PLU-BOB-1000G,PCS,1420
IND-PLU-BOB-300G-PCK,PCS,1020
IND-PLU-BOB-400G-PCK,PCS,1190
IND-PLU-BOB-500G-PCK,PCS,1290
IND-PLU-BOB-600G-PCK,PCS,1480
IND-PUN-ORA-H/D,PCS,1550
IND-PUN-PVCB,PCS,990
IND-PUN-PVC-BLK,PCS,990
IND-PUN-YEL,PCS,720
IND-PVC-TRO-BLA-4X11,PCS,380
IND-RAG-COL-1KGS,KGS,420
IND-RAG-COLOUR-KG,KG,472
IND-RAG-COL-PCS,PCS,80
IND-RIC-COO-RC7878,SET,33800
IND-SCO-METAL-S501MH,PCS,1620
IND-SCO-METAL-S503MH,PCS,1620
IND-SCO-METAL-S512MH,PCS,2080
IND-SCO-SMR-S501TY,PCS,1690
IND-SCO-SMR-S503TY,PCS,1690
IND-SCO-SMR-S512TY,PCS,1690
IND-SCO-WOO-501,PCS,1490
IND-SCO-WOO-503,PCS,1490
IND-SCP-FR9788-1,PCS,490
IND-SCP-FR9788-1-1/2,PCS,530
IND-SCP-FR9788-2,PCS,590
IND-SCP-FR9788-2-1/2,PCS,630
IND-SCP-FR9788-3,PCS,690
IND-SCP-FR9788-4,PCS,730
IND-SCP-FR9788-5,PCS,880
IND-SCP-FR9788-6,PCS,1050
IND-SCP-PUT-15075(08),PCS,850
IND-SCP-PUT-15075(10),PCS,930
IND-SCP-PUT-15075(12),PCS,1030
IND-SCP-PUT-AEK10,PCS,830
IND-SCP-PUT-AEK12,PCS,1050
"IND-SCP-PVC-00627J-2""",PCS,380
"IND-SCP-PVC-00627L-3""",PCS,450
"IND-SCP-PVC-00627M-4""",PCS,520
IND-SCP-PVC-4PCS,SET,530
IND-SCP-PVC-50MM,PCS,190
IND-SCP-PVC-75MM,PCS,270
IND-SCP-PVC-ASES,PCS,590
"IND-SCP-ROC-R-6152-1 1/2""",PCS,260
"IND-SCP-ROC-R-6152-2 1/2""",PCS,320
"IND-SCP-ROC-R-6152-2""",PCS,300
"IND-SCP-ROC-R-6152-3""",PCS,350
"IND-SCP-ROC-R-6152-4""",PCS,0
IND-SCP-S/S-15081,PCS,320
IND-SCP-WOO-065MM,PCS,200
IND-SCP-WOO100,PCS,240
IND-SCP-WOO25,PCS,130
IND-SCP-WOO38,PCS,150
IND-SCP-WOO50,PCS,170
IND-SCP-WOO75,PCS,220
"IND-SLO-ANG-1.5""X1.5""",PCS,1350
IND-SLO-ANG-BOLT&NUT,SET,50
IND-SLO-ANG-RUB-SHO,PCK,790
IND-SLO-ANG-TRA-PLA,PCS,70
IND-TRO-BRI-225,PCS,390
IND-TRO-BRI-226,PCS,380
IND-TRO-BRI-235,PCS,380
IND-TRO-BRI-236,PCS,390
IND-TRO-BRI-BIG,PCS,790
"IND-TRO-CHN4""X11""",PCS,790
"IND-TRO-KINTA-10""",UNIT,29800
"IND-TRO-KINTA-6""",UNIT,19800
"IND-TRO-KINTA-8""",UNIT,23900
IND-TRO-NIE-80X450X0.6MM,PCS,1120
IND-TRO-PLA-411,PCS,550
IND-TRO-PLA-STE-99999,PCS,1050
IND-TRO-PLA-STE-BM99999,PCS,1090
IND-TRO-SET-KIT3203,SET,3990
IND-TRO-SMR1011B,PCS,2050
"IND-TRO-SPO-3X9""",PCS,860
"IND-TRO-SSS-3350#-6""",PCS,820
IND-TRO-WOO,PCS,850
"IND-TRO-WOO-4""X11""",PCS,690
IND-TRU-150KG,UNIT,21000
IND-TRU-300KG,UNIT,24600
IND-TRU-300KG-VI300,UNIT,20900
IND-TRU-CN HTK-293010,SET,29500
IND-TRU-FD150,SET,17200
IND-TRU-FD300,SET,22900
IND-TRU-FD300-BK,SET,29900
IND-TRU-FD300-ER,SET,32900
IND-TRU-MET-150KGS,UNIT,17900
IND-TRU-MET-300KG,UNIT,21500
IND-TRU-PAL-BEST3000,UNIT,109800
IND-TRU-PVC-150P,PCS,15900
IND-TRU-PVC-300P,PCS,21900
IND-UMB-ROU-6,PCS,15900
IND-UMB-ROU-7-KH801,PCS,17500
"IND-UMB-SQU-11""",PCS,17300
IND-UMB-SQU-8'-KH801,PCS,19900
IND-VEN-AIR-12'',UNIT,47800
IND-VEN-HOS-AIR,ROLL,19300
IND-WEL-BRASS-FLUX,CAN,1050
IND-WHE-3IN1,PCS,11800
IND-WHE-3IN1-STC-ST-22,UNIT,8900
IND-WHE-3IN1-STC-ST-22A,UNIT,8900
IND-WHE-5IN1-ST22A,UNIT,8900
IND-WHE-5IN1-ST22R,UNIT,8900
IND-WHE-7111PU,UNIT,19500
IND-WHE-BAR-SHA-5IN1,PCS,500
IND-WHE-BAR-WB2203,PCS,13500
IND-WHE-BEA-5009,PCS,560
"IND-WHE-BEAR-10""",PCS,3900
IND-WHE-BM,PCS,17900
IND-WHE-BRROW-22PU5S,UNIT,9900
IND-WHE-BRROW-22PUP,UNIT,9000
IND-WHE-K-GREY,PCS,12900
IND-WHE-TYR-AIR-O,PCS,2080
IND-WHE-TYR-AIR-ST22,PCS,2690
IND-WHE-TYR-BEA,PCS,150
IND-WHE-TYR-BEA-8126,PCS,390
IND-WHE-TYR-D0810/0020-NB,PCS,4150
IND-WHE-TYR-PUMET,PCS,3490
IND-WHE-TYR-PUPVC,PCS,2980
IND-WHE-TYR-SOL,PCS,2000
IND-WHE-TYR-SOLI,PCS,2690
IND-WHE-TYR-TUBE,PCS,600
"IND-WHE-V4-20""",SET,32900
IND-WHE-WB288-PU,UNIT,21900
IND-WHE-WB-533,UNIT,15500
IND-WHE-WB6111A,UNIT,19600
IND-WHE-WB6111PU,UNIT,22900
IND-WHE-WB8126,UNIT,34900
IND-WHE-WST8126PU,UNIT,27900
IND-WIR-BAR-G.I-81B,ROLL,3750
IND-WIR-BAR-PVC-81B,ROLL,3990
IND-WIR-MES-1212-18GX100,FTS,480
IND-WIR-MES-1212-20GX100,FTS,290
IND-WIR-MES-181819-LTH,FTS,330
IND-WIR-MES-2512-18GX100,FTS,340
IND-WIR-MES-2525-18GX100,FTS,280
IND-WIR-MES-2X1X3'X15GX100',FTS,340
IND-WIR-MES-2X2X3'X15GX100',FTS,310
"IND-WIR-MES-HEX-1/2""",FTS,100
"IND-WIR-MES-HEX-2""",FTS,80
IND-WIR-MES-PVC-11231,FTS,320
IND-WIR-MES-PVC121218,FTS,390
IND-WIR-PVC-BIRD-NET-BLK,MTR,590
IND-WIR-PVC-MEGA-15X15,MTR,800
IND-WIR-PVC-MEGA-6X6,MTR,800
IND-WIR-PVC-MEGA-BLA-15X15,MTR,800
IND-WIR-SQU-8#X24GX80',FTS,400
IND-WOO-PLY-5'X4',UNIT,18500
IND-WOO-PLY-6 (H)' X 8' (L),PCS,46080
"IND-WOO-PLY-6' 7"" X 5' 11""",UNIT,36000
IND-WOO-PLY-7'X8',PCS,54000
IND-WOO-PLY-8'X7',UNIT,59000
INK-CHI-BLA(HUA),PCS,260
INK-POT-BIG,PCS,330
INK-POT-BIG-RED,PCS,290
INK-POT-SMALL,PCS,270
INK-POT-TC250,PCS,660
INS-7018,NOS,59000
INS-COP01-SC,NOS,7900
INS-EC02,NOS,12000
INS-FBP02-BIG-BOSS,PCS,11200
INS-FOP02-SC,PCS,9200
INS-FOP08(P),SETS,98000
INS-FPB02(B),NOS,16800
INS-FPB02(P),NOS,11200
INS-FWF04-SC,NOS,9500
INS-IS1216(B),NOS,23500
INS-IS1216(P),PCS,14800
INS-IS1503,SET,45000
INS-IS6009(SC),PCS,8900
INS-IS6035,SET,129000
INS-IS6080A-S,SET,168000
INS-IS6082-BWL-250,NOS,108000
INS-IS6099,NOS,149000
INS-IS6127,SET,116000
INS-IS61279(SC),PCS,9900
INS-IS8503(B),NOS,30900
INS-IS8503(P),NOS,19900
INS-P-601,NOS,12500
IRO-SOL-0.13KG,PCS,330
IRO-SOL-0.18KG,PCS,450
IRO-SOL-0.1KG,PCS,236
IRO-SOL-0.20KG,PCS,500
IRO-SOL-0.21KG,PCS,500
I-WD293112,UNIT(S),0
JAC-BOT-CNN-6T,PCS,8750
JAC-BOT-CNN-B03TON,PCS,5850
JAC-BOT-CNN-B05TON,PCS,6690
JAC-BOT-CNN-B10TON,PCS,8900
JAC-BOT-CNN-R02TON,PCS,4990
JAC-BOT-CNN-R03TON,PCS,6200
JAC-BOT-CNN-R05TON,PCS,7200
JAC-BOT-CNN-R10TON,PCS,9300
JAC-BOT-CNN-R15TON,PCS,12500
JAC-BOT-CNN-R20TON,PCS,15800
JAC-BOT-CNN-R30TON,PCS,19900
JAC-BOT-MAS-MH-30V,PCS,56000
JAC-BOT-MAS-MHB-30TON,PCS,60900
JAC-FLO-CNN-2TON,SET,13900
JAC-FLO-CNN-3 TON,SET,42800
JAC-FLO-ESKO-3TON-EK-J3075L,UNIT,67900
JAC-FLO-GLO-2TON,SET,12900
JAC-FLO-HYD-90400009,PCS,34500
JAC-FLO-YENT-3TON,UNIT,25900
JAC-SCI-1.5T,PCS,5990
JAC-STA-CNN-3TON,PAIR,8500
JAC-STA-CNN-6TON,PAIR,13600
JARUM-GUNI,PCS,100
JET-126,PCS,9700
JET-WAS-TGB500,SET,18500
JOV-WAT-CAR-JP200C,SET,7500
JOV-WAT-FIL-JP200,PCS,17900
JOV-WAT-FIL-JWP20,PCS,213800
JOV-WAT-HEA-BRACKET,UNIT,1050
JOV-WAT-HEA-HOS-SET,SET,7900
JOV-WAT-HEA-PIPE,UNIT,3750
JOV-WAT-HEA-SA20E,PCS,32000
JOV-WAT-HEA-SA8E,PCS,28800
JOV-WAT-HEA-SB11IP-BLK-RS,PCS,76900
JOV-WAT-HEA-SB11IP-WHI,PCS,57900
JOV-WAT-HEA-SL30E-WHI-RS,PCS,49900
JOV-WAT-HEA-SL30IP-BLK,PCS,55900
JOV-WAT-HEA-SL30IP-BLK-RS,PCS,70000
JOV-WAT-HEA-SL30IP-WHI,PCS,49900
JOV-WAT-HEA-SL30IP-WHI-AWB,PCS,48900
JOV-WAT-HEA-SL30IP-WHI-RS,PCS,66900
JQB-FUSION-1000,UNIT,219900
JQB-FUSION-300,UNIT,99900
JQB-FUSION-500,UNIT,179900
JQB-JUMP-XPRESS-BASIC,UNIT,18500
JQB-JUMP-XPRESS-F39,UNIT,89900
JQB-JUMP-XPRESS-LITE,UNIT,26900
JQB-JUMP-XPRESS-ULTRA,UNIT,34900
JQB-ROAD-MATE-PRO,UNIT,39900
JQB-SUNWAVE-110W,UNIT,69900
JQB-SUNWAVE-32W,UNIT,29800
JQB-SUNWAVE-65W,UNIT,49900
JUG-DEK-KET-KTJK1811,PCS,4690
JUG-KHI-EK502,SET,14900
JUG-KHI-KET-BL330T,SET,9900
JUG-KHI-KET-EK18SS,SET,9300
JUG-KHI-KET-EK2000,SET,9500
JUG-KHI-KET-EK471,SET,12900
JUG-KHI-KET-EK509-ACC,PCS,1700
JUG-KHI-KET-EK560,SET,12500
JUG-KHI-KET-EK5813,SET,5900
JUG-KHI-KET-EK6102,SET,5500
JUG-KHI-KET-EK6202,SET,5500
JUG-KHI-KET-EK6503,SET,6200
JUG-KHI-KET-EK833,SET,9500
JUG-KHI-KET-EVK17S,SET,16500
JUG-MID-MK-17BK,PCS,9200
JUG-PEN-KET-PAK5002,PCS,12660
KET-PSN-NC-GK1WSK,PCS,16800
KET-PSN-NC-SK1BSK,PCS,21900
KEY-CHA-H/CLASS,PCS,150
KEY-CHA-RING-339TWN,PCS,280
KEY-PVC-TAG,PKT,200
KEY-UNB-10PCSAF,SET,1000
KGR-ADH-0100ML,TIN,750
KGR-ADH-0300ML,TIN,1590
KGR-ADH-1000ML,TIN,3750
KGR-ADH-3KG,TIN,9950
KGR-ALU-PAI-1L,TIN,3990
KGR-ALU-PAI-2.5L,TIN,7700
KGR-COM-0.5KG,TIN,1150
KGR-COM-1.5KG,TIN,1990
KGR-COM-2.5KG,TIN,3250
KGR-COM-7KG,TIN,8300
KGR-FLO-COA-9282,TIN,19900
KGR-FLO-COA-9283,TIN,19900
KGR-FLO-COA-9284,TIN,19900
KGR-FLO-COA-9285,TIN,19900
KGR-KIM-1L-9211,TIN,3750
KGR-KIM-1L-9212,TIN,3750
KGR-KIM-1L-9213,TIN,3750
KGR-KIM-1L-9214,TIN,3750
KGR-KIM-1L-9215,TIN,3750
KGR-KIM-1L-9216,TIN,3750
KGR-KIM-1L-9221,TIN,3750
KGR-KIM-1L-9222,TIN,3750
KGR-KIM-300ML-9211,TIN,1780
KGR-KIM-300ML-9212,TIN,1780
KGR-KIM-300ML-9213,TIN,1780
KGR-KIM-300ML-9214,TIN,1780
KGR-KIM-300ML-9215,TIN,1780
KGR-KIM-300ML-9222,TIN,1780
KGR-OXI-53A18LIT,DRUM,27500
KGR-OXI-53A1LIT,TIN,2980
KGR-OXI-57A1LIT,TIN,2790
KGR-OXI-59A1LIT,TIN,2990
KGR-OXI-WOO-5L,TIN,5980
KGR-PAI-ROA-LIN-3102,TIN,11500
KGR-PAI-ROA-LIN-3103,TIN,11800
KGR-PAI-ROA-LIN-3104,TIN,11900
KGR-PUT-GRE,TIN,2290
KGR-REM-PAI-1000ML,TIN,4490
KGR-REM-PAI-500ML,TIN,2450
KGR-SOL-0.5LIT,TIN,1950
KGR-SOL-1LIT,TIN,2890
KHI-COO-MC121,SET,10900
KHI-COO-RC3636,SET,24500
KHI-COO-RC806N,SET,9500
KHI-COO-RC810,SET,9900
KHI-COO-RC818,SET,10900
KHI-COO-RC828N,SET,15900
KHI-COO-RC910,SET,10500
KHI-COO-RC918T,SET,14500
KHI-COO-RCJ185,SET,10900
KHI-COO-RCJ188,SET,14500
KHI-FRI-STA-BBB4401,PCS,1000
KHI-FRY-ARF35,SET,22800
KHI-HDR-HD511-BLU,SET,5200
KHI-HDR-HD511-GRE,SET,6500
KHI-HDR-HD515,SET,7500
KHI-INF-COO-IRC2000,SET,23900
KHI-IRO-EI405-GRY,SET,5200
KHI-MOS-KIL-IK6105,SET,6800
KHI-MOS-KIL-IK6206,SET,3900
KHI-POT-AP550,SET,19800
KHI-POT-AP650,SET,18800
KHI-STA-AIR-CON,PCS,2500
KHI-TOA-BT808,SET,7200
KHI-TOA-ST612,SET,7900
KHI-TOA-TB903,SET,15900
KHI-TOA-TE902,SET,14900
KIM-SUP-04LT,BTL,6500
KIM-SUP-20LT,JAR,23500
KIM-SUP-SYM-4LT,BTL,11500
KING KONG-HR100-1000L(220),UNIT,143500
KING KONG-HR130-1300L(300),UNIT,152500
KING KONG-HR150-1500L,UNIT,166000
KING KONG-HR195-1950L,PCS,183500
KING KONG-HR230,UNIT,243000
KING KONG-HR300-3000L,UNIT,367000
KING KONG-HR400-40000L(900),UNIT,506000
KING KONG-HR50-500L,UNIT,90500
KING-KONG-COV-420MM,PCS,8900
KING-KONG-HR85-850L,UNIT,122000
KNI-ROPE-A1104,PCS,720
KOYA-GLU-5508,PCS,1390
KOYA-GLU-W5509,PCS,750
KOYA-GRE-15KG,PAIL,12500
KOYA-GRE-KOY-2KG,JAR,4450
KOYA-GRE-P525-1/2KG,TIN,1150
KOYA-GRE-P525-15KG,PCS,18200
KOYA-GRE-P529-20LTR,DRUM,12200
KOYA-GRE-P611-1/2KG,TIN,2150
KOYA-OIL-LUB-120ML,PCS,420
KOYA-REM-CEM-1000ML,TIN,1550
KOYA-REM-CEM-4000ML,BOT,4980
KOYA-REM-MOS-1000ML,BOT,1830
KOYA-REM-MOS-4000ML,BOT,4990
KOYA-WAS-HAN-4KG,TIN,6000
KOYA-WOO-PRE-P628-16L,BOT,9500
KOYA-WOO-PRE-P628-4L,BOT,2590
KSWAY-T80-18W-LED-BUL,PCS,1790
LAB-TAG,PCS,43
LAD-ALU-AT-DS06,UNIT,21900
LAD-ALU-AT-DS07,UNIT,24900
LAD-ALU-AT-DS08,UNIT,27900
LAD-ALU-AT-DS09,UNIT,31900
LAD-ALU-AT-DS10,UNIT,37900
LAD-ALU-WEL-D07,UNIT,35900
LAD-ALU-WEL-D08,UNIT,39900
LAD-ALU-WEL-D09,UNIT,44900
LAD-ALU-WEL-D10,UNIT,48500
LAD-ALU-WEL-D12,UNIT,56900
LAD-ALU-WEL-D14,UNIT,69800
LAD-ALU-WKDS06,SET,12600
LAD-ALU-WKDS08,SET,16800
LAD-ALU-WKDS09,SET,18900
LAD-ALU-WKDS10,SET,21000
LAD-ALU-WKSS06,SET,9000
LAD-ALU-WKSS07,SET,10500
LAD-ALU-WKSS08,SET,12000
LAD-ALU-WKSS09,SET,13500
LAD-ALU-WKSS10,SET,15000
LAD-ALU-WOR-AP-2404,UNIT,24900
LAD-ALU-WOR-AP-2405,UNIT,29900
LAD-ALU-WOR-AP-2406,UNIT,33900
LAD-ALU-WORKER-DE10,UNIT,59800
LAD-ALU-WORKER-DE12,UNIT,68800
LAD-ALU-WORKER-DS06,UNIT,24800
LAD-ALU-WORKER-DS07,UNIT,27800
LAD-ALU-WORKER-DS08,UNIT,30800
LAD-ALU-WORKER-DS09,UNIT,34800
LAD-ALU-WORKER-DS10,UNIT,38800
LAD-ALU-WORKER-SS06,UNIT,18900
LAD-ALU-WORKER-SS07,UNIT,21900
LAD-ALU-WORKER-SS08,UNIT,24900
LAD-ALU-WORKER-SS09,UNIT,28900
LAD-ALU-WORKER-SS10,UNIT,31900
LAD-EXT-DOU-10X10,UNIT,61800
LAD-EXT-DOU-12X12,UNIT,71500
LAD-EXT-DOU-15X15,UNIT,86900
LAD-EXT-SP10,UNIT,32900
LAD-EXT-SP12,UNIT,38900
LAD-H/D-STRO-DS02,UNIT,21900
LAD-H/D-STRO-DS03,UNIT,25900
LAD-H/D-STRO-DS06,UNIT,42900
LAD-H/D-STRO-DS07,UNIT,46900
LAD-H/D-STRO-DS07-WIN,SET,38800
LAD-H/D-STRO-DS08,UNIT,53900
LAD-H/D-STRO-DS09,UNIT,59900
LAD-H/D-STRO-DS10,UNIT,65900
LAD-H/D-STRO-DS12,UNIT,77500
LAD-H/D-STRO-SS06,UNIT,34800
LAD-H/D-STRO-SS07,UNIT,39800
LAD-H/D-STRO-SS08,UNIT,44800
LAD-H/D-STRO-SS09,UNIT,49800
LAD-H/D-STRO-SS10,UNIT,54800
LAD-H/D-STRO-SS12,UNIT,63800
LAD-M/D-STRO-DS10,UNIT,40800
LAM-4402SB,BOX,0
LAM-4652,BOX,0
LAM-DOW-DL-1015-2A,BOX,2500
LAM-E27-R80-RWG,PCS,566
LAM-INC-RF300WH,BOX,1800
LAM-KEN-10W,PCS,400
LAM-KOA,UNIT(S),1300
LAM-LIG-T16W-60W,PCS,1800
LAM-STA-S10-6,PCS,150
LAM-TUN-150W-PAR38RED,PCS,1132
LAM-TUN-9174-GRE,PCS,1132
LAM-WAL-WHI,PCS,189
LAS-DIS-N40,SET,14500
LAS-DIS-N60,SET,15500
LAS-MAC-HTM-5500,SET,36800
LAS-MK-CON-2024,SET,36900
LAS-MK-CON-9039,SET,44800
LEAK-SPR-BLS500C,CAN,1570
LEA-TIN-AST-250GM,PCS,1415
LED-INS-KIL-2W,PCS,9900
LED-INS-KIL-3837,PCS,2880
"LEO-S/S-LOC-BAR-BOL-LRBB100-4""",PCS,820
"LEO-S/S-LOC-BAR-BOL-LRBB150 6""",PCS,930
LEO-S/S-LOC-BOL-LB304-4,PCS,2420
LEO-S/S-LOC-BOL-LB304-6,PCS,2500
LEO-SIN-PIL-L302P,PCS,1760
LEO-SUS304-FLE-PIL-L302PF,PCS,10900
LEO-SUS304-LSSB2202P,PCS,19500
LEO-SUS304-MB-LSSB201,PCS,5190
LEO-SUS304-S/S-BIB-L133,PCS,4350
LEO-SUS304-S/S-PIL-L332P,PCS,7650
LEO-SUS304-TWI-L2301WF,PCS,20900
LEO-SUS304-TWI-L2302PF,PCS,20900
LEO-SUS304-TWI-PIL-L2332P,PCS,17500
LEO-SUS304-TWI-WAL-L2331W,PCS,17500
LEO-SUS304-WAL-L301WF,PCS,10900
LEO-SUS304-WAL-L331W,PCS,7390
LET-BOX-HW305A,PCS,6990
LET-BOX-HW305A-0125,PCS,6990
LET-BOX-HW305B-0125A,PCS,6290
LET-BOX-HW305B-0126S,PCS,6300
LET-BOX-HW307,PCS,14900
LET-BOX-HW309,PCS,8500
LET-BOX-S/S-FX-2203,UNIT,21800
LET-BOX-S/S-FX-2210,UNIT,19900
LET-BOX-S/S-FX-918,UNIT,23800
LET-DOOR-SOLID-695MMX2120MM,PCS,52000
LETR-PUNC-50731040,SET,10800
LETR-PUNC-50731050,SET,12800
LETR-PUNC-50731060,SET,12900
LETR-PUNC-50731080,SET,18500
LID-2122,PCS,7000
LIG-ECON-LED-LE908,SET,14900
LIG-EM-EL-LE115,SET,10800
LIG-EM-EL-LE116,SET,18900
LIG-IND-APT-P22,PCS,300
LIG-KHI-LED-EM2004G,SET,7500
LIG-PIL-220/6V,PCS,472
LIG-STR-5M,ROLL,4500
LI-HEA-HX816,PCS,3190
LIK-LEA-1L,TIN,4950
LIN-FUS-63A,PCS,849
LIN-NEU-N,PCS,400
LIQ-MOL-HAN-WAS-12.5L,DRUM,16800
LIQ-MOL-HAN-WAS-300G,CAN,790
LIQ-MOL-ROS-600ML,CAN,3990
LIQ-MOL-SCH-REI-500ML,CAN,3300
LMP-ENE-SAV-18W,PCS,1509
LMP-TEL-LCI-D50-22KW,UNIT,19500
LMP-TEL-LCI-D80-37KW,UNIT,22000
LMP-TEL-LCI-D80M7,PCS,16000
LOC-APL-110-40MM-KA2PCS-S/S,SET,13500
LOC-APL-110-40MM-S/S,PCS,7200
LOC-APL-99-50MM,PCS,3390
LOC-BCK-SSS-1PCS,PCS,5990
LOC-BCK-SSS-2PCS,PCS,11900
LOC-BCK-SSS-3PCS,PCK,16900
LOC-BEL-V40MM,PCS,900
LOC-BIB-TAP-05421,PCS,520
LOC-BR-TZ6491BH,SET,6090
LOC-BR-TZ6491SN,SET,5690
LOC-BR-TZ8091SN,SET,8590
LOC-COL-RA401,PCS,3690
LOC-COL-RA501,PCS,4490
LOC-COL-RB401,PCS,3880
LOC-COL-RB501,PCS,4750
LOC-COL-RK502,SET,8750
LOC-COL-RK503,SET,13300
LOC-COL-RK504,SET,16500
LOC-COL-RK505,SET,21500
LOC-COL-TA401,PCS,1490
LOC-COL-TA501,PCS,1880
LOC-COL-ZA401,PCS,1490
LOC-COL-ZA501,PCS,2090
LOC-COL-ZK502,SET,3990
LOC-COL-ZK503,SET,5950
LOC-COL-ZK504,SET,7850
LOC-COL-ZK505,SET,8990
LOC-CYL-ARMOR-ACL-VCL3000,SET,3850
LOC-CYL-SGD-4000/70MMSS,PCS,4490
LOC-CYL-SGD-C3010/70MM,PCS,4690
LOC-CYL-SGD-V3000AC,PCS,6750
LOC-CYL-SGD-V3000SS,SET,4680
LOC-CZS-30MM,PCS,780
LOC-CZS-40MM,PCS,890
LOC-CZS-50MM,PCS,990
LOC-CZS-L40MM,PCS,980
LOC-CZS-L50MM,PCS,1090
LOC-DEL-TZ-DL3871SS,PCS,1290
LOC-ENT-EPO-H041/AC,SET,13900
LOC-ENT-EPO-H041/SC,SET,12900
LOC-ENT-EPO-H051/AC,SET,13800
LOC-ENT-EPO-H061/AC,SET,16800
LOC-GLA-SLI-TAR-9013-01,PCS,720
LOC-GLO-BRA-GLBBC20,PCS,980
LOC-GLO-BRA-GLBBC30,PCS,1950
LOC-GLO-BRA-GLBBC40,PCS,2450
LOC-GLO-BRA-GLBBC50,PCS,3750
LOC-HD-SHE-50MM,PCS,1850
LOC-HD-SHE-60MM,PCS,2230
LOC-LUG-S822-073,SET,3390
LOC-OLP-LTS60,PCS,4690
LOC-OLP-LTS70,PCS,6290
LOC-PAD-ROL-40MM,PCS,870
LOC-PAD-ROL-50MM,PCS,990
LOC-SAN-PB26225MM,PCS,450
LOC-SAN-PB26332MM,PCS,620
LOC-SAN-PB26438MM,PCS,750
LOC-SAN-PB26550MM,PCS,1050
LOC-SAN-SHA-PB26438MM,PCS,890
LOC-SAN-SHA-PB26550MM,PCS,1550
LOC-SEC-SHE-N30MM,PCS,890
LOC-SEC-SHE-N40MM,PCS,1030
LOC-SEC-SHE-N50MM,PCS,1190
LOC-SEC-SHE-N60MM,PCS,1330
LOC-SGD-APL100-50MM,PCS,5950
LOC-SGD-APL-99-50MM3PC,SET,9500
LOC-SGD-HL99-50MM,PCS,3200
LOC-SGD-PL100-40MM,PCS,4950
LOC-SGD-PL100-50MM2PC,SET,11700
LOC-SGD-PL100-50MM3PC,SET,15900
LOC-SGD-PL100-50MM4PC,SET,19800
LOC-SGD-PL100-50MM5PC,SET,26900
LOC-SGD-PL300-60MM,PCS,9950
LOC-SGD-PL300-60MM-2PCS,SET,15900
LOC-SGD-PL300-60MM-3PCS,SETS,21600
LOC-SHA-SGD-PL100L-40MM,PCS,5990
LOC-SHA-SGD-PL100L-50MM,PCS,6290
LOC-STA-827-426,PCS,24800
LOC-STEEL-ST028,UNIT,40000
LOC-TRI-261,PCS,660
LOC-TRI-262,PCS,850
LOC-TRI-263,PCS,1290
LOC-TRI-264,PCS,1650
LOC-TRI-265,PCS,2990
LOC-TRI-NUM-MIX-20MM,PCS,1250
LOC-VIR-102,PCS,6570
LOC-VIR-103,PCS,7850
LOC-VIR-104,PCS,9700
LOC-VIR-105,PCS,10280
LOC-VIR-4115,PCS,18900
LOC-VIR-4116,PCS,20500
LOC-VIR-4117,PCS,22500
LOC-VIVOZ-V40MM,PCS,1150
LOC-VIVOZ-V50MM,PCS,1350
LOC-VIVOZ-V50MMX2PC,SET,2270
LOC-VIVOZ-V50MMX3PC,SET,3400
LOC-VIVOZ-V50MMX4PC,SET,4380
LOC-VIVOZ-V50MMX5PC,SET,5670
LOC-WAT-CS-508,PCS,1190
LOC-YALE-Y120-40-1,UNIT,6650
LOC-YALE-Y120-50-1,UNIT,9900
LOC-YALE-Y120-50-KA2,SET,17900
LOC-YALE-Y120-50-KA3,SET,24900
LOC-YALE-Y120-50-KA4,SET,32500
LOC-YALE-Y120B-50-KA5,SET,41900
LOC-YALE-Y124B-60-1,UNIT,9100
LOC-YALE-Y124B-70-1,SET,11500
LTS-ELE-SAV-12V40W,PCS,1800
MAC-OIL-RUB-5A,SET,4290
MAC-OIL-RUB-5C,SET,4290
MAC-SEA-12,UNIT,8698
MAC-SEA-90000297,PCS,8950
MAC-SEA-90000298,PCS,12500
MAC-SEA-SF-200-90200005,PCS,600
MAC-SEA-SF-200-90200007,PCS,780
MAG-CON-FUJI,PCS,2500
MAG-CON-FUJI-SC-N2S,PCS,2600
MAG-CON-SC-N25,PCS,16981
MAG-CON-YAS,PCS,4000
MAI-SWI-BOX-1024,PCS,4800
MAK-AND-BRE-500V,PCS,2800
MAN-COV,PCS,0
MAN-COV-BNH,PCS,11900
MAR-CRA-BLUE,DOZ,720
MAR-CRA-GREEN,DOZ,720
MAR-CRA-RED,DOZ,720
MAR-CRA-WHITE,DOZ,720
MAR-CRA-YELLOW,DOZ,720
MARK-X-ROT-HAM-800W,UNIT,39900
MARK-X-STA-MKX-2020,UNIT,10500
MARLINO-EURO-5A,PCS,18500
MARLINO-FRP-0942,UNIT,37900
MAR-PAI-BLACK,PCS,540
MAR-PAI-BLUE,PCS,540
MAR-PAI-RED,PCS,540
MAR-PAI-SILVER,PCS,540
MAR-PAI-WHITE,PCS,540
MAR-PAI-YELLOW,PCS,540
MAR-PEN-70-BLACK,PCS,220
MAR-PEN-70-BLUE,PCS,220
MAR-PEN-70-RED,PCS,220
MAR-PEN-878A-PINK,PCS,350
MAR-PEN-878A-YEL,PCS,350
MAR-PEN-90-BLACK,PCS,220
MAR-PEN-90-BLUE,PCS,220
MAR-PEN-90-RED,PCS,220
MAR-PEN-BLACK,PCS,420
MAR-PEN-BLUE,PCS,420
MAR-PEN-RED,PCS,420
MAS-COT-CHM,PCS,990
MAT-GRASS-CN-PGM-2MX25M-FTS,FTS,1590
"MAX-CRV-CAB-CUTTER-24""",PCS,7500
MBC-BOX-24WAY,PCS,4800
MCB-2-POLE,PCS,2800
MCB-L40A-PX200,PCS,650
MDD-CON-MALE-BLUE,PCK,990
MDD-CON-MALE-BLUE-1,PCK,650
MDD-CON-MALE-RED,PCK,990
MDD-CON-MALE-RED-1,PCK,650
MDD-CON-MALE-YELLOW,PCK,1390
MDD-CON-MALE-YELLOW-10PC/PCK,PCK,720
MDF-WAL-SKI-WEN-BLA,PCS,2200
MDF-WAL-SKI-WEN-WAL,PCS,2200
MEA-TAP-00317W,PCS,1390
MEA-TAP-A-CLASS,PCS,1590
MEA-TAP-BLI-7.5M-B7,PCS,1790
MEA-TAP-BLI-7.5M-B7-CR,PCS,1390
MEA-TAP-BLI-7.5M-BCR,PCS,1690
MEA-TAP-BLI-7.5M-BMT7,PCS,1550
MEA-TAP-CHTR-30011,PCS,950
MEA-TAP-CHTR-3002,PCS,1590
MEA-TAP-CHTR-30021,PCS,2500
MEA-TAP-FEN-SUI-7.5M,PCS,2090
MEA-TAP-FIB-A100M,PCS,4390
MEA-TAP-FIB-A30M,PCS,2050
MEA-TAP-FIB-A50M,PCS,2890
MEA-TAP-FOR-5M,PCS,820
MEA-TAP-GLO-A030M,PCS,4100
MEA-TAP-GLO-A050M,PCS,4900
MEA-TAP-MR.MARK-9028C,PCS,3490
MEA-TAP-MR.MARK-9038,PCS,4990
MEA-TAP-NIE-030M,PCS,1690
MEA-TAP-NIE-050M,PCS,2790
MEA-TAP-NIE-100M,PCS,5160
MEA-TAP-NIE-ROU-NIE-30M,PCS,1450
MEA-TAP-SENSUI-JBM040-25FT,PCS,1920
MEA-TAP-SENSUI-JBM048-25FT,PCS,3950
MEA-TAP-SENSUI-X7-25FT,PCS,1990
MEA-TAP-STA-3.0M,PCS,1690
MEA-TAP-STA-30611L,PCS,1180
MEA-TAP-STA-5.0M,PCS,2380
MEA-TAP-STA-8.0M,PCS,3590
MEA-TAP-STA-POW-10M,PCS,6390
MEA-TAP-STA-POW-8.0M,PCS,5480
MEA-TAP-STA-TYL-5.0M,PCS,1890
MEA-TAP-STA-TYL-8.0M,PCS,2990
MEA-TAP-STE-2067#-30M,PCS,4290
MEA-TAP-STE-2068#-50M,PCS,5490
MEA-TAP-STE-30MX100FT,PCS,3200
MEA-TAP-STE-50MX165FT,PCS,5000
MEA-TAP-STE-GLO-03M,PCS,560
MEA-TAP-STE-GLO-05M,PCS,750
MEA-TAP-STE-GLO-075M,PCS,1190
MEA-TAP-STE-GLO-10M,PCS,1630
MEA-TAP-SUN-10M,PCS,3590
MEA-TAP-SUN-3.6M,PCS,750
MEA-TAP-SUN-5.0M,PCS,1490
MEA-TAP-SUN-7.5M,PCS,2590
MEA-WHE-SES06,SET,13990
MEM-BOX-10A-3P-C,PCS,2500
MEM-BOX-440V-15A-3P-K,PCS,3000
MEM-BOX-440V-15A-3P-MEM,PCS,2500
MEM-BOX-440V-40A-3P-BHP,PCS,4000
MER-M800,CAN,2990
MET-2.5LIT,TIN,2250
MET-600ML,TIN,750
MET-LED-ENE-LCM2AA,PCK,4180
MET-LED-ENE-MLHV32,PCS,1090
MET-LED-ENE-PLMA22,PCS,3250
MET-LED-ENE-VPLNL8,PCK,6980
MET-WAT-ADA-BR,PCS,1050
MET-WAT-GK,PCS,18300
MET-WAT-PLA-KENT,PCS,12100
"MET-WAT-WASHER-1/2""",PCK,250
M-FH-ST-A015-450,NOS,790
M-FH-ST-A015-500,NOS,850
MF-PO-30-SOL-FAN,PCS,22500
M-FT-RK3-G160-(SS),NOS,21500
MIDDY-CORNER IN-G100CI-W,PCS,4000
MIDDY-CORNER OUT-G100CO-W,PCS,4000
MIDDY-END-CAP-LEFT-WHT,PCS,460
MIDDY-END-CAP-RIGHT-WHT,PCS,460
"MIDDY-OUTLET-4""-WHT",PCS,2150
MIDDY-PVC-BRA-WHI,PCS,420
MIDDY-SOCKET-G100S-W,PCS,460
MIG200-TOR-3M,SET,32000
MIN-TAN-TUL-1.5KGS,TIN,2590
"MIR-12""X18""X4MM",PCS,3290
"MIR-16""X22""",PCS,4190
MIR-CAB-CBM1030,UNIT,14900
MIR-CAB-CBM1031,UNIT,14900
MIR-CAB-CBM105-BL,PCS,14900
MIR-CBMC66413-BL,PCS,19800
MIR-CBMC66414-WH,PCS,19800
MIR-GLO-S-CR4560A281(BK),PCS,10900
MIR-GLO-S-GLC MB4560BLK,PCS,31800
MIR-GLO-S-GLC2004A/B,PCS,11900
MIR-GLO-S-GLC2004A/G,PCS,12000
MIR-GLO-S-GLC4001N(LED),PCS,32800
MIR-GLO-S-GLC4560BLACK,PCS,9500
MIR-GLO-S-GLC4560GOLD,PCS,9400
MIR-GLO-S-GLC5050BLACK,PCS,7800
MIR-GLO-S-GLC5050GOLD,PCS,7900
MIR-GLO-S-RD60A282(BK),PCS,11800
MIR-GLO-S-RD60A282(GGD),PCS,11900
MIR-GLO-S-RR50160A281S(BK),PCS,24900
MIR-KT8001-600,PCS,37500
MIR-KT8002-500X700,PCS,43500
MIR-SBC-600401A,SET,32900
MIR-SBC-600603A,SET,55900
MIR-SRTMCB-4060BL,PCS,35900
MIR-SWBC-SS6414,SET,68800
MIR-SWBC-SS6811,SET,119900
MIX,PCS,0
MIX-CAB-C8122,PCS,48800
MIX-CAB-CB4723,PCS,27900
MIX-DEK-MX907B,PCS,10500
MIX-HANDLE,PCS,0
MIX-KHI-HM200,SET,7390
MIX-KHI-SM210,SET,10900
MIX-KHI-SM220,SET,13900
MIX-PSN-MK-GB1WSK,PCS,17900
MIX-PSN-MK-GH1WSK,PCS,13500
MIX-SWP-B-2523,PCS,26800
MK-5C,UNIT(S),0
MKX-2021-BRUS-3IN1,SET,129900
M-MX-BP-58005,NOS,17900
M-MX-BP-58006,NOS,18900
M-MX-BP-6228(SS),NOS,19900
M-MX-BP-6241(SS),NOS,19900
M-MX-BT-58013,NOS,18900
M-MX-SP-6277(SS),NOS,18800
M-MX-SP-6282(SS),NOS,19800
M-MX-SP-6311(SS),NOS,23900
MOP- LIAO-A130101-45CM,SET,3250
MOP-CN-YA-8744,SET,1590
MOP-REFILL-LIAO-R-A101,PCS,1090
MOT-AC240,UNIT(S),3774
MOT-DC244,UNIT(S),3774
MOT-FAN-BIG,PCS,0
MOT-FAN-SMALL,PCS,0
"MOTOR-FAN- 24MMM X 8""",PCS,2000
MOT-STA-108-130,PCS,3000
MOT-STA-25-30,PCS,3000
MOT-STA-30-36,PCS,3000
MOT-STA-CAP-TEN,PCS,2800
MOU-FUJI-SZ-HB,PCS,1800
MR-UT-3.6MM,PCS,0
MR-UT-9M,PCS,0
MST-425-18-24,SET,22000
MST-6001A,SET,49900
MST-6002A,SET,49900
M-TP-BP-3508,NOS,11900
M-TP-BP-D021,NOS,5500
M-TP-BP-D024,NOS,7900
M-TP-SC-AG002,NOS,5950
M-TP-SP-6602(SS),NOS,4900
M-TP-SP-6604(SS),NOS,8500
M-TP-SW2-7701,NOS,9500
M-TP-SW-SQUARE,NOS,5900
MTR-FLOAT-SW,PCS,5390
MUG-DWA023,PCS,0
MUL-TES-BOX,SET,0
MULTI-C45N 15A,PCS,590
MULTI-C45N C16,PCS,590
M-Y70,PCS,0
NAI-AIR-LEO-F15,BOX,1450
NAI-AIR-LEO-F20,BOX,1690
NAI-AIR-LEO-F25,BOX,2150
NAI-AIR-LEO-F30,BOX,2490
NAI-AIR-LEO-F32,BOX,3180
NAI-AIR-LEO-T25,BOX,2190
NAI-AIR-LEO-T32,BOX,2590
NAI-AIR-LEO-T38,BOX,2450
NAI-AIR-LEO-T45,BOX,2590
NAI-AIR-LEO-T50,BOX,2690
NAI-CLI-777-B,PCS,300
NAI-CLI-777-S,PCS,200
"NAI-COM-1/2""*",PCK,260
NAI-COM-100MM-20KG,PCK,320
NAI-COM-125MM-20KG,PCK,320
NAI-COM-25MM-20KG,PCK,390
NAI-COM-38MM- 20KG,PCK,390
NAI-COM-50MM-20KG,PCK,320
NAI-COM-65MM-20KG,PCK,320
NAI-COM-75MM-20KG,PCK,320
NAI-COM-SUP-038MM-1KGS,KG,470
NAI-COM-SUP-038MM-500G,PKT,280
NAI-COM-SUP-050MM-1KGS,KG,470
NAI-COM-SUP-050MM-500GRM,PCK,290
NAI-COM-SUP-065MM-1KGS,KG,470
NAI-COM-SUP-065MM-20KGS,BOX,7800
NAI-COM-SUP-065MM-500G,PCK,280
NAI-COM-SUP-075MM-1KGS,PCK,470
NAI-COM-SUP-075MM-500G,PCK,280
NAI-COM-SUP-100MM-1KGS,KG,470
NAI-COM-SUP-100MM-500G,PCK,280
NAI-CON-ACE-16-BOX,BOX,920
NAI-CON-ACE-20-BOX,BOX,920
NAI-CON-ACE-25-BOX,BOX,920
NAI-CON-BLA-18MM,BOX,270
"NAI-CON-BLA-25""",BOX,290
"NAI-CON-GAL-1""-BOX",BOX,1380
"NAI-CON-GAL-1""-PCK",PCK,70
"NAI-CON-GAL-1.1/2""-BOX",BOX,1290
"NAI-CON-GAL-1.1/2""-PCK",PCK,150
"NAI-CON-GAL-2""-BOX",BOX,1250
"NAI-CON-GAL-2""-PCK",PCK,190
"NAI-CON-GAL-2.1/2""-BOX",BOX,1250
"NAI-CON-GAL-2.1/2""-PCK",PCK,240
"NAI-CON-GAL-3""-BOX",BOX,1250
"NAI-CON-GAL-3""-PCK",PCK,230
"NAI-CON-GAL-3/4""-BOX",BOX,1290
"NAI-CON-GAL-3/4""-PCK",PCK,70
"NAI-CON-GAL-4""-BOX",BOX,1390
"NAI-CON-GAL-4""-PCK",PCK,280
NAI-CON-JAG-18MM,PCK,236
NAI-CON-JAG-18MM-BOX,BOX,802
NAI-CON-JAG-25MM,PCK,236
NAI-CON-JAG-25MM-BOX,BOX,802
NAI-CON-JAG-38MM,PCK,236
NAI-CON-JAG-38MM-BOX,BOX,1030
NAI-CON-JAG-50MM-BOX,BOX,755
NAI-CON-JAG-65MM-BOX,BOX,850
"NAI-CON-JAR-1""-BOX",BOX,800
"NAI-CON-JAR-2 1/2""-BOX",BOX,740
"NAI-CON-JAR-2""-BOX",BOX,850
"NAI-CON-JAR-3""-BOX",BOX,740
"NAI-CON-JAR-3/4""-BOX",BOX,802
NAI-CON-ST38,BOX,3880
NAI-CON-ST45,BOX,4050
NAI-CON-ST50,BOX,4350
NAI-CON-WHI-25MM,BOX,260
"NAI-CON-WHI-3/4""",BOX,250
"NAI-CON-WHI-38""",BOX,490
NAI-FEL-SUP-18MM,KG,920
NAI-FEL-SUP-18MM-500G,PCK,520
NAI-FEL-SUP-25MM,KG,920
NAI-FEL-SUP-25MM-500G,PKT,520
NAI-FEL-SUP-32MM,KG,920
NAI-FEL-SUP-32MM-500G,PKT,520
NAI-FEL-SUP-38MM,KG,920
NAI-FEL-SUP-38MM-500G,PKT,520
NAI-GUN,PCS,400
NAI-GUN-CAN,PCS,890
"NAI-LOS-HEA-1""-200G",PCK,340
"NAI-LOS-HEA-1""-500G",PCK,620
"NAI-LOS-HEA-1.1/2""-200G",PCK,320
"NAI-LOS-HEA-1.1/2""-500G",PCK,590
NAIL-RETAINING- CLIP-PVC-S110,PCK,100
NAIL-RIVET-ARN2575-BOX,BOX,3900
NAIL-RIVET-ARN2575-PCK,PCK,450
NAIL-TUFTING-TN-7220,PCK,750
NAIL-TUFTING-TN-7220-BOX,BOX,5950
NAIL-TUFTING-TN-7225,PCK,850
NAIL-TUFTING-TN-7225-BOX,BOX,6700
NAIL-TUFTING-TN-7316-BOX,BOX,6600
NAIL-TUFTING-TN-7316-PCK,PCK,420
NAIL-TUFTING-TN-8220-BOX,BOX,4790
NAIL-TUFTING-TN-8220-PCK,PCK,780
NAIL-TUFTING-TN-8225-BOX,BOX,5390
NAIL-TUFTING-TN-8225-PCK,PCK,880
NAIL-TUFTING-TN-8316-BOX,BOX,6650
NAIL-TUFTING-TN-8316-PCK,PCK,430
NAI-ROO-SUP-P50MM-1KGS,KG,890
NAI-ROO-SUP-P50MM-500GRM,PCK,510
NAI-ROO-SUP-P65MM,PCK,890
NAI-ROO-SUP-P65MM-500G,PCK,510
NAI-ROO-SUP-T65MM,PKG,890
NAI-ROO-SUP-T65MM-500G,PKT,510
NAI-ROO-TWI-BLUE,BAG,1180
NAI-ROO-TWI-RED,BAG,1180
NAI-SQU-SUP-038MM-1KG,PKG,930
NAI-SQU-SUP-038MM-500G,PCK,530
NAI-SQU-SUP-050MM-1KG,PCK,930
NAI-SQU-SUP-050MM-500G,PCK,530
NAI-SQU-SUP-065MM-1KG,PKG,930
NAI-SQU-SUP-065MM-500G,PCK,530
NAI-SQU-SUP-075MM-1KG,PKG,930
NAI-SQU-SUP-075MM-500G,PCK,530
NAI-SQU-SUP-100MM-1KGS,PKG,930
NAI-SQU-SUP-100MM-500G,PKT,530
NAI-WAS-RUB-12MM,BAG,1792
NAL-CON-JAG-18MM,PCK,236
NDK-SS-6076,PCS,0
NET-SUN-2MX3M-90%,PCS,2490
NET-SUN-3MX3M-90%,PCS,3590
NET-SUN-3MX4M-90%,PCS,4880
"NIE-ADA-1/2""X3/4""",PCS,1890
"NIE-ADA-IMP-1""X3/4""",PCS,8350
"NIE-ADA-IMP-1/2""X3/4""",PCS,3590
"NIE-ADA-IMP-3/4""X1""",PCS,6650
"NIE-ADA-IMP-3/4""X1/2""",EA,5600
"NIE-BAR-EXT-3/4""-150MM",PCS,8750
"NIE-BAR-EXT-3/4""-200MM",PCS,9590
"NIE-BAR-EXT-3/4""-250MM",PCS,11050
"NIE-HAN-L-1/2""",PCS,3490
"NIE-HAN-L-3/4""",PCS,14200
"NIE-HAN-RAT-1/2""",PCS,6450
NIE-HAN-T-3/4,PCS,10950
NIE-JOI-UNI-12MM,PCS,2750
NIE-KEY-BOX-MET-50528020,PCS,7350
NIE-PLU-SOC-50046616,PCS,1290
NIE-PLU-SOC-50046621,PCS,1290
NIE-PLU-SOC-50046916,PCS,3480
NIE-PLU-SOC-50046921,PCS,3490
NIE-SOC-HAN-DEE-06P-1/2-08MM,PCS,1670
NIE-SOC-HAN-DEE-06P-1/2-09MM,PCS,1670
NIE-SOC-HAN-DEE-06P-1/2-10MM,PCS,1670
NIE-SOC-HAN-DEE-06P-1/2-11MM,PCS,1680
NIE-SOC-HAN-DEE-06P-1/2-12MM,PCS,1680
NIE-SOC-HAN-DEE-06P-1/2-13MM,PCS,1680
NIE-SOC-HAN-DEE-06P-1/2-14MM,PCS,1690
NIE-SOC-HAN-DEE-06P-1/2-15MM,PCS,1690
NIE-SOC-HAN-DEE-06P-1/2-16MM,PCS,1690
NIE-SOC-HAN-DEE-06P-1/2-17MM,PCS,1760
NIE-SOC-HAN-DEE-06P-1/2-18MM,PCS,1780
NIE-SOC-HAN-DEE-06P-1/2-19MM,PCS,1790
NIE-SOC-HAN-DEE-06P-1/2-20MM,PCS,1920
NIE-SOC-HAN-DEE-06P-1/2-21MM,PCS,1930
NIE-SOC-HAN-DEE-06P-1/2-22MM,PCS,2060
NIE-SOC-HAN-DEE-06P-1/2-23MM,PCS,2350
NIE-SOC-HAN-DEE-06P-1/2-24MM,PCS,2480
NIE-SOC-HAN-DEE-06P-1/2-25MM,PCS,2970
NIE-SOC-HAN-DEE-06P-1/2-26MM,PCS,2980
NIE-SOC-HAN-DEE-06P-1/2-27MM,PCS,2990
NIE-SOC-HAN-DEE-06P-1/2-28MM,PCS,3450
NIE-SOC-HAN-DEE-06P-1/2-29MM,PCS,3440
NIE-SOC-HAN-DEE-06P-1/2-30MM,PCS,3550
NIE-SOC-HAN-DEE-06P-1/2-32MM,PCS,3540
NIE-SOC-HAN-DEE-12P-1/2-10MM,PCS,1620
NIE-SOC-HAN-DEE-12P-1/2-11MM,PCS,1620
NIE-SOC-HAN-DEE-12P-1/2-12MM,PCS,1660
NIE-SOC-HAN-DEE-12P-1/2-13MM,PCS,1670
NIE-SOC-HAN-DEE-12P-1/2-14MM,PCS,1680
NIE-SOC-HAN-DEE-12P-1/2-15MM,PCS,1690
NIE-SOC-HAN-DEE-12P-1/2-16MM,PCS,1770
NIE-SOC-HAN-DEE-12P-1/2-17MM,PCS,1790
NIE-SOC-HAN-DEE-12P-1/2-19MM,PCS,1830
NIE-SOC-HAN-DEE-12P-1/2-20MM,PCS,1850
NIE-SOC-HAN-DEE-12P-1/2-21MM,PCS,1930
NIE-SOC-HAN-DEE-12P-1/2-22MM,PCS,2050
NIE-SOC-HAN-DEE-12P-1/2-23MM,PCS,2350
NIE-SOC-HAN-DEE-12P-1/2-24MM,PCS,2490
NIE-SOC-HAN-DEE-12P-1/2-27MM,PCS,3090
NIE-SOC-HAN-DEE-12P-1/2-30MM,PCS,3570
NIE-SOC-HAN-DEE-12P-32MM,PCS,3590
"NIE-SOC-IMP-1""-24MM",PCS,4950
"NIE-SOC-IMP-1""-30MM",PCS,5690
"NIE-SOC-IMP-1""-32MM",PCS,5980
"NIE-SOC-IMP-1""-33MM",PCS,5990
"NIE-SOC-IMP-1""-34MM",PCS,6450
"NIE-SOC-IMP-1""-36MM",PCS,7390
"NIE-SOC-IMP-1""-38MM",PCS,7890
"NIE-SOC-IMP-1/2""-10MM",PCS,1290
"NIE-SOC-IMP-1/2""-12MM",PCS,1260
"NIE-SOC-IMP-1/2""-13MM",PCS,1260
"NIE-SOC-IMP-1/2""-14MM",PCS,1260
"NIE-SOC-IMP-1/2""-15MM",PCS,1380
"NIE-SOC-IMP-1/2""-16MM",PCS,1390
"NIE-SOC-IMP-1/2""-17MM",PCS,1450
"NIE-SOC-IMP-1/2""-18MM",PCS,1470
"NIE-SOC-IMP-1/2""-19MM",PCS,1490
"NIE-SOC-IMP-1/2""-21MM",PCS,1630
"NIE-SOC-IMP-1/2""-22MM",PCS,1790
"NIE-SOC-IMP-1/2""-24MM",PCS,1920
"NIE-SOC-IMP-1/2""-26MM",PCS,2350
"NIE-SOC-IMP-1/2""-27MM",PCS,2550
"NIE-SOC-IMP-1/2""-28MM",PCS,2690
"NIE-SOC-IMP-1/2""-30MM",PCS,2990
"NIE-SOC-IMP-1/2""-32MM",PCS,3190
"NIE-SOC-IMP-3/4""-19MM",PCS,2980
"NIE-SOC-IMP-3/4""-21MM",PCS,2980
"NIE-SOC-IMP-3/4""-22MM",PCS,2980
"NIE-SOC-IMP-3/4""-23MM",PCS,2980
"NIE-SOC-IMP-3/4""-24MM",PCS,2990
"NIE-SOC-IMP-3/4""-26MM",PCS,2990
"NIE-SOC-IMP-3/4""-27MM",PCS,2990
"NIE-SOC-IMP-3/4""-29MM",PCS,2990
"NIE-SOC-IMP-3/4""-30MM",PCS,3350
"NIE-SOC-IMP-3/4""-32MM",PCS,3620
"NIE-SOC-IMP-3/4""-33MM",PCS,3630
"NIE-SOC-IMP-3/4""-34MM",PCS,3640
"NIE-SOC-IMP-3/4""-35MM",PCS,4450
"NIE-SOC-IMP-3/4""-36MM",PCS,4460
"NIE-SOC-IMP-3/4""-38MM",PCS,4760
"NIE-SOC-IMP-3/4""-41MM",PCS,5790
"NIE-SOC-IMP-3/4""-42MM",PCS,6190
"NIE-SOC-IMP-3/4""-43MM",PCS,5890
"NIE-SOC-IMP-3/4""-45MM",PCS,6790
"NIE-SOC-IMP-3/4""-46MM",PCS,7190
"NIE-SOC-IMP-3/4""-48MM",PCS,7950
"NIE-SOC-IMP-3/4""-54MM",PCS,10400
"NIE-SOC-IMP-3/4""-55MM",PCS,10800
NIE-SOC-IMP-DEE-1/2-16MM,PCS,2490
NIE-SOC-IMP-DEE-1/2-18MM,PCS,2680
NIE-SOC-IMP-DEE-1/2-19MM,PCS,2690
NIE-SOC-IMP-DEE-1/2-21MM,PCS,2790
NIE-SOC-IMP-DEE-1/2-22MM,PCS,2890
NIE-SOC-IMP-DEE-1/2-24MM-2,PCS,3150
NIE-SOC-IMP-DEE-1/2-26MM,PCS,3490
NIE-SOC-IMP-DEE-1/2-27MM,PCS,3690
NIE-SOC-IMP-DEE-1/2-28MM,PCS,4290
NIE-SOC-IMP-DEE-1/2-30MM,PCS,4090
NIE-SOC-IMP-DEE-1/2-32MM,PCS,4990
NIE-SOC-IMP-DEE-3/4-21MM,PCS,5390
NIE-SOC-IMP-DEE-3/4-22MM,PCS,5600
NIE-SOC-IMP-DEE-3/4-24MM,PCS,5700
NIE-SOC-IMP-DEE-3/4-29MM,PCS,6100
NIE-SOC-IMP-DEE-3/4-32MM,PCS,7350
NIE-SOC-IMP-DEE-3/4-33MM,PCS,7500
NIE-SOC-IMP-DEE-3/4-34MM,PCS,7600
NIE-SOC-IMP-DEE-3/4-35MM,PCS,8500
NIE-SOC-IMP-DEE-3/4-36MM,PCS,8600
NIE-SOC-IMP-DEE-3/4-38MM,PCS,8700
NIE-SOC-IMP-THI-1/2-17MM,PCS,2750
NIE-SOC-IMP-THI-1/2-19MM,PCS,2890
NIE-SOC-IMP-THI-1/2-21MM,PCS,3080
NIE-SOL-9233,EA,5490
NIETZ-MOU-FLA-WHE-57110060,PCS,790
NIETZ-MOU-FLA-WHE-57110080,PCS,860
NIETZ-MOU-FLA-WHE-57110100,PCS,790
NIETZ-MOU-FLA-WHE-57110120,PCS,790
NIETZ-MOU-FLA-WHE-57121060,PCS,1250
NIETZ-MOU-FLA-WHE-57121080,PCS,1250
NIETZ-MOU-FLA-WHE-57121100,PCS,1250
NIETZ-MOU-FLA-WHE-57121120,PCS,1250
NIETZ-MOU-FLA-WHE-57122060,PCS,790
NIETZ-MOU-FLA-WHE-57122080,PCS,790
NIETZ-MOU-FLA-WHE-57122100,PCS,790
NIETZ-MOU-FLA-WHE-57122120,PCS,790
NIETZ-MOU-FLA-WHE-57131060,PCS,890
NIETZ-MOU-FLA-WHE-57131080,PCS,890
NIETZ-MOU-FLA-WHE-57131100,PCS,890
NIETZ-MOU-FLA-WHE-57131120,PCS,890
NIETZ-MOU-FLA-WHE-57142060,PCS,1030
NIETZ-MOU-FLA-WHE-57142100,PCS,1030
NIETZ-MOU-FLA-WHE-57152060,PCS,1220
NIETZ-MOU-FLA-WHE-57152080,PCS,1220
NIETZ-MOU-FLA-WHE-57152100,PCS,1220
NIETZ-MOU-FLA-WHE-57152120,PCS,1220
NIP- PROTECTIVE COATING-MIO-5L,TIN,13000
NIP-9000-GF-15L-A,TIN,0
NIP-9000-GF-15L-D,TIN,0
NIP-9000-GF-15L-P,TIN,0
NIP-9000-GF-1L-A,CAN,6880
NIP-9000-GF-1L-D,CAN,0
NIP-9000-GF-1L-P,CAN,6810
NIP-9000-GF-1L-T,CAN,0
NIP-9000-GF-5L-A,CAN,23540
NIP-9000-GF-5L-D,CAN,24830
NIP-9000-GF-5L-P,CAN,24970
NIP-9000-GF-5L-T,CAN,0
NIP-BIT-5L,TIN,11900
NIP-EA-7-9102 WHI-BASE+HARD,TIN,20500
NIP-EA-7-FIN-BASE+HARD,TIN,20500
NIP-EA9-EPOXY-GREEN-5L,CAN,25600
NIP-EA9-EPOXY-GREY,CAN,19900
NIP-EA9-EPOXY-S.BLU-5L,CAN,29500
NIP-EA9-EPOXY-SIGNAL-ORANGE-5L,CAN,36000
NIP-EA9-EPOXY-WHITE 5L,CAN,22300
NIP-EAS-5170-7L,CAN,5950
NIP-EAS-5874-7L,CAN,5950
NIP-EAS-6003-7L,CAN,5950
NIP-EAS-6015-7L,CAN,5950
NIP-EAS-6117-7L,CAN,5950
NIP-EAS-6166-7L,CAN,5950
NIP-EAS-6218-7L,CAN,5950
NIP-EAS-6572-7L,CAN,5950
NIP-EAS-6579-7L,CAN,5950
NIP-EAS-98-WHITE,DRUM,8900
NIP-ECO-A,CAN,0
NIP-ECO-B,CAN,4290
NIP-ECO-C,CAN,0
NIP-ECO-CB,CAN,0
NIP-ECO-D,CAN,0
NIP-ECO-E,CAN,0
NIP-ECO-EY,CAN,0
NIP-ECO-F,CAN,0
NIP-ECO-HT,CAN,0
NIP-ECO-KX,CAN,0
NIP-ECO-LR,CAN,0
NIP-ECO-OG,CAN,0
NIP-ECO-OR,CAN,0
NIP-ECO-T,CAN,0
NIP-ECO-V,CAN,0
NIP-FLO-5L-A,CAN,22740
NIP-FLO-5L-D,CAN,0
NIP-FLO-5L-P,CAN,20930
NIP-FLO-5L-T,CAN,21900
NIP-FLO-DRE-1L,CAN,3950
NIP-FLO-DRE-5L,CAN,14900
NIP-HYD-MET-SIL-1L,CAN,4790
NIP-HYD-WOD-MET-1L,CAN,5700
NIP-HYD-WOD-MET-5L,CAN,20900
NIP-IND-ENA-228-800-1L,CAN,4900
NIP-IND-ENA-228-800-5L,CAN,16300
NIP-IND-ENA-228-999-5L,CAN,16300
NIP-LAT-118,PAIL,7500
NIP-MAT-15245-18L,DRUM,11900
NIP-MAT-15245-7L,CAN,6900
NIP-MAT-9102-1L,TIN,1500
NIP-MAT-9102-7L,CAN,6900
NIP-MAT-ULTRA-18L,DRUM,21900
NIP-MAT-ULTRA-5L,DRUM,7900
NIP-MAT-W9102-18L,DRUM,11900
NIP-MIC-IRO-OXI-5L,CAN,20500
NIP-NO,CAN,4530
NIP-ODO-5L,TIN,0
NIP-ODO-SFT-MATT-5L-A,CAN,26230
NIP-ODO-SFT-MATT-5L-D,CAN,0
NIP-ODO-SFT-MATT-5L-P,CAN,27750
NIP-ODO-SFT-MATT-5L-T,CAN,0
NIP-ODOURLITE-1L-A,CAN,0
NIP-ODOURLITE-1L-D,CAN,7020
NIP-ODOURLITE-1L-P,CAN,0
NIP-ODOURLITE-1L-T,CAN,0
NIP-PAI-01L,CAN,0
NIP-PAI-05L,CAN,0
NIP-PAI-TRAY,PCS,650
NIP-PEN-EPO-5L-BAS+HARD,TIN,18300
NIP-PHG-1L-A,CAN,4230
NIP-PHG-1L-D,CAN,0
NIP-PHG-1L-MBLK,CAN,3990
NIP-PHG-1L-MWHI,CAN,3990
NIP-PHG-1L-P,CAN,3870
NIP-PHG-1L-T,CAN,3810
NIP-PHG-5L-A,CAN,17650
NIP-PHG-5L-D,CAN,14260
NIP-PHG-5L-MBLK,CAN,14800
NIP-PHG-5L-MWHI,CAN,14800
NIP-PHG-5L-P,CAN,14370
NIP-PHG-5L-T,CAN,13920
NIP-PRO-COA,SET,36500
NIP-PRO-COA-3020,SET,41900
NIP-PRO-COA-9102,SET,39000
NIP-QGL-15L-A,DRUM,41570
NIP-QGL-15L-D,DRUM,0
NIP-QGL-15L-P,DRUM,40040
NIP-QGL-15L-T,DRUM,0
NIP-QGL-1L-A,TIN,4660
NIP-QGL-1L-D,TIN,0
NIP-QGL-1L-P,TIN,4220
NIP-QGL-1L-T,CAN,4160
NIP-QGL-5L-A,CAN,15830
NIP-QGL-5L-D,CAN,14610
NIP-QGL-5L-P,CAN,16000
NIP-QGL-5L-T,CAN,0
NIP-QLA-1L-A,CAN,5100
NIP-QLA-1L-D,CAN,0
NIP-QLA-1L-P,CAN,5290
NIP-QLA-1L-T,CAN,5160
NIP-QLA-5L-A,CAN,0
NIP-QLA-5L-D,CAN,0
NIP-QLA-5L-P,CAN,0
NIP-QLA-5L-T,CAN,19930
NIP-QSH-EXT-1L-A,TIN,4910
NIP-QSH-EXT-1L-D,CAN,5110
NIP-QSH-EXT-1L-P,CAN,4760
NIP-QSH-EXT-1L-T,TIN,5010
NIP-QSH-EXT-20L-A,DRUM,0
NIP-QSH-EXT-20L-D,DRUM,0
NIP-QSH-EXT-20L-P,DRUM,44070
NIP-QSH-EXT-20L-T,DRUM,0
NIP-QSH-EXT-5L-A,CAN,0
NIP-QSH-EXT-5L-D,CAN,0
NIP-QSH-EXT-5L-P,CAN,17170
NIP-QSH-EXT-5L-T,CAN,0
NIP-ROADLINE-REF BLACK-5L,CAN,15500
NIP-ROADLINE-REF WHITE-5L,CAN,15500
NIP-ROADLINE-REF YEL-5L,TIN,15500
NIP-ROOF-18L-D,DRUM,0
NIP-ROOF-20L-A,UNIT,0
NIP-ROOF-20L-T,UNIT,0
NIP-ROOF-5L-A,CAN,0
NIP-ROOF-5L-D,CAN,0
NIP-ROOF-5L-T,CAN,0
NIP-SAT-GLO-15L-A,DRUM,0
NIP-SAT-GLO-15L-D,DRUM,53590
NIP-SAT-GLO-15L-P,CAN,0
NIP-SAT-GLO-18L-145,CAN,54900
NIP-SAT-GLO-18L-P,DRUM,56170
NIP-SAT-GLO-18L-T,DRUM,54650
NIP-SAT-GLO-1L-A,CAN,0
NIP-SAT-GLO-1L-D,CAN,5500
NIP-SAT-GLO-1L-P,CAN,5680
NIP-SAT-GLO-1L-T,CAN,5660
NIP-SAT-GLO-5L-145,CAN,22900
NIP-SAT-GLO-5L-A,CAN,20780
NIP-SAT-GLO-5L-D,CAN,20070
NIP-SAT-GLO-5L-P,CAN,20930
NIP-SAT-GLO-5L-T,CAN,0
NIP-SEA-3200-18L,DRUM,16500
NIP-SEA-5100-05L,CAN,14500
NIP-SEA-5100-20L,DRUM,34500
NIP-SEA-5170-1L,CAN,5500
NIP-SEA-5170-20L,DRUM,53900
NIP-SEA-5170-5L,CAN,20500
NIP-SEA-5200-05L,CAN,11900
NIP-SEA-5200-20L,DRUM,25900
NIP-SEA-5400-05L,CAN,10900
NIP-SEA-5400-20L,DRUM,26900
NIP-SOLAR-5L-A,TIN,0
NIP-SPO-LES-5L-P,CAN,0
NIP-SPO-LES-5L-T,CAN,0
NIP-SUP-MAT-1L-A,CAN,0
NIP-SUP-MAT-300-7L,CAN,3900
NIP-SUP-MAT-568-7L,CAN,3900
NIP-SUP-MAT-5L-A,CAN,0
NIP-SUP-MAT-5L-D,CAN,0
NIP-SUP-MAT-5L-P,CAN,0
NIP-SUP-MAT-5L-T,CAN,0
NIP-SUP-MAT-872-7L,CAN,4500
NIP-TIM-1L-A0.86L0.8,CAN,5210
NIP-TIM-1L-D,CAN,4750
NIP-TIM-1L-P,CAN,5390
NIP-TIM-1L-T,CAN,4890
NIP-TIM-5L-A,CAN,19560
NIP-TIM-5L-D 4/6/19,CAN,0
NIP-TIM-5L-P,CAN,0
NIP-TIM-5L-T,CAN,18090
NIP-TIM-FIN-1L-C,CAN,4110
NIP-TIM-FIN-1L-T/RED,CAN,4110
NIP-TIM-FIN-1L-TY,CAN,4110
NIP-TIM-FIN-5L-C,CAN,14700
NIP-TIM-FIN-5L-T/RED,CAN,15900
NIP-TIM-FIN-5L-TY,TIN,16860
NIP-UND-9000-1L,CAN,4950
NIP-UND-9000-5L,CAN,17500
NIP-UND-WHT-1L,CAN,2490
NIP-UND-WHT-20L,CAN,34800
NIP-UND-WHT-5L,CAN,9500
NIP-VIN-EAS-15L-A,DRUM,0
NIP-VIN-EAS-15L-T,DRUM,0
NIP-VIN-EAS-1L-A,CAN,0
NIP-VIN-EAS-1L-D,CAN,0
NIP-VIN-EAS-1L-P,CAN,5250
NIP-VIN-EAS-1L-T,CAN,0
NIP-VIN-EAS-20L-P,DRUM,48420
NIP-VIN-EAS-20L-T,DRUM,0
NIP-VIN-EAS-5L-A,CAN,0
NIP-VIN-EAS-5L-D,CAN,18850
NIP-VIN-EAS-5L-P,CAN,19000
NIP-VIN-EAS-5L-T,CAN,19140
NIP-VIR-5L,CAN,0
NIP-WGOLD-15L-A,CAN,0
NIP-WGOLD-15L-D,CAN,0
NIP-WGOLD-15L-P,CAN,0
NIP-WGOLD-15L-T,CAN,0
NIP-WGOLD-5L-A,CAN,14100
NIP-WGOLD-5L-D,CAN,0
NIP-WGOLD-5L-P,CAN,0
NIP-WGOLD-5L-T,CAN,0
NIP-WTRB-15L-P,CAN,0
NIP-WTRB-18L-A,DRUM,0
NIP-WTRB-18L-D,DRUM,0
NIP-WTRB-18L-P,DRUM,66680
NIP-WTRB-18L-T,DRUM,0
NIP-WTRB-18L-WHITE,CAN,59900
NIP-WTRB-1L-A,CAN,6510
NIP-WTRB-1L-D,CAN,6360
NIP-WTRB-1L-P,CAN,0
NIP-WTRB-1L-T,CAN,6410
NIP-WTRB-20L-A,DRUM,0
NIP-WTRB-20L-D,DRUM,0
NIP-WTRB-20L-P,DRUM,0
NIP-WTRB-5L-A,CAN,0
NIP-WTRB-5L-D,CAN,23020
NIP-WTRB-5L-P,CAN,0
NIP-WTRB-5L-T,CAN,0
NIP-WTRB-5L-WHITE,CAN,29800
NIP-WTRB-WHI-15004,CAN,49500
NIP-WTRB-WHI-15004-5L,CAN,26900
NIP-ZIN-GRE-GRE-1L,CAN,4800
NIP-ZIN-GRE-GRE-5L,CAN,17500
NO,PC(S),0
NOZ-GEL-250G,TIN,1450
NP-BAR-14501-5L,UNIT,21900
NP-BAR-333-1L,UNIT,4900
NP-BAR-427-1L,TIN,4900
NP-BAR-999-1L,UNIT,4900
NP-BAR-999-5L,UNIT,21200
NP-BAR-B800-1L,UNIT,4900
NP-BAR-B800-5L,UNIT,21200
NP-BAR-BS1094-1L,TIN,4900
NP-BAR-BS14051-1L,UNIT,4900
NP-BAR-BS405-1L,TIN,4900
NUM-60MM-0,PCS,800
NUM-60MM-1,PCS,800
NUM-60MM-2,PCS,800
NUM-60MM-3,PCS,800
NUM-60MM-4,PCS,800
NUM-60MM-5,PCS,800
NUM-60MM-6,PCS,800
NUM-60MM-7,PCS,800
NUM-60MM-8,PCS,800
NUM-60MM-9,PCS,800
NUM-60MM-A,PCS,800
NUM-60MM-B,PCS,800
NUM-60MM-C,PCS,800
NUM-60MM-D,PCS,800
NUM-60MM-E,PCS,800
NUM-60MM-F,PCS,800
NUM-60MM-G,PCS,800
NUM-60MM-H,PCS,800
NUM-60MM-I,PCS,800
NUM-60MM-J,PCS,800
NUM-60MM-L,PCS,800
NUM-60MM-O,PCS,800
NUM-60MM-T,PCS,800
NUM-80MM-0,PCS,1260
NUM-80MM-1,PCS,1260
NUM-80MM-2,PCS,1260
NUM-80MM-3,PCS,1260
NUM-80MM-4,PCS,1260
NUM-80MM-5,PCS,1260
NUM-80MM-6,PCS,1260
NUM-80MM-7,PCS,1260
NUM-80MM-8,PCS,1260
NUM-80MM-9,PCS,1260
NUM-80MM-A,PCS,1260
NUM-80MM-B,PCS,1260
NUM-80MM-C,PCS,1260
NUM-80MM-D,PCS,1260
NUM-80MM-E,PCS,1260
NUM-80MM-F,PCS,1260
NUM-80MM-G,PCS,1260
NUM-80MM-H,PCS,1260
NUM-80MM-I,PCS,1260
NUM-80MM-J,PCS,1260
NUM-HOM-PLATE-VACP101,PCS,6900
NUM-HOM-PLATE-VACPL05,PCS,6900
NUM-HOM-PLATE-VACRP111SB,PCS,5900
NUM-HOM-PLATE-VACRP116CS,PCS,5900
NUM-PUNC-50730040,SET,3780
NUM-PUNC-50730050,SET,4750
NUM-PUNC-50730060,SET,4950
NUM-PUNC-50730080,SET,6700
NUT-LIN-RIN-60A,PCS,283
NYLON-CORD-9042,MTR,130
"NYLON-MAN-HAT-17""",PCS,1490
OFFER BIN,UNIT(S),0
OIL-125-1L,BTL,3390
OIL-CAN-1L,PCS,4390
OIL-CAN-2L,PCS,4790
OIL-CAN-3L,PCS,5190
OIL-CAN-4L,PCS,6950
OIL-CAN-5L,PCS,6190
OIL-CAN-MINI-0069,PCS,1650
OIL-CAN-MINI-0069-250ML,PCS,1450
OIL-CAN-MINI-0069-500ML,PCS,1550
OIL-COM-AIRVON-AV06810P,TIN,2850
OIL-EAG-GLASS-100#,PCS,2350
OIL-ENG-STIHL,PAIL,3790
OIL-FIL-7007,PCS,5990
"OIL-FUN-06""",PCS,3980
"OIL-FUN-08""",PCS,4250
"OIL-FUN-10""",PCS,5400
"OIL-FUN-12""",PCS,5450
OIL-FUN-7003,PCS,80
OIL-FUN-7004,PCS,140
OIL-FUN-7005,PCS,130
OIL-FUN-7006,PCS,230
OIL-FUN-7008,PCS,450
OIL-FUN-7010,PCS,620
OIL-FUN-7012,PCS,1030
"OIL-FUN-8""-129",PCS,370
"OIL-FUN-D10""",PCS,5900
OIL-FUN-XTR-034,PCS,170
OIL-HEX-WRE-T7004AS,PCS,2350
OIL-MOT-4T-AX3 40-1L,BTL,2290
OIL-MOT-W2T-0.5L,BTL,1390
OIL-MOT-W2T-1L,BTL,2150
OIL-SIN-80ML,PCS,490
O-RING-12-15,PCS,150
O-RING-12-15-RED,PCS,150
O-RING-1-6,PCS,60
O-RING-16-21,PCS,200
O-RING-16-21-RED,PCS,200
O-RING-1-6-RED,PCS,60
O-RING-22-26,PCS,250
O-RING-22-26-RED,PCS,250
O-RING-27-30,PCS,300
O-RING-27-30-RED,PCS,300
O-RING-7-11,PCS,100
O-RING-7-11-RED,PCS,100
OUT-CON-RUB-BLACK,PCS,240
OUT-CON-RUB-BLACK-318,PCS,420
OUT-CON-RUB-BLACK-60MM,PCS,420
OVEN-DEKKA-OV19N,PCS,15900
OVEN-DEKKA-OV25N,PCS,19900
OVEN-KHI-TOA-OT25B,SET,24900
OVEN-KHI-TOA-OT3005,SET,37800
OVEN-KHI-TOA-OT6806,SET,47900
OVEN-MID-EM825AGS-BK,PCS,32900
OVEN-MID-MM720CGE-BK,PCS,25900
OVEN-PSN-MIC,PCS,25900
OVEN-RUB-TAE13-M265,UNIT,229000
OVEN-RUB-TAE13-M266,UNIT,259000
OVEN-RUB-TAE13-M503,UNIT,139000
OVEN-RUB-TAE13-M507,UNIT,203000
P6088,PCS,0
PAD-2E,PCS,0
PAD-FIBR-DISC-BBU4,PCS,590
PAD-STA-SS30-5140231-49,PCS,5400
PAI-BRU-086-25MM,PCS,130
PAI-BRU-086-38MM,PCS,180
PAI-BRU-086-50MM,PCS,250
PAI-BRU-086-65MM,PCS,320
PAI-BRU-086-75MM,PCS,390
PAI-BRU-633-025MM,PCS,130
PAI-BRU-633-038MM,PCS,140
PAI-BRU-633-050MM,PCS,190
PAI-BRU-633-065MM,PCS,220
PAI-BRU-633-075MM,PCS,290
PAI-BRU-633-100MM,PCS,390
PAI-BRU-680-025MM,PCS,160
PAI-BRU-680-038MM,PCS,180
PAI-BRU-680-050MM,PCS,290
PAI-BRU-680-065MM,PCS,390
PAI-BRU-680-075MM,PCS,520
PAI-BRU-680-100MM,PCS,560
"PAI-BRU-680-4""",PCS,450
PAI-BRU-730-25MM,PCS,290
PAI-BRU-730-38MM,PCS,490
PAI-BRU-730-50MM,PCS,830
PAI-BRU-730-65MM,PCS,1190
PAI-BRU-730-75MM,PCS,1650
"PAI-BRU-780-1""",PCS,390
"PAI-BRU-780-1.1/2""",PCS,690
"PAI-BRU-780-2""",PCS,950
"PAI-BRU-780-2.1/2""",PCS,1350
"PAI-BRU-780-3""",PCS,1850
PAI-BRU-8803-50MM,PCS,420
PAI-BRU-8804-65MM,PCS,600
PAI-BRU-8805-75MM,PCS,730
PAI-BRU-HOL,PCS,1290
PAI-BRU-LEON-830-25MM,PCS,350
PAI-BRU-LEON-830-38MM,PCS,400
PAI-BRU-LEON-830-50MM,PCS,620
PAI-BRU-LEON-830-65MM,PCS,720
PAI-BRU-LEON-830-75MM,PCS,1120
"PAI-BRU-MH740#-1""",PCS,180
"PAI-BRU-MH740#-1.1/2""",PCS,270
"PAI-BRU-MH740#-2""",PCS,450
"PAI-BRU-MH740#-2.1/2""",PCS,620
"PAI-BRU-MH740#-3""",PCS,790
PAI-BRU-NIP-13MM-820,PCS,1550
PAI-BRU-NIP-13MM-TR882,PCS,1250
PAI-BRU-NIP-18MM,PCS,490
PAI-BRU-NIP-21MM,PCS,1290
"PAI-BRU-NIP-7""",PCS,980
"PAI-BRU-NIP-7""-STAG7117",SET,990
"PAI-BRU-NIP-7""-TR839",SET,780
PAI-BRU-NIP-STEEL-TR880,PCS,350
PAI-BRU-NIP-TR829N,PCS,250
PAI-BRU-NIP-TR832N,PCS,550
PAI-BRU-NIP-TR833N,PCS,690
PAI-BRU-NIP-TR834N,PCS,890
PAI-BRU-NIP-TR835N,PCS,1290
PAI-BRU-NIP-TR836N,PCS,1690
PAI-BRU-NIP-TR841N,BAG,1590
PAI-BRU-NYL-325-10#,PCS,240
PAI-BRU-NYL-325-12#,PCS,290
PAI-BRU-NYL-325-8#,PCS,190
PAI-BRU-RAD-2642R,PCS,360
PAI-BRU-REI-ROU9,PCS,160
"PAI-BRU-SEL-1""",PCS,790
"PAI-BRU-SEL-1.1/2""",PCS,1090
"PAI-BRU-SEL-2""",PCS,1490
"PAI-BRU-SEL-2.1/2""",PCS,1790
"PAI-BRU-SEL-3""",PCS,2090
"PAI-BRU-SEL-EDG-1.1/2""",PCS,880
"PAI-BRU-SEL-EDG-2""",PCS,1130
"PAI-BRU-SEL-EDG-2.1/2""",PCS,1500
PAI-BRU-WOO-040MM,PCS,130
PAI-BRU-WOO-060MM,PCS,200
PAI-BRU-WOO-080MM,PCS,280
PAI-BRU-WOO-100MM,PCS,340
PAI-COV-MOP-4G,PCS,730
PAI-COV-MOP-5G,PCS,850
PAI-DUS-22L-GHO2813,SET,4950
PAI-GAL-4G-9400,PCS,1350
PAI-GAL-5G-9500,PCS,1750
PAI-GAL-605S,PCS,1450
PAI-GAL-606S,PCS,1590
PAI-GAL-6G-9600,PCS,2190
PAI-GAL-J603S,PCS,950
PAI-GAL-J604S,PCS,1150
PAI-GLO-AXE-250ML-8855,TIN,708
PAI-HAN-CRI-2M,PCS,3290
PAI-HAN-CRI-3M,PCS,4290
PAI-HAN-CRI-4M,PCS,5490
PAI-HAN-CRI-LOC4M,PCS,4340
PAI-HAN-ROC-1148#,PCS,2290
PAI-HAN-ROC-1158#,PCS,3990
"PAI-IRO-11""",PCS,6390
"PAI-IRO-12""",PCS,7500
"PAI-IRO-14""",PCS,7950
PAI-NIP-20L,CAN,0
PAI-PUXIN-90G,TIN,1550
"PAI-ROL-FRA-7""",PCS,590
"PAI-ROL-HAN-2""X16""",PCS,290
"PAI-ROL-HAN-7""-BIG",PCS,350
"PAI-ROL-HAN-7""-SMA",PCS,350
"PAI-ROL-HAN-7""-TR845",PCS,650
PAI-ROL-HAN-L418,PCS,350
"PAI-ROL-REF-4010-4""",PCS,120
"PAI-ROL-REF-ALI-7""-W/Y",PCS,370
"PAI-ROL-REF-CRI-4""",PCS,190
PAI-ROL-REF-CRI-7,PCS,830
PAI-ROL-REF-E-POXY-SF-7005,PCS,650
PAI-ROL-REF-L220*,PCS,130
PAI-ROL-REF-L420*,PCS,150
PAI-ROL-REF-L450,PCS,150
PAI-ROL-REF-L720,SET,560
"PAI-ROL-REF-PM4""",PCS,160
"PAI-ROL-REF-PM7""",PCS,550
PAI-ROL-REF-R-0038,PCS,150
PAI-ROL-REF-SOF-SF-2005,PCS,630
"PAI-ROL-REF-STA-7""",PCS,690
"PAI-ROL-REF-STA-TWI-4""",PCK,550
PAI-ROL-REF-T6010,PCS,1390
"PAI-ROL-REF-VEL-4""",PCS,0
"PAI-ROL-REF-YEL/WHI-4""",PCK,750
PAI-ROL-SET-100450,SET,350
PAI-ROL-SET-100550,SET,400
PAI-ROL-SET-1644#,SET,410
"PAI-ROL-SET-1688-7""",SET,590
"PAI-ROL-SET-4""X18""",SET,390
PAI-ROL-SET-CRI-416,SET,480
PAI-ROL-SET-CRI-424,SET,650
"PAI-ROL-SET-ECO-7""",SET,560
PAI-ROL-SET-L720A,SET,930
"PAI-ROL-SET-STA-4""",PCS,790
"PAI-ROL-SET-STA-7""",PCS,1150
PAI-ROL-SET-T6010-TK011,SET,2250
PAI-ROL-SET-WK-RR54319,SET,340
PAI-ROL-SET-WK-RR54323,PCS,470
PAI-ROL-SPM100,SET,450
PAI-ROL-SPM175,SET,680
PAI-SPR-ANC-001,PCS,1150
PAI-SPR-ANC-002,PCS,1150
PAI-SPR-ANC-004,PCS,1150
PAI-SPR-ANC-006,PCS,1150
PAI-SPR-ANC-012,PCS,1150
PAI-SPR-ANC-015,PCS,1150
PAI-SPR-ANC-029,PCS,1150
PAI-SPR-ANC-030,PCS,1150
PAI-SPR-ANC-031,PCS,1150
PAI-SPR-ANC-048**,PCS,1750
PAI-SPR-ANC-060,PCS,1150
PAI-SPR-ANC-803,PCS,1150
PAI-SPR-ANC-808,PCS,1150
PAI-SPR-ANC-C018**,PCS,1750
PAI-SPR-GUN-TM-71,UNIT,35900
PAI-SPR-H1,PCS,2980
PAI-SPR-H2,PCS,2990
PAI-SPR-KIMLAC-9611,TIN,2290
PAI-SPR-KIMLAC-9612,TIN,2290
PAI-SPR-KIMLAC-9613,TIN,2290
PAI-SPR-KIMLAC-9614,TIN,2290
PAI-SPR-KIMLAC-9615,TIN,2290
PAI-SPR-KIMLAC-9616,TIN,2290
PAI-SPR-KIMLAC-9617,TIN,2290
PAI-SPR-KIMLAC-9621,TIN,2290
PAI-SPR-KIMLAC-9622,TIN,2290
PAI-SPR-PMT-004,CAN,650
PAI-SPR-PMT-006,CAN,650
PAI-SPR-PMT-013,CAN,650
PAI-SPR-PMT-015,CAN,650
PAI-SPR-PMT-021,CAN,650
PAI-SPR-PMT-022,CAN,650
PAI-SPR-PMT-023,CAN,650
PAI-SPR-PMT-025,CAN,650
PAI-SPR-PMT-027,CAN,650
PAI-SPR-PMT-030,CAN,650
PAI-SPR-PMT-031,CAN,650
PAI-SPR-PMT-035,CAN,650
PAI-SPR-PMT-036,CAN,650
PAI-SPR-PMT-037,CAN,650
PAI-SPR-PMT-039,CAN,650
PAI-SPR-PMT-040,CAN,650
PAI-SPR-PMT-041,CAN,650
PAI-SPR-PMT-1007,CAN,650
PAI-SPR-PMT-131,CAN,650
PAI-SPR-PMT-133,CAN,650
PAI-SPR-PMT-142,CAN,650
PAI-SPR-PMT-190,CAN,650
PAI-SPR-PMT-327,CAN,650
PAI-SPR-PMT-C671,CAN,650
PAI-SPR-PMT-C672,CAN,650
PAI-SPR-REM-SWPR-400,CAN,1450
PAI-SPR-SAM-001,PCS,1390
PAI-SPR-SAM-002,PCS,1390
PAI-SPR-SAM-003,PCS,1390
PAI-SPR-SAM-004,PCS,1390
PAI-SPR-SAM-008,PCS,1390
PAI-SPR-SAM-012,PCS,1390
PAI-SPR-SAM-019,PCS,1390
PAI-SPR-SAM-024,PCS,1390
PAI-SPR-SAM-029,PCS,1390
PAI-SPR-SAM-030,PCS,1390
PAI-SPR-SAM-033,PCS,1390
PAI-SPR-SAM-039,PCS,2350
PAI-SPR-SAM-040,PCS,2350
PAI-SPR-SAM-053,PCS,2390
PAI-SPR-SAM-054,PCS,2390
PAI-SPR-SAM-055,PCS,2390
PAI-SPR-SAM-056,PCS,2390
PAI-SPR-SAM-057,PCS,2390
PAI-SPR-SAM-058,PCS,2390
PAI-SPR-SAM-2K01,PCS,4690
PAI-SPR-SAM-45,PCS,2350
PAI-SPR-SAM-65,PCS,1990
PAI-SPR-SAM-81,PCS,2350
PAI-SPR-SAM-F2,PCS,1390
PAI-SPR-SAM-K1K,PCS,2340
PAI-SPR-SAM-KP1,PCS,3590
PAI-SPR-SAM-KPP,PCS,3590
PAI-SPR-SAM-PR-500,PCS,1780
PAI-SPR-SAMURAI-H2,PCS,3580
PAI-SPR-SAM-Y012,PCS,1790
PAI-SPR-SAM-Y016,PCS,1790
PAI-SPR-SAM-Y017,PCS,1790
PAI-SPR-SAM-Y111,PCS,1790
PAI-SPR-SAM-Y112,PCS,1790
PAI-STCND2554,PCS,690
PAI-STCND2554H,PCS,690
PAI-TIG-250ML-9102,PCS,1090
PAI-TIG-250ML-ALUM,TIN,1090
PAI-TIG-250ML-BLA,PCS,1090
PAI-TIG-250ML-BLUE,PCS,1090
PAI-TIG-250ML-RED,TIN,1090
PAI-TIG-250ML-YEL,TIN,1090
PAI-TIG-75MLALU*,PCS,850
PAI-TIG-75ML-BLACK,TIN,850
PAI-TIG-75ML-BLUE,TIN,850
PAI-TIG-75ML-GRN,PCS,850
PAI-TIG-75ML-RED*,TIN,850
PAI-TIG-75MLWHI*,PCS,850
PAI-TIG-75ML-YEL*,PC(S),850
PAI-TRA,PCS,390
PAI-TRA-BLU-BIG,PCS,890
PAN-MEN-COP-TRA-JOIN-BLK,EA,0
PAP-PVC-J9137,FTS,430
PAP-WALL-CASABLANCA-23872-17,ROLL,8500
PAP-WALL-GLU,BOX,1490
PAP-WALL-HAVANA-11866-12,ROLL,8500
PAP-WALL-HAVANA-11889-16,ROLL,8500
PAP-WALL-HAVANA-11892-24,ROLL,8500
PAP-WALL-PARADISEII-AC9371-06,ROLL,11500
PAR-MEN-35W-PAR30-BULB,PCS,0
PAR-MEN-COP-TRA-BLK,EA,0
PAR-MEN-PM-1005TF,PCS,0
PAR-MEN-PM-A5005,PCS,690
PAR-MEN-PMP-1840-LED-BUL,PCS,2290
PAR-MEN-PM-T1608LB,PCS,16500
PATCH-CSK-50RD,SET,11226
PELEKAT-LALAT-CYZ7676,PCS,60
PEN-108-18L,PAIL,7900
PEN-108-4L,PAIL,2290
PEN-ALU,PCS,80
PEN-ECO100-18KG,PAIL,26900
PEN-ECO100-4KG,PAIL,7390
PEN-ECO100-4KG-BLK,PAIL,7390
PEN-ECO200-4KG,PAIL,7990
PEN-ECO200-4KG-GREY,PAIL,7990
PEN-ECO300-20KG,PAIL,27900
PEN-ECO300-5KG,PAIL,8390
PEN-ECO-LAT-118-4L,UNIT,2190
PEN-T100-5KG,PAIL,9500
PEN-T200-GREY,PAIL,10500
PEN-T200-WHI,PAIL,10500
PEN-TES-BLM452,PCS,370
PEN-WAL-1KG,PAIL,3390
PEN-WAL-4.5KG,PAIL,11500
PEN-WOO-MIX,PCS,110
PH-YY466,PCS,0
PIC-HAN-31053,PCK,320
PIC-HAN-49025(658356),PACK,290
"PIC-HAN-GOL-1""",PCK,140
"PIC-HAN-GOL-1-1/2""",PCK,170
"PIC-HAN-GOL-1-1/4""",PCK,120
PIN-COT-GAJ,PCK,130
"PIP-BRA-1""",SET,1440
"PIP-BRA-1""-MID",SET,1450
"PIP-BRA-MARKSMAN-3/4""-END",PAIR,490
"PIP-BRA-MARKSMAN-3/4""-THR",PAIR,490
"PIP-CLE-1/2""X10M",PCS,0
PIP-CON-WHI-20MM3M,LTH,200
PIP-EXT-26175,PCS,950
PIP-EXT-M255,PCS,1090
PIP-EXT-SE-1332,PCS,1550
"PIP-HDPE-20MM-1/2""",MTR,250
PIP-HDPE-20MM-SIR,LTH,1900
"PIP-HDPE-25MM-3/4""",MTR,320
PIP-HDPE-25MM-N-SIRIM,COIL,13200
PIP-HDPE-25MM-PN12.5,LTH,550
"PIP-HDPE-32MM-1""",MTR,650
"PIP-HOO-GAL-1""",PCS,80
PIP-HOO-GAL-15MM,PCS,40
PIP-HOO-GAL-20MM,PCS,60
"PIP-PVC-1""",MTR,490
"PIP-PVC-1/2""",MTR,220
"PIP-PVC-2.1/2""",LGTH,6500
"PIP-PVC-3/4""",MTR,280
"PIP-PVC-3506-1.1/2""",MTR,550
"PIP-PVC-3506-1.1/4""",MTR,450
"PIP-PVC-3506-2""",MTR,750
"PIP-PVC-8""",LTH,21000
"PIP-PVC-C-2""",MTR,1090
"PIP-PVC-C-3""",MTR,1700
"PIP-PVC-E-1/2""",MTR,380
"PIP-PVC-E-3/4""",MTR,480
"PIP-PVC-SOC-3/4""-GD",PCS,20
PIP-PVC-WHI-LAT-25M125M,LTH,1050
PIP-ROU-BOX,PCS,30
"PIP-TIE-DIE-1/2""",PCS,1750
"PIP-TIE-DIE-3/4""",PCS,1990
"PIP-UPVC-2""",MTR,690
"PIP-UPVC-3""",MTR,1090
"PIP-UPVC-4""",MTR,1290
"PIP-UPVC-4514-3""",MTR,2190
"PIP-UPVC-4514-4""",MTR,2450
"PIP-UPVC-4514-6""",MTR,3950
"PIP-UPVC-5255-1.1/2""",MTR,590
"PIP-UPVC-5255-1.1/4""",MTR,490
"PIP-UPVC-6""",MTR,2990
"PIP-UPVC-8""",MTR,8900
PITL-GAU-SCRE,SET,3290
PLA-BAG-1014-1.8KG,ROLL,1660
PLA-BAG-40X48X1KG,PKT,890
PLA-BAG-46PP,KG,0
PLA-BAG-5X8X500G,ROLL,580
PLA-BAG-69PP,KG,0
PLA-BAG-6X9X500G,ROLL,580
PLA-BAG-8X12X1KG,ROLL,1160
PLA-BAG-8X14,KG,0
"PLA-BAG-BIO-BLA-18""X21""-S",ROLL,590
"PLA-BAG-BIO-BLA-30""X39""-M",ROLL,950
"PLA-BAG-BIO-BLA-35""X47""-L",ROLL,1220
PLA-BAG-BLA-06X09,KG,1050
PLA-BAG-BLA-08X10,PCK,1090
PLA-BAG-BLA-10X12,PCK,1090
PLA-BAG-BLA-15X18,PCK,990
PLA-BAG-GRE-500G-1315,PKT,377
"PLA-BAG-H/DUTY-BLA-30""X39""",PCK,950
"PLA-BAG-H/DUTY-BLA-35""X47""",ROLL,1150
PLA-BAG-RED500-8X12,PCK,462
PLA-BAG-RUB-30X40,PCK,890
PLA-BAG-RUB-BLA-1822,PKT,890
PLA-BAG-W1000-2024,KG,1190
PLA-BAG-W1000-2227,PCK,1180
PLA-BAG-W1KG-18X22-A,PCK,1150
PLA-BAG-W500-0812,PACK,520
PLA-BAG-W500-1114,PCK,630
PLA-BAG-W500-1315,PCK,630
PLA-BAG-W500-1518,PCK,650
PLA-BAG-W500G-08X12,PKT,462
PLA-BAG-W500G-1114-RED,PCK,630
PLA-MAT-EAW1100,ROLL,14800
PLA-MAT-EAW150,ROLL,7700
PLA-MAT-EAW-MTR,MTR,190
PLA-PAL,PCS,16000
PLA-PP-2X3,KG,0
PLA-PP-354,KG,0
PLA-PP-3X4,KG,0
PLA-PP-812,KG,0
PLA-SHE-27KG-36010,KG,1050
PLA-SHE-30KG-CLEAR,KGS,860
PLR-TIL-4017,PCS,1890
PLU-FUS-5A,PCS,60
PLUG-2PIN-IN-OUT-342A,PCS,200
PLUG-TOP-SIR-13AMP,PCS,390
PLUG-TOP-UMS-13A,PCS,540
PLU-TV-EST75,PCS,350
PN-DOL8441,PCS,0
POL-EXT-ALM4M3P,PCS,9500
POL-HAR-NYL-JM444,PCS,1980
POL-HAR-NYL-JM-665A-37~38MM,PCS,520
POL-HAR-NYL-JM-666A,PCS,890
POW-CHLORATE,BAG,990
POW-CHROLIDE,BAG,1250
POW-YELLOW,TIN,1350
PRE-GAUGE-DL5,PCS,0
PRE-STO-KHI-SPC6,SET,39900
PRE-WAS-PW1400,UNIT,32900
PRO-COAT-Z388-GRY,TIN,9700
PRO-COAT-Z388-GRY-18KG,TIN,31900
PRO-COAT-Z388-WHI,TIN,9700
PRO-COAT-Z588-GRY,TIN,13800
PRO-COAT-Z588-GRY-18KG,TIN,36900
PRO-COAT-Z588-WHI,TIN,13800
PRO-COAT-Z888-NANO-1KG,BTL,28800
PRU-GAL-1.2MM-414,LGTH,650
PRU-GAL-1.2MM-4204,LGHT,9200
PRU-GAL-1.2MM-4208,PCS,2880
PRU-GAL-1.2MM-4210,PCS,4300
PRU-GAL-1.2MM-4212,PCS,7680
PRU-GAL-1.2MM-4213,LGTH,6400
PRU-GAL-1.2MM-4214,LGHT,5600
PRU-GAL-1.2MM-4220,LGTH,9450
PRU-GAL-1.2MM-4225,LTH,11250
PRU-GAL-1.2MM-423,LGTH,1490
PRU-GAL-1.2MM-426,LGTH,3150
PRU-GAL-1.6MM-11',LGTH,6160
PRU-GAL-1.6MM-4207,LGTH,3010
PRU-GAL-1.6MM-4208,LGTH,3440
PRU-GAL-1.6MM-4210,LGTH,4300
PRU-GAL-1.6MM-4212,LGTH,6960
PRU-GAL-1.6MM-4215,LGTH,8700
PRU-GAL-1.6MM-4220,LGTH,15200
PRU-GAL-1.6MM-4224,LGTH,10300
PRU-GAL-1.6MM-52115,LGTH,5635
PRU-GAL-1.6MM-5214,LGTH,9100
PRU-GAL-1.6MM-5220,PCS,9800
PRU-GAL-2.0MM-5220,LTH,17000
"PRU-GAL-3""X1.1/2""X20'X0.70MM",LGTH,4000
"PRU-GAL-6""X2.1/2""-1.6MM",LGTH,5600
"PRU-GAL-6""X2.1/2""-2.0MM-10'",LGTH,7000
"PRU-GAL-6""X2.1/2""-2.0MM-11'",LGTH,7700
"PRU-GAL-8""X3""-1.6MM",LGTH,18000
"PRU-GAL-8""X3""-1.6MM-17'",LGTH,12240
PS-DOL074,PCS,0
PSN-MJ-CS100WSK,PCS,28200
PSN-MJ-DJ01SSL,PCS,47900
PSN-NC-EG4000PSK,PCS,29800
PSN-TK-CS10-WMA,PCS,30900
PSN-TK-CS200C-EX,PCS,8600
PUL-GAT-6153X2T,PCS,6880
PUM-FOO-5000#,PCS,3690
PUM-FOO-CHI-JK9539,SET,1790
PUM-FOO-H/D-A50000,PCS,3490
PUM-FOO-M'MAN-649#,PCS,3490
PUM-FOO-PRE-HI,PCS,2450
PUM-FOO-PRE-HIG,SET,2080
PUM-HAN-634,PCS,3450
PUM-HAN-BEE,PCS,2736
PUM-HAN-DP-145,PCS,1420
PUM-HAN-H/D-A80000,PCS,3290
PUM-HAN-HADSEN-H6044,SET,3450
PUM-HYU-HD610,UNIT,38800
PUM-HYU-HD712,UNIT,69900
PUM-HYU-HP370PS,UNIT,37900
PUM-I-PUMP-QB60I,PCS,17900
PUM-I-PUMP-QB80I,UNIT,27800
PUM-MIN-HAN,PCS,780
PUM-MON-PP,PCS,2280
PUM-OIL-AC-44GAL,PCS,6800
PUM-OIL-PVC-44GAL,PCS,4090
PUM-OIL-PVC-4G-2035,PCS,500
PUM-OIL-PVC-4GAL,PCS,750
PUM-OIL-W0229B,PCS,1330
PUM-ORI-44GAL,PCS,8400
PUMP-HAND-SDXYB-013,PCS,400
PUMP-INFLATOR-20210,PCS,1850
PUM-PLA-URA,PCS,2280
PUMP-SHADE,PCS,13900
PUM-SHOWFOU-GF-100N,UNIT,54900
PUM-SHOWFOU-SC-0512,UNIT,109900
PUM-SHOWFOU-SF-0512N,UNIT,88700
PUM-TOI-002B,PCS,650
PUM-TOI-003S,PCS,650
PUM-TSU-HPC6091,UNIT,29800
PUM-TSU-HPC6120,UNIT,46500
PUM-WTR-ADE-AWJ2-5,UNIT,132900
PUM-WTR-ADELINO-ACM200,UNIT,134500
PUM-WTR-ADELINO-ACM75,UNIT,53900
PUM-WTR-ADELINO-AWJ4-4,UNIT,149800
PUM-WTR-ADELINO-BWJ4-6,UNIT,206000
PUM-WTR-ADE-PW250Z,UNIT,46900
PUM-WTR-CHM4-2DC,UNIT,114900
PUM-WTR-CHM4-2H,UNIT,168800
PUM-WTR-HP60PC,UNIT,36900
PUM-WTR-IPA370,UNIT,33900
PUM-WTR-IPA370IQC,UNIT,51500
PUM-WTR-IPA45,UNIT,31900
PUM-WTR-IPA750,UNIT,43900
PUM-WTR-I-PUMP-CPM158I,UNIT,43900
PUM-WTR-JHP2-30,UNIT,89900
PUM-WTR-JHP3-40,UNIT,101900
PUM-WTR-JHP4-40,UNIT,111900
PUM-WTR-MARLINO-AJS75,UNIT,92800
PUM-WTR-MARLINO-AP37L1,UNIT,19800
PUM-WTR-MARLINO-CPM190,UNIT,94500
PUM-WTR-TAN-IPA45,PCS,7500
PUN-LEA-DK002,PCS,1750
PUS-BUT-SWI,PCS,2000
PUT-CAR-888-3.5KG,PCS,1190
PUT-CAR-888-3.5KG-BROWN,TIN,7290
PUT-CAR-888-3.5KG-GREY,TIN,7290
PUT-CAR-BROWN-1KG,TIN,2890
PUT-CAR-GRY-1KG,TIN,2890
PUT-CAR-T9,TIN,5980
PUT-ICI-DUCO-22,TIN,2490
PUT-ICI-DUCO-41,TIN,2590
PVC-BID-HAND-2278A,PCS,850
PVC-END-MOL-WAL,PCS,2500
PVC-FUN-665A,PCS,850
PVC-L-MOL-WEN,PCS,2300
"PVC-L-MOL-WEN-1""",PCS,3000
PVC-SHEET-JB-TR7215,MTR,680
PVC-SPONGE-MATE-CX1200,PCS,1880
PVC-STRAPPING,COIL,5500
PVC-STRAPPING-APPLE GREEN,KGS,1290
PVC-STRAPPING-BLACK,KGS,1290
PVC-STRAPPING-BLUE,KGS,1290
PVC-STRAPPING-BROWN,KGS,1290
PVC-STRAPPING-GREEN,KGS,1290
PVC-STRAPPING-LEMON YELLOW,KGS,1290
PVC-STRAPPING-LIG-ORA,KGS,1290
PVC-STRAPPING-MAR,KGS,1290
PVC-STRAPPING-ORA,KGS,1290
PVC-STRAPPING-ORANGE,KGS,1290
PVC-STRAPPING-PIN,KGS,1290
PVC-STRAPPING-PINK,KGS,1290
PVC-STRAPPING-PURPLE,KGS,1290
PVC-STRAPPING-RED,KGS,1290
PVC-STRAPPING-SKY-BLU,KGS,1290
PVC-STRAPPING-WHITE,KGS,1290
PVC-STRAPPING-YELLOW,KGS,1290
PVC-T-MO,PCS,2500
PVC-T-MOL-ALU,PCS,4500
PVC-T-MOL-WEN,PCS,2500
PYE-CEM-1KG-GREY,BAG,650
PYE-CEM-1KG-WHITE,BAG,650
PYE-CEM-CLE-1L,BOT,1990
PYE-DRA-REM-R01-500ML,PCS,1390
PYE-FIL-L-CRACK-1KG,TIN,1790
PYE-FIL-L-CRACK-400GM,TIN,1080
PYE-FIL-POW-1.8KG,BOX,1090
PYE-FIL-WAL-PUTTY-0.5KG-B*,TIN,530
PYE-FIL-WAL-PUTTY-0.5KG-Y*,TIN,730
PYE-FIL-WAL-PUTTY-1.5KG-B,TIN,1380
PYE-FIL-WAL-PUTTY-1.5KG-Y,TIN,1180
PYE-FIL-WAL-PUTTY-5.0KG-Y,TIN,3980
PYE-FIL-WOO-NATURAL-0.5KG,TIN,920
PYE-FIL-WOO-NATURAL-1.5KG,TIN,3150
PYE-FIL-WOO-TEAK-0.5KG,TIN,990
PYE-FIL-WOO-TEAK-1.5KG,TIN,3150
PYE-FLE-SEAL-1.0KG-GREY,TIN,2880
PYE-FLE-SEAL-1.0KG-WHI,TIN,2890
PYE-FLE-SEAL-1.5KG-WHT,TIN,4350
PYE-FLE-SEAL-4.5KG-GREY,TIN,10900
PYE-FLE-SEAL-4.5KG-WHT,TIN,10800
PYE-JNT-COM-SUR-1.5KG,TIN,1290
PYE-JNT-COM-SUR-25KG,TIN,5390
PYE-JNT-COM-SUR-5KG,TIN,2290
PYE-KREK-SEAL-500ML,TIN,2650
PYE-SLA-SEAL-1.0LTR,TIN,3950
PYE-SLA-SEAL-5.0LTR,TIN,14900
PYE-STRIP-M-500ML,TIN,1950
PYE-TOI-MOS-1000ML,BOT,2280
PYE-WATER-LOCK-1.5KG,TIN,4390
PYE-WOO-VAR-1L,TIN,3090
PYE-WOO-VAR-250ML,TIN,1350
PYE-WOO-VAR-4L,TIN,10800
"R-6""-CN",PCS,0
"R-8""-CN",PCS,0
RAC-DIS-HKHADH100A,PCS,9500
RAC-HOP-DEC-250,BTL,11800
RAC-HOP-HEX,BTL,4000
RACK,UNIT(S),0
"RACK-12""-WHITE",SET,11700
RACK-3'(H)X3'(L)X2'(W)X2LVL,SET,13500
RACK-3'(H)X4'(L)X1.5'(W),SETS,15000
RACK-3'(H)X4'(L)X1.5'(W)X2LVL,SETS,23000
"RACK-DISH-PJRHFS0202S-20""",SET,19900
RAC-KUL-HOP,BTL,3700
RAC-ROU-UP,BTL,2200
RAC-SHO-S/S-B6061,SET,9200
RAC-SHO-S/S-B6062,SET,10800
RAI-ALU-18MM20',LGTH,2950
RAI-BOO-BLA-RUB-035#,PAIR,990
RAI-BOO-BLA-RUB-036#,PAIR,990
RAI-BOO-BLA-RUB-037#,PAIR,990
RAI-BOO-BLA-RUB-038#,PAIR,990
RAI-BOO-BLA-RUB-039#,PAIR,990
RAI-BOO-BLA-RUB-040#,PAIR,990
RAI-BOO-BLA-RUB-041#,PAIR,990
RAI-BOO-BLA-RUB-042#,PAIR,990
RAI-BOO-BLA-RUB-36,PAIR,990
RAI-BOO-BLA-RUB-37,PAIR,990
RAI-BOO-BLA-RUB-38,PAIR,990
RAI-BOO-BLA-RUB-39,PAIR,990
RAI-BOO-BLA-RUB-40,PAIR,990
RAI-BOO-BLA-RUB-41,PAIR,990
RAI-BOO-BLA-RUB-42,PAIR,990
RAI-BOO-BLA-RUB-L36#,PAIR,980
RAI-BOO-BLA-RUB-L38,PAIR,740
RAI-BOO-BLA-RUB-L39,PAIR,740
RAI-BOO-BLA-RUB-L39#,PAIR,980
RAI-BOO-BLA-RUB-L40#,PAIR,980
RAI-BOO-BLA-RUB-L41,PAIR,740
RAI-BOO-BLA-RUB-L41#,PAIR,980
RAI-BOO-BLA-RUB-L42,PAIR,740
RAI-BOO-BLA-RUB-L42#,PAIR,980
RAI-BOO-KRK-B38M,PAIR,1580
RAI-BOO-KRK-B38M9000,PAIR,1850
RAI-BOO-KRK-B39M,PAIR,1580
RAI-BOO-KRK-B39M9000,PAIR,1850
RAI-BOO-KRK-B40M,PAIR,1580
RAI-BOO-KRK-B40M9000,PAIR,1850
RAI-BOO-KRK-B41M,PAIR,1580
RAI-BOO-KRK-B41M9000,PAIR,1850
RAI-BOO-KRK-B42M,PAIR,1580
RAI-BOO-KRK-B42M9000,PAIR,1850
RAI-BOO-KRK-B43M,PAIR,1580
RAI-BOO-KRK-B43M9000,PAIR,1850
RAI-BOO-KRK-Y37,PAIR,2600
RAI-BOO-KRK-Y38,PAIR,2600
RAI-BOO-KRK-Y38#,PAIR,3390
RAI-BOO-KRK-Y39,PAIR,2600
RAI-BOO-KRK-Y39#,PAIR,3390
RAI-BOO-KRK-Y40,PAIR,2600
RAI-BOO-KRK-Y40#,PAIR,3390
RAI-BOO-KRK-Y41,PAIR,2600
RAI-BOO-KRK-Y41#,PAIR,3390
RAI-BOO-KRK-Y42,PAIR,2600
RAI-BOO-KRK-Y42#,PAIR,3390
RAI-BOO-KRK-Y43,PAIR,2600
RAI-BOO-KRK-Y43#,PAIR,3390
RAI-BOO-SUP-Y38,PAIR,2950
RAI-BOO-SUP-Y39,PAIR,2950
RAI-BOO-SUP-Y40,PAIR,2950
RAI-BOO-SUP-Y41,PAIR,2950
RAI-BOO-SUP-Y42,PAIR,2950
RAI-BOO-SUP-Y43,PAIR,2950
RAI-BOO-SUP-Y44,PAIR,2400
RAI-BOO-SUP-Y45,PAIR,2400
RAI-BOO-TCS5-39#5,PAIR,4950
RAI-BOO-TCS5-40#6,PAIR,4950
RAI-BOO-TCS5-41#7,PAIR,4950
RAI-BOO-TCS5-42#8,PAIR,4950
RAI-BOO-TCS5-43#9,PAIR,4950
RAI-BOO-TCS5-44#10,PAIR,4950
RAI-BOO-TCS5-45#11,PAIR,4950
RAI-COA-PON-1020L-BLUE,PCS,890
RAI-COA-PON-1020L-GRE,PCS,920
RAI-COA-PON-1020L-ORA,PCS,890
RAI-COA-PON-1020L-YEL,PCS,890
RAI-COA-PON-YY1030H-GRE,PCS,1950
RAI-COA-SUP-L,PCS,2690
RAI-COA-SUP-M,PCS,2690
RAI-COA-SUP-XL,PCS,2690
RAI-COA-SUP-XXL,PCS,2690
RAI-COA-SUP-XXXL,PCS,2690
RAI-MCB,PCS,880
RAINBOW-G888-1KG,BTL,12300
RAINBOW-G888-1KG-999,BTL,13800
RAINBOW-G888-250GM,BTL,4290
RAINBOW-G888-30GM,BTL,630
RAINBOW-G888-90GM,BTL,2190
RAINBOW-R007-1KG,BTL,3750
RAINBOW-R007-500GM,BTL,1990
RAI-SUI-SUP-L,PCS,3450
RAI-SUI-SUP-M,PCS,3450
RAI-SUI-SUP-XL,PCS,3450
RAI-SUI-SUP-XXL,PCS,3450
RAI-SUI-SUP-XXXL,PCS,3450
RAK-2 IN 1,SET,30900
RAK-2 IN1-B400W,SET,20900
RAK-7'H-6'L-2'W-4LVLS,UNIT,48000
RAK-B-6'H-6'L-3LVL,UNIT,37550
RAK-BEIGE-6'H-6'L-3LVL,SET,37550
RAK-BLK,UNIT,38500
RAK-BLK-1,UNIT,47250
RAK-BLK-5'H-4'L-1.5W-3LVL,SET,25950
RAK-BLU-YEL,SET,10566
RAK-BLU-YEL-3'H-6'L-2'-2LVL,SET,10500
"RAK-BLU-YEL-4'H-5'L-16""W-5LVL",UNIT,41000
RAK-BLU-YEL-4'HX3'(L)X1.5'(W)X,SET,15200
RAK-BLU-YEL-4'HX3'(L)X1.5'(W)X3,SET,15200
RAK-BLU-YEL-4'HX3'LX2'WX2LVL,SET,17300
RAK-BLU-YEL-4'HX4'(L)X1.5'(W)X,SET,18950
RAK-BLU-YEL-4'HX4'(L)X1.5'(W)X3,SET,18950
RAK-BLU-YEL-4'HX4'(L)X2.0'(W)B,SET,35100
RAK-BLU-YEL-4'HX4'(L)X2.0'(W)X,SET,0
RAK-BLU-YEL-4'HX4'(L)X2.0'(W)X3,SET,0
RAK-BLU-YEL-4'HX4'(L)X2.0'(W)X5,SET,35100
RAK-BLU-YEL-4'HX5'(L)X2.0'(W)B,SET,29000
RAK-BLU-YEL-4'HX5'(L)X2.0'(W)X,SET,17300
RAK-BLU-YEL-4'HX5'(L)X2.0'(W)X2,SET,17300
RAK-BLU-YEL-4'HX5'(L)X2.0'(W)X4,SET,29000
RAK-BLU-YEL-4'HX6'(L)X1.5'(W)X,SET,20600
RAK-BLU-YEL-4'HX6'(L)X1.5'(W)X3,SET,20600
RAK-BLU-YEL-4'HX6'(L)X2.0'(W)B,SET,26600
RAK-BLU-YEL-4'HX6'(L)X2.0'(W)X,SET,25500
RAK-BLU-YEL-4'HX6'(L)X2.0'(W)X2,SET,25500
RAK-BLU-YEL-4'HX6'(L)X2.0'(W)X3,SET,26600
RAK-BLU-YEL-5'H-3'L-1.5'W-3LVL,SET,21000
RAK-BLU-YEL-5'H-3'L-2'W-3LVL,SET,17500
RAK-BLU-YEL-5'H-3'L-2'W-4LVL,SET,21500
RAK-BLU-YEL-5'H-4'L-1.5W-4LVL,SET,25950
RAK-BLU-YEL-5'H-4'L-2'W-3LVL,SET,28500
RAK-BLU-YEL-5'H-4'L-2'W-4LVL,SET,35600
RAK-BLU-YEL-5'H-5'L-1.5W-4LVL,SETS,27700
"RAK-BLU-YEL-5'H-5'L-16""W-4LVL",SET,20500
RAK-BLU-YEL-5'H-5'L-2W-3LVL,SET,32400
RAK-BLU-YEL-5'H-5'L-2W-3LVLS,SET,49200
RAK-BLU-YEL-5'H-6'L-2'W-3LVL,SET,27700
RAK-BLU-YEL-5'H-6'L-2'W-4LVL,SET,35100
RAK-BLU-YEL-6'H X4'X3'X4'(L),UNIT,37000
RAK-BLU-YEL-6'H-2',SET,25400
RAK-BLU-YEL-6'H-3'L-2'W-3LVLS,UNIT,28500
RAK-BLU-YEL-6'H-4L-1.5W-3LVL,SET,23800
RAK-BLU-YEL-6'H-4'L-1.5W-4LVL,UNIT,33600
RAK-BLU-YEL-6'H-4'L-2'W,SET,32700
RAK-BLU-YEL-6'H-5'L,SET,42200
RAK-BLU-YEL-6'H-5'L-1.5'W,SET,18000
RAK-BLU-YEL-6'H-5'L-2'W-3LVL,SET,25850
RAK-BLU-YEL-6'H-5'L-3,SET,33800
RAK-BLU-YEL-6'H-6'L,SET,47200
RAK-BLU-YEL-6'H-6'L-1.5W-5LVL,SET,40000
RAK-BLU-YEL-6'H-6'L-3LVL,SET,32200
RAK-BLU-YEL-6'H-6'L-5LVL,SET,43500
RAK-BLU-YEL-6H-8L-2W,SET,0
RAK-BLU-YEL-6'HX4'LX2'WX3LVL,SET,29900
RAK-BLU-YEL-6'HX5'LX2'WX4L,SET,31500
RAK-BLU-YEL-6'HX6'LX1.5'WX3L,SET,26600
RAK-BLU-YEL-6'HX6'LX1.5'WX4L,SET,31500
RAK-BLU-YEL-7'H-3'L-2'W-6LVLS,SET,30900
RAK-BLU-YEL-7'H-4'L-2'W-4LVLS,SET,29500
RAK-BLU-YEL-7'H-4'L-2'W-5LVLS,SET,34000
RAK-BLU-YEL-7'H-4'L-2'W-6LVLS,SET,33300
RAK-BLU-YEL-7'H-5'L-1.5'W-4LVL,SET,29900
RAK-BLU-YEL-7'H-5'L-1.5'W-4LVLS,SET,29900
RAK-BLU-YEL-7'H-5'L-2'W-3LVLS,SET,27050
RAK-BLU-YEL-7'H-5'L-2'W-4LVLS,SET,40800
RAK-BLU-YEL-7'H-5'L-2'W-5LVLS,SET,39000
RAK-BLU-YEL-7'H-6'L-1.5'W-4LVL,SET,34400
RAK-BLU-YEL-7'H-6'L-1.5'W-4LVLS,SET,34400
RAK-BLU-YEL-7'H-6'L-2'W-5LVLS,UNIT,48800
RAK-BLU-YEL-7'H-6'L-2'W-6LVLS,UNIT,68100
RAK-BLU-YEL-7'HX4'LX2'WX3LVL,SET,24050
RAK-BLU-YEL-7'HX6'LX2'WX9LVL,SET,0
RAK-BLU-YEL-7'X6'X2',SET,48000
RAK-BLU-YEL-8'H X5'(L)-2'(W),SET,45100
RAK-BLU-YEL-8'H-4'L,SET,0
RAK-BLU-YEL-8'HX3'FX12'W,SET,34000
RAK-BLU-YEL-8'HX3'LX2'WX4LVL,SET,32500
RAK-BLU-YEL-8'HX4'FX12'W,SET,42800
RAK-BLU-YEL-8'HX4'LX1.5'WX3LVL,SET,23150
RAK-BLU-YEL-8'HX4'LX2'WX3LVL,SET,24300
RAK-BLU-YEL-8'HX4'LX2'WX5LVL,SET,46500
RAK-BLU-YEL-8'HX5'LX2'WX5,SET,35000
RAK-BLU-YEL-8'HX5'LX2'WX5LVL,SET,53500
RAK-BLU-YEL-8'HX6'LX2'WX3LVL,SET,30000
RAK-BLU-YEL-8'HX6'LX2'WX4LVL,SET,50000
RAK-BLU-YEL-8'HX6'LX2'WX5LVL,SET,59000
RAK-BLU-YEL-8'HX6'LX2'WX5LVL-W,SET,40000
RAK-BLU-YEL-8'HX6'LX2'WX5LVL-WO,SET,40000
RAK-BLU-YEL-8'HX8'LX2'WX4LVL,UNIT,64900
RAK-FISH,SET,0
RAK-YEL-6'H,SET,29600
RAK-YEL-EXTR-LVL,LEVEL,5600
RAT-CAG,PCS,790
RAT-TRAP-BLA-2PCS-MT02,BOX,520
REC--SQL-1200V,PCS,2830
REF-DELINEATOR-50M,SET,7900
REM-CON-RC/A-MNB02,PCS,2600
REM-CON-RC/A-PK1122,PCS,4900
REM-CON-RC/L-RML1376,PCS,2090
REM-CON-RC/M-AUN787,PCS,1250
REM-CON-RC/M-URC17980,PCS,1590
REM-CON-RC/T-QDW648,PCS,1390
REM-CON-RGB-5050,PCS,2950
REM-FAN-CEI-SI11,PCS,3900
RENTAL,UNIT(S),0
RIC-COO-BTY-PL-50,PCS,69900
RIC-COO-MID-MRD180B1BDN,PCS,21500
RIC-COO-MID-MRM18010BDG,PCS,10900
RIC-COO-MRM10010BDG,PCS,9900
RIC-COO-PSN-BRC-6038,PCS,39500
RIC-COO-PSN-BRC-6050,PCS,55900
RIC-COO-PSN-SR-E10A-LL,PCS,15200
RIC-COO-PSN-SR-E10A-S,PCS,15900
RIC-COO-PSN-SR-E10A-SU,PCS,15200
RIC-COO-PSN-SR-E18A-SU,PCS,13200
RIC-COO-PSN-SR-E28A-LL,PCS,26800
RIC-COO-PSN-SR-E28A-MS,PCS,26800
RIC-COO-PSN-SR-E28A-SK,PCS,26800
RIC-COO-PSN-SR-JA227P-SV,PCS,22500
RIC-COO-PSN-SR-JP185WSK-SIL,PCS,22800
RIC-COO-PSN-SR-JP185WSK-WHI,PCS,22800
RIC-COO-PSN-SR-RX189SSK,PCS,44800
RIC-COO-PSN-SR-Y18GLSKN-S,PCS,16900
RIC-COO-PSN-SR-Y18GWSKN,PCS,17500
RIC-COO-PSN-SR-ZS185TSKM,PCS,38800
RIG-CLI-GAL-03MM,PCS,60
RIG-CLI-GAL-05MM,PCS,70
RIG-CLI-GAL-06MM,PCS,80
RIG-CLI-GAL-08MM,PCS,90
RIG-CLI-GAL-10MM,PCS,120
RIG-CLI-GAL-12MM,PCS,180
RIG-CLI-GAL-16MM,PCS,230
RIG-CLI-GAL-20MM,PCS,260
RIG-CLI-GAL-25MM,PCS,590
RIG-HOO-ALL-0.75TON,PCS,660
RIG-HOO-ALL-1.0TON,PCS,790
RIG-HOO-ALL-2TON,PCS,1290
RIG-HOO-ALL-3.0TON,PCS,1990
RIG-HOO-ALL-4.5TON,PCS,2250
RIG-HOO-GRA-09MM,PCS,1050
RIG-HOO-GRA-12MM,PCS,2290
RIG-HOO-SLI-09MM,PCS,1390
RIG-HOO-SLI-12MM,PCS,2200
RIG-NIP-12MM,PCS,220
RIG-NIP-19MM,PCS,290
RIG-NIP-25MM,PCS,310
RIG-NIP-38MM,PCS,450
RIG-SHA-BOW-G209-12MM,PCS,680
RIG-SHA-BOW-G209-16MM,PCS,950
RIG-SHA-BOW-G209-20MM,PCS,1620
RIG-SHA-GAL-06MM,PCS,130
RIG-SHA-GAL-10MM,PCS,200
RIG-SHA-GAL-12MM,PCS,280
RIG-SHA-GAL-16MM,PCS,550
RIG-SHA-GAL-20MM,PCS,890
RIG-SHA-GAL-25MM,PCS,1490
RIG-TUR-06MM,PCS,150
RIG-TUR-08MM,PCS,220
RIG-TUR-10MM,PCS,270
RIG-TUR-12MM,PCS,480
RIG-TUR-16MM,PCS,790
RIG-TUR-20MM,PCS,1450
RIKB-KEY-BOX-IRON-45050(108),PCS,11200
RIKB-KEY-BOX-IRON-45050(54),PCS,9080
RIV-HAND-HR008,PCS,4290
ROD-CUR,MTR,190
"ROO-AWN-BLU-0.33-4'+18""",PCS,2630
"ROO-AWN-BLU-0.36-2'+12""",PCS,1700
"ROO-AWN-BLU-0.36-4'+18""",PCS,2630
ROO-CANDY BROWN-0.35-10',PCS,6500
ROO-CANDY BROWN-0.35-15',PCS,9750
ROO-CANDY BROWN-0.35-17',PCS,11050
ROO-CAP-0.33MM-BLU,PCS,3550
ROO-CAP-0.33MM-BLU-10',PCS,3050
ROO-CAP-0.33MM-BLU-8',PCS,3550
ROO-CAP-0.33MM-GALV,PCS,3550
ROO-CAP-0.33MM-PB-8',PCS,2950
ROO-CAP-0.33MM-RED-8',PCS,2550
ROO-CAP-0.33MM-WHI,PCS,3200
ROO-CAP-0.33MM-YBLU-8',PCS,2550
ROO-CAP-0.33MM-YGRN-8,PCS,2850
ROO-CAP-0.33MM-ZIN-8,PCS,2850
ROO-CAP-0.36MM-M/BLU,PCS,2700
ROO-CAP-0.36MM-WHI,PCS,2700
ROO-CAP-0.36MM-YBLU-8',PCS,3750
ROO-CAP-0.41MM-ZIN-8',PCS,3500
ROO-CAP-BLU-8',PCS,2550
ROO-CAP-GREY-8',PCS,2550
ROO-FEL-1MX10M,MTR,990
ROO-FLA-DARK GREY,PCS,4401
ROO-FLA-RED,PCS,5000
ROO-FLU-BLU-8',SHT,2700
"ROO-GREY-11""-0.30MM",PCS,4460
ROO-GREY-11'-0.36MM,PCS,7560
"ROO-GREY-12""-0.30MM",PCS,4860
ROO-GREY-21'-0.36MM,PCS,14440
ROO-GREY-5'-0.33MM,PCS,2240
ROO-GREY-5'-0.36MM,PCS,2640
ROO-GREY-6-0.33MM,PCS,3230
ROO-GREY-9'-0.33MM,PCS,5630
ROO-GUT-HOL,PCS,400
ROO-GUT-WH-G100-5.8M,PCS,10900
ROO-GUT-WH-G100-MTR,PCS,6500
ROO-GUT-ZINC,PCS,4600
ROO-GVT-VAL-M/BLU-0.36-8',PCS,5300
ROO-SHE-0.30MM-8',PCS,4200
ROO-SHE-0.30MM-ALL-10',PCS,5000
ROO-SHE-0.30MM-ALL-12',PCS,5700
ROO-SHE-0.30MM-ALL-16',PCS,7600
ROO-SHE-0.30MM-ALL-9',PCS,4725
ROO-SHE-0.30MM-GAL-7,PCS,3675
ROO-SHE-0.30MM-MUARA-11',PCS,3060
ROO-SHE-0.30MM-MUARA-17',PCS,6890
ROO-SHE-0.31MM-FINA.B-6',PCS,3150
ROO-SHE-0.31MM-MUARA-10',PCS,5250
ROO-SHE-0.33MM-10',PCS,5500
ROO-SHE-0.33MM-10'BLU,PCS,4125
ROO-SHE-0.33MM-11'BLU,PCS,4620
ROO-SHE-0.33MM-12',PCS,11300
ROO-SHE-0.33MM-12'BLU,PCS,5040
ROO-SHE-0.33MM-12'-C/BLU,SHT,4950
ROO-SHE-0.33MM-14'BLU,PCS,6230
ROO-SHE-0.33MM-14'-C/BLU,SHT,6475
ROO-SHE-0.33MM-17'BLU,PCS,9350
ROO-SHE-0.33MM-19'BLU,PCS,7850
ROO-SHE-0.33MM-22'-PEA.BUT,PCS,11830
ROO-SHE-0.33MM-24'-PEA.BUT,PCS,13200
ROO-SHE-0.33MM-3'OREN,PCS,1240
ROO-SHE-0.33MM-5' PEA.BUT,PCS,2440
ROO-SHE-0.33MM-6'BLU,PCS,2475
ROO-SHE-0.33MM-7' PEA.BUT,PCS,3415
ROO-SHE-0.33MM-7'BLU,PCS,3850
ROO-SHE-0.33MM-8' PEA.BUT,PCS,4300
ROO-SHE-0.33MM-8'BLU,PCS,4400
ROO-SHE-0.33MM-ALL-06',PCS,2500
ROO-SHE-0.33MM-ALL-12',PCS,5100
ROO-SHE-0.33MM-ALL-16.6',PCS,7380
ROO-SHE-0.33MM-ALL-3.1/2',PCS,6900
ROO-SHE-0.33MM-ALL-9,PCS,4160
ROO-SHE-0.33MM-BLUE,PCS,5770
ROO-SHE-0.33MM-BLUE-6',PCS,2481
ROO-SHE-0.33MM-FINA.B-6',PCS,2650
ROO-SHE-0.33MM-GALV,PCS,4900
ROO-SHE-0.33MM-GREEN-15.8',SHT,6698
ROO-SHE-0.33MM-GREY,PCS,3650
ROO-SHE-0.33MM-GREY-10',SHT,4125
ROO-SHE-0.33MM-GREY-12',SHT,5400
ROO-SHE-0.33MM-GREY-14',SHT,5775
ROO-SHE-0.33MM-GREY-20',PCS,8900
ROO-SHE-0.33MM-GREY-6',SHT,2475
"ROO-SHE-0.33MM-GREY-6'6""",SHT,2300
ROO-SHE-0.33MM-GREY-8',SHT,3650
ROO-SHE-0.33MM-MUARA-10',PCS,4375
ROO-SHE-0.33MM-MUARA-11',PCS,4455
ROO-SHE-0.33MM-MUARA-14',PCS,9800
ROO-SHE-0.33MM-MUARA-2',PCS,890
ROO-SHE-0.33MM-MUARA-20',PCS,8900
ROO-SHE-0.33MM-OREN-12',SHT,7200
ROO-SHE-0.33MM-OREN-15',SHT,6014
ROO-SHE-0.33MM-OREN-16',PCS,7450
ROO-SHE-0.33MM-OREN-20',PCS,9250
ROO-SHE-0.33MM-OREN-8',PCS,3650
ROO-SHE-0.33MM-RED,PCS,3650
ROO-SHE-0.33MM-RED-10',PCS,6250
"ROO-SHE-0.33MM-RED-17'8""",SHT,7453
ROO-SHE-0.33MM-RED-6',PCS,2481
ROO-SHE-0.33MM-WHITE-20',PCS,12500
ROO-SHE-0.33MM-YODO GREY-7',PCS,3760
ROO-SHE-0.33-MUARA-04',SHT,2500
ROO-SHE-0.33MUARA-23',SHT,10240
ROO-SHE-0.33-MUARA-8',SHT,4900
ROO-SHE-0.36MM-16.5'-C/BLU,SHT,9695
ROO-SHE-0.36MM-18.5'-C/BLU,SHT,10870
ROO-SHE-0.36MM-8'BLU,PCS,4600
ROO-SHE-0.36MM-9'BLU,PCS,5175
ROO-SHE-0.36MM-ALL-14',PCS,8800
ROO-SHE-0.36MM-ALL-15',PCS,13800
"ROO-SHE-0.36MM-YODO-YEL-75""",PCS,4290
"ROO-SHE-0.36MM-YODO-YEL-78""",PCS,4470
"ROO-SHE-0.36MM-YODO-YEL-90""",PCS,5160
"ROO-SHE-0.41MM-ALLO-20'4""",SHT,14850
ROO-SHE-0.41MM-ALLO-6',SHT,4350
ROO-SHE-BLU-0.30-05',SHT,2030
ROO-SHE-BLU-0.30-06',SHT,3300
ROO-SHE-BLU-0.30-07',SHT,2840
ROO-SHE-BLU-0.30-10',PCS,4050
ROO-SHE-BLU-0.30-16',PCS,8300
ROO-SHE-BLU-0.33-04',SHT,1780
ROO-SHE-BLU-0.33-07',SHT,3190
ROO-SHE-BLU-0.33-11',PCS,4900
ROO-SHE-BLU-0.33-12',PCS,6990
ROO-SHE-BLU-0.33-16',PCS,6800
ROO-SHE-BLU-0.33-23',SHT,10240
ROO-SHE-BLU-0.36-07',SHT,3680
ROO-SHE-BLU-0.36-19',SHT,12920
ROO-SHE-BLU-0.36-22',SHT,14960
ROO-SHE-F/BLU-0.36-12',PCS,8550
ROO-SHE-F/BLU-0.36-16',PCS,11400
ROO-SHE-GRE-0.30-06',SHT,3310
ROO-SHE-GRE-0.36-035',SHT,1795
ROO-SHE-GRE-4'X24',SQFEET,849
ROO-SHE-M/BLU-0.30-12',PCS,7250
ROO-SHE-M/BLU-0.33-13',PCS,6450
"ROO-SHE-M/BLU-0.33-21'4""",UNIT(S),13375
"ROO-SHE-M/BLU-0.36-12'4""",PCS,6360
"ROO-SHE-M/BLU-0.36-12'7""",PCS,6510
ROO-SHE-M/BLU-0.36-13',PCS,6660
ROO-SHE-M/BLU-0.36-15',PCS,7690
"ROO-SHE-M/BLU-0.36-20'10""",PCS,10760
"ROO-SHE-M/BLU-0.36-21'7""",PCS,11120
"ROO-SHE-M/BLU-0.36-5'7""",PCS,2920
ROO-SHE-M/BLU-0.36-8',PCS,5500
"ROO-SHE-M/BLU-0.36-8'7""",PCS,4460
"ROO-SHE-M/BLU-0.36-9'2""",PCS,4720
ROO-SHE-ORA-0.30-11',PCS,4460
ROO-SHE-ORA-0.33-07',PCS,3120
ROO-SHE-ORA-0.33-08',PCS,3640
ROO-SHE-ORA-0.33-13FT,PCS,6990
ROO-SHE-ORA-0.35-07',PCS,4375
ROO-SHE-POL-1MMX8',PCS,11800
ROO-SHE-RED-0.30-03',SHT,1260
ROO-SHE-RED-0.30-05',SHT,2625
ROO-SHE-RED-0.30-07',SHT,2900
ROO-SHE-RED-0.33-05',SHT,2280
ROO-SHE-RED-0.33-06',SHT,3750
ROO-SHE-RED-0.33-07',PCS,4375
ROO-SHE-RED-0.33-08',PCS,5000
ROO-SHE-RED-0.33-09',SHT,3940
ROO-SHE-RED-0.33-11',SHT,4820
ROO-SHE-RED-0.33-12',SHT,7950
ROO-SHE-RED-0.33-13',SHT,6990
ROO-SHE-RED-0.36-13',SHT,6825
ROO-SHE-TG/LG-0.36-4',PCS,2800
ROO-SHE-TG/LG-0.36-6.5',PCS,4700
"ROO-SHE-WHI-0.33MM-10'9""",SHT,5640
ROO-SHE-WHI-0.33MM-15',SHT,7690
ROO-SHE-WHI-0.33MM-18',SHT,9225
"ROO-SHE-WHI-0.36-18'6""",SHT,9738
ROO-SHE-WHI-0.36MM-04',SHT,2050
ROO-SHE-WHI-0.36MM-04.6',SHT,2300
ROO-SHE-WHI-0.36MM-22',PCS,11550
"ROO-W/FLAS 8'X12""",PCS,2700
"ROO-W/FLAS 8'X12""-F/G",PCS,4900
ROO-W/FLAS 8X12(D.MAROON),PCS,2150
ROO-ZIC-SHE-CORRU-8'X1MM,PCS,5900
ROO-ZIC-SHE-TRA-8'X1MM,PCS,9900
"ROO-ZINC-26G-11' 8""",PCS,9180
"ROO-ZINC-26G-12' 9""",PCS,9945
"ROO-ZINC-26G-15' 3""",PCS,11700
"ROO-ZINC-26G-17' 9""",PCS,13770
"ROO-ZINC-26G-20' 3""",PCS,16065
"ROO-ZINC-26G-22' 9""",PCS,17600
"ROO-ZINC-26G-26'8""",PCS,20655
"ROO-ZINC-26G-4' 5""",PCS,3825
"ROO-ZINC-26G-6' 8""",PCS,5355
"ROO-ZINC-26G-9' 2""",PCS,7650
ROO-ZIN-SHE-06'X35G,PCS,1590
ROO-ZIN-SHE-07'X35G,PCS,2450
ROO-ZIN-SHE-08'X35G,PCS,2090
ROO-ZIN-SHE-10'X35G,PCS,2690
ROO-ZIN-SHE-12'X35G,PCS,4150
ROP-MANILA-6MM,MTR,120
ROP-MANILA-9MM,MTR,200
ROP-NYL-1.5MM,COIL,880
ROP-NYL-1MM,COIL,760
ROP-NYL-2.5MM,COIL,1190
ROP-NYL-2MM,COIL,960
ROP-NYL-3MM,COIL,1270
ROP-PE-04MM,MTR,40
ROP-PE-06MM,MTR,50
ROP-PE-08MM,MTR,100
ROP-PE-10MM,MTR,120
ROP-PE-12MM,MTR,170
ROP-PP-04MM,MTR,50
ROP-PP-06MM,MTR,70
ROP-PP-08MM,MTR,120
ROP-PP-10MM,MTR,140
ROP-PP-12MM,MTR,190
ROP-STRAPS-ELASTIC-THAI-N05,PCS,250
ROP-WIR-GAL-2.0MM,MTR,50
ROP-WIR-GAL-3.0MM,MTR,80
ROP-WIR-GAL-4.0MM,MTR,110
ROP-WIR-GAL-6.0MM,MTR,280
ROU-IRO-BAR-R10,PCS,2850
ROU-IRO-BAR-R10-12MM,PCS,3500
ROU-IRO-BAR-R12MM,PCS,4200
ROU-IRO-BAR-R5.5,PCS,1300
ROU-IRO-BAR-R6,PCS,1600
ROU-IRO-BAR-R8,PCS,2790
RUB-ACC-DUC,PCS,15000
RUB-BAN-38MM,PCK,300
"RUB-DIS-4""",PCS,425
RUB-SPL-TAP-3M,PCS,3190
RUB-TAE10-M371,UNIT,86000
RUB-TAE10-M552,UNIT,46900
RUB-TAE11-004A,UNIT,14800
RUB-TAE11-005T,UNIT,21800
RUB-TAE11-019/2,UNIT,199900
RUB-TAE11-L191,UNIT,286000
RUB-TAE11-M310,UNIT,275000
RUB-TAE11-M330,UNIT,399000
RUB-TAE11-M362XR,UNIT,218000
RUB-TAE11-P201,UNIT,485000
RUB-TAE11-P202,UNIT,464000
RUB-TAE11-S280X,UNIT,339000
RUB-TAE11-S286,UNIT,179000
RUB-TAE11-T181,UNIT,313000
RUB-TLC03-FGT3,UNIT,3900
RUB-TLC03-FGT4,UNIT,3900
RUB-TRT02-AT100C,UNIT,29000
RUB-TRT02-BO100C,UNIT,14000
RUB-TRT02-BO402,UNIT,26800
RUB-TRT02-COASTAL015,UNIT,9900
RUB-TRT02-COASTAL085,UNIT,11800
RUB-TRT02-COASTAL100/FS,UNIT,13500
RUB-TRT02-COASTAL110/UC,UNIT,15500
RUB-TRT02-COASTAL402,UNIT,20800
RUB-TRT02-COASTAL502,UNIT,25900
RUB-TRT02-FONTE-100/FS,UNIT,14900
RUB-TRT02-SA100,UNIT,38800
RUB-TRT02-SA302,UNIT,39900
RUB-TRT02-SA402,UNIT,48000
RV-LOCAL,PCS,0
RYOTA-POL-R5010,UNIT,17500
S/D-SEAT-COV-A890,UNIT,16500
S-13/6MM,BXS,0
S1-8550-DD,UNIT,4950
"SAD-MET-1""",PCS,70
"SAD-MET-2""",PCS,75
"SAD-MET-3/4""",PCS,47
SAF-BEL-IND,SET,1980
SAF-BEL-IND-886,PCS,6880
SAF-BEL-IND-SH6,PCS,4390
SAF-BOX-ADS-20,UNIT,15500
SAF-BOX-ASM-250-E1,UNIT,29800
SAF-BOX-YLS200,UNIT,92800
SAF-BOX-YSS250,UNIT,58800
SAF-BOX-YSS380,UNIT,99800
SAF-BOX-YSS520,UNIT,118800
SAF-COA-CLI-GREEN-08995,PCS,1490
SAF-COA-CLI-ORANGE-09114,PCS,1450
SAF-COA-GRE,PCS,990
SAF-COA-NET-RED,PCS,570
SAF-COA-NET-YEL,PCS,620
SAF-COA-ORE,PCS,990
SAF-CON-FLEX-ORANGE,PCS,4750
SAF-CON-PIC-ORANGE,PCS,4490
SAF-EAR-EM9003,PCS,2590
SAF-EAR-PLU-3M-1100,PAIR,140
SAF-EAR-PLU-3M-1110,PAIR,200
SAF-EAR-PLU-9017,PCS,200
SAF-FLO-WET-92201,ST,2050
SAF-FULL-BOD-SUP,SET,11950
SAF-HEL-3611,PCS,11200
SAF-HEL-3614,PCS,6500
SAF-HEL-PIC-9910-YEL,PCS,1690
SAF-HEL-POR-HAR,PCS,890
SAF-HEL-PRO-BLUE,PCS,1690
SAF-HEL-PRO-GRE,PCS,1650
SAF-HEL-PRO-ORA,PCS,1360
SAF-HEL-PRO-RED,PCS,1690
SAF-HEL-PRO-WHI,PCS,1690
SAF-HEL-PRO-YEL,PCS,1690
SAF-HEL-SUN-BRIM,PCS,2480
SAF-HEL-YEL,PCS,1050
SAF-LAS-CAR-2515FT,PCS,2250
SAF-LAS-CAR-GLO-50MM,SET,4100
SAF-LAS-CAR-GLO-50MM*,SET,4800
SAF-LIG-PCBL966,PCS,2250
SAF-MAS-305,PCS,1130
SAF-MAS-3MR6200+3MR6003,SET,12500
SAF-MAS-3PLY-BOX-LH,BOX,2990
SAF-MAS-3PLY-PCK-LH,PKT,480
SAF-MAS-DOU-NP306,PCS,1590
SAF-MAS-DUST-RC201,PCS,330
SAF-MAS-DUST-RC202,PCS,330
SAF-MAS-DUST-RC203,PCS,330
SAF-MAS-MAU-BOX,PCS,190
SAF-MAS-NUR-10PCS/PCK,PCK,790
SAF-SHO-AVV-39#,PAIR,14500
SAF-SHO-AVV-40#,PAIR,14500
SAF-SHO-AVV-41#,PAIR,14500
SAF-SHO-AVV-42#,PAIR,14500
SAF-SHO-AVV-43#,PAIR,14500
SAF-SHO-AVV-44#,PAIR,14500
SAF-SHO-AVV-46#,PAIR,14500
SAF-SHO-AVV-47#,PAIR,14500
SAF-SHO-KING'S-46/11#,PAIR,14800
SAF-SHO-KNI-40#,PAIR,12200
SAF-SHO-KNI-41#,PAIR,12200
SAF-SHO-KNI-42#,PAIR,12200
SAF-SHO-KNI-43#,PAIR,12200
SAF-SHO-KNI-44#,PAIR,12200
SAF-SHO-LAU-39#,PAIR,11500
SAF-SHO-LAU-40#,PAIR,11500
SAF-SHO-LAU-41#,PAIR,11500
SAF-SHO-LAU-42#,PAIR,11500
SAF-SHO-LAU-43#,PAIR,11500
SAF-SHO-LAU-44#,PAIR,11500
SAF-SHO-LAU-47#,PAIR,11500
SAF-SHO-NEU-NK83,PAIR,18500
SAF-SHO-NEU-NK83-07,PAIR,18500
SAF-SHO-NK80-06,PAIR,15500
SAF-SHO-NK80-07,PAIR,15500
SAF-SHO-NK80-08,PAIR,15500
SAF-SHO-NK80-09,PAIR,15500
SAF-SHO-NK80-10,PAIR,15500
SAF-SHO-NK80-11,PAIR,15500
SAF-SHO-NK85-10,PAIR,22800
SAF-SHO-NK85-12,PAIR,22800
SAF-SHO-NK85-6,PAIR,22800
SAF-SHO-NK85-7,PAIR,22800
SAF-SHO-NK85-8,PAIR,22800
SAF-SHO-NK85-9,PAIR,22800
SAF-SHO-NK86-06,PAIR,20500
SAF-SHO-NK86-07,PAIR,20500
SAF-SHO-NK86-08,PAIR,20500
SAF-SHO-NK86-09,PAIR,20500
SAF-SHO-NK86-10,PAIR,20500
SAF-SHO-PAS-39#,PAIR,12500
SAF-SHO-PAS-40#,PAIR,12500
SAF-SHO-PAS-41#,PAIR,12500
SAF-SHO-PAS-42#,PAIR,12500
SAF-SHO-PAS-43#,PAIR,12500
SAF-SHO-PAS-44#,PAIR,12500
SAF-SHO-PCSL911-10/44#,PAIR,11200
SAF-SHO-PCSL911-6/39#,PAIR,11200
SAF-SHO-PCSL911-7/41#,PAIR,11200
SAF-SHO-PCSL911-8/42#,PAIR,11200
SAF-SHO-PCSL911-9/43#,PAIR,11200
SAF-SHO-SAL-39#,PAIR,8300
SAF-SHO-SAL-40#,PAIR,12900
SAF-SHO-SAL-41#,PAIR,12900
SAF-SHO-SAL-42#,PAIR,12900
SAF-SHO-SAL-43#,PAIR,12900
SAF-SHO-SAL-44#,PAIR,12900
SAF-SHO-SANO-40#,PAIR,13800
SAF-SHO-SANO-41#,PAIR,13800
SAF-SHO-SANO-42#,PAIR,13800
SAF-SHO-SANO-43#,PAIR,13800
SAF-SHO-SANO-44#,PAIR,13800
SAF-SHO-SAV-40/6#,PAIR,7600
SAF-SHO-SAV-41/7#,PAIR,7600
SAF-SHO-SAV-42/8#,PAIR,7600
SAF-SHO-SAV-43/9#,PAIR,7600
SAF-SHO-SAV-44/10#,PAIR,7600
SAF-SHO-SOB-06#,PAIR,5290
SAF-SHO-SOB-07#,PAIR,5290
SAF-SHO-SOB-08#,PAIR,5290
SAF-SHO-SOB-09#,PAIR,5290
SAF-SHO-SOB-10#,PAIR,5290
SAF-SHO-SPO-39#,PAIR,11900
SAF-SHO-SPO-40#,PAIR,11900
SAF-SHO-SPO-41#,PAIR,11900
SAF-SHO-SPO-42#,PAIR,11900
SAF-SHO-SPO-43#,PAIR,11900
SAF-SHO-SPO-44#,PAIR,11900
SAF-SHO-SPO-GRE-37#,PAIR,11900
SAF-SHO-SPO-GRE-39#,PAIR,11900
SAF-SHO-SPO-GRE-40#,PAIR,11900
SAF-SHO-SPO-GRE-41#,PAIR,11900
SAF-SHO-SPO-GRE-42#,PAIR,11900
SAF-SHO-SPO-GRE-43#,PAIR,11900
SAF-SHO-SPO-GRE-44#,PAIR,11900
SAF-SHO-SUP-39#,PAIR,8900
SAF-SHO-SUP-40#,PAIR,8900
SAF-SHO-SUP-41#,PAIR,8900
SAF-SHO-SUP-42#,PAIR,8900
SAF-SHO-SUP-43#,PAIR,8900
SAF-SHO-SUP-44#,PAIR,8900
SAF-SLI-GLO-1TON1M,LGTH,790
SAF-SLI-GLO-1TON2M,LGTH,1030
SAF-SLI-GLO-1TON4M,LGTH,1550
SAF-SLI-GLO-2TON2M,LGTH,1690
SAF-SLI-GLO-2TON3M,LGTH,2090
SAF-SLI-GLO-2TON4M,LGTH,2690
SAF-SLI-GLO-2TON5M,LGTH,3240
SAF-SLI-GLO-2TON6M,LGTH,3900
SAF-SLI-GLO-2TON8M,LGTH,4990
SAF-SLI-GLO-3TON3M,LGTH,3200
SAF-SLI-GLO-3TON4M,LGTH,4090
SAF-SLI-GLO-3TON5M,LGTH,4590
SAF-SLI-GLO-3TON6M,LGTH,5100
SAF-SLI-GLO-3TON8M,LGTH,6700
SAF-SLI-GLO-4TON6M,LGTH,6900
SAF-SLI-GLO-5TON6M,LGTH,8800
SAF-SPE-3M-CLE,PCS,1690
SAF-SPE-3M-GREY,PCS,1690
SAF-SPE-GOG-PVC,PCS,290
SAF-SPE-GT460,PAIR,760
SAF-SPE-GT470,PAIR,760
SAF-SPE-MK-SSE-919-BLK,PCS,1390
SAF-SPE-PIC-ET97-CLEAR,PCS,500
SAF-SPE-PIC-ST21-CLE,PCS,660
SAF-SPE-PIC-ST21-SMO,PCS,660
SAF-SPE-PIC-ST46-YEW-DAR,PCS,660
SAF-SPE-SOB-ET46-CLEAR,PCS,500
SAF-SPE-SOB-ET98-DARK,PCS,500
SAF-STEEL-9812,PCS,2300
SAF-TRI-PVC,PCS,2090
SAL-1930W,PAD,0
SAL-TAX,LOT,0
SAND-0.5TON,LOT,13000
SAND-10TON,LOT,36500
SAND-10YARDS,LOT,18000
SAND-1TON,LOT,11000
SAND-1TON-CLEAR,LOT,15000
SAND-2TON,LOT,17000
SAND-3TON,TON,19000
SAND-5TON,LOT,19500
SAND-5TON-UN,LOT,7000
SAND-8TON,LOT,31000
SAND-BATA-MIX,LOT,38000
"SANDEX-PAD-6""-M14",PCS,2090
"SANDEX-POL-WOO-4""",PCS,2290
"SANDEX-POL-WOO-5""",PCS,2850
"SANDEX-POL-WOO-7""",PCS,3790
"SANDEX-VEL-PAD-M10-4""",PCS,590
"SANDEX-VEL-PAD-M10-5""",PCS,1390
SANDEX-VEL-PAD-M14,PCS,1590
"SANDEX-VEL-SAN-4""-040#",PCK,590
"SANDEX-VEL-SAN-4""-060#",PCK,590
"SANDEX-VEL-SAN-4""-080#",PCK,590
"SANDEX-VEL-SAN-4""-100#",PCK,590
"SANDEX-VEL-SAN-4""-120#",PCK,590
"SANDEX-VEL-SAN-4""-150#",PCK,590
"SANDEX-VEL-SAN-4""-180#",PCK,590
"SANDEX-VEL-SAN-4""-240#",PCK,590
"SANDEX-VEL-SAN-4""-320#",PCK,590
"SANDEX-VEL-SAN-4""-400#",PCK,590
"SANDEX-VEL-SPO-4""",PCS,1090
"SANDEX-VEL-SPO-5""",PCS,1190
"SANDEX-VEL-SPO-7""",PCS,1690
SAN-PAP-RL180,SHT,300
SAN-PAP-RL360,PCS,250
SAN-PAP-RL600,PCS,250
SAN-PAP-RL80,PCS,300
"SAN-SCO-KN411-4""-GRE",PCK,390
"SAN-SCO-KN411-4""-RED",PCK,390
SAN-SWPW-SS-W121A,PCS,3600
SAN-SWPW-SS-W121B,PCS,3500
SAN-SWPW-SS-W80U,PCS,4900
SAN-SWPW-SS-W81A,PCS,2900
SAN-SWPW-SS-W81B,PCS,2800
SAS-HOR-BH-12,BOX,1604
S-B728,PCS,0
SC-46121,PCS,0
SCA-CAM-3100074,PCS,10800
SCA-CAM-3100075,PCS,4990
SCA-CAM-3100076,PCS,7150
SCA-CAM-3100097,PCS,5490
SCA-CAM-DIG-3100072,PCS,3950
SCA-CAM-EI02HS-3KG,PCS,12100
SCA-CAM-EK8850,PCS,4950
SCA-CAM-ELE-EL10-31P,PCS,4590
SCA-CAM-KCA-2KG,PCS,3490
SCA-CAM-KCQ-3KG,PCS,4150
SCA-CAM-NTA-3100013,PCS,9850
SCA-CAM-SP100KG-3100010,PCS,27900
SCA-CAM-SP30KG-3100009,PCS,19500
SCA-CAM-SP50KG-3100003,PCS,21900
SCA-CAM-SQ10KG,PCS,7500
SCA-CAM-SQ15KG,PCS,7900
SCA-CAM-SQ20KG,PCS,8200
SCA-DOU-20KGS,UINT,15000
SCA-ELE-40KGS,PCS,3690
SCA-KIT-3KG,PCS,2290
SCA-KIT-5KG,PCS,2290
SCA-NAK-ACS30-JC31D-30KG,PCS,28900
SCA-NAK-DOU-3100089,PCS,14500
SCA-NAK-DOU-3100093,PCS,15900
SCA-NAK-DOU-3100147,PCS,12900
SCA-PVC-HAN-05KG,PCS,890
SCA-PVC-HAN-10KG,PCS,1080
SCA-SAI-DOU-10KG,PCS,13500
SCA-SAI-DOU-20KG,PCS,15300
SCA-TCS-150-JCS67Z-150KG,PCS,51800
SCA-TCS-60-JCS67Z-60KG,PCS,35900
SCI-S/STEEL-135,PCS,7500
"SCI-S/STEEL-701-5.5""",PCS,860
SCI-S/STEEL--DL6013,PCS,3500
SCI-S/STEEL-DL9106,PCS,5800
SCI-S/STEEL-HC-001,PCS,6900
SCI-S/STEEL-K61,PCS,8900
SCI-S/STEEL-TS265,PCS,1790
SCO-BRI-PAD-7447-3M,EA,390
SCP-FIL-500G,CAN,490
SCP-FIL-POW-1.8KG,BOX,650
SCP-FIL-POW-464GM,BOX,250
SCP-FIL-WOO-NAT-1.5KG,CAN,1850
SCP-FIL-WOO-NAT-500G,CAN,850
SCP-FIL-WOO-TEAK-1.5KG,CAN,1850
SCP-FIL-WOO-TEAK-500G,CAN,850
SCP-PLA-EXT-25KG,PAIL,11500
SCP-PLA-EXT-5KG,CAN,3590
SCP-REM-SKI-CLO-500ML,BOT,990
SCP-TOI-CONCR-CLE-1LTR,BTL,1190
SCP-TOI-CONCR-CLE-500ML,BTL,850
SD-L/203Y/24W/CIE/DL-6500K,SET,2690
SEA-GAS-B,FTS,30
"SEA-GAS-RUB-1/4""",KGS,600
"SEA-GAS-RUB-1/8""",KGS,680
SEAL-BEAM-7010,PCS,2500
SEAL-BEAM-KOITO,PCS,2500
SELF-HOO-SIN-GS304SH,PCS,490
SELLEYS-SIL-S601-BLACK,PCS,1140
SELLEYS-SIL-S601-WHITE,PCS,1140
SELLEY-WOO-PUT-NATURAL-500GM,PCS,1060
SELLEY-WOO-PUT-TEAK-500GM,PCS,1060
SEN-VAC-BRA-DCB32,PCS,7690
SEN-VAC-BRA-DCB35,PCS,8490
SEN-VAC-BRA-DHS16,PCS,3990
SEN-VAC-BRA-DHS19,PCS,4880
SEN-VAC-BRA-DHS20,PCS,5350
SEN-VAC-BRA-DHS22,PCS,5390
SEN-VAC-BRA-DHS25,PCS,6290
SER-CHA,LOT,0
SES-BOX-FUS,PCS,100
SES-IND-LIG,PCS,100
SES-SIN-MET,UNIT,5900
SG-POWERFUL,UNIT(S),0
"SHA-FLE-33""",PCS,900
SHE-CAB-CB450A,UNIT,16100
SHE-CAB-CB451A,UNIT,16100
SHE-CAB-CB460A,UNIT,17400
SHE-CAB-CB461A,UNIT,17400
SHE-CAB-CB474-BLK,PCS,9800
SHE-CAB-CB474-GM,PCS,9800
SHE-CAB-CB476-BLK,PCS,9800
SHE-CAB-CB476-GM,PCS,9800
SHE-CAB-CB501A,UNIT,7800
SHE-CAB-CB504A,UNIT,8900
SHE-CAB-CB505,UNIT,9000
SHE-CAB-CB609,UNIT,9900
SHE-CAB-CB781-BL,PCS,16800
SHE-CAB-CB782-BL,PCS,17900
SHE-CAB-CB782-GM,PCS,18800
SHE-CAB-CB789,UNIT,22800
SHE-CAB-CB798,UNIT,9500
SHE-CAB-CB799,UNIT,9200
SHE-DY603-304,PCS,7300
"SHE-LEA-1""X3""",KGS,2690
SHE-SOR-SRT2500,UNIT,10500
SHE-SOR-SRT7907-RG,PCS,14900
SHE-WOO-43088(2FT),PCS,2790
SHE-WOO-43088(3FT),PCS,3450
SHE-WOO-43088(4FT),PCS,3790
SHH-BAS-WIR-WB12G,PCS,2650
SHH-BELL-DOUBLE,PCS,200
SHH-BELL-DOUBLE-PLA,PCS,170
SHH-BELL-SINGLE,PCS,170
SHH-BELL-SINGL-PSC115,PCS,140
SHH-BLA-NET-NO.2,PCS,1870
SHH-BLA-NET-NO.3,PCS,1870
SHH-BLA-NET-NO.4,PCS,1870
SHH-BLA-NET-NO.5,PCS,1870
SHH-BLA-NET-NO.6,PCS,1870
SHH-BLA-NET-NO.7,PCS,1870
SHH-BLA-NET-NO.8,PCS,1870
SHH-BLA-NET-NO.9,PCS,1870
SHH-BLK-HOSE-9MMX2MM-S-9MTR/PC,FTS,1390
SHH-BLK-HOSE-9MMX2MM-S-9MTR/PCKT,FTS,1390
"SHH-BLK-HOS-SQUARE-13""",PCS,2290
SHH-BLK-NYL-210/12-BK,PCS,740
SHH-BLK-NYL-210/15-BK,PCS,750
SHH-BLK-NYL-210/18-BK,PCS,760
SHH-BLK-NYL-210/21-BK,PCS,770
SHH-BLK-NYL-210/9-BK,PCS,730
SHH-BOX-ETB120,PCS,490
SHH-BOX-ETB240,PCS,790
SHH-BOX-OTB330,PCS,530
SHH-BOX-OTB360,PCS,920
SHH-BOX-SBB130,PCS,370
SHH-BOX-SBB260,PCS,420
SHH-BOX-STB321,PCS,790
SHH-BOX-TB10A,PCS,230
"SHH-CAGE-2RING-10""",PCS,1290
SHH-CAGE-2RING-10X12-PENET,PCS,1290
"SHH-CAGE-2RING-12""",PCS,1890
"SHH-CAGE-2RING-12""-2",PCS,1450
"SHH-CAGE-2RING-6""",PCS,970
"SHH-CAGE-2RING-8""",PCS,1130
SHH-CAGE-3F3CG15,PCS,1990
SHH-CAGE-3F3CG18,PCS,2150
"SHH-CAGE-3RING-12""",PCS,2150
"SHH-CAGE-3RING-13""",PCS,1850
"SHH-CAGE-3RING-15""",PCS,2050
"SHH-CAGE-3RING-8""X10""X12""",PCS,1490
"SHH-CRA-NET-7""",PCS,3690
SHH-FIG-BRA-LIN-100LB,PCS,1890
SHH-FIG-BRA-LIN-10LB,PCS,1890
SHH-FIG-BRA-LIN-120LB,PCS,1890
SHH-FIG-BRA-LIN-15LB,PCS,1890
SHH-FIG-BRA-LIN-30LB,PCS,1890
SHH-FIG-BRA-LIN-4X-100LB,PCS,1750
SHH-FIG-BRA-LIN-4X-10LB,PCS,1750
SHH-FIG-BRA-LIN-4X-120LB,PCS,1750
SHH-FIG-BRA-LIN-4X-15LB,PCS,1750
SHH-FIG-BRA-LIN-4X-20LB,PCS,1750
SHH-FIG-BRA-LIN-4X-25LB,PCS,1750
SHH-FIG-BRA-LIN-4X-30LB,PCS,1750
SHH-FIG-BRA-LIN-4X-40LB,PCS,1750
SHH-FIG-BRA-LIN-4X-50LB,PCS,1750
SHH-FIG-BRA-LIN-4X-60LB,PCS,1750
SHH-FIG-BRA-LIN-4X-80LB,PCS,1750
SHH-FIG-BRA-LIN-50LB,PCS,1890
SHH-FISH-11645-SET,SET,3980
SHH-FISH-LURE-RK3030F,PCS,390
SHH-FISH-NET-0.15D-20MM-50MD/5,PCS,2950
SHH-FISH-NET-0.15D-20MM-50MD/5A,PCS,2950
SHH-FISH-NET-0.15D-25MM-50MD/5,PCS,2650
SHH-FISH-NET-0.15D-25MM-50MD/5A,PCS,2650
SHH-FISH-NET-0.15D-30MM-30MD/6,PCS,3690
SHH-FISH-NET-0.15D-30MM-30MD/6A,PCS,3690
SHH-FISH-NET-0.15D-35MM-30MD/6,PCS,1680
SHH-FISH-NET-0.15D-35MM-30MD/6A,PCS,1680
SHH-FISH-NET-0.15D-40MM-30MD/6,PCS,3450
SHH-FISH-NET-0.15D-40MM-30MD/6A,PCS,3450
SHH-FISH-NET-0.15D-45MM-30MD/6,PCS,1630
SHH-FISH-NET-0.15D-45MM-30MD/6A,PCS,1630
SHH-FISH-NET-0.15D-55MM-30MD/6,PCS,1680
SHH-FISH-NET-0.15D-55MM-30MD/6A,PCS,1680
SHH-FISH-NET-0.15D-60MM-30MD/6,PCS,3450
SHH-FISH-NET-0.15D-60MM-30MD/6A,PCS,3450
SHH-FISH-NET-0.15D-70MM-30MD/6,PCS,3450
SHH-FISH-NET-0.15D-70MM-30MD/6A,PCS,3450
SHH-FLOAT-FF100,PKT,200
SHH-FLOAT-FF125,PKT,200
SHH-FLOAT-FF150,PKT,320
SHH-FLOAT-FF50,PKT,160
SHH-FLOAT-FF75,PKT,180
SHH-FLOAT-YF15G,PKT,340
SHH-FOA-FLO-FF0225,PCS,500
SHH-FOA-FLO-FF0230,PKT,500
SHH-FOA-FLO-FF0235,PKT,500
SHH-FOA-FLO-FF0240,PKT,500
SHH-FROG-3591010,PCS,1490
SHH-FROG-3591011,PCS,1490
SHH-FROG-3591012,PCS,1490
SHH-FROG-359113,PCS,1280
SHH-FROG-359114,PCS,1250
SHH-FROG-6965,PCS,490
SHH-FROG-FG108737-37MM,PCS,1020
SHH-FROG-FLB-MIX,PCS,750
SHH-FROG-HLK30,PCS,510
SHH-FROG-LURE-H21,PCS,920
SHH-FROG-MF43,PKT,970
SHH-FROG-PF3163-43MM,PCS,1290
SHH-FROG-SET-359110,PCS,1250
SHH-FROG-SET-Y24A,PCS,640
SHH-FROG-SET-Y30A,PCS,550
SHH-FROG-SOFT17,PCS,1250
SHH-FROG-STFM-55MM,PCS,570
SHH-FRP8-37MM,PCS,1180
SHH-FRP9-31MM,PCS,1180
SHH-HIN-LUR-101-125MM,PCS,1780
SHH-HOO-1920SS4,PKT,720
SHH-HOO-1920SS4/0,PCK,830
SHH-HOO-2066-1/0,PKT,720
SHH-HOO-2066-2,PKT,390
SHH-HOO-2066-2/0,PKT,390
SHH-HOO-2066-3/0,PKT,390
SHH-HOO-2066-4/0,PKT,390
SHH-HOO-2066-5/0,PKT,390
SHH-HOO-2066-6/0,PKT,390
SHH-HOO-2066-7/0,PKT,390
SHH-HOO-2066-8/0,PKT,390
SHH-HOO-21P6,PCS,650
SHH-HOO-4206-NO.1,PKT,750
SHH-HOO-4206-NO.2,PKT,750
SHH-HOO-4206-NO.3,PKT,750
SHH-HOO-4206-NO.4,PKT,700
SHH-HOO-4206-NO.5,PKT,650
SHH-HOO-4206-NO.6,PKT,650
SHH-HOOK-10829BL-NO.08,PKT,390
SHH-HOOK-10829BL-NO.10,PKT,390
SHH-HOOK-10829BL-NO.12,PKT,390
SHH-HOOK-10829BL-NO.14,PKT,390
SHH-HOOK-10829BL-NO.16,PKT,390
SHH-HOOK-10829BL-NO.18,PKT,390
SHH-HOOK-10829BL-NO.20,PKT,390
SHH-HOOK-10829BL-NO.22,PKT,390
SHH-HOOK-10829BL-NO.24,PKT,390
SHH-HOOK-12146BN-1,PKT,320
SHH-HOOK-12146BN-1/0,PKT,320
SHH-HOOK-12146BN-10,PKT,320
SHH-HOOK-12146BN-2,PKT,320
SHH-HOOK-12146BN-3/0,PKT,320
SHH-HOOK-12146BN-4,PKT,320
SHH-HOOK-12146BN-6,PKT,320
SHH-HOOK-12146BN-8,PKT,320
SHH-HOOK-1920SS1,PKT,720
SHH-HOOK-1920SS3/0,PKT,830
SHH-HOOK-1920SS6/0,PCK,1150
SHH-HOOK-1920SS7/0,PKT,1150
SHH-HOOK-1920SS8/0,PKT,1150
SHH-HOOK-21P7,PCS,650
SHH-HOOK-21P8,PCS,650
SHH-HOOK-3902-10,PKT,630
SHH-HOOK-3902-7,PKT,630
SHH-HOOK-3902-8,PKT,630
SHH-HOOK-3902-9,PKT,630
SHH-HOOK-406-NO.1,PKT,520
SHH-HOOK-406-NO.2,PKT,520
SHH-HOOK-406-NO.3,PKT,520
SHH-HOOK-406-NO.4,PKT,520
SHH-HOOK-406-NO.5,PKT,520
SHH-HOOK-406-NO.6,PKT,520
SHH-HOOK-4310N-NO.1,PKT,350
SHH-HOOK-4310N-NO.1/0,PKT,350
SHH-HOOK-4310N-NO.10,PKT,350
SHH-HOOK-4310N-NO.12,PKT,350
SHH-HOOK-4310N-NO.14,PKT,350
SHH-HOOK-4310N-NO.2,PKT,350
SHH-HOOK-4310N-NO.2/0,PKT,350
SHH-HOOK-4310N-NO.3/0,PKT,350
SHH-HOOK-4310N-NO.4,PKT,350
SHH-HOOK-4310N-NO.6,PKT,350
SHH-HOOK-4310N-NO.8,PKT,350
SHH-HOOK-4341-NO.10,PKT,320
SHH-HOOK-4341-NO.12,PKT,320
SHH-HOOK-4341-NO.14,PKT,320
SHH-HOOK-4341-NO.6,PKT,320
SHH-HOOK-4341-NO.8,PKT,320
SHH-HOOK-45708-NO.10,PKT,490
SHH-HOOK-45708-NO.11,PKT,490
SHH-HOOK-45708-NO.6,PKT,490
SHH-HOOK-45708-NO.7,PKT,490
SHH-HOOK-45708-NO.8,PKT,490
SHH-HOOK-45708-NO.9,PKT,490
SHH-HOOK-9255N.NO.10,PKT,340
SHH-HOOK-9255N-NO.1,PKT,340
SHH-HOOK-9255N-NO.1/0,PKT,340
SHH-HOOK-9255N-NO.12,PKT,340
SHH-HOOK-9255N-NO.2,PKT,340
SHH-HOOK-9255N-NO.2/0,PKT,340
SHH-HOOK-9255N-NO.3/0,PKT,340
SHH-HOOK-9255N-NO.4,PKT,340
SHH-HOOK-9255N-NO.8,PKT,340
SHH-HOOK-9255SS-1,PKT,770
SHH-HOOK-9255SS-1/0,PKT,1090
SHH-HOOK-9255SS-2,PKT,770
SHH-HOOK-9255SS-2/0,PKT,1090
SHH-HOOK-9255SS-3/0,PKT,1090
SHH-HOOK-9255SS-4,PKT,770
SHH-HOOK-9255SS-4/0,PKT,1090
SHH-HOOK-9255SS-5/0,PKT,1090
SHH-HOOK-9255SS-6,PKT,770
SHH-HOOK-9290BN10,PKT,450
SHH-HOOK-9290BN12,PKT,450
SHH-HOOK-9290BN14,PKT,450
SHH-HOOK-9290BN16,PKT,450
SHH-HOOK-9290BN6,PKT,450
SHH-HOOK-9290BN7,PKT,450
SHH-HOOK-9290BN8,PKT,450
SHH-HOOK-BHLW11-11,PKT,2190
SHH-HOOK-EWDX40006,PKT,950
SHH-HOOK-EWDX40010,PKT,750
SHH-HOOK-EWDX40011,PKT,750
SHH-HOOK-EWDX4007,PKT,950
SHH-HOOK-EWDX4008,PKT,950
SHH-HOOK-EWDX4009,PKT,950
"SHH-HOOK-HOLDER-8.5""",PCS,1130
SHH-HOOK-HOLDER-SHH100,PCS,1290
SHH-HOOK-HOLDER-YHH20,PCS,1190
SHH-HOOK-SC4061,PKT,620
SHH-HOOK-SC4062,PKT,620
SHH-HOOK-SC4063,PKT,620
SHH-HOOK-SC4064,PKT,620
SHH-HOOK-SC4065,PKT,620
SHH-HOOK-SC4066,PKT,620
SHH-HOO-MS4310-NO.1/0,PCK,830
SHH-HYT-PAN-FLO-PFP0,PKT,490
SHH-HYT-PAN-FLO-PFP1,PKT,350
SHH-HYT-PAN-FLO-PFP2,PKT,490
SHH-HYT-PAN-FLO-PFP3,PKT,490
SHH-HYT-PAN-FLO-PFP4,PKT,490
SHH-LASTIK,PCS,790
SHH-LASTIK-KAYU,PCS,690
SHH-LEAD-CHAIN-0.25 3/4 7',PCS,26900
"SHH-LEAD-CHAIN-0.25 3/4"" 5'",PCS,0
"SHH-LEAD-CHAIN-0.25 3/4"" 6'",SET,22500
"SHH-LEAD-CHAIN-0.25 3/4"" 7'",SET,24500
"SHH-LEAD-CHAIN-0.25 3/4"" 8'",SET,27900
SHH-LIG-NYL-210/12,PCS,740
SHH-LIG-NYL-210/15,PCS,750
SHH-LIG-NYL-210/18,PCS,760
SHH-LIG-NYL-210/21,PCS,770
SHH-LIG-NYL-210/9,PCS,730
SHH-LINE-L/G-40LB,PCS,890
SHH-LINE-L/G-60LB,PCS,890
SHH-LINE-L/G-MFM1612C,PCS,890
SHH-LINE-L/G-MFM1615C,PCS,890
SHH-LINE-L/G-MFM1620C,PCS,890
SHH-LINE-L/G-MFM1625C,PCS,890
SHH-LINE-L/G-MFM1630C,PCS,890
SHH-LINE-L/G-MFM1635C,PCS,890
SHH-LINE-L/G-MFM1645C,PCS,890
SHH-LINE-L/G-MFM166C,PCS,890
SHH-LINE-L/G-MFM168C,PCS,890
SHH-LINE-L/G-OHML10,PCS,1190
SHH-LINE-L/G-OHML12,PCS,1190
SHH-LINE-L/G-OHML15,PCS,1190
SHH-LINE-L/G-OHML20,PCS,1190
SHH-LINE-L/G-OHML25,PCS,1190
SHH-LINE-L/G-OHML30,PCS,1190
SHH-LINE-L/G-OHML40,PCS,1190
SHH-LINE-L/G-OHML50,PCS,1190
SHH-LINE-L/G-OHML6,PCS,1190
SHH-LINE-L/G-OHML8,PCS,1190
SHH-LINE-L/G-OOML20,PCS,1150
SHH-LINE-L/G-OOML50,PCS,1150
SHH-LINE-L/G-OOML60,PCS,1150
SHH-LINE-L/G-OOML8,PCS,1150
SHH-LINE-L/G-OSML10,PCS,1190
SHH-LINE-L/G-OSML12,PCS,1190
SHH-LINE-L/G-OSML15,PCS,1190
SHH-LINE-L/G-OSML20,PCS,1180
SHH-LINE-L/G-OSML25,PCS,1190
SHH-LINE-L/G-OSML30,PCS,1190
SHH-LINE-L/G-OSML40,PCS,1190
SHH-LINE-L/G-OSML50,PCS,1190
SHH-LINE-L/G-OSMLB6,PCS,1190
SHH-LINE-L/G-OSMLB8,PCS,1190
SHH-LINE-WHI-NO.06,PCS,390
SHH-LINE-WHI-NO.08,PCS,370
SHH-LINE-WHI-NO.10,PCS,370
SHH-LINE-WHI-NO.100,PCS,360
SHH-LINE-WHI-NO.12,PCS,370
SHH-LINE-WHI-NO.120,PKT,480
SHH-LINE-WHI-NO.15,PCS,340
SHH-LINE-WHI-NO.150,PKT,540
SHH-LINE-WHI-NO.20,PCS,340
SHH-LINE-WHI-NO.200,PKT,750
SHH-LINE-WHI-NO.25,PCS,340
SHH-LINE-WHI-NO.250,PKT,930
SHH-LINE-WHI-NO.30,PCS,340
SHH-LINE-WHI-NO.300,PKT,1150
SHH-LINE-WHI-NO.40,PCS,350
SHH-LINE-WHI-NO.50,PCS,350
SHH-LINE-WHI-NO.60,PCS,360
SHH-LINE-WHI-NO.70,PCS,360
SHH-LINE-WHI-NO.80,PCS,360
"SHH-LIN-I-FIXH-12""",PKT,780
"SHH-LIN-I-FIXH-6""",PKT,690
"SHH-LIN-I-FIXH-9""",PKT,730
SHH-LSTFIS-BIG,PCS,940
SHH-LURE-3313-5CM,PCS,880
SHH-LURE-3313-7CM,PCS,880
SHH-LURE-3313-8CM,PCS,880
SHH-LURE-382810,PCS,890
SHH-LURE-H2125-2.5CM,PCS,850
SHH-LURE-H2130-3.0CM,PCS,850
SHH-LURE-S359603,PCS,950
SHH-LURE-S359604,PCS,770
SHH-LURE-SPM210XMW,PCS,1850
SHH-LURE-SSL8016,PCS,1590
SHH-MASK-YD18-JAPAN,PCS,2990
SHH-MASK-YD18-TAIWAN,PCS,1690
SHH-MINNOW-3591330,PCS,340
SHH-MOUS-H14,PCS,760
SHH-NET-0.15D-20MM,PCS,2350
SHH-NET-0.15D-20MM-50MD,PCS,3690
SHH-NET-0.15D-20MM-80MD,PCS,6150
SHH-NET-0.15D-25MM,PCS,1750
SHH-NET-0.15D-25MM-50MD,PCS,2790
SHH-NET-0.15D-30MM,PCS,2420
SHH-NET-0.15D-30MM-50MD,PCS,2980
SHH-NET-0.15D-35MM,PCS,2350
SHH-NET-0.15D-40MM,PCS,1890
SHH-NET-0.15D-40MM-25MD,PCS,1680
SHH-NET-0.15D-40MM-50MD,PCS,2750
SHH-NET-0.15D-45MM,PCS,1890
SHH-NET-0.15D-50MM,PCS,1890
SHH-NET-0.15D-50MM-25MD,PCS,1690
SHH-NET-0.15D-55MM,PCS,1890
SHH-NET-0.15D-60MM,PCS,2330
SHH-NET-0.15D-65MM,PCS,1700
SHH-NET-0.15D-75MM-25MD,PCS,1480
SHH-NET-0.15D-80MD,PCS,5250
"SHH-NET-0.20D-1""",PCS,7290
"SHH-NET-0.25D-2""",PCS,5990
"SHH-NET-0.25D-2-1/2""",PCS,5490
"SHH-NET-0.30D-3""",PCS,6150
"SHH-NET-0.30D-3""-8/100",PCS,7200
SHH-NET-39085,PKT,250
SHH-NET-39086,PKT,250
SHH-NET-39087,PKT,250
SHH-NET-39088,PKT,250
SHH-NYL-NET-10,PCS,3190
SHH-NYL-NET-12,PCS,3350
SHH-NYL-NET-6,PCS,2490
SHH-NYL-NET-6-SHR,PCS,2850
SHH-NYL-NET-8,PCS,2850
SHH-NYL-NET-8-SHR,PCS,3190
SHH-NYL-NET-UK2545,PKT,830
"SHH-NYLON-BAG-1/2""24""(22"")",PCS,650
"SHH-NYLON-BAG-1/2""30""(28"")",PCS,880
"SHH-NYLON-BAG-1/2""36""(34"")",PCS,1120
"SHH-PE.BAG-20""",PCS,630
"SHH-PE.BAG-24""",PCS,690
"SHH-PE.BAG-30""",PCS,850
"SHH-PE.BAG-36""",PCS,1090
SHH-PE-TWINE-380121GG,PCS,240
SHH-PE-TWINE-380151GG,PCS,240
SHH-PE-TWINE-380241GG,PCS,250
SHH-PE-TWINE-380271GG,PCS,260
SHH-PE-TWINE-380361GG,PCS,270
SHH-PE-TWINE-380421GG,PCS,280
SHH-PE-TWINE-38091GG,PCS,230
SHH-PF3162,PCS,1330
SHH-PLA-NET-NEEDLE-NO.01-GRE,PCS,490
SHH-PLA-NET-NEEDLE-NO.0-GRE,PCS,390
SHH-PLA-NET-NEEDLE-NO.1,PCS,160
SHH-PLA-NET-NEEDLE-NO.1/0,PCS,320
SHH-PLA-NET-NEEDLE-NO.1-GRE,PCS,290
SHH-PLA-NET-NEEDLE-NO.2,PCS,140
SHH-PLA-NET-NEEDLE-NO.2-GRE,PCS,260
SHH-PLA-NET-NEEDLE-NO.3,PCS,120
SHH-PLA-NET-NEEDLE-NO.3-GRE,PCS,210
SHH-PLA-NET-NEEDLE-NO.4,PCS,120
SHH-PLA-NET-NEEDLE-NO.4-GRE,PCS,190
SHH-PLA-NET-NEEDLE-NO.5,PCS,110
SHH-PLA-NET-NEEDLE-NO.5-GRE,PCS,180
SHH-PLA-NET-NEEDLE-NO.6,PCS,100
SHH-PLA-NET-NEEDLE-NO.6-GRE,PCS,190
SHH-REEL-1188S120,PCS,2390
SHH-REEL-1188S135,PCS,2590
SHH-REEL-1188S150,PCS,2750
SHH-REEL-1188S165,PCS,2920
SHH-REEL-4400,PCS,6800
SHH-REEL-AR30210,PCS,5900
SHH-REEL-CH2000,PCS,3950
SHH-REEL-DH200,PCS,7800
SHH-REEL-DM2000,PCS,6090
SHH-REEL-FS1000,PCS,2690
SHH-REEL-FS3000,PCS,3090
SHH-REEL-FS4000,PCS,3380
SHH-REEL-GM3000,PCS,4290
SHH-REEL-GM4000,PCS,4590
SHH-REEL-GM5000,PCS,4950
SHH-REEL-HA2000,PCS,6100
SHH-REEL-HJ2000,PCS,3950
SHH-REEL-HK3000,PCS,6450
SHH-REEL-HS5000,PCS,9300
SHH-REEL-LINE-3000,PCS,4980
SHH-REEL-LINE-5000,PCS,5600
SHH-REEL-LINE-SS800,PCS,2150
SHH-REEL-M800-MIC-FIS,PCS,2490
SHH-REEL-MH3000,PCS,3950
SHH-REEL-MH3000A,PCS,5150
SHH-REEL-MH4000,PCS,4290
SHH-REEL-MH4000A,PCS,5500
SHH-REEL-NL200,PCS,1890
SHH-REEL-QH3000,PCS,5200
SHH-REEL-RC5000,PCS,5950
SHH-REEL-RC6000,PCS,6290
SHH-REEL-SBK200,PCS,14800
SHH-REEL-SBR200,PCS,14900
SHH-REEL-SP200,PCS,13950
SHH-REEL-SUB4000,PCS,5800
SHH-REEL-SUG120,PCS,1990
SHH-REEL-SUG135,PCS,2150
SHH-REEL-SW4000,PCS,8850
SHH-REEL-SY800B,PCS,3490
SHH-REEL-TB5000,PCS,5350
SHH-REEL-TKEB3802S,PCS,3590
SHH-REEL-TKEB4002S,PCS,3880
SHH-REEL-VT100,PCS,8900
SHH-REEL-YD900,PCS,2080
SHH-REEL-YK5000,PCS,4790
SHH-REEL-YK6000,PCS,7980
SHH-REEL-YY1000,PCS,5290
SHH-REEL-YY2000,PCS,5450
SHH-REEL-YY3000,PCS,5790
SHH-RING-1WAY-50LB,PKT,390
SHH-RING-2WAY-40LB,PKT,480
SHH-RING-3WAY-50LB,PKT,550
SHH-RING-70276,PKT,420
SHH-RING-70496,PKT,520
SHH-ROD-2511300,PCS,2650
SHH-ROD-2511400,PCS,3580
SHH-ROD-2511500,PCS,4950
SHH-ROD-2685135,SET,2550
SHH-ROD-2685150,PCS,2890
SHH-ROD-2685165,PCS,3090
SHH-ROD-2686120,PCS,2190
SHH-ROD-2686135,PCS,2490
SHH-ROD-2692-362,PCS,2150
SHH-ROD-2692-462,PCS,2250
SHH-ROD-2696-462,PCS,2680
SHH-ROD-777S150,PCS,3090
SHH-ROD-777S165,PCS,2650
SHH-ROD-AGS502,PCS,4150
SHH-ROD-AGS562,PCS,4490
SHH-ROD-AGS662,PCS,4990
SHH-ROD-AGS702,PCS,6490
SHH-ROD-AJS502,PCS,3990
SHH-ROD-AJS662,PCS,5850
SHH-ROD-AJS702,PCS,6490
SHH-ROD-AR20180,PCS,15900
SHH-ROD-AWJT505,PCS,2490
SHH-ROD-AWJT566,PCS,2650
SHH-ROD-BB200,PCS,1990
SHH-ROD-BTF150,PCS,2790
SHH-ROD-BTF165,PCS,2990
SHH-ROD-BTF180,PCS,3290
SHH-ROD-CRF200XH,PCS,8300
SHH-ROD-DX3332180,PCS,16900
SHH-ROD-EJ150,PCS,3920
SHH-ROD-EJ180,PCS,5490
SHH-ROD-ET562,PCS,5690
SHH-ROD-ET602,PCS,5950
SHH-ROD-HPR402,PCS,2750
SHH-ROD-HSS502,PCS,3990
SHH-ROD-HSS562,PCS,4350
SHH-ROD-HSS602,PCS,5090
SHH-ROD-HSS662,PCS,5980
SHH-ROD-HSS702,PCS,6490
SHH-ROD-IFL200,PCS,1450
SHH-ROD-IFL300,PCS,2150
SHH-ROD-JMS250ML,PCS,2980
SHH-ROD-JMS256ML,PCS,3290
SHH-ROD-KQO180,PCS,9600
SHH-ROD-MGP2002,PCS,1890
SHH-ROD-MGP3003,PCS,1550
SHH-ROD-S2692402,PCS,2190
SHH-ROD-S2696402,PCS,2550
SHH-ROD-S2904150,PCS,3490
SHH-ROD-S2904180,PCS,4590
SHH-ROD-SEA180G,PCS,3880
SHH-ROD-SMC402ULS,PCS,2500
SHH-ROD-TKEB3812S,PCS,3650
SHH-ROD-TKEB4612S,PCS,4180
SHH-ROD-TKEB5012S,PCS,4480
SHH-ROD-TKEB5612S,PCS,4830
SHH-ROD-TKKT25032S,PCS,4580
SHH-ROD-TKKT25632S,PCS,4650
SHH-ROD-TKKT26632S,PCS,5850
SHH-ROD-TKKT27032S,PCS,6650
SHH-ROD-TKKT28032S,PCS,8290
SHH-ROD-TKKT6032S,PCS,5490
SHH-ROD-TKKT9042S,PCS,8150
SHH-ROD-WSPR150,PCS,2680
"SHH-ROU-LAN-NET-12""",PCS,1830
"SHH-ROU-LAN-NET-12X1/2""",PCS,1950
"SHH-ROU-LAN-NET-13""",PCS,2250
"SHH-ROU-LAN-NET-14""",PCS,2100
"SHH-ROU-LAN-NET-14X1/2""",PCS,2250
"SHH-ROU-LAN-NET-15""",PCS,2690
"SHH-ROU-LAN-NET-16X1/2""",PCS,2790
"SHH-ROU-LAN-NET-17""",PCS,2980
"SHH-ROU-LAN-NET-18X1/2""",PCS,3050
"SHH-ROU-LAN-NET-19""",PCS,3390
"SHH-ROU-LAN-NET-19X1/2""",PCS,3250
"SHH-ROU-LAN-NET-20X1/2""",PCS,3390
SHH-SAN-STI-LIG-6517160,PKT,370
SHH-SEA-FOA-FLO-SSF01,PKT,690
SHH-SEA-FOA-FLO-SSF02,PKT,740
SHH-SEA-FOA-FLO-SSF03,PKT,790
SHH-SEA-FOA-FLO-SSF04,PKT,840
SHH-SEA-FOA-FLO-SSF05,PKT,870
SHH-SEA-FOA-FLO-SSF06,PKT,880
SHH-SINKER-HOLE-NO.1,PCK,280
SHH-SINKER-HOLE-NO.2,PCK,490
SHH-SINKER-HOLE-NO.3,PCK,330
SHH-SINKER-HOLE-NO.4,PCK,290
SHH-SINKER-HOLE-NO.5,PCK,350
SHH-SINKER-HOLE-NO.6,PCK,190
SHH-SINKER-NO.1,PCK,300
SHH-SINKER-NO.1/2,PCK,240
SHH-SINKER-NO.1/4,PCK,850
SHH-SINKER-NO.2,PCK,390
SHH-SINKER-NO.3,PCK,520
SHH-SINKER-NO.4,PCK,590
SHH-SINKER-NO.5,PCS,360
SHH-SINKER-NO.6,PCS,450
SHH-SINKER-NO.8,PCS,690
SHH-SINKER-ROUND-NO.3,PCK,160
SHH-SINKER-ROUND-NO.4,PCK,130
SHH-SINKER-ROUND-NO.5,PCK,210
SHH-SINKER-ROUND-NO.6,PCK,140
SHH-SPE-FIS-FS503,PCS,1050
SHH-SPE-FIS-FS504,PCS,1090
SHH-SPE-FIS-FS505,PCS,1190
SHH-SPE-FIS-FS603,PCS,1090
SHH-SPE-FIS-FS604,PCS,1160
SHH-SPE-FIS-FS605,PCS,1250
SHH-SPE-FIS-FS81063,PCS,1030
SHH-SPE-FIS-FS81064,PCS,1090
SHH-SPE-FIS-FS81065,PCS,1160
SHH-SPOOL-103,PCS,160
SHH-SPOOL-104,PCS,180
SHH-SPOOL-105,PCS,220
SHH-SPOOL-106,PCS,270
SHH-SPOOL-107,PCS,420
SHH-SPOOL-108,PCS,570
SHH-SPOOL-109,PCS,890
SHH-SPOON-2106,PCS,1160
SHH-SPOON-2159,PCS,1150
SHH-STR-RUB-LRS,PCS,200
SHH-SWIVEL-901B-10/0,PKT,960
SHH-SWIVEL-901B-8/0,PKT,960
SHH-SWIVEL-NO.1,PKT,490
SHH-SWIVEL-NO.10,PKT,270
SHH-SWIVEL-NO.12,PKT,260
SHH-SWIVEL-NO.2,PKT,530
SHH-SWIVEL-NO.4,PKT,370
SHH-SWIVEL-NO.6,PKT,340
SHH-SWIVEL-NO.8,PKT,300
SHH-SWIVEL-SNAP-NO.1,PKT,580
SHH-SWIVEL-SNAP-NO.1/0,PKT,490
SHH-SWIVEL-SNAP-NO.10,PKT,370
SHH-SWIVEL-SNAP-NO.12,PKT,370
SHH-SWIVEL-SNAP-NO.2,PKT,530
SHH-SWIVEL-SNAP-NO.2/0,PKT,490
SHH-SWIVEL-SNAP-NO.4,PKT,480
SHH-SWIVEL-SNAP-NO.6,PKT,410
SHH-SWIVEL-SNAP-NO.8,PKT,390
SHH-YEL-HOSE-10MMX2MM,FTS,490
SHH-YEL-HOSE-11MMX2.4MM-S-9MTR,FTS,1690
SHH-YEL-HOSE-9MMX2MM-S-9MTR/PC,FTS,390
SHH-YEL-HOSE-9MMX2MM-S-9MTR/PCKT,FTS,390
SHI-T-SPTA001,PCS,0
SHO-ARM-BLI-B9304A,PCS,2890
SHO-BID-CAV-2073C,SET,2450
SHO-BID-DOU-BUCKLE-V6652,PCS,3850
SHO-BID-HAN-V6660,PCS,5150
SHO-BID-NOZZ-SN66,PCS,2590
SHO-BLACKRINO-05387,PCS,3190
SHO-CAB-CHS3140CP,UNIT,9500
SHO-CAB-CSA300AA,UNIT,5700
SHO-CAB-CSA400AA,UNIT,5900
SHO-CAB-CSA401,UNIT,14200
SHO-CAB-CSA404,PCS,3790
SHO-CAB-CSH1069,UNIT,45400
SHO-CAB-CSH1071,UNIT,69900
SHO-CAB-CSH1072,UNIT,34100
"SHO-CAB-CSH2062-10""",UNIT,20800
SHO-CAB-CSH28211,UNIT,11700
SHO-CAB-CSH7012,UNIT,11000
SHO-CAB-CSS6902,UNIT,34300
SHO-CAB-CSS7803,UNIT,75000
SHO-CAB-CSS7804,UNIT,85000
SHO-CAB-CSS8140CP,UNIT,17500
SHO-CAB-CSS8801,PCS,34900
SHO-CAB-CSS8803-BL,PCS,41900
SHO-CLN-ARSS827,PCS,29900
SHO-CLN-TBS304301,SET,39900
SHO-CLN-TBS304323,SET,53900
SHO-HAN-HDLE-7013,PC,1460
SHO-HAN-HDLE-8040,PC,1450
SHO-HAN-HEA-HS128,SET,1690
SHO-HAN-SET-05369,SET,2150
SHO-HAN-SET-05375,SET,2490
SHO-HAN-SET-07133,SET,2690
SHO-HAN-SET-397#,SET,890
SHO-HAN-SET-EUR-T6102WB,SET,1220
SHO-HAN-SET-HSS134,SET,2790
SHO-HAN-SET-SY0310,SET,940
SHO-HAN-SWP-HS-502,SET,7600
SHO-HAN-SWP-HS-513,SET,10500
SHO-HEA-05369(H),SET,1550
SHO-HEA-05375(H),SET,1750
"SHO-HEA-JHHD#8""-CHR",PCS,6900
"SHO-HEA-LHHD#8""-MB",PCS,6900
SHO-HEA-LUX-LT8367,PCS,2490
"SHO-HEA-R3033A-ARM4""",SET,2390
"SHO-HEA-R3033A-ARM6""",SET,3850
SHO-HIN-180,PCS,15500
SHO-JOP-SJPS02W,SET,2390
SHO-PVC-2201+2211,SET,980
SHO-PVC-ARM100,SET,650
SHO-PVC-HEA-100MM,PC(S),311
SHO-PVC-ROSE-408#,SET,1450
SHO-PVC-WHI100,PCS,330
SHO-ROU-ARM-6AR06,SET,2390
SHO-SAN-SSP-6005502SS,PCS,24800
SHO-SAN-SSP-6005503SS,PCS,32800
SHO-SAN-SWP-BSP-5504B,PCS,76800
SHO-SAN-SWP-BSP-5505B,PCS,84800
SHO-SAN-SWP-BSP-9003G,PCS,112800
SHO-SAN-SWP-BSP-9003RG,PCS,112900
SHO-SAN-SWP-HS-503,PCS,8500
SHO-SAN-SWP-HS-504,PCS,8900
SHO-SAN-SWP-HS-511,SET,7900
SHO-SAN-SWP-HS-514,PCS,11900
SHO-SAN-SWP-SA-150,PCS,2400
SHO-SAN-SWP-SA-150B,PCS,3800
SHO-SAN-SWP-SA-400B,PCS,8400
SHO-SAN-SWP-SH-601,SET,8900
SHO-SAN-SWP-SH-801,PCS,8800
SHO-SAN-SWP-SH-804,PCS,8500
SHO-SET-CAV-CA406,SET,2190
SHO-SOR-SRTSA830,PCS,8900
SHO-SOR-SRTSA850-RG,PCS,9900
SHO-SOR-SRTSA860-GM,PCS,13900
SHO-SOR-SRTSH22612,PCS,9200
SHO-SOR-SRTSH22614-BL,PCS,11900
SHO-SOR-SRTSH22914-GM,PCS,12900
SHO-SOR-SRTSH2623-BL,PCS,9900
SHO-SOR-SRTSH2623-GRY,PCS,9800
SHO-SOR-SRTSH2628-GMB,PCS,17900
SHO-SOR-SRTSS3013,PCS,11900
SHO-SOR-SRTSS3150,PCS,9500
SHO-SOR-SRTSS5660,PCS,13900
SHO-SOR-SRTSS5724-RG,PCS,18900
SHO-SOR-SRTSS5726,PCS,9900
SHO-SOR-SRTSS5726-BL,PCS,10800
SHO-SOR-SRTSS5727-GM,PCS,14800
SHO-SOR-SRTSS8720,PCS,24500
SHO-SOR-SRTSS8730,PCS,19900
SHO-SOR-SRTSS8740,PCS,20800
SHO-SOR-SRTSS8770-BL,PCS,26900
SHO-SOR-SRTWT2634,PCS,94900
SHO-SOR-SRTWT2634-RG,PCS,109800
SHO-SOR-SRTWT7602SS,PCS,62900
SHO-SOR-SRTWT9600HP,PCS,46900
SHO-SOR-SRTWT9605RG,PCS,58800
SHO-SOR-SRTWT9614,PCS,59800
SHO-SOR-SRTWT9615,PCS,49800
SHO-SQU-ARM-4AS04,SET,1720
SHO-SQU-ARM-6AS06,SET,2650
SHO-SRT-SRTSS5660-GM,PCS,14500
SHO-TAP-SET-S302213,SET,5490
SHO-TAP-SET-S3601,SET,8500
SHO-TUB-FY32-8,PCS,3000
SICK-HAN-PLA-DM222,PCS,2000
SIKA-SEAL107,SET,13900
SIN-BAS-DL51-1/4,PCS,3980
SIN-BAS-KAN-MS806,PCS,4950
SIN-BAS-VIP-NO.46,PCS,3150
SIN-BAS-VIP-NO.48,PCS,2990
SIN-BAS-VIP-NO.49,PCS,3190
SIN-BAS-VIP-NO.50,PCS,3090
SIN-BAS-VIP-NO.51,PCS,3290
SIN-CAB-CKS315,PCS,49900
SIN-CAB-CKS317,PCS,46900
SIN-CAB-CKS319,PCS,37800
SIN-CAB-CKS6407,PCS,76800
SIN-CAB-CKS7306,PCS,47900
SIN-CAB-CKS7606-GY,PCS,58900
SIN-CAB-CKS806,PCS,18800
SIN-CAB-CKS819,PCS,21900
SIN-CAB-KS8051-BL-NL,PCS,85900
SIN-CAV-BAS-A116,PCS,4990
SIN-CAV-CA1200,PCS,32900
SIN-CAV-CA1842C,PCS,7900
SIN-CAV-CA215,PCS,52900
SIN-CAV-CA300V,PCS,37900
SIN-CAV-CA819,PCS,18500
SIN-CAV-CA820N,PCS,13500
SIN-CAV-CA842A,PCS,12900
SIN-CAV-CA850,PCS,19900
SIN-CKS7406,PCS,58800
SIN-CLE-DRA-07024(5HD),PCS,2250
SIN-CLE-DRA-07024(7),PCS,1890
SIN-CLE-DRA-3M-07024(3),PCS,920
SIN-CLE-DRA-5M,PCS,1350
SIN-CLE-DRA-H/D-3.2M,PCS,1880
SIN-CLE-DRA-H/D-5M,PCS,2250
"SIN-FLE-PVC-OUT-1.1/2""",PCS,570
"SIN-FLE-PVC-OUT-1.1/4""",PCS,490
SIN-IVA-E9211A,SET,68800
SIN-KAS-MS060B,PCS,45900
SIN-KAS-MS062,PCS,49900
SIN-KAS-MS309,PCS,49800
SINK-CAB-CKS7548-BL,PCS,128800
SINK-PROTECTOR-A90,PCS,200
SINK-TAP-DE115A-RP,NOS,13900
SINK-TAP-DE116A-RP,PCS,11900
SINK-TAP-K2B-LT8516H,PCS,4790
SINK-TAP-K2B-LT8517H,PCS,4690
SINK-TAP-LT-8571,PCS,4490
SINK-TAP-LT-8572,PCS,5290
SINK-TAP-LT-8592,PCS,4880
SINK-TAP-TWN-LUX-LM8865,PCS,9500
SIN-M-KS-DB-11948,SET,49800
SIN-MUD-8048,SET,19800
SIN-NOZ-R007,PCS,1090
SIN-S/S-CLN-SXST1050H,UNIT,65900
SIN-S/S-CLN-SXST6348P,UNIT,59900
SIN-S/S-CLN-SXST8650R,UNIT,59900
SIN-S/S-S1-4843,PCS,20500
SIN-S/S-S1-6645,PCS,34900
SIN-SKS-230-8545L-S600-SIL,PCS,94900
SIN-SKS-230-8545-S600,PCS,114900
SIN-SKS-230-8545-S600-SIL,PCS,85900
SIN-SKS-4440,PCS,10900
SIN-SKS-7645,PCS,84900
SIN-SOR-SRTKS2406,PCS,56900
SIN-SOR-SRTKS2408,PCS,114900
SIN-SOR-SRTKS2426-BL,PCS,79900
SIN-SOR-SRTKS2427-BL,PCS,129900
SIN-SOR-SRTKS2429-BL,PCS,89900
SIN-SOR-SRTKS2431,PCS,149900
SIN-SOR-SRTKS6091,PCS,89900
SIN-SRTKS2409,PCS,69800
SIN-STA-RAC-110037,SET,23900
"SIN-STA-RAC-42""",SET,16900
"SIN-STA-RAC-42""-PLA",SET,8900
SIN-STA-RAC-MET,SET,10900
SIN-STA-RAC-SSS,PCS,20900
SIN-SWP-10549,PCS,83900
SIN-TAP-PIL-QXY-DP-PT-7558,PCS,12500
SIN-TAP-PIL-QXY-PT-7250,PCS,8900
SIN-TAP-TWINS-LUX-K2B8510H,PCS,16390
SIN-TAP-TWINS-LUX-LT8510H,PCS,16390
SIN-TAP-TWINS-LUX-LT8550,PCS,12200
SIN-TAP-TWINS-LUX-LT8550B,PCS,11900
SIN-TRA-PVC-32MM,PCS,710
SIN-TRA-PVC-38MM,PCS,750
SIN-WAS-00219R,PCS,620
SIN-WAS-00219S,PCS,770
SIN-WAS-PVC-32MM,PCS,310
SIN-WAS-PVC-38MM,PCS,300
SIN-WAS-PVC-BIG-A100,PCS,590
SIN-WAS-SS-DL5W4,PCS,2090
SIN-WAS-SSS-A110,PCS,1190
SIN-WAS-SSS-HX110,PCS,1390
SIN-YH234C,PCS,49000
S-KH10-BOX,BXS,0
SKI-JNT-COM-SUR-25KG,TIN,5900
SKI-JNT-COM-SUR-5KG,TIN,2050
SLO-NG,PCS,0
SLO-NG-4',PCS,1100
SLO-NG-7',PCS,1925
SM-1016#HOSE,PCS,24900
SM-138#HOSE,PCS,25500
SMALL-FUSES,PCS,20
SMA-PAI-18L-9102,DRUM,9500
SM-MX010122,PCS,0
SMR-TCT-HOL-SAW-16MM,PCS,1490
SMR-TCT-HOL-SAW-19MM,PCS,1790
SMR-TCT-HOL-SAW-20MM,PCS,1890
SMR-TCT-HOL-SAW-22MM,PCS,2050
SMR-TCT-HOL-SAW-25MM,PCS,2290
SMR-TCT-HOL-SAW-26MM,PCS,2390
SMR-TCT-HOL-SAW-28MM,PCS,2650
SMR-TCT-HOL-SAW-30MM,PCS,2790
SMR-TCT-HOL-SAW-32MM,PCS,3290
"SNIP-A-ANT-TYP12""",PCS,2580
"SNIP-CUT-A-ANT-TYP12""",PCS,2850
"SNIP-CUT-G-ANT-TYP10""",PCS,2350
"SNIP-G-ANT-TYP10""",PCS,2290
SOA-CAB-CB5603A,UNIT,13000
SOA-CAB-CPA1008C,UNIT,9300
SOA-CAB-CPA1088S,UNIT,10800
SOA-CAB-CPA2008C,UNIT,13000
SOC-16A-3PIN,PCS,1600
SOC-16A-5PIN-R,PCS,1698
SOC-2WAY-6MM,PCS,20
SOC-6MM-3WAY,PCS,20
SOC-BOX-13A,PCS,180
SOC-BOX-28-13A,PCS,100
SOC-BOX-2G13A,PCS,70
"SOC-BOX-3""X6""",PCS,350
SOC-BOX-4G,PCS,189
SOC-CON-16A-4PIN,PCS,1226
SOC-CON-16A-RM,PCS,1226
SOC-CUT-HEA-63A,PCS,660
SOC-EMPTY-GRE-200,PCS,1090
SOC-EMPTY-PP100-1G,PCS,450
SOC-EMPTY-PP132-2G,PCS,1190
SOC-EMPTY-TAI-2G-2000,PCS,1390
SOC-EMPTY-TAI-5G-LO6200,PCS,2390
SOC-END-6MM,PCS,30
SOC-END-BOX-6MM,PCS,20
"SOC-GI-2WAY-BOX-3/4""",PCS,60
"SOC-GI-4WAY-BOX-3/4""",PCS,70
"SOC-GI-ELB-3/4""",PCS,40
"SOC-GI-ENDBOX-3/4""",PCS,20
"SOC-GI-TEE-3/4""",PCS,40
SOC-MUL-C45N-10A415V,PCS,1950
SOC-MUL-C45N-20A415V,PCS,2500
SOC-PCS-L-25MM,PCS,20
SOC-PG11-GEW,PCS,450
SOC-PG9-GEW,PCS,300
SOC-PLU,PCS,57
"SOC-PVC-4WAY-3/4""",PC(S),28
SOC-PVC-BOX-6MM,PCS,20
"SOC-PVC-TEE-1""",PCS,40
"SOC-PVC-TEE-1""-BLUE",PCS,40
SOC-SWI-102MCS,PCS,8962
SOC-SWI-162MCS,PCS,10377
SOC-TH-C-0406,PCS,1550
SOI-10TON,LOT,23000
SOI-40KG,BAG,730
SOI-5TON,LOT,25000
SOU-PLA-500'S/PKT,PKT,850
SPA-PAR-BOS,PCS,6500
SPA-PAR-BOS-016,PC,16800
SPA-ZIN-GREY-11',PCS,5100
SPA-ZIN-GREY-14FTS,PCS,5780
SPO-BIG-SIL-PAD,PCS,120
SPO-BRU-UNI400,PCS,300
SPO-CAR-WASH-UNI2190,PCS,580
SPO-CAR-WASH-UNI2193,PCS,480
SPO-CAR-WAS-UNI2192,PCS,570
SPO-LUN-CHI-CCP1,PKT,240
SPO-SCO-QB-3M-5PCS,PCS,520
SPO-SCOTCH-BRITE-3M,PCK,720
SPO-SCR-SCH,PCS,380
"SPO-WAS-2""",PCS,160
"SPO-WAS-5""X8""X1.5""",PCS,250
SPRA-BOSNY-B136-400CC,CAN,3290
SPR-ADH-77-3M,BTL,7500
SPR-BID-06093,SET,2530
SPR-BID-ABS-L300,SET,2490
SPR-BID-ABS-L302,SET,2880
SPR-BID-B2021,PCS,6790
SPR-BID-B7011,PCS,5790
SPR-BID-HB3230,PCS,1590
SPR-BID-HEA-2078H,PCS,1420
SPR-BID-HEA-H666,PCS,1690
SPR-BID-HEA-L3143,PCS,1150
SPR-BID-HEA-LUX-LT2020,SET,5250
SPR-BID-HEA-LUX-LT8199-BLU,PCS,1290
SPR-BID-HEA-LUX-LT8199-WHI,PCS,1290
SPR-BID-HEA-XK-PS04CP,PCS,1490
SPR-BID-JOP-BDC02G,SET,2150
SPR-BID-L306,SET,2450
SPR-BID-LSSB2010,PCS,4150
SPR-BID-LSSB2110,PCS,6150
SPR-BID-MMAN-2254#,PCS,1180
SPR-BID-SET-LUX-LT8188,SET,1290
SPR-BID-SWP-SS-304-6875A,PCS,15900
SPR-BID-SWP-SS-304-6875-BA,PCS,19900
SPR-BID-SWP-SS304-75S,SET,8500
SPR-BID-SWSB-ABS-261,PCS,3800
SPR-BID-SWSB-ABS-262,PCS,1900
SPR-BID-SWSB-ABS-362,PCS,6900
SPR-BID-SWSB-ABS-362-GM,PCS,9800
SPR-BLUE,PCS,100
SPR-GALAXY-WTRPRF-400ML,CAN,5500
SPR-GREEN,PCS,150
SPR-GRE-SW-99,CAN,1790
SPRING-90623660,PCS,1100
SPR-NOZ-PI7-101#,PCS,490
SPR-PEN-SD-99,TIN,2150
SPR-RED,PCS,50
SPR-REM-BSA88,BTL,3290
SPR-RR7-300G,CAN,1450
SQUARE-36,PCS,0
SQUARE-48,PCS,0
SQUARE-LEFT,UNIT(S),0
SQUARE-RIGHT,UNIT(S),0
STA-93-601,UNIT,5300
STA-ACC-4050805001,PCS,23200
STA-ACC-5170027-87,PCS,10500
STA-BLA-JIGSAW-X27040,SET,2990
STA-BLO-STPT600,UNIT,19900
STA-BRE-STHM5KHV,UNIT,62800
STA-CHA-SC200,PCS,18500
STA-CHO-SSC22,UNIT,62800
STA-CIR-SAW-SC16,UNIT,39800
STA-COR-FAN-SCF001,UNIT,22500
STA-DCL050-XJ,PCS,24900
STA-DIS-STA8060,PCS,240
STA-DRI-BG6109B,PCS,14500
STA-DRI-BRU-SBD710D2K,UNIT,69800
STA-DRI-DWA13MS,PCS,2900
STA-DRI-DWD014,UNIT,20900
STA-DRI-SCD10D2K,UNIT,36900
STA-DRI-SCH10D2K,UNIT,39900
STA-DRI-SDH600KP,UNIT,29900
STA-FLA-SCL-020,UNIT,11900
STA-GAS-STO-MQLJWFF-09,PCS,920
STA-GRI-SCG400-SET,UNIT,86800
STA-GRI-SCG400-SOLO,UNIT,29900
STA-GRI-SG6100,UNIT,12900
STA-GRI-STGS8100,UNIT,21900
STA-HAM-BCD003C1,UNIT,38800
STA-HAM-BRU-SBH900M2K,UNIT,132900
STA-HAM-SBD715D2K,UNIT,76900
STA-HAM-SCD711C1H,UNIT,69900
STA-HAM-TP555,UNIT,21900
STA-HAN-GRI-N401305,PCS,1690
STA-HEA-STEL670,UNIT,18800
STA-HIGH-PRE-WAS-K2,UNIT,87500
STA-IMP-DRI-STDH7213V,UNIT,44900
STA-IMP-WRE-SBW910M1K,UNIT,86900
STA-JIG-SJ45,UNIT,29900
STA-JIG-SJ60,UNIT,31900
STA-KAR-VAC-WD1,UNIT,38500
STA-MUL-H66,SET,1200
STA-MUL-H66L,SET,1700
STAN-APRN-96-178,UNIT,9200
STAN-BAT-12V-N652342,PCS,11800
STA-PAD-PRO-19MM,CRD,350
STA-PAD-PRO-22MM,CRD,350
STA-PLA-STEL630,UNIT,41500
STA-POL-KP600-152MM,UNIT,26900
STA-POL-SP137,UNIT,39800
STA-PRE-HOS-SW1-SW21,PCS,13500
STA-PRE-KAR-HP,UNIT,375000
STA-PRE-WAS-BCPC20D1,UNIT,64500
STA-PRE-WAS-BEPW1600L,UNIT,48900
STA-PRE-WAS-BEPW1750,UNIT,57900
STA-PRE-WAS-BEPW1800T,UNIT,65900
STA-PRE-WAS-HD4,UNIT,198800
STA-PRE-WAS-K2,UNIT,37900
STA-PRE-WAS-K2-CON.NO.3,PCS,2500
STA-PRE-WAS-K3,UNIT,89500
STA-PRE-WAS-K3-DEL,UNIT,132900
STA-PRE-WAS-KAR-HP,UNIT,375000
STA-REVSD4C,PCS,19900
STA-ROS-SAN-SS30,UNIT,35800
STA-ROT-BCRT8K35,UNIT,28800
STA-ROT-DRI-STDR5510,UNIT,23900
STA-ROT-HAM-SHR243KA,UNIT,43900
STA-ROT-HAM-SHR263KA,UNIT,55900
STA-SAW-SCR121S2K,UNIT,51800
STA-SAW-SM16,UNIT,93900
STA-SCR-SCS4K,UNIT,23800
STA-SHE-SAN-310W-SSS310,UNIT,46900
STA-SHE-SAN-SS24,UNIT,19500
STA-STE-CLE-POL-3M,BTL,7500
STA-TIL-CUT-STSP125,UNIT,29900
STA-TOOL-BAG-70-718,UNIT,19500
STA-TRI-2024,PCS,5800
STA-TRI-ST55,UNIT,27900
STE-PSN-EGS2103,PCS,36900
STI-BRU-CUT-DEF,PCS,1400
STI-BRU-CUT-FR3001,UNIT,55800
STIHL-0781-319-8401,BOT,820
STIHL-0781-516-6001,BOT,1890
STI-ROL,ROLL,0
STO-BOSS-BMS1,PCS,2850
STO-MOU-A11-22X250,PCS,850
STO-MOU-A25-25X25,PCS,600
STO-MOU-A38-25X25,PCS,620
STO-MOU-A39-20X20,PCS,640
STO-MOU-A5-20X28,PCS,670
STO-MOU-M10-18X34,PCS,680
STO-MOU-M1-25X34,PCS,700
STO-MOU-M4-26X27,PCS,720
STO-MOU-M5-25X35,PCS,820
STO-MOU-M6-25X52,PCS,900
STO-MOU-M7-25X48,PCS,920
STO-MOU-W175-10X10,PCS,580
STO-MOU-W194-16X13,PCS,560
STO-MOU-W196-16X25,PCS,680
STO-MOU-W206-20X32,PCS,710
STO-MOU-W220-25X25,PCS,720
STO-MOU-W222-25X50,PCS,890
STO-MOU-W242-50X25,PCS,1290
STONE,LOT,88000
STONE-,TON,19000
STONE-1TON,TON,18300
STONE-2TON,TON,31000
STONE-3TON,TON,37000
STONE-5TON,TON,39500
STOP-LVL-TIL-STP-4017,PACK,1490
STR-GUN-NED-5IN,PCS,120
STR-NYL-1.6KGM,ROLL,1590
STR-NYL-12173,PCS,2390
STR-NYL-MIX,PCS,160
STR-NYL-TWI-06S,ROLL,250
STR-NYL-TWI-09S,ROLL,250
STR-NYL-TWI-12S,ROLL,250
STR-NYL-TWI-15S,ROLL,250
STR-NYL-TWI-18S,ROLL,250
STR-NYL-TWI-21S,ROLL,250
STR-STA-3.0MM,MTR,50
STR-STA-4.0MM,MTR,70
STR-STA-5.0MM,MTR,130
STR-STA-8.0MM,MTR,210
STY-STPW400-TRIGGER-GUN,PCS,6700
SUMO,UNIT(S),0
SUMO-LT1200N-6,UNIT,80900
SUMO-LT2500N-6,UNIT,127900
SUMO-SM-1016,UNIT,223000
SUMO-SM-1310,UNIT,169000
SUMO-SM-138,UNIT,136900
SUMO-SM-1575,UNIT,109800
SUMO-SM-158,UNIT,144800
SUMO-SM200WI,UNIT,174800
SUMO-VAC-CLE-SM-1600,UNIT,26900
SUN-CHA-Y SC168,PCS,17500
SUNNY-HOSE-5090,MTR,390
SUP-ROL-WIN,PCK,200
SUP-ROL-WIN-CUR,PCK,200
SWI-13A-D/SOC,PCS,2050
SWI-ADA-3388-931L,PCS,1130
SWI-ADA-3388USB-TC10936,PCS,2450
SWI-ADA-3WAY-MK-692,PCS,1980
SWI-ADA-EUR-3033,PCS,2550
SWI-ADA-MS3106N,PCS,1090
SWI-ADA-MS-3L2USB,PCS,4390
SWI-ADA-MS-PT06,PCS,830
SWI-ADA-MS-PT09,PCS,840
SWI-ADA-MS-R25,PCS,7900
SWI-ADA-MUL-941N-3W,PCS,2280
SWI-ADA-MUL-AKO79S-3W,PCS,2290
SWI-ADA-MUL-NEO-7196,PCS,420
SWI-ADA-NEO-3WAY-BIG-UK131KL,PCS,1590
SWI-ADA-NEO-PNT-7303,PCS,920
SWI-ADA-TRA-13A,PCS,340
SWI-ADA-TRA-2G,PCS,1530
SWI-ADA-TRA-6020,PCS,330
SWI-ADA-TRA-6040,PCS,350
SWI-ADA-TRA-ES288T,PCS,520
SWI-ADA-TRA-SUM,PCS,1090
SWI-ADA-TRA-UNI,PCS,4450
SWI-BAT-JK861,PCS,1887
SWI-BUT-HOI-15A-250V,PCS,2830
SWI-CABLE-REEL-MS4000-7M,PCS,9900
SWI-CAS-EXT-E86545,PCS,21900
SWI-CAS-REELS-E86535,PCS,16900
SWI-CHA-OUR,PCS,2453
SWI-CHN-JK106,PCS,283
SWI-CHN-JK107,PCS,377
SWI-CLI-1G1W,PCS,750
SWI-CON-10A-120W-TC-10990,PCS,4190
SWI-CON-15A-180W-TC-10019,PCS,4950
SWI-CON-16MM,PCK,990
SWI-CON-20A-250W-TC-10020,PCS,5880
SWI-CON-25MM,PCK,1190
SWI-CON-30A-360W-TC-10021,PCS,6900
SWI-CON-33A-400W,PCS,8400
SWI-CON-4P16A-8F,PCS,1132
SWI-CON-4P16A-8M,PCA,1132
SWI-CON-5A-TC-10991,PCS,2690
SWI-CON-8.3A-100W,PCS,3350
SWI-CON-ABS-101N,PCS,755
SWI-CON-ABS-110N(B),PCS,755
SWI-CON-ABS-110N(R),PCS,755
SWI-CON-OET-T120WB,PCS,10200
SWI-CON-OET-T150WB,PCS,11500
SWI-CON-PVC-06A,LTH,170
SWI-CON-PVC-10A,LTH,250
SWI-CON-PVC-15A,LTH,290
SWI-CON-PVC-20A,LTH,380
SWI-CON-PVC-30A,LTH,480
SWI-CON-TBC-20A,PCS,1780
SWI-CON-TC-10506,PCS,4950
SWI-CON-TC-10507,PCS,5500
SWI-EXT-REELS-E86506,PCS,24900
SWI-FLO-UKY2-4M,PCS,1698
SWI-FOO-10A-250VAC,PCS,2075
SWI-HP-955509,PCS,2800
SWI-IND-CLI-56C313,PCS,1887
SWI-K09-CAR-KEY,PCS,3800
SWI-KAT-BRE-KT316,PCS,2075
SWI-KAT-BRE-KT325,PCS,2358
SWI-KETTLE-PLU-PURECO,SET,1090
SWI-LAM-ADA-3041B22,PCS,130
SWI-LAM-HOL-2001B22,PCS,120
SWI-LAM-HOL-B218E27,PCS,210
SWI-LAM-HOL-SE220E-E27,PCS,310
SWI-LAM-HOL-SL8838-FLW,PCS,480
SWI-LAM-HOL-W107E27,PCS,230
SWI-LAM-HOL-W218E27,PCS,210
SWI-LIMIT-LXW5-11G1,PCS,1500
SWI-LIMIT-LXW5-11G2,PCS,1500
SWI-LIMIT-LXW5-11G3,PCS,1500
SWI-MCB-CLI-2POLE,PCS,3800
SWI-MK-1G1W,PCS,690
SWI-MK-1G1W-4871,PCS,690
SWI-MK-1WAY-2GANG,PCS,900
SWI-MK-2G1W-4871,PCS,890
SWI-MK-2G1W-S4782,PCS,1250
SWI-MK-2G2W-4871,PCS,1400
SWI-MK-METAL-15A,PCS,3500
SWI-MUL-PLK-NEO-1603,PCS,950
SWI-OMR-H3G8C,PCS,2358
SWI-OMR-H3G8C-24VDC,PCS,2358
SWI-OMR-H3Y-4,PCS,2358
SWI-OMS-CA2-2N,PCS,5660
SWI-OMS-CA32-41,PCS,6604
SWI-OMS-D40D,PCS,3585
SWI-OMS-MIR-LEVEL,PCS,400
SWI-OMS-MIR-LONG,PCS,600
SWI-OMS-MIR-SHORT,PCS,500
SWI-OMS-SPR-NJ,PCS,5660
SWI-ON/OFF-315,PCS,16981
SWI-ON/OFF-5A,PCS,94
SWI-PLK-1G1W-5011,PCS,630
SWI-PLK-2G1W-5021,PCS,1020
SWI-PLK-3G1W-5031,PCS,1690
SWI-PLK-4G1W-5041,PCS,2050
SWI-PLK-5G1W-5051,PCS,2650
SWI-PLK-KAWA-3115,PCS,1520
SWI-PLK-KAWA-8115,PCS,2890
SWI-PLK-NEO-1380N,PCS,2250
SWI-PLK-NEO-5020,PCS,2090
SWI-PLU-ADA-13A-131,PCS,1580
SWI-PLU-ADA-DLX,PCS,1250
SWI-PLU-ADA-TRAC-TR130AD,PCS,2450
SWI-PLU-ADA-TRAC-TR131UK,PCS,2590
SWI-PLU-AER-13A,PCS,320
SWI-PLU-GCE-128C-BLU,PCS,470
SWI-PLU-GCE-128C-GRE,PCS,470
SWI-PLU-GCE-128C-RED,PCS,470
SWI-PLU-GCE-128C-TRANS,PCS,470
SWI-PLU-KEY-13A,PKT,100
SWI-PLU-MK-515-15A,EA,2190
SWI-PLU-MK-646-13A,PCS,2390
SWI-PLU-MK-654-13A,PCS,740
SWI-PLU-NNE158-15A,PCS,1090
SWI-PLU-QIHUA-15A,PCS,700
SWI-PLU-SUM-145 13A,PCS,320
SWI-PLU-SUM-703N-3W,PCS,1200
SWI-PLU-UMS-150 15A,PCS,790
SWI-PNT-246,PCS,460
SWI-POL-12A-DOU-SOC,PCS,1790
SWI-POL-15A-SOC,PCS,1680
SWI-POL-1WAY-1GANG,PCS,470
SWI-POL-1WAY-2GANG,PCS,690
SWI-POL-2GANG-13A-1562,PCS,2000
SWI-POL-2GANG-1WAY,PCS,990
SWI-POL-2WAY-2GANG,PCS,1200
SWI-POL-2WAY-4GANG,PCS,1800
SWI-POL-3GANG-1WAY-15832,PCS,1200
SWI-POL-3GANG-1WAY-15833,PCS,1400
SWI-POL-3GANG-1WAY-753,PCS,1150
SWI-POL-4GANG-1WAY,PCS,1850
SWI-POL-5GANG-1WAY,PCS,2450
SWI-POL-HEA-SWI-250V,PCS,1550
SWI-PUSH-BUT-TEND,PCS,4000
SWI-REM-LOC,PCS,566
SWI-S/SKT/LWD-4011-1W1G,PCS,500
SWI-S/SKT-2G1W,PCS,730
SWI-S/SKT-4G1W,PCS,1450
SWI-S/SKT-5G1W,PCS,1850
SWI-S/SKT-ACE-1WAY-2GANG,PCS,790
SWI-S/SKT-ACE-651,PCS,390
SWI-S/SKT-ACE-652,PCS,690
SWI-S/SKT-KAWA-KB3041,PCS,1390
SWI-S/SKT-LWD-0011,PCS,480
SWI-S/SKT-LWD-0013,PCS,620
SWI-S/SKT-LWD-0021,PCS,790
SWI-S/SKT-LWD-0023,PCS,2490
SWI-S/SKT-LWD-0031,PCS,1060
SWI-S/SKT-LWD-0041,PCS,1580
SWI-S/SKT-LWD-0051,PCS,1850
SWI-S/SKT-LWD-0213,PCS,1090
SWI-S/SKT-LWD-0220,PCS,1530
SWI-S/SKT-LWD-0223,PCS,2450
SWI-S/SKT-LWD-1389,PCS,1620
SWI-S/SKT-LWD-13A-DOUBLE,PCS,2470
SWI-S/SKT-LWD-1G1W,PCS,300
SWI-S/SKT-LWD-4013-13A,PCS,930
SWI-S/SKT-LWD-4021-1W2G,PCS,760
SWI-S/SKT-LWD-4023-DOU-13A,PCS,1850
SWI-S/SKT-LWD-4031-1W3G,PCS,1160
SWI-S/SKT-LWD-4223-NEO-13A,PCS,1990
SWI-SEL-EXT-CAB,PCS,11800
SWI-SEL-EXT-CAB-5M,PCS,4190
SWI-SEL-EXT-CAB-7M,PCS,4850
SWI-SEL-TEN-1A1B,PCS,660
SWI-SH387-4MM,PCS,680
SWI-SH387-6MM,PCS,850
SWI-SIM-3G1W,EA,2070
SWI-SIM-4G1W,EA,2600
SWI-SOC-13A-1338,PCS,2290
SWI-SOC-13A-LEMAX-S813,PCS,350
SWI-SOC-13A-TC1338,PCS,1950
SWI-SOC-ALM-MK-G2873,PCS,4290
SWI-SOC-ALM-MK-G2946,EA,4950
SWI-SOC-BEL-MK-S4778,PCS,900
SWI-SOC-BS-13A,PCS,350
SWI-SOC-COU-5P63A,PCS,3396
SWI-SOC-DES-13AW,PCS,320
SWI-SOC-ELE-E000B,PCS,1230
SWI-SOC-ELE-E011B,PCS,1340
SWI-SOC-ELE-E011W,PCS,1340
SWI-SOC-ELE-E012B,PCS,2030
SWI-SOC-ELE-E012W,PCS,2030
SWI-SOC-ELE-E021B,PCS,2430
SWI-SOC-ELE-E021W,PCS,2430
SWI-SOC-ELE-E031B,PCS,3290
SWI-SOC-ELE-E041B,PCS,4340
SWI-SOC-ELE-E061B,PCS,2190
SWI-SOC-ELE-E061C,PCS,2190
SWI-SOC-ELE-E062B,PCS,3260
SWI-SOC-ELE-E0813B,PCS,2150
SWI-SOC-ELE-E0813C,PCS,2150
SWI-SOC-ELE-E0815B,PCS,3650
SWI-SOC-ELE-E08213B,PCS,4360
SWI-SOC-ELE-E20AB,PCS,4560
SWI-SOC-ELE-PTBK1000,PCS,27900
SWI-SOC-ELE-PTBK400,PCS,16500
SWI-SOC-ELE-PTBK600,PCS,19500
SWI-SOC-ELE-PTGY1000,PCS,27900
SWI-SOC-ELE-PTGY400,PCS,16500
SWI-SOC-ELE-PTGY600,PCS,19500
SWI-SOC-ELE-PTGY800,PCS,22900
SWI-SOC-ELE-TSB913,PCS,5290
SWI-SOC-ELE-TSBK13,PCS,5290
SWI-SOC-ELE-TSBK913,PCS,5290
SWI-SOC-ELE-TSBL13,PCS,5290
SWI-SOC-ELE-TSGD13,PCS,5290
SWI-SOC-ELE-TSGD913,PCS,5290
SWI-SOC-ELE-TSGY13,PCS,5290
SWI-SOC-ELE-TSGY2USB,PCS,6790
SWI-SOC-ELE-TSGY913,PCS,5290
SWI-SOC-ELE-TSR13,PCS,5290
SWI-SOC-ELE-TSR913,PCS,5290
SWI-SOC-E'SAFE-ES-439SS,PCS,2490
SWI-SOC-EVB-318WSS-IP66,PCS,4150
SWI-SOC-H34/1/2A-4W1G,PCS,377
SWI-SOC-H35/1/2A-5W1G,PCS,472
SWI-SOC-KB15,PCS,890
SWI-SOC-KINGSWAY-13A,PCS,2090
SWI-SOC-LEG,PCS,2900
SWI-SOC-LGL-S20,PCS,1300
SWI-SOC-MET-13A2G,PCS,3900
SWI-SOC-MET-740/13A,PCS,4800
SWI-SOC-MK-1G1W-S4781,PCS,590
SWI-SOC-MK-2969,PCS,1300
SWI-SOC-MK-3G2W-S4783,PCS,1350
SWI-SOC-MK-4G1W-S8874,PCS,3290
SWI-SOC-MK-5G1W-S8875,PCS,2930
SWI-SOC-MK-G2977,EA,2890
SWI-SOC-MK-NEO-S4787,PCS,2490
SWI-SOC-MK-NEO-S8423,PCS,2650
SWI-SOC-MK-R2757,PCS,860
SWI-SOC-MK-S2747,PCS,2290
SWI-SOC-MK-S2757,PCS,720
SWI-SOC-MK-S2893,PCS,2090
SWI-SOC-NEO-15A,PCS,660
SWI-SOC-NNE-801/1-1W1G,PCS,730
SWI-SOC-NNE-802/1-1W2G,PCS,980
SWI-SOC-NNE-803/1-1W3G,PCS,1490
SWI-SOC-NNE-9498,PCS,3950
SWI-SOC-NNE-9499,PCS,2880
SWI-SOC-PLA-5P63A,PCS,3396
SWI-SOC-PLK-1328,PCS,750
SWI-SOC-POL-756,PCS,590
SWI-SOC-RET-E/DM050-GB,PCS,9100
SWI-SOC-RET-E/S0113N,PCS,3350
SWI-SOC-RET-E/SW201WN,PCS,5900
SWI-SOC-RET-E/TV212-GW,PCS,8100
SWI-SOC-SCH-IP66,PCS,15500
SWI-SOC-SIM-13A,EA,1460
SWI-SOC-SUM-9218-1M,PCS,3990
SWI-SOC-SUM-MS-D213,PCS,2450
SWI-SOC-SUM-MS-S113,PCS,1350
SWI-SOC-TAICON-TC8111,PCS,1380
SWI-SOC-TAICON-TC8211,PCS,1980
SWI-SOC-TAICON-TCU13SS,PCS,2350
SWI-SOC-TAICON-TCU8111,PCS,2680
SWI-SOC-TC1328,PCS,550
SWI-SOC-TOP-TC3301,PCS,580
SWI-SOC-ULT-M000MG,PCS,900
SWI-SOC-ULT-M000W,PCS,460
SWI-SOC-ULT-M011MG,PCS,960
SWI-SOC-ULT-M011W,PCS,520
SWI-SOC-ULT-M012MG,PCS,1440
SWI-SOC-ULT-M012W,PCS,1000
SWI-SOC-ULT-M021MG,PCS,1420
SWI-SOC-ULT-M021W,PCS,980
SWI-SOC-ULT-M022MG,PCS,1800
SWI-SOC-ULT-M022W,PCS,1360
SWI-SOC-ULT-M031MG,PCS,1880
SWI-SOC-ULT-M031W,PCS,1440
SWI-SOC-ULT-M041MG,PCS,2500
SWI-SOC-ULT-M041W,PCS,2060
SWI-SOC-ULT-M061MG,PCS,1510
SWI-SOC-ULT-M061W,PCS,1070
SWI-SOC-ULT-M073MG,PCS,1750
SWI-SOC-ULT-M073W,PCS,1310
SWI-SOC-ULT-M074MG,PCS,2960
SWI-SOC-ULT-M074W,PCS,2520
SWI-SOC-ULT-M0813BMG,PCS,1300
SWI-SOC-ULT-M0813BW,PCS,860
SWI-SOC-ULT-M0813MG,PCS,1190
SWI-SOC-ULT-M0813W,PCS,750
SWI-SOC-ULT-M0815MG,PCS,2390
SWI-SOC-ULT-M0815W,PCS,1860
SWI-SOC-ULT-M08213MG,PCS,2960
SWI-SOC-ULT-M08213W,PCS,2650
SWI-SOC-ULT-M08913W,PCS,1740
SWI-SOC-ULT-M20AMG,PCS,2850
SWI-SOC-ULT-M20AW,PCS,2410
SWI-SOC-UMS2913A,PCS,580
SWI-SOC-UMS-3W1G,PCS,283
SWI-SOC-WAL-3P16A,PCS,1321
SWI-SOC-WAL-5P16A,PCS,1509
SWI-SOC-WAL-5P63A,PCS,3774
SWI-STA-FLE-S10,PCS,150
SWI-SW4-CAR-KEY,PCS,3800
SWI-T/BOX-504B,SET,2190
SWI-T/BOX-540A,SET,2980
SWI-T/BOX-740B,SET,2057
SWI-T/BOX-923A,SET,2590
SWI-T/BOX-940AF,SET,3890
SWI-T/BOX-PP740B,SET,2750
SWI-T/SOC-1540B-5M1G,SET,1990
SWI-T/SOC-2540B-5M2G,SET,2590
SWI-T/SOC-3540B-5M3G,SET,3190
SWI-T/SOC-40/016-2G,PCS,3250
SWI-T/SOC-40/016-3G,PCS,3950
SWI-T/SOC-40/016-4G,PCS,4650
SWI-T/SOC-4540B-5M4G,SET,3790
SWI-T/SOC-5354-2G,SET,1390
SWI-T/SOC-70/076-5M1G,PCS,4190
SWI-T/SOC-70/076-5M2G,PCS,4950
SWI-T/SOC-70/076-5M3G,PCS,5690
SWI-T/SOC-70/076-5M4G,PCS,6950
SWI-T/SOC-70/076-8M2G,PCS,5690
SWI-T/SOC-9822-2M2G,SET,2990
SWI-T/SOC-9822-5M2G,SET,3550
SWI-T/SOC-9833-5M3G,SET,3850
SWI-T/SOC-9844-5M4G,SET,3990
SWI-T/SOC-EUR-8743-3G,SET,2990
SWI-T/SOC-EUR-8744-4G,SET,3450
SWI-T/SOC-FLE-4G-340A,SET,2930
SWI-T/SOC-FLE-4G-540A,SET,3490
SWI-T/SOC-FLE-6122NS-2G5M,SET,3550
SWI-T/SOC-FLE-6133NS,SET,3780
SWI-T/SOC-FLE-6144NS,SET,3990
SWI-T/SOC-FLE-6155NS,SET,4490
SWI-T/SOC-FLE-6342N-2G3M,SET,2490
SWI-T/SOC-FLE-6343N-3G3M,SET,2990
SWI-T/SOC-FLE-6344N-4G3M,SET,2990
SWI-T/SOC-FLE-6543N-5M3G,SET,3390
SWI-T/SOC-FLE-6544N-5M4G,SET,3250
SWI-T/SOC-FLE-676N-8M3G,SET,2470
SWI-T/SOC-FLE-678N-8M5G,SET,2811
SWI-T/SOC-FLE-6843N,SET,3890
SWI-T/SOC-FLE-6844N-8M4G,SET,4090
SWI-T/SOC-FLE-6845N-8M5G,SET,4550
SWI-T/SOC-FLE-912-3M2G,SET,1950
SWI-T/SOC-FLE-912-5M2G,SET,2450
SWI-T/SOC-FLE-913-2M3G,SET,1990
SWI-T/SOC-FLE-913-3M3G,SET,2190
SWI-T/SOC-FLE-913-5M3G,SET,2650
SWI-T/SOC-FLE-914-2M4G,SET,2150
SWI-T/SOC-FLE-914-3M4G,SET,2390
SWI-T/SOC-FLE-914-5M-4G5M,SET,2850
SWI-T/SOC-FLE-915-2M5G,SET,2390
SWI-T/SOC-FLE-915-3M5G,SET,2590
SWI-T/SOC-FLE-915-5M5G,SET,3050
SWI-T/SOC-GONGN-4G1.8M,PCS,3690
SWI-T/SOC-GONGN-4G3M,PCS,4880
SWI-T/SOC-LBS2023U,SET,5690
SWI-T/SOC-MD/G-3M2G,SET,1679
SWI-T/SOC-MD/G-3M4G,SET,2123
SWI-T/SOC-MD/G-3M5G,SET,2198
SWI-T/SOC-MS3233-1.5M3G,PCS,3990
SWI-T/SOC-MS3233-3-3M3G,PCS,4690
SWI-T/SOC-MS3233-5M3G,PCS,5950
SWI-T/SOC-MS3244-1.5M4G,PCS,4590
SWI-T/SOC-MS3244-3-3M4G,PCS,5290
SWI-T/SOC-MS3244-5-5M4G,PCS,6490
SWI-T/SOC-MS3255-1.5M5G,PCS,5090
SWI-T/SOC-MS3255-3-3M5G,PCS,5690
SWI-T/SOC-MS3255-5-5M5G,PCS,6900
SWI-T/SOC-NEO-LWD-3G,SET,2750
SWI-T/SOC-NEO-LWD-4G,SET,3490
SWI-T/SOC-NEO-LWD-4GS/P,SET,3450
SWI-T/SOC-OPS-6G3M-BK,PCS,4590
SWI-T/SOC-OPS-6G5M-BK,PCS,5390
SWI-T/SOC-SJP-3G-340A,SET,2750
SWI-T/SOC-SJP-3G-540A,SET,3350
SWI-T/SOC-TAI-2G-2000,PCS,1480
SWI-T/SOC-TAI-2G3M,PCS,3190
SWI-T/SOC-TAI-2G5M,PCS,3990
SWI-T/SOC-TAI-3G5M,PCS,4290
SWI-T/SOC-TAI-4G3M,PCS,3690
SWI-T/SOC-TAI-4G5M,PCS,4590
SWI-T/SOC-TAI-5G3M,PCS,4190
SWI-T/SOC-TAI-5G5M,PCS,5190
SWI-UMS-2GANG-1WAY,PCS,550
SWI-UMS-3G1W,PCS,1430
SWI-WAT-HEA-CLIPSEEL-682/BRN-2,PCS,1900
SWI-WAT-HEA-CLIPSEEL-682/BRN-2G1W,PCS,1900
SWI-WAT-HEA-CLIPSEEL-696/BRN-2,PCS,2800
SWI-WAT-HEA-CLIPSEEL-696/BRN-20A,PCS,2800
T1.5-UT-12,PCS,0
T5,SET,0
TAB-FOR-Z TB23,SET,9900
TAB-LON-4'X2'-C122,SET,15000
TAB-PLA-ROU-3'X3'-SWM2288,SET,14900
TAB-PLA-SQU-3'X3'-SWM2388,SET,17900
TAB-PVC-187-15,MTR,690
TAB-PVC-384-02,MTR,690
TAB-PVC-466-02,MTR,690
TAB-PVC-474-15,MTR,690
TAB-PVC-480-11,MTR,690
TAB-PVC-502-17,MTR,690
TAB-PVC-511-01,MTR,690
TAB-PVC-515-11,MTR,690
TAB-SHE-PVC-1994,MTR,590
TAB-SHE-PVC-2011,MTR,590
TAB-SHE-PVC-2012,MTR,590
TAB-SHE-PVC-2013,MTR,590
TAB-SHE-PVC-2090,MTR,590
TAB-SHE-PVC-2222,MTR,590
TAB-SHE-PVC-2604,MTR,690
TAB-SHE-PVC-3203,MTR,590
TAB-SHE-PVC-3333,MTR,590
TAB-SHE-PVC-4232,MTR,590
TAB-SHE-PVC-4444,MTR,590
TAB-SHE-PVC-4997FB,MTR,1580
TAB-SHE-PVC-9410,MTR,690
TAB-SHE-PVC-9420,MTR,690
TAB-SHE-PVC-FY-ZBNS027-2187-BL,MTR,1580
TAB-SHE-PVC-FY-ZBNS027-2187-BLUE,MTR,1580
TAB-SHE-PVC-FY-ZBNS027-2188-GO,MTR,1580
TAB-SHE-PVC-FY-ZBNS027-2188-GOLD,MTR,1580
TAB-SHE-PVC-J015C,MTR,590
TAB-SHE-PVC-J026D,MTR,590
TAB-SHE-PVC-J049E,MTR,590
TAB-SHE-PVC-J057A,MTR,590
TAB-SHE-PVC-J060D,MTR,590
TAB-SHE-PVC-J507EH,MTR,590
TAB-SHE-PVC-Y019A,MTR,690
TAB-SHE-PVC-Y036A,MTR,690
TAB-SHE-PVC-Y068A,MTR,690
TAB-SHE-PVC-Y125A,MTR,690
TAB-SHE-PVC-Y160,MTR,690
TAB-SHE-PVC-ZB941000-BLK,MTR,690
TAB-SHE-PVC-ZB941000-BLUE,MTR,690
TAB-SHE-PVC-ZB941000-WH,MTR,690
TAB-SHE-PVC-ZT424,MTR,690
TAB-SHE-PVC-ZT447,MTR,690
TAB-ZYS-C183,SET,20900
TANGGA-LADA,PCS,42000
TANK,DRUM,45900
TANK-CYL-1800L,DRUM,79000
TANK-CYL-900L,DRUM,48800
TANK-REC-450L,DRUM,32900
TANK-T,PCS,4150
TAN-SEP-1250L,UNIT,79000
TAP-2-WAY-CA411QH,PCS,3950
TAP-BASIN-I601B,PCS,2790
TAP-BAS-LT8514,PCS,3190
TAP-BIB-JOPBC01W,PCS,690
TAP-BIB-PVC-J2BC01W,PCS,1240
TAP-BIB-QBC01W,PCS,920
TAP-BIB-QBC02W,PCS,850
TAP-BOL-S-TRA-32MM,PCS,780
TAP-BOL-S-TRA-40MM,PCS,850
"TAP-BRASS-FARIS-1/2""",PCS,1750
TAP-CAB-CB1508ASS,PCS,5900
TAP-CAB-CB1508SS,PCS,6200
TAP-CAB-CB1509ASS,PCS,7500
TAP-CAB-CB1509SS,PCS,6200
TAP-CAB-CB1517SS,PCS,7900
TAP-CAB-CB1518SS,PCS,7500
TAP-CAB-CB1520SS,PCS,15900
TAP-CAB-CB1530S-BL,PCS,9800
TAP-CAB-CB1540SS,PCS,14900
TAP-CAB-CB1540SS-BL,PCS,16900
TAP-CAB-CB1547SS-RG,PCS,19900
TAP-CAB-CB2526SS,PCS,10900
TAP-CAB-CB2526SS-BL,PCS,9700
TAP-CAB-CB2541SS,PCS,19900
TAP-CAB-CB2547SS-BL,PCS,18500
TAP-CAB-CB2805A,PCS,4900
TAP-CAB-CB2806A,PCS,4900
TAP-CAB-CB2807,PCS,8500
TAP-CAB-CB2829,PCS,6500
TAP-CAB-CB2831,PCS,5900
TAP-CAB-CB2832,PCS,5900
TAP-CAB-CB3803,UNIT,18900
TAP-CAB-CB3804,UNIT,22500
TAP-CAB-CB4703,UNIT,22900
TAP-CAB-CB4905,UNIT,21500
TAP-CAB-CB4907,UNIT,36200
TAP-CAB-CB4908,UNIT,23900
TAP-CAB-CB4930-RG,PCS,19500
TAP-CAB-CB4932-BL,PCS,19900
TAP-CAB-CB4934-CR,PCS,18800
TAP-CAB-CB4942-BL,PCS,29800
TAP-CAB-CB4944-CR,PCS,27500
TAP-CAB-CB5105A,UNIT,6000
TAP-CAB-CB5106A,UNIT,6000
TAP-CAB-CB5107,UNIT,9700
TAP-CAB-CB5108,UNIT,9600
TAP-CAB-CB5109A,UNIT,10800
TAP-CAB-CB5114,UNIT,13200
TAP-CAB-CB5116,UNIT,20500
TAP-CAB-CB5117,UNIT,19800
TAP-CAB-CB5132,UNIT,26000
TAP-CAB-CB5133,UNIT,27000
TAP-CAB-CB5172,UNIT,31900
TAP-CAB-CB5173,UNIT,31400
TAP-CAB-CB5189,UNIT,22900
TAP-CAB-CB6331,UNIT,16900
TAP-CAB-CB65SS,PCS,5500
TAP-CAB-CB65SS-BL,PCS,5900
TAP-CAB-CB65SS-GM,PCS,6500
TAP-CAB-CB889SS-BL,PCS,24800
TAP-CAB-CB9105,UNIT,6600
TAP-CAB-CB9106,UNIT,6600
TAP-CAB-CB9107,UNIT,9700
TAP-CAB-CB9108,UNIT,9600
TAP-CAB-CB9108A,UNIT,9600
TAP-CAB-CB9109A,UNIT,10800
TAP-CAB-CB9112,UNIT,21200
TAP-CAB-CB9112A,UNIT,21200
TAP-CAB-CB9113,UNIT,20700
TAP-CAB-CB9114,UNIT,13200
TAP-GAS-YEL,PCS,900
TAP-NOZ-C888,PCS,350
TAP-NOZ-WIR,PCS,642
TAP-OTO-NUM-LOC,PCS,4190
TAP-PIL-HAN-L772P,PCS,4390
TAP-PIL-I301,PCS,3590
TAP-PIL-JOPEX-QSTP01W,PCS,2390
TAP-PIL-L2882P,PCS,4550
TAP-PIL-L552P,PCS,3370
TAP-PIL-L832P,PCS,3700
TAP-PIL-L832W,PCS,3460
TAP-PIL-L992P2F,PCS,12000
TAP-PIL-OTO-966-1,PCS,5500
TAP-PIL-OTO-966-15,PCS,16800
TAP-PIL-OTO-966-8,PCS,14800
TAP-PIL-ROONEY-988-01,PCS,2990
TAP-PIL-TWI-CRL2552P,PCS,9800
TAP-PIL-VOV202P,PCS,1632
TAP-PRE-TB-1016Q,PCS,11800
TAP-PRE-TB-2016Q,PCS,8990
TAP-PRE-TK-3016Q,PCS,14900
TAP-PRE-TK-3506S,PCS,15400
TAP-PRE-TK-3516Q,PCS,18200
TAP-PRE-TK-3806S,PCS,28500
TAP-PRE-TK-4506S,PCS,14500
TAP-PRE-TK-4516Q,PCS,17300
TAP-PRE-TK-4806S,PCS,27500
TAP-PRE-TK-4856Q,PCS,27900
TAP-S2440ST,ROLL,0
TAP-SAN-SFC-6003950,PCS,13800
TAP-SAN-SFC-6003950-BK,PCS,15800
TAP-SAN-SWP-B-2520,PCS,19800
TAP-SAN-SWP-B-2521,PCS,23800
TAP-SAN-SWP-B-2525,PCS,22800
TAP-SAN-SWP-B-2527,PCS,38800
TAP-SAN-SWP-B-2921,PCS,39800
TAP-SAN-SWP-B-2922,PCS,43800
TAP-SAN-SWP-B-2924,PCS,39900
TAP-SAN-SWP-B-2930,PCS,43800
TAP-SAN-SWP-B-2931,PCS,46800
TAP-SAN-SWP-B-2932,PCS,49900
TAP-SAN-SWP-B-2934,PCS,48500
TAP-SAN-SWP-B-3023,PCS,29500
TAP-SAN-SWP-B-304-3915,PCS,20500
TAP-SAN-SWP-B-3202,PCS,21900
TAP-SAN-SWP-B-3202-GM,PCS,25900
TAP-SAN-SWP-B-3203,PCS,11800
TAP-SAN-SWP-B-3203-G,PCS,15900
TAP-SAN-SWP-B-3203-GM,PCS,15800
TAP-SAN-SWP-B-3203-RG,PCS,15900
TAP-SAN-SWP-B-3213,PCS,14500
TAP-SAN-SWP-B-3213-G,PCS,18900
TAP-SAN-SWP-B-3213-GM,PCS,18800
TAP-SAN-SWP-B-3213-RG,PCS,18900
TAP-SAN-SWP-RG-304-3905,PCS,24900
TAP-SAN-SWP-SS-304-106,PCS,10900
TAP-SAN-SWP-SS-304-3925,PCS,17200
TAP-SAN-SWP-SS-304-3936-MB,PCS,16800
TAP-SAN-SWP-SS-304-3936-SS,PCS,12500
TAP-SAN-SWP-SS-304-3937-MB,PCS,16900
TAP-SAN-SWP-SS-304-3937-SS,PCS,12600
TAP-SAN-SWP-SS-304-3938,PCS,24800
TAP-SAN-SWP-SS-304-3938-MB,PCS,28800
TAP-SAN-SWP-SS-304-3939,PCS,24900
TAP-SAN-SWP-SS-304-3939-MB,PCS,28900
TAP-SAN-SWP-SS-304-3940,PCS,13900
TAP-SAN-SWP-SS-304-3940-MB,PCS,19800
TAP-SAN-SWP-SS-304-3940-RG,PCS,28800
TAP-SAN-SWP-SS-304-3941,PCS,16500
TAP-SAN-SWP-SS-304-3941-MB,PCS,19900
TAP-SAN-SWP-SS-304-3942,PCS,19800
TAP-SAN-SWP-SS-304-3943,PCS,19900
TAP-SAN-SWP-SS-304-3950,PCS,19500
TAP-SAN-SWP-SS-304-3950-MB,PCS,21900
TAP-SAN-SWP-SS-304-3970,PCS,29900
TAP-SAN-SWP-SS-304-3970-MB,PCS,33800
TAP-SAN-SWP-SS-3391,PCS,13800
TAP-SAN-SWP-SS-MX-3302,PCS,23800
TAP-SAN-SWP-Z-5168,PCS,6300
TAP-SAN-SWS-304-3960,PCS,7900
TAP-SAN-SWS-304-3964,PCS,6200
TAP-SAN-SWS-304-3965,PCS,5900
TAP-SAN-SWS-304-3973,PCS,8200
TAP-SAN-SWS-304-3974,PCS,8300
TAP-SAN-SWS-304-3977,PCS,4500
TAP-SAN-SWS-304-3978,PCS,8900
TAP-SET-12PCS,SET,6490
TAP-SET-20PCS,SET,8490
TAP-SIN0-SRTKT71SS-BL,PCS,53900
"TAP-SIN-BOL-PVC-1-1/4""+1-1/2""",PCS,2090
TAP-SIN-BOL-PVC-4112,PCS,690
TAP-SIN-BOL-PVC-4115,PCS,790
TAP-SIN-CAV-CA2080,PCS,6290
TAP-SIN-CAV-CA3311P,PCS,7950
TAP-SIN-CAV-CA3616P,PCS,12900
TAP-SIN-CAV-CA3817W,PCS,4500
TAP-SIN-CAV-CA3818P,PCS,10300
TAP-SIN-CVL-6051,PCS,4000
TAP-SIN-CVL-6053,PCS,3950
TAP-SINK-QXY-AT-5045,PCS,13500
TAP-SINK-QXY-PT-5046,PCS,13500
TAP-SIN-SRTKT1867SS-BL,PCS,42500
TAP-SIN-SRTKT1932SS-BL-DIY,PCS,15500
TAP-SIN-SRTKT1932SS-DIY,PCS,13500
TAP-SIN-SRTKT1961SS-BL-DIY,PCS,16900
TAP-SIN-SRTKT1961SS-DIY,PCS,15900
TAP-SIN-SRTKT67SS-BL,PCS,30900
TAP-SIN-SRTKT69SS-GM,PCS,40900
TAP-SIN-SRTKT71SS,PCS,45900
TAP-SIN-SRTKT72SS,PCS,37900
TAP-SIN-STN116BK,PCS,3490
TAP-SKC-M06X1.00,SET,1990
TAP-SKC-M08X1.00,SET,3150
TAP-SKC-M08X1.25,SET,2480
TAP-SKC-M08X1.50,SET,3570
TAP-SKC-M10X1.25,SET,3190
TAP-SKC-M10X1.50,SET,4090
TAP-SKC-M10X1.75,SET,4570
TAP-SKC-M12X1.50,SET,3850
TAP-SKC-M12X1.75,SET,3950
TAP-SKC-M14X1.50,SET,4570
TAP-SKC-M14X1.75,SET,5420
TAP-SKC-M14X2.00,SET,4570
TAP-SKC-M16X1.50,SET,5280
TAP-SKC-M16X2.00,SET,5280
TAP-SKC-M18X2.00,SET,6850
TAP-SKC-M18X2.50,SET,6750
TAP-SKC-M20X1.50,SET,8780
TAP-SKC-M20X2.00,SET,8570
TAP-SKC-M20X2.50,SET,8570
TAP-SKC-M22X2.00,SET,9570
TAP-SKC-M22X2.50,SET,9990
TAP-SKC-M24X3.00,SET,11570
TAP-SKC-UNC-10MM,SET,2950
TAP-SKC-UNC-12MM,SET,3690
TAP-SKC-UNC-14MM,SET,4570
TAP-SKC-UNC-16MM,SET,5430
TAP-SKC-UNC-20MM,SET,0
TAP-SKC-UNC-25MM,SET,0
TAP-SOR-SRTKT1871SS,PCS,39900
TAP-SOR-SRTKT68SS-FRG,PCS,34900
TAPS-THRE-W0442,SET,23000
TAP-T209TS,ROLL,0
TAP-TOP1840,ROLL,0
TAP-TOP244,PCS,0
TAP-TOPP1840-DV,ROLL,0
TAP-TOPP4890P-N48MM,PCS,0
TAP-VAL-ANGL063,PCS,1590
TAP-WAL-HAN-L771P,PCS,4730
TAP-WAL-JOPEX-QSTW01W,PCS,2480
TAP-WAL-L551W,PCS,2900
TAP-WALL-I301,PCS,3590
TAP-WAL-TWI-CRL2551W,PCS,9800
TAP-WIR-3MSCTBL,PCS,120
TAP-WIR-3MSCTBLUE,PCS,120
TAP-WIR-3MSCTRD-150,PCS,120
TAR-ROL-O/B,MTR,800
TAR-ROL-TAR-B/W/DB-MTR,MTR,240
TAR-ROL-TAR-O/B-MTR,MTR,500
TAR-SHT-450#-B.GREEN,MTR,2390
TAR-SHT-GT2-08X10,SHT,2490
TAR-SHT-GT2-09X12,SHT,3490
TAR-SHT-GT2-09X15,SHT,4350
TAR-SHT-GT2-12X15,SHT,5590
TAR-SHT-GT2-12X18,SHT,6750
TAR-SHT-GT2-12X24,SHT,8900
TAR-SHT-GT2-13X20,SHT,8190
TAR-SHT-GT2-15X25,SHT,11900
TAR-SHT-GT2-20X30,SHT,17900
TAR-SHT-GT2-O/B-6',MTR,890
TAR-SHT-TP800-GRE/BLK,MTR,1190
TEC-COM-INL-VAL-1054,SET,1650
TEL-LAB-DN11,PCS,5200
TEL-LAB-DN20,PCS,5200
TEL-MAG-CON-220V-4KW,PCS,3800
TEL-MAG-CON-220V-5.5KW,PCS,3300
TEL-MAG-CON-LRD-3357,PCS,18000
TEL-MAG-OVE-LOA-3357,UNIT,8000
TEL-MAG-OVE-LOA-3361,UNIT,9000
TEL-MAG-OVE-LOA-3365,UNIT,9800
THI-10KG,TIN,10300
THI-KOYA-622,TIN,2990
THI-M6000-MER,TIN,5290
THI-SOL-600CC2B,TIN,790
THI-TAR-600ML,TIN,620
THI-TAR-PIN,TIN,890
THI-WOR-WK-PT-59908,TIN,570
THK-WOO-PLY-9MM,PCS,3150
"TIE-CAB-BLA-10""TIE",PCK,1000
"TIE-CAB-BLA-100MM-4""",PCK,230
TIE-CAB-BLA-150MM,PCK,490
TIE-CAB-BLA-200MM,PCK,630
TIE-CAB-BLA-250MM,PCK,1090
TIE-CAB-BLA-300MM,PCK,1290
"TIE-CAB-BLA-4""",PKT,160
"TIE-CAB-BLA-4""100PC",PCK,283
"TIE-CAB-BLA-4""50PC",PCK,142
"TIE-CAB-BLA-6""",PKT,360
"TIE-CAB-BLA-6""100PC",PCK,425
"TIE-CAB-BLA-6""50PC",PCK,189
"TIE-CAB-BLA-6""TIE",PCK,425
"TIE-CAB-BLA-8""",PKT,380
"TIE-CAB-BLA-8""100PC",PCK,613
"TIE-CAB-BLA-8""50PC",PCK,330
"TIE-CAB-BLA-8""TIE",PCS,566
"TIE-CAB-FL-WHI-10""",PACK,1000
"TIE-CAB-FL-WHI-12""",PACK,1300
"TIE-CAB-FL-WHI-4""",PACK,283
"TIE-CAB-FL-WHI-8""",PACK,566
TIE-CAB-SS-100MM,PCK,290
TIE-CAB-SS-150MM,PCK,320
TIE-CAB-SS-200MM,PCK,340
TIE-CAB-WHI-100MM,PCK,230
TIE-CAB-WHI-150MM,PCK,490
TIE-CAB-WHI-200MM,PCK,630
TIE-CAB-WHI-250MM,PCK,1090
TIE-CAB-WHI-300MM,PCK,1290
TIE-CAB-WHI-8MMX200MM,PCK,1230
TIE-CAB-WHI-8MMX250MM,PCK,1430
TIE-CAB-WHI-8MMX300MM,PCK,1690
TIG-TOR-5M/6M,SET,29900
TIM-BUI-HAG-EH711,PCS,14200
TIM-BUI-NNE-TS-181,PCS,7950
TIM-NEM-MDT-269,PCS,5990
TIM-SUM-0024,PCS,2490
TIM-SUM-DIG-0026,PCS,4790
TL2087POLY-DC4,ROLL,4500
TOI-ACC-PLA-SCR,PAIR,1290
TOI-ACC-PLA-SCR-CJAC6002,SET,530
TOI-ACC-S/S-SCR,PAIR,2900
TOI-ACC-URI,SET,3950
TOI-BAS-BRA,PCS,250
TOI-BAS-FIX-SCR-10MMX120MM,SET,990
"TOI-BAS-FIX-SCR-WHT-120-4.1/2""",PCS,650
TOI-BLA-RUB-FOR-25MM,PCS,500
TOI-CAS-A333,UNIT,119000
TOI-CAS-MILTON,UNIT,85000
TOI-CAS-WD005-S-TRAP,SET,64900
TOI-CAS-WD012,UNIT,46900
TOI-CAS-WD014-P,SET,59900
TOI-CAS-WD014-S,SET,59900
TOI-CER-CS102SQ,NOS,23900
TOI-CER-CS102WH,NOS,23900
TOI-CLO-TRAP-IS6009(BWL),NOS,65900
"TOI-CON-4""X2""",NOS,1990
TOI-COV-SCREW-Y382,SET,390
TOI-ELB-PVC-120,PCS,2450
TOI-FIT-JA375F,UNIT,8500
TOI-FLU-VAL-ISK08,NOS,16500
TOI-FLU-VAL-OC-7415,SET,65000
TOI-HOL-GS-K6,PCS,4850
TOI-HOL-GS-K7,PCS,4950
TOI-HOL-SAN-SWP-BF-3703,PCS,6800
TOI-HOL-SAN-SWP-BF-7909-G,PCS,16900
TOI-PAP-ROL-PVC-9102,PCS,190
TOI-PEDESTAL-BAP600AW,PCS,9900
TOI-PLA-BOW,PCS,2790
TOI-PUM-LIAO-H130005,PCS,1850
TOI-PUS-BOT-CJPB5000,PCS,1280
TOI-SAMA-ACC-U2030,SET,15000
TOI-SAMA-FAU5203-BRA,PAIR,800
TOI-SAMA-U2030,PCS,13000
TOI-SQU-PAN-C205,PCS,17900
TOI-SQU-PAN-SQ01,NOS,18800
TOI-SQU-PAN-SQ01-SET,NOS,75400
TOI-SQU-PAN-SQ05,UNIT,21900
TOI-SQU-PAN-SQ31(P)-WHT,NOS,12800
TOI-SQU-PAN-SQ31(S)-WHT,NOS,12800
TOI-TANGKI-CERASAN,PCS,23000
TOI-TIS-CAB-CB303,UNIT,4290
TOI-TIS-CAB-CB308,UNIT,5990
TOI-TIS-CAB-CB313-WHI,PCS,4500
TOI-TIS-CAB-CPA8127S,UNIT,3700
TOI-TIS-CB318-BL,PCS,5500
TOI-TIS-SOR-SRT313,PCS,6900
TOI-TIS-SOR-SRT314-BL,PCS,7900
TOI-TIS-SOR-SRT360-HP,PCS,5900
TOI-TIS-SOR-SRT366-BL,PCS,7200
TOI-TIS-SRT367-GM,PCS,7900
TOI-TISSUE,PKT,1390
TOI-TRAP-AC15S,NOS,3900
TOI-TRAP-AC532P,NOS,3900
TOI-TRP-C101S-WHT,NOS,12900
TOI-TRP-C102P-WHT,NOS,12900
TOI-TRP-C1310P-WHT,NOS,43900
TOI-TRP-C1310S-WHT,NOS,43900
TOI-TRP-WC2098RL-S,SET,59900
TOI-TRP-WC2110A-P,SET,51900
TOI-TRP-WC-2110A-S,SET,51900
TOI-TRP-WC-2122A-P,SET,46900
TOI-TRP-WC-2122A-S,SET,46900
TOI-TRP-WC-2123A-P,SET,69500
TOI-TRP-WC2300-S,SET,66900
TOI-TRP-WC4501S(BOWL),NOS,37500
TOI-TRP-WC502S-WHT,NOS,37500
TOI-TRP-WC-8605-S,SET,49800
TOI-TRP-WC-8826-S,SET,76900
TOI-TRP-WC-8840-P,SET,79900
TOI-TRP-WC-CWC605-S,PCS,47900
TOI-TRP-WC-CWC7601-RL-S(250MM),PCS,68900
TOI-TRP-WC-CWC7603-S-SH(250MM),PCS,74900
TOI-TRP-WC-CWC8154-S-RL(250MM),PCS,75900
TOI-TRP-WC-SRTWC286-SH-S(250MM),PCS,109900
TOI-TRP-WC-SRTWC8354-SH-UF(250MM),PCS,119900
TOI-TRP-WC-SRTWC8366-S(250MM),PCS,179900
TOI-TRP-WC-SRTWC8504-S,PCS,109900
TOI-TRP-WC-SRTWC8518-SH-S,PCS,94900
TOI-TRP-WC-SRTWC8840-S,PCS,76900
TOI-URI-GS5204,PCS,13800
TOI-WAL-HUNG-URI,NOS,51800
TOI-WAS-DWN-CWC8613-RL-S,NOS,79500
TOI-WAS-SEA-SUNSO,SET,40900
TOL-BUS-BUT-YG886,PCS,990
TOL-POW-500G,BTL,1590
TOO-AXE-GD-2LB,PCS,2790
TOO-AXE-GLO-1.25LB,PCS,2390
TOO-AXE-GLO-1.5LB,PCS,2590
TOO-AXE-GLO-2LB,PCS,2850
TOO-BAG-BHB506-A,PCS,2550
TOO-BAG-MTB002-A,PCS,5450
TOO-BAG-MTB002-E,PCS,6180
TOO-BAG-MTB003-B,PCS,1790
TOO-BAG-MTB003-C,PCS,1990
TOO-BAG-MTB003-D,PCS,2150
TOO-BAG-SD98805,PCS,950
TOO-BAG-SD98811,PCS,2720
TOO-BAG-STA-98-247,PCS,3800
"TOO-BAR-WRE-BEN-18""",PCS,1250
"TOO-BAR-WRE-BEN-24""",PCS,1390
"TOO-BAR-WRE-BEN-30""",PCS,2290
"TOO-BAR-WRE-BEN-36""",PCS,2290
"TOO-BAR-WRE-STR-24""",PCS,1550
"TOO-BAR-WRE-STR-30""",PCS,2290
"TOO-BAR-WRE-STR-36""",PCS,2460
TOO-BOS-BAG-101,PCS,29900
TOO-BOS-HAMM-BRH616,SET,43900
TOO-BOX-MR.MARK-M380,UNIT,2790
TOO-BOX-MR.MARK-M390,PCS,3190
TOO-BOX-NIE-H/D-175,PCS,4590
TOO-BOX-NIE-H/D-178,PCS,4900
TOO-BOX-PVC-8001,PCS,1290
TOO-BOX-STE-TB303,PCS,3690
TOO-BOX-STE-TB502,PCS,6650
TOO-BOX-STE-TB503,PCS,6900
TOO-BOX-STE-TB504,PCS,8900
TOO-BOX-TYG-7710,SET,3690
TOO-BOX-WOR-0506,PCS,4990
TOO-BOX-WOR-0507,PCS,6500
TOO-BOX-WORKER-0513,UNIT,3190
"TOO-BRA-#510-12"" X4",PCS,5950
TOO-BRA-STA-991002130,PCS,9500
"TOO-BUTE-CLMP-CT6-20MM 1/2""",PCS,26500
"TOO-BUTE-CLMP-CT7-25MM 3/4""",PCS,26500
"TOO-BUTE-CLMP-CT8-32MM 1""",PCS,26500
TOO-CHI-15086(P),PCS,500
TOO-CHI-6075,PCS,410
TOO-CHI-6076,PCS,420
TOO-CHI-6077,PCS,570
TOO-CHI-6078,PCS,590
TOO-CHI-CON-W3151A,PCS,1290
TOO-CHI-CON-W3151B,PCS,1450
TOO-CHI-FLAT,PCS,1150
TOO-CHI-HTS200,PCS,990
TOO-CHI-HTS250,PCS,1090
"TOO-CHI-NIE-5""",PCS,680
TOO-CHI-POINT,PCS,980
TOO-CHI-STA-06MM,PCS,2690
TOO-CHI-STA-08MM,PCS,2450
TOO-CHI-STA-10MM,PCS,2550
TOO-CHI-STA-12MM,PCS,2790
TOO-CHI-STA-16MM,PCS,2750
TOO-CHI-STA-18MM,PCS,2880
TOO-CHI-STA-25MM,PCS,3150
TOO-CHI-STA-STHT16120-8,SET,6930
TOO-CHI-THF250,PCS,490
TOO-CHI-THP250,PCS,470
TOO-CHI-W3150A,PCS,1300
TOO-CHI-W3150B,PCS,1390
"TOO-CHI-WOO-4""",PCS,2230
TOO-CHI-WOO-ARA-STC002-A,PCS,1290
TOO-CHI-WOO-ARA-STC002-B,PCS,1360
TOO-CHI-WOO-ARA-STC002-C,PCS,1420
TOO-CHI-WOO-ARA-STC002-D,PCS,1450
TOO-CHI-WOO-GT009,PCS,850
TOO-CHI-WOO-GT012,PCS,850
TOO-CHI-WOO-GT015,PCS,920
TOO-CHI-WOO-GT018,PCS,990
TOO-CHI-WOO-GT025,PCS,1090
TOO-CLA-BLI-B212,PCS,6500
TOO-CLA-F-ATB120350,PCS,4950
TOO-CLA-F-ATB120400,PCS,5290
TOO-CLA-F-ATB120450,PCS,4350
TOO-CLA-F-ATB120X250,PCS,4500
TOO-CLA-F-ATB120X300,PCS,4650
TOO-CLA-F-ATB120X600,PCS,6190
TOO-CLA-F-ATB80X150,PCS,2450
"TOO-CLA-F-ATB80X8""",PCS,2750
"TOO-CLA-F-BLI-10""",PCS,1620
"TOO-CLA-F-BLI-12""",PCS,1720
"TOO-CLA-F-BLI-6""",PCS,1450
"TOO-CLA-F-BLI-8""",PCS,1520
TOO-CLA-G-RED-100,PCS,1290
TOO-CLA-G-RED-125,PCS,1650
TOO-CLA-G-RED-150,PCS,2250
TOO-CLA-G-RED-200,PCS,2950
"TOO-CLA-G-RED-6""",PCS,700
TOO-CLA-GW473100,PCS,2380
TOO-CLA-GW473125,PCS,2850
TOO-CLA-GW473160,PCS,3650
TOO-CLA-GW473200,PCS,4750
TOO-CLA-GW473250,PCS,5950
TOO-CLA-GW47375,PCS,1690
TOO-CLA-SPR-ASC150MM,PCS,430
TOO-CLA-SPR-ASC225MM,PCS,880
TOO-CLA-SPR-PM34226,PCS,650
TOO-CLA-SPR-PM34228,PCS,1150
TOO-COM-GD06,PCS,200
TOO-COM-GD07,PCS,200
TOO-COM-GD08,PCS,250
TOO-COM-GD09,PCS,280
TOO-COM-GD10,PCS,280
TOO-COM-GD11,PCS,320
TOO-COM-GD12,PCS,320
TOO-COM-GD13,PCS,320
TOO-COM-GD14,PCS,320
TOO-COM-GD15,PCS,320
TOO-COM-GD16,PCS,490
TOO-COM-GD17,PCS,490
TOO-COM-GD18,PCS,490
TOO-COM-GD19,PCS,490
TOO-COM-GD20,PCS,520
TOO-COM-GD21,PCS,520
TOO-COM-GD22,PCS,700
TOO-COM-GD23,PCS,760
TOO-COM-GD24,PCS,840
TOO-COM-GD25,PCS,990
TOO-COM-GD26,PCS,1050
TOO-COM-GD27,PCS,1080
TOO-COM-GD28,PCS,1220
TOO-COM-GD29,PCS,1430
TOO-COM-GD30,PCS,1690
TOO-COM-GD32,PCS,1850
TOO-COM-GD33,PCS,3080
TOO-COM-GD34,PCS,3690
TOO-COM-GD35,PCS,3250
TOO-COM-GD36,PCS,4290
TOO-COM-GD38,PCS,4550
TOO-COM-GD41,PCS,5550
TOO-COM-GLO-06MM,PCS,370
TOO-COM-GLO-07MM,PCS,390
TOO-COM-GLO-08MM,PCS,420
TOO-COM-GLO-09MM,PCS,430
TOO-COM-GLO-10MM,PCS,450
TOO-COM-GLO-11MM,PCS,560
TOO-COM-GLO-12MM,PCS,490
TOO-COM-GLO-13MM,PCS,590
TOO-COM-GLO-14MM,PCS,640
TOO-COM-GLO-15MM,PCS,690
TOO-COM-GLO-16MM,PCS,730
TOO-COM-GLO-17MM,PCS,870
TOO-COM-GLO-18MM,PCS,920
TOO-COM-GLO-19MM,PCS,960
TOO-COM-GLO-20MM,PCS,1020
TOO-COM-GLO-21MM,PCS,1090
TOO-COM-GLO-22MM,PCS,1190
TOO-COM-GLO-23MM,PCS,1540
TOO-COM-GLO-24MM,PCS,1690
TOO-COM-GLO-25MM,PCS,1850
TOO-COM-GLO-26MM,PCS,1990
TOO-COM-GLO-27MM,PCS,2350
TOO-COM-GLO-28MM,PCS,2690
TOO-COM-GLO-29MM,PCS,3650
TOO-COM-GLO-30MM,PCS,3790
TOO-COM-GLO-32MM,PCS,3990
TOO-COM-HMTW,SET,21900
TOO-COM-IRO-BUL-06MM,PCS,380
TOO-COM-IRO-BUL-07MM,PCS,390
TOO-COM-IRO-BUL-08MM,PCS,430
TOO-COM-IRO-BUL-09MM,PCS,450
TOO-COM-IRO-BUL-10MM,PCS,460
TOO-COM-IRO-BUL-11MM,PCS,510
TOO-COM-IRO-BUL-12MM,PCS,530
TOO-COM-IRO-BUL-13MM,PCS,540
TOO-COM-IRO-BUL-14MM,PCS,650
TOO-COM-IRO-BUL-15MM,PCS,690
TOO-COM-IRO-BUL-16MM,PCS,850
TOO-COM-IRO-BUL-17MM,PCS,920
TOO-COM-IRO-BUL-18MM,PCS,980
TOO-COM-IRO-BUL-19MM,PCS,1030
TOO-COM-IRO-BUL-20MM,PCS,1190
TOO-COM-IRO-BUL-21MM,PCS,1290
TOO-COM-IRO-BUL-22MM,PCS,1490
TOO-COM-IRO-BUL-23MM,PCS,1660
TOO-COM-IRO-BUL-24MM,PCS,1780
TOO-COM-IRO-BUL-25MM,PCS,1990
TOO-COM-IRO-BUL-26MM,PCS,2260
TOO-COM-IRO-BUL-27MM,PCS,2550
TOO-COM-IRO-BUL-28MM,PCS,2880
TOO-COM-IRO-BUL-30MM,PCS,3390
TOO-COM-IRO-BUL-32MM,PCS,3880
TOO-COM-IRO-BUL-33MM,PCS,5880
TOO-COM-IRO-BUL-34MM,PCS,6650
TOO-COM-IRO-BUL-35MM,PCS,6950
TOO-COM-IRO-BUL-36MM,PCS,7250
TOO-COM-IRO-BUL-38MM,PCS,7880
TOO-COM-IRO-BUL-41MM,PCS,9580
TOO-COM-IRO-BUL-44MM,PCS,11300
TOO-COM-PLI-AC208,PCS,1750
TOO-COM-SET-GD824,SET,5490
TOO-COM-SET-GT632,SET,24500
TOO-COM-SET-GT824,SET,8490
TOO-COM-SET-GT832,SET,12900
TOO-COM-SET-ISS03,SET,6990
TOO-COM-SET-MKX-516115M,SET,9900
TOO-COM-SET-STMT80944-8,SET,15900
TOO-COM-W0287A-08MM,PCS,1880
TOO-COM-W0287B-09MM,PCS,1930
TOO-COM-W0287D-11MM,PCS,2090
TOO-COM-W0287E-12MM,PCS,2290
TOO-COM-W0287F-13MM,PCS,2390
TOO-COM-W0287G-14MM,PCS,2490
TOO-COM-W0287H-15MM,PCS,2720
TOO-COM-W0287I-16MM,PCS,3050
TOO-COM-W0287J-17MM,PCS,3230
TOO-COM-W0287K-18MM,PCS,3290
TOO-COM-W0287M-20MM,PCS,3760
TOO-COM-W0287N-21MM,PCS,3850
TOO-COM-W0305D-8*10MM,PCS,650
TOO-COM-W0305G-10*12MM,PCS,750
TOO-COM-W0305H-11*13MM,PCS,830
TOO-COM-W0305K-13*15MM,PCS,1030
TOO-COM-W0305M-12*14MM,PCS,850
TOO-COM-W0305O-14*17MM,PCS,1050
TOO-COM-W0305R-19*21MM,PCS,1550
TOO-COM-W0305V-22*24MM,PCS,1850
TOO-CON-LIN-8MM,PCS,2290
TOO-CRO-RIM-17192123,PCS,2790
TOO-CRO-RIMW17192123,PCS,3550
TOO-CRO-RIM-WS6,PCS,4590
"TOO-CUT-BOL-GT12""",PCS,3750
"TOO-CUT-BOL-GT14""",PCS,3190
"TOO-CUT-BOL-GT18""",PCS,4590
"TOO-CUT-BOL-GT24""",PCS,5800
"TOO-CUT-BOL-GT36""",PCS,8800
"TOO-CUT-BOL-GT48""",PCS,13900
"TOO-CUT-BOL-MIN-GT8""",PCS,1290
TOO-CUT-BOL-STA-992014318,PCS,12800
TOO-CUT-BOL-STA-992014324,PCS,17900
TOO-CUT-BOL-STA-992014330,PCS,23900
TOO-CUT-BOL-STA-9920144312,PCS,9900
TOO-CUT-BOL-STA-9920144314,PCS,11500
TOO-CUT-BOLW0117A,PCS,6290
TOO-CUT-BOLW0118A,PCS,6950
TOO-CUT-BOLW0119A,PCS,9950
TOO-CUT-BOLW0120A,PCS,14300
TOO-CUT-BOLW0121A,PCS,17500
TOO-CUT-BOLW09,PCS,2190
TOO-CUT-CAL-LMA01-B,PCS,8350
TOO-CUT-CAL-SHE-150MM,PCS,1180
TOO-CUT-CAL-SHE-200MM,PCS,1550
TOO-CUT-CALWS706B,PCS,2050
TOO-CUT-CALWS708B,PCS,2720
TOO-CUT-CALWS-HS250,PCS,15900
TOO-CUT-SNI-W1010B,PCS,3750
TOO-CUT-SNI-W1012B,PCS,4450
TOO-CUT-SNIW107A,PCS,3800
TOO-CUT-SNIW107B,PCS,3790
TOO-CUT-SNIW107C,PCS,3780
TOO-CUT-SNI-W108B,PCS,2950
TOO-CUT-STA-992014562,PCS,6300
TOO-CUT-STA-992014563,PCS,6350
TOO-CUT-STA-992014564,PCS,6400
TOO-DEW-DW810B,PCS,21800
TOO-DRI-20V,UNIT,71900
TOO-DRI-ADA-13MM,SETS,1950
TOO-DRI-ADA-13MM-3PCS,PCS,1550
TOO-DRI-BIC1312,SET,2490
TOO-DRI-BIT-2X110MM(+)(+),PCS,590
TOO-DRI-BIT-2X65MM(+)(-),PCS,410
TOO-DRI-BIT-2X65MM(+)(+),PCS,410
TOO-DRI-BIT-45+-,PCS,220
TOO-DRI-BIT-65++,PCS,240
TOO-DRI-BIT-MAG-MD-02063,PCS,540
TOO-DRI-BIT-PH0265,PCS,390
"TOO-DRI-KEY-1/2""",PCS,480
TOO-DRI-MA039,PCS,3250
TOO-DRI-MAG-BSP037-E,PCS,370
TOO-DRI-MAG-BSP037-F,PCS,420
TOO-DRI-PENGGONG-8114,SET,3780
TOO-DRI-SCR-SET-8928,SET,2390
TOO-DRI-SET-6092,SET,5300
TOO-DRI-SET-FFF-12V,SET,18500
TOO-DRI-SET-MKX-2026-18V,SET,27900
TOO-DRI-SET-MKX-2027-20V,SET,66900
TOO-DRI-SET-WK-PWT-5502,SET,16900
TOO-DRI-SET-WK-PWT-5512,SET,15900
TOO-DRI-SET-WK-PWT-5515,SET,64900
TOO-DRI-WK-PWT-5524,UNIT,29900
TOO-DRV-108LY-VISON,PCS,680
TOO-DRV-13176,PCS,3390
TOO-DRV-2WAY,PCS,190
TOO-DRV-2WAY-100MMX6MM,PCS,850
TOO-DRV-2WAY-380R,PCS,520
TOO-DRV-2WAY-38MMX6MM,PCS,550
TOO-DRV-2WAY-PGG615,PCS,460
TOO-DRV-2WAY-PGG9907,PCS,680
TOO-DRV-2WAYW3082A,PCS,1390
TOO-DRV-ASD43-,PCS,480
TOO-DRV-ASD43+,PCS,480
TOO-DRV-ASD63-,PCS,600
TOO-DRV-ASD63+,PCS,600
"TOO-DRV-BLI-IMP-4""(+)",PCS,710
TOO-DRV-BLI-IMP-4(-),PCS,730
"TOO-DRV-BLI-IMP-6""(-)",PCS,760
"TOO-DRV-BLI-IMP-6""(+)",PCS,760
"TOO-DRV-BLI-IMP-8""(-)",PCS,890
"TOO-DRV-BLI-IMP-8""(+)",PCS,890
TOO-DRV-IMP-2500#,SET,3290
TOO-DRV-KT100-,PCS,560
TOO-DRV-KT100+,PCS,560
TOO-DRV-KT107,PCS,450
TOO-DRV-KT107+Z100,PCS,390
TOO-DRV-KT107+Z125,PCS,410
TOO-DRV-KT107+Z150,PCS,430
TOO-DRV-KT107+Z200,PCS,450
TOO-DRV-KT107-Z100,PCS,390
TOO-DRV-KT107-Z125,PCS,410
TOO-DRV-KT107-Z150,PCS,430
TOO-DRV-KT125-,PCS,590
TOO-DRV-KT125+,PCS,590
TOO-DRV-KT150-,PCS,620
TOO-DRV-KT150+,PCS,620
TOO-DRV-KT200-,PCS,650
TOO-DRV-KT200+,PCS,650
TOO-DRV-KT250-,PCS,1050
TOO-DRV-KT250+,PCS,1050
TOO-DRV-KT2WAY,PCS,820
TOO-DRV-KT300-,PCS,1090
TOO-DRV-KT300+,PCS,1050
TOO-DRV-MAG-8808,SET,3490
TOO-DRV-MAG-BES,PCS,350
TOO-DRV-MAG-GLO865,PCS,430
TOO-DRV-MAG-M1065,PCS,590
TOO-DRV-MAG-M845,PCS,290
TOO-DRV-MAG-M865,PCS,350
TOO-DRV-MAG-TTC8,PCS,830
TOO-DRV-MAS-4X5MM,PCS,600
TOO-DRV-MAS-4X6MM(-),PCS,600
TOO-DRV-MAS-6X6MM,PCS,650
"TOO-DRV-MAS-8X6,,",PCS,750
TOO-DRV-MUL-13178,PCS,490
TOO-DRV-PRE-7391A,SET,1350
TOO-DRV-PRE-7391B,SET,1350
TOO-DRV-RAT-2WAY,PCS,1320
TOO-DRV-S908,PCS,1250
TOO-DRV-SET31IN1,SET,1190
TOO-DRV-SET6PCS,SET,550
TOO-DRV-SET-APS-353,SET,1550
TOO-DRV-SET-APS355,SET,2250
TOO-DRV-SET-BT8027,SET,3490
TOO-DRV-SET-MS,SET,2850
TOO-DRV-SET-STA-6PCS,SET,2090
TOO-DRV-SET-VS935,SET,1420
TOO-DRV-SETW0557,SET,870
TOO-DRV-STA-3X100MM-9960651810,PCS,930
TOO-DRV-STA-3X125MM-9960651820,PCS,950
TOO-DRV-STA-3X150MM-9960651830,PCS,1150
TOO-DRV-STA-5X100MM-9960651870,PCS,920
TOO-DRV-STA-5X150MM,PCS,1080
TOO-DRV-STA-5X200MM,PCS,1380
TOO-DRV-STA-6.5X125MM-99606519,PCS,1260
TOO-DRV-STA-6.5X125MM-9960651920,PCS,1260
TOO-DRV-STA-6.5X150MM-99606519,PCS,1350
TOO-DRV-STA-6.5X150MM-9960651930,PCS,1350
TOO-DRV-STA-6.5X2000MM,PCS,1390
TOO-DRV-STA-6.5X250MM,PCS,1750
"TOO-DRV-STA-PH0-1/8""X4""-996065",PCS,980
"TOO-DRV-STA-PH0-1/8""X4""-9960651580",PCS,980
"TOO-DRV-STA-PH0-1/8""X5""",PCS,1020
"TOO-DRV-STA-PH0-1/8""X6""-996065",PCS,1190
"TOO-DRV-STA-PH0-1/8""X6""-9960651600",PCS,1190
"TOO-DRV-STA-PH-1/4""X04""-996060",PCS,1180
"TOO-DRV-STA-PH-1/4""X04""-996060809",PCS,1180
"TOO-DRV-STA-PH1-3/16""X4""-99606",PCS,990
"TOO-DRV-STA-PH1-3/16""X4""-9960651630",PCS,990
"TOO-DRV-STA-PH1-3/16""X6""",PCS,1080
"TOO-DRV-STA-PH1-3/16""X8""",PCS,1360
"TOO-DRV-STA-PH2-1/4""X05""-99606",PCS,1290
"TOO-DRV-STA-PH2-1/4""X05""-9960651680",PCS,1290
"TOO-DRV-STA-PH2-1/4""X06""-99606",PCS,1320
"TOO-DRV-STA-PH2-1/4""X06""-9960651690",PCS,1320
"TOO-DRV-STA-PH2-1/4""X08""",PCS,1590
"TOO-DRV-STA-PH2-1/4""X10""-99606",PCS,1990
"TOO-DRV-STA-PH2-1/4""X10""-9960651710",PCS,1990
TOO-DRV-STA-PH2-6.5X100MM-9960,PCS,0
TOO-DRV-STA-PH2-6.5X100MM-9960651910,PCS,0
TOO-DRV-STA-SET-13PCS,SET,9500
TOO-DRV-STA-SET-2PCS-996065200,SET,2390
TOO-DRV-STA-SET-4PCS,SET,4480
TOO-DRV-STA-SET-8PCS,SET,7590
TOO-DRV-STA-SET-D6PCS-996092002,SET,5650
"TOO-DRV-STA-TAN-6MM-06""(-)-996",PCS,2550
"TOO-DRV-STA-TAN-6MM-06""(-)-996061891",PCS,2550
"TOO-DRV-STA-TAN-8MM-06""-#3(+)-",PCS,1950
"TOO-DRV-STA-TAN-8MM-06""-#3(+)-996065257",PCS,1950
"TOO-DRV-STA-TAN-8MM-06""(-)-996",PCS,1900
"TOO-DRV-STA-TAN-8MM-06""(-)-996065253",PCS,1900
"TOO-DRV-STA-TAN-8MM-08""(-) 996",PCS,2250
"TOO-DRV-STA-TAN-8MM-08""(-) 996065254",PCS,2250
"TOO-DRV-STA-TAN-8MM-10""-",PCS,3650
"TOO-DRV-STA-TAN-8MM-10""-#3+",PCS,2360
"TOO-DRV-STA-TAN-8MM-12""(-) 996",PCS,3250
"TOO-DRV-STA-TAN-8MM-12""(-) 996065256",PCS,3250
"TOO-DRV-STA-TAN-8MM-12""X#3(+)",PCS,3000
"TOO-DRV-STA-TAN-8MM-12""X#3(+) 996065260",PCS,3000
TOO-DRV-USA-06100,PCS,650
TOO-DRV-WK-8807,SET,3990
TOO-ELE-CRMW0283,PCS,2420
TOO-ELE-GUN-GLU-60W,SET,2390
TOO-ELE-GUN-GLU-80W,PCS,1990
TOO-ELE-GUN-MGG01-60W,PCS,3450
TOO-ELE-GUN-PIN-20-80,PCS,2790
TOO-ELE-GUN-PIN-30W,PCS,1580
TOO-ELE-GUN-PIN-40W,PCS,1790
TOO-ELE-GUN-PIN-60W,PCS,2390
TOO-ELE-GUN-R'KEY-3802-30W,PCS,1350
TOO-ELE-GUN-RKEY-3802-40W,PCS,1490
TOO-ELE-GUN-R'KEY-3802-60W,PCS,1620
TOO-ELE-KNI-W3077,PCS,1350
TOO-ELE-PUMW0617,PCS,790
TOO-ELE-STRW010A,PCS,3190
TOO-ELE-STR-WS104,EA,2150
TOO-ELE-STRWS2204,PCS,1450
TOO-ELE-TES-BRA,PCS,980
TOO-ELE-TES-BT9006,PCS,1290
TOO-ELE-TES-PEN-DB-17151A,PCS,420
TOO-ELE-TES-PEN-HUN,PCS,680
TOO-ELE-TES-PEN-K1304,PCS,330
TOO-ELE-TES-PEN-M'MAN-2520,PCS,290
TOO-ELE-TES-PEN-M'MAN-2522,PCS,550
TOO-ELE-TES-PEN-PHI-17150A,PCS,250
TOO-ELE-TES-PEN-SP9810,PCS,350
TOO-ELE-TES-PEN-W0226,PCS,1580
TOO-ELE-TESW0183,PCS,290
TOO-ELE-TESW0288A,PCS,690
TOO-ELE-WJ-315,PCS,3570
"TOO-EXT-BAR-STA-12MM-05""",PCS,2480
"TOO-EXT-BAR-STA-12MM-10""",PCS,3570
TOO-EXT-BARW0015A,PCS,1050
TOO-EXT-BARW0015B,PCS,1790
TOO-EXT-BAR-W0366A,PCS,6290
TOO-FIL-15095(4),PCS,680
TOO-FIL-15095(5),PCS,750
TOO-FIL-BCC-100MM,PCS,800
TOO-FIL-BCC-200MM,PCS,2750
TOO-FIL-BCC-4.0200MM,PCS,640
TOO-FIL-BCC-4.5200MM,PCS,640
TOO-FIL-BCC-4.8200MM,PCS,640
TOO-FIL-BCC-5.5200MM,PCS,640
TOO-FIL-BES-KY103,PCS,3690
"TOO-FIL-HAL-ROU-WOO-10""",PCS,1390
"TOO-FIL-HAL-ROU-WOO-8""",PCS,1190
TOO-FIL-MET-SENSUI-SNF002-B,PCS,1390
TOO-FIL-MET-SENSUI-SNF003-B,PCS,1590
"TOO-FIL-ORE-3/16""",PCS,390
"TOO-FIL-ORE-7/32""",PCS,380
"TOO-FIL-ROU-WOO-10""",PCS,1270
"TOO-FIL-ROU-WOO-8""",PCS,1050
TOO-FIL-SENSUI-SNF001-B,PCS,1580
TOO-FIL-SENSUI-SNF001-C,PCS,2090
TOO-FIL-SENSUI-SNF001-D,PCS,2590
TOO-FIL-SENSUI-SNF002-C,PCS,1590
TOO-FIL-SENSUI-SNF003-C,PCS,2050
TOO-FIL-SENSUI-SNF004,PCS,1250
"TOO-FIL-SJG150-6""",PCS,970
"TOO-FIL-SJG200-8""",PCS,1120
TOO-FIL-SLIM-100MM-BTSF4,PCS,550
TOO-FIL-SLIM-125MM-BTSF5,PCS,650
TOO-FIL-SLIM-STA-100MM-9920223,PCS,920
TOO-FIL-SLIM-STA-100MM-992022304,PCS,920
TOO-FIL-SLIM-STA-125MM,PCS,1120
TOO-FIL-SLIM-STA-160MM,PCS,1290
"TOO-FIL-WOO-8""",PCS,1550
TOO-GUN-GLU-STA-996069GR10B,PCS,4790
TOO-GUN-GLU-STA-996069GR20B,PCS,7200
TOO-HAM-BAL-GT1.0LB,PCS,1850
TOO-HAM-BAL-GT1.5LB,PCS,2180
TOO-HAM-BAL-GT2.0LB,PCS,2390
TOO-HAM-CHI-GT0.3KG,PCS,1390
TOO-HAM-CHI-GT0.5KG,PCS,1850
TOO-HAM-CHI-NIE-551-22-030,PCS,1260
TOO-HAM-CHI-NIE-551-22-050,PCS,1550
TOO-HAM-CLA-AH23,PCS,1750
TOO-HAM-CLA-DOGYU,PCS,18200
TOO-HAM-CLA-GT21MM,PCS,1290
TOO-HAM-CLA-GT23MM,PCS,1450
TOO-HAM-CLA-GT25MM,PCS,1550
TOO-HAM-CLA-GT27MM,PCS,1730
TOO-HAM-CLA-GT29MM,PCS,1880
TOO-HAM-CLA-MHT2839,PCS,9790
TOO-HAM-CLA-W2611,PCS,2090
TOO-HAM-CLA-W4438A,PCS,2090
TOO-HAM-CLA-W4438B,PCS,2590
TOO-HAM-CRO-GT14MM,PCS,1250
TOO-HAM-CRO-GT16MM,PCS,1350
TOO-HAM-CRO-GT18MM,PCS,1550
TOO-HAM-RUB-16OZ,PCS,830
TOO-HAM-RUB-24OZ,PCS,990
TOO-HAM-SLE-4P,PCS,4250
TOO-HAM-SLE-8P,PCS,8450
TOO-HAM-SLE-GT02LB,PCS,2090
TOO-HAM-SLE-GT03LB,PCS,2590
TOO-HAM-SLE-GT04LB,PCS,2990
TOO-HAM-SLE-GT06LB,PCS,5690
TOO-HAM-SLE-GT08LB,PCS,6700
TOO-HAM-SLE-GT10LB,PCS,8600
TOO-HAM-WOOD-BLI-27MM,PCS,1690
TOO-HAN-L-STA-998686493,PCS,3050
TOO-HAN-L-VIS-12MM,PCS,1590
TOO-HAN-LW0017,PCS,1830
TOO-HAN-RAT-12MM,PCS,2950
TOO-HAN-RAT-MARK-4120NQ,PCS,7990
TOO-HAN-RATSHE12MM,PCS,1090
TOO-HAN-RAT-STA-12MM,PCS,9700
TOO-HAN-SPA-T08MM,PCS,620
TOO-HAN-SPA-T10MM,PCS,670
TOO-HAN-SPA-T12MM,PCS,730
TOO-HAN-T-STA-12MM,PCS,4190
TOO-HAN-TW0019,PCS,1780
TOO-HAN-T-W0363B,PCS,8350
TOO-HEX-WRE-1 1/6-3/8,SET,1190
TOO-HEX-WRE-1.5MM-10MM,SET,1190
TOO-HOK-TIE-250MM,PCS,690
TOO-HOK-TIE-GD250,PCS,750
"TOO-HOL-MAG-BOSSMAN-5""",PCS,3590
"TOO-HOL-MAG-VESIC-3""-BMWH-3",PCS,1490
"TOO-HOL-MAG-VESIC-4""",PCS,2290
TOO-HOL-MAG-WEL-00306F,PCS,790
TOO-HOL-PUN,SET,1890
TOO-HOO-2335#,PCS,920
TOO-HOO-KTTIE,PCS,890
TOO-HOO-STEEL-12000,PCS,1390
TOO-HSS-AHD13,SET,1950
TOO-JAW-PIP-W0365B,PCS,3690
"TOO-LEV-MAG-3804X18""",PCS,2850
"TOO-LEV-MAG-3805X24""",PCS,3580
"TOO-LEV-MAG-SENSUI-12""",PCS,2680
"TOO-LEV-MAG-SENSUI-18""",PCS,2850
"TOO-LEV-MAG-SENSUI-24""",PCS,3090
"TOO-LEV-MAG-SENSUI-36""",PCS,4390
TOO-LEV-MAG-SPI9,PCS,690
"TOO-LEV-SPE-3801X12""",PCS,1380
"TOO-LEV-SPE-3801X18""",PCS,1490
"TOO-LEV-SPE-3801X24""",PCS,1750
TOO-LEV-STA-993042291,PCS,2250
TOO-LEV-SUN-300MM,PCS,1690
TOO-LEV-SUN-450MM,PCS,1990
TOO-LEV-SUN-600MM,PCS,2350
TOO-LEV-SUN-900MM,PCS,2750
TOO-LEV-SUN-9200MM,PCS,3290
TOO-LEV-TOR-22057,PCS,520
TOO-LEV-W0093A300,PCS,1690
TOO-LEV-W0093B400,PCS,1890
TOO-LEV-W0093C500,PCS,2080
TOO-LEV-W0093D600,PCS,2280
TOO-LEV-W0093F1000,PCS,2950
"TOO-LINE-PLI-7""-84035",PCS,0
TOO-LOC-PLI-W0042,PCS,2790
TOO-LOC-PLI-WR10,PCS,1990
TOO-MAG-BIT-26173,PCS,290
TOO-MAG-BIT-BLIMAX,PCS,310
TOO-MAG-MC03A,PCK,390
TOO-MARK-X-MKX-4031,UNIT,13900
TOO-MK-TOL-1559,PCS,4990
TOO-MULTI-STMT81243-840,SET,52900
TOO-NAI-JEA-D11,PCS,720
TOO-NAIL-AB222,PCS,720
TOO-NIE-ALL-KEY-02.5MM,PCS,490
TOO-NIE-ALL-KEY-03MM,PCS,550
TOO-NIE-ALL-KEY-04MM,PCS,650
TOO-NIE-ALL-KEY-05.5MM,PCS,830
TOO-NIE-ALL-KEY-05MM,PCS,750
TOO-NIE-ALL-KEY-06MM,PCS,890
TOO-NIE-ALL-KEY-08MM,PCS,1290
TOO-NIE-ALL-KEY-10MM,PCS,1650
TOO-NIE-ALL-KEY-12MM,PCS,2390
TOO-NIE-ALL-KEY-14MM,PCS,3490
TOO-NIE-ALL-KEY-17MM,PCS,6250
TOO-NIE-ALL-KEY-19MM,PCS,0
TOO-NIE-BIT-SCKT-1/2IN-T25,PCS,2140
TOO-NIE-BIT-SCKT-1/2IN-T27,PCS,2150
TOO-NIE-BIT-SCKT-1/2IN-T30,PCS,2150
TOO-NIE-BIT-SCKT-1/2IN-T40,PCS,2180
TOO-NIE-BIT-SCKT-1/2IN-T45,PCS,2290
TOO-NIE-BIT-SCKT-1/2IN-T50,PCS,2390
TOO-NIE-BIT-SCKT-1/2IN-T55,PCS,2750
TOO-NIE-BIT-SCKT-1/2IN-T60,PCS,2680
TOO-NIE-BIT-SCKT-1/2IN-T70,PCS,3100
TOO-NIE-GRE-NIP-9077,PCS,160
TOO-NIE-MAG-1.5LB-50521024,PCS,2890
TOO-NIE-PLU-COU-20PF,PCS,730
TOO-NIE-PLU-COU-20PH,PCS,750
TOO-NIE-PLU-COU-20PM,PCS,740
TOO-NIE-PLU-COU-20SM,PCS,1980
TOO-NIE-PLU-COU-30PF,PCS,770
TOO-NIE-PLU-COU-30PH,PCS,790
TOO-NIE-PLU-COU-30PM,PCS,780
TOO-NIE-PLU-COU-30SF,PCS,2090
TOO-NIE-PLU-COU-30SH,PCS,2120
TOO-NIE-PLU-COU-30SM,PCS,2150
TOO-NIE-PLU-COU-40PF,PCS,1280
TOO-NIE-PLU-COU-40PH,PCS,950
TOO-NIE-PLU-COU-40PM,PCS,940
TOO-NIE-PLU-COU-40SF,PCS,2190
TOO-NIE-PLU-COU-40SH,PCS,2190
TOO-NIE-PLU-COU-40SM,PCS,2190
TOO-NIE-PLU-COU-600PHA,PCS,3890
TOO-NIE-PLU-COU-800PHA,PCS,5590
TOO-NIE-PLU-COU-SOC-20SF,PCS,1890
TOO-NIE-PLU-COU-SOC-20SH,PCS,1950
TOO-NIE-SCR-EXT-12/240,SET,3290
TOO-NIE-SET-SCR-EXT-6#,SET,2690
TOO-NIE-SOC-COU-600SHA,PCS,9940
TOO-NIE-SOC-COU-800SHA,PCS,11660
"TOO-NIE-SOC-HAN-1/2""-08MM",PCS,780
"TOO-NIE-SOC-HAN-1/2""-10MM",PCS,780
"TOO-NIE-SOC-HAN-1/2""-11MM",PCS,780
"TOO-NIE-SOC-HAN-1/2""-12MM",PCS,780
"TOO-NIE-SOC-HAN-1/2""-13MM",PCS,780
"TOO-NIE-SOC-HAN-1/2""-14MM",PCS,790
"TOO-NIE-SOC-HAN-1/2""-15MM",PCS,880
"TOO-NIE-SOC-HAN-1/2""-16MM",PCS,980
"TOO-NIE-SOC-HAN-1/2""-17MM",PCS,990
"TOO-NIE-SOC-HAN-1/2""-18MM",PCS,1050
"TOO-NIE-SOC-HAN-1/2""-19MM",PCS,1090
"TOO-NIE-SOC-HAN-1/2""-20MM",PCS,1170
"TOO-NIE-SOC-HAN-1/2""-21MM",PCS,1250
"TOO-NIE-SOC-HAN-1/2""-22MM",PCS,1290
"TOO-NIE-SOC-HAN-1/2""-23MM",PCS,1380
"TOO-NIE-SOC-HAN-1/2""-24MM",PCS,1390
"TOO-NIE-SOC-HAN-1/2""-26MM",PCS,1650
"TOO-NIE-SOC-HAN-1/2""-27MM",PCS,1690
"TOO-NIE-SOC-HAN-1/2""-30MM",PCS,2130
"TOO-NIE-SOC-HAN-1/2""-32MM",PCS,2190
"TOO-NIE-SOC-HAN-1/2""-9MM",PCS,780
TOO-NIE-SOC-HDL-08MM,PCS,2590
TOO-NIE-SOC-HDL-10MM,PCS,2580
TOO-NIE-SOC-HDL-12MM,PCS,2590
TOO-NIE-SOC-HDL-13MM,PCS,2880
TOO-NIE-SOC-HDL-14MM,PCS,2890
TOO-NIE-SOC-KEY-L05MM,PCS,2180
TOO-NIE-SOC-KEY-L06MM,PCS,2190
TOO-NIE-SOC-KEY-L08MM,PCS,2200
TOO-NIE-SOC-KEY-L10MM,PCS,2390
TOO-NIE-SOC-KEY-L12MM,PCS,2750
TOO-NIE-SOC-KEY-L14MM,PCS,2950
TOO-NIE-TAM-T10,PCS,650
TOO-NIE-TAM-T20,PCS,770
TOO-NIE-TAM-T25,PCS,870
TOO-NIE-TAM-T27,PCS,920
TOO-NIE-TAM-T30,PCS,1050
TOO-NIE-TAM-T40,PCS,1170
TOO-NIE-TAM-T45,PCS,1300
TOO-NIE-TAM-T50,PCS,1630
TOO-NIE-TAM-T9,PCS,690
"TOO-NYL-PLU-COU-1/4""",PCS,600
"TOO-NYL-PLU-COU-1/4""-NPF20",PCS,190
"TOO-NYL-PLU-COU-1/4""-NPM20",PCS,190
"TOO-NYL-PLU-COU-1/4""-NSF20",PCS,600
"TOO-NYL-PLU-COU-3/8""",PCS,620
"TOO-NYL-PLU-COU-3/8""-NPF30",PCS,230
"TOO-NYL-PLU-COU-3/8""-NPH30",PCS,230
"TOO-NYL-PLU-COU-3/8""-NPM30",PCS,230
"TOO-NYL-PLU-COU-3/8""-NSF30",PCS,630
"TOO-NYL-PLU-COU-3/8""-NSM30",PCS,630
"TOO-NYL-PLU-COU-5/16""",PCS,590
"TOO-NYL-PLU-COU-5/16""-NPH20",PCS,190
TOO-NYL-PLU-COU-NSMV-RND,PCS,2450
TOO-NYL-PLU-COU-NSMY-RND,PCS,2890
TOO-OPE-MBSP012,SET,2090
TOO-PAC-SET-TP16,SET,12500
TOO-PAC-STR-BLA1.5KG,ROLL,730
"TOO-PE-CLMP-CT6-20MM 1/2""",PCS,23900
"TOO-PE-CLMP-CT7-25MM 3/4""",PCS,23900
"TOO-PICK-ALUM-00657T-33""",PCS,3980
"TOO-PICK-SS-36""",PCS,1750
TOO-PLI-CIR-GTEB150,PCS,1210
TOO-PLI-CIR-GTES150,PCS,1220
TOO-PLI-CIR-GTIB150,PCS,1210
TOO-PLI-CIR-GTIS150,PCS,1190
TOO-PLI-CIR-STA-84271,PCS,4960
TOO-PLI-CIR-STA-BE175,PCS,4650
TOO-PLI-CIR-STA-BI175,PCS,4960
TOO-PLI-CIR-STA-SI175,PCS,5200
TOO-PLI-CIRWHB175,PCS,1490
TOO-PLI-CIR-WHB200,PCS,2050
TOO-PLI-CIRWHS175,PCS,1510
TOO-PLI-CIR-WHS200,PCS,2090
TOO-PLI-CIR-WNS01,PCS,2590
TOO-PLI-CIRWSB175,PCS,1650
TOO-PLI-CIR-WSS175B,PCS,1590
TOO-PLI-COM-84001,PCS,8450
TOO-PLI-COM-GT150,PCS,870
TOO-PLI-COM-GT175,PCS,1250
TOO-PLI-COM-GT200,PCS,1350
TOO-PLI-COM-STA-150,PCS,4790
TOO-PLI-COM-W208D,PCS,2090
TOO-PLI-COMW406D150,PCS,1490
TOO-PLI-COMW707D175,PCS,1990
TOO-PLI-CRI-STA-225,PCS,2990
TOO-PLI-CRI-STA-SET-998484253,PCS,5590
TOO-PLI-CUT-170#,PCS,1050
TOO-PLI-CUTW106,PCS,1790
TOO-PLI-DIA-D306-150MM,PCS,1730
TOO-PLI-DIA-GT150,PCS,850
TOO-PLI-DIA-GT175,PCS,1120
TOO-PLI-DIA-K0011,PCS,1290
TOO-PLI-DIA-STA-150,PCS,3390
TOO-PLI-DIA-W106T,PCS,1750
TOO-PLI-DIA-W306,PCS,1750
TOO-PLI-DIA-W608,PCS,1890
TOO-PLI-DIA-WK8803-6,PCS,1950
TOO-PLI-JOI-W508E,PCS,1480
TOO-PLI-JOI-WNS506E,PCS,1120
TOO-PLI-LOC-GRI-W6010,PCS,2550
TOO-PLI-LOC-GT175,PCS,1290
TOO-PLI-LOC-GT250,PCS,1580
TOO-PLI-LOC-WK8090,PCS,2390
TOO-PLI-LON-CT956L,PCS,1990
TOO-PLI-LON-STA-200,PCS,4290
"TOO-PLI-LOS-NOS-GT6""",PCS,890
"TOO-PLI-LOS-NOS-GT8""",PCS,1190
TOO-PLI-NOSW106150,PCS,1590
TOO-PLI-NOSW508200,PCS,1850
TOO-PLI-PUMW5010,PCS,2390
TOO-PLI-PUMW5012,PCS,3150
TOO-PLI-PUMW508,PCS,2090
TOO-PLI-RAB-160MM,PCS,780
TOO-PLI-RAB-W0088B,PCS,1590
TOO-PLI-RIV-ASAKI,PCS,3980
TOO-PLI-RIV-ST69799,PCS,1820
TOO-PLI-RIV-STA-69646,PCS,5490
TOO-PLI-WK7501HB,PCS,2190
TOO-PLI-WK7501HS,PCS,2190
TOO-PLI-WK7501SB,PCS,2190
TOO-PLI-WK7501SS,PCS,2190
TOO-PLI-WK8801-6,PCS,1960
TOO-PLI-WK8801-7,PCS,2290
TOO-PLI-WK8801-8,PCS,2590
TOO-PLI-WK8802-6,PCS,1950
TOO-PLI-WK8802-8,PCS,2290
TOO-PLU-COU-SMV-RND,PCS,3690
TOO-PLU-COU-SMY-RND,PCS,4290
TOO-RIV-HAND-8107#,PCS,3890
TOO-RIV-HAND-WK8094,PCS,2790
TOO-RUL-CAL-150,PCS,2990
TOO-RUL-CAL-200,PCS,4690
TOO-RUL-CAL-516,PCK,890
TOO-RUL-IRN-BLACK,PCS,1050
TOO-RUL-SQU-TRY8,PCS,390
TOO-RUL-SS150,PCS,200
"TOO-RUL-SSS-6289-12""",PCS,400
TOO-RUL-SSS-6289-1M,PCS,2290
"TOO-RUL-SSS-6289-24""",PCS,690
TOO-RUL-STE-250,PCS,450
TOO-RUL-STE-300,PCS,550
TOO-RUL-TRI-A11007,PCS,1290
TOO-RUL-TRI-A11012,PCS,3550
TOO-SCR-EXTW0611,SET,990
TOO-SCR-EXT-W0612,SET,1530
TOO-SET-W018,SET,15900
TOO-SET-W022,SET,18900
TOO-SHE-PURW0437,PCS,1920
TOO-SHE-PURW822A,PCS,1380
TOO-SHE-PURW822B,PCS,1530
"TOO-SOC-1/2""-1.1/4",PCS,2200
"TOO-SOC-1/2""-7/8",PCS,1300
"TOO-SOC-3/4""-1.1/2",PCS,3900
"TOO-SOC-3/4""-1.5/16",PCS,3500
"TOO-SOC-3/4""-1.5/8",PCS,4800
TOO-SOC-CON-BFC24,PCS,590
TOO-SOC-SET-0933X40,SET,3950
TOO-SOC-SET-0955X24,SET,7950
TOO-SOC-SET-10-32MM,SET,6290
TOO-SOC-SET-20009,SET,2350
TOO-SOC-SET-20033,SET,9000
TOO-SOC-SET-4610M,SET,12900
TOO-SOC-SET-4620,SET,36900
TOO-SOC-SET-4627,SET,41900
TOO-SOC-SET-8-32,SET,13900
TOO-SOC-SET-ABT-24PCS,SET,6900
TOO-SOC-SET-B4021M,SET,13500
TOO-SOC-SET-GT-140032A,SET,17900
TOO-SOC-SET-M4009M,SET,11900
TOO-SOC-SETMM25,SET,6500
TOO-SOC-SETMM40,SET,2300
TOO-SOC-SET-STA-998645503,SET,31900
TOO-SPA-BEN-06MM,PCS,950
TOO-SPA-BEN-07MM,PCS,1230
TOO-SPA-BEN-09MM,PCS,1230
"TOO-SPA-BEN-1/2""",PCS,2790
TOO-SPA-BEN-12MM,PCS,1580
TOO-SPA-BEN-15MM,PCS,2150
TOO-SPA-BEN-18MM,PCS,1830
"TOO-SPA-BEN-3/8""",PCS,2490
TOO-SPA-BEN-BLK-06MM,LGHT,1050
TOO-SPA-BEN-BLK-09MM,LGHT,2790
TOO-SPA-BEN-BLK-12MM,LGHT,3850
TOO-SPA-BEN-BLK-16MM,LGHT,6150
TOO-TES-PEN-BT9001,PCS,2090
TOO-TES-PEN-KT1960,PCS,5290
TOO-TES-PEN-STA-(66-119),PCS,430
TOO-TES-PEN-STA-(66-120),PCS,1250
TOO-TIN-CUT-W608A,PCS,2890
TOO-TORX-W9913A,PCS,1890
TOO-TORX-W9913B,PCS,2150
TOO-TYR-LEV-W0014C,PCS,4750
TOO-TYR-LEV-W0014D,PCS,5680
TOO-VIC-FLA-FV01,PCS,5950
"TOO-VIC-GLO-4""",PCS,14500
"TOO-VIC-GLO-5""",PCS,20900
"TOO-VIC-GLO-6""",PCS,23900
"TOO-VIC-GLO-8""",PCS,39900
TOO-VIC-MI-150MM,PCS,45900
TOO-VIC-TAB-50MM,PCS,3190
TOO-VIC-TAB-60MM,PCS,3590
TOO-VIC-TAB-70MM,PCS,3990
TOO-VIC-W2484,PCS,34900
TOO-VIC-W2485,PCS,39500
TOO-VIC-W2486,PCS,41900
TOO-WK-PWT-5506,UNIT,15900
TOO-WK-PWT-5513,UNIT,53900
TOO-WRE-1011#,PCS,850
TOO-WRE-1EMHT020,PCS,3950
TOO-WRE-3WAY-101214,PCS,1180
TOO-WRE-3WAY-121417,PCS,1060
TOO-WRE-3WAY-141719,PCS,1350
TOO-WRE-ADJ-EAW110ST,PCS,3080
TOO-WRE-ADJ-EAW140ST,PCS,3590
TOO-WRE-ADJ-EAW150S,PCS,3390
TOO-WRE-ADJ-GD150,PCS,880
TOO-WRE-ADJ-GD200,PCS,1090
TOO-WRE-ADJ-GD250,PCS,1450
TOO-WRE-ADJ-GD300,PCS,1990
TOO-WRE-ADJ-GD375,PCS,4590
TOO-WRE-ADJ-GD450,PCS,6200
TOO-WRE-ADJ-GT150,PCS,1050
TOO-WRE-ADJ-GT200,PCS,1190
TOO-WRE-ADJ-GT250,PCS,1490
TOO-WRE-ADJ-GT300,PCS,1990
TOO-WRE-ADJMW2914,PCS,2980
TOO-WRE-ADJ-PIN-BLM185,PCS,750
TOO-WRE-ADJ-STA-250,PCS,4690
TOO-WRE-ADJ-STA-300,PCS,6290
TOO-WRE-ADJ-STA-STMT87431-8,PCS,3190
TOO-WRE-ADJ-STA-STMT87432-8,PCS,3990
TOO-WRE-ADJW300,PCS,4490
TOO-WRE-ADJW375,PCS,9750
TOO-WRE-AHD10,UNIT,4590
TOO-WRE-AIR-EA-1302,UNIT,31900
TOO-WRE-AIR-RT1206,UNIT,10800
TOO-WRE-AIR-RT1206K,UNIT,10800
TOO-WRE-AIR-RT5268K,UNIT,39500
TOO-WRE-AIR-RT5562,UNIT,89800
TOO-WRE-AIR-RT5563,UNIT,98800
TOO-WRE-AIR-RT5770,UNIT,129900
TOO-WRE-BAS-ABT11,PCS,2450
TOO-WRE-BELW0020B,PCS,4680
TOO-WRE-CHAW0021B,PCS,4590
TOO-WRE-DOU-0809,PCS,1080
TOO-WRE-DOU-0810,PCS,1180
TOO-WRE-DOU-1011,PCS,1220
TOO-WRE-DOU-1012,PCS,1290
TOO-WRE-DOU-1213,PCS,1390
TOO-WRE-DOU-1214,PCS,1530
TOO-WRE-DOU-1415,PCS,1790
TOO-WRE-DOU-1417,PCS,1890
TOO-WRE-DOU-1617,PCS,2190
TOO-WRE-DOU-1719,PCS,2350
TOO-WRE-FOLW0408,PCS,1990
TOO-WRE-FOLW0409,PCS,2080
TOO-WRE-KEY-10PCSMM,SET,570
TOO-WRE-KEY-69213,SET,3250
TOO-WRE-KEY-69251,SET,2880
TOO-WRE-KEY-69253,SET,3190
TOO-WRE-KEY-A30800,SET,2190
TOO-WRE-KEY-ASUMA-MALK001-A,SET,480
TOO-WRE-KEY-ASUMA-MALK001-C,SET,650
TOO-WRE-KEY-ATHM-4,PCS,540
TOO-WRE-KEY-ATHM-5,PCS,690
TOO-WRE-KEY-ATHM-6,PCS,920
TOO-WRE-KEY-ATHM-8,PCS,1390
TOO-WRE-KEY-KTBAL-12004,SET,1390
TOO-WRE-KEY-KTBAL12005,SET,1590
TOO-WRE-KEY-KTBAL12006,SET,1890
TOO-WRE-KEY-KTFOL14042,SET,1400
TOO-WRE-KEY-KTFOL14043,SET,1400
TOO-WRE-KEY-KTHEX12002,SET,1400
TOO-WRE-KEY-KTHEX12003,SET,2080
TOO-WRE-KEY-MD06218,SETS,3390
TOO-WRE-KEY-SET-MM,SET,1050
TOO-WRE-KEY-W0198A,SET,1950
TOO-WRE-KEY-W0199A,SET,2250
TOO-WRE-KEY-WK53506M,SET,2990
TOO-WRE-KEY-WK53511M,SET,2990
TOO-WRE-KEY-WK53513M,SET,2990
TOO-WRE-KPT-14SHM,UNIT(S),46900
TOO-WRE-KPT-220P,UNIT(S),79800
TOO-WRE-L-W0023C,PCS,2190
TOO-WRE-MARS,PCS,4390
TOO-WRE-MII-6120#,PCS,3690
TOO-WRE-OIL-505-26-203,PCS,0
TOO-WRE-OIL-BSP012,PCS,2350
TOO-WRE-OIL-FW-7008A,PCS,1990
TOO-WRE-OIL-FW-7008B,PCS,2690
TOO-WRE-OIL-HS1084,PCS,3490
TOO-WRE-OIL-MBSP007,PCS,2890
TOO-WRE-OIL-TH10-O,PCS,1290
"TOO-WRE-OIL-VIV-6""",PCS,1650
TOO-WRE-PIP-A1200MM,PCS,13500
TOO-WRE-PIP-A150MM,PCS,1000
TOO-WRE-PIP-A200MM,PCS,1350
TOO-WRE-PIP-A250MM,PCS,1950
TOO-WRE-PIP-A300MM,PCS,2250
TOO-WRE-PIP-A350MM,PCS,2990
TOO-WRE-PIP-AWS005-E,PCS,3150
TOO-WRE-PIP-W200C,PCS,2150
TOO-WRE-PIP-W250C,PCS,2650
TOO-WRE-PIP-W300C,PCS,3390
TOO-WRE-PIP-W350C,PCS,4090
TOO-WRE-PIP-W450C,PCS,5890
TOO-WRE-PIP-W600C,PCS,7950
TOO-WRE-PIP-W900C,PCS,15200
"TOO-WRE-PLU-13/16""",PCS,1150
"TOO-WRE-PLU-5/8""",PCS,1180
TOO-WRE-PLU-T008,PCS,790
TOO-WRE-PLU-T010,PCS,820
TOO-WRE-PLU-T012,PCS,920
TOO-WRE-SET-69256,SET,7390
TOO-WRE-SPAW0196,PCS,3980
TOO-WRE-TORX-14038,SET,1750
TOO-WRE-WK8089-08,PCS,2280
TOO-WRE-WK8089-10,PCS,3090
TOO-WRE-WK8089-12,PCS,4390
TOPLUS-224-07L,CAN,5390
TOPLUS-288-07L,CAN,5390
TOPLUS-300-07L,CAN,5390
TOPLUS-432-07L,CAN,5390
TOPLUS-565-07L,CAN,5390
TOPLUS-570-07L,CAN,5390
TOPLUS-658-07L,CAN,5390
TOPLUS-9102-07L,CAN,5200
TOPLUS-GOLD-5L-A,CAN,8590
TOPLUS-GOLD-5L-B,CAN,8350
TOPLUS-GOLD-5L-C,CAN,11000
TOPLUS-GOLD-5L-D,CAN,0
TOPLUS-HIG-GLO-1L-A,CAN,0
TOPLUS-HIG-GLO-1L-B,CAN,0
TOPLUS-HIG-GLO-1L-C,CAN,3610
TOPLUS-HIG-GLO-1L-D,CAN,0
TOPLUS-HIG-GLO-5L-A,CAN,8590
TOPLUS-HIG-GLO-5L-B,CAN,0
TOPLUS-HIG-GLO-5L-C,CAN,0
TOPLUS-HIG-GLO-5L-D,CAN,0
TOPLUS-WEA-PLUS-5L-A,CAN,14100
TOPLUS-WEA-PLUS-5L-B,CAN,0
TOPLUS-WEA-PLUS-5L-C,CAN,13580
TOPLUS-WEA-PLUS-5L-D,CAN,14830
TOR-ENE-HDD-6V,PCK,6880
TOR-ENE-HDT-6V,PCS,3750
TOR-ENE-LED-2AA,PCK,2150
TOR-ENE-LED-2AAW,PCK,1290
TOR-ENE-LED-2D,PCK,3590
TOR-ENE-LED-2DW,PCK,1630
TOR-HAN-LAMP-KM2609,PCS,2350
TOR-LIG-HEA-98077,PCS,3990
TOR-LIG-HEA-GD-G010,SET,1980
TOR-LIG-HEA-KX1805,PCS,3150
TOW-CAB-CB391-36,UNIT,4800
TOW-CAB-CB553-26,UNIT,10500
TOW-CAB-CB583-32,UNIT,11600
TOW-CAB-CB702,UNIT,10900
TOW-CAB-CB705,UNIT,20000
TOW-CAB-CB720-GM,PCS,16900
TOW-CAB-CB771,UNIT,5900
TOW-CAR-AA-XL,PACK,1980
TOW-CAR-MIN-AR-4030,PCS,590
TOW-CAR-MIN-JIN-3070,PCS,270
TOW-CON-MIN66A52,PCS,430
TOW-CON-MIN96,PCS,200
TOW-PRE-BK3802,UNIT,12900
TOW-ROP-5T4M,PCS,3590
TOW-ROP-STE-104M,PCS,2990
TOW-SAN-SWP-BF-3704,PCS,6900
TOW-SAN-SWP-BF-3708,PCS,8800
TOW-SAN-SWP-BF-3709,PCS,10500
TOW-SAN-SWP-BF-3711,PCS,23800
TOW-SAN-SWP-BF-3712,PCS,16800
TOW-SAN-SWP-BF-3713,PCS,9800
TOW-SAN-SWP-BF-3714,PCS,12900
TOW-SAN-SWP-BF-7902-G,PCS,39900
TOW-SAN-SWP-BF-7903-G,PCS,21800
TOW-SAN-SWP-BF-7904-G,PCS,16800
TOW-SAN-SWP-BF-7908-G,PCS,7900
TOW-SAN-SWP-BF-7910-G,PCS,12800
TOW-SAN-SWP-BF-7911,PCS,11800
TOW-SOR-SRT2408-GM,PCS,14900
TOW-SOR-SRT345-HP,PCS,14900
TOW-SOR-SRT349-HP,PCS,8900
TOW-SOR-SRT446-RG,PCS,18500
TOW-SOR-SRT764-24-RG,PCS,33900
TOW-SOR-SRT9540-BL,PCS,16900
TOW-SOR-SRT9540-FRG,PCS,19900
TOW-SOR-SRT9541-BL,PCS,18900
TOW-SRT449-RG,PCS,10800
TOW-SRT764-24-CR,PCS,31900
TOW-STB-08023(3/4),PAIR,450
TOW-STB-08024,PAIR,390
TOW-VAGO-V8801,SET,1670
TOYOTA,UNIT(S),0
TRA-CHA,LOT,0
TRANSPORTATION,UNIT(S),0
TRA-REC-5300,PCS,0
TRA-REC-EEL-132,PCS,0
TRA-RED-KKP-405,PC(S),0
TRA-SOC-GTE-2G-28060022,PCS,1890
TRA-SOC-GTE-3G-28060023,PCS,2150
TRA-SOC-GTE-4G-28060024,PCS,2390
TRA-SOC-GTE-4G-28060034,PCS,2670
TRA-SOC-GTE-4G-28060054,PCS,2790
TRA-SOC-GTE-5G-28060025,PCS,2650
TRA-SOC-METAL-125502,PCS,6350
TRA-SOC-METAL-125503,PCS,5090
TRA-SOC-METAL-125504,PCS,6350
TRCK-(0.40MM)-50MM- 10FTS,PCS,490
TRCK-(0.40MM)-75MM -8FTS,PCS,580
TRCK-(0.40MM)-75MM-10FTS,PCS,680
TRIM-ZINC-YKA006,PCS,1490
TRO-PVC-BT995T/H,PCS,990
TRO-SHO-CNSC5001,SET,7800
TV-ANT-HM-HAT-003,SET,780
TYRE-LEVER,PCS,990
TYR-TUB-PRE-13X3,PCS,860
UMB-CHI-MIX,PCS,1650
UMB-MIX-RAINBOW,PCS,1750
VAC-BAG-6904-322,PCS,7700
VAC-DEC-BHFEA18D1,UNIT,59800
VAC-DEC-D1E20V,UNIT,39800
VAC-DEC-DVA315JF,UNIT,33800
VAC-DEC-ROB-BRVA425B00-B1,UNIT,109900
VAC-HYU-HD-1600,UNIT,45500
VAC-HYU-HD-1600E,UNIT,37900
VAC-HYU-HD-1800,UNIT,52900
VAC-KHI-VC675,SET,24900
VAC-KHI-VC68P,SET,20800
VAC-KHI-VC8020MS,SET,35800
VAC-KHI-VC8630,SET,15900
VAC-MID-MVC-SC861R,PCS,10800
VAC-MID-MVC-V18K-BG,PCS,23900
VAC-PSN-MC-CG370GV47,PCS,26900
VAC-PSN-MC-CG371AV47,PCS,30800
VAC-PSN-MC-CG373RV47,PCS,35800
VAC-PSN-MC-CL561AV47,PCS,35900
VAC-PSN-MC-CL563RV47,PCS,50900
VAL-ANG-CA1002QH,PCS,1850
VAL-ANG-CVL-6763,PCS,1520
VAL-ANG-CVL-CA2003,PCS,1390
VAL-ANG-CVL-CA5007,PCS,990
VAL-ANG-CVL-CA8331,PCS,2290
VAL-ANG-CVL-CA9001,PCS,1250
VAL-ANG-CVL-CA9003,PCS,1150
VAL-ANG-CVL-CA9008,PCS,1750
VAL-ANG-CVL-CA9009,PCS,2690
VAL-ANG-JOP-MQWC02-SB,PCS,850
VAL-ANG-JOP-MQWC05-SB,PCS,750
VAL-ANG-SRTWT908SS,PCS,3980
VAL-ANG-SRTWT908SS-BL,PCS,4200
VAL-ANG-VIP-V4113,PCS,3090
VAL-BAL-CNN-12MM,PCS,730
VAL-BAL-CNN-18MM,PCS,1050
VAL-BAL-CNN-25MM,PCS,1850
VAL-BAL-CNN-38MM,PCS,2890
VAL-BAL-CNN-50MM,PCS,4090
VAL-BAL-ITA-12MM,PCS,1550
VAL-BAL-ITA-18MM,PCS,1990
VAL-BAL-ITA-25MM,PCS,2690
VAL-BAL-ITA-50MM,PCS,12200
VAL-BAL-KK-K-201B/L,PCS,1890
VAL-BAL-MIN-BV3WF,PCS,2780
VAL-BAL-MIN-BV3WM,PCS,2750
VAL-BAL-MIN-ECC12FF,PCS,760
VAL-BAL-MIN-ECC12MF,PCS,750
VAL-BAL-MIN-ECC12MM,PCS,780
VAL-BAL-MIN-ECC3W,PCS,1390
"VAL-BAL-MIN-FF-1/4""X1/4""",PCS,550
"VAL-BAL-MIN-FH-1/4""X5/16""",PCS,590
VAL-BAL-MIN-HH-1/4,PCS,690
"VAL-BAL-MIN-MH-1/4""X5/16""",PCS,540
"VAL-BAL-MIN-MM-1/4""X1/4""",PCS,550
VAL-BAL-MMAN-7733#X1,PCS,650
VAL-BAL-MMAN-7733#X1/2,PCS,330
"VAL-BAL-M'MAN-7733#X3/4""",PCS,450
"VAL-BAL-M'MAN-7755#X1/2""",PCS,330
"VAL-BAL-M'MAN-7755#X3/4""",PCS,420
VAL-BAL-PVC-ECC112SE,PCS,2790
VAL-BAL-PVC-ECC12SE,PCS,1090
VAL-BAL-PVC-ECC1SE,PCS,1990
VAL-BAL-PVC-ECC2SE,PCS,3890
VAL-BAL-PVC-ECC34SE,PCS,980
VAL-BAL-PVC-ECC34-THE,PCS,930
VAL-BAL-VIP-343-12MM,PCS,1950
VAL-BAL-VIP-343-18MM,PCS,2590
VAL-BAL-VIP-343-25MM,PCS,4290
VAL-BAL-VIP-FF12MM,PCS,1250
VAL-BAL-VIP-MF12MM,PCS,1190
VAL-BAL-VIP-MM12MM,PCS,1280
VAL-CAB-CB1178A,UNIT,2450
VAL-CAB-CB1180-RG,PCS,3950
VAL-CAB-CB2131,UNIT,3200
VAL-CAB-CB2132,UNIT,3200
VAL-CAB-CB2133,UNIT,3200
VAL-CAB-CB2135,UNIT,3200
VAL-CAB-CB2136,UNIT,3200
VAL-CAB-CB5100,UNIT,5300
VAL-CAB-CB9100,UNIT,5300
VAL-CAB-CSK12A,UNIT,8100
VAL-CAB-CSK13A,UNIT,8100
VAL-CAB-CSK14B,UNIT,14900
VAL-CAB-CSK15A,UNIT,8800
"VAL-CHE-BRA-VIP523-1""",PCS,2890
"VAL-CHE-BRA-VIP523-3/4""",PCS,2350
VAL-FOOT-BRA-KITA,PCS,1890
VAL-FOOT-BRA-VIP526,PCS,2550
"VAL-FOOT-BRA-VIP526-3/4""",PCS,1750
VAL-GAT-ITA-12MM,PCS,1150
VAL-GAT-ITA-18MM,PCS,1380
VAL-GAT-ITA-25MM,PCS,1900
VAL-PVC-LD810# 25MM,PCS,1520
VAL-RUB-WHI-1 1/2MM,PCS,420
VAL-SAN-SW-SS-AV-77,PCS,2400
VAL-SAN-SW-SS-AV-78,PCS,1800
VAL-SAN-SW-SS-AV-80,PCS,2500
VAL-SOR-SRTWT806,PCS,4500
VAL-SOR-SRTWT808,PCS,3200
VAL-SOR-SRTWT908SS-GM,PCS,4300
VALUE-LIG-EVE-VPHDL4,PCK,4690
VALUE-LIG-EVE-VPHHL4,PCK,4150
VAN-KIT-CLE-500ML,TIN,1350
VEL-KOV-P320,PCS,190
VEL-KOV-P360,PCS,190
VEL-KOV-P80,PCS,190
"VEL-SAN-4""-120#",BOX,6900
"VEL-SAN-4""-150#",BOX,6900
"VEL-SAN-4""-40#",BOX,6900
VER-MAR-3M-DG3SM,PCS,450
VER-MAR-3M-HRZTL,PAIR,7900
VHB-4019-3M,MTR,1380
VHB-4019-3M-0.5MTR,MTR,680
V-MORE-V15-PVC-KNIFE,PCS,190
VPC-38R,UNIT(S),0
WAL-DOW-071/1 W,PCS,2200
WAL-DOW-072/1 W,PCS,2200
WAL-DOW-2117-E27,PCS,14800
WAL-DOW-6003S/1S-AB,PCS,3980
WAL-DOW-6003S/1S-BLK,PCS,3980
WAL-DOW-6003S/1W-BLK,PCS,3950
WAL-DOW-6003S-1W-AB,PCS,3950
WAL-DOW-81157-1 BK,PCS,4500
WAL-DOW-82268-2BK,PCS,5900
WAL-DOW-8401/1S,SET,4500
WAL-DOW-9168/1W,PCS,5900
WAL-DOW-9169/1W,PCS,5900
WAL-DOW-9172/1W,PCS,5900
WAL-DOW-B204/1W,SET,7300
WAL-DOW-B212/1W,SET,7300
WAL-DOW-NF-1801/10OP,PCS,5900
WAL-DOW-NF-1801/12OP,PCS,8900
WAL-DOW-RX2606/1R,SET,4500
WAL-DOW-YB-A7201S/W/AB,PCS,6900
WAL-DOW-YB-K7503M/G/AB,PCS,10900
WAL-FOA-PE,SQFT,30
WAL-FOL-DRY-RAC-1336,SET,19900
WAL-FOL-V8500,SET,18900
WALL-COU-16A-3PIN,PCS,1038
WALL-COU-32A-4PIN,PCS,1557
WALL-PLUG-32A-3PIN,PCS,1368
WALL-PLUG-32A-4PIN,UNIT,1200
WALL-SOC-32A-3PIN,PCS,1368
WALL-SOC-W/P-32A-3PIN,PCS,1604
WAL-PLU,PCS,100
WAL-PLU-H/DUTY-630A,PCK,430
WAL-PLU-H/DUTY-630B,PCK,820
WAL-PLU-H/DUTY-630C,PCK,1480
WAL-PLU-JWP-6MM,PCK,520
WAL-PLU-JWP-8MM,PCK,690
"WAL-PLU-NYLON-8#X3""",PCK,350
WAL-PLU-S/S-60MM,PCS,160
WAL-PLU-S/S-70MM,PCS,190
WAL-PLU-S/S-80MM,PCS,420
WAL-PLU-S/S-CC225-M6X60MM,PCS,170
WAL-PLU-S/S-CC226-M8X70MM,PCS,220
WAL-PLU-S/S-CC227-M10X80MM,PCS,450
WAL-PLU-S/S-CC228-M12X100MM,PCS,670
WAS-BAS-BA802-WHT,NOS,7900
WAS-BAS-BA805-WHT,NOS,6900
WAS-BAS-FIL-S90(185),PCS,240
WAS-BAS-IS8025A,NOS,37900
WAS-BAS-IS8207,NOS,47900
WAS-BAS-IS9265,PCS,41900
WAS-MAC-JT-XYJ01,PCS,390
WAS-MAC-JT-XYJ02,PCS,560
WAS-SPR-LUX-LT01/80MM,PCS,2190
WAS-SPR-LUX-LT02/80MM,PCS,1930
WAS-TAP-PAI,PCS,350
WAS-TAP-PAI-006,PCS,280
"WAS-TAP-PAI-1.5""",PCS,690
WAT-DWA020,PCS,0
WAT-FIL-1200-ACQUA-REFILL,UNIT,41900
WAT-FIL-2000-ACQUA-REFILL,UNIT,39900
WAT-FIL-6000L-GA17,UNIT,109900
WAT-FIL-FMS-WF0051-5WPMIX,SET,2190
WAT-FIL-FMS-WF0090-1WLMIX,PACK,1390
WAT-FIL-X5-ACQUA,UNIT,79900
WAT-FIL-X8-ACQUA-KHX8,UNIT,129800
WAT-NOZ-ADP-026B,PCS,1690
WAT-TAN-BLU-,UNIT,30800
WAT-TAN-BLU-R2.3T,UNIT,17500
WAT-TAP-BLU,DRUM,23900
WAT-TUB-8105C,PCS,190
WAT-TUB-E72,PCS,450
WAT-TUB-JSH-J908,PCS,290
WAT-TUB-TSP-2021,PCS,450
WAX-POL-99,PCS,4790
WEL-CAB-UNI-400AMP,MTR,1090
WEL-CAB-UNI-500AMP,MTR,1590
WEL-CAB-WEL-300AMP,MTR,750
WEL-COL-1.6MM,PCS,400
WEL-COL-BOD-1.6MM,PCS,700
WEL-ELE-BRA-3MM,KGS,8300
WEL-ELE-J38.12-2.5MM,PCK,1590
WEL-ELE-J38.12-3.2MM,PCK,2980
WEL-ELE-J38.12-4.0MM,PCK,3190
WEL-ELE-KOB-LB5218-2.6MM,PCK,6990
WEL-ELE-KOB-LB5218-3.2MM,PCK,5900
WEL-ELE-KOB-LB5218-4.0MM,PCK,5690
WEL-ELE-KOB-LB5218-5.0MM,PCK,5280
WEL-ELE-KOB-LB52-2.6MM,PCK,7750
WEL-ELE-KOB-LB52-3.2MM,PCK,7090
WEL-ELE-KOB-LB52-4.0MM,PCK,6590
WEL-ELE-KOB-RB26-2.6MM,PCK,6150
WEL-ELE-KOB-RB26-3.2MM,PCK,5790
WEL-ELE-KOB-RB26-4.0MM,PCK,5850
WEL-ELE-MIG-0.8MM,ROLL,5950
WEL-ELE-MIG-0.8MM-15KGS,ROLL,13100
WEL-ELE-NSW-308L-2.6MM,KGS,4600
WEL-ELE-NSW-308L-3.2MM,KGS,3400
WEL-GLA-BLA-NO.10,PCS,100
WEL-GLA-BLA-NO.11,PCS,80
WEL-GLA-CLE,PCS,60
WEL-HOL-3615,PCS,2190
WEL-HOL-BUT-600AMP,PCS,2490
WEL-HOL-SAM-600AMP,PCS,2390
WEL-LON-BAC-CAP,PCS,1300
WEL-MAC-ACC-MIG200GL,PCS,400
WEL-MAC-ACC-NOZ-MIG200GL,PCS,1200
WEL-MAC-ACO-S200,UNIT,49800
WEL-MAC-CON-1.0MM,PCS,150
WEL-MAC-FIG-MIG200MINI-R,UNIT(S),133800
WEL-MAC-FIG-MIG-202GL,UNIT,59900
WEL-MAC-FIG-MIG-205DI,UNIT,169900
WEL-MAC-FIG-MMA160,UNIT,37900
WEL-MAC-FIG-MMA200,UNIT,63900
WEL-MAC-FIG-MMA450-R,UNIT(S),199800
WEL-MAC-FIG-TIG-200,UNIT,139500
WEL-MAC-IWE-MIG-220I,UNIT,219800
WEL-MAC-IWE-MIG-GMAW200DI,UNIT,109500
WEL-MAC-IWE-TIG-220A,UNIT,132900
WEL-MAC-KEN-MMA160A,UNIT,34900
WEL-MAC-MAR,UNIT,32900
WEL-MAC-MAR-ARC1,UNIT,37900
WEL-MAC-MIG-MINI-200A,UNIT,158800
WEL-MAC-PAR-CON-0.8MM,PCS,390
WEL-MAC-PAR-NOZ-GAS,PCS,690
WEL-MAC-STA-MIG160,UNIT,57900
WEL-MAC-STW-120G,UNIT,31800
WEL-MAC-STW-160E,UNIT,36900
WEL-MAC-STW-200E,UNIT,39800
WEL-MAC-STW-250G,UNIT,119000
WEL-NOZ-BOC-A1/16,PCS,1550
WEL-NOZ-BOC-A1/32,PCS,1550
WEL-NOZ-BOC-A3/64,PCS,1550
WEL-NOZ-BOC-P1/16,PCS,1150
WEL-NOZ-BOC-P1/32,PCS,1150
WEL-NOZ-BOC-P3/64,PCS,1150
WEL-NOZ-SET,PCS,690
WEL-REG-IW-23AR,PCS,11300
WEL-REG-IW-23CR,PCS,11300
WEL-REG-UNI-ACE,NOS,12950
WEL-REG-UNI-OXY,NOS,12950
WEL-REG-YAM-ACT,PCS,7390
WEL-REG-YAM-OXY,PCS,7990
WEL-SHI-BLA-HAND,PCS,750
WEL-SHI-BLA-HEAD,PCS,1090
WEL-TOR-UNI-CUT,NOS,17900
WEL-TOR-UNI-WEL,NOS,9450
WEL-TOR-YAM-CUT,PCS,8150
WEL-TOR-YAM-WEL,PCS,6500
WHE-M'MAN-1168#,SET,1190
WHE-M'MAN-1169#,SET,1190
"WHE-NYL-CAS-2""-2268#",SET,1250
WIN-ALUM-0404,SET,21000
WIN-ALUM-0406,SET,34000
WIN-BRA-DOU-7009,PCK,1590
WIN-BRA-SIN-7008,PCK,690
WIN-CAP-4004,PCK,330
WIN-HOO-PIN-8406,PCK,330
WIN-HOO-PIN-8430,PCK,200
WIN-LOU-YNC-10B,SET,3790
WIN-LOU-YNC-6B,SET,2280
WIN-LOU-YNC-7B,SET,2380
WIN-LOU-YNC-8B,SET,2480
WIN-LOU-YNC-9B,SET,3300
WIN-ROLLER,PAIR,380
WIN-ROL-MAS-4002X10SET,SET,250
WIN-ROL-PVC-25PCS,PACK,330
WIN-ROL-PVC-4003,BAG,4198
WIN-ROL-PVC-50PCS,PACK,566
WIN-SLI-115CMX153CM,SET,34650
WIN-SLI-4'X3',SET,17500
WIR-BRC-210X4X8-2.8MM,PCS,5000
WIR-BRC-213X4X8-2.3MM,PCS,3700
WIR-BRC-601X30M,ROLL,14200
WIR-BRC-65C-45M,ROLL,45900
WIR-BRC-66AX45M,ROLL,36000
WIR-BRC-66C-45M,ROLL,23900
WIR-HAC-KIN-TOP-10,PCS,790
WK-5513-PART-AXIS,PCS,8800
WOO-7/8X48,PCS,230
WOO-BER-2-5-12',PCS,15500
WOO-BER-2-6-12',PCS,17200
WOO-BER-4-4-12,PCS,24500
WOO-BER-4-4-4,PCS,6500
WOO-BER-4-4-8,PCS,14900
WOO-CANGKUL-ROU,PCS,1190
WOO-CAR-SET-6PCS,SET,570
WOO-DOU-06',PCS,130
WOO-DOU-08',PCS,200
WOO-DOU-10',PCS,250
WOO-FIG-JOI,PCS,1150
WOO-FIG-JOI-10',PCS,1000
WOO-HOE-BELIAN,PCS,2390
WOO-HOE-CANGKUL,PCS,1090
WOO-HOE-CANGKUL-HARDWOOD,PCS,1290
WOO-HOE-HARDWOOD,PCS,1490
WOO-KAY-BIA-2-5-12,PCS,5500
WOO-KAY-BIA-2-5-16,PCS,7400
WOO-KAY-BIA-2-6-12,PCS,7000
WOO-KAY-BIA-2-6-14,PCS,8200
"WOO-PAP-1""X8""X10FT",PCS,4100
WOO-PLY-12MM-T1.5 B2,PCS,0
WOO-PLY-12MM-WTR,PCS,7950
WOO-PLY-18MM-WTRPROOF,PCS,13300
WOO-PLY-3.2MM,PCS,2590
WOO-PLY-3.6MM,PCS,2790
WOO-PLY-5.2MM,PCS,3950
WOO-PLY-6 (H)' X 7' (L),PCS,40300
WOO-PLY-9MM,PCS,6290
WOO-PLY-9MM-2'X3',PCS,2500
WOO-PLY-9MM-WTRPROOF,PCS,7250
WOO-PLY-BOA-3MM,PCS,1380
WOO-PLY-GAL,SQFT,960
WOO-PLY-NYL,SQFT,760
WOO-PLY-WHI-18MM,PCS,12900
WOO-PLY-WHI-3MM,PCS,4950
WOO-SIN-06',PCS,130
WOO-SIN-08',PCS,200
WOO-SIN-10',PCS,250
WOO-SQU-08',PCS,200
WOO-SQU-10',PCS,250
"WOO-TIM-1"" X 2"" 4'",PCS,290
"WOO-TIM-1""X2""X10'",PCS,930
"WOO-TIM-1""X2""X12'",PCS,1060
"WOO-TIM-1""X3""X8'",PCS,0
"WOO-TIM-1""X4""X12'",PCS,2200
"WOO-TIM-1""X6""X12'",PCS,3690
"WOO-TIM-1""x6""x8'",PCS,2300
"WOO-TIM-1""X8""X12'",PCS,3400
"WOO-TIM-1""x8""x12""",PCS,4500
"WOO-TIM-1""x8""x8""",PCS,4290
"WOO-TIM-1.1/2""X8FT",PCS,600
"WOO-TIM-2""X2""X08'",PCS,1500
"WOO-TIM-2""X2""X10'",PCS,1690
"WOO-TIM-2""X2""X12'",PCS,2600
"WOO-TIM-2""X2""X4'",PCS,370
"WOO-TIM-2""X3""X12'",PCS,3190
"WOO-TIM-2""X3""X6'",PCS,0
"WOO-TIM-2""X4""X12'",PCS,4390
WOR-BAT-LASER,PCS,2200
WOR-CUT-WK-PWT-5510,UNIT,19800
WOR-MARK-X-BAT,PCS,5800
WOR-MARK-X-CHA,PCS,4900
WOR-MARK-X-CHA-5502,PCS,2990
WOR-REM-CEM-WK-PT-59909,TIN,1280
WOR-REM-MOS-WK-PT-59910,TIN,4150
WOR-ROT-HAM-WK-PWT-5511,UNIT,29800
WRE-COMB-87038,SET,54500
WRE-RAT-17MMX19MM-SEN,PCS,3690
WRE-RAT-17MMX21MM-SEN,PCS,3690
WRE-RAT-RN17X21,PCS,3900
WTR-TAP-FAST-ON-1135B,SET,4570
WYLEX-CONSUMER-640N,PCS,3000
X-ACC-STA-BLO-TUB,PCS,2500
X-ADA-USB-ES7033-13A,PCS,1990
X-ADH-ELE-XTR,PCS,170
X-ADH-GLU-PE385GM,SET,2990
X-ADH-GUM-V-TECH,PCS,100
"X-ADH-PAP-120#4""",PCK,280
"X-ADH-PAP-180#4""",PCK,280
"X-ADH-PAP-240#4""",PCK,280
"X-ADH-PAP-320#4""",PCK,280
"X-ADH-PAP-400#4""",PCK,280
"X-ADH-PAP-60#4""",PCK,280
"X-ADH-PAP-80#4""",PCK,280
X-ADH-TAP-DOU-3M,ROLL,2480
X-ADH-TAP-DOU-3M-12MM-GREY,PCS,2650
X-ADH-TAP-MWP037A,PCS,130
X-ADH-TAP-OPP-FRA,PCS,750
X-ADH-WIR-TAP-WHI,EA,80
X-AER-WAT-FIL-FRB0942,UNIT,34900
X-AER-WAT-FIL-S/S1044,UNIT,84900
X-AGR-NET-SUN-TCT-50%-THAILAND,ROLL,21900
X-AGR-NET-SUN-TCT-70%-THAILAND,ROLL,32900
X-AGR-NET-SUN-TCT-80%,ROLL,29200
X-AGR-NET-SUN-TUL-70%-CHINA,ROLL,8800
X-AGR-NET-SUN-TUL-80%-CHINA,ROLL,11400
X-AIR-COO-KHI-KEAC203,SET,59900
X-AIR-COO-KHI-KEAC308,SET,79900
X-AIR-DUS-LX989,PCS,1190
X-AIR-DUSTER-ASUMA-MBSP008,PCS,990
X-AIR-DUS-TWN-SHORT,PCS,1390
X-ALE-S/S-DRY-RAC-WTAP202,SET,17900
X-ALP-WAT-HEA-5000EP-SHO-HEAD,PCS,4590
X-ALP-WAT-HEA-5000E-WHI,UNIT,37900
X-ALP-WAT-HEA-ACC,PCS,1900
X-ALP-WAT-HEA-ACC-EZY-I,PCS,2900
X-ALP-WAT-HEA-ACC-IM9EP,PCS,29000
X-ALP-WAT-HEA-AS-2E-BLK,UNIT,49500
X-ALP-WAT-HEA-AS-2EP-BLK,UNIT,65900
X-ALP-WAT-HEA-AS-2EP-SIL,UNIT,65900
X-ALP-WAT-HEA-AS-2EP-SIL-N,UNIT,82900
X-ALP-WAT-HEA-AS-2E-SIL,UNIT,49500
X-ALP-WAT-HEA-EZY-I-SHO,PCS,4550
X-ALP-WAT-HEA-HAN-SET-AS,SET,6000
X-ALP-WAT-HEA-HAN-SET-X5,SET,5900
X-ALP-WAT-HEA-HOS-5000E,PCS,2850
X-ALP-WAT-HEA-HOS-AS,PCS,3290
X-ALP-WAT-HEA-HOS-IM-9E,PCS,3500
X-ALP-WAT-HEA-IM-9EP-BLK-BODY,UNIT,49000
X-ALP-WAT-HEA-IM-9E-SHO,PCS,6200
X-ALS-REM-PAI-1L,TIN,2290
X-ALS-REM-PAI-500ML,TIN,1390
"X-ALUM-HOLLOW-1""X1""X20'",PCS,4900
"X-ALUM-HOLLOW-2""X1""X8'",PCS,2200
"X-ALUM-HOLLOW-2""X1""X9'",PCS,2900
"X-ALUM-HOLLOW-2""X1""X9'5""",PCS,3200
X-AMACC-01/120MM,PCS,7500
X-AMACC-02/120MM,PCS,7500
X-AMAV-306,PCS,4400
X-AMAV-308,PCS,4800
X-AMAV-309,PCS,4300
X-AMBA-155,PCS,8900
X-AMBA-186,PCS,4400
X-AMBA-187 SS/SC,PCS,4900
X-AMBA-188 SS/SC,PCS,8800
X-AMBA-273B,PCS,4900
X-AMBA-273T,PCS,4900
X-AMBA-401,PCS,4100
X-AMBA-51003,PCS,13800
X-AMBA-51004,PCS,13800
X-AMBA-71112,PCS,7500
X-AMFC-3401,PCS,8800
X-AMFC-3402,PCS,9900
X-AMFC-3403,PCS,6400
X-AMFC-3404,PCS,10000
X-AMFC-5752,PCS,7300
X-AMFC-5754,PCS,10000
X-AMGB-300,PCS,13700
X-AMGB-450,PCS,15300
X-AMGB-610,PCS,17900
X-AMMX-3243,PCS,23800
X-AMMX-3318,PCS,25700
X-ANT-TAP-SLI-TOP,ROLL,3950
X-ANT-TAP-SLI-TOP-MTR,MTR,300
X-AUT-POL-AUT-MET150ML,PCS,1260
"X-BAB-HAN-17""-SF SH56C",PCS,700
X-BAB-SPR-COT-939,SET,13900
X-BAMBOO-STICK-70PCS-S6076,PCK,250
X-BAS-AGRI-SWMI9902-SMALL,PCS,4200
X-BAS-LAU-ROU-EEL105,PCS,1900
X-BAS-LAU-ROU-GHO-8380,PCS,2390
X-BAS-LAU-SQU-GHO8372,PCS,1650
X-BAS-PVC-ROU-JT4646,PCS,630
X-BAS-XTR-735,PCS,0
X-BAT-CHA-18A-6/12V,UNIT,20500
X-BAT-ENE-MAX+-AAA2PCS,PCK,3680
X-BAT-ENE-REC-4AA-4PCS,PCK,3690
X-BAT-GOL-POW-CR2032,PCS,390
X-BAT-SHO-7033,PCS,4200
X-BAT-SHO-CAD-CN AE-431,SET,5300
X-BAT-TER(-),PCS,660
X-BAT-TER(+),PCS,660
X-BAT-VTRAC-2A88,PCK,890
X-BAT-VTRAC-3A88,PCK,790
"X-BBQ-GRI-BLACK-ROUND 22""",PCS,27900
"X-BBQ-GRI-LIBERTY-18""",SET,68800
X-BBQ-SMO-LIBERTY,UNIT,59900
X-BID-CAB-CB80CR,UNIT,8800
X-BIK-LOC-58CM,PCS,500
X-BLE-KHI-BL1015M,SET,10400
X-BLE-KHI-BL1512,SET,10800
X-BLE-KHI-BL18G,SET,17400
X-BLE-KHI-BL6809G,SET,14500
X-BLE-KHI-PB30-ORANGE,SET,10200
X-BNW-B&N-RBN-250-PCK,BOX,3850
X-BNW-BOL-HTM-M06-65MM,PCS,50
X-BNW-BOL-HTM-M12-90MM,PCS,170
X-BNW-BOL-HTM-M14-25MM,PCS,120
X-BNW-THR-MS-09MM,PCS,450
X-BNW-THR-MS-12MM,PCS,790
X-BONE-CLIP-I0898,PCS,300
X-BOS-0600-8A6-078,UNIT,69900
X-BOS-0600-8A7-1L1,UNIT,75283
X-BOS-0600-8A7-2L1,UNIT,90472
X-BOS-0600-8A7-6L0,UNIT,47000
X-BOS-0601-070-0L0,UNIT,42500
X-BOS-0601-1A1-5L2,UNIT,31900
X-BOS-0601-1A1-5L9,UNIT,35900
X-BOS-0601-216-1L6,UNIT,39500
X-BOS-0601-2A2-0L0,UNIT,29300
X-BOS-0601-395-0L0,UNIT,29900
X-BOS-0601-477-5L0,UNIT,40800
X-BOS-0601-509-1L0,UNIT,35755
X-BOS-0601-581-59F,UNIT,83900
X-BOS-0601-594-006-R,UNIT,59200
X-BOS-0601-60A-0L0,UNIT,58800
X-BOS-0601-64C-8L0,UNIT,84900
X-BOS-0601-676-0L0,UNIT,42500
X-BOS-0601-849-106,UNIT,69900
X-BOS-0601-868-1LCA,UNIT,33900
X-BOS-0601-97A-006,UNIT,78400
X-BOS-0601-980-4L0,UNIT,33900
X-BOS-0601-9A8-3L2,UNIT,57453
X-BOS-0601-9A8-4L1,UNIT,55943
X-BOS-0601-9B3-4L1,UNIT,66900
X-BOS-0601-9C7-0L1,UNIT,89500
X-BOS-0601-9E0-0L0,UNIT,71800
X-BOS-0601-9E2-0L0,UNIT,34340
X-BOS-0601-9F3-0L0,UNIT,40189
X-BOS-0601-9F4-0L0,UNIT,29500
X-BOS-0601-9F8-1L2-R,SET,198800
X-BOS-0601-9F8-3L0,UNIT,73900
X-BOS-0601-9G5-1L1-R,SET,95800
X-BOS-0601-9G8-1L0,UNIT,38900
X-BOS-0601-9G8-1L3,UNIT,71900
X-BOS-0601-B37-0L0,UNIT,56800
X-BOS-0611-272-1L6,SET,87500
X-BOS-0611-320-703,UNIT,111200
X-BOS-0611-911-1L2,UNIT,152500
X-BOS-1618-596-166,PCS,2190
X-BOS-18V 4.0AH -R,UNIT,83800
X-BOS-2607-017-397-R,UNIT,19800
X-BOS-2608-579-506,PCS,3090
X-BOS-2608-579-507,PCS,3690
X-BOS-2608-587-158,PCS,2290
X-BOS-2608-587-161,PCS,2390
X-BOS-2608-587-163,PCS,2790
X-BOS-2608-587-164,PCS,2990
X-BOS-2608-587-165,PCS,3150
X-BOS-2608-587-166,PCS,3620
X-BOS-2608-590-077,PCS,1120
X-BOS-2608-590-078,PCS,400
X-BOS-2608-590-081,PCS,500
X-BOS-2608-595-055-NO,PCS,230
X-BOS-2608-595-081-NO,PCS,1790
X-BOS-2608-595-332,PCS,300
X-BOS-2608-595-334-NO,PCS,370
X-BOS-2608-595-335-NO,PCS,547
X-BOS-2608-608-T64,PCK,490
X-BOS-2608-608-T65,PCK,490
X-BOS-2608-608-T66,PCK,490
X-BOS-2608-608-T68,PCK,490
X-BOS-2608-608-T70,PCK,490
X-BOS-2608-680-698,PCS,1190
X-BOS-2608-680-701,PCS,770
X-BOS-2608-680-702,PCS,820
X-BOS-2608-680-703,PCS,860
X-BOS-2608-680-705,PCS,880
X-BOS-2608-680-706,PCS,990
X-BOS-2608-680-709,PCS,1220
X-BOS-2608-680-714,PCS,1700
X-BOS-2608-680-792,PCS,1320
X-BOS-2608-685-833,PCS,790
X-BOS-2608-685-834,PCS,800
X-BOS-2608-685-835,PCS,850
X-BOS-2608-685-841,PCS,890
X-BOS-2608-685-842,PCS,930
X-BOS-2608-685-848,PCS,1980
X-BOS-3601-C94-0L0,UNIT,25900
X-BOS-3601-K79-000,PCS,10900
X-BOS-ADE-PAC-A-R,UNIT,239900
X-BOS-AHM-38G-R,UNIT,41800
X-BOS-BS8-R,UNIT,82800
X-BOS-COM-SET-R,SET,164800
X-BOS-CONSUMABLE,UNIT,3500
X-BOS-CUT-45-R,UNIT,139800
X-BOS-EASY-SHEAR-R,UNIT,23800
X-BOS-F016-F04-796,PCS,4700
X-BOS-FRP-0942-R,UNIT,28200
X-BOS-FSS16BV-R,UNIT,76800
X-BOS-GAS 18 V-1 -R,UNIT,38800
X-BOS-GBG 60-20 -R,UNIT,57800
X-BOS-GBH 180-LI -R,UNIT,192800
X-BOS-GBH 2-28 DFV -R,UNIT,118800
X-BOS-GBH 3-28 DFR -R,UNIT,193800
X-BOS-GBH 4-32 DFR -R,UNIT,278800
X-BOS-GBH 5-40 D -R,UNIT,285800
X-BOS-GBL 18V-120-R,UNIT,38800
X-BOS-GBM-10-RE-R,UNIT,28800
X-BOS-GBM-50-2-R,UNIT,558800
X-BOS-GBS 75 A -R,UNIT,35800
X-BOS-GCM 10 MX -R,UNIT,145800
X-BOS-GDR 120-LI -R,UNIT,45900
X-BOS-GDR 180-R,UNIT,126800
X-BOS-GDS 250-LI-R,UNIT,97800
X-BOS-GHG 18-60 -R,UNIT,29900
X-BOS-GHG 20-63 KIT -R,UNIT,50800
X-BOS-GHP 5-55 -R,UNIT,236600
X-BOS-GHP 5-75 X -R,UNIT,354500
X-BOS-GLI 180-LI -R,UNIT,15800
X-BOS-GLM 40 -R,UNIT,178800
X-BOS-GMAW-200-R,UNIT,89800
X-BOS-GMAW-220-R,PCS,164800
X-BOS-GMAW-250-R,UNIT,299800
X-BOS-GOP 30-28 -R,UNIT,197800
X-BOS-GPO 12 CE -R,UNIT,94800
X-BOS-GSA-120-R,UNIT,76800
X-BOS-GSB 120-R,UNIT,42800
X-BOS-GSB180,SET,2600
X-BOS-GSH 11 E -R,UNIT,33800
X-BOS-GSH 3E -R,UNIT,334800
X-BOS-GSR 120-R,UNIT,99800
X-BOS-GSR 180-LI SET-R,UNIT,108800
X-BOS-GSR 180-R,UNIT,128800
X-BOS-GTAW-220-R,UNIT,112800
X-BOS-GTAW-300-R,UNIT,299800
X-BOS-GWS-2200-180-R,UNIT,55800
X-BOS-GWS-900-100-R,UNIT,39800
X-BOS-HBS-43-R,UNIT,59800
X-BOS-HCS-5220-R,UNIT,238800
X-BOS-HEDGE-CUR-R,UNIT,228800
X-BOS-IW-SUN9AX -R,UNIT,16800
X-BOS-IW-SUN9AX-GRAFFITI -R,UNIT,16800
X-BOS-LOTA-LB-16-R,UNIT,99800
X-BOS-LOTA-LB-23/40-R,UNIT,189900
X-BOS-LOTA-LB-35HD-R,UNIT,248800
X-BOS-MK361A-R,UNIT,128800
X-BOS-M-OIL,TIN,800
X-BOS-PW370F-R,UNIT,110800
X-BOS-PW750F,UNIT,158800
X-BOS-RB-35-B -R,UNIT,298800
X-BOS-SCREW-SET,SET,1880
X-BOS-SMAW-160-R,UNIT,34800
X-BOS-SMAW-220-R,UNIT,74800
X-BOS-SMAW-250-R,UNIT,148800
X-BOS-SS-1042-R,UNIT,69900
X-BOS-STARTER-KIT-18V-R,UNIT,55800
X-BOS-WOO-MET-CEM-SET,SET,3690
X-BOS-WOO-MET-SET,SET,3290
X-BOS-WOO-WOR-COM-R,UNIT,264800
X-BOW-6PCS-GRE-E834,PACK,850
X-BOW-6PCS-ORA-E834,PACK,850
X-BOW-6PCS-PIN-E834,PACK,850
X-BOW-6PCS-RED-E834,PCK,850
X-BOX-ICE-150LTR,PCS,35900
X-BOX-ICE-60LTR(KS),UNIT,22900
X-BOX-ICE-SN-798-1,PCS,8600
X-BOX-ICE-SN-798-20,PCS,13600
X-BOX-ICE-SN-798-25,PCS,14900
X-BOX-ICE-TH02L-767,PCS,25300
X-BOX-LET-19588,PCS,4800
X-BOX-LUN-PAP,ROLL,1990
X-BOX-MET-30#,PCS,1640
X-BOX-PLA-LP2999 X,PCS,2100
X-BOX-POS-ELB-101,PCS,6000
X-BOX-POS-ELB-103,PCS,5300
X-BRO-DUS-NYL-SL380C,PCS,390
X-BRO-MIN-130,SET,420
X-BRO-PLA-SB 9229GS,PCS,790
X-BRO-PLA-SB602,PCS,830
X-BRU-BOW-1000,PCS,580
X-BRU-COI-JC6CBB,PCS,290
X-BRU-COI-SWH-DCS,PCS,290
X-BRU-COP-205,PCS,280
X-BRU-HAN-HAW-452134,PCS,670
X-BRU-NYL-656,PCS,320
X-BRU-PLA-E848,PCS,170
X-BRU-SPO-NCI-0133,PKT,190
X-BRU-SSS-S30,PCS,140
X-BRU-SSS-S50,PCS,230
X-BRU-TOI-1008,PCS,360
X-BRU-TOI-1015,PCS,240
X-BRU-TOI-3000,PCS,530
X-BRU-WIP-WP12,PCS,490
X-BRU-WIR-CN-YB-9961,SET,330
"X-BRU-WIR-SET-ATB-9""",SET,590
X-BRU-WIR-STE104,PCS,180
X-BUC-LAV-XTR-065,PCS,1430
X-BULB-OSRAM-10W,PCS,600
X-BUL-FAN-E27-45W,PCS,3590
X-BUL-FFL-25W-B22-FROST,PCS,310
X-CAB-HDMI-1.3M,PCS,2217
X-CAB-HDMI-1.5M,PCS,1250
X-CAB-HDMI-5M,PCS,3774
X-CAB-NET-WOR-1.0M,PCS,1800
X-CAB-NET-WOR-3.0M,PCS,2100
X-CAB-NET-WOR-5.0M,PCS,2500
X-CAB-VGA-1.5M,PCS,1050
X-CAB-VGA-3M,PCS,1500
X-CAB-VGA-5M,PCS,2200
X-CAN-GEL-1000ML,PCS,990
X-CAN-INO-LAR-SDH9557,PCK,190
X-CAN-INO-SMA-SDH7020,PCK,120
X-CAN-LIG-10PCS-W014,PKG,220
X-CAN-LIG-50PCS-W014-50,PKG,1280
X-CAN-OPENER-GTD444,PCS,400
X-CAN-OPENER-JM800,PCS,1290
X-CAP-35UF-CBB65,EA,5600
X-CAP-CPI-35UF-CBB60,EA,2990
X-CAR-PERFUME-301645400,PCK,1600
X-CAR-PERFUME-E300877500,PACK,1600
X-CAR-PERFUME-E300877700,PACK,1600
X-CAR-PERFUME-E300881100,PACK,690
X-CAR-POLISH-PW,PCS,3590
X-CAR-PREFUME-E301445800,PACK,1250
X-CAR-WAX-CG,PCS,3590
X-CAR-WAX-HL,PCS,3790
X-CAR-WAX-MOU,PCS,2480
X-CAR-WAX-MUL-CLE-A10,PCS,2590
X-CAR-WAX-TSI(Y),PCS,1980
X-CEILING-FRAME-30MM,PCS,220
"X-CHA-ANI-1""",PCS,980
"X-CHA-ANI-3/4""",PCS,530
X-CHA-CHI-GHO-2898,PCS,980
X-CHA-CHI-PLA-C701,PCS,2570
X-CHA-NCI-M178C,PCS,4900
X-CHA-PLA-E900,PCS,2150
"X-CHA-SAW-CHAIN-20""",PCS,7990
X-CHA-SAW-STIHL-382,UNIT,175000
X-CHA-SAW-STI-MS170-COV,PCS,2400
X-CHA-STO-MINI-GHO1995,PCS,360
X-CHA-VAC-VC620,PCS,3500
X-CHE-LUB-REXCO-812850350,UNIT,1390
X-CHO-BOA-PSAE-CB-11886,PCS,1690
X-CHOPSTICK-11202A-GREEN,PCK,570
X-CHOPSTICK-11202A-ORANGE,PCK,570
X-CHOPSTICK-11202A-RED,PCK,570
X-CHO-WOO-PYBC40'S,PCK,220
X-CIMA-DL-L/RML39B/RND/18W/DL,SET,3190
X-CIMA-DL-L/RML63/RND/15W/DL,SET,1690
X-CIMA-DL-L/RML65/RND/18W/DL,SET,1290
X-CIMA-DL-L/SC38/RND/18W/DL,SET,2150
X-CIMA-DL-L/SC38/SQ/18W/DL,SET,2150
X-CIMA-DL-L/SC40Y/RND/18W/DL,SET,1790
X-CIMA-DL-L/SC73/RND/18W/840,SET,2750
X-CIMA-DL-L-SC73-ROU-18W-DL,SET,2750
X-CIMA-DL-L-SC73-SQ-18W-DL,SET,2750
X-CIMA-DL-RML65A/RND/18W/DL,SET,2090
X-CLI-CT2001-718K,PCS,450
X-CLI-ELE-CAB-12MM,PCK,490
X-CLI-ELE-CAB-18MM30'S,PCS,560
X-CLI-HOS-BRE78-102/10056H,PCS,690
X-CLI-HOS-BRE91-114/10064H,PCS,490
"X-CLI-HOS-SUN-3/4""",PCS,150
"X-CLI-HOS-SUN-7/8""",PCS,150
X-CLO-MAG-FRE,PCS,3500
X-CLO-RAC-GAR-CN JR0203,SET,9900
X-CLO-WOO-PEGS-YJM36,PKT,250
"X-COC-BAL-1/2""-KM3310",PCS,1970
X-COC-BAL-CNN-12MM,PCS,550
X-COC-BAL-L600,PCS,1160
X-COC-BAL-L606,PCS,1250
X-COC-BAL-L608,PCS,1830
X-COC-BAL-L808,PCS,1750
X-COC-BAL-VIP-310-12MM,PCS,1870
X-COC-BASIN-LUX-LT8514,PCS,3100
X-COC-BASIN-VOV278,PCS,1632
X-COC-BAS-L255,PCS,2670
X-COC-BAS-L2883,PCS,3780
X-COC-BIB-L155,PCS,2200
X-COC-BIB-LT8519-2WAY,PCS,4490
X-COC-BIB-LUX-LT8511,PCS,3900
X-COC-BIB-PVC-12MM,PCS,200
X-COC-PVC-J1,PCS,250
X-COC-SIN-DOU-VIP3366,SET,21900
X-COC-SINK-LUX-LT8512,PCS,4290
X-COC-SINK-LUX-LT8517,PCS,5900
X-COC-SIN-TZ802B,PCS,2050
X-COC-SIN-TZB02A,PCS,2090
X-COC-STO-JOP-SC01W,PCS,650
X-COC-STO-K4B/T,PCS,1380
X-COF-STRAINER-KFL009-3XL,PCS,350
X-COF-STRAINER-KFL009-XL,PCS,220
X-COM-BOT-INL-VAL-1154,SET,1680
X-CON-PIP-25MM-GI,PCS,3490
"X-CON-STR-OFFSET-1""",PCS,1290
"X-COP-ELB-VIP-ECF-22MMX3/4""",PCS,1075
"X-COP-SOC-VIP-SCM-28MM X 1""",PCS,1292
X-COV-BOT-PLA,PCK,200
X-COV-BOT-WOO,PCK,150
X-CUP-PAP-12OZ,PKT,530
X-CUP-PAP-70Z,PKT,750
X-CUP-PVC-6IN1-3999,PCS,420
X-CUP-TUM-G-309/PP,SET,500
X-CUT-BLA-ECL-71-132R,PCS,130
X-CUT-BOA-JM130,PCS,1060
X-CUT-BOA-JM132,PCS,2350
X-CUT-DIS-26172,PCS,130
"X-CUT-DIS-GU-CHENG-4""",PCS,1200
X-CUT-DIS-SASAMA,PCS,140
X-CUT-DIS-YES-060#,PCS,620
X-CUT-FLA-TAI-Z100100,PCS,820
X-CUT-KNI-BLADE,PCS,50
X-CUT-KNI-CAR-175M,PCS,800
X-CUT-KNI-HAP-BIRD-P875,PCS,300
X-CUT-KNI-HAP-BIRD-P876,PCS,360
X-CUT-KNI-HAP-BIRD-P877,PCS,390
X-CUT-KNI-HOL-JM-88,PCS,1850
X-CUT-KNI-JM1,PCS,3720
X-CUT-KNI-JYMT-100M,PCS,540
X-CUT-KNI-JYMT-125M,PCS,620
X-CUT-KNI-JYMT-150M,PCS,760
X-CUT-KNI-JYMT-175M,PCS,800
X-CUT-KNI-JYMT-JM3,PCS,2190
X-CUT-KNI-JYMT-JM512,PCS,350
X-CUT-KNI-JYMT-JM56-3,PCS,4230
X-CUT-KNI-KIWI-DK511,PCS,150
X-CUT-KNI-KIWI-KW195,PCS,190
X-CUT-KNI-PEE-JM121,PCS,570
"X-CUT-KNI-S/S-COL-G02-7""",PCS,3900
"X-CUT-KNI-S/S-COL-G23-6""",PCS,3400
"X-CUT-PAR-21""",PCS,2000
X-CUT-PIP-PVC-MDS,PCS,1650
X-CUT-PIP-PVC-PC207,PCS,2720
X-CUT-PVA-TAI-C120100,PCS,1040
X-CUT-PVA-TAI-C220100,PCS,1060
X-CUT-PVA-TAI-C400100,PCS,1440
X-CUT-PVA-TAI-C600100,PCS,1650
"X-CUT-PVC-FIL-9111-4.1/2""",PCS,240
X-CUT-SAW-COP-5BLADES,SET,750
X-CUT-SAW-WS0339D,PCS,2980
X-CUT-SAW-WS0339E,PCS,3300
X-CUT-SCI-JDK018,PCS,880
X-CUT-TIL-JTC-700MM,SET,23900
X-CYL-LOC-EPO-CL011-SN,SET,5850
"X-DC-15/8""-PC",PCS,0
X-DIO-PEM-LED,PCS,40
"X-DIS-GRI-""WY""-4""x120#",PCS,820
"X-DIS-GRI-""WY""-4""x220#",PCS,820
X-DIS-RAC-2TIERS,SET,8500
X-DIS-RAC-3TIERS,SET,10900
X-DIS-RAC-CAB-CKN1000,UNIT,33700
X-DIS-RAC-PJD-160,SET,19900
X-DOO-BELL-POL-860,PCS,690
X-DOO-PVC-30X84,PCS,16800
"X-DOO-PVC-OAK-77 1/4""X29 3/4""",PCS,14900
"X-DOO-PVC-OAK-78 1/4""X29 3/4""",PCS,14900
"X-DOO-PVC-OAK-78"" X 27 1/8""",PCS,15000
"X-DOO-PVC-OAK-83"" X 75.6CM",PCS,14900
X-DOR-BEA-SGD-108SN,PCS,4850
X-DOR-BELL-CIMA-DC-2201-CIE-BL,SET,4950
X-DOR-BELL-CIMA-DC-2201-CIE-GOLD,SET,4950
X-DOR-BLO-PLA-33X136,PCS,12900
"X-DOR-BOL-BLA-2""",PCS,100
"X-DOR-BOL-BLA-2.5""",PCS,100
"X-DOR-BOL-BLA-4""",PCS,120
X-DOR-CHA-SGD-006AB,PCS,1050
X-DOR-CHA-SGD-006AC,PCS,1190
X-DOR-CHA-SGD-006SN,PCS,1050
X-DOR-CHA-SGD-219AC,PCS,2290
X-DOR-CLO-SGD-DC51H,PCS,10700
X-DOR-CLO-SGDN-ZC83,PCS,36500
X-DOR-CYL-LOC-WAR-3371SS,PCS,790
X-DOR-CYL-VSG-S30005S,PCS,2450
"X-DOR-H&S-ELOY-2""",PCS,302
"X-DOR-H&S-ELOY-3""",PCS,368
"X-DOR-H&S-ELOY-4""",PCS,550
"X-DOR-HIN-LEO-4""2.0",SET,250
X-DOR-HIN-SGD-DH743025,PCS,7090
"X-DOR-HIN-SSS-KT-4""",SET,630
X-DOR-HOO-CLO-DH02,PCS,300
X-DOR-HOO-CLO-E30475,PCS,420
X-DOR-INS-KIT-2PCS,SET,2480
X-DOR-LEV-CYD-L6600SS,SET,1880
X-DOR-LOC-C77EN4,UNIT,18200
X-DOR-LOC-CYL-02103,SET,2950
X-DOR-LOC-CYL-2088AC,SET,2950
X-DOR-LOC-CYL-6871SS,SET,3250
X-DOR-LOC-CYL-8871SS,SET,4880
X-DOR-LOC-LEV-TUB,UNIT,11500
X-DOR-LOC-SAN-3600SS,SET,1790
"X-DOR-ROL-2""",PCS,390
X-DOR-ROL-CAT-12PCS,PCK,750
X-DOR-ROL-CAT-4PCS,PCK,300
"X-DOR-TOW-BOL-SSS-3 1/2""",PCS,650
X-DRA-COV-D8824/0918,PCS,6450
"X-DRI-AUG-1/2""",PCS,750
"X-DRI-AUG-BIT-1/2""X200",PCS,1400
"X-DRI-AUG-BIT-3/8""X200",PCS,1330
X-DRI-IMP-MIN-MS600,SET,15900
X-DRI-IMP-MIN-MT1500,SET,19800
X-DUS-AIR-SW-6412L,UNIT,11900
X-DUS-ALI-90LTR,PCS,11900
X-DUST-HAN-WOO,PCS,150
X-ELE-ADA-LEM-S607,PCS,430
X-ELE-ADA-SE222-B22-B27,PCS,250
X-ELE-BUB-LED-2703/3C-E27,PCS,440
X-ELE-BUB-RED,PCS,190
X-ELE-BUB-RED-5W/B22,PCS,110
X-ELE-BUL-B225W-Y,PCS,690
X-ELE-BULB-KEL-B22-BLUE,PCS,110
X-ELE-BULB-KEL-B22-GREEN,PCS,110
X-ELE-BULB-KEL-B22-RED,PCS,110
X-ELE-BULB-KEL-B22-YEL,PCS,110
X-ELE-BULB-TRA-HAL,PCS,1700
X-ELE-BUL-D/L-HOM-18W-6500K,PCS,890
X-ELE-BUL-D/L-HOME-20W,PCS,1590
X-ELE-BUL-D/L-HOME-25W,PCS,890
X-ELE-BUL-LED-B22-IWACHI,PCS,990
X-ELE-BUL-LED-B22-IWACHI-YEL,PCS,980
X-ELE-BUL-LED-E27-IWACHI,PCS,550
X-ELE-BUL-LED-KS-USB-40W,PCS,3990
X-ELE-BUL-LED-RVT-12W,PCS,790
X-ELE-BUL-SPI-E27/20W,PCS,980
X-ELE-BUL-SPI-E27/24W,EA,980
X-ELE-C/L-FFL-ROC-10W,PCS,1500
X-ELE-CAB-FLE-C40163CW,MTR,170
X-ELE-CAB-FLE-P40163CW-MTR,METER(S),170
X-ELE-CAB-FLE-PWR70763CW,MTR,350
X-ELE-CAB-MIR-PWR23/0.15X2C P/,MTR,100
X-ELE-CAB-MIR-PWR23/0.15X2C P/P-WHT,MTR,100
X-ELE-CAB-MUL-TWI-FLA-2.5MM,MTR,390
X-ELE-CAB-R/BK-142C,MTR,60
X-ELE-CAB-R/BK-142C-MTR,MTR,60
X-ELE-CAB-TRA,PCS,3600
X-ELE-CAB-TWI-B/W-230142C,COIL,2700
X-ELE-CAB-TWI-B/W-230142C-MTR,MTR,100
X-ELE-CAB-WIR-MKK-1.5MM-GRE,ROLL,5690
X-ELE-CEI-LIG-1002-96-3CLR,PCS,14500
X-ELE-CEI-LIG-1721/1-32PCS,PCS,28800
X-ELE-CEI-LIG-1721/2-32PCS,PCS,28800
X-ELE-CEI-LIG-3011/96W 3CLR,PCS,14900
X-ELE-CEI-LIG-38128-96W,PCS,20900
X-ELE-CEI-LIG-38129-96W,PCS,20900
X-ELE-CEI-LIG-38130-96W,PCS,20900
X-ELE-CEI-LIG-8711-60PCS,PCS,34500
X-ELE-D/L-ECO-2020-18W-6500K,PCS,1650
X-ELE-D/L-FFL-TRA-07W,PCS,3200
X-ELE-D/L-FFL-TRA-10W,PCS,2700
X-ELE-D/L-FSL-6W-3000K,PCS,1290
X-ELE-D/L-FSL-6W-6500K,PCS,1290
X-ELE-D/L-G80-40W,PCS,2880
X-ELE-D/L-GEE-18W-6500K,PCS,1650
X-ELE-D/L-KOBENA-18W-6500,PCS,1950
X-ELE-D/L-MUL-LED-10W,PCS,1200
X-ELE-D/L-MUL-LED-10W-4000K,PCS,1200
X-ELE-D/L-MUL-PLC-LOW-YEL,PCS,1200
X-ELE-D/L-OSR-10W-E27,PCS,1550
X-ELE-D/L-OSR-12W,PCS,1750
X-ELE-D/L-OSR-15W-E27,PCS,2190
X-ELE-D/L-PHI-3U-08W,PCS,1100
X-ELE-D/L-PHI-3U-14W-DL,PCS,1150
X-ELE-D/L-PHI-3U-14W-WW,PCS,1150
X-ELE-D/L-PHI-LED-11W,PCS,1990
X-ELE-D/L-PHI-LED-5W,PCS,1340
X-ELE-D/L-PHI-LED-9.5W,PCS,1990
X-ELE-D/L-PHI-LED-TW9.5W,PCS,3390
X-ELE-D/L-PHI-PLC-827-10W,PCS,750
X-ELE-D/L-PHI-PLC-827-18W,PCS,850
X-ELE-D/L-PHI-PLC-865-10W,PCS,750
X-ELE-D/L-PHI-PLC-865-13W,PCS,750
X-ELE-D/L-TWIN-F200-40W,PCS,3290
X-ELE-FATO-UKF-335,EA,4450
X-ELE-HOL-393-B22,PCS,180
X-ELE-LAM-CEI-QIV,EA,3600
"X-ELE-LAM-ROU-WH-6""",PCS,1590
"X-ELE-LAM-ROU-WH-8""",PCS,2390
"X-ELE-LAM-SQU-WH-6""",PCS,1650
"X-ELE-LAM-SQU-WH-8""",PCS,2200
"X-ELE-LAM-SQU-YEL-8""",PCS,2390
X-ELE-LED-DRI,PCS,1690
X-ELE-LED-FFL-CHA-10W,PCS,640
X-ELE-LED-FLO-100W-D/L,PCS,14500
X-ELE-LED-FLO-30W-D/L,PCS,6900
X-ELE-LED-FLO-50W-D/L,PCS,9300
X-ELE-LED-FLO-FL-100W-D/L,PCS,19500
X-ELE-LED-FLO-SOR-30W-6500K,PCS,5500
X-ELE-LED-SOL-100W-6500K,EA,25900
X-ELE-LED-SOL-200W-6500K,PCS,28800
X-ELE-LED-SOL-50W-6500K,EA,17800
X-ELE-LED-SOL-8032-100W-6500K,PCS,11900
X-ELE-LED-SOL-8033-150W-6500K,PCS,13900
X-ELE-LED-SOL-EMGY-80W-3CLR,PCS,9900
X-ELE-LED-SOL-GAR-7W,SET,4450
X-ELE-OSR-23W,PCS,2090
"X-ELE-PIP-CON-3/4""",LGTH,230
X-ELE-PLC-HOL-WHI,PCS,290
"X-ELE-PVC-NUT-3""X10""",PCS,300
X-ELE-ROP-LIT-BLU,MTR,950
X-ELE-ROP-LIT-RGB,MTR,1390
X-ELE-ROP-LIT-W/W,MTR,950
X-ELE-SEN-SOL-10W,PCS,1500
X-ELE-SEN-SOL-20W,PCS,2500
X-ELE-SOC-BNC-TY-013,EA,500
X-ELE-SOL-W0301A,PCS,1980
X-ELE-SOL-W0301D,PCS,3470
X-ELE-SQU-D/L-BXH3257-18W,EA,3500
X-ELE-T5-2'-6000K,PCS,1700
X-ELE-T5-COR,SET,170
X-ELE-TUB-LED-2'-7000K,PCS,1090
X-ELE-TUB-PHI-T816W,PCS,1980
X-ELE-WOO-BLOCK-6X9,EA,270
X-EVE-BRI-E27-18W,PCS,2290
"X-EXH-FAN-KHI-08""-EF8005",SET,8900
"X-EXH-FAN-KHI-10""-EF1005 X",SET,9500
X-FAN-AUT-PNS-NQ409,UNIT,29500
X-FAN-BLA,PCS,4300
X-FAN-CEI-ALP-FA104,PCS,9500
X-FAN-CEI-ALP-FALKO,UNIT,44820
X-FAN-CEI-ALP-FALKO 09,UNIT,72900
X-FAN-CEI-ALP-FC08,UNIT,24900
X-FAN-CEI-COSA-118,UNIT,26500
X-FAN-CEI-COSA-998,UNIT,27900
X-FAN-CEI-KDK-K14X5,SET,35900
X-FAN-CEI-KDK-K14Y5,SET,39900
X-FAN-CEI-KHI-BLA-CF613,SET,16500
X-FAN-CEI-KHI-WHI-CF611,SET,14900
X-FAN-CEI-PSN-15AO,UNIT,14500
X-FAN-CEI-VANNUS-938,UNIT,25900
X-FAN-PSN-F-M15E2VBHH,PCS,59900
X-FAN-TAB-KHI-FT1630,SET,10900
X-FAN-TAB-KHI-TF12A06,SET,13500
"X-FAS-RIV-""R""-1/8X12MM",PCK,100
"X-FAS-RIV-""R""-12MM-BOX",BOX,2280
"X-FAS-RIV-""R""-14MM",PCK,100
"X-FAS-RIV-""R""-14MM-BOX",BOX,1640
"X-FAS-RIV-""R""-3161",PCK,100
"X-FAS-RIV-""R""-31612",PCK,100
"X-FAS-RIV-""R""-31612-BOX",BOX,2000
"X-FAS-RIV-""R""-3161-BOX",BOX,3560
"X-FAS-RIV-""R""-34MM",PCK,100
"X-FAS-RIV-""R""-34MM-BOX",BOX,3430
"X-FAS-RIV-""R""-38MM",PCK,100
"X-FAS-RIV-""R""-38MM-BOX",BOX,2000
"X-FAS-RIV-""R""-58MM",PCK,100
"X-FAS-RIV-""R""-58MM-BOX",BOX,3140
"X-FAS-SCR-CSK-3/4"" X 8G - BOX",BOX,7950
X-FAS-SCR-HUNTER-MET-20MM,PCK,850
X-FAS-SCR-HUNTER-MET-20MM-BOX,BOX,7890
X-FAS-SCR-HUNTER-MET-45MM,PCK,1280
X-FAS-SCR-HUNTER-MET-45MM-BOX,BOX,6390
X-FAS-SCR-HUNTER-MET-50MM,PCK,1390
X-FAS-SCR-HUNTER-MET-50MM-BOX,BOX,5990
X-FAS-SCR-HUNTER-WOO-25MM,PCK,990
X-FAS-SCR-HUNTER-WOO-25MM-BOX,BOX,7150
X-FAS-SCR-HUNTER-WOO-38MM,PCK,1170
X-FAS-SCR-HUNTER-WOO-38MM-BOX,BOX,5850
X-FAS-SCR-HUNTER-WOO-75MM,PCK,1920
X-FAS-SCR-HUNTER-WOO-75MM-BOX,BOX,4150
X-FAS-SCR-MET-10-12-50MM,PCK,1990
X-FAS-SCR-MET-12-14-55MM,PCK,2290
"X-FAS-SCR-P/H-1 1/2"" X 8#-BOX",BOX,8320
"X-FAS-SCR-TAP-CSK-8#3/4""",PACK,100
"X-FAS-SCR-TAP-CSK-8#3/4""-BOX",BOX,3780
X-FAS-SCR-ZPH-DSMHO525-BOX,BOX,10900
X-FAS-SHE-EYE-RING-10#,GROSS,0
X-FIR-CHA,PCK,370
X-FIS-BON-SS-FBT,PCS,570
"X-FIS-PEE-8""-YLP 002",PCS,200
"X-FIS-PEE-9.5""-YLP024",PCS,280
X-FIT-EQU-BEND-25MMX25MM,PCS,400
X-FIT-HDPE-COU-STR-90MMX63MM,PCS,5470
X-FIT-PVC-TEE-PT20MM,PCS,190
X-FIT-UPVC-TEE-W/D-110MMX82MM,PCS,2250
X-FIX-REN-TF-20KG,BAG,2350
X-FLO-MOC-1110,PCS,220
"X-FLO-MOC-16""X16""",PCS,620
X-FLO-MOC-20UB20,PCS,140
X-FLO-MOC-29UL2LGV,PCS,390
X-FLO-MOC-3030191-GBK,PCS,340
X-FLO-MOC-3030191-GGY,PCS,340
X-FLO-MOC-30AAS80,PCS,370
X-FLO-MOC-30B140,PCS,370
X-FLO-MOC-30B16,PCS,370
X-FLO-MOC-30LS02,PCS,285
X-FLO-MOC-30MC10,PCS,370
X-FLO-MOC-30MC60,PCS,370
X-FLO-MOC-30PG40,PCS,240
X-FLO-MOC-30PS18,PCS,285
X-FLO-MOC-30QG30,PCS,290
X-FLO-MOC-30R147,PCS,370
X-FLO-MOC-30R166,PCS,370
X-FLO-MOC-30R188,PCS,370
X-FLO-MOC-30RCP12,PCS,275
X-FLO-MOC-30RCP14,PCS,275
X-FLO-MOC-30RCP24,PCS,275
X-FLO-MOC-30WAT60,PCS,370
X-FLO-MOC-30WM90,PCS,290
X-FLO-MOC-36013-BLK,PCS,690
X-FLO-MOC-36102,PCS,0
X-FLO-MOC-36MW24,PCS,760
X-FLO-MOC-3A031,PCS,220
X-FLO-MOC-3A033,PCS,250
X-FLO-MOC-40CE7DH,PCS,620
X-FLO-MOC-60013P,PCS,1890
X-FLO-MOC-66100,PCS,15400
X-FLO-MOC-66101,PCS,1890
X-FLO-MOC-66131,PCS,1890
X-FLO-MOC-66160,PCS,3190
X-FLO-MOC-66330,PCS,20120
X-FLO-MOC-8TW728,PCS,3200
X-FLO-MOC-A30FT20,PCS,330
X-FLO-MOC-A30FT40,PCS,330
X-FLO-MOC-AHCA150105,PCS,3900
X-FLO-MOC-ALVERO-BLUE,PCS,255
X-FLO-MOC-ARDESIA-BEIGE,PCS,240
X-FLO-MOC-ARDESIA-BLUE,PCS,240
X-FLO-MOC-B40ACY40,PCS,490
X-FLO-MOC-BENIGN.GREEN,PCS,295
X-FLO-MOC-BR3030BW,PCS,360
X-FLO-MOC-BR3030G11,PCS,230
X-FLO-MOC-BR3030NSG,PCS,230
X-FLO-MOC-BR3030WW,PCS,360
X-FLO-MOC-BR3060PZPG,PCS,590
X-FLO-MOC-BR3060PZPW,PCS,590
X-FLO-MOC-BR3060SG,PCS,690
X-FLO-MOC-BR3060SM,PCS,690
X-FLO-MOC-BR3060SW,PCS,690
X-FLO-MOC-BR3601,PCS,780
X-FLO-MOC-BR6301,PCS,780
X-FLO-MOC-BR6302,PCS,780
X-FLO-MOC-C40010,PCS,520
X-FLO-MOC-C40019,PCS,460
X-FLO-MOC-C40020,PCS,520
X-FLO-MOC-C40035,PCS,520
X-FLO-MOC-C40045,PCS,460
X-FLO-MOC-C40049,PCS,520
X-FLO-MOC-C40052,PCS,520
X-FLO-MOC-C40053,PCS,520
X-FLO-MOC-C40071,PCS,460
X-FLO-MOC-CA6603,PCS,1590
X-FLO-MOC-CB6061,PCS,1490
X-FLO-MOC-CJ2601,PCS,1490
X-FLO-MOC-CP02,PCS,1590
X-FLO-MOC-F619,PCS,2190
X-FLO-MOC-FMD66000,PCS,1760
X-FLO-MOC-FW6001,PCS,1690
X-FLO-MOC-GT3811,PCS,0
X-FLO-MOC-H03-G,PCS,1450
X-FLO-MOC-JCJ6088-QC1AY,PCS,2950
X-FLO-MOC-KH19T01,PCS,195
X-FLO-MOC-KH40ABA4L,PCS,495
X-FLO-MOC-KH40ABA7D-PI,PCS,490
X-FLO-MOC-KH40ACY20,PCS,490
X-FLO-MOC-KH40ADA40,PCS,620
X-FLO-MOC-KH40ADB20,PCS,620
X-FLO-MOC-KH40GF3DH,PCS,450
X-FLO-MOC-KP106B,PCS,360
X-FLO-MOC-KP106D,PCS,360
X-FLO-MOC-KP106E,PCS,360
X-FLO-MOC-KV945,PCS,480
X-FLO-MOC-KV951,PCS,350
X-FLO-MOC-KV960,PCS,420
X-FLO-MOC-KV962,PCS,420
X-FLO-MOC-KV963,PCS,420
X-FLO-MOC-LA66100,PCS,1850
X-FLO-MOC-LA66330,PCS,2790
X-FLO-MOC-LF6833,PCS,4000
X-FLO-MOC-M33801,PCS,290
X-FLO-MOC-M33806,PCS,290
X-FLO-MOC-M33807,PCS,290
X-FLO-MOC-M36901-QC2,PCS,790
X-FLO-MOC-M36902-QC2,PCS,790
X-FLO-MOC-M36908-QC2,PCS,790
X-FLO-MOC-M36909-QC2,PCS,790
X-FLO-MOC-M44100,PCS,490
X-FLO-MOC-M66002-QC501AB,PCS,2550
X-FLO-MOC-M66065-QC184,PCS,1450
X-FLO-MOC-M66069-QC90,PCS,1450
X-FLO-MOC-MP6308,PCS,0
X-FLO-MOC-N813D,PCS,490
X-FLO-MOC-N893B,PCS,490
X-FLO-MOC-N966AG,PCS,490
X-FLO-MOC-N991A,PCS,490
X-FLO-MOC-P603H,PCS,1800
X-FLO-MOC-P604M,PCS,1800
X-FLO-MOC-P605H,PCS,1800
X-FLO-MOC-P605M,PCS,1800
X-FLO-MOC-P6QP452,PCS,3190
X-FLO-MOC-PA6685W,PCS,1590
X-FLO-MOC-PRE-WHI,PCS,230
X-FLO-MOC-PSX75577,PCS,590
X-FLO-MOC-R9 S:E11,PCS,1590
X-FLO-MOC-RALM123,PCS,3020
X-FLO-MOC-RAUN.SETTEE.BEIGE,PCS,295
X-FLO-MOC-RCM134,PCS,3020
X-FLO-MOC-RCM139,PCS,3020
X-FLO-MOC-SP121B,PCS,860
X-FLO-MOC-SUANHAWA-BLUE,PCS,275
X-FLO-MOC-SX23617,PCS,595
X-FLO-MOC-SX6101,PCS,535
X-FLO-MOC-T38502,PCS,0
X-FLO-MOC-TCP6502,PCS,3190
X-FLO-MOC-TORINO BLUE,PCS,265
X-FLO-MOC-TORINO GREY,PCS,265
X-FLO-MOC-TORINO PINK,UNIT(S),265
X-FLO-MOC-ZURICH-GREEN,PCS,270
X-FLO-MOC-ZURICH-GREY,PCS,270
X-FLO-PVC-1093/2,ROLL,13900
X-FLO-PVC-470/1,ROLL,13900
X-FLO-PVC-947/2,ROLL,13900
X-FLO-PVC-NO.24903,MTR,950
X-FLO-PVC-NO.970/10,ROLL,13900
X-FLO-PVC-NO.XH3708,MTR,750
X-FLO-PVC-NO-XH5712,MTR,750
X-FLO-PVC-XH22708,MTR,750
X-FLO-PVC-XH23004,MTR,750
X-FLO-PVC-XH23105,MTR,750
X-FLO-STA-S11-8MM,SQFT,730
X-FLO-STA-S21-8MM,SQFT,400
X-FLO-STA-S31-8MM,SQFT,400
X-FLO-STA-S41-8MM,SQFT,400
X-FOL-TYP-PRU-SAW-BS-553242,PCS,4190
"X-FOOD-TONG-12""-RED-H012",PCS,460
"X-FOOD-TONG-9""-RED-H090",PCS,400
X-FOR-DES-SS-12PCS-808F,PCK,930
X-FRE-DEK-RF-CF100,PCS,50900
X-FRE-DEK-RF-CF110,PCS,54800
X-FRY-LAD-S/S-HAD-JM-190,PCS,1180
X-GAR-CAN-8802,PCS,790
X-GAR-CAN-8803-5.8L,PCS,1890
X-GAR-CHI-JM-24,PCS,3590
X-GAR-HOE-HAN-WOO,PCS,1190
X-GAR-PRU-THR-ROP,PCS,1350
X-GAR-PVC-HAN-SPA,PCS,360
X-GAR-RAK-SIL-R1024T,PCS,790
X-GAR-RAK-SIL-R1026T,PCS,900
X-GAR-SAW-9006,SET,2390
X-GAR-SHE-PS8C,PCS,1300
X-GAR-SPR-16L-UMA,UNIT,19500
X-GAR-SPR-BAT-KNA-16L,PCS,23900
X-GAR-SPR-CRO-KNA-C16LP,UNIT,16500
X-GAS-JOIN-Y-BRAS-8MM,PCS,260
X-GAS-LIG-098,PCS,500
X-GAS-REG-AER-181S,PCS,4050
X-GAS-REG-KHI-PRV100,PCS,1700
X-GAS-REG-LPG182,PCS,1200
X-GAS-REG-MI01-002,SET,2290
X-GAS-ROL-MET-RW5488,PCS,3650
X-GAS-ROL-PLA-MTJTP3317,PCS,1850
X-GAS-ROL-PLA-MTJTTH-4GS,PCS,3090
X-GAS-STO-BLK-ROU,PCS,490
X-GAS-STO-HEAD,PCS,1180
X-GAS-STO-KHI -SS2268,SET,23500
X-GAS-STO-KHI-EC2201,SET,6500
X-GAS-STO-KHI-EC5000,SET,8900
X-GAS-STO-KHI-GC1710,SET,12500
X-GAS-STO-KHI-GC9115,SET,28800
X-GAS-STO-KHI-GC9122,SET,29900
X-GAS-STO-KHI-SS01G,SET,4990
X-GAS-STO-KHI-SS2110,SET,9600
X-GAS-STO-KHI-SS33,SET,18800
X-GAS-STO-KHI-SS9120,SET,16500
X-GAS-STO-KNI-PGC100,SET,7200
X-GAS-STO-LUC-115C,PCS,4200
X-GAS-STO-LUCKY-220*,PCS,5900
X-GAS-STO-PSN-PGC-2S,PCS,5800
X-GAS-STO-RAC-PY GH211,PCS,15900
X-GAS-STO-RUB-TAE10-M207,UNIT,179900
X-GAS-STO-RUB-TAE10-M372,UNIT,129900
X-GAS-STO-WH02-020,SET,17900
X-GEN-MOT-MT120,UNIT,198800
X-GLO-HAN-1200,PAIR,100
X-GLO-SEM-MIX-891,PCS,440
X-GOL-COM-BOT-INL-GDA2004B,SET,1590
X-GOL-OAK-WOO-FIL,BTL,850
X-GRA-CAB-CB6403,UNIT,4000
X-GRA-CAB-CB6405,UNIT,3300
X-GRA-CUT-BLA-30590MM,PCS,580
X-GRA-CUT-BLA-GRE,PCS,650
X-GRA-CUT-HYU-HBC-33,UNIT,45900
X-GRA-PLUG,PCS,380
"X-GUIDE-BAR-20""",PCS,19000
"X-GUIDE-BAR-25""",PCS,23900
X-GUM-HAR-280W,PCS,745
X-GUM-HAR-3000C,PCS,1390
X-GUM-HAR-HA2000C,PCS,850
X-GUM-HAR-RS300W-450G,PCS,430
X-GUM-RAT-300G,CAN,1290
X-GUM-SEL-ALL-FIX-30G,PCS,720
X-GUM-STA-9960GS10DT,PKT,2190
X-GUM-STA-9960GS20DT,PKT,0
X-GUN-HOT-AIR-W0337,PCS,11500
X-GUN-TAC-BC-R23,PCS,11900
X-HAN-6PCS-KKP-8025,SET,230
X-HAN-ACT-6PCS-GHO303,SET,520
X-HAN-CLI-EEL-120,PCS,300
X-HAN-CLI-EEL-212,PCS,650
X-HAN-CLI-EEL-E-130,SET,530
X-HAN-CLI-EEL-PC30,SET,300
X-HAN-CLO-12PCS-ZC1812,PKG,500
X-HAN-PLA-CHILD-EEL31,PCS,460
X-HAN-SWI-LAN-LAV-5PCS,SET,850
X-HAN-UMB-326A26'S,PCS,1460
X-HAN-UMB-CLO-G220CXL,PCS,830
X-HAT-STR-18IN,PCS,620
X-HD-1801-RNA-1L,BOT,490
X-HDR-PSN-EH-ND11-W655-WHITE,PCS,6300
X-HDR-PSN-EH-ND12-P655-PINK,PCS,7800
X-HDR-PSN-EH-ND13-V655-VIOLET,PCS,7800
X-HHD-CIS-VIN-L/L,PCS,4690
X-HHD-FLU-M0676/L100W-50MM,PCS,2290
X-HHD-FLU-PUSH-S200A-50MM,SET,3990
"X-HHD-SHA-STO-CA-8""",PCS,570
X-HHD-STO-RED-INDIA-6,PCS,550
X-HHD-TOI-COV-AK25,PCS,3990
X-HHD-TOI-PAP-HOL-70019,PCS,2750
X-HHD-TOI-PAP-HOL-PVC,PCS,830
"X-HHD-VAL-BOT-11""",SET,1280
X-HOE-WAT-10M,ROLL,0
"X-HOI-PUL-DOU-1""",PCS,440
"X-HOI-PUL-DOU-2""",PCS,1390
"X-HOI-PUL-SIN-1""",PCS,290
X-HOI-PUL-SIN-50MM,PCS,450
X-HOL-SET-BUL-LITE-55DC,SET,2750
X-HOL-SOA-06098,PCS,1890
X-HOO-ADH-S/S-YG1510,PCS,280
X-HOO-ADH-WTRPRF-HW-G01,PCS,280
X-HOO-CAB-CB8001-3,UNIT,3900
X-HOO-CAB-CB8001-5,UNIT,6300
X-HOO-CAB-CB8002-5,UNIT,6900
X-HOO-CAB-CB8006-5,UNIT,5300
X-HOO-CAB-CB801-3,UNIT,3100
X-HOO-PACK-2PCS-5512,PCK,220
X-HOO-S-2PCS-ZT2072,PCS,240
"X-HOO-SSS-2-1/2""",PCS,100
"X-HOO-SSS-3-1/2""",PCS,160
X-HOO-SSS-CN-HSD-1006,PCK,550
X-HOO-SUP-STICK-G7323,PCS,290
X-HOS-CLE-03230,COIL,13962
X-HOS-CLE-03830,COIL,24057
X-HOS-CLE-05030,COIL,35377
X-HOS-CLE-25MM,MTR,330
X-HOS-CON-ADA-BD,PCS,330
X-HOS-CON-BD,PCS,570
X-HOS-CON-BD-FIL,PCS,800
X-HOS-GAR-3M,PCS,590
X-HOS-GAR-BLI-15MMX10M,ROLL,3300
X-HOS-GAR-BLI-15MMX30M,MTR,390
X-HOS-GAR-GRE-10M,ROLL,1900
X-HOS-GAR-GRE-15M,ROLL,2900
X-HOS-GAR-M'MAN-1446#,ROLL,8500
X-HOS-GAR-ORA-160210,ROLL,1700
X-HOS-GAR-ORA-160230-MTR,MTR,200
X-HOS-GAR-ORA-1814-30M,ROLL,6900
X-HOS-GAR-ORA-BOB-3MM,ROLL,3880
X-HOS-GAR-ORA-VESSEL-10M,ROLL,2690
X-HOS-GAR-SET-GHR220,SET,17200
X-HOS-MAC-WAS-OUT1.5M,PCS,1060
X-HOS-MAC-WAS-OUT2.0M,PCS,1200
X-HOS-MAC-WAS-OUT2.5M,PCS,1400
X-HOS-MAC-WAS-OUT3.0M,PCS,1840
X-HOS-MARK-X-16MMX3MMX30M-GRN,MTR,360
X-HOS-NOZ-SQ THN-4,PCS,1280
X-HOS-NOZ-TWN-ECO-2012,PCS,500
X-HOS-PRI-PWSPK,PCS,5000
X-HOS-SPA-DIS-C337,CARD,150
X-HOS-SPA-RUB-1/2,PCK,50
X-HOS-SPA-WAS-C666,CARD,100
X-HOS-VAG-COU-PVC2W314,PCS,750
X-HOS-VAG-COU-PVC320,PCS,270
X-HOS-VAG-NOZ-PVC101,PCS,370
X-IND-CAS-GLI-BRA-100MM,EA,3580
X-IND-CAS-GLI-SWI-100MM,EA,1990
X-IND-CAS-GLI-SWI-75MM,EA,2390
X-IND-CAS-SWI-125MM,PCS,1290
X-IND-CEM-3KG-MAR,PKT,1290
X-IND-CEM-COM-18KG,BAG,2690
X-IND-CEM-EC-01KG,PCK,250
X-IND-CEM-EC-20KG,BAG,2650
X-IND-CEM-KEM-GREY-1KG,KG,250
X-IND-COA-TOP-GRE,BAG,2640
"X-IND-FEN-2""X4'",ROLL,24500
"X-IND-FEN-2""X5'",ROLL,29500
"X-IND-FEN-2""X6'",ROLL,34900
"X-IND-FEN-2""X7'",ROLL,40500
"X-IND-FEN-2.1/2""X7'",ROLL,35000
X-IND-FOL,SET,37000
X-IND-FOL-CATWALK,PCS,15000
X-IND-FOL-MS1462,SET,18000
X-IND-GAL-WIR-16#,KGS,660
X-IND-GAL-WIR-16#X12KG,KG,690
X-IND-GAL-WIR-18#,KGS,660
X-IND-GAL-WIR-20#,KGS,660
X-IND-GAL-WIR-20#-800G,COIL,434
"X-IND-IRON-PLATE-M7 X 2""",PCS,180
X-IND-PLU-BOB-300G,PCS,600
X-IND-PLU-BOB-400G,PCS,690
X-IND-PLU-BOB-500G,PCS,770
X-IND-PLU-BOB-600G,PCS,880
X-IND-RAG-COL,PCS,60
X-IND-RAG-COLOUR,PCS,60
X-IND-SCO-FLA-DGFH501Y,PC(S),1085
X-IND-SCO-FLA-DGFS501MH,PC(S),1415
X-IND-SCO-FLA-DGFS512MH,PC(S),1415
X-IND-SCO-ROU-DGFS503MH,PC(S),1415
X-IND-SCO-TIE-M501,PCS,1400
X-IND-SCO-TIE-M503,PCS,1470
X-IND-SCO-TIE-M512,PCS,1400
"X-IND-SCP-SEL-1""",PCS,400
"X-IND-SCP-SEL-1.1/2""",PCS,470
"X-IND-SCP-SEL-2""",PCS,470
"X-IND-SCP-SEL-2.1/2""",PCS,550
"X-IND-SCP-SEL-4""",PCS,600
X-IND-SCP-SSB25,PCS,200
X-IND-SCP-SSB65,PCS,290
"X-IND-TRO-KNI-BRI-2.1/2""X6""",PCS,570
X-IND-TRO-PLA-H/CLS-YEL,PCS,920
X-IND-TRU-PLA-YB400,UNIT,27900
X-IND-UMB-SQU-9',PCS,11300
X-IND-WHE-7111S,UNIT,15900
X-IND-WIR-MES-2X1X4'X15GX100',FTS,340
X-INK-CHI-BLA(HWA),PCS,180
X-INK-CHI-BLACK,PCS,180
X-INK-ORC-ASTAR,PCS,230
X-INS-6015,NOS,119900
X-IRON-BOA-ESC-FIRE-TYB3612-13,PCS,8600
X-IRON-BOA-ESC-FIRE-TYB3612-137,PCS,8600
X-IRON-BOA-ESC-FIRE-TYB4313-14,PCS,9900
X-IRON-BOA-ESC-FIRE-TYB4313-145,PCS,9900
"X-IRON-BOARD-M'SIA-36""-TYB36",PCS,3850
"X-IRON-BOARD-M'SIA-39""-TYB39",PCS,6500
XI-SIN-KAS-HQ121XT,PCS,42900
XI-TOI-CAS-ROMA,UNIT,54500
XI-TOI-CLO-INL-IS6009(BWL),SET,8900
XI-TOI-FLU-VAL-FTG-UFV,SET,18300
XI-TOI-TRP-WC301S-WHT,NOS,55600
XI-TOI-WC-FLUSH VALVE-7415,SET,53700
XI-VAC-PSN-ACC-S004,PCS,2150
X-JAC-FLO-ESK-3TON,UNIT,52800
X-JAC-FLO-HYD-CHI-28KGS,PCS,30000
X-JARUM,PCS,100
X-JUG-KHI-KET-EK150DS,SET,10900
X-KAR-K2-COM,UNIT,41900
X-KAR-K2-COM-LAN,UNIT,19500
X-KAYU-CANGKUL,PCS,1090
X-KGR-ADH-VT328,TIN,650
X-KHI-HDR-HD519,SET,8600
X-KHI-IRO-EI228T,SET,6300
X-KHI-IRO-EI236S,SET,6200
X-KHI-IRO-EI237-ORA,SET,5200
X-KHI-IRO-EI238,SET,7900
X-KING KONG-HR050-500L(110),UNIT,83900
X-KING KONG-HR195H-1950L,UNIT,183500
X-KIT-KNO-CT928,PCS,390
X-KIT-KNO-CT928-BIG,PCS,230
X-KIT-KNO-CT928-SMA,PCS,170
X-KNI-CN-K-819,PCS,300
"X-KNI-LAS-JAP-S/STE-6""",PCS,500
"X-KNI-LAS-JAP-S/STE-7""",PCS,640
X-KNI-SSS-D PBR-335,PCS,420
X-LAD-D/S-DS09,UNIT,24900
X-LAD-H/D-EVE-DS08,UNIT,28000
X-LAD-H/D-EVE-DS12,UNIT,40000
X-LAM-STA-S10-4,PCS,100
X-LEO-H/D-BID-SPR-L2888,SET,6600
X-LEO-SUS304-ABL-L103S,PCS,7600
X-LEO-SUS304-S/S-L333,PCS,10500
X-LOC-COL-RM503,SET,12000
X-LOC-GLO-CHR-GLBBB40,PCS,1980
X-LOC-GLO-CHR-GLBBB50,PCS,2260
X-LOC-SEC-HON-50MM,PCS,4390
X-LOC-SEC-HON-60MM,PCS,5150
X-LOC-SEC-SHE-40MM,PCS,830
X-LOC-SEC-SHE-50MM,PCS,1100
X-LOC-SGD-PL100-40MM-4PC,SET,18500
X-LOC-SGD-PL300-60MM-4PCS,SETS,28900
X-LOC-SGD-PL300-60MM-5PCS,SETS,44900
X-LOC-SGD-TSA1889,PCS,3200
X-LOC-SGD-TSA1890,PCS,3850
X-LOC-SGD-TSA1899,PCS,3160
X-LOC-SOL-CR503,SET,24500
X-LOC-YALE-Y120B-50-KA3,SET,26500
X-LOC-YALE-Y124,UNIT,7650
X-LOC-YALE-Y124-70-1,UNIT,11900
X-MEA-TAP-GLO-A100M,PCS,7000
X-MEA-TAP-GLO-B20M,PCS,1840
X-MEA-TAP-GLO-B30M,PCS,3090
X-MEA-TAP-GLO-B50M,PCS,3750
X-MEA-TAP-NAK-B/D-3.5M,PCS,320
X-MEA-TAP-NAK-B/D-5.0M,PCS,490
X-MEA-TAP-NAK-B/D-7.5M,PCS,890
X-MEA-TAP-NAK-Y-5M,PCS,491
X-MEA-TAP-NAK-Y-7.5M,PCS,906
X-MEA-TAP-SMM-3.5M,PCS,400
X-MEA-TAP-SMM-5.0M,PCS,650
X-MEA-TAP-SMM-7.5M,PCS,1200
X-MEA-TAP-STA-30608L,PCS,1180
X-MEA-TAP-STA-33-726,PCS,1990
X-MEA-TAP-STA-POW-5.0M,PCS,4290
X-MEA-TAP-STA-TOU-8.0M,PCS,3950
X-MEA-TAP-SUN-8.0M,PCS,2190
X-MET-WAT,SET,12490
X-M-FT-RK2-T060(SS),NOS,19800
X-M-FT-RK3-G160-2(SS),NOS,23800
X-MIL-CAN-OPE-9119,PCS,600
X-M-MX-SH3-6002(SS),SET,48800
X-MST-425-12-18,SET,17900
X-MST-6011A,SET,39900
X-M-TP-BP-3510,NOS,4600
X-M-TP-BP-L94,NOS,3900
X-NAI-COM-25MM-1KG,PCK,630
X-NAI-COM-25MM-500G,PCK,340
"X-NAI-CON-JAR-1 1/2""-BOX",BOX,800
X-NAI-ROO-P65MM-700G,PCK,550
X-NAI-ROO-T65MM-300G,PKT,350
X-NAI-SQU-038MM-200G,PCK,260
X-NAI-SQU-065MM-200G,PCK,260
X-NAI-SQU-075MM-300G,PCK,360
X-NIE-GAS-BUT-GT230G,CAN,580
X-NIE-SOC-HAN-DEE-12P-34MM,PCS,0
X-NIE-SOC-IMP-DEE-1/2-24MM,PCS,1920
X-NIP-EAS-6565-7L,CAN,5950
X-NIP-EAS-6566-7L,CAN,5950
X-NIP-EAS-6575-7L,CAN,5950
X-NIP-EAS-6578-7L,CAN,5950
X-NIP-ECO-ER,CAN,0
X-NIP-ECO-R,CAN,0
X-NIP-MOMENTO-CG-1L,CAN,0
X-NIP-MOMENTO-ME-1L,CAN,0
X-NIP-MOMENTO-MS-1L,CAN,0
X-NIP-MOMENTO-PRIMER-1L,CAN,3800
X-NIP-QSH-EXT-18L-T,DRUM,0
X-NIP-QSH-EXT-1L-L,CAN,0
X-NIP-QSH-EXT-20L-L,DRUM,0
X-NIP-QSH-EXT-5L-L,CAN,0
X-NUT-CRACKER,PCS,1250
X-OIL-SIN-100ML,PCS,340
X-OIL-SUP,PCS,360
X-OKE-PL-11W-D/L,PCS,750
X-OVEN-SHA-R213CST,PCS,27900
X-PAI-BRU-633-012MM,PCS,100
"X-PAI-BRU-SEL-WOO-1.1/2""",PCS,1180
"X-PAI-BRU-SEL-WOO-2""",PCS,990
"X-PAI-BRU-SEL-WOO-3""",PCS,1180
"X-PAI-BRU-SEL-WOO-4""",PCS,1500
X-PAI-COO-BOX-ROU,PCS,3570
X-PAI-COV-MOP-104,PC(S),538
X-PAI-GAL-9200,PCS,890
X-PAI-GLO-AXE-100ML-8855,PCS,440
X-PAI-GLO-LUC-100ML-8860,PC(S),480
X-PAI-MOP-CHI-AF08080,SET,21450
"X-PAI-ROL-4""",PCS,90
X-PAI-ROL-HAN-TK011,PCS,760
"X-PAI-ROL-SET-7""XD6",PCS,990
"X-PAI-ROL-SET-V009-7""",PCS,1250
X-PAI-SPR-NIETZ-BLK,CAN,1090
X-PAI-SPR-NIETZ-L/BLU,CAN,1090
X-PAI-SPR-NIETZ-PETR.GRN,PCS,1090
X-PAI-SPR-NIETZ-RED,CAN,1090
X-PAI-SPR-NIETZ-SILVER,PC(S),1090
X-PAI-SPR-NIETZ-WHITE,CAN,1090
X-PAI-TRA-BLUE,PCS,390
X-PAI-TRA-GREY,PCS,380
X-PEE-STEEL-KNIFE-412,PCS,490
X-PEN-WOO-GRE,PCS,110
X-PEN-WOO-ORAN,PCS,110
X-PEN-WOO-PUR,PCS,110
X-PEN-WOO-RED,PCS,110
"X-PIP-HDPE-25MM-3/4""-100M",ROLL,0
"X-PIP-PVC-3506-1.1/2""",MTR,350
"X-PIP-PVC-3506-1.1/4""",MTR,300
X-PIP-PVC-WHI-SOC-3M,LTH,400
X-PLA-BAG-12X18X2KG,ROLL,2250
X-PLA-BAG-14X18-2KG,ROLL,2000
X-PLA-BAG-7X10X1KG,ROLL,1060
X-PLA-BAG-BLU-1315,PCKT,380
X-PLA-BAG-BLUE-22X27,PKT,1150
X-PLA-BAG-BROWN,BAG,620
X-PLA-BAG-GRE-1315,PCKT,377
"X-PLA-BAG-H/DUTY-BLA-30""X39""",PCK,950
X-PLA-BAG-RED-13X16-AA,PCK,630
X-PLA-BAG-RUB-30X40XB1KG,PCK,750
X-PLA-BAG-RUB-BLA-1824,KG,800
X-PLA-BAG-W1000-1822,PCK,650
X-PLA-BAG-W1000-2229,PCK,990
X-PLA-BAG-W1000-2730,PCK,900
X-PLA-BAG-W500-1417,PCK,490
X-PLA-BAG-WHI-13X16A,PCK,490
X-PLA-BAG-WHI-812AA,PCK,590
"X-PLA-FOR-6.5""",PKT,270
X-PLA-ICE-1.50X12X150G,PCKT,280
X-PLA-ICE-200GM,PCK,330
"X-PLA-PAP-PLA-9""",PKT,420
"X-PLA-PLA-9""",PKT,925
X-PLA-PVC-G-11309P,PCS,200
X-PLA-PVC-G-11309P-GRE,PCK,1070
X-PLA-PVC-G-11309P-ORA,PCK,1070
X-PLA-PVC-G-11309P-RED,PCK,1070
"X-PLA-SKE-12""",PKT,700
"X-PLA-SKE-8""",PKT,590
"X-PLA-SPO-6.5""",PKT,270
X-PLA-STRAW-7.5X200G,PCK,190
X-PLUG-TOP-MIND-13A-MA18,PCS,490
X-PLY-4'X8'X9MM-B2,PCS,4151
"X-POLY-SHE-1""",PCS,950
"X-POLY-SHE-1/2""",PCS,480
X-PSN-MJ-70M-UB-SPI,PCS,10800
X-PSN-NI-25A1-BK1,PCS,10900
X-PSN-NI-25AWT1-BT,PCS,7900
X-PSN-NI-317W-LN,PCS,7500
X-PSN-NI-415E-BK1,PCS,6800
X-PSN-TK-CS20-WMA,PCS,24800
X-PUM-HAN-JK20,PCS,1920
X-PUM-HAN-SDSF8818B,PCS,720
X-PUM-HYU-HD810,UNIT,74900
X-PUM-PP-9673,PCS,3760
X-PUM-WTR-ADE-BWJ2-4,UNIT,128800
X-PUM-WTR-MARLINO-BWJ4-4,UNIT,146800
X-PUM-WTR-MARLINO-CPM158,UNIT,48800
X-PUM-WTR-MARLINO-IAWZB250,UNIT,38800
X-PUM-WTR-MARLINO-JET370G1,UNIT,75900
X-PUT-CAR-888-BROWN,TIN,2880
X-PUT-CAR-888-GREY,TIN,2880
X-PVC-CON-JT4474,PCS,580
X-PVC-SHO-BLUE,PCS,6900
X-PVC-SPONGE-MATE-CX180200,PCS,5600
X-PVC-SPO-RIC-HT1101,PCS,150
X-PVC-WAT-JUG-9516-T,PCS,530
"X-RACK-KITCHEN-DDJH5-PROBUS-5""",PCS,590
"X-RACK-KITCHEN-DDJH9-PROBUS-9""",PCS,950
X-RAC-SHO-PLA-B6063-4,SET,3850
X-RAC-SHO-PLA-B6063-5,SET,3880
X-RAC-TFP-114,PCS,9200
X-RAC-TFP-300,PCS,4300
X-RAC-TFP-400,PCS,4700
X-RAK-BLU-YEL-6'H X 4'(L),SET,26226
X-RAK-BLU-YEL-6'H-4'L-2'W-4LVL,SET,37000
X-RAK-BLU-YEL-6'H-4'L-2'W-4LVLS,SET,37000
X-RAT-CAG-AUT,PCS,1250
X-ROO-CAP-0.33MM-OREN,PCS,3550
X-ROO-SHE-BEI-0.30-9,PCS,4725
X-ROP-PE-01.5MM,MTR,50
X-ROP-PE-02MM,MTR,50
X-ROP-PE-6MM-BDL,BDL,700
X-ROP-PP-MAL-6MM,KG,1900
X-ROP-TOW-LTMS-10MM4M,PCS,2570
X-ROT-BAT,PCS,220
X-RUB-BOX-OIL-CUP,PCS,5500
X-RUB-TAE10-M550,UNIT,39900
X-RUB-TAE11-M321,UNIT,288000
X-RUB-TRB01-670B,UNIT,109800
X-RUB-TRB08-004,UNIT,49800
X-RUB-TRB08-006,UNIT,133800
X-RUB-TRB08-613,UNIT,106800
X-RUB-TRB08-622,UNIT,139800
X-RUL-WOO-1M,EA,3755
X-S/STE-RED-WIN-OPE-JM797,PCS,2100
X-SAF-EAR-EM9001,PCS,1000
X-SAF-HEL-WHI,PCS,990
X-SAF-MAS-BLU,PCS,200
X-SAF-MAS-BOX,BOX,990
X-SAF-MAS-BOX-10,PCK,250
X-SAF-MAS-BOX-5,PCK,150
X-SAF-MAS-FAC-BOX,PCS,50
X-SAF-MAS-MAU-N95,PCS,690
X-SAF-MAS-NUR-5PCS,PCK,250
X-SAF-MAS-NUR-BOX,PCK,190
X-SAF-MAS-NUR-BOXX,BOX,590
X-SAF-MAS-NUR-MED-3PLY,PKT,290
X-SAF-MAS-NUR-PCK,PCK,250
X-SAF-SHO-HAK-38#,PAIR,5800
X-SAF-SHO-HAK-39#,PAIR,5800
X-SAF-SHO-HAK-44#,PAIR,5800
X-SAF-SPE-GOG-6139,PCS,590
X-SAF-SPE-KG3101DB,PCS,1100
X-SAF-SPE-PIC-ST46-YEW-CLE,PCS,660
X-SCA-CAM-3100002,PCS,10200
X-SCA-CAM-COV-10/15/20KG,PCS,900
X-SCA-CAM-COV-100KG,PCS,1500
X-SCA-CAM-EB9003,PCS,6450
X-SCA-CAM-EB9872,PCS,7500
X-SCA-CAM-EI02HS-6KG,PCS,11900
X-SCA-CAM-ELE-3100144,PCS,3880
X-SCA-CAM-HAN-4KG-3100017,PCS,1490
X-SCA-CAM-SQ30KG,PCS,13500
X-SCI-S/STEEL-2160,PCS,8900
X-SCI-S/STEEL-2222,PCS,22500
"X-SCI-S/STEEL-701-7.5""",PCS,1150
X-SCI-S/STEEL--DL1007,PCS,4500
X-SCI-S/STEEL-DL9001,PCS,5500
X-SCI-S/STEEL-GM-6133,PCS,4950
X-SCI-S/STEEL-GM-710,PCS,4490
X-SCI-S/STEEL-K65T,PCS,13800
X-SCI-S/STEEL-RFCD-7100,PCS,4490
X-SCI-S/STEEL-S13,PCS,9900
X-SERVIETTE-TISSUE,PKT,140
X-SHH-BLK-HOSE-9MMX2MM-S-9MTR,MTR,3900
X-SHH-BSLINE-WHI-NO.120,PKT,390
X-SHH-BSLINE-WHI-NO.200,PKT,520
X-SHH-HOOK-4310N-NO.1/0,PKT,330
X-SHH-HOOK-4310N-NO.10,PKT,330
X-SHH-HOOK-4310N-NO.2/0,PKT,330
X-SHH-HOOK-4310N-NO.3/0,PKT,330
X-SHH-HOOK-4906-NO.1,PKT,400
X-SHH-HOOK-4906-NO.2,PKT,400
X-SHH-HOOK-4906-NO.4,PKT,400
X-SHH-HOOK-4906-NO.5,PKT,400
X-SHH-HOOK-4906-NO.6,PKT,400
X-SHH-PLA-NET-NEE-NO-GRE,PCS,190
X-SHH-YEL-HOSE-9MMX2MM-S-9MTR,MTR,3900
X-SHI-FAC,PCS,250
X-SHI-SPR-KM6197,SET,2300
X-SHI-SPR-KM6198,PCS,2080
X-SHO-HAN-SET-SY0310-BLU,SET,940
X-SHO-HEA-LUX-LT8374,PCS,2490
X-SHO-HEA-ML1030,PCS,3950
"X-SHO-HEA-QXY-SH-0148(4"")",SET,1500
"X-SHO-HEA-QXY-SH-0158(6"")",SET,1780
X-SHO-PVC-ROC-3311,PCS,1090
X-SHO-SOR-SRTSS3011,PCS,9200
X-SHO-SOR-SRTSS3180,PCS,14500
X-SIN-ALUM-4218,PCS,6900
X-SIN-CAV-CA830,PCS,13900
"X-SIN-FLE-PVC-OUT-1.1/4""-3339",PCS,330
X-SIN-M-12050,SET,19800
X-SIN-M-KS-DB-10948,SET,45800
X-SIN-M-KS-DB-8248,SET,35800
X-SIN-M-KS-STD-11060,SET,93800
X-SIN-M-KS-STS-11060,SET,86800
X-SIN-M-KS-STS-6060,SET,12800
X-SIN-S/S-AIN-ALIKE,SET,9900
X-SIN-S/S-DOU-S2-8348H,UNIT,59900
X-SIN-WAS-32MM,PCS,280
X-SOA-BOX-371,SET,0
X-SOC-AMP-1G,PCS,650
X-SOC-AMP-NET,PCS,708
X-SOC-OUT-DOR-TC928,EA,880
X-SOC-SWIT-MK4873,PCS,1650
X-SOC-TEL-2WAY,PCS,330
X-SOC-TEL-3WAY,PCS,600
X-SOC-TEL-WAL-1G,PCS,600
X-SOU-LAD-S/S-PVC-HAN-JM-192,PCS,1180
X-SPO-BLA-25MM-712B,PCS,100
X-SPO-DES-CN-808-S,PCK,930
X-SPO-DES-SS--828S,PCK,930
X-SPO-FIS-88,PCS,200
X-SPO-GRE-4PCS-1017,PKT,230
X-SPO-LUN,PCK,190
X-SPO-LUN-CHI,PCK,190
X-SPO-LUN-CHI-MTP,PCK,220
X-SPOON-12PCS-LP1983-GREEN,PCK,220
X-SPOON-12PCS-LP1983-ORANGE,PCK,220
X-SPOON-12PCS-LP1983-RED,PCS,220
X-SPOON-PLASTIC,PCK,190
X-SPO-SCO-PAD,PCS,80
X-SPO-STE-WOOL-UNI326,PCS,50
X-SPO-WAS-DEC,PCS,40
X-SPR-GEL-HAN-500ML,CAN,990
X-SPR-HAN-144,PCS,390
X-SPR-HAO-SHUN-500ML,CAN,990
X-SPR-KDS-180,TIN,799
X-SPR-M/P-31#,BTL,3190
X-SPR-NANO-5L,BOT,4390
X-SPR-SAN-AIVIO-100ML,PCS,550
X-SPR-THE-75%-450ML,CAN,990
X-SPR-THE-ALC,CAN,990
X-SPR-THE-HAN-500ML,CAN,990
X-SPR-WSL-ALC-118ML,BTL,599
X-STA-BEL-KTW750,PCS,3500
X-STA-DRI-AGS125,UNIT,13650
X-STA-DRI-DCD700C2,UNIT,37500
X-STA-DRI-SCD121S2K,UNIT,39900
X-STA-DRI-SCD12S2,UNIT,32800
X-STA-DRI-SCH121S2,UNIT,44800
X-STA-DRI-SCH12S2,UNIT,43900
X-STA-DRI-SCI12S2,UNIT,49500
X-STA-DRI-SDH600KV,UNIT,33900
X-STA-GL260,UNIT,13900
X-STA-GRI-G650,UNIT,13900
X-STA-GRI-SG7100,UNIT,15900
X-STA-HAM-BEH550,UNIT,23900
X-STA-HAM-DRI-SCH20C1H,UNIT,66900
X-STA-HAM-EVO185B1,UNIT,89500
X-STA-HAM-SCD711C2K,UNIT,63900
X-STA-HAM-SCH20C2K,UNIT,61900
X-STA-HAM-STEL503K,UNIT,39800
X-STA-PLANER-STP18-1800W,UNIT,223900
X-STA-PRE-WAS-BW15,UNIT,51900
X-STA-PRE-WAS-K4,UNIT,129900
X-STA-PRE-WAS-PW1200,UNIT,39500
X-STA-PRE-WAS-SW19,UNIT,124900
X-STE-RAC-29.5X21-CN DY-J0905,PCS,1280
X-STE-RAC-35.6X24.7-CN DY-J090,PCS,1500
X-STE-RAC-35.6X24.7-CN DY-J0904,PCS,1500
X-STE-RAC-39.5X28.3-CN DY-J090,PCS,1850
X-STE-RAC-39.5X28.3-CN DY-J0903,PCS,1850
X-STI-BLO-SR5600,UNIT,79900
X-STI-BRU-CUT-FR3001-ACC,SET,4900
X-STIC-PER-70/80KM/J,PCS,270
X-STIC-PER-80/90KM/J,PCS,270
X-STO-FLA-VAC-31B,PCS,160
X-STO-FLA-VAC-51B,PCS,180
X-STRAW-PAPER,PCK,0
X-STR-GUN-NED-6IN,PCS,120
X-STR-SS-CL25/14- CZE-14CM,PCS,1400
X-STR-SS-CL25/18- CZE-18CM,PCS,1990
X-SUMO-LT3600N-6 -R,UNIT,125000
X-SUMO-LT8.7/18 -R,UNIT,179000
X-SUMO-SM2500I-R,UNIT,116800
X-SUMO-SM6500N-6-R,UNIT,328800
X-SUMO-VAC-CLE-SM-1800,UNIT,39900
X-SUP-GLU-3GM-VT-110,PCK,180
X-SWI-ADA-3WAY,PCS,990
X-SWI-ADA-MUL-SL-7196,PCS,380
X-SWI-ADA-MUL-SOL-FUJIROX7198,PCS,320
X-SWI-ADA-MUL-SOL-N7196,PCS,300
X-SWI-ADA-NEO-3WAY-SMA,PCS,1050
X-SWI-ADA-TRA-PNT,PCS,1490
X-SWI-CON-OET-AL-S484PS,PCS,2790
X-SWI-CON-TBC-10A,PCS,1120
X-SWI-CON-TBC-30A,PCS,1690
X-SWI-LED-MULTI-COL-SH5801,SET,2800
X-SWI-LWD-1WAY-2GANG,PCS,380
X-SWI-PLK-1G1W-1311,PCS,380
X-SWI-PLK-2G1W-1312,PCS,620
X-SWI-PLK-3G1W-1313,PCS,930
X-SWI-PLK-4G1W-1314,PCS,2050
X-SWI-PLK-5G1W-1315,PCS,1640
X-SWI-PLK-KAWA-3011,PCS,390
X-SWI-PLU-ADA-NEON-3WAY,PCS,2550
X-SWI-SOC-DES-8019,PCS,280
X-SWI-SOC-TOP-13AW,PCS,320
X-SWI-STA-HIT-S10,PCS,150
X-SWI-STA-TL-S10-C,PCS,80
X-SWI-T/SOC-FLE-2M2G,SET,1632
X-SWI-T/SOC-FLE-677N-8M4G,SET,2547
X-SWI-T/SOC-LWD-9940-5M4G,SET,2950
X-SWI-T/SOC-LWD-9950-5M5G,SET,3160
X-SWI-T/SOC-TAI-3G3M,PCS,3390
X-SWI-T/SOC-TAI-6G3M,PCS,4450
X-TAB-LAM-016TK-BK,PCS,6990
X-TAB-LAM-016TL-WH,PCS,6990
X-TAB-LAM-S-300,PCS,10900
X-TAB-SHE-PVC-FY-3181B-8094F,MTR,1200
X-TAB-SHE-PVC-FY-3505A-8094F,MTR,1200
X-TAB-SHE-PVC-FY-4115D-8094F,MTR,1200
X-TAB-SHE-PVC-FY-6304A-8094F,MTR,1200
X-TAB-SHE-PVC-FY-6305A-8032F,MTR,1200
X-TAB-SHE-PVC-FY-6409A-8032F,MTR,1200
X-TAB-SHE-PVC-FY-6409C-8032F,MTR,1200
X-TAB-SHE-PVC-FY-6410A-8032F,MTR,1200
X-TAB-SHE-PVC-FY-6411A-8094F,MTR,1200
X-TAP-PRE-TK-3856Q,PCS,28900
X-TAP-SIN-K500L,PCS,1790
X-TAR-SHT-GT2-20X20,SHT,12900
X-THI-SOL-P4042B,TIN,1934
X-TIS-CAB-BLA-10MM,PCK,1792
X-TOI-CLEA-TC,PCS,2190
X-TOI-TIS-CAB-CB301,UNIT,3900
X-TOI-WAS-DWN-FOP01,NOS,105000
X-TOO-AXE-GD-1.2LB,PCS,1650
X-TOO-BOX-MJ-02-12,UNIT,1490
"X-TOO-BOX-MJ-05-18.5""",UNIT,4490
"X-TOO-CHI-TIM-1""X40""",PCS,4050
X-TOO-CHI-TIM-BUD,PCS,5300
X-TOO-DAE-20W,UNIT,53900
X-TOO-DRI-ADA-10MM,PCS,1790
X-TOO-DRI-ADA-13MM,PCS,1850
X-TOO-DRI-AKAIDO-AK12EC,UNIT,17900
X-TOO-DRI-AKAIDO-AKQ12BL,UNIT,32900
X-TOO-DRI-MARK-2022-18V,SET,22900
X-TOO-DRI-SET-FFF,SET,21500
X-TOO-DRI-SET-MARK-X-2010N,SET,25900
X-TOO-DRI-SET-MARK-X-2014,SET,53900
X-TOO-DRI-SET-MKX-2018-12V,SET,20900
X-TOO-DRI-SET-WK-PWT-5501,SET,32900
X-TOO-DRV-ATB-AT70-10-,PCS,660
X-TOO-DRV-ATB-AT70-10+,PCS,660
X-TOO-DRV-ATB-AT70-12-,PCS,700
X-TOO-DRV-ATB-AT70-12+,PCS,700
X-TOO-DRV-ATB-AT70-4-,PCS,330
X-TOO-DRV-ATB-AT70-5-,PCS,370
X-TOO-DRV-ATB-AT70-5+,PCS,370
X-TOO-DRV-ATB-AT70-6,PCS,420
X-TOO-DRV-ATB-AT70-6+,PCS,420
X-TOO-DRV-ATB-AT70-8-,PCS,560
X-TOO-DRV-ATB-AT70-8+,PCS,560
"X-TOO-DRV-BLI-IMP-10""(-)",PCS,830
"X-TOO-DRV-BLI-IMP-10""(+)",PCS,830
X-TOO-DRV-KIN2W,PCS,150
X-TOO-DRV-KIN-2WAY,PCS,230
X-TOO-DRV-SET-STA-9PCS,SET,5150
X-TOO-DRV-STA-SET-6PCS,SET,5650
X-TOO-DRV-STA-SET-D6PCS-99609200,SET,5650
X-TOO-ELE-GUNW0338C,PCS,3800
"X-TOO-EXT-BAR-STA-12MM-03""",PCS,1930
X-TOO-EXT-BAR-W0365B,PCS,2860
X-TOO-FIL-ROU-6,PCS,783
X-TOO-FIL-ROU-8,PCS,1132
X-TOO-LEV-PLA-COS-892,PCS,420
X-TOO-LEV-STA-993042072,PCS,5350
X-TOO-LEV-STA-993042073,PCS,6050
X-TOO-LEV-STA-993042074,PCS,7330
X-TOO-LEV-STA-993042075,PCS,9300
X-TOO-LEV-STA-993042076,PCS,12390
X-TOO-MARK-X-MKX-9556,UNIT,19900
X-TOO-NIE-PLU-COU-20SF,PCS,1950
X-TOO-NIE-PLU-COU-20SH,PCS,1950
"X-TOO-NIE-SOC-HAN-1/2""-33MM",PCS,0
X-TOO-OPE-MBSP012A,SET,2850
X-TOO-PLI-COM-GT100,PCS,690
X-TOO-PLI-DIA-84003,PCS,8450
X-TOO-PLI-DIA-GT100,PCS,660
X-TOO-PLI-LIN-STA-175,PCS,3990
X-TOO-PLI-LOC-84368,PCS,4640
X-TOO-PLI-LOC-84370,PCS,4640
X-TOO-PLI-LOC-STA-998484369,PCS,5140
X-TOO-PLI-LOC-STA-998484371,PCS,5140
X-TOO-PLI-LON-84006,PCS,7260
"X-TOO-PLI-LON-NOS-GT4""",PCS,750
"X-TOO-PLI-LOS-NOS-GT5.1/2""",PCS,700
X-TOO-PLI-RIV702,PCS,2190
X-TOO-PLI-RIV705,PCS,2860
X-TOO-PLI-RIV-STA-996069800,PCS,6260
X-TOO-PLI-RIVW109B,PCS,2200
X-TOO-PLI-SLI-STA-200,PCS,3200
X-TOO-PLI-STA-STHT84028-8,PCS,4180
X-TOO-PLI-WT001,PCS,5990
X-TOOTH-PICK-2036,PCK,200
X-TOO-WOR-5503-12V,SET,25900
X-TOO-WRE-AIR-RT5990,UNIT,23800
X-TOO-WRE-GLO-200MM,PC(S),1226
X-TOO-WRE-HAN-L21MM,PCS,660
X-TOPLUS-EPO-BE4-0632-5L,TIN,16000
X-TOPLUS-HAR-BE4-1L,TIN,5000
X-TOR-LIG-ALU-LE273,PCS,8950
X-TOR-LIG-HEA-FL-YJ908,PCS,1000
X-TOR-LIG-HEA-JM35,PCS,3850
X-TOR-LIG-HEA-LE343,PCS,8500
X-TOW-CAB-CB391-30,PCS,4950
X-TOW-PRE-BK3800,UNIT,20900
X-TOW-RAC-MJJ TR2,SET,9300
X-TOYOGO-GRAB-STICK-83CM,PCS,500
X-TRACK-PARTITION,PCS,0
X-TRA-SOC-GTE-2G-28060032,PCS,2190
X-TRA-SOC-GTE-5G-28060035,PCS,2880
X-TRCK-(0.32MM)-50MM- 08FTS,PCS,0
X-TRCK-(0.32MM)-50MM- 10FTS,PCS,440
X-TRCK-(0.40MM)-50MM- 08FTS,PCS,390
X-TRCK-(0.40MM)-65MM -10FTS,PCS,510
X-TRCK-(0.40MM)-65MM -8FTS,PCS,460
X-TSP-SQUARE-2221,PCS,0
X-TWEEZER-S/S-90M/M,PCS,380
X-TWEEZER-WST11-140MM,PCS,390
X-VAC-KHI-UVC700,SET,21000
X-VAC-KHI-VC3663,SET,31900
X-VAC-KHI-VC605,SET,11500
X-VAC-KHI-VC620,SET,26500
X-VAC-KHI-VC810,SET,17900
X-VAC-PSN-MC-3300-TYPE-C-13,PCS,950
X-VAC-PSN-TYPE-C-20E,PCS,990
X-WAL-PLU-FIS-S10-BOX,BOX,450
X-WAL-PLU-FIS-S10-PCK,PCK,140
X-WARDROBE-KY99G1485-1(LLT),SET,6950
X-WAS-BRU-CRM613,PCS,400
X-WAT-FIL-1200-ACQUA-KH1.2K,UNIT,54500
X-WAT-FIL-2000-ACQUA-KH2K,UNIT,62800
X-WAT-FIL-4000-ACQUA-KH4K,UNIT,92900
X-WDS12P-RO,UNIT(S),0
X-WEL-ELE-KOB-2.6MM,PCK,3580
X-WEL-ELE-KOB-3.2MM,PCK,3480
X-WEL-MAC-FIG-MIG-200A,UNIT,57900
X-WEL-MAC-FIG-MMA250-R,UNIT,94800
X-WEL-MAC-IWE-170IV -R,UNIT,52600
X-WEL-MAC-SMAW 300I -R,UNIT,195800
X-WEL-MAC-SMAW 400I -R,UNIT,215300
X-WEL-MAC-STW-140G,UNIT,46800
X-WEL-MAC-STW-160G,UNIT,65500
X-WEL-MAC-STW-200G,UNIT,85900
X-WEL-SHI-RED-HAND,PCS,830
X-WHE-NYL-CAS-112,SET,1790
X-WH-LIG-DOW-E27-P5004-3,EA,1000
X-WH-LIG-DOW-PLC-P5004-3,EA,1000
X-WIN-ROL-PVC-SMALL,BAG,2500
X-WIN-ROL-PVC-SMALL25,PACK,189
X-WIN-ROL-PVC-SMALL50,PACK,350
X-WIR-BRC-610X60M,ROLL,24900
"X-WOK-ALU-THI-ROU-20""",PCS,4600
X-WOO-PLY-3.6MM-G2,PCS,2150
ZLC21-W,PCS,0
ZPART-TM-71-24,PCS,3900
