item_code,uom,display_name,category,stock_qty,old_price_myr,new_price_myr,delta_myr,pct_change,excel_qty,item_group
RUB-TAE11-M310,UNIT,Rubine Rch-sirocco-bl Cooker Hood,Kitchen & Sinks,6,53.90,2750.00,2696.10,5002.04,6,FIAMMA 5%
X-RUB-TAE11-M321,UNIT,Rubine Rch-thora-ss Cooker Hood,Kitchen & Sinks,1,749.00,2880.00,2131.00,284.51,1,FIAMMA 5%
BOS-0601-3A3-1L0,UNIT,Gws 700 Angle Grinder,Power Tools,2,1069.00,155.00,-914.00,-85.50,2,CMW ENGINEERING3
OVEN-RUB-TAE13-M266,UNIT,Rubine Built-in Oven RBO-IA8X-70SS,Home Appliances,2,1699.00,2590.00,891.00,52.44,2,
OVEN-RUB-TAE13-M507,UNIT,Rubine M/wave Oven RMO-934SS-GD34X,Home Appliances,1,1229.00,2030.00,801.00,65.17,1,
OVEN-RUB-TAE13-M265,UNIT,Rubine Built-in Oven RBO-IA6X-70SS,Home Appliances,1,1699.00,2290.00,591.00,34.79,1,
X-RUB-TRB08-006,UNIT,Rubine Rjs 622 S/s Sink (1BB+1SB),Kitchen & Sinks,1,779.00,1338.00,559.00,71.76,1,
TOI-TRP-WC-SRTWC8366-S(250MM),PCS,Sorento One Piece Washdown W Rimless Flush Tech,Bathroom,1,1309.00,1799.00,490.00,37.43,1,SYNTALUN
SHO-SOR-SRTWT2634,PCS,Sorento Exposed Shower Set 3-WAYS SRTWT2634,Bathroom,1,1419.00,949.00,-470.00,-33.12,1,SYNTALUN
SIN-SKS-230-8545-S600,PCS,Handmade Nano Black Double Bowl K/sink,Kitchen & Sinks,2,679.00,1149.00,470.00,69.22,2,VTC HARDWARE
X-INS-6015,NOS,Leece One Piece Water Closet - S Trap,Plumbing,1,759.00,1199.00,440.00,57.97,1,IN CERAM
BOS-0611-321-0L0,UNIT,Gsh 5CE Demolition Hammer,Power Tools,1,1799.00,2238.00,439.00,24.40,1,CMW ENGINEERING2
SHO-SAN-SWP-BSP-9003RG,PCS,Saniware Premier 3WAY Bath Expose Shower Set-mixer (rose Gold),Bathroom,1,729.00,1129.00,400.00,54.87,1,VTC HARDWARE
SIN-SOR-SRTKS2427-BL,PCS,Sorento S/s 304 Kitchen Sink-blk Ultrasonic Nano Tech,Kitchen & Sinks,1,899.00,1299.00,400.00,44.49,1,SYNTALUN
SHO-SAN-SWP-BSP-9003G,PCS,Saniware Premier 3WAY Bath Expose Shower Set-mixer (gold),Bathroom,1,729.00,1128.00,399.00,54.73,1,VTC HARDWARE
INS-IS6099,NOS,One Piece Wash Down WC S-TRAP-250MM IS6099,Plumbing,2,1109.00,1490.00,381.00,34.36,2,IN CERAM
INS-IS6080A-S,SET,One Piece Wash Down WC S-TRAP-250MM IS6080A,Plumbing,1,1299.00,1680.00,381.00,29.33,1,IN CERAM
SIN-SOR-SRTKS2431,PCS,Sorento Nanograin Texture Kitchen Sink,Kitchen & Sinks,1,1119.00,1499.00,380.00,33.96,1,SYNTALUN
BATH-SRTBF31416,PCS,Sorento 304 S/s 5 IN 1 Bathroom Furn,Bathroom,1,1109.00,1488.00,379.00,34.17,1,SYNTALUN
X-GAS-STO-RUB-TAE10-M372,UNIT,Rubine Glass Hob RGH-ALLORA2B-BL,Kitchen & Sinks,1,929.00,1299.00,370.00,39.83,1,FIAMMA 5%
SIN-SKS-230-8545L-S600-SIL,PCS,Handmade S/s Dbl Bowl K/sink,Kitchen & Sinks,2,579.00,949.00,370.00,63.90,2,VTC HARDWARE
TOI-TRP-WC-SRTWC8354-SH-UF(250MM),PCS,Sorento Twister Flush Tech,Bathroom,2,839.00,1199.00,360.00,42.91,2,SYNTALUN
TOI-TRP-WC-SRTWC286-SH-S(250MM),PCS,Sorento One Piece Washdown Flush Tech,Bathroom,2,749.00,1099.00,350.00,46.73,2,SYNTALUN
TOI-TRP-WC-SRTWC8504-S,PCS,Sorento Washdown W Rimless Flush Tech,Bathroom,2,749.00,1099.00,350.00,46.73,2,SYNTALUN
BATH-SRTBF31514,PCS,Sorento 5IN1 Bath Furn,Bathroom,1,949.00,1299.00,350.00,36.88,1,SYNTALUN
TANK-REC-450L,DRUM,450L Rectangular Tank (2),Other,1,669.00,329.00,-340.00,-50.82,1,HUA BAN
GAS-STO-RUB-TAE10-E102,UNIT,Rubine Ceramic Hob,Kitchen & Sinks,1,1259.00,1590.00,331.00,26.29,1,FIAMMA 5%
OVEN-RUB-TAE13-M503,UNIT,Rubine M/wave Oven RMO-OREO-28BL,Home Appliances,1,1059.00,1390.00,331.00,31.26,1,
SIN-SOR-SRTKS2408,PCS,Sorento S/s 304 Kitchen Sink Ultrasonic Nano Tech SRTKS2408,Kitchen & Sinks,1,819.00,1149.00,330.00,40.29,1,SYNTALUN
NIP-SAT-GLO-15L-D,DRUM,15L Nippon Satin Glo Deep Base,Paint & Sundries,1,214.00,535.90,321.90,150.42,1,PAINT MAR.2
INS-IS6082-BWL-250,NOS,Close Couple Wash Down WC,Plumbing,1,759.00,1080.00,321.00,42.29,1,IN CERAM
SIN-SKS-7645,PCS,Stainless Steel Single Bowl K/sink,Kitchen & Sinks,1,529.00,849.00,320.00,60.49,1,VTC HARDWARE
SIN-SWP-10549,PCS,Triple Bowl Kitchen Sink,Kitchen & Sinks,1,519.00,839.00,320.00,61.66,1,VTC HARDWARE
BATH-SRTBF31417,PCS,Sorento 6 IN 1 Bathroom Furniture,Bathroom,1,779.00,1088.00,309.00,39.67,1,SYNTALUN
TOI-TRP-WC-SRTWC8518-SH-S,PCS,Sorento One Piece Twister Flushing Tech,Bathroom,2,649.00,949.00,300.00,46.22,2,SYNTALUN
SIN-SKS-230-8545-S600-SIL,PCS,Handmade Nano Silver Double Bowl K/sink,Kitchen & Sinks,2,559.00,859.00,300.00,53.67,2,VTC HARDWARE
SHO-SOR-SRTWT2634-RG,PCS,Sorento Exposed Shower Set (matt Blk+rose Gold),Bathroom,2,799.00,1098.00,299.00,37.42,2,SYNTALUN
BOS-0600-8A7-7L0,UNIT,Aquatak 150 High P/ Cleaner,Chemicals & Adhesives,1,2099.00,2398.00,299.00,14.24,1,CMW ENGINEERING2
SINK-CAB-CKS7548-BL,PCS,Cabana Multifunctional Kitchen Sink,Kitchen & Sinks,1,989.00,1288.00,299.00,30.23,1,SYNTALUN
RUB-TAE11-M330,UNIT,Rubine C/hood,Home Appliances,1,3699.00,3990.00,291.00,7.87,1,FIAMMA 5%
FLO-MOC-AZ617GRY,PCS,Azuba Grey AZ617GRY 600X600MM,Flooring,1,304.00,17.90,-286.10,-94.11,1,ZHEN HUA HUNG
BOS-0600-910-0L0SH,UNIT,Ghp High Pressure Cleaner,Power Tools,1,2149.00,2429.00,280.00,13.03,1,CMW ENGINEERING2
SIN-SOR-SRTKS2429-BL,PCS,Sorento S/steel 304 Kitchen Sink-black,Kitchen & Sinks,4,629.00,899.00,270.00,42.93,4,SYNTALUN
TAP-SIN0-SRTKT71SS-BL,PCS,Sorento Pil Mou Kitchen Mixer Tap W Pull Out Shower (blk),Bathroom,2,269.00,539.00,270.00,100.37,2,SYNTALUN
DC-DCZC04-24EK,SET,Cordless Brushless Rotary Hammer 20V (4.0AH X2/4A),Power Tools,3,779.00,1049.00,270.00,34.66,3,GL BOSUN2
RUB-TAE10-M371,UNIT,Rubine Glass Hob RGH-FIGATA2B-BL,Kitchen & Sinks,1,1129.00,860.00,-269.00,-23.83,4,FIAMMA 5%
RUB-TRT02-SA100,UNIT,Rubine Pillar Sink Tap,Kitchen & Sinks,1,124.00,388.00,264.00,212.90,1,FIAMMA [EX]
KING KONG-HR150-1500L,UNIT,King Kong S/steel Water Tank 1500L,Pumps & Water,1,1399.00,1660.00,261.00,18.66,2,HONESTEEL
BOX-ICE-5LTR-RED/BLUE/GRE,PCS,5LTR Cooler Box,Housewares,1,294.00,33.00,-261.00,-88.78,1,SINHENHUA
BOS-0603-9E0-050,UNIT(S),Ixo 7 Cordless Screwdriver,Power Tools,1,619.00,359.00,-260.00,-42.00,1,CMW ENGINEERING3
INS-IS6035,SET,One Piece Wash Down WC S-TRAP-250MM IS6035,Plumbing,1,1039.00,1290.00,251.00,24.16,1,IN CERAM
DC-DCSM03-100EK,SET,Cordless Brushless Angle Grinder 20V,Power Tools,6,649.00,898.00,249.00,38.37,6,GL BOSUN DIAMOND
BOS-0601-5A2-0L0,UNIT,Gks 235 Turbo Circular Saw,Power Tools,2,729.00,969.00,240.00,32.92,2,CMW ENGINEERING2
SHO-SAN-SWP-BSP-5505B,PCS,Saniware Premier 3WAY Bath Shower Set For Water Heater (black),Bathroom,2,609.00,848.00,239.00,39.24,2,VTC HARDWARE
STA-SHE-SAN-310W-SSS310,UNIT,Stanley 1/2 Sheet Sander 310W,Power Tools,2,234.00,469.00,235.00,100.43,2,HUACHIAN3
DC-J1G-FF02-355,SET,Electric Cut Off Machine,Power Tools,1,324.00,558.00,234.00,72.22,1,GL BOSUN DIAMOND
INS-IS6127,SET,One Piece Wash Down WC S-TRAP-250MM IS6127,Plumbing,1,929.00,1160.00,231.00,24.87,1,IN CERAM
SIN-SOR-SRTKS6091,PCS,Sorento Undermount Kitchen Sink,Kitchen & Sinks,2,669.00,899.00,230.00,34.38,2,SYNTALUN
TAP-SIN-SRTKT71SS,PCS,Sorento Brass Chrome Pillar Mou Kitchen Mixer W Pull Out Shower,Bathroom,2,229.00,459.00,230.00,100.44,2,SYNTALUN
SIN-CAB-CKS6407,PCS,Cabana Kitchen Sink Nanomagma S/steel 750MM,Kitchen & Sinks,1,539.00,768.00,229.00,42.49,1,SYNTALUN
BOS-0600-8A7-AL0,UNIT,Aquatak 125 High P/cleaner,Chemicals & Adhesives,5,669.00,895.00,226.00,33.78,5,CMW ENGINEERING2
TOI-TRP-WC-8840-P,SET,Sorento Close Couple Wash,Bathroom,1,579.00,799.00,220.00,38.00,1,SYNTALUN
STA-KAR-VAC-WD1,UNIT,Wd 1 Karcher Vacuum Cleaner,Chemicals & Adhesives,1,599.00,385.00,-214.00,-35.73,1,HUACHIAN3
SHO-SOR-SRTWT9615,PCS,Sorento Exposed Shower Set 2-WAYS SRTWT9615,Bathroom,1,709.00,498.00,-211.00,-29.76,1,SYNTALUN
TOI-TRP-WC-2123A-P,SET,Saniware Washdown Closet WC-2123A-P180MM,Bathroom,1,484.00,695.00,211.00,43.60,1,VTC HARDWARE
DL5-WAT-FIL-1042/M,PCS,1042 Outdoor Sand Filter Matt,Pumps & Water,2,639.00,849.00,210.00,32.86,2,DALMAX3
X-WAT-FIL-4000-ACQUA-KH4K,UNIT,ACQUA4000,Power Tools,1,719.00,929.00,210.00,29.21,1,DW TRADING
WAT-FIL-6000L-GA17,UNIT,Gen Air 17 Series Pvdf Outdoor Filter,Pumps & Water,1,889.00,1099.00,210.00,23.62,1,DALMAX3
SHO-SAN-SWP-BSP-5504B,PCS,Saniware Premier 2WAY Bath Shower Set For Water Heater (black),Bathroom,2,559.00,768.00,209.00,37.39,2,VTC HARDWARE
NIP-TIM-5L-T,CAN,5L Nippon Timbershade Tint Base,Paint & Sundries,1,384.00,180.90,-203.10,-52.89,1,PAINT MAR.2
DC-DJC23,SET,Magnetic Drill (1500W),Power Tools,1,1599.00,1799.00,200.00,12.51,1,GL BOSUN2
GAS-STO-RUB-TAE10-M523,UNIT,Rubine Glass Hob RGH-LOTOFLEXI2B-BLFX,Kitchen & Sinks,1,1949.00,1750.00,-199.00,-10.21,1,FIAMMA 5%
BOS-0601-9F8-1L0,SET,Gsr Batt. Screwdriver 180-LI,Hand Tools,2,499.00,695.00,196.00,39.28,2,CMW ENGINEERING2
TOI-TRP-WC-CWC7601-RL-S(250MM),PCS,Cab One Piece Water Closet Washdown W Rimless Flush Tech,Bathroom,2,494.00,689.00,195.00,39.47,2,SYNTALUN
BOS-0601-B19-1L0,UNIT,Gcm 8 Sjl Mitre Saw,Power Tools,1,1799.00,1988.00,189.00,10.51,1,CMW ENGINEERING2
SIN-SOR-SRTKS2426-BL,PCS,Sorento Kitch. Sink-blk Ultrasonic Nano Tech,Kitchen & Sinks,2,619.00,799.00,180.00,29.08,2,SYNTALUN
TOI-TRP-WC-SRTWC8840-S,PCS,Sorento Close Coupled Wash,Bathroom,2,589.00,769.00,180.00,30.56,2,SYNTALUN
BATH-CBFAL66633-WHI,PCS,Cab Alum. 5IN1 Bathroom Furnit. Se-whi,Bathroom,2,659.00,839.00,180.00,27.31,2,SYNTALUN
BATH-CBFAL66634-BLK,PCS,Cab Alum. 5IN1 Bathroom Furnt. Set-blk,Bathroom,2,659.00,839.00,180.00,27.31,2,SYNTALUN
TOI-TRP-WC-CWC7603-S-SH(250MM),PCS,Cab One Piece Water Closet Washdown Flush Tech,Bathroom,2,569.00,749.00,180.00,31.63,2,SYNTALUN
SIN-S/S-CLN-SXST8650R,UNIT,Sanix S/s Double B/sink + Stand,Kitchen & Sinks,1,419.00,599.00,180.00,42.96,1,SUNWAY WINSTAR
X-BOS-0601-64C-8L0,UNIT,Gsa Sabre Saw,Power Tools,1,669.00,849.00,180.00,26.91,1,CMW ENGINEERING2
WEL-MAC-STW-160E,UNIT,Starweld Welding Machine Acc. Mma 160E,Welding,3,549.00,369.00,-180.00,-32.79,2,SUNWAY WINSTAR
SIN-CAV-CA215,PCS,SS Sink With Waste,Plumbing,5,354.00,529.00,175.00,49.44,5,SYN JING LEE
PUM-WTR-JHP4-40,UNIT,Water Pump Complete Set JHP4-40,Pumps & Water,3,1289.00,1119.00,-170.00,-13.19,3,JOVEN2%
SHO-SOR-SRTWT7602SS,PCS,Sorento S/s Shower Set,Bathroom,1,459.00,629.00,170.00,37.04,1,SYNTALUN
"BBQ-IEM-PRE-2250CB-22""",UNIT,Iemseb Premium 22 Kettle Grill Charcoal Bbq Set,Home Appliances,2,629.00,798.00,169.00,26.87,2,
NIP-ODO-SFT-MATT-5L-P,CAN,5L Nippon Odourlite Soft Matt - P,Paint & Sundries,2,109.00,277.50,168.50,154.59,2,PAINT MAR.2
WEL-ELE-KOB-LB52-4.0MM,PCK,Kobelco Welding Electrode LB52 X 4.0MM,Welding,1,234.00,65.90,-168.10,-71.84,1,SONIC
DC-20V-SETS-XB,SET,"DCZC0424Z, DCPB488Z, / Cordless Full Sets Xb",Power Tools,2,1699.00,1865.00,166.00,9.77,2,GL BOSUN DIAMOND
TOI-TRP-WC-8826-S,SET,Sorento Washdown Flushing Tech,Bathroom,3,609.00,769.00,160.00,26.27,3,SYNTALUN
MIR-SWBC-SS6811,SET,Saniware Bathroom Cabinet Set Water Tap SWBC-SS6811,Bathroom,1,1039.00,1199.00,160.00,15.40,1,VTC HARDWARE
CHA-SAW-STIHL-MS230,UNIT,Stihl Chainsaw 18 Stihl Chain & Guide BAR,"Rope, Chain & Netting",2,1249.00,1089.00,-160.00,-12.81,2,HOCK CHIONG LUNG
DC-Z1G-FF-15,SET,Percussion Hammer,Hand Tools,1,889.00,1049.00,160.00,18.00,1,GL BOSUN DIAMOND
DC-JZ2060iEK,SET,Cordless Brushless Driver/hammer Drill 20V (4.0AH X2/4A) / DCJZ2060I,Power Tools,2,809.00,969.00,160.00,19.78,2,GL BOSUN DIAMOND
BOS-0601-224-1L0,UNIT,Ggs 5000L Straight Grinder,Power Tools,1,639.00,798.00,159.00,24.88,1,CMW ENGINEERING2
MAG-CON-SC-N25,PCS,SC-N2S Contertor,Electrical,2,11.00,169.81,158.81,1443.73,2,GOLDEN DAY
FLO-MOC-SC33016F,PCS,SC33016F Homo 300X300MM,Flooring,1,159.00,3.40,-155.60,-97.86,1,ZHEN HUA HUNG
BOS-0601-3A0-0L0,UNIT,Gdc 140 Marble Cutter,Power Tools,2,484.00,329.00,-155.00,-32.02,2,CMW ENGINEERING3
"FAN-STAND-TAICON-20""",SET,Taicon Industry Stand Fan 20 Aluminium,Fans & Ventilation,1,84.90,239.00,154.10,181.51,1,ECO ENTERPRISE3
ELE-CON-MAG-SC-N25,BOX,Contactor SC-N2S,Electrical,5,6.90,160.38,153.48,2224.35,5,GOLDEN DAY
SWI-ON/OFF-315,PCS,Pacific Ii Switchfuse 315 20A 500V,Electrical,3,19.40,169.81,150.41,775.31,3,GOLDEN DAY
DC-DJC30,SET,Magnetic Drill (900W),Power Tools,1,949.00,1099.00,150.00,15.81,1,GL BOSUN2
SHO-CAB-CSH1071,UNIT,"Cabana Brass Shower Set (12"")",Bathroom,2,549.00,699.00,150.00,27.32,2,HUE HOME
MKX-2021-BRUS-3IN1,SET,Mark-x Brushless 3 IN 1 Combination Set,Other,1,1149.00,1299.00,150.00,13.05,1,MAJOR HARVEST2
JQB-FUSION-1000,UNIT,Jqb Power Station Fusion 1000 (ac 1000),Power Tools,1,2049.00,2199.00,150.00,7.32,1,
LMP-TEL-LCI-D80M7,PCS,Lci D80M7 37KWCONTACTOR,Electrical,1,11.00,160.00,149.00,1354.55,1,GOLDEN DAY
TOI-TRP-WC2110A-P,SET,Saniware Washdown Two-piece Closet WC-2110A-P180MM,Bathroom,2,379.00,519.00,140.00,36.94,2,VTC HARDWARE
TOI-TRP-WC-2110A-S,SET,Saniware Eco Seat Cover Top&bottom Washdown Two-piece Closet,Bathroom,4,379.00,519.00,140.00,36.94,4,VTC HARDWARE
BOS-0601-9K3-1L2,UNIT,Gsb Batt. Impact Drill,Power Tools,3,629.00,769.00,140.00,22.26,3,CMW ENGINEERING2
JOV-WAT-FIL-JWP20,PCS,Joven Water Filter,Pumps & Water,1,1999.00,2138.00,139.00,6.95,1,
BOS-0601-9F6-0L0,UNIT,Gsr Batt. Screwdriver 12V-15FC,Hand Tools,1,829.00,968.00,139.00,16.77,1,CMW ENGINEERING2
SAF-BOX-YSS520,UNIT,Yale Yss 520 Standard Safe (large),Locks & Security,1,1049.00,1188.00,139.00,13.25,1,ADDWORTH2%
SAF-BOX-YSS380,UNIT,Yale Yss 380 Standard Safe ( File),Hand Tools,1,859.00,998.00,139.00,16.18,1,ADDWORTH2%
SUMO-VAC-CLE-SM-1600,UNIT,Sumo Vacuum Cleaner (20L),Chemicals & Adhesives,3,134.00,269.00,135.00,100.75,3,CMW ENGINEERING3
SIN-SOR-SRTKS2406,PCS,Sorento S/s 304 Kitchen Sink Ultrasonic Nano Tech SRTS2406,Kitchen & Sinks,2,439.00,569.00,130.00,29.61,2,SYNTALUN
X-STA-PRE-WAS-K4,UNIT,Karcher K4 Basic High Pressure Cleaner,Power Tools,2,1169.00,1299.00,130.00,11.12,2,HUACHIAN ENGINEERING
TOI-CAS-WD005-S-TRAP,SET,Closed Coupled WC 250MM S Trap,Plumbing,2,519.00,649.00,130.00,25.05,2,CASA3%
X-AER-WAT-FIL-S/S1044,UNIT,Aerico S/s 1044 Water Filter + S/s Head,Pumps & Water,1,719.00,849.00,130.00,18.08,1,
SHO-SOR-SRTWT9605RG,PCS,Sorento Exposed Shower Set 2WAYS SRTWT9605-RG,Bathroom,2,459.00,588.00,129.00,28.10,2,SYNTALUN
SHO-SOR-SRTWT9614,PCS,Sorento Shower Set,Bathroom,2,469.00,598.00,129.00,27.51,2,SYNTALUN
DC-DCJZ03-13EK-20V,SET,Cordless Brushless Driver/hammer Drill 20V (4.0AH X2/4A) / DCJZ03-13EK,Power Tools,1,869.00,998.00,129.00,14.84,1,GL BOSUN2
WAT-FIL-X8-ACQUA-KHX8,UNIT,Acqua X8,Other,1,1169.00,1298.00,129.00,11.04,1,DW TRADING
LAD-M/D-STRO-DS10,UNIT,Strongman D/sided M/d Ladder 10 Step,Ladders & Access,1,279.00,408.00,129.00,46.24,1,SUNWAY WINSTAR
ELE-LRD-MOT-3357,BOX,Overload 3357,Electrical,28,7.00,132.08,125.08,1786.86,28,GOLDEN DAY
BATH-CBFAL5568,PCS,Cab 5IN1 Bath Furn. Set-blk (alum),Bathroom,3,474.00,599.00,125.00,26.37,3,SYNTALUN
BOS-AQSD110F,UNIT,Adelino Submersible Sewage Pump 1.1KW,Pumps & Water,1,1179.00,1299.00,120.00,10.18,1,CMW ENGINEERING2
BOS-0600-8A7-DL0,UNIT,Aquatak 140 High P/cleaner,Chemicals & Adhesives,1,1379.00,1499.00,120.00,8.70,1,CMW ENGINEERING2
PUM-WTR-JHP2-30,UNIT,Water Pump Complete Set JHP2-30,Pumps & Water,2,1019.00,899.00,-120.00,-11.78,2,JOVEN2%
SIN-CAB-CKS7606-GY,PCS,Cabana S/s Undermount Kitchen Sink (gold Ylw),Kitchen & Sinks,1,469.00,589.00,120.00,25.59,1,SYNTALUN
TOI-TRP-WC-CWC605-S,PCS,Cab Close-couple Wash Down,Bathroom,1,359.00,479.00,120.00,33.43,1,SYNTALUN
TOO-WRE-AIR-RT5770,UNIT,Rotake 1 Air Impact WRENCH-RT5770,Power Tools,1,1179.00,1299.00,120.00,10.18,1,CMW ENGINEERING2
DC-DCKIT10BK,SET,+ (4.0AH X2/4A) DCZC22BK DCSM03-100Z,Power Tools,1,859.00,979.00,120.00,13.97,1,GL BOSUN2
STA-BRE-STHM5KHV,UNIT,Stanley Breaker 5KG (b/packed STA54501),Electrical,2,509.00,628.00,119.00,23.38,2,HUACHIAN ENGINEERING
STA-PRE-WAS-K3,UNIT,Karcher K3 Hr Plus Pressure Washer,Power Tools,1,779.00,895.00,116.00,14.89,1,HUACHIAN2
FAN-CEI-LED-RCF-MOZIA56-5BL-BT,PCS,Rubine Blk Timber LED Ceiling Fan,Fans & Ventilation,3,439.00,549.00,110.00,25.06,3,FIAMMA 5%
STA-HAM-BRU-SBH900M2K,UNIT,Stanley Fatmax V20 Brushless Sds Plus Hammer Drill,Power Tool Accessories,3,1219.00,1329.00,110.00,9.02,3,HUACHIAN2
STA-PRE-WAS-K3-DEL,UNIT,Karcher Pressure Washer K3 Deluxe Premium,Power Tools,2,1219.00,1329.00,110.00,9.02,2,HUACHIAN2
BOS-0600-8A7-BL0,UNIT,Aquatak 130 High P/cleaner,Chemicals & Adhesives,2,1019.00,1129.00,110.00,10.79,2,CMW ENGINEERING2
BOS-GMAW-180DH,UT,I-weld MIG Welding Machine 180A,Welding,3,409.00,519.00,110.00,26.89,3,CMW ENGINEERING2
SIN-CKS7406,PCS,Cabana Kitchen Sink CKS7406,Kitchen & Sinks,5,479.00,588.00,109.00,22.76,5,SYNTALUN
STA-SCR-SCS4K,UNIT,Stanley Lithium Screwdriver 4V,Hand Tools,3,129.00,238.00,109.00,84.50,3,HUACHIAN3
MIX-CAB-C8122,PCS,Cabana Bath/shower MIXER-C8122,Bathroom,2,379.00,488.00,109.00,28.76,2,HUE HOME
DC-DCPL208EK-20V,SET,Cordless Brushless Impact Driver (20V) (4.0AH X2/4A),Power Tools,2,809.00,918.00,109.00,13.47,2,GL BOSUN DIAMOND
LAD-ALU-WORKER-DS10,UNIT,Worker DS10 D/side Alum. Ladder (LDD10-MF),Ladders & Access,2,279.00,388.00,109.00,39.07,2,MAJOR HARVEST3
FAN-CEI-RCF-MOZIA56-5B-BT,PCS,Rubine Blk Timber Ceiling Fan,Fans & Ventilation,3,394.00,499.00,105.00,26.65,3,FIAMMA 5%
SHO-SOR-SRTWT9600HP,PCS,Sorento Exposed Shower Set - 2WAYS SRTWT9600HP,Bathroom,2,364.00,469.00,105.00,28.85,2,SYNTALUN
SIN-CAB-CKS7306,PCS,Cabana Kitchen Sink CKS7306,Kitchen & Sinks,1,374.00,479.00,105.00,28.07,1,SYNTALUN
TOI-CAS-WD014-S,SET,Epson Close Couple S-trap 250MM,Plumbing,2,494.00,599.00,105.00,21.26,2,CASA3%
BOS-AA-MIG200,SET,Inverter Welding Machine 200A,Welding,4,434.00,535.00,101.00,23.27,4,CMW ENGINEERING2
CAB-SAN-SWBC-SS6615,SET,Saniware Bathroom Cabinet Set Water Tap SWBC-SS6615,Bathroom,3,649.00,749.00,100.00,15.41,3,VTC HARDWARE
STA-DRI-SCH10D2K,UNIT,Stanley 12V Tower Up Hammer Drill/driver 2.0AH,Power Tools,19,299.00,399.00,100.00,33.44,18,HUACHIAN ENGINEERING
CHA-SAW-STIHL-MS172,UNIT,Stihl Chainsaw 16 Stihl Chain & Guide BAR,"Rope, Chain & Netting",4,989.00,889.00,-100.00,-10.11,4,HOCK CHIONG LUNG
BATH-CBF3611,PCS,Cab Bath Furn.-bl,Bathroom,3,369.00,469.00,100.00,27.10,3,SYNTALUN
BATH-CBF3612,PCS,Cab Bath Furn.-wh,Bathroom,3,369.00,469.00,100.00,27.10,3,SYNTALUN
COMPRESSOR-ABKS-AB3.0HP-100L,UNIT,Abks 3.0HP 100L Air Compressor,Power Tools,1,1899.00,1799.00,-100.00,-5.27,1,CMW ENGINEERING
WAS-BAS-IS8207,NOS,IS8207 Art Basin,Bathroom,1,379.00,479.00,100.00,26.39,1,IN CERAMICS SDN. BHD
JQB-SUNWAVE-65W,UNIT,Jqb Foldable Solar Panel 65W,Power Tools,2,599.00,499.00,-100.00,-16.69,2,
JQB-FUSION-500,UNIT,Jqb Power Station Fusion 500 (ac 600),Power Tools,1,1899.00,1799.00,-100.00,-5.27,1,
GRA-CUT-STC1820EPCF,UNIT,Black+decker Power Command 18V,Outdoor & Garden,1,609.00,509.00,-100.00,-16.42,1,HUACHIAN3
LAD-ALU-AT-DS09,UNIT,At 9 Step D/side Aluminium Ladder,Ladders & Access,1,219.00,319.00,100.00,45.66,1,ING PING3
BOS-0601-9H9-0L2C2,SET,Gws + Gsb Set + Gbh Solo + Gdx Solo Combo,Power Tools,1,2349.00,2448.00,99.00,4.21,1,CMW ENGINEERING2
DC-ZC02-28-H2K,SET,Cordless Brushless Rotary Hammer 20V (6.0AH X2/4A),Power Tools,1,1359.00,1458.00,99.00,7.28,1,GL BOSUN2
WEL-MAC-IWE-MIG-220I,UNIT,I-weld MIG Welding Machine MIG 220I,Welding,1,2099.00,2198.00,99.00,4.72,1,CMW ENGINEERING2
DC-DCJZ2060iAM,SET,Cordless Brushless Driver/hammer Drill 20V (2.0AH X2/2A) / DCJZ2060IAM,Power Tools,1,399.00,498.00,99.00,24.81,1,GL BOSUN3
BOS-0600-8A7-508,PCS,(508) 3 IN 1 Nozzle,Power Tool Accessories,1,214.00,116.00,-98.00,-45.79,1,CMW ENGINEERING
DC-20V-XA,SET,"20V DCZC22Z, DCJZ2060IZ, - Sets Xa",Power Tools,2,1599.00,1695.00,96.00,6.00,2,GL BOSUN2
DC-20V-XA+,SET,"20V DCZC04-24Z,DCJZ2060IZ -sets Xa+ /DC-20V",Power Tools,1,1599.00,1695.00,96.00,6.00,1,GL BOSUN2
TOO-WK-PWT-5513,UNIT,Worker 21V Cordless Brushless Angle Grinder 5513,Power Tools,1,444.00,539.00,95.00,21.40,1,MAJOR HARVE
TOI-TRP-WC-2122A-P,SET,Saniware Washdown Two-piece Closet WC-2122A-P180MM,Bathroom,2,379.00,469.00,90.00,23.75,2,VTC HARDWARE
TOI-TRP-WC2300-S,SET,Saniware One Piece Washdown Closet,Bathroom,5,579.00,669.00,90.00,15.54,5,VTC HARDWARE
TOI-TRP-WC-2122A-S,SET,Saniware Washdown Closet WC-2122A-S250MM,Bathroom,4,379.00,469.00,90.00,23.75,4,VTC HARDWARE
MIR-SBC-600603A,SET,S600 Bathroom Cabinet Set (610X475X450MM),Bathroom,5,469.00,559.00,90.00,19.19,5,VTC HARDWARE
TOW-SAN-SWP-BF-7902-G,PCS,Saniware Premier Double Towel Rack (gold),Housewares,1,309.00,399.00,90.00,29.13,1,VTC HARDWARE
"FAN-WALL-TAICON-26""",SET,Taicon Industy Wall Fan 26,Fans & Ventilation,1,139.00,229.00,90.00,64.75,1,ECO ENTERPRISE3
PUM-WTR-JHP3-40,UNIT,Water Pump Complete Set JHP3-40,Pumps & Water,2,1109.00,1019.00,-90.00,-8.12,2,JOVEN2%
WAS-BAS-IS8025A,NOS,IS8025A Art Basin,Bathroom,2,289.00,379.00,90.00,31.14,2,IN CERAMICS SDN. BHD
TOO-DRI-20V,UNIT,Mr. Mark 20V Brushless Impact Drill (2X3.0AH Batt.),Power Tools,2,629.00,719.00,90.00,14.31,2,MAJOR HARVE
LAD-H/D-STRO-DS10,UNIT,Strongman D/s H/d Ladder DSHD10 10STEP,Ladders & Access,2,569.00,659.00,90.00,15.82,2,SUNWAY WINSTAR
TOO-DRI-SET-WK-PWT-5515,SET,Worker 26MM 21V Lithium Brushless Impact Drill,Power Tools,4,559.00,649.00,90.00,16.10,4,MAJOR HARVE
TOI-TRP-C1310P-WHT,NOS,Washdown Close Coupled P-trap,Plumbing,4,349.00,439.00,90.00,25.79,4,ING HING HONG3
TOI-TRP-C1310S-WHT,NOS,Washdown Close Coupled S-trap,Plumbing,4,349.00,439.00,90.00,25.79,4,ING HING HONG3
X-BBQ-SMO-LIBERTY,UNIT,Liberty Fire Chef Smokeless Charcoal Bbq,Outdoor & Garden,1,509.00,599.00,90.00,17.68,1,
STA-PRE-WAS-HD4,UNIT,Karcher Classic High Pressure Washer,Power Tools,1,1899.00,1988.00,89.00,4.69,1,HUACHIAN ENGINEERING
BOS-0611-338-5L0,UNIT,Gsh 500 Demolition Hammer,Power Tools,5,849.00,938.00,89.00,10.48,5,CMW ENGINEERING2
TAP-SAN-SWP-B-2934,PCS,Saniware Premier Basin Pillar Tap-mixer (gold) SWP-B-2934,Bathroom,1,399.00,485.00,86.00,21.55,1,VTC HARDWARE
PUM-WTR-MARLINO-CPM190,UNIT,Marlino Centrifugal Pump,Pumps & Water,2,859.00,945.00,86.00,10.01,2,CMW ENGINEERING2
MIR-KT8002-500X700,PCS,Mirror Kt 8002-500X700,Bathroom,1,349.00,435.00,86.00,24.64,1,TOP GAN
X-LOC-SOL-CR503,SET,Solex Key Alike Padlock,Locks & Security,1,159.00,245.00,86.00,54.09,1,SYN JING LEE
SOC-SWI-162MCS,PCS,Socket Outlet,Electrical,2,18.50,103.77,85.27,460.92,2,GOLDEN DAY
STA-DRI-SCD10D2K,UNIT,Stanley 12V Tower Up Drill/driver 2.0AH,Power Tools,6,284.00,369.00,85.00,29.93,6,HUACHIAN ENGINEERING
SHO-CAB-CSS8803-BL,PCS,Cabana 2 Ways Exposed Shower Set,Bathroom,6,334.00,419.00,85.00,25.45,6,SYNTALUN
SIN-CAB-CKS317,PCS,Cabana S/steel Kitchen Sink CKS317,Kitchen & Sinks,3,384.00,469.00,85.00,22.14,3,SYNTALUN
TAP-SAN-SWP-B-2930,PCS,Saniware Premier Basin Pillar Tap-mixer SWP-B-2930,Bathroom,1,354.00,438.00,84.00,23.73,1,VTC HARDWARE
BOS-0601-9F7-0L0,UNIT,Gsr Battery Screwdriver,Hand Tools,13,364.00,448.00,84.00,23.08,13,CMW ENGINEERING3
TAP-SAN-SWP-B-2922,PCS,Saniware Premier Basin Pillar Tap-mixer (matt Grey),Bathroom,1,354.00,438.00,84.00,23.73,1,VTC HARDWARE
ACC-HYU-HY-15,PCS,Hyundai Press Control,Other,1,114.00,198.00,84.00,73.68,1,CMW ENGINEERING3
CHA-SAW-STIHL-MS162,UNIT,Stihl Chainsaw 14 Stihl Chain & Guide BAR,"Rope, Chain & Netting",4,879.00,798.00,-81.00,-9.22,4,HOCK CHIONG LUNG
STA-PLA-STEL630,UNIT,Stanley Planer 82MM,Power Tools,3,334.00,415.00,81.00,24.25,3,HUACHIAN3
INS-IS1503,SET,Wall Hung Basin & Pedestal Set,Bathroom,2,369.00,450.00,81.00,21.95,2,IN CERAM
X-BOS-0601-216-1L6,UNIT,Gsb 10RE Impact Drill Set,Power Tools,2,314.00,395.00,81.00,25.80,2,CMW ENGINEERING3
TOI-TRP-WC2098RL-S,SET,Saniware Washdown One Piece Closet-rimless,Bathroom,5,519.00,599.00,80.00,15.41,5,VTC HARDWARE
STA-PRE-WAS-BEPW1750,UNIT,Black+decker Pressure Washer 120BAR,Power Tools,4,499.00,579.00,80.00,16.03,4,HUACHIAN2
BAS-SOR-SRTWB3403,PCS,Sorento Art Basin SRTWB3403,Bathroom,1,619.00,699.00,80.00,12.92,1,SYNTALUN
STA-SAW-SM16,UNIT,Stanley Compound Miter Saw 1650W - SM16,Power Tools,1,859.00,939.00,80.00,9.31,1,HUACHIAN2
BOS-0601-1C4-0L0,UNIT,Grw 140 Mixer,Power Tools,2,659.00,739.00,80.00,12.14,2,CMW ENGINEERING2
BATH-CBFAL66627-BLK,PCS,Cab 5IN1 Alum. Bath Furn. Set (blk),Bathroom,2,639.00,719.00,80.00,12.52,2,SYNTALUN
BATH-CBFAL66628-WHI,PCS,Cab 5IN1 Alum. Bath Furn. Set (whi),Bathroom,2,639.00,719.00,80.00,12.52,2,SYNTALUN
SIN-CAB-CKS315,PCS,Cabana S/steel Kitchen Sink CKS315,Kitchen & Sinks,2,419.00,499.00,80.00,19.09,2,SYNTALUN
DCPB488EK,SET,Cordless Brushless Impact Wrench 20V (4.0AH X2/4A),Power Tools,1,869.00,949.00,80.00,9.21,1,GL BOSUN2
JQB-JUMP-XPRESS-F39,UNIT,Jqb Jump Starter Jumpxpress F39,Power Tools,1,819.00,899.00,80.00,9.77,1,
X-LOC-SGD-PL300-60MM-5PCS,SETS,60MM St. Guchi Armoured Padlock KA-5PCS PL300,Locks & Security,1,369.00,449.00,80.00,21.68,1,VERTEX
VAC-HYU-HD-1600E,UNIT,Hyundai Vacuum Cleaner 1600W 25L,Chemicals & Adhesives,1,299.00,379.00,80.00,26.76,1,CMW ENGINEERING3
BAT-STA-SB204,PCS,Battery Lithium-ion V20 4.0AH,Electrical,3,239.00,319.00,80.00,33.47,3,HUACHIAN ENGINEERING
TAP-SAN-SWP-B-2931,PCS,Saniware Premier Basin Pillar Tap-mixer (matt Black) SWP-B-2931,Bathroom,1,389.00,468.00,79.00,20.31,1,VTC HARDWARE
TAP-SAN-SWP-B-2921,PCS,Saniware Premier Basin Pillar Tap-mixer (matt Black) SWP-B-2921,Bathroom,1,319.00,398.00,79.00,24.76,1,VTC HARDWARE
OVEN-KHI-TOA-OT3005,SET,Khind Oven Toaster (black),Home Appliances,1,299.00,378.00,79.00,26.42,1,KHIND-MISTRAL
BATH-SRTBF11707-BLK,PCS,Sorento 6IN1 S/s 304 Cabinet -SRTBF11707,Bathroom,1,639.00,718.00,79.00,12.36,1,SYNTALUN
BAS-SOR-SRTWB1086-BL,PCS,Sorento Art Basin SRTWB1086-BL L500XW400XH145MM,Bathroom,1,509.00,588.00,79.00,15.52,1,SYNTALUN
BID-SOR-SRT103-GM,PCS,Sorento Two Way Tap Hand BIDET&1.2M Flex Hose,Bathroom,1,339.00,418.00,79.00,23.30,1,SYNTALUN
TAP-SAN-SWP-B-2527,PCS,Saniware Premier Concealed 2WAY Bath Shower-mixer,Bathroom,1,309.00,388.00,79.00,25.57,1,VTC HARDWARE
SAF-BOX-YSS250,UNIT,Yale Yss 250 DB2 - Standard Safe,Locks & Security,1,509.00,588.00,79.00,15.52,1,ADDWORTH2%
BOS-0603-947-080,UNIT,Bosch 3.6V Cordless Easy Air Pump,Power Tools,2,309.00,388.00,79.00,25.57,2,CMW ENGINEERING3
LAS-MK-CON-9039,SET,Mr. Mark 05 Line Laser Level 360° Rotary Laser,Power Tools,2,369.00,448.00,79.00,21.41,2,MAJOR HARVE
TAP-CAB-CB9108A,UNIT,Cabana Wall-mounted Sink Tap CB9108A,Kitchen & Sinks,1,174.00,96.00,-78.00,-44.83,1,HUE HOME
X-STA-HAM-EVO185B1,UNIT,Black+decker Multi Evo Tools + 3 Heads,Power Tools,2,819.00,895.00,76.00,9.28,2,
MIR-KT8001-600,PCS,Mirror Kt 8001-600,Bathroom,2,299.00,375.00,76.00,25.42,2,TOP GAN
X-ELE-CEI-LIG-8711-60PCS,PCS,8711 L/ceiling Lamp With Remote Control - Dimmable,Lighting,2,269.00,345.00,76.00,28.25,2,
DL5-WAT-FIL-0942-GRY,UNIT,DL5 Dalqua 9''X42 Water Filt Sys-fiber Tank Gry,Other,19,274.00,349.00,75.00,27.37,18,DALMAX3
TAP-SAN-SWP-B-2932,PCS,Saniware Premier Basin Pillar Tap-mixer (gun Metal),Bathroom,1,424.00,499.00,75.00,17.69,1,VTC HARDWARE
BAS-SOR-SRTWT8303-RG,PCS,Sorento High Basin Cold Tap SRTWT8303-RG,Bathroom,1,374.00,449.00,75.00,20.05,1,SYNTALUN
BAS-SAN-WB-502,PCS,Saniware Above Counter Basin (480X380X140MM),Bathroom,1,324.00,399.00,75.00,23.15,1,VTC HARDWARE
MIR-SRTMCB-4060BL,PCS,Sorento Mirror Cabinet Size,Bathroom,1,284.00,359.00,75.00,26.41,1,SYNTALUN
STA-GRI-STGS8100,UNIT,Stanley Grinder 4 850W,Power Tools,6,144.00,219.00,75.00,52.08,6,HUACHIAN3
STA-ROT-DRI-STDR5510,UNIT,Stanley Rotary Drill 550W,Power Tools,2,164.00,239.00,75.00,45.73,2,HUACHIAN3
BOS-0603-3E0-050,UNIT,Bosch 3.6V Power Scrubber,Power Tools,1,324.00,399.00,75.00,23.15,1,CMW ENGINEERING3
LAD-ALU-WEL-D09,UNIT,Alum Welded Ladder - D09,Ladders & Access,5,374.00,449.00,75.00,20.05,5,MULTICLASSIC
DC-DQU08-160,SET,Electric Mixer (1400W),Power Tools,1,374.00,449.00,75.00,20.05,1,GL BOSUN3
LAD-ALU-WORKER-SS09,UNIT,Worker SS09 S/side Alum. Ladder (LDS09-MF),Ladders & Access,3,214.00,289.00,75.00,35.05,3,MAJOR HARVEST3
BAS-SOR-SRTWT7203-GM,PCS,Sorento High Basin Cold Tap (gm),Bathroom,1,374.00,448.00,74.00,19.79,1,SYNTALUN
BOS-86-AA106,UNIT,High Pressure Cleaner 100 BAR,Power Tools,2,314.00,388.00,74.00,23.57,1,CMW ENGINEERING3
SIN-CAB-CKS319,PCS,Cabana S/s Kitchen Sink,Kitchen & Sinks,3,304.00,378.00,74.00,24.34,3,SYNTALUN
LAD-ALU-WORKER-DS09,UNIT,Worker DS09 D/side Alum. Ladder (LDD09-MF),Ladders & Access,1,274.00,348.00,74.00,27.01,1,MAJOR HARVEST3
LAD-H/D-STRO-SS07,UNIT,S/sided H/d Ladder 7 Step,Ladders & Access,2,324.00,398.00,74.00,22.84,2,SUNWAY WINSTAR
NIP-QGL-15L-A,DRUM,15L Nippon Q-glo Accent Base,Paint & Sundries,1,344.00,415.70,71.70,20.84,1,PAINT MAR.2
BOS-2608-615-005,PCS,"Standard For Concrete 300MM (12"")",Power Tools,2,304.00,375.00,71.00,23.36,2,CMW ENGINEERING
STA-HAM-SBD715D2K,UNIT,Stanley Fatmax 20V Brushless Hammer Drill,Power Tools,4,699.00,769.00,70.00,10.01,4,HUACHIAN2
BOS-0611-924-0L1,UNIT,Gbh Batt. Rotary Hammer,Power Tools,1,1649.00,1719.00,70.00,4.24,1,CMW ENGINEERING2
BOS-0601-387-0L0,UNIT,Gex Eccentric Disc Sander 125-1A,Power Tools,2,489.00,559.00,70.00,14.31,2,CMW ENGINEERING2
NIP-SEA-5170-20L,DRUM,20L Nippon Acrylic 5170 Wall Sealer,Paint & Sundries,6,469.00,539.00,70.00,14.93,5,PAINT MAR.2
BAS-SOR-SRTWB3415-BW,PCS,Sorento Firenze Series Ultra Thin Edge Basin (blk+whi),Bathroom,1,579.00,649.00,70.00,12.09,1,SYNTALUN
BOS-0601-9G6-1L0,UNIT,Gds Batt. Impact Wrench 250-LI,Power Tools,1,969.00,1039.00,70.00,7.22,1,CMW ENGINEERING2
BOS-86-AA126,UNIT,High Pressure Cleaner 120 BAR,Power Tools,1,579.00,649.00,70.00,12.09,1,CMW ENGINEERING2
COC-SIN-SRTWT5812,PCS,Sorento Wall Mou. Kitchen Double Tap,Plumbing,1,319.00,389.00,70.00,21.94,1,SYNTALUN
BOS-0603-264-670,UNIT(S),Pkp 3.6 Li Cordless Hot Glue Gun,Power Tools,1,309.00,379.00,70.00,22.65,1,CMW ENGINEERING3
DC-DZG06-6,SET,Percussion Hammer / (1400W),Hand Tools,1,489.00,559.00,70.00,14.31,1,GL BOSUN2
DC-DCJZ2050IDE,SET,Cordless Brushless Driver/hammer Drill 20V (2.0AH X2/2A) / DCJZ2050I,Power Tools,1,489.00,559.00,70.00,14.31,1,GL BOSUN2
LAD-ALU-WEL-D12,UNIT,Alum Welded Ladder - D12,Ladders & Access,2,499.00,569.00,70.00,14.03,2,MULTICLASSIC
LAD-ALU-WEL-D07,UNIT,Alum Welded Ladder - D07,Ladders & Access,3,289.00,359.00,70.00,24.22,3,MULTICLASSIC
LAD-H/D-STRO-DS06,UNIT,D/s H/d Ladder DSHD06 6STEP,Ladders & Access,2,359.00,429.00,70.00,19.50,2,SUNWAY WINSTAR
SHH-ROD-DX3332180,PCS,"(7'0"") Ralink Rod (casting Rod)",Fishing & Tackle,1,99.00,169.00,70.00,70.71,1,SINHENHUA
LAS-MK-CON-2024,SET,Mark-x 05 Line Laser Level 360° Rotary Laser,Power Tools,1,299.00,369.00,70.00,23.41,0,MAJOR HARVE
LAD-ALU-AT-DS07,UNIT,At 7 Step D/side Aluminium Ladder,Ladders & Access,2,179.00,249.00,70.00,39.11,1,ING PING3
NIP-9000-GF-5L-D,CAN,5L Nippon 9000 Gf Deep Base,Paint & Sundries,11,179.00,248.30,69.30,38.72,11,PAINT MAR.2
MIR-SWBC-SS6414,SET,Saniware Bathroom Cabinet Set Water Tap SWBC-SS6414,Bathroom,2,619.00,688.00,69.00,11.15,2,VTC HARDWARE
BOS-0601-9K3-0L2,UNIT,Gsr Batt. Screwdriver 185-LI,Hand Tools,4,629.00,698.00,69.00,10.97,4,CMW ENGINEERING2
BAS-SOR-SRTWT6807-RG-MIX,PCS,Sorento High Basin Mixer Tap (rs+mb),Bathroom,1,529.00,598.00,69.00,13.04,1,SYNTALUN
"FAN-VEN-KDK-15TGQZ-6""",UNIT,6 Kdk Ceiling Mount Ventilator Fan,Fans & Ventilation,2,194.00,125.00,-69.00,-35.57,2,SK HARDWARE
SIN-MUD-8048,SET,Double Bowl (8048) (L800MM X X D250MM),Kitchen & Sinks,1,129.00,198.00,69.00,53.49,1,MUDA3%
BOS-0601-9G5-2L0,UNIT,Gdx Batt. Impact Driver,Power Tools,1,829.00,895.00,66.00,7.96,1,CMW ENGINEERING2
BOS-0601-9C6-2L0,UNIT,Gas Batt. Vacuum Cleaner (solo),Chemicals & Adhesives,1,429.00,495.00,66.00,15.38,1,CMW ENGINEERING3
LAD-ALU-WEL-D10,UNIT,Alum Welded Ladder - D10,Ladders & Access,2,419.00,485.00,66.00,15.75,2,MULTICLASSIC
LAD-H/D-STRO-DS12,UNIT,D/s H/d Ladder DSHD12 12STEP,Ladders & Access,1,709.00,775.00,66.00,9.31,1,SUNWAY WINSTAR
GUN-TRA-T50,PCS,Air Tracker - T50,Fasteners & Fixings,2,289.00,355.00,66.00,22.84,2,BOON SENG
TAP-SAN-SWP-B-2924,PCS,Saniware Premier Basin Pillar Tap-mixer (gold) SWP-B-2924,Bathroom,1,334.00,399.00,65.00,19.46,1,VTC HARDWARE
SHO-CAB-CSS8801,PCS,Cab Exposed Shower Set,Bathroom,3,284.00,349.00,65.00,22.89,3,SYNTALUN
GUN-TRA-ST64,PCS,Meite H/duty Pneumatic,Power Tools,1,484.00,549.00,65.00,13.43,1,BOON SENG
TOO-BOS-HAMM-BRH616,SET,Bossman 20V Brushless Rotary Hammer (BRH616),Power Tools,1,374.00,439.00,65.00,17.38,1,WHA WEE
LAD-ALU-WEL-D08,UNIT,Alum Welded Ladder - D08,Ladders & Access,3,334.00,399.00,65.00,19.46,3,MULTICLASSIC
LAD-H/D-STRO-DS08,UNIT,Strongman D/s H/d Ladder DSHD08 8STEP,Ladders & Access,1,474.00,539.00,65.00,13.71,1,SUNWAY WINSTAR
TOI-CAS-WD012,UNIT,Luton Close Couple 200MM S Trap,Plumbing,2,404.00,469.00,65.00,16.09,2,CASA3%
BAS-SOR-SRTWT-7203-BL,PCS,Sorento High Basin Cold Tap (blk),Bathroom,1,354.00,418.00,64.00,18.08,1,SYNTALUN
FAN-CEI-DEKA-CDKN54MG12,UNIT,Deka Ceiling Fan Koni 54 Magnesium,Fans & Ventilation,4,234.00,298.00,64.00,27.35,4,DEKA
FAN-CEI-DEKA-CDKN54OAK12,UNIT,Deka Ceiling Fan Koni 54 Oak,Fans & Ventilation,2,234.00,298.00,64.00,27.35,2,DEKA
LAS-MAC-HTM-5500,SET,Hitmax Laser Level Machine (w,Power Tools,2,304.00,368.00,64.00,21.05,2,CRYSTAL TRIUMPH S/B
BAT-CHA-KENDE-SM2024,UNIT,Kende Battery Charger 24V,Electrical,1,699.00,635.00,-64.00,-9.16,1,CMW ENGINEERING2
SWI-OMS-CA32-41,PCS,Limit Switch Ca 32-41 Wl,Electrical,10,4.60,66.04,61.44,1335.65,10,GOLDEN DAY
BOS-0601-298-0L0,UNIT,Gss 2300 Orbital Sander,Power Tools,1,414.00,475.00,61.00,14.73,1,CMW ENGINEERING3
PUM-WTR-CHM4-2H,UNIT,Prodn Intelligent Inverter Water Pump (wifi),Pumps & Water,1,1749.00,1688.00,-61.00,-3.49,1,CMW ENGINEERING2
VAC-HYU-HD-1600,UNIT,Hyundai Vacuum Cleaner 1600W 30L,Chemicals & Adhesives,1,394.00,455.00,61.00,15.48,1,CMW ENGINEERING3
CAB-SAN-SWBC-SS6411,SET,Saniware Bathroom Cabinet Set Water Tap SWBC-SS6411,Bathroom,4,439.00,499.00,60.00,13.67,4,VTC HARDWARE
BAS-SOR-SRTWT6806-MIX,PCS,Sorento High Basin Mixer Tap,Bathroom,1,479.00,539.00,60.00,12.53,1,SYNTALUN
STA-IMP-WRE-SBW910M1K,UNIT,Stanley Fatmax 20V Max V20 Brushless Impact Wrench,Power Tools,1,809.00,869.00,60.00,7.42,1,HUACHIAN ENGINEERING
NIP-SEA-5200-20L,DRUM,20L Nippon Vinilex 5200 Wall Sealer,Paint & Sundries,1,199.00,259.00,60.00,30.15,1,PAINT MAR.2
MIX-CAB-CB4723,PCS,Cabana Bath/shower MIXER-CB4723,Bathroom,2,219.00,279.00,60.00,27.40,2,HUE HOME
DC-DCSM04-100FK,SET,Cordless Brushless Angle Grinder (5.0AH X2/4A),Power Tools,1,959.00,1019.00,60.00,6.26,1,GL BOSUN2
DC-DQE1200/30L,SET,Oil-free Air Compressor (30L),Power Tools,2,599.00,659.00,60.00,10.02,2,GL BOSUN2
COM-AIR-ACO-AC24L,UNIT,Air Fighter/ouwenbull 2.5HP 24L Air Compressor,Power Tools,1,509.00,569.00,60.00,11.79,1,MAJOR HARVE
LAD-H/D-STRO-DS09,UNIT,Strongman D/s H/d Ladder DSHD09 9STEP,Ladders & Access,2,539.00,599.00,60.00,11.13,1,SUNWAY WINSTAR
FRE-MID-MD-RC151FZB01,PCS,Midea Chest FREEZER-99L MD-RC151FZB01,Other,1,599.00,539.00,-60.00,-10.02,2,MIDEA
LAD-ALU-WORKER-SS10,UNIT,Worker SS10 S/side Alum. Ladder (LDS10-MF),Ladders & Access,1,259.00,319.00,60.00,23.17,1,MAJOR HARVEST3
WAT-TAP-BLU,DRUM,(3) 100 Gallons HDPE Taper Tank,Plumbing,1,299.00,239.00,-60.00,-20.07,1,HUA BAN
STA-GRI-SCG400-SET,UNIT,Stanley 20V Grinder 1PC Charger (SC200)+2PCS Battery 2.0AH (SB202),Power Tools,3,809.00,868.00,59.00,7.29,3,HUACHIAN2
BOS-AJS37PC,UNIT,Adelino Automatic Self-priming Jet Pump With Pc (0.5HP),Pumps & Water,3,639.00,698.00,59.00,9.23,3,CMW ENGINEERING2
BOS-0601-068-000,UNIT,Gol 26D Optical Leveller,Power Tools,1,1229.00,1288.00,59.00,4.80,1,CMW ENGINEERING2
STA-POL-SP137,UNIT,Stanley 1300W 180MM Polisher,Power Tools,3,339.00,398.00,59.00,17.40,3,HUACHIAN3
BOS-0601-58F-0L0,UNIT,Gst 90 Be Jigsaw,Power Tools,1,829.00,888.00,59.00,7.12,1,CMW ENGINEERING2
VAC-DEC-DVA315JF,UNIT,Black+decker 10.8V Mpp Hand Vacuum,Home Appliances,2,279.00,338.00,59.00,21.15,2,HUACHIAN3
TOO-WRE-AIR-RT5563,UNIT,Rotake 1 Air Impact WRENCH-RT5563,Power Tools,1,929.00,988.00,59.00,6.35,1,CMW ENGINEERING2
TOO-WRE-AIR-RT5562,UNIT,Rotake 3/4 Air Impact Wrench,Power Tools,1,839.00,898.00,59.00,7.03,1,CMW ENGINEERING2
TOO-WRE-KPT-220P,UNIT(S),Kawasaki Impact Wrench - Kpt - 220P,Power Tools,1,739.00,798.00,59.00,7.98,1,SONIC3
X-ELE-CEI-LIG-1721/1-32PCS,PCS,1721/1 L/ceiling Lamp With I/c Control,Lighting,1,229.00,288.00,59.00,25.76,1,
X-ELE-CEI-LIG-1721/2-32PCS,PCS,1721/2 L/ceiling Lamp With I/c Control,Lighting,1,229.00,288.00,59.00,25.76,1,
X-STA-DRI-SCI12S2,UNIT,Stanley 10.8V 1.5 AH Impact Driver,Power Tools,2,439.00,495.00,56.00,12.76,2,HUACHIAN ENGINEERING
BOS-0601-8C0-0L0,UNIT,Gws Angle Grinder 2200-180H,Power Tools,1,669.00,725.00,56.00,8.37,1,CMW ENGINEERING2
BOS-0601-387-5L0,UNIT,Gex Eccentric Disc Sander 125-1AE,Power Tools,1,629.00,685.00,56.00,8.90,1,CMW ENGINEERING2
BOS-RP15G,UNIT,Robin Power Sprayer Set,Outdoor & Garden,1,769.00,825.00,56.00,7.28,1,CMW ENGINEERING2
DC-S1P-FF02-180,SET,Polisher / DSP02-180,Power Tools,3,269.00,325.00,56.00,20.82,3,GL BOSUN3
BOS-HVLP-888,UNIT,Sumo High Efficiency Paint Spray Gun 1.4MM,Paint & Sundries,2,59.90,115.00,55.10,91.99,2,CMW ENGINEERING
BAS-SOR-SRTWB1411,PCS,Sorento Wash Basin SRTWB1411 500X400X135MM,Bathroom,1,344.00,399.00,55.00,15.99,1,SYNTALUN
STA-JIG-SJ60,UNIT,Stanley Jigsaw 600W - SJ60,Power Tools,2,264.00,319.00,55.00,20.83,2,HUACHIAN3
BOS-0601-2A7-0L0,UNIT,Gst 700 Jigsaw,Power Tools,4,364.00,419.00,55.00,15.11,4,CMW ENGINEERING3
BOS-0601-6B3-0L1,UNIT,Gks 140 Circular Saw,Power Tools,3,474.00,529.00,55.00,11.60,3,CMW ENGINEERING2
MIR-SBC-600401A,SET,S600 Bathroom Cabinet Set (385X345X390MM),Bathroom,5,274.00,329.00,55.00,20.07,5,VTC HARDWARE
TAP-SIN-CAV-CA3616P,PCS,Cavallo Double Flex Pillar Sink Tap,Kitchen & Sinks,5,184.00,129.00,-55.00,-29.89,5,SYN JING LEE
DOR-WOO-KY800,PCS,KY800(7J) 33 3/4 X 83,Doors & Hardware,6,314.00,259.00,-55.00,-17.52,6,NAGA DOOR
WAL-FOL-V8500,SET,Vago S/steel Flexible Cloth Han,Lighting,2,134.00,189.00,55.00,41.04,2,CRYSTAL TRIUMPH S/B
INS-IS8503(B),NOS,Wall Hung Basin IS8503(B),Bathroom,1,254.00,309.00,55.00,21.65,1,IN CERAM
LAD-H/D-STRO-DS07,UNIT,Strongman D/s H/d Ladder DSHD07 7STEP,Ladders & Access,2,414.00,469.00,55.00,13.29,2,SUNWAY WINSTAR
DC-DMY02-185SH,SET,7 Electric Circular Saw (1100W),Power Tools,1,264.00,319.00,55.00,20.83,1,GL BOSUN3
X-BOX-ICE-150LTR,PCS,Insulated Ice Box 130L (ocn),Power Tools,6,304.00,359.00,55.00,18.09,6,SINHENHUA
LAD-ALU-WOR-AP-2404,UNIT,Worker 04 Step Household Step Alum. Ladder,Ladders & Access,1,194.00,249.00,55.00,28.35,1,MAJOR HARVEST3
LAD-ALU-AT-DS08,UNIT,At 8 Step D/side Aluminium Ladder,Ladders & Access,3,224.00,279.00,55.00,24.55,3,ING PING3
TAP-SAN-SWP-SS-304-3940-RG,PCS,Saniware Premier Kitchen Pillar Sink Tap-rg SWP-SS-304-3940-RG,Kitchen & Sinks,2,234.00,288.00,54.00,23.08,2,VTC HARDWARE
BAS-SOR-SRTWT7203,PCS,Sorento High Basin Cold Tap SRTWT7203,Bathroom,2,334.00,388.00,54.00,16.17,2,SYNTALUN
STA-ROS-SAN-SS30,UNIT,Stanley SS30 300W Ros Sander,Power Tools,1,304.00,358.00,54.00,17.76,1,HUACHIAN3
VAC-DEC-D1E20V,UNIT,Black+decker 20V Max Pc Dustbuster+ Bat 2.0AH,Home Appliances,2,344.00,398.00,54.00,15.70,2,HUACHIAN3
DC-M1Q-FF-65,SET,Jig Saw / DMQ65,Power Tools,2,344.00,398.00,54.00,15.70,2,GL BOSUN3
BAT-CHA-20A-12/24V,UNIT,20A Battery Charger,Electrical,2,289.00,235.00,-54.00,-18.69,2,PAN JAYA
WEL-MAC-FIG-TIG-200,UNIT,Fighter Inverter TIG Machine 200A,Welding,1,1449.00,1395.00,-54.00,-3.73,1,CMW ENGINEERING2
LOC-STA-827-426,PCS,827-420 3PC 50MM Sb Padlock Set,Locks & Security,1,194.00,248.00,54.00,27.84,1,YUNG KONG
TAP-CAB-CB4907,UNIT,Cabana Basin Cold Tap CB4907,Bathroom,2,309.00,362.00,53.00,17.15,2,HUE HOME
STI-BRU-CUT-FR3001,UNIT,Stihl Brush Cutter,Outdoor & Garden,2,609.00,558.00,-51.00,-8.37,2,HOCK CHIONG LUNG
LEO-SUS304-TWI-WAL-L2331W,PCS,Leon Sus 304 Twin Arm Wall Sink,Kitchen & Sinks,4,124.00,175.00,51.00,41.13,4,BOON SENG
PUM-WTR-ADELINO-AWJ4-4,UNIT,Adelino S/s Multi Stage Centrifugal Auto. Pump (1HP),Pumps & Water,1,1549.00,1498.00,-51.00,-3.29,1,CMW ENGINEERING2
FRE-MID-MD-RC207FZB01,PCS,Midea Chest FREEZER-142L MD-RC207FZB01,Other,2,769.00,718.00,-51.00,-6.63,2,MIDEA
STA-ROT-HAM-SHR263KA,UNIT,Stanley Rotary Hammer 26MM,Power Tools,4,509.00,559.00,50.00,9.82,4,HUACHIAN2
BOS-AHI2-4PC,UNIT,Adelino S/steel Multi Stage Centrifugal Pump (0.75HP),Pumps & Water,2,849.00,899.00,50.00,5.89,2,CMW ENGINEERING2
BOS-0601-063-N81,UNIT,Gll Kit Laser Level,Power Tools,1,709.00,759.00,50.00,7.05,1,CMW ENGINEERING2
BOS-0601-596-0L0,UNIT,Gho 6500 Planer,Power Tools,6,379.00,429.00,50.00,13.19,6,CMW ENGINEERING3
BOS-0601-9H9-0L1,UNIT,Gws 180 Batt. Angle Grinder (set),Power Tools,1,1489.00,1539.00,50.00,3.36,1,CMW ENGINEERING2
BOS-0601-B37-3L0,UNIT,Gco 220 Cut Off Saw,Power Tools,2,659.00,709.00,50.00,7.59,2,CMW ENGINEERING2
ELE-CAB-SPEAKER-FAJAR-30/0.18MMX2C,COIL,Fajar 30/0.18 X 2 Core Speaker Wire 100M,Electrical,6,249.00,199.00,-50.00,-20.08,6,SEBD
LEO-SUS304-TWI-L2301WF,PCS,Leon Twins Sink SUS-304 TAP-L2301WF,Kitchen & Sinks,3,159.00,209.00,50.00,31.45,3,BOON SENG
DC-DCPL04-8EK,SET,Cordless Brushless Impact Driver 12V (2.OAH X 2/2A),Power Tools,4,389.00,439.00,50.00,12.85,4,GL BOSUN3
SUMO-LT2500N-6,UNIT,Sumo Gasoline Generator LT2500N-6,Outdoor & Garden,1,1329.00,1279.00,-50.00,-3.76,1,CMW ENGINEERING
LEO-SUS304-TWI-L2302PF,PCS,Leon Twins Sink SUS-304 TAP-L2302PF,Kitchen & Sinks,2,159.00,209.00,50.00,31.45,2,BOON SENG
WEL-MAC-MAR,UNIT,Mark-x Super Mini Welding Machine --ARC150,Welding,7,279.00,329.00,50.00,17.92,7,MAJOR HARVEST3
X-LOC-SGD-PL300-60MM-4PCS,SETS,60MM St. Guchi Armoured Padlock KA-4PCS PL300,Locks & Security,1,239.00,289.00,50.00,20.92,1,VERTEX
DC-DCPL208AM,SET,Cordless Brushless Impact Drive 20V (2.0AH X2/2A),Power Tools,1,479.00,529.00,50.00,10.44,1,GL BOSUN2
JAC-BOT-MAS-MHB-30TON,PCS,Masada Bottle Jack,Automotive,1,659.00,609.00,-50.00,-7.59,1,SONIC3
PUM-WTR-ADE-AWJ2-5,UNIT,Adelino S/s Mul. Stage Centrifugal Auto. Pump,Pumps & Water,1,1379.00,1329.00,-50.00,-3.63,1,CMW ENGINEERING2
WAL-FOL-DRY-RAC-1336,SET,R'key Folding Drying Rack - 1336,Housewares,2,149.00,199.00,50.00,33.56,2,JHT HARDWARE
LAD-ALU-AT-DS06,UNIT,At 6 Step D/side Aluminium Ladder,Ladders & Access,1,169.00,219.00,50.00,29.59,1,ING PING3
TAP-SAN-SWP-SS-304-3970-MB,PCS,Saniware Premier Flexible Hose Pillar Sink Tap Waterfall (matt Blk),Kitchen & Sinks,1,289.00,338.00,49.00,16.96,1,VTC HARDWARE
FAN-CEI-DEKA-CGNL54MB12,UNIT,Deka Ceiling Fan Geno Matt Black,Fans & Ventilation,4,269.00,318.00,49.00,18.22,4,DEKA
FAN-CEI-DEKA-CF66DC66MB12,UNIT,Deka Ceiling Fan F66 DC Matt Black,Fans & Ventilation,4,239.00,288.00,49.00,20.50,4,DEKA
STA-DRI-BRU-SBD710D2K,UNIT,Stanley Fatmax 20V Max Brushless Drill Driver,Power Tools,4,649.00,698.00,49.00,7.55,4,HUACHIAN2
FAN-CEI-DEKA-CGNL54OAK12,UNIT,Deka Ceiling Fan Geno Oak,Fans & Ventilation,2,269.00,318.00,49.00,18.22,2,DEKA
STA-CHO-SSC22,UNIT,Stanley Chopsaw 2200W 355MM,Power Tools,2,579.00,628.00,49.00,8.46,2,HUACHIAN2
FAN-CEI-DEKA-CCNL54RG12,UNIT,Deka Ceiling Fan Geno Rose Gold,Fans & Ventilation,1,269.00,318.00,49.00,18.22,1,DEKA
NIP-WTRB-5L-WHITE,CAN,5L Nippon Weatherbond 145 White,Paint & Sundries,11,249.00,298.00,49.00,19.68,11,PAINT MAR.2
MIX-SWP-B-2523,PCS,Saniware Premier Exposed Bath Shower With Tap-mixer,Bathroom,2,219.00,268.00,49.00,22.37,2,VTC HARDWARE
TOW-SAN-SWP-BF-7903-G,PCS,Saniware Premier Double Towel BAR (gold),Bathroom,1,169.00,218.00,49.00,28.99,1,VTC HARDWARE
WEL-MAC-STW-250G,UNIT,Nietz Welding Machine Acc,Welding,1,1239.00,1190.00,-49.00,-3.95,1,SUNWAY WINSTAR2
BOS-0601-072-9K0,UNIT,Glm 40 Laser Rangefinder,Power Tools,8,239.00,288.00,49.00,20.50,8,CMW ENGINEERING3
BOS-0611-253-76C,UNIT,Gbh 2-26 Dre Rotary Hammer Set,Power Tools,2,889.00,938.00,49.00,5.51,2,CMW ENGINEERING2
BOS-0601-9E5-1L0,UNIT,Gas 15 Ps Vacuum Cleaner,Chemicals & Adhesives,2,749.00,798.00,49.00,6.54,2,CMW ENGINEERING2
BOS-0601-9F3-0L3,UNIT,Gsb 120 Bat. Impact Drill,Power Tools,3,449.00,498.00,49.00,10.91,3,CMW ENGINEERING2
BOS-RB650S,UNIT,Robin Mist Blower,Power Tools,1,899.00,948.00,49.00,5.45,1,CMW ENGINEERING2
BOS-0601-27A-3L0,UNIT,Gbg 35-15 Bench Grinder,Power Tools,1,549.00,598.00,49.00,8.93,1,CMW ENGINEERING2
WOR-CUT-WK-PWT-5510,UNIT,Worker 1200W 4 Cutting,Power Tools,3,149.00,198.00,49.00,32.89,3,MAJOR HARVE
DC-DZC03-28,SET,28MM Electric Rotary Hammer,Power Tools,1,369.00,418.00,49.00,13.28,1,GL BOSUN3
LAD-H/D-STRO-SS10,UNIT,S/sided H/d Ladder 10 Step,Ladders & Access,2,499.00,548.00,49.00,9.82,2,SUNWAY WINSTAR
LAD-H/D-STRO-SS09,UNIT,S/sided H/d Ladder 9 Step,Ladders & Access,1,449.00,498.00,49.00,10.91,1,SUNWAY WINSTAR
NIP-PHG-5L-A,CAN,5L Platone High Gloss Accent Base,Paint & Sundries,28,129.00,176.50,47.50,36.82,24,PAINT MAR.2
CIMA-1618/L/24W/G,SET,Cei/lamp Ic Control 1618/22W/G,Lighting,11,57.90,105.00,47.10,81.35,11,CIMA
CIMA-1618/L/24W/H,SET,Cei/lamp Ic Control 1618/22W/H,Lighting,5,57.90,105.00,47.10,81.35,5,CIMA
BOS-0601-9N9-0L0C1,SET,Gws + Gds + Gsb Plus Combo Set,Power Tools,1,1749.00,1795.00,46.00,2.63,1,CMW ENGINEERING2
BOS-0601-228-1L2,UNIT,Gsb 16RE Impact Drill (blow Mode Set),Power Tools,3,489.00,535.00,46.00,9.41,3,CMW ENGINEERING2
STA-PRE-WAS-BCPC20D1,UNIT,Black+decker 20V Power Cleaner,Chemicals & Adhesives,2,599.00,645.00,46.00,7.68,2,HUACHIAN2
STA-HIGH-PRE-WAS-K2,UNIT,Karcher K2 Power Vps High Pressure Washer,Power Tools,3,829.00,875.00,46.00,5.55,3,HUACHIAN2
SHO-SOR-SRTSS8720,PCS,Sorento Sliding BAR Shower Set - SRTSS8720,Bathroom,3,199.00,245.00,46.00,23.12,3,SYNTALUN
STA-SHE-SAN-SS24,UNIT,Stanley SS24 240W 1/4 Sheet Sander - SS24,Power Tools,1,149.00,195.00,46.00,30.87,1,HUACHIAN3
COC-SIN-SRTKT1831SS,PCS,Sorento Brass S/s 304 Wall Kitchen Tap,Plumbing,2,189.00,235.00,46.00,24.34,2,SYNTALUN
LEO-SUS304-LSSB2202P,PCS,Leon Sus 304 2 Way Pillar Sink Tap,Kitchen & Sinks,4,149.00,195.00,46.00,30.87,4,BOON SENG
STA-PRE-WAS-BEPW1600L,UNIT,Black+decker Pressure Washer L 110 BAR,Power Tools,3,444.00,489.00,45.00,10.14,3,HUACHIAN3
BAS-SOR-SRTWB1409,PCS,Sorento Wash Basin SRTWB1409 L415XW415XH135MM,Bathroom,2,314.00,359.00,45.00,14.33,2,SYNTALUN
BAS-SOR-SRTWB1086,PCS,Sorento Table Top Basin,Bathroom,2,294.00,339.00,45.00,15.31,2,SYNTALUN
TOW-SOR-SRT764-24-RG,PCS,Sorento Moveable Towel Shelf 600MM (rg+mb),Bathroom,2,294.00,339.00,45.00,15.31,2,SYNTALUN
BAS-SOR-SRTWB7249,PCS,Sorento Wall Hung Basin,Bathroom,1,294.00,339.00,45.00,15.31,1,SYNTALUN
STA-JIG-SJ45,UNIT,Stanley Jigsaw 450W - SJ45,Power Tools,2,254.00,299.00,45.00,17.72,2,HUACHIAN3
STA-TIL-CUT-STSP125,UNIT,Stanley Tile Cutter 1320W,Flooring,1,254.00,299.00,45.00,17.72,1,HUACHIAN3
TAP-SIN-SRTKT69SS-GM,PCS,Sorento Pillar Mounted Kitchen Tap (gunmetal),Plumbing,1,364.00,409.00,45.00,12.36,1,SYNTALUN
BATH-CBF66409-WHI,PCS,Cab 6 IN 1 S/steel Bathroom Furnit Set-whi,Bathroom,1,354.00,399.00,45.00,12.71,1,SYNTALUN
ELE-CEI-LIG-2847/2WH,SET,L/ceiling Lamp,Lighting,1,114.00,159.00,45.00,39.47,1,
FAN-DES-MOTTO-AFM01,UNIT,Motto Desk Fan 60/7 - AC White,Fans & Ventilation,2,194.00,149.00,-45.00,-23.20,2,ALPHA3%
WIR-BRC-66C-45M,ROLL,66C X 45M Brc,Other,1,284.00,239.00,-45.00,-15.85,1,CHEE LIAN
LAD-ALU-WOR-AP-2405,UNIT,Worker 05 Step Household Step Alum. Ladder,Ladders & Access,1,254.00,299.00,45.00,17.72,1,MAJOR HARVEST3
X-LAD-D/S-DS09,UNIT,D/sided Ladder DS07,Ladders & Access,1,204.00,249.00,45.00,22.06,1,SUNWAY WINSTAR
TOO-VIC-W2486,PCS,Heavy Hinged Pipe Vise 6,Plumbing,1,374.00,419.00,45.00,12.03,1,JUMBO
KGR-FLO-COA-9285,TIN,Kangaroo Floor Coat 9285 - Brown,Paint & Sundries,3,154.00,199.00,45.00,29.22,3,KANGAROO PAINT
NIP-VIN-EAS-20L-P,DRUM,18L Nippon Vinilex Easywash Paster Base,Paint & Sundries,2,529.00,484.20,-44.80,-8.47,2,PAINT MAR.2
STA-SAW-SCR121S2K,UNIT,Stanley 12V Reciprocating Saw,Power Tools,4,474.00,518.00,44.00,9.28,4,HUACHIAN2
DC-M1Y-FF02-185,SET,Electric Circular Saw (1100W),Power Tools,3,274.00,318.00,44.00,16.06,3,GL BOSUN3
LAD-ALU-WORKER-DS06,UNIT,Worker DS06 D/side Alum. Ladder (LDD06-MF),Ladders & Access,2,204.00,248.00,44.00,21.57,2,MAJOR HARVEST3
TAP-CAB-CB889SS-BL,PCS,Cab Pillar Mounted Kit Tap (pull Out-blk),Plumbing,2,204.00,248.00,44.00,21.57,2,SYNTALUN
LAD-H/D-STRO-SS08,UNIT,S/sided H/d Ladder 8 Step,Ladders & Access,2,404.00,448.00,44.00,10.89,2,SUNWAY WINSTAR
SWI-SOC-MET-740/13A,PCS,13A M/c Floor Socket,Electrical,13,4.60,48.00,43.40,943.48,13,GOLDEN DAY
DOR-SET-ATH-120,SET,AC Armor Double Handleset,Doors & Hardware,1,139.00,96.00,-43.00,-30.94,1,VERTEX
TOO-SOC-SET-4610M,SET,Mr. Mark 10PCS 1/2 6P. Socket,Hand Tools,6,86.90,129.00,42.10,48.45,6,MAJOR HARVEST3
NIP-9000-GF-5L-A,CAN,5L Nippon 9000 Gf Accent Base,Paint & Sundries,9,194.00,235.40,41.40,21.34,9,PAINT MAR.2
JOV-WAT-HEA-SA8E,PCS,Joven SA8E Instant Water Heater,Home Appliances,16,329.00,288.00,-41.00,-12.46,21,
STA-COR-FAN-SCF001,UNIT,Stanley Cordless Fan,Power Tools,2,184.00,225.00,41.00,22.28,2,HUACHIAN ENGINEERING
TAP-SIN-SRTKT1867SS-BL,PCS,Sorento Pillar Mounted Kitchen Tap (double),Plumbing,2,384.00,425.00,41.00,10.68,2,SYNTALUN
SIN-CAV-CA819,PCS,S/s Laundry Sink,Kitchen & Sinks,1,144.00,185.00,41.00,28.47,1,SYN JING LEE
FLO-MOC-VZ3329WHT,PCS,Viz White (VZ3329WHT),Flooring,1,43.90,3.00,-40.90,-93.17,1,ZHEN HUA HUNG
JOV-WAT-HEA-SL30IP-WHI-RS,PCS,Joven (white) Instant Water Heater SL30IP-RS,Home Appliances,4,629.00,669.00,40.00,6.36,9,
STA-PRE-WAS-BEPW1800T,UNIT,Black+decker Vertical Pressure Washer 125 BAR,Power Tools,4,619.00,659.00,40.00,6.46,4,HUACHIAN2
X-STA-PLANER-STP18-1800W,UNIT,Stanley Thickness Planer 1800W,Power Tools,1,2199.00,2239.00,40.00,1.82,1,HUACHIAN ENGINEERING
BOS-0601-9K3-1L2C1,SET,Gsb + Gdr Kit Combo Kit,Power Tools,1,1109.00,1149.00,40.00,3.61,1,CMW ENGINEERING2
ELE-CAB-FAJ-2.5MM-80M,ROLL,Fajar 2C X 2MM Twin Flat Wire,Electrical,15,389.00,349.00,-40.00,-10.28,13,MODERNVEST
TOO-BOS-BAG-101,PCS,Bossman 20V Angle Grinder 105MM,Power Tools,14,259.00,299.00,40.00,15.44,13,WHA WEE
BID-SOR-SRTWT5879-RG,PCS,Sorento Brass Hand Bidet - SRTWT5879-RG,Bathroom,2,189.00,229.00,40.00,21.16,2,SYNTALUN
BOS-0601-9F0-0L3,UNIT,Gsr + Gdr Combo Kit,Power Tools,1,659.00,699.00,40.00,6.07,1,CMW ENGINEERING2
TOI-HOL-SAN-SWP-BF-7909-G,PCS,Saniware Premier Toilet Paper Holder (gold),Bathroom,1,129.00,169.00,40.00,31.01,1,VTC HARDWARE
BOS-F016-F04-667,SETS,High Pressure Hose Aqt,Outdoor & Garden,1,114.00,154.00,40.00,35.09,1,CMW ENGINEERING
ALP-WAT-HEA-IM-9EP-SIL,UNIT,Alpha Instant Water Plus Rainshower-sil HEATER-IM-9EP,Home Appliances,1,789.00,829.00,40.00,5.07,1,ALPHA2%
BOS-0601-1A9-5L0,UNIT,Gbm 350 Drill,Power Tools,5,199.00,239.00,40.00,20.10,5,CMW ENGINEERING3
"FAN-CEI-KDK-K12UX-48""",PCS,Kdk 48 LED Ceiling Fan Remote Control,Fans & Ventilation,2,939.00,899.00,-40.00,-4.26,2,SK HARDWARE
X-ELE-CEI-LIG-38128-96W,PCS,Ceiling Light 38128/96W 3CLR-FLW,Lighting,8,169.00,209.00,40.00,23.67,7,
ALP-WAT-HEA-IM-9EP-BLK,UNIT,Alpha Instant Water Plus Rainshower-blk,Home Appliances,1,789.00,829.00,40.00,5.07,1,ALPHA2%
X-ALP-WAT-HEA-AS-2EP-SIL,UNIT,Alpha Instant Water Heater AS-2EP-SIL,Home Appliances,1,619.00,659.00,40.00,6.46,1,
ELE-CAB-PVC-4.00MM-GRE,ROLL,Ktk PVC Cable Green,Electrical,7,249.00,209.00,-40.00,-16.06,7,MODERNVEST
PUM-WTR-IPA750,UNIT,I-pump Automatic Pump,Pumps & Water,3,399.00,439.00,40.00,10.03,3,CMW ENGINEERING3
PUM-SHOWFOU-SC-0512,UNIT,Showfou Pump SC-0512,Pumps & Water,1,1139.00,1099.00,-40.00,-3.51,1,CMW ENGINEERING2
ELE-CEI-LIG-8910/500RND,SET,26PCS Daylight L/ceiling Lamp,Lighting,2,129.00,169.00,40.00,31.01,2,TOP GAN
DC-DZC04-28,SET,Hammer Drill / DZC04-28,Power Tools,2,469.00,509.00,40.00,8.53,2,GL BOSUN2
DC-DCKIT49BK,SET,+ (4.0AH X2/4A) DCMP6BK DCJZ2060IZ,Power Tools,1,859.00,899.00,40.00,4.66,1,GL BOSUN2
GAR-SPR-TAR-BAT-16LTR,SET,Target Sprayer Electric,Outdoor & Garden,2,339.00,299.00,-40.00,-11.80,2,KIONG JOUNG
X-ELE-CEI-LIG-38129-96W,PCS,Ceiling Light 38129/96W 3CLR-RD,Lighting,1,169.00,209.00,40.00,23.67,1,
GRA-CUT-SUMO-SM-43N,UNIT,Sumo Brush Cutter SM43N,Outdoor & Garden,1,579.00,539.00,-40.00,-6.91,1,CMW ENGINEERING
TOO-WRE-AIR-EA-1302,UNIT,Esko 1/2 Air Impact Wrench,Power Tools,2,279.00,319.00,40.00,14.34,2,CHUNG YANG3
BOS-1600-A00-F6X,PCS,Battery Pack 12V 2.0AH,Electrical,3,139.00,179.00,40.00,28.78,3,CMW ENGINEERING
TOO-DRI-SET-WK-PWT-5502,SET,Worker 12V Cordless Drill,Power Tools,4,129.00,169.00,40.00,31.01,4,MAJOR HARVEST3
LAD-ALU-WORKER-SS08,UNIT,Worker SS08 S/side Alum. Ladder (LDS08-MF),Ladders & Access,3,209.00,249.00,40.00,19.14,3,MAJOR HARVEST3
WIR-BRC-65C-45M,ROLL,65C X 45M Brc Welded MS Grill,Other,1,499.00,459.00,-40.00,-8.02,1,CHEE LIAN
IND-TRU-FD300-ER,SET,Sumo Boy PVC Hand Truck (green Box),Building Materials,4,289.00,329.00,40.00,13.84,4,L.F. WHOLESALER
BAT-STA-SB202,PCS,Battery V20 2.0AH Lithium-ion,Electrical,1,239.00,199.00,-40.00,-16.74,1,HUACHIAN ENGINEERING
TOPLUS-WEA-PLUS-5L-D,CAN,5L Toplus Weather Plus D Base,Paint & Sundries,6,109.00,148.30,39.30,36.06,5,SMART PAINTS2
BOS-0611-338-9L1,UNIT,Gsh 5MX Demolition Hammer,Power Tools,1,1059.00,1098.00,39.00,3.68,1,CMW ENGINEERING2
BOS-0600-8A7-FLO,UNIT,Easy Aqt 110 High P/cleaner,Chemicals & Adhesives,22,449.00,488.00,39.00,8.69,22,CMW ENGINEERING3
BOS-SM20CX-170F,UNIT,Sumo Gasoline Water Pump 2,Pumps & Water,1,689.00,728.00,39.00,5.66,1,CMW ENGINEERING2
TOW-SAN-SWP-BF-7904-G,PCS,Saniware Premier Single Towel BAR (gold),Bathroom,1,129.00,168.00,39.00,30.23,1,VTC HARDWARE
TOW-SAN-SWP-BF-3711,PCS,Saniware Premier Towel Rack (120X240X800MM),Housewares,2,199.00,238.00,39.00,19.60,2,VTC HARDWARE
MIR-GLO-S-GLC MB4560BLK,PCS,Mirror Box-black,Bathroom,4,279.00,318.00,39.00,13.98,4,GLOREX
SHO-SAN-SSP-6005503SS,PCS,S600 3WAY Bath Shower Set For Water Heater,Bathroom,3,289.00,328.00,39.00,13.49,3,VTC HARDWARE
BAS-CAB-CWB1409-CB,PCS,Cabana Counter Top Basin,Bathroom,2,249.00,288.00,39.00,15.66,2,SYNTALUN
DC-DCKIT47BK,SET,+ (4.0AH X2/4A) DCMQ85EK DCJZ2060IZ,Power Tools,1,859.00,898.00,39.00,4.54,1,GL BOSUN2
LAD-ALU-WORKER-DS07,UNIT,Worker DS07 D/side Alum. Ladder (LDD07-MF),Ladders & Access,4,239.00,278.00,39.00,16.32,4,MAJOR HARVEST3
LAD-ALU-WORKER-DS08,UNIT,Worker DS08 D/side Alum. Ladder (LDD08-MF),Ladders & Access,2,269.00,308.00,39.00,14.50,2,MAJOR HARVEST3
NIP-SAT-GLO-5L-A,CAN,5L Nippon Satin Glo Accent Base,Paint & Sundries,4,169.00,207.80,38.80,22.96,4,PAINT MAR.2
NIP-FLO-5L-A,CAN,5L Nippon Floor Coating Accent Base,Paint & Sundries,3,189.00,227.40,38.40,20.32,3,PAINT MAR.2
PAP-WALL-PARADISEII-AC9371-06,ROLL,Wallpaper Paradise Ii AC9371-06(10MX53CM),Paint & Sundries,3,77.90,115.00,37.10,47.63,3,
BOS-AQSD75F,UNIT,Adelino Submersible Sewage Pump 0.75KW,Pumps & Water,1,829.00,865.00,36.00,4.34,1,CMW ENGINEERING2
X-SHO-SOR-SRTSS3180,PCS,Sorento Hand Shower - SRTSS3180,Bathroom,2,109.00,145.00,36.00,33.03,2,SYNTALUN
STA-CIR-SAW-SC16,UNIT,Stanley Circular Saw SC16,Power Tools,1,434.00,398.00,-36.00,-8.29,1,HUACHIAN ENGINEERING
DC-DQE1200/10L,SET,Oil-free Air Compressor (10L),Power Tools,1,419.00,455.00,36.00,8.59,1,GL BOSUN3
NIP-IND-ENA-228-800-5L,CAN,5L Nippon Ind Enamel 228 Black 800,Paint & Sundries,1,199.00,163.00,-36.00,-18.09,1,PAINT MAR.
NIP-IND-ENA-228-999-5L,CAN,5L Nippon Ind Enamel 228 White 999,Paint & Sundries,1,199.00,163.00,-36.00,-18.09,1,PAINT MAR.
INS-IS1216(B),NOS,Wall Hung Wash Basin IS1216(B),Bathroom,1,199.00,235.00,36.00,18.09,1,
TAP-PIL-OTO-966-15,PCS,Otosani 304 S/steel Double Pillar Swan Tap (1F1S),Plumbing,1,204.00,168.00,-36.00,-17.65,0,CHUAN HONG
SPR-BID-SWP-SS-304-6875-BA,PCS,Saniware Premier Two Way Tap With Bidet SET&1.2M Flex. Hose,Bathroom,1,164.00,199.00,35.00,21.34,1,VTC HARDWARE
TAP-SAN-SWP-B-3213-G,PCS,Saniware Premier Tall Basin Cold Tap (gold),Bathroom,1,154.00,189.00,35.00,22.73,1,VTC HARDWARE
SPR-BID-SWP-SS-304-6875A,PCS,Saniware Premier Two Way Tap With Bidet Set 1.2M Flex. Hose,Bathroom,1,124.00,159.00,35.00,28.23,1,VTC HARDWARE
RUB-TRT02-SA302,UNIT,Rubine Double Spout Wall Mounted S'tap,Home Appliances,1,364.00,399.00,35.00,9.62,1,
NIP-SAT-GLO-5L-145,CAN,5L Nippon Satin Glo 145 White,Paint & Sundries,14,194.00,229.00,35.00,18.04,14,PAINT MAR.2
ELE-CAB-ZI-C70763G-ROLL,ROLL,Zi 3C X 70/076 PVC Flex Wire (grey),Electrical,12,294.00,259.00,-35.00,-11.90,12,MODERNVEST
BAS-SOR-SRTWT7202-GM,PCS,Sorento Basin Cod Tap-gm,Bathroom,2,214.00,249.00,35.00,16.36,2,SYNTALUN
TAP-SAN-SWP-B-3213-RG,PCS,Saniware Premier Tall Basin Cold Tap (rose Gold),Bathroom,1,154.00,189.00,35.00,22.73,1,VTC HARDWARE
BOS-0611-2A6-0L0,UNIT,Gbh 220 Rotary Hammer,Power Tools,4,484.00,519.00,35.00,7.23,4,CMW ENGINEERING2
COC-SOR-SRTWT9706,PCS,Sorento Pillar Mou. Kitchen Mixer Tap,Plumbing,2,414.00,449.00,35.00,8.45,2,SYNTALUN
TAP-SAN-SWP-SS-304-3939-MB,PCS,Saniware Premier Dou S/tap,Plumbing,2,254.00,289.00,35.00,13.78,2,VTC HARDWARE
BOS-0601-1A0-3L0,UNIT,Gsb 600 Impact Drill,Power Tools,4,214.00,249.00,35.00,16.36,4,CMW ENGINEERING3
COC-SIN-SRTWT5848-RG,PCS,Sorento Pillar Mounted Kitchen Tap - SRTWT5848(RG),Plumbing,2,184.00,219.00,35.00,19.02,2,SYNTALUN
TAP-SIN-SRTKT72SS,PCS,Sorento Pillar Mounted Kitchen Cold Tap,Plumbing,1,344.00,379.00,35.00,10.17,1,SYNTALUN
TOO-MULTI-STMT81243-840,SET,110PCS Stanley Multi Tool Set,Power Tools,1,494.00,529.00,35.00,7.09,1,YUNG KONG
BOS-0601-083-480,UNIT,Gis 500 Temperature Detector,Power Tools,1,384.00,419.00,35.00,9.11,1,CMW ENGINEERING3
SIN-CAV-CA850,PCS,CA850 SS Sink,Kitchen & Sinks,6,164.00,199.00,35.00,21.34,6,SYN JING LEE
TOW-SRT764-24-CR,PCS,Srt Moveable Towel Shelf 600MM (chrome),Bathroom,3,284.00,319.00,35.00,12.32,3,SYNTALUN
BOS-F016-800-536,PCS,Bosch 360 Degree Gun Aqt 100,Power Tools,2,144.00,179.00,35.00,24.31,2,CMW ENGINEERING
BOS-0601-072-5K0,UNIT,Glm 30 Laser Rangefinder,Power Tools,1,214.00,249.00,35.00,16.36,1,CMW ENGINEERING3
DC-DCJZ23-10IEK,SET,Cordless Brushless Driver Drill,Power Tools,6,344.00,379.00,35.00,10.17,6,GL BOSUN3
ELE-CAB-PVC-4.00MM-BLK,ROLL,Ktk PVC Cable Black,Electrical,9,244.00,209.00,-35.00,-14.34,9,MODERNVEST
ELE-CAB-PVC-4.00MM-RED,ROLL,Ktk PVC Cable Red,Electrical,8,244.00,209.00,-35.00,-14.34,8,MODERNVEST
PAI-SPR-GUN-TM-71,UNIT,Haupon Eletric Paint Spray Gun (home Painter),Paint & Sundries,3,324.00,359.00,35.00,10.80,3,MAJOR HARVEST3
X-ELE-CEI-LIG-3011/96W 3CLR,PCS,Ceiling Light 3CLR 3011-96W,Lighting,1,114.00,149.00,35.00,30.70,1,
ALP-WAT-HEA-EZY,UNIT,Alpha Instant Water Heater Ezy-e,Home Appliances,2,344.00,379.00,35.00,10.17,2,ALPHA3%
IND-WHE-WB288-PU,UNIT,Belway HD Wheel Barrow Wheel,Building Materials,3,184.00,219.00,35.00,19.02,3,SUNWAY WINSTAR
CUT-TIL-BLI-BLM800,SET,Blimax Laser Tile Cutter (laser),Flooring,1,434.00,399.00,-35.00,-8.06,1,BOON SENG
X-TOO-WOR-5503-12V,SET,Worker 30PCS Of 12V Luxury Suit Electric Drill With Tools Kit Set,Power Tools,4,224.00,259.00,35.00,15.62,4,MAJOR HARVEST3
INS-IS8503(P),NOS,Pedestal IS8503(P),Other,1,164.00,199.00,35.00,21.34,1,IN CERAM
WEL-MAC-KEN-MMA160A,UNIT,Kende Inverter Welding Machine 160A,Welding,5,314.00,349.00,35.00,11.15,5,CMW ENGINEERING3
LAD-ALU-AT-DS10,UNIT,At 10 Step D/side Aluminium Ladder,Ladders & Access,3,344.00,379.00,35.00,10.17,3,ING PING3
BAT-CHA-CHG-AA-4PCS,PCK,Ener Maxi Chgr 4AA,Electrical,4,124.00,89.90,-34.10,-27.50,4,HUA BAN
BAT-CHA-ENE-4AAA-700MAH,PCS,Ener Rech 4AAA,Electrical,2,119.00,84.90,-34.10,-28.66,2,HUA BAN
TAP-SAN-SWP-SS-304-3938-MB,PCS,Saniware Premier Double Spout Kit. Wall Sink Tap-matt Blk,Kitchen & Sinks,1,254.00,288.00,34.00,13.39,1,VTC HARDWARE
TAP-SAN-SWP-B-2525,PCS,Saniware Premier Concealed Bath Shower Cold Tap,Bathroom,3,194.00,228.00,34.00,17.53,3,VTC HARDWARE
TAP-SAN-SWP-B-3213-GM,PCS,Saniware Premier Tall Basin Cold Tap (gun Metal),Bathroom,1,154.00,188.00,34.00,22.08,1,VTC HARDWARE
BOS-0601-1A0-3L1,UNIT,Gsb 600 Impact Drill (set),Power Tools,3,364.00,398.00,34.00,9.34,3,CMW ENGINEERING3
BOS-0600-847-ELO,UNIT,Easy Aqt 100 High P/cleaner,Chemicals & Adhesives,1,454.00,488.00,34.00,7.49,1,CMW ENGINEERING3
TAP-SAN-SWP-SS-304-3938,PCS,Double Spout Kitchen Wall Sink Tap,Kitchen & Sinks,3,214.00,248.00,34.00,15.89,3,VTC HARDWARE
EXH-FAN-OS-16EF,PCS,Osaki Industrial Exhaust Fan 16 240V,Fans & Ventilation,2,314.00,348.00,34.00,10.83,2,YUAN MING
PUM-WTR-ADELINO-ACM200,UNIT,Adelino Centrifugal Pump,Pumps & Water,1,1379.00,1345.00,-34.00,-2.47,1,CMW ENGINEERING2
"SHO-CAB-CSH2062-10""",UNIT,Cabana 10 S/steel Shower Head (round) CSH2062-10,Bathroom,1,174.00,208.00,34.00,19.54,1,HUE HOME
LAD-H/D-STRO-SS06,UNIT,S/sided H/d Ladder 6 Step,Ladders & Access,3,314.00,348.00,34.00,10.83,3,SUNWAY WINSTAR
DUR-BON-820-3KG,TIN,3KG 820 Durobond Contact Adhesive,Chemicals & Adhesives,2,129.00,95.00,-34.00,-26.36,2,WHA WEE
ELE-LED-FLO-100W-6500K,PCS,LED Floor Light,Lighting,3,49.90,83.00,33.10,66.33,3,TOP GAN
BAT-ENE-REC-AA-4PCS,PCK,Ener Rech 4AA,Electrical,3,114.00,81.50,-32.50,-28.51,3,HUA BAN
BOS-0600-800-010,ROLL,Bosch Green Hose 10M,Outdoor & Garden,9,25.90,58.00,32.10,123.94,8,CMW ENGINEERING
PUM-SHOWFOU-SF-0512N,UNIT,Showfou Submersible Pump 2,Pumps & Water,1,919.00,887.00,-32.00,-3.48,1,CMW ENGINEERING2
MOT-DC244,UNIT(S),DC244 Motor Siren,Electrical,1,6.60,37.74,31.14,471.82,1,
BOS-1600-A01-03S,PCS,Keyless Chuck For Gsr 120 (c),Power Tools,1,47.90,79.00,31.10,64.93,1,CMW ENGINEERING
TAP-SAN-SWP-SS-304-3950,PCS,Saniware Premier Flexible Hose Kitchen Pillar Sink Tap,Kitchen & Sinks,1,164.00,195.00,31.00,18.90,1,VTC HARDWARE
NIP-SEA-5100-20L,DRUM,18L Nippon Vinilex 5100 Wall Sealer,Paint & Sundries,20,314.00,345.00,31.00,9.87,20,PAINT MAR.2
BOS-0601-980-4L1,UNIT,Gbl 82-270 Blower,Power Tools,1,414.00,445.00,31.00,7.49,0,CMW ENGINEERING3
DC-Z1E-FF-110,SET,Mable Cutter,Power Tools,5,224.00,255.00,31.00,13.84,5,GL BOSUN3
DOR-WOO-NA11,PCS,NA11 Solid Door 33 3/4 X 83,Doors & Hardware,2,344.00,375.00,31.00,9.01,2,NAGA DOOR
SAF-SHO-NK85-10,PAIR,Neuking NK85 Black 10,Safety & Workwear,2,259.00,228.00,-31.00,-11.97,2,KWONG TECK CHIONG3
ELE-PEN-DX-9002/1 GD PL,PCS,Pendant Light Gd,Electrical,3,214.00,245.00,31.00,14.49,3,TOP GAN
X-BOS-0601-9F4-0L0,UNIT,Gsr 1000 Batt. Screwdriver,Hand Tools,5,264.00,295.00,31.00,11.74,5,CMW ENGINEERING
SWI-SOC-ELE-PTBK600,PCS,600MM Power Tracks (surface)-black (BK600),Electrical,2,164.00,195.00,31.00,18.90,2,TRISTAR
SWI-SOC-ELE-PTBK400,PCS,400MM Power Tracks (surface)-black (BK400),Electrical,2,134.00,165.00,31.00,23.13,2,TRISTAR
PAP-WALL-HAVANA-11889-16,ROLL,Wallpaper Havana 11889-16(10MX53CM),Paint & Sundries,14,54.90,85.00,30.10,54.83,14,
PAP-WALL-HAVANA-11892-24,ROLL,Wallpaper Havana 11892-24(10MX53CM),Paint & Sundries,14,54.90,85.00,30.10,54.83,14,
PAP-WALL-HAVANA-11866-12,ROLL,Wallpaper Havana 11866-12(10MX53CM),Paint & Sundries,5,54.90,85.00,30.10,54.83,5,
JOV-WAT-HEA-SL30IP-BLK,PCS,Joven (black) Instant Water Heater SL30IP,Home Appliances,7,589.00,559.00,-30.00,-5.09,7,
JOV-WAT-HEA-SL30IP-WHI-AWB,PCS,Joven (white) Instant Water Heater SL30IP-AWB,Home Appliances,5,519.00,489.00,-30.00,-5.78,10,
TAP-SAN-SWP-SS-304-3970,PCS,Saniware Premier Flexible Hose Pillar Sink Tap Waterfall,Kitchen & Sinks,1,269.00,299.00,30.00,11.15,1,VTC HARDWARE
TAP-SAN-SWP-SS-304-3950-MB,PCS,Saniware Premier Flexible Hose Kitchen Pillar Sink Tap (matt Blk),Kitchen & Sinks,1,189.00,219.00,30.00,15.87,1,VTC HARDWARE
TAP-SAN-SWP-B-3203-RG,PCS,Saniware Premier Basin Pillar Cold Tap (rose Gold) SWP-SS-304-3203-RG,Bathroom,1,129.00,159.00,30.00,23.26,1,VTC HARDWARE
BOS-0601-9K0-0L0,UNITS,Gds Batt. Impact Wrench 18V-400,Power Tools,1,1549.00,1579.00,30.00,1.94,1,CMW ENGINEERING2
NIP-WTRB-18L-WHITE,CAN,18L Nippon Weatherbond Quartz 145 White,Paint & Sundries,6,569.00,599.00,30.00,5.27,6,PAINT MAR.2
SUMO-SM-138,UNIT,Sumo High Pressure Washer 130 BAR,Power Tools,2,1399.00,1369.00,-30.00,-2.14,2,CMW ENGINEERING2
BAS-SOR-SRTWT8301-RG,PCS,Sorento Basin Cold Tap (rs+mb),Bathroom,1,239.00,269.00,30.00,12.55,1,SYNTALUN
TAP-SAN-SWP-B-3203-G,PCS,Saniware Premier Basin Pillar Cold Tap (gold),Bathroom,1,129.00,159.00,30.00,23.26,1,VTC HARDWARE
"FAN-CEI-KDK-K14RH-EY-56""",PCS,Kdk DC Motor Ceiling FAN-56 (grey),Fans & Ventilation,2,429.00,399.00,-30.00,-6.99,2,SK HARDWARE
NIP-WTRB-WHI-15004-5L,CAN,5L Nippon Weatherbond 15004 Ws White,Paint & Sundries,7,239.00,269.00,30.00,12.55,7,PAINT MAR.2
TAP-SAN-SWP-B-3202,PCS,Basin Pillar Cold Tap SWP-SS-304-3202,Bathroom,4,189.00,219.00,30.00,15.87,4,VTC HARDWARE
TAP-SAN-SWP-B-3202-GM,PCS,Basin Pillar Cold Tap SWP-SS-304-3202-GM,Bathroom,3,229.00,259.00,30.00,13.10,3,VTC HARDWARE
BOS-0601-B45-0L0,SET,Gts 254 Table Saw,Power Tools,1,1389.00,1359.00,-30.00,-2.16,1,CMW ENGINEERING2
TAP-SOR-SRTKT68SS-FRG,PCS,Sorento Pillar Mounted Kitchen Tap (full Rose Gold),Plumbing,1,319.00,349.00,30.00,9.40,1,SYNTALUN
BOS-0601-3A2-0L0,UNIT,Gpo 950 Polisher,Power Tools,1,599.00,629.00,30.00,5.01,1,CMW ENGINEERING2
EXH-FAN-OS-18EF,PCS,Osaki Industrial Exhaust Fan 18 240V,Fans & Ventilation,2,399.00,429.00,30.00,7.52,2,YUAN MING
BOS-0601-2A8-0L0,UNIT,Gss 140 Orbital Sander,Power Tools,1,239.00,269.00,30.00,12.55,1,CMW ENGINEERING3
BOX-ICE-100LTR-BLUE,PCS,Insulated Ice Box (ks) - Blue,Housewares,4,289.00,319.00,30.00,10.38,4,SINHENHUA
PRO-COAT-Z588-GRY-18KG,TIN,Procoat Z588 Grey 18KG,Paint & Sundries,1,399.00,369.00,-30.00,-7.52,1,WHA WEE
MIR-GLO-S-RR50160A281S(BK),PCS,500X1600(RECTANGULAR) Alum. Frame Mirror Rc-blk (bk),Bathroom,3,219.00,249.00,30.00,13.70,3,GLOREX
SIN-CAB-CKS819,PCS,Cabana S/s Kitchen Sink 600*450*225MM,Kitchen & Sinks,3,189.00,219.00,30.00,15.87,3,SYNTALUN
FAN-STA-OS-20SF,PCS,Osaki Commercial Stand Fan 20,Fans & Ventilation,2,269.00,299.00,30.00,11.15,2,YUAN MING
GRA-CUT-TK-328,UNIT,Tasto Brush Cutter&handle,Doors & Hardware,5,329.00,299.00,-30.00,-9.12,5,TAI HUA HARDWARE
FOL-TAB-CN YX-Z182D,PCS,6FT Folding Table,Other,4,179.00,209.00,30.00,16.76,4,CHUNS TRADING
TOO-SOC-SET-STA-998645503,SET,26PC 1/2 Dr Skt Set- 12PT (86-477),Power Tools,4,289.00,319.00,30.00,10.38,3,YUNG KONG
TOW-CAB-CB720-GM,PCS,Cabana S/s 24 Towel Shelf,Bathroom,2,139.00,169.00,30.00,21.58,2,SYNTALUN
X-DRI-IMP-MIN-MS600,SET,Mostaz 13MM Impact Drill Kit Set 500W,Power Tools,7,129.00,159.00,30.00,23.26,7,MAJOR HARVE
VAC-DEC-ROB-BRVA425B00-B1,UNIT,Black+decker Robovac + Mop Blk,Housewares,2,1069.00,1099.00,30.00,2.81,2,
COMPRESSOR-AIRBANK-AB2.5HP,UNIT,Airbank 2.5HP 24L Air Compressor,Power Tools,1,679.00,649.00,-30.00,-4.42,1,CMW ENGINEERING
X-STA-GL260,UNIT,Black+decker S Trimmer,Power Tools,5,109.00,139.00,30.00,27.52,4,HUACHIAN3
BOX-ICE-200LTR,PCS,Insulated Ice Box (ks) 200LTR,Housewares,3,399.00,429.00,30.00,7.52,3,SINHENHUA
FAN-TAB-KDK-KB-404,PCS,Kdk Table Fan 16,Fans & Ventilation,5,219.00,189.00,-30.00,-13.70,5,DYNAPOWE
X-TOO-DRI-SET-MKX-2018-12V,SET,Mark-x 12V Cordless Drill (MKX-2018),Power Tools,2,179.00,209.00,30.00,16.76,2,MAJOR HARVEST3
GRA-CUT-21V,SET,Grass Cutter 21V Battery Cordless Grass Cutter,Power Tools,5,249.00,279.00,30.00,12.05,5,WHA WEE
IND-TRU-MET-150KGS,UNIT,Platform Hand Truck-metal ST150 150KGS,Building Materials,2,149.00,179.00,30.00,20.13,2,MAJOR HARVEST3
BOA-GYP-09MM,PCS,4 X 8 X 9.0MM Prima Flat Sheet,Building Materials,4,119.00,89.00,-30.00,-25.21,4,ING HING HONG
EXH-FAN-CIMA-EF-10-12F-CIE-WH,SET,Siberair Ceiling Exhaust Fan 10,Fans & Ventilation,2,109.00,139.00,30.00,27.52,2,CIMA
LAD-H/D-STRO-DS03,UNIT,H/d Double Side Ladder 3 Step,Ladders & Access,2,229.00,259.00,30.00,13.10,2,SUNWAY WINSTAR
ELE-PEN-5566/3-PL,PCS,Pendant Light 5566-3,Electrical,3,139.00,169.00,30.00,21.58,3,TOP GAN
NIP-FLO-5L-P,CAN,5L Nippon Floor Coating Pastel Base,Paint & Sundries,5,239.00,209.30,-29.70,-12.43,5,PAINT MAR.2
NIP-QGL-5L-A,CAN,5L Nippon Q-glo Accent Base,Paint & Sundries,15,129.00,158.30,29.30,22.71,15,PAINT MAR.2
TAP-SAN-SWP-B-2521,PCS,Saniware Premier Basin Pillar Tap-mixer SWP-B-2521,Bathroom,3,209.00,238.00,29.00,13.88,3,VTC HARDWARE
BOS-AHI4-4PC-R,UNIT,Adelino S/steel Multi Stage Centrifugal Pump (1.0HP),Pumps & Water,2,969.00,998.00,29.00,2.99,2,CMW ENGINEERING2
TAP-SAN-SWP-SS-304-3936-MB,PCS,Saniware Premier Kitchen Wall Sink Tap-mb,Kitchen & Sinks,1,139.00,168.00,29.00,20.86,1,VTC HARDWARE
BOS-86-BG6,UT,6 Bench Grinder 375W,Power Tools,2,229.00,258.00,29.00,12.66,2,CMW ENGINEERING3
STA-ROT-BCRT8K35,UNIT,Black+decker Rotary Tool,Power Tools,1,259.00,288.00,29.00,11.20,1,HUACHIAN3
TOW-SAN-SWP-BF-3712,PCS,Saniware Premier Towel Rack (640X240X120MM),Housewares,2,139.00,168.00,29.00,20.86,2,VTC HARDWARE
BOS-0611-337-0L0,UNIT,Gsh 5 Demolition Hammer,Power Tools,1,1469.00,1498.00,29.00,1.97,1,CMW ENGINEERING2
WAL-DOW-2117-E27,PCS,Out/d Wall Lamp,Lighting,6,119.00,148.00,29.00,24.37,6,CIMA
SHO-SAN-SSP-6005502SS,PCS,S600 2WAY Bath Shower Set For Water Heater,Bathroom,3,219.00,248.00,29.00,13.24,3,VTC HARDWARE
MIR-GLO-S-GLC4001N(LED),PCS,Dia. (round) LED Mirror (led),Lighting,2,299.00,328.00,29.00,9.70,2,GLOREX
VAC-DEC-BHFEA18D1,UNIT,Black+decker Avenger 20V Cordless Stick Vacuum,Power Tools,2,569.00,598.00,29.00,5.10,2,
BID-CAB-CB88SS-BL-DIY,PCS,Cabana 2WAY Tap Hand Bidet-matt Blk,Bathroom,2,119.00,148.00,29.00,24.37,2,SYNTALUN
GAR-SPR-CRO-KNA-C16L,UNIT,C16L Crown Knapsack Sprayer,Outdoor & Garden,2,194.00,165.00,-29.00,-14.95,2,KTS TRADING
JQB-SUNWAVE-32W,UNIT,Jqb Foldable Solar Panel 32W,Power Tools,1,269.00,298.00,29.00,10.78,1,
RAK-BLU-YEL-6'H X4'X3'X4'(L),UNIT,Gs Boltless Rack 6'(H)X4'(L)X2'(W)X4LVLS (blu/yel) 9MM Thk Plywood,Building Materials,1,399.00,370.00,-29.00,-7.27,1,GS SYSTEM
CUT-SAW-MFS300,UNIT,(300W) Power Action Multi Function Saw,Abrasives & Cutting,1,244.00,215.00,-29.00,-11.89,1,AIK TA3
LAD-ALU-WORKER-DE12,UNIT,Worker 12 X 12 D/ext. Ladder,Ladders & Access,1,659.00,688.00,29.00,4.40,1,MAJOR HARVEST3
CUT-TIL-RIV-450MM,SET,Rivoz Tile Cutting Machine 450MM,Flooring,2,264.00,235.00,-29.00,-10.98,2,HSIN NGIE
SHH-REEL-YK6000,PCS,Yumoshi Fishing Reel (YK6000),Fishing & Tackle,2,51.90,79.80,27.90,53.76,2,SINHENHUA
ELE-CAB-ROLLER-13A X 3,PCS,Cea A- 13A X 3 Metal Cable Roller,Electrical,3,114.00,86.90,-27.10,-23.77,3,SEBD3
"NIE-SOC-IMP-1/2""-27MM",PCS,Nietz Dr Impact Socket (6PT) 50140027 27MM,Power Tools,1,51.90,25.50,-26.40,-50.87,1,SUNWAY WINSTAR
BOS-2607-019-115,SET,Hss-g Bit Set 10 Piece,Power Tools,2,119.00,92.90,-26.10,-21.93,2,CMW ENGINEERING
REC--SQL-1200V,PCS,Rectifier 1200V,Other,15,2.20,28.30,26.10,1186.36,15,GOLDEN DAY
BOS-0601-227-1L2,UNIT,Gsb 13RE Impact Drill (blow Mode Set),Power Tools,6,459.00,485.00,26.00,5.66,6,CMW ENGINEERING3
X-LOC-YALE-Y120B-50-KA3,SET,Yale (key Alike) Boron Shackle Padlock Y120B-50-KA3,Lifting & Rigging,2,239.00,265.00,26.00,10.88,2,ADDWORTH3%
COC-BAS-SRTWT7447-RG,PCS,Sorento Basin Cold Tap - SRTWT7447-RG,Bathroom,3,219.00,245.00,26.00,11.87,3,SYNTALUN
BID-SOR-SRT95SS-GM,PCS,Sorento Hand Bidet PVC Flex Hose Gunmetal,Bathroom,2,139.00,165.00,26.00,18.71,2,SYNTALUN
TAP-SAN-SWP-SS-304-3941,PCS,Saniware Premier Kitchen Wall Sink Tap,Kitchen & Sinks,1,139.00,165.00,26.00,18.71,1,VTC HARDWARE
BOS-2608-643-009,PCS,Circular Sawblade 10 X 80T Wood,Power Tools,1,179.00,205.00,26.00,14.53,1,CMW ENGINEERING
BOS-0601-980-5L0,UNIT,Gbl 620 Blower,Power Tools,1,299.00,325.00,26.00,8.70,1,CMW ENGINEERING3
CIMA-2648,SET,2648 L/ceiling Lamp Ic Control,Lighting,7,119.00,145.00,26.00,21.85,7,CIMA
LAD-EXT-DOU-12X12,UNIT,Double Ext Ladder 12X12FT,Ladders & Access,1,689.00,715.00,26.00,3.77,1,SUNWAY WINSTAR
"FAS-SCR-P/H-1 1/4"" X 8#-BOX",BOX,Sr P/h Self Drilling Screw 1 1/4 X 8,Fasteners & Fixings,2,124.00,98.00,-26.00,-20.97,2,SYARIKAT HUA KIONG3
NIP-MAT-15245-7L,CAN,7L Super Matex 15245 Maxtwhite,Paint & Sundries,13,94.90,69.00,-25.90,-27.29,12,PAINT MAR.
HOS-GAR-ORA-160330,ROLL,Karyon 16MM (5/8)X3MMX30M Super UV Fancy Hose (ora),Outdoor & Garden,26,73.90,99.00,25.10,33.96,26,ALIKE HARDWARE3
TOR-ENE-HDD-6V,PCK,Heavy Duty Dolphin - 6V,Other,2,93.90,68.80,-25.10,-26.73,2,HUA BAN
TAP-SAN-SWP-RG-304-3905,PCS,Saniware Premier Kitchen Pillar Sink Tap-rg SWP-RG-304-3905,Kitchen & Sinks,3,224.00,249.00,25.00,11.16,3,VTC HARDWARE
STA-IMP-DRI-STDH7213V,UNIT,Stanley Percussion Drill 800W+VP,Power Tools,5,424.00,449.00,25.00,5.90,5,HUACHIAN3
BOS-0601-9G8-1L7,UNIT,Gsb 121B Batt. Impact Drill (1 Batt.),Power Tools,4,364.00,389.00,25.00,6.87,4,CMW ENGINEERING3
TAP-SAN-SWP-SS-304-3937-MB,PCS,Saniware Premier Kitchen Pillar Sink Tap-matt Blk,Kitchen & Sinks,2,144.00,169.00,25.00,17.36,2,VTC HARDWARE
BID-SOR-SRT79-SS,PCS,Sorento Brass Two Way Tap Bidet,Bathroom,2,244.00,269.00,25.00,10.25,2,SYNTALUN
SHO-SOR-SRTSS8770-BL,PCS,Sorento Sliding BAR W Hand SHOWER&1.5M Flex. Hose Blk,Bathroom,2,244.00,269.00,25.00,10.25,2,SYNTALUN
BAS-SOR-SRTWT6801,PCS,Sorento Basin Cold Tap-chr,Bathroom,2,214.00,239.00,25.00,11.68,2,SYNTALUN
TOW-SOR-SRT9541-BL,PCS,Sorento Double Towel BAR S/s,Bathroom,2,164.00,189.00,25.00,15.24,2,SYNTALUN
BAS-SOR-SRTWT6861-FRG,PCS,Sorento Basin Cold Tap-frg,Bathroom,1,304.00,329.00,25.00,8.22,1,SYNTALUN
SHO-SOR-SRTSS5724-RG,PCS,Sorento 3 Functions ABS Hand Shower,Bathroom,1,164.00,189.00,25.00,15.24,1,SYNTALUN
"NIE-SOC-IMP-1""-33MM",PCS,Nietz 1 IN Dr Impact Socket (6PT) 50170033 33MM,Power Tools,4,84.90,59.90,-25.00,-29.45,4,SUNWAY WINSTAR
LAD-EXT-SP12,UNIT,Nietz Single Pole Ext Ladder 12FT,Ladders & Access,1,364.00,389.00,25.00,6.87,1,SUNWAY WINSTAR
TAP-SOR-SRTKT1871SS,PCS,Sorento Pil Mou Kitc Tap Diameter Spout (double),Plumbing,2,374.00,399.00,25.00,6.68,2,SYNTALUN
SWI-T/SOC-EUR-8743-3G,SET,Taicon 3 GANG T-adaptor (sirim),Electrical,5,54.90,29.90,-25.00,-45.54,5,ECO ENTERPRISE3
FAN-VIO-F017,SET,F017 Adjustable Violent Fan,Fans & Ventilation,10,124.00,149.00,25.00,20.16,10,CHUAN HONG
COC-SIN-SRTKT1832SS,PCS,Sorento Brass Chr Pillar Kitchen Tap - SRTKT1832SS,Plumbing,1,164.00,189.00,25.00,15.24,1,SYNTALUN
COC-SIN-SRTKT1843SS,PCS,Sorento Brass Chr Pillar Kitchen Tap - SRTKT1843SS,Plumbing,1,164.00,189.00,25.00,15.24,1,SYNTALUN
FAN-STA-OS-26SF,PCS,Osaki Industrial Stand Fan 26,Fans & Ventilation,3,324.00,349.00,25.00,7.72,3,YUAN MING
PSN-MJ-DJ01SSL,PCS,Juicer-silver,Home Appliances,2,454.00,479.00,25.00,5.51,2,KIONG HUO
NIP-FLO-5L-T,CAN,5L Nippon Floor Coating Tint Base,Paint & Sundries,1,244.00,219.00,-25.00,-10.25,1,PAINT MAR.2
"FAN-VEN-KDK-30AQM8-12""",PCS,Kdk Ventilator FAN-12,Fans & Ventilation,3,224.00,199.00,-25.00,-11.16,3,SK HARDWARE
"FAN-WALL-KDK-KU-408-YG-16""",PCS,Kdk Wall FAN-16 KU408-YG,Fans & Ventilation,2,274.00,249.00,-25.00,-9.12,2,SK HARDWARE
ELE-PEN-88001/B-E27,PCS,Aluminium Pendant Lamp 88001/B,Lighting,3,134.00,159.00,25.00,18.66,3,CIMA
GUIDE BAR-MS180,PCS,16 Stihl Guide BAR,Other,2,184.00,159.00,-25.00,-13.59,2,HOCK CHIONG LUNG
ELE-PEN-8260/3,SET,8260/3 Pendant Lamp (E27X3),Lighting,1,164.00,189.00,25.00,15.24,1,CIMA
DCJZ1202ITD,SET,Cordless Driver Drill Combo Kit /DCJZ1202ITD,Power Tools,2,294.00,269.00,-25.00,-8.50,2,GL BOSUN3
BLO-GWC1820PCF,UNIT,Black+decker Power Boost Blower 18V,Power Tools,1,484.00,459.00,-25.00,-5.17,1,HUACHIAN3
TOO-WRE-KPT-14SHM,UNIT(S),Kawasaki Impact Wrench - Kpt,Power Tools,1,444.00,469.00,25.00,5.63,1,SONIC3
BOX-ICE-60LTR,PCS,Insulated Ice Box (ks) 60LTR,Housewares,4,294.00,319.00,25.00,8.50,4,SINHENHUA
DC-DCQF32DM-02V,SET,Cordless Brushless Blower 20V (4.0AH X1/4A),Power Tools,1,354.00,379.00,25.00,7.06,1,GL BOSUN3
HOS-6MTR-6396-736,PCS,"High Pressure Hose 13, MTR",Outdoor & Garden,1,264.00,239.00,-25.00,-9.47,1,HUACHIAN ENGINEERING
"DOR-PVC-OAK-72""X30""",PCS,"72""X30 PVC Door""oak""hinges Yes""/bolt""no",Fasteners & Fixings,17,124.00,99.00,-25.00,-20.16,15,ING HING HONG
SHE-CAB-CB782-BL,PCS,Cab Double Shelf (matt Blk) -CB782-BL,Housewares,4,154.00,179.00,25.00,16.23,4,SYNTALUN
SIN-STA-RAC-110037,SET,Heavy Duty S/s Flexible Basin Stand,Bathroom,2,264.00,239.00,-25.00,-9.47,2,HSIN NGIE
GAS-RACK-WMGR01,UNIT,Gas Rack -copper,Housewares,2,254.00,279.00,25.00,9.84,2,PROSPEROUS
X-FAN-CEI-COSA-998,UNIT,Alpha Cosa 998 Ceiling Fan - Pwt,Fans & Ventilation,2,254.00,279.00,25.00,9.84,2,
ELE-CEI-LIG-1842/1,SET,1842/1 L/ceiling Lamp,Lighting,2,244.00,269.00,25.00,10.25,2,
ELE-CAB-WIR-ML-2.5MM-RED,ROLL,ML PVC Cable Red 2.5MM2,Electrical,9,154.00,129.00,-25.00,-16.23,9,MODERNVEST
HOS-REL-EAG-EG2030#,PCS,Eagle Hose Reel 20M Hose (EG2030 ),Fishing & Tackle,2,204.00,179.00,-25.00,-12.25,2,HSIN NGIE
LAD-ALU-WORKER-SS07,UNIT,Worker SS07 S/side Alum. Ladder (LDS07-MF),Ladders & Access,2,194.00,219.00,25.00,12.89,2,MAJOR HARVEST3
TAP-CAB-CB2541SS,PCS,Cab Pillar Mounted Flex Head+spout Kitchen Tap Body (DIAMETER32MM),Plumbing,2,174.00,199.00,25.00,14.37,2,SYNTALUN
ELE-D/L-MEG-YTPDGLE5-70W,PCS,Megaman E27 Led-t Bulb,Lighting,7,124.00,99.50,-24.50,-19.76,7,FULL-LITE
"FAS-SCR-TAP-CSK-8#1 1/2""-BOX",BOX,8 X1-1/2 Csk Self Tap Scrw- Flat Head (1000PCS/BOX),Fasteners & Fixings,2,114.00,89.50,-24.50,-21.49,2,KIM KONG3
SWI-T/SOC-70/076-5M4G,PCS,Taicon 4G 70/076 Nut Box,Fasteners & Fixings,4,93.90,69.50,-24.40,-25.99,3,ECO ENTERPRISE3
FAS-SCR-TD650HW-WOOD-400PCS,BOX,12X2 Self Drilling Scrw (400PCS/BOX),Fasteners & Fixings,9,114.00,89.90,-24.10,-21.14,9,REXER
BOS-0601-6A0-0L0,UNIT,Gkf 550 Router,Power Tools,7,374.00,398.00,24.00,6.42,7,CMW ENGINEERING3
TOW-SAN-SWP-BF-7910-G,PCS,Saniware Premier Towel Ring (gold),Bathroom,1,104.00,128.00,24.00,23.08,1,VTC HARDWARE
TAP-SAN-SWP-B-2520,PCS,Saniware Premier Basin Pillar Tap Cold,Bathroom,2,174.00,198.00,24.00,13.79,2,VTC HARDWARE
BAS-SOR-SRTWT6851-GY,PCS,Sorento Basin Cold Tap-golden Ylw,Bathroom,1,304.00,328.00,24.00,7.89,1,SYNTALUN
TAP-SAN-SWP-SS-MX-3302,PCS,Saniware Premier Flexible Hose Kitchen Pillar S/tap,Outdoor & Garden,2,214.00,238.00,24.00,11.21,2,VTC HARDWARE
NIP-SEA-5170-5L,CAN,5L Nippon Acrylic 5170 Wall Sealer,Paint & Sundries,3,229.00,205.00,-24.00,-10.48,3,PAINT MAR.2
BOS-0601-9H2-281,UNIT,Bosch Go 3 Cordless Screwdriver,Power Tools,3,274.00,298.00,24.00,8.76,3,CMW ENGINEERING3
BOS-0601-1C1-0L0,UNIT,Gbm 400 Drill,Power Tools,2,234.00,258.00,24.00,10.26,2,CMW ENGINEERING3
GAS-STO-BGC-848,SET,Butterfly S/s Double Gas Cooker,Home Appliances,4,139.00,115.00,-24.00,-17.27,4,CHAI KA
ELE-CEI-LIGY007/500/96-3CL,PCS,Ceiling Light 3CLR Y-007-500-96W,Lighting,4,134.00,158.00,24.00,17.91,4,TOP GAN
SIN-CAB-CKS806,PCS,Cabana S/s Kitchen Sink 500*450*210MM,Kitchen & Sinks,3,164.00,188.00,24.00,14.63,3,SYNTALUN
TAP-CAB-CB4934-CR,PCS,Cabana Basin Cold Tap CB4934-CR,Bathroom,3,164.00,188.00,24.00,14.63,3,SYNTALUN
PUM-WTR-IPA370IQC,UNIT,I-pump Auto Peripheral Pump 0.5HP,Pumps & Water,3,539.00,515.00,-24.00,-4.45,3,CMW ENGINEERING2
DC-DCKIT36BK,SET,+ (2.0AH X2/3A),Power Tools,2,474.00,498.00,24.00,5.06,2,GL BOSUN3
PEN-T200-GREY,PAIL,Pentens T200 Fleseal GREY-5KG,Housewares,1,129.00,105.00,-24.00,-18.60,1,LIKTHYE HARDWARE3
PEN-T200-WHI,PAIL,Pentens T200 Fleseal WHITE-5KG,Housewares,1,129.00,105.00,-24.00,-18.60,1,LIKTHYE HARDWARE3
ELE-CEI-LIG-8910/500-36PCS,PCS,8910/500 Sq 36PCS Daylight L/ceiling Lamp,Lighting,4,164.00,188.00,24.00,14.63,4,CIMA
SHE-CAB-CB789,UNIT,Cabana Double Glass Shelf,Building Materials,3,204.00,228.00,24.00,11.76,3,HUE HOME
SAF-SHO-NK86-06,PAIR,Neuking NK86 Black 06,Safety & Workwear,2,229.00,205.00,-24.00,-10.48,2,KWONG TECK CHIONG3
SAF-SHO-NK86-09,PAIR,Neuking NK86 Black 09,Safety & Workwear,2,229.00,205.00,-24.00,-10.48,2,KWONG TECK CHIONG3
ELE-PEN-5183/3-E27,PCS,5183/3 Pendant Lamp,Lighting,2,124.00,148.00,24.00,19.35,2,CIMA
SAF-SHO-NK86-07,PAIR,Neuking NK86 Black 07,Safety & Workwear,1,229.00,205.00,-24.00,-10.48,1,KWONG TECK CHIONG3
SAF-SHO-NK86-08,PAIR,Neuking NK86 Black 08,Safety & Workwear,1,229.00,205.00,-24.00,-10.48,1,KWONG TECK CHIONG3
SAF-SHO-NK86-10,PAIR,Neuking NK86 Black 10,Safety & Workwear,1,229.00,205.00,-24.00,-10.48,1,KWONG TECK CHIONG3
INS-IS1216(P),PCS,Pedestal IS1216(P),Other,1,124.00,148.00,24.00,19.35,1,
SWI-SOC-SCH-IP66,PCS,Schneider 13A 3 Pin Combination Switch,Electrical,2,179.00,155.00,-24.00,-13.41,2,ECO ENTERPRISE3
CUT-TILE-AR650,SET,650MM Aracut Tile Cutting Machine,Flooring,1,399.00,375.00,-24.00,-6.02,1,CRYSTAL TRIUMPH S/B
BAT-BL2018-KR,PCS,Battery Pack 2.0AH Lithium Ion 18V,Electrical,3,199.00,175.00,-24.00,-12.06,3,HUACHIAN ENGINEERING
TOPLUS-HIG-GLO-5L-A,CAN,5L Toplus High Gloss A Base,Paint & Sundries,5,109.00,85.90,-23.10,-21.19,5,SMART PAINTS2
X-LEO-SUS304-S/S-L333,PCS,Leon Sus 304 S/steel 2 Way,Power Tools,1,81.90,105.00,23.10,28.21,1,BOON SENG
BOS-2608-643-027,PCS,Circular Sawblade 12 X 100T Wood,Power Tools,1,259.00,282.00,23.00,8.88,1,CMW ENGINEERING
SHO-CAB-CSA401,UNIT,Cabana S/steel Arm 451MM,Bathroom,3,119.00,142.00,23.00,19.33,3,HUE HOME
"FAS-SCR-TAP-CSK-6#2""-BOX",BOX,6 X2 Csk Self Tapping Screw-flat Head (500PCS/BOX),Fasteners & Fixings,2,62.90,39.90,-23.00,-36.57,2,KIM KONG3
WOR-MARK-X-CHA-5502,PCS,Worker Charger - 5502,Power Tools,4,52.90,29.90,-23.00,-43.48,4,MAJOR HARVE
IND-GAL-WIRE-20#-10KG/ROLL,COIL,20 X 10KG Wire,Electrical,7,67.90,45.00,-22.90,-33.73,7,ALIKE HARDWARE
FAS-SCR-TD640HW-WOOD-500PCS/BOX,BOX,12 X 1 1/2 Self Drilling Screw (500PCS/BOX),Fasteners & Fixings,9,119.00,96.50,-22.50,-18.91,9,REXER
ELE-WIR-WIR30Y/BLK,COIL,Wire Puller 30 Meter Yellow/black (heavy Duty),Electrical,1,149.00,126.50,-22.50,-15.10,1,SEBD3
BOS-GLA-3008,UNIT,Dimming Glasses,Power Tools,3,86.90,64.50,-22.40,-25.78,3,CMW ENGINEERING
LAM-DOW-DL-1015-2A,BOX,Down Light,Lighting,9,2.60,25.00,22.40,861.54,9,GOLDEN DAY
X-DOR-LOC-CYL-02103,SET,Br 579 AC Cylindrical Door Lock,Doors & Hardware,1,51.90,29.50,-22.40,-43.16,1,REXER3
FAS-SCR-DS650HW-MET,BOX,12 X 2 Self Drill Scrw (400PCS/BOX),Power Tools,14,109.00,86.90,-22.10,-20.28,11,REXER
TAP-CAB-CB65SS,PCS,Cab S/s 304 Basin Cold Tap,Bathroom,1,32.90,55.00,22.10,67.17,1,SYNTALUN
NIP-TIM-FIN-5L-C,CAN,5L Nippon Timber Finish Clear Base,Building Materials,3,169.00,147.00,-22.00,-13.02,3,PAINT MAR.2
GUIDE BAR-MS230,PCS,18 Stihl Guide BAR,Other,2,194.00,172.00,-22.00,-11.34,2,HOCK CHIONG LUNG
IND-TRU-300KG,UNIT,PVC Platform Hand Truck STP300 300KGS,Building Materials,3,224.00,246.00,22.00,9.82,3,MAJOR HARVEST3
ELE-ELCB-GRW-40A-4P,EA,Grow Elcb 4P 40A/0.3,Electrical,2,114.00,92.00,-22.00,-19.30,2,SEBD3
TOW-SAN-SWP-BF-7911,PCS,Saniware Premier Towel Ring,Bathroom,1,96.90,118.00,21.10,21.78,1,VTC HARDWARE
X-AMFC-3404,PCS,Aimer Lavatory Faucet,Power Tools,7,78.90,100.00,21.10,26.74,7,VERTEX
X-LEO-SUS304-ABL-L103S,PCS,Leon Sus 304 Ablution,Power Tools,1,54.90,76.00,21.10,38.43,1,BOON SENG
TAP-SAN-SWP-B-3023,PCS,Saniware Premier Basin Pillar Cold Tap (rose Gold) SWP-B-3023,Bathroom,2,274.00,295.00,21.00,7.66,2,VTC HARDWARE
TAP-SAN-SWP-B-304-3915,PCS,Saniware Premier Kitchen Wall Sink Tap-blk,Kitchen & Sinks,3,184.00,205.00,21.00,11.41,3,VTC HARDWARE
TOW-SOR-SRT446-RG,PCS,Sorento 60CM SS Towel Shelf Rg+mb,Bathroom,2,164.00,185.00,21.00,12.80,0,SYNTALUN
"FAN-CEI-KDK-K14PH-WA-56""",PCS,56 Kdk DC Ceiling Fan (wood Acacia),Fans & Ventilation,2,519.00,498.00,-21.00,-4.05,2,SK HARDWARE
TAP-CAB-CB5132,UNIT,Cabana Wall-mounted Sink Filter Tap,Kitchen & Sinks,3,239.00,260.00,21.00,8.79,3,HUE HOME
TAP-CAB-CB3804,UNIT,Cabana Pillar-mounted Sink Tap CB3804,Kitchen & Sinks,2,204.00,225.00,21.00,10.29,2,HUE HOME
SUMO-SM-158,UNIT,Sumo High Pressure Washer 150 BAR,Power Tools,1,1469.00,1448.00,-21.00,-1.43,1,CMW ENGINEERING2
ELE-PEN-88010-E27X3,PCS,Pendant Lamp 88010/A,Lighting,2,174.00,195.00,21.00,12.07,2,CIMA
SUMO-SM-1575,UNIT,Sumo Engine Pressure Cleaner 6.5HP,Power Tools,1,1119.00,1098.00,-21.00,-1.88,1,CMW ENGINEERING2
GUIDE BAR-MS170,PCS,14 Stihl Guide BAR,Other,2,124.00,103.00,-21.00,-16.94,2,HOCK CHIONG LUNG
TAP-CAB-CB4905,UNIT,Cabana Basin Cold Tap CB4905,Bathroom,1,194.00,215.00,21.00,10.82,1,HUE HOME
DC-SIM-FF10-100,SET,Angle Grinder / DSM10-100,Power Tools,3,204.00,225.00,21.00,10.29,3,GL BOSUN3
"CHA-SAW-CHAIN-3652-25""",PCS,"25""M Stihl Chain (3652)","Rope, Chain & Netting",1,109.00,88.00,-21.00,-19.27,1,HOCK CHIONG LUNG
"CHA-SAW-CHAIN-381-25""",PCS,"381 25""R Stihl Chain","Rope, Chain & Netting",1,109.00,88.00,-21.00,-19.27,1,HOCK CHIONG LUNG
GAS-STO-BTG-2M,PCS,Butterfly Double Table Glass Gas Cooker (green Edges),Building Materials,4,259.00,280.00,21.00,8.11,4,LEA HIN 3%
DC-S1B-FF03-110X100,SET,Orbital Sander,Power Tools,2,144.00,165.00,21.00,14.58,2,GL BOSUN3
SCA-TCS-150-JCS67Z-150KG,PCS,Camry-price Computing Scale TCS-150-JCS67Z/150KG,Housewares,1,539.00,518.00,-21.00,-3.90,1,ZHONG YUAN3
SAF-SHO-NK85-7,PAIR,Neuking NK85 Black 07,Safety & Workwear,2,249.00,228.00,-21.00,-8.43,2,KWONG TECK CHIONG3
SAF-SHO-NK85-6,PAIR,Neuking NK85 Black 06,Safety & Workwear,1,249.00,228.00,-21.00,-8.43,1,KWONG TECK CHIONG3
SAF-SHO-NK85-9,PAIR,Neuking NK85 Black 09,Safety & Workwear,1,249.00,228.00,-21.00,-8.43,1,KWONG TECK CHIONG3
DOR-WOO-FRA-2X4,SET,Door Frame 2 X 4 X 34 X 84,Doors & Hardware,3,179.00,158.00,-21.00,-11.73,3,NAGA DOOR
GUN-TRA-F32,PCS,Air Tracker - F32,Fasteners & Fixings,2,144.00,165.00,21.00,14.58,2,BOON SENG
RIC-COO-PSN-SR-E28A-LL,PCS,2.8L Conventional R/c (lily White),Other,3,289.00,268.00,-21.00,-7.27,3,KIONG HUO
ELE-CAB-WIR-ML-1.5MM2-RED,ROLL,ML PVC Cable Red 1.5MM2,Electrical,11,99.90,79.00,-20.90,-20.92,11,MODERNVEST
VER-MAR-3M-HRZTL,PAIR,3M Vehicle Marking Hrztl Vert,Other,3,99.90,79.00,-20.90,-20.92,3,SUNWAY WINSTAR
"FAS-SCR-F/H-1 1/4"" X 8# BOX",BOX,Sr F/h Self Drilling Screw 1 1/4 X 8 (1000PCS/BOX),Fasteners & Fixings,2,94.90,74.50,-20.40,-21.50,2,SYARIKAT HUA KIONG3
FAS-SCR-DS645HW-MET,BOX,12 X 1.3/4 Self Drilling Screw (400PCS/BOX),Fasteners & Fixings,6,99.90,79.50,-20.40,-20.42,6,REXER
SHH-ROD-AGS502,PCS,"Hytac Avengers Rod (5'0"")",Fishing & Tackle,2,61.90,41.50,-20.40,-32.96,2,SINHENHUA
CUT-PIP-STA-42MM,PCS,PVC Pipe Cutter (up To 42MM),Plumbing,2,96.90,76.50,-20.40,-21.05,2,YUNG KONG
X-AMFC-3402,PCS,Aimer Pillar Sink Tap,Kitchen & Sinks,2,78.90,99.00,20.10,25.48,2,VERTEX
TOPLUS-GOLD-5L-C,CAN,5L Toplus Gold C Base,Paint & Sundries,4,89.90,110.00,20.10,22.36,4,SMART PAINTS2
SWI-OMR-H3G8C,PCS,Omron H3G-8C 60S,Electrical,2,3.50,23.58,20.08,573.71,2,GOLDEN DAY
JOV-WAT-HEA-SB11IP-WHI,PCS,Joven (white) Instant Water Heater SB11IP,Home Appliances,5,599.00,579.00,-20.00,-3.34,5,
STA-ROT-HAM-SHR243KA,UNIT,Stanley Rotary Hammer 24MM,Power Tools,2,419.00,439.00,20.00,4.77,2,HUACHIAN3
LOC-YALE-Y120B-50-KA5,SET,Yale (key Alike) Boron Shackle Padlock Y120B-50-KA5,Lifting & Rigging,3,399.00,419.00,20.00,5.01,3,ADDWORTH3%
SHO-SOR-SRTSS8730,PCS,Sorento Sliding BAR Shower Set - SRTSS8730,Bathroom,4,179.00,199.00,20.00,11.17,4,SYNTALUN
BOS-0601-9G8-0L4,UNIT,Gsr 121B Batt. Screwdriver (1 Batt.),Hand Tools,13,309.00,329.00,20.00,6.47,13,CMW ENGINEERING3
FAN-FLO-KHI-FF1803B,SET,Floor Fan 18,Fans & Ventilation,1,269.00,249.00,-20.00,-7.43,1,KHIND-MISTRAL
BAS-SOR-SRTWT7202,PCS,Sorento Basin Cold Tap SRTWT7202,Bathroom,2,179.00,199.00,20.00,11.17,2,SYNTALUN
COC-BAS-SRTWT5841-RG,PCS,Sorento Basin Cold Tap - SRTWT5841-RG,Bathroom,2,179.00,199.00,20.00,11.17,2,SYNTALUN
SHO-SOR-SRTSH2628-GMB,PCS,"Sorento Rain Shower Head: Gun (10"")",Bathroom,2,159.00,179.00,20.00,12.58,1,SYNTALUN
BAS-SOR-SRTWT6802,PCS,Sorento Basin Mixer-chr,Bathroom,1,259.00,279.00,20.00,7.72,1,SYNTALUN
STA-DRI-SDH600KP,UNIT,Stanley 600W 13MM Impact Drill + Acc Set,Power Tools,3,279.00,299.00,20.00,7.17,3,HUACHIAN3
TAP-SAN-SWP-SS-304-3941-MB,PCS,Saniware Premier Kitchen Wall Sink Tap (matt Blk),Kitchen & Sinks,1,179.00,199.00,20.00,11.17,1,VTC HARDWARE
TAP-SAN-SWP-SS-304-3943,PCS,Saniware Premier Flexible Kitchen Pillar Sink Tap,Kitchen & Sinks,1,179.00,199.00,20.00,11.17,1,VTC HARDWARE
TOW-SOR-SRT9540-FRG,PCS,Sorento Single Towel BAR S/s Rose Gold,Bathroom,1,179.00,199.00,20.00,11.17,1,SYNTALUN
STA-BLO-STPT600,UNIT,Stanley Blower,Power Tools,3,219.00,199.00,-20.00,-9.13,3,HUACHIAN3
SHO-SAN-SWP-HS-514,PCS,Saniware Premier Sq Hand Shower W Holder & Flex. Hose,Bathroom,1,99.00,119.00,20.00,20.20,1,VTC HARDWARE
FAN-CEI-DEKA-CF5DCL56MB12,UNIT,Deka Ceiling Fan F5 Dcl~pro Matt Blk 56,Fans & Ventilation,8,219.00,239.00,20.00,9.13,8,DEKA
FAN-PSN-F-M14C5VBPH,PCS,Panasonic Bayu 4 Black,Fans & Ventilation,4,439.00,459.00,20.00,4.56,4,KIONG HUO
BOS-2608-643-035,PCS,Circular Sawblade 14 X 100T Wood,Power Tools,1,279.00,299.00,20.00,7.17,1,CMW ENGINEERING
FAN-CEI-PSN-F-M15A0VBWH,PCS,Panasonic 60 Basic C Fan,Fans & Ventilation,6,219.00,199.00,-20.00,-9.13,6,KIONG HUO
FAN-CEI-DEKA-CCML34MG12,UNIT,Deka Ceiling Fan Concept Mini~l~ Magnesium,Fans & Ventilation,3,319.00,339.00,20.00,6.27,3,DEKA
SIN-STA-RAC-SSS,PCS,S/steel Sink Stand,Kitchen & Sinks,10,189.00,209.00,20.00,10.58,10,SYN JING LEE
RIC-COO-PSN-SR-E10A-S,PCS,Panasonic 1.0L Rice Cooker,Home Appliances,1,139.00,159.00,20.00,14.39,1,KIONG HUO
SIN-CAV-CA842A,PCS,Cavallo SS Sink,Kitchen & Sinks,11,109.00,129.00,20.00,18.35,11,SYN JING LEE
ALP-WAT-HEA-CX9-EP-MOC,UNIT,Alpha Instant Water Heater Rainshower-dk Mocha,Home Appliances,1,789.00,769.00,-20.00,-2.53,1,ALPHA2%
"FAN-VEN-KDK-20WUD-8""",PCS,8 Kdk Glass Mount Ventilator Fan,Fans & Ventilation,3,259.00,239.00,-20.00,-7.72,3,SK HARDWARE
GRA-SOR-SRT6643-GM,PCS,Sorento Anti Odour Floor Trap,Plumbing,1,119.00,139.00,20.00,16.81,1,SYNTALUN
ALP-WAT-HEA-X5E,UNIT,Alpha Instant Water Heater X5-E,Home Appliances,2,309.00,329.00,20.00,6.47,2,ALPHA3%
TAP-CAB-CB5189,UNIT,Cabana Pillar-mounted Sink Tap CB5189,Kitchen & Sinks,3,209.00,229.00,20.00,9.57,3,HUE HOME
FAN-CEI-SIB-SA42,SET,Siberiair Ceiling Fan Black - SA42,Fans & Ventilation,3,199.00,219.00,20.00,10.05,3,CIMA
ELE-CEI-LIG-3004/96W 3CLR,PCS,Ceiling Light 3CLR 3004-96W,Lighting,4,129.00,149.00,20.00,15.50,4,TOP GAN
OVEN-DEKKA-OV19N,PCS,Dekka Electric Oven OD-19N,Home Appliances,3,139.00,159.00,20.00,14.39,3,HAN LIN
"TOO-VIC-GLO-8""",PCS,Glotool Bench Vice 8,Hand Tools,1,379.00,399.00,20.00,5.28,1,SONIC3
MIR-CAB-CBM1031,UNIT,Cabana Mirror - 500X700 CBM1031,Bathroom,2,129.00,149.00,20.00,15.50,2,HUE HOME
X-STA-HAM-BEH550,UNIT,Black+decker Keyless Vsr Ham Drill,Power Tools,4,219.00,239.00,20.00,9.13,4,HUACHIAN3
TAP-CAB-CB4908,UNIT,Cabana Basin Cold Tap CB4908,Bathroom,1,219.00,239.00,20.00,9.13,1,HUE HOME
"TOO-VIC-GLO-6""",PCS,Glotool Bench Vice 6,Hand Tools,1,219.00,239.00,20.00,9.13,1,SONIC3
DC-Z1J-FF02-13,SET,Electric Impact Drill / DZJ02-13,Power Tools,3,159.00,179.00,20.00,12.58,2,GL BOSUN3
MIR-CAB-CBM1030,UNIT,Cabana Mirror (black),Bathroom,1,129.00,149.00,20.00,15.50,1,HUE HOME
MIR-CAB-CBM105-BL,PCS,Cabana Mirror CBM105-BL,Bathroom,1,129.00,149.00,20.00,15.50,1,SYNTALUN
JQB-SUNWAVE-110W,UNIT,Jqb Foldable Solar Panel 110W,Power Tools,1,679.00,699.00,20.00,2.95,1,
COC-BAS-SSS-L233,PCS,Leon Sus 304 S/steel Basin TAP-L233,Bathroom,1,99.00,119.00,20.00,20.20,1,BOON SENG
SIN-TAP-TWINS-LUX-LT8550B,PCS,Luxtec Twins Spout Pillar Sink Tap,Kitchen & Sinks,1,99.00,119.00,20.00,20.20,1,VERTEX
SCA-CAM-SP100KG-3100010,PCS,Camry-spring Scale,Housewares,3,299.00,279.00,-20.00,-6.69,3,ZHONG YUAN3
JAC-FLO-ESKO-3TON-EK-J3075L,UNIT,Esko 3 Ton Low Profile Hyd Floor Jack (d. Pump),Lifting & Rigging,1,659.00,679.00,20.00,3.03,1,CHUNG YANG3
LAD-ALU-WORKER-SS06,UNIT,Worker SS06 S/side Alum. Ladder (LDS06-MF),Ladders & Access,2,169.00,189.00,20.00,11.83,2,MAJOR HARVEST3
KGR-FLO-COA-9282,TIN,Kangaroo Floor Coat 9282 - French Grey,Paint & Sundries,7,179.00,199.00,20.00,11.17,4,KANGAROO PAINT
PUM-WTR-ADELINO-ACM75,UNIT,Adelino Centrifugal Pump Acm 75,Pumps & Water,2,559.00,539.00,-20.00,-3.58,2,CMW ENGINEERING2
HOL-BOT-MA034-A,SET,Bott H/duty Cycle Hole Cu,Other,1,279.00,299.00,20.00,7.17,1,CRYSTAL TRIUMPH S/B
"FAN-STA-SINO-18""",SET,Sino 18 (ssfc) Stand Fan,Fans & Ventilation,1,269.00,249.00,-20.00,-7.43,1,ECO ENTERPRISE3
PYE-SLA-SEAL-5.0LTR,TIN,PYE Slate Seal 5.0LTR,Building Materials,1,169.00,149.00,-20.00,-11.83,1,BENTON3
KGR-FLO-COA-9283,TIN,Kangaroo Floor Coat 9283 - Tropical Green,Paint & Sundries,3,179.00,199.00,20.00,11.17,1,KANGAROO PAINT
IND-TRU-PVC-150P,PCS,150P PVC Flat-bed Trailer,Building Materials,1,139.00,159.00,20.00,14.39,1,ING PING3
BAT-ENE-REC-AA-UNIV,PCK,En Rec Batt 2AA Univ,Electrical,4,69.90,49.90,-20.00,-28.61,4,HUA BAN
ELE-PEN-DX-9001/1,PCS,Pendant Light DX-9001/1,Electrical,2,139.00,159.00,20.00,14.39,2,
IND-CAN-BLU,UNIT,Canopy 3 MTR X 3 MTR,Building Materials,5,159.00,179.00,20.00,12.58,4,SONIC
ELE-PEN-DX-9260/3,PCS,Pendant Light DX-9260/3,Electrical,1,169.00,189.00,20.00,11.83,1,
HOI-LEV-TOH-3.0,PCS,Toyo Lever Hoist 3.0 Ton,Lifting & Rigging,1,619.00,599.00,-20.00,-3.23,1,SONIC3
SHH-LEAD-CHAIN-0.25 3/4 7',PCS,0.30 3/4 7 N. M. C. N (lead Chain) (shl),"Rope, Chain & Netting",1,289.00,269.00,-20.00,-6.92,1,SINHENHUA
TAP-SKC-M10X1.25,SET,Skc Hand Tap M10 X 1.25,Plumbing,1,51.90,31.90,-20.00,-38.54,1,SONIC3
FIT-UPVC-TEE-160MM,PCS,U-pvc Tee 160MM 6,Plumbing,3,79.90,59.90,-20.00,-25.03,3,HUA BAN
"FAS-SCR-TAP-CSK-8#2 1/2""-BOX",BOX,"8 X2-1/2""CSK Self Tapping Screw-flat Head (500PCS/BOX)",Fasteners & Fixings,2,87.90,68.00,-19.90,-22.64,2,KIM KONG3
ELE-DOR-SCH,PCS,Schneider Mechanical Ding Dong Door Chim,Doors & Hardware,1,83.90,64.00,-19.90,-23.72,1,SEBD3
ELE-WIR-WIR15Y/BLK,COIL,Wire Puller 15 Meter Yellow/black (heavy Duty),Electrical,1,94.90,75.00,-19.90,-20.97,1,SEBD3
ELE-CAR-BEA-4002-24V40/60W,PCS,12V Seal Beam 4651,Electrical,8,2.30,22.00,19.70,856.52,8,GOLDEN DAY
BNW-B&N-RBN-250-BOX,BOX,Sr G. I Boit & Nut 1/4 X 5 (box),Fasteners & Fixings,2,88.90,69.50,-19.40,-21.82,2,SYARIKAT HUA KIONG3
SWI-KAT-BRE-KT325,PCS,Katko Load Break Isolating Switch KT325,Electrical,1,42.90,23.58,-19.32,-45.03,1,GOLDEN DAY
GRA-SAN-SWFG-SS304-6605-RG,PCS,Saniware Floor Grating (150X150MM)-ROSE Gold SWFG-SS304-6605-RG SUS304,Bathroom,1,96.90,116.00,19.10,19.71,1,VTC HARDWARE
SIN-SKS-4440,PCS,Sp S600 Single Bowl Kitchen Sink,Kitchen & Sinks,9,89.90,109.00,19.10,21.25,9,VTC HARDWARE
X-AMBA-155,PCS,Aimer Recessed Paper Holder (155WX165HX70D),Power Tools,1,69.90,89.00,19.10,27.32,1,VERTEX
SIN-TAP-PIL-QXY-PT-7250,PCS,QXY-PT-7250-3L: Pillar Sink Tap W/flex. Pipe,Plumbing,2,69.90,89.00,19.10,27.32,2,HSIN NGIE
TAP-SKC-M22X2.50,SET,Skc Hand Tap M22 X 2.50,Plumbing,1,119.00,99.90,-19.10,-16.05,1,SONIC3
JOV-WAT-HEA-SL30IP-BLK-RS,PCS,Joven (black) Instant Water Heater SL30IP-RS,Home Appliances,6,719.00,700.00,-19.00,-2.64,11,
FAN-CEI-DEKA-CF5DCL46MB12,UNIT,Deka Ceiling Fan F5 DC~46L Pro Matt Blk,Fans & Ventilation,3,219.00,238.00,19.00,8.68,3,DEKA
GAS-STO-KHI-GC7125,SET,Khind Gas Cooker (stainless Steel),Home Appliances,3,244.00,225.00,-19.00,-7.79,3,KHIND-MISTRAL
FAN-TAB-KHI-TF1210SE-LAV,SET,Khind - 12 Table Fan (sweet Lavender),Fans & Ventilation,4,124.00,105.00,-19.00,-15.32,4,KHIND-MISTRAL
COC-BAS-SRTWT2207,PCS,Sorento Basin Cold Tap - SRTWT2207,Bathroom,3,129.00,148.00,19.00,14.73,3,SYNTALUN
TAP-SAN-SWP-B-3203-GM,PCS,Saniware Premier Basin Pillar Cold Tap (gun Metal),Bathroom,2,139.00,158.00,19.00,13.67,2,VTC HARDWARE
NIP-VIN-EAS-5L-P,CAN,5L Nippon Vinilex Easywash Pastel Base,Paint & Sundries,11,209.00,190.00,-19.00,-9.09,11,PAINT MAR.2
GRA-SAN-SWFG-SS304-6605-GM,PCS,Saniware Floor Grating (150X150MM)-GUN Metal,Bathroom,2,99.00,118.00,19.00,19.19,2,VTC HARDWARE
TAP-SAN-SWP-SS-304-3942,PCS,Saniware Premier Flexible Kitchen Wall Sink Tap,Kitchen & Sinks,1,179.00,198.00,19.00,10.61,1,VTC HARDWARE
VAC-KHI-VC8020MS,SET,Khind - Canister Vacuum Cleaner (sapphire Blue),Chemicals & Adhesives,2,339.00,358.00,19.00,5.60,2,KHIND-MISTRAL
BOS-RK32,UNIT,Robin Brush Cutter (t-type) -RK32,Outdoor & Garden,1,629.00,648.00,19.00,3.02,1,CMW ENGINEERING
ELE-CAB-FLE-C70763CW-ROLL,ROLL,Taicon 70/076 X Flexible Tube,Electrical,5,284.00,265.00,-19.00,-6.69,5,ECO ENTERP
TAP-SAN-SFC-6003950-BK,PCS,S600 Flexible Hose Kitchen Pillar Sink Tap (black),Kitchen & Sinks,3,139.00,158.00,19.00,13.67,3,VTC HARDWARE
MIX-DEK-MX907B,PCS,Dekka KF-907B Mixer,Bathroom,7,124.00,105.00,-19.00,-15.32,7,HAN LIN
WEL-ELE-KOB-LB52-3.2MM,PCK,Kobelco Welding Electrode LB52 X 3.2MM,Welding,5,89.90,70.90,-19.00,-21.13,2,SONIC
MIR-CBMC66413-BL,PCS,Cabana Mirror Cabinet (alum.) CBMC66413-BL,Bathroom,1,179.00,198.00,19.00,10.61,1,SYNTALUN
LET-BOX-S/S-FX-918,UNIT,S/steel Letter Box (FX-918),Doors & Hardware,2,219.00,238.00,19.00,8.68,2,AUDIS HARDWARE
DC-Q1F-FF-32,SET,Blower Vacuum,Power Tools,2,169.00,188.00,19.00,11.24,2,GL BOSUN3
SHE-CAB-CB781-BL,PCS,Cab Double Corner Shelf (matt Blk) -CB781-BL,Housewares,5,149.00,168.00,19.00,12.75,5,SYNTALUN
MF-PO-30-SOL-FAN,PCS,Solar Fan MF-PO-30,Other,3,244.00,225.00,-19.00,-7.79,3,TOP GAN
HOS-REL-EAG-3050/DL,PCS,Eagle Hose Reel Trolley (3050/DL),Fishing & Tackle,2,124.00,105.00,-19.00,-15.32,2,HSIN NGIE
TAP-PIL-OTO-966-8,PCS,966-8 OTOSANI'304 S/s H/duty Hot&cold Pillar Tap,Plumbing,3,129.00,148.00,19.00,14.73,3,CHUAN HONG
ENR-METAL-EMER-32,PCK,Enr Metal Emergency Beacon Light,Other,2,97.90,79.00,-18.90,-19.31,2,HUA BAN
"NIE-BAR-EXT-3/4""-250MM",PCS,Nietz Impact Extension BAR 50168010 250MM,Power Tools,1,129.00,110.50,-18.50,-14.34,1,SUNWAY WINSTAR
ELE-CAB-WIR-MKK-2.5MM-RED,ROLL,MKK Cable 2.5MM (7/0.49MM) Red,Electrical,53,97.90,79.50,-18.40,-18.79,53,MAJOR HARVE
ELE-CAB-WIR-MKK-2.5MM-BLACK,ROLL,MKK Cable 2.5MM (7/0.49MM) Black,Electrical,51,97.90,79.50,-18.40,-18.79,51,MAJOR HARVE
SWI-BUT-HOI-15A-250V,PCS,Hoist Push Button Switch 15A 250V,Lifting & Rigging,30,9.90,28.30,18.40,185.86,30,GOLDEN DAY
TAP-SKC-M24X3.00,SET,Skc Hand Tap M24 X 3.00,Plumbing,1,134.00,115.70,-18.30,-13.66,1,SONIC3
TAP-SKC-M22X2.00,SET,Skc Hand Tap M22 X 2.00,Plumbing,1,114.00,95.70,-18.30,-16.05,1,SONIC3
TAP-SKC-M20X2.00,SET,Skc Hand Tap M20 X 2.00,Plumbing,1,104.00,85.70,-18.30,-17.60,1,SONIC3
GRA-SAN-SWFG-SS304-6605-G,PCS,Saniware Floor Grating (150X150MM)-GOLD SWFG-SS304-6605-G SUS304,Bathroom,2,96.90,115.00,18.10,18.68,2,VTC HARDWARE
GAS-STO-KHI-GS1516,SET,Khind - Infrared Gas Cooker (stainless Steel),Home Appliances,4,154.00,172.00,18.00,11.69,3,KHIND-MISTRAL
X-DOR-LOC-C77EN4,UNIT,Yale Size 4 Fire Rated Door Closer (hd),Doors & Hardware,1,164.00,182.00,18.00,10.98,1,ADDWORTH3%
TAP-CAB-CB9112,UNIT,Cabana Wall-mounted Sink Tap (double),Kitchen & Sinks,1,194.00,212.00,18.00,9.28,1,HUE HOME
CUT-SICKLE-JM22B,PCS,Sickle Harvesting Palm Black 30,Outdoor & Garden,2,82.90,64.90,-18.00,-21.71,2,KIONG JOUNG3
"FAS-SCR-TAP-CSK-8#2""-BOX",BOX,8 X2 Csk Self Tapping Screw-flat Head (500PCS/BOX),Fasteners & Fixings,2,73.90,55.90,-18.00,-24.36,2,KIM KONG3
BNW-B&N-RBN-225-BOX,BOX,Sr G. I Boit & Nut 1/4 X 2 1/2 (box),Fasteners & Fixings,1,57.90,39.90,-18.00,-31.09,1,SYARIKAT HUA KIONG3
IND-CEM-KEM-GREY-20KG,BAG,Kemgrip Adhesive Cement Grey 20KG,Chemicals & Adhesives,1,48.90,30.90,-18.00,-36.81,1,BRAVO-LINE
NIP-QGL-5L-D,CAN,5L Nippon Q-glo Deep Base,Paint & Sundries,4,164.00,146.10,-17.90,-10.91,4,PAINT MAR.2
ELE-CAB-WIR-ML-1.5MM2-BLK,ROLL,"ML PVC Cable, Black",Electrical,9,96.90,79.00,-17.90,-18.47,9,MODERNVEST
BOS-1/4-12,PCS,Sumo Router Bit 1/4 Shark (each),Power Tool Accessories,12,10.10,28.00,17.90,177.23,12,CMW ENGINEERING
COC-BAS-CVL-2056,PCS,Cavallo Basin Tap,Bathroom,9,56.90,39.50,-17.40,-30.58,9,SYN JING LEE
WEL-ELE-KOB-LB52-2.6MM,PCK,Kobelco Welding Electrode LB52 X 2.6MM,Welding,2,94.90,77.50,-17.40,-18.34,2,SONIC
WEL-ELE-MIG-0.8MM,ROLL,Power MIG 0.8MM 5KGS CO2 MIG Wire,Electrical,2,76.90,59.50,-17.40,-22.63,2,CMW ENGINEERING
BAT-ENE-REC-2AAA,PACK,En Rec Batt 2AAA Univ,Electrical,2,64.90,47.50,-17.40,-26.81,2,HUA BAN
DOR-LOC-MOR-KINGKU,PCS,Kingku 45MM X 85MM SS Mortise Lock Case,Locks & Security,2,86.90,69.50,-17.40,-20.02,2,ENG HUAT TRADING
NIP-SAT-GLO-18L-P,DRUM,18L Nippon Satin Glo Pastel Base,Paint & Sundries,3,579.00,561.70,-17.30,-2.99,3,PAINT MAR.2
GRA-SAN-SWFG-SS304-6605,PCS,Saniware Floor Grating (150X150MM) SWFG-SS-304-6605 SUS304,Bathroom,2,81.90,99.00,17.10,20.88,2,VTC HARDWARE
SHO-HAN-SWP-HS-513,SET,Hand Shower With Flexible Hose,Bathroom,6,87.90,105.00,17.10,19.45,6,VTC HARDWARE
PRO-COAT-Z388-WHI,TIN,Procoat Z388 White 4KG,Paint & Sundries,3,114.00,97.00,-17.00,-14.91,3,WHA WEE
ELE-CEI-LIG-616/120W-3CLR,PCS,Ceiling Light 616-120 3CLR,Lighting,4,119.00,136.00,17.00,14.29,4,TOP GAN
CUT-SICKLE-JM22W,PCS,Sickle Harvesting Palm WHITE30,Outdoor & Garden,4,86.90,69.90,-17.00,-19.56,4,KIONG JOUNG3
PIP-HDPE-25MM-N-SIRIM,COIL,HDPE Pipe 25MM (non-sirim),Plumbing,8,149.00,132.00,-17.00,-11.41,8,HUA BAN
TOPLUS-WEA-PLUS-5L-A,CAN,5L Toplus Weather Plus A Base,Paint & Sundries,12,124.00,141.00,17.00,13.71,12,SMART PAINTS2
CUT-CHI-JM-30-4,PCS,Jayamata Harvesting Palm Oil Chisel 4,Hand Tools,5,59.90,42.90,-17.00,-28.38,4,KIONG JOUNG3
"CUT-KNI-JYMT-JM90-16""",PCS,JM90-16 J/mata Atap Knife,Abrasives & Cutting,3,54.90,37.90,-17.00,-30.97,3,KIONG JOUNG3
"FAS-SCR-TAP-CSK-8#1/2""-BOX",BOX,8 X1/2 Tapping Screw-flat Head (1000PCS/BOX),Fasteners & Fixings,2,59.90,42.90,-17.00,-28.38,2,KIM KONG3
BOA-GYP-9MMX4'X8',PCS,4 X 8 X 9MM Boral Gypsum Board,Building Materials,34,48.90,32.00,-16.90,-34.56,34,S.A.L. PLASTER
TOPLUS-WEA-PLUS-5L-C,CAN,5L Toplus Weather Plus C Base,Paint & Sundries,5,119.00,135.80,16.80,14.12,5,SMART PAINTS2
FAS-SCR-TD665HW-WOOD,BOX,12X2.1/2 Self Drill Scrw (250PCS/BOX),Power Tools,8,83.90,67.50,-16.40,-19.55,8,REXER
FAS-SCR-TD640HW-WOOD,BOX,12 X 1 1/2 Self Drilling Screw (300PCS/BOX),Fasteners & Fixings,2,77.90,61.50,-16.40,-21.05,2,REXER
CUT-BLA-DT3676,PAIR,"Planer Blades, Dewalt",Power Tools,2,54.90,38.50,-16.40,-29.87,2,HUACHIAN ENGINEERING
TAP-SKC-M20X1.50,SET,Skc Hand Tap M20 X 1.50,Plumbing,1,104.00,87.80,-16.20,-15.58,1,SONIC3
SWI-KAT-BRE-KT316,PCS,Katko Load Break Isolating Switch KT316,Electrical,3,36.90,20.75,-16.15,-43.77,3,GOLDEN DAY
SHO-SAN-SWP-HS-503,PCS,Saniware Premier Hand Shower With Flexible Hose SWP-HS-503,Bathroom,1,68.90,85.00,16.10,23.37,1,VTC HARDWARE
SPR-BID-SWSB-ABS-362-GM,PCS,Saniware ABS Spray Bidet Set Holder &1.2MM Flex. Hose (gun Metal),Bathroom,1,81.90,98.00,16.10,19.66,1,VTC HARDWARE
GRA-CAB-CB6408,PCS,Cabana Floor Trap 15*15CM,Plumbing,3,78.90,95.00,16.10,20.41,3,SYNTALUN
NIP-WTRB-WHI-15004,CAN,18L Nippon Weatherbond Quartz 15004 Ws White,Paint & Sundries,6,479.00,495.00,16.00,3.34,6,PAINT MAR.2
"NIE-SOC-IMP-3/4""-55MM",PCS,Nietz Dr Impact Socket (6PT) 50160055 55MM,Power Tools,1,124.00,108.00,-16.00,-12.90,1,SUNWAY WINSTAR
"NIE-SOC-IMP-1/2""-30MM",PCS,Nietz Dr Impact Socket (6PT) 50140030 30MM,Power Tools,2,45.90,29.90,-16.00,-34.86,2,SUNWAY WINSTAR
IND-CEM-GREY-20KG,BAG,Topfit Adhesive Cement Grey,Chemicals & Adhesives,33,47.90,31.90,-16.00,-33.40,32,BRAVO-LINE
BID-SOR-SRT61-BL,PCS,Sorento Hand Bidet Angle Valve& 1.2M PVC Flex Hose-blk (brass-adjustable Holder),Plumbing,2,159.00,175.00,16.00,10.06,2,SYNTALUN
BID-SOR-SRT61-CR,PCS,Sorento Hand Bidet Angle VALVE&1.2M Flex Hose,Plumbing,2,119.00,135.00,16.00,13.45,2,SYNTALUN
FAN-STA-KDK-KX405,PCS,Kdk Stand Fan 16,Fans & Ventilation,5,284.00,268.00,-16.00,-5.63,5,DYNAPOWE
"FAN-WALL-KDK-KU408-16""",PCS,Kdk Wall FAN-16 KU408,Fans & Ventilation,3,264.00,248.00,-16.00,-6.06,3,SK HARDWARE
BID-CAB-CB88SS-DIY,PCS,Cabana 2WAY Tap S/s 304 Hand Bidet,Bathroom,6,119.00,135.00,16.00,13.45,6,SYNTALUN
FAN-CEI-KDK-15Y2-S-004,SET,Kdk Ceiling Fan 60 Copper,Fans & Ventilation,1,669.00,685.00,16.00,2.39,1,DYNAPOWE
"FAN-WALL-KDK-KU453-18""",PCS,18 Kdk Wall Fan,Fans & Ventilation,2,334.00,318.00,-16.00,-4.79,2,SK HARDWARE
FAN-TAB-MID-MF-16FT17NB,PCS,Midea 16 Table Fan,Fans & Ventilation,5,124.00,108.00,-16.00,-12.90,5,MIDEA
HOS-GAR-SET-ECO20M1108,SET,Ecogreen- Iron Hose Reel Set / 20M,Fishing & Tackle,4,214.00,198.00,-16.00,-7.48,4,ZHONG YUAN3
BOS-2607-019-116,SET,Hss-g Bit Set 19 Piece,Power Tools,1,169.00,185.00,16.00,9.47,1,CMW ENGINEERING
ELE-CEI-LIG-613/120W-3CLR,PCS,Ceiling Light 3CLR 613-120W,Lighting,4,119.00,135.00,16.00,13.45,4,TOP GAN
TAP-CAB-CB5133,UNIT,Cabana Pillar-mounted Sink Filter Tap,Kitchen & Sinks,1,254.00,270.00,16.00,6.30,1,HUE HOME
FAS-SCR-DS525HW-MET,BOX,10 X 1 Self Drill Screw (500PCS/BOX),Power Tools,6,83.90,67.90,-16.00,-19.07,6,REXER
"TOO-VIC-GLO-4""",PCS,Glotool Bench Vice 4,Hand Tools,1,129.00,145.00,16.00,12.40,1,SONIC3
LETR-PUNC-50731040,SET,Nietz A-z Letter Punches 4MM 50731040,Signage & Numbering,1,124.00,108.00,-16.00,-12.90,1,SUNWAY WINSTAR
GAS-STO-HM-HGB-1690,UNIT,Homa Plus Cast Iron Automatic Stove (31A)-1690,Home Appliances,4,109.00,125.00,16.00,14.68,4,L.F. WHOLESALER
IND-TRU-MET-300KG,UNIT,Platform Hand Truck-metal STP300 300KGS,Building Materials,2,199.00,215.00,16.00,8.04,2,MAJOR HARVEST3
THI-10KG,TIN,Gold Pyramid 10KG Thinner,Paint & Sundries,2,119.00,103.00,-16.00,-13.45,2,ALIKE HARDWARE
IND-TRU-150KG,UNIT,PVC Platform Hand Truck STP150 150KGS,Building Materials,2,194.00,210.00,16.00,8.25,2,MAJOR HARVEST3
ICE-COO-INO-23LTR-THBW/JUMBO-K,PCS,Inova 23LTR. Jumbo K Ice Cooler W/rice Ladle,Other,3,124.00,108.00,-16.00,-12.90,3,L.F. WHOLESALER
FAN-CEI-ALP-FC13,UNIT,Cosa Express 54''/5B LED Ceiling Fan -matt Blk,Fans & Ventilation,1,319.00,335.00,16.00,5.02,1,ALPHA3%
WEL-REG-IW-23CR,PCS,I-weld CO2 Regulator,Welding,2,129.00,113.00,-16.00,-12.40,2,CMW ENGINEERING
DOR-WOO-FRA-ALU,PCS,Door Frame For 1.1/2 X 2 X 72 X 30 Aluminium,Doors & Hardware,2,204.00,188.00,-16.00,-7.84,2,KEE'S ALLUMINIUM
ELE-PEN-CD-87020/3,PCS,Pendant Light CD-87020/3,Electrical,2,139.00,155.00,16.00,11.51,2,
PEN-ECO100-4KG,PAIL,Eco 100 Waterproofing,Housewares,1,89.90,73.90,-16.00,-17.80,1,BOON SENG
VAL-BAL-PVC-ECC2SE,PCS,Ecco PVC Ball VALVE-2 Se,Plumbing,3,54.90,38.90,-16.00,-29.14,3,BOON SENG
SIN-TAP-PIL-QXY-DP-PT-7558,PCS,QXY-DP-PT-7558-1L: Double Pipe Pillar Sink Tap -single Flexible,Plumbing,1,109.00,125.00,16.00,14.68,1,HSIN NGIE
FAS-SCR-TD650HW-WOOD,BOX,12X2 Self Drilling Screw (250PCS/BOX),Fasteners & Fixings,1,72.90,56.90,-16.00,-21.95,1,REXER
LAS-DIS-N60,SET,60M Sensui Laser Distance Digital Measuare (red Line),Other,1,139.00,155.00,16.00,11.51,1,CRYSTAL TRIUMPH S/B
SAF-BOX-ADS-20,UNIT,"Aero Digital Safety Box 200 X 310 X 200MM, 4.5KG",Safety & Workwear,1,139.00,155.00,16.00,11.51,1,CHIN LAI
ROO-SHE-POL-1MMX8',PCS,Polycarbonate 1MM X8,Building Materials,1,134.00,118.00,-16.00,-11.94,1,JCH
HAN-CLE-3.78L-58550369,CAN,Nietz Industrial Hand Cleaner,Chemicals & Adhesives,3,84.90,69.00,-15.90,-18.73,3,SUNWAY WINSTAR
"CHA-SAW-CHAIN-3610-18""",PCS,18 Stihl Chain,"Rope, Chain & Netting",6,84.90,69.00,-15.90,-18.73,6,HOCK CHIONG LUNG
REF-DELINEATOR-50M,SET,Picasaf PVC Delineator Reflective-red,Other,2,94.90,79.00,-15.90,-16.75,2,SUNWAY WINSTAR
PUM-ORI-44GAL,PCS,Oriental Hand Rotary Pump,Pumps & Water,4,99.90,84.00,-15.90,-15.92,4,SONIC3
"PIP-UPVC-4514-4""",MTR,4 (110MM) 4514 X 6M Upvc Pipe,Plumbing,7,8.90,24.50,15.60,175.28,7.3,HUA BAN
ELE-CAB-WIR-MKK-2.5MM-YEL,ROLL,MKK Cable 2.5MM (7/0.49MM) Yellow,Electrical,26,94.90,79.50,-15.40,-16.23,26,MAJOR HARVE
NIP-EAS-6117-7L,CAN,7L Easycoat Emulsion 6127 Precious Pink,Paint & Sundries,2,74.90,59.50,-15.40,-20.56,2,PAINT MAR.
NIP-EAS-6166-7L,CAN,7L Easycoat Emulsion 6166 Moody Blue,Paint & Sundries,2,74.90,59.50,-15.40,-20.56,0,PAINT MAR.
NIP-EAS-6015-7L,CAN,7L Easycoat Emulsion 6015 Purple Angle,Paint & Sundries,1,74.90,59.50,-15.40,-20.56,1,PAINT MAR.
"CUT-SAW-STA-FIB-20""",PCS,Plastic Handle Handsaw-crosscut (20 X 7T/8PT),Doors & Hardware,6,54.90,39.50,-15.40,-28.05,6,YUNG KONG
"FAS-SCR-F/H-1"" X 8# BOX",BOX,Sr F/h Self Drilling Screw 1 X 8 (1000PCS/BOX),Fasteners & Fixings,4,73.90,58.50,-15.40,-20.84,4,SYARIKAT HUA KIONG3
GAR-CUT-LIN-YEL-TL01,ROLL,TL01 Sq Trimmer Line (3LBS),Outdoor & Garden,1,94.90,79.50,-15.40,-16.23,1,SYN JING LEE
CUT-KNI-HOL-JM-81,PCS,Jayamata Knives Black Finish,Abrasives & Cutting,3,54.90,39.50,-15.40,-28.05,3,KIONG JOUNG3
TIM-BUI-NNE-TS-181,PCS,NNE Time Switch,Electrical,4,94.90,79.50,-15.40,-16.23,4,YUAN MING
MET-LED-ENE-PLMA22,PCS,Enr New Penlight 2AAA 50L,Other,1,47.90,32.50,-15.40,-32.15,1,HUA BAN
TAP-SKC-M12X1.50,SET,Skc Hand Tap M12 X 1.50,Plumbing,1,53.90,38.50,-15.40,-28.57,1,SONIC3
SWI-IND-CLI-56C313,PCS,Clipsal Industrial Switchgear,Electrical,2,3.50,18.87,15.37,439.14,2,GOLDEN DAY
BAS-SAN-WB-288,PCS,Saniware Wall Hung Basin-above Counter Mounting (410X360X160MM),Bathroom,3,99.90,115.00,15.10,15.12,3,VTC HARDWARE
GRA-SAN-SWFG-SS304-6603-G,PCS,Saniware Floor Grating (150X150MM)-GOLD SWFG-SS304-6603G SUS304,Bathroom,1,69.90,85.00,15.10,21.60,1,VTC HARDWARE
"FAS-SCR-F/H-2"" X 8# BOX",BOX,Sr F/h Self Drilling Screw 2 X 8 (500PCS/BOX),Fasteners & Fixings,3,73.90,58.80,-15.10,-20.43,3,SYARIKAT HUA KIONG3
PUT-CAR-T9,TIN,2.5L T9 Putty Grey,Paint & Sundries,2,74.90,59.80,-15.10,-20.16,2,HUONG SING
CUT-PIP-TUB-STA-3-28MM-998493020,PCS,1/8 (3MM) - 1.1/8 (28MM) Tubing Cutter,Abrasives & Cutting,3,84.90,69.80,-15.10,-17.79,3,YUNG KONG
SHO-SOR-SRTSA860-GM,PCS,Sorento 400MM Shower Arm,Bathroom,4,124.00,139.00,15.00,12.10,4,SYNTALUN
TAP-SAN-SWP-SS-304-3939,PCS,Saniware Premier Double Spout Kitchen Pillar Sink Tap,Kitchen & Sinks,4,234.00,249.00,15.00,6.41,4,VTC HARDWARE
BAS-SOR-SRTWB7132,PCS,Sorento Counter Top Basin,Bathroom,3,294.00,309.00,15.00,5.10,3,SYNTALUN
NIP-MAT-W9102-18L,DRUM,18L Super Matex Bs 9102 White,Paint & Sundries,52,134.00,119.00,-15.00,-11.19,52,PAINT MAR.
NIP-MAT-15245-18L,DRUM,18L Super Matex 15245 Maxtwhite,Paint & Sundries,45,134.00,119.00,-15.00,-11.19,45,PAINT MAR.
ELE-CAB-FLE-7076,ROLL,Yazaki 70/076 3C Flexible Cable White,Electrical,19,314.00,299.00,-15.00,-4.78,19,MODERNVEST
MIX-KHI-SM220,SET,Khind Stand Mixer (white),Bathroom,2,154.00,139.00,-15.00,-9.74,2,KHIND-MISTRAL
TOW-SOR-SRT9540-BL,PCS,Sorento Single Towel BAR S/s,Bathroom,2,154.00,169.00,15.00,9.74,2,SYNTALUN
BAS-SAN-WB-400,PCS,Saniware Art Basin-above Counter Mounting (490X395X150MM),Bathroom,1,284.00,299.00,15.00,5.28,1,VTC HARDWARE
TOW-SOR-SRT345-HP,PCS,Sorento 60CM S/s Towel Shelf,Bathroom,2,134.00,149.00,15.00,11.19,2,SYNTALUN
BOS-0601-388-5L0,UNIT,Gws Angle Grinder 7-100ET,Power Tools,2,404.00,419.00,15.00,3.71,2,CMW ENGINEERING3
BAS-SAN-WB-880,PCS,Saniware Wall Hung/art Basin Above Counter Mounting (395X295X120MM),Bathroom,1,214.00,229.00,15.00,7.01,1,VTC HARDWARE
BOS-SMCSP3,UNIT,Sumo 3 Submersible Pump,Pumps & Water,1,444.00,429.00,-15.00,-3.38,1,CMW ENGINEERING3
X-BLE-KHI-BL1015M,SET,Khind Blender W/micro Switch (milky Orange),Home Appliances,1,119.00,104.00,-15.00,-12.61,1,KHIND-MISTRAL
PRE-STO-KHI-SPC6,SET,Khind Pressure Cooker 6L - SPC6,Other,2,384.00,399.00,15.00,3.91,2,KHIND-MISTRAL
"NIE-SOC-IMP-3/4""-54MM",PCS,Nietz Dr Impact Socket (6PT) 50160054 54MM,Power Tools,2,119.00,104.00,-15.00,-12.61,2,SUNWAY WINSTAR
VAC-KHI-VC8630,SET,Khind - Vacuum Cleaner 2 IN 1 (blue),Chemicals & Adhesives,1,174.00,159.00,-15.00,-8.62,1,KHIND-MISTRAL
NIP-FLO-DRE-5L,CAN,5L Nippon Floor Dressing (gloss),Paint & Sundries,2,134.00,149.00,15.00,11.19,2,PAINT MAR.
TOO-SOC-SET-8-32,SET,Glotool Socket Set,Hand Tools,1,124.00,139.00,15.00,12.10,1,SONIC3
BOS-2608-615-006,PCS,"Standard For Concrete 350MM (14"")",Power Tools,1,484.00,499.00,15.00,3.10,1,CMW ENGINEERING
FAN-STA-DK-26SF,PCS,Daichi Industrial Stand Fan 26 240V,Fans & Ventilation,5,264.00,279.00,15.00,5.68,5,YUAN MING
BOS-0601-2A6-1L0,UNIT,Ghg 18-60 Hot Air Gun,Power Tools,1,384.00,399.00,15.00,3.91,1,CMW ENGINEERING3
BAS-SOR-SRTWT5865-GM,PCS,Sorento Hose Bib Tap-gm,Plumbing,1,154.00,169.00,15.00,9.74,1,SYNTALUN
TAP-CAB-CB4932-BL,PCS,Cabana Basin Cold Tap ( Matt Black),Bathroom,5,184.00,199.00,15.00,8.15,5,SYNTALUN
BAS-SOR-SRTWT5865-GY,PCS,Sorento Hose Bib Tap-golden Ylw,Plumbing,1,144.00,159.00,15.00,10.42,1,SYNTALUN
GAS-STO-BGC-8823,PCS,Butterfly Double Gas Stove BGC-8823,Kitchen & Sinks,3,264.00,279.00,15.00,5.68,3,LEA HIN 3%
"FAN-VEN-KDK-25TGQZ-10""",PCS,Kdk Ventilator FAN-10 25TGQ7,Fans & Ventilation,3,184.00,169.00,-15.00,-8.15,3,SK HARDWARE
GAS-STO-BGC-8826,PCS,Butterfly Double Gas Stove BGC-8826,Kitchen & Sinks,2,274.00,259.00,-15.00,-5.47,2,LEA HIN 3%
TAP-CAB-CB3803,UNIT,Cabana Pillar-mounted Sink Tap CB3803,Kitchen & Sinks,3,174.00,189.00,15.00,8.62,3,HUE HOME
FAN-CEI-ALP-FC38,UNIT,Cosa CX20 5B/56 Ceiling Fan -led Matt Black,Fans & Ventilation,2,244.00,229.00,-15.00,-6.15,2,ALPHA3%
FAN-CEI-ALP-FA113,UNIT,Alpha AF22-BT/56 Ceiling Fan-pwt,Fans & Ventilation,1,394.00,409.00,15.00,3.81,1,ALPHA3%
OVEN-MID-EM825AGS-BK,PCS,Midea Microwave Oven 25L,Home Appliances,1,314.00,329.00,15.00,4.78,1,MIDEA
BOS-2608-600-924,PCS,Diamond Blade 2608-600-924,Abrasives & Cutting,5,59.90,44.90,-15.00,-25.04,5,CMW ENGINEERING
DC-Q1U-FF-160B/DQU160,SET,Electric Mixer With Stirrer,Power Tools,5,224.00,239.00,15.00,6.70,5,GL BOSUN3
ELE-CAB-WIR-ML-2.5MM-BLK,ROLL,ML PVC Cable Black,Electrical,9,144.00,129.00,-15.00,-10.42,9,MODERNVEST
"FAN-WAL-HIPSON-26""",SET,Hipson 26 Industrial Wall Fan (H638),Fans & Ventilation,1,264.00,279.00,15.00,5.68,1,ECO ENTERPRISE3
IND-COA-SKI-WHI,BAG,25KG Scp Skim Top Coat White (OC-2),Building Materials,8,51.90,36.90,-15.00,-28.90,8,ING PING
ELE-LED-FLO-SOR-300W-6500K,PCS,Ilite Solar Spotlite ILS-300W 6500K,Electrical,2,474.00,459.00,-15.00,-3.16,2,TOP GAN
"TOO-VIC-GLO-5""",PCS,Glotool Bench Vice 5,Hand Tools,1,194.00,209.00,15.00,7.73,1,SONIC3
RAK-2 IN 1,SET,2 IN 1 Rack 1829MM (H)X900MM (L)X350MM (W)X5LVL,Housewares,6,294.00,309.00,15.00,5.10,6,GS SYSTEM
LETR-PUNC-50731060,SET,Nietz A-z Letter Punches 6MM 50731060,Signage & Numbering,1,144.00,129.00,-15.00,-10.42,1,SUNWAY WINSTAR
SCA-NAK-ACS30-JC31D-30KG,PCS,Nakuho-price Computing Scale,Housewares,4,274.00,289.00,15.00,5.47,3,ZHONG YUAN3
"CUT-SAW-STA-FIB-18""",PCS,Plastic Handle Handsaw-crosscut (18 X 6T/7PT),Doors & Hardware,6,52.90,37.90,-15.00,-28.36,6,YUNG KONG
LOC-SGD-PL100-50MM3PC,SET,Armor Solid Brass Cp Anti-cut Padlock APL1000-50MM KA3PCS,Locks & Security,1,144.00,159.00,15.00,10.42,1,VERTEX
TOO-SET-W018,SET,W018 18PCS Tool Set,Power Tools,2,144.00,159.00,15.00,10.42,2,JUMBO
BAT-CHA-KENDE-SM1212,UNIT,Kende Battery Charger 12V,Electrical,1,364.00,349.00,-15.00,-4.12,1,CMW ENGINEERING3
LET-BOX-HW307,PCS,0124/0129 Letter Box (360X80X470MM),Doors & Hardware,2,134.00,149.00,15.00,11.19,2,KANSSAN
WEL-MAC-FIG-MMA160,UNIT,Fighter Inverter Welding Machine 160A,Welding,3,364.00,379.00,15.00,4.12,3,CMW ENGINEERING3
TOO-COM-SET-STMT80944-8,SET,14PC Combination Wrench Set,Hand Tools,4,144.00,159.00,15.00,10.42,3,YUNG KONG
"FAS-SCR-TAP-CSK-8#1""-BOX",BOX,"8 X1""CSK Self Tapping Screw-flat Head (1000 Pcs/box)",Fasteners & Fixings,3,82.90,67.90,-15.00,-18.09,3,KIM KONG3
"FAS-SCR-TAP-CSK-10#1-1/2""-BOX",BOX,"10 X1-1/2""CSK Self Tapping Screw-flat Head (500PCS/BOX)",Fasteners & Fixings,3,79.90,64.90,-15.00,-18.77,3,KIM KONG3
IND-WHE-WST8126PU,UNIT,Wheel Barrow - PVC Rim Pu Tyre,Automotive,2,264.00,279.00,15.00,5.68,2,ING PING3
TOO-SET-W022,SET,W022 22PCS Tool Set,Power Tools,1,174.00,189.00,15.00,8.62,1,JUMBO
DOE-LOC-ATLP-0910SN,SETS,Sn Armor Tubular Lever On Plate,Other,4,124.00,139.00,15.00,12.10,4,VERTEX
SWI-SOC-ALM-MK-G2873,PCS,Mk Alm 15A X 2 M/c S/socket,Electrical,3,57.90,42.90,-15.00,-25.91,3,SEBD3
"FAS-SCR-P/H-1"" X 8#-BOX",BOX,Sr P/h Self Drilling Screw 1 X 8 (1000PCS/BOX),Fasteners & Fixings,2,76.90,61.90,-15.00,-19.51,2,SYARIKAT HUA KIONG3
SWI-CABLE-REEL-MS4000-7M,PCS,Morries 7M Portable Cable Reel,Fishing & Tackle,3,114.00,99.00,-15.00,-13.16,3,YUAN MING
IND-DUS-ALI-120L,PCS,Aliclean HDPE Dustbin 120LTR,Plumbing,7,134.00,149.00,15.00,11.19,7,ALIKE HARDWARE3
ELE-LED-SOL-YB-L10507-34W,SET,Marviss 34W Outdoor Sensor Solar Light (L10517),Electrical,8,104.00,89.00,-15.00,-14.42,8,CIMA
HOS-GAR-SET-GHR02LB,SET,Maya Hose Reel Thailand,Fishing & Tackle,1,234.00,219.00,-15.00,-6.41,1,HSIN NGIE
JQB-ROAD-MATE-PRO,UNIT,Jqb Jump Starter Jumpxpress Roadmate Pro,Power Tools,2,414.00,399.00,-15.00,-3.62,2,JQB3
"FAS-SCR-CSK-1"" X 8G - BOX",BOX,Sr Csk Tapping Screw 1 X 8G (1000PCS/BOX),Fasteners & Fixings,1,88.90,73.90,-15.00,-16.87,1,SYARIKAT HUA KIONG3
DOR-WOO-PLY,PCS,Plywood Door 33 3/4 X 83,Doors & Hardware,5,144.00,129.00,-15.00,-10.42,5,NAGA DOOR
TAP-CAB-CB6331,UNIT,Cabana S/steel Drinking Tap,Plumbing,3,154.00,169.00,15.00,9.74,3,HUE HOME
TAP-CAB-CB1520SS,PCS,Cab S/s Pillar Mounted Kitchen Tap,Plumbing,3,144.00,159.00,15.00,10.42,3,SYNTALUN
VAL-CAB-CSK14B,UNIT,Cabana Stop Valve 1,Plumbing,3,134.00,149.00,15.00,11.19,3,HUE HOME
LED-INS-KIL-2W,PCS,LED Insect Killer 2W,Lighting,1,114.00,99.00,-15.00,-13.16,1,CHUNS TRADING
TOO-VIC-W2484,PCS,Heavy Hinged Pipe Vise 4,Plumbing,1,334.00,349.00,15.00,4.49,1,JUMBO
SWI-SOC-MK-S2747,PCS,Mk 13A X 2 Switch Socket - Slimline Plus,Electrical,8,37.90,22.90,-15.00,-39.58,8,SEBD3
"IND-FEN-2.1/2""X6'",ROLL,6 X 2.1/2 X 10G X 50 PVC Fencing,Building Materials,4,274.00,259.00,-15.00,-5.47,4,ING HING HONG
WEL-REG-YAM-ACT,PCS,Yamato Regulatuor - YR71 Acetylene,Welding,1,88.90,73.90,-15.00,-16.87,1,SONIC3
ELE-METW0452,PCS,Digital Multi-meter W0452,Electrical,3,81.90,66.90,-15.00,-18.32,3,JUMBO
FAS-SCR-TAP-CSK-6#X3/4-BOX,BOX,6 X3/4 Csk Self Tap Scrw-flat Head (1000PCS/BOX),Fasteners & Fixings,3,52.90,37.90,-15.00,-28.36,3,KIM KONG3
TOO-VIC-MI-150MM,PCS,Heavy Duty Bench Vice 150MM (mikasa/jp),Hand Tools,1,444.00,459.00,15.00,3.38,1,SONIC3
HOI-LEV-TOH-1.5,PCS,Toyo Lever Hoist 1.5 Ton,Lifting & Rigging,1,374.00,359.00,-15.00,-4.01,1,HUI SHEN
HOS-GAR-REE-1100001,SET,Ecogreen-iron Hose Reel 1002,Fishing & Tackle,3,124.00,109.00,-15.00,-12.10,3,ZHONG YUAN3
IND-DUS-GLO-120L,PCS,Glomax HDPE Dustbin (120L),Plumbing,7,114.00,129.00,15.00,13.16,7,SONIC3
ELE-FATO-UKF-320,EA,Fato W/p Isolator Bd UKF-320,Electrical,1,54.90,39.90,-15.00,-27.32,1,SEBD3
LOC-BCK-SSS-3PCS,PCK,Buick Keyalike Padlock 50MM 3PCS,Locks & Security,1,184.00,169.00,-15.00,-8.15,1,SUNWAY WINSTAR
ARG-GAS-CYL,PCS,Seamless Steel Cyl Valve Argon Gas,Plumbing,1,374.00,359.00,-15.00,-4.01,1,CMW ENGINEERING
SHH-ROD-AGS662,PCS,"Santec 2904-195(6'6"") Revenge Solid Rod",Fishing & Tackle,1,64.90,49.90,-15.00,-23.11,1,SINHENHUA
TAP-SKC-UNC-12MM,SET,Skc Hand Tap Unc 1/2,Plumbing,1,51.90,36.90,-15.00,-28.90,1,SONIC3
IND-GAL-WIRE-20#-COIL,COIL,20 X 12KG Wire,Electrical,99,64.90,50.00,-14.90,-22.96,93,ALIKE HARDWARE
TRO-SHO-CNSC5001,SET,Shopping Trolley (LC-303E) (DC-675),Other,8,92.90,78.00,-14.90,-16.04,8,L.F. WHOLESALER
PVC-STRAPPING,COIL,Strapping,Packaging,2,69.90,55.00,-14.90,-21.32,2,SONIC3
NIP-ODOURLITE-1L-D,CAN,1L Nippon Odourlite Soft Matt Deep Base,Paint & Sundries,1,84.90,70.20,-14.70,-17.31,1,PAINT MAR.2
NIE-HAN-T-3/4,PCS,Nietz Dr Sliding T-handle (CR-MO)50067422 20IN,Doors & Hardware,2,124.00,109.50,-14.50,-11.69,2,SUNWAY WINSTAR
BOS-2608-615-113,PCS,7 Diamond Cutting Blade Universal,Power Tools,2,114.00,99.50,-14.50,-12.72,2,CMW ENGINEERING
COC-SIN-DOU-TY6688W,PCS,Double Sink Tap,Kitchen & Sinks,4,104.00,89.50,-14.50,-13.94,4,SYN JING LEE
SAF-FULL-BOD-SUP,SET,Supersonic Full Body Harness,Safety & Workwear,1,134.00,119.50,-14.50,-10.82,1,SONIC3
ELE-SOL-STA-30W,PCS,Soldering Iron - Round Pin,Home Appliances,3,79.90,65.50,-14.40,-18.02,3,YUNG KONG
CUT-BLA-ECL-2510T14,PCS,Eclipse Hacksaw Blade - 25MM X 10T X 14,Hand Tools,9,56.90,42.50,-14.40,-25.31,9,SONIC
FAS-SCR-DS520HW-MET,BOX,10 X 3/4 Self Drilling Screw (500PCS/BOX),Fasteners & Fixings,17,74.90,60.50,-14.40,-19.23,17,REXER
CUT-BLA-ECL-2514T14,PCS,Eclipse Hacksaw Blade - 25MM X 14T X 14,Hand Tools,6,56.90,42.50,-14.40,-25.31,6,SONIC
"ELE-CAS-2""X3""",LGTH,M. Trunking 2 X 3 G24 0.4MM Orange Lanric,Electrical,9,57.90,43.50,-14.40,-24.87,9,SEBD3
IND-WIR-BAR-G.I-81B,ROLL,8LB GI Bared Wire,Electrical,4,51.90,37.50,-14.40,-27.75,4,CHEE LIAN
TAP-SKC-M18X2.50,SET,Skc Hand Tap M18 X 2.50,Plumbing,2,81.90,67.50,-14.40,-17.58,2,SONIC3
TAP-SKC-M08X1.50,SET,Skc Hand Tap M08 X 1.50,Plumbing,1,49.90,35.70,-14.20,-28.46,1,SONIC3
GRA-SAN-SWFG-SS304-6602-RG,PCS,Saniware Floor Grating (150X150MM)-ROSE Gold SWFG-SS304-6602-RG SUS304,Bathroom,1,74.90,89.00,14.10,18.83,1,VTC HARDWARE
SHO-SAN-SWP-HS-511,SET,Saniware Premier Square Hand Shower With Holder And Flexible Hose,Bathroom,1,64.90,79.00,14.10,21.73,1,VTC HARDWARE
TAP-SAN-SWP-Z-5168,PCS,Saniware Sliver Wall Two Way Tap,Plumbing,3,48.90,63.00,14.10,28.83,3,VTC HARDWARE
WAL-DOW-YB-A7201S/W/AB,PCS,Outdoor Gate Light YB-A7201S/W/AB,Doors & Hardware,5,54.90,69.00,14.10,25.68,5,CIMA
ELE-CEI-LIG-4001/400-CL,PCS,Ceiling Light 4001-400,Lighting,4,94.90,109.00,14.10,14.86,4,TOP GAN
WAL-DOW-YB-K7503M/G/AB,PCS,Outdoor Gate Light YB-K7503M/G/AB,Doors & Hardware,1,94.90,109.00,14.10,14.86,1,CIMA
X-AMFC-3403,PCS,Aimer Wall Bibtap,Plumbing,3,49.90,64.00,14.10,28.26,3,VERTEX
TAP-SAN-SWP-SS-304-3936-SS,PCS,Saniware Premier Kitchen Wall Sink Tap-ss,Kitchen & Sinks,4,139.00,125.00,-14.00,-10.07,4,VTC HARDWARE
KHI-COO-RC806N,SET,Khind 0.6L Rice Cooker (light Winter GREY)-RC806N,Home Appliances,3,109.00,95.00,-14.00,-12.84,3,KHIND-MISTRAL
IND-CEM-50KGS,BAG,Portland Limestone Cement,Building Materials,116,38.90,24.90,-14.00,-35.99,80,HIN HO LEE
SHO-SOR-SRTSS8740,PCS,Sorento Sliding BAR W 5 Functions Shower Set,Bathroom,2,194.00,208.00,14.00,7.22,2,SYNTALUN
MIX-KHI-HM200,SET,Khind Hand Mixer (white),Bathroom,2,87.90,73.90,-14.00,-15.93,2,KHIND-MISTRAL
RAINBOW-G888-1KG-999,BTL,1KG Nippon Gold Paint 999 Gold,Paint & Sundries,5,124.00,138.00,14.00,11.29,5,PAINT MAR.
BOS-SMCGE170F,UNIT,Sumo Drive Engine + Adaptor,Electrical,1,709.00,695.00,-14.00,-1.97,1,CMW ENGINEERING
FAN-CEI-ALP-FALKO 07,UNIT,"Alkova Ceiling FAN-DEZI/56""-MATT Black",Fans & Ventilation,1,609.00,595.00,-14.00,-2.30,1,ALPHA2%
FAN-CEI-ALP-FALKO 08,UNIT,"Alkova Ceiling FAN-DEZI/56""-MATT White",Fans & Ventilation,1,609.00,595.00,-14.00,-2.30,1,
HOS-GAR-MARK-X-DB,ROLL,Mark-x Gar UV Net Hose 4PLY Dark/blue,Outdoor & Garden,5,139.00,125.00,-14.00,-10.07,5,MAJOR HARVEST3
"FAN-CEI-KDK-60""",SET,Kdk Ceiling Fan 60,Fans & Ventilation,4,229.00,215.00,-14.00,-6.11,4,DYNAPOWE
BAS-SOR-SRTWT5865-FRG,PCS,Sorento Hose Bib Tap-frg,Plumbing,1,144.00,158.00,14.00,9.72,1,SYNTALUN
IND-CEM-EC-18KG,BAG,Ec Bonding Powder 2 IN 1,Building Materials,21,44.90,30.90,-14.00,-31.18,21,KIONG JOUNG
OIL-ENG-STIHL,PAIL,Engine Oil 1L,Automotive,9,51.90,37.90,-14.00,-26.97,7,HOCK CHIONG LUNG
FAN-CEI-SIB-SA56,SET,Siberiair Ceiling Fan Black - SA56,Fans & Ventilation,1,204.00,218.00,14.00,6.86,1,CIMA
FAN-WAL-OS-16WF,SET,Osaki 16 Wall Fan,Fans & Ventilation,7,209.00,195.00,-14.00,-6.70,7,YUAN MING
DC-ZIC-FF05-26B,SET,Hammer Drill / DZC05-26B,Power Tools,1,324.00,338.00,14.00,4.32,1,GL BOSUN3
IND-DUS-CLEAN-120L,PCS,Cleanguard Wheeled Bin,Building Materials,4,184.00,198.00,14.00,7.61,4,MAJOR HARVEST3
MEA-TAP-SUN-10M,PCS,Sunlon M. Tape 10.0M/33,Hand Tools,13,49.90,35.90,-14.00,-28.06,12,FONG YUAN HUNG
GAR-SHE-TIG-H9622,SET,Telescopic Pruner Saw:tiger,Outdoor & Garden,1,219.00,205.00,-14.00,-6.39,1,KWONG TECK CHIONG3
IND-CAN-4.5M,SET,Black King Kong CANOPY:3MX4.5MX15KGS - Blue,Building Materials,2,274.00,288.00,14.00,5.11,2,HSIN NGIE
WEL-MAC-STW-200E,UNIT,Starweld Welding Machine Acc. MMA200E,Welding,1,384.00,398.00,14.00,3.65,1,SUNWAY WINSTAR
PUM-TSU-HPC6091,UNIT,Tsunami Hpc 6091 High Pressure Pump Cleaner,Chemicals & Adhesives,5,284.00,298.00,14.00,4.93,5,SUNWAY WINSTAR
SAF-SHO-NK80-10,PAIR,Neuking NK80 Black 10,Safety & Workwear,2,169.00,155.00,-14.00,-8.28,2,KWONG TECK CHIONG3
SAF-SHO-NK80-11,PAIR,Neuking NK80 Black 11,Safety & Workwear,2,169.00,155.00,-14.00,-8.28,2,KWONG TECK CHIONG3
BNW-B&N-RBN-240-BOX,BOX,Sr G. I Boit & Nut 1/4 X 4 (box),Fasteners & Fixings,2,69.90,55.90,-14.00,-20.03,2,SYARIKAT HUA KIONG3
WEL-MAC-STW-120G,UNIT,Starweld Welding Machine Acc. MMA120G,Welding,1,304.00,318.00,14.00,4.61,1,SUNWAY WINSTAR
"FAS-RIV-PAT-3/16""X3/4""-BOX",BOX,Blind Rivet: Jaguar 3/16 X 3/4 (500PCS/BOX),Fasteners & Fixings,2,54.90,40.90,-14.00,-25.50,1,KWONG TECK CHIONG
SCP-PLA-EXT-25KG,PAIL,25KG Scp Exterior Skim Plasta,Paint & Sundries,1,129.00,115.00,-14.00,-10.85,1,ING PING3
PEN-ECO100-4KG-BLK,PAIL,Eco 100 Waterproof Blk,Housewares,2,87.90,73.90,-14.00,-15.93,2,BOON SENG
SAF-SHO-NK80-07,PAIR,Neuking NK80 Black 07,Safety & Workwear,1,169.00,155.00,-14.00,-8.28,1,KWONG TECK CHIONG3
JQB-JUMP-XPRESS-BASIC,UNIT,Jqb Jump Starter Jumpxpress Basic,Power Tools,3,199.00,185.00,-14.00,-7.04,3,
"FAS-SCR-P/H-5/8"" X 8#-BOX",BOX,Sr P/h Self Drilling Screw 5/8 X 8 (1000PCS/BOX),Fasteners & Fixings,1,63.90,49.90,-14.00,-21.91,1,SYARIKAT HUA KIONG3
ADH-GLU-PE1KG,SET,1KG E P Glue,Chemicals & Adhesives,3,119.00,105.00,-14.00,-11.76,3,ING PING3
VAL-BAL-PVC-ECC112SE,PCS,Ecco PVC Ball 1/2 Se,Plumbing,4,41.90,27.90,-14.00,-33.41,4,BOON SENG
"SHH-LEAD-CHAIN-0.25 3/4"" 7'",SET,0.25 3/4 7 C. M. C. N. (lead Chain) (shl),"Rope, Chain & Netting",1,259.00,245.00,-14.00,-5.41,1,SINHENHUA
TAP-SET-20PCS,SET,20PCS Tap And Die Set,Plumbing,1,98.90,84.90,-14.00,-14.16,1,WHA WEE
ELE-SWI-SELCON-3A,PCS,Selcon 3A Photocell Switch J,Electrical,9,53.90,39.90,-14.00,-25.97,9,ECO ENTERPRISE3
WEL-ELE-NSW-308L-3.2MM,KGS,Nihonweld Electrode X 3.2MM,Welding,4,47.90,34.00,-13.90,-29.02,3.9,SONIC
CUT-TIL-BLI-BLA,PCS,Blimax Tile Cutter,Flooring,2,56.90,43.00,-13.90,-24.43,5,BOON SENG
NP-BAR-BS405-1L,TIN,1L Bintang Automotive Refinish Tangerine (standard),Automotive,1,62.90,49.00,-13.90,-22.10,1,
LAM-INC-RF300WH,BOX,300W Sport Light,Lighting,3,4.40,18.00,13.60,309.09,3,GOLDEN DAY
TAP-SKC-UNC-16MM,SET,Skc Hand Tap Unc 5/8,Plumbing,2,67.90,54.30,-13.60,-20.03,2,SONIC3
"NIE-ADA-IMP-1""X3/4""",PCS,Nietz Impact Adaptor 50176786,Power Tools,2,96.90,83.50,-13.40,-13.83,2,SUNWAY WINSTAR
CUT-CHI-JM-30-5,PCS,Jayamata Harvest Palm Oil Chisel 5,Hand Tools,5,64.90,51.50,-13.40,-20.65,4,KIONG JOUNG3
BNW-B&N-RBN-220-BOX,BOX,Sr G. I Boit & Nut 1/4 X 2 (box),Fasteners & Fixings,3,46.90,33.50,-13.40,-28.57,3,SYARIKAT HUA KIONG3
TAP-SIN-CVL-6053,PCS,Cavallo 6053 Wall Sink Tap,Kitchen & Sinks,5,52.90,39.50,-13.40,-25.33,5,SYN JING LEE
ELE-METW0453,PCS,Digital Multi-meter W0453,Electrical,7,51.90,38.50,-13.40,-25.82,7,JUMBO
SWI-T/SOC-EUR-8744-4G,SET,Dlx 4 GANG T-adaptor (sirim),Electrical,2,47.90,34.50,-13.40,-27.97,2,ECO ENTERPRISE3
TAP-SKC-M18X2.00,SET,Skc Hand Tap M18 X 2.00,Plumbing,1,81.90,68.50,-13.40,-16.36,1,SONIC3
TAP-SKC-M12X1.75,SET,Skc Hand Tap M12 X 1.75,Plumbing,1,52.90,39.50,-13.40,-25.33,1,SONIC3
TAP-SKC-M20X2.50,SET,Skc Hand Tap M20 X 2.50,Plumbing,1,99.00,85.70,-13.30,-13.43,1,SONIC3
SHO-SAN-SWP-SH-801,PCS,Saniware Premier 8 Shower Head,Bathroom,2,74.90,88.00,13.10,17.49,2,VTC HARDWARE
HOS-GAR-GRE-160330,ROLL,Br 83030 PVC Green Garden Hose 16X3.0MMX30M,Outdoor & Garden,12,89.90,103.00,13.10,14.57,12,REXER3
"FAS-SCR-TAP-CSK-8#5/8""-BOX",BOX,8 X5/8 Tapping Screw-flat Head (1000PCS/BOX),Fasteners & Fixings,3,62.90,49.80,-13.10,-20.83,3,KIM KONG3
ENR-2IN1-LIGHT-2AA,PCK,Enr 2-IN-1_LIGHT (1X6),Other,1,42.90,29.80,-13.10,-30.54,1,HUA BAN
ELE-63A-CUT-OUT,EA,Lucy 63A Cut Out Unit Fuse,Electrical,5,34.90,21.80,-13.10,-37.54,5,SEBD3
KOYA-REM-MOS-4000ML,BOT,Koya Mosaic Cleaner 4.0 LTR,Chemicals & Adhesives,19,62.90,49.90,-13.00,-20.67,19,KIONG JOUNG3
CIMA-2933/2,SET,2933-2 L/ceiling Lamp (32W DL)+(32W Ww) W Ic Control,Lighting,10,129.00,142.00,13.00,10.08,10,
BOA-GYP-06MM,PCS,4 X 8 X 6.0MM Prima Flat Sheet,Building Materials,32,62.90,49.90,-13.00,-20.67,32,ING HING HONG
MEA-TAP-STA-POW-10M,PCS,10M/33 X 1 Powerlock Tape Ruler,Hand Tools,4,76.90,63.90,-13.00,-16.91,4,YUNG KONG
AIR-DUS-MDSI-04062,PCS,Mdsi (MD-04062) Air Duster (adjustable) - Long,Automotive,4,54.90,41.90,-13.00,-23.68,4,HSIN NGIE
"FAS-SCR-TAP-CSK-6#3""-BOX",BOX,"6 X3""CSK Self Tapping Screw-flat Head (500PCS/BOX)",Fasteners & Fixings,1,78.90,65.90,-13.00,-16.48,1,KIM KONG3
"CUT-KNI-JYMT-JM90-12""",PCS,Jayamata Parang Knife Atap 12,Abrasives & Cutting,3,45.90,32.90,-13.00,-28.32,3,KIONG JOUNG3
SPR-REM-BSA88,BTL,Bossman Multipurpose Spray Adhesive 600ML,Chemicals & Adhesives,1,45.90,32.90,-13.00,-28.32,1,KIONG JOUNG3
CUT-DEW-DW4724UT,PCS,Diamond Blade Mpp Ultra Thin Turbo,Abrasives & Cutting,3,41.90,28.90,-13.00,-31.03,1,HUACHIAN ENGINEERING
CUT-BLA-ALUM-BA7580,PCS,"Bossman Circular Saw Blade 190MM (7.5"") X 80T (for Aluminium)",Power Tool Accessories,5,69.90,56.90,-13.00,-18.60,5,CHIN LAI
"FAS-SCR-TAP-CSK-6#1/2""-BOX",BOX,6 X1/2 Tapping Screw-flat Head (1000PCS/BOX),Fasteners & Fixings,4,42.90,29.90,-13.00,-30.30,4,KIM KONG3
"WOO-TIM-2""X3""X12'",PCS,Mlh Sawn Timber 2 X 3 X 12,Building Materials,14,44.90,31.90,-13.00,-28.95,14,TONG DA
CUT-SAW-SET-BLM8,PCS,Sensui Sawset Plier 8,Hand Tools,4,53.90,40.90,-13.00,-24.12,4,KIONG JOUNG3
"CUT-KNI-STA-DYN-5.5/8""-10779-8",PCS,5-5/8 X 144MM Dynagrip Retractable Utility Knife,Hand Tools,3,42.90,29.90,-13.00,-30.30,3,YUNG KONG
"CHA-SAW-CHAIN-3610-14""",PCS,14 Stihl Chain,"Rope, Chain & Netting",4,69.90,57.00,-12.90,-18.45,4,HOCK CHIONG LUNG
"FAS-SCR-P/H-1 1/2"" X 8#-500PCS/BOX",BOX,Sr P/h Self Drilling Screw 1 1/2 X 8 (500PCS/BOX),Fasteners & Fixings,4,71.90,59.00,-12.90,-17.94,4,SYARIKAT HUA KIONG3
"FAS-SCR-TAP-CSK-6#1-1/2""-BOX",BOX,"6 X1-1/2""CSK Self Tap Screw-flat Head (1000PCS/BOX)",Fasteners & Fixings,3,74.90,62.00,-12.90,-17.22,3,KIM KONG3
FAS-SCR-ZPH-DSMHO516-BOX,BOX,Sr Zph Self Drilling Screw (1000PCS/BOX) DSM-HO516,Fasteners & Fixings,13,68.90,56.00,-12.90,-18.72,13,SYARIKAT HUA KIONG3
SCA-CAM-SQ10KG,PCS,Camry- Spring Scale Sq / 10KG,Housewares,5,87.90,75.00,-12.90,-14.68,5,ZHONG YUAN3
WRE-RAT-RN17X21,PCS,Glory Ratchet Wrenches RN17 X 21,Other,4,51.90,39.00,-12.90,-24.86,4,HTC HARDWARE
FAS-SCR-ZPH-DSMHO625-BOX,BOX,Sr Zph Self Drilling Screw (500PCS/BOX) DSM-HO625,Fasteners & Fixings,3,84.90,72.00,-12.90,-15.19,3,SYARIKAT HUA KIONG3
NIP-QSH-EXT-5L-P,CAN,5L Nippon Q-shield Extra Pastel Base,Paint & Sundries,12,159.00,171.70,12.70,7.99,10,PAINT MAR.2
X-CAR-PERFUME-301645400,PCK,Ryc Md Crisp Sunrise 2PCS,Power Tools,2,3.50,16.00,12.50,357.14,2,HUA BAN
KGR-KIM-1L-9222,TIN,1 Litre KIMTONE-9222,Paint & Sundries,3,49.90,37.50,-12.40,-24.85,3,ING PING3
CUT-KNI-HOL-JM-80,PCS,Jayamata Knives Stainless Steel,Abrasives & Cutting,2,45.90,33.50,-12.40,-27.02,2,KIONG JOUNG3
"CUT-DIS-AKODA-4""-D3",PCS,Akoda 4 Diamond Blade Thin Turbo D3,Abrasives & Cutting,13,48.90,36.50,-12.40,-25.36,11,T.K.G
TAP-SKC-M08X1.00,SET,Skc Hand Tap M08 X 1.00,Plumbing,2,43.90,31.50,-12.40,-28.25,2,SONIC3
ELE-BOX-MCB-19WAY,PCS,Tc 19 Way Mcb Box,Electrical,2,51.90,39.50,-12.40,-23.89,2,SEBD3
TOPLUS-HIG-GLO-1L-C,CAN,1L Toplus High Gloss C Base,Paint & Sundries,3,23.90,36.10,12.20,51.05,3,SMART PAINTS2
TAP-SKC-M10X1.75,SET,Skc Hand Tap M10 X 1.75,Plumbing,1,57.90,45.70,-12.20,-21.07,1,SONIC3
TAP-SKC-M14X2.00,SET,Skc Hand Tap M14 X 2.00,Plumbing,1,57.90,45.70,-12.20,-21.07,1,SONIC3
TAP-SKC-UNC-14MM,SET,Skc Hand Tap Unc 9/16,Plumbing,1,57.90,45.70,-12.20,-21.07,1,SONIC3
GAS-COO-TC-2288-PGC,SET,Taicon Portable Gas Cooker,Home Appliances,9,46.90,59.00,12.10,25.80,9,ECO ENTERPRISE3
SHO-SAN-SWP-SH-804,PCS,Saniware Premier 9 ABS Rain Shower (black),Bathroom,2,72.90,85.00,12.10,16.60,2,VTC HARDWARE
TOW-SAN-SWP-BF-7908-G,PCS,Saniware Premier Robe Hook (gold),Bathroom,1,66.90,79.00,12.10,18.09,1,VTC HARDWARE
CHE-NTR-WD40-277ML,CAN,WD40 Anti Rust 277ML,Chemicals & Adhesives,49,32.90,20.80,-12.10,-36.78,44,KIM KONG
CIMA-HY-C007/L/32W,SET,L/ceiling Lamp 32W (daylight) HY-C007,Lighting,7,59.90,72.00,12.10,20.20,7,
CIMA-HY-C008/L/32W,SET,L/ceiling Lamp 32W (daylight) HY-C008,Lighting,6,59.90,72.00,12.10,20.20,6,
DOR-BELL-EB3303DB,PCS,Eurobell Digital Wireless Door Bell,Doors & Hardware,3,71.90,59.80,-12.10,-16.83,3,FULL-LITE
"CUT-DIS-AKODA-4""-A6",PCS,Akoda 4 Diamond Blade Thin Turbo A6,Abrasives & Cutting,6,48.90,36.80,-12.10,-24.74,6,T.K.G
TAP-SKC-M16X1.50,SET,Skc Hand Tap M16 X 1.50,Plumbing,1,64.90,52.80,-12.10,-18.64,1,SONIC3
TAP-SKC-M16X2.00,SET,Skc Hand Tap M16 X 2.00,Plumbing,1,64.90,52.80,-12.10,-18.64,1,SONIC3
SWI-T/SOC-70/076-5M1G,PCS,Taicon 1G 70/076 Nut Box,Fasteners & Fixings,9,53.90,41.90,-12.00,-22.26,9,ECO ENTERPRISE3
NIE-SOC-IMP-DEE-1/2-28MM,PCS,Nietz Deep Impact Socket (6PT) 50142028 28MM,Power Tools,3,54.90,42.90,-12.00,-21.86,3,SUNWAY WINSTAR
BOS-2608-615-118,PCS,Diamond Disc Universal 9,Power Tools,1,114.00,102.00,-12.00,-10.53,1,CMW ENGINEERING
"X-CHA-SAW-CHAIN-20""",PCS,"20""M Stihl Chain","Rope, Chain & Netting",2,91.90,79.90,-12.00,-13.06,2,HOCK CHIONG LUNG
ELE-ELCB-GRW-63A-4P,EA,Grow Elcb 4P 63A/0.3,Electrical,2,114.00,102.00,-12.00,-10.53,1,SEBD3
FAS-SCR-DS665HW-MET,BOX,12 X 2.1/2 Self Drilling Screw (250PCS/BOX),Fasteners & Fixings,16,69.90,57.90,-12.00,-17.17,16,REXER
COC-BAL-SAN-CKT1512,PCS,Sanwa BALLCOCK-CKT15 1/2,Plumbing,23,46.90,34.90,-12.00,-25.59,22,BOON SENG
"FAS-SCR-F/H-3/4"" X 8# BOX",BOX,Sr F/h Self Drilling Screw 3/4 X 8 (1000PCS/BOX),Fasteners & Fixings,2,62.90,50.90,-12.00,-19.08,2,SYARIKAT HUA KIONG3
BNW-B&N-RBN-215-BOX,BOX,Sr G. I Boit & Nut 1/4 X 1 1/2 (box),Fasteners & Fixings,3,39.90,27.90,-12.00,-30.08,3,SYARIKAT HUA KIONG3
BNW-B&N-RBN-230-BOX,BOX,Sr G. I Boit & Nut 1/4 X 3 (box),Fasteners & Fixings,2,54.90,42.90,-12.00,-21.86,2,SYARIKAT HUA KIONG3
VAL-BAL-VIP-343-25MM,PCS,Full Bore Ball VALVE:PN25 343 1.0,Plumbing,12,54.90,42.90,-12.00,-21.86,12,KWONG TECK CHIONG3
CUT-CHI-JM-30-3,PCS,Jayamata Harvesting Palm Oil Chisel 3,Hand Tools,5,43.90,31.90,-12.00,-27.33,5,KIONG JOUNG3
CUT-DIS-B07-F1GP-180,PCS,"7""-180CSA, General Purpose / F1GP",Abrasives & Cutting,4,49.90,37.90,-12.00,-24.05,4,GL BOSUN DIAMOND
SHE-CAB-CB451A,UNIT,Cabana S/steel Shelf (satin) 350 X 130 X 75MM,Housewares,1,149.00,161.00,12.00,8.05,1,HUE HOME
SWI-T/SOC-FLE-6155NS,SET,T/skt W/surge Sp TS-5GLS-540A FLE-6155NS,Electrical,6,56.90,44.90,-12.00,-21.09,6,FULL-LITE
OIL-CAN-5L,PCS,Oil Can 5L,Automotive,2,49.90,61.90,12.00,24.05,2,WEE TAT TRADING
"FAS-SCR-TAP-CSK-8#3/8""-BOX",BOX,8 X3/8 Csk Self Tapping Scrw-flat Head (1000PCS/BOX),Fasteners & Fixings,3,49.90,37.90,-12.00,-24.05,3,KIM KONG3
"FAS-SCR-TAP-CSK-6#5/8""-BOX",BOX,6 X5/8 Tapping Screw-flat Head (1000PCS/BOX),Fasteners & Fixings,3,44.90,32.90,-12.00,-26.73,3,KIM KONG3
PUM-OIL-PVC-44GAL,PCS,44 Gallon Korea PVC Oil Pump,Pumps & Water,3,52.90,40.90,-12.00,-22.68,3,WHA WEE
LOC-OLP-LTS60,PCS,60MM Olpha Brass Hammer Type Pad Loc,Hand Tools,1,58.90,46.90,-12.00,-20.37,1,CRYSTAL TRIUMPH S/B
CAR-WAX-ATD,PCS,Atd Antidustmite & Flea,Automotive,6,51.90,39.90,-12.00,-23.12,6,S LINE TECH
WIR-BRC-601X30M,ROLL,610 X 30M Welded MS Grill,Other,2,154.00,142.00,-12.00,-7.79,2,CHEE LIAN
"ELE-D/L-630/6""-SQU",PCS,Down Lite 630/6 Square Wh+ww,Electrical,16,41.90,29.90,-12.00,-28.64,15,TOP GAN
ELE-PLA-ROLLER-TC 11',PCS,Tc 11 Plastic Roller (almighthy),Electrical,2,56.90,44.90,-12.00,-21.09,2,FULL-LITE
SWI-BAT-JK861,PCS,JK861 Switch,Electrical,4,6.90,18.87,11.97,173.48,4,GOLDEN DAY
PSN-TK-CS200C-EX,PCS,Panasonic Water Cartridge,Home Appliances,3,97.90,86.00,-11.90,-12.16,3,KIONG HUO
NIE-SOC-IMP-DEE-3/4-36MM,PCS,Nietz Deep Impact Socket (6P) 36MM 50162036,Power Tools,2,97.90,86.00,-11.90,-12.16,2,SUNWAY WINSTAR
NIE-SOC-IMP-DEE-3/4-35MM,PCS,Nietz Deep Impact Socket (6P) 35MM 50162035,Power Tools,1,96.90,85.00,-11.90,-12.28,1,SUNWAY WINSTAR
"CHA-SAW-CHAIN-3610-16""",PCS,16 Stihl Chain,"Rope, Chain & Netting",8,74.90,63.00,-11.90,-15.89,8,HOCK CHIONG LUNG
FAS-SCR-ZPH-DSMHO520-BOX,BOX,Sr Zph Self Drilling Screw (1000PCS/BOX) DSM-HO520,Fasteners & Fixings,7,87.90,76.00,-11.90,-13.54,7,SYARIKAT HUA KIONG3
FAS-SCR-ZPH-DSMHO620-BOX,BOX,Sr Zph Self Drilling Screw (500PCS/BOX) DSM-HO620,Fasteners & Fixings,8,76.90,65.00,-11.90,-15.47,8,SYARIKAT HUA KIONG3
CUT-GRA-SHE-JM817,PCS,Jayamata Grass Shears Red/black Handle,Doors & Hardware,1,47.90,36.00,-11.90,-24.84,1,KIONG JOUNG3
X-FLO-MOC-8TW728,PCS,Glass Mosaic - Blue,Building Materials,1,43.90,32.00,-11.90,-27.11,1,BRAVO-LINE
NIP-TIM-FIN-1L-C,CAN,1L Nippon Timber Finish Clear Base,Building Materials,5,52.90,41.10,-11.80,-22.31,4,PAINT MAR.2
SAS-HOR-BH-12,BOX,Sasaki Back Up Horn,Other,18,4.40,16.04,11.64,264.55,18,GOLDEN DAY
NIP-EAS-6003-7L,CAN,7L Easycoat Emulsion 6003 Lime Fizz,Paint & Sundries,5,47.90,59.50,11.60,24.22,4,PAINT MAR.
LEO-SUS304-S/S-PIL-L332P,PCS,Leon Sus 304 S/steel Pillar Sink,Kitchen & Sinks,1,64.90,76.50,11.60,17.87,1,BOON SENG
"X-FAS-SCR-CSK-3/4"" X 8G - BOX",BOX,Sr Csk Tapping Screw 3/4 X 8G (1000PCS/BOX),Fasteners & Fixings,2,67.90,79.50,11.60,17.08,2,SYARIKAT HUA KIONG3
SWI-SOC-LGL-S20,PCS,15A Socket,Electrical,4,1.40,13.00,11.60,828.57,4,GOLDEN DAY
ELE-D/L-LEDT140-100-6-100W,PCS,Arex Eco LED T140 100W E27,Lighting,8,104.00,92.50,-11.50,-11.06,8,YUAN MING
SWI-T/SOC-40/016-4G,PCS,Taicon 4G 40/016 Nut Box,Fasteners & Fixings,7,57.90,46.50,-11.40,-19.69,6,ECO ENTERPRISE3
FAN-ACC-BLA,PCS,Fan Blade 18 For Auto Fan (khind),Fans & Ventilation,1,23.90,35.30,11.40,47.70,1,KHIND-MISTRAL
TRA-SOC-METAL-125504,PCS,Taicon 1G 70/0076 Metal Trailing Socket 8M (125504),Electrical,5,74.90,63.50,-11.40,-15.22,5,ECO ENTERPRISE3
SCA-CAM-3100076,PCS,Electronic Bathroom Scale B03A (GLASS/ROUND)180KG,Bathroom,1,82.90,71.50,-11.40,-13.75,1,ZHONG YUAN3
TRA-SOC-METAL-125502,PCS,Taicon 2G 70/0076 Metal Trailing Socket 5M (125502),Electrical,3,74.90,63.50,-11.40,-15.22,3,ECO ENTERPRISE3
LAM-LIG-T16W-60W,PCS,National Light Output T16W Light Capsule,Lighting,9,6.60,18.00,11.40,172.73,9,GOLDEN DAY
KGR-KIM-1L-9213,TIN,1 Litre KIMTONE-9213,Paint & Sundries,3,48.90,37.50,-11.40,-23.31,3,ING PING3
KGR-KIM-1L-9221,TIN,1 Litre KIMTONE-9221,Paint & Sundries,3,48.90,37.50,-11.40,-23.31,3,ING PING3
WEL-TOR-YAM-CUT,PCS,Yamato Cutting Torch,Lighting,3,92.90,81.50,-11.40,-12.27,3,SONIC3
"COC-BASIN-K400C-1/2""",PCS,Washbasin Tap:c/p Cross-type 1/2,Plumbing,7,41.90,30.50,-11.40,-27.21,7,KWONG TECK CHIONG3
"CUT-DIS-AKODA-4""-A4",PCS,Akoda 4 Diamond Blade Turbo A4,Abrasives & Cutting,9,46.90,35.50,-11.40,-24.31,9,T.K.G
SWI-SOC-EVB-318WSS-IP66,PCS,E'bright IP66 13A Weatherproof Socket,Electrical,1,52.90,41.50,-11.40,-21.55,1,FULL-LITE
DOR-LOC-LEV-SMR-3491AC,SET,Heavy Duty Level Lock SMR-3491AC,Locks & Security,5,67.90,56.60,-11.30,-16.64,5,SYN JING LEE
TOW-SAN-SWP-BF-3713,PCS,Saniware Double Towel BAR (630X148X48MM),Bathroom,2,86.90,98.00,11.10,12.77,2,VTC HARDWARE
SHO-SAN-SWP-HS-504,PCS,Saniware Premier Hand Shower With Holder And Flexible Hose,Bathroom,2,77.90,89.00,11.10,14.25,2,VTC HARDWARE
TOW-SAN-SWP-BF-3708,PCS,Saniware Robe Hook,Bathroom,2,76.90,88.00,11.10,14.43,2,VTC HARDWARE
SHO-SAN-SWP-SA-400B,PCS,Saniware Premier Shower Arm-black SWP-SA-400B,Bathroom,2,72.90,84.00,11.10,15.23,2,VTC HARDWARE
MIR-GLO-S-GLC4560BLACK,PCS,Alum. Frame Mirror (black),Bathroom,10,83.90,95.00,11.10,13.23,10,GLOREX
HOS-GAR-MARK-X-DB-13MTR,ROLL,Mark-x Gar UV Net Hose 4PLY Dark,Outdoor & Garden,17,79.90,68.80,-11.10,-13.89,17,MAJOR HARVEST3
"FAS-SCR-F/H-5/8"" X 8# BOX",BOX,Sr F/h Self Drilling Screw 5/8 X 8 (1000PCS/BOX),Fasteners & Fixings,3,57.90,46.80,-11.10,-19.17,3,SYARIKAT HUA KIONG3
WAL-DOW-NF-1801/12OP,PCS,12 Lamp Globe Shape,Lighting,4,77.90,89.00,11.10,14.25,4,CIMA
DIS-DIA-BOS-100MM,PCS,Blimax Diamond Cup,Other,5,33.90,22.80,-11.10,-32.74,5,MAJOR HARVEST3
ELE-LED-SOL-EMGY-200W-3CLR,PCS,Solar Emergency,Electrical,7,67.90,79.00,11.10,16.35,7,TOP GAN
ELE-MUL-TES-UNI,SET,Uni-t UT33B+ Multi Meter Tester,Electrical,6,79.90,68.80,-11.10,-13.89,6,FULL-LITE
ELE-LED-SOL-YB-L10532-28W,SET,Marviss 28W Outdoor Sensor Solar Light (L10532),Electrical,2,77.90,89.00,11.10,14.25,2,CIMA
KET-PSN-NC-GK1WSK,PCS,Panasonic 1.7L Plastick Kettle,Home Appliances,2,179.00,168.00,-11.00,-6.15,2,KIONG HUO
WOO-PLY-3.6MM,PCS,Plywood 3.6MM X 4 X 8,Building Materials,72,38.90,27.90,-11.00,-28.28,72,KIMWOOD
SHO-SRT-SRTSS5660-GM,PCS,Sorento ABS Hand Shower 3FUNCTIONS SRTSS5660-GM,Bathroom,2,134.00,145.00,11.00,8.21,2,SYNTALUN
VAC-KHI-VC68P,SET,Khind - Vacuum Cleaner 600W (gold),Chemicals & Adhesives,3,219.00,208.00,-11.00,-5.02,3,KHIND-MISTRAL
STA-DRI-BG6109B,PCS,BG6109B Drill Stand,Power Tools,2,134.00,145.00,11.00,8.21,2,SYN JING LEE
NIP-SEA-5100-05L,CAN,5L Nippon Vinilex 5100 Wall Sealer,Paint & Sundries,4,134.00,145.00,11.00,8.21,4,PAINT MAR.2
"NIE-SOC-IMP-1""-36MM",PCS,Nietz 1 IN Dr Impact Socket (6PT) 50170036 36MM,Power Tools,2,84.90,73.90,-11.00,-12.96,2,SUNWAY WINSTAR
"NIE-SOC-IMP-3/4""-46MM",PCS,Nietz Dr Impact Socket (6PT) 50160046 46MM,Power Tools,2,82.90,71.90,-11.00,-13.27,2,SUNWAY WINSTAR
NIE-SOC-IMP-DEE-1/2-30MM,PCS,Nietz Deep Impact Socket (6PT) 50142030 30MM,Power Tools,2,51.90,40.90,-11.00,-21.19,2,SUNWAY WINSTAR
BOS-0601-B33-0L0,UNIT,Gcm 216 Compound Mitre Saw,Power Tools,1,1009.00,998.00,-11.00,-1.09,1,CMW ENGINEERING2
SIN-CAV-CA820N,PCS,Cavallo S/steel Sink CA820N,Kitchen & Sinks,10,124.00,135.00,11.00,8.87,10,SYN JING LEE
ELE-CAB-SPEAKER-COSTA-30/0.18MMX2C,COIL,Taicon Speaker Wire Pink,Electrical,1,179.00,168.00,-11.00,-6.15,1,ECO ENTERP
TAP-CAB-CB4944-CR,PCS,Cabana High Basin Cold Tap,Bathroom,3,264.00,275.00,11.00,4.17,3,SYNTALUN
ELE-CEI-LIG-A037/400-3CLR+BL,PCS,Ceiling Light A037-400-3CLR+BL,Lighting,5,134.00,145.00,11.00,8.21,5,TOP GAN
"FAN-VEN-KDK-15WUD-6""",PCS,6 Kdk Glass Mount Ventilator Fan,Fans & Ventilation,3,199.00,188.00,-11.00,-5.53,3,SK HARDWARE
"FAN-VEN-KDK-25AQM7-10""",PCS,Kdk Ventilator FAN-10 25AQM7,Fans & Ventilation,3,179.00,168.00,-11.00,-6.15,3,SK HARDWARE
PRO-COAT-Z588-GRY,TIN,Procoat Z588 Grey 4KG,Paint & Sundries,2,149.00,138.00,-11.00,-7.38,2,WHA WEE
GRA-CUT-SUMO-SM33,UNIT,Sumo Brush Cutter SM33N,Outdoor & Garden,5,369.00,358.00,-11.00,-2.98,5,CMW ENGINEERING
ELE-PEN-88005/A-E27,PCS,Aluminium Pendant Lamp 88005/A,Lighting,3,134.00,145.00,11.00,8.21,3,CIMA
MAC-SEA-90000298,PCS,Iron Hand Pressure Sealing Machine/impulse Sealer SF-300/300MM,Paint & Sundries,2,114.00,125.00,11.00,9.65,2,ZHONG YUAN3
PUM-WTR-MARLINO-AP37L1,UNIT,Adelino Peripheral Pump,Pumps & Water,5,209.00,198.00,-11.00,-5.26,5,CMW ENGINEERING3
DC-JIZ-FF02-13,SET,Electric Drill / DJZ02-13,Power Tools,5,194.00,205.00,11.00,5.67,4,GL BOSUN3
PRO-COAT-Z588-WHI,TIN,Procoat Z588 White 4KG,Paint & Sundries,1,149.00,138.00,-11.00,-7.38,1,WHA WEE
TAP-SINK-QXY-PT-5046,PCS,QXY-PT-5046: Pillar Sink Tap,Kitchen & Sinks,2,124.00,135.00,11.00,8.87,2,HSIN NGIE
SOA-CAB-CPA2008C,UNIT,Cabana Soap Dispenser (300ML X 2),Bathroom,2,119.00,130.00,11.00,9.24,2,HUE HOME
SWI-CON-10A-120W-TC-10990,PCS,Taicon Power Supply 10A 12V 120W (big),Electrical,2,52.90,41.90,-11.00,-20.79,2,ECO ENTERPRISE3
DOR-WOO-KY503,PCS,KY503 33 3/4 X 83,Doors & Hardware,2,329.00,318.00,-11.00,-3.34,2,NAGA DOOR
SWI-SOC-ELE-TSBK13,PCS,13A Flat Pin Tracks Socket Black-blue LED (BK13),Lighting,4,41.90,52.90,11.00,26.25,4,TRISTAR
SWI-SOC-ELE-TSGD13,PCS,13A Flat Pin Tracks Socket Gold-blue LED (GD13),Lighting,4,41.90,52.90,11.00,26.25,4,TRISTAR
TAP-SINK-QXY-AT-5045,PCS,QXY-AT-5045: Arc / Wall Sink Tap,Kitchen & Sinks,1,124.00,135.00,11.00,8.87,1,HSIN NGIE
TOO-WRE-PIP-A1200MM,PCS,Glotool Pipe Wrench American Type 48,Hand Tools,1,124.00,135.00,11.00,8.87,1,SONIC3
DC-M1B-FF-82X1,SET,Electric Planer,Power Tools,2,224.00,235.00,11.00,4.91,2,GL BOSUN3
IND-WHE-WB-533,UNIT,King Kong Wheel Barrow,Building Materials,6,144.00,155.00,11.00,7.64,6,KIM KONG3
CUT-PRU-PAS-W815,PCS,W815 By-pass Pruner 200MM,Abrasives & Cutting,12,34.90,23.90,-11.00,-31.52,12,JUMBO
DOR-LOC-LEV-SMR-3491MG,SET,Heavy Duty Level Lock SMR-3491MG,Locks & Security,5,67.90,56.90,-11.00,-16.20,4,SYN JING LEE
TOO-PAC-SET-TP16,SET,TP16 Manual Packing Machine & Plier,Hand Tools,3,114.00,125.00,11.00,9.65,3,SYN JING LEE
"FAS-SCR-TAP-CSK-6#2-1/2""-BOX",BOX,"6 X2-1/2""CSK Self Tapping Screw-flat Head (500PCS/BOX)",Fasteners & Fixings,2,64.90,53.90,-11.00,-16.95,2,KIM KONG3
BNW-B&N-RBN-212-BOX,BOX,Sr G. I Boit & Nut 1/4 X 1 1/4 (box),Fasteners & Fixings,3,36.90,25.90,-11.00,-29.81,3,SYARIKAT HUA KIONG3
GAS-STO-HM-HGB-1630,UNIT,Homa Plus Ab Type Gas Furnace (993) - 1630,Home Appliances,2,114.00,103.00,-11.00,-9.65,5,L.F. WHOLESALER
AER-DOU-WAT-FIL,UNIT,Aerico Double Water Filter,Pumps & Water,6,124.00,135.00,11.00,8.87,6,AERICO
CUT-PAR-COV-N18,PCS,N-18 18 Knife With Cover,Abrasives & Cutting,4,44.90,33.90,-11.00,-24.50,4,DALMAX
ELE-LED-FLO-SOR-100W,UNIT,Ilite Solar Street,Electrical,3,154.00,165.00,11.00,7.14,3,TOP GAN
CEI-COR-314D,NOS,314D Cornice Corners,Building Materials,4,38.90,27.90,-11.00,-28.28,4,S.A.L. PLASTER
WEL-MAC-MIG-MINI-200A,UNIT,Fighter Inverter MIG Machine 200A,Welding,1,1599.00,1588.00,-11.00,-0.69,1,CMW ENGINEERING2
"ELE-CAS-1""X2""",LGTH,M. Trunking 1 X 2 G24 0.4MM Normal Orange Lanric,Electrical,10,37.90,26.90,-11.00,-29.02,10,SEBD3
X-FLO-MOC-66160,PCS,24 X 24 Pure Black Tiles,Power Tools,1,42.90,31.90,-11.00,-25.64,1,CHEE LIAN
X-FLO-MOC-P6QP452,PCS,P6QP452 60X60CM,Power Tools,1,42.90,31.90,-11.00,-25.64,1,BRAVO-LINE
GUN-TAC-STA-TR45,UNIT,Light-duty Staple Gun TR45,Fasteners & Fixings,3,104.00,93.00,-11.00,-10.58,3,YUNG KONG
SWI-SOC-MK-G2977,EA,Mk Alm 13A M/c S/socket,Electrical,7,39.90,28.90,-11.00,-27.57,7,SEBD3
VAL-BAL-ITA-25MM,PCS,Brass Ball Valve - Italy 25 MM,Plumbing,9,37.90,26.90,-11.00,-29.02,9,SONIC3
"IND-UMB-SQU-11""",PCS,Hawker Umbrella - Square (11'),Housewares,4,184.00,173.00,-11.00,-5.98,4,SONIC
GRA-CUT-STC1820EPCF-CHARGER,PCS,Black+decker Power Command 18V -charger,Outdoor & Garden,2,104.00,115.00,11.00,10.58,2,HUACHIAN ENGINEERING
SWI-T/SOC-LBS2023U,SET,Lwd 3GL+USB T/skt Surge Protector,Electrical,2,67.90,56.90,-11.00,-16.20,2,FULL-LITE
"CUT-DIS-AKODA-4""-D1",PCS,Akoda 4 Diamond Blade Turbo D1,Abrasives & Cutting,11,40.90,29.90,-11.00,-26.89,11,T.K.G
JAC-FLO-CNN-3 TON,SET,China Floor Jack - 3 Ton,Lifting & Rigging,1,439.00,428.00,-11.00,-2.51,1,SONIC3
DOR-DEA-BOL-LEO-301SS,PCS,Leon Deadbolt,Locks & Security,1,35.90,46.90,11.00,30.64,13,BOON SENG
SWI-T/BOX-940AF,SET,Extension Box 9 Meter,Electrical,2,49.90,38.90,-11.00,-22.04,1,FULL-LITE
"CUT-PAR-COV-16""",PCS,16 Parang With Cover,Abrasives & Cutting,8,42.90,31.90,-11.00,-25.64,6,WHA WEE
GUN-WUF-F75S,SET,Wufu Spray Gun (F-75S),Power Tool Accessories,1,89.90,78.90,-11.00,-12.24,1,SONIC3
SAF-SLI-GLO-5TON6M,LGTH,Webbing Sling (glolift) 125MM 5 Ton X 6M,Lifting & Rigging,3,99.00,88.00,-11.00,-11.11,2,
STAN-BAT-12V-N652342,PCS,Battery Charger 12V,Electrical,1,129.00,118.00,-11.00,-8.53,1,HUACHIAN ENGINEERING
GAR-SHE-TIG-8530,PCS,Straight Hedge Shear : Tiger Taiwai 8530,Outdoor & Garden,1,78.90,67.90,-11.00,-13.94,1,KWONG TECK CHIONG3
CUT-PAR-COV-135,PCS,135 Parang With Cover,Abrasives & Cutting,5,43.90,32.90,-11.00,-25.06,5,WHA WEE
PYE-WATER-LOCK-1.5KG,TIN,PYE Water-lock 1.5KG,Locks & Security,4,54.90,43.90,-11.00,-20.04,3,BENTON
CUT-PAR-COV-125,PCS,125 Parang With Cover,Abrasives & Cutting,5,41.90,30.90,-11.00,-26.25,5,WHA WEE
HOS-REL-EAG-6230#,PCS,Eagle H/duty Portable Hose Reel (6230 ),Fishing & Tackle,2,98.90,87.90,-11.00,-11.12,2,HSIN NGIE
VAL-BAL-CNN-38MM,PCS,Steel Ball Valve - Cnn 38 MM,Plumbing,2,39.90,28.90,-11.00,-27.57,2,SONIC3
BAT-ENE-MAX-9V2PCS,PCK,Energizer Max 9V 2 Pc,Electrical,10,36.90,25.90,-11.00,-29.81,10,HUA BAN
WEL-REG-IW-23AR,PCS,I-weld Argon Regulator,Welding,1,124.00,113.00,-11.00,-8.87,1,CMW ENGINEERING
KHI-MOS-KIL-IK6206,SET,Khind Mosquito Killer (blue),Home Appliances,3,49.90,39.00,-10.90,-21.84,3,KHIND-MISTRAL
KHI-TOA-ST612,SET,Khind Sandwich Toaster (white),Home Appliances,1,89.90,79.00,-10.90,-12.12,1,
GAR-SPR-PRE-L860,PCS,Glotool Pressure Sprayer 16 Litre,Outdoor & Garden,3,99.90,89.00,-10.90,-10.91,3,SONIC3
WAS-BAS-BA805-WHT,NOS,L303 Wall Hung Wash Basin,Bathroom,6,79.90,69.00,-10.90,-13.64,6,IN CERAMICS SDN. BHD
WEL-ELE-NSW-308L-2.6MM,KGS,Nihonweld Electrode X 2.5MM,Welding,10,56.90,46.00,-10.90,-19.16,9.09,SONIC
SWI-CON-33A-400W,PCS,Taicon Power Supply (low Noise) 33A 12V 400W,Electrical,1,94.90,84.00,-10.90,-11.49,1,ECO ENTERPRISE3
ELE-CAB-WIR-ML-1.5MM2-GRE,ROLL,"ML PVC Cable, Green",Electrical,9,89.90,79.00,-10.90,-12.12,9,MODERNVEST
FAS-SCR-DS516HOW-BOX,BOX,10 X 5/8 Lion King Self-drilling Screw,Fasteners & Fixings,11,59.90,49.00,-10.90,-18.20,11,CHIN LAI
SAF-SLI-GLO-3TON8M,LGTH,Webbing Sling (glolift) 75MM 3 Ton X 8M,Lifting & Rigging,3,77.90,67.00,-10.90,-13.99,3,
HHD-CIS-HIGH,SET,Weser Plastic High Level Cristern,Bathroom,1,45.90,35.00,-10.90,-23.75,1,WHA WEE
MEA-WHE-SES06,SET,6 Sensui Measuring Wheel,Hand Tools,3,129.00,139.90,10.90,8.45,3,CRYSTAL TRIUMPH S/B
SWI-SOC-ELE-E20AB,PCS,Elegance 20A Double Pole Swi Neon-blk (E20AB),Electrical,12,34.90,45.60,10.70,30.66,12,
X-FLO-MOC-RALM123,PCS,Glass Mosaic 30 X 30CM RALM123,Building Materials,1,40.90,30.20,-10.70,-26.16,1,BRAVO-LINE
X-FLO-MOC-RCM134,PCS,Glass Mosaic 30 X 30CM RCM134,Building Materials,1,40.90,30.20,-10.70,-26.16,1,BRAVO-LINE
X-FLO-MOC-RCM139,PCS,Glass Mosaic 30 X 30CM RCM139,Building Materials,1,40.90,30.20,-10.70,-26.16,1,BRAVO-LINE
TAP-SKC-M14X1.75,SET,Skc Hand Tap M14 X 1.75,Plumbing,1,64.90,54.20,-10.70,-16.49,1,SONIC3
BID-SOR-SRT86-GY,PCS,Sorento Brass Hand Bidet - SRT86-GY,Bathroom,3,84.90,95.50,10.60,12.49,3,SYNTALUN
SPR-BID-HEA-LUX-LT2020,SET,Luxtec Spray Bidet Set,Bathroom,4,41.90,52.50,10.60,25.30,2,VERTEX
NIP-EAS-5874-7L,CAN,7L Easycoat Emulsion 5874 Oyster Grey,Paint & Sundries,1,48.90,59.50,10.60,21.68,1,PAINT MAR.
OIL-CAN-4L,PCS,Oil Can 4L,Automotive,3,58.90,69.50,10.60,18.00,3,WEE TAT TRADING
TOO-SOC-SET-0955X24,SET,R'key Drive Socket Set 0955,Hand Tools,4,68.90,79.50,10.60,15.38,4,JHT HARDWARE
SCA-CAM-NTA-3100013,PCS,Camry- Hanging Scale Nta / 100KG,Housewares,3,109.00,98.50,-10.50,-9.63,4,ZHONG YUAN3
ELE-CAB-WIR-MKK-1.5MM-BLACK,ROLL,MKK Cable 1.5MM (7/0.39MM) Black,Electrical,49,59.90,49.50,-10.40,-17.36,49,MAJOR HARVE
ELE-CAB-WIR-MKK-2.5MM-GRE,ROLL,MKK Cable 2.5MM (7/0.49MM) Green,Electrical,26,89.90,79.50,-10.40,-11.57,26,MAJOR HARVE
BOS-2608-615-097,PCS,110 X Turbo Rim Granite,Power Tools,3,77.90,67.50,-10.40,-13.35,3,CMW ENGINEERING
SWI-T/SOC-40/016-3G,PCS,Taicon 3G 40/016 Nut Box,Fasteners & Fixings,6,49.90,39.50,-10.40,-20.84,6,ECO ENTERPRISE3
"NIE-SOC-IMP-3/4""-48MM",PCS,Nietz Dr Impact Socket (6PT) 50160048 48MM,Power Tools,2,89.90,79.50,-10.40,-11.57,2,SUNWAY WINSTAR
NIE-SOC-IMP-DEE-3/4-32MM,PCS,Nietz Deep Impact Socket (6T) 32MM 50162032,Power Tools,2,83.90,73.50,-10.40,-12.40,2,SUNWAY WINSTAR
"NIE-SOC-IMP-1""-34MM",PCS,Nietz 1 IN Dr Impact Socket (6PT) 50170034 34MM,Power Tools,1,74.90,64.50,-10.40,-13.89,1,SUNWAY WINSTAR
SWI-SOC-ALM-MK-G2946,EA,Mk Alm 13A X 2 M/c S/socket,Electrical,7,59.90,49.50,-10.40,-17.36,7,SEBD3
KOYA-GRE-KOY-2KG,JAR,2KG P525 All Purpose Grease,Chemicals & Adhesives,4,54.90,44.50,-10.40,-18.94,4,ING PING3
KGR-KIM-1L-9212,TIN,1 Litre KIMTONE-9212,Paint & Sundries,4,47.90,37.50,-10.40,-21.71,4,ING PING3
BNW-B&N-RBN-120-BOX,BOX,Sr G. I Boit & Nut 3/16 X 2 (B0X),Fasteners & Fixings,2,39.90,29.50,-10.40,-26.07,2,SYARIKAT HUA KIONG3
PYE-SLA-SEAL-1.0LTR,TIN,PYE Slate Seal 1.0LTR,Building Materials,3,49.90,39.50,-10.40,-20.84,3,BENTON3
SWI-T/SOC-9822-5M2G,SET,2GL T/skt W/surge (sr) 9822/5M,Electrical,1,45.90,35.50,-10.40,-22.66,1,FULL-LITE
CUT-PIP-TUB-STA-3-16MM-998493033,PCS,1/8 (3MM) - 5/8 (16MM) Tubing Cutter,Abrasives & Cutting,8,36.90,26.50,-10.40,-28.18,8,YUNG KONG
BAT-ENE-MAX-AA-8PCS,PCK,Enr Max Aa 8PCS,Electrical,17,39.90,29.50,-10.40,-26.07,17,HUA BAN
BAT-ENE-MAX-D2PC,PCK,En Max D 2 Pc,Electrical,10,30.90,20.50,-10.40,-33.66,10,HUA BAN
SHH-ROD-777S165,PCS,"777 Sin Solid Rod 165 (5'6"") Fishing Rod (4+1)(MIX Clr)",Fishing & Tackle,2,36.90,26.50,-10.40,-28.18,2,SINHENHUA
TAP-SKC-UNC-10MM,SET,Skc Hand Tap Unc 3/8,Plumbing,1,39.90,29.50,-10.40,-26.07,1,SONIC3
NIP-SAT-GLO-5L-P,CAN,5L Nippon Satin Glo Pastel Base,Paint & Sundries,6,199.00,209.30,10.30,5.18,6,PAINT MAR.2
NIP-QLA-5L-T,CAN,5L Nippon Q-lac Tint Base,Paint & Sundries,3,189.00,199.30,10.30,5.45,3,PAINT MAR.2
MIR-GLO-S-GLC4560GOLD,PCS,Alum. Frame Mirror (gold),Bathroom,10,83.90,94.00,10.10,12.04,10,GLOREX
GLU-EPO-356G,SET,Pioneer Epoxy Glue 356G X,Chemicals & Adhesives,10,49.90,39.80,-10.10,-20.24,10,SYN JING LEE
SIN-CAV-CA1842C,PCS,Cavallo S/steel Sink CA1842C,Kitchen & Sinks,11,68.90,79.00,10.10,14.66,11,SYN JING LEE
SPR-BID-SWP-SS304-75S,SET,S/s Spray Bidet 1.2MM Fle Hose,Bathroom,7,74.90,85.00,10.10,13.48,7,VTC HARDWARE
ELE-SOL-W2803,PCS,Electric Solder Iron,Home Appliances,4,49.90,39.80,-10.10,-20.24,4,JUMBO
HOS-GAR-ORA-GREENLAND-16MMX30M,ROLL,Garden Hose - Gre/blk 2LAYER 16MMX3.0MMX30M,Outdoor & Garden,5,94.90,105.00,10.10,10.64,15,BOON SENG
MARK-X-STA-MKX-2020,UNIT,Mark-x Angle Grinder Stand,Power Tools,3,94.90,105.00,10.10,10.64,3,MAJOR HARVE
MEA-TAP-STA-POW-8.0M,PCS,8M/26 X 1 Powerlock Tape Ruler,Hand Tools,4,64.90,54.80,-10.10,-15.56,4,YUNG KONG
TOO-CLA-BLI-B212,PCS,Blimax Partition Keel Clamp - B212,Hand Tools,2,54.90,65.00,10.10,18.40,2,ALIKE HARDWARE3
CUT-DIS-B07-F2GP-180,PCS,"7""-180CSA, General Purpose / F2GP",Abrasives & Cutting,1,58.90,48.80,-10.10,-17.15,1,GL BOSUN DIAMOND
FIT-UPVC-BEN-ELB-45-155MM,PCS,U-pvc Bend (elbow) 155MM 6,Plumbing,4,39.90,29.80,-10.10,-25.31,4,KIONG SING
CAR-COAT-WAX-500ML,PCS,Aa Car Care Coating Wax 500ML,Automotive,5,49.90,39.80,-10.10,-20.24,5,AVEREST
SWI-FLO-UKY2-4M,PCS,Chngia Floot Switch 4M,Electrical,8,6.90,16.98,10.08,146.09,8,GOLDEN DAY
LIN-FUS-63A,PCS,63A Fuse Link-sesco,Electrical,1,18.50,8.49,-10.01,-54.11,1,GOLDEN DAY
JOV-WAT-HEA-SL30IP-WHI,PCS,Joven (white) Instant Water Heater SL30IP,Home Appliances,5,509.00,499.00,-10.00,-1.96,10,
JOV-WAT-HEA-SL30E-WHI-RS,PCS,Joven (white) Instant Water Heater SL30E-RS,Home Appliances,9,509.00,499.00,-10.00,-1.96,9,
JOV-WAT-HEA-SB11IP-BLK-RS,PCS,Joven (blk) Instant Water Heater,Home Appliances,5,759.00,769.00,10.00,1.32,5,
STA-GRI-SG6100,UNIT,Stanley Grinder 620W,Power Tools,8,119.00,129.00,10.00,8.40,8,HUACHIAN3
STA-GRI-SCG400-SOLO,UNIT,Stanley 20V Grinder,Power Tools,3,289.00,299.00,10.00,3.46,3,HUACHIAN3
SHO-SOR-SRTSH22614-BL,PCS,Sorento 229MM ABS Rain Shower Head (matt Blk),Bathroom,2,109.00,119.00,10.00,9.17,2,SYNTALUN
JOV-WAT-FIL-JP200,PCS,Joven (red) Water Purifier,Home Appliances,5,189.00,179.00,-10.00,-5.29,5,JOVEN3%
KHI-INF-COO-IRC2000,SET,Khind - Infrared Cooker (black),Home Appliances,3,229.00,239.00,10.00,4.37,3,KHIND-MISTRAL
BOS-0601-1A2-1L0,UNIT,Gsb Impact Drill,Power Tools,2,869.00,879.00,10.00,1.15,2,CMW ENGINEERING2
KHI-COO-RC828N,SET,Khind Rice Cooker 2.8L,Home Appliances,3,149.00,159.00,10.00,6.71,3,KHIND-MISTRAL
STA-TRI-ST55,UNIT,Stanley 550W 6.35MM Corded Trimmer,Power Tools,4,269.00,279.00,10.00,3.72,4,HUACHIAN3
SHO-SOR-SRTSS3013,PCS,Sorento Hand Shower - SRTSS3013,Bathroom,3,109.00,119.00,10.00,9.17,3,SYNTALUN
TOW-SOR-SRT2408-GM,PCS,Sorento Single Towel BAR S/s (LENGTH:800MM),Bathroom,2,139.00,149.00,10.00,7.19,2,SYNTALUN
SHO-SOR-SRTSS5660,PCS,Sorento ABS Hand Shower 3FUNCTIONS SRTSS5660,Bathroom,2,129.00,139.00,10.00,7.75,2,SYNTALUN
BOS-0601-396-1L0,UNIT,Gws Small A/grinder,Power Tools,2,459.00,469.00,10.00,2.18,2,CMW ENGINEERING3
TOW-SAN-SWP-BF-3714,PCS,Saniware Premier Double Tower BAR (630X148X48MM),Bathroom,2,119.00,129.00,10.00,8.40,2,VTC HARDWARE
STA-POL-KP600-152MM,UNIT,Black+decker Car Waxer/polisher,Power Tools,3,259.00,269.00,10.00,3.86,3,HUACHIAN3
BOS-RB2600,UNIT,Robin Hand Blower,Power Tools,1,569.00,579.00,10.00,1.76,1,CMW ENGINEERING2
TOO-COM-SET-GT832,SET,Glotool Combination Wrench Set 14 X 8-32MM,Hand Tools,2,119.00,129.00,10.00,8.40,2,SONIC3
FAN-TAB-KHI-TF168,SET,Khind- Se Table Fan 16 (winter Grey),Fans & Ventilation,1,129.00,119.00,-10.00,-7.75,1,KHIND-MISTRAL
NIP-HYD-WOD-MET-5L,CAN,5L Nippon Hydro Wood & Metal Primer,Paint & Sundries,3,219.00,209.00,-10.00,-4.57,3,PAINT MAR.2
JAC-FLO-GLO-2TON,SET,Glotool China Floor Jack - 2TON,Automotive,3,119.00,129.00,10.00,8.40,2,SONIC3
"FAN-CEI-KDK-K14PH-PBR-56""",PCS,Kdk DC Motor Ceiling FAN-56 (brown),Fans & Ventilation,2,459.00,449.00,-10.00,-2.18,2,SK HARDWARE
SHE-SOR-SRT7907-RG,PCS,Sorento S/s Glass Shelf Blk+rg,Building Materials,2,139.00,149.00,10.00,7.19,2,SYNTALUN
FAN-PSN-FV-30AUM8,PCS,Panasonic 12 Wall Mounted V Fan,Fans & Ventilation,2,229.00,219.00,-10.00,-4.37,2,KIONG HUO
"NIE-SOC-IMP-3/4""-45MM",PCS,Nietz Dr Impact Socket (6PT) 50160045 45MM,Power Tools,1,77.90,67.90,-10.00,-12.84,1,SUNWAY WINSTAR
TAR-SHT-GT2-15X25,SHT,Glotool PE Tarp Sheet - 15 X 25 (GT02),Building Materials,2,109.00,119.00,10.00,9.17,2,ALIKE HARDWARE3
NIP-SEA-5400-05L,CAN,5L Nippon Vinilex 5400 Wall Sealer,Paint & Sundries,11,119.00,109.00,-10.00,-8.40,11,PAINT MAR.2
BOS-0611-254-76C,UNIT,Gbh 2-26 Dfr Rotary Hammer,Power Tools,1,1129.00,1139.00,10.00,0.89,1,CMW ENGINEERING2
NIP-SEA-5400-20L,DRUM,18L Nippon Vinlex 5400 Wall Sealer,Paint & Sundries,4,279.00,269.00,-10.00,-3.58,4,PAINT MAR.2
TAR-SHT-GT2-20X30,SHT,Glotool PE Tarp Sheet - 20 X 30 (GT02),Building Materials,1,169.00,179.00,10.00,5.92,3,ALIKE HARDWARE3
BLE-PSN-MX-EX1531WSK,PCS,Panasonic Blender With Twin Jug & Dry Mill 450W,Home Appliances,1,259.00,269.00,10.00,3.86,1,KIONG HUO
BOS-CF-1033,SET,219PCS Everise Rotary Tool & Accesories Set,Power Tools,3,309.00,299.00,-10.00,-3.24,3,CMW ENGINEERING3
TOR-ENE-LED-2D,PCK,Eveready 2D Brilliant (GPHH25),Other,3,45.90,35.90,-10.00,-21.79,3,HUA BAN
BOS-0600-8C1-H70,UNIT,Easy Grasscut 23 Grass Trimmer,Power Tools,3,259.00,269.00,10.00,3.86,3,CMW ENGINEERING3
NIP-TIM-1L-T,CAN,1L Nippon Timbershade Tint Base,Paint & Sundries,2,58.90,48.90,-10.00,-16.98,2,PAINT MAR.2
FAN-STA-BSF-8031,PCS,Butterfly 8 Stand Fan (black),Fans & Ventilation,10,129.00,119.00,-10.00,-7.75,10,LEA HIN 3%
TAP-SIN-SRTKT1961SS-BL-DIY,PCS,Sorento Pillar Mou Flex Kitchen Tap S/s-matt Blk,Plumbing,1,159.00,169.00,10.00,6.29,1,SYNTALUN
"NIE-HAN-L-1/2""",PCS,Nietz Dr L Hdl (CR-MO)50047610 10IN,Hand Tools,1,44.90,34.90,-10.00,-22.27,1,SUNWAY WINSTAR
RIC-COO-BTY-PL-50,PCS,Butterfly Gas Rice Cooker,Home Appliances,1,689.00,699.00,10.00,1.45,1,KIONG HUO
"FAN-WALL-NIKO-26""",PCS,Niko Fi- 26 Ind. Wall Fan 240V,Fans & Ventilation,2,319.00,329.00,10.00,3.13,2,SEBD3
"FAN-VEN-KDK-20TGQF-8""",PCS,Kdk Ceiling V-FAN-8,Fans & Ventilation,3,199.00,189.00,-10.00,-5.03,3,SK HARDWARE
FAN-STA-PSN-F-MX405-CA,PCS,MX405-16 Stand Fan (champagne),Fans & Ventilation,2,279.00,269.00,-10.00,-3.58,2,KIONG HUO
RIC-COO-PSN-BRC-6050,PCS,Butterfly 10L Electric Rice Cooker,Home Appliances,1,569.00,559.00,-10.00,-1.76,1,KIONG HUO
GAS-STO-BGC-933/305,PCS,Butterfly SS Double G/cooker,Home Appliances,2,259.00,249.00,-10.00,-3.86,2,CHAI KA
TOI-CER-CS102WH,NOS,Ceramic Cistern Only - T506(L/W),Bathroom,2,229.00,239.00,10.00,4.37,2,IN CERAMICS SDN. BHD
FOL-TAB-CNYX-Z122-3X,PCS,4FT Folding Table,Other,5,139.00,149.00,10.00,7.19,5,L.F. WHOLESALER
GLO-WEL-UNISAFE,PAIR,Unisafe Split Leather Welding Glove 13-1/2,Safety & Workwear,10,39.90,29.90,-10.00,-25.06,10,HTC HARDWARE
SINK-TAP-DE115A-RP,NOS,Doe Cp Brs P. Sink Tap W/ A. Line ABS Hdl,Kitchen & Sinks,3,129.00,139.00,10.00,7.75,3,SUNWAY WINSTAR
COC-SINK-K505C,SET,Sink Tap:kk Cross Type Pillar 1/2,Kitchen & Sinks,8,45.90,35.90,-10.00,-21.79,8,KWONG TECK CHIONG3
ELE-PEN-9393/3,SET,9393/3 Pendant Lamp (E27X3),Lighting,3,119.00,129.00,10.00,8.40,3,CIMA
HOS-GAR-SET-ECO15M1107,SET,Ecogreen- Iron Hose Reel Set 15M,Fishing & Tackle,3,189.00,179.00,-10.00,-5.29,3,ZHONG YUAN3
MIR-GLO-S-RD60A282(GGD),PCS,Dia. (round) Aluminium Frame-green Gold RD60A282(GOLD),Bathroom,3,109.00,119.00,10.00,9.17,3,GLOREX
X-ELE-LED-SOL-8032-100W-6500K,PCS,Solar Floodlight,Lighting,3,109.00,119.00,10.00,9.17,3,TOP GAN
MIR-GLO-S-CR4560A281(BK),PCS,(curved-rectangular) Alum. Frame Mirror- Black CR4560A281(BK),Bathroom,3,99.00,109.00,10.00,10.10,3,GLOREX
SPR-BID-B7011,PCS,Bliton Bathroom Bidet Set,Bathroom,4,67.90,57.90,-10.00,-14.73,4,CRYSTAL TRIUMPH S/B
BOS-2608-600-428,PCS,16 Cutting Disc,Abrasives & Cutting,5,47.90,37.90,-10.00,-20.88,5,CMW ENGINEERING
TAP-PIL-I301,PCS,Pillar Sink Tap I301 Wtc,Kitchen & Sinks,5,45.90,35.90,-10.00,-21.79,5,DALMAX3
TOI-CER-CS102SQ,NOS,Ceramic Cistern Only - T507(H/L),Bathroom,1,229.00,239.00,10.00,4.37,1,IN CERAMICS SDN. BHD
SUMO-LT1200N-6,UNIT,Sumo Gasoline Generator SM1200N-6,Outdoor & Garden,1,819.00,809.00,-10.00,-1.22,1,CMW ENGINEERING
TOI-SQU-PAN-C205,PCS,C205 Squatting Pan W/foot Rest,Bathroom,1,169.00,179.00,10.00,5.92,1,ING HING HONG3
ELE-LED-SOL-60W-6500K,PCS,Solar Panel + Solar Light 60W,Electrical,4,189.00,179.00,-10.00,-5.29,4,XINHE
GAS-STO-BU01-013,SET,Butterfly Gas Cooker,Home Appliances,1,149.00,159.00,10.00,6.71,1,CHAI KA
TAP-PRE-TK-3016Q,PCS,Premio: Pillar Sink Tap TK-3016Q,Kitchen & Sinks,1,139.00,149.00,10.00,7.19,1,ADDWORTH3%
VAC-MID-MVC-V18K-BG,PCS,Midea Bagless Canister Vacuum Cleaner 1800W Black,Chemicals & Adhesives,2,229.00,239.00,10.00,4.37,2,MIDEA
RAK-2 IN1-B400W,SET,2 IN 1 (90WX350DX180H),Housewares,6,199.00,209.00,10.00,5.03,6,AIK TA
DC-Q1B-FF-2000,SET,Heat Gun / DQB2000,Power Tools,3,119.00,129.00,10.00,8.40,3,GL BOSUN3
IND-TRU-FD300,SET,PVC Platform Handtruck FD300,Building Materials,4,219.00,229.00,10.00,4.57,4,SYN JING LEE
LAD-EXT-DOU-15X15,UNIT,Double Ext Ladder 15X15FT,Ladders & Access,1,859.00,869.00,10.00,1.16,1,SUNWAY WINSTAR
GAR-SPR-16LTR-BB3G,SET,Knapsack Sprayer (BB-3G),Outdoor & Garden,2,139.00,129.00,-10.00,-7.19,1,BENTON3
DC-J1Z-FF-10A,SET,Electric Drill / DJZ10A,Power Tools,2,129.00,139.00,10.00,7.75,2,GL BOSUN3
"TOO-CUT-BOL-GT48""",PCS,Glotool Bolt Clipper 48,Fasteners & Fixings,1,129.00,139.00,10.00,7.75,1,SONIC3
DOR-LOC-LEV-SMR-3491SS,SET,Heavy Duty Level Lock SMR-3491SS,Locks & Security,7,62.90,52.90,-10.00,-15.90,7,SYN JING LEE
TOI-TRP-C102P-WHT,NOS,Water Closet P Trap - White,Plumbing,10,119.00,129.00,10.00,8.40,10,ING HING HONG3
"FAS-SCR-TAP-CSK-10#2-1/2""-BOX",BOX,10 X2-1/2 Csk Self Tapping Screw-flat Head (250PCS/BOX),Fasteners & Fixings,3,59.90,49.90,-10.00,-16.69,3,KIM KONG3
HOS-BW14/15-1004512-26,PCS,HP Hose Black+decker,Outdoor & Garden,1,129.00,119.00,-10.00,-7.75,1,HUACHIAN ENGINEERING
COV-JAC-L/B-2XL,PCS,L/blue Jacket (r) : 2XL,Outdoor & Garden,2,62.90,52.90,-10.00,-15.90,2,SONIC3
JAC-BOT-CNN-B10TON,PCS,China Bottle Jack -10TON (l/w),Automotive,3,99.00,89.00,-10.00,-10.10,3,SONIC3
JQB-JUMP-XPRESS-ULTRA,UNIT,Jqb Jump Starter Jumpxpress Ultra,Power Tools,3,359.00,349.00,-10.00,-2.79,3,JQB3
PYE-FLE-SEAL-4.5KG-GREY,TIN,PYE Flexible Seal 4.5KG (grey),Building Materials,4,119.00,109.00,-10.00,-8.40,4,BENTON3
"FAS-RIV-PAT-1/8""X3/4""-BOX",BOX,Blind Rivet: Jaguar 1/8 X 3/4 (1000PCS/BOX),Fasteners & Fixings,2,59.90,49.90,-10.00,-16.69,2,KWONG TECK CHIONG
TOI-TRP-C101S-WHT,NOS,Water Closet S Trap - White,Plumbing,6,119.00,129.00,10.00,8.40,6,ING HING HONG3
JAC-SCI-1.5T,PCS,Scissor Jack 1.5T,Automotive,3,69.90,59.90,-10.00,-14.31,3,PAN JAYA
FIR-EXT-CO2-2KG,NOS,2KG CO2 Fire Extinguisher,Safety & Workwear,1,169.00,179.00,10.00,5.92,1,HUI SHEN
"FAS-SCR-CSK-3"" X 8G - BOX",BOX,Sr Csk Tapping Screw 3 X 8G (400PCS/BOX),Fasteners & Fixings,3,99.00,89.00,-10.00,-10.10,3,SYARIKAT HUA KIONG3
BAT-REC-FP645-6V,PCS,First Power 6V 4.5AH Rec. Battery,Electrical,5,56.90,46.90,-10.00,-17.57,5,FULL-LITE
WEL-REG-YAM-OXY,PCS,Yamato Regulatuor - YR70 Oxygen,Welding,1,89.90,79.90,-10.00,-11.12,1,SONIC3
SWI-T/SOC-FLE-6144NS,SET,T/skt W/surge Sp TS-4GL-540A FLE-6144NS,Electrical,5,49.90,39.90,-10.00,-20.04,5,FULL-LITE
"FAS-SCR-TAP-CSK-6#1""-BOX",BOX,6 X1 Tapping Screw-flat Head (1000PCS/BOX),Fasteners & Fixings,4,54.90,44.90,-10.00,-18.21,4,KIM KONG3
LAD-H/D-STRO-DS02,UNIT,H/d Double Side Ladder 2 Step,Ladders & Access,3,229.00,219.00,-10.00,-4.37,3,SUNWAY WINSTAR
CHA-SAW-HYU-HCS5218,UNIT,Hyundai Chain Saw 18,"Rope, Chain & Netting",1,669.00,679.00,10.00,1.49,1,CMW ENGINEERING
IND-UMB-ROU-6,PCS,Hawker Umbrella - Round,Housewares,4,169.00,159.00,-10.00,-5.92,3,SONIC
BNW-B&N-RBN-105-BOX,BOX,Sr G. I Boit & Nut 3/16 X 5/8 (box),Fasteners & Fixings,1,23.90,13.90,-10.00,-41.84,1,SYARIKAT HUA KIONG3
"DRI-AUG-BIT-NO.5/8""",PCS,5/8 No. 1 Star-m Auger Bit (b),Power Tool Accessories,3,47.90,37.90,-10.00,-20.88,3,WHA WEE
SAF-SHO-SAL-41#,PAIR,Tron Safety Shoe 41/7,Safety & Workwear,4,119.00,129.00,10.00,8.40,4,FONG YUAN HUNG
SAF-SHO-SAL-42#,PAIR,Tron Safety Shoe 42/8,Safety & Workwear,4,119.00,129.00,10.00,8.40,4,FONG YUAN HUNG
SAF-SHO-SAL-43#,PAIR,Tron Safety Shoe 43/9,Safety & Workwear,4,119.00,129.00,10.00,8.40,4,FONG YUAN HUNG
SAF-SHO-SAL-44#,PAIR,Tron Safety Shoe 44/10,Safety & Workwear,4,119.00,129.00,10.00,8.40,4,FONG YUAN HUNG
COC-BAS-CVL-6065,PCS,Cavallo 6065 Basin Tap,Bathroom,1,40.90,30.90,-10.00,-24.45,1,SYN JING LEE
SCA-CAM-SP50KG-3100003,PCS,Camry- Spring Scale Sp / 50KG,Housewares,2,209.00,219.00,10.00,4.78,1,ZHONG YUAN3
COV-JAC-L/B-L,PCS,L/blue Jacket (r) : L,Outdoor & Garden,2,62.90,52.90,-10.00,-15.90,2,SONIC3
TAP-SET-12PCS,SET,12PCS Tap And Die Set,Plumbing,2,74.90,64.90,-10.00,-13.35,2,WHA WEE
DOR-ROL-TYSON-2011,SET,Tyson 2011 Sliding Roller,Doors & Hardware,2,54.90,44.90,-10.00,-18.21,2,SYN JING LEE
"SHH-LEAD-CHAIN-0.25 3/4"" 8'",SET,0.25 3/4 8 C. M. C. N. (lead Chain) (shl),"Rope, Chain & Netting",1,289.00,279.00,-10.00,-3.46,1,SINHENHUA
SAF-SHO-SAL-40#,PAIR,Tron Safety Shoe 40/6,Safety & Workwear,2,119.00,129.00,10.00,8.40,2,FONG YUAN HUNG
JAC-BOT-CNN-R30TON,PCS,China Bottle Jack - 30 Ton,Lifting & Rigging,1,209.00,199.00,-10.00,-4.78,1,SONIC3
"CUT-KNIFE-12""-KWONG",PCS,13 Kwong Knife,Abrasives & Cutting,4,47.90,37.90,-10.00,-20.88,4,CHUONG LEE
MAN-COV-BNH,PCS,18 X 24 Bnh Rectangular Polythene Manhole Cover,Plumbing,4,129.00,119.00,-10.00,-7.75,4,BENTON3
HOS-REL-EAG-2030#,PCS,Eagle Portable Hose Reel (2030 ),Fishing & Tackle,2,69.90,59.90,-10.00,-14.31,2,HSIN NGIE
TOW-ROP-5T4M,PCS,12 X 4M Steel Towing Rope,"Rope, Chain & Netting",2,45.90,35.90,-10.00,-21.79,2,WHA WEE
HAR-THR-LOK-6271-50ML,PCS,Thread Lock: Hardex 6271 50ML,Locks & Security,1,72.90,62.90,-10.00,-13.72,1,KWONG TECK CHIONG
AIR-CHU-E-111-3,PCS,Dual Tire Chuck With Metal Gauge (0-160 Psi),Automotive,1,47.90,37.90,-10.00,-20.88,1,BESMA3
IND-GAL-WIRE-18#-ROLL,ROLL,18 X 20KG Wire,Electrical,1,129.00,119.00,-10.00,-7.75,1,TIE BROTHER
TOO-CUT-BOL-STA-9920144312,PCS,"12""/305MM Bolt Cutter",Fasteners & Fixings,1,109.00,99.00,-10.00,-9.17,1,YUNG KONG
X-PSN-NI-317W-LN,PCS,Panasonic Polished 0.9KG Iron,Home Appliances,2,84.90,75.00,-9.90,-11.66,2,KIONG HUO
BOS-F016-F04-464,PCS,Trigger Aqt 35-12/ 37-13/ 42-13,Power Tools,2,88.90,79.00,-9.90,-11.14,2,CMW ENGINEERING
NIP-LAT-118,PAIL,18L Nippon Latex 118,Paint & Sundries,2,84.90,75.00,-9.90,-11.66,2,PAINT MAR.
IND-WHE-3IN1-STC-ST-22A,UNIT,Stc 3IN1 Wheel Barrow-deep (air Wheel),Building Materials,20,98.90,89.00,-9.90,-10.01,19,LI HARDWARE
IND-WHE-3IN1-STC-ST-22,UNIT,Stc 3IN1 Wheel Barrow-deep (solid Wheel),Building Materials,16,98.90,89.00,-9.90,-10.01,14,LI HARDWARE
TOO-GUN-GLU-STA-996069GR20B,PCS,Trigger Feed Hot Melt Glue Gun- Round Pin,Chemicals & Adhesives,2,81.90,72.00,-9.90,-12.09,2,YUNG KONG
SCA-CAM-SQ15KG,PCS,Camry- Spring Scale Sq / 15KG,Housewares,7,88.90,79.00,-9.90,-11.14,7,ZHONG YUAN3
CON-CAB-600A,PCS,Glotool Cable Connector 600A,Electrical,2,36.90,27.00,-9.90,-26.83,2,SONIC3
NP-BAR-BS14051-1L,UNIT,1L Bintang Automotive Refinish Chili Red (premixed),Automotive,4,58.90,49.00,-9.90,-16.81,4,
WEL-TOR-YAM-WEL,PCS,Yamato Welding Torch,Lighting,2,74.90,65.00,-9.90,-13.22,2,SONIC3
ICE-COO-INO-18LTR-THBW/K-1,PCS,Inova 18 Ltr. Ice Cooler,Other,7,84.90,75.00,-9.90,-11.66,7,L.F. WHOLESALER
WOR-MARK-X-BAT,PCS,Worker/mark-x Battery Pack Only (cordless Drill),Power Tools,2,67.90,58.00,-9.90,-14.58,2,MAJOR HARVE
FIB-CLO-GUM,SET,Fiber+cloth+gum,Other,2,81.90,72.00,-9.90,-12.09,2,HUONG SING
AIR-GAU-LTMS,SET,Inflator And Gauge Kit,Automotive,2,51.90,42.00,-9.90,-19.08,2,WHA WEE
SAF-SLI-GLO-4TON6M,LGTH,Webbing Sling (glolift) 100MM 4 Ton X 6M,Lifting & Rigging,1,78.90,69.00,-9.90,-12.55,3,
ELE-EUR-20A-MCB,PCS,Euroguard Mcb 3P 20A,Electrical,2,34.90,25.00,-9.90,-28.37,2,SEBD3
BEW-PAL-DC-D-150V,PCS,Bew Panel Meter DC,Electrical,6,4.40,14.15,9.75,221.59,6,GOLDEN DAY
"NIE-SOC-IMP-3/4""-32MM",PCS,Nietz Dr Impact Socket (6PT) 50160032 32MM,Power Tools,3,45.90,36.20,-9.70,-21.13,3,SUNWAY WINSTAR
"NIE-SOC-IMP-3/4""-33MM",PCS,Nietz Dr Impact Socket (6PT) 50160033 33MM,Power Tools,2,45.90,36.30,-9.60,-20.92,2,SUNWAY WINSTAR
TOR-ENE-LED-2DW,PCK,Evr Opp LED 2D W Batt,Lighting,6,25.90,16.30,-9.60,-37.07,6,HUA BAN
M-TP-SC-AG002,NOS,Stop Cock AG002,Plumbing,1,49.90,59.50,9.60,19.24,1,MUDA3%
"NIE-SOC-IMP-3/4""-34MM",PCS,Nietz Dr Impact Socket (6PT) 50160034 34MM,Power Tools,2,45.90,36.40,-9.50,-20.70,2,SUNWAY WINSTAR
NIE-SOC-HAN-DEE-06P-1/2-32MM,PCS,Nietz Dr Deep Cr Socket (6PT) 50042032 32MM,Electrical,3,44.90,35.40,-9.50,-21.16,3,SUNWAY WINSTAR
CUT-DIS-HIT-16X25.4MM,PCS,Cut Off Wheel 16 (402X3X25.4MM),Abrasives & Cutting,1,29.90,20.40,-9.50,-31.77,1,PUTERI ENG.
ELE-CAB-WIR-MKK-1.5MM-YELLOW,ROLL,MKK Cable 1.5MM (7/0.39MM) Yellow,Electrical,23,58.90,49.50,-9.40,-15.96,23,MAJOR HARVE
ELE-D/L-TC-2260-24W-4000K,PCS,Taicon 24W Adjusted LED Dl Round (TC-2260),Lighting,6,34.90,25.50,-9.40,-26.93,6,ECO ENTERPRISE3
SWI-T/SOC-40/016-2G,PCS,Taicon 2G 40/016 Nut Box,Fasteners & Fixings,7,41.90,32.50,-9.40,-22.43,6,ECO ENTERPRISE3
BOS-2608-585-594,PCS,Hss-g Metal Bit 15MM,Power Tools,5,82.90,73.50,-9.40,-11.34,5,CMW ENGINEERING
SWI-T/SOC-70/076-5M2G,PCS,Taicon 2G 70/076 Nut Box,Fasteners & Fixings,3,58.90,49.50,-9.40,-15.96,3,ECO ENTERPRISE3
TOR-ENE-LED-2AA,PCK,Eveready 2AA Brilliant,Other,3,30.90,21.50,-9.40,-30.42,3,HUA BAN
ELE-D/L-LEDT13550D27-50W,PCS,Arex LED T135 50W E27,Lighting,18,68.90,59.50,-9.40,-13.64,18,YUAN MING
BAT-EVE-SHD-AA-12PC,PCK,Eveready Shd Aa Bty 12PC,Electrical,18,29.90,20.50,-9.40,-31.44,18,HUA BAN
NIE-SOC-HAN-DEE-06P-1/2-30MM,PCS,Nietz Dr Deep Cr Socket (6PT) 50042030 30MM,Electrical,3,44.90,35.50,-9.40,-20.94,3,SUNWAY WINSTAR
ADH-TAP-H/D-4229P,ROLL,24MM X 8M 3M Acyclic Double Side Tape (red),Chemicals & Adhesives,13,48.90,39.50,-9.40,-19.22,13,REXER3
WOO-PLY-9MM-WTRPROOF,PCS,Plywood 4'X8'X9MM Waterproof,Building Materials,22,81.90,72.50,-9.40,-11.48,22,KIMWOOD
DOR-ROL-TYSON-TY505,PCS,Tyson Sliding Roller,Doors & Hardware,2,44.90,35.50,-9.40,-20.94,2,SYN JING LEE
"FAS-SCR-TAP-CSK-10#1""-BOX",BOX,10 X1 Csk Self Tapping Screw-flat Head (500PCS/BOX),Fasteners & Fixings,2,57.90,48.50,-9.40,-16.23,2,KIM KONG3
SWI-SOC-MK-NEO-S8423,PCS,Mk 20AX 1 GANG Dp Switch + Neon,Electrical,8,35.90,26.50,-9.40,-26.18,8,SEBD3
SWI-T/SOC-FLE-6122NS-2G5M,SET,T/skt W/surge Sp TS-2GLS-540A FLE-6122NS,Electrical,5,44.90,35.50,-9.40,-20.94,5,FULL-LITE
GUN-WUF-D09EC,PCS,Wufu Air Engine Cleaning Gun (DO-9-EC),Fasteners & Fixings,2,64.90,55.50,-9.40,-14.48,2,SONIC3
DOR-LOC-CYL-SMR-3900,SET,Smr 3900 Cylindrical Lock (v/p),Locks & Security,7,38.90,29.50,-9.40,-24.16,6,SYN JING LEE
CON-CAB-BOO-500AMP,PCS,Gd Booster Cable 500A,Electrical,12,42.90,33.50,-9.40,-21.91,11,SONIC3
VAL-FOOT-BRA-VIP526,PCS,Spring Foot Valve: Brass (526) Vip 1.0,Plumbing,3,34.90,25.50,-9.40,-26.93,3,KWONG TECK CHIONG3
CAR-CLE-WHEEL,BTL,Armor All Wheel & Tire Cleaner 300ML,Automotive,1,31.90,22.50,-9.40,-29.47,1,HUA BAN
CUT-PIP-W201APVC,PCS,PVC Pipe Cutter,Plumbing,3,35.90,26.70,-9.20,-25.63,3,JUMBO
TAP-SKC-M14X1.50,SET,Skc Hand Tap M14 X 1.50,Plumbing,1,54.90,45.70,-9.20,-16.76,1,SONIC3
ELE-RENO-63A-3P-MCB,EA,Reno 63A 3P Mcb,Electrical,3,34.90,25.70,-9.20,-26.36,3,SEBD3
BID-SOR-SRT86-CR,PCS,Sorento Brass Hand Bidet - SRT86-CR,Bathroom,3,78.90,88.00,9.10,11.53,3,SYNTALUN
GRA-SAN-SWFG-SS304-6601,PCS,Saniware Floor Grating (150X150MM) SWFG-SS304-6601 SUS304,Bathroom,4,49.90,59.00,9.10,18.24,4,VTC HARDWARE
"NIE-SOC-IMP-1""-32MM",PCS,Nietz 1 IN Dr Impact Socket (6PT) 50170032 32MM,Power Tools,4,68.90,59.80,-9.10,-13.21,4,SUNWAY WINSTAR
MIR-GLO-S-GLC5050GOLD,PCS,Dia. (round-gold) Alum. Frame Mirror,Bathroom,10,69.90,79.00,9.10,13.02,10,GLOREX
SHO-SAN-SWP-SH-601,SET,Saniware Premier ABS Rain Shower Head With Arm,Bathroom,5,79.90,89.00,9.10,11.39,5,VTC HARDWARE
NIE-PLU-SOC-50046916,PCS,Nietz Spark Plug W/magnetic (6PT) 50046916,Electrical,4,43.90,34.80,-9.10,-20.73,4,SUNWAY WINSTAR
WAL-DOW-82268-2BK,PCS,Up Down Lite,Lighting,10,49.90,59.00,9.10,18.24,10,TOP GAN
GLO-LAT-TOP,BOX,Top Glove Latex Exam Disposable H/gloves,Safety & Workwear,10,40.90,31.80,-9.10,-22.25,10,MAJOR HARVEST3
WAL-DOW-9169/1W,PCS,Wall Lamp (E27X1) 9169-1W,Lighting,6,49.90,59.00,9.10,18.24,6,CIMA
WAL-DOW-9168/1W,PCS,Wall Lamp (E27X1) 9168-1W,Lighting,3,49.90,59.00,9.10,18.24,3,CIMA
WAL-DOW-9172/1W,PCS,Wall Lamp (E27X1) 9172-1W,Lighting,3,49.90,59.00,9.10,18.24,3,CIMA
CHE-ELE-CLE-HD390,TIN,Electronic Contact Cleaner: 400ML,Chemicals & Adhesives,6,39.90,30.80,-9.10,-22.81,5,KWONG TECK CHIONG3
FAS-SCR-TECH-METAL-45MM-BOX,BOX,Techscrew-metal Screw X 45MM (300PCS/BOX),Fasteners & Fixings,7,37.90,28.80,-9.10,-24.01,7,SONIC3
NUM-PUNC-50730040,SET,Nietz 0-9 Number Punches 4MM 50730040,Signage & Numbering,1,46.90,37.80,-9.10,-19.40,1,SUNWAY WINSTAR
SWI-ADA-3WAY-MK-692,PCS,Mk 692 3WAY Adaptor,Electrical,13,28.90,19.80,-9.10,-31.49,13,SEBD3
BOX-LUN-PLA,PCK,PP Lunch Box (tega),Housewares,21,27.90,18.80,-9.10,-32.62,19,SA GENERAL PLASTIC
SWI-T/SOC-FLE-6133NS,SET,T/skt W/surge Sp TS-3GLS-540A FLE-6133NS,Electrical,3,46.90,37.80,-9.10,-19.40,3,FULL-LITE
BRO-FLO-HORSE,PCS,Horse Palmo Broom With Handle,Doors & Hardware,4,21.90,12.80,-9.10,-41.55,1,ING CHOON
JOV-WAT-HEA-SA20E,PCS,Joven Instant Water Heater,Home Appliances,18,329.00,320.00,-9.00,-2.74,23,
KHI-COO-RC3636,SET,3.6L Rice Cooker (cool Grey),Home Appliances,2,254.00,245.00,-9.00,-3.54,2,KHIND-MISTRAL
FAN-STA-KHI-SF1663H,SET,Khind 16 Stand Fan (black),Fans & Ventilation,2,164.00,155.00,-9.00,-5.49,2,KHIND-MISTRAL
TAP-SAN-SWP-SS-3391,PCS,Saniware Premier Kitchen Pillar Sink Tap SWP-SS-3391,Kitchen & Sinks,1,129.00,138.00,9.00,6.98,1,VTC HARDWARE
BAS-SOR-SRTWT5608,PCS,Sorento Wall Mounted Basin Cold Tap,Bathroom,1,199.00,208.00,9.00,4.52,1,SYNTALUN
NIP-PHG-5L-MWHI,CAN,5L Platone High Gloss 8102 Matt White,Paint & Sundries,13,139.00,148.00,9.00,6.47,15,PAINT MAR.
GAS-STO-KHI-GC6010,SET,Khind Gas Cooker,Chemicals & Adhesives,5,114.00,123.00,9.00,7.89,5,KHIND-MISTRAL
NIP-PHG-1L-MBLK,CAN,1L Platone High Gloss 8103 Matt Black,Paint & Sundries,22,48.90,39.90,-9.00,-18.40,21,PAINT MAR.
NIP-UND-9000-5L,CAN,5L Nippon 9000 Undercoat White,Paint & Sundries,4,184.00,175.00,-9.00,-4.89,4,PAINT MAR.
BOS-PAI-SPR-PPS-20,UNIT,Electric Paint Sprayer,Paint & Sundries,1,249.00,258.00,9.00,3.61,1,CMW ENGINEERING3
"NIE-ADA-IMP-1/2""X3/4""",PCS,Nietz Impact Adaptor 50146746,Power Tools,2,44.90,35.90,-9.00,-20.04,2,SUNWAY WINSTAR
RIC-COO-PSN-SR-Y18GWSKN,PCS,Panasonic 1.8L Rice Cooker (light Blue),Home Appliances,2,184.00,175.00,-9.00,-4.89,2,KIONG HUO
COC-SOR-SRTWT2203,UNIT,Sorento Pillar Mounted Kitchen,Plumbing,4,134.00,125.00,-9.00,-6.72,4,SYNTALUN
BAT-ENE-SHD-AAA12PCS,PCK,Eveready Shd Aaa 12PC,Electrical,28,29.90,20.90,-9.00,-30.10,26,HUA BAN
ELE-D/L-LEDT130-80-6-80W,PCS,Arex Eco LED T130 80W E27,Lighting,19,84.90,75.90,-9.00,-10.60,19,YUAN MING
FAN-CEI-ALP-FC32,UNIT,Cosa CX20 5B/56 Ceiling Fan - Matt Black,Fans & Ventilation,6,194.00,185.00,-9.00,-4.64,6,ALPHA3%
TAP-CAB-CB4942-BL,PCS,Cabana High Basin Cold Tap (matt Black),Bathroom,3,289.00,298.00,9.00,3.11,3,SYNTALUN
NIE-PLU-SOC-50046921,PCS,Nietz Spark Plug W/magnetic (6PT) 50046921,Electrical,2,43.90,34.90,-9.00,-20.50,2,SUNWAY WINSTAR
NIP-ZIN-GRE-GRE-5L,CAN,5L Nippon Zinc Phosphate Pr Fd Grey Green,Building Materials,3,184.00,175.00,-9.00,-4.89,3,
BOS-2607-017-409,SET,Bosch V-line Set (68PCS),Power Tools,1,154.00,145.00,-9.00,-5.84,1,CMW ENGINEERING
FAN-TAB-PSN-F-MN404-GP,PCS,MN404-16 Table Fan (grape Purple),Fans & Ventilation,2,204.00,195.00,-9.00,-4.41,2,KIONG HUO
DC-DCJZ1202E,SET,Cordless Driver Drill,Power Tools,6,209.00,218.00,9.00,4.31,6,GL BOSUN3
MIR-GLO-S-RD60A282(BK),PCS,Dia. (round) Aluminium Frame-black RD60A282(BK),Bathroom,3,109.00,118.00,9.00,8.26,3,GLOREX
GAS-STO-BUT-HEA,PCS,Butterfly H/p Burner Only,Home Appliances,2,104.00,95.00,-9.00,-8.65,0,TIE BROTHER3
LETR-PUNC-50731080,SET,Nietz A-z Letter Punches 8MM 50731080,Signage & Numbering,1,194.00,185.00,-9.00,-4.64,1,SUNWAY WINSTAR
MIR-CBMC66414-WH,PCS,Cabana Mirror Cabinet (alum.) CBMC66414-WH,Bathroom,1,189.00,198.00,9.00,4.76,1,SYNTALUN
TRA-SOC-METAL-125503,PCS,Taicon 1G 70/0076 Metal Trailing Socket 5M (125503),Electrical,8,59.90,50.90,-9.00,-15.03,8,ECO ENTERPRISE3
DC-DVC12,SET,12L Vacuum Cleaner (1200W),Chemicals & Adhesives,2,229.00,238.00,9.00,3.93,2,GL BOSUN DIAMOND
FAS-SCR-TECH-WOOD-65MM-BOX,BOX,Techscrew-wood Screw X 65MM (200PCS/BOX),Fasteners & Fixings,13,32.90,23.90,-9.00,-27.36,13,SONIC3
IND-VEN-AIR-12'',UNIT,Airbank 12 Industrial Ventilator,Fans & Ventilation,2,469.00,478.00,9.00,1.92,2,CMW ENGINEERING
HOS-GAR-SET-ECO30M1123,SET,Ecogreen- Iron Hose Reel Set / 1121 / 30M,Fishing & Tackle,3,284.00,275.00,-9.00,-3.17,3,ZHONG YUAN3
CUT-DIS-MARK-01600,PCS,Mr. Mark 110MM Wet Cutting Diamond Wheel (1.4X5X20MM),Abrasives & Cutting,22,37.90,28.90,-9.00,-23.75,22,MAJOR HARVEST3
IND-COO-MID-MIC222TLAGN,PCS,Midea Induction Cooker Golden Color 2200W,Building Materials,4,204.00,195.00,-9.00,-4.41,4,MIDEA
IND-CEM-GREY-25KG,BAG,Sika Ceram 88 (25KG/BAG),Building Materials,20,35.90,26.90,-9.00,-25.07,18,ALIKE HARDWARE
LAD-EXT-DOU-10X10,UNIT,Double Ext Ladder 10X10FT,Ladders & Access,1,609.00,618.00,9.00,1.48,1,SUNWAY WINSTAR
ELE-ELCB-GRW-63A-2P,EA,Grow Elcb 2P 63A/0.1,Electrical,4,59.90,50.90,-9.00,-15.03,4,SEBD3
SWI-T/SOC-4540B-5M4G,SET,4G Extension Socket Sp,Electrical,5,46.90,37.90,-9.00,-19.19,4,FULL-LITE
SWI-T/BOX-923A,SET,Extension Box Sp PP100-923A,Electrical,6,34.90,25.90,-9.00,-25.79,6,FULL-LITE
SAF-SHO-NK80-08,PAIR,Neuking NK80 Black 08,Safety & Workwear,2,164.00,155.00,-9.00,-5.49,2,KWONG TECK CHIONG3
PSN-NC-EG4000PSK,PCS,4L Binchotan Thermo Pot,Home Appliances,1,289.00,298.00,9.00,3.11,1,KIONG HUO
SAF-BOX-ASM-250-E1,UNIT,"Aero Digital Home Safe, 250X350X300MM, 14KG",Locks & Security,1,289.00,298.00,9.00,3.11,1,CHIN LAI
DOR-LOC-CYL-KNOB,UNIT,Hafele Diy Knob Lockset Entrance (489.93.125),Doors & Hardware,16,56.90,47.90,-9.00,-15.82,16,BOON SENG
FAS-RIV-PAT-5/32X3/4-BOX,BOX,Blind Rivet: Jaguar 5/32 X 3/4 (500PCS/BOX),Fasteners & Fixings,2,53.90,44.90,-9.00,-16.70,2,KWONG TECK CHIONG
FAS-RIV-PAT-5/32X3/8-BOX,BOX,Blind Rivet: Jaguar 5/32 X 3/8 (1000PCS/BOX),Fasteners & Fixings,2,53.90,44.90,-9.00,-16.70,2,KWONG TECK CHIONG
DUC-CAP-DC-1,PCS,DC-1 S/steel Ducting Cap 150MM,Other,4,54.90,45.90,-9.00,-16.39,4,SYN JING LEE
SWI-SOC-ELE-PTGY600,PCS,600MM Power Tracks (surface)-grey (GY600),Electrical,3,204.00,195.00,-9.00,-4.41,3,TRISTAR
BNW-B&N-RBN-115-BOX,BOX,Sr G. I Boit & Nut 3/16 X 1 1/2 (box),Fasteners & Fixings,2,31.90,22.90,-9.00,-28.21,2,SYARIKAT HUA KIONG3
BNW-B&N-RBN-210-BOX,BOX,Sr G. I Boit & Nut 1/4 X 1 (box),Fasteners & Fixings,2,30.90,21.90,-9.00,-29.13,2,SYARIKAT HUA KIONG3
VAL-ANG-VIP-V4113,PCS,Vip Brand Chrome Angle Valve,Plumbing,9,39.90,30.90,-9.00,-22.56,9,KIM KONG3
AIR-DUS-MDSI-04061,PCS,Mdsi (MD-04061) Air Duster - Short,Automotive,3,39.90,30.90,-9.00,-22.56,3,HSIN NGIE
SWI-ADA-MS-3L2USB,PCS,Morries Adaptor With Fuse & USB 2.1A,Electrical,6,52.90,43.90,-9.00,-17.01,6,YUAN MING
IND-TRO-SET-KIT3203,SET,2 IN 1 Planner Set,Building Materials,2,48.90,39.90,-9.00,-18.40,2,WHA WEE
IND-UMB-ROU-7-KH801,PCS,7 Sun Umbrella With Stand-round,Housewares,5,184.00,175.00,-9.00,-4.89,5,MAJOR HARVE
SCA-CAM-3100097,PCS,Camry- Electronic Personal Scale /180KG,Housewares,1,63.90,54.90,-9.00,-14.08,1,ZHONG YUAN3
SWI-SOC-ELE-PTGY400,PCS,400MM Power Tracks (surface)-grey (GY400),Electrical,1,174.00,165.00,-9.00,-5.17,1,TRISTAR
LAD-ALU-WORKER-DE10,UNIT,Worker 10 X 10 D/ext Ladder,Ladders & Access,1,589.00,598.00,9.00,1.53,0,MAJOR HARVEST3
SHH-REEL-GM4000,PCS,Haojia Fishing Reel 12BB GM4000,Fishing & Tackle,1,54.90,45.90,-9.00,-16.39,1,SINHENHUA
BBQ-GRI-CN-YH22022,SET,M/purpose Outyard Trolley Bbq Grill W/whee,Outdoor & Garden,1,199.00,208.00,9.00,4.52,3,L.F. WHOLESALER
LOC-BCK-SSS-1PCS,PCS,Buick Padlock 50MM,Locks & Security,8,68.90,59.90,-9.00,-13.06,8,SUNWAY WINSTAR
SWI-T/SOC-GONGN-4G1.8M,PCS,Gongniu 4 GANG Trailing (E3040),Electrical,3,45.90,36.90,-9.00,-19.61,3,ECO ENTERPRISE3
"DRI-AUG-BIT-NO.3/8""",PCS,3/8 No. 1 Star-m Auger Bit (b),Power Tool Accessories,3,40.90,31.90,-9.00,-22.00,3,WHA WEE
SAF-SHO-SANO-43#,PAIR,Sano Safety Shoe 43/9,Safety & Workwear,3,129.00,138.00,9.00,6.98,2,FONG YUAN HUNG
COV-JAC-RED-L,PCS,Red Jacket (r) : L,Outdoor & Garden,2,61.90,52.90,-9.00,-14.54,2,SONIC3
"DRI-AUG-BIT-NO.1/2""",PCS,1/2 No. 1 Star-m Auger Bit (b),Power Tool Accessories,2,43.90,34.90,-9.00,-20.50,2,WHA WEE
"CUT-PAR-20""",PCS,20 Parang,Abrasives & Cutting,9,35.90,26.90,-9.00,-25.07,9,WHA WEE
"CUT-DIS-AKODA-4""-A7",PCS,Akoda 4 Diamond Blade Thin Wet A7,Abrasives & Cutting,7,36.90,27.90,-9.00,-24.39,7,T.K.G
CUT-TIL-ROC-700MM,SET,Rockey Tile Cutter Machine - 700MM,Flooring,1,254.00,245.00,-9.00,-3.54,1,KWONG TECK CHIONG
SAF-SHO-SANO-40#,PAIR,Sano Safety Shoe 40/6,Safety & Workwear,2,129.00,138.00,9.00,6.98,2,FONG YUAN HUNG
SAF-SHO-SANO-44#,PAIR,Sano Safety Shoe 44/10,Safety & Workwear,2,129.00,138.00,9.00,6.98,2,FONG YUAN HUNG
"DOR-SPO-WOO-10""",SET,1-3/4 X 10 Wooden Plane Block Blade,Doors & Hardware,2,42.90,33.90,-9.00,-20.98,2,TIE BROTHER3
SAF-SHO-LAU-39#,PAIR,Laufen Safety Shoe 39/5,Safety & Workwear,2,124.00,115.00,-9.00,-7.26,2,FONG YUAN HUNG
SAF-SHO-LAU-40#,PAIR,Laufen Safety Shoe 40/6,Safety & Workwear,2,124.00,115.00,-9.00,-7.26,2,FONG YUAN HUNG
SAF-SHO-LAU-41#,PAIR,Laufen Safety Shoe 41/7,Safety & Workwear,2,124.00,115.00,-9.00,-7.26,2,FONG YUAN HUNG
SAF-SHO-LAU-43#,PAIR,Laufen Safety Shoe 43/9,Safety & Workwear,2,124.00,115.00,-9.00,-7.26,2,FONG YUAN HUNG
CUT-PAR-COV-105,PCS,105 Parang With Cover,Abrasives & Cutting,6,37.90,28.90,-9.00,-23.75,6,WHA WEE
STIHL-0781-516-6001,BOT,Forestplus Chain Lubricant (4T),Automotive,5,27.90,18.90,-9.00,-32.26,5,HOCK CHIONG LUNG
SAF-SHO-SANO-42#,PAIR,Sano Safety Shoe 42/8,Safety & Workwear,1,129.00,138.00,9.00,6.98,1,FONG YUAN HUNG
PEN-WAL-4.5KG,PAIL,Pentens Dr. Wall 4.5KG,Housewares,1,124.00,115.00,-9.00,-7.26,1,WHA WEE
"CUT-KNIFE-20""",PCS,Knife 20,Abrasives & Cutting,2,54.90,45.90,-9.00,-16.39,2,CHUONG LEE
BAT-ENE-MAX-C2PC,PCS,En Max C 2 Pc,Electrical,10,23.90,14.90,-9.00,-37.66,10,HUA BAN
ELE-GRW-63A2PMCB,EA,Grow 63A 2P Mcb,Electrical,7,34.90,25.90,-9.00,-25.79,7,SEBD3
MAC-OIL-RUB-5A,SET,Rubber Oil Ring Kit- Orkit 5A,Automotive,1,51.90,42.90,-9.00,-17.34,1,SONIC3
MAC-OIL-RUB-5C,SET,Rubber Oil Ring Kit- Orkit 5C,Automotive,1,51.90,42.90,-9.00,-17.34,1,SONIC3
BAT-DC-LB1220-1,PCS,DC 12V 2.0AH Lithium Battery,Electrical,1,124.00,115.00,-9.00,-7.26,1,GL BOSUN DIAMOND
X-BOS-2608-579-507,PCS,Ceramic Expert Drill Bit 7 X 90MM,Power Tool Accessories,1,45.90,36.90,-9.00,-19.61,0,CMW ENGINEERING
KHI-HDR-HD515,SET,Hair Dryer 1800W (matt Black),Home Appliances,2,83.90,75.00,-8.90,-10.61,2,KHIND-MISTRAL
JOV-WAT-CAR-JP200C,SET,Joven Water Purifier Cartridge,Home Appliances,2,83.90,75.00,-8.90,-10.61,2,CIMA
GAS-STO-BPG-168,PCS,Butterfly Portable Gas Cooker,Home Appliances,6,77.90,69.00,-8.90,-11.42,6,LEA HIN 3%
SWI-CON-30A-360W-TC-10021,PCS,Taicon Power Supply 30A 12V 360W (big),Electrical,2,77.90,69.00,-8.90,-11.42,2,ECO ENTERPRISE3
GRA-CUT-LIN-A6481,PCS,Spool&line,Outdoor & Garden,3,46.90,38.00,-8.90,-18.98,3,HUACHIAN ENGINEERING
GUM-HAR-VT210SG,PCS,High Performance Sealant-grey,Chemicals & Adhesives,2,47.90,39.00,-8.90,-18.58,2,ALIKE HARDWARE
SAF-SHO-SUP-44#,PAIR,Supersonic Safety Shoes 44 (10 ),Safety & Workwear,2,97.90,89.00,-8.90,-9.09,2,SONIC3
"FAS-SCR-P/H-3/4"" X 8#-BOX",BOX,Sr P/h Self Drilling Screw 3/4 X 8 (1000PCS/BOX),Fasteners & Fixings,1,67.90,59.00,-8.90,-13.11,1,SYARIKAT HUA KIONG3
"ELE-PVC-CAS-2""X3""",LGTH,Kancil 2 X 3 X6FT PVC Casing,Electrical,8,34.90,26.00,-8.90,-25.50,8,SEBD3
WIR-BRC-213X4X8-2.3MM,PCS,213 X 4 X 8 Brc,Other,13,45.90,37.00,-8.90,-19.39,12,CHEE LIAN
TL2087POLY-DC4,ROLL,Thailion 2087 4 Polyethylene Dampcourse,Other,3,53.90,45.00,-8.90,-16.51,3,DALMAX3
SKI-JNT-COM-SUR-25KG,TIN,25KG Joint Compound - Scp,Other,2,67.90,59.00,-8.90,-13.11,2,ING PING3
ALUM-ROU-32MM-10'-MB,PCS,Mb X 10 X 1.1/4 Round Tube,Building Materials,2,45.90,37.00,-8.90,-19.39,2,YUNG HUAT
ICE-COO-INO-13LTR-THBW/K-2,PCS,Inova 13 Ltr. Ice Cooler,Other,1,74.90,66.00,-8.90,-11.88,1,L.F. WHOLESALER
NIP-WTRB-5L-D,CAN,5L Nippon Weatherbond Quartz Deep Base,Paint & Sundries,8,239.00,230.20,-8.80,-3.68,8,PAINT MAR.2
BOS-2608-603-700,PCS,Flexible Flap Disc 100MM P60,Power Tools,4,17.90,9.10,-8.80,-49.16,4,CMW ENGINEERING
COC-BIB-SZW-12MM,EA,Saniware Wall Bib Tap,Plumbing,11,22.90,14.20,-8.70,-37.99,7,CHIONG SENG
"BRA-SHE-YG782-12""",PAIR,White H/duty Shelf Bracket 12,Housewares,9,21.90,13.20,-8.70,-39.73,7,SYN JING LEE
SWI-SOC-ELE-E08213B,PCS,Elegance 13A 2 GANG Flat Pin Swi Soc Neon-blk (E08213B),Electrical,11,34.90,43.60,8.70,24.93,11,
CUT-KNI-W900RPB,PCS,Utility Knife W900RP,Hand Tools,4,22.90,14.20,-8.70,-37.99,3,JUMBO
NIP-PHG-5L-D,CAN,5L Platone High Gloss Deep Base,Paint & Sundries,20,134.00,142.60,8.60,6.42,19,PAINT MAR.2
BAT-EVE-AA-8PCS,PCK,Eveready Shd Aa Bty 8PC,Electrical,22,23.90,15.30,-8.60,-35.98,22,HUA BAN
ELE-CON-SPR-25MM,EA,Conduit Spring 25MM *70CM,Electrical,4,22.90,14.30,-8.60,-37.55,4,SEBD3
NIE-SOC-HAN-DEE-06P-1/2-29MM,PCS,Nietz Dr Deep Cr Socket (6PT) 50042029 29MM,Electrical,2,42.90,34.40,-8.50,-19.81,2,SUNWAY WINSTAR
BAT-ENE-GOL-AAA4PC,PCS,Eveready Gold Aaa 4 Pc,Electrical,7,19.70,11.20,-8.50,-43.15,7,HUA BAN
BAT-ENE-LIT-2032,PCS,Energizer Lithium 2032,Electrical,27,18.40,9.90,-8.50,-46.20,27,HUA BAN
"PIP-BRA-1""",SET,1 S/s Tower Rod Bracket-end Type,Plumbing,7,22.90,14.40,-8.50,-37.12,7,TIE BROTHER3
LMP-ENE-SAV-18W,PCS,Energy Saving Bulb 18W Pin,Lighting,10,6.60,15.09,8.49,128.64,10,GOLDEN DAY
BOS-2608-585-593,PCS,Hss-g Metal Bit 14MM,Power Tools,6,79.90,71.50,-8.40,-10.51,6,CMW ENGINEERING
"NIE-SOC-IMP-3/4""-30MM",PCS,Nietz Dr Impact Socket (6PT) 50160030 30MM,Power Tools,1,41.90,33.50,-8.40,-20.05,1,SUNWAY WINSTAR
BAT-ENE-SHD-8PCS,PCK,Eveready Shd Aaa 8PCS,Electrical,29,23.90,15.50,-8.40,-35.15,27,HUA BAN
BAT-ENE-SHD-6V1PVC,PCS,Eveready Shd 6V 1PC,Electrical,12,26.90,18.50,-8.40,-31.23,12,HUA BAN
BOS-2608-680-290,PCS,Sds + Drill Bit S3 20 X 200/260MM,Power Tool Accessories,2,49.90,41.50,-8.40,-16.83,2,CMW ENGINEERING
NIE-SOC-HAN-DEE-06P-1/2-28MM,PCS,Nietz Dr Deep Cr Socket (6PT) 50042028 28MM,Electrical,2,42.90,34.50,-8.40,-19.58,2,SUNWAY WINSTAR
TAP-SIN-CAV-CA3311P,PCS,Double Tube Sink Tap-pillar,Kitchen & Sinks,4,87.90,79.50,-8.40,-9.56,4,SYN JING LEE
GUM-CLE-V210,PCS,Neutral H/perform Sealant-clr,Chemicals & Adhesives,35,22.90,14.50,-8.40,-36.68,35,ALIKE HARDWARE
GUM-BLA-V210,PCS,Neutral H/perform Sealant-blk,Chemicals & Adhesives,24,22.90,14.50,-8.40,-36.68,24,ALIKE HARDWARE
GAR-HOE-RED-IND-3551C-2.5LBS,PCS,2 - Red Indian Hoe Head,Outdoor & Garden,9,47.90,39.50,-8.40,-17.54,9,DALMAX3
KGR-KIM-1L-9215,TIN,1 Litre KIMTONE-9215,Paint & Sundries,6,45.90,37.50,-8.40,-18.30,5,ING PING3
ADH-TAP-ADH-GT100,PCS,Globand Adhesive Tape 100MM X 10M,Chemicals & Adhesives,11,36.90,28.50,-8.40,-22.76,11,SONIC3
KGR-KIM-1L-9216,TIN,1 Litre KIMTONE-9216,Paint & Sundries,5,45.90,37.50,-8.40,-18.30,5,ING PING3
FAS-SCR-TECH-METAL-19MM-BOX,BOX,Techscrew-metal Screw X 19MM (600PCS/BOX),Fasteners & Fixings,6,43.90,35.50,-8.40,-19.13,6,SONIC3
KGR-KIM-1L-9211,TIN,1 Litre KIMTONE-9211,Paint & Sundries,4,45.90,37.50,-8.40,-18.30,4,ING PING3
SWI-SOC-NNE-9498,PCS,NNE 9498 Metalclad Switch Socket 2GANG 13A,Electrical,31,47.90,39.50,-8.40,-17.54,31,YUAN MING
GRE-TOYO-350GM,TIN,Toyo MP2 Lithium Ep Grease,Other,12,30.90,22.50,-8.40,-27.18,11,MAJOR HARVEST3
WOO-FIG-JOI,PCS,Finger Joint 1 X 2 X 12,Building Materials,93,19.90,11.50,-8.40,-42.21,86,TONG DA
KGR-KIM-1L-9214,TIN,1 Litre KIMTONE-9214,Paint & Sundries,1,45.90,37.50,-8.40,-18.30,1,ING PING3
BNW-B&N-RBN-112-BOX,BOX,Sr G. I Boit & Nut 3/16 X 1 1/4 (box),Fasteners & Fixings,2,28.90,20.50,-8.40,-29.07,2,SYARIKAT HUA KIONG3
COC-STO-C018,PCS,Brass Stop Cock - C018 18 MM,Plumbing,11,31.90,23.50,-8.40,-26.33,11,SONIC3
TAP-2-WAY-CA411QH,PCS,CA411QH 2-WAY Tap V/p,Plumbing,7,47.90,39.50,-8.40,-17.54,6,SYN JING LEE
SWI-T/SOC-FLE-915-5M5G,SET,Fle T/skt Sp TC-5GL-540B 915-5M,Electrical,8,38.90,30.50,-8.40,-21.59,8,FULL-LITE
"GAR-CHI-1/2""X3/8""-SBL",PCS,Sbl G. I. Loading Spike T-shape Hook 1/2 X 3/8,Outdoor & Garden,3,42.90,34.50,-8.40,-19.58,3,KIONG JOUNG3
SWI-SOC-MK-3G2W-S4783,PCS,Mk 10A 3GANG 2WAY Wide Rocker,Electrical,4,21.90,13.50,-8.40,-38.36,4,SEBD3
"NAI-CON-GAL-2.1/2""-BOX",BOX,2-1/2 Galvanised Steel Nail- 1 KG,Fasteners & Fixings,27,20.90,12.50,-8.40,-40.19,26,BENTON
VAL-BAL-MIN-BV3WM,PCS,Sanwa 3 Way Mini Ball Valve 1/2 M/m/m,Plumbing,13,35.90,27.50,-8.40,-23.40,11,DALMAX3
CAR-WAX-ANT-CLO,PCS,AC Anti Clog,Automotive,2,49.90,41.50,-8.40,-16.83,8,S LINE TECH
CAR-WAX-STA-OFF-STI,PCS,So Stains Off Sticker - 500ML,Signage & Numbering,2,36.90,28.50,-8.40,-22.76,6,S LINE TECH
"PIP-BRA-1""-MID",SET,1 S/s Tower Rod Bracket-middle Type,Plumbing,5,22.90,14.50,-8.40,-36.68,5,TIE BROTHER3
"CUT-PAR-18""",PCS,18 Parang,Abrasives & Cutting,1,33.90,25.50,-8.40,-24.78,1,WHA WEE
SWI-ADA-3388-931L,PCS,Taicon 3388 Multi Travel Adaptor,Electrical,6,19.60,11.30,-8.30,-42.35,4,ECO ENTERPRISE3
MET-LED-ENE-MLHV32,PCS,Evr Compact Metal Light,Other,18,19.20,10.90,-8.30,-43.23,18,HUA BAN
CUT-PIP-TUB-STA-DISC-9984930191,PCS,"Replacement Cutting Wheels For 93-020, 93-021",Abrasives & Cutting,5,20.90,12.60,-8.30,-39.71,5,YUNG KONG
NIE-SOC-HAN-DEE-06P-1/2-25MM,PCS,Nietz Dr Deep Cr Socket (6PT) 50042025 25MM,Electrical,3,37.90,29.70,-8.20,-21.64,3,SUNWAY WINSTAR
BOS-2608-522-407,PCS,Impact Bit PH2 X 150MM,Power Tools,6,37.90,29.80,-8.10,-21.37,5,CMW ENGINEERING
TOI-HOL-SAN-SWP-BF-3703,PCS,Saniware Toilet Paper Holder (165X80X135MM),Bathroom,4,59.90,68.00,8.10,13.52,4,VTC HARDWARE
"NIE-SOC-IMP-3/4""-22MM",PCS,Nietz Dr Impact Socket (6PT) 50160022 22MM,Power Tools,3,37.90,29.80,-8.10,-21.37,3,SUNWAY WINSTAR
MIR-GLO-S-GLC5050BLACK,PCS,Dia. (round-black) Alum. Frame Mirror,Bathroom,10,69.90,78.00,8.10,11.59,10,GLOREX
"NIE-SOC-IMP-3/4""-23MM",PCS,Nietz Dr Impact Socket (6PT) 50160023 23MM,Power Tools,2,37.90,29.80,-8.10,-21.37,2,SUNWAY WINSTAR
COC-STO-SAN-SWSC1012,PCS,Saniware 15MM Brass X-handle Stop Cock (ft),Doors & Hardware,1,67.90,76.00,8.10,11.93,1,VTC HARDWARE
NIE-SOC-IMP-THI-1/2-21MM,PCS,Nietz Thin Wall Deep Imp Socket 6PT 50141221 21MM,Electrical,4,38.90,30.80,-8.10,-20.82,4,SUNWAY WINSTAR
CIMA-HY-C003/L/32W,SET,L/ceiling Lamp 32W - D/l,Lighting,8,63.90,72.00,8.10,12.68,8,
NIE-SOC-HAN-DEE-06P-1/2-26MM,PCS,Nietz Dr Deep Cr Socket (6PT) 50042026 26MM,Electrical,2,37.90,29.80,-8.10,-21.37,2,SUNWAY WINSTAR
DUS-11L-GHO2811,SET,11L Step Dustbin,Housewares,2,37.90,29.80,-8.10,-21.37,2,ING CHOON
CHA-JT4808-BLACK,PCS,Size Chair (black),Outdoor & Garden,34,36.90,28.80,-8.10,-21.95,34,ING CHOON
CUT-PIP-TUB-AT4308,SET,Anton Tubing Cutter,Abrasives & Cutting,3,36.90,28.80,-8.10,-21.95,3,SYN JING LEE
SHE-CAB-CB474-GM,PCS,Cabana Shelf Gm 350 X 140 X 56MM,Housewares,1,89.90,98.00,8.10,9.01,1,SYNTALUN
ELE-PEN-A8/1-E27,PCS,Pendant Light A8-1,Electrical,3,76.90,85.00,8.10,10.53,3,
"FAS-SCR-TAP-PAN-8#1/2""-BOX",BOX,8 X1/2 Ph Self Tap Srcw Pan Head (1000PCS/BOX),Fasteners & Fixings,2,66.90,58.80,-8.10,-12.11,2,KIM KONG3
NAI-CON-ST38,BOX,Concrete NAIL-ST38,Fasteners & Fixings,2,46.90,38.80,-8.10,-17.27,2,BOON SENG
ELE-PEN-339/3-E27,PCS,Pendant Light 339-3,Electrical,7,83.90,92.00,8.10,9.65,7,CIMA
VAL-BAL-MIN-BV3WF,PCS,Sanwa 3 Way Mini Ball Valve 1/2 F/m/m,Plumbing,14,35.90,27.80,-8.10,-22.56,13,DALMAX3
SWI-T/SOC-70/076-5M3G,PCS,Taicon 3G 70/076 Nut Box,Fasteners & Fixings,4,64.90,56.90,-8.00,-12.33,3,ECO ENTERPRISE3
NIE-SOC-IMP-DEE-1/2-22MM,PCS,Nietz Deep Impact Socket (6PT) 50142022 22MM,Power Tools,5,36.90,28.90,-8.00,-21.68,5,SUNWAY WINSTAR
"NIE-SOC-IMP-1""-30MM",PCS,Nietz 1 IN Dr Impact Socket (6PT) 50170030 30MM,Power Tools,2,64.90,56.90,-8.00,-12.33,2,SUNWAY WINSTAR
NIE-SOL-9233,EA,Nietz Picasaf 9233 Solar Panel Signal Lamp Amber,Lighting,10,62.90,54.90,-8.00,-12.72,10,SUNWAY WINSTAR
"NIE-SOC-IMP-3/4""-26MM",PCS,Nietz Dr Impact Socket (6PT) 50160026 26MM,Power Tools,2,37.90,29.90,-8.00,-21.11,2,SUNWAY WINSTAR
"NIE-SOC-IMP-3/4""-42MM",PCS,Nietz Dr Impact Socket (6PT) 50160042 42MM,Power Tools,1,69.90,61.90,-8.00,-11.44,1,SUNWAY WINSTAR
BOS-2608-595-083,PCS,Hss-g Metal Bit 13.0MM,Power Tools,4,40.90,32.90,-8.00,-19.56,4,CMW ENGINEERING
CLI-BAT-CLI-200AMP-54101200,SET,Nietz Battery Clamp 54101200,Hand Tools,5,32.90,24.90,-8.00,-24.32,5,SUNWAY WINSTAR
"NIE-SOC-IMP-3/4""-24MM",PCS,Nietz Dr Impact Socket (6PT) 50160024 24MM,Power Tools,1,37.90,29.90,-8.00,-21.11,1,SUNWAY WINSTAR
PAI-SPR-SAM-KPP,PCS,Samurai Spray Paint Kpp Plastic Primer,Paint & Sundries,12,43.90,35.90,-8.00,-18.22,11,KIM KONG3
ELE-CEI-LIG-15186/96W,PCS,Ceiling Light 3CLR 15186/96W,Lighting,7,124.00,132.00,8.00,6.45,7,TOP GAN
NIE-SOC-HAN-DEE-06P-1/2-27MM,PCS,Nietz Dr Deep Cr Socket (6PT) 50042027 27MM,Electrical,2,37.90,29.90,-8.00,-21.11,2,SUNWAY WINSTAR
TAP-PRE-TK-3516Q,PCS,Premio: Pillar Sink Tap TK-3516Q,Kitchen & Sinks,2,174.00,182.00,8.00,4.60,2,ADDWORTH3%
SEN-VAC-BRA-DHS16,PCS,16MM X M10 Sensui Vacuum Brazed Diamo,Home Appliances,1,47.90,39.90,-8.00,-16.70,1,CRYSTAL TRIUMPH S/B
SWI-T/SOC-MS3233-3-3M3G,PCS,Morries Extension Socket 3G 3M W Neon (blue),Electrical,20,54.90,46.90,-8.00,-14.57,20,YUAN MING
SWI-T/SOC-MS3244-1.5M4G,PCS,Morries Extension Socket 4G 1.5M W Neon (pink),Electrical,18,53.90,45.90,-8.00,-14.84,18,YUAN MING
"ELE-D/L-SUR-12""-SQU",PCS,Senco LED Surface Panel Square 12,Lighting,5,37.90,45.90,8.00,21.11,5,CIMA
OIL-MOT-4T-AX3 40-1L,BTL,Advance 4T AX3 40 (sf) - 1L,Automotive,42,30.90,22.90,-8.00,-25.89,42,SYARIKAT SRI MINYAK
SWI-T/SOC-3540B-5M3G,SET,3G Extension Socket Sp,Electrical,12,39.90,31.90,-8.00,-20.05,12,FULL-LITE
FAS-SCR-TECH-METAL-25MM-BOX,BOX,Techscrew-metal Screw X 25MM (500PCS/BOX),Fasteners & Fixings,10,41.90,33.90,-8.00,-19.09,10,SONIC3
TOO-WRE-PIP-W900C,PCS,Heavy Pipe Wrench (900MM),Hand Tools,1,144.00,152.00,8.00,5.56,1,JUMBO
TOO-HAM-CLA-DOGYU,PCS,Dogyu Magnetic Claw Hammer-japan,Hand Tools,5,174.00,182.00,8.00,4.60,5,SYN JING LEE
DOR-ALU-LOC-NA4420,PCS,Aluminium Sliding Door (small),Doors & Hardware,5,48.90,40.90,-8.00,-16.36,5,YUNG HUAT
ELE-ELCB-KOR-40A-2P,EA,Grow Elcb 2P 40A/0.1,Electrical,6,52.90,44.90,-8.00,-15.12,5,SEBD3
ADH-TAP-ADH-GT075,PCS,Globand Adhesive Tape 75MM X 10M,Chemicals & Adhesives,12,31.90,23.90,-8.00,-25.08,11,SONIC3
BOS-2609-390-394,PCS,Sds Plus Flat Chisel 250MM,Power Tool Accessories,3,53.90,45.90,-8.00,-14.84,3,CMW ENGINEERING
BOS-GUN-EXT-TUBE,PCS,Extension Tube For Aqt 33-10/35-12/37-13,Electrical,3,49.90,41.90,-8.00,-16.03,3,CMW ENGINEERING
LOC-COL-RA501,PCS,Colex Anti-cut Steel Padlock RA-501,Locks & Security,9,52.90,44.90,-8.00,-15.12,9,KIM KONG3
DOR-SET-ATH-130,SET,Mb Armor Double Handleset,Doors & Hardware,1,144.00,152.00,8.00,5.56,1,VERTEX
CUT-DIS-HIT-14X25.4MM,PCS,Cut Off Wheel 14 (355X2.8X25.4MM),Abrasives & Cutting,16,24.90,16.90,-8.00,-32.13,16,WHA WEE
GRE-TOYO-450GM,TIN,Toyo Eaj 8000 Hi-temp Bentonite Grease,Other,12,31.90,23.90,-8.00,-25.08,11,MAJOR HARVEST3
CUT-SAW-STA-MINI-992020807,PCS,"Mini Hacksaw (220MM/ 8-3/4"")",Hand Tools,17,20.90,12.90,-8.00,-38.28,17,YUNG KONG
FAS-SCR-TECH-METAL-65MM-BOX,BOX,Techscrew-metal Screw X 65MM (200PCS/BOX),Fasteners & Fixings,5,32.90,24.90,-8.00,-24.32,5,SONIC3
BOS-SM2040,BTL,Sumo 4T Motor Oil (1.0 Liter),Automotive,1,31.90,23.90,-8.00,-25.08,1,CMW ENGINEERING
MEA-TAP-SUN-7.5M,PCS,Sunlon M. Tape 7.5M/25,Hand Tools,10,33.90,25.90,-8.00,-23.60,9,FONG YUAN HUNG
TOO-HAN-T-STA-12MM,PCS,1/2 Dr Sliding T-bar 243MM/9-1/2,Power Tools,2,49.90,41.90,-8.00,-16.03,2,YUNG KONG
SCA-CAM-EI02HS-3KG,PCS,Camry-digital Weighing Scale,Housewares,2,129.00,121.00,-8.00,-6.20,2,ZHONG YUAN3
JAC-BOT-CNN-B05TON,PCS,China Bottle Jack - 5TON (l/w),Automotive,3,74.90,66.90,-8.00,-10.68,3,SONIC3
GAR-RAK-BLA-4T,PCS,4TEETH Framer Rake,Outdoor & Garden,2,27.90,19.90,-8.00,-28.67,2,TIE BROTHER3
WEL-ELE-J38.12-4.0MM,PCK,Welding Electrode X 4.0MM,Welding,4,39.90,31.90,-8.00,-20.05,4,SONIC
SWI-SOC-MK-NEO-S4787,PCS,Mk 20A Dp Switch W Neon Wide Rocker Socket,Electrical,13,32.90,24.90,-8.00,-24.32,13,SEBD3
GUN-GRE-PRE,SET,Grease Gun Flexible Hose (c),Automotive,3,42.90,34.90,-8.00,-18.65,3,SONIC3
"ELE-D/L-8629/6""-ROU-BLU",PCS,Ilite Downlite 8629-6+3W Wh+bl,Electrical,10,30.90,22.90,-8.00,-25.89,10,TOP GAN
GUN-SPR-F75S,SET,Blimax H/p Spray Gun - F75S,Power Tool Accessories,4,62.90,54.90,-8.00,-12.72,4,BOON SENG
ADH-TAP-ADH-GT050,PCS,Globand Adhesive Tape 50MM X 10M,Chemicals & Adhesives,2,21.90,13.90,-8.00,-36.53,2,SONIC3
SHH-YEL-HOSE-11MMX2.4MM-S-9MTR,FTS,Black Hose (11MMX2.4MM),Outdoor & Garden,1,24.90,16.90,-8.00,-32.13,0.7,SINHENHUA
CUT-TUB-BLM328,PCS,Blimax Tubing,Abrasives & Cutting,3,22.90,14.90,-8.00,-34.93,3,BOON SENG
TOPLUS-570-07L,CAN,7L Toplus Emulsion 570 Greenville,Paint & Sundries,4,61.90,53.90,-8.00,-12.92,4,SMART PAINTS
CAN-JER-40018,UNIT,18L Jerrycan,Housewares,2,52.90,44.90,-8.00,-15.12,2,ING CHOON
SCA-CAM-3100075,PCS,Electronic Kitchen Scale,Housewares,1,57.90,49.90,-8.00,-13.82,1,ZHONG YUAN3
TOPLUS-288-07L,CAN,7L Toplus Emulsion 288 Gadis Cantik,Paint & Sundries,3,61.90,53.90,-8.00,-12.92,3,SMART PAINTS
TOPLUS-300-07L,CAN,7L Toplus Emulsion 300 Cream,Paint & Sundries,3,61.90,53.90,-8.00,-12.92,3,SMART PAINTS
TOPLUS-565-07L,CAN,7L Toplus Emulsion 565 Lakeland,Paint & Sundries,3,61.90,53.90,-8.00,-12.92,3,SMART PAINTS
TOPLUS-658-07L,CAN,7L Toplus Emulsion 658 Sweet Sundae,Paint & Sundries,3,61.90,53.90,-8.00,-12.92,3,SMART PAINTS
ELE-PVC-BOX-TC8X10,EA,Tc 8X10 PVC Enclosure Box,Electrical,4,31.90,23.90,-8.00,-25.08,4,SEBD3
DOR-LOC-CYL-SMR-3300,SET,Smr 3300 Cylindrical Lock (v/p),Locks & Security,13,34.90,26.90,-8.00,-22.92,13,SYN JING LEE
DOR-BELL-CIMA-DC-6417-WHI,SET,Cielo 6417 Door Bell - White,Doors & Hardware,3,51.90,59.90,8.00,15.41,3,CIMA
DOR-LOC-CYL-SMR-3600,SET,Smr 3600V Cylindrical Lock (v/p),Locks & Security,12,34.90,26.90,-8.00,-22.92,10,SYN JING LEE
"WOO-TIM-2""X4""X12'",PCS,Mlh Sawn Timber 2 X 4 X 12,Building Materials,8,51.90,43.90,-8.00,-15.41,8,TONG DA
CAN-JER-40025,PCS,25L Jerrycan,Housewares,1,62.90,54.90,-8.00,-12.72,1,ING CHOON
TOPLUS-432-07L,CAN,7L Toplus Emulsion 432 Strawberry Crush,Paint & Sundries,2,61.90,53.90,-8.00,-12.92,2,SMART PAINTS
BRO-MOP-MRMOP-L,PCS,4096 Mr Mop (l) Fine Cotton Mop,Housewares,12,28.90,20.90,-8.00,-27.68,12,ING CHOON
"IND-CAS-PVC-RIG-4""",PCS,Medium Duty Red PVC Rigid Wheel 4,Building Materials,7,47.90,39.90,-8.00,-16.70,7,BENTON3
VAL-BAL-MIN-ECC3W,PCS,Ecco 3WAY Mini Ball VALVE-1/2 Mxmxm,Plumbing,4,21.90,13.90,-8.00,-36.53,3,BOON SENG
CAR-WAX-LUX-SHI-LOT,PCS,Tsi (y) Luxurious Shinning Lotion - 360ML,Automotive,9,34.90,26.90,-8.00,-22.92,9,S LINE TECH
SAF-SHO-PCSL911-10/44#,PAIR,Picasaf Sport Leisure Safety Shoe 911 10/44,Safety & Workwear,3,104.00,112.00,8.00,7.69,3,SUNWAY WINSTAR
SAF-SHO-PCSL911-6/39#,PAIR,Picasaf Sport Leisure Safety Shoe 911 6/39,Safety & Workwear,3,104.00,112.00,8.00,7.69,3,SUNWAY WINSTAR
SAF-SHO-PCSL911-7/41#,PAIR,Picasaf Sport Leisure Safety Shoe 911 7/41,Safety & Workwear,3,104.00,112.00,8.00,7.69,3,SUNWAY WINSTAR
BAT-ENE-REC-2AAA-DOLP22,PACK,Evr Dolphin Pico,Electrical,29,28.90,20.90,-8.00,-27.68,29,HUA BAN
"NAI-CON-GAL-3/4""-BOX",BOX,3/4 Galvanised Steel Nail- 1 KG,Fasteners & Fixings,40,20.90,12.90,-8.00,-38.28,39,BENTON
HAC-FRA-LEN-1012#,UNIT,Lenox Hacksaw Frame Blade 1012 (soft Grip),Hand Tools,7,40.90,32.90,-8.00,-19.56,7,KIM KONG3
CUT-DIS-CNS-BLK,PCS,Sawman Black Cns Grinding Disc 4,Abrasives & Cutting,12,22.90,14.90,-8.00,-34.93,12,SYN JING LEE
ELE-PVC-BOX-TC6X8,PCS,Tc 6X8 PVC Enclosure Box,Electrical,3,21.90,13.90,-8.00,-36.53,3,SEBD3
CLO-SHRT-1094L-16.5,PCS,Golden Horse Working Shirt 1094L - 16.5,Other,7,32.90,24.90,-8.00,-24.32,7,DHAI SHENG
CLO-SHRT-1094L-17,PCS,Golden Horse Working Shirt 1094L - 17,Other,7,32.90,24.90,-8.00,-24.32,7,DHAI SHENG
ELE-FATO-UKF-363,EA,Fato W/p Isolator Bd UKF-363,Electrical,1,59.90,51.90,-8.00,-13.36,1,SEBD3
SAF-SHO-PCSL911-8/42#,PAIR,Picasaf Sport Leisure Safety Shoe 911 8/42,Safety & Workwear,2,104.00,112.00,8.00,7.69,2,SUNWAY WINSTAR
SAF-SHO-PCSL911-9/43#,PAIR,Picasaf Sport Leisure Safety Shoe 911 9/43,Safety & Workwear,2,104.00,112.00,8.00,7.69,2,SUNWAY WINSTAR
CLO-SHRT-1094L-14,PCS,Golden Horse Working Shirt 1094L - 14,Other,5,32.90,24.90,-8.00,-24.32,5,DHAI SHENG
SAF-BEL-IND-SH6,PCS,R'yal Body Harness Safety Belt,Safety & Workwear,3,51.90,43.90,-8.00,-15.41,3,JHT HARDWARE
RIC-COO-PSN-SR-E10A-SU,PCS,1.0L Conventional R/c (sky Blue),Other,1,144.00,152.00,8.00,5.56,1,KIONG HUO
BAT-ENE-MAX-9V1PCS,PCS,En Max 9V 1 Pc,Electrical,16,23.90,15.90,-8.00,-33.47,16,HUA BAN
CLO-SHRT-1094L-16,PCS,Golden Horse Working Shirt 1094L - 16,Other,4,32.90,24.90,-8.00,-24.32,4,DHAI SHENG
JAC-BOT-CNN-R02TON,PCS,China Bottle Jack - 2.0 Ton,Lifting & Rigging,2,57.90,49.90,-8.00,-13.82,2,SONIC3
CAR-WAX-ARMOR-500ML,SET,Armor All 500ML Wash & Wax,Automotive,2,32.90,24.90,-8.00,-24.32,2,HUA BAN
CLO-SHRT-1094L-15,PCS,Golden Horse Working Shirt 1094L - 15,Other,2,32.90,24.90,-8.00,-24.32,2,DHAI SHENG
ELE-BOX-MCB-12WAY,PCS,Tc 13 Way Mcb Box,Electrical,5,34.90,26.90,-8.00,-22.92,5,SEBD3
"VAL-CHE-BRA-VIP523-1""",PCS,Spring Check Valve: Brass Vip 523 1,Plumbing,4,36.90,28.90,-8.00,-21.68,4,KWONG TECK CHIONG3
CAR-GLA-CLE-500ML,PCS,Aa Car Care Glass Cleaner 500ML,Automotive,2,22.90,14.90,-8.00,-34.93,8,AVEREST
KHI-HDR-HD511-GRE,SET,Hair Dryer 1400W (matt Grey),Home Appliances,2,72.90,65.00,-7.90,-10.84,2,KHIND-MISTRAL
KHI-TOA-BT808,SET,Khind Bread Toaster (mint),Home Appliances,4,79.90,72.00,-7.90,-9.89,4,KHIND-MISTRAL
NIE-SOC-IMP-DEE-3/4-29MM,PCS,Nietz Deep Impact Socket (6T) 29MM 50162029,Power Tools,2,68.90,61.00,-7.90,-11.47,2,SUNWAY WINSTAR
"NIE-ADA-IMP-3/4""X1/2""",EA,Nietz Impact Adaptor 50166764,Power Tools,2,63.90,56.00,-7.90,-12.36,2,SUNWAY WINSTAR
NIE-SOC-IMP-DEE-3/4-22MM,PCS,Nietz Deep Impact Socket (6T) 22MM 50162022,Power Tools,2,63.90,56.00,-7.90,-12.36,2,SUNWAY WINSTAR
ELE-LED-FLO-IP66-150W-6500K-NEW,PCS,LED Floor Light -150W New,Lighting,6,99.90,92.00,-7.90,-7.91,6,TOP GAN
SWI-CON-TC-10507,PCS,Taicon Power Supply (low Noise) 25A 12V 300W,Electrical,2,62.90,55.00,-7.90,-12.56,2,ECO ENTERPRISE3
FAS-SCR-DS520HOW-BOX,BOX,10 X3/4 Lion King Self-drill Scr,Power Tools,10,56.90,49.00,-7.90,-13.88,10,CHIN LAI
NUM-PUNC-50730080,SET,Nietz 0-9 Number Punches 8MM 50730080,Signage & Numbering,1,74.90,67.00,-7.90,-10.55,1,SUNWAY WINSTAR
"FAS-SCR-CSK-1 1/2"" X 6G - BOX",BOX,Sr Csk Tapping Screw 1 1/2 X 6G (1000PCS/BOX),Fasteners & Fixings,2,86.90,79.00,-7.90,-9.09,2,SYARIKAT HUA KIONG3
SAF-SHO-SUP-39#,PAIR,Supersonic Safety Shoes 39 (5 ),Safety & Workwear,2,96.90,89.00,-7.90,-8.15,2,SONIC3
SAF-SHO-SUP-43#,PAIR,Supersonic Safety Shoes 43 (9 ),Safety & Workwear,2,96.90,89.00,-7.90,-8.15,2,SONIC3
SCI-S/STEEL-135,PCS,Confu Hair Clipper,Other,1,82.90,75.00,-7.90,-9.53,3,GENESIS REVELATION
WIR-BRC-210X4X8-2.8MM,PCS,210 X 4 X 8 Brc,Other,10,57.90,50.00,-7.90,-13.64,9,CHEE LIAN
BAT-REC-FP1272-12V,PCS,Gp 12V 7.2AH Rec. Battery,Electrical,7,93.90,86.00,-7.90,-8.41,7,FULL-LITE
JAC-BOT-CNN-R05TON,PCS,China Bottle Jack - 5.0 Ton,Lifting & Rigging,2,79.90,72.00,-7.90,-9.89,2,SONIC3
SPR-GALAXY-WTRPRF-400ML,CAN,Galaxy Waterproof Solution Spray 400ML,Fasteners & Fixings,3,62.90,55.00,-7.90,-12.56,3,SUNWAY WINSTAR
CUT-KNIFE,PCS,Foochow Knife,Abrasives & Cutting,1,49.90,42.00,-7.90,-15.83,1,CHUONG LEE
CHA-BBE4-EV,PCS,Battery Charger For Bossman,Electrical,2,57.90,50.00,-7.90,-13.64,2,WHA WEE
NIP-WTRB-18L-P,DRUM,18L Nippon Weatherbond Quartz Pastel Base,Paint & Sundries,3,659.00,666.80,7.80,1.18,3,PAINT MAR.2
NIP-WTRB-1L-T,CAN,1L Nippon Weatherbond Quartz Tint Base,Paint & Sundries,5,71.90,64.10,-7.80,-10.85,5,PAINT MAR.2
PLA-BAG-8X12X1KG,ROLL,8 X 12 X 1KG Hd/roll,Packaging,9,19.40,11.60,-7.80,-40.21,9,SA GENERAL PLASTIC
TAB-PVC-515-11,MTR,137CM X 25M Thick 107 Table Cloth - 515-11,Housewares,0,14.70,6.90,-7.80,-53.06,0.5,LIENG KION
NIP-QGL-1L-P,TIN,1L Nippon Q-glo Pastel Base,Paint & Sundries,10,49.90,42.20,-7.70,-15.43,10,PAINT MAR.2
GUM-HAR-625,TIN,Grey Silicone Hardex,Chemicals & Adhesives,9,20.90,13.20,-7.70,-36.84,28,KWONG TECK CHIONG
BNW-B&N-RBN-110-BOX,BOX,Sr G. I Boit & Nut 3/16 X 1 (box),Fasteners & Fixings,2,25.90,18.20,-7.70,-29.73,2,SYARIKAT HUA KIONG3
NAI-ROO-TWI-RED,BAG,2-1/2 Twist Roofing Nails (red),Fasteners & Fixings,28,19.50,11.80,-7.70,-39.49,27,HUI SHEN
NAI-ROO-TWI-BLUE,BAG,2-1/2 Twist Roofing Nails (blue),Fasteners & Fixings,24,19.50,11.80,-7.70,-39.49,22,HUI SHEN
GUM-HAR-RS600C,PCS,Silicone Hardex 300ML Clear,Chemicals & Adhesives,48,19.50,11.90,-7.60,-38.97,116,KWONG TECK CHIONG
GUM-HAR-RS900W,PCS,Silicone Hardex Neutral White,Chemicals & Adhesives,47,19.10,11.50,-7.60,-39.79,85,KWONG TECK CHIONG
GUM-HAR-RS900B,PCS,Silicone Hardex Neutral Black,Chemicals & Adhesives,23,19.10,11.50,-7.60,-39.79,67,KWONG TECK CHIONG
PLA-BAG-W1000-2227,PCK,22 X 27 X Tbag Aa,Packaging,15,19.40,11.80,-7.60,-39.18,25,SA GENERAL PLASTIC
CUT-FLA-TAI-A60100,PCS,Tailin Flap Discs A60,Abrasives & Cutting,4,15.80,8.20,-7.60,-48.10,3,FONG YUAN HUNG
SWI-SOC-MK-5G1W-S8875,PCS,Mk 10AX 5G1W Switch -slimline Plus,Electrical,3,36.90,29.30,-7.60,-20.60,3,SEBD3
BAT-ENE-LIT-2016,PCS,Energizer Lithium 2016,Electrical,24,18.10,10.50,-7.60,-41.99,24,HUA BAN
SWI-ADA-TRA-2G,PCS,Me 666 2G Travel Adaptor,Electrical,5,22.90,15.30,-7.60,-33.19,4,FULL-LITE
BAT-ENE-GOL-AA4PC,PCK,Eveready Gold Aa 4 Pc,Electrical,24,19.40,11.90,-7.50,-38.66,23,HUA BAN
KOYA-GRE-P525-1/2KG,TIN,Koya Heavy Grease,Chemicals & Adhesives,18,19.00,11.50,-7.50,-39.47,18,ING PING3
PLA-BAG-W1000-2024,KG,20 X 24 X Tbag Aa,Packaging,40,19.40,11.90,-7.50,-38.66,40,SA GENERAL PLASTIC
SWI-SOC-ELE-E041B,PCS,Elegance 16A 4 GANG 1 Way-black (E041B),Electrical,16,35.90,43.40,7.50,20.89,16,
ELE-WOO-BLOCK-9X14,EA,Wood Block 9 X 14,Electrical,2,19.00,11.50,-7.50,-39.47,2,ECO ENTERPRISE3
NIE-SOC-IMP-DEE-1/2-24MM-2,PCS,Nietz Deep Impact Socket (6PT) 50142024 24MM,Power Tools,4,38.90,31.50,-7.40,-19.02,4,SUNWAY WINSTAR
CUT-HSF-GLO-HS703,PCS,Glotool Hacksaw Frame - HS703,Hand Tools,9,20.90,13.50,-7.40,-35.41,8,SONIC3
"NIE-SOC-IMP-1""-24MM",PCS,Nietz 1 IN Dr Impact Socket (6PT) 50170024 24MM,Power Tools,1,56.90,49.50,-7.40,-13.01,1,SUNWAY WINSTAR
NIP-TIM-1L-D,CAN,1L Nippon Timbershade Deep Base,Paint & Sundries,3,54.90,47.50,-7.40,-13.48,3,PAINT MAR.2
NIE-SOC-IMP-THI-1/2-17MM,PCS,Nietz Thin Wall Deep Imp Skt 6PT 50141217 17MM,Hand Tools,3,34.90,27.50,-7.40,-21.20,3,SUNWAY WINSTAR
BOS-2608-610-001,PCS,Lambwool Bonnet,Power Tools,3,46.90,39.50,-7.40,-15.78,3,CMW ENGINEERING
LOC-COL-RK502,SET,Colex Key-a-like Anti Cut Padlock RK-502,Locks & Security,4,94.90,87.50,-7.40,-7.80,4,KIM KONG3
NIE-JOI-UNI-12MM,PCS,Nietz Dr Universal Joint 1/2 50046840,Hand Tools,4,34.90,27.50,-7.40,-21.20,4,SUNWAY WINSTAR
WOO-PLY-5.2MM,PCS,Plywood 5.2MM X 4 X 8,Building Materials,46,46.90,39.50,-7.40,-15.78,45,KIMWOOD
BOS-2608-603-309,PCS,Diamond Cutting Blade Segmented,Power Tools,1,39.90,32.50,-7.40,-18.55,1,CMW ENGINEERING
BOA-GYP-04.5MM,PCS,4 X 8 X 4.5MM Prima Flat Sheet,Building Materials,41,46.90,39.50,-7.40,-15.78,41,ING HING HONG
CUT-PIP-W0204PVC,PCS,PVC Pipe Cutter (36MM),Plumbing,6,28.90,21.50,-7.40,-25.61,6,JUMBO
TOO-CUT-BOLW0118A,PCS,Bolt Cutter 450MM,Fasteners & Fixings,2,76.90,69.50,-7.40,-9.62,2,JUMBO
"FAS-RIV-PAT-1/8""X1/2""-BOX",BOX,Blind Rivet: Jaguar 1/8 X 1/2 (1000PCS/BOX),Fasteners & Fixings,3,40.90,33.50,-7.40,-18.09,3,KWONG TECK CHIONG
CUT-SCI-SK5-00903H,PCS,Mn 8 SK5 Steel H/d Ind-scissors,Abrasives & Cutting,6,38.90,31.50,-7.40,-19.02,6,DALMAX
"FAS-RIV-PAT-1/8""X5/16""-BOX",BOX,Blind Rivet: Jaguar 1/8 X 5/16 (1000PCS/BOX),Fasteners & Fixings,2,35.90,28.50,-7.40,-20.61,2,KWONG TECK CHIONG
WOO-PLY-12MM-WTR,PCS,Plywood Waterproof 12MM X 4 X 8,Building Materials,18,86.90,79.50,-7.40,-8.52,10,KIMWOOD
COC-STO-C012,PCS,Brass Stop Cock - C012 12MM,Plumbing,16,25.90,18.50,-7.40,-28.57,15,SONIC3
CUT-BLA-STA-9MM-9920113001,PKT,9MM (10PKT/BOX)SNAP-OFF Knife Blade,Abrasives & Cutting,6,21.90,14.50,-7.40,-33.79,6,YUNG KONG
CUT-CIR-30-120MM,SET,Adjustable Circle Cutter,Abrasives & Cutting,4,30.90,23.50,-7.40,-23.95,4,SYN JING LEE
SWI-T/BOX-PP740B,SET,Extension Box Sp PP100-740B,Electrical,6,34.90,27.50,-7.40,-21.20,5,FULL-LITE
FIT-UPVC-SOC-110X50MM,PCS,"U-pvc Socket Reducing 4""X2",Electrical,8,20.90,13.50,-7.40,-35.41,8,KIONG SING
SCA-CAM-EK8850,PCS,Camry-slim Digital Kitc. Scale (S/S)/10KG/22LB,Housewares,1,56.90,49.50,-7.40,-13.01,1,ZHONG YUAN3
SWI-MK-2G1W-S4782,PCS,Mk 2GANG 1WAY Wide Rocker Socket,Electrical,8,19.90,12.50,-7.40,-37.19,8,SEBD3
SHH-REEL-CH2000,PCS,Beilishi Fishing Reel (13BB),Fishing & Tackle,1,46.90,39.50,-7.40,-15.78,1,SINHENHUA
SWI-T/SOC-FLE-914-5M-4G5M,SET,Fle T/skt Sp ** TC-4GL-540B 914-5M,Electrical,3,35.90,28.50,-7.40,-20.61,2,FULL-LITE
CUT-SAW-PM33124,PCS,Pumpkin 20 Master Cut Hand Saw,Abrasives & Cutting,7,46.90,39.50,-7.40,-15.78,7,DALMAX3
"DOR-SPO-SHA-9""",PCS,9 Spoke Shave,Doors & Hardware,5,21.90,14.50,-7.40,-33.79,5,WHA WEE
DOR-LOC-CYL-SMR-3630,PCS,Smr 3630 Privacy Lock (b/p),Locks & Security,3,28.90,21.50,-7.40,-25.61,3,SYN JING LEE
SWI-ADA-TRA-UNI,PCS,Universal Multi Travel Adaptor USB Uni,Electrical,4,51.90,44.50,-7.40,-14.26,4,SEBD3
CUT-KNI-STA-DYN-9MM-992010409,PCS,"(9MM X 5-3/8"") Knives With Dynagrip",Abrasives & Cutting,2,24.90,17.50,-7.40,-29.72,2,YUNG KONG
X-BOS-2608-587-165,PCS,Ceramic Expert Drill Bit 10 X 90MM,Power Tool Accessories,3,38.90,31.50,-7.40,-19.02,3,CMW ENGINEERING
CAR-ARMOR-PROTECT,PACK,Armor All 300ML Protectant,Automotive,1,31.90,24.50,-7.40,-23.20,1,HUA BAN
COC-BAL-L602,PCS,Vovo Brass Ball Cock 1/2,Plumbing,1,23.90,16.50,-7.40,-30.96,1,ALIKE HARDWARE3
NIP-QGL-1L-T,CAN,1L Nippon Q-glo Tint Base,Paint & Sundries,2,48.90,41.60,-7.30,-14.93,2,PAINT MAR.2
GUM-HAR-RS900C,PCS,Silicone Hardex Neutral Clear,Chemicals & Adhesives,87,18.70,11.50,-7.20,-38.50,86,KWONG TECK CHIONG
TOO-ELE-WJ-315,PCS,Tool Oubao 8P8C Modular Crimping Tool (WJ-315),Power Tools,5,42.90,35.70,-7.20,-16.78,5,SEBD3
"DRI-AUG-BIT-NO.1/4""",PCS,1/4 No. 1 Star-m Auger Bit (b),Power Tool Accessories,2,32.90,25.70,-7.20,-21.88,2,WHA WEE
DOR-STO-S/S-2212,PCS,2212 S/s Door Stopper,Doors & Hardware,2,18.70,11.50,-7.20,-38.50,2,SYN JING LEE
"NAI-CON-GAL-2""-BOX",BOX,2 Galvanised Steel Nail- 1 KG,Fasteners & Fixings,12,19.70,12.50,-7.20,-36.55,10,BENTON
SPR-BID-SWSB-ABS-362,PCS,Saniware ABS Spray Bidet Set Holder & 1.2MM Flexible Hose,Bathroom,2,61.90,69.00,7.10,11.47,2,VTC HARDWARE
GRA-SAN-SWFG-SS304-6602,PCS,Saniware Floor Grating (150X150MM) SWFG-SS304-6602,Bathroom,8,64.90,72.00,7.10,10.94,8,VTC HARDWARE
TOW-SAN-SWP-BF-3709,PCS,Saniware Premier Single Towel BAR (48X88X800MM),Bathroom,2,97.90,105.00,7.10,7.25,2,VTC HARDWARE
TOW-SAN-SWP-BF-3704,PCS,Saniware Towel Ring (160X78X185MM),Bathroom,2,61.90,69.00,7.10,11.47,2,VTC HARDWARE
"NIE-SOC-IMP-3/4""-19MM",PCS,Nietz Dr Impact Socket (6PT) 50160019 19MM,Power Tools,3,36.90,29.80,-7.10,-19.24,3,SUNWAY WINSTAR
"NIE-SOC-IMP-3/4""-21MM",PCS,Nietz Dr Impact Socket (6PT) 50160021 21MM,Power Tools,3,36.90,29.80,-7.10,-19.24,3,SUNWAY WINSTAR
"NIE-SOC-IMP-1/2""-14MM",PCS,Nietz Dr Impact Socket (6PT) 50140014 14MM,Power Tools,5,19.70,12.60,-7.10,-36.04,5,SUNWAY WINSTAR
SWI-SOC-TAICON-TCU8111,PCS,Taicon 13A 2 USB Multi Switch Socket,Electrical,20,33.90,26.80,-7.10,-20.94,19,ECO ENTERPRISE3
COC-STO-SAN-SWSC1011,PCS,Saniware 15MM Brass X-handle Stop Cock (qt),Doors & Hardware,1,67.90,75.00,7.10,10.46,1,VTC HARDWARE
SWI-SOC-TAICON-TC8111,PCS,Taicon 13A Multi Switch Socket Noen,Electrical,20,20.90,13.80,-7.10,-33.97,20,ECO ENTERPRISE3
BOS-2608-585-901,PCS,Hss-g Cobal Bit 11.0MM,Power Tools,3,45.90,38.80,-7.10,-15.47,0,CMW ENGINEERING
"NIE-SOC-IMP-1/2""-15MM",PCS,Nietz Dr Impact Socket (6PT) 50140015 15MM,Power Tools,2,20.90,13.80,-7.10,-33.97,2,SUNWAY WINSTAR
VAL-ANG-SRTWT908SS,PCS,Sorento S/steel Angle Valve,Plumbing,3,46.90,39.80,-7.10,-15.14,3,SYNTALUN
ELE-PEN-420-E27-WHI,PCS,420 Pendant Lamp White,Lighting,8,64.90,72.00,7.10,10.94,8,CIMA
KOYA-REM-CEM-4000ML,BOT,Koya Cement & Stain Remover 4.0 LTR,Chemicals & Adhesives,18,56.90,49.80,-7.10,-12.48,18,KIONG JOUNG3
ELE-PEN-420-E27-B+G,PCS,420 Pendant Lamp Black + Gold,Lighting,5,64.90,72.00,7.10,10.94,5,CIMA
LOC-COL-RB401,PCS,Colex Anti- Cut Long Shackkle Padlock RB-401,Locks & Security,9,45.90,38.80,-7.10,-15.47,9,KIM KONG3
SCP-TOI-CONCR-CLE-1LTR,BTL,1LTR Scp Concrete Cleaner,Chemicals & Adhesives,7,19.00,11.90,-7.10,-37.37,7,ING PING3
WEL-ELE-J38.12-3.2MM,PCK,Welding Electrode X 3.2MM (PCK),Welding,1,36.90,29.80,-7.10,-19.24,5,SONIC
HOS-GAR-MMAN-1446#-20M,ROLL,M'man Garden Hose 1446 5/8 X 20M,Outdoor & Garden,8,71.90,79.00,7.10,9.87,8,JHT HARDWARE
BNW-B&N-RBN-205-BOX,BOX,Sr G. I Boit & Nut 1/4 X 5/8 (box),Fasteners & Fixings,2,24.90,17.80,-7.10,-28.51,2,SYARIKAT HUA KIONG3
FIL-GAU-W2868A,PCS,Filler Gauges 100MM*14,Other,6,16.00,8.90,-7.10,-44.38,5,JUMBO
FIT-UPVC-FLO-110MMX50MM,PCS,U-pvc Floor Gully Trap 4 X 2,Plumbing,3,29.90,22.80,-7.10,-23.75,3,KIONG SING
TAP-SKC-M08X1.25,SET,Skc Hand Tap M08 X 1.25,Plumbing,2,31.90,24.80,-7.10,-22.26,2,SONIC3
"NAI-CON-GAL-1""-BOX",BOX,1 Galvanised Steel Nail- 1 KG,Fasteners & Fixings,28,20.90,13.80,-7.10,-33.97,26,BENTON
COC-BAL-VIP-319-SS18MM,PCS,319 3/4 Vip Union Lever Bib Tap,Plumbing,13,35.90,28.80,-7.10,-19.78,12,KIM KONG3
SAF-HEL-SUN-BRIM,PCS,Proguard Helmet Sunshade Brim,Safety & Workwear,2,31.90,24.80,-7.10,-22.26,2,BENTON3
ELE-BOX-MCB-16WAY,PCS,Tc 16 Way Mcb Box,Electrical,3,36.90,29.80,-7.10,-19.24,3,SEBD3
TAP-SAN-SWP-SS-304-3937-SS,PCS,Saniware Premier Kitchen Pillar Sink Tap-ss,Kitchen & Sinks,2,119.00,126.00,7.00,5.88,2,VTC HARDWARE
NIP-PHG-1L-MWHI,CAN,1L Platone High Gloss 8102 Matt White,Paint & Sundries,18,46.90,39.90,-7.00,-14.93,17,PAINT MAR.
NIE-SOC-IMP-DEE-1/2-19MM,PCS,Nietz Deep Impact Socket (6PT) 50142019 19MM,Power Tools,5,33.90,26.90,-7.00,-20.65,5,SUNWAY WINSTAR
NIE-SOC-IMP-DEE-1/2-16MM,PCS,Nietz Deep Impact Socket (6PT) 50142016 16MM,Power Tools,5,31.90,24.90,-7.00,-21.94,5,SUNWAY WINSTAR
"NIE-SOC-IMP-3/4""-41MM",PCS,Nietz Dr Impact Socket (6PT) 50160041 41MM,Power Tools,2,64.90,57.90,-7.00,-10.79,1,SUNWAY WINSTAR
"NIE-HAN-L-3/4""",PCS,Nietz Dr L Hdl (CRV)50068718 18IN,Hand Tools,2,149.00,142.00,-7.00,-4.70,2,SUNWAY WINSTAR
"NIE-SOC-IMP-1/2""-32MM",PCS,Nietz Dr Impact Socket (6PT) 50140032 32MM,Power Tools,2,38.90,31.90,-7.00,-17.99,2,SUNWAY WINSTAR
"NIE-SOC-IMP-3/4""-29MM",PCS,Nietz Dr Impact Socket (6PT) 50160029 29MM,Power Tools,2,36.90,29.90,-7.00,-18.97,2,SUNWAY WINSTAR
"NIE-SOC-IMP-1/2""-28MM",PCS,Nietz Dr Impact Socket (6PT) 50140028 28MM,Power Tools,2,33.90,26.90,-7.00,-20.65,2,SUNWAY WINSTAR
"NIE-SOC-IMP-1/2""-19MM",PCS,Nietz Dr Impact Socket (6PT) 50140019 19MM,Power Tools,2,21.90,14.90,-7.00,-31.96,2,SUNWAY WINSTAR
"NIE-SOC-IMP-1/2""-16MM",PCS,Nietz Dr Impact Socket (6PT) 50140016 16MM,Power Tools,2,20.90,13.90,-7.00,-33.49,2,SUNWAY WINSTAR
BOS-2607-017-398,SET,X-line Set (33PCS),Power Tools,12,48.90,55.90,7.00,14.31,11,CMW ENGINEERING
PAI-SPR-SAM-033,PCS,Samurai Spray Paint 33 Red,Paint & Sundries,28,20.90,13.90,-7.00,-33.49,28,KIM KONG3
ELE-D/L-PHI-LED-7W,PCS,Philips Essential 7W E27 LED Bulb,Lighting,10,22.90,15.90,-7.00,-30.57,10,CIMA
BOS-2608-680-295,PCS,Sds + Drill Bit S3 25 X 400/460MM,Power Tool Accessories,2,81.90,74.90,-7.00,-8.55,2,CMW ENGINEERING
NIE-SOC-IMP-THI-1/2-19MM,PCS,Nietz Thin Wall Deep Imp Socket 6PT 50141219 19MM,Electrical,4,35.90,28.90,-7.00,-19.50,4,SUNWAY WINSTAR
BAT-ENE-SHD-9V1PCS,PCK,Eveready Shd 9V 1PC,Electrical,19,15.70,8.70,-7.00,-44.59,19,HUA BAN
TOO-NIE-PLU-COU-600PHA,PCS,Nietz High Flow Quick Coupler Plug 50861602,Electrical,2,45.90,38.90,-7.00,-15.25,2,SUNWAY WINSTAR
NIE-PLU-SOC-50046621,PCS,Nietz Spark Plug Socket 50046621,Electrical,3,19.90,12.90,-7.00,-35.18,3,SUNWAY WINSTAR
PRO-COAT-Z388-GRY,TIN,Procoat Z388 Grey 4KG,Paint & Sundries,2,104.00,97.00,-7.00,-6.73,2,WHA WEE
NIE-PLU-SOC-50046616,PCS,Nietz Spark Plug Socket 50046616,Electrical,2,19.90,12.90,-7.00,-35.18,2,SUNWAY WINSTAR
NIE-SOC-HAN-DEE-12P-1/2-27MM,PCS,Nietz Dr Deep Cr Socket (12PT) 50045027 27MM,Electrical,1,37.90,30.90,-7.00,-18.47,1,SUNWAY WINSTAR
ELE-CEI-LIG-3088-96W-3CLR,UNIT,Ceiling Light 3CLR 3088/96W,Lighting,2,119.00,126.00,7.00,5.88,2,TOP GAN
"HOS-GAR-CAV-5/8""X30M",ROLL,Cavallo Orange Garden Hose 5/8''X30M,Outdoor & Garden,8,104.00,97.00,-7.00,-6.73,8,SYN JING LEE
TAP-WALL-I301,PCS,Wall Sink Tap I301 Wtc Tic,Kitchen & Sinks,4,42.90,35.90,-7.00,-16.32,4,DALMAX3
TAP-PIL-JOPEX-QSTP01W,PCS,Jopex Pillar Sink,Kitchen & Sinks,4,30.90,23.90,-7.00,-22.65,4,BOON SENG
X-TAB-LAM-016TL-WH,PCS,Table Lamp 016-WH,Lighting,2,62.90,69.90,7.00,11.13,2,
SWI-SOC-ELE-TSBL13,PCS,13A Flat Pin Tracks Socket Blue-red LED (BL13),Lighting,2,59.90,52.90,-7.00,-11.69,2,TRISTAR
PAI-HAN-CRI-3M,PCS,3M Cristin Telescope,Paint & Sundries,14,49.90,42.90,-7.00,-14.03,14,ING PING3
SOC-EMPTY-TAI-5G-LO6200,PCS,Taicon 5G Trailing Socket Neon-empty (5000),Electrical,10,30.90,23.90,-7.00,-22.65,9,ECO ENTERPRISE3
CHE-GRE-HD600-400ML,TIN,Spray Grease : Hardex 400ML,Chemicals & Adhesives,15,23.90,16.90,-7.00,-29.29,13,KWONG TECK CHIONG
PAI-HAN-CRI-2M,PCS,2M Cristin Telescope,Paint & Sundries,14,39.90,32.90,-7.00,-17.54,14,ING PING3
SWI-T/SOC-MS3233-1.5M3G,PCS,Morries Extension Socket 3G 1.5M W Neon (pink),Electrical,8,46.90,39.90,-7.00,-14.93,8,YUAN MING
WOO-PLY-9MM,PCS,Plywood 9.0MM X 4 X 8,Building Materials,19,69.90,62.90,-7.00,-10.01,19,KIMWOOD
SWI-T/SOC-2540B-5M2G,SET,2G Extension Socket Sp,Electrical,9,32.90,25.90,-7.00,-21.28,4,FULL-LITE
PYE-CEM-CLE-1L,BOT,PYE Cem Cleaner,Chemicals & Adhesives,8,26.90,19.90,-7.00,-26.02,8,MULTICLASSIC
DRI-KUS-SET,SET,"Kusama Fully Ground Drill 1/16""-1/4",Power Tools,4,47.90,40.90,-7.00,-14.61,4,FONG YUAN HUNG
COV-JAC-RED-2XL,PCS,Red Jacket (r) : 2XL,Outdoor & Garden,3,59.90,52.90,-7.00,-11.69,3,SONIC3
"BRA-SHE-YG782-20""",PAIR,White H/duty Shelf Bracket 20,Housewares,10,30.90,23.90,-7.00,-22.65,10,SYN JING LEE
FAS-RIV-PAT-5/32X1/2-BOX,BOX,Blind Rivet: Jaguar 5/32 X 1/2 (500PCS/BOX),Fasteners & Fixings,4,32.90,25.90,-7.00,-21.28,4,KWONG TECK CHIONG
GUN-T-7006-MINI,PCS,Fiesto Mini Tufting Gun,Fasteners & Fixings,15,51.90,44.90,-7.00,-13.49,15,DALMAX3
FOAM-PU-VT268,PCS,V-tech Pu Foam 750ML,Other,6,43.90,36.90,-7.00,-15.95,1,ALIKE HARDWARE
RIV-HAND-HR008,PCS,Hand Riveter - Jp,Other,5,49.90,42.90,-7.00,-14.03,5,SYN JING LEE
X-GAR-CHI-JM-24,PCS,Jayamata T-shape Oil Palm Harvesting Hook,Power Tools,2,42.90,35.90,-7.00,-16.32,2,KIONG JOUNG3
ELE-SOL-TIN12MM250G,PCS,Japan Soldering Wire,Electrical,26,19.90,12.90,-7.00,-35.18,26,SYN JING LEE
CUT-SAW-WAL-BOA-W2669,PCS,Wall Board Saw,Building Materials,6,26.90,19.90,-7.00,-26.02,6,JUMBO
TOO-GUN-GLU-STA-996069GR10B,PCS,Mini Hot Melt Glue Gun- Round Pin,Chemicals & Adhesives,1,54.90,47.90,-7.00,-12.75,1,YUNG KONG
VAL-BAL-VIP-343-18MM,PCS,Full Bore Ball VALVE:PN25 343 3/4,Plumbing,12,32.90,25.90,-7.00,-21.28,11,KWONG TECK CHIONG3
DZ-GEN-PST-30X400,PCS,Star Bull Point PH65 30 (mm),Other,2,61.90,54.90,-7.00,-11.31,2,GL BOSUN DIAMOND
OIL-CAN-3L,PCS,Oil Can 3L,Automotive,4,44.90,51.90,7.00,15.59,4,WEE TAT TRADING
BNW-B&N-RBN-204-BOX,BOX,Sr G. I Boit & Nut 1/4 X 1/2 (box),Fasteners & Fixings,2,22.90,15.90,-7.00,-30.57,2,SYARIKAT HUA KIONG3
SHH-REEL-GM3000,PCS,Haojia Fishing Reel 12BB GM3000,Fishing & Tackle,2,49.90,42.90,-7.00,-14.03,2,SINHENHUA
BNW-B&N-RBN-206-BOX,BOX,Sr G. I Boit & Nut 1/4 X 3/4 (box),Fasteners & Fixings,1,26.90,19.90,-7.00,-26.02,1,SYARIKAT HUA KIONG3
FIT-UPVC-SOC-110X82MM,PCS,"U-pvc Socket Reducing 4""X3",Electrical,8,20.90,13.90,-7.00,-33.49,6,KIONG SING
PUT-CAR-GRY-1KG,TIN,1KG Putty Grey Yarpro,Paint & Sundries,6,35.90,28.90,-7.00,-19.50,4,HUONG SING
COV-JAC-L/B-M,PCS,L/blue Jacket (r) : M,Outdoor & Garden,3,59.90,52.90,-7.00,-11.69,3,SONIC3
COV-JAC-RED-M,PCS,Red Jacket (r) : M,Outdoor & Garden,3,59.90,52.90,-7.00,-11.69,3,SONIC3
COV-JAC-RED-XL,PCS,Red Jacket (r) : XL,Outdoor & Garden,3,59.90,52.90,-7.00,-11.69,3,SONIC3
FIT-UPVC-SOC-160X110MM,PCS,"U-pvc Socket Reducing 6""X4",Electrical,4,32.90,25.90,-7.00,-21.28,4,KIONG SING
TOO-JAW-PIP-W0365B,PCS,3/4 Heavy Pipe Jaw (20MM*100MM),Plumbing,3,43.90,36.90,-7.00,-15.95,3,JUMBO
"DOR-ROL-GAT-2.5""",PCS,Galv. U Folding Gate Bearing 2.5,Doors & Hardware,3,52.90,45.90,-7.00,-13.23,3,HSIN NGIE
SWI-SOC-MK-4G1W-S8874,PCS,Mk 10AX 4G1W Switch -slimline Plus,Electrical,3,39.90,32.90,-7.00,-17.54,3,SEBD3
TAP-VAL-ANGL063,PCS,Leon Brass Angle,Plumbing,5,22.90,15.90,-7.00,-30.57,5,BOON SENG
CUT-TIL-JTC-450MM,SET,Rockey Tile Cutter Machine 518 450MM,Flooring,2,199.00,192.00,-7.00,-3.52,2,KWONG TECK CHIONG
GUM-HAR-HE4251,PCS,Valve Griding Paste: Hardex HE4251(F),Plumbing,6,17.80,10.80,-7.00,-39.33,6,KWONG TECK CHIONG
SWI-T/SOC-FLE-915-3M5G,SET,Fle T/skt Sp TC-5GL-340B 915-3M,Electrical,3,32.90,25.90,-7.00,-21.28,3,FULL-LITE
COV-JAC-L/B-XL,PCS,L/blue Jacket (r) : XL,Outdoor & Garden,2,59.90,52.90,-7.00,-11.69,1,SONIC3
FLO-MOC-PM6646B,PCS,PM6646B 60X60CM,Flooring,1,25.90,18.90,-7.00,-27.03,1,BRAVO-LINE
IND-CAS-NYL-75MM,SET,3 IN White Nylon Caster Wheel,Building Materials,1,43.90,36.90,-7.00,-15.95,1,CHIONG SENG
"NAI-CON-GAL-3""-BOX",BOX,3 Galvanised Steel Nail- 1 KG,Fasteners & Fixings,27,19.50,12.50,-7.00,-35.90,27,BENTON
GRA-CUT-BLA-35590,PCS,14 Tanaka Square Brush Culter,Outdoor & Garden,3,20.90,13.90,-7.00,-33.49,-1,WHA WEE
FLOAT-CT-ACV20,PCS,3/4 Cotta Automatic Control Valve,Plumbing,12,40.90,33.90,-7.00,-17.11,12,DALMAX3
"NAI-CON-GAL-1.1/2""-BOX",BOX,1-1/2 Galvanised Steel Nail- 1 KG,Fasteners & Fixings,24,19.90,12.90,-7.00,-35.18,24,BENTON
ELE-D/L-PHI-PLC-865-18W,PCS,Philips Plc 18W 865 D/l Tube,Electrical,22,20.90,13.90,-7.00,-33.49,22,ECO ENTERPRISE3
"NAI-CON-GAL-4""-BOX",BOX,4 Galvanised Steel Nail - 1 KG,Fasteners & Fixings,22,20.90,13.90,-7.00,-33.49,22,BENTON
SWI-S/SKT-LWD-0023,PCS,Lwd 0023 F3 13A Double S/skt SIRIM,Electrical,12,31.90,24.90,-7.00,-21.94,9,FULL-LITE
ELE-RENO-63A-2P-MCB,EA,Reno 63A 2P Mcb,Electrical,2,28.90,21.90,-7.00,-24.22,2,SEBD
IND-DUS-GLO-120L-TYRE,PCS,120 Liter Dustbin - Tyre,Automotive,4,31.90,38.90,7.00,21.94,3,SONIC3
"PIP-UPVC-6""",MTR,"6""(160MM) Ut X 6M Upvc Pipe",Plumbing,9,36.90,29.90,-7.00,-18.97,9,HUA BAN
SWI-SOC-NNE-803/1-1W3G,PCS,NNE 803/1 3G 1W Switch SIRIM,Electrical,15,21.90,14.90,-7.00,-31.96,15,FULL-LITE
TOW-ROP-STE-104M,PCS,10 X 4MM Steel Towing Rope,"Rope, Chain & Netting",3,36.90,29.90,-7.00,-18.97,3,WHA WEE
X-FLO-MOC-SP121B,PCS,12 X 24 Homo Tile SP121B,Flooring,5,1.60,8.60,7.00,437.50,5,CHEE LIAN
"ALUM-HOLLOW-2""X1""-3",PCS,2 X 1 Alum. Hollow Na (PCS),Building Materials,2,42.90,35.90,-7.00,-16.32,17,KEE'S ALLUMINIUM
PAI-SPR-ANC-006,PCS,400ML Anchor Spray - 6 Royal Ivory (PCS),Fasteners & Fixings,12,18.50,11.50,-7.00,-37.84,13,MAJOR HARVEST3
FIT-UPVC-CAP-160MM,PCS,U-pvc End Cap 160MM 6,Plumbing,6,33.90,26.90,-7.00,-20.65,6,KIONG SING
SWI-PLU-MK-515-15A,EA,Mk 515 Whi 15A Plug Top,Electrical,7,28.90,21.90,-7.00,-24.22,7,SEBD3
"CUT-SAW-ASUMA-18""",PCS,18 Asuma Hand Saw,Abrasives & Cutting,3,21.90,14.90,-7.00,-31.96,2,CRYSTAL TRIUMPH S/B
CUT-KNI-STA-DYN-18MM,PCS,"(18MM X 6"") Knives With Dynagrip",Abrasives & Cutting,2,28.90,21.90,-7.00,-24.22,2,YUNG KONG
IND-WIR-BAR-PVC-81B,ROLL,4KG PVC Coated Barbed Wire (2.4MM),Electrical,3,46.90,39.90,-7.00,-14.93,3,CHEE LIAN
SOC-EMPTY-TAI-2G-2000,PCS,Eurosonic 2G 9822 (empty) Trailing Socket Cw Surge (sr),Electrical,5,20.90,13.90,-7.00,-33.49,5,ECO ENTERPRISE3
ELE-WOO-BLOCK-9X16,EA,Wood Block 9 X 16,Electrical,5,19.20,12.20,-7.00,-36.46,5,ECO ENTERPRISE3
NIE-SOC-IMP-DEE-3/4-24MM,PCS,Nietz Deep Impact Socket (6PT) 24MM 50162024,Power Tools,2,63.90,57.00,-6.90,-10.80,2,SUNWAY WINSTAR
"NIE-SOC-IMP-1/2""-12MM",PCS,Nietz Dr Impact Socket (6PT) 50140012 12MM,Power Tools,1,19.50,12.60,-6.90,-35.38,1,SUNWAY WINSTAR
BOS-2608-606-069,SET,Sanding Belt G40,Abrasives & Cutting,1,48.90,42.00,-6.90,-14.11,1,CMW ENGINEERING
BOS-2608-606-072,SET,Sanding Belt G100,Abrasives & Cutting,1,48.90,42.00,-6.90,-14.11,1,CMW ENGINEERING
BOS-2608-606-074,SET,Sanding Belt G220,Abrasives & Cutting,1,48.90,42.00,-6.90,-14.11,1,CMW ENGINEERING
MEA-TAP-GLO-A030M,PCS,Glotool Measuring Tape (type A) 30M,Hand Tools,3,47.90,41.00,-6.90,-14.41,1,SONIC3
VAL-SOR-SRTWT806,PCS,Sorento S/s Chrome Plated Angle Valve,Plumbing,2,51.90,45.00,-6.90,-13.29,2,SYNTALUN
JUG-MID-MK-17BK,PCS,"Midea Kettle MK-17BK, 1.7L Capacity, 2150W Double Wall, Black",Home Appliances,5,98.90,92.00,-6.90,-6.98,5,MIDEA
KGR-COM-7KG,TIN,Kangaroo Brand 7 KG Bituminous Compound,Paint & Sundries,4,89.90,83.00,-6.90,-7.68,4,KANGAROO PAINT
PLA-MAT-EAW150,ROLL,Elephant-king Anti-weed Mat (pp) 1M X 50M,Packaging,10,83.90,77.00,-6.90,-8.22,10,CHIN LAI
ELE-SOL-TIN100250G,PCS,Vison Soldering Wire,Electrical,35,19.70,12.80,-6.90,-35.03,35,SYN JING LEE
DZ-GEN-PSC-30X400X35,PCS,Star Flat Chisel PH65 30 (mm),Hand Tools,2,61.90,55.00,-6.90,-11.15,2,GL BOSUN DIAMOND
GAR-SPR-PRE-L50,PCS,5 Litre Pressure Sprayer,Outdoor & Garden,9,45.90,39.00,-6.90,-15.03,9,ING PING3
SHH-ROD-CRF200XH,PCS,Pt Pioneer Crossfire Xh (4+1BB)(R/H) Casting Reel,Fishing & Tackle,1,89.90,83.00,-6.90,-7.68,1,SINHENHUA
GAR-SPR-PRE-L80,PCS,8 Litre Pressure Sprayer,Outdoor & Garden,5,51.90,45.00,-6.90,-13.29,5,ING PING3
ELE-SOC-TES-300MA-BLU,PCS,PVC Link 13A Elcb & Socket Tester,Electrical,2,59.90,53.00,-6.90,-11.52,2,ECO ENTERPRISE3
X-FLO-MOC-P603H,PCS,Glass Mosaic P603H 30.5X30.5CM,Building Materials,1,24.90,18.00,-6.90,-27.71,1,BRAVO-LINE
X-FLO-MOC-P604M,PCS,Glass Mosaic P604M 30.5X30.5CM,Building Materials,1,24.90,18.00,-6.90,-27.71,1,BRAVO-LINE
X-FLO-MOC-P605H,PCS,Glass Mosaic P605H 30.5X30.5CM,Building Materials,1,24.90,18.00,-6.90,-27.71,1,BRAVO-LINE
X-FLO-MOC-P605M,PCS,Glass Mosaic P605M 30.5X30.5CM,Building Materials,1,24.90,18.00,-6.90,-27.71,1,BRAVO-LINE
SAF-STEEL-9812,PCS,Picasaf Steel Carabiner 9812,Safety & Workwear,9,29.90,23.00,-6.90,-23.08,9,SUNWAY WINSTAR
TOO-BAG-MTB002-E,PCS,20 Sensui Reflective Tools Bag,Power Tools,1,54.90,61.80,6.90,12.57,1,CRYSTAL TRIUMPH S/B
AER-SOC,UNIT,Aerico Socket,Electrical,12,20.90,14.00,-6.90,-33.01,12,AERICO
IND-DUS-GLO-240L-SHA,PCS,Glomax 120L Dustbin Shaft,Housewares,2,31.90,25.00,-6.90,-21.63,2,SONIC3
ALP-SHO-ACC,UNIT,Shower Accessories T-type Stop Valve-silver,Plumbing,1,36.90,30.00,-6.90,-18.70,1,ALPHA
NIP-TIM-1L-A0.86L0.8,CAN,1L Nippon Timbershade Accent Base,Paint & Sundries,3,58.90,52.10,-6.80,-11.54,3,PAINT MAR.2
NIP-TIM-FIN-1L-TY,CAN,1L Nippon Timber Finish T/yellow Base,Building Materials,9,47.90,41.10,-6.80,-14.20,9,PAINT MAR.2
BAT-ENE-SHD-AA4PCS,PCK,Eveready Shd Aa 4PC,Electrical,42,15.30,8.50,-6.80,-44.44,41,HUA BAN
HDPE-VAL-BAL-PP-COMP-25MM,PCS,25MM PP Compression Ballvalve,Other,6,18.70,11.90,-6.80,-36.36,62,HUA BAN
DOR-STO-S/S-2213-W/HOOK,PCS,2213 S/s Door Stopper W/hook,Doors & Hardware,8,19.30,12.50,-6.80,-35.23,7,SYN JING LEE
"ELE-PVC-CAS-2""X1""",LGTH,Kancil 2 X 1 X 6FT PVC Casing,Electrical,7,16.30,9.50,-6.80,-41.72,7,SEBD3
GUM-HAR-HE4252,PCS,Valve Griding Paste: Hardex HE4252(C),Plumbing,6,17.70,10.90,-6.80,-38.42,6,KWONG TECK CHIONG
WEL-LON-BAC-CAP,PCS,Long Back Cap,Welding,1,19.80,13.00,-6.80,-34.34,1,CMW ENGINEERING
THI-WOR-WK-PT-59908,TIN,Worker 350ML Gp Bottle Thinner,Paint & Sundries,60,12.40,5.70,-6.70,-54.03,60,MAJOR HARVE
SWI-SOC-ELE-E062B,PCS,Elegance 16A 2 GANG Auto Gate Swi-blk (E062B),Doors & Hardware,4,25.90,32.60,6.70,25.87,4,
DOR-HIN-KTSS3IN1,SET,4 King Top 3 IN 1 S/steel Hinges,Doors & Hardware,26,19.60,12.90,-6.70,-34.18,26,LI HARDWARE
CUT-KNI-W550RP,PCS,Utility Knife W550RP,Hand Tools,5,18.20,11.50,-6.70,-36.81,5,JUMBO
SHH-ROD-EJ150,PCS,"Torikumu Ebi Light (4'0"") Prawn Rod",Fishing & Tackle,2,45.90,39.20,-6.70,-14.60,2,SINHENHUA
SWI-SOC-BEL-MK-S4778,PCS,Mk Bell Switch Wide Rocker Socket,Electrical,10,15.70,9.00,-6.70,-42.68,9,SEBD3
CUT-KNI-CK-25,PCS,Mr Bison Cutting Knife 25MM,Abrasives & Cutting,23,20.90,14.20,-6.70,-32.06,23,DALMAX
"BUS-NYL-W/BOL-3 1/2""",PCS,Nylon Bush With Bolt 1 1/4 X 3 1/2,Fasteners & Fixings,11,18.60,11.90,-6.70,-36.02,11,HSIN NGIE
CUT-SAW-WAL-BOA,PCS,King Top Wall Board Saw,Building Materials,8,18.20,11.50,-6.70,-36.81,6,LI HARDWARE
PAI-SPR-ANC-808,PCS,400ML Anchor Spray - 8 (808) Gold,Fasteners & Fixings,8,18.20,11.50,-6.70,-36.81,8,MAJOR HARVEST3
GUM-HAR-3000W,PCS,Silicone Hardex G/p White,Chemicals & Adhesives,17,17.10,10.50,-6.60,-38.60,15,KWONG TECK CHIONG
SWI-SOC-ELE-E0815B,PCS,Elegance 15A Round Pin Swi Soc Neon-blk (E0815B),Electrical,17,29.90,36.50,6.60,22.07,17,
TOPLUS-GOLD-5L-B,CAN,5L Toplus Gold B Base,Paint & Sundries,5,76.90,83.50,6.60,8.58,5,SMART PAINTS2
CUT-INS-KIT3PC,SET,Blimax 3PCS L/d Ins,Abrasives & Cutting,4,18.10,11.50,-6.60,-36.46,4,BOON SENG
COC-STO-RA2W-G501B,PCS,Stopvalve RA2W 1/2B Truflo,Plumbing,8,21.90,15.30,-6.60,-30.14,8,DALMAX3
CUT-PIP-PVC-VS1202,PCS,Vison PVC Pipe Cutter,Plumbing,8,19.50,12.90,-6.60,-33.85,6,SYN JING LEE
FIT-UPVC-SOC-82X50MM,PCS,U-pvc Socket Reducing 3 X 2,Electrical,2,17.10,10.50,-6.60,-38.60,1,KIONG SING
CUT-HSF-HAC-SHU,PCS,Uldar Hacksaw Frame,Hand Tools,7,16.50,9.90,-6.60,-40.00,7,WHA WEE
PAI-SPR-ANC-060,PCS,400ML Anchor Spray - 60 Brown,Fasteners & Fixings,11,18.10,11.50,-6.60,-36.46,11,MAJOR HARVEST3
TOO-CUT-CAL-LMA01-B,PCS,24 Lead Cable Cutter,Electrical,1,76.90,83.50,6.60,8.58,1,CRYSTAL TRIUMPH S/B
LOC-SEC-SHE-N60MM,PCS,Shenling Top Security Lock 60MM-NEW,Locks & Security,10,19.80,13.30,-6.50,-32.83,8,LI HARDWARE
BOA-GYP-03.2MM-X4'X4',PCS,4 X 4 X 3.2MM Prima Flat Sheet,Building Materials,121,18.40,11.90,-6.50,-35.33,119,ING HING HONG
VAL-ANG-CVL-CA9001,PCS,Cavallo SS Angle Valve,Plumbing,30,19.00,12.50,-6.50,-34.21,30,SYN JING LEE
SAF-SLI-GLO-2TON5M,LGTH,Webbing Sling (glolift) 50MM 2 Ton X 5M,Lifting & Rigging,4,38.90,32.40,-6.50,-16.71,4,
CUT-KNI-RG335,PCS,Rigang Plastic Cutter,Abrasives & Cutting,5,17.40,10.90,-6.50,-37.36,3,SYN JING LEE
BAT-ENE-MAX-AA2PCS,PCK,En Max Aa 2 Pc,Electrical,8,16.00,9.50,-6.50,-40.62,8,HUA BAN
SWI-POL-3GANG-1WAY-753,PCS,Pol 3 GANG 1 Way Switch Socket,Electrical,9,18.00,11.50,-6.50,-36.11,7,ECO ENTERPRISE3
DOR-LOC-TUB-VL4447,UNIT,Yale US15 60MM Tubular Handle Leverset (entrance),Doors & Hardware,1,82.90,76.50,-6.40,-7.72,1,ADDWORTH3%
"NIE-SOC-IMP-1/2""-26MM",PCS,Nietz Dr Impact Socket (6PT) 50140026 26MM,Power Tools,2,29.90,23.50,-6.40,-21.40,2,SUNWAY WINSTAR
SWI-SOC-13A-TC1338,PCS,Taicon 2GANG 13A Bakelite Switch Socket (TC1338),Electrical,9,25.90,19.50,-6.40,-24.71,8,ECO ENTERPRISE3
ELE-D/L-PLC-LED-9W,PCS,Philips LED Plc 9W 865 2P G24D,Lighting,23,27.90,21.50,-6.40,-22.94,23,CIMA
NIE-SOC-HAN-DEE-06P-1/2-23MM,PCS,Nietz Dr Deep Cr Socket (6PT) 50042023 23MM,Electrical,3,29.90,23.50,-6.40,-21.40,3,SUNWAY WINSTAR
TOO-CUT-SNI-W1010B,PCS,Tin Cutter 250MM,Power Tools,3,43.90,37.50,-6.40,-14.58,3,JUMBO
ADH-TAP-DOU-M12,ROLL,3M Scotch Double-sided Mountng Tape (12MMX7M)12/48,Chemicals & Adhesives,11,34.90,28.50,-6.40,-18.34,11,SUNWAY WINSTAR
GUM-RAT-BOSNY-NO.214,CAN,Bosny 400ML Rat Glue (NO:214) (plastic Can),Chemicals & Adhesives,14,20.90,14.50,-6.40,-30.62,13,MAJOR HARVEST3
FAS-SCR-TECH-METAL-50MM-BOX,BOX,Techscrew-metal Screw X 50MM (250PCS/BOX),Fasteners & Fixings,8,32.90,26.50,-6.40,-19.45,7,SONIC3
LAM-KOA,UNIT(S),Outdoor Use Lamp Koa 240V,Lighting,8,6.60,13.00,6.40,96.97,8,
LOC-GLO-BRA-GLBBC50,PCS,Glocks Brass Padlock GLBBC50,Locks & Security,10,43.90,37.50,-6.40,-14.58,8,SONIC3
SWI-PLK-NEO-1380N,PCS,Plk 20A Neon Heater Switch,Electrical,29,28.90,22.50,-6.40,-22.15,29,FULL-LITE
HOL-NYL-SIC-JM-555,PCS,Jayamata Harvesting Palm Oil Clip Poles Sickle Nylon Holder 8.5,Outdoor & Garden,3,27.90,21.50,-6.40,-22.94,3,KIONG JOUNG3
"AER-S/S-DIA-2""-2WAY-FN910D",PCS,Double Divider Valve 6MM V/p,Plumbing,18,35.90,29.50,-6.40,-17.83,18,SYN JING LEE
"CAR-PLI-BS-230218-8""",PCS,Bosi (BS-230218) Carpenter Plier 8,Hand Tools,6,33.90,27.50,-6.40,-18.88,6,HSIN NGIE
"FAS-RIV-PAT-3/16""X5/8""-BOX",BOX,Blind Rivet: Jaguar 3/16 X 5/8 (500PCS/BOX),Fasteners & Fixings,2,42.90,36.50,-6.40,-14.92,2,KWONG TECK CHIONG
DOR-INS-KIT-120MM,PCS,120MM Bott Installation Kit,Doors & Hardware,2,51.90,45.50,-6.40,-12.33,2,CRYSTAL TRIUMPH S/B
HHD-VAL-FLO-BRA-CIT-18MM,PCS,City Moh Brass Float VALVE-3/4,Fishing & Tackle,4,32.90,26.50,-6.40,-19.45,4,SUNWAY WINSTAR
JAC-BOT-CNN-B03TON,PCS,China Bottle Jack - 3TON (l/w),Automotive,2,64.90,58.50,-6.40,-9.86,2,SONIC3
NAIL-TUFTING-TN-8316-BOX,BOX,Round Plate Tufting Nail (200PCS/BOX),Fasteners & Fixings,5,72.90,66.50,-6.40,-8.78,5,DALMAX3
TOO-HAN-RAT-12MM,PCS,Ratchet Handle 1/2 (heavy Duty),Doors & Hardware,1,35.90,29.50,-6.40,-17.83,1,SYN JING LEE
CAR-WAS-SHI-1L,PCS,Aa Car Care Wash&shine (premium) 1000ML,Automotive,7,21.90,15.50,-6.40,-29.22,7,AVEREST
CUT-PVC-PER-KNI,PCS,Pepper Knife With PVC Handle,Doors & Hardware,18,18.20,11.80,-6.40,-35.16,17,CHIONG SENG
RAI-SUI-SUP-XXL,PCS,Supersonic PVC Rain Suit Trouser : 2XL,Curtains & Blinds,2,40.90,34.50,-6.40,-15.65,2,SONIC3
RAI-SUI-SUP-XXXL,PCS,Supersonic PVC Rain Suit Trouser : 3XL,Curtains & Blinds,2,40.90,34.50,-6.40,-15.65,2,SONIC3
"DRI-AUG-BIT-NO.3/4""",PCS,3/4 No. 1 Star-m Auger Bit (b),Power Tool Accessories,4,49.90,43.50,-6.40,-12.83,4,WHA WEE
SWI-POL-5GANG-1WAY,PCS,Pol 5GANG 1WAY Switch Socket,Electrical,6,30.90,24.50,-6.40,-20.71,6,ECO ENTERPRISE3
"FIT-YG235-TEE-3/4""-BRA",PCS,Brass Equal Tee 3/4,Plumbing,10,18.30,11.90,-6.40,-34.97,10,SYN JING LEE
RIG-TUR-20MM,PCS,Galvanised Turnbuckle 20MM,Lifting & Rigging,5,20.90,14.50,-6.40,-30.62,5,SONIC3
"DRI-AUG-BIT-NO.7/8""",PCS,7/8 No. 1 Star-m Auger Bit (b),Power Tool Accessories,3,54.90,48.50,-6.40,-11.66,3,WHA WEE
NAI-CON-ST50,BOX,Concrete NAIL-ST50,Fasteners & Fixings,3,49.90,43.50,-6.40,-12.83,3,BOON SENG
VAL-CAB-CB1180-RG,PCS,Cabana S/s 304 Angle Valve,Plumbing,3,45.90,39.50,-6.40,-13.94,3,SYNTALUN
LOC-CYL-ARMOR-ACL-VCL3000,SET,Sn/et Armor Cyl. Lock,Locks & Security,1,44.90,38.50,-6.40,-14.25,1,VERTEX
TOI-ACC-URI,SET,Urinal Accessories,Bathroom,1,45.90,39.50,-6.40,-13.94,1,IN CERAMICS SDN. BHD
CUT-BLA-WOO-KNI10540T,PCS,"Knight Circular Saw Blade - Wood 4""X40T",Power Tool Accessories,5,23.90,17.50,-6.40,-26.78,5,SYN JING LEE
TRA-SOC-GTE-3G-28060023,PCS,Green 3G Trailing Socket,Electrical,4,27.90,21.50,-6.40,-22.94,4,ECO ENTERPRISE3
SWI-T/SOC-FLE-913-5M3G,SET,Fle T/skt Sp ** TC-3GL-540B 913-5M,Electrical,3,32.90,26.50,-6.40,-19.45,0,FULL-LITE
NAI-SQU-SUP-075MM-1KG,PKG,E. G Square Boat Nail 75MM - 1KGS,Fasteners & Fixings,5,2.90,9.30,6.40,220.69,5,SONIC
BRO-MOP-MRMOP-M,PCS,41022 Mr Mop (m) Fine Cotton Mop,Housewares,13,26.90,20.50,-6.40,-23.79,12,ING CHOON
NAI-CON-ST45,BOX,Concrete NAIL-ST45,Fasteners & Fixings,2,46.90,40.50,-6.40,-13.65,2,BOON SENG
PUM-HAN-634,PCS,M'man Hand Pump - 634,Pumps & Water,3,40.90,34.50,-6.40,-15.65,3,JHT HARDWARE
ELE-PLUG-TIMER-WHI-BND50*,PCS,Eurosafe 13A 24HR Plug Timer,Electrical,3,29.90,23.50,-6.40,-21.40,3,FULL-LITE
ALUM-ROU-32MM-10'-NA,PCS,Na X 10 X 1.1/4 Round Tube,Building Materials,5,43.90,37.50,-6.40,-14.58,5,YUNG HUAT
CAR-WAX-RAT-REPELL,PCS,Natural Rodent Repellent Spray,Automotive,6,33.90,27.50,-6.40,-18.88,6,S LINE TECH
RAI-SUI-SUP-M,PCS,Supersonic PVC Rain Suit Trouser : M,Curtains & Blinds,4,40.90,34.50,-6.40,-15.65,4,SONIC3
RAI-SUI-SUP-XL,PCS,Supersonic PVC Rain Suit Trouser : XL,Curtains & Blinds,4,40.90,34.50,-6.40,-15.65,4,SONIC3
RAI-SUI-SUP-L,PCS,Supersonic PVC Rain Suit Trouser : L,Curtains & Blinds,3,40.90,34.50,-6.40,-15.65,3,SONIC3
SWI-S/SKT-LWD-0051,PCS,Lwd 0051 F3 5G 1W Switch SIRIM,Electrical,14,24.90,18.50,-6.40,-25.70,14,FULL-LITE
SAF-CON-FLEX-ORANGE,PCS,16 Flexi Traffic Safety Cone,Safety & Workwear,2,53.90,47.50,-6.40,-11.87,2,DALMAX3
OIL-COM-AIRVON-AV06810P,TIN,Airbank Mineral Based Compressor Oil (1L),Power Tools,1,34.90,28.50,-6.40,-18.34,1,CMW ENGINEERING
ICE-COO-INO-9LTR-THBW/K-3,PCS,Inova 9 Ltr. Ice Cooler,Other,2,45.90,39.50,-6.40,-13.94,2,L.F. WHOLESALER
DOR-INS-KIT3PCS,SET,3PCS Lock Installation Kit Black,Locks & Security,5,17.30,10.90,-6.40,-36.99,5,WHA WEE
ELE-CAB-WIR-PUL-15MW,COIL,C Wire Puller 15M Orange,Electrical,9,22.90,16.50,-6.40,-27.95,9,SEBD3
"BAS-WAS-BRA-1.1/4""",PCS,Brass Basin Waste 1-1/4,Plumbing,9,21.90,15.50,-6.40,-29.22,9,SYN JING LEE
TOO-CHI-STA-08MM,PCS,"5/16""/8MM Dynagrip Wood Chisel",Hand Tools,2,30.90,24.50,-6.40,-20.71,2,YUNG KONG
DOR-PAD-KTAC200,SET,8 King Top A/c Surface Bolt,Fasteners & Fixings,8,19.90,13.50,-6.40,-32.16,8,LI HARDWARE
X-FLO-MOC-BR3060SM,PCS,BR3060SM 300X600MM,Power Tools,1,0.50,6.90,6.40,1280.00,1,BRAVO-LINE
"VAL-FOOT-BRA-VIP526-3/4""",PCS,Spring Foot Valve: Brass (526) Vip 3/4,Plumbing,3,23.90,17.50,-6.40,-26.78,3,KIM KONG3
ELE-GRW-63A3PMCB,EA,Grow 63A 3P Mcb,Electrical,2,34.90,28.50,-6.40,-18.34,2,SEBD3
"NIE-SOC-IMP-3/4""-38MM",PCS,Nietz Dr Impact Socket (6PT) 50160038 38MM,Power Tools,3,53.90,47.60,-6.30,-11.69,3,SUNWAY WINSTAR
"NIE-SOC-IMP-1/2""-13MM",PCS,Nietz Dr Impact Socket (6PT) 50140013 13MM,Power Tools,3,18.90,12.60,-6.30,-33.33,3,SUNWAY WINSTAR
ELE-BUL-SYL-DC12V-6500K-10W,PCS,Sylvia E27 12V DC LED Bulb,Lighting,14,17.60,11.30,-6.30,-35.80,14,FULL-LITE
FAS-BOL-EXP-TRAC140-M10X110X60,PCS,M10 X 110 X 60 Brain Hook Expansion Bolt,Fasteners & Fixings,28,17.80,11.50,-6.30,-35.39,28,KIM KONG
BURR-CAR-T.C.T-AX1225,PCS,Blimax Carbide BURR-AX1225,Other,3,54.90,48.60,-6.30,-11.48,3,BOON SENG
BURR-CAR-T.C.T-LX1228,PCS,Blimax Carbide Milling BURR-LX1228,Other,2,54.90,48.60,-6.30,-11.48,2,BOON SENG
VAL-ANG-CVL-CA9003,PCS,Cavallo Angle Valve CA9003 304SS,Plumbing,16,17.80,11.50,-6.30,-35.39,15,SYN JING LEE
BURR-CAR-T.C.T-FX1225,PCS,T. C. T Carbide,Other,1,54.90,48.60,-6.30,-11.48,1,BOON SENG
CHI-WAT-1GAL-6301,SET,1 Gal Water Container For Chick,Housewares,6,18.20,11.90,-6.30,-34.62,6,ING CHOON
PAI-SPR-ANC-031,PCS,400ML Anchor Spray - 31 Apple Green,Fasteners & Fixings,12,17.80,11.50,-6.30,-35.39,12,MAJOR HARVEST3
PAI-SPR-ANC-030,PCS,400ML Anchor Spray - 30 Black (PCS),Fasteners & Fixings,8,17.80,11.50,-6.30,-35.39,13,MAJOR HARVEST3
PAI-SPR-ANC-001,PCS,400ML Anchor Spray - 1 Clear (PCS),Fasteners & Fixings,6,17.80,11.50,-6.30,-35.39,14,MAJOR HARVEST3
PAI-SPR-ANC-002,PCS,400ML Anchor Spray - 2 White (PCS),Fasteners & Fixings,3,17.80,11.50,-6.30,-35.39,12,MAJOR HARVEST3
TOR-ENE-LED-2AAW,PCK,Eveready Opp LED 2AA W Batt,Lighting,7,19.10,12.90,-6.20,-32.46,7,HUA BAN
BAT-ENE-SHD-AAA4PCS,PCK,Eveready Shd Aaa 4PC,Electrical,45,15.10,8.90,-6.20,-41.06,44,HUA BAN
FAS-SCR-TECH-WOOD-50MM-BOX,BOX,Techscrew-wood Screw X 50MM (250PCS/BOX),Fasteners & Fixings,11,32.90,26.70,-6.20,-18.84,11,SONIC3
HDPE-VAL-BAL-PP-COMP-MALE-25MM,PCS,PP Compression Ballvalve Male- 25MMX3/4,Other,14,18.70,12.50,-6.20,-33.16,13,HUA BAN
DC-MCB303,SET,Carbon Brush DC-MCB303,Power Tools,9,5.70,11.90,6.20,108.77,8,GL BOSUN DIAMOND
"CON-STR-OFFSET-2""",PCS,4 Toilet Off Set Connector,Bathroom,6,19.10,12.90,-6.20,-32.46,6,TIE BROTHER3
FRA-STU-GI-10',PCS,10 X 3 X 1 X 0.32MM GI Stud Frame,Building Materials,38,14.30,8.10,-6.20,-43.36,38,MENGTRA TRADING
"HIN-W/BEA-ASA-5""",PAIR,Asabie S/steel Hinges With Bearing 5 X 2.5MM,Other,21,18.70,12.50,-6.20,-33.16,21,HSIN NGIE
SWI-PLU-NNE158-15A,PCS,NNE 158 15A Air Cond P/top SIRIM,Electrical,18,17.10,10.90,-6.20,-36.26,16,FULL-LITE
PAI-SPR-ANC-029,PCS,400ML Anchor Spray - 29 Flat Black (PCS),Fasteners & Fixings,13,17.70,11.50,-6.20,-35.03,25,MAJOR HARVEST3
FIT-UPVC-TEE-82MMX50MM,PCS,U-pvc Reducing Tee 82MM X 50MM 3 X 2,Plumbing,7,22.90,16.70,-6.20,-27.07,7,KIONG SING
PAI-SPR-ANC-004,PCS,400ML Anchor Spray - 4 Executive Grey (PCS),Fasteners & Fixings,1,17.70,11.50,-6.20,-35.03,13,MAJOR HARVEST3
SWI-FOO-10A-250VAC,PCS,Foot Switch 101 10A 250C,Electrical,7,26.90,20.75,-6.15,-22.86,7,GOLDEN DAY
SHO-HAN-SWP-HS-502,SET,Saniware Premier Hand Shower With Flexible Hose SWP-HS-502,Bathroom,4,69.90,76.00,6.10,8.73,4,VTC HARDWARE
ELE-D/L-MEG-YTT100ZI-30W,PCS,Megaman E27 LED Bulb,Lighting,32,34.90,28.80,-6.10,-17.48,29,FULL-LITE
NIE-SOC-IMP-DEE-1/2-18MM,PCS,Nietz Deep Impact Socket (6PT) 50142018 18MM,Power Tools,8,32.90,26.80,-6.10,-18.54,8,SUNWAY WINSTAR
"FIT-BUT-ELB-FEM-SWI-25MMX3/4""",PCS,Buteline 25MMX3/4 PE Elbow Female Swivel,Fishing & Tackle,40,17.30,11.20,-6.10,-35.26,40,HUA BAN
BOS-2608-578-122,PCS,Masonry Drill Bit 12MM X,Power Tool Accessories,7,19.60,13.50,-6.10,-31.12,7,CMW ENGINEERING
ELE-D/L-PHI-E27-6.5W,PCS,Philips Essential Stick E27 6.5W LED Bulb,Lighting,26,20.90,14.80,-6.10,-29.19,26,CIMA
"SHO-HEA-JHHD#8""-CHR",PCS,Jhhd 8 Square Shower Head With Arm (descaling Button) Chrome,Bathroom,5,62.90,69.00,6.10,9.70,5,CHUAN HONG
HHD-STO-JYMT-JM600A,PCS,Jayamata Sharpening Stone Tapping Knife 8 X 1.5,Bathroom,11,18.90,12.80,-6.10,-32.28,10,KIONG JOUNG3
"SHO-HEA-LHHD#8""-MB",PCS,Jhhd 8 Square Shower Head With Arm (descaling Botton) Mb,Bathroom,3,62.90,69.00,6.10,9.70,3,CHUAN HONG
SOA-CAB-CPA1008C,UNIT,Cabana Soap Dispenser 300ML,Bathroom,2,86.90,93.00,6.10,7.02,2,SYNTALUN
NIE-SOC-HAN-DEE-06P-1/2-24MM,PCS,Nietz Dr Deep Cr Socket (6PT) 50042024 24MM,Electrical,5,30.90,24.80,-6.10,-19.74,5,SUNWAY WINSTAR
SINK-TAP-TWN-LUX-LM8865,PCS,Luxmart Twins Spout Wall Sink Tap,Kitchen & Sinks,8,88.90,95.00,6.10,6.86,8,VERTEX
SWI-CON-20A-250W-TC-10020,PCS,Taicon Power Supply 20A 12V 250W (big),Electrical,3,64.90,58.80,-6.10,-9.40,3,ECO ENTERPRISE3
WAL-DOW-B204/1W,SET,B204/1 Wall Lamp,Lighting,6,66.90,73.00,6.10,9.12,6,CIMA
WAL-DOW-B212/1W,SET,B212/1 Wall Lamp,Lighting,4,66.90,73.00,6.10,9.12,4,CIMA
ELE-LAMP-HOLD-E27-5M,PCS,E27 Lamp Holder - 5M X 10 E27,Lighting,3,54.90,48.80,-6.10,-11.11,3,TOP GAN
TOW-CAB-CB553-26,UNIT,Cabana S/steel Towel BAR 26 (satin),Bathroom,1,98.90,105.00,6.10,6.17,1,HUE HOME
BRO-FLO-NYL-6665C,PCS,Nylon Soft Broom With Handle,Doors & Hardware,21,16.00,9.90,-6.10,-38.12,20,ING CHOON
ELE-NIG-LIG-MX132L(W),SET,ML E27 LED 3IN1 Night Light (white),Lighting,5,17.30,11.20,-6.10,-35.26,3,FULL-LITE
"CUT-BLA-M'MAN-F1X4""",PCS,M'man Diamond Blade - F1X4,Abrasives & Cutting,32,21.90,15.80,-6.10,-27.85,31,JHT HARDWARE
PYE-DRA-REM-R01-500ML,PCS,PYE Drain Clog Free Remover 500ML,Chemicals & Adhesives,11,20.00,13.90,-6.10,-30.50,9,BENTON3
SWI-T/SOC-TAI-2G-2000,PCS,Taicon 2G Trailing Socket Neon-empty (2000),Electrical,8,20.90,14.80,-6.10,-29.19,8,ECO ENTERPRISE3
TOO-WRE-SPAW0196,PCS,Spark Plug Wrench,Hand Tools,4,45.90,39.80,-6.10,-13.29,4,JUMBO
CUT-DIS-KCW-350,PCS,Qs Cutting Wheel 14,Abrasives & Cutting,8,20.90,14.80,-6.10,-29.19,7,JUMBO
WAL-DOW-NF-1801/10OP,PCS,10 Outdoor Gate Lamp (globe Shape),Lighting,3,52.90,59.00,6.10,11.53,3,CIMA
GRA-CUT-A6046,PCS,"Nylon Line 37.5M, Black + Decker",Outdoor & Garden,1,49.90,56.00,6.10,12.22,1,HUACHIAN ENGINEERING
"FAS-SCR-DRY-WHI-6#1.1/2""BOX",BOX,Hunter/wh - Drywall Screw 6 X1-1/2,Fasteners & Fixings,21,19.00,12.90,-6.10,-32.11,21,BENTON
BRO-FLO-NYL-6665B,PCS,6665 B Nylon Broom With Handle,Doors & Hardware,32,16.00,9.90,-6.10,-38.12,30,ING CHOON
WIN-LOU-YNC-7B,SET,7B Yunco Louvres Window,Doors & Hardware,10,29.90,23.80,-6.10,-20.40,10,TIE BROTHER3
"WOO-TIM-1""X2""X12'",PCS,Mlh Sawn Timber 1 X 2 X 12,Building Materials,28,16.70,10.60,-6.10,-36.53,27,TONG DA
CHA-GAL-6MM,KGS,Galv Short Link Chain 1/4,"Rope, Chain & Netting",16,17.60,11.50,-6.10,-34.66,16.25,SONIC3
COC-BAL-05452,PCS,Bc 469 1/2 Elise Brass Ball Cock,Plumbing,12,22.90,16.80,-6.10,-26.64,9,REXER3
PYE-TOI-MOS-1000ML,BOT,PYE Mosaic&toilet Stains Remover Kleen 1000ML,Chemicals & Adhesives,1,28.90,22.80,-6.10,-21.11,1,KIONG JOUNG3
PAI-SPR-ANC-012,PCS,400ML Anchor Spray - 12 Yellow,Fasteners & Fixings,10,17.60,11.50,-6.10,-34.66,9,MAJOR HARVEST3
PAI-GAL-4G-9400,PCS,9400 4G Pail,Housewares,1,19.60,13.50,-6.10,-31.12,0,ING CHOON
TAP-SAN-SWP-B-3213,PCS,Saniware Premier Tall Basin Cold Tap,Bathroom,3,139.00,145.00,6.00,4.32,3,VTC HARDWARE
KHI-POT-AP550,SET,Khind Thermos Pot 5.5L,Home Appliances,4,204.00,198.00,-6.00,-2.94,4,KHIND-MISTRAL
FAN-CEI-DEKA-CF5DC46MB12,UNIT,Deka Ceiling Fan F5 DC~46 Pro Matt Blk,Fans & Ventilation,4,194.00,188.00,-6.00,-3.09,4,DEKA
ELE-D/L-MEG-YTP45Z1-15W-4000K,PCS,Megaman LED Stick Bulb E27 YTP45Z1 15W/4000K,Lighting,23,21.90,15.90,-6.00,-27.40,22,FULL-LITE
ELE-D/L-MEG-YTP45Z1-15W-3000K,PCS,Megaman LED Stick Bulb E27 YTP45Z1 15W/3000K,Lighting,22,21.90,15.90,-6.00,-27.40,22,FULL-LITE
ELE-D/L-MEG-YTA70Z1-15W-4000K,PCS,Megaman A70 E27 LED Bulb YTA70Z1 15W/4000K,Lighting,22,19.90,13.90,-6.00,-30.15,22,FULL-LITE
PAI-SPR-SAM-2K01,PCS,Samurai Clearcoat Spray,Paint & Sundries,21,52.90,46.90,-6.00,-11.34,21,KIM KONG3
COC-BAS-SRTWT7445,PCS,Sorento Basin Cold Tap - SRTWT7445,Bathroom,4,169.00,175.00,6.00,3.55,4,SYNTALUN
NIP-ECO-B,CAN,1L 811-9907 Black B,Paint & Sundries,17,48.90,42.90,-6.00,-12.27,16,PAINT MAR.
NIP-QGL-5L-P,CAN,5L Nippon Q-glo Pastel Base,Paint & Sundries,15,154.00,160.00,6.00,3.90,15,PAINT MAR.2
NIE-SOC-IMP-DEE-3/4-21MM,PCS,Nietz Deep Impact Socket (6T) 21MM 50162021,Power Tools,2,59.90,53.90,-6.00,-10.02,2,SUNWAY WINSTAR
TOO-COM-SET-GT632,SET,Glotool Combination Wrench Set 26 X,Hand Tools,1,239.00,245.00,6.00,2.51,1,SONIC3
BOS-WEL-0.8MM/1KG,ROLL,Flux Cored Wire 0.8MM 1KGS,Electrical,21,28.90,34.90,6.00,20.76,21,CMW ENGINEERING
BAS-SOR-SRT7014-GM,PCS,Sorento Corner Basket (250X250X80MM)-GM,Housewares,2,104.00,98.00,-6.00,-5.77,2,SYNTALUN
"NIE-SOC-IMP-3/4""-43MM",PCS,Nietz Dr Impact Socket (6PT) 50160043 43MM,Power Tools,1,64.90,58.90,-6.00,-9.24,1,SUNWAY WINSTAR
CUT-SCI-SK5-54113203,PCS,Nietz SK5 Scissors 54113203 8IN,Abrasives & Cutting,7,24.90,18.90,-6.00,-24.10,7,SUNWAY WINSTAR
SWI-T/SOC-TAI-5G5M,PCS,Taicon 5G Trailing Socket (5050),Electrical,7,57.90,51.90,-6.00,-10.36,7,ECO ENTERPRISE3
NIETZ-MOU-FLA-WHE-57152120,PCS,Nietz Mounted Flap Wheel 57152120,Abrasives & Cutting,7,18.20,12.20,-6.00,-32.97,7,SUNWAY WINSTAR
NIE-SOC-IMP-DEE-1/2-27MM,PCS,Nietz Deep Impact Socket (6PT) 50142027 27MM,Power Tools,1,42.90,36.90,-6.00,-13.99,1,SUNWAY WINSTAR
MIR-GLO-S-GLC2004A/G,PCS,(pill-gold) Aluminium Framer Mirror,Bathroom,3,114.00,120.00,6.00,5.26,3,GLOREX
CUT-HSF-GLO-HS702,PCS,Glotool Hacksaw Frame - HS702,Hand Tools,6,17.90,11.90,-6.00,-33.52,6,SONIC3
FAN-PSN-FV-20AUM8,PCS,Panasonic 8 Wall Mounted V Fan,Fans & Ventilation,1,164.00,158.00,-6.00,-3.66,1,KIONG HUO
NIETZ-MOU-FLA-WHE-57152100,PCS,Nietz Mounted Flap Wheel 57152100,Abrasives & Cutting,5,18.20,12.20,-6.00,-32.97,5,SUNWAY WINSTAR
TAP-SIN-SRTKT1932SS-DIY,PCS,Sorento Pillar Mou Kitchen Tap S/s 24MM Diameter Spout,Plumbing,2,129.00,135.00,6.00,4.65,2,SYNTALUN
PAI-SPR-SAM-008,PCS,Samurai Spray Paint 8 Gold,Paint & Sundries,21,19.90,13.90,-6.00,-30.15,21,KIM KONG3
NIP-UND-WHT-1L,CAN,1L Nippon Economy Undercoat White,Paint & Sundries,11,30.90,24.90,-6.00,-19.42,10,PAINT MAR.
BOS-2608-680-293,PCS,Sds + Drill Bit S3 22 X 400/460MM,Power Tool Accessories,2,66.90,60.90,-6.00,-8.97,2,CMW ENGINEERING
"NIE-ADA-1/2""X3/4""",PCS,Nietz Adaptor 50046746,Electrical,5,24.90,18.90,-6.00,-24.10,5,SUNWAY WINSTAR
PAI-SPR-SAM-003,PCS,Samurai Spray Paint 3 Silver,Paint & Sundries,14,19.90,13.90,-6.00,-30.15,14,KIM KONG3
COC-SOR-SRTWT2201,UNIT,Sorento Wall Mounted Kitchen,Plumbing,1,119.00,125.00,6.00,5.04,1,SYNTALUN
BOS-2608-602-523,PCS,105MM Universal Diamond Cutting Disc,Abrasives & Cutting,12,49.90,43.90,-6.00,-12.02,12,CMW ENGINEERING
PYE-WOO-VAR-1L,TIN,PYE Wood VARNISH-1L,Paint & Sundries,8,36.90,30.90,-6.00,-16.26,7,MULTICLASSIC
BOS-2608-680-284,PCS,Sds + Drill Bit S3 14 X 400/460MM,Power Tool Accessories,2,37.90,31.90,-6.00,-15.83,2,CMW ENGINEERING
BAS-AGRI-BASK-V104,PCS,Rayaco Metal Handle Fruit& Veg Basket 69.5X49X42CM,Doors & Hardware,27,63.90,57.90,-6.00,-9.39,27,MAJOR HARVEST3
SWI-SOC-ELE-TSGY913,PCS,13A Universal Track Socket Grey-blue LED (GY913),Lighting,8,58.90,52.90,-6.00,-10.19,8,TRISTAR
GAS-STO-MQL-C30,SET,Lgp Cast Iron Gas Stove Mql C-30,Kitchen & Sinks,3,139.00,145.00,6.00,4.32,3,CHUNS TRADING
SWI-CON-5A-TC-10991,PCS,Taicon Power Supply 5A 12V 60W (BIG)-(TC-10991),Electrical,2,32.90,26.90,-6.00,-18.24,2,ECO ENTERPRISE3
TAP-PRE-TK-4506S,PCS,Premio: Wall Sink Tap TK-4506S,Kitchen & Sinks,3,139.00,145.00,6.00,4.32,3,ADDWORTH3%
BOX-ICE-35LTR-BLUE,PCS,Insulated Ice Box (ks) Blue,Housewares,3,189.00,195.00,6.00,3.17,3,SINHENHUA
SWI-SOC-ELE-TSBK913,PCS,13A Universal Track Socket Black-blue LED (BK913),Lighting,7,46.90,52.90,6.00,12.79,7,TRISTAR
SHE-WOO-43088(4FT),PCS,Rw-cb (m) - 4FT Wood Shelf,Housewares,11,43.90,37.90,-6.00,-13.67,11,REXER3
PUM-TSU-HPC6120,UNIT,Tsunami High Pressure Cleaner,Power Tools,2,459.00,465.00,6.00,1.31,2,SUNWAY WINSTAR
SWI-SOC-ELE-TSGD913,PCS,13A Universal Track Socket Gold-blue LED (GD913),Lighting,4,58.90,52.90,-6.00,-10.19,4,TRISTAR
SWI-SOC-ELE-TSR913,PCS,13A Universal Track Socket Red-blue LED (R913),Lighting,4,58.90,52.90,-6.00,-10.19,4,TRISTAR
TOO-NIE-ALL-KEY-14MM,PCS,Nietz E/long Ball Point Satin Wrch 53252140 14MM,Power Tools,2,40.90,34.90,-6.00,-14.67,2,SUNWAY WINSTAR
DOR-LOC-ALM-2048-3/C5050,SETS,SS Armor Mortise Lockset,Doors & Hardware,5,149.00,155.00,6.00,4.03,5,VERTEX
NIE-SOC-HAN-DEE-12P-1/2-24MM,PCS,Nietz Dr Deep Cr Socket (12PT) 50045024 24MM,Electrical,1,30.90,24.90,-6.00,-19.42,1,SUNWAY WINSTAR
TAP-CAB-CB4930-RG,PCS,Cabana Basin Cold Tap Rose Gold,Bathroom,1,189.00,195.00,6.00,3.17,1,SYNTALUN
VAC-MID-MVC-SC861R,PCS,Midea Vacuum Cleaner 600W (red),Chemicals & Adhesives,6,114.00,108.00,-6.00,-5.26,6,MIDEA
SWI-SOC-ELE-TSGY13,PCS,13A Flat Pin Tracks Socket Grey-blue LED (GY13),Lighting,3,58.90,52.90,-6.00,-10.19,3,TRISTAR
BBQ-STO-ZC1115,PCS,"14""X10 Bbq Stove",Home Appliances,4,41.90,35.90,-6.00,-14.32,4,L.F. WHOLESALER
LETR-PUNC-50731050,SET,Nietz A-z Letter Punches 5MM 50731050,Signage & Numbering,1,134.00,128.00,-6.00,-4.48,1,SUNWAY WINSTAR
KGR-PAI-ROA-LIN-3103,TIN,5L Kangaroo Road Line Marking Pai,Paint & Sundries,4,124.00,118.00,-6.00,-4.84,4,HIN HO LEE
IND-FIL-2.4KG,ROLL,Worker PVC Stretch Film,Building Materials,28,46.90,40.90,-6.00,-12.79,28,MAJOR HARVEST3
PYE-WOO-VAR-4L,TIN,PYE Wood VARNISH-4LITRE,Paint & Sundries,4,114.00,108.00,-6.00,-5.26,4,MULTICLASSIC
SWI-SOC-ELE-TSB913,PCS,13A Universal Track Socket Blue-red LED (B913),Lighting,2,58.90,52.90,-6.00,-10.19,2,TRISTAR
SWI-SOC-ELE-TSR13,PCS,13A Flat Pin Tracks Socket Red-blue LED (R13),Lighting,2,58.90,52.90,-6.00,-10.19,2,TRISTAR
THI-KOYA-622,TIN,Gold Pyramid 2KG Thinner,Paint & Sundries,19,35.90,29.90,-6.00,-16.71,7,ALIKE HARDWARE
HOL-SET-BUL-SYLVIA-12V,SET,Sylvia/fle E27 12V DC 15W LED Bulb Holder Set (5M),Lighting,3,33.90,27.90,-6.00,-17.70,2,FULL-LITE
ADH-GLU-PE300GM,SET,300GM E P Glue,Chemicals & Adhesives,7,47.90,41.90,-6.00,-12.53,6,ING PING3
"CUT-BLA-M'MAN-F3X4""",PCS,M'man Diamond Blade - F3X4,Abrasives & Cutting,44,21.90,15.90,-6.00,-27.40,42,JHT HARDWARE
BIB-TAP-CLN-AB7122,PCS,Nietz Long Bib Tap 7122,Plumbing,7,35.90,29.90,-6.00,-16.71,6,SUNWAY WINSTAR
GAR-HOE-CRO-CHI-2.5LB,PCS,Chillington Crocodile Hoe,Outdoor & Garden,6,53.90,47.90,-6.00,-11.13,6,KWONG TECK CHIONG3
BAS-AGRI-BASK-V1034,PCS,Rayaco Metal Handle Fruit& Veg Basket 59X37X32CM,Doors & Hardware,7,38.90,32.90,-6.00,-15.42,7,MAJOR HARVEST3
GAR-HOE-JM3812,PCS,Jayamata Hoe-d Curve,Outdoor & Garden,7,38.90,32.90,-6.00,-15.42,7,KIONG JOUNG3
BOS-2608-578-156,SET,Concrete Drill Bit Set (3/4/5/6/7/8/9/10),Power Tool Accessories,5,36.90,30.90,-6.00,-16.26,5,CMW ENGINEERING
TOO-WRE-SET-69256,SET,9PC L/arm Ball Point Hex Key Set,Power Tools,3,79.90,73.90,-6.00,-7.51,3,YUNG KONG
TOO-WRE-PIP-W350C,PCS,Heavy Pipe Wrench (350MM),Hand Tools,2,46.90,40.90,-6.00,-12.79,2,JUMBO
AIR-DUS-HITMAX-HTM-255,SET,Hitmax Air Blower:,Power Tools,8,20.90,14.90,-6.00,-28.71,8,KWONG TECK CHIONG3
TOO-NIE-SCR-EXT-12/240,SET,Nietz 5 Screw Extractor Set 12/240 50149805,Fasteners & Fixings,3,38.90,32.90,-6.00,-15.42,3,SUNWAY WINSTAR
COC-PVC-SOW-SWL-31,PCS,Sowali (SWL-31) Rotatable Water Tap Filter,Pumps & Water,7,19.90,13.90,-6.00,-30.15,7,HSIN NGIE
DC-D03-T50DC,SET,Air Brad Nailer,Power Tools,1,139.00,145.00,6.00,4.32,1,GL BOSUN3
TOO-CUT-BOLW0121A,PCS,Bolt Cutter 900MM,Fasteners & Fixings,1,169.00,175.00,6.00,3.55,1,JUMBO
LOC-COL-RA401,PCS,Colex Anti-cut Steel Padlock RA-401,Locks & Security,8,42.90,36.90,-6.00,-13.99,8,KIM KONG3
PYE-FLE-SEAL-4.5KG-WHT,TIN,PYE Flexible Seal 4.5KG White,Building Materials,5,114.00,108.00,-6.00,-5.26,5,BENTON3
HOS-CLE-01630,COIL,16MM X 30M Clear Hose,Outdoor & Garden,3,57.90,51.90,-6.00,-10.36,3,SHUN LI
CUT-DIS-ARC02,PCS,4 (A909) Sensui Diamond Grinding Bla,Abrasives & Cutting,9,31.90,25.90,-6.00,-18.81,9,CRYSTAL TRIUMPH S/B
"BRA-SHE-YG782-10""",PAIR,White H/duty Shelf Bracket 10,Housewares,14,18.50,12.50,-6.00,-32.43,12,SYN JING LEE
LOC-APL-110-40MM-KA2PCS-S/S,SET,Armor S/steel Padlock APL-110-40MM KA2PCS SUS-304,Locks & Security,2,129.00,135.00,6.00,4.65,2,VERTEX
DOR-CLO-MASTER,PCS,Keymaster Door Closer,Doors & Hardware,20,45.90,39.90,-6.00,-13.07,20,CHIN LAI
LOC-COL-TA401,PCS,Colex Single Titanium Coated Padlock TA-401,Locks & Security,12,20.90,14.90,-6.00,-28.71,12,KIM KONG3
LOC-COL-ZA401,PCS,Safety Chrome Plated Padlock ZA-401,Safety & Workwear,12,20.90,14.90,-6.00,-28.71,12,KIM KONG3
BEA-PUL-EAS-E0062,PCS,Altea X 8 Bearing Puller,Other,4,54.90,48.90,-6.00,-10.93,4,JHT HARDWARE
SHH-LURE-SSL8016,PCS,Starlit Minnow Shad Soft Lure (6'S)MIXCLR,Fishing & Tackle,10,21.90,15.90,-6.00,-27.40,10,SINHENHUA
COP-ROD-LOC-12MMX5FT,PCS,Local Copper Rod 12MM X 5FT,Other,7,27.90,21.90,-6.00,-21.51,7,SEBD3
GAR-RAK-BLA-6T,PCS,6TEETH Framer Rake,Outdoor & Garden,2,31.90,25.90,-6.00,-18.81,2,TIE BROTHER3
GAR-HOE-FOR-STE-3LBS,PCS,3LBS 105 Forged Steel Fork Hoe,Outdoor & Garden,2,27.90,21.90,-6.00,-21.51,2,TIE BROTHER3
SWI-SOC-MK-S2893,PCS,Mk Whi Sp 15A Switch Socket - Slimline Plus,Electrical,17,26.90,20.90,-6.00,-22.30,17,SEBD3
FIR-EXT-EVE-9KG,PCS,Eversafe Abc Fire Extinguisher 9KGS,Safety & Workwear,1,149.00,155.00,6.00,4.03,1,SONIC3
FAS-BOL-EXP-TRAC150-M12-140-80,PCS,M12 X 140 X 80 Brain Hook Expansion Bolt,Fasteners & Fixings,17,23.90,17.90,-6.00,-25.10,17,KIM KONG
HOS-GAR-SET-114253,SET,Eagle - Stackable Hose Reel Set Hose: 6150,Fishing & Tackle,1,139.00,145.00,6.00,4.32,1,HSIN NGIE
MTR-FLOAT-SW,PCS,Plasma 5 Meter Float Switch,Fishing & Tackle,2,59.90,53.90,-6.00,-10.02,2,SEBD3
LIG-EM-EL-LE115,SET,ECONLITE'15 X LED Emergency Light (jkr Approved),Lighting,1,114.00,108.00,-6.00,-5.26,1,CIMA
BURR-CAR-T.C.T-HX1232,PCS,Blimax Carbide Milling BURR-HX1232,Other,2,54.90,48.90,-6.00,-10.93,2,BOON SENG
SAF-SLI-GLO-3TON4M,LGTH,Webbing Sling (glolift) 75MM 3 Ton X 4M,Lifting & Rigging,4,46.90,40.90,-6.00,-12.79,4,
SWI-SOC-ELE-E031B,PCS,Elegance 16A 3 GANG 1 Way-black (E031B),Electrical,11,26.90,32.90,6.00,22.30,11,
CUT-BLA-WOO-KNI10530T,PCS,"Knight Circular Saw Blade - Wood 4""X30T",Power Tool Accessories,13,21.90,15.90,-6.00,-27.40,13,SYN JING LEE
PLA-MAT-EAW1100,ROLL,Elephant-king Anti-weed Mat (pp) 1M X 100M,Packaging,1,154.00,148.00,-6.00,-3.90,1,CHIN LAI
WAT-NOZ-ADP-026B,PCS,Gardenu 026B Water Nozzle Adaptor - Brs,Electrical,11,22.90,16.90,-6.00,-26.20,11,DALMAX3
ELE-MUL-TES-SUNWEI YX-360,SET,Sunwei Multi Meter Tester,Electrical,5,43.90,37.90,-6.00,-13.67,5,FULL-LITE
GAR-SAW-H0801A,PCS,14 Tesra Prunning Saw With Cover,Outdoor & Garden,5,51.90,45.90,-6.00,-11.56,5,DALMAX3
X-FLO-MOC-FW6001,PCS,FW6001 60X60CM,Power Tools,1,22.90,16.90,-6.00,-26.20,1,BRAVO-LINE
PUT-CAR-BROWN-1KG,TIN,1KG Putty Brown Yakpro,Paint & Sundries,7,34.90,28.90,-6.00,-17.19,7,HUONG SING
FLO-MOC-SP121A,PCS,12 X 24 Homo Tile SP121A,Flooring,4,14.60,8.60,-6.00,-41.10,4,CHEE LIAN
SWI-T/SOC-FLE-913-3M3G,SET,Fle T/skt Sp TC-3GL-340B 913-3M,Electrical,6,27.90,21.90,-6.00,-21.51,6,FULL-LITE
"CUT-SAW-AP14-350-14""",PCS,Sawnman Handsaw 14,Abrasives & Cutting,2,27.90,21.90,-6.00,-21.51,0,SYN JING LEE
ELE-LED-SOL-ISF-60W-65K,PCS,Il- Solar Floor Light -isf 60W 65K,Electrical,1,159.00,165.00,6.00,3.77,1,TOP GAN
BNW-B&N-RBN-106-BOX,BOX,Sr G. I Boit & Nut 3/16 X 3/4 (box),Fasteners & Fixings,1,21.90,15.90,-6.00,-27.40,1,SYARIKAT HUA KIONG3
VAL-BAL-ITA-18MM,PCS,Brass Ball Valve - Italy 18 MM,Plumbing,9,25.90,19.90,-6.00,-23.17,8,SONIC3
NAI-CON-ACE-20-BOX,BOX,Ace Galvanised Flat Head Nails 20 X 2.0 (500GM),Fasteners & Fixings,9,15.20,9.20,-6.00,-39.47,8,KIM KONG
SWI-T/SOC-FLE-914-3M4G,SET,Fle T/skt Sp ** TC-4GL-340B 914-3M,Electrical,4,29.90,23.90,-6.00,-20.07,4,FULL-LITE
CAR-WAX-WC,PCS,WC Winscreen Cleaner,Chemicals & Adhesives,6,24.90,18.90,-6.00,-24.10,6,S LINE TECH
ELE-TEE-BAR-FATO-40A,LTH,Copper Tee BAR Single Phase C (1.2X5MM),Plumbing,5,22.90,16.90,-6.00,-26.20,5,SEBD3
FIT-UPVC-FLO-110MMX80MM,PCS,U-pvc Floor Gully Trap 4 X 3,Plumbing,4,28.90,22.90,-6.00,-20.76,4,KIONG SING
"FAS-SCR-3""-DSM-HRW 675",PCK,"Metal Spandex Screw 3""- Dsm-hrw 675(50PCS/PCK)",Fasteners & Fixings,5,21.90,15.90,-6.00,-27.40,5,SYARIKAT HUA KIONG3
TAP-CAB-CB1530S-BL,PCS,Cabana S/steel 304 Pillar Mounted Kitchen Tap,Plumbing,1,104.00,98.00,-6.00,-5.77,1,SYNTALUN
SPR-GRE-SW-99,CAN,400ML Starwill Spray Grease -SW-99,Fasteners & Fixings,4,23.90,17.90,-6.00,-25.10,4,ING PING3
IND-WHE-TYR-PUMET,PCS,1366 Tahan Steel Hub Polyurethane Wheel,Building Materials,8,40.90,34.90,-6.00,-14.67,8,KIM KONG3
CAN-JER-4203,PCS,3 Gallon Jerrycan,Housewares,9,32.90,26.90,-6.00,-18.24,9,ING CHOON
JAC-BOT-CNN-R10TON,PCS,China Bottle Jack - 10 Ton,Lifting & Rigging,3,99.00,93.00,-6.00,-6.06,3,SONIC3
SAF-SHO-AVV-39#,PAIR,Avvio Safety Shoe 39/5,Safety & Workwear,2,139.00,145.00,6.00,4.32,2,FONG YUAN HUNG
SAF-SHO-AVV-40#,PAIR,Avvio Safety Shoe 40/6,Safety & Workwear,2,139.00,145.00,6.00,4.32,2,FONG YUAN HUNG
SAF-SHO-AVV-42#,PAIR,Avvio Safety Shoe 42/8,Safety & Workwear,2,139.00,145.00,6.00,4.32,2,FONG YUAN HUNG
SAF-SHO-AVV-43#,PAIR,Avvio Safety Shoe 43/9,Safety & Workwear,2,139.00,145.00,6.00,4.32,2,FONG YUAN HUNG
SAF-SHO-AVV-44#,PAIR,Avvio Safety Shoe 44/10,Safety & Workwear,2,139.00,145.00,6.00,4.32,2,FONG YUAN HUNG
SAF-SHO-PAS-39#,PAIR,Passen Safety Shoe 39/5,Safety & Workwear,2,119.00,125.00,6.00,5.04,2,FONG YUAN HUNG
SAF-SHO-PAS-43#,PAIR,Passen Safety Shoe 43/9,Safety & Workwear,2,119.00,125.00,6.00,5.04,2,FONG YUAN HUNG
SAF-SLI-GLO-2TON4M,LGTH,Webbing Sling (glolift) 50MM 2 Ton X 4M,Lifting & Rigging,1,32.90,26.90,-6.00,-18.24,1,
IND-VEN-HOS-AIR,ROLL,Airbank 5M Flexible Duct 05,Building Materials,1,199.00,193.00,-6.00,-3.02,1,CMW ENGINEERING
MET-WAT-GK,PCS,Water Meter 1/2 - Gk,Other,1,189.00,183.00,-6.00,-3.17,1,SYARIKAT HUA KIONG3
SHH-FROG-3591012,PCS,3591012 Santec Flott Hopp 40MM 8.4G (mix Color),Fishing & Tackle,9,20.90,14.90,-6.00,-28.71,9,SINHENHUA
NAI-CON-ACE-16-BOX,BOX,Ace Galvanised Flat Head Nails 16 X 2.0 (500GM),Fasteners & Fixings,3,15.20,9.20,-6.00,-39.47,3,KIM KONG
FLO-MOC-SP121D,PCS,12 X 24 Guocera Homogenoues Tiles,Flooring,1,14.60,8.60,-6.00,-41.10,1,CHEE LIAN
FLO-MOC-SP121F,PCS,12 X 24 Homo Tile SP121F,Flooring,1,14.60,8.60,-6.00,-41.10,1,CHEE LIAN
JAC-BOT-CNN-R20TON,PCS,China Bottle Jack - 20 Ton,Lifting & Rigging,1,164.00,158.00,-6.00,-3.66,1,SONIC3
CAR-WAX-DIS,PCS,Dsl Dispel - 500ML,Automotive,5,31.90,25.90,-6.00,-18.81,5,S LINE TECH
HAN-CLO-JM-1039,SET,6 Hook S/steel Strong Hook,Other,6,20.90,14.90,-6.00,-28.71,6,CHUNS TRADING
CAR-WAX-DSL,PCS,Serai Wangi Serbaguna 1L,Automotive,3,30.90,24.90,-6.00,-19.42,3,S LINE TECH
CAR-WAX-STA-STE-SHI,PCS,Sss Stainless Steel Shine - 500ML,Automotive,3,29.90,23.90,-6.00,-20.07,3,S LINE TECH
SWI-POL-12A-DOU-SOC,PCS,Pol 13A Double Switch Socket,Electrical,11,23.90,17.90,-6.00,-25.10,11,ECO ENTERPRISE3
TOO-VIC-TAB-70MM,PCS,3 Table Vice,Hand Tools,2,45.90,39.90,-6.00,-13.07,2,TIE BROTHER3
GAR-SPR-LAN-CR8446B,PCS,Spraying Lance (bend),Outdoor & Garden,1,28.90,22.90,-6.00,-20.76,1,KTS TRADING
TIM-SUM-0024,PCS,Sum 0024 24 Hour Timer (sirim),Electrical,4,30.90,24.90,-6.00,-19.42,3,FULL-LITE
GUN-TAC-REF-TR45-06MM,SET,"1/4""/6MM Sharpshooter Staples Bullet",Fasteners & Fixings,4,20.90,14.90,-6.00,-28.71,4,YUNG KONG
PITL-GAU-SCRE,SET,52PCS Screw Pitch Gauge,Fasteners & Fixings,2,38.90,32.90,-6.00,-15.42,2,HTC HARDWARE
"DRI-AUG-BIT-1/4""X200",PCS,1/4 X 200 Star-m Auger Bit (b),Power Tool Accessories,3,18.70,12.70,-6.00,-32.09,3,WHA WEE
KHI-HDR-HD511-BLU,SET,Hair Dryer 1000W (white),Home Appliances,2,57.90,52.00,-5.90,-10.19,2,KHIND-MISTRAL
NIP-MAT-9102-7L,CAN,7L Super Matex Bs 9102 White,Paint & Sundries,12,74.90,69.00,-5.90,-7.88,10,PAINT MAR.
"FIT-BUT-STR-FEM-SWI-25MMX3/4""",PCS,Buteline 25MMX3/4 PE Straight Female Swivel,Fishing & Tackle,28,16.40,10.50,-5.90,-35.98,28,HUA BAN
NIE-SOC-IMP-DEE-3/4-38MM,PCS,Nietz Deep Impact Socket (6P) 38MM 50162038,Power Tools,1,92.90,87.00,-5.90,-6.35,1,SUNWAY WINSTAR
BAS-SOR-SRT7013-BL,PCS,Sorento Corner Basket (250X250X80MM)-BLK,Housewares,2,93.90,88.00,-5.90,-6.28,2,SYNTALUN
PAD-STA-SS30-5140231-49,PCS,Pad Type Stanley SS30,Other,1,59.90,54.00,-5.90,-9.85,1,HUACHIAN ENGINEERING
JUG-KHI-KET-EK18SS,SET,Khind - 1.8L Stainless Steel Kettle,Home Appliances,1,98.90,93.00,-5.90,-5.97,1,KHIND-MISTRAL
BID-CAB-CB55WH,UNIT,Cabana Bidet (white),Bathroom,3,52.90,47.00,-5.90,-11.15,3,HUE HOME
VAL-ANG-SRTWT908SS-BL,PCS,Sorento S/s Angle Valve-blk,Plumbing,1,47.90,42.00,-5.90,-12.32,1,SYNTALUN
BOS-2608-600-704,PCS,Diamond Blade 2608-600-704,Abrasives & Cutting,3,53.90,48.00,-5.90,-10.95,3,CMW ENGINEERING
FAS-SCR-ZPH-DSMHO525-BOX-500PCS,BOX,Sr Zph Self Drilling Screw (500PCS/BOX) DSM-HO525,Fasteners & Fixings,10,64.90,59.00,-5.90,-9.09,10,SYARIKAT HUA KIONG3
BOS-1619-P09-252,PCS,Ggs 3000L Straight Grinder (nut Only),Power Tools,1,35.90,30.00,-5.90,-16.43,1,CMW ENGINEERING
SWI-SOC-SUM-MS-S113,PCS,D'ner 13A 1G M/clad S/skt (sr),Electrical,25,19.40,13.50,-5.90,-30.41,25,FULL-LITE
"SIN-STA-RAC-42""-PLA",SET,42 Sink Bracket (plastic),Kitchen & Sinks,5,94.90,89.00,-5.90,-6.22,5,WHA WEE
SHH-REEL-DH200,PCS,Baitcasting Reel 18+1BB (left),Fishing & Tackle,5,83.90,78.00,-5.90,-7.03,5,SINHENHUA
NAIL-TUFTING-TN-7225-BOX,BOX,U Clip Tufting Nail 25MM X 7.3MM (100PCS/BOX),Fasteners & Fixings,2,72.90,67.00,-5.90,-8.09,2,DALMAX3
SAF-SHO-SUP-40#,PAIR,Supersonic Safety Shoes 40 (6 ),Safety & Workwear,3,94.90,89.00,-5.90,-6.22,3,SONIC3
SAF-SHO-SUP-41#,PAIR,Supersonic Safety Shoes 41 (7 ),Safety & Workwear,3,94.90,89.00,-5.90,-6.22,3,SONIC3
SCA-CAM-SQ20KG,PCS,Camry- Spring Scale Sq / 20KG,Housewares,5,87.90,82.00,-5.90,-6.71,5,ZHONG YUAN3
GAR-SPA-TYP-U,PCS,U Type Black Bali Spade,Outdoor & Garden,37,19.80,13.90,-5.90,-29.80,37,TIE BROTHER
SAF-SHO-SUP-42#,PAIR,Supersonic Safety Shoes 42 (8 ),Safety & Workwear,2,94.90,89.00,-5.90,-6.22,2,SONIC3
ELE-LED-SOL-YB-L10507-24W,SET,Marviss 24W Outdoor Sensor Solar Light (L10507),Electrical,4,94.90,89.00,-5.90,-6.22,3,CIMA
TAP-BIB-PVC-J2BC01W,PCS,Jopex PVC 20MM,Plumbing,17,18.30,12.40,-5.90,-32.24,41,BOON SENG
SAF-SLI-GLO-2TON6M,LGTH,Webbing Sling (glolift) 50MM 2 Ton X 6M,Lifting & Rigging,4,44.90,39.00,-5.90,-13.14,3,
SHH-REEL-VT100,PCS,Pt Pioneer Nuke Pro (9+1BB) (r/h) Casting Reel,Fishing & Tackle,1,94.90,89.00,-5.90,-6.22,1,SINHENHUA
RIKB-KEY-BOX-IRON-45050(54),PCS,Rikb 54 Rod Iron Key Box,Home Appliances,1,84.90,90.80,5.90,6.95,1,REXER3
GALVD-MS-NUT-5/16'',KGS,Galvd MS NUT5/16,Other,4,19.80,13.90,-5.90,-29.80,4.38,HTC HARDWARE
TOO-DRV-2WAYW3082A,PCS,Adj Two Way Screwdriver,Hand Tools,3,19.80,13.90,-5.90,-29.80,2,JUMBO
COV-PWPC-1-HD-T,PCS,Legrand Pvc-link 1GANG W. Proof Protect Covr H/d,Outdoor & Garden,1,19.80,13.90,-5.90,-29.80,1,ECO ENTERPRISE3
RIG-HOO-SLI-09MM,PCS,Clevis Slip Hook 09MM,Lifting & Rigging,3,19.80,13.90,-5.90,-29.80,3,SONIC3
X-TOO-PLI-SLI-STA-200,PCS,8 Maxgrip Bi-material Slip Joint Pliers,Power Tools,2,37.90,32.00,-5.90,-15.57,2,
JAC-BOT-CNN-R03TON,PCS,China Bottle Jack - 3.0 Ton,Lifting & Rigging,3,67.90,62.00,-5.90,-8.69,3,SONIC3
CEI-COR-C255`,PCS,C255 Cornices,Building Materials,1,15.40,9.50,-5.90,-38.31,1,S.A.L. PLASTER
CEI-COR-C313`,PCS,C313 Cornices,Building Materials,1,15.40,9.50,-5.90,-38.31,1,S.A.L. PLASTER
CEI-COR-C314`,PCS,C314 Cornices,Building Materials,1,15.40,9.50,-5.90,-38.31,1,S.A.L. PLASTER
"TOO-DRV-STA-TAN-8MM-12""X#3(+) 996065260",PCS,Tank Thru Screwdriver - 8MM X 12 X 3 (+),Hand Tools,4,35.90,30.00,-5.90,-16.43,4,YUNG KONG
BAT-ENE-LIT-2025,PCS,Energizer Lithium 2025,Electrical,21,17.80,11.90,-5.90,-33.15,21,HUA BAN
SWI-SOC-NNE-802/1-1W2G,PCS,NNE 802/1 2G 1W Switch SIRIM,Electrical,13,15.70,9.80,-5.90,-37.58,13,FULL-LITE
BATT-SOLAR-FAN,PCS,Battery Solar Fan,Electrical,2,34.90,29.00,-5.90,-16.91,2,
NIP-TIM-FIN-1L-T/RED,CAN,1L Nippon Timber Finish T/red Base,Building Materials,7,46.90,41.10,-5.80,-12.37,7,PAINT MAR.2
NIETZ-MOU-FLA-WHE-57152080,PCS,Nietz Mounted Flap Wheel 57152080,Abrasives & Cutting,6,18.00,12.20,-5.80,-32.22,6,SUNWAY WINSTAR
"FAS-SCR-DRY-WHI-6#2""-BOX",BOX,Hunter/wh - Drywall Screw 6 X2,Fasteners & Fixings,36,18.70,12.90,-5.80,-31.02,36,BENTON
MEA-TAP-STA-30611L,PCS,3.5M/12 X 1/2 Rubber Grip Tape Ruler,Hand Tools,10,17.60,11.80,-5.80,-32.95,10,YUNG KONG
STO-MOU-W242-50X25,PCS,Mounted Stone:k-prix Korea W242 (50X25),Abrasives & Cutting,8,18.70,12.90,-5.80,-31.02,8,KWONG TECK CHIONG3
CUT-FLA-TAI-A80100,PCS,Tailin Flap Discs A80,Abrasives & Cutting,8,14.00,8.20,-5.80,-41.43,7,FONG YUAN HUNG
SCP-REM-SKI-CLO-500ML,BOT,500ML Skim Clog Remover,Chemicals & Adhesives,6,15.70,9.90,-5.80,-36.94,5,ING PING3
SWI-S/SKT-LWD-0031,PCS,Lwd 0031 F3 3G 1W Switch SIRIM,Electrical,15,16.40,10.60,-5.80,-35.37,15,FULL-LITE
SWI-PLK-2G1W-5021,PCS,Plk 5021 10A 2G 1W Switch SIRIM,Electrical,10,16.00,10.20,-5.80,-36.25,9,FULL-LITE
IND-TRO-NIE-80X450X0.6MM,PCS,Nietz Plastering Trowel 12/60 54643845,Hand Tools,15,16.90,11.20,-5.70,-33.73,15,SUNWAY WINSTAR
OIL-MOT-W2T-0.5L,BTL,Advance W2T - 0.5L,Automotive,17,19.60,13.90,-5.70,-29.08,15,SYARIKAT SRI MINYAK
LOC-SEC-SHE-N50MM,PCS,Shenling Top Security Lock 50MM-NEW,Locks & Security,17,17.60,11.90,-5.70,-32.39,17,LI HARDWARE
VAL-BAL-VIP-FF12MM,PCS,1/2 Vip Chrome Mini Valves 323FF,Plumbing,16,18.20,12.50,-5.70,-31.32,16,KIM KONG3
COC-STO-JOP-2SC01W,PCS,Jopex STOPCOCK-2SC01W,Plumbing,13,15.20,9.50,-5.70,-37.50,13,BOON SENG
ELE-CON-SPR-19MM,EA,Conduit Spring 20MM *70CM,Electrical,9,16.20,10.50,-5.70,-35.19,9,SEBD3
DZ-GEN-BPC-14X250,OCS,Star Bull Point Chisel (mm),Power Tool Accessories,4,18.50,12.80,-5.70,-30.81,4,GL BOSUN DIAMOND
APR-NKS-PVC-MSHGPYA-0001,PCS,Nks PVC Yellow Apron,Safety & Workwear,9,19.90,14.20,-5.70,-28.64,9,WEE TAT TRADING
CUT-OIL-GLA,PCS,055 Oil Glass Cutter,Building Materials,10,14.60,8.90,-5.70,-39.04,10,SYN JING LEE
GAR-TOO-STEEL-3PCS-60183,SET,3PCS Set Steel Garden Tools,Outdoor & Garden,2,19.20,13.50,-5.70,-29.69,2,L.F. WHOLESALER
PUT-CAR-888-3.5KG,PCS,Putty Hardener,Paint & Sundries,2,17.60,11.90,-5.70,-32.39,1,HUONG SING
SWI-S/SKT-LWD-0213,PCS,Lwd 0213 F3 13A Neon S/skt SIRIM,Electrical,6,16.60,10.90,-5.70,-34.34,5,FULL-LITE
VAL-PVC-LD810# 25MM,PCS,PVC Spring Foot Valve:ld 810 25MM,Plumbing,2,20.90,15.20,-5.70,-27.27,1,KWONG TECK CHIONG3
NIETZ-MOU-FLA-WHE-57121080,PCS,Nietz Mounted Flap Wheel 57121080,Abrasives & Cutting,5,18.10,12.50,-5.60,-30.94,5,SUNWAY WINSTAR
TOO-SHE-PURW822A,PCS,Bypass Pruners 175MM,Power Tools,6,19.40,13.80,-5.60,-28.87,6,JUMBO
TIE-CAB-WHI-8MMX250MM,PCK,"White PVC Cable Ties (10"")",Electrical,25,19.90,14.30,-5.60,-28.14,25,SYN JING LEE
PUM-OIL-W0229B,PCS,W0229B Pump Oiler,Pumps & Water,4,18.90,13.30,-5.60,-29.63,3,JUMBO
LOC-HD-SHE-60MM,PCS,60MM Shenling Heavy Duty Lock,Locks & Security,9,27.90,22.30,-5.60,-20.07,9,LI HARDWARE
HOS-COU-BR-19MM,PCS,Br Hose Coupling 19MM,Outdoor & Garden,4,15.40,9.80,-5.60,-36.36,4,HSIN NGIE
STO-MOU-M6-25X52,PCS,Mounted Stone:k-prix Korea M6 (25X52),Abrasives & Cutting,4,14.60,9.00,-5.60,-38.36,4,KWONG TECK CHIONG3
ELE-PVC-BOX-TC4X6,EA,Tc 4X6 PVC Enclosure Box,Electrical,6,15.00,9.40,-5.60,-37.33,6,SEBD3
NAI-CON-ACE-25-BOX,BOX,Ace Galvanised Flat Head Nails 25 X 2.0 (500GM),Fasteners & Fixings,6,14.80,9.20,-5.60,-37.84,6,KIM KONG
TOO-CUT-STA-992014563,PCS,10 (yellow) Aviation Snip-straight,Hand Tools,4,57.90,63.50,5.60,9.67,4,YUNG KONG
BNW-WAS-COM-06MM,KGS,Zinc Plated Washer 1/4,Fasteners & Fixings,33,17.10,11.50,-5.60,-32.75,30.45,BENTON3
"DOR-FLU-SGD-35612""",PCS,12 SS St. Guchi Flush Bolt SGDB-35612,Fasteners & Fixings,1,47.90,42.30,-5.60,-11.69,1,VERTEX
DZ-GEN-BCC-14X250X20,PCS,Star Flat Chisel (mm),Power Tool Accessories,2,18.50,12.90,-5.60,-30.27,2,GL BOSUN DIAMOND
GAR-SPR-CR8413,PCS,Pump Handle-cr 8413,Pumps & Water,2,17.60,12.00,-5.60,-31.82,2,KTS TRADING
"CUT-DIS-AKODA-4""-A1",PCS,Akoda 4 Diamond Blade Dry A1,Abrasives & Cutting,4,21.90,16.30,-5.60,-25.57,4,T.K.G
FIT-UPVC-TEE-110MMX50MM,PCS,U-pvc Reducing Tee 110MM X 50MM 4 X 2,Plumbing,5,25.90,20.30,-5.60,-21.62,5,KIONG SING
FIT-UPVC-TEE-110MMX82MM,PCS,U-pvc Reducing Tee 110MM X 82MM 4 X 3,Plumbing,3,25.90,20.30,-5.60,-21.62,3,KIONG SING
PAI-SPR-SAM-019,PCS,Samurai Spray Paint 19 Trivoli Blue,Paint & Sundries,10,19.40,13.90,-5.50,-28.35,10,KIM KONG3
STIHL-0781-319-8401,BOT,Engine Oil 100ML,Automotive,11,13.70,8.20,-5.50,-40.15,11,HOCK CHIONG LUNG
CIS-HAN-042B#L/L,PCS,Dekko 042B L/l Cistern Handle,Doors & Hardware,11,17.30,11.80,-5.50,-31.79,10,BOON SENG
DOR-HIN-SGD-DH753030,PCK,"(5""X3""X3.0MMX3PCS) 4BB St. Guchi Hinges",Doors & Hardware,1,114.00,119.50,5.50,4.82,1,VERTEX
TOO-NIE-TAM-T45,PCS,Nietz E/long Tamper Tx-star Wrench (red) 53283045,Hand Tools,1,18.50,13.00,-5.50,-29.73,1,SUNWAY WINSTAR
CHA-MKX-2026,PCS,Part : Charger,Outdoor & Garden,2,19.40,24.90,5.50,28.35,2,MAJOR HARVE
TOO-CHI-CON-W3151A,PCS,Concrete Pointed Chisel (16*250MM),Hand Tools,2,18.40,12.90,-5.50,-29.89,2,JUMBO
TOO-COM-GD28,PCS,Gd Combination Wrench 28MM,Hand Tools,2,17.70,12.20,-5.50,-31.07,2,SONIC3
ELE-WOO-BLOCK-9X12,EA,Wood Block 9 X 12,Electrical,3,15.00,9.50,-5.50,-36.67,3,ECO ENTERPRISE3
ELE-D/L-MEG-YTA70Z1-15W-3000K,PCS,Megaman A70 E27 LED Bulb YTA70Z1 15W/3000K,Lighting,19,19.30,13.90,-5.40,-27.98,19,FULL-LITE
NIP-PHG-1L-A,CAN,1L Platone High Gloss Accent Base,Paint & Sundries,98,36.90,42.30,5.40,14.63,94,PAINT MAR.2
"DRA-COV-TEC-GRE-9""X17""",PCS,Techplas 9 X 17 Drain Cover - Grey,Plumbing,113,20.90,15.50,-5.40,-25.84,109,BENTON3
ELE-CAB-WIR-MKK-1.5MM-GREEN,ROLL,MKK Cable 1.5MM (7/0.39MM) Green,Electrical,20,54.90,49.50,-5.40,-9.84,20,MAJOR HARVE
BOS-2608-585-890,PCS,Hss-g Cobal Bit 6.5MM,Power Tools,21,18.30,12.90,-5.40,-29.51,20,CMW ENGINEERING
NIP-FLO-DRE-1L,CAN,1L Nippon Floor Dressing (gloss),Paint & Sundries,8,44.90,39.50,-5.40,-12.03,6,PAINT MAR.
"NIE-SOC-IMP-3/4""-35MM",PCS,Nietz Dr Impact Socket (6PT) 50160035 35MM,Power Tools,2,49.90,44.50,-5.40,-10.82,2,SUNWAY WINSTAR
"NIE-HAN-RAT-1/2""",PCS,Nietz Oval Head Ratchet Hdl 50048124 24T,Hand Tools,4,69.90,64.50,-5.40,-7.73,4,SUNWAY WINSTAR
BOS-2608-595-081,PCS,Hss-g Metal Bit 12.0MM,Power Tools,6,29.90,24.50,-5.40,-18.06,6,CMW ENGINEERING
BOS-2608-585-898,PCS,Hss-g Cobal Bit 10.0MM,Power Tools,3,37.90,32.50,-5.40,-14.25,1,CMW ENGINEERING
ELE-D/L-OUBEI-110/45W,PCS,Ilite LED Bulb,Lighting,79,22.90,17.50,-5.40,-23.58,77,TOP GAN
SWI-ADA-3388USB-TC10936,PCS,Taicon Multi Travel Adaptor 2USB (TC-10936),Electrical,5,29.90,24.50,-5.40,-18.06,5,ECO ENTERPRISE3
NIP-EAS-5170-7L,CAN,7L Easycoat Emulsion 5170 Balinese Green,Paint & Sundries,3,64.90,59.50,-5.40,-8.32,3,PAINT MAR.
NIP-EAS-6572-7L,CAN,7L Easycoat Emulsion 6572 Cool Lime,Paint & Sundries,3,64.90,59.50,-5.40,-8.32,3,PAINT MAR.
NIE-SOC-HAN-DEE-12P-1/2-23MM,PCS,Nietz Dr Deep Cr Socket (12PT) 50045023 23MM,Electrical,2,28.90,23.50,-5.40,-18.69,2,SUNWAY WINSTAR
TOO-LEV-W0093F1000,PCS,Aluminium Level (1000MM),Power Tools,5,34.90,29.50,-5.40,-15.47,4,JUMBO
ELE-CAB-R/BK-MKK-ROLL,ROLL,MKK Cable 2C 23/014 X 60M (twister)-red/black,Electrical,16,47.90,42.50,-5.40,-11.27,16,MAJOR HARVE
BOS-2608-600-923,PCS,Diamond Blade 2608-600-923,Abrasives & Cutting,5,47.90,42.50,-5.40,-11.27,5,CMW ENGINEERING
SWI-CON-15A-180W-TC-10019,PCS,Taicon Power Supply 15A 12V 180W (big),Electrical,2,54.90,49.50,-5.40,-9.84,2,ECO ENTERPRISE3
SHO-BID-DOU-BUCKLE-V6652,PCS,Vip Double Buckle Hand Bidet,Bathroom,5,43.90,38.50,-5.40,-12.30,3,KIM KONG3
TOO-NIE-SOC-KEY-L14MM,PCS,Nietz 1/2 IN Drive Long Allen Bxsocket 50240114 14MM,Power Tools,2,34.90,29.50,-5.40,-15.47,4,SUNWAY WINSTAR
NIE-SOC-HAN-DEE-12P-1/2-22MM,PCS,Nietz Dr Deep Cr Socket (12PT) 50045022 22MM,Electrical,1,25.90,20.50,-5.40,-20.85,1,SUNWAY WINSTAR
ELE-SOL-W0301C,PCS,Ex Heat Electric Solder Iron 60W,Home Appliances,4,31.90,26.50,-5.40,-16.93,4,JUMBO
TOO-PLI-PUMW5012,PCS,Water Pump Pliers 300MM,Pumps & Water,2,36.90,31.50,-5.40,-14.63,2,JUMBO
SWI-CON-TC-10506,PCS,Taicon Power Supply (low Noise) 16.6A 12V 200W,Electrical,1,54.90,49.50,-5.40,-9.84,1,ECO ENTERPRISE3
NUM-PUNC-50730050,SET,Nietz 0-9 Number Punches 5MM 5730050,Signage & Numbering,2,52.90,47.50,-5.40,-10.21,2,SUNWAY WINSTAR
CUT-TUR-BWM-100MM,PCS,Glotool 100MM Turbo Granite Wheel Bwms,Abrasives & Cutting,4,21.90,16.50,-5.40,-24.66,4,SONIC
KOYA-GRE-P611-1/2KG,TIN,Koya P611 H/d Lithium Mp,Chemicals & Adhesives,8,26.90,21.50,-5.40,-20.07,8,ING PING3
TOO-WRE-PIP-W600C,PCS,Heavy Pipe Wrench (600MM),Hand Tools,1,84.90,79.50,-5.40,-6.36,1,JUMBO
KGR-COM-2.5KG,TIN,Kangaroo Brand 2.5 KG Bituminous Compound,Paint & Sundries,7,37.90,32.50,-5.40,-14.25,7,KANGAROO PAINT
CHE-LUB-HD250-400ML,CAN,Belt Dressing Spray:hardex 400ML,Chemicals & Adhesives,5,30.90,25.50,-5.40,-17.48,17,KWONG TECK CHIONG
TOO-CUT-SNI-W108B,PCS,Tin Cutter 200MM W108B,Power Tools,4,34.90,29.50,-5.40,-15.47,4,JUMBO
DOR-ROL-GAT-75MM-V70,PCS,"V70 V Roller Bolt & Nut 3""X23MM",Fasteners & Fixings,37,29.90,24.50,-5.40,-18.06,37,SYN JING LEE
LOC-GLO-BRA-GLBBC40,PCS,Glocks Brass Padlock GLBBC40,Locks & Security,12,29.90,24.50,-5.40,-18.06,12,SONIC3
VAL-BAL-VIP-343-12MM,PCS,Full Bore Ball VALVE:PN25 343 1/2,Plumbing,38,24.90,19.50,-5.40,-21.69,38,KWONG TECK CHIONG3
TOO-CLA-GW473160,PCS,Heavy G-shape Clamp 6,Hand Tools,7,41.90,36.50,-5.40,-12.89,7,JUMBO
NAIL-TUFTING-TN-7220-BOX,BOX,U Clip Tufting Nail 20MM X 7.3MM (100PCS/BOX),Fasteners & Fixings,2,64.90,59.50,-5.40,-8.32,2,DALMAX3
TOO-DRV-STA-6.5X2000MM,PCS,"Cushion Grip S/dr Std - (1/4""X8"")",Power Tools,4,19.30,13.90,-5.40,-27.98,4,YUNG KONG
TOI-TISSUE,PKT,Kleenex Fresh 2PLY,Bathroom,1,19.30,13.90,-5.40,-27.98,1,
"FAS-SCR-DRY-WHI-6#1.1/4""-BOX",BOX,Hunter/wh - Drywall Screw 6 X1-1/4,Fasteners & Fixings,33,18.30,12.90,-5.40,-29.51,33,BENTON
"IND-CAS-H/DUTY-MCLFC-4""",PCS,4 DL5 H/duty Mcl Fixed Caster,Building Materials,4,48.90,43.50,-5.40,-11.04,4,DALMAX3
LOC-HD-SHE-50MM,PCS,50MM Shenling Heavy Duty Lock,Locks & Security,8,23.90,18.50,-5.40,-22.59,8,LI HARDWARE
GER-PLUG-BP8ES,PCS,Ngk 14 X 19.0 Spark Plug (generator),Electrical,25,12.70,7.30,-5.40,-42.52,25,HOCK CHIONG LUNG
COV-HAR-SIC-FS-916,PCS,Fiesto Folding Sickle,Outdoor & Garden,18,20.90,15.50,-5.40,-25.84,17,DALMAX3
TOO-SPA-BEN-BLK-12MM,LGHT,BAR Bender: (m) Black 1/2,Power Tools,8,43.90,38.50,-5.40,-12.30,8,KWONG TECK CHIONG3
TIE-CAB-WHI-300MM,PCK,"White PVC Cable Ties 300MM (12"")",Electrical,23,18.30,12.90,-5.40,-29.51,22,SYN JING LEE
CUT-TIL-MDSI-114688,PCS,Mdsi (MD-09008) Tile Cutter Wheel With Bearing (thin),Flooring,3,26.90,21.50,-5.40,-20.07,3,HSIN NGIE
ELE-TUB-FLU-TLD-36W/54,PCS,Philips Lifemax 36W Fluo Tube D/l,Electrical,106,21.90,16.50,-5.40,-24.66,106,ECO ENTERPRISE3
TIE-CAB-BLA-300MM,PCK,"Black PVC Cable Ties 300MM (12"")",Electrical,20,18.30,12.90,-5.40,-29.51,17,SYN JING LEE
SWI-SOC-ULT-M073MG,PCS,Ultra 1 GANG Tel Outlet (RJ11)-MATTE Grey (M073MG),Electrical,8,22.90,17.50,-5.40,-23.58,8,TRISTAR
SWI-T/SOC-FLE-914-2M4G,SET,Fle T/skt Sp TC-4GL-240B 914-2M,Electrical,6,26.90,21.50,-5.40,-20.07,6,FULL-LITE
SHH-ROD-TKKT25632S,PCS,"Torikumu Kotai Ii Medium (5'6"")ROD",Fishing & Tackle,1,51.90,46.50,-5.40,-10.40,1,SINHENHUA
SWI-T/SOC-FLE-912-3M2G,SET,Fle T/skt Sp TC-2GL-340B 912-3M,Electrical,6,24.90,19.50,-5.40,-21.69,5,FULL-LITE
IND-CAS-NYL-50MM,SET,2 IN White Nylon Caster Wheel,Building Materials,4,20.90,15.50,-5.40,-25.84,4,CHIONG SENG
BRU-WIP-928,PCS,928 Wiper,Automotive,25,20.90,15.50,-5.40,-25.84,24,ING CHOON
FIR-CHA-2KG,PCK,Charcoal (2 Kgs),Safety & Workwear,43,12.10,6.70,-5.40,-44.63,42,SOURCE ENERGY S.D
SHH-REEL-MH3000,PCS,Sealand Machine Gun Fishing Reel W/line (3SS-B),Fishing & Tackle,1,44.90,39.50,-5.40,-12.03,1,SINHENHUA
SHH-ROD-TKEB3812S,PCS,"Torikumu Ebi Light (3'8"") Prawn Rod",Fishing & Tackle,1,41.90,36.50,-5.40,-12.89,1,SINHENHUA
"AIR-TG-9-GAU-12""",PCS,TG-9 Worker Tire Pressure Gauge 12,Automotive,1,40.90,35.50,-5.40,-13.20,1,SYN JING LEE
BOX-FISH-POLY-L,PCS,Polyfoam Fish Box (l),Fishing & Tackle,8,54.90,49.50,-5.40,-9.84,8,SINHENHUA
NAI-AIR-LEO-T38,BOX,Leo Air Nail - T38,Fasteners & Fixings,4,29.90,24.50,-5.40,-18.06,4,BOON SENG
VAL-ANG-CA1002QH,PCS,CA1002QH Angle Valve,Plumbing,5,23.90,18.50,-5.40,-22.59,5,SYN JING LEE
RAI-ALU-18MM20',LGTH,Sr Curtain Rail 3/4 X 20,Curtains & Blinds,12,34.90,29.50,-5.40,-15.47,12,YUNG HUAT
ELE-CAB-R/BK-PURECO-60M,ROLL,Pureco 23/014 Red/black Wire,Electrical,25,44.90,39.50,-5.40,-12.03,24,MODERNVEST
CUT-KNI-LC-500B,PCS,Tajima Utility Knife 500,Hand Tools,13,27.90,22.50,-5.40,-19.35,13,BESMA3
IND-WHE-TYR-D0810/0020-NB,PCS,14 Pneumatic Wheel Nylon Bush - Big,Building Materials,6,46.90,41.50,-5.40,-11.51,6,DALMAX3
ALUM-ROU-25MM,MTR,1 Alum. Round Tube X 6M (MTR),Building Materials,37,7.50,12.90,5.40,72.00,85,YUNG HUAT
UMB-CHI-MIX,PCS,Big Umbrella,Housewares,11,21.90,16.50,-5.40,-24.66,11,ING CHOON
TEC-COM-INL-VAL-1054,SET,1054 Techplas Compact Bottom Inlet Valve 11,Plumbing,30,21.90,16.50,-5.40,-24.66,29,BENTON3
BAT-ENR-MAX-AAA-8PCS,PCK,Enr Max Aaa 8PCS,Electrical,18,34.90,29.50,-5.40,-15.47,18,HUA BAN
ELE-CHO-C40W,SET,Itoku Fluo Fitting Choke,Plumbing,2,27.90,22.50,-5.40,-19.35,2,SEBD3
OIL-EAG-GLASS-100#,PCS,Eagle Oil Glass 100,Building Materials,6,28.90,23.50,-5.40,-18.69,6,SYN JING LEE
TOO-HAM-SLE-4P,PCS,Double Face Sledge Hammer - 4P,Hand Tools,3,47.90,42.50,-5.40,-11.27,3,JHT HARDWARE
VAL-BAL-VIP-MM12MM,PCS,323MM - 1/2 Vip Chrome Mini Valves,Plumbing,21,18.20,12.80,-5.40,-29.67,21,KIM KONG3
PYE-KREK-SEAL-500ML,TIN,PYE Krek-seal 500ML,Building Materials,4,31.90,26.50,-5.40,-16.93,4,BENTON3
TOO-COM-GD29,PCS,Gd Combination Wrench 29MM,Hand Tools,1,19.70,14.30,-5.40,-27.41,1,SONIC3
RAI-COA-PON-YY1030H-GRE,PCS,0.30MM 700G Poncho Raincoat,Curtains & Blinds,5,24.90,19.50,-5.40,-21.69,5,CHUNS TRADING
SWI-POL-HEA-SWI-250V,PCS,Pol 20A Heater Switch 250V Neon,Electrical,17,20.90,15.50,-5.40,-25.84,16,ECO ENTERPRISE3
SHH-NYL-NET-12,PCS,Automatic Nylon Fishing Mesh Net 12 Hole,Fishing & Tackle,3,38.90,33.50,-5.40,-13.88,3,SINHENHUA
ELE-RENO-40A-2P-MCB,PCS,Reno 40A 2P Mcb,Electrical,2,22.90,17.50,-5.40,-23.58,2,SEBD3
"CUT-SAW-SUP-18""",PCS,18 Supersawman Handsaw,Abrasives & Cutting,3,24.90,19.50,-5.40,-21.69,3,SYN JING LEE
WEL-NOZ-BOC-A1/32,PCS,Boc Cutting Nozzle - 1/32 (anme),Power Tool Accessories,8,20.90,15.50,-5.40,-25.84,8,SONIC3
COC-BIB-MMAN-SS-#716,PCS,M'man Stainless Steel Bibcock 716,Plumbing,5,31.90,26.50,-5.40,-16.93,5,JHT HARDWARE
PIP-EXT-SE-1332,PCS,3/4 X 1/2 Pipe Extractor + BAR,Plumbing,7,20.90,15.50,-5.40,-25.84,7,DALMAX3
SOC-TH-C-0406,PCS,1/2 X 6MM Convertor Hex Socket,Electrical,5,20.90,15.50,-5.40,-25.84,5,DALMAX3
"VAL-CHE-BRA-VIP523-3/4""",PCS,Spring Check Valve: Brass Vip 523 3/4,Plumbing,3,28.90,23.50,-5.40,-18.69,3,KIM KONG3
"NIE-SOC-IMP-3/4""-36MM",PCS,Nietz Dr Impact Socket (6PT) 50160036 36MM,Power Tools,3,49.90,44.60,-5.30,-10.62,3,SUNWAY WINSTAR
NIE-SOC-HAN-DEE-06P-1/2-22MM,PCS,Nietz Dr Deep Cr Socket (6PT) 50042022 22MM,Electrical,4,25.90,20.60,-5.30,-20.46,4,SUNWAY WINSTAR
HHD-STO-TIG-200MM,PCS,8 Sharping Stone (b),Bathroom,6,16.50,11.20,-5.30,-32.12,6,WHA WEE
BEAR-DOOR,PCK,Sliding Door Bearing (2PCS/PCK),Doors & Hardware,17,14.20,8.90,-5.30,-37.32,13,YUNG HUAT
"GAS-REG-GIM-1/4""",PCS,1/4 Bosco Gas Regulator,Home Appliances,10,44.90,39.60,-5.30,-11.80,10,WHA WEE
BRO-MOP-400,PCS,No. 400 Mop Broom With Handle,Doors & Hardware,7,13.80,8.50,-5.30,-38.41,5,ING CHOON
SOC-EMPTY-PP132-2G,PCS,2G Ext Box (C400/EPI132),Other,4,17.20,11.90,-5.30,-30.81,4,FULL-LITE
"TOO-FIL-HAL-ROU-WOO-10""",PCS,10 King Top Half Round Wood Rasp,Power Tools,12,19.20,13.90,-5.30,-27.60,12,LI HARDWARE
DUS-PAN-179,PCS,Dustpan With Handle,Doors & Hardware,7,18.20,12.90,-5.30,-29.12,3,ING CHOON
TRCK-(0.40MM)-75MM-10FTS,PCS,Track (0.40MM)75MM X 25MM X 3000MM -10FTS,Other,3,1.50,6.80,5.30,353.33,3,JCH
TOO-PLI-CIR-STA-84271,PCS,7 Circlip Pliers- Straight Ext,Power Tools,2,54.90,49.60,-5.30,-9.65,2,YUNG KONG
"BNW-WAS-COM-5/16""",KGS,Zinc Plated Washer 5/16,Fasteners & Fixings,53,16.80,11.50,-5.30,-31.55,52.72,BENTON3
"BUS-NYL-W/BOL-2 1/2""",PCS,Nylon Bush With Bolt 1 1/4 X 2 1/2,Fasteners & Fixings,7,15.80,10.50,-5.30,-33.54,7,HSIN NGIE
"SHA-FLE-33""",PCS,Flexible Shaft 33,Other,5,14.30,9.00,-5.30,-37.06,5,HOCK CHIONG LUNG
NIP-PHG-5L-T,CAN,5L Platone High Gloss Tint Base,Paint & Sundries,13,134.00,139.20,5.20,3.88,12,PAINT MAR.2
PAI-SPR-SAM-030,PCS,Samurai Spray Paint 30 Black,Paint & Sundries,37,19.10,13.90,-5.20,-27.23,35,KIM KONG3
"TOO-NIE-SOC-HAN-1/2""-23MM",PCS,Nietz Dr Chrome Socket (12PT)50043023 23MM,Electrical,3,19.00,13.80,-5.20,-27.37,3,SUNWAY WINSTAR
BAT-ENE-SHD-C2PC,PCS,Eveready Shd C 2 Pc,Electrical,28,12.00,6.80,-5.20,-43.33,26,HUA BAN
DRAI-POW-350G,BTL,Drain Cleaner Powder,Chemicals & Adhesives,11,19.00,13.80,-5.20,-27.37,11,DALMAX3
GUM-HAR-205-25ML,SET,Clear Epoxy Hardex 5MIN 25ML,Chemicals & Adhesives,8,15.10,9.90,-5.20,-34.44,6,KWONG TECK CHIONG
"FAS-SCR-DRY-BLA-6#1-1/2""BOX",BOX,Hunter/bk - Drywall Screw 6,Fasteners & Fixings,39,18.10,12.90,-5.20,-28.73,39,BENTON
"TOO-CLA-F-BLI-6""",PCS,Blimax Quick Release F CLAMP-6,Hand Tools,8,19.70,14.50,-5.20,-26.40,8,BOON SENG
WEL-CAB-UNI-400AMP,MTR,Uniflux 400A X 90M Welding Cable,Electrical,33,16.10,10.90,-5.20,-32.30,33,SHUN LI
BRO-HAN-NYL-9411,PCS,9411 Hard Nylon Broom With Handle,Doors & Hardware,26,14.00,8.80,-5.20,-37.14,26,ING CHOON
LEAK-SPR-BLS500C,CAN,Bossman Leak Stop Spray 500ML (clear),Other,15,20.90,15.70,-5.20,-24.88,15,CHIN LAI
SWI-SOC-ULT-M031W,PCS,Ultra 16A 3 GANG 1 Way-white (M031W),Electrical,3,19.60,14.40,-5.20,-26.53,2,TRISTAR
FRI-STA-TOYOGO-TYG775,SET,Toyogo 4 IN 1 Durable Multi Use Stand,Other,11,18.70,13.50,-5.20,-27.81,13,L.F. WHOLESALER
"FAS-SCR-TD-HRW 525-1""",PCK,Sr Wood Spandex Screw 1 - Td-hrw 525 (PCK),Fasteners & Fixings,1,12.70,7.50,-5.20,-40.94,40,SYARIKAT HUA KIONG3
SHO-SOR-SRTSS3150,PCS,Sorento 3 Functions Hand Shower,Bathroom,2,89.90,95.00,5.10,5.67,2,SYNTALUN
SHO-SAN-SWP-SA-150B,PCS,Saniware Premier Shower Arm-black SWP-SA-150B,Bathroom,2,32.90,38.00,5.10,15.50,2,VTC HARDWARE
BOS-2608-585-896,PCS,Hss-g Cobal Bit 9.0MM,Power Tools,7,33.90,28.80,-5.10,-15.04,7,CMW ENGINEERING
NIE-SOC-HAN-DEE-06P-1/2-18MM,PCS,Nietz Dr Deep Cr Socket (6PT) 50042018 18MM,Electrical,7,22.90,17.80,-5.10,-22.27,7,SUNWAY WINSTAR
PAI-SPR-SAMURAI-H2,PCS,H2 Samurai Spray Paint,Paint & Sundries,8,40.90,35.80,-5.10,-12.47,8,KIM KONG3
NIETZ-MOU-FLA-WHE-57142060,PCS,Nietz Mounted Flap Wheel 57142060,Abrasives & Cutting,3,15.40,10.30,-5.10,-33.12,3,SUNWAY WINSTAR
ELE-D/L-MGM-MQTL1119-SQ,PCS,"Mgm 6""/SQ LED Panel Light",Lighting,18,33.90,28.80,-5.10,-15.04,17,FULL-LITE
ELE-CEI-LIG-9402/400-3CLR,PCS,Ceiling Light 9402-400 3CLR,Lighting,7,83.90,89.00,5.10,6.08,7,TOP GAN
BAT-ENE-GOL-AA2PC,PCK,Eveready Gold Aa 2 Pc,Electrical,21,12.30,7.20,-5.10,-41.46,21,HUA BAN
BAT-ENE-GOL-AAA2PC,PCK,Eveready Gold Aaa 2 Pc,Electrical,16,12.20,7.10,-5.10,-41.80,14,HUA BAN
"TOO-NIE-SOC-HAN-1/2""-24MM",PCS,Nietz Dr Chrome Socket (12PT)50043024 24MM,Electrical,3,19.00,13.90,-5.10,-26.84,3,SUNWAY WINSTAR
CIMA-2822-66-96W,SET,Ceiling Light Ic Control,Lighting,4,89.90,95.00,5.10,5.67,4,CIMA
ELE-PEN-102/BK-E27,PCS,Pendant Lamp Black 102/BK,Lighting,4,86.90,92.00,5.10,5.87,4,CIMA
ELE-PEN-81218/3L-E27,PCS,Pendant Lamp Long Base 81218/3L,Lighting,5,59.90,65.00,5.10,8.51,5,CIMA
BAT-ENE-HD-AA4PCS,PCK,Eveready HD Aa 4PC,Electrical,45,12.00,6.90,-5.10,-42.50,44,HUA BAN
ELE-PEN-227/BK-E27,PCS,Pendant Lamp Black 227/BK,Lighting,3,59.90,65.00,5.10,8.51,3,CIMA
NET-SUN-3MX4M-90%,PCS,3M X 4M Sunshade Netting (90% Black),"Rope, Chain & Netting",5,53.90,48.80,-5.10,-9.46,5,REXER3
LOC-SEC-SHE-N40MM,PCS,Shenling Top Security Lock 40MM-NEW,Locks & Security,16,15.40,10.30,-5.10,-33.12,16,LI HARDWARE
BOS-2608-603-729,PCS,Diamond Blade For Tile,Abrasives & Cutting,4,33.90,28.80,-5.10,-15.04,4,CMW ENGINEERING
CIS-HAN-METAL-L/L-00531G,PCS,3GL Metal Cho-low Level System Handle,Doors & Hardware,12,19.90,14.80,-5.10,-25.63,12,DALMAX3
RAI-BOO-KRK-B39M,PAIR,Rainshoes - 39 (6) 6000BLK,Curtains & Blinds,32,20.90,15.80,-5.10,-24.40,32,MAJOR HARVEST3
SHE-CAB-CB476-BLK,PCS,Cabana Corner Shelf S/s Matt Blk,Housewares,7,92.90,98.00,5.10,5.49,7,SYNTALUN
ELE-PEN-81219/3L-E27,PCS,Pendant Lamp Long Base 81219/3L,Lighting,1,59.90,65.00,5.10,8.51,1,
BRO-MOP-350,PCS,No. 350 Mop Broom With Handle,Doors & Hardware,15,13.60,8.50,-5.10,-37.50,15,ING CHOON
SHE-CAB-CB474-BLK,PCS,Cabana Shelf L350 X W140 X,Housewares,6,92.90,98.00,5.10,5.49,6,SYNTALUN
AUT-POL-AUT-MET75ML,PCS,Autosol Metal,Other,18,19.90,14.80,-5.10,-25.63,17,BOON SENG
SWI-SOC-NNE-9499,PCS,NNE 9499 Metalclad Switch Socket 1GANG 13A,Electrical,30,33.90,28.80,-5.10,-15.04,29,YUAN MING
IND-WHE-TYR-PUPVC,PCS,13X3 Pu Wheel - PVC Rim,Building Materials,10,34.90,29.80,-5.10,-14.61,8,ING PING3
"PAI-IRO-12""",PCS,Iron Pail 12,Home Appliances,5,69.90,75.00,5.10,7.30,5,WEE TAT TRADING
LOC-SGD-APL-99-50MM3PC,SET,Armor Anti-cut Padlock APL-99-50MM KA-3PCS,Locks & Security,3,89.90,95.00,5.10,5.67,3,VERTEX
RAI-BOO-KRK-B42M,PAIR,Rainshoes - 42 (9) 6000BLK,Curtains & Blinds,13,20.90,15.80,-5.10,-24.40,13,MAJOR HARVEST3
RAI-BOO-KRK-B38M,PAIR,Rainshoes - 38 (5) 6000BLK,Curtains & Blinds,12,20.90,15.80,-5.10,-24.40,12,MAJOR HARVEST3
RAI-BOO-KRK-B43M,PAIR,Rainshoes - 43 (10) 6000BLK,Curtains & Blinds,12,20.90,15.80,-5.10,-24.40,11,MAJOR HARVEST3
SWI-SOC-ULT-M021MG,PCS,Ultra 16A 2 GANG 1 Way-matte Grey (M021MG),Electrical,37,19.30,14.20,-5.10,-26.42,37,TRISTAR
X-GUM-HAR-HA2000C,PCS,Silicon Hardex G/p Clear,Power Tools,6,13.60,8.50,-5.10,-37.50,6,KWONG TECK CHIONG
RAI-BOO-KRK-B40M,PAIR,Rainshoes - 40 (7) 6000BLK,Curtains & Blinds,11,20.90,15.80,-5.10,-24.40,11,MAJOR HARVEST3
"FAS-SCR-DRY-BLA-6#2""BOX",BOX,Hunter/bk - Drywall Screw 6 X2,Fasteners & Fixings,35,18.00,12.90,-5.10,-28.33,35,BENTON
CUT-KNI-LC390,PCS,Tajima Utility Knife,Hand Tools,7,23.90,18.80,-5.10,-21.34,7,BESMA3
X-HOO-CAB-CB8006-5,UNIT,Cabana 5 Robe Hook (satin),Power Tools,1,47.90,53.00,5.10,10.65,1,HUE HOME
"BRA-SHE-S/S-G785-06""",SET,G785 304 H/duty Shelf Bracket 6,Housewares,6,19.60,14.50,-5.10,-26.02,6,SYN JING LEE
ELE-PEN-81218/3-E27,PCS,81218/3 Pendant Lamp Round Base,Lighting,2,59.90,65.00,5.10,8.51,2,CIMA
FAS-BOL-EXP-TRAC130-M8X90X50,PCS,M8 X 90 X 50 Brain Hook Expansion Bolt,Fasteners & Fixings,22,12.40,7.30,-5.10,-41.13,22,KIM KONG
CYL-LOC-EPO-C101L-ORB,SET,Epo Cylindrical Lock (C101-L Orb),Locks & Security,2,44.90,39.80,-5.10,-11.36,2,HSIN NGIE
COV-HAR-SIC-JM-228,PCS,Sickle Harvesting Palm Oil PVC Cover 30,Outdoor & Garden,2,15.00,9.90,-5.10,-34.00,2,KIONG JOUNG3
SHH-REEL-TKEB4002S,PCS,"Torikumu Ebi U. Light (4'0"")(PRAWN ROD)(GUIDE7'S)",Fishing & Tackle,2,43.90,38.80,-5.10,-11.62,2,SINHENHUA
TOO-WRE-ADJMW2914,PCS,Mini Adjustable Wrench 200MM,Hand Tools,2,34.90,29.80,-5.10,-14.61,2,JUMBO
"FRA-STU-GI-10'X2""X1""",PCS,10 X 2 X 1 X 0.32MM GI Stud Frame,Building Materials,59,11.90,6.80,-5.10,-42.86,59,MENGTRA TRADING
BRO-HAN-NYL-9901,PCS,9901 Nylon Broom With Handle,Doors & Hardware,16,14.00,8.90,-5.10,-36.43,12,ING CHOON
ELE-KNI-BS-303192-BEND,PCS,Bosi (BS-303192) Electricain's Knife (bend),Electrical,6,23.90,18.80,-5.10,-21.34,6,HSIN NGIE
POL-HAR-NYL-JM444,PCS,Jayamata Harvesting Palm Oil Poles Clamping Bracket Clip,Other,2,24.90,19.80,-5.10,-20.48,2,KIONG JOUNG3
CUT-SAW-BAH-14INC,PCS,Bahco 30014 Tools Box Saw 14,Abrasives & Cutting,8,64.90,59.80,-5.10,-7.86,8,SYN JING LEE
"AIR-CHU-MAD-10""",PCS,Mada Tire Air,Automotive,1,46.90,41.80,-5.10,-10.87,1,BOON SENG
GUN-AAT555,PCS,Arrow Mini Powder Actuated Tool Set (rivet Gun),Fasteners & Fixings,23,59.90,65.00,5.10,8.51,23,CHIN LAI
SWI-T/SOC-GONGN-4G3M,PCS,Gongniu 4 GANG Trailing Surge Protector (E304T),Electrical,2,53.90,48.80,-5.10,-9.46,2,ECO ENTERPRISE3
IND-PLU-BOB-600G-PCK,PCS,600G Plumb Bobs (pack),Building Materials,3,19.90,14.80,-5.10,-25.63,3,TIE BROTHER3
CUT-FLA-TAI-A120100,PCS,Tailin Flap Discs A120,Abrasives & Cutting,2,13.30,8.20,-5.10,-38.35,2,FONG YUAN HUNG
PAI-SPR-REM-SWPR-400,CAN,400ML Starwill Paint Removal Spray,Paint & Sundries,5,19.60,14.50,-5.10,-26.02,5,ING PING3
"SNIP-A-ANT-TYP12""",PCS,12 England Type Tinman Snip Pride,Hand Tools,8,30.90,25.80,-5.10,-16.50,7,WHA WEE
RAI-BOO-KRK-B41M,PAIR,Rainshoes - 41 (8) 6000BLK,Curtains & Blinds,1,20.90,15.80,-5.10,-24.40,1,MAJOR HARVEST3
"DIG-CAL-6""-6158",PCS,Mii Digital Caliper 6,Hand Tools,2,89.90,95.00,5.10,5.67,2,JHT HARDWARE
CAR-WAX-LV-OIL,PCS,Luxewood Vitality Oil,Automotive,4,34.90,29.80,-5.10,-14.61,4,S LINE TECH
NAI-AIR-LEO-F15,BOX,S. H. Brad Nails - F15,Fasteners & Fixings,1,19.60,14.50,-5.10,-26.02,1,BOON SENG
APR-PRO-WCPA,SHT,600MM X 2050MM Worker Chemical Protective Apron,Safety & Workwear,3,20.90,15.80,-5.10,-24.40,3,CHIN LAI
SWI-CON-TBC-20A,PCS,Plasma Tbc 20A 10 Way Terminal Block,Electrical,3,22.90,17.80,-5.10,-22.27,3,ECO ENTERPRISE3
IND-CAS-SOF-50MM,SET,2 IN Sofa Type Caster Wheel,Building Materials,1,17.80,12.70,-5.10,-28.65,1,CHIONG SENG
FAN-WAL-KHI-FW1660TH,SET,16 Wall Fan,Fans & Ventilation,4,204.00,199.00,-5.00,-2.45,4,KHIND-MISTRAL
TAP-SAN-SWP-SS-304-106,PCS,Saniware Premier Kitchen Pillar Sink Tap SWP-SS-304-106,Kitchen & Sinks,1,104.00,109.00,5.00,4.81,1,VTC HARDWARE
FAN-CEI-DEKA-CF5DC56MB,UNIT,Deka Ceiling Fan F5 Dc~pro Matt Blk 56,Fans & Ventilation,8,194.00,189.00,-5.00,-2.58,6,DEKA
"EXH-FAN-KHI-08""-WHI-EF8001",SET,Khind 8 Exhaust Fan (off White),Fans & Ventilation,4,104.00,99.00,-5.00,-4.81,4,KHIND-MISTRAL
"EXH-FAN-KHI-10""-WHI-EF1001",SET,Khind 10 Exhaust Fan (off White),Fans & Ventilation,3,114.00,109.00,-5.00,-4.39,2,KHIND-MISTRAL
PSN-TK-CS10-WMA,PCS,Panasonic Water Purifier (white),Home Appliances,1,304.00,309.00,5.00,1.64,1,KIONG HUO
BOS-0601-375-6L0,UNIT,Gws 060 Angle Grinder,Power Tools,50,164.00,169.00,5.00,3.05,49,CMW ENGINEERING3
ELE-CAB-FLE-P40163CW-ROLL,ROLL,Taicon 40/016 X Flexible Cable,Electrical,22,134.00,129.00,-5.00,-3.73,22,ECO ENTERP
BAS-SAN-WB-206,PCS,Saniware Wall Hung Basin-above Counter Mounting (440X355X170MM),Bathroom,4,114.00,119.00,5.00,4.39,4,VTC HARDWARE
SHO-SOR-SRTSH22914-GM,PCS,Sorento Rain Shower Head,Bathroom,2,124.00,129.00,5.00,4.03,2,SYNTALUN
X-PSN-NI-25A1-BK1,PCS,Panasonic Non-stick 1.6KG Candy Blue Iron,Home Appliances,2,114.00,109.00,-5.00,-4.39,2,KIONG HUO
NIP-MAT-ULTRA-18L,DRUM,18L Nippon Matex Gold Ultra White,Paint & Sundries,9,214.00,219.00,5.00,2.34,9,PAINT MAR.
PAI-SPR-SAM-KP1,PCS,Samurai Spray Paint KP1 Putty Primer,Paint & Sundries,10,40.90,35.90,-5.00,-12.22,10,KIM KONG3
LOC-YALE-Y120-50-KA2,SET,Yale (key Alike) Boron Shackle Padlock Y120B-50-KA2,Lifting & Rigging,1,174.00,179.00,5.00,2.87,1,ADDWORTH3%
NIP-SEA-5200-05L,CAN,5L Nippon Vinilex 5200 Wall Sealer,Paint & Sundries,7,114.00,119.00,5.00,4.39,7,PAINT MAR.2
BOS-2608-578-160,PCS,Masonry Drill Bit 16MM X,Power Tool Accessories,9,22.90,17.90,-5.00,-21.83,9,CMW ENGINEERING
LOC-YALE-Y120-50-1,UNIT,Yale Boron Shackle Padlock,Lifting & Rigging,4,104.00,99.00,-5.00,-4.81,4,ADDWORTH3%
FAN-WAL-KHI-FW16JR,SET,Khind 16 Remote Control Wall Fan (light Grey),Fans & Ventilation,3,214.00,209.00,-5.00,-2.34,3,KHIND-MISTRAL
NIE-SOC-IMP-DEE-1/2-32MM,PCS,Nietz Deep Impact Socket (6PT) 50142032 32MM,Power Tools,2,54.90,49.90,-5.00,-9.11,2,SUNWAY WINSTAR
SWI-T/SOC-TAI-2G5M,PCS,Taicon 2G Trailing Socket (2050),Electrical,14,44.90,39.90,-5.00,-11.14,14,ECO ENTERPRISE3
TAP-SIN-SRTKT67SS-BL,PCS,Sorento Pillar Mounted Kitchen Cold Tap-matt Blk,Plumbing,2,304.00,309.00,5.00,1.64,2,SYNTALUN
BAS-SOR-SRT7016-GM,PCS,Sorento Basket (350X100X80MM)-GM,Housewares,2,104.00,99.00,-5.00,-4.81,2,SYNTALUN
FAN-CEI-PSN-FV-25TGU3-WT,PCS,Panasonic 10 Ventilating Fan Ceiling Mount,Fans & Ventilation,2,174.00,169.00,-5.00,-2.87,2,KIONG HUO
TOO-NIE-BIT-SCKT-1/2IN-T50,PCS,Nietz Drive Long Str Bit 50244150 T50,Power Tools,2,28.90,23.90,-5.00,-17.30,2,SUNWAY WINSTAR
"NIE-SOC-IMP-1/2""-22MM",PCS,Nietz Dr Impact Socket (6PT) 50140022 22MM,Power Tools,2,22.90,17.90,-5.00,-21.83,2,SUNWAY WINSTAR
BOS-BAT-2607-225-729,PCS,Battery Charge For 180,Electrical,3,114.00,119.00,5.00,4.39,3,CMW ENGINEERING
MIR-GLO-S-GLC2004A/B,PCS,(pill-black) Aluminium Framer Mirror,Bathroom,3,114.00,119.00,5.00,4.39,3,GLOREX
RIC-COO-MID-MRM18010BDG,PCS,Midea 1.8L Jartype Rice Cooker 700W,Home Appliances,3,114.00,109.00,-5.00,-4.39,3,MIDEA
SWI-T/SOC-TAI-3G5M,PCS,Taicon 3G Trailing Socket (3050),Electrical,7,47.90,42.90,-5.00,-10.44,7,ECO ENTERPRISE3
COC-BIB-SRTWT2214,PCS,Sorento Two Way Tap-chr,Plumbing,2,154.00,159.00,5.00,3.25,2,SYNTALUN
TAP-SIN-SRTKT1961SS-DIY,PCS,Sorento Pillar Mou Flex Kitchen Tap S/steel,Plumbing,2,154.00,159.00,5.00,3.25,2,SYNTALUN
BOS-2608-615-055,PCS,Diamond Cutting Blade Stone,Power Tools,22,29.90,24.90,-5.00,-16.72,22,CMW ENGINEERING
COC-SOR-SRTWT5827,UNIT,Sorento Flexible Pillar Mounted Kitchen,Plumbing,1,254.00,259.00,5.00,1.97,1,SYNTALUN
GUN-CAU-GT902,PCS,Glotool Caulking Gun 902R,Fasteners & Fixings,12,17.60,12.60,-5.00,-28.41,12,SONIC3
PAI-SPR-SAM-65,PCS,Samurai Spray Paint Natier Blue,Paint & Sundries,14,24.90,19.90,-5.00,-20.08,14,KIM KONG3
FAN-CEI-KDK-K14X2,SET,Kdk Ceiling Fan 56 Pbr,Fans & Ventilation,3,304.00,309.00,5.00,1.64,3,DYNAPOWE
BAT-STA-SCB12S,PCS,Battery 12V Max (10.8V) 1.5AH Stanley,Electrical,1,134.00,129.00,-5.00,-3.73,1,HUACHIAN ENGINEERING
BOS-2608-615-056,PCS,Diamond Cutting Blade Concrete,Power Tools,10,29.90,24.90,-5.00,-16.72,10,CMW ENGINEERING
BOS-0601-394-0L0,UNIT,Gws 750 Angle Grinder,Power Tools,1,294.00,299.00,5.00,1.70,1,CMW ENGINEERING3
BOS-2608-615-025,PCS,Diamond Cutting Blade Universal,Power Tools,9,29.90,24.90,-5.00,-16.72,9,CMW ENGINEERING
TOO-NIE-MAG-1.5LB-50521024,PCS,Nietz Flexible Shaft Magnetic Pick,Power Tools,8,33.90,28.90,-5.00,-14.75,8,SUNWAY WINSTAR
BOS-2608-680-291,PCS,Sds + Drill Bit S3 20 X 400/460MM,Power Tool Accessories,2,58.90,53.90,-5.00,-8.49,2,CMW ENGINEERING
FAN-CEI-KHI-BLK-CF615E,SET,B - 60 Ceiling Fan (3 IN 1) - Black,Fans & Ventilation,4,184.00,189.00,5.00,2.72,4,KHIND-MISTRAL
FAN-STA-PSN-F-MX405-BC,PCS,MX405-16 Stand Fan (purplish Blue),Fans & Ventilation,2,264.00,269.00,5.00,1.89,2,KIONG HUO
PRO-COAT-Z388-GRY-18KG,TIN,Procoat Z388 Grey 18KG,Paint & Sundries,1,314.00,319.00,5.00,1.59,0,WHA WEE
FAN-TAB-PSN-F-MN304-GR,PCS,MN304-12 Table Fan (grape Purple),Fans & Ventilation,3,174.00,179.00,5.00,2.87,3,KIONG HUO
BOS-SM9922,BTL,Sumo 2T Motor Oil (1.0 Liter),Automotive,13,35.90,30.90,-5.00,-13.93,13,CMW ENGINEERING
"FAN-VEN-KDK-20AWM8-8""",PCS,Kdk Ventilator FAN-8,Fans & Ventilation,3,154.00,149.00,-5.00,-3.25,3,SK HARDWARE
FAN-CEI-ALP-FV37,UNIT,Alpha Vannus VC3- 3B/52 LED Ceiling Fan - Matt Black,Fans & Ventilation,1,454.00,449.00,-5.00,-1.10,1,ALPHA3%
HOS-FLE-VIP-6618,PCS,Vip Double Buckle S/s Flexible Hose V-6618,Outdoor & Garden,7,37.90,32.90,-5.00,-13.19,7,KIM KONG3
"TOO-NIE-SOC-HAN-1/2""-22MM",PCS,Nietz Dr Chrome Socket (12PT)50043022 22MM,Electrical,4,17.90,12.90,-5.00,-27.93,4,SUNWAY WINSTAR
HOS-INL-PVC3.0M,PCS,Washing Machine Inlet Hose 3.0M,Outdoor & Garden,9,27.90,22.90,-5.00,-17.92,9,SYN JING LEE
SINK-TAP-DE116A-RP,PCS,Doe Cp Brs Wall Sink W/a. Line ABS Hdl,Kitchen & Sinks,3,124.00,119.00,-5.00,-4.03,3,SUNWAY WINSTAR
TOO-PLI-JOI-W508E,PCS,Slip Joint Pliers 200MM,Power Tools,10,19.80,14.80,-5.00,-25.25,10,JUMBO
GRA-CUT-GL4525,UNIT,Black+decker Strimmer,Outdoor & Garden,4,304.00,309.00,5.00,1.64,4,HUACHIAN3
BOS-0012,SET,Sumo 12PCS Router Bit Set (1/4 Shank),Power Tool Accessories,8,104.00,109.00,5.00,4.81,8,CMW ENGINEERING
"IND-TRO-KINTA-8""",UNIT,"King Kong H/d Two Wheel Hand Trolley- (8"")",Building Materials,2,234.00,239.00,5.00,2.14,2,KIM KONG3
TAP-PRE-TK-4856Q,PCS,Premio: Double Sink Wall Tap,Kitchen & Sinks,1,274.00,279.00,5.00,1.82,1,ADDWORTH3%
RIC-COO-MRM10010BDG,PCS,Midea 1.0L Jartype Rice Cooker 500W,Home Appliances,4,104.00,99.00,-5.00,-4.81,4,MIDEA
DC-DSM21-100,SET,4 Angle Grinder (900W) Slim Body,Power Tools,7,124.00,129.00,5.00,4.03,5,GL BOSUN3
ELE-LED-FLO-SOR-100W-6500K-ILS,PCS,Ilite Solar Spotlite ILS-100W 6500K,Electrical,4,264.00,259.00,-5.00,-1.89,2,TOP GAN
OVEN-DEKKA-OV25N,PCS,Dekka Electric Oven OD-25N,Home Appliances,1,204.00,199.00,-5.00,-2.45,1,HAN LIN
ELE-D/L-PHI-LED-9W/E27-YEL,PCS,Philips Essential 9W E27 LED Bulb 3000K,Lighting,9,20.90,15.90,-5.00,-23.92,9,CIMA
SEN-VAC-BRA-DCB35,PCS,Blimax Vacuum Diamond Brazed Core Bit,Home Appliances,2,89.90,84.90,-5.00,-5.56,2,BOON SENG
NIE-SOC-HAN-DEE-06P-1/2-19MM,PCS,Nietz Dr Deep Cr Socket (6PT) 50042019 19MM,Electrical,1,22.90,17.90,-5.00,-21.83,0,SUNWAY WINSTAR
ELE-CAB-WIR-ML-2.5MM-GRE,ROLL,ML PVC Cable Green,Electrical,5,134.00,129.00,-5.00,-3.73,5,MODERNVEST
PAI-HAN-CRI-4M,PCS,4M Cristin Telescope,Paint & Sundries,13,59.90,54.90,-5.00,-8.35,11,ING PING3
DUC-HOS-D-011,PCS,Alum Ducting Hose,Outdoor & Garden,4,94.90,89.90,-5.00,-5.27,4,SYN JING LEE
TAP-BASIN-I601B,PCS,Pillar Basin Tap Katana Wtc Tic,Bathroom,3,32.90,27.90,-5.00,-15.20,3,DALMAX3
GAR-HOE-CRO-2.5LB,PCS,Crocodile Hoe,Outdoor & Garden,12,26.90,21.90,-5.00,-18.59,10,WHA WEE
FAN-TAB-KDK-KB-304,PCS,Kdk Table Fan 12,Fans & Ventilation,5,164.00,169.00,5.00,3.05,5,DYNAPOWE
"FAS-SCR-CSK-1 1/2"" X 8G-BOX",BOX,Sr Csk Tapping Screw 1 1/2 X 8G (1000PCS/BOX),Fasteners & Fixings,3,124.00,119.00,-5.00,-4.03,3,SYARIKAT HUA KIONG3
ADH-GLU-PE175GM,SET,175GM E P Glue,Chemicals & Adhesives,10,27.90,22.90,-5.00,-17.92,10,ING PING3
GAS-STO-HM-HGB-1680,UNIT,Homa Plus Cast Iron Automatic Stove (21A)-1680,Home Appliances,6,114.00,109.00,-5.00,-4.39,6,L.F. WHOLESALER
DC-DSM09-100S,SET,Angle Grinder / DSM09-100S,Power Tools,2,114.00,119.00,5.00,4.39,2,GL BOSUN3
CUT-DIS-ARC06,PCS,Aracut Glass & Tile Grinding,Abrasives & Cutting,20,30.90,25.90,-5.00,-16.18,20,CRYSTAL TRIUMPH S/B
DOR-CLO-ELOY-E061,PCS,Leon Door CLOSER-L061,Doors & Hardware,4,51.90,46.90,-5.00,-9.63,4,BOON SENG
ELE-D/L-PHL-59466-RD-6500K,SET,59466 Meson 17 1200 150 Round 6500K,Electrical,38,42.90,37.90,-5.00,-11.66,34,CIMA
GAS-REG-GIM-9MM*,PCS,3/8 Gim Gas Regulator,Home Appliances,13,42.90,37.90,-5.00,-11.66,13,WHA WEE
LET-BOX-HW305A-0125,PCS,0125W Metal Letter Box (200X75X260MM) White,Doors & Hardware,3,64.90,69.90,5.00,7.70,2,KANSSAN
HOS-BLI-B5016,PCS,6FT Bliton H/pressure F/hose (silver),Outdoor & Garden,4,47.90,42.90,-5.00,-10.44,4,CRYSTAL TRIUMPH S/B
ELE-D/L-PHL-59467-SQ-4000K,SET,59467 Meson 17 1200 150 Square 4000K,Electrical,36,42.90,37.90,-5.00,-11.66,36,CIMA
TOO-PLI-PUMW5010,PCS,Water Pump Pliers 250MM,Pumps & Water,1,28.90,23.90,-5.00,-17.30,0,JUMBO
TOO-PLI-COMW406D150,PCS,Combination Pliers 150MM,Power Tools,9,19.90,14.90,-5.00,-25.13,8,JUMBO
GER-PLUG-BPM6A,PCS,Ngk 14 X 9.5 Sparkplug -BPM6A,Other,39,12.80,7.80,-5.00,-39.06,37,HOCK CHIONG LUNG
LOC-BCK-SSS-2PCS,PCS,Buick Keyalike 2PCS,Locks & Security,4,124.00,119.00,-5.00,-4.03,4,SUNWAY WINSTAR
SWI-T/SOC-1540B-5M1G,SET,1G Extension Socket Sp,Electrical,8,24.90,19.90,-5.00,-20.08,8,FULL-LITE
"FAS-SCR-CSK-1 1/4"" X 6G - BOX",BOX,Sr Csk Tapping Screw 1 1/4 X 6G (1000PCS/BOX),Fasteners & Fixings,3,64.90,69.90,5.00,7.70,3,SYARIKAT HUA KIONG3
ELE-D/L-PHL-59466-RD-4000K,SET,59466 Meson 17 1200 150 Round 4000K,Electrical,28,42.90,37.90,-5.00,-11.66,28,CIMA
LOC-ENT-EPO-H041/AC,SET,Epo Entrance Lock Set (H041/AC),Locks & Security,3,134.00,139.00,5.00,3.73,3,HSIN NGIE
LOC-COL-ZK505,SET,Safety Chrome Plated Padlock ZK-505,Safety & Workwear,4,94.90,89.90,-5.00,-5.27,3,KIM KONG3
"FAS-SCR-CSK-3/4"" X 6G - BOX",BOX,Sr Csk Tapping Screw 3/4 X 6G (1000PCS/BOX),Fasteners & Fixings,3,54.90,49.90,-5.00,-9.11,3,SYARIKAT HUA KIONG3
SCA-TCS-60-JCS67Z-60KG,PCS,Camry-price Computing Scale TCS-60-JCS67Z/60KG,Housewares,1,354.00,359.00,5.00,1.41,1,ZHONG YUAN3
GAR-CUT-SCIW4143A,PCS,Multi-functional SS Scissors 150MM,Outdoor & Garden,8,14.50,9.50,-5.00,-34.48,7,JUMBO
"SIN-STA-RAC-42""",SET,42 S/steel Sink Bracket,Kitchen & Sinks,2,164.00,169.00,5.00,3.05,2,WHA WEE
X-GUN-TAC-BC-R23,PCS,Rapid Stapler,Power Tools,1,114.00,119.00,5.00,4.39,1,BOON SENG
SWI-T/SOC-9822-2M2G,SET,2GL T/skt W/surge (sr) 9822/2M,Electrical,4,34.90,29.90,-5.00,-14.33,4,FULL-LITE
ELE-LED-FLO-SOR-25W-6500K,PCS,Ilite Solar Spotlite ILS-25W 6500K,Electrical,1,134.00,129.00,-5.00,-3.73,1,TOP GAN
SCP-PLA-EXT-5KG,CAN,5KG Scp Exterior Skim Plasta,Paint & Sundries,4,40.90,35.90,-5.00,-12.22,3,ING PING3
GAR-SHE-JM202,PCS,Jayamata Pruning Shear 7-1/2,Outdoor & Garden,4,22.90,17.90,-5.00,-21.83,4,KIONG JOUNG3
NAIL-TUFTING-TN-8225-BOX,BOX,U Clip Tufting Nail 25MM X 8.5MM (80PCS/BOX),Fasteners & Fixings,2,58.90,53.90,-5.00,-8.49,2,DALMAX3
LOC-ENT-EPO-H041/SC,SET,Epo Entrance Lock Set (H041/SC),Locks & Security,2,124.00,129.00,5.00,4.03,2,HSIN NGIE
JQB-JUMP-XPRESS-LITE,UNIT,Jqb Jump Starter Jumpxpress Lite,Power Tools,3,274.00,269.00,-5.00,-1.82,3,
PYE-JNT-COM-SUR-5KG,TIN,PYE Joint Compound Surface 5KG,Building Materials,13,27.90,22.90,-5.00,-17.92,12,BENTON3
TRIM-ZINC-YKA006,PCS,Zinc Alloy Trimmer Head,Building Materials,10,19.90,14.90,-5.00,-25.13,10,SYN JING LEE
"CUT-PAR-AK350-12""",PCS,Parang Atap 12,Abrasives & Cutting,9,21.90,16.90,-5.00,-22.83,8,SYN JING LEE
LOC-VIR-4115,PCS,Viro 4115 Cp Armoured Padlock,Locks & Security,1,194.00,189.00,-5.00,-2.58,1,SYN JING LEE
SWI-SOC-ELE-PTBK1000,PCS,1000MM Power Tracks (surface)-black (BK1000),Electrical,2,284.00,279.00,-5.00,-1.76,2,TRISTAR
SWI-SOC-ELE-PTGY1000,PCS,1000MM Power Tracks (surface)-grey (GY1000),Electrical,2,284.00,279.00,-5.00,-1.76,2,TRISTAR
CHA-BAT-MKX-BATTERY-15A-A,UNIT,Mark-x Battery Charger (15A-A)(15AMP),Electrical,3,184.00,189.00,5.00,2.72,3,MAJOR HARVE
DOR-PVC-OAK-M26-P,PCS,British Domain/link 31 X 82 PVC Folding Door,Doors & Hardware,5,144.00,149.00,5.00,3.47,5,MAJOR HARVE
GROUT-SEAL-703,CAN,Sikagard 703 Groutseal - 1LTR,Other,3,62.90,57.90,-5.00,-7.95,3,ALIKE HARDWARE3
HOS-FLE-LT8215-1.5M,PCS,Luxtec S/steel Flexsible Hose,Outdoor & Garden,3,21.90,16.90,-5.00,-22.83,3,VERTEX
GAR-SPR-20L-ALITOOL,PCS,Alitool Battery Sprayer,Electrical,3,174.00,169.00,-5.00,-2.87,3,ALIKE HARDWARE3
X-CAR-POLISH-PW,PCS,Pw Supercut Polish 4 IN 1,Power Tools,16,40.90,35.90,-5.00,-12.22,16,
"FAS-SCR-DRY-WHI-6#3/4""-BOX",BOX,Hunter/wh - Drywall Screw 6 X3/4,Fasteners & Fixings,27,17.90,12.90,-5.00,-27.93,27,BENTON
KGR-PAI-ROA-LIN-3104,TIN,5L Kangaroo Road Line Marking Paint-yel,Paint & Sundries,5,124.00,119.00,-5.00,-4.03,5,HIN HO LEE
ELE-LED-SOL-YB-K7672-60W,SET,Marviss 60W Outdoor Sensor Solar Light (K7672),Electrical,2,234.00,239.00,5.00,2.14,2,CIMA
IND-DUS-ALI-240L,UNIT,Aliclean HDPE Dustbin 240LTR,Plumbing,2,234.00,229.00,-5.00,-2.14,2,ALIKE HARDWARE3
SWI-SOC-ELE-PTGY800,PCS,800MM Power Tracks (surface)-grey (GY800),Electrical,2,234.00,229.00,-5.00,-2.14,2,TRISTAR
MEA-TAP-SUN-5.0M,PCS,Sunlon M. Tape 5.0M/16,Hand Tools,8,19.90,14.90,-5.00,-25.13,8,FONG YUAN HUNG
COC-BAL-2WAY-05417,PCS,Bc 14 2WAY Ball Cock,Plumbing,10,43.90,38.90,-5.00,-11.39,10,REXER3
COC-BAL-L908,PCS,Leon 1/2 Lockable Ballcock- L908,Plumbing,13,33.90,28.90,-5.00,-14.75,12,BOON SENG
GUN-T-9000,PCS,Ceiling Tufting Gun Big,Fasteners & Fixings,2,224.00,219.00,-5.00,-2.23,2,DALMAX3
FIR-EXT-ABC-2KG,NOS,2KG Abc Fire Extinguisher,Safety & Workwear,2,124.00,119.00,-5.00,-4.03,2,HUI SHEN
BRA-SHE-BRO-43080,PCS,Esb Shelf Bracket Brown,Housewares,6,20.90,15.90,-5.00,-23.92,6,REXER3
SAF-EAR-EM9003,PCS,Picasaf 9007 Ear Muffle (26DB),Safety & Workwear,4,30.90,25.90,-5.00,-16.18,4,SUNWAY WINSTAR
X-CAR-WAX-CG,PCS,Cg Crystal Wax 5 IN 1,Power Tools,11,40.90,35.90,-5.00,-12.22,11,S LINE TECH
BBQ-GRI-CN FYZ-28022A,SET,Enamel Portable Bbq Grill Set - 28022A,Outdoor & Garden,2,224.00,229.00,5.00,2.23,2,L.F. WHOLESALER
PUMP-SHADE,PCS,Marlino Pump Shade,Pumps & Water,3,144.00,139.00,-5.00,-3.47,3,CMW ENGINEERING
SHH-ROD-AGS562,PCS,"Hytac Avengers Rod (5'6"")",Fishing & Tackle,2,49.90,44.90,-5.00,-10.02,2,SINHENHUA
BRO-NYL-606,PCS,606 Wooden Nylon Drain Broom With Handle,Doors & Hardware,26,13.90,8.90,-5.00,-35.97,26,ING CHOON
ELE-LED-SOL-SF-1000W-6500K,PCS,Hermanns Solar Flood Light 65K,Electrical,1,234.00,229.00,-5.00,-2.14,1,TOP GAN
GAR-HOE-C0504,PCS,3D Spring Steel Hoe-d Hole Type,Outdoor & Garden,8,37.90,32.90,-5.00,-13.19,8,DALMAX3
SHH-REEL-TKEB3802S,PCS,"Torikumu Ebi U. Light (3'8"")(PRAWN Rod)",Fishing & Tackle,2,40.90,35.90,-5.00,-12.22,2,SINHENHUA
DRIL-COMB-BD42-16,SET,"Bossman 16PCS Combination Drill Set -metal, Wood, Masonry",Power Tools,6,47.90,52.90,5.00,10.44,6,CHIN LAI
SAF-SLI-GLO-2TON3M,LGTH,Webbing Sling (glolift) 50MM 2 Ton X 3M,Lifting & Rigging,5,25.90,20.90,-5.00,-19.31,4,
ELE-LED-FLO-SOR-60W-3CLR,PCS,Ilite Solar 3CLR,Electrical,1,214.00,219.00,5.00,2.34,1,TOP GAN
TAB-PLA-ROU-3'X3'-SWM2288,SET,3 Round Plastic Table,Housewares,5,154.00,149.00,-5.00,-3.25,5,L.F. WHOLESALER
TIM-NEM-MDT-269,PCS,Nem 13A 24H Mini Digital Timer,Electrical,3,64.90,59.90,-5.00,-7.70,3,FULL-LITE
ELE-D/L-PHI-3U-18W,EA,Philips 3U 18W Essential D/l,Electrical,76,26.90,21.90,-5.00,-18.59,75,CIMA
SAF-HEL-PRO-RED,PCS,Progruard Safety Helmet - Red,Safety & Workwear,5,21.90,16.90,-5.00,-22.83,5,SONIC3
NP-BAR-14501-5L,UNIT,5L Np Bintang Auto Refinish 14051 Chili Red,Other,3,224.00,219.00,-5.00,-2.23,3,
SWI-T/SOC-FLE-915-2M5G,SET,Fle T/skt Sp TC-5GL-240B 915-2M,Electrical,6,28.90,23.90,-5.00,-17.30,6,FULL-LITE
VAL-BAL-KK-K-201B/L,PCS,Kk Brand Brass Loose Key Tap,Plumbing,7,23.90,18.90,-5.00,-20.92,7,KIM KONG3
TAB-PLA-SQU-3'X3'-SWM2388,SET,3 X 3 Square Plastic Table,Housewares,3,184.00,179.00,-5.00,-2.72,3,L.F. WHOLESALER
TOO-ELE-STRW010A,PCS,W01A Wire Stripper Cutting 170MM,Electrical,4,36.90,31.90,-5.00,-13.55,4,JUMBO
TAP-CAB-CB1540SS,PCS,S/steel Pillar Mounted Kitchen Tap CB1540SS-BL,Plumbing,1,144.00,149.00,5.00,3.47,1,WEMA HOME PLT
AIR-DUS-LX03,PCS,AD04 Long PVC Air Duster,Automotive,3,15.90,10.90,-5.00,-31.45,3,SYN JING LEE
APR-NKS-MYTA-0001,PCS,Nks H/d Apron,Safety & Workwear,9,57.90,52.90,-5.00,-8.64,9,WEE TAT TRADING
GRA-SOR-SRT6642-BL,PCS,Anti Odour Floor Trap,Plumbing,1,124.00,129.00,5.00,4.03,1,SYNTALUN
HOS-GAR-SET-IHG-02,SET,Isano Water Hose Reel 12MM X 10M,Fishing & Tackle,2,224.00,229.00,5.00,2.23,2,CHIN LAI
BOX-POS-JN1015-1,PCS,Brass Letter Box (flower),Doors & Hardware,1,144.00,149.00,5.00,3.47,1,L.F. WHOLESALER
BRA-COR-B300,PCS,B300 1/2 Dn 15B Brass Core Parts,Plumbing,5,20.90,15.90,-5.00,-23.92,5,CRYSTAL TRIUMPH S/B
SHH-REEL-FS3000,PCS,Sealand Fighter Reel W/line,Fishing & Tackle,1,35.90,30.90,-5.00,-13.93,1,SINHENHUA
NAI-AIR-LEO-T45,BOX,Leo Air Nail - T45,Fasteners & Fixings,3,30.90,25.90,-5.00,-16.18,3,BOON SENG
SWI-SOC-ULT-M061W,PCS,Ultra 16A 1 GANG Doorbell Switch-white (M061W),Electrical,6,15.70,10.70,-5.00,-31.85,6,TRISTAR
TOO-PLI-RIV-STA-69646,PCS,"Riveter 3 NOSEPIECES-(1/8"",5/32"",3/16"")",Power Tools,2,59.90,54.90,-5.00,-8.35,2,YUNG KONG
SWI-T/BOX-504B,SET,Extension Box Sp PP100-540B,Electrical,3,26.90,21.90,-5.00,-18.59,3,FULL-LITE
MOP-CN-YA-8744,SET,Chenillie Rotatable Mop W/telescopic Poles 8744,Housewares,14,20.90,15.90,-5.00,-23.92,14,L.F. WHOLESALER
CLP-PVC06DGT,PCS,6 PVC Digital Caliper,Hand Tools,5,54.90,49.90,-5.00,-9.11,5,DALMAX3
SIN-BAS-VIP-NO.49,PCS,No. 49 Vip Brand Washbasin Waste (pop-up),Plumbing,2,36.90,31.90,-5.00,-13.55,0,KIM KONG3
NAI-AIR-LEO-T50,BOX,Leo Air Nail - T50,Fasteners & Fixings,2,31.90,26.90,-5.00,-15.67,2,BOON SENG
"DOR-FLU-SGD-2108""",PCS,8 Armor Flush Bolt,Fasteners & Fixings,2,30.90,25.90,-5.00,-16.18,2,VERTEX
DRI-UNI-26107(5),PCS,Br 6200 5MM Universal Drills (4 Flures),Power Tool Accessories,5,20.90,15.90,-5.00,-23.92,4,REXER3
HHD-CIS-HIGH-2.5G-M0635-WHI,SET,2.5G Plastic H/l Cistern Fitting- Techplas Elegen,Plumbing,12,54.90,49.90,-5.00,-9.11,11,ALIKE HARDWARE3
NAI-AIR-LEO-F30,BOX,Leo Air Nail - F30,Fasteners & Fixings,2,29.90,24.90,-5.00,-16.72,2,BOON SENG
MAS-COT-CHM,PCS,Cotton Head Mask,Other,13,14.90,9.90,-5.00,-33.56,13,BESMA3
WEL-HOL-BUT-600AMP,PCS,Butbro Welding Holder - 600 Amp,Welding,6,29.90,24.90,-5.00,-16.72,6,SONIC3
SCA-NAK-DOU-3100093,PCS,Nakuho-double Face Spring Scale (round Pan) 20KG,Housewares,1,164.00,159.00,-5.00,-3.05,1,ZHONG YUAN3
"ALUM-HOLLOW-2""X1""-4",PCS,2 X 1 Alum. Hollow Na - 4,Building Materials,5,31.90,26.90,-5.00,-15.67,5,KEE'S ALLUMINIUM
"ALUM-ROU-NA-20'X1.1/4""",PCS,Na X 20 X 1 1/4 Round Tube,Building Materials,2,79.90,74.90,-5.00,-6.26,2,YUNG HUAT
COC-BAL-VIP-318-SS12MM,PCS,S/s Handle Union Tap:vip 318 1/2,Plumbing,14,31.90,26.90,-5.00,-15.67,20,KWONG TECK CHIONG3
"ELE-D/L-222/6""-BK",PCS,Surface Downlite 222/6 Bk,Electrical,11,36.90,31.90,-5.00,-13.55,11,TOP GAN
"CUT-SAW-M'MAN-606#-20""",PCS,M'man Alloy Hand Saw 606 - 20,Abrasives & Cutting,5,24.90,19.90,-5.00,-20.08,5,JHT HARDWARE
"ELE-D/L-629/6""-ROU",PCS,Down Lite 629/6 Round - Wh+ww,Electrical,10,34.90,29.90,-5.00,-14.33,10,TOP GAN
GUN-TAC-ASG168,PCS,Arrow Heavy Duty Staple Gun,Fasteners & Fixings,5,69.90,64.90,-5.00,-7.15,5,CHIN LAI
TOO-VIC-TAB-60MM,PCS,2 1/2 Table Vice,Hand Tools,3,40.90,35.90,-5.00,-12.22,3,TIE BROTHER3
TOO-PLI-DIA-STA-150,PCS,6 Diagonal Cutting Plier,Hand Tools,3,38.90,33.90,-5.00,-12.85,3,YUNG KONG
PEN-108-4L,PAIL,Pentens Latex 108 - 4L,Housewares,4,27.90,22.90,-5.00,-17.92,4,LIKTHYE HARDWARE3
TOO-VIC-TAB-50MM,PCS,2 Table Vice,Hand Tools,3,36.90,31.90,-5.00,-13.55,3,TIE BROTHER3
SWI-PLU-MK-646-13A,PCS,Mk 646 13A Plug Top,Electrical,10,28.90,23.90,-5.00,-17.30,7,SEBD3
TAP-OTO-NUM-LOC,PCS,Otosani 304 Numbering Lock Bib Tap,Plumbing,6,46.90,41.90,-5.00,-10.66,6,CHUAN HONG
TOO-WRE-ADJ-STA-STMT87432-8,PCS,8 Adjustable Wrench,Hand Tools,2,44.90,39.90,-5.00,-11.14,2,YUNG KONG
SMR-TCT-HOL-SAW-16MM,PCS,Smr Tct Holesaw 16MM,Power Tool Accessories,2,19.90,14.90,-5.00,-25.13,2,SYN JING LEE
AIR-DUSTER-MN10-00153L,PCS,Mn 10 Aluminium Air Duster 00153L,Automotive,4,20.90,15.90,-5.00,-23.92,4,DALMAX3
CAR-MET-CRYST-WAX-200ML,PCS,Aa Metallic Crystal Wax 200ML,Automotive,3,27.90,22.90,-5.00,-17.92,3,AVEREST
"FIT-UPVC-SOC-6""",PCS,U-pvc Socket 160MM 6,Electrical,10,22.90,17.90,-5.00,-21.83,10,KIONG SING
SHH-NYL-NET-10,PCS,Automatic Nylon Fishing Mesh Net 10 Hole,Fishing & Tackle,2,36.90,31.90,-5.00,-13.55,2,SINHENHUA
TOO-CRO-RIM-17192123,PCS,Cross Rim Wrench 17 X 19 X 21 X 23,Hand Tools,3,22.90,27.90,5.00,21.83,3,SONIC3
WEL-NOZ-BOC-P1/32,PCS,Boc Cutting Nozzle - 1/32 (pnme),Power Tool Accessories,12,16.50,11.50,-5.00,-30.30,9,SONIC3
DOR-INS-KIT-26095(5),SET,Br 4009 5PCS Lockset Installation Kit,Doors & Hardware,1,20.90,15.90,-5.00,-23.92,1,REXER3
TOO-CUT-BOL-STA-992014324,PCS,"24""/609MM Bolt Cutter",Fasteners & Fixings,1,174.00,179.00,5.00,2.87,1,YUNG KONG
IND-PLU-BOB-1000G,PCS,1000G Plumb Bobs,Building Materials,3,19.20,14.20,-5.00,-26.04,3,ING PING3
"IND-CAS-WHE-8X1""",PCS,Solid Rubber Wheel 8 X 1,Building Materials,3,18.90,13.90,-5.00,-26.46,3,SONIC3
SCA-KIT-3KG,PCS,3KG Kitchen Scale,Housewares,2,27.90,22.90,-5.00,-17.92,2,TIE BROTHER3
FIT-UPVC-TEE-W/D-82MM,PCS,"U-pvc Tee W/door 3""(82MM)",Plumbing,6,24.90,19.90,-5.00,-20.08,6,KIONG SING
SWI-PLK-3G1W-5031,PCS,Plk 5031 10A 3G 1W Switch SIRIM,Electrical,6,21.90,16.90,-5.00,-22.83,6,FULL-LITE
"ELE-D/L-222/6""-WH",PCS,Surface Downlite 222/6 Wh,Electrical,3,36.90,31.90,-5.00,-13.55,3,TOP GAN
GUN-CAU-ORANGE,PCS,Orange Caulking Gun Double,Fasteners & Fixings,6,16.50,11.50,-5.00,-30.30,6,WHA WEE
"DRI-AUG-BIT-1""X200",PCS,1 X 200 Star-m Auger Bit (b),Power Tool Accessories,3,28.90,23.90,-5.00,-17.30,3,WHA WEE
"DRI-AUG-BIT-7/8""X200",PCS,7/8 X 200 Star-m Auger Bit (b),Power Tool Accessories,3,25.90,20.90,-5.00,-19.31,3,WHA WEE
ELE-BOX-MCB-10WAY,PCS,Tc 10 Way Mcb Box,Electrical,3,24.90,19.90,-5.00,-20.08,3,SEBD3
"ELE-D/L-629/6""-ROU-BLU",PCS,Down Lite 629/6 Round - Wh+bl,Electrical,2,34.90,29.90,-5.00,-14.33,2,TOP GAN
ELE-BOX-MCB-14WAY,PCS,Tc 14 Way-n Mcb Box,Electrical,2,32.90,27.90,-5.00,-15.20,2,SEBD3
JUG-KHI-KET-EK5813,SET,Khind 1.7L Jug Kettle (white),Home Appliances,4,63.90,59.00,-4.90,-7.67,4,KHIND-MISTRAL
NIP-MAT-ULTRA-5L,DRUM,5L Nippon Matex Gold Ultra White,Paint & Sundries,12,83.90,79.00,-4.90,-5.84,12,PAINT MAR.
"FIT-BUT-STR-FEM-SWI-25MMX1/2""",PCS,Buteline 25MMX1/2 PE Straight Female Swivel,Fishing & Tackle,57,13.10,8.20,-4.90,-37.40,55,HUA BAN
BAS-SOR-SRTBK7003-HP,PCS,Sorento S/s Basket Satin - SRTBK7003-HP,Housewares,5,86.90,82.00,-4.90,-5.64,5,SYNTALUN
BAS-SOR-SRTBK7004-HP,PCS,Sorento S/s Basket Satin - SRTBK7004-HP,Housewares,5,86.90,82.00,-4.90,-5.64,5,SYNTALUN
BOS-2610-391-290,SET,"Carbon Brush Gsb 10RE, 13RE & 16RE",Power Tools,4,33.90,29.00,-4.90,-14.45,4,CMW ENGINEERING
BAS-SOR-SRT7015-BL,PCS,Sorento Basket (350X100X80MM)-BL,Housewares,2,93.90,89.00,-4.90,-5.22,2,SYNTALUN
NIP-SEA-5170-1L,CAN,1L Nippon Acrylic 5170 Wall Sealer,Paint & Sundries,3,59.90,55.00,-4.90,-8.18,3,PAINT MAR.
PAI-SPR-SAM-004,PCS,Samurai Spray Paint 4 Grey,Paint & Sundries,18,18.80,13.90,-4.90,-26.06,18,KIM KONG3
GRA-SOR-SRT382-6,PCS,Sorento Washing Machine Floor Trap,Plumbing,3,47.90,43.00,-4.90,-10.23,3,SYNTALUN
NIETZ-MOU-FLA-WHE-57121100,PCS,Nietz Mounted Flap Wheel 57121100,Abrasives & Cutting,2,17.40,12.50,-4.90,-28.16,2,SUNWAY WINSTAR
BOS-1619-PC1-798,PCS,Mixer Attachment Grw 140,Power Tools,2,89.90,85.00,-4.90,-5.45,2,CMW ENGINEERING
VAL-SOR-SRTWT808,PCS,Sorento Angle Valve Blue S/steel Chrome,Plumbing,2,36.90,32.00,-4.90,-13.28,2,SYNTALUN
"TOO-NIE-SOC-HAN-1/2""-21MM",PCS,Nietz Dr Chrome Socket (12PT)50043021 21MM,Electrical,3,17.40,12.50,-4.90,-28.16,3,SUNWAY WINSTAR
VAL-SOR-SRTWT908SS-GM,PCS,Sorento S/steel Angle Valve-gm,Plumbing,1,47.90,43.00,-4.90,-10.23,1,SYNTALUN
GUM-HAR-RS800,PCS,Bonding Nail Hardex,Fasteners & Fixings,45,15.40,10.50,-4.90,-31.82,111,KWONG TECK CHIONG
BOS-2609-120-398,SET,Carbon Brush Gho 6500,Power Tools,1,33.90,29.00,-4.90,-14.45,1,CMW ENGINEERING
ELE-LED-FLO-50W-6500K,PCS,LED Flood Light,Lighting,1,83.90,79.00,-4.90,-5.84,1,TOP GAN
GAR-HOE-CRO-2.0LB,PCS,2LB Chillington Crocodile Hoe,Outdoor & Garden,5,49.90,45.00,-4.90,-9.82,5,KWONG TECK CHIONG3
"TOO-LEV-SPE-3801X18""",PCS,Speed L/duty Flat Water Level - 3801X18,Power Tools,11,19.80,14.90,-4.90,-24.75,11,JHT HARDWARE
NP-BAR-BS1094-1L,TIN,1L Bintang Automotive Refinish 033 White (premixed),Automotive,7,53.90,49.00,-4.90,-9.09,3,
BAS-CAB-CKS332BK,UNIT,Cabana Basket (430X260),Housewares,3,91.90,87.00,-4.90,-5.33,3,HUE HOME
ELE-PEN-81219/3-E27,PCS,81219/3 Pendant Lamp Round Base,Lighting,4,69.90,65.00,-4.90,-7.01,4,CIMA
"FAS-SCR-DRY-BLA-6#3/4""-BOX",BOX,Hunter/bk - Drywall Screw 6 X3/4,Fasteners & Fixings,39,17.80,12.90,-4.90,-27.53,38,BENTON
NP-BAR-333-1L,UNIT,1L Bintang Automotive Refinish Stm Special Blue (standard),Automotive,4,53.90,49.00,-4.90,-9.09,4,
HEX-BUL-POI-15083(P),PCS,Br 1022 Hex Bull Pointed,Other,9,19.80,14.90,-4.90,-24.75,8,REXER3
SWI-ADA-MS-R25,PCS,Morries Travel Adaptor With 2USB & 2 Type C,Electrical,6,83.90,79.00,-4.90,-5.84,6,YUAN MING
KGR-OXI-WOO-5L,TIN,5L 806 Dark Brown Wood Preser Vative (stove Brand),Home Appliances,3,54.90,59.80,4.90,8.93,3,ING PING3
INS-FWF04-SC,NOS,Seat & Cover,Other,1,99.90,95.00,-4.90,-4.90,1,IN CERAMICS SDN. BHD
SHH-REEL-HS5000,PCS,Hytac Hyperstone Reel,Fishing & Tackle,1,97.90,93.00,-4.90,-5.01,1,SINHENHUA
TAP-CAB-CB1518SS,PCS,Cabana S/s Pillar Mounted Kitchen Tap -CB1518SS,Plumbing,3,79.90,75.00,-4.90,-6.13,3,SYNTALUN
NP-BAR-999-1L,UNIT,1L Bintang Automotive Refinish 999 White (basic),Automotive,15,53.90,49.00,-4.90,-9.09,14,
SHH-REEL-4400,PCS,Baitcasting Reel 19+1BB (left) Plastic PVC,Fishing & Tackle,1,72.90,68.00,-4.90,-6.72,1,SINHENHUA
BAT-MKX-2026,PCS,Part : Battery (square),Electrical,3,53.90,49.00,-4.90,-9.09,3,MAJOR HARVE
TAP-CAB-CB2805A,PCS,Cabana Hose Bib Tap CB2805A,Plumbing,3,53.90,49.00,-4.90,-9.09,3,SYNTALUN
TAP-CAB-CB2806A,PCS,Cabana Bib Tap CB2806A,Plumbing,3,53.90,49.00,-4.90,-9.09,3,SYNTALUN
HOS-CON-ADA-ECO4056,PCS,Ecogreen- Flat Nose Tap Adaptor / 1/2,Electrical,11,13.80,8.90,-4.90,-35.51,11,ZHONG YUAN3
ROP-NYL-3MM,COIL,3.0MM Nylon String,"Rope, Chain & Netting",5,17.60,12.70,-4.90,-27.84,5,TIE BROTHER3
CUT-PIP-PVC-35MM,PCS,Arrow 35MM PVC Pipe Cutter,Plumbing,12,19.80,14.90,-4.90,-24.75,10,CHIN LAI
TOO-COM-IRO-BUL-22MM,PCS,22MM Iron Bull Spanner,Hand Tools,4,19.80,14.90,-4.90,-24.75,3,KIM KONG3
TAP-CAB-CB5105A,UNIT,Cabana Hose Bib Tap CB5105A,Plumbing,2,64.90,60.00,-4.90,-7.55,2,HUE HOME
X-FLO-MOC-AHCA150105,PCS,Glass Mosaic 30 X 30CM AHCA150105,Building Materials,1,43.90,39.00,-4.90,-11.16,1,BRAVO-LINE
NAI-FEL-SUP-38MM,KG,E. G Felt Nail 38MM 1 KGS,Fasteners & Fixings,15,14.10,9.20,-4.90,-34.75,13,SONIC
IND-PLU-BOB-500G-PCK,PCS,500G Plumb Bobs (pack),Building Materials,4,17.80,12.90,-4.90,-27.53,4,TIE BROTHER3
IND-FIL-BLA-3KG,ROLL,Strecth Film Black Film 3040,Building Materials,7,59.90,55.00,-4.90,-8.18,7,SUNWAY WINSTAR
FRA-STU-GI-8',PCS,8 X 3 X 1 X 0.32MM GI Stud Frame,Building Materials,28,11.40,6.50,-4.90,-42.98,28,MENGTRA TRADING
CHI-15105-50,PCS,Sds Max Shank Spade Chisel 18X280X50MM,Power Tool Accessories,4,19.80,14.90,-4.90,-24.75,4,REXER3
"MAX-CRV-CAB-CUTTER-24""",PCS,Blimax Bolt Cutter - BBC600/24,Fasteners & Fixings,1,79.90,75.00,-4.90,-6.13,1,BOON SENG
SAF-SLI-GLO-1TON2M,LGTH,Webbing Sling (glolift) 25MM 1 Ton X 2M,Lifting & Rigging,3,15.20,10.30,-4.90,-32.24,1,
JAC-STA-CNN-3TON,PAIR,China Jack Stand - 3 Ton,Automotive,3,89.90,85.00,-4.90,-5.45,3,SONIC3
PLA-BAG-RUB-BLA-1822,PKT,18 X 22 X 0.035 X 1KG HD Black (plastic Rubbish),Packaging,17,13.80,8.90,-4.90,-35.51,17,SA GENERAL PLASTIC
DRI-CER-BLI-12MM(+),PCS,Blimax Multi Ceramic Cross Drill Bit - 12MM (+),Power Tool Accessories,5,19.90,15.00,-4.90,-24.62,5,BOON SENG
NP-BAR-427-1L,TIN,1L Bintang Automotive Refinish 427 Deep Green,Automotive,4,53.90,49.00,-4.90,-9.09,10,
SHH-FROG-3591011,PCS,3591011 Santec Flott Hopp 45MM 7G (mix Color),Fishing & Tackle,10,19.80,14.90,-4.90,-24.75,10,SINHENHUA
BLI-HSS-HOL-SAW-13MM,PCS,Navato Hole Saw Cutter 13MM,Power Tool Accessories,5,15.80,10.90,-4.90,-31.01,5,BOON SENG
"IND-CAS-WHE-8X3/4""",PCS,Solid Rubber Wheel 8 X 3/4,Building Materials,6,17.80,12.90,-4.90,-27.53,6,SONIC3
FIT-PVC-CON-50MM,PCS,PVC Fitting Tank Connector 50MM 2,Plumbing,16,13.90,9.00,-4.90,-35.25,16,KIONG SING
CHA-SAW-CHA-IETO,PCS,Chain Saw (chain),"Rope, Chain & Netting",2,32.90,28.00,-4.90,-14.89,2,WHA WEE
DOR-PAD-KTSS200,SET,8 King Top S/steel Surface Bolt,Fasteners & Fixings,10,14.80,9.90,-4.90,-33.11,10,LI HARDWARE
IND-CAS-NYL-38MM,SET,1 1/2 IN White Nylon Caster Wheel,Building Materials,2,18.80,13.90,-4.90,-26.06,2,CHIONG SENG
DOR-PAD-KTAC150,SET,6 King Top A/c Surface Bolt,Fasteners & Fixings,6,15.10,10.20,-4.90,-32.45,6,LI HARDWARE
"DRI-AUG-SDS-1/4""",PCS,1/4 Sds Plus Auger Bit,Power Tool Accessories,5,14.80,9.90,-4.90,-33.11,5,DALMAX3
"SHH-CAGE-2RING-12""-2",PCS,"2 Ring Cages 12 (210/5 X 12"")",Fishing & Tackle,1,19.40,14.50,-4.90,-25.26,1,SINHENHUA
NIP-WTRB-1L-A,CAN,1L Nippon Weatherbond Quartz Accent Base,Paint & Sundries,5,69.90,65.10,-4.80,-6.87,2,PAINT MAR.2
BOS-2608-578-121,PCS,Masonry Drill Bit 10MM X,Power Tool Accessories,9,13.90,9.10,-4.80,-34.53,9,CMW ENGINEERING
NIETZ-MOU-FLA-WHE-57121120,PCS,Nietz Mounted Flap Wheel 57121120,Abrasives & Cutting,6,17.30,12.50,-4.80,-27.75,6,SUNWAY WINSTAR
SWI-PLU-ADA-DLX,PCS,Taicon 13A 3WAY Adaptor-sr (TC540N),Electrical,14,17.30,12.50,-4.80,-27.75,14,ECO ENTERPRISE3
GUM-HAR-850,SET,Silicone Hardex Clear,Chemicals & Adhesives,15,13.90,9.10,-4.80,-34.53,27,KWONG TECK CHIONG
BAT-ENE-SHD-D2PCS,PCK,Eveready Shd D 2 Pc,Electrical,56,12.00,7.20,-4.80,-40.00,56,HUA BAN
HHD-STO-TIG-150MM,PCS,6 Sharping Stone (b),Bathroom,11,14.30,9.50,-4.80,-33.57,9,WHA WEE
KOYA-GLU-5508,PCS,Koya White Glue - 500ML (P-5508),Chemicals & Adhesives,25,18.70,13.90,-4.80,-25.67,24,HSIN NGIE
CHE-LUB-HD4D-200ML,TIN,4D Penetrant/lubricant Spray :,Chemicals & Adhesives,23,12.70,7.90,-4.80,-37.80,20,KWONG TECK CHIONG3
BRO-MOP-300,PCS,No. 300 Mop Broom With Handle,Doors & Hardware,13,12.70,7.90,-4.80,-37.80,13,ING CHOON
"FAS-SCR-DRY-BLA-6#1-1/4""BOX",BOX,Moon Arrow/bk - Drywall Screw 6,Fasteners & Fixings,23,17.70,12.90,-4.80,-27.12,22,BENTON
BRO-SBSJ001,PCS,Broom - SBSJ001,Housewares,9,14.30,9.50,-4.80,-33.57,9,CHUNS TRADING
CUT-GRI-W2451-180,PCS,Grinding Wheel,Abrasives & Cutting,9,12.80,8.00,-4.80,-37.50,9,JUMBO
CUT-SCI-JM-317,PCS,Jayamata Scissor Multi-purpose 7.7,Abrasives & Cutting,8,14.00,9.20,-4.80,-34.29,8,KIONG JOUNG3
CAR-WAS-SNOW-500ML,PCS,Aa Care Care Snow Wash (premium) 500ML,Automotive,10,14.70,9.90,-4.80,-32.65,10,AVEREST
CHA-FIR-STARTER-NT-20708,BOX,Cock Brand Fire Starter (1020010),Outdoor & Garden,15,14.70,9.90,-4.80,-32.65,15,L.F. WHOLESALER
SWI-SOC-ULT-M061MG,PCS,Ultra 16A 1 GANG Doorbell Swi-mat Grey (M061MG),Electrical,8,19.90,15.10,-4.80,-24.12,8,TRISTAR
ELE-GRW-63A1PMCB,EA,Grow 63A 1P Mcb,Electrical,20,12.70,7.90,-4.80,-37.80,20,SEBD3
ELE-GRW-40A1PMCB,EA,Grow 40A 1P Mcb,Electrical,16,12.70,7.90,-4.80,-37.80,16,SEBD3
PLA-BAG-40X48X1KG,PKT,40 X 48 X 0.06 X 1KG PE (black),Packaging,29,13.70,8.90,-4.80,-35.04,55,SA GENERAL PLASTIC
PIP-EXT-M255,PCS,M255 Pipe Extractor 1/2,Plumbing,6,15.70,10.90,-4.80,-30.57,6,SYN JING LEE
OIL-FUN-7012,PCS,12 Funnel,Housewares,4,15.10,10.30,-4.80,-31.79,4,ING CHOON
PIP-PVC-WHI-LAT-25M125M,LTH,1 X 5 Latrine Pipe (1 X 50 Lth),Plumbing,5,15.30,10.50,-4.80,-31.37,5,HUA BAN
VAL-ANG-CVL-6763,PCS,Cavallo 6763 Angle Valve,Plumbing,2,20.00,15.20,-4.80,-24.00,1,SYN JING LEE
LAM-TUN-9174-GRE,PCS,Tungsram 150W Green,Lighting,13,6.60,11.32,4.72,71.52,13,GOLDEN DAY
PAI-SPR-SAM-029,PCS,Samurai Spray Paint 29 Flat Black,Paint & Sundries,24,18.60,13.90,-4.70,-25.27,24,KIM KONG3
NIE-SOC-HAN-DEE-06P-1/2-20MM,PCS,Nietz Dr Deep Cr Socket (6PT) 50042020 20MM,Electrical,4,23.90,19.20,-4.70,-19.67,4,SUNWAY WINSTAR
NIE-SOC-HAN-DEE-12P-1/2-10MM,PCS,Nietz Dr Deep Cr Socket (12PT) 50045010 10MM,Electrical,2,20.90,16.20,-4.70,-22.49,2,SUNWAY WINSTAR
BOS-2608-680-281,PCS,Sds + Drill Bit S3 14 X 100/160MM,Power Tool Accessories,2,19.90,15.20,-4.70,-23.62,2,CMW ENGINEERING
BOS-2608-900-571,PCS,Hex 9 Multi Purpose D/bit 5 X 50 X 100MM,Power Tools,3,17.90,13.20,-4.70,-26.26,3,CMW ENGINEERING
CHE-LUB-HD4D-400ML,TIN,4D Penetrant/lubricant Spray: HD440/400ML,Chemicals & Adhesives,22,17.60,12.90,-4.70,-26.70,63,KWONG TECK CHIONG3
GAR-SPR-P17-PI808,PCS,PI7 Garden Sprayer - Pi 808,Outdoor & Garden,12,20.90,16.20,-4.70,-22.49,11,BOON SENG
TOO-DRV-STA-6.5X125MM-9960651920,PCS,"Cushion Grip S/dr Std - (1/4""X5"")",Power Tools,14,17.30,12.60,-4.70,-27.17,14,YUNG KONG
GRA-SSS-304-150MM,PCS,6-412 Vip St. Steel (304) Double Grating 6 X 6,Outdoor & Garden,89,14.60,9.90,-4.70,-32.19,89,KIM KONG3
HAT-STR-CM042,PCS,42CM Straw Hat,Other,17,14.30,9.60,-4.70,-32.87,17,CHUNS TRADING
"BRA-SHE-YG782-08""",PAIR,White H/duty Shelf Bracket 8,Housewares,7,15.20,10.50,-4.70,-30.92,7,SYN JING LEE
RIG-HOO-ALL-2TON,PCS,Alloy Hook 2.0TON,Lifting & Rigging,4,17.60,12.90,-4.70,-26.70,3,SONIC3
NAI-FEL-SUP-18MM,KG,E. G Felt Nail 18MM 1 KGS,Fasteners & Fixings,21,13.90,9.20,-4.70,-33.81,21,SONIC
BAT-ENE-MAX-AAA2PCS,PCK,En Max Aaa 2 Pc,Electrical,18,14.40,9.70,-4.70,-32.64,18,HUA BAN
SWI-POL-2GANG-1WAY,PCS,Pol 2GANG 1WAY Switch Socket,Electrical,5,14.60,9.90,-4.70,-32.19,5,ECO ENTERPRISE3
HOL-SAW-DXHS3624-6PCS,SET,D'xin (DX-HS-3624) Hole Saw 6PCS,Power Tool Accessories,3,21.90,17.20,-4.70,-21.46,3,HSIN NGIE
PUM-HAN-DP-145,PCS,Korea Acid Hand Pump -4 Gal,Pumps & Water,3,18.90,14.20,-4.70,-24.87,3,BESMA3
BNW-B&N-ORI-12100,KGS,Mild Steel Bolt & Nut 1/2 X 4,Fasteners & Fixings,12,14.20,9.50,-4.70,-33.10,11.95,SONIC3
DOR-PAD-KTAC125,PCS,5 King Top A/c Surface Bolt,Fasteners & Fixings,9,12.60,7.90,-4.70,-37.30,9,LI HARDWARE
CHA-GAL-8MM,KGS,Galv Short Link Chain 5/16,"Rope, Chain & Netting",2,16.60,11.90,-4.70,-28.31,2.36,SONIC3
ELE-D/L-MEG-YTP45B1-15W-3000K,PCS,Megaman LED Stick Bulb Plc YTP45B1 15W/3000K,Lighting,24,20.90,16.30,-4.60,-22.01,24,FULL-LITE
ELE-D/L-MEG-YTP45B1-15W-4000K,PCS,Megaman LED Stick Bulb Plc YTP45B1 15W/4000K,Lighting,20,20.90,16.30,-4.60,-22.01,20,FULL-LITE
"FIT-BUT-ELB-FEM-SWI-25MMX1/2""",PCS,Buteline 25MMX1/2 PE Elbow Female Swivel,Fishing & Tackle,113,13.10,8.50,-4.60,-35.11,112,HUA BAN
"NIE-SOC-IMP-1/2""-21MM",PCS,Nietz Dr Impact Socket (6PT) 50140021 21MM,Power Tools,4,20.90,16.30,-4.60,-22.01,4,SUNWAY WINSTAR
NIETZ-MOU-FLA-WHE-57131120,PCS,Nietz Mounted Flap Wheel 57131120,Abrasives & Cutting,6,13.50,8.90,-4.60,-34.07,6,SUNWAY WINSTAR
TOO-NIE-SOC-COU-600SHA,PCS,Nietz High Flow Quick Coupler Socket 50862602,Electrical,2,104.00,99.40,-4.60,-4.42,2,SUNWAY WINSTAR
HHD-STO-JYMT-JM400B,PCS,Jayamata Sharpening Stone Tapping Knife 8 X 1-3/4,Bathroom,9,16.50,11.90,-4.60,-27.88,8,KIONG JOUNG3
GUM-HAR-650,SET,Red Silicone Hardex,Chemicals & Adhesives,30,13.30,8.70,-4.60,-34.59,30,KWONG TECK CHIONG
NIE-SOC-HAN-DEE-12P-1/2-21MM,PCS,Nietz Dr Deep Cr Socket (12PT) 50045021 21MM,Electrical,3,23.90,19.30,-4.60,-19.25,3,SUNWAY WINSTAR
BOS-2608-633-528,PCS,Jigsaw Blade T234X,Power Tool Accessories,3,16.80,12.20,-4.60,-27.38,3,CMW ENGINEERING
TOO-NIE-ALL-KEY-08MM,PCS,Nietz E/long Ball Point Satin Wrch 53252080 8MM,Power Tools,5,17.50,12.90,-4.60,-26.29,5,SUNWAY WINSTAR
NIE-SOC-HAN-DEE-06P-1/2-21MM,PCS,Nietz Dr Deep Cr Socket (6PT) 50042021 21MM,Electrical,1,23.90,19.30,-4.60,-19.25,1,SUNWAY WINSTAR
NIE-SOC-HAN-DEE-12P-1/2-19MM,PCS,Nietz Dr Deep Cr Socket (12PT) 50045019 19MM,Electrical,1,22.90,18.30,-4.60,-20.09,0,SUNWAY WINSTAR
"GRA-CUT-LIN-TEETH-12""",PCS,"Trimmer Line (12"")-TEETH",Outdoor & Garden,21,19.90,15.30,-4.60,-23.12,20,SYN JING LEE
"TOO-HOL-MAG-VESIC-4""",PCS,4 Bossman Magnetic Weld Holder (50-LBS),Power Tools,14,18.30,22.90,4.60,25.14,14,CHIN LAI
"TOO-LEV-SPE-3801X12""",PCS,Speed L/duty Flat Water Level - 3801X12,Power Tools,9,18.40,13.80,-4.60,-25.00,9,JHT HARDWARE
HAR-HUR-SRA-02-200ML,PCS,Hardex Sticker Remover 200ML,Chemicals & Adhesives,11,14.30,9.70,-4.60,-32.17,11,KWONG TECK CHIONG
PAI-SPR-PMT-035,CAN,Paint Master Spray Paint - No. 35 Gold,Paint & Sundries,8,11.10,6.50,-4.60,-41.44,8,SONIC
"FAS-SCR-DRY-BLA-6#1""BOX",BOX,Hunter/bk - Drywall Screw 6 X1,Fasteners & Fixings,32,17.50,12.90,-4.60,-26.29,32,BENTON
CIMA-DL-L/SC61865S/18W/DL,SET,Senco 18W Glass LED Downlight - Square (daylight),Lighting,7,24.90,29.50,4.60,18.47,7,
TOO-COM-IRO-BUL-35MM,PCS,35MM Iron Bull Spanner,Hand Tools,3,64.90,69.50,4.60,7.09,2,KIM KONG3
BLA-SAW-TCT-4X30T,PCS,"Blimax Tct Saw BLADE-4""X30T",Power Tool Accessories,15,16.50,11.90,-4.60,-27.88,15,BOON SENG
BNW-THR-ZP-12MM,PCS,Zp Thread Rod 1/2 X 6FTS,Fasteners & Fixings,13,14.50,9.90,-4.60,-31.72,13,SONIC
SCA-PVC-HAN-10KG,PCS,10KG PVC Hanging Scale,Housewares,6,15.40,10.80,-4.60,-29.87,6,CHIONG SENG
TOO-VIC-FLA-FV01,PCS,FV01 Power Action Flat Vice,Hand Tools,1,54.90,59.50,4.60,8.38,1,AIK TA3
VAL-BAL-MIN-ECC12MF,PCS,Ecco PVC Mini Ball VALVE-1/2 Mxf,Plumbing,12,12.10,7.50,-4.60,-38.02,12,BOON SENG
WAL-PLU-H/DUTY-630C,PCK,10MM X 50MM H/duty PVC Wall Plug,Fasteners & Fixings,9,19.40,14.80,-4.60,-23.71,8,DALMAX3
KOYA-REM-MOS-1000ML,BOT,1000ML Mosaic Cleaner,Chemicals & Adhesives,5,22.90,18.30,-4.60,-20.09,5,KIONG JOUNG3
SCP-TOI-CONCR-CLE-500ML,BTL,500ML Scp Concrete Cleaner,Chemicals & Adhesives,4,13.10,8.50,-4.60,-35.11,4,ING PING3
CUT-DIS-YES-100#,PCS,Yes Line Green Grinding Disc 4 X 100,Abrasives & Cutting,7,11.10,6.50,-4.60,-41.44,7,KIONG JOUNG3
FOLD-SQUIR-RAT-CAG,PCS,5-1/2 X 11 Foldable Squirrel Mouse Case,Other,4,16.50,11.90,-4.60,-27.88,4,TIE BROTHER3
TYR-TUB-PRE-13X3,PCS,13 X 3 Rr Kingstone Tyre Tube,Automotive,5,13.20,8.60,-4.60,-34.85,5,TIE BROTHER3
BRA-S/S-MULTI-M,PCS,Multi Functional S/steel Angle Bracket M Size,Plumbing,10,18.50,13.90,-4.60,-24.86,10,DALMAX3
"OIL-FUN-12""",PCS,Oil Funnel 12,Housewares,1,49.90,54.50,4.60,9.22,1,WEE TAT TRADING
DRI-MIX-SDS-CEM,PCS,20 X 500MM Metal T Type Sds Mixer BAR,Power Tool Accessories,4,20.90,16.30,-4.60,-22.01,4,CRYSTAL TRIUMPH S/B
GAR-SPR-CR8448CPT,PCS,Adjustable Cone Nozzle,Power Tool Accessories,1,16.50,11.90,-4.60,-27.88,1,KTS TRADING
ELE-BUL-E27-15W-RED,PCS,Taicon E27 Stick Bulb Red 15W,Lighting,28,15.00,10.50,-4.50,-30.00,28,ECO ENTERPRISE3
PAI-SPR-SAM-K1K,PCS,Samurai Spray Paint K1K Clear (coating),Paint & Sundries,20,27.90,23.40,-4.50,-16.13,20,KIM KONG3
ELE-D/L-TC1040R-RND-12W,PCS,Taicon 4 12W Rnd LED Panel Light (sr),Lighting,1,18.00,13.50,-4.50,-25.00,1,ECO ENTERPRISE3
NIETZ-MOU-FLA-WHE-57131080,PCS,Nietz Mounted Flap Wheel 57131080,Abrasives & Cutting,2,13.40,8.90,-4.50,-33.58,2,SUNWAY WINSTAR
CUT-BLA-WOO-15040T,PCS,Glotool 100MM Tct Saw Blade Wood 105MM X 40T,Power Tool Accessories,5,13.40,8.90,-4.50,-33.58,4,SONIC3
BOS-2608-900-570,PC,Hex 9 Multi Purpose D/bit 4 X 45 X 90MM,Power Tools,4,16.80,12.30,-4.50,-26.79,3,CMW ENGINEERING
KGR-ADH-3KG,TIN,Kangaroo Brand 505 Super Adhesive 3KG,Chemicals & Adhesives,9,104.00,99.50,-4.50,-4.33,9,KANGAROO PAINT
SPR-BID-HEA-2078H,PCS,Chrome Bidet Head Only,Bathroom,5,18.70,14.20,-4.50,-24.06,5,SYN JING LEE
TIE-CAB-WHI-8MMX200MM,PCK,"White PVC Cable Ties (8"")",Electrical,21,16.80,12.30,-4.50,-26.79,21,SYN JING LEE
GAR-RAK-PALM-12T,PCS,12T Oil Palm Rake,Outdoor & Garden,11,18.70,14.20,-4.50,-24.06,11,DALMAX3
"FAS-SCR-DRY-WHI-6#1""BOX",BOX,Hunter/wh - Drywall Screw 6 X1,Fasteners & Fixings,56,17.40,12.90,-4.50,-25.86,56,BENTON
VAL-BAL-ITA-12MM,PCS,Brass Ball Valve - Italy 12 MM,Plumbing,25,20.00,15.50,-4.50,-22.50,25,SONIC3
CON-STR-OFFSET-1034,PCS,4 Toilet Straight Connector,Bathroom,6,16.50,12.00,-4.50,-27.27,4,TIE BROTHER3
ELE-ADA-3WAY-BER-YK368,PCS,Pro-smart 33N 3WAY Adaptor W/neon,Electrical,15,12.70,8.20,-4.50,-35.43,14,SEBD3
SWI-SOC-MK-1G1W-S4781,PCS,Mk 1GANG 1WAY Wide Rocker Socket,Electrical,16,10.40,5.90,-4.50,-43.27,16,SEBD3
"FIT-SS235-TEE-3/4""-SUS304",PCS,SS Equal Tee 3/4,Plumbing,10,14.30,9.80,-4.50,-31.47,10,SYN JING LEE
CHA-GAL-3MM,KGS,Galv Short Link Chain 1/8,"Rope, Chain & Netting",22,15.40,10.90,-4.50,-29.22,21.95,SONIC3
FIT-HDPE-TEE-32MMX20MM,PCS,HDPE Tee Reducing 32 X 20MM,Plumbing,12,12.00,7.50,-4.50,-37.50,12,HUA BAN
TOO-ELE-STRWS2204,PCS,Black Wire Stripper 155MM,Electrical,4,19.00,14.50,-4.50,-23.68,4,JUMBO
VAL-BAL-MIN-ECC12FF,PCS,Ecco PVC Mini Ball VALVE-1/2 Fxf,Plumbing,6,12.10,7.60,-4.50,-37.19,6,BOON SENG
"PAI-BRU-SEL-1""",PCS,1 Selleys All Purpose Paint Brush,Paint & Sundries,1,12.40,7.90,-4.50,-36.29,1,KIONG JOUNG3
TAP-BOL-S-TRA-40MM,PCS,Plastic S-trap 1 1/2 (40MM),Plumbing,7,13.00,8.50,-4.50,-34.62,7,HSIN NGIE
WOO-HOE-CANGKUL-HARDWOOD,PCS,Kayu Cangkul (hardwood),Building Materials,174,17.30,12.90,-4.40,-25.43,172,WHA WEE
TAR-SHT-GT2-09X15,SHT,Glotool PE Tarp Sheet - 9 X 15 (GT02),Building Materials,6,47.90,43.50,-4.40,-9.19,6,ALIKE HARDWARE3
BOS-2608-680-294,PCS,Sds + Drill Bit S3 25 X 200/260MM,Power Tool Accessories,6,58.90,54.50,-4.40,-7.47,5,CMW ENGINEERING
TOO-NIE-BIT-SCKT-1/2IN-T55,PCS,Nietz Drive Long Str Bit 50244155 T55,Power Tools,1,31.90,27.50,-4.40,-13.79,1,SUNWAY WINSTAR
BOS-2608-578-155,SET,Masonry Drill Bit Set (4/5/6/8/10),Power Tool Accessories,5,32.90,28.50,-4.40,-13.37,5,CMW ENGINEERING
PAI-SPR-SAM-012,PCS,Samurai Spray Paint 12 Yellow,Paint & Sundries,16,18.30,13.90,-4.40,-24.04,14,KIM KONG3
TOO-NIE-SOC-KEY-L12MM,PCS,Nietz 1/2 IN Drive Long Allen Bxsocket 50240112 12MM,Power Tools,8,31.90,27.50,-4.40,-13.79,8,SUNWAY WINSTAR
BOS-2608-680-292,PCS,Sds + Drill Bit S3 22 X 200/260MM,Power Tool Accessories,2,51.90,47.50,-4.40,-8.48,2,CMW ENGINEERING
TOO-NIE-ALL-KEY-17MM,PCS,Nietz E/long Ball Point Satin Wrch 53252170 17MM,Power Tools,3,66.90,62.50,-4.40,-6.58,3,SUNWAY WINSTAR
GLU-EPO-145G,SET,Pioneer Epoxy Glue 146G X,Chemicals & Adhesives,12,25.90,21.50,-4.40,-16.99,11,SYN JING LEE
PAI-SPR-SAM-001,PCS,Samurai Spray Paint 1 Clear,Paint & Sundries,8,18.30,13.90,-4.40,-24.04,4,KIM KONG3
MAC-SEA-90000297,PCS,Iron Hand Pressure Sealing Machine/impulse Sealer SF-200/200MM,Paint & Sundries,2,93.90,89.50,-4.40,-4.69,2,ZHONG YUAN3
NIETZ-MOU-FLA-WHE-57131060,PCS,Nietz Mounted Flap Wheel 57131060,Abrasives & Cutting,1,13.30,8.90,-4.40,-33.08,1,SUNWAY WINSTAR
SAF-FLO-WET-92201,ST,Nietz 92201 Caution Wet Floor Sign,Signage & Numbering,9,24.90,20.50,-4.40,-17.67,9,SUNWAY WINSTAR
COC-SINK-K505L,SET,Sink TAP:K-505L Level Type Pillar 1/2,Kitchen & Sinks,7,29.90,25.50,-4.40,-14.72,6,KWONG TECK CHIONG3
GUN-CAU-GT903,PCS,Glotool Caulking Gun 903Y,Fasteners & Fixings,2,14.30,9.90,-4.40,-30.77,1,SONIC3
"HHD-STO-SHA-JM140-8""",PCS,Jaya Mata Sharpening Stone 8,Bathroom,5,31.90,27.50,-4.40,-13.79,5,SYN JING LEE
"TOO-DRV-STA-PH2-1/4""X06""-9960651690",PCS,"Cushion Grip S/dr PHILIPS-1/4""X6""X2PT ( 2X150MM)",Power Tools,30,17.60,13.20,-4.40,-25.00,30,YUNG KONG
GUM-PVC-V-TECH-500GM,CAN,V-tech PVC Glue,Chemicals & Adhesives,20,19.20,14.80,-4.40,-22.92,19,SUNWAY WINSTAR
PAI-DUS-22L-GHO2813,SET,22L Step Dustbin,Housewares,3,53.90,49.50,-4.40,-8.16,3,ING CHOON
BOS-2607-017-335,PKG,Screwdriver Bit Set,Power Tool Accessories,3,79.90,75.50,-4.40,-5.51,3,CMW ENGINEERING
"HHD-SOC-YG241-1/2""X70MM",PCS,"Mxm Brass Connector 1/2""X70MM",Bathroom,6,13.30,8.90,-4.40,-33.08,6,SYN JING LEE
TOO-COM-W0287N-21MM,PCS,Com Ratchet Wrench 21MM,Hand Tools,3,42.90,38.50,-4.40,-10.26,3,JUMBO
HOS-CON-SET-40200023,SET,Ecogreen- Hose Basic Set / 1/2,Outdoor & Garden,13,19.90,15.50,-4.40,-22.11,12,ZHONG YUAN3
BOS-2609-390-576,PCS,Sds Plus Pointed Chisel 250MM,Power Tool Accessories,3,53.90,49.50,-4.40,-8.16,3,CMW ENGINEERING
BRU-SPO-B3PCS,PKT,3M 213 Scouring Sponge Pad W/ab 3'S (kh SB1200775),Other,47,12.30,7.90,-4.40,-35.77,47,L.F. WHOLESALER
TOO-WRE-PIP-W250C,PCS,Heavy Pipe Wrench (250MM),Hand Tools,2,30.90,26.50,-4.40,-14.24,2,JUMBO
LOC-GLO-BRA-GLBBC30,PCS,Glocks Brass Padlock GLBBC30,Locks & Security,11,23.90,19.50,-4.40,-18.41,11,SONIC3
BROO-HOO-CLIP4H3C,PCS,DL5 Sus 304 4 Hook Broom Holder,Housewares,5,47.90,43.50,-4.40,-9.19,5,DALMAX3
HDPE-VAL-BAL-PP-COMP-32MM,PCS,32MM PP Compression Ballvalve,Other,17,22.90,18.50,-4.40,-19.21,17,HUA BAN
"TOO-DRV-STA-PH1-3/16""X8""",PCS,"Cushion Grip S/dr PHILIPS-3/16""X8""X1PT ( 1X200MM)",Power Tools,4,18.00,13.60,-4.40,-24.44,4,YUNG KONG
LOC-PAD-ROL-50MM,PCS,50MM Rolinson Padlock,Locks & Security,20,14.30,9.90,-4.40,-30.77,18,WHA WEE
FAS-RIV-PAT-5/32X5/8-BOX,BOX,Blind Rivet: Jaguar 5/32 X 5/8 (500PCS/BOX),Fasteners & Fixings,2,35.90,31.50,-4.40,-12.26,1,KWONG TECK CHIONG
TOO-DRV-STA-6.5X150MM-9960651930,PCS,"Cushion Grip S/dr Std - (1/4""X6"")",Power Tools,3,17.90,13.50,-4.40,-24.58,3,YUNG KONG
VAL-ANG-CVL-CA9008,PCS,Cavallo Angle Valve CA9008 304SS 2-WAY,Plumbing,20,21.90,17.50,-4.40,-20.09,20,SYN JING LEE
SWI-SH387-6MM,PCS,S/s Swivels 6MM (double Eyes),Electrical,5,12.90,8.50,-4.40,-34.11,5,SYN JING LEE
GAR-SIC-D0301,PCS,Grass Sickle With 18 Wood Handle,Doors & Hardware,23,19.90,15.50,-4.40,-22.11,21,DALMAX3
TIE-CAB-WHI-250MM,PCK,"White PVC Cable Ties 250MM (10"")",Electrical,33,15.30,10.90,-4.40,-28.76,33,SYN JING LEE
CON-CAB-CLAMP-600AMP,PCS,Gloweld Earth Clamp,Hand Tools,7,14.30,9.90,-4.40,-30.77,7,SONIC3
"TOO-DRV-STA-PH2-1/4""X05""-9960651680",PCS,"Cushion Grip S/dr PHILIPS-1/4""X5""X2PT ( 2X125MM)",Power Tools,2,17.30,12.90,-4.40,-25.43,2,YUNG KONG
SCA-CAM-DIG-3100072,PCS,Digital Luggage Scale,Housewares,2,43.90,39.50,-4.40,-10.02,2,ZHONG YUAN3
SHH-FIG-BRA-LIN-4X-20LB,PCS,Shuttle 4X Braided Line 100M (20LB) (dark Green),Fishing & Tackle,4,21.90,17.50,-4.40,-20.09,4,SINHENHUA
SHH-FIG-BRA-LIN-4X-40LB,PCS,Shuttle 4X Braided Line 100M (40LB) (dark Green),Fishing & Tackle,4,21.90,17.50,-4.40,-20.09,4,SINHENHUA
SHH-FIG-BRA-LIN-4X-80LB,PCS,Shuttle 4X Braided Line 100M (80LB) (dark Green),Fishing & Tackle,4,21.90,17.50,-4.40,-20.09,4,SINHENHUA
PAI-SPR-ANC-C018**,PCS,400ML Anchor Spray - C018** Decorative Chrome,Fasteners & Fixings,11,21.90,17.50,-4.40,-20.09,9,MAJOR HARVEST3
"DRI-BIT-3/8""XM10",PCS,3/8 X M10 X 1.5MM Sensui Hole Saw Hex Sh,Power Tool Accessories,13,17.30,12.90,-4.40,-25.43,12,CRYSTAL TRIUMPH S/B
SHH-FIG-BRA-LIN-4X-60LB,PCS,Shuttle 4X Braided Line 100M (60LB) (dark Green),Fishing & Tackle,3,21.90,17.50,-4.40,-20.09,3,SINHENHUA
TOO-CLA-GW473125,PCS,Heavy G-shape Clamp 5,Hand Tools,2,32.90,28.50,-4.40,-13.37,2,JUMBO
DOR-HOL-ADS-711W/SS,PCS,Armor Door Stopper-whi Rubber,Doors & Hardware,1,19.90,15.50,-4.40,-22.11,1,VERTEX
GAR-CUT-SCI-00903A,PCS,6003 Trimming Scissors-straight,Outdoor & Garden,6,33.90,29.50,-4.40,-12.98,6,DALMAX3
RIG-HOO-ALL-4.5TON,PCS,Alloy Hook 4.5TON,Lifting & Rigging,2,26.90,22.50,-4.40,-16.36,2,SONIC3
TOO-PLI-CIR-WHB200,PCS,Intl Plier Bent Nose 200MM,Hand Tools,2,24.90,20.50,-4.40,-17.67,2,JUMBO
ADH-GUM-WALLPAPER,BOX,Garefu Wallpaper Glue Powder,Paint & Sundries,8,22.90,18.50,-4.40,-19.21,8,WORLDOFWALLPAPER
CUT-KNI-W603,PCS,W603 Utility Knife,Hand Tools,4,11.90,7.50,-4.40,-36.97,3,JUMBO
SAF-SLI-GLO-1TON4M,LGTH,Webbing Sling (glolift) 25MM 1 Ton X 4M,Lifting & Rigging,4,19.90,15.50,-4.40,-22.11,4,
CHI-15104-50,PCS,Hex Shank Spade Chisel,Power Tool Accessories,7,17.60,13.20,-4.40,-25.00,7,REXER3
"FIT-YG228R-NIP-REC-1""X3/4""-BRA",PCS,"Brass Reduced Nipple 1""X3/4",Plumbing,9,13.30,8.90,-4.40,-33.08,9,SYN JING LEE
"DOR-HIN-SSS-5""",SET,5 X 2.5MM Big House S/s Hinges,Doors & Hardware,6,22.90,18.50,-4.40,-19.21,6,TIE BROTHER3
FIT-UPVC-BEN-ELB-45-82MM,PCS,U-pvc Bend (elbow) 82MM 3 45-DEG,Plumbing,9,11.90,7.50,-4.40,-36.97,9,HUA BAN
"DOR-FLU-SGD-36612""",PCS,12 SS St. Guchi Flush Bolt SGDB-36612,Fasteners & Fixings,3,31.90,27.50,-4.40,-13.79,3,VERTEX
"FIT-YG232-ELB-3/4""-BRA",PCS,Brass Equal Elbow 3/4,Plumbing,7,13.30,8.90,-4.40,-33.08,7,SYN JING LEE
SWI-POL-4GANG-1WAY,PCS,Pol 4GANG 1WAY Switch Socket,Electrical,4,22.90,18.50,-4.40,-19.21,4,ECO ENTERPRISE3
HOS-HOLG-HC-100,PCS,Gardenu 100 Garden Hose Bracket,Outdoor & Garden,5,20.90,16.50,-4.40,-21.05,5,DALMAX3
"TOO-FIL-ROU-WOO-10""",PCS,10 King Top Round Wood Rasp,Power Tools,5,17.10,12.70,-4.40,-25.73,5,LI HARDWARE
CUT-DIS-26032-RC1500,PCS,Rc 1500 Turbo Rexcut Diamond Cutter,Abrasives & Cutting,9,25.90,21.50,-4.40,-16.99,9,REXER3
"GUN-CAU-BLU-11""",PCS,Blimax Heavy Duty Caulking GUN-11,Fasteners & Fixings,3,20.90,16.50,-4.40,-21.05,3,BOON SENG
CHE-BRA-SSO-100ML,BOT,200ML Brassol,Chemicals & Adhesives,3,25.90,21.50,-4.40,-16.99,3,KIONG JOUNG3
DRI-BIT-116R,PCS,50MM Hitmax Diamond Core Bit,Power Tool Accessories,2,45.90,41.50,-4.40,-9.59,2,CRYSTAL TRIUMPH S/B
TOO-HAN-L-STA-998686493,PCS,1/2 L- Handle,Doors & Hardware,2,34.90,30.50,-4.40,-12.61,2,YUNG KONG
BAT-TER-+&-,SET,Battery Terminal +&,Electrical,32,13.90,9.50,-4.40,-31.65,26,SONIC3
CAR-WAX-UV-PROTEC,BTL,Aa Car Care UV Protectant 350ML,Automotive,5,26.90,22.50,-4.40,-16.36,5,AVEREST
"AER-FA6-2""-FITTING",PCS,Aerico FA6-2 Fitting,Plumbing,2,17.20,12.80,-4.40,-25.58,2,AERICO
AIR-CHU-LTMS-250MM,PCS,Ltms 602 Air Chuck 10 - Twn,Automotive,5,25.90,21.50,-4.40,-16.99,5,SYN JING LEE
RAI-BOO-BLA-RUB-040#,PAIR,8834 Black Rubber Shoes W/studs 40,Curtains & Blinds,8,14.30,9.90,-4.40,-30.77,7,DHAI SHENG
"SHH-ROU-LAN-NET-12X1/2""",PCS,Round Landing Net 12 X 1/2,Fishing & Tackle,4,23.90,19.50,-4.40,-18.41,4,SINHENHUA
BRA-S/S-MULTI-L,PCS,Multi Functional S/steel Angle Bracket L Size,Plumbing,6,43.90,39.50,-4.40,-10.02,6,DALMAX3
CAN-JER-4200,PCS,1 Gallon Jerrycan,Housewares,7,12.30,7.90,-4.40,-35.77,5,ING CHOON
TOO-SPA-BEN-15MM,PCS,Bend Spanner 5/8,Hand Tools,3,25.90,21.50,-4.40,-16.99,3,SONIC3
DRI-AUG-2WAY-16MM,PCS,T&t 2WAY Auger BIT-5/8,Power Tool Accessories,1,18.00,13.60,-4.40,-24.44,7,BOON SENG
SHH-NYL-NET-6-SHR,PCS,Automatic Fishing Net Shrimp Cages 6 Hole,Fishing & Tackle,2,32.90,28.50,-4.40,-13.37,2,SINHENHUA
TOO-CHI-STA-10MM,PCS,"3/8""/10MM Dynagrip Wood Chisel",Hand Tools,2,29.90,25.50,-4.40,-14.72,2,YUNG KONG
FIT-UPVC-BEN-ELB-W/D-110MM,PCS,U-pvc Bend (elbow) W/door 110MM 4,Plumbing,7,23.90,19.50,-4.40,-18.41,7,KIONG SING
PLA-BAG-BLA-15X18,PCK,15 X 18 X 1KG PE (black),Packaging,4,14.30,9.90,-4.40,-30.77,4,SA GENERAL PLASTIC
SWI-ADA-EUR-3033,PCS,Eurosafe 3033 13A 3 Way Adaptor Switch Neon (sr),Electrical,5,29.90,25.50,-4.40,-14.72,5,ECO ENTERPRISE3
OIL-CAN-MINI-0069,PCS,300ML Mini Oil Can - 0069,Automotive,2,20.90,16.50,-4.40,-21.05,2,JHT HARDWARE
WEL-NOZ-BOC-A1/16,PCS,Boc Cutting Nozzle - 1/16 (anme),Power Tool Accessories,6,19.90,15.50,-4.40,-22.11,6,SONIC3
"HOS-FLE-BT/M039-10""",PCS,10 Flexible Hose,Outdoor & Garden,5,2.60,7.00,4.40,169.23,5,DALMAX3
TOO-CLA-G-RED-200,PCS,G-clamp (red) 8,Hand Tools,1,33.90,29.50,-4.40,-12.98,1,SONIC3
SHH-NYL-NET-8,PCS,Automatic Nylon Fishing Mesh Net 8 Hole,Fishing & Tackle,1,32.90,28.50,-4.40,-13.37,1,SINHENHUA
ELE-BOX-MCB-08WAY,PCS,Tc 8 Way Mcb Box,Electrical,4,22.90,18.50,-4.40,-19.21,4,SEBD3
TOO-CUT-CAL-SHE-200MM,PCS,Sr Shell Cable Cutter 8,Electrical,4,19.90,15.50,-4.40,-22.11,4,SYARIKAT HUA KIONG3
SHH-BAS-WIR-WB12G,PCS,"Wire Basket 12""/30CM (gold)",Electrical,1,30.90,26.50,-4.40,-14.24,1,SINHENHUA
CAB-CLI-ROU-NAI,PCK,Cable Clip,Electrical,12,0.50,4.90,4.40,880.00,12,GOLDEN DAY
BOS-2608-522-405,PCS,Impact Bit PH2 X 65MM,Power Tools,16,18.60,14.30,-4.30,-23.12,15,CMW ENGINEERING
"NIE-SOC-IMP-1/2""-17MM",PCS,Nietz Dr Impact Socket (6PT) 50140017 17MM,Power Tools,3,18.80,14.50,-4.30,-22.87,3,SUNWAY WINSTAR
NIE-SOC-HAN-DEE-12P-1/2-12MM,PCS,Nietz Dr Deep Cr Socket (12PT) 50045012 12MM,Electrical,6,20.90,16.60,-4.30,-20.57,6,SUNWAY WINSTAR
BOS-2608-680-288,PCS,Sds + Drill Bit S3 18 X 200/260MM,Power Tool Accessories,3,32.90,28.60,-4.30,-13.07,3,CMW ENGINEERING
NIE-SOC-HAN-DEE-06P-1/2-17MM,PCS,Nietz Dr Deep Cr Socket (6PT) 50042017 17MM,Electrical,4,21.90,17.60,-4.30,-19.63,4,SUNWAY WINSTAR
"TOO-NIE-SOC-HAN-1/2""-20MM",PCS,Nietz Dr Chrome Socket (12PT)50043020 20MM,Electrical,4,16.00,11.70,-4.30,-26.88,4,SUNWAY WINSTAR
GAR-SIC-D0601,PCS,Samlee Fruit Sickle,Outdoor & Garden,19,19.20,14.90,-4.30,-22.40,18,ING PING3
LOC-SEC-SHE-N30MM,PCS,Shenling Top Security Lock 30MM-NEW,Locks & Security,11,13.20,8.90,-4.30,-32.58,11,LI HARDWARE
ELE-LED-DRI-12W,PCS,Homelite LED Driver 12W+4W,Lighting,5,16.20,11.90,-4.30,-26.54,5,TOP GAN
TOO-PLI-LOC-GT175,PCS,Glotool Locking Plier 7,Hand Tools,4,17.20,12.90,-4.30,-25.00,4,SONIC3
PLA-BAG-RUB-30X40,PCK,30 X 40 X PE (B1KG),Packaging,21,13.20,8.90,-4.30,-32.58,31,SA GENERAL PLASTIC
GAS-STO-ALU-ROU,SET,Alum Round Gas Stand (m'sia),Home Appliances,8,18.20,13.90,-4.30,-23.63,8,CHUNS TRADING
TOO-BOX-PVC-8001,PCS,15IN Tool Box,Hand Tools,8,17.20,12.90,-4.30,-25.00,8,SUNWAY WINSTAR
SWI-SOC-ULT-M012MG,PCS,Ultra 16A 1 GANG 2 Way-matte Grey (M012MG),Electrical,21,18.70,14.40,-4.30,-22.99,21,TRISTAR
BAT-ENE-MIN-A23,PCK,Energizer Mini Al A23 8P1,Electrical,30,10.50,6.20,-4.30,-40.95,28,HUA BAN
TIE-CAB-BLA-250MM,PCK,"Black PVC Cable Ties 250MM (10"")",Electrical,35,15.20,10.90,-4.30,-28.29,30,SYN JING LEE
SWI-SOC-ULT-M0815W,PCS,Ultra 15A Round Pin Swi Soc Neon-whi (M0815W),Electrical,13,22.90,18.60,-4.30,-18.78,10,TRISTAR
GAS-LIG-METAL,PCS,Spark L Lighter,Home Appliances,5,18.20,13.90,-4.30,-23.63,4,CHIONG SENG
SHH-ROD-MGP3003,PCS,Santec 2506-200 Puyu Z Pole (IF2002),Fishing & Tackle,4,19.80,15.50,-4.30,-21.72,4,SINHENHUA
X-FLO-MOC-36MW24,PCS,12 X 24 Floor Tiles,Power Tools,2,11.90,7.60,-4.30,-36.13,2,FINECERA
TRO-PVC-BT995T/H,PCS,Star Local Trowel (teak) PVC Handle,Hand Tools,35,14.20,9.90,-4.30,-30.28,33,BESMA3
SCA-PVC-HAN-05KG,PCS,5KG PVC Hanging Scale,Housewares,4,13.20,8.90,-4.30,-32.58,4,CHIONG SENG
STO-MOU-W222-25X50,PCS,Mounted Stone:k-prix Korea W222 (25X50),Abrasives & Cutting,2,13.20,8.90,-4.30,-32.58,1,KWONG TECK CHIONG3
VAL-BAL-MIN-ECC12MM,PCS,Ecco PVC Mini Ball VALVE-1/2 Mxm,Plumbing,6,12.10,7.80,-4.30,-35.54,6,BOON SENG
"FIT-YG355-TEE-MXMXF-1/2""-BRA",PCS,Brass Mxmxf Tee 1/2,Plumbing,5,13.10,8.80,-4.30,-32.82,5,SYN JING LEE
TRCK-(0.40MM)-75MM -8FTS,PCS,Track (0.40MM) 75MM X 25MM - 8FTS,Other,2,10.10,5.80,-4.30,-42.57,2,JCH
IND-GAL-WIR-PVC-COA-3MMX25KGS,KGS,PVC Coated Wire 3.00MM X 1KG,Electrical,88,6.20,10.50,4.30,69.35,84,SONIC3
TOO-HEX-WRE-1.5MM-10MM,SET,Sunmoon Hex Wrench,Hand Tools,1,16.20,11.90,-4.30,-26.54,1,SONIC3
"TOO-FIL-HAL-ROU-WOO-8""",PCS,8 King Top Half Round Wood Rasp,Power Tools,3,16.20,11.90,-4.30,-26.54,3,LI HARDWARE
CUT-DIS-YES-080#,PCS,Yes Line Green Grinding Disc 4 X 80,Abrasives & Cutting,12,10.50,6.20,-4.30,-40.95,12,KIONG JOUNG3
RAI-BOO-BLA-RUB-042#,PAIR,8834 Black Rubber Shoes W/studs 42,Curtains & Blinds,5,14.20,9.90,-4.30,-30.28,5,DHAI SHENG
TOO-CLA-G-RED-100,PCS,G-clamp (red) 4,Hand Tools,4,17.20,12.90,-4.30,-25.00,4,SONIC3
SHH-CAGE-2RING-10X12-PENET,PCS,2 Ring Cage 10 X 12 PE Net,Fishing & Tackle,2,17.20,12.90,-4.30,-25.00,2,SINHENHUA
RAI-BOO-BLA-RUB-039#,PAIR,8834 Black Rubber Shoes W/studs 39,Curtains & Blinds,2,14.20,9.90,-4.30,-30.28,2,DHAI SHENG
RAI-BOO-BLA-RUB-041#,PAIR,8834 Black Rubber Shoes W/studs 41,Curtains & Blinds,2,14.20,9.90,-4.30,-30.28,2,DHAI SHENG
DRI-AUG-2WAY-14MM,PCS,Navato Auger Bit 9/16,Power Tool Accessories,5,16.20,11.90,-4.30,-26.54,3,ALIKE HARDWARE3
TOO-DRV-SET31IN1,SET,31 IN 1 Electro Multi Screw-driver,Fasteners & Fixings,4,16.20,11.90,-4.30,-26.54,4,WHA WEE
SWI-SEL-TEN-1A1B,PCS,Selector Switch,Electrical,17,2.30,6.60,4.30,186.96,17,GOLDEN DAY
ELE-D/L-MEG-FE2155D-18W,PCS,Megaman E27 3U Bulb,Lighting,41,16.10,11.90,-4.20,-26.09,36,FULL-LITE
NIE-SOC-HAN-DEE-06P-1/2-08MM,PCS,Nietz Dr Deep Cr Socket (6PT) 50042008 8MM,Electrical,8,20.90,16.70,-4.20,-20.10,8,SUNWAY WINSTAR
NIE-SOC-HAN-DEE-06P-1/2-10MM,PCS,Nietz Dr Deep Cr Socket (6PT) 50042010 10MM,Electrical,5,20.90,16.70,-4.20,-20.10,5,SUNWAY WINSTAR
NIE-SOC-HAN-DEE-12P-1/2-16MM,PCS,Nietz Dr Deep Cr Socket (12PT) 50045016 16MM,Electrical,3,21.90,17.70,-4.20,-19.18,2,SUNWAY WINSTAR
NIE-SOC-HAN-DEE-06P-1/2-09MM,PCS,Nietz Dr Deep Cr Socket (6PT) 50042009 9MM,Electrical,3,20.90,16.70,-4.20,-20.10,3,SUNWAY WINSTAR
NIE-SOC-HAN-DEE-12P-1/2-13MM,PCS,Nietz Dr Deep Cr Socket (12PT) 50045013 13MM,Electrical,2,20.90,16.70,-4.20,-20.10,1,SUNWAY WINSTAR
"TOO-NIE-SOC-HAN-1/2""-19MM",PCS,Nietz Dr Chrome Socket (12PT)50043019 19MM,Electrical,2,15.10,10.90,-4.20,-27.81,1,SUNWAY WINSTAR
BOS-2608-634-505,PCS,Jigsaw Blade T118AF,Power Tool Accessories,1,15.90,11.70,-4.20,-26.42,1,CMW ENGINEERING
TOW-VAGO-V8801,SET,Vago Double Towel Bracket,Bathroom,5,20.90,16.70,-4.20,-20.10,5,CRYSTAL TRIUMPH S/B
GUM-HAR-5MIN,SET,Metal Expoxy Hardex 5 Min HE-5,Chemicals & Adhesives,23,14.10,9.90,-4.20,-29.79,23,KWONG TECK CHIONG
GUM-HAR-660,SET,Black Rtv Silicon Hardex,Chemicals & Adhesives,21,12.80,8.60,-4.20,-32.81,20,KWONG TECK CHIONG3
LOC-GLO-BRA-GLBBC20,PCS,Glocks Brass Padlock GLBBC20,Locks & Security,15,14.00,9.80,-4.20,-30.00,15,SONIC3
SAF-SPE-MK-SSE-919-BLK,PCS,Mr. Mark Patriot Safety Spectacle-black,Safety & Workwear,11,18.10,13.90,-4.20,-23.20,10,MAJOR HARVEST3
BAT-ENE-MINI-A27,PCK,Energizer Mini Al A27 BP1,Electrical,37,10.50,6.30,-4.20,-40.00,37,HUA BAN
SHH-HOOK-1920SS8/0,PKT,No. 8/0 Eupro Fishing Hook (3'S),Fishing & Tackle,4,15.70,11.50,-4.20,-26.75,4,SINHENHUA
RIG-TUR-16MM,PCS,Galvanised Turnbuckle 16MM,Lifting & Rigging,8,12.10,7.90,-4.20,-34.71,8,SONIC3
X-FLO-MOC-H03-G,PCS,H03-G 600X600MM,Power Tools,1,18.70,14.50,-4.20,-22.46,1,BRAVO-LINE
CUT-SCI-JM-316,PCS,Jayamata Scissor Multi-purpose 7,Abrasives & Cutting,4,12.10,7.90,-4.20,-34.71,4,KIONG JOUNG3
COC-STO-RA2T-G511B,PCS,Stopvalve RA2T Truflo,Plumbing,7,14.00,9.80,-4.20,-30.00,7,DALMAX3
SHH-HOOK-1920SS7/0,PKT,No. 7/0 Eupro Fishing Hook (5'S),Fishing & Tackle,2,15.70,11.50,-4.20,-26.75,2,SINHENHUA
"TOO-EXT-BAR-STA-12MM-10""",PCS,1/2 Extension Bars 252MM/10,Electrical,2,39.90,35.70,-4.20,-10.53,1,YUNG KONG
RAI-BOO-BLA-RUB-036#,PAIR,8834 Black Rubber Shoes W/studs 36,Curtains & Blinds,10,14.10,9.90,-4.20,-29.79,10,DHAI SHENG
FLO-MOC-ECO36019GBLK,PCS,Honeycomb Black,Flooring,1,10.90,6.70,-4.20,-38.53,1,ZHEN HUA HUNG
FLO-MOC-ECO36019GMDC,PCS,Honeycomb Decor,Flooring,1,10.90,6.70,-4.20,-38.53,1,ZHEN HUA HUNG
COC-STO-PVC-18MM,EA,3/4 IN PVC Stop Cock,Plumbing,29,10.70,6.50,-4.20,-39.25,29,CHIONG SENG
RAI-BOO-BLA-RUB-037#,PAIR,8834 Black Rubber Shoes W/studs 37,Curtains & Blinds,6,14.10,9.90,-4.20,-29.79,6,DHAI SHENG
RAI-BOO-BLA-RUB-038#,PAIR,8834 Black Rubber Shoes W/studs 38,Curtains & Blinds,5,14.10,9.90,-4.20,-29.79,5,DHAI SHENG
SWI-S/SKT-LWD-0021,PCS,Lwd 0021 F3 2G 1W Switch SIRIM,Electrical,15,12.10,7.90,-4.20,-34.71,15,FULL-LITE
FIT-UPVC-TEE-82MM,PCS,U-pvc Tee 82MM 3,Plumbing,6,19.90,15.70,-4.20,-21.11,6,HUA BAN
FIT-PVC-CON-40MM,PCS,PVC Fitting Tank Connector 40MM 1-1/2,Plumbing,9,10.70,6.50,-4.20,-39.25,19,KIONG SING
FIT-U-BUSH-110X50MM,PCS,4 (110MM) X 2 (50MM) U Bush,Plumbing,4,11.10,6.90,-4.20,-37.84,4,HUA BAN
CUT-SAW-WAL-BOA-2120,PCS,M'man Wall Board Saw 6 2120,Building Materials,1,14.10,9.90,-4.20,-29.79,-1,JHT HARDWARE
SHO-SOR-SRTSA830,PCS,Sorento 450MM Shower Arm,Bathroom,6,84.90,89.00,4.10,4.83,6,SYNTALUN
ELE-D/L-MEG-FE2155D-18W-3000K,PCS,Megaman Plce T3 3U E27 Bulb,Lighting,49,15.90,11.80,-4.10,-25.79,49,FULL-LITE
GRA-SAN-SWFG-SS304-6603,PCS,Saniware Floor Grating (150X150MM) SWFG-SS304-6603,Bathroom,5,63.90,68.00,4.10,6.42,5,VTC HARDWARE
TAP-SAN-SWS-304-3974,PCS,Saniware Sliver Flexible Hose Kitchen Pillar Sink Tap,Kitchen & Sinks,3,78.90,83.00,4.10,5.20,3,VTC HARDWARE
TOI-TIS-SRT367-GM,PCS,Sorento S/steel Paper Holder-gunmetal,Bathroom,3,74.90,79.00,4.10,5.47,3,SYNTALUN
TAP-SAN-SWS-304-3973,PCS,Saniware Sliver Flexible Hose Kitchen Wall Sink Tap,Kitchen & Sinks,2,77.90,82.00,4.10,5.26,2,VTC HARDWARE
NIP-QLA-1L-A,CAN,1L Nippon Q-lac Accent Base,Paint & Sundries,11,46.90,51.00,4.10,8.74,11,PAINT MAR.2
SWI-ADA-MUL-941N-3W,PCS,Taicon Multi 3WAY Adaptor With Neon 941N,Electrical,26,26.90,22.80,-4.10,-15.24,25,ECO ENTERPRISE3
SWI-SOC-TAICON-TC8211,PCS,Taicon 13A 2G Multi Switch Socket Neon (TC8211),Electrical,23,23.90,19.80,-4.10,-17.15,23,ECO ENTERPRISE3
TAP-SAN-SWS-304-3978,PCS,Saniware Sliver Two Way Tap,Plumbing,2,84.90,89.00,4.10,4.83,2,VTC HARDWARE
NIE-SOC-HAN-DEE-06P-1/2-13MM,PCS,Nietz Dr Deep Cr Socket (6PT) 50042013 13MM,Electrical,7,20.90,16.80,-4.10,-19.62,7,SUNWAY WINSTAR
NIE-SOC-HAN-DEE-06P-1/2-11MM,PCS,Nietz Dr Deep Cr Socket (6PT) 50042011 11MM,Electrical,6,20.90,16.80,-4.10,-19.62,6,SUNWAY WINSTAR
NIE-SOC-HAN-DEE-06P-1/2-12MM,PCS,Nietz Dr Deep Cr Socket (6PT) 50042012 12MM,Electrical,4,20.90,16.80,-4.10,-19.62,4,SUNWAY WINSTAR
NIE-SOC-HAN-DEE-12P-1/2-14MM,PCS,Nietz Dr Deep Cr Socket (12PT) 50045014 14MM,Electrical,4,20.90,16.80,-4.10,-19.62,4,SUNWAY WINSTAR
NIETZ-MOU-FLA-WHE-57131100,PCS,Nietz Mounted Flap Wheel 57131100,Abrasives & Cutting,2,13.00,8.90,-4.10,-31.54,2,SUNWAY WINSTAR
BAS-SOR-SRTW2600,PCS,Sorento Pop Up Waste,Plumbing,1,64.90,69.00,4.10,6.32,1,SYNTALUN
IND-CAS-SWI BRA-100MM,PCS,4 DL5 Tpr M/duty 2 Bearing Swivel Caster W D/brake,Fishing & Tackle,16,34.90,30.80,-4.10,-11.75,16,DALMAX3
ELE-ADA-MS3003/WNL,PCS,Morries Uk Plug Multi Adaptor W Sensor & LED Nite Light,Lighting,9,33.90,29.80,-4.10,-12.09,9,YUAN MING
SAN-SWPW-SS-W80U,PCS,Spring Waste Without Overflow,Plumbing,1,44.90,49.00,4.10,9.13,1,VTC HARDWARE
WAL-DOW-8401/1S,SET,Wall Lamp (E27X1) 8401/1S,Lighting,5,40.90,45.00,4.10,10.02,5,CIMA
WAL-DOW-RX2606/1R,SET,Wall Lamp (E27X1) RX2606/1R,Lighting,5,40.90,45.00,4.10,10.02,5,CIMA
ELE-CEI-LIG-9403/400-3CLR,PCS,Ceiling Light 9403-400 3CLR,Lighting,2,83.90,88.00,4.10,4.89,2,TOP GAN
TAP-WAL-JOPEX-QSTW01W,PCS,Jopex Sink Tap,Kitchen & Sinks,4,28.90,24.80,-4.10,-14.19,4,BOON SENG
TOR-LIG-HEA-GD-G010,SET,Googda LED Head Light Rechargable,Lighting,3,23.90,19.80,-4.10,-17.15,3,KIONG JOUNG3
"TOO-DRV-STA-PH-1/4""X04""-996060809",PCS,Cushion Grip S/dr PHILIPS-1/4” X 4 ( 2 X 100MM),Power Tools,11,15.90,11.80,-4.10,-25.79,9,YUNG KONG
BBQ-GRI-JJD-40X60CM,PCS,40X60CM Bbq Grid,Outdoor & Garden,7,18.60,14.50,-4.10,-22.04,7,CHUNS TRADING
TOO-WRE-KEY-69251,SET,8PC S/arm Hex Key Set,Power Tools,4,32.90,28.80,-4.10,-12.46,4,YUNG KONG
HOO-CAB-CB802-5,UNIT,Cabana Hook BAR (polish) CB802-5,Doors & Hardware,2,47.90,52.00,4.10,8.56,2,HUE HOME
"CUT-DIS-S400-4""",PCS,Sawman S400 Diamond Wheel 4,Abrasives & Cutting,10,23.90,19.80,-4.10,-17.15,10,SYN JING LEE
"FAS-RIV-PAT-1/8""X3/8""-BOX",BOX,Blind Rivet: Jaguar 1/8 X 3/8 (1000PCS/BOX),Fasteners & Fixings,3,33.90,29.80,-4.10,-12.09,3,KWONG TECK CHIONG
TOO-COM-W0305R-19*21MM,PCS,2 Open Wrench (19*21MM),Hand Tools,10,19.60,15.50,-4.10,-20.92,10,JUMBO
"BRA-SHE-YG782-16""",PAIR,White H/duty Shelf Bracket 16,Housewares,8,21.90,17.80,-4.10,-18.72,8,SYN JING LEE
SHH-HOOK-1920SS6/0,PCK,No. 6/0 Eupro Fishing Hook (6'S),Fishing & Tackle,11,15.60,11.50,-4.10,-26.28,11,SINHENHUA
DOR-HIN-A177,SET,"A177 S/s Fulsh Hinges 4""X2.5MM",Doors & Hardware,3,14.60,10.50,-4.10,-28.08,3,SYN JING LEE
TOO-EXT-BARW0015A,PCS,1/2 Extension Bars 125MM,Electrical,4,14.60,10.50,-4.10,-28.08,4,JUMBO
SHH-LINE-L/G-OHML6,PCS,Omega Hayasu Mono Line 6LBS (rainbows),Fishing & Tackle,7,16.00,11.90,-4.10,-25.62,7,SINHENHUA
ELE-PEN-CD-3019,PCS,Pendant Light CD-3019,Electrical,4,74.90,79.00,4.10,5.47,4,TOP GAN
BRO-NYL-609,PCS,609 Wooden Nylon Drain Broom With Handle,Doors & Hardware,30,11.30,7.20,-4.10,-36.28,28,ING CHOON
SHH-FISH-NET-0.15D-35MM-30MD/6A,PCS,35MM (25YDS)C,Fishing & Tackle,4,20.90,16.80,-4.10,-19.62,4,SINHENHUA
HAR-ADH-INS-SUP-20G-6495,PCS,Super Instant Adhesive : Hardex 20G 6495,Chemicals & Adhesives,15,20.00,15.90,-4.10,-20.50,39,KWONG TECK CHIONG
SHH-ROD-2511400,PCS,Santec 2511-400 Puyu Solid Pole (4MTR),Fishing & Tackle,2,39.90,35.80,-4.10,-10.28,2,SINHENHUA
TAP-CAB-CB2832,PCS,CB2832-BL Bib Tap,Plumbing,4,54.90,59.00,4.10,7.47,4,WEMA HOME PLT
SHH-ROD-TKKT25032S,PCS,"Torikumu Kotai Ii Medium (5'0"")ROD",Fishing & Tackle,1,49.90,45.80,-4.10,-8.22,1,SINHENHUA
"TOO-EXT-BAR-STA-12MM-05""",PCS,1/2 Extension Bars 125MM/5,Electrical,5,28.90,24.80,-4.10,-14.19,5,YUNG KONG
"IND-CAS-PVC-SWI-6""",PCS,Medium Duty Red PVC Swivel Wheel 6,Fishing & Tackle,9,59.90,55.80,-4.10,-6.84,9,BENTON3
GRA-SS-1066GW,SET,6 X 6 Isano S/steel Grating W/washing Machine Outlet,Outdoor & Garden,8,20.90,16.80,-4.10,-19.62,8,CHIN LAI
SHH-FISH-NET-0.15D-55MM-30MD/6A,PCS,55MM (25YDS) Net,Fishing & Tackle,2,20.90,16.80,-4.10,-19.62,2,SINHENHUA
"FRA-STU-GI-8'X2""X1""",PCS,8 X 2 X 1 X 0.32MM GI Stud Frame,Building Materials,46,9.50,5.40,-4.10,-43.16,46,MENGTRA TRADING
FIT-HDPE-TEE-32MMX25MM,PCS,HDPE Tee Reducing 32 X 25MM,Plumbing,16,11.30,7.20,-4.10,-36.28,16,HUA BAN
GUN-CAU-H/D-Y93,PCS,Alitool Caulking Gun - Y93,Fasteners & Fixings,6,15.00,10.90,-4.10,-27.33,5,ALIKE HARDWARE3
"FIT-SS232R-ELB-REC-3/4""X1/2""-SUS304",PCS,"SS Reducing Elbow 3/4""X1/2",Plumbing,7,12.60,8.50,-4.10,-32.54,7,SYN JING LEE
CAR-WAX-WAS-PRE-500ML,PCS,Aa Care Care Wash&wax (premium) 500ML,Automotive,3,13.00,8.90,-4.10,-31.54,3,AVEREST
RAI-BOO-BLA-RUB-42,PAIR,8835 Black Rubber Shoes 42,Curtains & Blinds,15,14.00,9.90,-4.10,-29.29,14,DHAI SHENG
TOO-DRV-KT300-,PCS,12 King Top (-) Screw Driver,Fasteners & Fixings,6,15.00,10.90,-4.10,-27.33,6,LI HARDWARE
PLA-BAG-6X9X500G,ROLL,6 X 9 X 500G Hd/roll,Packaging,15,9.90,5.80,-4.10,-41.41,18,SA GENERAL PLASTIC
WEL-SHI-BLA-HEAD,PCS,Welding Shield Head Type,Welding,8,15.00,10.90,-4.10,-27.33,7,SONIC3
HAN-CLO-JM-1040,SET,8 Hook S/steel Strong Hook,Other,5,21.90,17.80,-4.10,-18.72,5,CHUNS TRADING
RAI-BOO-BLA-RUB-035#,PAIR,8834 Black Rubber Shoes W/studs 35,Curtains & Blinds,6,14.00,9.90,-4.10,-29.29,5,DHAI SHENG
SWI-POL-15A-SOC,PCS,Pol 15A Switch Socket,Electrical,9,20.90,16.80,-4.10,-19.62,7,ECO ENTERPRISE3
RAI-BOO-BLA-RUB-39,PAIR,8835 Black Rubber Shoes 39,Curtains & Blinds,3,14.00,9.90,-4.10,-29.29,3,DHAI SHENG
DOR-SOC-SGD-13MMSN,PCS,13MM (big) Sn St. Guchi Dust Socket,Electrical,4,29.90,25.80,-4.10,-13.71,4,VERTEX
CLI-ELE-CAB-25MM30'S,BOX,Cable Clip 25MM 30'S (bd),Electrical,10,11.60,7.50,-4.10,-35.34,10,SEBD3
PLA-BAG-5X8X500G,ROLL,5 X 8 X 500G Hd/roll,Packaging,4,9.90,5.80,-4.10,-41.41,14,SA GENERAL PLASTIC
BNW-B&N-ORI-12175,KGS,Mild Steel Bolt & Nut 1/2 X 7,Fasteners & Fixings,7,13.60,9.50,-4.10,-30.15,7.25,SONIC3
TAP-BOL-S-TRA-32MM,PCS,Plastic S-trap 1 1/4 (32MM),Plumbing,8,11.90,7.80,-4.10,-34.45,8,HSIN NGIE
CAR-WAX-REPELL,PCS,Lizard Repellent 500ML,Automotive,1,30.90,26.80,-4.10,-13.27,25,S LINE TECH
BNW-B&N-ORI-12125,KGS,Mild Steel Bolt & Nut 1/2 X 5,Fasteners & Fixings,5,13.60,9.50,-4.10,-30.15,4.35,SONIC3
"DRI-AUG-SDS-1/2""",PCS,1/2 Sds Plus Auger Bit,Power Tool Accessories,2,15.80,11.70,-4.10,-25.95,2,DALMAX3
BNW-B&N-ORI-5/8X1.1/2,KGS,Mild Steel Bolt & Nut 5/8 X 1.1/2,Fasteners & Fixings,2,13.60,9.50,-4.10,-30.15,2.5,SONIC3
KHI-COO-RC918T,SET,Khind - Rc 1.8L Teflon Pot (cream Magnolia),Home Appliances,4,149.00,145.00,-4.00,-2.68,4,KHIND-MISTRAL
"EXH-FAN-KHI-12""-WHI-EF1201",SET,Khind 12 Exhaust Fan (off White),Fans & Ventilation,4,129.00,125.00,-4.00,-3.10,4,KHIND-MISTRAL
ELE-D/L-MEG-YTP38Z1-10W,PCS,Megaman LED Stick Bulb E27 YTP38Z1 10W/6500K,Lighting,18,15.90,11.90,-4.00,-25.16,15,FULL-LITE
ELE-D/L-MEG-YTP38Z1-10W-4000K,PCS,Megaman LED Stick Bulb E27 YTP38Z1 10W/4000K,Lighting,17,15.90,11.90,-4.00,-25.16,17,FULL-LITE
NIP-PHG-5L-MBLK,CAN,5L Platone High Gloss 8103 Matt Black,Paint & Sundries,19,144.00,148.00,4.00,2.78,19,PAINT MAR.
COC-BAS-SRTWT7445-BLK,PCS,Sorento Basin Cold Tap - SRTWT7445-BLK,Bathroom,3,184.00,188.00,4.00,2.17,3,SYNTALUN
TOW-SRT449-RG,PCS,Sorento 75CM S/s Towel BAR Matt Blk,Bathroom,4,104.00,108.00,4.00,3.85,4,SYNTALUN
ELE-D/L-MEG-YTA60Z1-10W-3000K,PCS,Megaman A60 E27 LED Bulb YTA60Z1 10W/3000K,Lighting,12,12.90,8.90,-4.00,-31.01,12,FULL-LITE
VAC-PSN-MC-CG371AV47,PCS,Panasonic Bagged Vacuum Cleaner 1600W (blue),Chemicals & Adhesives,1,304.00,308.00,4.00,1.32,1,KIONG HUO
X-BLE-KHI-BL6809G,SET,Juice Extractor (mint),Power Tools,2,149.00,145.00,-4.00,-2.68,2,KHIND-MISTRAL
BOS-F016-F04-558,PCS,Cutting Line Cartridge For Art 23SL,Power Tools,6,37.90,33.90,-4.00,-10.55,5,CMW ENGINEERING
BOS-2608-642-952,PCS,Carbide Multi Wheel (110X 20/16MM),Power Tools,3,69.90,65.90,-4.00,-5.72,3,CMW ENGINEERING
SHO-SOR-SRTSS5726-BL,PCS,Sorento Hand Shwr Flex Hose&holder-matt Blk,Outdoor & Garden,2,104.00,108.00,4.00,3.85,2,SYNTALUN
FAN-CEI-DEKA-CCM34MG12,UNIT,Deka Ceiling Fan Concept Mini Magnesium,Fans & Ventilation,3,294.00,298.00,4.00,1.36,3,DEKA
"NIE-SOC-IMP-1""-38MM",PCS,Nietz 1 IN Dr Impact Socket (6PT) 50170038 38MM,Power Tools,2,82.90,78.90,-4.00,-4.83,2,SUNWAY WINSTAR
SWI-T/SOC-TAI-4G5M,PCS,Taicon 4G Trailing Socket (4050),Electrical,19,49.90,45.90,-4.00,-8.02,19,ECO ENTERPRISE3
BOS-2608-643-306,PCS,Circular Sawblade 9 1/4 X 60T Wood,Power Tools,1,109.00,105.00,-4.00,-3.67,1,CMW ENGINEERING
MEA-TAP-STA-TYL-5.0M,PCS,5M/16 X 19MM Stanley Tylon Short Tape Rules,Hand Tools,10,22.90,18.90,-4.00,-17.47,9,YUNG KONG
BOS-2608-578-123,PCS,Masonry Drill Bit 14MM X,Power Tool Accessories,5,19.90,15.90,-4.00,-20.10,5,CMW ENGINEERING
BOS-2608-642-971,PCS,Circular Sawblade 6 1/8 X 40T Wood,Power Tools,1,71.90,67.90,-4.00,-5.56,1,CMW ENGINEERING
X-ELE-D/L-OSR-15W-E27,PCS,Osram 15W LED Stick E27,Lighting,22,25.90,21.90,-4.00,-15.44,22,ECO ENTERPRISE3
BOS-0601-6B7-0L1,UNIT,Gof 130 Router,Power Tools,2,619.00,615.00,-4.00,-0.65,2,CMW ENGINEERING2
BOS-2608-608-T64-N,PCK,Velcro Disc 125MM Holes (5PCS/PCK) G60-8,Abrasives & Cutting,11,13.50,9.50,-4.00,-29.63,8,CMW ENGINEERING
NIETZ-MOU-FLA-WHE-57122060,PCS,Nietz Mounted Flap Wheel 57122060,Abrasives & Cutting,12,11.90,7.90,-4.00,-33.61,12,SUNWAY WINSTAR
LOC-YALE-Y124B-70-1,SET,Yale Satin Chrome Boron Shackle Padlock Y124B-70-1,Lifting & Rigging,1,119.00,115.00,-4.00,-3.36,1,ADDWORTH3%
SWI-T/SOC-TAI-2G3M,PCS,Taicon 2G Trailing Socket (2030),Electrical,9,35.90,31.90,-4.00,-11.14,9,ECO ENTERPRISE3
HHD-FLU-PUSH-S200A-40MM,SET,Single Flush Push Button 40MM,Bathroom,31,35.90,31.90,-4.00,-11.14,31,BENTON3
ELE-D/L-PHI-LED-09W,PCS,Philips Essential Stick E27 9W LED Bulb,Lighting,8,19.90,15.90,-4.00,-20.10,6,CIMA
ELE-D/L-PHI-LED-11W/E27-YEL,PCS,Philips Essential 11W E27 LED Bulb,Lighting,6,20.90,16.90,-4.00,-19.14,18,CIMA
TOO-NIE-PLU-COU-800PHA,PCS,Nietz High Flow Quick Coupler Plug 50861802,Electrical,2,59.90,55.90,-4.00,-6.68,2,SUNWAY WINSTAR
GRA-SOR-SRT6641,PCS,Sorento Anti Odour Floor Trap Satin Finish,Plumbing,1,104.00,108.00,4.00,3.85,1,SYNTALUN
NIE-SOC-HAN-DEE-06P-1/2-14MM,PCS,Nietz Dr Deep Cr Socket (6PT) 50042014 14MM,Electrical,5,20.90,16.90,-4.00,-19.14,5,SUNWAY WINSTAR
NIE-SOC-HAN-DEE-06P-1/2-15MM,PCS,Nietz Dr Deep Cr Socket (6PT) 50042015 15MM,Electrical,5,20.90,16.90,-4.00,-19.14,5,SUNWAY WINSTAR
NIE-SOC-HAN-DEE-12P-1/2-15MM,PCS,Nietz Dr Deep Cr Socket (12PT) 50045015 15MM,Electrical,5,20.90,16.90,-4.00,-19.14,5,SUNWAY WINSTAR
SOA-CAB-CPA1088S,UNIT,Cabana Soap Dispenser (1000ML),Bathroom,1,104.00,108.00,4.00,3.85,1,HUE HOME
PAI-SPR-SAM-002,PCS,Samurai Spray Paint 2 White,Paint & Sundries,12,17.90,13.90,-4.00,-22.35,12,KIM KONG3
TOO-NIE-ALL-KEY-12MM,PCS,Nietz E/long Ball Point Satin Wrch 53252120 12MM,Power Tools,6,27.90,23.90,-4.00,-14.34,6,SUNWAY WINSTAR
HOS-FLE-VIP-6615,PCS,Vip Double Buckle S/s Flexible Hose V-6615,Outdoor & Garden,9,30.90,26.90,-4.00,-12.94,9,KIM KONG3
LOC-LUG-S822-073,SET,Stanley 20MM Keyed Combo Luggage Pad Lock (blue/grey),Locks & Security,12,37.90,33.90,-4.00,-10.55,12,CHIN LAI
TAP-SAN-SWP-B-3203,PCS,Basin Pillar Cold Tap SWP-SS-304-3203,Bathroom,4,114.00,118.00,4.00,3.51,4,VTC HARDWARE
BLE-MID-MBL-6010W,PCS,Midea Table Blender 1.25L 600W,Home Appliances,4,109.00,105.00,-4.00,-3.67,4,MIDEA
FOL-TAB-CNYX-Z152,PCS,5FT Folding Table (wooden Slats),Other,3,229.00,225.00,-4.00,-1.75,3,L.F. WHOLESALER
NIE-SOC-HAN-DEE-06P-1/2-16MM,PCS,Nietz Dr Deep Cr Socket (6PT) 50042016 16MM,Electrical,3,20.90,16.90,-4.00,-19.14,2,SUNWAY WINSTAR
BOS-F016-F04-559,PCS,Plastic Cable (art 23SL),Electrical,1,58.90,54.90,-4.00,-6.79,1,CMW ENGINEERING
TOO-NIE-SOC-HDL-12MM,PCS,Nietz T Hdl Deep Socket Wrch (6PT)50050212 12MM,Electrical,2,29.90,25.90,-4.00,-13.38,2,SUNWAY WINSTAR
"IND-TRO-KINTA-10""",UNIT,"King Kong H/d Two Wheel Hand Trolley- (10"")",Building Materials,2,294.00,298.00,4.00,1.36,2,KIM KONG3
TAP-PRE-TK-4516Q,PCS,Premio: Wall Sink Tap TK-4516Q,Kitchen & Sinks,2,169.00,173.00,4.00,2.37,2,ADDWORTH3%
NIP-TIM-1L-P,CAN,1L Nippon Timbershade Pastel Base,Paint & Sundries,2,57.90,53.90,-4.00,-6.91,2,PAINT MAR.2
HOS-INL-PVC2.0M,ROLL,Washing Machine Inlet Hose 2.0M,Outdoor & Garden,8,23.90,19.90,-4.00,-16.74,7,SYN JING LEE
LOC-COL-RK503,SET,Colex Key-a-like Anti Cut Padlock RK-503,Locks & Security,4,129.00,133.00,4.00,3.10,2,KIM KONG3
RYOTA-POL-R5010,UNIT,Ryota 5 Polisher Speed Control,Power Tools,5,179.00,175.00,-4.00,-2.23,5,CHUNG YANG3
SHO-ROU-ARM-6AR06,SET,"Leon ABS Round Shower Rose With ARM-6""AR-06",Bathroom,8,27.90,23.90,-4.00,-14.34,8,BOON SENG
LOC-COL-RK504,SET,Colex Key-a-like Anti Cut Padlock RK-504,Locks & Security,2,169.00,165.00,-4.00,-2.37,2,KIM KONG3
BOS-2608-615-232,PCS,110MM Diamond Cutting Disc Universal,Abrasives & Cutting,9,21.90,17.90,-4.00,-18.26,9,CMW ENGINEERING
X-ELE-LED-SOL-50W-6500K,EA,Solar Panel + LED Flood Light 50W,Lighting,1,174.00,178.00,4.00,2.30,1,SEBD3
BOS-1600-A00-D6H,PCS,Dust Cup Attachment,Power Tools,1,57.90,53.90,-4.00,-6.91,1,CMW ENGINEERING
NET-SUN-3MX3M-90%,PCS,3M X 3M Sunshade Netting (90% Black),"Rope, Chain & Netting",7,39.90,35.90,-4.00,-10.03,6,REXER3
DC-ZIJ-FF04-13(SET),SET,Electric Impact Drill / DZJ04-13,Power Tools,2,264.00,268.00,4.00,1.52,2,GL BOSUN3
NIE-SOC-HAN-DEE-12P-1/2-17MM,PCS,Nietz Dr Deep Cr Socket (12PT) 50045017 17MM,Electrical,1,21.90,17.90,-4.00,-18.26,1,SUNWAY WINSTAR
GAS-ROL-CLH GAS007,PCS,4 Wheels Premium Gas Tank Stand W/roller,Home Appliances,2,49.90,53.90,4.00,8.02,8,L.F. WHOLESALER
TOO-PLI-DIA-GT175,PCS,Glotool Diagonal Plier 7,Hand Tools,6,15.20,11.20,-4.00,-26.32,6,SONIC3
IND-FIL-3.0KG,ROLL,Stretch Film 2.5KG X 23 Micron X 500MM,Building Materials,36,41.90,37.90,-4.00,-9.55,36,ALIKE HARDWARE3
CUT-DIS-MARK-00900,PCS,Mr. Mark 108MM Segmented Diamond Wheel (1.8X8X20MM),Abrasives & Cutting,33,23.90,19.90,-4.00,-16.74,33,MAJOR HARVEST3
TOO-WRE-PIP-W450C,PCS,Heavy Pipe Wrench (450MM),Hand Tools,2,62.90,58.90,-4.00,-6.36,2,JUMBO
WEL-ELE-J38.12-2.5MM,PCK,Welding Electrode X 2.5MM (PCK),Welding,6,19.90,15.90,-4.00,-20.10,19,SONIC
CAR-WAX-MTS1,BTL,MTS1 Super Top Shine - 500ML,Automotive,30,23.90,19.90,-4.00,-16.74,30,S LINE TECH
"FAN-STA-IL-8""-60BK",PCS,Ilite Stand Fan 8 -60W Bk,Fans & Ventilation,6,119.00,115.00,-4.00,-3.36,6,TOP GAN
GUM-HAR-850W,SET,Silicon Hardex Anti Fungus White,Chemicals & Adhesives,19,13.20,9.20,-4.00,-30.30,19,KWONG TECK CHIONG
TOO-WRE-PIP-W300C,PCS,Heavy Pipe Wrench (300MM),Hand Tools,3,37.90,33.90,-4.00,-10.55,3,JUMBO
GUM-PVC-OCI-500G,TIN,Sr Oci PVC Gum 500G,Chemicals & Adhesives,15,23.90,19.90,-4.00,-16.74,15,SYARIKAT HUA KIONG
GAR-SHE-JM1002,PCS,Jayamata Pruning Shear Curved 8,Outdoor & Garden,9,22.90,18.90,-4.00,-17.47,8,KIONG JOUNG3
CUT-DEW-DW4790,PCS,"Diamond Blade, Continous Rim 4",Abrasives & Cutting,25,20.90,16.90,-4.00,-19.14,25,HUACHIAN ENGINEERING
HOS-CLE-00930,COIL,9MM X 30M Clear Hose,Outdoor & Garden,8,36.90,32.90,-4.00,-10.84,8,SHUN LI
HHD-TOI-COV-FTS-002021-1TKWHI,PCS,DL5 Eco L/duty Toilet Seat 202 + Child Seat,Bathroom,1,45.90,49.90,4.00,8.71,1,DALMAX3
"TOO-HOL-MAG-BOSSMAN-5""",PCS,Bossman Magnetic Weld Holder 5,Power Tools,4,39.90,35.90,-4.00,-10.03,4,KIONG JOUNG3
DOR-LOC-MOR-H-003,SET,Double Elephant Mortice Lock,Locks & Security,10,38.90,34.90,-4.00,-10.28,10,CHUAN HONG
PYE-FLE-SEAL-1.0KG-WHI,TIN,PYE Flexible Seal 1.0KG (white),Building Materials,20,32.90,28.90,-4.00,-12.16,19,BENTON3
SAF-MAS-3MR6200+3MR6003,SET,3M Half Facepiece RESPIRATOR+3M Organic Vapor,Safety & Workwear,3,129.00,125.00,-4.00,-3.10,3,SUNWAY WINSTAR
RAI-BOO-KRK-Y40#,PAIR,Rainshoes - 40 (7) 7000YLW,Curtains & Blinds,10,37.90,33.90,-4.00,-10.55,10,MAJOR HARVEST3
TIE-CAB-WHI-8MMX300MM,PCK,"White PVC Cable Ties (12"")",Electrical,8,20.90,16.90,-4.00,-19.14,7,SYN JING LEE
MEA-TAP-STA-8.0M,PCS,8M/26 X 1 Global Tape,Hand Tools,9,39.90,35.90,-4.00,-10.03,9,YUNG KONG
SWI-S/SKT-LWD-4013-13A,PCS,NNE 13A S/skt (sr),Electrical,78,13.30,9.30,-4.00,-30.08,75,FULL-LITE
LOC-ENT-EPO-H061/AC,SET,Epo Entrance Lock Set (H061/AC),Locks & Security,2,164.00,168.00,4.00,2.44,2,HSIN NGIE
SIN-CLE-DRA-07024(5HD),PCS,H/duty Drain Cleaner,Chemicals & Adhesives,6,18.50,22.50,4.00,21.62,6,REXER3
CUT-DEW-DW4785,PCS,"Diamond Blade, Dry 4",Abrasives & Cutting,12,24.90,20.90,-4.00,-16.06,12,HUACHIAN ENGINEERING
"TOO-BUTE-CLMP-CT8-32MM 1""",PCS,"32MM (1"") Bute Clamp Tool - CT-8",Hand Tools,1,269.00,265.00,-4.00,-1.49,1,BENTON
HHD-TOI-PAP-HOL-YG474,PCS,S/steel Toilet Paper,Bathroom,1,23.90,19.90,-4.00,-16.74,1,SYN JING LEE
BEA-PUL-EAS-E0061,PCS,Altea X 6 Bearing Puller,Other,6,39.90,35.90,-4.00,-10.03,6,JHT HARDWARE
BLI-HSS-HOL-SAW-25MM,PCS,Blimax Hss Hole SAW-25MM,Power Tool Accessories,5,18.80,14.80,-4.00,-21.28,5,BOON SENG
SAF-HEL-PRO-WHI,PCS,Progruard Safety Helmet - White,Safety & Workwear,16,20.90,16.90,-4.00,-19.14,11,SONIC3
X-CAR-WAX-MUL-CLE-A10,PCS,A10 Multi Clean - 500ML,Power Tools,2,29.90,25.90,-4.00,-13.38,2,S LINE TECH
TAP-PRE-TB-2016Q,PCS,Premio: Wall Bib Tap,Plumbing,5,93.90,89.90,-4.00,-4.26,5,ADDWORTH3%
TOO-PLI-CIR-WHS200,PCS,Intl Plier Straight 200MM,Hand Tools,1,24.90,20.90,-4.00,-16.06,1,JUMBO
"BRA-SHE-S/S-G785-12""",SET,G785 304 H/duty Shelf Bracket 12,Housewares,5,31.90,27.90,-4.00,-12.54,5,SYN JING LEE
SAF-SHO-NK80-06,PAIR,Neuking NK80 Black 06,Safety & Workwear,1,159.00,155.00,-4.00,-2.52,1,KWONG TECK CHIONG
"FAS-RIV-PAT-3/16""X3/8""-BOX",BOX,Blind Rivet: Jaguar 3/16 X 3/8 (500PCS/BOX),Fasteners & Fixings,2,31.90,27.90,-4.00,-12.54,4,KWONG TECK CHIONG
X-ELE-OSR-23W,PCS,Osram 3U 23W E27,Power Tools,2,24.90,20.90,-4.00,-16.06,2,ECO ENTERPRISE3
TOO-VIC-W2485,PCS,Heavy Hinged Pipe Vise 5,Plumbing,1,399.00,395.00,-4.00,-1.00,1,JUMBO
LOC-ENT-EPO-H051/AC,SET,Epo Entrance Lock Set (H051/AC),Locks & Security,1,134.00,138.00,4.00,2.99,1,HSIN NGIE
TOO-DRV-STA-SET-8PCS,SET,8PCS Cushion Grip S/dr Sets,Power Tools,1,79.90,75.90,-4.00,-5.01,1,YUNG KONG
"FAS-RIV-PAT-1/8""X1/4""-BOX",BOX,Blind Rivet: Jaguar 1/8 X 1/4 (1000PCS/BOX),Fasteners & Fixings,2,28.90,24.90,-4.00,-13.84,2,KWONG TECK CHIONG
IND-DUS-SCH-240L,UNIT,Schaefer Waste Container (green) 240L,Plumbing,2,314.00,318.00,4.00,1.27,2,GS SYSTEM3
SAF-COA-CLI-ORANGE-09114,PCS,Clip On Elastic Vest-orange Red,Safety & Workwear,7,18.50,14.50,-4.00,-21.62,7,SUNWAY WINSTAR
TOI-PLA-BOW,PCS,Plastic Toilet Bowl,Bathroom,4,31.90,27.90,-4.00,-12.54,4,WHA WEE
TOO-COM-IRO-BUL-44MM,PCS,44MM Iron Bull Spanner,Hand Tools,2,109.00,113.00,4.00,3.67,2,KIM KONG3
SHH-MASK-YD18-TAIWAN,PCS,Swim Mask (taiwan),Fishing & Tackle,6,20.90,16.90,-4.00,-19.14,5,SINHENHUA
WRE-RAT-17MMX19MM-SEN,PCS,Sensui Tail Ratchet Wrench 17MMX19MM,Hand Tools,3,40.90,36.90,-4.00,-9.78,3,CRYSTAL TRIUMPH S/B
WRE-RAT-17MMX21MM-SEN,PCS,Sensui Tail Ratchet Wrench 17MMX21MM,Hand Tools,3,40.90,36.90,-4.00,-9.78,3,CRYSTAL TRIUMPH S/B
BRO-MOP-MSCIR-300Q,PCS,300Q Circular Mop,Housewares,6,19.80,15.80,-4.00,-20.20,6,CHUNS TRADING
SAF-SLI-GLO-3TON5M,LGTH,Webbing Sling (glolift) 75MM 3 Ton X 5M,Lifting & Rigging,4,49.90,45.90,-4.00,-8.02,4,
TOO-NIE-SET-SCR-EXT-6#,SET,Nietz 6 Screw Extractor Set 12/240 50149806,Fasteners & Fixings,1,30.90,26.90,-4.00,-12.94,1,SUNWAY WINSTAR
SAF-SHO-SOB-07#,PAIR,Sobar P800 Safety Shoes 7,Safety & Workwear,2,56.90,52.90,-4.00,-7.03,2,SUNWAY WINSTAR
HOS-GAR-SET-SWHR-WA20M,SET,20M Wall Mounted Auto. Reel Retractable Set 1/2,Fishing & Tackle,3,369.00,365.00,-4.00,-1.08,3,VTC HARDWARE
COC-STO-B1198,PCS,1/2 Bliton Stopcock,Plumbing,5,58.90,54.90,-4.00,-6.79,5,CRYSTAL TRIUMPH S/B
COC-BIB-LION18,PCS,Brass Bib Cock - Lion Brand 18 MM,Plumbing,17,26.90,22.90,-4.00,-14.87,17,SONIC3
RAI-COA-SUP-XXL,PCS,Supersonic PVC Rain Coat : 2XL,Curtains & Blinds,3,30.90,26.90,-4.00,-12.94,3,SONIC3
STOP-LVL-TIL-STP-4017,PACK,PVC Tile Leveling Stopper (90PCS+-/PCK),Flooring,5,18.90,14.90,-4.00,-21.16,5,DALMAX3
SHO-BID-NOZZ-SN66,PCS,Vip Stainless Steel Spray Nozzle,Power Tool Accessories,8,29.90,25.90,-4.00,-13.38,7,KIM KONG3
CAR-WAS-SNOW-1L,PCS,Aa Care Care Snow Wash (premium) 1000ML,Automotive,6,21.90,17.90,-4.00,-18.26,5,AVEREST
GAR-SHE-TIG-8541,PCS,Telescopic Hadge Shear : Tiger Taiwai 8541,Outdoor & Garden,2,129.00,125.00,-4.00,-3.10,2,KWONG TECK CHIONG3
HOS-FIT-PI7-103#,PCS,PI7 Hose FITTING-103,Plumbing,12,16.30,12.30,-4.00,-24.54,11,BOON SENG
DZ-GEN-BSC-280X26,PCS,Star Flat 17 (mm),Other,3,21.90,17.90,-4.00,-18.26,3,GL BOSUN DIAMOND
"PAI-BRU-SEL-3""",PCS,3 Selleys All Purpose Paint Brush,Paint & Sundries,10,24.90,20.90,-4.00,-16.06,10,KIONG JOUNG3
FIR-EXT-ABC-1KG,NOS,1KG Abc Fire Extinguisher,Safety & Workwear,1,109.00,105.00,-4.00,-3.67,1,HUI SHEN
DOR-DEA-BOL-SGD-D262SS,PCS,SS St. Guchi Double Cyl. Deadbolt Lock,Locks & Security,1,58.90,54.90,-4.00,-6.79,1,VERTEX
IND-COO-MID-C20-RT2002,PCS,Midea Induction Cooker 2000W,Building Materials,4,159.00,155.00,-4.00,-2.52,4,MIDEA
SWI-T/SOC-FLE-913-2M3G,SET,Fle T/skt Sp TC-3GL-240B 913-2M,Electrical,7,23.90,19.90,-4.00,-16.74,7,FULL-LITE
SCA-CAM-ELE-EL10-31P,PCS,Camry Luggage Scale,Housewares,1,49.90,45.90,-4.00,-8.02,1,ZHONG YUAN3
SHH-SPE-FIS-FS605,PCS,Fish Spears (5PRONGS)/8105,Fishing & Tackle,3,16.50,12.50,-4.00,-24.24,3,SINHENHUA
PAI-TIG-250ML-9102,PCS,250ML Tiger Gloss Paint 9102,Paint & Sundries,12,14.90,10.90,-4.00,-26.85,12,TIE BROTHER3
TOO-PLI-CRI-STA-SET-998484253,PCS,9 Crimping Pliers Set,Power Tools,3,59.90,55.90,-4.00,-6.68,3,YUNG KONG
"FIT-YG235-TEE-1/2""-BRA",PCS,Brass Equal Tee 1/2,Plumbing,11,11.90,7.90,-4.00,-33.61,11,SYN JING LEE
GAR-HOE-CANG-KUL,PCS,Cangkul With Metal Handle,Doors & Hardware,8,20.90,16.90,-4.00,-19.14,7,ING PING3
HOS-GAR-REEL-TSU,SET,Tsunami 2 IN 1 Compact Garden Hose Reel 15M,Fishing & Tackle,3,159.00,155.00,-4.00,-2.52,3,SUNWAY WINSTAR
TOO-COM-IRO-BUL-30MM,PCS,30MM Iron Bull Spanner,Hand Tools,2,37.90,33.90,-4.00,-10.55,2,KIM KONG3
SAF-TRI-PVC,PCS,Picasaf Big Triangle Rflctve Stand&plastic Case,Safety & Workwear,19,24.90,20.90,-4.00,-16.06,19,SUNWAY WINSTAR
CAR-TYRE-SHI-BLU-500ML,BTL,Aa Car Care Tyre Shine (blue) 500ML,Automotive,3,23.90,19.90,-4.00,-16.74,3,AVEREST
DZ-GEN-BST-280,PCS,Star Bull Point,Other,2,20.90,16.90,-4.00,-19.14,2,GL BOSUN DIAMOND
GUM-SEL-KNE-STE-50G,PCS,Selleys Knead It Steel 50G,Chemicals & Adhesives,7,20.90,16.90,-4.00,-19.14,6,PAINT MAR.
AER-HOT-WAT-TAP,PCS,Aerico Hot Water Tap,Other,22,18.50,14.50,-4.00,-21.62,22,AERICO
DRI-BIT-116I,PCS,22MM Hitmax Diamond Core Bit,Power Tool Accessories,9,19.90,15.90,-4.00,-20.10,9,CRYSTAL TRIUMPH S/B
SAF-SHO-LAU-42#,PAIR,Laufen Safety Shoe 42/8,Safety & Workwear,3,119.00,115.00,-4.00,-3.36,3,FONG YUAN HUNG
RAI-COA-SUP-XXXL,PCS,Supersonic PVC Rain Coat : 3XL,Curtains & Blinds,1,30.90,26.90,-4.00,-12.94,1,SONIC3
RAI-COA-PON-1020L-GRE,PCS,0.10MM Heavt Vinyl Poncho Raincoat - Green,Curtains & Blinds,23,13.20,9.20,-4.00,-30.30,23,CHUNS TRADING
GRA-CUT-LIN-GTL2430,PCK,Bestul Wire Rope Trimmer Line -2.4MM,Lifting & Rigging,8,33.90,29.90,-4.00,-11.80,8,BESMA3
TOO-PLI-LON-STA-200,PCS,8 Maxgrip Bi-material Long Nose Pliers,Power Tools,2,46.90,42.90,-4.00,-8.53,2,YUNG KONG
SAF-HEL-PIC-9910-YEL,PCS,Picasaf 9910 SIRIM Saf. Hel Fsn Headgear-yel,Safety & Workwear,12,20.90,16.90,-4.00,-19.14,12,SUNWAY WINSTAR
SCI-S/STEEL-TS265,PCS,S/steel Scissors 6.5,Other,1,21.90,17.90,-4.00,-18.26,1,SA ENTERPRISE
SMR-TCT-HOL-SAW-32MM,PCS,Smr Tct Holesaw 32MM,Power Tool Accessories,3,36.90,32.90,-4.00,-10.84,3,SYN JING LEE
SAF-SHO-LAU-44#,PAIR,Laufen Safety Shoe 44/10,Safety & Workwear,2,119.00,115.00,-4.00,-3.36,1,FONG YUAN HUNG
BBQ-CHA-BRI-3KG,BOX,3KG Charcoal Briquette,Outdoor & Garden,3,25.90,21.90,-4.00,-15.44,3,L.F. WHOLESALER
LOC-TRI-NUM-MIX-20MM,PCS,Tri-circle Number Padlock 20MM,Locks & Security,13,16.50,12.50,-4.00,-24.24,12,KWONG TECK CHIONG3
TOO-CUT-BOLW09,PCS,W09 Mini Bolt Cutter 200MM,Fasteners & Fixings,2,25.90,21.90,-4.00,-15.44,2,JUMBO
TAP-SKC-M06X1.00,SET,Skc Hand Tap M06 X 1.00,Plumbing,2,23.90,19.90,-4.00,-16.74,2,SONIC3
CAR-TYRE-SHI-SHA-TWIN-PCK-500ML,PCS,Aa Car Care Tyre Shine + Wash Shampoo (twin Pack) 500ML,Automotive,7,24.90,20.90,-4.00,-16.06,7,AVEREST
WEL-HOL-SAM-600AMP,PCS,Samson Welding Holder - 600 Amp,Welding,6,27.90,23.90,-4.00,-14.34,5,SONIC3
TOO-WRE-AHD10,UNIT,10 Arrow Black-finished H/d Adjustable Wrench,Hand Tools,3,49.90,45.90,-4.00,-8.02,3,CHIN LAI
COC-BAL-MMAN-619,PCS,M'man Bib Tap Lever Handle - 619,Plumbing,20,19.90,15.90,-4.00,-20.10,20,JHT HARDWARE
SIN-BAS-VIP-NO.51,PCS,No. 51 Vip Washbasin Waste (pop-up) W/o Overflow,Plumbing,1,36.90,32.90,-4.00,-10.84,1,KIM KONG3
BRU-WIP-100933-SET+GS2212,SET,2 IN 1 Rubber Squeeze With Broom - Set,Housewares,5,26.90,22.90,-4.00,-14.87,4,DALMAX3
SWI-PLU-UMS-150 15A,PCS,Ums 15A Air Cond P/top SIRIM,Electrical,3,11.90,7.90,-4.00,-33.61,2,FULL-LITE
JAC-BOT-CNN-R15TON,PCS,China Bottle Jack - 15 Ton,Lifting & Rigging,1,129.00,125.00,-4.00,-3.10,1,SONIC3
RAI-BOO-BLA-RUB-40,PAIR,8835 Black Rubber Shoes 40,Curtains & Blinds,9,13.90,9.90,-4.00,-28.78,9,DHAI SHENG
RAI-COA-SUP-M,PCS,Supersonic PVC Rain Coat: M,Curtains & Blinds,4,30.90,26.90,-4.00,-12.94,4,SONIC3
FLO-MOC-WGC902D,PCS,Noto White WGC902D 300X600MM,Flooring,1,10.40,6.40,-4.00,-38.46,1,ZHEN HUA HUNG
"TOO-FIL-SJG200-8""",PCS,8 King Top Triangle File Set,Hand Tools,8,15.20,11.20,-4.00,-26.32,8,LI HARDWARE
HAR-THR-LOK-6271-10ML,PCS,Thread Lok:hardex 6271 10ML,Other,6,19.90,15.90,-4.00,-20.10,5,KWONG TECK CHIONG
COC-BIB-DOU-5599,PCS,Double T-shaped Tap - 5599,Plumbing,8,39.90,35.90,-4.00,-10.03,7,JHT HARDWARE
SHH-ROD-777S150,PCS,"777 Sin Solid Rod 150 (5'0"") Fishing Rod (4+1)(MIX Clr)",Fishing & Tackle,3,34.90,30.90,-4.00,-11.46,3,SINHENHUA
SWI-ADA-MUL-AKO79S-3W,PCS,Akkostar 3WAY Multi Adaptor Switch (AKO79S),Electrical,1,26.90,22.90,-4.00,-14.87,0,ECO ENTERPRISE3
CUT-PIP-PVC-PPC-42MM,PCS,Arrow PVC Pipe Cutter,Plumbing,2,22.90,18.90,-4.00,-17.47,2,CHIN LAI
CUT-KNI-AUK69,PCS,Arrow Heavy Duty Uility Knife,Abrasives & Cutting,4,23.90,19.90,-4.00,-16.74,4,CHIN LAI
RAI-COA-SUP-L,PCS,Supersonic PVC Rain Coat : L,Curtains & Blinds,3,30.90,26.90,-4.00,-12.94,3,SONIC3
RAI-COA-SUP-XL,PCS,Supersonic PVC Rain Coat : XL,Curtains & Blinds,3,30.90,26.90,-4.00,-12.94,3,SONIC3
CAR-MULT-CLEA-500ML,BTL,Aa Car Care Multi Purpose Cleaner 500ML,Automotive,3,29.90,25.90,-4.00,-13.38,5,AVEREST
SWI-S/SKT-LWD-0041,PCS,Lwd 0041 F3 4G 1W Switch SIRIM,Electrical,13,19.80,15.80,-4.00,-20.20,13,FULL-LITE
RAI-BOO-BLA-RUB-37,PAIR,8835 Black Rubber Shoes 37,Curtains & Blinds,6,13.90,9.90,-4.00,-28.78,6,DHAI SHENG
"SHH-ROU-LAN-NET-19""",PCS,Round Landing Net 19 PE Net,Fishing & Tackle,2,37.90,33.90,-4.00,-10.55,2,SINHENHUA
MER-M800,CAN,Fiber X 0.28KG,Building Materials,2,33.90,29.90,-4.00,-11.80,2,HUONG SING
CAR-WAX-ANT-REPELL,PCS,Ant Repellent 500ML,Automotive,2,30.90,26.90,-4.00,-12.94,8,S LINE TECH
RAI-BOO-BLA-RUB-36,PAIR,8835 Black Rubber Shoes 36,Curtains & Blinds,4,13.90,9.90,-4.00,-28.78,4,DHAI SHENG
RAI-BOO-BLA-RUB-38,PAIR,8835 Black Rubber Shoes 38,Curtains & Blinds,4,13.90,9.90,-4.00,-28.78,4,DHAI SHENG
RAI-BOO-BLA-RUB-41,PAIR,8835 Black Rubber Shoes 41,Curtains & Blinds,4,13.90,9.90,-4.00,-28.78,4,DHAI SHENG
TOO-CUT-BOL-STA-992014318,PCS,"18""/457MM Bolt Cutter",Fasteners & Fixings,1,124.00,128.00,4.00,3.23,1,YUNG KONG
"AER-RO-JOI-4""+2""",PCS,Aerico 4 + 2 Ro Joint,Other,1,38.90,34.90,-4.00,-10.28,1,AERICO
"DRI-AUG-BIT-3/4""X200",PCS,3/4 X 200 Star-m Auger Bit (b),Power Tool Accessories,5,21.90,17.90,-4.00,-18.26,5,WHA WEE
BURR-ROT-MB009,SET,6PCS Rotary Tungsten Burr,Power Tool Accessories,2,51.90,47.90,-4.00,-7.71,2,CRYSTAL TRIUMPH S/B
PAI-GAL-6G-9600,PCS,9600 6G Pail,Housewares,1,25.90,21.90,-4.00,-15.44,1,ING CHOON
CUT-DIS-YES-120#,PCS,Yes Line/bison Green Grinding Disc 4 X 120,Abrasives & Cutting,2,10.50,6.50,-4.00,-38.10,1,KIONG JOUNG3
"DRI-AUG-SDS-5/8""",PCS,5/8 Sds Plus Auger Bit,Power Tool Accessories,3,19.90,15.90,-4.00,-20.10,3,DALMAX3
DRI-BIT-MA030,SET,35MM Asuma Tct Hole Saw Bit,Power Tool Accessories,3,18.50,14.50,-4.00,-21.62,3,CRYSTAL TRIUMPH S/B
SHH-FROG-359114,PCS,359114 Santec Combait Poisonfrox Frog 35MM (soft Body),Fishing & Tackle,1,16.50,12.50,-4.00,-24.24,1,SINHENHUA
ELE-D/L-MEG-YTP38B1-10W,PCS,Megaman LED Stick Bulb Plc YTP38B1 10W/6500K,Lighting,38,15.70,11.80,-3.90,-24.84,38,FULL-LITE
ELE-D/L-MEG-YTP38B1-10W-4000K,PCS,Megaman LED Stick Bulb Plc YTP38B1 10W/4000K,Lighting,35,15.70,11.80,-3.90,-24.84,35,FULL-LITE
ELE-D/L-MEG-YTP38B1-10W-3000K,PCS,Megaman LED Stick Bulb Plc YTP38B1 10W/3000K,Lighting,30,15.70,11.80,-3.90,-24.84,30,FULL-LITE
NIP-9000-GF-1L-A,CAN,1L Nippon 9000 Gf Accent Base,Paint & Sundries,8,64.90,68.80,3.90,6.01,7,PAINT MAR.2
BAT-ENE-HD-D2PCS,PCK,Eveready HD D 2 Pc,Electrical,61,9.80,5.90,-3.90,-39.80,60,HUA BAN
NIETZ-MOU-FLA-WHE-57122100,PCS,Nietz Mounted Flap Wheel 57122100,Abrasives & Cutting,4,11.80,7.90,-3.90,-33.05,4,SUNWAY WINSTAR
BAS-SOR-SRTW1100-BL,PCS,Sorento Pop Up Waste 80MM Over Flow,Plumbing,1,91.90,88.00,-3.90,-4.24,1,SYNTALUN
GAS-STO-HM-HGB-811,UNIT,Homa Plus Cast Iron Stove (5.5KG)-HGB811,Home Appliances,4,139.00,142.90,3.90,2.81,4,L.F. WHOLESALER
WAS-BAS-BA802-WHT,NOS,L306 Wall Hung Wash Basin (b),Bathroom,6,82.90,79.00,-3.90,-4.70,6,IN CERAMICS SDN. BHD
CUT-BLA-WOO-15030T,PCS,Glotool 100MM Tct Saw Blade Wood 105MM X 30T,Power Tool Accessories,6,12.10,8.20,-3.90,-32.23,6,SONIC3
NIP-ZIN-GRE-GRE-1L,CAN,1L Nippon Zinc Chromate Primer Grey Green,Paint & Sundries,3,51.90,48.00,-3.90,-7.51,3,
BOS-2608-619-766,PC,14 Cutting Disc (14 X 2.8 X 25.4MM),Abrasives & Cutting,20,19.40,15.50,-3.90,-20.10,20,CMW ENGINEERING
BOS-2608-667-446,PCS,Jigsaw Blade For PVC,Power Tool Accessories,4,13.20,9.30,-3.90,-29.55,2,CMW ENGINEERING
BOS-2604-321-919,SET,Carbon Brush Gst 65,Power Tools,3,26.90,23.00,-3.90,-14.50,3,CMW ENGINEERING
HOO-CAB-CB807-3,UNIT,Cabana S/steel 3 Robe Hook (satin),Doors & Hardware,8,49.90,46.00,-3.90,-7.82,8,HUE HOME
CHE-LUB-HD4D-120ML,TIN,4D Penetrant/lubricant Spray: HD412/120ML,Chemicals & Adhesives,31,10.80,6.90,-3.90,-36.11,30,KWONG TECK CHIONG3
SWI-T/SOC-MS3255-5-5M5G,PCS,Morries Extension Socket 5G 5M W Neon,Electrical,4,72.90,69.00,-3.90,-5.35,4,YUAN MING
HAR-BON-NAIL-RS880-75G,PCS,Bonding Nail:hardex 75G,Fasteners & Fixings,21,12.40,8.50,-3.90,-31.45,21,KWONG TECK CHIONG
HOS-CLE-01930,COIL,19MM X 30M Clear Hose,Outdoor & Garden,4,66.90,63.00,-3.90,-5.83,4,SHUN LI
DRI-26170(4-12),PCS,Br 6250 Hex Shank Step Drill 4-12MM,Power Tool Accessories,10,19.80,15.90,-3.90,-19.70,9,REXER3
BBQ-GRI-JJD-B017,PCS,38X50CM Bbq Grid,Outdoor & Garden,7,16.40,12.50,-3.90,-23.78,7,CHUNS TRADING
GUM-HAR-30,SET,Metal Expoxy Hardex 3 Ton,Lifting & Rigging,24,12.80,8.90,-3.90,-30.47,23,KWONG TECK CHIONG
TOO-PLI-NOSW106150,PCS,C106 Long Nose Pliers 150MM,Power Tools,4,19.80,15.90,-3.90,-19.70,4,JUMBO
TOO-ELE-PUMW0617,PCS,Tin Suction Pump,Pumps & Water,6,11.80,7.90,-3.90,-33.05,5,JUMBO
BAS-CAB-CKS330/331BK,UNIT,Cabana Basket - (400X260),Housewares,2,82.90,79.00,-3.90,-4.70,2,HUE HOME
"TOO-FIL-WOO-8""",PCS,D'xin (DX-FH-6908) Taper Head Wood Rasp 8,Power Tools,3,19.40,15.50,-3.90,-20.10,2,HSIN NGIE
TOO-COM-IRO-BUL-38MM,PCS,38MM Iron Bull Spanner,Hand Tools,3,74.90,78.80,3.90,5.21,3,KIM KONG3
"ADH-TAP-3""",ROLL,Waterproof Flex Tape,Chemicals & Adhesives,2,19.80,15.90,-3.90,-19.70,2,SYN JING LEE
BRO-FLO-NYL-203,PCS,203 Nylon Broom With Handle,Doors & Hardware,43,10.10,6.20,-3.90,-38.61,43,ING CHOON
ELE-GRW-10A1PMCB,EA,Grow 10A 1P Mcb,Electrical,50,10.40,6.50,-3.90,-37.50,48,SEBD3
ELE-GRW-32A1PMCB,EA,Grow 32A 1P Mcb,Electrical,42,10.40,6.50,-3.90,-37.50,42,SEBD3
PAI-STCND2554,PCS,4G Plastic Pail,Housewares,81,10.80,6.90,-3.90,-36.11,80,CHUNS TRADING
SANDEX-VEL-PAD-M14,PCS,"Sandex 7 Velcro Backing Pad, M14",Abrasives & Cutting,4,19.80,15.90,-3.90,-19.70,4,CHUNG YANG3
"HOS-FLE-OTO-966-68MB-24""",PCS,"OTOSANI""304 Nut 24 High Pressure Flex Hose (mb)",Fasteners & Fixings,10,19.80,15.90,-3.90,-19.70,9,CHUAN HONG
STO-MOU-M7-25X48,PCS,Mounted Stone:k-prix Korea M7 (25X48),Abrasives & Cutting,5,13.10,9.20,-3.90,-29.77,5,KWONG TECK CHIONG3
ELE-GRW-16A1PMCB,EA,Grow 16A 1P Mcb,Electrical,30,10.40,6.50,-3.90,-37.50,30,SEBD3
SHH-REEL-HA2000,PCS,HA2000 Reel (14),Fishing & Tackle,1,64.90,61.00,-3.90,-6.01,1,SINHENHUA
PAI-BRU-LEON-830-75MM,PCS,Leon 830 Nylon Paint Brush 3,Paint & Sundries,14,15.10,11.20,-3.90,-25.83,14,BOON SENG
GRA-CUT-BLA-12037(12),PCS,12 Grass Blade-s Trimmer Blade-small,Outdoor & Garden,1,18.70,14.80,-3.90,-20.86,1,REXER3
ELE-GRW-06A1PMCB,EA,Grow 6A 1P Mcb,Electrical,25,10.40,6.50,-3.90,-37.50,24,SEBD3
SWI-SOC-ULT-M073W,PCS,Ultra 1 GANG Tel Outlet (RJ11)-WHITE (M073W),Electrical,9,17.00,13.10,-3.90,-22.94,9,TRISTAR
BRO-FLO-NYL-201,PCS,201 Nylon Broom With Handle,Doors & Hardware,17,11.10,7.20,-3.90,-35.14,14,ING CHOON
TOI-TRAP-AC532P,NOS,P-trap AC532P,Plumbing,3,42.90,39.00,-3.90,-9.09,3,IN CERAMICS SDN. BHD
LOC-SAN-SHA-PB26550MM,PCS,Sanlock Pb Pad 50MM Long Shackle,Lifting & Rigging,2,19.40,15.50,-3.90,-20.10,2,BOON SENG
GAR-PRU-25MM-BTP-25,PCS,Bossman Tree Pruner Without Saw 25MM,Outdoor & Garden,2,68.90,65.00,-3.90,-5.66,2,CHIN LAI
RIG-HOO-SLI-12MM,PCS,Clevis Slip Hook 12MM,Lifting & Rigging,2,25.90,22.00,-3.90,-15.06,2,SONIC3
VAL-CAB-CB2131,UNIT,Cabana Angle Valve CB2131,Plumbing,2,35.90,32.00,-3.90,-10.86,2,
VAL-CAB-CB2132,UNIT,Cabana Angle Valve CB2132,Plumbing,2,35.90,32.00,-3.90,-10.86,2,HUE HOME
VAL-CAB-CB2136,UNIT,Cabana Angle Valve CB2136,Plumbing,2,35.90,32.00,-3.90,-10.86,2,HUE HOME
TAP-CAB-CB9106,UNIT,Cabana Bib Tap CB9106,Plumbing,1,69.90,66.00,-3.90,-5.58,1,HUE HOME
"WOO-TIM-2""X2""X12'",PCS,Mlh Sawn Timber 2 X 2 X 12,Building Materials,7,29.90,26.00,-3.90,-13.04,7,TONG DA
ELE-GRW-20A1PMCB,EA,Grow 20A 1P Mcb,Electrical,9,10.40,6.50,-3.90,-37.50,7,SEBD3
ALUM-ROU-32MM-20'-MB,PCS,Mb X 20 X 1.1/4 Round Tube,Building Materials,2,82.90,79.00,-3.90,-4.70,2,YUNG HUAT
CHI-FOO-4712P,PCS,12 Food Container For Chicken W/partition,Outdoor & Garden,4,12.80,8.90,-3.90,-30.47,4,ING CHOON
GAS-LIG-081,PCS,349 Flexible Refillable Gas Lighter,Home Appliances,1,12.80,8.90,-3.90,-30.47,0,FULL-LITE
"IND-TRO-SPO-3X9""",PCS,3 X 9 Sponge Trowel,Hand Tools,11,12.50,8.60,-3.90,-31.20,11,WHA WEE
SWI-PLK-1G1W-5011,PCS,Plk 5011/1311 10A 1G 1W Switch SIRIM,Electrical,22,10.20,6.30,-3.90,-38.24,21,FULL-LITE
"HOI-PUL-SIN-2""",PCS,Single Pulley 2,Lifting & Rigging,7,10.80,6.90,-3.90,-36.11,6,SONIC3
GWS060-BEARING-607-2RSH/C3,PCS,607 Bearing For Gws 060 Whi,Other,3,23.90,20.00,-3.90,-16.32,3,SIBU BEARINGS
TOO-SPA-BEN-09MM,PCS,Bend Spanner 3/8,Hand Tools,4,16.20,12.30,-3.90,-24.07,4,SONIC3
BNW-B&N-ORI-12200,KGS,Mild Steel Bolt & Nut 1/2 X 8,Fasteners & Fixings,13,13.40,9.50,-3.90,-29.10,13.32,SONIC3
WEL-NOZ-BOC-P1/16,PCS,Boc Cutting Nozzle - 1/16 (pnme),Power Tool Accessories,10,15.40,11.50,-3.90,-25.32,10,SONIC3
WEL-NOZ-BOC-P3/64,PCS,Boc Cutting Nozzle - 3/64 (pnme),Power Tool Accessories,8,15.40,11.50,-3.90,-25.32,8,SONIC3
ELE-D/L-MEG-YTA70Z1-15W,PCS,Megaman A70 E27 LED Bulb YTA70Z1 15W/6500K,Lighting,31,17.70,13.90,-3.80,-21.47,26,FULL-LITE
NIP-PHG-1L-T,CAN,1L Platone High Gloss Tint Base,Paint & Sundries,22,41.90,38.10,-3.80,-9.07,22,PAINT MAR.2
NIETZ-MOU-FLA-WHE-57122080,PCS,Nietz Mounted Flap Wheel 57122080,Abrasives & Cutting,3,11.70,7.90,-3.80,-32.48,3,SUNWAY WINSTAR
PAI-SPR-SAM-024,PCS,Samurai Spray Paint 24 Tropicana,Paint & Sundries,11,17.70,13.90,-3.80,-21.47,11,KIM KONG3
ELE-D/L-PHI-LED-9W,PCS,Philips Essential 9W E27 LED Bulb 6500K,Lighting,9,19.70,15.90,-3.80,-19.29,21,CIMA
PAI-TIG-250ML-YEL,TIN,250ML Tiger G. P Yellow,Paint & Sundries,6,14.70,10.90,-3.80,-25.85,6,TIE BROTHER3
TOO-PLI-JOI-WNS506E,PCS,Slip Joint Pliers 150MM,Power Tools,5,15.00,11.20,-3.80,-25.33,4,JUMBO
SPO-SCOTCH-BRITE-3M,PCK,3M Scotch Brite 31B 3PCS Scouring Pad (KH1578-6),Other,44,11.00,7.20,-3.80,-34.55,43,L.F. WHOLESALER
TOO-NIE-TAM-T30,PCS,Nietz E/long Tamper Tx-star Wrench (red) 53283030,Hand Tools,2,14.30,10.50,-3.80,-26.57,2,SUNWAY WINSTAR
BAT-PSN-LIT3V-CR-1616/5BE,PCS,CR-1616/5B Lithium 3V,Electrical,22,11.30,7.50,-3.80,-33.63,22,MOUNT OLIVE
STO-MOU-A11-22X250,PCS,Mounted Stone:k-prix Korea A11 (22X50),Abrasives & Cutting,7,12.30,8.50,-3.80,-30.89,7,KWONG TECK CHIONG3
"ELE-PVC-CAS-2""X2""",LGTH,Kancil 2 X 2 X6FT PVC Casing,Electrical,12,19.70,15.90,-3.80,-19.29,12,SEBD3
BAT-PSN-LIT3V-CR-1620/5BE,PCS,CR-1620/5B Lithium 3V,Electrical,20,11.30,7.50,-3.80,-33.63,20,MOUNT OLIVE
SWI-SOC-ULT-M20AW,PCS,Ultra 20A Dou Pole Swi Neon-white (M20AW),Electrical,8,27.90,24.10,-3.80,-13.62,7,TRISTAR
X-FLO-MOC-M44100,PCS,400MM X 400MM Ceramic Tiles,Power Tools,3,8.70,4.90,-3.80,-43.68,3,MUDA
HDD-STO-JM106,PCS,8 Double Col Sharpening Stone,Other,5,14.30,10.50,-3.80,-26.57,5,TIE BROTHER3
FAS-BOL-EXP-OAC130-M8X90X50,PCS,Brain Expansion Eye Bolt OAC130 M8X90X50,Fasteners & Fixings,19,10.60,6.80,-3.80,-35.85,19,KIM KONG
"AER-FA6-3""-FITTING",PCS,Aerico FA6-3 Fitting,Plumbing,11,16.70,12.90,-3.80,-22.75,11,AERICO
IND-PLU-BOB-400G-PCK,PCS,400G Plumb Bobs (pack),Building Materials,6,15.70,11.90,-3.80,-24.20,6,TIE BROTHER3
BAT-PSN-LIT3V-CR-1632/5BE,PCS,CR-1632/5B Lithium 3V,Electrical,12,11.30,7.50,-3.80,-33.63,12,MOUNT OLIVE
COV-HAR-JM-334,PCS,Jayamata Harvesting Palm Oil Chisel PVC Cover Only,Hand Tools,4,11.50,7.70,-3.80,-33.04,4,KIONG JOUNG3
SHH-SPE-FIS-FS604,PCS,Fish Spears (4PRONGS)/8105 (SFF4),Fishing & Tackle,3,15.40,11.60,-3.80,-24.68,3,SINHENHUA
IND-CEM-3KG-GRE,PKT,3KG Scincrete Tile Filla-dark Green 317,Paint & Sundries,8,16.70,12.90,-3.80,-22.75,8,ING PING3
IND-CEM-3KG-IVO,PKT,3KG Scincrete Tile Filla-ivory 303,Paint & Sundries,8,16.70,12.90,-3.80,-22.75,8,ING PING3
RIG-HOO-GRA-09MM,PCS,Clevis Grab Hook 09MM,Lifting & Rigging,4,14.30,10.50,-3.80,-26.57,4,SONIC3
IND-CEM-3KG-BLA,PKT,3KG Scincrete Tile Filla-black 300,Paint & Sundries,7,16.70,12.90,-3.80,-22.75,7,ING PING3
FIT-UPVC-BEN-ELB-45-110MM,PCS,U-pvc Bend (elbow) 110MM 4 45-DEG,Plumbing,7,12.30,8.50,-3.80,-30.89,7,KIONG SING
X-FLO-MOC-BR3060PZPG,PCS,BR3060PZPG 300X600MM,Power Tools,1,9.70,5.90,-3.80,-39.18,1,BRAVO-LINE
X-FLO-MOC-BR3060PZPW,PCS,BR3060PZPW 300X600MM,Power Tools,1,9.70,5.90,-3.80,-39.18,1,BRAVO-LINE
FIT-GAL-TEE-38MM,PCS,Galvanised Tee (130) 38MM,Plumbing,8,14.80,11.00,-3.80,-25.68,8,SONIC3
IND-CEM-3KG-RED,PKT,3KG Scincrete Tile Filla-spinach 309,Paint & Sundries,5,16.70,12.90,-3.80,-22.75,5,ING PING3
IND-CAS-GLI-RIG-65MM,EA,2 1/2 IN Glide Rigid Caster Wheel,Building Materials,17,12.50,8.70,-3.80,-30.40,17,CHIONG SENG
"GAR-SAW-MAR-14""",PCS,M'man Pruning Saw 2116,Outdoor & Garden,4,17.70,13.90,-3.80,-21.47,4,JHT HARDWARE
SHH-HOOK-HOLDER-YHH20,PCS,Yes Hook Holder 20CM-YHH20,Fishing & Tackle,1,15.70,11.90,-3.80,-24.20,1,SINHENHUA
SWI-OMS-MIR-SHORT,PCS,Series Microswitch Limit Switch Short,Electrical,27,1.20,5.00,3.80,316.67,27,GOLDEN DAY
"TOO-FIL-SJG150-6""",PCS,6 King Top Triangle File Set,Hand Tools,9,13.50,9.70,-3.80,-28.15,9,LI HARDWARE
"PIP-UPVC-4""",MTR,4 (110MM) Ut X 6M Upvc Pipe (MTR),Plumbing,33,9.10,12.90,3.80,41.76,195.2,HUA BAN
BNW-WAS-COM-16MM,KGS,Zinc Plated Washer 5/8,Fasteners & Fixings,11,15.30,11.50,-3.80,-24.84,11.03,SONIC3
AER-COL-WAT-TAP-FEMALE,PCS,Aerico Cold Water Tap (female),Other,3,16.50,12.70,-3.80,-23.03,3,AERICO
PLA-BAG-BLA-08X10,PCK,8 X 10 X 1KG PE (black),Packaging,3,14.70,10.90,-3.80,-25.85,5,SA GENERAL PLASTIC
WOO-PLY-BOA-3MM,PCS,Mdf Board 3MM X 4 X 8,Building Materials,2,17.60,13.80,-3.80,-21.59,2,KIMWOOD
CUT-SAW-HANDLE,PCS,Supersawman Handsaw Handle,Doors & Hardware,1,10.90,7.10,-3.80,-34.86,1,WHA WEE
ELE-PVC-SOC-3M,LTH,3/4 X 3M Ep Socket (white),Electrical,11,8.50,4.70,-3.80,-44.71,11,HUA BAN
WEL-NOZ-BOC-A3/64,PCS,Boc Cutting Nozzle - 3/64 (anme),Power Tool Accessories,3,19.30,15.50,-3.80,-19.69,3,SONIC3
TOO-PLI-DIA-K0011,PCS,Standard 9421 6 B/h Diagonal Cutting Plier (tw),Hand Tools,1,16.70,12.90,-3.80,-22.75,0,DALMAX3
PLA-BAG-BLA-06X09,KG,6 X 9 X 1KG PE (black),Packaging,1,14.30,10.50,-3.80,-26.57,5,SA GENERAL PLASTIC
TAB-SHE-PVC-Y125A,MTR,Y-125A PVC Sheet,Housewares,0,10.70,6.90,-3.80,-35.51,0.4,CHUNS TRADING
ELE-BUL-E27-10W-RED,PCS,Taicon E27 Stick Bulb Red 10W,Lighting,17,11.60,7.90,-3.70,-31.90,17,ECO ENTERPRISE3
ELE-D/L-MEG-YTA65Z2-12W,PCS,Megaman A65 E27 LED Bulb,Lighting,26,15.00,11.30,-3.70,-24.67,22,FULL-LITE
MEA-TAP-STE-GLO-10M,PCS,Glotool Steel Tape Type:b 10.0M,Hand Tools,7,20.00,16.30,-3.70,-18.50,4,SONIC3
NIETZ-MOU-FLA-WHE-57122120,PCS,Nietz Mounted Flap Wheel 57122120,Abrasives & Cutting,3,11.60,7.90,-3.70,-31.90,3,SUNWAY WINSTAR
PAI-ROL-REF-T6010,PCS,10 Tech-klon Roller Refill,Paint & Sundries,29,17.60,13.90,-3.70,-21.02,29,CRYSTAL TRIUMPH S/B
GUM-HAR-205,SET,Clear Epoxy Hardex 5 Min,Chemicals & Adhesives,16,13.60,9.90,-3.70,-27.21,26,KWONG TECK CHIONG
IND-PUN-PVCB,PCS,PVC Thai Pongkis - Yellow,Building Materials,78,13.60,9.90,-3.70,-27.21,78,MAJOR HARVEST3
RIG-SHA-BOW-G209-20MM,PCS,Pin Type Bow Shackle (G209) 20 MM,Lifting & Rigging,5,19.90,16.20,-3.70,-18.59,5,SONIC3
TOO-WRE-PIP-A200MM,PCS,Glotool Pipe Wrench American Type 8,Hand Tools,3,17.20,13.50,-3.70,-21.51,3,SONIC3
GAR-HOE-12141,PCS,Gh 202 2WAY Rubber Handle Hoe,Doors & Hardware,10,13.20,9.50,-3.70,-28.03,10,REXER3
GAR-HOE-106B,PCS,Garden Hoes With Wood Handle 106B,Doors & Hardware,9,13.20,9.50,-3.70,-28.03,9,WHA WEE
HOS-HOL-EAG-EG3100,PCS,Eagle Plastic Hose Holder,Outdoor & Garden,4,22.90,19.20,-3.70,-16.16,4,HSIN NGIE
TOO-DRV-PRE-7391B,SET,Precision Screw Driver (+/-),Fasteners & Fixings,6,17.20,13.50,-3.70,-21.51,6,SYN JING LEE
GRA-CUT-BRU-4140306001,PAIR,Brush Pair,Outdoor & Garden,3,18.70,15.00,-3.70,-19.79,3,HUACHIAN ENGINEERING
"SANDEX-VEL-PAD-M10-5""",PCS,"Sandex 5 Velcro Backing PAD,M10",Abrasives & Cutting,9,17.60,13.90,-3.70,-21.02,6,CHUNG YANG3
TOO-SCR-EXTW0611,SET,5PCS Screw Extractor,Fasteners & Fixings,5,13.60,9.90,-3.70,-27.21,5,JUMBO
TOO-COM-IRO-BUL-21MM,PCS,21MM Iron Bull Spanner,Hand Tools,8,16.60,12.90,-3.70,-22.29,8,KIM KONG3
SHH-REEL-1188S165,PCS,"1188 Sin Udang Galah TRANSPARENT165(5'6"")PRAWN Rod (7+1)",Fishing & Tackle,2,32.90,29.20,-3.70,-11.25,2,SINHENHUA
TOO-ELE-TES-BT9006,PCS,Bt Automobile Tester With Clips,Power Tools,15,16.60,12.90,-3.70,-22.29,15,DALMAX3
PAI-SPR-KIMLAC-9612,TIN,Kimlac Brand Spray Paint 9612,Paint & Sundries,11,19.20,22.90,3.70,19.27,11,KANGAROO PAINT
GAR-SHO-12140,PCS,Gt 609 Rubber Handle Garden Shovel,Doors & Hardware,13,13.20,9.50,-3.70,-28.03,13,REXER3
ROP-NYL-1.5MM,COIL,1.5MM Nylon String,"Rope, Chain & Netting",6,12.50,8.80,-3.70,-29.60,6,TIE BROTHER3
CAR-WAS-SHI-500ML,PCS,Aa Car Care Wash&shine (premium) 500ML,Automotive,5,12.50,8.80,-3.70,-29.60,5,AVEREST
TOO-WRE-3WAY-141719,PCS,3 Way Spanner 14X17X19,Hand Tools,2,17.20,13.50,-3.70,-21.51,2,SYN JING LEE
X-SWI-ADA-NEO-3WAY-SMA,PCS,Kingsway 13A 3WAY Adaptor Neon 940N SIRIM,Electrical,7,14.20,10.50,-3.70,-26.06,7,SEBD3
CHA-GAL-9MM,KGS,Galv Short Link Chain 3/8,"Rope, Chain & Netting",19,15.60,11.90,-3.70,-23.72,19.2,SONIC3
TOO-DRV-KT250-,PCS,10 King Top (-) Screw Driver,Fasteners & Fixings,8,14.20,10.50,-3.70,-26.06,8,LI HARDWARE
"TOO-FIL-ROU-WOO-8""",PCS,8 King Top Round Wood Rasp,Power Tools,6,14.20,10.50,-3.70,-26.06,6,LI HARDWARE
ADH-TAP-FIB-50MM,PCS,2 Fiber Tape X 45M,Chemicals & Adhesives,8,10.60,6.90,-3.70,-34.91,7,WHA WEE
TOO-CUT-CALWS708B,PCS,Cable Cutter Cr-v 200MM,Electrical,2,30.90,27.20,-3.70,-11.97,2,JUMBO
TOO-ELE-CRMW0283,PCS,Modular Plug Crimp 200MM,Electrical,2,27.90,24.20,-3.70,-13.26,2,JUMBO
TOO-DRV-KT300+,PCS,12 King Top (+) Screw Driver,Fasteners & Fixings,5,14.20,10.50,-3.70,-26.06,5,LI HARDWARE
"TOO-WRE-PLU-13/16""",PCS,13/16 T Plug Wrench,Hand Tools,7,15.20,11.50,-3.70,-24.34,7,TIE BROTHER3
IND-CAS-RIG8,PCS,Rigid Caster 8,Building Materials,3,29.90,26.20,-3.70,-12.37,3,SONIC3
PAI-GAL-605S,PCS,5 Gallon Pail,Housewares,5,18.20,14.50,-3.70,-20.33,5,ING CHOON
"IND-CAS-WHE-6X3/4""",PCS,Solid Rubber Wheel 6 X 3/4,Building Materials,6,13.60,9.90,-3.70,-27.21,6,SONIC3
COC-BAL-M'MAN-G5,PCS,M'man Washing Machine Angle Valve - G5,Plumbing,10,22.90,19.20,-3.70,-16.16,10,JHT HARDWARE
TOO-FIL-SENSUI-SNF002-C,PCS,10 Sensui Metal Round File,Hand Tools,3,19.60,15.90,-3.70,-18.88,3,CRYSTAL TRIUMPH S/B
SWI-S/SKT-ACE-1WAY-2GANG,PCS,Ace 1 GANG 2 Way Switch (6512),Electrical,11,11.60,7.90,-3.70,-31.90,11,ECO ENTERPRISE3
DRI-BIT-116G,PCS,19MM Hitmax Diamond Core Bit,Power Tool Accessories,1,16.20,12.50,-3.70,-22.84,1,CRYSTAL TRIUMPH S/B
"DRI-AUG-BIT-5/8""X200",PCS,5/8 X 200 Star-m Auger Bit (b),Power Tool Accessories,5,20.90,17.20,-3.70,-17.70,5,WHA WEE
DOR-PAD-KTSS150,SET,6 King Top S/steel Surface Bolt,Fasteners & Fixings,8,11.00,7.30,-3.70,-33.64,8,LI HARDWARE
"SHH-CAGE-2RING-8""",PCS,"2 Ring Cages 8 (210/5 X 8"")",Fishing & Tackle,2,15.00,11.30,-3.70,-24.67,2,SINHENHUA
TOO-DRV-PRE-7391A,SET,7391A Precision Screw Driver (torx Head),Fasteners & Fixings,2,17.20,13.50,-3.70,-21.51,2,SYN JING LEE
NIP-QGL-15L-P,DRUM,15L Nippon Q-glo Pastel Base,Paint & Sundries,4,404.00,400.40,-3.60,-0.89,4,PAINT MAR.2
"FIT-BUT-ELB-FEM-SWI-1/2""BSPTX20",PCS,"Buteline 1/2""BSPTX20 PE Elbow Female Swivel",Fishing & Tackle,35,11.10,7.50,-3.60,-32.43,35,HUA BAN
BOS-2608-603-707,PCS,Flexible Flap Disc 100MM P320,Power Tools,5,12.70,9.10,-3.60,-28.35,5,CMW ENGINEERING
DRI-SDS-GT02-14260,PCS,Glotool Sds Drill 14 X 260MM,Power Tool Accessories,6,12.10,8.50,-3.60,-29.75,6,SONIC3
"IND-SLO-ANG-1.5""X1.5""",PCS,Glotool Slotted Angle 1.5 X 1.5,Building Materials,44,17.10,13.50,-3.60,-21.05,44,SONIC
"TOO-NIE-SOC-HAN-1/2""-30MM",PCS,Nietz Dr Chrome Socket (12PT)50043030 30MM,Electrical,3,24.90,21.30,-3.60,-14.46,2,SUNWAY WINSTAR
BOS-2608-634-994,PCS,Jigsaw Blade T345XF,Power Tool Accessories,4,16.90,13.30,-3.60,-21.30,4,CMW ENGINEERING
BOS-2608-602-751,PCS,14 Cutting Disc 14 X 3.0 X 25.4MM,Abrasives & Cutting,24,17.50,13.90,-3.60,-20.57,21,CMW ENGINEERING
PAI-TIG-250ML-BLA,PCS,250ML Tiger G. P,Paint & Sundries,11,14.50,10.90,-3.60,-24.83,10,TIE BROTHER3
SHH-LURE-S359603,PCS,Saber Frog Lure 40MM,Fishing & Tackle,29,13.10,9.50,-3.60,-27.48,28,SINHENHUA
COC-BAS-L9378,PCS,Leon Basin Tap,Bathroom,6,27.90,24.30,-3.60,-12.90,6,BOON SENG
TOO-COM-W0287J-17MM,PCS,Com Ratchet Wrench 17MM,Hand Tools,2,35.90,32.30,-3.60,-10.03,2,JUMBO
GAS-REG-BTY181-V,PCS,Butterfly Hpg Regulator,Home Appliances,7,45.90,49.50,3.60,7.84,4,CHUNS TRADING
SWI-SH387-4MM,PCS,S/s Swivels 4MM (double Eyes),Electrical,11,10.40,6.80,-3.60,-34.62,11,SYN JING LEE
SAF-COA-CLI-GREEN-08995,PCS,Clip On Elastic Vest-lemon Green,Safety & Workwear,11,18.50,14.90,-3.60,-19.46,11,SUNWAY WINSTAR
LOC-COL-ZK504,SET,Safety Chrome Plated Padlock ZK-504,Safety & Workwear,2,74.90,78.50,3.60,4.81,2,KIM KONG3
IND-PAI-CEMENT-BIG,PCS,Cement Pail Yellow With Plastic Handle (big),Doors & Hardware,44,12.00,8.40,-3.60,-30.00,42,MAJOR HARVEST3
SHH-HOOK-EWDX40006,PKT,No. 6(20'S) Eagle Wave Hook,Fishing & Tackle,7,13.10,9.50,-3.60,-27.48,7,SINHENHUA
TAP-BIB-QBC01W,PCS,Jopex PVC BIBTAP-QBC01W,Plumbing,20,12.80,9.20,-3.60,-28.12,42,BOON SENG
TOO-OPE-MBSP012,SET,8 IN 1 Faucet & Sink Opener Tools,Kitchen & Sinks,5,17.30,20.90,3.60,20.81,2,CRYSTAL TRIUMPH S/B
SCP-FIL-WOO-TEAK-500G,CAN,500G Skim Wood Filla (teak),Paint & Sundries,4,12.10,8.50,-3.60,-29.75,4,ING PING3
SHH-LINE-L/G-OHML50,PCS,Omega Hayasu Mono Line (rainbows) 50LBS,Fishing & Tackle,5,15.50,11.90,-3.60,-23.23,5,SINHENHUA
HOS-NOZ-LEO-L7006,PCS,Leon Brass Water,Power Tool Accessories,11,16.50,12.90,-3.60,-21.82,21,BOON SENG
TOO-WRE-3WAY-121417,PCS,3 Way Spanner 12X14X17,Hand Tools,4,14.20,10.60,-3.60,-25.35,4,SYN JING LEE
CAB-LUG-500AMP,PCK,Cable Lug (white) 500AMP 2PCS/PCK,Electrical,11,14.50,10.90,-3.60,-24.83,11,WHA WEE
ROP-NYL-2MM,COIL,2.0MM Nylon String,"Rope, Chain & Netting",7,13.20,9.60,-3.60,-27.27,7,TIE BROTHER3
CAR-TYRE-SHI-WHI-500ML,BTL,Aa Car Care Tyre Shine (white) 500ML,Automotive,4,22.90,19.30,-3.60,-15.72,7,AVEREST
SWI-SOC-ULT-M012W,PCS,Ultra 16A 1 GANG 2 Way-white (M012W),Electrical,10,13.60,10.00,-3.60,-26.47,10,TRISTAR
PAI-TIG-250ML-BLUE,PCS,250ML Tiger G. Finish Blue 6631,Paint & Sundries,11,14.50,10.90,-3.60,-24.83,11,TIE BROTHER3
SCP-FIL-WOO-NAT-500G,CAN,500G Skim Wood Filla (natural),Paint & Sundries,2,12.10,8.50,-3.60,-29.75,1,ING PING3
"GAR-SIC-7.1/2""*",PCS,Korea Sickle,Outdoor & Garden,10,12.10,8.50,-3.60,-29.75,10,TIE BROTHER3
SWI-SOC-PLK-1328,PCS,Plk 5113 13A S/skt SIRIM,Electrical,91,11.10,7.50,-3.60,-32.43,91,FULL-LITE
"NYLON-MAN-HAT-17""",PCS,17 Thai Nylon Man Hat,Other,17,18.50,14.90,-3.60,-19.46,17,CHUNS TRADING
TOO-DRV-KT250+,PCS,10 King Top (+) Screw Driver,Fasteners & Fixings,10,14.10,10.50,-3.60,-25.53,10,LI HARDWARE
PAI-BRU-HOL,PCS,Cristin Paint Brush Holder,Paint & Sundries,6,16.50,12.90,-3.60,-21.82,6,ING PING3
"FIT-SS376-TEE-1/2""",PCS,304 Fxmxm Tee 1/2,Plumbing,6,11.90,8.30,-3.60,-30.25,6,SYN JING LEE
TOO-HAM-RUB-24OZ,PCS,Rubber Mallet (cn) 24 Oz,Power Tools,7,13.50,9.90,-3.60,-26.67,6,SONIC3
IND-TRO-BRI-BIG,PCS,2 1/2 X 6 Knife Brick Trowel,Hand Tools,23,11.50,7.90,-3.60,-31.30,21,TIE BROTHER3
"TOO-CHI-WOO-4""",PCS,4 Wood Carving Disc,Power Tools,3,25.90,22.30,-3.60,-13.90,3,WHA WEE
SHH-HOOK-HOLDER-SHH100,PCS,Yes Hook Holder 25CM-YHH25,Fishing & Tackle,1,16.50,12.90,-3.60,-21.82,1,SINHENHUA
"BRA-S/STEEL-L-10""X6""",SET,"S/steel L Bracket - 10""X6",Plumbing,13,31.90,28.30,-3.60,-11.29,13,BOON SENG
CUT-SAW-MMAN-606#-18,PCS,M'man Alloy Hand Saw 606 - 18,Abrasives & Cutting,6,21.90,18.30,-3.60,-16.44,5,JHT HARDWARE
CAR-WIN-WIP-350ML,PCS,Aa Car Care Windshield Cleaner 350ML,Automotive,10,12.80,9.20,-3.60,-28.12,10,AVEREST
PAI-TIG-250ML-ALUM,TIN,250ML Tiger G. P 203 Aluminium (TIN),Paint & Sundries,3,14.50,10.90,-3.60,-24.83,15,TIE BROTHER3
BNW-B&N-ORI-09100,KGS,Mild Steel Bolt & Nut 3/8 X 4,Fasteners & Fixings,27,13.10,9.50,-3.60,-27.48,23.06,SONIC3
"GRA-CUT-BLA-16""",PCS,16 Tanaka Square Brush Culter,Outdoor & Garden,2,19.90,16.30,-3.60,-18.09,2,WHA WEE
ADH-TAP-WAR-Y/B-70MM,ROLL,Yellow/black Barricade Tape 3IN X 70M,Chemicals & Adhesives,2,12.10,8.50,-3.60,-29.75,2,SUNWAY WINSTAR
GUN-TAC-REF-R23-8MM,BOX,8MM Rapid Staples,Fasteners & Fixings,12,12.10,8.50,-3.60,-29.75,12,WHA WEE
PIP-EXT-26175,PCS,"1/2""-3/4 Pipe Extractor",Plumbing,5,13.10,9.50,-3.60,-27.48,5,REXER3
WEL-COL-BOD-1.6MM,PCS,1.6MM Collet Body,Power Tool Accessories,1,10.60,7.00,-3.60,-33.96,1,CMW ENGINEERING
ELE-D/L-MEG-YTA60Z1-10W-4000K,PCS,Megaman A60 E27 LED Bulb YTA60Z1 10W/4000K,Lighting,36,12.30,8.80,-3.50,-28.46,36,FULL-LITE
ADH-TAP-WIR-6.5YD-BLK-ROLL,ROLL,Glotool Wire Tape - Black (10PCS/ROLL),Electrical,32,10.40,6.90,-3.50,-33.65,32,SONIC3
ELE-D/L-MEG-YTG45Z1-5W-3000K,PCS,Megaman G45 E27 LED Bulb YTG45Z1/5W 5W/3000K,Lighting,2,11.00,7.50,-3.50,-31.82,2,FULL-LITE
SAF-SPE-GT460,PAIR,Glotool Safety Eyewear Clear,Safety & Workwear,17,11.10,7.60,-3.50,-31.53,17,SONIC3
BOS-2608-603-702,PCS,Flexible Flap Disc 100MM P100,Power Tools,5,12.60,9.10,-3.50,-27.78,5,CMW ENGINEERING
BOS-2608-603-703,PCS,Flexible Flap Disc 100MM P120,Power Tools,3,12.60,9.10,-3.50,-27.78,3,CMW ENGINEERING
BOS-2608-603-706,PCS,Flexible Flap Disc 100MM P220,Power Tools,3,12.60,9.10,-3.50,-27.78,3,CMW ENGINEERING
PAI-SPR-SAM-F2,PCS,Samurai Spray Paint F2 Flat White,Paint & Sundries,10,17.40,13.90,-3.50,-20.11,9,KIM KONG3
X-FLO-MOC-CB6061,PCS,2'X2 Floor Tiles,Power Tools,11,18.40,14.90,-3.50,-19.02,11,CASA
WEL-CAB-UNI-500AMP,MTR,Uniflux 500A X 90M Welding Cable,Electrical,98,19.40,15.90,-3.50,-18.04,98,SHUN LI
TOL-POW-500G,BTL,500G Toilet Powder,Bathroom,18,19.40,15.90,-3.50,-18.04,17,SYN JING LEE
TOO-DRV-STA-5X200MM,PCS,"Cushion Grip S/dr Std - (3/16""X8"")",Power Tools,7,17.30,13.80,-3.50,-20.23,7,YUNG KONG
"TOO-DRV-STA-PH0-1/8""X6""-9960651600",PCS,"Cushion Grip S/dr PHILIPS-1/8""X6""X0PT ( 0X150MM)",Power Tools,6,15.40,11.90,-3.50,-22.73,6,YUNG KONG
"BRA-SHE-YG782-14""",PAIR,White H/duty Shelf Bracket 14,Housewares,10,19.40,15.90,-3.50,-18.04,10,SYN JING LEE
CLI-ELE-CAB-SPR-25MM,PCK,Tc 25MM PVC Spring/u Clip (25PCS/PCK),Electrical,8,11.00,7.50,-3.50,-31.82,8,SEBD3
KGR-COM-0.5KG,TIN,Kangaroo Brand 1/2 KG Bituminous Compound,Paint & Sundries,49,15.00,11.50,-3.50,-23.33,49,KANGAROO PAINT
TOO-DRV-STA-3X100MM-9960651810,PCS,"Cushion Grip S/dr Std - (1/8""X4"")",Power Tools,5,12.80,9.30,-3.50,-27.34,5,YUNG KONG
"PAI-ROL-SET-STA-7""",PCS,Paint Roller (7 With Acrylic Medium Refill),Paint & Sundries,45,15.00,11.50,-3.50,-23.33,42,YUNG KONG
BIT-HOL-DB-2311,PCS,Flexible Driver Bit Holder,Other,8,15.40,11.90,-3.50,-22.73,7,DALMAX3
SHH-LINE-L/G-OHML20,PCS,Omega Hayasu Mono Line (rainbow) 20LBS,Fishing & Tackle,7,15.40,11.90,-3.50,-22.73,7,SINHENHUA
SHH-LINE-L/G-OHML40,PCS,Omega Hayasu Mono Line (rainbow) 40LBS,Fishing & Tackle,7,15.40,11.90,-3.50,-22.73,7,SINHENHUA
SHH-LINE-L/G-OHML30,PCS,Omega Hayasu Mono Line (rainbow) 30LBS,Fishing & Tackle,6,15.40,11.90,-3.50,-22.73,6,SINHENHUA
SHH-LINE-L/G-OHML8,PCS,Omega Hayasu Mono Line 8LBS (rainbows),Fishing & Tackle,6,15.40,11.90,-3.50,-22.73,6,SINHENHUA
SWI-SOC-ULT-M08913W,PCS,Ultra 13A Multiple Swi Soc Neon-whi (M08913W),Electrical,12,20.90,17.40,-3.50,-16.75,12,TRISTAR
SHH-LINE-L/G-OSML12,PCS,Omega Shigeru Mono Line (green) 12LBS,Fishing & Tackle,5,15.40,11.90,-3.50,-22.73,5,SINHENHUA
VAL-ANG-JOP-MQWC02-SB,PCS,Jopex Angle VALVE-MQWC02SB,Plumbing,18,12.00,8.50,-3.50,-29.17,16,BOON SENG
STO-MOU-M1-25X34,PCS,Mounted Stone:k-prix Korea M1 (25X34),Abrasives & Cutting,7,10.50,7.00,-3.50,-33.33,7,KWONG TECK CHIONG3
X-FLO-MOC-C40071,PCS,400MM X 400MM Ceramic Glazed Tiles,Power Tools,3,8.10,4.60,-3.50,-43.21,3,SING YUT LEONG
GUM-SEL-SHOE-15ML,PCS,Selleys Shoe Glue 15ML,Chemicals & Adhesives,20,12.80,9.30,-3.50,-27.34,18,PAINT MAR.
CUT-SCI-JM-315,PCS,Jayamata Scissor Multi-purpose 6,Abrasives & Cutting,6,10.20,6.70,-3.50,-34.31,6,KIONG JOUNG3
SHH-LINE-L/G-OSMLB6,PCS,Omega Shigeru Mono Line (green) 60LBS,Fishing & Tackle,4,15.40,11.90,-3.50,-22.73,3,SINHENHUA
SHH-LINE-L/G-OSML15,PCS,Omega Shigeru Mono Line (green) 15LBS,Fishing & Tackle,3,15.40,11.90,-3.50,-22.73,3,SINHENHUA
TOO-WRE-PLU-T012,PCS,12MM T-plug Wrench,Hand Tools,6,12.70,9.20,-3.50,-27.56,6,WHA WEE
FIT-HDPE-TEE-32MM,PCS,HDPE Tee Equal 32MM,Plumbing,19,11.00,7.50,-3.50,-31.82,18,HUA BAN
AIR-DUS-PVC-LX02,PCS,AD02 PVC Air Duster,Automotive,3,12.30,8.80,-3.50,-28.46,3,SYN JING LEE
ROP-NYL-2.5MM,COIL,2.5MM Nylon String,"Rope, Chain & Netting",4,15.40,11.90,-3.50,-22.73,4,TIE BROTHER3
SWI-POL-1WAY-2GANG,PCS,Pol 1GANG 2WAY Switch Socket,Electrical,10,10.40,6.90,-3.50,-33.65,10,ECO ENTERPRISE3
"FIT-YG237-SOC-3/4""-BRA",PCS,Brass Equal Socket 3/4,Electrical,9,10.90,7.40,-3.50,-32.11,9,SYN JING LEE
BRO-HAN-GS2212,PCS,22 X 1.2 S/steel Broom Stick W End Cap,Housewares,19,15.40,11.90,-3.50,-22.73,19,DALMAX3
GAR-SHE-R'KEY-701,PCS,R'key Long Snip Gardening Pruner - 701,Hand Tools,17,11.00,7.50,-3.50,-31.82,16,JHT HARDWARE
"FIT-SS375-TEE-1/2""",PCS,304 Mxfxm Tee W/flex Nut 1/2,Fasteners & Fixings,4,11.90,8.40,-3.50,-29.41,4,SYN JING LEE
SHH-LINE-L/G-OSML40,PCS,Omega Shigeru Mono Line (green) 40LBS,Fishing & Tackle,1,15.40,11.90,-3.50,-22.73,1,SINHENHUA
SHH-LINE-L/G-OSML50,PCS,Omega Shigeru Mono Line (green) 50LBS,Fishing & Tackle,1,15.40,11.90,-3.50,-22.73,1,SINHENHUA
SHH-LINE-L/G-OSMLB8,PCS,Omega Shigeru Mono Line 8LBS (green),Fishing & Tackle,1,15.40,11.90,-3.50,-22.73,0,SINHENHUA
"SANDEX-VEL-SPO-5""",PCS,Sandex 5 Velcro Polish Sponge (thick),Abrasives & Cutting,10,15.40,11.90,-3.50,-22.73,10,CHUNG YANG3
SHH-SPOON-2159,PCS,2159 (10G)48MM Seahawk Iwana Spoon (mix Color),Fishing & Tackle,10,15.00,11.50,-3.50,-23.33,10,SINHENHUA
PVC-STRAPPING-LEMON YELLOW,KGS,PVC Strapping Lemon Yellow,Packaging,8,16.40,12.90,-3.50,-21.34,8,TIE BROTHER
WAT-FIL-FMS-WF0090-1WLMIX,PACK,Watertec 5PCS 5 Micron Cotton Filter 102,Pumps & Water,2,17.40,13.90,-3.50,-20.11,2,DALMAX3
BNW-NUT-ORI-12MM,KGS,MS Hex Nut 1/2,Fasteners & Fixings,12,14.00,10.50,-3.50,-25.00,10.99,SONIC3
PVC-STRAPPING-APPLE GREEN,KGS,PVC Strapping Apple Green (KGS),Packaging,2,16.40,12.90,-3.50,-21.34,9.4,TIE BROTHER
PVC-STRAPPING-GREEN,KGS,PVC Strapping Green (KGS),Packaging,2,16.40,12.90,-3.50,-21.34,9.9,TIE BROTHER
NOZ-GEL-250G,TIN,Nozzle Gel (250G),Power Tool Accessories,4,18.00,14.50,-3.50,-19.44,4,CMW ENGINEERING
ELE-SOL-BS-SPF,PCS,Bs-spf Soldering Paste - Felder 50G,Electrical,2,20.00,16.50,-3.50,-17.50,2,JUMBO
PVC-STRAPPING-PURPLE,KGS,PVC Strapping Purple,Packaging,0,16.40,12.90,-3.50,-21.34,0.5,SONIC
ELE-D/L-TC-2260-22W,PCS,Taicon 24W Adjusted LED Dl Rnd,Lighting,18,28.90,25.50,-3.40,-11.76,17,ECO ENTERPRISE3
GLO-WEL-GT900/YEL,PAIR,Welding Glove - 900GT/YELLOW,Safety & Workwear,14,19.30,15.90,-3.40,-17.62,14,SONIC3
PAI-SPR-SAM-81,PCS,Samurai Spray Paint Metalic Black,Paint & Sundries,29,26.90,23.50,-3.40,-12.64,29,KIM KONG3
PAI-SPR-SAM-039,PCS,Samurai Spray Paint Sparkling Silver,Paint & Sundries,12,26.90,23.50,-3.40,-12.64,12,KIM KONG3
"FIT-BUT-STR-FEM-SWI-20MMX1/2""",PCS,Buteline 20MMX1/2 PE Straight Female Swivel,Fishing & Tackle,30,9.90,6.50,-3.40,-34.34,30,HUA BAN
BOS-2608-585-889,PCS,Hss-g Cobal Bit 6.0MM (PCS),Power Tools,16,14.90,11.50,-3.40,-22.82,26,CMW ENGINEERING
BOS-2608-585-894,PCS,Hss-g Cobal Bit 8.0MM,Power Tools,9,25.90,22.50,-3.40,-13.13,9,CMW ENGINEERING
BOS-2608-585-888,PCS,Hss-g Cobal Bit 5.5MM,Power Tools,13,14.60,11.20,-3.40,-23.29,13,CMW ENGINEERING
SAF-SPE-GT470,PAIR,Glotool Safety Eyewear Black,Safety & Workwear,16,11.00,7.60,-3.40,-30.91,13,SONIC3
TOO-HAM-CHI-NIE-551-22-050,PCS,Nietz Chipping Hammer 551-22-050,Hand Tools,6,18.90,15.50,-3.40,-17.99,6,SUNWAY WINSTAR
TOO-NIE-PLU-COU-SOC-20SH,PCS,Nietz Quick Coupler Socket 20SH,Electrical,13,22.90,19.50,-3.40,-14.85,12,SUNWAY WINSTAR
BOS-1619-P10-063,PCS,Carbon Brush For Gks 66X / Gks 7000 / Gks 600 / Gdm 13-34,Power Tools,1,21.90,18.50,-3.40,-15.53,1,CMW ENGINEERING
BOS-2608-900-551,PCS,Jigsaw Blade T308B,Power Tool Accessories,10,12.90,9.50,-3.40,-26.36,9,CMW ENGINEERING
COC-SINK-LUX-K2B-LT8512,PCS,Luxtec Pillar Sink Tap,Kitchen & Sinks,11,44.90,41.50,-3.40,-7.57,11,VERTEX
IND-CAS-SWI-100MM,PCS,4 DL5 Tpr M/duty 2 Bearing Swivel Caster,Fishing & Tackle,25,28.90,25.50,-3.40,-11.76,25,DALMAX3
CHE-DEG-WAT-BAS-50630450,CAN,Nietz Water Based Degreaser 450ML,Chemicals & Adhesives,5,25.90,22.50,-3.40,-13.13,5,SUNWAY WINSTAR
BOS-1617-014-138,SET,Carbon Brush Gsh 388/ Gsh 500/ Gsh 5,Power Tools,4,24.90,21.50,-3.40,-13.65,4,CMW ENGINEERING
NIE-SOC-HAN-DEE-12P-1/2-20MM,PCS,Nietz Dr Deep Cr Socket (12PT) 50045020 20MM,Electrical,2,21.90,18.50,-3.40,-15.53,2,SUNWAY WINSTAR
THI-SOL-600CC2B,TIN,Thinner Solvent,Paint & Sundries,94,11.30,7.90,-3.40,-30.09,83,ALIKE HARDWARE
GUM-HAR-RS2000W,PCS,Silicon Hardex Water-based A/f,Chemicals & Adhesives,45,19.90,16.50,-3.40,-17.09,93,KWONG TECK CHIONG
FIT-BUT-ELB-32X32MM,PCS,Buteline PE Elbow 32X32MM,Plumbing,4,9.00,5.60,-3.40,-37.78,4,HUA BAN
SHH-LURE-S359604,PCS,Saber Frog Lure 30MM,Fishing & Tackle,27,11.10,7.70,-3.40,-30.63,27,SINHENHUA
SHO-BID-HAN-V6660,PCS,Vip Hand Bidet Hose,Bathroom,3,54.90,51.50,-3.40,-6.19,3,KIM KONG3
SWI-CON-8.3A-100W,PCS,Taicon Power Supply (low Noise) 8.3A 12V 100W,Electrical,2,36.90,33.50,-3.40,-9.21,2,ECO ENTERPRISE3
SWI-T/SOC-MS3233-5M3G,PCS,Morries Extension Socket 3G 5M W Neon,Electrical,12,62.90,59.50,-3.40,-5.41,12,YUAN MING
HHD-TOI-SQU-SIPHON,PCS,Square PVC Cistern Siphon,Bathroom,80,18.30,14.90,-3.40,-18.58,76,BENTON3
GUM-PVC-OCI-100G,TIN,Sr Oci PVC Gum 100G,Chemicals & Adhesives,79,10.60,7.20,-3.40,-32.08,72,SYARIKAT HUA KIONG
DOR-HAN-DK063-NA-R,PCS,Dekko Na-r Casement Handle,Doors & Hardware,39,9.90,6.50,-3.40,-34.34,39,SYN JING LEE
SIN-CLE-DRA-H/D-5M,PCS,Heavy Duty Pipe Cleaner 5.0M,Chemicals & Adhesives,2,25.90,22.50,-3.40,-13.13,1,SYN JING LEE
TOO-NIE-PLU-COU-40PH,PCS,Nietz Quick Coupler Plug 40PH,Electrical,1,12.90,9.50,-3.40,-26.36,1,SUNWAY WINSTAR
DOR-HAN-DK063-NA-L,PCS,Dekko Na-l Casement Handle,Doors & Hardware,22,9.90,6.50,-3.40,-34.34,22,SYN JING LEE
AUT-POL-AUT-SS75ML,PCS,Autosol S/steel,Other,24,22.90,19.50,-3.40,-14.85,24,BOON SENG
TOO-COM-W0287I-16MM,PCS,Com Ratchet Wrench 16MM,Hand Tools,2,33.90,30.50,-3.40,-10.03,2,JUMBO
TOO-WRE-KEY-69213,SET,10PC Ring Hex Key Set,Power Tools,4,35.90,32.50,-3.40,-9.47,4,YUNG KONG
KGR-ADH-1000ML,TIN,Kangaroo Brand 505 Super Adhesive 1 Litre,Chemicals & Adhesives,36,40.90,37.50,-3.40,-8.31,35,KANGAROO PAINT
MEA-TAP-SENSUI-JBM048-25FT,PCS,25FT Sensui Measuring Tape (S10),Hand Tools,8,42.90,39.50,-3.40,-7.93,8,CRYSTAL TRIUMPH S/B
IND-TRO-SMR1011B,PCS,"Smr Blue H'dle SS Trowel 4""X11",Hand Tools,14,23.90,20.50,-3.40,-14.23,14,SYN JING LEE
"TOO-CUT-BOL-MIN-GT8""",PCS,Glotool Mini Bolt Clipper 8,Fasteners & Fixings,5,16.30,12.90,-3.40,-20.86,5,SONIC3
HHD-STO-JYMT-200MM,PCS,8 Jayamata Sharpening Stone,Bathroom,13,21.90,18.50,-3.40,-15.53,13,WHA WEE
ELE-D/L-MGM-MQTL2048-3000K,PCS,Mgm 2 1/2 7W Eye Ball Ww,Electrical,29,25.90,22.50,-3.40,-13.13,29,FULL-LITE
TOO-DRV-STA-3X150MM-9960651830,PCS,"Cushion Grip S/dr Std - (1/8""X6"")",Power Tools,6,14.90,11.50,-3.40,-22.82,6,YUNG KONG
TOO-WRE-1EMHT020,PCS,Eastman 3/4 Square Tap Handle,Doors & Hardware,2,42.90,39.50,-3.40,-7.93,2,JHT HARDWARE
GAR-CHI-JM-25,PCS,Jayamata T-shape Oil Palm Har Hook 14,Outdoor & Garden,4,19.90,16.50,-3.40,-17.09,4,KIONG JOUNG3
"BRA-SHE-S/S-G785-10""",SET,G785 304 H/duty Shelf Bracket 10,Housewares,8,27.90,24.50,-3.40,-12.19,8,SYN JING LEE
PLA-BAG-W500-1315,PCK,13 X 15 X Tbag (aa),Packaging,23,9.70,6.30,-3.40,-35.05,38,SA GENERAL PLASTIC
TOO-DRV-STA-3X125MM-9960651820,PCS,"Cushion Grip S/dr Std - (1/8""X5"")",Power Tools,6,12.90,9.50,-3.40,-26.36,6,YUNG KONG
SAF-HEL-YEL,PCS,PVC Uvee Safety Helmet-yel,Safety & Workwear,15,13.90,10.50,-3.40,-24.46,15,KANSSAN
STR-NYL-1.6KGM,ROLL,1.5KG Nylon String (medium),"Rope, Chain & Netting",18,19.30,15.90,-3.40,-17.62,18,SA GENERAL PLASTIC
CYL-LOC-EPO-CL011-AC,SET,Epo Cylindrical Lever Lock (CL011 Ac),Locks & Security,3,61.90,58.50,-3.40,-5.49,3,HSIN NGIE
TOO-DRV-STA-6.5X250MM,PCS,"Cushion Grip S/dr Std - (1/4""X10"")",Power Tools,3,20.90,17.50,-3.40,-16.27,3,YUNG KONG
"TOO-DRV-STA-PH1-3/16""X6""",PCS,"Cushion Grip S/dr PHILIPS-3/16""X6""X1PT ( 1X150MM)",Power Tools,4,14.20,10.80,-3.40,-23.94,4,YUNG KONG
TOO-WRE-PIP-W200C,PCS,Heavy Pipe Wrench (200MM),Hand Tools,1,24.90,21.50,-3.40,-13.65,1,JUMBO
SAF-LAS-CAR-2515FT,PCS,Ratchet Tie Down,Safety & Workwear,6,25.90,22.50,-3.40,-13.13,6,SUNWAY WINSTAR
LOC-PAD-ROL-40MM,PCS,40MM Rolinson Padlock,Locks & Security,21,12.10,8.70,-3.40,-28.10,21,WHA WEE
SHH-HOOK-9255SS-2/0,PKT,Eupro Octopus S/s Hook 2/0 (11'S),Fishing & Tackle,10,14.30,10.90,-3.40,-23.78,10,SINHENHUA
TOO-NIE-TAM-T27,PCS,Nietz E/long Tamper Tx-star Wrench (red) 53283027,Hand Tools,1,12.60,9.20,-3.40,-26.98,3,SUNWAY WINSTAR
SHH-REEL-HK3000,PCS,Fishing Reel (12BB),Fishing & Tackle,2,67.90,64.50,-3.40,-5.01,2,SINHENHUA
PLA-BAG-W500-1114,PCK,11 X 14 X Tbag (aa),Packaging,13,9.70,6.30,-3.40,-35.05,43,SA GENERAL PLASTIC
SWI-SOC-ELE-E021B,PCS,Elegance 2 GANG 1 Way-black (E021B),Electrical,17,20.90,24.30,3.40,16.27,17,
TOO-CLA-GW473250,PCS,Heavy G-shape Clamp 10,Hand Tools,2,62.90,59.50,-3.40,-5.41,2,JUMBO
TOO-WRE-3WAY-101214,PCS,Y Type Wrench,Hand Tools,8,15.20,11.80,-3.40,-22.37,8,WHA WEE
SHH-ROD-2511300,PCS,Santec 2511-300 Puyu Solid Pole (3MTR),Fishing & Tackle,4,29.90,26.50,-3.40,-11.37,4,SINHENHUA
PYE-STRIP-M-500ML,TIN,PYE Strippa M-500ML,Building Materials,5,22.90,19.50,-3.40,-14.85,5,MULTICLASSIC
SWI-SOC-ULT-M0813BMG,PCS,Ultra 13A Flat Pin Swi Sock (large ROCKER)(M0813BMG),Electrical,20,16.40,13.00,-3.40,-20.73,20,TRISTAR
SCP-FIL-POW-1.8KG,BOX,1.8KG Scin Powder Filla,Paint & Sundries,6,9.90,6.50,-3.40,-34.34,6,ING PING3
CUT-BLA-LB50H-18MM,BOX,Tajima 501 Spare Blade -18MM (1BOX=10PCS),Abrasives & Cutting,4,21.90,18.50,-3.40,-15.53,4,BESMA3
BIB-TAP-K2B-LT8114,PCS,Luxtec Wall Bibtap K2B-LT8114,Plumbing,8,30.90,27.50,-3.40,-11.00,8,VERTEX
BURR-CAR-T.C.T-AX1020,PCS,Blimax Carbide BURR-AX1020,Other,2,42.90,39.50,-3.40,-7.93,2,BOON SENG
BURR-CAR-T.C.T-CX1020,PCS,Blimax Carbide BURR-CX1020,Other,2,42.90,39.50,-3.40,-7.93,2,BOON SENG
TOO-PLI-LOC-GRI-W6010,PCS,Lock-grip Pliers C6010 CR250MM,Locks & Security,3,28.90,25.50,-3.40,-11.76,3,JUMBO
SHO-HEA-05375(H),SET,Esh 509 Shower Head 05375,Bathroom,4,20.90,17.50,-3.40,-16.27,4,REXER3
SWI-SOC-ULT-M011MG,PCS,Ultra 16A 1 GANG 1 Way-matte Grey (M011MG),Electrical,18,13.00,9.60,-3.40,-26.15,18,TRISTAR
"TAP-BRASS-FARIS-1/2""",PCS,1/2 Faris 2581 Blue Handle Brass Garden Tap,Doors & Hardware,14,20.90,17.50,-3.40,-16.27,12,DALMAX3
SCP-FIL-WOO-NAT-1.5KG,CAN,1.5KG Skim Wood Filla (natural),Paint & Sundries,2,21.90,18.50,-3.40,-15.53,2,ING PING3
SCP-FIL-WOO-TEAK-1.5KG,CAN,1.5KG Skim Wood Filla (teak),Paint & Sundries,2,21.90,18.50,-3.40,-15.53,1,ING PING3
DOR-LOC-ATL-8300,SET,Sn/et Armor Tubular Lever Lock,Locks & Security,1,72.90,69.50,-3.40,-4.66,1,VERTEX
STO-MOU-W206-20X32,PCS,Mounted Stone:k-prix Korea W206 (20X32),Abrasives & Cutting,7,10.50,7.10,-3.40,-32.38,7,KWONG TECK CHIONG3
TOO-TORX-W9913B,PCS,9PCS Long Arm Torx Key Set W9913B,Power Tools,1,24.90,21.50,-3.40,-13.65,1,JUMBO
HOS-NOZ-TRI-ECO4464,PCS,Ecogreen-adjustable Nozzle W. Protective Cap,Power Tool Accessories,8,25.90,22.50,-3.40,-13.13,6,ZHONG YUAN3
GRA-CUT-BLA-S8T,PCS,230MM X 8T Bossman Grass Cutter Blade,Outdoor & Garden,6,42.90,39.50,-3.40,-7.93,6,CHIN LAI
CYL-LOC-EPO-CL051-AC,SET,Epo Cylindrical Lever Lock (CL051 Ac),Locks & Security,1,61.90,58.50,-3.40,-5.49,1,HSIN NGIE
SHH-REEL-1188S150,PCS,"1188 Sin Udang Galah TRANSPARENT150(5'0"")PRAWN Rod (6+1)",Fishing & Tackle,2,30.90,27.50,-3.40,-11.00,2,SINHENHUA
CHA-GAL-5MM,KGS,Galv Short Link Chain 3/16,"Rope, Chain & Netting",49,13.30,9.90,-3.40,-25.56,48.52,SONIC3
SWI-SOC-ULT-M022W,PCS,Ultra 16A 2 GANG 2 Way-white (M022W),Electrical,10,17.00,13.60,-3.40,-20.00,10,TRISTAR
SHH-HOOK-9255SS-5/0,PKT,Eupro Octopus S/s Hook 5/0 (6'S),Fishing & Tackle,4,14.30,10.90,-3.40,-23.78,4,SINHENHUA
SHH-REEL-YY2000,PCS,Maitelei Fishing Reel (13BB) YY2000,Fishing & Tackle,1,57.90,54.50,-3.40,-5.87,1,SINHENHUA
IND-CAS-TPR-RIG5,PCS,5 Tpr Rigid Wheel,Building Materials,20,29.90,26.50,-3.40,-11.37,20,DALMAX3
IND-PLU-BOB-300G-PCK,PCS,300G Plumb Bobs (pack),Building Materials,6,13.60,10.20,-3.40,-25.00,4,TIE BROTHER3
"HOS-FLE-OTO-966-67MB-18""",PCS,Otosani 304 Nut 18 High Pressure Flexible Hose (mb),Fasteners & Fixings,8,16.70,13.30,-3.40,-20.36,8,CHUAN HONG
IND-CEM-3KG-WHI,PKT,3KG Scincrete Tile Filla-white 301,Paint & Sundries,10,16.30,12.90,-3.40,-20.86,10,ING PING3
SHH-SPE-FIS-FS504,PCS,Fish Spears (4 PRONGS)/8106/FS8102,Fishing & Tackle,3,14.30,10.90,-3.40,-23.78,3,SINHENHUA
GUM-SEL-KNE-UND-50G,PCS,Selleys Knead It Underwater 50G,Chemicals & Adhesives,7,22.90,19.50,-3.40,-14.85,7,PAINT MAR.
VAL-BAL-CNN-25MM,PCS,Steel Ball Valve - Cnn 25 MM,Plumbing,9,21.90,18.50,-3.40,-15.53,9,SONIC3
BRO-CEI-SB THS-DM,PCS,Ceiling Broom,Housewares,20,19.90,16.50,-3.40,-17.09,20,CHUNS TRADING
ELE-SOL-TIN1MM17G,PCS,Soldering Tin 1.0MM 17G,Electrical,10,10.00,6.60,-3.40,-34.00,10,JUMBO
IND-CAS-TPR-R-50S,PCS,5 Tpr Swivel Wheel,Fishing & Tackle,12,31.90,28.50,-3.40,-10.66,12,DALMAX3
SHH-HOOK-9255SS-4/0,PKT,Eupro Octopus S/s Hook 4/0 (8'S),Fishing & Tackle,2,14.30,10.90,-3.40,-23.78,2,SINHENHUA
SHH-SPE-FIS-FS603,PCS,Fish Spears (3PRONGS)/8105,Fishing & Tackle,2,14.30,10.90,-3.40,-23.78,2,SINHENHUA
TOO-PLI-CIR-STA-BE175,PCS,7 Circlip Pliers- Bent Ext,Power Tools,2,49.90,46.50,-3.40,-6.81,2,YUNG KONG
"IND-CAS-PVC-SWI-5""",PCS,Medium Duty Red PVC Swivel Wheel 5,Fishing & Tackle,5,54.90,51.50,-3.40,-6.19,5,BENTON3
IND-DUS-ALI-240L-SHA,PCS,Aliclean HDPE Dustbin Tyre Shaft,Automotive,1,24.90,21.50,-3.40,-13.65,1,ALIKE HARDWARE3
CUT-PAR-BM22,PCS,Bossman Brasil Design Machete 22,Abrasives & Cutting,9,23.90,20.50,-3.40,-14.23,9,CHIN LAI
"BUS-NYL-W/BOL-1 1/4""",PCS,No Brand Gate Boost Roller PVC 1-1/4 X 1-1/4,Doors & Hardware,10,7.30,3.90,-3.40,-46.58,10,KIONG JOUNG3
SMR-TCT-HOL-SAW-28MM,PCS,Smr Tct Holesaw 28MM,Power Tool Accessories,3,29.90,26.50,-3.40,-11.37,3,SYN JING LEE
TOO-ELE-TES-BRA,PCS,Brass Test Pen (yellow Card),Power Tools,5,13.20,9.80,-3.40,-25.76,4,ALIKE HARDWARE3
TOO-ELE-STR-WS104,EA,Tool Wire Striper,Electrical,2,24.90,21.50,-3.40,-13.65,2,SEBD3
PVC-STRAPPING-BLACK,KGS,PVC Strapping Black,Packaging,11,16.30,12.90,-3.40,-20.86,11,TIE BROTHER
TOO-CHI-STA-25MM,PCS,"1""/25MM Dynagrip Wood Chisel",Hand Tools,5,34.90,31.50,-3.40,-9.74,5,YUNG KONG
SHH-HOOK-9255SS-3/0,PKT,Eupro Octopus S/s Hook No. 3/0(9'S),Fishing & Tackle,1,14.30,10.90,-3.40,-23.78,1,SINHENHUA
CLI-ELE-CAB-20MM100'S,BOX,Cable Clip 20MM 40'S,Electrical,7,9.70,6.30,-3.40,-35.05,6,SEBD3
SHH-SPOON-2106,PCS,2106 (10G) 42MM Seahawk Iwana Spoon (silver Colour),Fishing & Tackle,10,15.00,11.60,-3.40,-22.67,9,SINHENHUA
SWI-PLK-5G1W-5051,PCS,Plk 5051 10A 5G 1W Switch SIRIM,Electrical,14,29.90,26.50,-3.40,-11.37,14,FULL-LITE
TOO-HOO-STEEL-12000,PCS,Arrow 12 Steel BAR Strapping Device,Packaging,8,17.30,13.90,-3.40,-19.65,8,CHIN LAI
IND-CAS-SWI8,PCS,Swivel Caster 8,Fishing & Tackle,4,31.90,28.50,-3.40,-10.66,4,SONIC3
TOO-CHI-STA-16MM,PCS,"5/8""/16MM Dynagrip Wood Chisel",Hand Tools,4,30.90,27.50,-3.40,-11.00,4,YUNG KONG
AER-MIN-POT-WAT-TAP,PCS,Aerico Mineral Pot Water Tap,Other,9,13.00,9.60,-3.40,-26.15,9,AERICO
"BRA-S/STEEL-L-12""X7""",SET,"S/steel L Bracket - 12""X7",Plumbing,9,36.90,33.50,-3.40,-9.21,9,BOON SENG
COC-BIB-LUX-LT8513,PCS,Luxtec Wall Bibtap LT-8513,Plumbing,1,29.90,26.50,-3.40,-11.37,1,VERTEX
FLO-MOC-LS414YLW,PCS,Lisa Yellow (LS414YLW),Flooring,1,9.00,5.60,-3.40,-37.78,1,ZHEN HUA HUNG
GWS060-BEARING-608-2RSH/C3,PCS,608 Bearing For Gws 060 Black,Other,3,24.90,21.50,-3.40,-13.65,3,SIBU BEARINGS
TOO-LEV-STA-993042291,PCS,8 X 3 Vials Torpedo Levels-magnetic,Power Tools,1,25.90,22.50,-3.40,-13.13,1,YUNG KONG
PLA-BAG-BLA-10X12,PCK,10 X 12 X 1KG PE (black),Packaging,5,14.30,10.90,-3.40,-23.78,5,SA GENERAL PLASTIC
"SHH-ROU-LAN-NET-18X1/2""",PCS,Round Landing Net 18 X 1/2,Fishing & Tackle,2,33.90,30.50,-3.40,-10.03,2,SINHENHUA
TOO-FIL-BCC-200MM,PCS,Bahco Handy File 4-153-08-1-2,Hand Tools,2,30.90,27.50,-3.40,-11.00,2,SUNWAY WINSTAR
"TOO-WRE-PLU-5/8""",PCS,5/8 T Plug Wrench,Hand Tools,4,15.20,11.80,-3.40,-22.37,4,TIE BROTHER3
TOO-SPA-BEN-12MM,PCS,Bend Spanner 1/2,Hand Tools,2,19.20,15.80,-3.40,-17.71,2,SONIC3
"SHH-ROU-LAN-NET-19X1/2""",PCS,Round Landing Net 19 X 1/2,Fishing & Tackle,1,35.90,32.50,-3.40,-9.47,1,SINHENHUA
PAI-GAL-606S,PCS,6 Gallon Pail,Housewares,1,19.30,15.90,-3.40,-17.62,1,ING CHOON
ADH-TAP-WIR-6.5YD-RED-ROLL,ROLL,Glotool Wire Tape - Red (10PCS/ROLL),Electrical,54,10.20,6.90,-3.30,-32.35,54,SONIC3
NIP-ODO-SFT-MATT-5L-A,CAN,5L Nippon Odourlite Soft Matt - A,Paint & Sundries,2,259.00,262.30,3.30,1.27,2,PAINT MAR.2
NIP-QLA-1L-T,CAN,1L Nippon Q-lac Tint Base,Paint & Sundries,3,54.90,51.60,-3.30,-6.01,2,PAINT MAR.2
ADH-TAP-ALU-48MMX25M,PCS,Glotool Alum Adhesive Tape 48MM X 25M,Chemicals & Adhesives,7,16.20,12.90,-3.30,-20.37,5,SONIC3
"PAI-ROL-SET-STA-4""",PCS,Stanley 4 Mini Roller (frame+refill),Paint & Sundries,5,11.20,7.90,-3.30,-29.46,5,YUNG KONG
BAT-ENE-HD-AAA4PCS,PCK,Eveready HD Aaa 4PC,Electrical,38,10.80,7.50,-3.30,-30.56,36,HUA BAN
"TOO-PLI-LOS-NOS-GT8""",PCS,Glotool Long Nose Plier 8,Hand Tools,9,15.20,11.90,-3.30,-21.71,9,SONIC3
PYE-WOO-VAR-250ML,TIN,PYE Wood VARNISH-250ML,Paint & Sundries,4,16.80,13.50,-3.30,-19.64,4,MULTICLASSIC
TOO-COM-W0287M-20MM,PCS,Com Ratchet Wrench 20MM,Hand Tools,3,40.90,37.60,-3.30,-8.07,3,JUMBO
ADH-TAP-WIR-SINO-48X10,ROLL,Sino PVC Tape (big) Black,Chemicals & Adhesives,29,8.80,5.50,-3.30,-37.50,29,ECO ENTERPRISE3
TOO-WRE-ADJ-GT250,PCS,Glotool Adjustable Wrench 10,Hand Tools,3,18.20,14.90,-3.30,-18.13,2,SONIC3
SWI-PLU-MK-654-13A,PCS,Mk 654 Whi 13A Plug Top 3PIN,Electrical,76,10.70,7.40,-3.30,-30.84,76,SEBD3
INK-POT-TC250,PCS,TC250 Big Ink Pot,Other,24,9.90,6.60,-3.30,-33.33,21,SYN JING LEE
TOL-BUS-BUT-YG886,PCS,Dual Push Button,Other,16,13.20,9.90,-3.30,-25.00,16,SYN JING LEE
CR-1220/5BE,PCS,CR-1220/5B Lithium 3V,Other,15,10.80,7.50,-3.30,-30.56,15,MOUNT OLIVE
HOS-COU-BR-16MM,PCS,Br Hose Coupling 16MM,Outdoor & Garden,8,9.90,6.60,-3.30,-33.33,8,HSIN NGIE
IND-TRO-WOO,PCS,Wooden Cement Trowel,Hand Tools,124,11.80,8.50,-3.30,-27.97,121,SYARIKAT HUA KIONG3
TRCK-(0.40MM)-50MM- 10FTS,PCS,Track (0.40MM) 50MM X 25MM X 3000MM -10FTS,Other,2,8.20,4.90,-3.30,-40.24,2,JCH
TOO-WRE-KEY-KTBAL-12004,SET,King TOP9PCS-4 Ball Point Hex Key Wrench,Hand Tools,6,17.20,13.90,-3.30,-19.19,6,LI HARDWARE
"BRO-HAN-RAKE-5'X1-1/8""",PCS,5 X 1-1/8 Rake Handle,Doors & Hardware,32,11.60,8.30,-3.30,-28.45,32,ING PING
SWI-SOC-ULT-M074MG,PCS,Ultra 1GANG Data Out (RJ45)-MAT Grey (M074MG),Electrical,8,32.90,29.60,-3.30,-10.03,8,TRISTAR
TOO-COM-IRO-BUL-19MM,PCS,19MM Iron Bull Spanner,Hand Tools,11,13.60,10.30,-3.30,-24.26,10,KIM KONG3
SWI-SOC-ULT-M021W,PCS,Ultra 16A 2 GANG 1 Way-white (M021W),Electrical,16,13.10,9.80,-3.30,-25.19,16,TRISTAR
MDD-CON-MALE-RED,PCK,Male Disconnects - Red (1.5MM) (20PCS/PCK),Electrical,3,6.60,9.90,3.30,50.00,3,ECO ENTERPRISE3
SHH-HOO-MS4310-NO.1/0,PCK,No. 1/0 Eupro Fishing Hook (9'S),Fishing & Tackle,3,11.60,8.30,-3.30,-28.45,3,SINHENHUA
SWI-SOC-ULT-M000MG,PCS,Ultra 1 GANG Blank Plate-matte Grey (M000MG),Electrical,8,12.30,9.00,-3.30,-26.83,8,TRISTAR
DOR-RUB-SEA-6501,PCS,6501 PVC Rubber Door Seal,Doors & Hardware,7,15.20,11.90,-3.30,-21.71,7,SYN JING LEE
"HAT-STR-20""",PCS,20 Straw Hat,Other,66,4.20,7.50,3.30,78.57,62,TIE BROTHER3
TYRE-LEVER,PCS,Tyre Lever,Automotive,19,13.20,9.90,-3.30,-25.00,19,CHUONG LEE
X-SWI-LWD-1WAY-2GANG,PCS,Niko S - 1G1W Switch White,Electrical,87,0.50,3.80,3.30,660.00,87,SEBD3
IND-PUN-YEL,PCS,PVC Punkis,Building Materials,15,10.50,7.20,-3.30,-31.43,12,SONIC3
BNW-B&N-ORI-12225,KGS,Mild Steel Bolt & Nut 1/2 X 9,Fasteners & Fixings,25,12.80,9.50,-3.30,-25.78,24.2,SONIC3
DOR-LOC-DRA-9001-22,PCS,Target 9001-22 Drawer Lock,Locks & Security,12,9.20,5.90,-3.30,-35.87,12,SYN JING LEE
FDD-CON-FEM-RED,PCK,Female Disconnect Red (1.5MM2) (20PCS/PCK),Electrical,4,6.60,9.90,3.30,50.00,4,ECO ENTERPRISE3
"DRA-SLI-WHI-18""",SET,Drawer Slide (light Duty) 18,Plumbing,13,13.20,9.90,-3.30,-25.00,13,SYN JING LEE
SHH-LSTFIS-BIG,PCS,Lst Fishing Lure (big),Fishing & Tackle,4,12.70,9.40,-3.30,-25.98,4,SINHENHUA
FIT-UPVC-SLE-82MM,PCS,U-pvc Sleeve 82MM 3,Plumbing,10,9.20,5.90,-3.30,-35.87,10,KIONG SING
"DRI-SDS-ADA-1/2""",PCS,Sds Adaptor 1/2,Power Tool Accessories,8,9.00,5.70,-3.30,-36.67,8,WHA WEE
DOR-PAD-KTAC100,SET,4 King Top A/c Surface Bolt,Fasteners & Fixings,5,10.20,6.90,-3.30,-32.35,5,LI HARDWARE
X-CAB-VGA-5M,PCS,Vga 5M Cable-b,Electrical,2,18.70,22.00,3.30,17.65,2,JAYAMAS
NIP-9000-GF-1L-P,CAN,1L Nippon 9000 Gf Pastel Base,Paint & Sundries,9,64.90,68.10,3.20,4.93,8,PAINT MAR.2
BOS-2608-578-159,PCS,Masonry Drill Bit 9MM X,Power Tool Accessories,7,9.80,6.60,-3.20,-32.65,7,CMW ENGINEERING
TOO-HAM-CHI-NIE-551-22-030,PCS,Nietz Chipping Hammer 551-22-030,Hand Tools,7,15.80,12.60,-3.20,-20.25,6,SUNWAY WINSTAR
NIETZ-MOU-FLA-WHE-57121060,PCS,Nietz Mounted Flap Wheel 57121060,Abrasives & Cutting,3,15.70,12.50,-3.20,-20.38,3,SUNWAY WINSTAR
NIETZ-MOU-FLA-WHE-57110060,PCS,Nietz Mounted Flap Wheel 57110060,Abrasives & Cutting,3,11.10,7.90,-3.20,-28.83,3,SUNWAY WINSTAR
DRI-SDS-GT02-15260,PCS,Glotool Sds Drill 15 X 260MM,Power Tool Accessories,3,13.20,10.00,-3.20,-24.24,3,SONIC3
NIETZ-MOU-FLA-WHE-57110100,PCS,Nietz Mounted Flap Wheel 57110100,Abrasives & Cutting,1,11.10,7.90,-3.20,-28.83,1,SUNWAY WINSTAR
"TOO-DRV-STA-PH1-3/16""X4""-9960651630",PCS,"Cushion Grip S/dr PHILIPS-3/16""X4""X1PT ( 1X100MM)",Power Tools,12,13.10,9.90,-3.20,-24.43,12,YUNG KONG
TOO-NIE-TAM-T20,PCS,Nietz E/long Tamper Tx-star Wrench (red) 53283020,Hand Tools,3,10.90,7.70,-3.20,-29.36,3,SUNWAY WINSTAR
WIN-BRA-DOU-7009,PCK,Sr Double Bracket 7009 (7002) X,Doors & Hardware,5,19.10,15.90,-3.20,-16.75,5,SYARIKAT HUA KIONG3
"TOO-DRV-STA-PH0-1/8""X5""",PCS,"Cushion Grip S/dr PHILIPS-1/8""X5""X0PT ( 0X125MM)",Power Tools,7,13.40,10.20,-3.20,-23.88,7,YUNG KONG
ANG-EAV901SS,PCS,Eav 901 SS Elise Double Open Angle (SUS304),Other,7,34.90,31.70,-3.20,-9.17,6,REXER3
TOO-DRV-STA-5X150MM,PCS,"Cushion Grip S/dr Std - (3/16""X6"")",Power Tools,6,14.00,10.80,-3.20,-22.86,6,YUNG KONG
TOO-NIE-TAM-T50,PCS,Nietz E/long Tamper Tx-star Wrench (red) 53283050,Hand Tools,1,19.50,16.30,-3.20,-16.41,1,SUNWAY WINSTAR
DUS-PAN-1993,PCS,Dustpan + Wooden Handle,Doors & Hardware,58,10.10,6.90,-3.20,-31.68,58,ING CHOON
PLA-BAG-W500-1518,PCK,15 X 18 X Tbag (aa),Packaging,13,9.70,6.50,-3.20,-32.99,43,SA GENERAL PLASTIC
TOO-WRE-PLU-T008,PCS,8MM T-plug Wrench,Hand Tools,15,11.10,7.90,-3.20,-28.83,14,WHA WEE
SHO-HEA-05369(H),SET,Esh 500A Shower Head 05369,Bathroom,5,18.70,15.50,-3.20,-17.11,5,REXER3
X-SAF-EAR-EM9001,PCS,Picasaf 9001 Ear Muffle (NRR21),Power Tools,2,13.20,10.00,-3.20,-24.24,2,SUNWAY WINSTAR
STO-MOU-A5-20X28,PCS,Mounted Stone:k-prix Korea A5 (20X28),Abrasives & Cutting,7,9.90,6.70,-3.20,-32.32,6,KWONG TECK CHIONG3
STO-MOU-M5-25X35,PCS,Mounted Stone:k-prix Korea M5 (25X35),Abrasives & Cutting,5,11.40,8.20,-3.20,-28.07,5,KWONG TECK CHIONG3
GAR-SHE-702,PCS,Tiger Pruning Shears Diagonal 702,Outdoor & Garden,16,12.10,8.90,-3.20,-26.45,15,SONIC3
WOO-HOE-CANGKUL,PCS,Kayu Cangkul,Building Materials,38,14.10,10.90,-3.20,-22.70,38,HWA SOONG TIMBER
"PLA-BAG-BIO-BLA-35""X47""-L",ROLL,Cleanguard 35 X 47 Oxo Bio-degradeble Garbage Bag Blk,Packaging,30,15.40,12.20,-3.20,-20.78,30,MAJOR HARVEST3
ELE-NIG-LIG-262,PCS,ML MX-667(262) 3 Pin Sensor Night Light,Electrical,12,9.70,6.50,-3.20,-32.99,11,FULL-LITE
"FIT-SS232-ELB-3/4""-SUS304",PCS,SS Equal Elbow 3/4,Plumbing,10,10.70,7.50,-3.20,-29.91,10,SYN JING LEE
STO-MOU-M4-26X27,PCS,Mounted Stone:k-prix Korea M4 (26X27),Abrasives & Cutting,3,10.40,7.20,-3.20,-30.77,3,KWONG TECK CHIONG3
VAL-BAL-CNN-18MM,PCS,Steel Ball Valve - Cnn 18 MM,Plumbing,11,13.70,10.50,-3.20,-23.36,10,SONIC3
TOO-SPA-BEN-BLK-06MM,LGHT,BAR Bender: (m) Black 1/4,Power Tools,8,13.70,10.50,-3.20,-23.36,8,KWONG TECK CHIONG3
MDD-CON-MALE-RED-1,PCK,Male Disconnects - Red (1.5MM) (10PCS/PCK),Electrical,2,3.30,6.50,3.20,96.97,2,ECO ENTERPRISE3
TOO-DRV-SET-APS-353,SET,Arrow Precision Screwdriver Set,Hand Tools,7,18.70,15.50,-3.20,-17.11,7,CHIN LAI
LOC-GLA-SLI-TAR-9013-01,PCS,Target 9013-01 Sliding Glass Lock,Locks & Security,11,10.40,7.20,-3.20,-30.77,11,SYN JING LEE
DRI-BIT-116F,PCS,16MM Hitmax Diamond Core Bit,Power Tool Accessories,3,15.10,11.90,-3.20,-21.19,3,CRYSTAL TRIUMPH S/B
GUN-GRE-HOSE,PCS,Flexible Grease Gun Hose 11 X 300MM,Automotive,9,11.00,7.80,-3.20,-29.09,9,SONIC3
GAR-SPN-IRO-HAN-SHO,PCS,Mini Scope-sponge Handle,Doors & Hardware,4,8.10,4.90,-3.20,-39.51,4,TIE BROTHER3
SWI-SOC-POL-756,PCS,Pol 13A Switch Socket (756),Electrical,23,9.10,5.90,-3.20,-35.16,19,ECO ENTERPRISE3
"DRI-AUG-SDS-9/16""",PCS,9/16 Sds Plus Auger Bit,Power Tool Accessories,11,16.70,13.50,-3.20,-19.16,10,DALMAX3
X-FLO-MOC-30R188,PCS,12 X 12 Floor Tiles 30R188,Power Tools,2,0.50,3.70,3.20,640.00,2,CHEE LIAN
X-FLO-MOC-30R166,PCS,12 X 12 Floor Tiles 30R166,Power Tools,1,0.50,3.70,3.20,640.00,1,CHEE LIAN
IND-CAS-GLI-RIG-50MM,EA,2 IN Glide Rigid Caster Wheel,Building Materials,3,10.40,7.20,-3.20,-30.77,3,CHIONG SENG
BAT-ENE-MAX-AA4PCS,PCK,En Max Aa 4 Pc,Electrical,128,19.90,16.80,-3.10,-15.58,128,HUA BAN
SHO-SOR-SRTSH22612,PCS,Sorento 204MM ABS Chrome Surface Rainshower Head,Bathroom,2,88.90,92.00,3.10,3.49,2,SYNTALUN
PAI-SPR-SAM-PR-500,PCS,Samurai Spray Paint Paint Remover,Paint & Sundries,24,20.90,17.80,-3.10,-14.83,24,KIM KONG3
GRA-SAN-SWFG-SS304-6610,PCS,Saniware Floor Grating (150X150MM) SWFG-SS304-6610 SUS304,Bathroom,3,34.90,38.00,3.10,8.88,3,VTC HARDWARE
GRA-SAN-SWFG-SS304-6606,PCS,Saniware Floor Grating (150X150),Bathroom,2,36.90,40.00,3.10,8.40,2,VTC HARDWARE
BID-SOR-SRT83-CR,PCS,Sorento Bidet ABS,Bathroom,1,64.90,68.00,3.10,4.78,1,SYNTALUN
SHO-SAN-SWP-SA-150,PCS,Saniware Premier Shower Arm,Bathroom,2,20.90,24.00,3.10,14.83,2,VTC HARDWARE
IND-SCO-SMR-S512TY,PCS,Samurai King Steel Shovel S512TY (PCS),Building Materials,21,20.00,16.90,-3.10,-15.50,31,SYN JING LEE
BRU-CUP-GDB-75M1015,PCS,Glotool C/brush (b) 75M10*1.5,Other,18,12.40,9.30,-3.10,-25.00,18,SONIC3
TOO-HAM-SLE-GT08LB,PCS,Glotool Sledge Hammer 8LB,Hand Tools,3,63.90,67.00,3.10,4.85,3,SONIC3
BOS-2608-608-T66-N,PCK,Velcro Disc 125MM Holes (5PCS/PCK) G100-8,Abrasives & Cutting,10,12.60,9.50,-3.10,-24.60,10,CMW ENGINEERING
BOS-2608-603-360,PCS,Flap Disc 4 P120 (standard For Inox),Power Tools,2,19.60,16.50,-3.10,-15.82,2,CMW ENGINEERING
TOO-NIE-PLU-COU-20SM,PCS,Nietz Quick Coupler Socket 20SM,Electrical,13,22.90,19.80,-3.10,-13.54,13,SUNWAY WINSTAR
BOS-2608-595-077,PCS,Hss-g Metal Bit 10.0MM,Power Tools,4,22.90,19.80,-3.10,-13.54,4,CMW ENGINEERING
TOO-NIE-BIT-SCKT-1/2IN-T40,PCS,Nietz Drive Long Str Bit 50244140 T40,Power Tools,1,24.90,21.80,-3.10,-12.45,1,SUNWAY WINSTAR
ELE-D/L-PHI-3U-11W-E27,PCS,Philips Essential Stick E27 11W LED Bulb,Lighting,8,19.90,16.80,-3.10,-15.58,8,CIMA
"FIT-BUT-CON-MALE-25MMX3/4""",PCS,Buteline 25MMX3/4 PE Tank Connector Male,Plumbing,15,8.50,5.40,-3.10,-36.47,15,HUA BAN
BID-CAB-CB55CR,UNIT,Cabana Bidet (chrome),Bathroom,2,54.90,58.00,3.10,5.65,2,HUE HOME
BAS-SOR-SRTW5000,PCS,Sorento 80MM Pop Up Waste (W/0 Over Flow),Plumbing,1,74.90,78.00,3.10,4.14,1,SYNTALUN
IND-CAS-SWI-BRA-75MM,PCS,3 DL5 Tpr M/duty 2 Bearing Swivel Caster W D/ Brake,Fishing & Tackle,24,29.90,26.80,-3.10,-10.37,24,DALMAX3
BOS-2608-630-031,PCS,Jigsaw Blade T101AO,Power Tool Accessories,6,10.80,7.70,-3.10,-28.70,6,CMW ENGINEERING
BOS-2608-680-268,PCS,Sds + Drill Bit S3 7 X 100/160MM,Power Tool Accessories,5,12.80,9.70,-3.10,-24.22,4,CMW ENGINEERING
BOS-2608-680-283,PCS,Sds + Drill Bit S3 14 X 200/260MM,Power Tool Accessories,2,26.90,23.80,-3.10,-11.52,2,CMW ENGINEERING
SEN-VAC-BRA-DHS19,PCS,19MM X M10 Sensui Vacuum Brazed Diamo,Home Appliances,1,51.90,48.80,-3.10,-5.97,1,CRYSTAL TRIUMPH S/B
"TOO-NIE-SOC-HAN-1/2""-17MM",PCS,Nietz Dr Chrome Socket (12PT)50043017 17MM,Electrical,4,13.00,9.90,-3.10,-23.85,4,SUNWAY WINSTAR
HOS-SPR-TRN-ST3355,PCS,S/s High Pressure Shower Hose 1.5M,Bathroom,12,26.90,23.80,-3.10,-11.52,12,SYN JING LEE
ADH-TAP-NISSHO-HCH-SG0006,ROLL,10MM X 10Y Nissho Acyclic Foam Side Tape (red),Chemicals & Adhesives,10,14.30,11.20,-3.10,-21.68,10,REXER3
TOO-NIE-SOC-KEY-L05MM,PCS,Nietz 1/2 IN Drive Long Allen Bxsocket 50240105 5MM,Power Tools,3,24.90,21.80,-3.10,-12.45,3,SUNWAY WINSTAR
SAN-SWPW-SS-W121A,PCS,Waste With Overflow SWPW-SS-W121A,Plumbing,1,32.90,36.00,3.10,9.42,1,VTC HARDWARE
SAN-SWPW-SS-W121B,PCS,Waste Without Overflow SWPW-SS-W121B,Plumbing,1,31.90,35.00,3.10,9.72,1,VTC HARDWARE
SAN-SWPW-SS-W81B,PCS,Waste Without Overflow SWPW-SS-W81B,Plumbing,1,24.90,28.00,3.10,12.45,1,VTC HARDWARE
GUM-HAR-RS200W-WHT,PCS,Acrylic Sealant: Hardex White,Chemicals & Adhesives,65,9.00,5.90,-3.10,-34.44,103,KWONG TECK CHIONG
HHD-STO-JYMT-150MM,PCS,6 Jayamata Sharpening Stone,Bathroom,8,19.90,16.80,-3.10,-15.58,7,WHA WEE
PVC-SPONGE-MATE-CX1200,PCS,"48""X66 PVC Sponge Mat",Packaging,69,21.90,18.80,-3.10,-14.16,68,CHUNS TRADING
IND-TRO-PLA-STE-99999,PCS,"Blue Steel Cement Trowel 4 1/2""X11 1.0MM",Hand Tools,84,13.60,10.50,-3.10,-22.79,81,BOON SENG
CIMA-DL-L-SC40F-12W-DL,SET,Senco 4 Square LED Panel Light Iron (dob) 12W,Home Appliances,5,19.60,16.50,-3.10,-15.82,5,CIMA
TOO-NIE-ALL-KEY-06MM,PCS,Nietz E/long Ball Point Satin Wrch 53252060 6MM,Power Tools,2,12.00,8.90,-3.10,-25.83,2,SUNWAY WINSTAR
LET-BOX-HW305B-0126S,PCS,Metal Letter Box (256X176X51MM) Black,Doors & Hardware,4,59.90,63.00,3.10,5.18,4,KANSSAN
"TOO-CUT-BOL-GT36""",PCS,Glotool Bolt Clipper 36,Fasteners & Fixings,2,84.90,88.00,3.10,3.65,2,SONIC3
TOO-BRA-STA-991002130,PCS,(5/8 Cap) Bit Brace 10,Power Tools,2,91.90,95.00,3.10,3.37,2,YUNG KONG
TOO-PLI-RIV-ASAKI,PCS,Asaki Hand Riveter,Power Tools,4,42.90,39.80,-3.10,-7.23,4,SYN JING LEE
TOO-CUT-SNIW107C,PCS,Aviation Snips 250MM W0107C,Power Tools,4,40.90,37.80,-3.10,-7.58,4,JUMBO
"FAS-SCR-CSK-1"" X 6G - BOX",BOX,Sr Csk Tapping Screw 1 X 6G (1000PCS/BOX),Fasteners & Fixings,3,61.90,58.80,-3.10,-5.01,3,SYARIKAT HUA KIONG3
"TOO-CUT-BOL-GT24""",PCS,Glotool Bolt Clipper 24,Fasteners & Fixings,2,54.90,58.00,3.10,5.65,2,SONIC3
TOO-NIE-TAM-T25,PCS,Nietz E/long Tamper Tx-star Wrench (red) 53283025,Hand Tools,3,11.80,8.70,-3.10,-26.27,3,SUNWAY WINSTAR
SHH-LURE-H2130-3.0CM,PCS,Huizhu Fishing Super Lure Frog 3.0CM (soft),Fishing & Tackle,4,11.60,8.50,-3.10,-26.72,3,SINHENHUA
SWI-T/BOX-540A,SET,Extension Box Sp PP100-540A,Electrical,4,32.90,29.80,-3.10,-9.42,4,FULL-LITE
X-BAT-ENE-MAX+-AAA2PCS,PCK,Enr Max Alk Aa 12 PCS,Power Tools,23,39.90,36.80,-3.10,-7.77,23,HUA BAN
BOS-2608-690-128(1),PCS,Sds Max Pointed Chisel,Power Tool Accessories,1,59.90,63.00,3.10,5.18,1,CMW ENGINEERING
LOC-APL-110-40MM-S/S,PCS,Armor S/steel Padlock APL-110-40MM SUS-304,Locks & Security,3,68.90,72.00,3.10,4.50,3,VERTEX
TOO-WRE-BELW0020B,PCS,"Belt Wrench 9""/225MM",Hand Tools,4,49.90,46.80,-3.10,-6.21,3,JUMBO
DRI-SAW-A68-10MM,PCS,Sawman A68 Multi Purpose Drill Bit 10MM,Power Tool Accessories,8,10.30,7.20,-3.10,-30.10,8,SYN JING LEE
HHD-VAL-FLO-BRA-CIT-12MM,PCS,City Moh Brass Float VALVE-1/2,Fishing & Tackle,8,22.90,19.80,-3.10,-13.54,8,SUNWAY WINSTAR
TOO-HAN-TW0019,PCS,1/2 Sliding T-bar,Power Tools,3,20.90,17.80,-3.10,-14.83,3,JUMBO
PYE-FLE-SEAL-1.0KG-GREY,TIN,PYE Flexible Seal 1.0KG (grey),Building Materials,8,31.90,28.80,-3.10,-9.72,8,BENTON3
TOO-COM-IRO-BUL-32MM,PCS,32MM Iron Bull Spanner,Hand Tools,6,41.90,38.80,-3.10,-7.40,6,KIM KONG3
BOS-2608-690-122,PCS,Sds + Pencil Flat Chisel,Power Tool Accessories,2,18.00,14.90,-3.10,-17.22,2,CMW ENGINEERING
"TOO-PICK-ALUM-00657T-33""",PCS,33 Aluminium Foldable Pick Up Tool,Power Tools,10,42.90,39.80,-3.10,-7.23,10,DALMAX3
"FIT-HDPE-ELB-FEM-25MMX1/2""",PCS,Wall Plate Female Elbow 25MM X 1/2,Plumbing,40,11.60,8.50,-3.10,-26.72,39,DALMAX
SHE-CAB-CB476-GM,PCS,Cabana Corner Shelf,Housewares,1,94.90,98.00,3.10,3.27,1,SYNTALUN
SHO-HAN-HDLE-8040,PC,Hand Shower Handle Only 8040,Bathroom,5,17.60,14.50,-3.10,-17.61,5,SYN JING LEE
TOO-CLA-GW473100,PCS,Heavy G-shape Clamp 4,Hand Tools,3,26.90,23.80,-3.10,-11.52,3,JUMBO
KGR-KIM-300ML-9222,TIN,300ML Kangaroo Kimtone 9222,Paint & Sundries,14,20.90,17.80,-3.10,-14.83,14,KANGAROO PAINT
RIG-HOO-ALL-1.0TON,PCS,Alloy Hook 1.0TON,Lifting & Rigging,7,11.00,7.90,-3.10,-28.18,7,SONIC3
WIN-LOU-YNC-6B,SET,6B Yunco Louvres Window,Doors & Hardware,11,25.90,22.80,-3.10,-11.97,11,TIE BROTHER3
GUN-WUF-ROC-F-78,PCS,Rockey Spray Gun F-78,Power Tool Accessories,4,51.90,48.80,-3.10,-5.97,4,JHT HARDWARE
STO-MOU-M10-18X34,PCS,Mounted Stone:k-prix Korea M10 (18X34),Abrasives & Cutting,6,9.90,6.80,-3.10,-31.31,6,KWONG TECK CHIONG3
"FIT-YG235-TEE-3/8""-BRA",PCS,Brass Equal Tee 3/8,Plumbing,16,10.00,6.90,-3.10,-31.00,16,SYN JING LEE
"HOS-FLE-OTO-966-66MB-16""",PCS,Otosani 304 Nut 16 High Pressure Flexible Hose (mb),Fasteners & Fixings,10,15.00,11.90,-3.10,-20.67,10,CHUAN HONG
"IND-CAS-PVC-RIG-6""",PCS,Medium Duty Red PVC Rigid Wheel 6,Building Materials,10,54.90,51.80,-3.10,-5.65,10,BENTON3
SHH-LINE-L/G-OHML15,PCS,Omega Hayasu Mono Line (rainbow) 15LBS,Fishing & Tackle,3,15.00,11.90,-3.10,-20.67,3,SINHENHUA
HHD-FLU-M0676/L100W-40MM,PCS,Techplas Liftup Outlet Valve White,Plumbing,5,25.90,22.80,-3.10,-11.97,5,LIKTHYE HARDWARE3
DOR-HOL-818,PCS,Leon S/steel Magnetic Door HOLDER-818,Doors & Hardware,1,14.00,10.90,-3.10,-22.14,1,BOON SENG
SHH-SPE-FIS-FS503,PCS,Fish Spears (3 PRONGS)/8106/FS8102/FS8107,Fishing & Tackle,3,13.60,10.50,-3.10,-22.79,3,SINHENHUA
TOO-COM-GD33,PCS,Gd Combination Wrench 33MM,Hand Tools,2,33.90,30.80,-3.10,-9.14,2,SONIC3
ELE-KNI-BS-303181-STRAIGT,PCS,Bosi (BS-303181) Electrician's Knife (straigt),Electrical,5,21.90,18.80,-3.10,-14.16,5,HSIN NGIE
SHH-LINE-L/G-OHML12,PCS,Omega Hayasu Mono Line (rainbow) 12LBS,Fishing & Tackle,2,15.00,11.90,-3.10,-20.67,2,SINHENHUA
SHH-LINE-L/G-OHML25,PCS,Omega Hayasu Mono Line (rainbow) 25LBS,Fishing & Tackle,2,15.00,11.90,-3.10,-20.67,2,SINHENHUA
SAF-COA-NET-RED,PCS,Netting Vest Coat (mesh Fabric) Red,"Rope, Chain & Netting",35,8.80,5.70,-3.10,-35.23,35,SUNWAY WINSTAR
NUM-80MM-0,PCS,Venus Home Numbering 80MM - 0,Signage & Numbering,3,15.70,12.60,-3.10,-19.75,3,REXER3
SAF-BEL-IND,SET,Safety Belt,Safety & Workwear,12,22.90,19.80,-3.10,-13.54,12,SONIC3
RAT-CAG,PCS,Rat Cage,Other,23,11.00,7.90,-3.10,-28.18,22,HUI SHEN
SHH-LINE-L/G-OHML10,PCS,Omega Hayasu Mono Line (rainbows) 10LBS,Fishing & Tackle,1,15.00,11.90,-3.10,-20.67,1,SINHENHUA
TOO-TES-PEN-STA-(66-120),PCS,Spark Detecting Screwdriver - 3/16 X 7-1/2,Hand Tools,10,15.60,12.50,-3.10,-19.87,10,YUNG KONG
SAF-SHO-SAV-41/7#,PAIR,Savvi Safety Shoe 41/7,Safety & Workwear,2,72.90,76.00,3.10,4.25,2,FONG YUAN HUNG
SAF-BEL-IND-886,PCS,R'key Big Buckle Safety Belt,Safety & Workwear,2,71.90,68.80,-3.10,-4.31,2,JHT HARDWARE
SHH-FROG-LURE-H21,PCS,H21 Huizhu Fishing Lure Frog 4.5CM (soft),Fishing & Tackle,1,12.30,9.20,-3.10,-25.20,1,SINHENHUA
"SHH-ROU-LAN-NET-17""",PCS,Round Landing Net 17 PE Net,Fishing & Tackle,4,32.90,29.80,-3.10,-9.42,4,SINHENHUA
BNW-NUT-ORI-09MM,KGS,MS Hex Nut 3/8,Fasteners & Fixings,25,13.60,10.50,-3.10,-22.79,24.9,SONIC3
BNW-B&N-ORI-09125,KGS,Mild Steel Bolt & Nut 3/8 X 5,Fasteners & Fixings,25,12.60,9.50,-3.10,-24.60,23.84,SONIC3
BNW-B&N-ORI-09160,KGS,Mild Steel Bolt & Nut 3/8 X 6,Fasteners & Fixings,23,12.60,9.50,-3.10,-24.60,22.78,SONIC3
NUM-80MM-J,PCS,Venus Home Numbering 80MM - J,Signage & Numbering,3,15.70,12.60,-3.10,-19.75,3,REXER3
IND-IRON-HIN,PCS,4 Lorry Hinges,Building Materials,4,11.00,7.90,-3.10,-28.18,4,WHA WEE
TOO-CUT-CAL-SHE-150MM,PCS,Sr Shell Cable Cutter 6,Electrical,8,14.90,11.80,-3.10,-20.81,8,SYARIKAT HUA KIONG3
"DRI-AUG-CRO-1/2""",PCS,Navato Auger Bit 1/2,Power Tool Accessories,7,12.30,9.20,-3.10,-25.20,7,ALIKE HARDWARE3
"SHH-NYLON-BAG-1/2""36""(34"")",PCS,"Nylon Fish Bag 210/5 1/2 36""(34"")",Fishing & Tackle,2,14.30,11.20,-3.10,-21.68,2,SINHENHUA
"SHH-CAGE-2RING-6""",PCS,"2 Ring Cages 6 (210/5 X 6"")",Fishing & Tackle,2,12.80,9.70,-3.10,-24.22,2,SINHENHUA
ELE-WOO-BLOCK-8X10,EA,Wood Block 8 X 10,Electrical,6,10.40,7.30,-3.10,-29.81,6,ECO ENTERPRISE3
COC-BIB-PVC-18MM,PCS,3/4 IN PVC Bib Tap,Plumbing,7,8.30,5.20,-3.10,-37.35,6,CHIONG SENG
FLO-MOC-BR3030NSDG,PCS,BR3030NSDG 30X30CM,Flooring,1,0.50,3.60,3.10,620.00,1,BRAVO-LINE
PSN-MJ-CS100WSK,PCS,Panasonic Juicer 1.7L 400W (white),Home Appliances,2,279.00,282.00,3.00,1.08,2,KIONG HUO
FAN-WAL-TAICON-TC-11007,SET,Taicon 16 Wall Fan Sirim-blk,Fans & Ventilation,4,119.00,122.00,3.00,2.52,4,ECO ENTERPRISE3
ELE-D/L-ECO-3030-24W,PCS,Hms Downlite Hsp 503-24W 6500K,Electrical,154,22.90,19.90,-3.00,-13.10,154,TOP GAN
BAT-ENE-MAX-AAA4PCS,PCK,En Max Aaa 4 Pc,Electrical,128,19.90,16.90,-3.00,-15.08,128,HUA BAN
BOS-2608-642-985,PCS,Circular Sawblade 7 1/4 X 60T Wood,Power Tools,2,86.90,89.90,3.00,3.45,2,CMW ENGINEERING
PAI-SPR-SAM-056,PCS,Samurai Spray Paint Fluorescent Yellow,Paint & Sundries,16,26.90,23.90,-3.00,-11.15,16,KIM KONG3
BOS-1617-014-144,SET,Carbon Brush Gsh 5CE / Gsh 9VC / Gbh,Power Tools,2,66.90,63.90,-3.00,-4.48,2,CMW ENGINEERING
PAI-SPR-SAM-Y017,PCS,Samurai Spray Paint Candy Green,Paint & Sundries,13,20.90,17.90,-3.00,-14.35,13,KIM KONG3
BOS-2608-578-120,PCS,Masonry Drill Bit 8MM X,Power Tool Accessories,11,9.00,6.00,-3.00,-33.33,11,CMW ENGINEERING
PAI-SPR-SAM-Y012,PCS,Samurai Spray Paint Candy Brown,Paint & Sundries,10,20.90,17.90,-3.00,-14.35,10,KIM KONG3
PAI-SPR-SAM-Y112,PCS,Samurai Spray Paint Candy Red,Paint & Sundries,10,20.90,17.90,-3.00,-14.35,10,KIM KONG3
ELE-D/L-LSM-72W-3CLR,PCS,LED Source Module 72W-3CLR,Lighting,9,42.90,39.90,-3.00,-6.99,8,TOP GAN
TAR-SHT-GT2-08X10,SHT,Glotool PE Tarp Sheet - 8 X 10 (GT02),Building Materials,4,27.90,24.90,-3.00,-10.75,4,ALIKE HARDWARE3
TAR-SHT-GT2-09X12,SHT,Glotool PE Tarp Sheet - 9 X 12 (GT02),Building Materials,3,37.90,34.90,-3.00,-7.92,3,ALIKE HARDWARE3
TOO-HAM-SLE-GT06LB,PCS,Glotool Sledge Hammer 6LB,Hand Tools,2,53.90,56.90,3.00,5.57,2,SONIC3
"FIT-BUT-ELB-LUG-1/2""BSPTX20",PCS,"Buteline 1/2""BSPTX20 Elbow Lugged",Plumbing,29,8.10,5.10,-3.00,-37.04,29,HUA BAN
NIP-HYD-MET-SIL-1L,CAN,1L Nippon Hydro Metallic Silver Base,Paint & Sundries,11,44.90,47.90,3.00,6.68,11,PAINT MAR.2
TOO-NIE-PLU-COU-40SF,PCS,Nietz Quick Coupler Socket 40SF,Electrical,7,24.90,21.90,-3.00,-12.05,7,SUNWAY WINSTAR
TOO-NIE-PLU-COU-40SM,PCS,Nietz Quick Coupler Socket 40SM,Electrical,7,24.90,21.90,-3.00,-12.05,7,SUNWAY WINSTAR
BOS-F016-800-360,PCS,Hose For Aqt 33-10/ Aqt 35-12/ Aqt 37-13,Outdoor & Garden,3,119.00,122.00,3.00,2.52,3,CMW ENGINEERING
BOS-2608-680-289,PCS,Sds + Drill Bit S3 18 X 400/460MM,Power Tool Accessories,3,49.90,46.90,-3.00,-6.01,3,CMW ENGINEERING
BOS-2608-615-111,PCS,5 Diamond Cutting Blade Universal,Power Tools,5,64.90,61.90,-3.00,-4.62,5,CMW ENGINEERING
TOO-NIE-PLU-COU-40SH,PCS,Nietz Quick Coupler Socket 40SH,Electrical,5,24.90,21.90,-3.00,-12.05,5,SUNWAY WINSTAR
BOS-2608-680-273,PCS,Sds + Drill Bit S3 10 X 100/160MM,Power Tool Accessories,9,13.40,10.40,-3.00,-22.39,8,CMW ENGINEERING
SEN-VAC-BRA-DHS22,PCS,22MM X M10 Sensui Vacuum Brazed Diamo,Home Appliances,2,56.90,53.90,-3.00,-5.27,2,CRYSTAL TRIUMPH S/B
HHD-FLU-S300A-50MM,SET,Dual Flush Push,Bathroom,16,38.90,35.90,-3.00,-7.71,16,BENTON3
TOO-NIE-PLU-COU-40PM,PCS,Nietz Quick Coupler Plug 40PM,Electrical,8,12.40,9.40,-3.00,-24.19,8,SUNWAY WINSTAR
TOO-NIE-SOC-HDL-14MM,PCS,Nietz T Hdl Deep Socket Wrch (6PT)50050214 14MM,Electrical,3,31.90,28.90,-3.00,-9.40,3,SUNWAY WINSTAR
"TOO-NIE-SOC-HAN-1/2""-16MM",PCS,Nietz Dr Chrome Socket (12PT)50043016 16MM,Electrical,7,12.80,9.80,-3.00,-23.44,7,SUNWAY WINSTAR
BOS-2608-680-270,PCS,Sds + Drill Bit S3 8 X 100/160MM,Power Tool Accessories,6,12.80,9.80,-3.00,-23.44,2,CMW ENGINEERING
SPR-BID-ABS-L300,SET,Leon ABS Bidet,Bathroom,15,27.90,24.90,-3.00,-10.75,9,BOON SENG
"TOO-NIE-SOC-HAN-1/2""-32MM",PCS,Nietz Dr Chrome Socket (12PT)50043032 32MM,Electrical,2,24.90,21.90,-3.00,-12.05,2,SUNWAY WINSTAR
JUG-DEK-KET-KTJK1811,PCS,JK-1811 Jug Kettle,Home Appliances,6,49.90,46.90,-3.00,-6.01,6,HAN LIN
TOO-NIE-SOC-KEY-L06MM,PCS,Nietz 1/2 IN Drive Long Allen Bxsocket 50240106 6MM,Power Tools,4,24.90,21.90,-3.00,-12.05,4,SUNWAY WINSTAR
SPR-BID-B2021,PCS,Bliton 304 S/steel Bidet Spray,Bathroom,4,64.90,67.90,3.00,4.62,4,CRYSTAL TRIUMPH S/B
SINK-TAP-K2B-LT8517H,PCS,Luxtec Flexible Hose Pillar Sink Tap,Kitchen & Sinks,5,49.90,46.90,-3.00,-6.01,4,VERTEX
"TOO-NIE-SOC-HAN-1/2""-15MM",PCS,Nietz Dr Chrome Socket (12PT)50043015 15MM,Electrical,3,11.80,8.80,-3.00,-25.42,3,SUNWAY WINSTAR
SWI-T/SOC-MS3255-1.5M5G,PCS,Morries Extension Socket 5G 1.5M W Neon (pink),Electrical,19,53.90,50.90,-3.00,-5.57,19,YUAN MING
BOS-F016-800-361,PCS,Extension Hose For Aqt 35-12/ Aqt 37-13,Electrical,4,119.00,122.00,3.00,2.52,4,CMW ENGINEERING
BOS-2608-572-253,PCS,Drill Chuck 13MM,Power Tools,1,49.90,46.90,-3.00,-6.01,1,CMW ENGINEERING
SHO-CAB-CSH28211,UNIT,"Cabana ABS Rain Shower Head (200X200-8"")",Bathroom,1,114.00,117.00,3.00,2.63,1,HUE HOME
SWI-T/SOC-MS3244-5-5M4G,PCS,Morries Extension Socket 4G 5M W Neon,Electrical,8,67.90,64.90,-3.00,-4.42,8,YUAN MING
"HHD-STO-JM199-7""",PCS,7 Sharpening Stone,Bathroom,10,9.90,6.90,-3.00,-30.30,9,TIE BROTHER3
TAP-CAB-CB5108,UNIT,Cabana Wall-mounted Sink Tap CB5108,Kitchen & Sinks,1,99.00,96.00,-3.00,-3.03,1,HUE HOME
GRA-CUT-LIN-3MM1LB,PCK,Grass Cutter Line 3MM X 1LBS,Outdoor & Garden,13,24.90,21.90,-3.00,-12.05,13,ALIKE HARDWARE3
BOS-2608-600-264,PCS,7 Grinding Disc,Abrasives & Cutting,9,9.20,6.20,-3.00,-32.61,9,CMW ENGINEERING
GLOSEAL-SIL-GN-900C,PCS,Gloseal Silicone - Clear,Chemicals & Adhesives,26,11.90,8.90,-3.00,-25.21,24,SONIC
TOO-COM-W0287G-14MM,PCS,Com Ratchet Wrench 14MM,Hand Tools,5,27.90,24.90,-3.00,-10.75,5,JUMBO
COC-SINK-K505L-WALL,SET,Sink Tap: Lever Type -wall 1/2,Kitchen & Sinks,3,25.90,22.90,-3.00,-11.58,13,KWONG TECK CHIONG3
COC-BAS-SSS-LSS101,PCS,Leon Sus 304 S/steel Basin TAP-LSS101,Bathroom,2,34.90,31.90,-3.00,-8.60,8,BOON SENG
SHH-FISH-NET-0.15D-30MM-30MD/6A,PCS,30MM (180/5),Fishing & Tackle,3,39.90,36.90,-3.00,-7.52,3,SINHENHUA
LOC-VIVOZ-V50MM,PCS,Vivoz Chrome Pad V-6000 LOCK-50MM,Locks & Security,7,16.50,13.50,-3.00,-18.18,7,BOON SENG
HDD-TOI-COV-SC-4125,PCS,Premium M/d Toilet Seat & Cover-white,Bathroom,17,40.90,37.90,-3.00,-7.33,17,LIKTHYE HARDWARE3
IND-TRU-FD150,SET,PVC Platform Handtruck FD150,Building Materials,4,169.00,172.00,3.00,1.78,4,SYN JING LEE
"TOO-DRV-STA-PH0-1/8""X4""-9960651580",PCS,"Cushion Grip S/dr PHILIPS-1/8""X4""X0PT ( 0X100MM)",Power Tools,18,12.80,9.80,-3.00,-23.44,17,YUNG KONG
TOO-HAM-CLA-MHT2839,PCS,Steel Handle Magnetic Claw,Hand Tools,7,94.90,97.90,3.00,3.16,7,BESMA3
RAI-BOO-KRK-Y42#,PAIR,Rainshoes - 42 (9) 7000YLW,Curtains & Blinds,14,36.90,33.90,-3.00,-8.13,14,MAJOR HARVEST3
IND-CAS-75MM,PCS,3 DL5 Tpr M/duty 2 Bearing Fixed Caster,Building Materials,24,20.90,17.90,-3.00,-14.35,23,DALMAX3
IND-WHE-TYR-SOLI,PCS,ST22 Solid Wheel,Building Materials,16,29.90,26.90,-3.00,-10.03,15,ING PING3
LOC-COL-ZK502,SET,Safety Chrome Plated Padlock ZK-502,Safety & Workwear,11,42.90,39.90,-3.00,-6.99,11,KIM KONG3
TOO-COM-W0287K-18MM,PCS,Com Ratchet Wrench 18MM,Hand Tools,2,35.90,32.90,-3.00,-8.36,2,JUMBO
RAI-BOO-KRK-Y41#,PAIR,Rainshoes - 41 (8) 7000YLW,Curtains & Blinds,12,36.90,33.90,-3.00,-8.13,11,MAJOR HARVEST3
SAF-HEL-PRO-YEL,PCS,Progruard Safety Helmet - Yellow,Safety & Workwear,36,19.90,16.90,-3.00,-15.08,33,SONIC3
TOO-PLI-DIA-W608,PCS,C608 Diagonal Cutting Pliers 200MM,Power Tools,6,21.90,18.90,-3.00,-13.70,6,JUMBO
IND-WHE-TYR-AIR-ST22,PCS,ST22 Air Wheel,Building Materials,12,29.90,26.90,-3.00,-10.03,11,ING PING3
TAP-SIN-STN116BK,PCS,Sksk S/steel Sink Out Kitchen Tap-black,Kitchen & Sinks,1,31.90,34.90,3.00,9.40,1,MAJOR HARVE
BOS-1607-950-045,PCS,Bosch Drill Chuck Key,Power Tool Accessories,4,22.90,19.90,-3.00,-13.10,4,CMW ENGINEERING
"TOO-DRV-STA-PH2-1/4""X10""-9960651710",PCS,"Cushion Grip S/dr PHILIPS-1/4""X10""X2PT ( 2X250MM)",Power Tools,5,22.90,19.90,-3.00,-13.10,5,YUNG KONG
TOO-WRE-FOLW0408,PCS,8PCS Folding Box End Hex Key,Power Tools,5,22.90,19.90,-3.00,-13.10,5,JUMBO
HOS-CON-EG4134-40200043,PCS,"Ecogreen-quick Connector (universal) 1/2"", 5/8"", 3/4",Outdoor & Garden,9,11.90,8.90,-3.00,-25.21,9,ZHONG YUAN3
LOC-DEL-TZ-DL3871SS,PCS,Deluxe Cylindrical Lock,Locks & Security,19,15.90,12.90,-3.00,-18.87,16,REXER3
TOO-HAM-WOOD-BLI-27MM,PCS,Blimax Wood Claw,Hand Tools,15,19.90,16.90,-3.00,-15.08,15,BOON SENG
"BRA-SHE-S/S-G785-08""",SET,G785 304 H/duty Shelf Bracket 8,Housewares,12,22.90,19.90,-3.00,-13.10,12,SYN JING LEE
TOO-TIN-CUT-W608A,PCS,Tin Cutter 200MM W608A,Power Tools,3,31.90,28.90,-3.00,-9.40,3,JUMBO
TOO-ELE-GUN-GLU-80W,PCS,80W Glue Gun,Chemicals & Adhesives,7,22.90,19.90,-3.00,-13.10,6,WHA WEE
RAI-BOO-KRK-Y43#,PAIR,Rainshoes - 43 (10) 7000YLW,Curtains & Blinds,7,36.90,33.90,-3.00,-8.13,7,MAJOR HARVEST3
SWI-ADA-MS3106N,PCS,Morries Uk Plug Travel Adaptor,Electrical,53,13.90,10.90,-3.00,-21.58,53,YUAN MING
CLI-ELE-CAB-18MM40S,BOX,Cable Clip 18MM/40'S,Electrical,12,9.20,6.20,-3.00,-32.61,12,SEBD3
GAR-SHO-12072,PCS,Gt 607R Shovel Rubber Handle-h/duty,Doors & Hardware,8,9.90,6.90,-3.00,-30.30,8,REXER3
TOO-EXT-BARW0015B,PCS,1/2 Extension Bars 250MM,Electrical,5,20.90,17.90,-3.00,-14.35,4,JUMBO
WIN-BRA-SIN-7008,PCK,Sr Single Bracket 7008/7001 X,Doors & Hardware,8,9.90,6.90,-3.00,-30.30,8,SYARIKAT HUA KIONG3
ELE-ADA-3WAY-MS-BS03L,PCS,Morries 13A 3WAY Adaptor With Fuse & Neon,Electrical,30,20.90,17.90,-3.00,-14.35,30,YUAN MING
HOS-GAR-ORA-160230,ROLL,Greenland Super Fancy Hose (cb) 5/8 X 2MM X 30M,Outdoor & Garden,12,66.90,69.90,3.00,4.48,12,ALIKE HARDWARE3
SPRA-BOSNY-B136-400CC,CAN,Bosny Zinc Galvanize Spray,Building Materials,6,35.90,32.90,-3.00,-8.36,6,DALMAX3
DOR-SHU-LOC-SGD-H322,PCS,Armor Roller Shutter,Locks & Security,10,20.90,17.90,-3.00,-14.35,8,VERTEX
KGR-REM-PAI-1000ML,TIN,910 Paint Remover 1 Liter,Paint & Sundries,16,47.90,44.90,-3.00,-6.26,16,KANGAROO PAINT
TOO-FIL-BES-KY103,PCS,Bestul Handle File,Hand Tools,5,39.90,36.90,-3.00,-7.52,5,BESMA3
GAS-STO-HEA-MQL100,PCS,100 Beehive Burner Head,Home Appliances,10,18.90,15.90,-3.00,-15.87,10,CHUNS TRADING
SHH-LINE-WHI-NO.300,PKT,(sf) Round White M. L. No. 300,Fishing & Tackle,13,14.50,11.50,-3.00,-20.69,13,SINHENHUA
TOO-TORX-W9913A,PCS,9PCS Long Arm Torx Key Set W9913A,Power Tools,3,21.90,18.90,-3.00,-13.70,3,JUMBO
DOR-BEA-ADG-911,PCS,Sn Armor Door Guard Ball Bearing,Doors & Hardware,2,30.90,27.90,-3.00,-9.71,2,VERTEX
COC-BIB-LT8519-2WAY-K2B,PCS,Luxtec 2WAY Bib Tap,Plumbing,10,48.90,45.90,-3.00,-6.13,10,VERTEX
DOR-CYL-ACL-2000/60MM,PCS,Ss/et Armor Cyl. Lock,Locks & Security,3,57.90,54.90,-3.00,-5.18,3,VERTEX
PUM-HAN-H/D-A80000,PCS,Arrow Heavy Duty Hand Pump,Pumps & Water,18,35.90,32.90,-3.00,-8.36,18,CHIN LAI
"TAP-SIN-BOL-PVC-1-1/4""+1-1/2""",PCS,"Otosani 1-1/4""+1-1/2 2IN1 PVC Flexible Bottle Trap (anti-odor)",Plumbing,20,23.90,20.90,-3.00,-12.55,20,CHUAN HONG
SHO-HAN-HDLE-7013,PC,Hand Shower Handle Only 7013,Bathroom,9,17.60,14.60,-3.00,-17.05,9,SYN JING LEE
DOR-LOC-CYL-02070,SET,586 AC Czs Cylindrical Door Lock,Doors & Hardware,23,24.90,21.90,-3.00,-12.05,21,REXER3
VAL-ANG-CVL-CA9009,PCS,Cavallo 304 SS Angle Valve,Plumbing,15,29.90,26.90,-3.00,-10.03,14,SYN JING LEE
TOO-WRE-L-W0023C,PCS,L Type Wrench Crow BAR (21MM),Hand Tools,6,24.90,21.90,-3.00,-12.05,6,JUMBO
JAC-STA-CNN-6TON,PAIR,China Jack Stand - 6TON,Automotive,1,139.00,136.00,-3.00,-2.16,1,SONIC3
TOO-RUL-TRI-A11007,PCS,Arrow 7 Triangle Ruler,Power Tools,31,15.90,12.90,-3.00,-18.87,31,CHIN LAI
X-FOL-TYP-PRU-SAW-BS-553242,PCS,Bosi (BS-553242) Folding Type Pruning Saw 7,Power Tools,1,44.90,41.90,-3.00,-6.68,1,HSIN NGIE
ARR-BAN-STE-APB1710,ROLL,Arrow Black Painted Band 17MM X 10M -black,Other,7,29.90,26.90,-3.00,-10.03,7,CHIN LAI
MOP-REFILL-LIAO-R-A101,PCS,Microfiber Mop Refill (A130101) - Liao,Housewares,9,13.90,10.90,-3.00,-21.58,9,CHUNS TRADING
PUM-FOO-H/D-A50000,PCS,Arrow Heavy Duty Foot Pump,Pumps & Water,12,37.90,34.90,-3.00,-7.92,11,CHIN LAI
X-BAT-ENE-REC-4AA-4PCS,PCK,Enr Max Alk Aaa 12PCS,Power Tools,11,39.90,36.90,-3.00,-7.52,10,HUA BAN
TOO-COM-IRO-BUL-18MM,PCS,18MM Iron Bull Spanner,Hand Tools,15,12.80,9.80,-3.00,-23.44,15,KIM KONG3
HOS-GAR-MK-HS-1804-13M,ROLL,Mark-x PVC Gre/blk Garden Hose,Outdoor & Garden,1,37.90,34.90,-3.00,-7.92,1,MAJOR HARVEST3
KGR-ALU-PAI-1L,TIN,Kangaroo Brand 250 Aluminium Paint 1 Litre,Paint & Sundries,9,42.90,39.90,-3.00,-6.99,9,KANGAROO PAINT
KGR-COM-1.5KG,TIN,Kangaroo Brand 1 1/2 KG Bituminous Compound,Paint & Sundries,16,22.90,19.90,-3.00,-13.10,15,KANGAROO PAINT
TOO-BOX-MR.MARK-M380,UNIT,Mr. Mark Hard Tools Box,Power Tools,12,30.90,27.90,-3.00,-9.71,12,MAJOR HARVEST3
TOO-HAM-CLA-W2611,PCS,Claw Hammer Trp/plastic,Hand Tools,4,23.90,20.90,-3.00,-12.55,4,JUMBO
TOO-RUL-SSS-6289-1M,PCS,Steel Ruler 1M,Power Tools,2,25.90,22.90,-3.00,-11.58,2,WHA WEE
SAF-SLI-GLO-2TON2M,LGTH,Webbing Sling (glolift) 50MM 2 Ton X 2M,Lifting & Rigging,7,19.90,16.90,-3.00,-15.08,7,
GAR-HOE-CANG-KUL-SHORT,PCS,Short Iron Mini Hoe,Home Appliances,4,19.80,16.80,-3.00,-15.15,4,ING PING3
GAR-SIC-D0802,PCS,Df Sickle & Durian Flower Sickle,Outdoor & Garden,9,32.90,29.90,-3.00,-9.12,7,DALMAX3
NAI-ROO-SUP-P65MM,PCK,E. G Roofing Nail - Plain 65MM 1KGS,Fasteners & Fixings,3,11.90,8.90,-3.00,-25.21,3,SONIC
HOS-7PAT-TRI-NOZ-40200003,PCS,Ecogreen- 7 Pattern Trigger Nozzle 2200,Power Tool Accessories,9,24.90,21.90,-3.00,-12.05,9,ZHONG YUAN3
RIG-HOO-GRA-12MM,PCS,Clevis Grab Hook 12MM,Lifting & Rigging,5,25.90,22.90,-3.00,-11.58,5,SONIC3
TOO-PLI-RAB-W0088B,PCS,Glated Tile Pliers 150MM,Flooring,4,18.90,15.90,-3.00,-15.87,4,MAJOR HARVEST3
WAL-PLU-S/S-CC228-M12X100MM,PCS,S/steel Wall Plug - K103-304 M12X100MM CC228,Fasteners & Fixings,22,9.70,6.70,-3.00,-30.93,22,SYN JING LEE
"PAI-BRU-SEL-2.1/2""",PCS,2.1/2 Selleys All Purpose Paint Brush,Paint & Sundries,13,20.90,17.90,-3.00,-14.35,13,KIONG JOUNG3
STO-MOU-W220-25X25,PCS,Mounted Stone:k-prix Korea W220 (25X25),Abrasives & Cutting,7,10.20,7.20,-3.00,-29.41,7,KWONG TECK CHIONG3
TOO-DRV-SET-BT8027,SET,Bt 11PCS Screwdrived Set,Power Tools,7,37.90,34.90,-3.00,-7.92,7,DALMAX3
TOO-HAM-CLA-W4438A,PCS,Fiberglass Handle Claw Hammer,Hand Tools,3,23.90,20.90,-3.00,-12.55,3,JUMBO
GAS-REG-AZ181/B,PCS,"LPG High Pressure Regulator Nozzle (3/8"")",Power Tool Accessories,4,49.90,46.90,-3.00,-6.01,4,BESMA3
KGR-SOL-1LIT,TIN,1 Litre 508 High Solid Pva Glue,Chemicals & Adhesives,8,31.90,28.90,-3.00,-9.40,8,KANGAROO PAINT
CAR-WAX-WAS-PRE-1L,PCS,Aa Care Care Wash&wax (premium) 1000ML,Automotive,6,18.90,15.90,-3.00,-15.87,6,AVEREST
DRI-SET-WOO,SET,GW5 Wood Drill Bit Set 5PCS,Power Tool Accessories,15,12.30,9.30,-3.00,-24.39,15,SYN JING LEE
FAS-BOL-EXP-OAC120-M6X70X40,PCS,Brain Expansion Eye Bolt OAC120 M6X70X40,Fasteners & Fixings,22,8.30,5.30,-3.00,-36.14,22,KIM KONG
SAF-SLI-GLO-2TON8M,LGTH,Webbing Sling (glolift) 50MM 2 Ton X 8M,Lifting & Rigging,2,52.90,49.90,-3.00,-5.67,6,
TOO-LOC-PLI-W0042,PCS,Lock-grip Pliers W0042 CD225MM,Locks & Security,2,30.90,27.90,-3.00,-9.71,2,JUMBO
SHH-REEL-1188S135,PCS,"1188 Sin Udang Galah TRANSPARENT135(4'6"")PRAWN Rod (6+1)",Fishing & Tackle,2,28.90,25.90,-3.00,-10.38,2,SINHENHUA
DOR-LOC-YEROY-60MM,PCS,60MM Yeroy Single Side Lock Cylinder,Locks & Security,4,23.90,20.90,-3.00,-12.55,4,CRYSTAL TRIUMPH S/B
KGR-OXI-59A1LIT,TIN,Stove Brand 59A Green Oxide Paint 1 Litre,Paint & Sundries,1,32.90,29.90,-3.00,-9.12,1,WHA WEE
CUT-TIL-FIX-FP007-A,BAG,36MM Sensui Leveling Adjusted Knob,Doors & Hardware,7,28.90,25.90,-3.00,-10.38,7,CRYSTAL TRIUMPH S/B
SHH-REEL-1188S120,PCS,"1188 Sin Udang Galah TRANSPARENT120(4'0"")PRAWN Rod (6+1)",Fishing & Tackle,2,26.90,23.90,-3.00,-11.15,2,SINHENHUA
GAR-SHE-12172,PCS,Br 6012 Heavy Duty Hedge Shear,Outdoor & Garden,5,34.90,31.90,-3.00,-8.60,5,REXER3
DOR-LOC-YEROY-70MM,PCS,70MM Yeroy Single Side Lock Cylinder,Locks & Security,3,25.90,22.90,-3.00,-11.58,3,CRYSTAL TRIUMPH S/B
HHD-FLU-00456C,PCS,Sl 108D Cooper Thread H/duty Dual Inlet Valve,Plumbing,3,43.90,40.90,-3.00,-6.83,3,DALMAX3
MIN-TAN-TUL-1.5KGS,TIN,Worker Minyak Tanah Tulen,Other,2,22.90,25.90,3.00,13.10,2,MAJOR HARVEST3
TOO-CLA-F-ATB120400,PCS,16 X 120MM Arrow F Type Wood Clamp,Hand Tools,10,49.90,52.90,3.00,6.01,10,CHIN LAI
BURR-CAR-T.C.T-FX1020,PCS,Blimax Carbide BURR-FX1020,Other,1,42.90,39.90,-3.00,-6.99,0,BOON SENG
DOR-LOC-CYL-02076,SET,Br 5871 AC Cylindrical Door Lock,Doors & Hardware,5,31.90,28.90,-3.00,-9.40,5,REXER3
SIN-WAS-SSS-HX110,PCS,SS Sink Waste W/basket 3,Plumbing,7,16.90,13.90,-3.00,-17.75,6,SYN JING LEE
BOX-FISH-POLY-PICNIC,PCS,Polyfoam Fish Box (picnic) A,Fishing & Tackle,19,22.90,19.90,-3.00,-13.10,19,SINHENHUA
HOS-NOZ-RKEY-252#,PCS,Niko Brass Hose Nozzle - 252,Outdoor & Garden,10,14.90,11.90,-3.00,-20.13,10,JHT HARDWARE
HOS-NOZ-BRASS-EX3030,PCS,Ex 3030 Straight Brass Hose Nozzle,Outdoor & Garden,6,23.90,20.90,-3.00,-12.55,6,DALMAX3
STO-MOU-A38-25X25,PCS,Mounted Stone:k-prix Korea A38 (25X25),Abrasives & Cutting,4,9.20,6.20,-3.00,-32.61,3,KWONG TECK CHIONG3
TOO-PLI-CRI-STA-225,PCS,9 Crimping Pliers,Power Tools,4,32.90,29.90,-3.00,-9.12,4,YUNG KONG
"DOR-FLU-SGD-36610""",PCS,10 SS St. Guchi Flush Bolt,Fasteners & Fixings,3,32.90,29.90,-3.00,-9.12,3,VERTEX
NAI-FEL-SUP-32MM,KG,E. G Felt Nail 32MM 1 KGS,Fasteners & Fixings,13,12.20,9.20,-3.00,-24.59,10,SONIC
PAI-SPR-KIMLAC-9617,TIN,Kimlac Brand Spray Paint 9617,Paint & Sundries,6,19.90,22.90,3.00,15.08,5,KANGAROO PAINT
ROP-NYL-1MM,COIL,1.0MM Nylon String,"Rope, Chain & Netting",5,10.60,7.60,-3.00,-28.30,5,TIE BROTHER3
DZ-GEN-BCC-180,PCS,Cold Chisel,Hand Tools,3,9.90,6.90,-3.00,-30.30,1,GL BOSUN DIAMOND
NAI-AIR-LEO-T25,BOX,Leo Air Nail - T25,Fasteners & Fixings,3,24.90,21.90,-3.00,-12.05,3,BOON SENG
X-TOI-CLEA-TC,PCS,Tc Toilet Cleaner,Chemicals & Adhesives,4,24.90,21.90,-3.00,-12.05,4,S LINE TECH
BIB-G503B,PCS,Bib Tap Ni 3/4B Truflo,Plumbing,7,10.20,7.20,-3.00,-29.41,4,DALMAX3
DOR-ALU-LOC-VSPA-6,PCS,Vsp A6 Sliding Door Lock/key (na) 25MM Or 32MM,Doors & Hardware,3,30.90,27.90,-3.00,-9.71,3,DALMAX3
GRA-CUT-LIN-YEL-4227#,PCS,Active Yellow Trimmer Spool 4227,Outdoor & Garden,5,18.50,15.50,-3.00,-16.22,5,JHT HARDWARE
CAR-RAIN-FLY-200ML,UNIT,Aa Rain Fly 200ML,Automotive,9,28.90,25.90,-3.00,-10.38,9,AVEREST
"FIT-YG245-NIP-3/4""-BRA",PCS,Brass Equal Nipple 3/4,Plumbing,7,9.50,6.50,-3.00,-31.58,7,SYN JING LEE
MET-WAT-PLA-KENT,PCS,Water Meter (plastic) 1/2 - Kent,Other,2,124.00,121.00,-3.00,-2.42,2,SYARIKAT HUA KIONG3
"SANDEX-POL-WOO-7""",PCS,Sandex 7 Polishing Wool,Abrasives & Cutting,6,40.90,37.90,-3.00,-7.33,5,CHUNG YANG3
BRA-EPO-FOL-400MM,PCS,Epoxy Folding L Bracket - 400/16,Chemicals & Adhesives,4,20.90,17.90,-3.00,-14.35,16,BOON SENG
SWI-S/SKT-LWD-0013,PCS,Lwd 0013 F3 13A S/skt SIRIM,Electrical,74,9.20,6.20,-3.00,-32.61,64,FULL-LITE
GAR-HOE-LONG-KANG,PCS,Longkang With Metal Handle,Doors & Hardware,4,19.90,16.90,-3.00,-15.08,4,WHA WEE
SMR-TCT-HOL-SAW-25MM,PCS,Smr Tct Holesaw 25MM,Power Tool Accessories,4,25.90,22.90,-3.00,-11.58,4,SYN JING LEE
BLI-HSS-HOL-SAW-50MM,PCS,Navato Hole Saw Cutter 50MM,Power Tool Accessories,3,32.90,29.90,-3.00,-9.12,3,BOON SENG
DZ-GEN-BPC-180,PCS,Bull Point Chisel,Hand Tools,2,9.90,6.90,-3.00,-30.30,2,GL BOSUN DIAMOND
DOR-RUB-SEAL-BRWN-BSDB100,ROLL,Bossman Silicone Door Seal 100CM - Brown,Chemicals & Adhesives,6,11.40,8.40,-3.00,-26.32,6,CHIN LAI
MEA-TAP-STE-2067#-30M,PCS,M'man 30M Steel Tape 2067 - 30M,Hand Tools,4,45.90,42.90,-3.00,-6.54,4,JHT HARDWARE
SMR-TCT-HOL-SAW-26MM,PCS,Smr Tct Holesaw 26MM,Power Tool Accessories,3,26.90,23.90,-3.00,-11.15,3,SYN JING LEE
HHD-CIS-LOW-3.0G-M0625,SET,3.0G Plastic L/l Cistern Fitting Techplas Elegen,Plumbing,10,49.90,52.90,3.00,6.01,8,CHIONG SENG
SHH-FROG-FG108737-37MM,PCS,Hytac Frog 37MM 8.4G (mix Colour),Fishing & Tackle,1,13.20,10.20,-3.00,-22.73,1,SINHENHUA
HOS-INL-SCR-3.5M,PCS,Washing Machine Inlet Hose W/adaptor (SCREW)-3.5M,Fasteners & Fixings,17,22.90,25.90,3.00,13.10,17,JHT HARDWARE
BLI-HSS-HOL-SAW-42MM,PCS,Navato Hole Saw Cutter 42MM,Power Tool Accessories,2,27.90,24.90,-3.00,-10.75,2,BOON SENG
"SHH-ROU-LAN-NET-16X1/2""",PCS,Round Landing Net 16 X 1/2,Fishing & Tackle,4,30.90,27.90,-3.00,-9.71,4,SINHENHUA
COC-STO-RA-G501B,PCS,Stopvavle Ra Truflo,Plumbing,3,10.50,7.50,-3.00,-28.57,3,DALMAX3
"SHH-ROU-LAN-NET-15""",PCS,Round Landing Net 15 PE Net,Fishing & Tackle,4,29.90,26.90,-3.00,-10.03,4,SINHENHUA
"AER-STA-CER-10""",PCS,Aerico 10 Standard Ceramic,Other,3,35.90,32.90,-3.00,-8.36,3,AERICO
CHI-15105-75,PCS,Sds Max Shank Spade Chisel 18X280X75MM,Power Tool Accessories,1,27.90,24.90,-3.00,-10.75,1,REXER3
DOR-DEA-BOL-SGD-793AC,PCS,AC St. Guchi Deadbolt Latch Brass Bolt,Fasteners & Fixings,1,26.90,23.90,-3.00,-11.15,1,VERTEX
TOO-WRE-ADJ-STA-STMT87431-8,PCS,6 Adjustable Wrench,Hand Tools,3,34.90,31.90,-3.00,-8.60,3,YUNG KONG
SHH-ROD-KQO180,PCS,Kaqiou/a 180 (6'0'') Fishing Rod (casting Rod),Fishing & Tackle,1,99.00,96.00,-3.00,-3.03,1,SINHENHUA
"SHH-CRA-NET-7""",PCS,"(7"") Hammock Net",Fishing & Tackle,2,39.90,36.90,-3.00,-7.52,2,SINHENHUA
SMR-TCT-HOL-SAW-30MM,PCS,Smr Tct Holesaw 30MM,Power Tool Accessories,1,30.90,27.90,-3.00,-9.71,1,SYN JING LEE
"DRI-AUG-SDS-7/16""",PCS,7/16 Sds Plus Auger Bit,Power Tool Accessories,14,13.90,10.90,-3.00,-21.58,14,DALMAX3
TOO-WRE-ADJ-GD300,PCS,Gd Adjustable Wrench 12,Hand Tools,3,22.90,19.90,-3.00,-13.10,3,SONIC3
TOO-PLU-COU-SMY-RND,PCS,Quick Coupler Three Way-round,Power Tool Accessories,4,45.90,42.90,-3.00,-6.54,4,DALMAX3
"CHA-SAW-CHA-6""",PCS,6 Chainsaw Chain,"Rope, Chain & Netting",3,20.90,17.90,-3.00,-14.35,3,WHA WEE
CHI-WAT-2GAL-6302,SET,2 Gal Water Container For Chick,Housewares,3,19.90,16.90,-3.00,-15.08,3,ING CHOON
BNW-B&N-ORI-12150,KGS,Mild Steel Bolt & Nut 1/2 X 6,Fasteners & Fixings,11,12.50,9.50,-3.00,-24.00,9.09,SONIC3
AER-BOT-WAT-TAP,PCS,Aerico Bottle Water Tap,Other,3,15.30,12.30,-3.00,-19.61,3,AERICO
BLI-HSS-HOL-SAW-26MM,PCS,Navato Hole Saw Cutter 26MM,Power Tool Accessories,1,18.80,15.80,-3.00,-15.96,1,BOON SENG
PAI-GAL-J604S,PCS,4 Gallon Pail,Housewares,3,14.50,11.50,-3.00,-20.69,3,ING CHOON
GUN-CAU-BLU,PCS,Blue Caulking Gun,Fasteners & Fixings,12,9.20,6.20,-3.00,-32.61,12,WHA WEE
"DRI-AUG-SDS-1""",PCS,1 Sds Plus Auger Bit,Power Tool Accessories,3,29.90,26.90,-3.00,-10.03,3,DALMAX3
SHH-NYL-NET-6,PCS,Automatic Nylon Fishing Mesh Net 6 Hole,Fishing & Tackle,1,27.90,24.90,-3.00,-10.75,1,SINHENHUA
TOO-CHI-HTS200,PCS,8 Pointed Spring Chisel,Hand Tools,2,12.90,9.90,-3.00,-23.26,2,ING PING3
ANT-STR-JAP-OYAMA,FTS,Oyama Japan Anti-skid Strip,Building Materials,21,0.90,3.90,3.00,333.33,21,DELI YING FENG
DOR-PAD-KTSS125,SET,5 King Top S/steel Surface Bolt,Fasteners & Fixings,5,9.20,6.20,-3.00,-32.61,5,LI HARDWARE
GUN-H/D-10-1/2'',PCS,Heavy Duty (revolving) Caulking Gun - 10-1/2,Fasteners & Fixings,1,26.90,23.90,-3.00,-11.15,1,BESMA3
ELE-D/L-MEG-YTA60Z1-10W,PCS,Megaman A60 E27 LED Bulb YTA60Z1 10W/6500K,Lighting,54,11.80,8.90,-2.90,-24.58,53,FULL-LITE
TAP-SAN-SWS-304-3964,PCS,Saniware Sliver Kitchen W Sink Tap,Kitchen & Sinks,4,64.90,62.00,-2.90,-4.47,3,VTC HARDWARE
KHI-IRO-EI405-GRY,SET,Khind Electric Iron (grey),Home Appliances,2,54.90,52.00,-2.90,-5.28,2,KHIND-MISTRAL
LOC-YALE-Y124B-60-1,UNIT,Yale Satin Chrome Boron Shackle Padlock Y124B-60-1,Lifting & Rigging,7,93.90,91.00,-2.90,-3.09,7,ADDWORTH3%
TOO-BOX-STE-TB504,PCS,Glotool Steel Tool Boxes - TB504,Power Tools,2,91.90,89.00,-2.90,-3.16,2,SONIC3
NIE-SOC-IMP-DEE-3/4-34MM,PCS,Nietz Deep Impact Socket (6P) 34MM 50162034,Power Tools,1,78.90,76.00,-2.90,-3.68,1,SUNWAY WINSTAR
BOS-2608-595-068,PCS,Hss-g Metal Bit 6.5MM,Power Tools,16,11.00,8.10,-2.90,-26.36,16,CMW ENGINEERING
COC-BIB-SRTWT2216,PCS,Sorento 1/2 Hose Bib Tap - SRTWT2216,Plumbing,6,77.90,75.00,-2.90,-3.72,6,SYNTALUN
NIP-HYD-WOD-MET-1L,CAN,1L Nippon Hydro Wood & Metal Primer,Paint & Sundries,2,59.90,57.00,-2.90,-4.84,2,PAINT MAR.
BOS-2608-595-070,PCS,Hss-g Metal Bit 7.0MM,Power Tools,6,11.20,8.30,-2.90,-25.89,6,CMW ENGINEERING
NIP-SAT-GLO-1L-D,CAN,1L Nippon Satin Glo Deep Base,Paint & Sundries,1,57.90,55.00,-2.90,-5.01,1,PAINT MAR.2
TOO-NIE-SOC-HDL-13MM,PCS,Nietz T Hdl Deep Socket Wrch (6PT)50050213 13MM,Electrical,4,25.90,28.80,2.90,11.20,4,SUNWAY WINSTAR
BAS-SOR-SRTW1200-BL,PCS,Sorento Pop Up Waste 80MM W/o Over Flow,Plumbing,1,91.90,89.00,-2.90,-3.16,1,SYNTALUN
BOS-2608-631-014,PCS,Jigsaw Blade T118B,Power Tool Accessories,6,10.60,7.70,-2.90,-27.36,6,CMW ENGINEERING
"TOO-NIE-SOC-HAN-1/2""-10MM",PCS,Nietz Dr Chrome Socket (12PT)50043010 10MM,Electrical,5,10.70,7.80,-2.90,-27.10,5,SUNWAY WINSTAR
BOS-1607-014-171,SET,Gws 20-180 Angle Grinder Carbon,Power Tools,5,21.90,19.00,-2.90,-13.24,5,CMW ENGINEERING
BOS-2608-680-259,PCS,Sds + Drill Bit S3 5 X 100/160MM,Power Tool Accessories,4,11.70,8.80,-2.90,-24.79,4,CMW ENGINEERING
WAL-DOW-6003S/1S-AB,PCS,Out/d Gate Lamp - Ab,Lighting,8,36.90,39.80,2.90,7.86,8,TOP GAN
TOI-TIS-CAB-CB313-WHI,PCS,Cabana Paper Holder CB313-WHI,Bathroom,6,47.90,45.00,-2.90,-6.05,6,SYNTALUN
WAL-DOW-6003S/1S-BLK,PCS,Out/d Gate Lamp - Blk,Lighting,6,36.90,39.80,2.90,7.86,6,TOP GAN
TOO-NIE-ALL-KEY-05MM,PCS,Nietz E/long Ball Point Satin Wrch 53252050 5MM,Power Tools,5,10.40,7.50,-2.90,-27.88,5,SUNWAY WINSTAR
TOO-NIE-SOC-KEY-L08MM,PCS,Nietz 1/2 IN Drive Long Allen Bxsocket 50240108 8MM,Power Tools,2,24.90,22.00,-2.90,-11.65,2,SUNWAY WINSTAR
NIE-SOC-HAN-DEE-12P-1/2-11MM,PCS,Nietz Dr Deep Cr Socket (12PT) 50045011 11MM,Electrical,1,19.10,16.20,-2.90,-15.18,1,SUNWAY WINSTAR
TOI-PUS-BOT-CJPB5000,PCS,38MM Single Push Button,Bathroom,8,15.70,12.80,-2.90,-18.47,8,CRYSTAL TRIUMPH S/B
TOO-BOX-NIE-H/D-178,PCS,Nietz 178 H/d Duty Tool Box W 2 Organizer,Hand Tools,2,51.90,49.00,-2.90,-5.59,2,SUNWAY WINSTAR
TOO-CHI-WOO-GT015,PCS,Glotool Wood Chisel 5/8,Hand Tools,7,12.10,9.20,-2.90,-23.97,7,SONIC3
HOO-CAB-CB8003-3,UNIT,Cabana 3 Robe Hook (polish),Doors & Hardware,5,52.90,50.00,-2.90,-5.48,5,HUE HOME
TOO-CUT-SNIW107A,PCS,Aviation Snips 250MM W0107A,Power Tools,5,40.90,38.00,-2.90,-7.09,4,JUMBO
DOR-LOC-70MM,PCS,Door Lock 70MM,Doors & Hardware,40,8.10,5.20,-2.90,-35.80,40,TIE BROTHER3
DOR-VIE-SGD-DV3776SN,PCS,Sn St. Guchi Door Viewer 180,Doors & Hardware,8,22.90,20.00,-2.90,-12.66,8,VERTEX
WOR-REM-CEM-WK-PT-59909,TIN,Worker 2KG Cement Remover,Chemicals & Adhesives,10,15.70,12.80,-2.90,-18.47,10,MAJOR HARVEST3
SAF-LAS-CAR-GLO-50MM,SET,"Ratchet Tie DOWN-2""X10M",Safety & Workwear,9,43.90,41.00,-2.90,-6.61,9,BOON SENG
"CUT-SAW-BAH-20""",PCS,NP-19 Bahco Universal Handsaw,Abrasives & Cutting,6,57.90,55.00,-2.90,-5.01,6,CHIN LAI
DOR-VIE-SGD-DV3779AC,PCS,AC St. Guchi Door Viewer 180,Doors & Hardware,4,22.90,20.00,-2.90,-12.66,4,VERTEX
GAR-RAK-MET-22T,PCS,22T Metal Rake,Outdoor & Garden,8,10.70,7.80,-2.90,-27.10,4,WHA WEE
PLA-BAG-W500-0812,PACK,8 X 12 X Tbag,Packaging,30,8.10,5.20,-2.90,-35.80,30,SA GENERAL PLASTIC
TOO-SCR-EXT-W0612,SET,6PCS Screw Extractor,Fasteners & Fixings,6,18.20,15.30,-2.90,-15.93,6,JUMBO
HOO-CAB-CB802-3,UNIT,Cabana Hook BAR (polish) CB802-3,Doors & Hardware,2,33.90,31.00,-2.90,-8.55,2,HUE HOME
AIR-MAD-GAU-160PSI,PCS,Mada Pressure,Automotive,2,87.90,85.00,-2.90,-3.30,2,BOON SENG
SWI-SOC-ULT-M041MG,PCS,Ultra 16A 4 GANG 1 Way-matte Grey (M041MG),Electrical,17,27.90,25.00,-2.90,-10.39,17,TRISTAR
TOO-COM-W0305K-13*15MM,PCS,2 Open Wrench (13*15MM),Hand Tools,12,13.20,10.30,-2.90,-21.97,12,JUMBO
"HHD-SOC-YG379MF-1/2""X70MM",PCS,Mxf S/steel Socket 1/2 X 70MM,Electrical,6,10.10,7.20,-2.90,-28.71,6,SYN JING LEE
TAP-CAB-CB1509ASS,PCS,S/steel Pillar Mounted Kitchen Tap CB1509ASS,Plumbing,5,77.90,75.00,-2.90,-3.72,5,WEMA HOME PLT
AER-6ME8,PCS,Aerico 6ME8,Other,11,12.10,9.20,-2.90,-23.97,11,AERICO
LEO-S/S-LOC-BOL-LB304-6,PCS,Leon 6 S/steel Lockble,Fasteners & Fixings,10,27.90,25.00,-2.90,-10.39,10,BOON SENG
NUM-60MM-I,PCS,Acp Alphabet 60MM - I,Signage & Numbering,11,10.90,8.00,-2.90,-26.61,11,REXER3
GUM-RAT-AIT-150G,PCS,Aitachi Rat Glue (s) 150G,Chemicals & Adhesives,21,12.10,9.20,-2.90,-23.97,21,SYN JING LEE
DOR-LOC-DRA-138A-22,PCS,Cp Sq Drawer Lock,Locks & Security,8,8.10,5.20,-2.90,-35.80,7,SYN JING LEE
SHH-REEL-MH4000A,PCS,Sealand Machine Gun Fishing Reel (3SS-B) MG4000A,Fishing & Tackle,1,57.90,55.00,-2.90,-5.01,1,SINHENHUA
MET-WAT-ADA-BR,PCS,"Br Water Meter Adapter (thick) 3/4""X1/2",Other,4,13.40,10.50,-2.90,-21.64,4,HSIN NGIE
TOO-WRE-PLU-T010,PCS,10MM T-plug Wrench,Hand Tools,8,11.10,8.20,-2.90,-26.13,8,WHA WEE
SHH-SPOOL-109,PCS,Fishing Spool HP-109,Fishing & Tackle,4,11.80,8.90,-2.90,-24.58,3,SINHENHUA
TOO-PLI-CIR-STA-SI175,PCS,7 Circlip Pliers- Straight Int,Power Tools,3,54.90,52.00,-2.90,-5.28,3,YUNG KONG
STO-MOU-W196-16X25,PCS,Mounted Stone:k-prix Korea W196 (16X25),Abrasives & Cutting,4,9.70,6.80,-2.90,-29.90,4,KWONG TECK CHIONG3
AER-6UT66,PCS,Aerico 6UT66,Other,3,12.10,9.20,-2.90,-23.97,3,AERICO
"NAI-LOS-HEA-1""-500G",PCK,1 Lost HD Nails 500G,Fasteners & Fixings,20,9.10,6.20,-2.90,-31.87,20,TIE BROTHER
FIT-UPVC-BEN-ELB-82MM,PCS,U-pvc Bend (elbow) 82MM 3,Plumbing,120,9.20,6.30,-2.90,-31.52,120,KIONG SING
"AER-OBE-CER-10""",PCS,Aerico 10 Obe Ceramic,Other,11,32.90,30.00,-2.90,-8.81,11,AERICO
TOO-CLA-F-ATB120X250,PCS,10 X 120MM Arrow F Type Wood Clamp,Hand Tools,7,47.90,45.00,-2.90,-6.05,7,CHIN LAI
TAP-CAB-CB9105,UNIT,Cabana Hose Bib Tap CB9105,Plumbing,1,68.90,66.00,-2.90,-4.21,1,HUE HOME
"FIT-SS235-TEE-1/2""-SUS304",PCS,SS Equal Tee 1/2,Plumbing,7,9.50,6.60,-2.90,-30.53,7,SYN JING LEE
SHH-HOO-1920SS4/0,PCK,No. 4/0 Eupro Fishing Hook (6'S),Fishing & Tackle,2,11.20,8.30,-2.90,-25.89,2,SINHENHUA
SOC-EMPTY-PP100-1G,PCS,PP100 1G Ext Box,Other,3,7.40,4.50,-2.90,-39.19,3,FULL-LITE
TAP-CAB-CB5106A,UNIT,Cabana Bib Tap CB5106A,Plumbing,1,62.90,60.00,-2.90,-4.61,1,HUE HOME
HOS-MAC-WAS-OUT-WPJ114-A,ROLL,1 1/4 PVC Flexible Outlet Hose,Outdoor & Garden,5,13.20,10.30,-2.90,-21.97,5,CRYSTAL TRIUMPH S/B
"ALUM-ROU-20'X1.1/2""",PCS,Na X 20 X 1 1/2 Round Tube,Building Materials,2,84.90,82.00,-2.90,-3.42,2,YUNG HUAT
"IND-CAS-BRA-4""",PCS,4 Brake Industrial Castor,Building Materials,11,15.40,12.50,-2.90,-18.83,11,ING PING3
MIDDY-PVC-BRA-WHI,PCS,Middy: PVC Bracket (white),Other,23,7.10,4.20,-2.90,-40.85,23,ING HING HONG
SWI-SOC-KB15,PCS,Schneider-vivace 13A 250V 1G Switched Socket,Electrical,38,11.80,8.90,-2.90,-24.58,37,CIMA
FLO-MOC-NT311,PCS,NT311 30X60CM,Flooring,1,12.30,9.40,-2.90,-23.58,1,BRAVO-LINE
FLO-MOC-NT312,PCS,NT312 30X60CM,Flooring,1,12.30,9.40,-2.90,-23.58,1,BRAVO-LINE
FLO-MOC-NT313,PCS,NT313 30X60CM,Flooring,1,12.30,9.40,-2.90,-23.58,1,BRAVO-LINE
SHH-FROG-FLB-MIX,PCS,Fishing Lures Big (mix Colour),Fishing & Tackle,1,10.40,7.50,-2.90,-27.88,1,SINHENHUA
"FIT-YG231-ELB-MXF-1/2""-BRA",PCS,Brass Mxf Elbow 1/2,Plumbing,3,9.80,6.90,-2.90,-29.59,3,SYN JING LEE
DOR-RUB-SEAL-TRANS-BSDT100,ROLL,Bossman Silicone Door Seal 100CM - Transparent,Chemicals & Adhesives,3,11.40,8.50,-2.90,-25.44,3,CHIN LAI
DRI-AUG-2WAY-21MM,PCS,T&t 2WAY Auger BIT-7/8,Power Tool Accessories,1,23.90,21.00,-2.90,-12.13,1,BOON SENG
HOS-MAC-WAS-OUT-WPJ112-A,ROLL,1 1/2 PVC Flexible Outlet Hose,Outdoor & Garden,2,12.80,9.90,-2.90,-22.66,2,CRYSTAL TRIUMPH S/B
TOO-SPA-BEN-07MM,PCS,Bend Spanner 5/16,Hand Tools,4,15.20,12.30,-2.90,-19.08,4,SONIC3
GUN-TAC-R23,SET,Br 2323 Staple Gun,Fasteners & Fixings,7,20.00,22.90,2.90,14.50,7,REXER3
SAF-MAS-305,PCS,R'key Chemical Respirator 305,Safety & Workwear,3,14.20,11.30,-2.90,-20.42,3,JHT HARDWARE
SIN-TRA-PVC-38MM,PCS,Sr Waterec Unit Trap - 1 1/2,Plumbing,8,10.40,7.50,-2.90,-27.88,8,SYARIKAT HUA KIONG3
SHH-BOX-OTB360,PCS,360 Ofmer Tackle Box,Fishing & Tackle,2,12.10,9.20,-2.90,-23.97,2,SINHENHUA
SIN-TRA-PVC-32MM,PCS,Sr Waterec Unit Trap - 1 1/4,Plumbing,6,10.00,7.10,-2.90,-29.00,2,SYARIKAT HUA KIONG3
TOO-DRV-KT2WAY,PCS,4 King Top Two-way Screw Driver,Fasteners & Fixings,2,11.10,8.20,-2.90,-26.13,2,LI HARDWARE
NIP-QSH-EXT-1L-T,TIN,1L Nippon Q-shield Extra Tint Base,Paint & Sundries,5,52.90,50.10,-2.80,-5.29,5,PAINT MAR.2
BOS-2608-585-884,PCS,Hss-g Cobal Bit 4.8MM,Power Tools,13,11.50,8.70,-2.80,-24.35,13,CMW ENGINEERING
BOS-2608-680-263,PCS,Sds + Drill Bit S3 6 X 100/160MM,Power Tool Accessories,14,11.70,8.90,-2.80,-23.93,14,CMW ENGINEERING
BOS-2608-595-335,PCS,Hss-g Metal Bit 6.4MM,Power Tools,5,10.70,7.90,-2.80,-26.17,5,CMW ENGINEERING
TOO-HAM-CRO-GT16MM,PCS,Glotool Cross Pein Hammer 16MM,Hand Tools,8,16.30,13.50,-2.80,-17.18,8,SONIC3
BOS-2608-680-277,PCS,Sds + Drill Bit S3 12 X 100/160MM,Power Tool Accessories,8,13.40,10.60,-2.80,-20.90,8,CMW ENGINEERING
TOO-HAM-CRO-GT18MM,PCS,Glotool Cross Pein Hammer 18MM,Hand Tools,5,18.30,15.50,-2.80,-15.30,5,SONIC3
"TOO-NIE-SOC-HAN-1/2""-12MM",PCS,Nietz Dr Chrome Socket (12PT)50043012 12MM,Electrical,6,10.60,7.80,-2.80,-26.42,6,SUNWAY WINSTAR
"TOO-NIE-SOC-HAN-1/2""-08MM",PCS,Nietz Dr Chrome Socket (12PT)50043008 8MM,Electrical,4,10.60,7.80,-2.80,-26.42,4,SUNWAY WINSTAR
"TOO-NIE-SOC-HAN-1/2""-13MM",PCS,Nietz Dr Chrome Socket (12PT)50043013 13MM,Electrical,4,10.60,7.80,-2.80,-26.42,4,SUNWAY WINSTAR
"TOO-NIE-SOC-HAN-1/2""-9MM",PCS,Nietz Dr Chrome Socket (12PT)50043009 9MM,Electrical,3,10.60,7.80,-2.80,-26.42,3,SUNWAY WINSTAR
DIS-DIA-DIA-100MM,PCS,Glotool Cutting Blade 100MM,Other,19,9.10,6.30,-2.80,-30.77,15,SONIC3
TOO-NIE-ALL-KEY-05.5MM,PCS,Nietz E/long Ball Point Satin Wrch 53252055 5.5MM,Power Tools,5,11.10,8.30,-2.80,-25.23,5,SUNWAY WINSTAR
BOS-2608-521-043,PCS,Screwdriver Bit - 2608-521-043,Power Tool Accessories,17,12.30,9.50,-2.80,-22.76,16,CMW ENGINEERING
"HHD-SOC-YG241-1/2""X50MM",PCS,"Mxm Brass Connector 1/2""X50MM",Bathroom,4,9.50,6.70,-2.80,-29.47,4,SYN JING LEE
LOC-CZS-L50MM,PCS,Czs 360 Padlock L50MM,Locks & Security,29,13.70,10.90,-2.80,-20.44,26,REXER3
TOO-ELE-TESW0288A,PCS,W0288A Tester,Power Tools,11,9.70,6.90,-2.80,-28.87,11,JUMBO
AER-4MC8,PCS,Aerico 4MC8,Other,16,12.00,9.20,-2.80,-23.33,16,AERICO
TOO-PLI-CIRWHB175,PCS,Intl Plier Bent Hose 175MM,Hand Tools,8,17.70,14.90,-2.80,-15.82,8,JUMBO
PAI-BRU-NIP-TR836N,PCS,3 Synthetic Paint Brush 750,Paint & Sundries,19,19.70,16.90,-2.80,-14.21,19,PAINT MAR.
STO-MOU-A39-20X20,PCS,Mounted Stone:k-prix Korea A39 (20X20),Abrasives & Cutting,8,9.20,6.40,-2.80,-30.43,7,KWONG TECK CHIONG3
COC-BIB-SM2008BUBBT-1/2,PCS,Somax 2008 Brass Union Ball Bibtap 1/2,Plumbing,110,18.70,15.90,-2.80,-14.97,107,DALMAX3
X-FLO-MOC-CA6603,PCS,CA6603 600X600MM,Power Tools,1,18.70,15.90,-2.80,-14.97,1,BRAVO-LINE
X-FLO-MOC-PA6685W,PCS,PA6685W 600X600MM,Power Tools,1,18.70,15.90,-2.80,-14.97,1,BRAVO-LINE
X-FLO-MOC-R9 S:E11,PCS,Main White R9,Power Tools,1,18.70,15.90,-2.80,-14.97,1,BRAVO-LINE
DRI-MIX-HEX-CEM,PCS,Blimax Hex Cement Mud,Building Materials,3,17.60,14.80,-2.80,-15.91,3,BOON SENG
TAP-BIB-JOPBC01W,PCS,Jopex BIBTAP-BC01W 15MM,Plumbing,16,9.70,6.90,-2.80,-28.87,62,BOON SENG
"HOS-FLE-OTO-966-65MB-14""",PCS,Otosani 304 Nut 14 High Pressure Flexible Hose (mb),Fasteners & Fixings,10,14.10,11.30,-2.80,-19.86,9,CHUAN HONG
SHH-HOOK-EWDX4009,PKT,No. 9 (20'S) Eagle Wave Hook,Fishing & Tackle,4,12.30,9.50,-2.80,-22.76,4,SINHENHUA
NUM-60MM-1,PCS,Acp Numbering 60MM - 1,Signage & Numbering,7,10.80,8.00,-2.80,-25.93,7,REXER3
"PLA-BAG-BIO-BLA-30""X39""-M",ROLL,Cleanguard 30 X 39 Oxo Bio-degradale Garbage Bag Blk,Packaging,39,12.30,9.50,-2.80,-22.76,37,MAJOR HARVEST3
TOO-COM-IRO-BUL-17MM,PCS,17MM Iron Bull Spanner,Hand Tools,6,12.00,9.20,-2.80,-23.33,3,KIM KONG3
"BRU-CUP-TWI-3""",PCS,3 Twist Cup Brush,Other,31,10.30,7.50,-2.80,-27.18,31,WHA WEE
"FIT-YG239R-SOC-MXF-3/4""X1/2""-BRA",PCS,"Reduced Mxf Brass Socket 3/4""X1/2",Electrical,9,8.60,5.80,-2.80,-32.56,9,SYN JING LEE
SHH-MOUS-H14,PCS,H14 Huizhu Fishing Superior Quality Mouse 4.5CM (soft),Fishing & Tackle,2,10.40,7.60,-2.80,-26.92,2,SINHENHUA
FIT-GAL-ELBW-38MM,PCS,Galvanised Elbow (90) 38MM,Plumbing,9,10.70,7.90,-2.80,-26.17,9,SONIC3
TOO-FIL-SLIM-STA-160MM,PCS,6 Slim Tapered File-carded,Hand Tools,12,15.70,12.90,-2.80,-17.83,12,YUNG KONG
DRI-CER-BLI-08MM(+),PCS,Blimax Multi Ceramic Cross Drill Bit - 8MM (+),Power Tool Accessories,6,13.30,10.50,-2.80,-21.05,6,BOON SENG
TOO-HOO-KTTIE,PCS,King Top Hook Wrench (ball Bearing Spanner),Hand Tools,14,11.70,8.90,-2.80,-23.93,14,LI HARDWARE
CUT-SAW-MINI-AMS10,PCS,10 Arrow Mini Saw,Abrasives & Cutting,13,10.30,7.50,-2.80,-27.18,13,CHIN LAI
BRU-CON-CRM611,PCS,Contour Washing Brush 611,Other,14,8.70,5.90,-2.80,-32.18,13,ING CHOON
"PAI-ROL-REF-YEL/WHI-4""",PCK,Rollerman Yellow/white Roller Refill 4,Paint & Sundries,4,10.30,7.50,-2.80,-27.18,100,ALIKE HARDWARE3
MAR-PEN-BLACK,PCS,Sharpie Fine Point P/marker (ls)- Black (PCS),Hand Tools,15,7.00,4.20,-2.80,-40.00,27,SUNWAY WINSTAR
NUM-60MM-O,PCS,Acp Alphabet 60MM - O,Signage & Numbering,8,10.80,8.00,-2.80,-25.93,8,REXER3
SWI-S/SKT-ACE-652,PCS,Ace 652 2G 1W Switch Sr,Electrical,24,9.70,6.90,-2.80,-28.87,24,FULL-LITE
TOO-HAN-SPA-T12MM,PCS,T Handle Spanner 12MM,Hand Tools,1,10.10,7.30,-2.80,-27.72,1,SYN JING LEE
TAP-SIN-BOL-PVC-4115,PCS,Upvc Bottle Trap 1 1/2,Plumbing,12,10.70,7.90,-2.80,-26.17,12,ALIKE HARDWARE3
GUN-TAC-REF-TR45-08MM,SET,"5/16""/8MM Sharpshooter Staples Bullet",Fasteners & Fixings,3,18.70,15.90,-2.80,-14.97,3,YUNG KONG
ELE-BRA-COU-5/8,EA,Brass Coupling 70MM X 5/8,Electrical,6,8.10,5.30,-2.80,-34.57,6,SEBD3
X-ELE-LED-FFL-CHA-10W,PCS,Taicon Stick LED Mini 5W E27 - Red,Lighting,94,9.10,6.40,-2.70,-29.67,94,ECO ENTERPRISE3
"FIT-BUT-STR-HOS-20MMX1/2""",PCS,Buteline 20MMX1/2 PE Straight Hose Plate,Outdoor & Garden,37,8.20,5.50,-2.70,-32.93,37,HUA BAN
FIT-BUT-TEE-EQU-25X25X25MM,PCS,Buteline PE Equal Tee,Plumbing,136,6.60,3.90,-2.70,-40.91,130,HUA BAN
DRI-SDS-GT02-18210,PCS,Glotool Sds Drill 18 X 210MM,Power Tool Accessories,8,14.10,11.40,-2.70,-19.15,8,SONIC3
FIT-BUT-TEE-25X25X20MM,PCS,Buteline PE Tee 25X25X20MM,Plumbing,108,6.60,3.90,-2.70,-40.91,108,HUA BAN
TOO-HAM-CRO-GT14MM,PCS,Glotool Cross Pein Hammer 14MM,Hand Tools,8,15.20,12.50,-2.70,-17.76,8,SONIC3
BOS-2608-630-058,PCS,Jigsaw Blade T244D,Power Tool Accessories,10,10.00,7.30,-2.70,-27.00,9,CMW ENGINEERING
BOS-2608-631-013,PCS,Jigsaw Blade T118A,Power Tool Accessories,8,10.60,7.90,-2.70,-25.47,8,CMW ENGINEERING
BOS-2608-680-267,PCS,Sds + Drill Bit S3 7 X 50/110MM,Power Tool Accessories,6,11.70,9.00,-2.70,-23.08,5,CMW ENGINEERING
"TOO-NIE-SOC-HAN-1/2""-14MM",PCS,Nietz Dr Chrome Socket (12PT)50043014 14MM,Electrical,6,10.60,7.90,-2.70,-25.47,5,SUNWAY WINSTAR
TOO-NIE-ALL-KEY-10MM,PCS,Nietz E/long Ball Point Satin Wrch 53252100 10MM,Power Tools,3,19.20,16.50,-2.70,-14.06,3,SUNWAY WINSTAR
"TOO-NIE-SOC-HAN-1/2""-27MM",PCS,Nietz Dr Chrome Socket (12PT)50043027 27MM,Electrical,1,19.60,16.90,-2.70,-13.78,1,SUNWAY WINSTAR
TOO-PLI-CIR-GTIS150,PCS,Glotool Circlip Plier - Int Straight,Hand Tools,7,14.60,11.90,-2.70,-18.49,7,SONIC3
SHH-LURE-H2125-2.5CM,PCS,Huizhu Fishing Super Lure Frog 2.5CM (soft),Fishing & Tackle,8,11.20,8.50,-2.70,-24.11,7,SINHENHUA
LOC-CZS-50MM,PCS,50MM Czs 360 Padlock,Locks & Security,70,12.60,9.90,-2.70,-21.43,69,REXER3
TOO-ELE-GUN-RKEY-3802-40W,PCS,40W R'key Electric Soldering Iron - 3802,Home Appliances,4,17.60,14.90,-2.70,-15.34,4,JHT HARDWARE
TOO-COM-W0287H-15MM,PCS,Com Ratchet Wrench 15MM,Hand Tools,2,29.90,27.20,-2.70,-9.03,2,JUMBO
POW-YELLOW,TIN,Yellow Powder,Other,22,16.20,13.50,-2.70,-16.67,17,DALMAX3
"TOO-CLA-F-BLI-12""",PCS,Blimax Quick Release F CLAMP-12,Hand Tools,17,19.90,17.20,-2.70,-13.57,17,BOON SENG
GAR-RAK-PVC-20T,PCS,20T Hero Garden Rake,Outdoor & Garden,8,13.60,10.90,-2.70,-19.85,8,DALMAX3
SHO-PVC-ARM100,SET,Sy PVC Shower Rose ARM-4,Bathroom,3,9.20,6.50,-2.70,-29.35,3,BOON SENG
MEA-TAP-CHTR-3002,PCS,Takado Measuring Tape PVC Case 7.5M X 25MM,Hand Tools,3,13.20,15.90,2.70,20.45,3,DALMAX
CIS-HAN-PVCL/L,PCS,Vinyl Front Lever,Doors & Hardware,9,8.10,5.40,-2.70,-33.33,9,BOON SENG
TOO-NIE-TAM-T10,PCS,Nietz E/long Tamper Tx-star Wrench (red) 53283010,Hand Tools,2,9.20,6.50,-2.70,-29.35,2,SUNWAY WINSTAR
MAR-CRA-RED,DOZ,Marking Crayon Red,Hand Tools,31,9.90,7.20,-2.70,-27.27,27,PENGUIN CHALK3
MAR-CRA-YELLOW,DOZ,Marking Crayon Yellow,Hand Tools,31,9.90,7.20,-2.70,-27.27,31,PENGUIN CHALK3
SIN-NOZ-R007,PCS,R007 WN03 Sink Tap Nozzle,Kitchen & Sinks,1,13.60,10.90,-2.70,-19.85,1,REXER3
"PAI-BRU-NIP-7""",PCS,7 Cage Roller Handle + Polyester Refill,Doors & Hardware,45,12.50,9.80,-2.70,-21.60,44,PAINT MAR.
CUT-ELE-EDM-4080,PCS,4 X 80 Gold Elephant Mop Disc,Housewares,20,6.60,3.90,-2.70,-40.91,17,KIM KONG3
BLI-HSS-HOL-SAW-16MM,PCS,Blimax Hss Hole SAW-16MM,Power Tool Accessories,4,13.20,10.50,-2.70,-20.45,4,BOON SENG
CUT-ELE-EDM-4180,PCS,4 X 180 Gold Elephant Mop Disc,Housewares,18,6.60,3.90,-2.70,-40.91,18,KIM KONG3
TOO-COM-W0305O-14*17MM,PCS,2 Open Wrench (14*17MM),Hand Tools,9,13.20,10.50,-2.70,-20.45,9,JUMBO
SWI-SOC-ULT-M0813MG,PCS,Ultra 13A Flat Pin Swi Soc Neon-mat Grey (M0813MG),Electrical,23,14.60,11.90,-2.70,-18.49,23,TRISTAR
GAR-CUT-VIS-200MM,PCS,Kakc Steel Sheet Cutter-bent,Outdoor & Garden,2,18.90,16.20,-2.70,-14.29,2,SYN JING LEE
TOO-CLA-GW47375,PCS,Heavy G-shape Clamp 3,Hand Tools,5,19.60,16.90,-2.70,-13.78,5,JUMBO
TAB-SHE-PVC-Y068A,MTR,ZT-032 PVC Sheet,Housewares,10,9.60,6.90,-2.70,-28.12,10,CHUNS TRADING
DZ-GEN-TG-30,PCS,Tool Grease,Other,10,9.10,6.40,-2.70,-29.67,10,GL BOSUN DIAMOND
PYE-FIL-WAL-PUTTY-1.5KG-B,TIN,PYE Wall Filla E Putty 1.5KG (yellow Cap),Paint & Sundries,3,16.50,13.80,-2.70,-16.36,3,BENTON3
TAB-SHE-PVC-2604,MTR,ZT-447 PVC Sheet,Housewares,8,9.60,6.90,-2.70,-28.12,7.5,CHUNS TRADING
BLI-HSS-HOL-SAW-24MM,PCS,Blimax Hss Hole SAW-24MM,Power Tool Accessories,2,16.50,13.80,-2.70,-16.36,2,BOON SENG
AER-4ME8,PCS,Aerico 4ME8,Other,6,11.90,9.20,-2.70,-22.69,6,AERICO
SWI-SOC-ULT-M074W,PCS,Ultra 1 GANG Data Out (RJ45)-WHI (M074W),Electrical,7,27.90,25.20,-2.70,-9.68,7,TRISTAR
RIG-SHA-GAL-25MM,PCS,Galvanised D-shackle 25 MM,Lifting & Rigging,6,17.60,14.90,-2.70,-15.34,6,SONIC3
"HOS-FLE-OTO-966-64MB-12""",PCS,Otosani 304 Nut 12 High Pressure Flexible Hose (mb),Fasteners & Fixings,10,13.00,10.30,-2.70,-20.77,8,CHUAN HONG
FLO-PVC-502-26-25MTR,MTR,Ekonor 0.55MM Flooring 25MTR -502-26,Flooring,2,17.60,14.90,-2.70,-15.34,1.5,LIENG KION
"FIT-SS378-TEE-1/2""",PCS,304 Fxfxm Tee 1/2 SS378,Plumbing,8,8.60,5.90,-2.70,-31.40,8,SYN JING LEE
SHH-SEA-FOA-FLO-SSF05,PKT,Seahawk Foam Float (2'S),Fishing & Tackle,2,11.40,8.70,-2.70,-23.68,2,SINHENHUA
"FIT-SS240R-SOC-REC-3/4""X1/2""",PCS,SS Reducing Socket 3/4 X 1/2,Electrical,7,9.00,6.30,-2.70,-30.00,7,SYN JING LEE
IND-CAS-GLI-SWI-38MM,PCS,1 1/2 IN Glide Swivel Caster Wheel,Fishing & Tackle,25,9.40,6.70,-2.70,-28.72,25,CHIONG SENG
TOO-WRE-ADJ-GD250,PCS,Gd Adjustable Wrench 10,Hand Tools,13,17.20,14.50,-2.70,-15.70,13,SONIC3
TAB-SHE-PVC-Y160,MTR,Y-160 PVC Sheet,Housewares,2,9.60,6.90,-2.70,-28.12,2.5,CHUNS TRADING
POL-HAR-NYL-JM-665A-37~38MM,PCS,Harvesting Palm Oil Clip 1-1/2,Other,2,7.90,5.20,-2.70,-34.18,2,KIONG JOUNG3
NUM-60MM-L,PCS,Acp Alphabet 60MM - L,Signage & Numbering,13,10.70,8.00,-2.70,-25.23,13,REXER3
"FIT-SS366-TEE-1/2""",PCS,304 Fxfxm Tee 1/2 SS366,Plumbing,4,8.60,5.90,-2.70,-31.40,4,SYN JING LEE
NUM-60MM-J,PCS,Acp Alphabet 60MM - J,Signage & Numbering,12,10.70,8.00,-2.70,-25.23,12,REXER3
AER-COL-WAT-TAP,PCS,Aerico Cold Water Tap,Other,8,14.60,11.90,-2.70,-18.49,8,AERICO
DOR-LOC-DRA-FF004A,PCS,Three Way Drawer Lock,Locks & Security,9,11.50,8.80,-2.70,-23.48,9,CRYSTAL TRIUMPH S/B
FIT-UPVC-CAP-110MM,PCS,U-pvc End Cap 110MM 4,Plumbing,33,9.00,6.30,-2.70,-30.00,33,KIONG SING
TOO-DRV-2WAY-100MMX6MM,PCS,Blimax 2WAY Screw DRIVER-4,Fasteners & Fixings,2,11.20,8.50,-2.70,-24.11,14,BOON SENG
"FIT-HDPE-TEE-FEM-25MMX3/4""",PCS,HDPE Tee Female 25MM X 3/4,Plumbing,35,6.50,3.80,-2.70,-41.54,35,HUA BAN
"SHH-PE.BAG-36""",PCS,P. E. Bags 36,Fishing & Tackle,5,13.60,10.90,-2.70,-19.85,5,SINHENHUA
SHH-BOX-ETB240,PCS,240 Exori Tackle Box (15CM X 9.5CM X 3CM),Fishing & Tackle,6,10.60,7.90,-2.70,-25.47,6,SINHENHUA
SHH-LASTIK,PCS,Lastik PVC,Fishing & Tackle,5,10.60,7.90,-2.70,-25.47,5,SINHENHUA
SWI-S/SKT-LWD-0011,PCS,Lwd 0011 F3 1G 1W Switch SIRIM,Electrical,11,7.50,4.80,-2.70,-36.00,11,FULL-LITE
"DRA-SLI-WHI-16""",SET,Drawer Slide (light Duty) 16,Plumbing,5,11.60,8.90,-2.70,-23.28,5,SYN JING LEE
WHE-M'MAN-1169#,SET,M'man Hooded Caster W/screw 1169,Fasteners & Fixings,1,14.60,11.90,-2.70,-18.49,1,JHT HARDWARE
"DRI-AUG-SDS-3/8""",PCS,3/8 Sds Plus Auger Bit,Power Tool Accessories,1,13.40,10.70,-2.70,-20.15,0,DALMAX3
ELE-D/L-MEG-YTG45Z1-5W,PCS,Megaman G45 E27 LED Bulb YTG45Z1/5W 5W/6500K,Lighting,26,10.10,7.50,-2.60,-25.74,26,FULL-LITE
NIP-VIN-EAS-5L-T,CAN,5L Nippon Vinilex Easywash Tint Base,Paint & Sundries,4,194.00,191.40,-2.60,-1.34,4,PAINT MAR.2
"NIE-ADA-IMP-3/4""X1""",PCS,Nietz Impact Adaptor 50166768,Power Tools,3,63.90,66.50,2.60,4.07,3,SUNWAY WINSTAR
BOS-2608-608-T75,PCK,Velcro Disc 125MM Holes (5PCS/PCK) G500-8,Abrasives & Cutting,35,12.10,9.50,-2.60,-21.49,35,CMW ENGINEERING
TOO-BOX-STE-TB502,PCS,Glotool Steel Tool Boxes - TB502,Power Tools,2,63.90,66.50,2.60,4.07,2,SONIC3
BOS-2608-585-595,PCS,Hss-g Metal Bit 16MM,Power Tools,3,79.90,82.50,2.60,3.25,3,CMW ENGINEERING
BOS-2608-608-T70-N,PCK,Velcro Disc 125MM Holes (5PCS/PCK) G220-8,Abrasives & Cutting,15,12.10,9.50,-2.60,-21.49,15,CMW ENGINEERING
FIT-BUT-STR-20X20MM,PCS,Buteline PE Straight,Plumbing,73,6.80,4.20,-2.60,-38.24,71,HUA BAN
BOS-2608-608-T73,PCK,Velcro Disc 125MM Holes (5PCS/PCK) G320-8,Abrasives & Cutting,13,12.10,9.50,-2.60,-21.49,13,CMW ENGINEERING
BOS-2608-585-885,PCS,Hss-g Cobal Bit 5.0MM,Power Tools,13,11.50,8.90,-2.60,-22.61,13,CMW ENGINEERING
BOS-2608-608-T69,PCK,Velcro Disc 125MM Holes (5PCS/PCK) G180-8,Abrasives & Cutting,11,12.10,9.50,-2.60,-21.49,11,CMW ENGINEERING
BOS-2608-608-T68-N,PCK,Velcro Disc 125MM Holes (5PCS/PCK) G150-8,Abrasives & Cutting,10,12.10,9.50,-2.60,-21.49,10,CMW ENGINEERING
BOS-2608-608-T72,PCK,Velcro Disc 125MM Holes (5PCS/PCK) G280-8,Abrasives & Cutting,10,12.10,9.50,-2.60,-21.49,10,CMW ENGINEERING
BOS-SF-10,PCS,"I-pump Press Switch (F1/4,1.4-2.4 Bar)",Electrical,8,36.90,39.50,2.60,7.05,8,CMW ENGINEERING
BOS-2608-595-063,PCS,Hss-g Metal Bit 5.2MM,Power Tools,10,9.00,6.40,-2.60,-28.89,10,CMW ENGINEERING
TOO-NIE-SOC-COU-800SHA,PCS,Nietz High Flow Quick Coupler Socket 50862802,Electrical,2,114.00,116.60,2.60,2.28,2,SUNWAY WINSTAR
BOS-2608-608-T65-N,PCK,Velcro Disc 125MM Holes (5PCS/PCK) G80-8,Abrasives & Cutting,6,12.10,9.50,-2.60,-21.49,6,CMW ENGINEERING
MEA-TAP-STE-GLO-075M,PCS,Glotool Steel Tape Type:b 7.5M,Hand Tools,10,14.50,11.90,-2.60,-17.93,9,SONIC3
WAL-DOW-6003S/1W-BLK,PCS,Out/d Wall Light 6003 S/1W - Blk,Lighting,15,36.90,39.50,2.60,7.05,15,TOP GAN
BOS-2608-630-030,PCS,Jigsaw Blade T101B,Power Tool Accessories,7,10.00,7.40,-2.60,-26.00,7,CMW ENGINEERING
BOS-2608-680-257,PCS,Sds + Drill Bit S3 4 X,Power Tool Accessories,5,10.90,8.30,-2.60,-23.85,4,CMW ENGINEERING
TOO-COM-GLO-23MM,PCS,Glotool Combination Wrench 23MM,Hand Tools,3,18.00,15.40,-2.60,-14.44,3,SONIC3
BOS-2605-510-155,PCS,Protection Guard (cover For Gws 060),Power Tools,3,34.90,37.50,2.60,7.45,3,CMW ENGINEERING
"PAI-BRU-NIP-7""-TR839",SET,"Worker 7""X12 HANDLE+7 Polyester Roller Refill",Paint & Sundries,82,10.40,7.80,-2.60,-25.00,82,MAJOR HARVEST3
WAL-DOW-6003S-1W-AB,PCS,Out/d Wall Light 6003 S/1W - Ab,Lighting,6,36.90,39.50,2.60,7.05,6,TOP GAN
SPR-BID-LSSB2110,PCS,Leon Bidet Spray Matt Black,Bathroom,3,58.90,61.50,2.60,4.41,3,BOON SENG
TOO-CHI-WOO-GT012,PCS,Glotool Wood Chisel 1/2,Hand Tools,12,11.10,8.50,-2.60,-23.42,12,SONIC3
TOO-CHI-WOO-GT009,PCS,Glotool Wood Chisel 3/8,Hand Tools,9,11.10,8.50,-2.60,-23.42,9,SONIC3
IND-CAS-100MM,PCS,4 DL5 Tpr M/duty 2 Bearing Fixed Caster,Building Materials,30,24.90,22.30,-2.60,-10.44,30,DALMAX3
TOO-PLI-DIA-GT150,PCS,Glotool Diagonal Plier 6,Hand Tools,6,11.10,8.50,-2.60,-23.42,4,SONIC3
TOO-PLI-CIRWHS175,PCS,Intl Plier Straight 175MM,Hand Tools,6,17.70,15.10,-2.60,-14.69,6,JUMBO
"DOR-HIN-SSS-4""",PAIR,"Leon Universal Door HINGE-4""X3X3.0",Doors & Hardware,8,21.90,19.30,-2.60,-11.87,8.5,BOON SENG
IND-PUN-PVC-BLK,PCS,PVC Thai Pongkis - Black,Building Materials,69,12.50,9.90,-2.60,-20.80,68,MAJOR HARVEST3
CUT-DIS-HIT-GRI-4X6MM,PCS,Grinding Wheel 4 X 6MM (100X6X16MM),Abrasives & Cutting,62,6.30,3.70,-2.60,-41.27,55,WHA WEE
LOC-VIVOZ-V40MM,PCS,Vivoz Chrome Pad V-6000 LOCK-40MM,Locks & Security,4,14.10,11.50,-2.60,-18.44,16,BOON SENG
"TOO-CLA-F-BLI-10""",PCS,Blimax Quick Release F CLAMP-10,Hand Tools,13,18.80,16.20,-2.60,-13.83,13,BOON SENG
TOO-HAN-LW0017,PCS,1/2 L-type Handle,Doors & Hardware,4,20.90,18.30,-2.60,-12.44,4,JUMBO
GUM-PVC-V-TECH-100GM,CAN,Pro-spec Selleys Ps PVC Pipe Adhesive Glue 100ML,Chemicals & Adhesives,90,8.10,5.50,-2.60,-32.10,80,KIONG JOUNG3
HHD-FLU-M0676-L110W-50MM,PCS,L110-W'TECHPLAS Flapper Outlet Valve,Plumbing,18,30.90,33.50,2.60,8.41,18,BENTON3
PVC-BID-HAND-2278A,PCS,2278A PVC Bidet Handle Only,Bathroom,15,11.10,8.50,-2.60,-23.42,15,KANSSAN
ROO-ZIN-SHE-08'X35G,PCS,Corrugated Steel Zinc 8 X 35G,Building Materials,99,18.30,20.90,2.60,14.21,99,JCH
TOO-DRV-STA-5X100MM-9960651870,PCS,"Cushion Grip S/dr Std - (3/16""X4"")",Power Tools,4,11.80,9.20,-2.60,-22.03,4,YUNG KONG
APR-PVC-YEL,PCS,Thin PVC APRON-YELLOW24IN X 36IN0.18MM,Safety & Workwear,13,8.80,6.20,-2.60,-29.55,13,SUNWAY WINSTAR
PAI-BRU-NIP-TR835N,PCS,2.5 Synthetic Paint Brush 750,Paint & Sundries,26,15.50,12.90,-2.60,-16.77,26,PAINT MAR.
NAI-ROO-SUP-T65MM,PKG,E. G Roofing Nail - Twist 65MM 1KGS,Fasteners & Fixings,18,11.50,8.90,-2.60,-22.61,18,SONIC
MAR-PEN-RED,PCS,Sharpie Fine Point P/marker (ls)- Red,Hand Tools,14,6.80,4.20,-2.60,-38.24,13,SUNWAY WINSTAR
HOS-FLE-SW-PVCH-30,PCS,30 PVC Flexible Hose With PVC Holder,Outdoor & Garden,9,17.80,15.20,-2.60,-14.61,9,VTC HARDWARE
PYE-FIL-WOO-TEAK-0.5KG,TIN,PYE Fillawood (teak) 0.5KG,Building Materials,36,12.50,9.90,-2.60,-20.80,35,BENTON3
STO-MOU-W194-16X13,PCS,Mounted Stone:k-prix Korea W194 (16X13),Abrasives & Cutting,5,8.20,5.60,-2.60,-31.71,5,KWONG TECK CHIONG3
GAR-SHE-701,PCS,Tiger Pruning Shears Straight 701,Outdoor & Garden,12,11.90,9.30,-2.60,-21.85,12,SONIC3
DRI-AUG-2WAY-12MM,PCS,T&t 2WAY Auger BIT-1/2,Power Tool Accessories,8,13.10,10.50,-2.60,-19.85,6,BOON SENG
IND-CEM-750G-WHI,CAN,750G Scin-flex Tile Grout 301(WHITE),Chemicals & Adhesives,8,15.10,12.50,-2.60,-17.22,8,ING PING3
VAL-BAL-CNN-12MM,PCS,Steel Ball Valve - Cnn 12 MM,Plumbing,16,9.90,7.30,-2.60,-26.26,13,SONIC3
TOO-CLA-F-ATB120350,PCS,14 X 120MM Arrow F Type Wood Clamp,Hand Tools,7,46.90,49.50,2.60,5.54,7,CHIN LAI
NUM-80MM-I,PCS,Acp Alphabet 80MM - I,Signage & Numbering,3,15.20,12.60,-2.60,-17.11,3,REXER3
NAI-FEL-SUP-25MM,KG,E. G Felt Nail 25MM 1 KGS,Fasteners & Fixings,10,11.80,9.20,-2.60,-22.03,9,SONIC
SWI-CON-PVC-30A,LTH,Sjp 30A PVC Connector,Electrical,16,7.40,4.80,-2.60,-35.14,15,FULL-LITE
X-FLO-MOC-KH40GF3DH,PCS,16 X 16 Ceramic Floor Tiles KH40GF3DH,Power Tools,1,7.10,4.50,-2.60,-36.62,1,CHEE LIAN
"SHH-LIN-I-FIXH-12""",PKT,I-fixh Wire Leader 12,Electrical,6,10.40,7.80,-2.60,-25.00,6,SINHENHUA
DOR-SOC-SGD-12MMSS,PCS,12MM (medium) SS St. Guchi Dust Socket,Electrical,5,20.90,18.30,-2.60,-12.44,5,VERTEX
CHE-LUB-GLO-450ML,PCS,Glochem Anti-rust Lubricant 450ML,Chemicals & Adhesives,8,9.50,6.90,-2.60,-27.37,7,SONIC3
X-CIMA-DL-L/SC38/RND/18W/DL,SET,Senco 6 Round LED Panel Light 18W,Lighting,1,18.90,21.50,2.60,13.76,1,CIMA
"NAI-LOS-HEA-1.1/2""-500G",PCK,1 1/2 Lost HD Nails 500G,Fasteners & Fixings,10,8.50,5.90,-2.60,-30.59,10,TIE BROTHER
DRI-BIT-116E,PCS,14MM Hitmax Diamond Core Bit,Power Tool Accessories,6,13.10,10.50,-2.60,-19.85,6,CRYSTAL TRIUMPH S/B
DOR-SOC-SGD-100MMSS,PCS,10MM (small) SS St. Guchi Dust Socket,Electrical,3,20.90,18.30,-2.60,-12.44,3,VERTEX
"FIT-SS355-TEE-1/2""",PCS,304 Mxfxm Tee 1/2,Plumbing,4,8.60,6.00,-2.60,-30.23,4,SYN JING LEE
MDD-CON-MALE-BLUE-1,PCK,Male Disconnects - Blue (2.5MM) (10PCS/PCK),Electrical,1,3.90,6.50,2.60,66.67,0,ECO ENTERPRISE3
SAF-COA-NET-YEL,PCS,Netting Vest Coat (mesh Fabric) Lemon Yellow,"Rope, Chain & Netting",10,8.80,6.20,-2.60,-29.55,10,SUNWAY WINSTAR
FLO-MOC-DAD04,PCS,12 X 12 Sand Storm Orange Guocera Floor Tiles,Building Materials,1,6.90,4.30,-2.60,-37.68,1,CHEE LIAN
FLO-MOC-DAD05,PCS,12 X 12 Sand Storm Black Guocera Tiles,Building Materials,1,6.90,4.30,-2.60,-37.68,1,CHEE LIAN
PAI-COV-MOP-5G,PCS,9501 5G Mop Cover,Housewares,7,11.10,8.50,-2.60,-23.42,5,ING CHOON
"DRI-AUG-SDS-7/8""",PCS,7/8 Sds Plus Auger Bit,Power Tool Accessories,6,24.90,22.30,-2.60,-10.44,6,DALMAX3
SWI-SOC-NNE-801/1-1W1G,PCS,NNE 801/1 1G 1W Switch SIRIM,Electrical,14,9.90,7.30,-2.60,-26.26,13,FULL-LITE
TOO-SPA-BEN-06MM,PCS,Bend Spanner 1/4,Hand Tools,3,12.10,9.50,-2.60,-21.49,3,SONIC3
TAP-SIN-BOL-PVC-4112,PCS,Upvc Bottle Trap 1 1/4,Plumbing,9,9.50,6.90,-2.60,-27.37,9,ALIKE HARDWARE3
TOO-FIL-SENSUI-SNF001-B,PCS,8 Sensui Metal Flat File,Hand Tools,1,18.40,15.80,-2.60,-14.13,0,CRYSTAL TRIUMPH S/B
PAI-GAL-J603S,PCS,3 Gallon Pail,Housewares,1,12.10,9.50,-2.60,-21.49,1,ING CHOON
CEI-FRA-30MM,PCS,Ceiling Frame 30MM,Building Materials,482,5.40,2.90,-2.50,-46.30,481,JCH
ELE-D/L-MEG-YTG45Z1-3W,PCS,Megaman 3W LED Bulb,Lighting,12,9.40,6.90,-2.50,-26.60,12,FULL-LITE
"FAN-BLA-LWD-12""",PCS,Taicon Fan Blade 12 (0055),Fans & Ventilation,44,13.40,10.90,-2.50,-18.66,44,ECO ENTERPRISE3
TOO-NIE-BIT-SCKT-1/2IN-T25,PCS,Nietz Drive Long Str Bit 50244125 T25,Power Tools,2,23.90,21.40,-2.50,-10.46,2,SUNWAY WINSTAR
BOS-2608-578-116,PCS,Masonry Drill Bit 5MM X,Power Tool Accessories,7,8.10,5.60,-2.50,-30.86,5,CMW ENGINEERING
NIETZ-MOU-FLA-WHE-57110080,PCS,Nietz Mounted Flap Wheel 57110080,Abrasives & Cutting,8,11.10,8.60,-2.50,-22.52,8,SUNWAY WINSTAR
TOO-NIE-PLU-COU-30PH,PCS,Nietz Quick Coupler Plug 30PH,Electrical,17,10.40,7.90,-2.50,-24.04,17,SUNWAY WINSTAR
"FIT-BUT-ELB-MALE-20MMX1/2""",PCS,Buteline 20MMX1/2 PE Elbow Male,Plumbing,27,6.40,3.90,-2.50,-39.06,27,HUA BAN
TOO-NIE-PLU-COU-30PM,PCS,Nietz Quick Coupler Plug 30PM,Electrical,13,10.30,7.80,-2.50,-24.27,13,SUNWAY WINSTAR
X-ELE-D/L-OSR-10W-E27,PCS,Osram 10W LED Stick E27,Lighting,5,18.00,15.50,-2.50,-13.89,5,ECO ENTERPRISE3
DRI-SDS-GT02-16260,PCS,Glotool Sds Drill 16 X 260MM,Power Tool Accessories,1,13.00,10.50,-2.50,-19.23,1,SONIC3
FIT-BUT-ELB-25X25MM,PCS,Buteline 25MM X 25MM PE Equal Bend,Plumbing,204,7.20,4.70,-2.50,-34.72,195,HUA BAN
BOS-2608-680-258,PCS,Sds + Drill Bit S3 5 X 50/110MM,Power Tool Accessories,7,10.90,8.40,-2.50,-22.94,6,CMW ENGINEERING
TOO-LEV-W0093A300,PCS,Aluminium Level (300MM),Power Tools,4,19.40,16.90,-2.50,-12.89,4,JUMBO
CUT-BLA-ECL-1224T,PCS,Eclipse Hacksaw Blade - 12MM X 24T Predator,Hand Tools,117,7.30,4.80,-2.50,-34.25,117,SONIC
PLUG-TOP-UMS-13A,PCS,Ums 13A Plugtop (PT130R-S),Other,70,7.90,5.40,-2.50,-31.65,65,ECO ENTERPRISE3
GAR-SPR-E93/G851,PCS,Water Sprayer 1000CC,Outdoor & Garden,15,8.40,5.90,-2.50,-29.76,11,ING CHOON
TOO-ELE-GUN-R'KEY-3802-30W,PCS,30W R'key Electric Soldering Iron - 3802,Home Appliances,3,16.00,13.50,-2.50,-15.62,3,JHT HARDWARE
CUT-ELE-EFM430,PCS,Gold Elephant Flexible Grinding Disc,Abrasives & Cutting,50,5.10,2.60,-2.50,-49.02,50,KIM KONG3
PAI-TIG-75ML-BLUE,TIN,75ML Tiger G. P (l/blue),Paint & Sundries,7,11.00,8.50,-2.50,-22.73,7,ING PING3
HDPE-VAL-BAL-PP-COMP-20MM,PCS,20MM PP Compression Ballvalve,Other,33,10.40,7.90,-2.50,-24.04,33,HUA BAN
"TOO-CLA-F-BLI-8""",PCS,Blimax Quick Release F CLAMP-8,Hand Tools,11,17.70,15.20,-2.50,-14.12,11,BOON SENG
ELE-D/L-HGD603-18W-6500K,PCS,Hms Downlite Hgd 603/18W 6500K,Electrical,26,19.40,21.90,2.50,12.89,26,TOP GAN
CUT-ELE-EDM-4060,PCS,4 X 60 Gold Elephant Mop Disc,Housewares,26,6.40,3.90,-2.50,-39.06,25,KIM KONG3
X-FLO-MOC-M66065-QC184,PCS,600MM X 600MM Polished Tiles (nano) M66065,Power Tools,3,17.00,14.50,-2.50,-14.71,3,MUDA
MAR-CRA-WHITE,DOZ,Marking Crayon White,Hand Tools,24,9.70,7.20,-2.50,-25.77,24,PENGUIN CHALK3
AER-6U6,PCS,Aerico 6U6,Other,10,13.40,10.90,-2.50,-18.66,10,AERICO
AER-6MC8,PCS,Aerico 6MC8,Other,10,11.70,9.20,-2.50,-21.37,10,AERICO
POL-HAR-NYL-JM-666A,PCS,"Harvesting Palm Oil Clip 1-1/2""(38MM) PVC - Green",Other,10,11.40,8.90,-2.50,-21.93,10,KIONG JOUNG3
FLO-MOC-KV910,PCS,"Kv 910 12""X12 Homotile",Flooring,15,7.30,4.80,-2.50,-34.25,15,CHEE LIAN
"FIT-HDPE-ELB-FEM-20MMX1/2""",PCS,Wall Plate Female Elbow 20MM X 1/2,Plumbing,57,8.60,6.10,-2.50,-29.07,57,DALMAX
MAR-PEN-BLUE,PCS,Sharpie Fine Point P/marker (ls)- Blue,Hand Tools,25,6.70,4.20,-2.50,-37.31,24,SUNWAY WINSTAR
BNW-THR-ZP-09MM,PCS,Zp Thread Rod 3/8 X 6FTS,Fasteners & Fixings,24,8.50,6.00,-2.50,-29.41,24,SONIC
SHH-HOO-2066-1/0,PKT,No. 2 Eupro Fishing Hook (7'S),Fishing & Tackle,7,9.70,7.20,-2.50,-25.77,7,SINHENHUA
CUT-ELE-EDM-4040,PCS,4 X 40 Gold Elephant Mop Disc,Housewares,10,6.40,3.90,-2.50,-39.06,7,KIM KONG3
HOO-TWIN-S/S-1364HB,CARD,Isona S/steel Twin Hook BAR (2PCS Per Card),Doors & Hardware,23,10.00,7.50,-2.50,-25.00,23,CHIN LAI
"FIT-HDPE-TEE-MAL-25MMX1/2""",PCS,HDPE Tee Male 25MMX1/2,Plumbing,21,6.50,4.00,-2.50,-38.46,21,HUA BAN
TOO-CHI-WOO-ARA-STC002-D,PCS,1 Aracut Impact Hdl Wood Chisel,Power Tools,10,17.00,14.50,-2.50,-14.71,10,CRYSTAL TRIUMPH S/B
TOO-HAN-RATSHE12MM,PCS,1/2 Ratchet Handle,Doors & Hardware,10,13.40,10.90,-2.50,-18.66,9,CHIN LAI
X-FLO-MOC-BR6301,PCS,BR6301 300X600MM,Power Tools,1,10.30,7.80,-2.50,-24.27,1,BRAVO-LINE
X-FLO-MOC-BR6302,PCS,BR6302 300X600MM,Power Tools,1,10.30,7.80,-2.50,-24.27,1,BRAVO-LINE
NUM-60MM-4,PCS,Acp Numbering 60MM - 4,Signage & Numbering,5,10.50,8.00,-2.50,-23.81,5,REXER3
X-FLO-MOC-KV960,PCS,"Kv 960 12""X12 Homotiles",Power Tools,1,6.70,4.20,-2.50,-37.31,1,CHEE LIAN
X-FLO-MOC-KV963,PCS,"Kv 963 12""X12 Homotiles",Power Tools,1,6.70,4.20,-2.50,-37.31,1,CHEE LIAN
IMP-BIT-PM61038,SET,Pumpkin Osaka 2PCS Impact Bit Set,Power Tools,6,12.80,10.30,-2.50,-19.53,4,DALMAX3
O-RING-27-30-RED,PCS,O-ring 27-30 (red),Other,57,0.50,3.00,2.50,500.00,57,SONIC3
O-RING-27-30,PCS,O-ring 27-30,Other,56,0.50,3.00,2.50,500.00,53,SONIC3
KGR-KIM-300ML-9213,TIN,300ML Kangaroo Kimtone 9213,Paint & Sundries,4,15.30,17.80,2.50,16.34,4,KANGAROO PAINT
TOO-FIL-SLIM-STA-100MM-992022304,PCS,4 Slim Tapered File-carded,Hand Tools,14,11.70,9.20,-2.50,-21.37,8,YUNG KONG
"FIT-YG235-TEE-1/4""-BRA",PCS,Brass Equal Tee 1/4,Plumbing,5,8.30,5.80,-2.50,-30.12,5,SYN JING LEE
TOO-PLI-RAB-160MM,PCS,Red Kapok Rabbit Plier 8,Hand Tools,14,10.30,7.80,-2.50,-24.27,14,TIE BROTHER3
FIT-GAL-NIP-38MM,PCS,Galvanised Nipple (280) 38MM,Plumbing,5,11.00,8.50,-2.50,-22.73,5,SONIC3
"SHH-NYLON-BAG-1/2""30""(28"")",PCS,"Nylon Fish Bag 210/5 1/2 30""(28"")",Fishing & Tackle,7,11.30,8.80,-2.50,-22.12,7,SINHENHUA
TOO-FIL-MET-SENSUI-SNF003-B,PCS,8 Sensui Metal Half Round File,Hand Tools,4,18.40,15.90,-2.50,-13.59,4,CRYSTAL TRIUMPH S/B
PYE-FIL-WOO-NATURAL-0.5KG,TIN,PYE Fillawood (natural) 0.5KG,Building Materials,6,11.70,9.20,-2.50,-21.37,6,BENTON3
PVC-FUN-665A,PCS,PVC Funnel,Housewares,6,11.00,8.50,-2.50,-22.73,6,DALMAX3
DOR-PAD-03164,PCS,Br 4250 3 1/2 S/steel Auto Bolt,Fasteners & Fixings,14,9.70,7.20,-2.50,-25.77,14,REXER3
IND-CEM-TILE-400G,PCK,400G Scinmix Tile Fix Addtive (tfa),Flooring,5,8.40,5.90,-2.50,-29.76,5,ING PING
"DIE-ROU-1""",PCS,1 (25MM) Round Die,Other,2,19.40,16.90,-2.50,-12.89,2,WHA WEE
"CUT-PVC-FIL-9002R-4""",PCS,4 Prc PVC File Handle-rectangle,Hand Tools,5,7.60,5.10,-2.50,-32.89,5,DALMAX3
DOR-PAD-KTSS100,SET,4 King Top S/steel Surface Bolt,Fasteners & Fixings,14,7.40,4.90,-2.50,-33.78,11,LI HARDWARE
"FIT-SS231-ELB-MXF-1/2""-SUS304",PCS,SS Mxf Elbow 1/2,Plumbing,1,8.50,6.00,-2.50,-29.41,1,SYN JING LEE
NUM-60MM-8,PCS,Venus Home Numbering 60MM - 8,Signage & Numbering,3,10.50,8.00,-2.50,-23.81,3,REXER3
FIT-UPVC-SLE-50MM,PCS,U-pvc Sleeve 50MM 2,Plumbing,12,6.80,4.30,-2.50,-36.76,12,KIONG SING
"DRI-AUG-SDS-WOOD-5/16""X8""",PCS,5/16 X 8 Sds Plus Auger Bit,Power Tool Accessories,6,13.00,10.50,-2.50,-19.23,6,DALMAX3
WOO-CAR-SET-6PCS,SET,6PCS Wood Carving Set,Building Materials,3,8.20,5.70,-2.50,-30.49,3,LI HARDWARE
GUN-TAC-REF-TR45-10MM,SET,"3/8""/10MM Sharpshooter Staples Bullet",Fasteners & Fixings,3,19.40,16.90,-2.50,-12.89,3,YUNG KONG
LIG-IND-APT-P22,PCS,Indicated Light,Lighting,1,0.50,3.00,2.50,500.00,1,GOLDEN DAY
TAB-PVC-480-11,MTR,137CM X 25M Thick 107 Table Cloth - 480-11,Housewares,1,9.40,6.90,-2.50,-26.60,1,LIENG KION
SWI-SOC-H35/1/2A-5W1G,PCS,1 G 5W Switch,Electrical,13,2.30,4.72,2.42,105.22,13,GOLDEN DAY
BOS-2608-522-406,PCS,Impact Bit PH2 X 110MM,Power Tools,10,22.90,20.50,-2.40,-10.48,10,CMW ENGINEERING
"HOS-FLE-GLO-48""",PCS,Glotool Flexible Tube F1/2 X F12 X 48,Outdoor & Garden,7,12.10,14.50,2.40,19.83,7,SONIC3
NIP-VIN-EAS-1L-P,CAN,1L Nippon Vinilex Easywash Pastel Base,Paint & Sundries,12,54.90,52.50,-2.40,-4.37,12,PAINT MAR.2
TOO-NIE-BIT-SCKT-1/2IN-T27,PCS,Nietz Drive Long Str Bit 50244127 T27,Power Tools,3,23.90,21.50,-2.40,-10.04,3,SUNWAY WINSTAR
FIT-BUT-STR-COU-25MMX20MM,PCS,Buteline PE Straight Inline Coupling 25MMX20MM,Plumbing,84,6.90,4.50,-2.40,-34.78,83,HUA BAN
DRI-SDS-GT02-16210,PCS,Glotool Sds Drill 16 X 210MM,Power Tool Accessories,6,12.00,9.60,-2.40,-20.00,6,SONIC3
DRI-SDS-GT02-13260,PCS,Glotool Sds Drill 13 X 260MM,Power Tool Accessories,7,9.90,7.50,-2.40,-24.24,7,SONIC3
BOS-2608-578-117,PCS,Masonry Drill Bit 5.5MM X,Power Tool Accessories,8,8.10,5.70,-2.40,-29.63,7,CMW ENGINEERING
TOO-NIE-BIT-SCKT-1/2IN-T30,PCS,Nietz Drive Long Str Bit 50244130 T30,Power Tools,2,23.90,21.50,-2.40,-10.04,2,SUNWAY WINSTAR
BOS-2608-595-072,PCS,Hss-g Metal Bit 8.0MM,Power Tools,6,19.90,17.50,-2.40,-12.06,6,CMW ENGINEERING
BOS-2608-595-066,PCS,Hss-g Metal Bit 6.0MM (PCS),Power Tools,11,9.00,6.60,-2.40,-26.67,21,CMW ENGINEERING
BOS-2608-680-262,PCS,Sds + Drill Bit S3 6 X 50/110MM,Power Tool Accessories,19,10.90,8.50,-2.40,-22.02,18,CMW ENGINEERING
TOO-NIE-PLU-COU-40PF,PCS,Nietz Quick Coupler Plug 40PF,Electrical,13,15.20,12.80,-2.40,-15.79,13,SUNWAY WINSTAR
BOS-2608-680-279,PCS,Sds + Drill Bit S3 12 X 200/260MM,Power Tool Accessories,7,22.90,20.50,-2.40,-10.48,7,CMW ENGINEERING
MEA-TAP-STE-GLO-05M,PCS,Glotool Steel Tape Type:b 5.0M,Hand Tools,15,9.90,7.50,-2.40,-24.24,13,SONIC3
"FIT-BUT-ELB-MALE-25MMX3/4""",PCS,Buteline 25MMX3/4 PE Elbow Male,Plumbing,19,7.30,4.90,-2.40,-32.88,17,HUA BAN
SHE-WOO-43088(3FT),PCS,Rw-cb (m) - 3FT Wood Shelf,Housewares,22,36.90,34.50,-2.40,-6.50,22,REXER3
BOS-2608-680-275,PCS,Sds + Drill Bit S3 10 X 200/260MM,Power Tool Accessories,3,19.90,17.50,-2.40,-12.06,3,CMW ENGINEERING
IND-CAS-SWI-75MM,PCS,3 DL5 Tpr M/duty 2 Bearing Swivel Caster,Fishing & Tackle,24,23.90,21.50,-2.40,-10.04,24,DALMAX3
HOS-INL-PVC-1.5M,ROLL,Washing Machine Inlet Hose 1.5M,Outdoor & Garden,9,19.90,17.50,-2.40,-12.06,9,SYN JING LEE
BOS-1619-P06-346,SET,Carbon Brush Set (gks 190),Power Tools,2,45.90,43.50,-2.40,-5.23,2,CMW ENGINEERING
TOO-PLI-COM-GT150,PCS,Glotool Combination Plier 6,Hand Tools,16,11.10,8.70,-2.40,-21.62,12,SONIC3
"TOO-NIE-SOC-HAN-1/2""-11MM",PCS,Nietz Dr Chrome Socket (12PT)50043011 11MM,Electrical,2,10.20,7.80,-2.40,-23.53,2,SUNWAY WINSTAR
"GLA-4MMX6""X24""",PCS,"6""X24""X4MM Figured Glass",Building Materials,192,7.30,4.90,-2.40,-32.88,192,YUNG HUAT
BOS-1617-000-525,SET,Carbon Brush Gbh 2-26 Dre/dfr,Power Tools,2,20.90,18.50,-2.40,-11.48,2,CMW ENGINEERING
"TOO-CHI-NIE-5""",PCS,Nietz Centre Punch 120MM 551-84-412,Power Tools,4,9.20,6.80,-2.40,-26.09,4,SUNWAY WINSTAR
HOS-GAR-ORA-GREENLAND-GPI,ROLL,Garden Hose - Gre/blk 2LAYER 16MMX3.0MMX10M,Outdoor & Garden,7,44.90,42.50,-2.40,-5.35,26,BOON SENG
HOS-CON-STO-ECO4112,PCS,"Ecogreen- Quick Connector W. Wtr Stop 5/8""-3/4",Outdoor & Garden,28,9.90,7.50,-2.40,-24.24,28,ZHONG YUAN3
SWI-SOC-SUM-MS-D213,PCS,D'ner 13A 2G M/clad S/skt (sr),Electrical,13,26.90,24.50,-2.40,-8.92,11,FULL-LITE
LOC-COL-RB501,PCS,Colex Anti- Cut Long Shackkle Padlock RB-501,Locks & Security,14,49.90,47.50,-2.40,-4.81,14,KIM KONG3
"TOO-LEV-MAG-3804X18""",PCS,T&t Magnetic Flat Aluminium Level - 3804X18,Power Tools,7,30.90,28.50,-2.40,-7.77,7,JHT HARDWARE
TOO-PLI-CIR-GTES150,PCS,Glotool Circlip Plier - Ext Straight,Hand Tools,4,14.60,12.20,-2.40,-16.44,4,SONIC3
BAT-ENE-SHD-AA2PCS,PCK,Eveready Shd Aa 2PC,Electrical,4,6.20,3.80,-2.40,-38.71,2,HUA BAN
TOO-WRE-KEY-W0199A,SET,9PCS Extralong Ball Point W0199A,Power Tools,7,24.90,22.50,-2.40,-9.64,6,JUMBO
HOL-GAT-10MM,PCS,Gate Holder 10MM (T92),Doors & Hardware,16,9.90,7.50,-2.40,-24.24,16,WEE TAT TRADING
TOO-PLI-CIR-WSS175B,PCS,External Circlip Pliers Straight 175MM,Power Tools,8,18.30,15.90,-2.40,-13.11,8,JUMBO
TOO-PLI-NOSW508200,PCS,F508 Long Nose Pliers 200MM,Power Tools,7,20.90,18.50,-2.40,-11.48,7,JUMBO
HAR-SHOE-HE450-20G,PCS,Shoe Adhesive Hardex,Chemicals & Adhesives,17,7.60,5.20,-2.40,-31.58,17,KWONG TECK CHIONG
HOS-FLE-MIX-YG407,PCS,"Flex. Hose For Mixer 1/2""XM10",Outdoor & Garden,9,13.30,10.90,-2.40,-18.05,9,SYN JING LEE
TOO-PLI-CIR-GTEB150,PCS,Glotool Circlip Plier - Ext Bent,Hand Tools,2,14.50,12.10,-2.40,-16.55,2,SONIC3
SHH-SINKER-NO.1/4,PCK,Single Head Sinker No. 1/4 (10PCS/PCK),Fishing & Tackle,26,10.90,8.50,-2.40,-22.02,25,SINHENHUA
SHH-FISH-NET-0.15D-40MM-30MD/6A,PCS,40MM (180/5),Fishing & Tackle,1,36.90,34.50,-2.40,-6.50,1,SINHENHUA
SHH-FISH-NET-0.15D-70MM-30MD/6A,PCS,70MM (180/5),Fishing & Tackle,1,36.90,34.50,-2.40,-6.50,1,SINHENHUA
TOO-WRE-KEY-ATHM-8,PCS,Arrow T Flat Hex Key (metric) With Plastic Handle - 8MM,Doors & Hardware,8,16.30,13.90,-2.40,-14.72,8,CHIN LAI
CEILING-FRAME-35MM,PCS,Steel Keel (b) 35MM X 12FT,Building Materials,37,5.90,3.50,-2.40,-40.68,-23,JCH
SHH-LURE-SPM210XMW,PCS,2.4 60MM 2.5G Eupro K2 Soft Lure (8'S)MIX Clr,Fishing & Tackle,10,20.90,18.50,-2.40,-11.48,10,SINHENHUA
TOR-LIG-HEA-KX1805,PCS,KX1805 Head Light,Other,6,33.90,31.50,-2.40,-7.08,6,CRYSTAL TRIUMPH S/B
BROO-HOO-CLIP-LIAO-Z130006,PCS,Mop & Broom Holder (3HOLDER+4HOOKS) - Liao,Housewares,9,21.90,19.50,-2.40,-10.96,9,CHUNS TRADING
DRI-MIX-HEX-PAI,PCS,Blimax Hex Paint Mud,Paint & Sundries,4,16.10,13.70,-2.40,-14.91,4,BOON SENG
ELE-D/L-MGM-MQTL2048-6500K,PCS,Mgm 2 1/2 7W Eye Ball Dl,Electrical,19,24.90,22.50,-2.40,-9.64,19,FULL-LITE
SHH-HOO-4206-NO.1,PKT,4206 No. 1 Galah Hook (20'S),Fishing & Tackle,15,9.90,7.50,-2.40,-24.24,15,SINHENHUA
TOO-COM-IRO-BUL-27MM,PCS,27MM Iron Bull Spanner,Hand Tools,9,27.90,25.50,-2.40,-8.60,9,KIM KONG3
HOS-SPA-NOZ-NZ-22,PCS,Tap Nozzle - Zinc Alloy,Building Materials,14,9.30,6.90,-2.40,-25.81,12,KANSSAN
SHO-HAN-SET-05369,SET,Ess 500A Shower Set 05369,Bathroom,5,23.90,21.50,-2.40,-10.04,5,REXER3
SHH-HOO-4206-NO.3,PKT,4206 No. 3 Galah Hook (20'S),Fishing & Tackle,11,9.90,7.50,-2.40,-24.24,11,SINHENHUA
DRI-SAW-A68-8MM,PCS,Sawman A68 Multi Purpose Drill Bit 8MM,Power Tool Accessories,6,7.90,5.50,-2.40,-30.38,6,SYN JING LEE
SHH-REEL-MH3000A,PCS,Sealand Machine Gun Fishing Reel (3SS-B) MG3000A,Fishing & Tackle,2,53.90,51.50,-2.40,-4.45,2,SINHENHUA
CUT-ELE-EDM-4100,PCS,4 X 100 Gold Elephant Mop Disc,Housewares,16,6.30,3.90,-2.40,-38.10,16,KIM KONG3
AER-4MRT44,PCS,Aerico 4MRT44,Other,10,9.90,7.50,-2.40,-24.24,10,AERICO
AER-6MC6,PCS,Aerico 6MC6,Other,10,9.90,7.50,-2.40,-24.24,10,AERICO
FAN-CEI-KHI-REM-SBE,PCS,Fan Regulator,Fans & Ventilation,5,19.10,21.50,2.40,12.57,4,ECO ENTERPRISE3
CUT-ELE-EDM-4240,PCS,4 X 240 Gold Elephant Mop Disc,Housewares,15,6.30,3.90,-2.40,-38.10,15,KIM KONG3
SPO-SCR-SCH,PCS,Sponge Scrub,Other,155,6.20,3.80,-2.40,-38.71,147,WHA WEE
SPR-BID-MMAN-2254#,PCS,M'man Toilet Sprayer Head (chrome) - 2254,Bathroom,6,14.20,11.80,-2.40,-16.90,6,JHT HARDWARE
DRI-SAW-A68-6MM,PCS,Sawman A68 Multi Purpose Drill Bit 6MM,Power Tool Accessories,6,6.30,3.90,-2.40,-38.10,5,SYN JING LEE
AER-4MC6,PCS,Aerico 4MC6,Other,8,9.90,7.50,-2.40,-24.24,8,AERICO
CUT-ELE-EDM-41200,PCS,4 X 120 Gold Elephant Mop Disc,Housewares,12,6.30,3.90,-2.40,-38.10,11,KIM KONG3
SIN-WAS-SSS-A110,PCS,2.1/2 S/s Waste A110,Plumbing,15,14.30,11.90,-2.40,-16.78,13,JHT HARDWARE
SHH-HOOK-9255SS-1,PKT,Eupro Octopus S/s Hook No. 1 (10'S),Fishing & Tackle,7,10.10,7.70,-2.40,-23.76,7,SINHENHUA
AER-6MC4,PCS,Aerico 6MC4,Other,7,9.90,7.50,-2.40,-24.24,7,AERICO
"PAI-ROL-REF-STA-TWI-4""",PCK,4 Roller Refill-acrylic Yellow Stripe (twin Pack),Paint & Sundries,33,7.90,5.50,-2.40,-30.38,32,YUNG KONG
TOO-COM-IRO-BUL-16MM,PCS,16MM Iron Bull Spanner,Hand Tools,11,10.90,8.50,-2.40,-22.02,11,KIM KONG3
SHH-HOOK-9255SS-2,PKT,Eupro Octopus S/s Hook No. 2 (10'S),Fishing & Tackle,6,10.10,7.70,-2.40,-23.76,6,SINHENHUA
AER-4MBT44,PCS,Aerico 4MBT44,Other,6,9.90,7.50,-2.40,-24.24,6,AERICO
WAL-PLU-H/DUTY-630B,PCK,8MM X 40MM H/duty PVC Wall Plug,Fasteners & Fixings,27,10.60,8.20,-2.40,-22.64,27,DALMAX3
TOO-WRE-BAS-ABT11,PCS,Abt Basin WRENCH-11,Hand Tools,2,26.90,24.50,-2.40,-8.92,2,BOON SENG
MAR-CRA-GREEN,DOZ,Marking Crayon Green,Hand Tools,9,9.60,7.20,-2.40,-25.00,9,PENGUIN CHALK3
SHH-HOOK-9255SS-4,PKT,Eupro Octopus S/s Hook No. 4 (11'S),Fishing & Tackle,5,10.10,7.70,-2.40,-23.76,5,SINHENHUA
STO-MOU-W175-10X10,PCS,Mounted Stone:k-prix Korea W175 (10X10),Abrasives & Cutting,6,8.20,5.80,-2.40,-29.27,6,KWONG TECK CHIONG3
SCP-FIL-500G,CAN,500G Skim Instant Filla,Paint & Sundries,25,7.30,4.90,-2.40,-32.88,25,ING PING3
KOYA-REM-CEM-1000ML,TIN,1000ML Cement & Stain Remover,Chemicals & Adhesives,9,17.90,15.50,-2.40,-13.41,9,KIONG JOUNG3
SHH-HOO-1920SS4,PKT,No. 4 Eupro Fishing Hook (8'S),Fishing & Tackle,4,9.60,7.20,-2.40,-25.00,4,SINHENHUA
FIT-HDPE-BEN-ELB-32MM,PCS,HDPE Bend (elbow) 32MM,Plumbing,26,7.10,4.70,-2.40,-33.80,26,HUA BAN
ELE-PLU-TOP-NNE138,PCS,NNE 138 13A P/top SIRIM,Electrical,109,10.30,7.90,-2.40,-23.30,109,FULL-LITE
"IND-CAS-PVC-RIG-5""",PCS,Medium Duty Red PVC Rigid Wheel 5,Building Materials,8,47.90,45.50,-2.40,-5.01,8,BENTON3
TOO-SPA-BEN-BLK-16MM,LGHT,BAR Bender: (m) Black 5/8,Power Tools,2,63.90,61.50,-2.40,-3.76,2,KWONG TECK CHIONG3
CLI-MET,PCK,Metal Clip 500GRM,Other,4,7.90,5.50,-2.40,-30.38,4,
X-PLA-BAG-W1000-1822,PCK,18 X 22 X 500G Tbag White Aa,Power Tools,12,8.90,6.50,-2.40,-26.97,72,SA GENERAL PLASTIC
CUT-DIS-HIT-FLE-4X6MM,PCS,4 Hitachi Flexible Disc,Abrasives & Cutting,46,6.30,3.90,-2.40,-38.10,38,WHA WEE
"DOR-FLU-SGD-36606""",PCS,6 SS St. Guchi Flush Bolt,Fasteners & Fixings,3,25.90,23.50,-2.40,-9.27,3,VERTEX
COC-BIB-LION-12MM,PCS,Brass Bib Cock - Lion Brand 12 MM,Plumbing,6,19.90,17.50,-2.40,-12.06,5,SONIC3
DRI-BIT-116M,PCS,35MM Hitmax Diamond Core Bit,Power Tool Accessories,4,28.90,26.50,-2.40,-8.30,3,CRYSTAL TRIUMPH S/B
"FIT-YG232-ELB-1/2""-BRA",PCS,Brass Equal Elbow 1/2,Plumbing,8,8.30,5.90,-2.40,-28.92,8,SYN JING LEE
GRA-CUT-BLA-6T,PCS,6T Blade Cut Grass Trimmer Head,Outdoor & Garden,3,24.90,22.50,-2.40,-9.64,3,WHA WEE
TOO-DRV-KT200+,PCS,8 King Top (+) Screw Driver,Fasteners & Fixings,11,8.90,6.50,-2.40,-26.97,11,LI HARDWARE
DRI-BIT-116N,PCS,38MM Hitmax Diamond Core Bit,Power Tool Accessories,3,30.90,28.50,-2.40,-7.77,3,CRYSTAL TRIUMPH S/B
TOO-FIL-SLIM-STA-125MM,PCS,5 Slim Tapered File-carded (PCS),Hand Tools,15,13.60,11.20,-2.40,-17.65,27,YUNG KONG
SAF-LIG-PCBL966,PCS,Picasaf Baton Light 966,Safety & Workwear,8,24.90,22.50,-2.40,-9.64,8,SUNWAY WINSTAR
TOO-DRV-KT200-,PCS,8 King Top (-) Screw Driver,Fasteners & Fixings,10,8.90,6.50,-2.40,-26.97,10,LI HARDWARE
"MIDDY-OUTLET-4""-WHT",PCS,Middy: 4 Outlet (white),Other,8,23.90,21.50,-2.40,-10.04,7,ING HING HONG
JAC-BOT-CNN-6T,PCS,6T Bottle Jack-cn,Automotive,2,89.90,87.50,-2.40,-2.67,2,HUI SHEN
TOO-HAN-SPA-T10MM,PCS,T Handle Spanner 10MM,Hand Tools,3,9.10,6.70,-2.40,-26.37,3,SYN JING LEE
TOO-DRV-SETW0557,SET,6PCS Screw Drivers Set,Fasteners & Fixings,4,11.10,8.70,-2.40,-21.62,2,JUMBO
"IND-CAS-PVC-SWI-4""",PCS,Medium Duty Red PVC Swivel Wheel 4,Fishing & Tackle,3,48.90,46.50,-2.40,-4.91,3,BENTON3
TOO-CLA-F-ATB120X300,PCS,12 X 120MM Arrow F Type Wood Clamp,Hand Tools,3,48.90,46.50,-2.40,-4.91,3,CHIN LAI
OIL-SIN-80ML,PCS,Singer Oil 80ML,Automotive,19,7.30,4.90,-2.40,-32.88,18,CHUNS TRADING
DRI-CER-BLI-10MM(+),PCS,Blimax Multi Ceramic Cross Drill Bit - 10MM (+),Power Tool Accessories,4,15.00,12.60,-2.40,-16.00,4,BOON SENG
CUT-SAW-SET,PCS,Saw Adjuster With Wood Handle,Doors & Hardware,6,7.30,4.90,-2.40,-32.88,6,CHIONG SENG
SHH-HOOK-9255SS-6,PKT,Eupro Octopus S/s Hook No. 6 (11'S),Fishing & Tackle,1,10.10,7.70,-2.40,-23.76,1,SINHENHUA
LIK-LEA-1L,TIN,Ufixx No Leak - 1L,Plumbing,6,51.90,49.50,-2.40,-4.62,6,LIKTHYE HARDWARE3
SMR-TCT-HOL-SAW-22MM,PCS,Smr Tct Holesaw 22MM,Power Tool Accessories,2,22.90,20.50,-2.40,-10.48,2,SYN JING LEE
"SHH-ROU-LAN-NET-13""",PCS,Round Landing Net 13 PE Net,Fishing & Tackle,4,24.90,22.50,-2.40,-9.64,4,SINHENHUA
"SHH-ROU-LAN-NET-14X1/2""",PCS,Round Landing Net 14 X 1/2,Fishing & Tackle,4,24.90,22.50,-2.40,-9.64,4,SINHENHUA
WEL-SHI-BLA-HAND,PCS,Welding Shield Hand Type,Welding,8,9.90,7.50,-2.40,-24.24,8,SONIC3
X-TOO-DRI-ADA-13MM,PCS,13MM Drill Chuck With Adapter Adamark,Power Tools,1,20.90,18.50,-2.40,-11.48,1,WHA WEE
"GLA-6""X24""X4MM-KERTACHI",PCS,6 X 24 X 4MM Kertachi Glass,Building Materials,7,7.90,5.50,-2.40,-30.38,7,YUNG HUAT
CUT-HAC-SAW-510B,PCS,12 Home Hack Saw-pipe,Plumbing,19,8.20,5.80,-2.40,-29.27,19,DALMAX3
SHH-REEL-SUG135,PCS,"Sin Udang Galah 135 (4'6"") Prawn Rod (4+1) (mix Color)",Fishing & Tackle,2,23.90,21.50,-2.40,-10.04,2,SINHENHUA
TOO-DRV-SET-MS,SET,7PCS MS Electric Screw Driver Set,Fasteners & Fixings,3,30.90,28.50,-2.40,-7.77,3,WHA WEE
TOO-FIL-SENSUI-SNF004,PCS,6 Sensui Thin Flat File,Hand Tools,2,14.90,12.50,-2.40,-16.11,2,CRYSTAL TRIUMPH S/B
SHH-REEL-LINE-SS800,PCS,Santec Sepit 800 Prawn Reel W/line,Fishing & Tackle,1,23.90,21.50,-2.40,-10.04,1,SINHENHUA
CAR-HIT-HP-CB999067,PCS,Carbon Brush,Automotive,1,19.90,17.50,-2.40,-12.06,1,POWER TOOLS
DOR-PAD-KTAC075,SET,3 King Top A/c Surface Bolt,Fasteners & Fixings,8,7.50,5.10,-2.40,-32.00,8,LI HARDWARE
ELE-COV-ELCB-(B),EA,PVC Link Elcb Cover (b),Electrical,3,6.90,4.50,-2.40,-34.78,3,SEBD3
WEL-COL-1.6MM,PCS,1.6MM Collet,Power Tool Accessories,3,6.40,4.00,-2.40,-37.50,3,CMW ENGINEERING
SWI-SOC-H34/1/2A-4W1G,PCS,1 G 4 W Switch,Electrical,9,1.40,3.77,2.37,169.29,9,GOLDEN DAY
"DOR-HIN-JTC-SSS-4""",SET,"Smr S/steel Hinges 4""X3""X2.0MM",Doors & Hardware,330,8.80,6.50,-2.30,-26.14,330,SYN JING LEE
NIP-QGL-1L-A,TIN,1L Nippon Q-glo Accent Base,Paint & Sundries,13,48.90,46.60,-2.30,-4.70,13,PAINT MAR.2
BOS-2608-578-118,PCS,Masonry Drill Bit 6MM X,Power Tool Accessories,24,8.10,5.80,-2.30,-28.40,23,CMW ENGINEERING
NIP-QSH-EXT-1L-P,CAN,1L Nippon Q-shield Extra Pastel Base,Paint & Sundries,6,49.90,47.60,-2.30,-4.61,4,PAINT MAR.2
TOO-COM-GLO-21MM,PCS,Glotool Combination Wrench 21MM,Hand Tools,10,13.20,10.90,-2.30,-17.42,10,SONIC3
TOO-COM-GLO-22MM,PCS,Glotool Combination Wrench 22MM,Hand Tools,7,14.20,11.90,-2.30,-16.20,6,SONIC3
TOO-HAM-CHI-GT0.3KG,PCS,Glotool Chipping Hammer 0.3KG,Hand Tools,6,16.20,13.90,-2.30,-14.20,6,SONIC3
BOS-2608-600-272,PCS,7 Cutting Disc,Abrasives & Cutting,14,9.20,6.90,-2.30,-25.00,14,CMW ENGINEERING
"TOO-NIE-SOC-HAN-1/2""-26MM",PCS,Nietz Dr Chrome Socket (12PT)50043026 26MM,Electrical,1,18.80,16.50,-2.30,-12.23,1,SUNWAY WINSTAR
TOO-WRE-ADJ-GT200,PCS,Glotool Adjustable Wrench 8,Hand Tools,8,14.20,11.90,-2.30,-16.20,8,SONIC3
TOO-NIE-ALL-KEY-04MM,PCS,Nietz E/long Ball Point Satin Wrch 53252040 4MM,Power Tools,3,8.80,6.50,-2.30,-26.14,3,SUNWAY WINSTAR
X-ELE-BUL-D/L-HOME-25W,PCS,Hermanns Ens Spiral 25W,Power Tools,21,11.20,8.90,-2.30,-20.54,16,TOP GAN
BRO-PLA-SB200,PCS,Plastic Broom 260G,Housewares,50,13.20,10.90,-2.30,-17.42,49,CHUNS TRADING
"TOO-LEV-SPE-3801X24""",PCS,Speed L/duty Flat Water Level - 3801X24,Power Tools,11,19.80,17.50,-2.30,-11.62,11,JHT HARDWARE
TOO-PLI-CIR-GTIB150,PCS,Glotool Circlip Plier - Int Bent,Hand Tools,4,14.40,12.10,-2.30,-15.97,4,SONIC3
BOS-2608-680-795,PCS,Multi Purpose D/bit 8 X 80 X 120MM,Power Tools,1,17.20,14.90,-2.30,-13.37,1,CMW ENGINEERING
CUT-BLA-ECL-1218T,PCS,Eclipse Hacksaw Blade - 12MM X 18T Predator,Hand Tools,76,7.10,4.80,-2.30,-32.39,74,SONIC
BAT-ENE-SHD-AAA2PCS,PCK,Eveready Shd Aaa 2PC,Electrical,3,6.20,3.90,-2.30,-37.10,1,HUA BAN
LOC-CZS-L40MM,PCS,Czs 360 Padlock L40MM,Locks & Security,36,12.10,9.80,-2.30,-19.01,35,REXER3
HOS-SPA-TAP-C222,PCS,C222 Spare Cartridge (for L Handle),Doors & Hardware,15,8.80,6.50,-2.30,-26.14,14,SYN JING LEE
WAL-PLU-JWP-8MM,PCK,Jaw Wall Plug 8MM (10PCS/PCK),Fasteners & Fixings,18,9.20,6.90,-2.30,-25.00,18,WEE TAT TRADING
"DL5SS-HOS-NIPP-1""X25MM",PCS,DL5 Hose Nipple 1 X 25MM,Outdoor & Garden,8,13.00,10.70,-2.30,-17.69,8,DALMAX3
"ELE-PVC-CAS-1""",LGTH,Kancil 1 X 6FT PVC Casing,Electrical,96,6.20,3.90,-2.30,-37.10,96,ECO ENTERPRISE3
HOS-COU-BR-12MM,PCS,Br Hose Coupling 12MM,Outdoor & Garden,13,6.60,4.30,-2.30,-34.85,13,HSIN NGIE
TOO-COM-W0305G-10*12MM,PCS,2 Open Wrench (10*12MM),Hand Tools,15,9.80,7.50,-2.30,-23.47,15,JUMBO
TOO-WRE-DOU-1213,PCS,Double Flexible Socket Wrench 12 X 13MM,Hand Tools,15,16.20,13.90,-2.30,-14.20,14,SONIC3
SHH-HOO-4206-NO.2,PKT,4206 No. 2 Galah Hook (20'S),Fishing & Tackle,14,9.80,7.50,-2.30,-23.47,13,SINHENHUA
IND-PAI-CEMENT,PCS,PVC Cement Pail-yellow,Chemicals & Adhesives,59,7.50,5.20,-2.30,-30.67,51,TIE BROTHER3
FLO-MAT-PVC-SY403,PCS,Sy 403 PVC Floor Mat,Flooring,118,9.80,7.50,-2.30,-23.47,118,BENTON3
TOO-NIE-TAM-T9,PCS,Nietz E/long Tamper Tx-star Wrench (red) 53283009,Hand Tools,1,9.20,6.90,-2.30,-25.00,1,SUNWAY WINSTAR
TOO-WRE-DOU-1012,PCS,Double Flexible Socket Wrench 10 X 12MM,Hand Tools,12,15.20,12.90,-2.30,-15.13,9,SONIC3
HOS-COU-Y-EG4022,PCS,Ecogreen- Y Snap-in Coupling,Outdoor & Garden,5,6.70,4.40,-2.30,-34.33,5,ZHONG YUAN3
VAL-BAL-VIP-MF12MM,PCS,1/2 Vip Chrome Mini Valves 323MF,Plumbing,19,14.20,11.90,-2.30,-16.20,19,KIM KONG3
PUM-TOI-003S,PCS,Small Toilet Vacuum Pump,Bathroom,10,8.80,6.50,-2.30,-26.14,9,ING CHOON
SHH-HOOK-1920SS1,PKT,No. 1 Eupro Fishing Hook (7'S),Fishing & Tackle,9,9.50,7.20,-2.30,-24.21,9,SINHENHUA
TOO-COM-IRO-BUL-15MM,PCS,15MM Iron Bull Spanner,Hand Tools,13,9.20,6.90,-2.30,-25.00,11,KIM KONG3
TOO-DRV-108LY-VISON,PCS,Vison Screw Driver,Fasteners & Fixings,20,9.10,6.80,-2.30,-25.27,20,SYN JING LEE
PAI-BRU-NIP-21MM,PCS,7 Roller Refill Ext 21MM,Paint & Sundries,15,15.20,12.90,-2.30,-15.13,15,PAINT MAR.
CAP-03.00UF-440V,EA,Capacitor 400V Italy Square,Electrical,17,7.70,5.40,-2.30,-29.87,16,SEBD3
"LEO-S/S-LOC-BAR-BOL-LRBB150 6""",PCS,Leon S/s L/r Lockable Barrel 6,Fasteners & Fixings,11,11.60,9.30,-2.30,-19.83,11,BOON SENG
FAS-SCR-DS650HW-MET-PCK,PCK,12 X 2 Self Drilling Screw (50PCS/PCK),Fasteners & Fixings,6,17.80,15.50,-2.30,-12.92,5,REXER
"FIT-SS237-SOC-3/4""-SUS304",PCS,SS Equal Socket 3/4,Electrical,11,8.20,5.90,-2.30,-28.05,11,SYN JING LEE
SHH-FROG-SET-Y24A,PCS,Y24A Fishing Tackle,Fishing & Tackle,3,8.70,6.40,-2.30,-26.44,3,SINHENHUA
BAT-ENE-MINI-ALA76,PCK,Energizer Mini Al A76 BP2,Electrical,11,6.80,4.50,-2.30,-33.82,10,HUA BAN
TOO-DRV-KT150+,PCS,6 King Top (+) Screw Driver,Fasteners & Fixings,14,8.50,6.20,-2.30,-27.06,13,LI HARDWARE
TOO-DRV-KT150-,PCS,6 King Top (-) Screw Driver,Fasteners & Fixings,11,8.50,6.20,-2.30,-27.06,10,LI HARDWARE
TOO-HAN-SPA-T08MM,PCS,T Handle Spanner 08MM,Hand Tools,3,8.50,6.20,-2.30,-27.06,3,SYN JING LEE
ELE-PVC-BOX-TC4X4,EA,Tc 4X4 PVC Enclosure Box,Electrical,6,7.20,4.90,-2.30,-31.94,6,SEBD3
TOO-PLI-CIR-STA-BI175,PCS,7 Circlip Pliers- Bent Int,Power Tools,1,51.90,49.60,-2.30,-4.43,1,YUNG KONG
"TOO-BAR-WRE-BEN-24""",PCS,Gd Wrecking BAR (bent) 24,Power Tools,3,16.20,13.90,-2.30,-14.20,2,SONIC3
"SHH-LIN-I-FIXH-6""",PKT,I-fixh Wire Leader 6,Electrical,4,9.20,6.90,-2.30,-25.00,4,SINHENHUA
TOO-WRE-ADJ-GD150,PCS,Gd Adjustable Wrench 6,Hand Tools,11,11.10,8.80,-2.30,-20.72,10,SONIC3
IND-SCP-PUT-AEK12,PCS,Arrow Wide Putting Filling Knife 12,Building Materials,9,12.80,10.50,-2.30,-17.97,9,CHIN LAI
"BRA-SHE-12""X14""",PAIR,12 X 14 Shelf Bracket,Housewares,12,9.20,6.90,-2.30,-25.00,12,WHA WEE
BNW-WAS-COM-09MM,KGS,Zinc Plated Washer 3/8,Fasteners & Fixings,20,13.80,11.50,-2.30,-16.67,16.88,SONIC3
HOS-FLE-SW-PVCH-24,PCS,24 PVC Flexible Hose With PVC Holder,Outdoor & Garden,2,16.20,13.90,-2.30,-14.20,2,VTC HARDWARE
IND-CAS-SWI3.5,PCS,Swivel Caster 3.1/2,Fishing & Tackle,9,10.60,8.30,-2.30,-21.70,9,SONIC3
TOO-WRE-ADJ-GD200,PCS,Gd Adjustable Wrench 8,Hand Tools,7,13.20,10.90,-2.30,-17.42,4,SONIC3
KNI-ROPE-A1104,PCS,Jj Pare Knife Wire Rope Handle,Lifting & Rigging,9,9.50,7.20,-2.30,-24.21,9,DALMAX3
TOO-CLA-SPR-PM34228,PCS,Pumpkin 3 Spring Plastic Clamp,Hand Tools,6,13.80,11.50,-2.30,-16.67,6,DALMAX3
BNW-THR-ZP-05MM,PCS,Zp Thread Rod 5/16 X 6FTS,Fasteners & Fixings,3,6.80,4.50,-2.30,-33.82,3,SONIC
CLI-HOS-98X103,PCS,Rb Super Hose Clamp 98 X 103,Hand Tools,8,8.50,6.20,-2.30,-27.06,6,ALIKE HARDWARE3
"SHH-NYLON-BAG-1/2""24""(22"")",PCS,"Nylon Fish Bag 210/5 1/2 24""(22"")",Fishing & Tackle,6,8.80,6.50,-2.30,-26.14,6,SINHENHUA
ELE-PVC-NUT-3X12,PCS,Umc 3 X 12 PVC Nut Box,Fasteners & Fixings,21,6.50,4.20,-2.30,-35.38,21,SEBD3
"SANDEX-VEL-SPO-4""",PCS,Sandex 4 Velcro Polish Sponge (thick),Abrasives & Cutting,3,13.20,10.90,-2.30,-17.42,3,CHUNG YANG3
"FIT-YG237-SOC-1/2""-BRA",PCS,Brass Equal Socket 1/2,Electrical,1,7.70,5.40,-2.30,-29.87,1,SYN JING LEE
"IND-IRON-HIN-3.1/2""",PCS,3 1/2 X 3MM Lorry Hinges,Building Materials,4,7.30,5.00,-2.30,-31.51,0,WHA WEE
"TOO-DRV-STA-TAN-8MM-10""-#3+",PCS,Tank Thru Screwdriver - 8MM X 10 X 3 (+),Hand Tools,1,25.90,23.60,-2.30,-8.88,1,YUNG KONG
WAT-TUB-TSP-2021,PCS,Bath Dipper,Other,2,6.80,4.50,-2.30,-33.82,2,ING CHOON
FIT-BUT-ELB-20X20MM,PCS,Buteline PE Elbow 20X20MM,Plumbing,159,6.30,4.10,-2.20,-34.92,150,HUA BAN
BOS-PLUG-WS7F,PCS,Bosch Plug WS7F,Electrical,121,7.70,5.50,-2.20,-28.57,109,HOCK CHIONG LUNG
BOS-2608-578-119,PCS,Masonry Drill Bit 6.5MM X,Power Tool Accessories,9,8.10,5.90,-2.20,-27.16,8,CMW ENGINEERING
"FIT-BUT-ELB-MALE-25MMX1/2""",PCS,Buteline 25MMX1/2 PE Elbow Male,Plumbing,45,7.10,4.90,-2.20,-30.99,44,HUA BAN
BOS-2608-521-042,PCS,Screwdriver Bit (PH2-65MM),Power Tool Accessories,25,9.30,7.10,-2.20,-23.66,25,CMW ENGINEERING
"FIT-BUT-TEE-MALE-20X20MMX1/2""",PCS,Buteline 20X20MMX1/2 PE Tee Male,Plumbing,32,6.40,4.20,-2.20,-34.38,32,HUA BAN
"FIT-BUT-TEE-MALE-25MMX3/4""",PCS,Buteline 25MMX3/4 PE Tee Male,Plumbing,18,6.50,4.30,-2.20,-33.85,17,HUA BAN
BOS-2608-634-503,PCS,Jigsaw Blade T118BF,Power Tool Accessories,4,13.70,11.50,-2.20,-16.06,4,CMW ENGINEERING
PAI-BRU-730-65MM,PCS,T&t Paint 2 1/2,Paint & Sundries,74,14.10,11.90,-2.20,-15.60,74,JHT HARDWARE
BOS-1619-P20-086,SET,Carbon Brush For Gbm 350,Power Tools,3,13.10,10.90,-2.20,-16.79,3,CMW ENGINEERING
FAN-ACC-SPI,PCS,Spinner 12/16 Auto Fan (khind),Fans & Ventilation,1,8.70,6.50,-2.20,-25.29,1,KHIND-MISTRAL
"TOO-PLI-LOS-NOS-GT6""",PCS,Glotool Long Nose Plier 6,Hand Tools,9,11.10,8.90,-2.20,-19.82,9,SONIC3
TOO-CHI-WOO-GT018,PCS,Glotool Wood Chisel 3/4,Hand Tools,7,12.10,9.90,-2.20,-18.18,6,SONIC3
BBQ-GRI-JJD-40X70,PCS,40X70CM Bbq Net,Outdoor & Garden,16,18.70,16.50,-2.20,-11.76,16,L.F. WHOLESALER
GRA-CUT-BLA-GCD01,PCS,Cutting Grass,Outdoor & Garden,24,9.10,6.90,-2.20,-24.18,23,ALIKE HARDWARE3
DOR-LOC-CAM-30MMX90,PCS,Degree Excel Camlock,Doors & Hardware,19,6.70,4.50,-2.20,-32.84,19,ING PING3
SELF-HOO-SIN-GS304SH,PCS,No Drill Self Adhesive Single Hook,Power Tools,18,7.10,4.90,-2.20,-30.99,14,DALMAX3
FAS-BOL-EXP-12100,PCS,Sh Expansion Bolt M12 X 100,Fasteners & Fixings,127,6.50,4.30,-2.20,-33.85,127,SONIC3
X-FLO-MOC-N966AG,PCS,"16""X16 Floor Tiles N966AG",Power Tools,10,7.10,4.90,-2.20,-30.99,10,CHEE LIAN
CLI-ELE-CAB-10MM100'S,BOX,Cable Clip 10MM/100'S,Electrical,14,6.50,4.30,-2.20,-33.85,14,SEBD3
HHD-DKI-FLO-VAL,PCS,Dki Isb Cistern Float,Fishing & Tackle,15,11.40,9.20,-2.20,-19.30,14,ALIKE HARDWARE3
X-FLO-MOC-N813D,PCS,"16""X16 Floor Tiles N813D",Power Tools,8,7.10,4.90,-2.20,-30.99,8,CHEE LIAN
CLI-ELE-CAB-09MM100'S,BOX,Cable Clip 9MM/100'S,Electrical,11,6.00,3.80,-2.20,-36.67,11,SEBD3
CLIP-TIL-PVC-1.5MM,PACK,1.5MM PVC Tile Leveling Clip (100PCS+-/PCK),Flooring,2,10.10,7.90,-2.20,-21.78,0,DALMAX3
CLIP-TIL-PVC-2.0MM,PACK,2.0MM PVC Tile Leveling Clip (100PCS+-/PCK),Flooring,2,10.10,7.90,-2.20,-21.78,2,DALMAX3
"TOO-DRV-BLI-IMP-8""(-)",PCS,"Blimax Impact Screw DRIVER-8""X6MM (-)",Power Tools,4,11.10,8.90,-2.20,-19.82,4,BOON SENG
SHH-BLA-NET-NO.3,PCS,"Black Net No. 3 (1 1/2"") (3.5CM)",Fishing & Tackle,6,20.90,18.70,-2.20,-10.53,6,SINHENHUA
SHH-HOOK-EWDX4008,PKT,No. 8 (20'S) Eagle Wave Hook,Fishing & Tackle,9,11.70,9.50,-2.20,-18.80,9,SINHENHUA
AER-6ME4,PCS,Aerico 6ME4,Other,9,11.40,9.20,-2.20,-19.30,9,AERICO
SHH-BLA-NET-NO.2,PCS,"Black Net No. 2 (1 1/4"") (3.0CM)",Fishing & Tackle,5,20.90,18.70,-2.20,-10.53,5,SINHENHUA
SHH-BLA-NET-NO.7,PCS,"Black Net No. 7 (2 3/4"") (7.0CM)",Fishing & Tackle,5,20.90,18.70,-2.20,-10.53,5,SINHENHUA
SHH-BLA-NET-NO.8,PCS,"Black Net No. 8 (3 1/4"") (8.0CM)",Fishing & Tackle,5,20.90,18.70,-2.20,-10.53,5,SINHENHUA
RIG-HOO-ALL-0.75TON,PCS,Alloy Hook 0.75TON,Lifting & Rigging,11,8.80,6.60,-2.20,-25.00,10,SONIC3
ROO-ZIN-SHE-06'X35G,PCS,Corrugated Steel Zinc 6 X 35G,Building Materials,56,18.10,15.90,-2.20,-12.15,56,JCH
TOO-COM-W0305H-11*13MM,PCS,2 Open Wrench (11*13MM),Hand Tools,9,10.50,8.30,-2.20,-20.95,9,JUMBO
PAI-BRU-NIP-TR834N,PCS,2 Synthetic Paint Brush 750,Paint & Sundries,29,11.10,8.90,-2.20,-19.82,28,PAINT MAR.
SHH-BLA-NET-NO.6,PCS,"Black Net No. 6 (2 1/2"") 6.0CM)",Fishing & Tackle,4,20.90,18.70,-2.20,-10.53,4,SINHENHUA
CUT-KNI-CK-X11R16,PCS,X11 R16 Bison Cutting Knife,Abrasives & Cutting,9,7.30,5.10,-2.20,-30.14,6,DALMAX
SAF-COA-ORE,PCS,Heavy Duty Safety Coat - Orange,Safety & Workwear,9,12.10,9.90,-2.20,-18.18,9,SONIC3
SHH-BLA-NET-NO.4,PCS,"Black Net No. 4 (1 3/4"") (4.0CM)",Fishing & Tackle,3,20.90,18.70,-2.20,-10.53,3,SINHENHUA
SHH-BLA-NET-NO.5,PCS,"Black Net No. 5 (2"") (5.0CM)",Fishing & Tackle,3,20.90,18.70,-2.20,-10.53,3,SINHENHUA
NUM-80MM-2,PCS,Acp Numbering 80MM - 2,Signage & Numbering,7,14.80,12.60,-2.20,-14.86,7,REXER3
TOO-WRE-DOU-1011,PCS,Double Flexible Socket Wrench 10 X 11MM,Hand Tools,7,14.40,12.20,-2.20,-15.28,7,SONIC3
HOS-HOL-ECO-EG6038,PCS,Ecogreen- Hose Hanger,Outdoor & Garden,1,17.40,15.20,-2.20,-12.64,7,ZHONG YUAN3
"PAI-ROL-REF-STA-7""",PCS,7 Acrylic Yellow Stripe Medium Pile,Paint & Sundries,19,9.10,6.90,-2.20,-24.18,16,YUNG KONG
"FIT-YG232-ELB-3/8""-BRA",PCS,Brass Equal Elbow 3/8,Plumbing,17,7.40,5.20,-2.20,-29.73,17,SYN JING LEE
BIB-G501B,PCS,Bib Tap Truflo,Plumbing,15,8.10,5.90,-2.20,-27.16,15,DALMAX3
SHH-BLA-NET-NO.9,PCS,"Black Net No. 9 (3 1/2"") (9.0CM)",Fishing & Tackle,2,20.90,18.70,-2.20,-10.53,2,SINHENHUA
"DOR-HOO-CLO-LEO-3""",PCS,Leon S/steel Cloth HOOK-3,Doors & Hardware,2,6.40,4.20,-2.20,-34.38,14,BOON SENG
"FIT-SS232-ELB-1/2""-SUS304",PCS,SS Equal Elbow 1/2,Plumbing,16,7.10,4.90,-2.20,-30.99,16,SYN JING LEE
SWI-POL-1WAY-1GANG,PCS,Pol 1GANG 1WAY Switch Socket,Electrical,16,6.90,4.70,-2.20,-31.88,16,ECO ENTERPRISE3
"FIT-SS225-BUS-3/4""X1/2""-SUS304",PCS,"SS Hex Bushing 3/4""X1/2",Plumbing,13,7.10,4.90,-2.20,-30.99,13,SYN JING LEE
"TOO-RUL-SSS-6289-24""",PCS,Steel Ruler 60CM,Power Tools,2,9.10,6.90,-2.20,-24.18,2,WHA WEE
IND-CEM-750G-BLA,CAN,750G Scin-flex Tile Grout 300(BLACK),Chemicals & Adhesives,7,14.70,12.50,-2.20,-14.97,7,ING PING3
TOO-HOK-TIE-250MM,PCS,10 Tie Hook With Bearing,Power Tools,10,9.10,6.90,-2.20,-24.18,9,WHA WEE
X-FLO-MOC-B40ACY40,PCS,B 16 X 16 Floor Tiles,Power Tools,1,7.10,4.90,-2.20,-30.99,1,CHEE LIAN
X-FLO-MOC-KH40ABA7D-PI,PCS,16 X 16 Ceramic Floor Tiles KH40ABA7D-PI,Power Tools,1,7.10,4.90,-2.20,-30.99,1,CHEE LIAN
X-FLO-MOC-KH40ACY20,PCS,16 X 16 Ceramic Floor Tiles KH40ACY20,Power Tools,1,7.10,4.90,-2.20,-30.99,1,CHEE LIAN
X-FLO-MOC-N893B,PCS,N893 B 16 X 16 Forza Ceramic Floor Tiles Guocera,Power Tools,1,7.10,4.90,-2.20,-30.99,1,CHEE LIAN
X-FLO-MOC-N991A,PCS,"16""X16 Floor Tiles N991A",Power Tools,1,7.10,4.90,-2.20,-30.99,1,CHEE LIAN
BRU-HAN-SW20,PCS,Nn Wire Wheel Brush - SW20,Electrical,6,8.90,6.70,-2.20,-24.72,5,JHT HARDWARE
IND-SCP-PUT-15075(10),PCS,Br 2600 10 S/steel Putty Knife,Hand Tools,15,11.50,9.30,-2.20,-19.13,15,REXER3
TOO-LEV-MAG-SPI9,PCS,9 Magnet Spirit Level,Power Tools,6,9.10,6.90,-2.20,-24.18,5,WHA WEE
TOO-DRV-KT125+,PCS,5 King Top (+) Screw Driver,Fasteners & Fixings,7,8.10,5.90,-2.20,-27.16,6,LI HARDWARE
TOO-DRV-KT100-,PCS,4 King Top (-) Screw Driver,Fasteners & Fixings,6,7.80,5.60,-2.20,-28.21,6,LI HARDWARE
TOO-DRV-KT125-,PCS,5 King Top (-) Screw Driver,Fasteners & Fixings,5,8.10,5.90,-2.20,-27.16,5,LI HARDWARE
"FIT-YG228R-NIP-REC-3/4""X1/2""-BRA",PCS,"Brass Reduced Nipple 3/4""X1/2",Plumbing,3,7.40,5.20,-2.20,-29.73,3,SYN JING LEE
TOO-CLA-G-RED-125,PCS,G-clamp (red) 5,Hand Tools,4,18.70,16.50,-2.20,-11.76,4,SONIC3
CUT-DIS-TAI-100MM-AA60T,PCS,Tailin Cutoff Wheel,Abrasives & Cutting,1,5.70,3.50,-2.20,-38.60,0,FONG YUAN HUNG
PAI-COV-MOP-4G,PCS,9401 4G Mop Cover,Housewares,7,9.50,7.30,-2.20,-23.16,6,ING CHOON
FIT-HDPE-TEE-25MMX20MM,PCS,HDPE Tee Reducing 25 X 20MM,Plumbing,22,7.70,5.50,-2.20,-28.57,20,HUA BAN
CLI-HOS-86X91,PCS,Rb Super Hose Clamp 86 X 91,Hand Tools,7,8.10,5.90,-2.20,-27.16,7,ALIKE HARDWARE3
"PIP-BRA-MARKSMAN-3/4""-END",PAIR,Sr Marksman Chrome Pipe Bracket 3/4 - End,Plumbing,21,7.10,4.90,-2.20,-30.99,21,SYARIKAT HUA KIONG3
IND-SCP-PUT-15075(12),PCS,Br 2600 12 S/steel Putty Knife,Hand Tools,4,12.50,10.30,-2.20,-17.60,4,REXER3
TOO-HOL-MAG-WEL-00306F,PCS,Single Strong Magnetic Welding Grounding Holder (korea),Welding,4,10.10,7.90,-2.20,-21.78,4,DALMAX3
RAI-MCB,PCS,Din Rail Aluminium 1M,Curtains & Blinds,3,11.00,8.80,-2.20,-20.00,3,ECO ENTERPRISE3
DRI-CER-BLI-06MM(+),PCS,Blimax Multi Ceramic Cross Drill Bit (gold) - 6MM,Power Tool Accessories,1,10.20,8.00,-2.20,-21.57,1,BOON SENG
ELE-PIP-CON-25MM,LGTH,Sebd PVC Conduit Pipe 25MM,Plumbing,7,8.10,5.90,-2.20,-27.16,7,SEBD3
"PIP-BRA-MARKSMAN-3/4""-THR",PAIR,Sr Marksman Chrome Pipe Bracket 3/4 - Thr,Plumbing,7,7.10,4.90,-2.20,-30.99,7,SYARIKAT HUA KIONG3
COC-BAL-ITA-12MM,PCS,Brass Ball Cock - Gs Italy 12 MM,Plumbing,2,20.90,18.70,-2.20,-10.53,2,SONIC3
OIL-FUN-7010,PCS,Betterware PVC Liquid Funnel 10 130,Housewares,1,8.40,6.20,-2.20,-26.19,1,KIONG JOUNG3
ELE-WOO-BLOCK-7X9,PCS,Wood Block 7 X 9,Electrical,2,6.50,4.30,-2.20,-33.85,2,SEBD3
X-FLO-MOC-KH40ABA4L,PCS,16 X 16 Ceramic Floor Tiles KH40ABA4L,Power Tools,1,7.10,4.95,-2.15,-30.28,1,CHEE LIAN
BID-SOR-SRT73-CR-DIY,PCS,Sorento Hand Bidet 1.2M Flex Hose-chorome,Bathroom,3,59.90,62.00,2.10,3.51,3,SYNTALUN
GRA-SAN-SWFG-SS304-6608,PCS,Saniware Premier Floor Grating (150*150*0.8),Bathroom,4,30.90,33.00,2.10,6.80,4,VTC HARDWARE
GRA-SAN-SWFG-SS304-6604,PCS,Saniware Floor Grating Washing Machine Outlet,Bathroom,2,36.90,39.00,2.10,5.69,2,VTC HARDWARE
BOS-2608-585-905,PCS,Hss-g Cobal Bit 13.0MM,Power Tools,5,59.90,62.00,2.10,3.51,4,CMW ENGINEERING
HOO-SAN-SWP-BF-3706,PCS,Saniware Robe Hook (48X53X48MM),Doors & Hardware,2,40.90,43.00,2.10,5.13,2,VTC HARDWARE
ELE-D/L-MGM-MQTL1119-RD-3000K,PCS,"Mgm 6""/RD LED Panel Light (sr) MQTL1119-Y/15W 15W/3000K",Lighting,17,30.90,28.80,-2.10,-6.80,17,FULL-LITE
DRI-SDS-GT02-18260,PCS,Glotool Sds Drill 18 X 260MM,Power Tool Accessories,5,15.10,13.00,-2.10,-13.91,5,SONIC3
TOO-HAM-SLE-GT10LB,PCS,Glotool Sledge Hammer 10LB,Hand Tools,2,83.90,86.00,2.10,2.50,2,SONIC3
GLO-SEM-LEA-700SP,PAIR,Semi Leather Gloves,Safety & Workwear,12,8.80,6.70,-2.10,-23.86,12,SONIC3
BOS-2608-585-877,PCS,Hss-g Cobal Bit 3.2MM,Power Tools,9,8.30,6.20,-2.10,-25.30,5,CMW ENGINEERING
"FIT-BUT-ELB-MALE-20MMX3/4""",PCS,Buteline 20MMX3/4 PE Elbow Male,Plumbing,25,5.90,3.80,-2.10,-35.59,25,HUA BAN
BOS-2608-638-473,PCS,Jigsaw Blade T123X,Power Tool Accessories,11,13.00,10.90,-2.10,-16.15,11,CMW ENGINEERING
BOS-2608-680-282,PCS,Sds + Drill Bit S3 14 X 150/210MM,Power Tool Accessories,3,20.90,18.80,-2.10,-10.05,3,CMW ENGINEERING
PAI-BRU-730-75MM,PCS,T&t Paint 3,Paint & Sundries,76,18.60,16.50,-2.10,-11.29,76,JHT HARDWARE
WAL-DOW-072/1 W,PCS,Wall Light W-072/1,Lighting,17,19.90,22.00,2.10,10.55,17,TOP GAN
ELE-D/L-MGM-MQTL1119-SQ-4000K,PCS,"Mgm 6""/SQ LED Panel Light (sr)",Lighting,9,30.90,28.80,-2.10,-6.80,9,FULL-LITE
TOO-LEV-W0093C500,PCS,Aluminium Level (500MM),Power Tools,6,22.90,20.80,-2.10,-9.17,6,JUMBO
BOS-2608-631-017,PCS,Jigsaw Blade T127D,Power Tool Accessories,3,11.30,9.20,-2.10,-18.58,3,CMW ENGINEERING
SAN-SWPW-SS-W81A,PCS,Waste With Overflow SWPW-SS-W81A,Plumbing,1,26.90,29.00,2.10,7.81,1,VTC HARDWARE
TOO-LEV-W0093D600,PCS,Aluminium Level (600MM),Power Tools,4,24.90,22.80,-2.10,-8.43,4,JUMBO
SHO-CAB-CSA300AA,UNIT,Cabana Shower Arm (20X1.0X300MM),Bathroom,2,54.90,57.00,2.10,3.83,2,HUE HOME
SIN-CLE-DRA-H/D-3.2M,PCS,Heavy Duty Pipe Cleaner 3.2M,Chemicals & Adhesives,3,20.90,18.80,-2.10,-10.05,3,SYN JING LEE
LET-BOX-HW309,PCS,0339 Metal Letter Box (321X218X80MM),Doors & Hardware,4,82.90,85.00,2.10,2.53,4,KANSSAN
GLO-CLO-HAN-THAI-LONG,PAIR,Thai Colour Gloves (long),Safety & Workwear,13,6.60,4.50,-2.10,-31.82,12,CHUNS TRADING
BOX-POS-KH2078,PCS,PVC Post Box/letter Box (KH2078),Doors & Hardware,12,21.90,19.80,-2.10,-9.59,12,MAJOR HARVEST3
BOS-2608-684-774,PCS,Hexagon Pointed Chisel,Hand Tools,3,20.90,18.80,-2.10,-10.05,2,CMW ENGINEERING
WAL-DOW-071/1 W,PCS,Wall Light W-071/1,Lighting,3,19.90,22.00,2.10,10.55,3,TOP GAN
LOC-CZS-40MM,PCS,40MM Czs 360 Padlock,Locks & Security,65,11.00,8.90,-2.10,-19.09,65,REXER3
CIMA-5864/L/24W,SET,L/ceiling Lamp 22W L/day Light (G2) 5864,Lighting,6,66.90,69.00,2.10,3.14,6,CIMA
"IND-CAS-SWI-INS-BRA-2""",PCS,2 DL5 Tpe Insertion Rod Swivel Caster W Brake,Fishing & Tackle,17,19.90,17.80,-2.10,-10.55,17,DALMAX3
TOO-WRE-FOLW0409,PCS,8PCS Folding Hex Key,Power Tools,5,22.90,20.80,-2.10,-9.17,5,JUMBO
NAI-ROO-SUP-P50MM-1KGS,KG,E. G Roofing Nail - Plain 50MM 1KGS,Fasteners & Fixings,12,11.00,8.90,-2.10,-19.09,12,SONIC
"DL5SS-HOS-NIPP-3/4""X19MM",PCS,DL5 Hose Nipple 3/4 X 19MM,Outdoor & Garden,8,11.70,9.60,-2.10,-17.95,8,DALMAX3
LOC-COL-TA501,PCS,Colex Single Titanium Coated Padlock TA-501,Locks & Security,13,20.90,18.80,-2.10,-10.05,12,KIM KONG3
SHE-CAB-CB799,UNIT,Cabana Glass Shelf (25CM),Building Materials,3,89.90,92.00,2.10,2.34,3,HUE HOME
HOO-CAB-CB8003-5,UNIT,Cabana 5 Robe Hook (polish),Doors & Hardware,1,81.90,84.00,2.10,2.56,1,HUE HOME
TOO-DRV-STA-SET-4PCS,SET,4PCS Cushion Grip S/dr Sets,Power Tools,3,46.90,44.80,-2.10,-4.48,3,YUNG KONG
DOR-LOC-60MM,PCS,Door Lock 60MM,Doors & Hardware,23,5.80,3.70,-2.10,-36.21,23,TIE BROTHER3
SHH-HIN-LUR-101-125MM,PCS,3.2 80MM 5G Eupro K2 Lure (6'S) (mix Clr),Fishing & Tackle,7,19.90,17.80,-2.10,-10.55,6,SINHENHUA
SWI-ADA-MS-PT06,PCS,"Morries Travel Adaptor For Japan, Taiwan, Usa, Thai, Phi&viet",Electrical,36,10.40,8.30,-2.10,-20.19,36,YUAN MING
ELE-D/L-HSP-301-18W-6500K,PCS,Hms Downlite Hsp 301-18W 6500K,Electrical,20,18.60,16.50,-2.10,-11.29,8,TOP GAN
WAL-DOW-81157-1 BK,PCS,Up Down Lite 81157/1 Bk,Lighting,3,42.90,45.00,2.10,4.90,3,TOP GAN
WIN-LOU-YNC-8B,SET,8B Yunco Louvres Window,Doors & Hardware,18,26.90,24.80,-2.10,-7.81,18,TIE BROTHER3
SHH-HOOK-SC4063,PKT,Surecatch Biru 406 No. 3(20'S),Fishing & Tackle,13,8.30,6.20,-2.10,-25.30,13,SINHENHUA
BLI-HSS-HOL-SAW-22MM,PCS,Blimax Hss Hole SAW-22MM,Power Tool Accessories,3,15.40,13.30,-2.10,-13.64,3,BOON SENG
"HHD-SOC-YG379MF-1/2""X50MM",PCS,Mxf S/steel Socket 1/2 X 50MM,Electrical,6,7.30,5.20,-2.10,-28.77,5,SYN JING LEE
"IND-CAS-SWI-TSC-2""",PCS,2 DL5 Tpe Threaded Stem Swivel Caster,Fishing & Tackle,5,19.00,16.90,-2.10,-11.05,5,DALMAX3
BNW-B&N-RBN-240-PCK,PCK,Sr G. I Boit & Nut 1/4 X 4 (10PCS/PCK),Fasteners & Fixings,4,9.40,7.30,-2.10,-22.34,4,SYARIKAT HUA KIONG3
FAS-BAN-STE-17MM,ROLL,Sh Steel Band 17MM X 10M,Fasteners & Fixings,27,15.00,12.90,-2.10,-14.00,26,SONIC3
GRA-CUT-LIN-ORA,PCK,Square Trimer Line-orange,Outdoor & Garden,37,7.60,5.50,-2.10,-27.63,36,TIE BROTHER3
REM-FAN-CEI-SI11,PCS,Remote Fan - SI11,Other,2,36.90,39.00,2.10,5.69,2,HIN HO LEE
TOO-COM-IRO-BUL-28MM,PCS,28MM Iron Bull Spanner,Hand Tools,4,30.90,28.80,-2.10,-6.80,4,KIM KONG3
SAF-COA-GRE,PCS,Heavy Duty Safety Coat - Green,Safety & Workwear,10,12.00,9.90,-2.10,-17.50,6,SONIC3
GRA-CUT-BLA-90MM,PCS,90MM Grass Cutter Blade,Outdoor & Garden,21,11.00,8.90,-2.10,-19.09,20,CHIN LAI
RIG-SHA-GAL-20MM,PCS,Galvanised D-shackle 20 MM,Lifting & Rigging,9,11.00,8.90,-2.10,-19.09,9,SONIC3
HOS-FLE-SW-PVCH-36,PCS,36 PVC Flexible Hose With PVC Holder,Outdoor & Garden,9,20.90,18.80,-2.10,-10.05,8,VTC HARDWARE
SIN-BAS-DL51-1/4,PCS,DL5 1 1/4 Overflow Pop Out Waste With Strainer (brass),Plumbing,3,41.90,39.80,-2.10,-5.01,3,DALMAX3
DRI-AUG-2WAY-08MM,PCS,T&t 2WAY Auger BIT-5/16,Power Tool Accessories,12,10.00,7.90,-2.10,-21.00,12,BOON SENG
GAR-SPR-PRE-L20,PCS,2 Liter Pressure Sprayer,Outdoor & Garden,9,16.60,14.50,-2.10,-12.65,9,ALIKE HARDWARE3
SPO-LUN-CHI-CCP1,PKT,Top Plastic 5 Chinese Spoon,Other,82,4.50,2.40,-2.10,-46.67,82,TOP PLASTIC
ADH-TAP-SEA-YEL,PCS,19MM X 0.2MM X 16M Seal Tape Big - Yellow,Chemicals & Adhesives,14,8.40,6.30,-2.10,-25.00,12,DALMAX3
DRI-AUG-2WAY-06MM,PCS,T&t 2WAY Auger BIT-1/4,Power Tool Accessories,9,9.90,7.80,-2.10,-21.21,9,BOON SENG
CHI-WAT-2554PE,PCS,Water Con'r For Chicken,Outdoor & Garden,11,9.00,6.90,-2.10,-23.33,10,ING CHOON
DRI-UNI-26107(6),PCS,Br 6200 6MM Universal Drills (4 Flures),Power Tool Accessories,6,20.00,17.90,-2.10,-10.50,0,REXER3
SHH-REEL-YD900,PCS,Yes Reel Mix Colour,Fishing & Tackle,1,22.90,20.80,-2.10,-9.17,1,SINHENHUA
CHA-SAW-PLU-17X19,PCS,17 X 19 Chain Saw Plug (-),"Rope, Chain & Netting",30,7.70,5.60,-2.10,-27.27,29,HOCK CHIONG LUNG
"FIT-YG228R-NIP-REC-1/2""X1/4""-BRA",PCS,"Brass Reduced Nipple 1/2""X1/4",Plumbing,9,6.70,4.60,-2.10,-31.34,9,SYN JING LEE
VAL-BAL-PVC-ECC34SE,PCS,Ecco PVC Ball VALVE-3/4 Se,Plumbing,5,11.90,9.80,-2.10,-17.65,5,BOON SENG
IND-GAL-WIR-PVC-1.1MM-1.4MM,ROLL,Arrow Green PVC Coated Wire 1.1MM-1.4MMX30M,Electrical,5,9.60,7.50,-2.10,-21.88,5,TIE BROTHER
SWI-PLU-GCE-128C-GRE,PCS,Gce 128C 13A Fuse Plugtop-green,Electrical,1,6.80,4.70,-2.10,-30.88,1,ECO ENTERPRISE3
SHH-RING-3WAY-50LB,PKT,3 Way Wire Rig (i-fixh) 50LB (7CM),Electrical,6,7.60,5.50,-2.10,-27.63,6,SINHENHUA
IND-SCP-PUT-AEK10,PCS,Arrow Wide Putting Filling Knife 10,Building Materials,14,10.40,8.30,-2.10,-20.19,14,CHIN LAI
"BNW-B&N-ORI-3/4"" X2.1/2""",KG,Mild Steel Bolt & Nut 3/4 X 2.1/2,Fasteners & Fixings,34,11.60,9.50,-2.10,-18.10,34.08,SONIC3
WOR-MARK-X-CHA,PCS,Worker/mark-x Charger Only (cordless Drill),Power Tools,1,46.90,49.00,2.10,4.48,1,MAJOR HARVE
BRA-SHE-1012,PAIR,10 X 12 Shelf Bracket,Housewares,14,8.00,5.90,-2.10,-26.25,14,WHA WEE
BNW-B&N-ORI-09175,KGS,Mild Steel Bolt & Nut 3/8 X 7,Fasteners & Fixings,27,11.60,9.50,-2.10,-18.10,26.5,SONIC3
"FIT-YG232-ELB-1/4""-BRA",PCS,Brass Equal Elbow 1/4,Plumbing,4,6.70,4.60,-2.10,-31.34,4,SYN JING LEE
CLI-HOS-92X97,PCS,Rb Super Hose Clamp 92 X 97,Hand Tools,12,8.20,6.10,-2.10,-25.61,12,ALIKE HARDWARE3
COC-PVC-3325,PCS,Profesional Water Filter System 3325,Pumps & Water,5,6.70,4.60,-2.10,-31.34,5,KIONG JOUNG3
IND-CAS-RIG3.5,PCS,Rigid Caster 3.1/2,Building Materials,8,10.00,7.90,-2.10,-21.00,8,SONIC3
IND-CAS-SWI4,PCS,Swivel Caster 4,Fishing & Tackle,6,11.50,9.40,-2.10,-18.26,2,SONIC3
IND-CAS-RIG5,PCS,Rigid Caster 5,Building Materials,5,13.60,11.50,-2.10,-15.44,5,SONIC3
TOO-WRE-ADJ-GD450,PCS,Gd Adjustable Wrench 18,Hand Tools,1,59.90,62.00,2.10,3.51,1,SONIC3
FIT-GAL-SOC-38MM,PCS,Galvanised Socket (270) 38MM,Electrical,3,8.30,6.20,-2.10,-25.30,3,SONIC3
"GUN-GRE-NIP-90 1/2""",PCS,S. K 90 Degree Grease Nipple 1/2 Unf 20,Fasteners & Fixings,18,9.00,6.90,-2.10,-23.33,18,HTC HARDWARE
"SHH-PE.BAG-30""",PCS,P. E. Bags 30,Fishing & Tackle,4,10.60,8.50,-2.10,-19.81,4,SINHENHUA
"LEO-S/S-LOC-BAR-BOL-LRBB100-4""",PCS,Leon S/s L/r Lockable Barrel 4,Fasteners & Fixings,1,10.30,8.20,-2.10,-20.39,12,BOON SENG
DOR-PAD-03019(3.1/2),PCS,3 1/2 777 S/steel Square Bolt,Fasteners & Fixings,12,8.80,6.70,-2.10,-23.86,12,REXER3
TOO-DRV-KT100+,PCS,4 King Top (+) Screw Driver,Fasteners & Fixings,1,7.70,5.60,-2.10,-27.27,1,LI HARDWARE
X-DOR-INS-KIT-2PCS,SET,2PC Sds Lock Installation Kit,Power Tool Accessories,2,26.90,24.80,-2.10,-7.81,2,DALMAX3
ELE-PVC-CON-TC3X12,PCS,Tc 3 X 12 PVC Conceal Box,Electrical,7,6.00,3.90,-2.10,-35.00,7,SEBD3
"DRA-SLI-WHI-14""",SET,Drawer Slide (light Duty) 14,Plumbing,4,9.90,7.80,-2.10,-21.21,4,SYN JING LEE
"BRU-WIR-BRA-5""",PCS,5 Brass Wire Brush,Electrical,1,7.60,5.50,-2.10,-27.63,1,ING PING3
PAI-SPR-SAM-055,PCS,Samurai Spray Paint Fluorescent Orange,Paint & Sundries,19,25.90,23.90,-2.00,-7.72,19,KIM KONG3
PAI-SPR-SAM-058,PCS,Samurai Spray Paint Fluorescent Blue,Paint & Sundries,17,25.90,23.90,-2.00,-7.72,17,KIM KONG3
TOO-AXE-GLO-1.25LB,PCS,Glotool Axe 1.1/4LB,Power Tools,5,25.90,23.90,-2.00,-7.72,4,SONIC3
NIP-QLA-1L-P,CAN,1L Nippon Q-lac Pastel Base,Paint & Sundries,6,54.90,52.90,-2.00,-3.64,6,PAINT MAR.2
BOS-1619-P11-715,SET,Carbon Brush Gws 900- 100S,Power Tools,4,19.90,17.90,-2.00,-10.05,4,CMW ENGINEERING
BOS-2608-642-972,PCS,Circular Sawblade 6 1/8 X 60T Wood,Power Tools,1,73.90,71.90,-2.00,-2.71,1,CMW ENGINEERING
BOS-BAT-1600-A00-HR3,PCS,Battery Charger,Electrical,6,83.90,81.90,-2.00,-2.38,6,CMW ENGINEERING
BOS-2608-684-775,PCS,Hexagon Flat Chisel (17X280MM),Hand Tools,7,20.90,18.90,-2.00,-9.57,6,CMW ENGINEERING
DRI-SDS-GT02-16160,PCS,Glotool Sds Drill 16 X 160MM,Power Tool Accessories,5,9.90,7.90,-2.00,-20.20,5,SONIC3
PAI-SPR-SAM-053,PCS,Samurai Spray Paint Fluorescent Pink,Paint & Sundries,18,25.90,23.90,-2.00,-7.72,18,KIM KONG3
TOO-NIE-BIT-SCKT-1/2IN-T45,PCS,Nietz Drive Long Str Bit 50244145 T45,Power Tools,1,24.90,22.90,-2.00,-8.03,1,SUNWAY WINSTAR
FIT-BUT-TEE-20X20X20MM,PCS,Buteline PE Tee 20X20X20MM,Plumbing,34,6.10,4.10,-2.00,-32.79,34,HUA BAN
TOO-NIE-PLU-COU-20PF,PCS,Nietz Quick Coupler Plug 20PF,Electrical,22,9.30,7.30,-2.00,-21.51,22,SUNWAY WINSTAR
SEN-VAC-BRA-DHS25,PCS,25MM X M10 Sensui Vacuum Brazed Diamo,Home Appliances,3,64.90,62.90,-2.00,-3.08,3,CRYSTAL TRIUMPH S/B
TOO-HAM-BAL-GT2.0LB,PCS,Glotool Ball Pein Hammer 2.0LB,Hand Tools,3,21.90,23.90,2.00,9.13,3,SONIC3
TOO-NIE-PLU-COU-30SF,PCS,Nietz Quick Coupler Socket 30SF,Electrical,7,22.90,20.90,-2.00,-8.73,7,SUNWAY WINSTAR
GAS-STO-WH02-013,SET,Warehouse Double Gas Cooker,Home Appliances,11,77.90,75.90,-2.00,-2.57,10,CHAI KA
BOS-2608-680-285,PCS,Sds + Drill Bit S3 16 X,Power Tool Accessories,5,24.90,22.90,-2.00,-8.03,5,CMW ENGINEERING
GAS-REG-BTY182-CT,SET,Butterfly LPG Regulator 182-CT,Home Appliances,24,29.90,27.90,-2.00,-6.69,24,LEA HIN 3%
TOO-NIE-SOC-HDL-08MM,PCS,Nietz T Hdl Deep Socket Wrch (6PT)50050208 8MM,Electrical,4,23.90,25.90,2.00,8.37,4,SUNWAY WINSTAR
SD-L/203Y/24W/CIE/DL-6500K,SET,Cielo Iv 203Y 24W L/surface D/light (round),Other,30,24.90,26.90,2.00,8.03,28,CIMA
HOS-GAR-MK-HS-1804-30M,ROLL,PVC Gre/blk Garden Hose,Outdoor & Garden,19,77.90,79.90,2.00,2.57,19,MAJOR HARVEST3
HHD-CIS-DUAL-M0625/N8205-WHI,SET,(6L&3L)DUAL Flush Round Push Button Plastic,Bathroom,6,64.90,66.90,2.00,3.08,6,BENTON3
BOS-2608-620-690,PCS,4 Flexible Grinding Disc 100 X 2.0 X 16MM,Abrasives & Cutting,41,6.50,4.50,-2.00,-30.77,41,CMW ENGINEERING
TOO-NIE-SOC-KEY-L10MM,PCS,Nietz 1/2 IN Drive Long Allen Bxsocket 50240110 10MM,Power Tools,3,25.90,23.90,-2.00,-7.72,3,SUNWAY WINSTAR
GAS-STO-GK320,PCS,Dekka Gas Stove KD320,Kitchen & Sinks,2,94.90,92.90,-2.00,-2.11,2,HAN LIN
TOO-COM-GLO-28MM,PCS,Glotool Combination Wrench 28MM,Hand Tools,1,24.90,26.90,2.00,8.03,1,SONIC3
HOS-GAR-MARK-X-DB-MTR,MTR,Mark-x Garden UV Net Hose 4PLY Dark/blue-mtr,Outdoor & Garden,71,7.80,5.80,-2.00,-25.64,71,MAJOR HARVEST3
TOO-LEV-W0093B400,PCS,Aluminium Level (400MM),Power Tools,4,20.90,18.90,-2.00,-9.57,3,JUMBO
SWI-T/SOC-MS3244-3-3M4G,PCS,Morries Extension Socket 4G 3M W Neon (blue),Electrical,12,54.90,52.90,-2.00,-3.64,12,YUAN MING
SWI-T/SOC-MS3255-3-3M5G,PCS,Morries Extension Socket 5G 3M W Neon (blue),Electrical,11,58.90,56.90,-2.00,-3.40,11,YUAN MING
ADH-TAP-FIB-GLO,ROLL,Glotool Fibre Glass Tape 50MM X 70M,Building Materials,10,11.50,9.50,-2.00,-17.39,10,SONIC3
TOO-COM-W0287D-11MM,PCS,Com Ratchet Wrench 11MM,Hand Tools,5,22.90,20.90,-2.00,-8.73,5,JUMBO
TAP-SIN-CAV-CA2080,PCS,Cavallo Flex Tube Sink Tap Pillar,Kitchen & Sinks,1,64.90,62.90,-2.00,-3.08,1,SYN JING LEE
"IND-CAS-H/DUTY-MCLSC-6""",PCS,6 DL5 H/duty Mcl Swivel Caster,Fishing & Tackle,11,61.90,59.90,-2.00,-3.23,11,DALMAX3
TOO-COM-W0287F-13MM,PCS,Com Ratchet Wrench 13MM,Hand Tools,4,25.90,23.90,-2.00,-7.72,4,JUMBO
"IND-CAS-H/DUTY-MCLSCB-6""",PCS,6 DL5 H/duty Mcl Swivel Caster W Double Brake,Fishing & Tackle,7,84.90,82.90,-2.00,-2.36,7,DALMAX3
IND-WHE-WB6111A,UNIT,Pu H/d Wheel Barrow,Building Materials,3,194.00,196.00,2.00,1.03,3,ING PING3
HAN-BLI-STE-600MMX32MM,PCS,Bliton Steel Pull Handle 600MMX32MM,Doors & Hardware,3,64.90,62.90,-2.00,-3.08,3,CRYSTAL TRIUMPH S/B
X-MEA-TAP-STA-POW-5.0M,PCS,5M/16 X 3/4 Powerlock Tape Ruler,Power Tools,4,44.90,42.90,-2.00,-4.45,4,YUNG KONG
BOX-POS-KH2088,PCS,PVC Post Box/letter Box With Magz. Tray (KH2088),Doors & Hardware,8,21.90,19.90,-2.00,-9.13,8,MAJOR HARVEST3
RAI-BOO-KRK-Y39#,PAIR,Rainshoes - 39 (6) 7000YLW,Curtains & Blinds,13,35.90,33.90,-2.00,-5.57,13,MAJOR HARVEST3
TOO-CUT-SNIW107B,PCS,Aviation Snips 250MM W0107B,Power Tools,4,39.90,37.90,-2.00,-5.01,4,JUMBO
TOO-PLI-COM-W208D,PCS,Combination Pliers 200MM B208D,Power Tools,7,22.90,20.90,-2.00,-8.73,7,JUMBO
NP-BAR-B800-5L,UNIT,5L Bintang Automative Refinish B800 Black (basic),Other,2,214.00,212.00,-2.00,-0.93,2,
GUN-TAC-IMT,PCS,Arrow Iron Cover Mini Tacker,Home Appliances,19,21.90,19.90,-2.00,-9.13,19,CHIN LAI
RAINBOW-G888-90GM,BTL,90GM Rainbow Sparkle Gold Paint G888,Paint & Sundries,6,23.90,21.90,-2.00,-8.37,6,SYN JING LEE
TOO-DRV-IMP-2500#,SET,Impact Screw,Power Tools,4,30.90,32.90,2.00,6.47,4,BOON SENG
TOO-PLI-CIR-WNS01,PCS,Circlip Pliers 175MM,Power Tools,4,27.90,25.90,-2.00,-7.17,4,JUMBO
TOO-COM-W0287E-12MM,PCS,Com Ratchet Wrench 12MM,Hand Tools,2,24.90,22.90,-2.00,-8.03,2,JUMBO
DRI-26170(4-32),PCS,Br 6250 Hex Shank Step Drill 4-32MM,Power Tool Accessories,4,34.90,32.90,-2.00,-5.73,4,REXER3
MEA-TAP-SENSUI-X7-25FT,PCS,X7 25FT Sensui Measuring Tape,Hand Tools,14,21.90,19.90,-2.00,-9.13,12,CRYSTAL TRIUMPH S/B
TIM-BUI-HAG-EH711,PCS,Hager Built IN Timer,Electrical,6,144.00,142.00,-2.00,-1.39,6,ECO ENTERPRISE3
TOO-WRE-ADJW300,PCS,Adjustable Wrench 300MM,Hand Tools,1,46.90,44.90,-2.00,-4.26,1,JUMBO
BOS-2609-110-015,PCS,Pin Spanner (for Sag),Hand Tools,3,8.50,6.50,-2.00,-23.53,-1,CMW ENGINEERING
WAS-TAP-PAI,PCS,Washi Tape 24MMX15M,Other,49,5.50,3.50,-2.00,-36.36,49,PAINT MAR.
MAR-PAI-RED,PCS,Mungyo Paint Marker:red,Paint & Sundries,19,7.40,5.40,-2.00,-27.03,19,KWONG TECK CHIONG3
FAS-SCR-TD640HW-WOOD-PCK,PCK,12 X 1 1/2 Self Drilling Screw (50PCS/PACK),Fasteners & Fixings,6,16.20,14.20,-2.00,-12.35,5,REXER
MAR-PAI-BLACK,PCS,Mungyo Paint Marker:black,Paint & Sundries,16,7.40,5.40,-2.00,-27.03,16,KWONG TECK CHIONG3
MAR-PAI-YELLOW,PCS,Mungyo Paint Marker:yellow,Paint & Sundries,15,7.40,5.40,-2.00,-27.03,15,KWONG TECK CHIONG3
ARR-BAN-STE-APB1210,ROLL,Arrow Black Painted Band 12MM X 10M - Black,Other,12,25.90,23.90,-2.00,-7.72,11,CHIN LAI
"TOO-SPA-BEN-1/2""",PCS,1/2 Iron Bender,Home Appliances,6,29.90,27.90,-2.00,-6.69,6,DALMAX3
TOO-WRE-KEY-KTBAL12005,SET,King Top 9PCS-5 Ball Point Hex Key Wrench,Hand Tools,10,17.90,15.90,-2.00,-11.17,10,LI HARDWARE
MAR-PAI-WHITE,PCS,Mungyo Paint Marker:white,Paint & Sundries,14,7.40,5.40,-2.00,-27.03,14,KWONG TECK CHIONG3
SHH-MASK-YD18-JAPAN,PCS,Swim Mask (japan),Fishing & Tackle,5,31.90,29.90,-2.00,-6.27,5,SINHENHUA
OIL-CAN-2L,PCS,Oil Can 2L,Automotive,5,49.90,47.90,-2.00,-4.01,5,WEE TAT TRADING
DOR-HOL-822,PCS,Leon S/steel Magnetic Door HOLDER-822,Doors & Hardware,2,23.90,21.90,-2.00,-8.37,2,BOON SENG
GAS-REG-BTY 16/17A,PCS,Hpg Regulator (horizontal-type),Home Appliances,3,45.90,43.90,-2.00,-4.36,1,CHUNS TRADING
"TOO-CUT-BOL-GT14""",PCS,Glotool Bolt Clipper 14,Fasteners & Fixings,1,33.90,31.90,-2.00,-5.90,1,SONIC3
TOO-SOC-SET-10-32MM,SET,25PC Socket Wrench - Twn,Hand Tools,2,64.90,62.90,-2.00,-3.08,2,SYN JING LEE
TOO-WRE-KEY-KTBAL12006,SET,King Top 9PCS-6 Ball Point Hex Key Wrench Set 12006,Hand Tools,6,20.90,18.90,-2.00,-9.57,6,LI HARDWARE
"IND-CAS-SWI-TSCB-2""",PCS,2 DL5 Tpe Threaded Stem Swivel Caster W Brake,Fishing & Tackle,6,19.90,17.90,-2.00,-10.05,6,DALMAX3
TOO-WRE-DOU-1415,PCS,Double Flexible Socket Wrench 14 X 15MM,Hand Tools,10,19.90,17.90,-2.00,-10.05,10,SONIC3
TOO-COM-W0305M-12*14MM,PCS,2 Open Wrench (12*14MM),Hand Tools,11,10.50,8.50,-2.00,-19.05,11,JUMBO
PIP-HDPE-25MM-PN12.5,LTH,3M HDPE Pipe - Non SIRIM X 25MM,Plumbing,43,7.50,5.50,-2.00,-26.67,43,HUA BAN
TOO-WRE-DOU-1214,PCS,Double Flexible Socket Wrench 12 X 14MM,Hand Tools,11,17.30,15.30,-2.00,-11.56,11,SONIC3
SAF-SHO-SOB-06#,PAIR,Sobar P800 Safety Shoes 6,Safety & Workwear,2,54.90,52.90,-2.00,-3.64,2,SUNWAY WINSTAR
SAF-SHO-SOB-08#,PAIR,Sobar P800 Safety Shoes 8,Safety & Workwear,2,54.90,52.90,-2.00,-3.64,2,SUNWAY WINSTAR
TOO-COM-IRO-BUL-14MM,PCS,14MM Iron Bull Spanner,Hand Tools,22,8.50,6.50,-2.00,-23.53,19,KIM KONG3
SHH-REEL-NL200,PCS,Alpine Prawn Reel (3BB),Fishing & Tackle,5,20.90,18.90,-2.00,-9.57,5,SINHENHUA
WOO-HOE-BELIAN,PCS,Hoe Stick Belian,Building Materials,41,25.90,23.90,-2.00,-7.72,41,CN TIMBER
ELE-D/L-PHL-59467-SQ-6500K,SET,59467 Meson 17 1200 150 Square 6500K,Electrical,7,39.90,37.90,-2.00,-5.01,7,CIMA
TOPLUS-224-07L,CAN,7L Toplus Emulsion 224 Moonlight,Paint & Sundries,7,51.90,53.90,2.00,3.85,7,SMART PAINTS
TOO-WRE-MARS,PCS,Mars No. 5 Adj Tap & Reamer Wrench (M4-M12),Hand Tools,2,45.90,43.90,-2.00,-4.36,2,HTC HARDWARE
"TOI-CON-4""X2""",NOS,WC Connector 4 X 2,Bathroom,4,21.90,19.90,-2.00,-9.13,4,IN CERAMICS SDN. BHD
NUM-80MM-1,PCS,Acp Numbering 80MM - 1,Signage & Numbering,10,14.60,12.60,-2.00,-13.70,10,REXER3
SWI-ADA-MS-PT09,PCS,"Morries Travel Adaptor For Europe, Middle East&south America",Electrical,23,10.40,8.40,-2.00,-19.23,23,YUAN MING
WAL-PLU-S/S-80MM,PCS,304 S/steel Wall Plug M10 X 80MM,Fasteners & Fixings,39,6.20,4.20,-2.00,-32.26,37,SYN JING LEE
BRO-FENG-SHUI,PCS,Feng Shui Broom,Housewares,40,21.90,19.90,-2.00,-9.13,39,CHUNS TRADING
"TOO-SPA-BEN-3/8""",PCS,3/8 Iron Bender,Home Appliances,3,26.90,24.90,-2.00,-7.43,3,DALMAX3
KOYA-OIL-LUB-120ML,PCS,120ML Koya Multi Use Lubricating Oil,Chemicals & Adhesives,48,6.20,4.20,-2.00,-32.26,48,TIE BROTHER3
SHH-LINE-WHI-NO.150,PKT,(sf) Round White M. L. No. 150,Fishing & Tackle,10,7.40,5.40,-2.00,-27.03,10,SINHENHUA
PAI-HAN-ROC-1148#,PCS,Rockey 4.5M Twist Paint Roller 1148,Paint & Sundries,13,20.90,22.90,2.00,9.57,13,JHT HARDWARE
TIM-SUM-DIG-0026,PCS,Sum 0026 24HR Digital Timer (bp),Electrical,4,49.90,47.90,-2.00,-4.01,4,FULL-LITE
SHH-REEL-RC6000,PCS,Lijian/romasa Fishing Reel 12 Series,Fishing & Tackle,1,64.90,62.90,-2.00,-3.08,1,SINHENHUA
"COC-BASIN-K400M-1/2""",PCS,Washbasin Tap: C/p R/head ABS 1/2,Plumbing,5,35.90,33.90,-2.00,-5.57,5,KWONG TECK CHIONG3
NP-BAR-999-5L,UNIT,5L Np Bintang Auto Refinish 999 White (basic),Other,3,214.00,212.00,-2.00,-0.93,3,
SHH-REEL-YY3000,PCS,Maitelei Fishing Reel (13BB) YY3000,Fishing & Tackle,1,59.90,57.90,-2.00,-3.34,1,SINHENHUA
DOR-DEA-BOL-SGD-D292AC,SET,AC St. Guchi Double Cyl. Deadbolt Lock,Locks & Security,1,54.90,52.90,-2.00,-3.64,1,VERTEX
SHH-REEL-YY1000,PCS,Maitelei Fishing Reel (13BB) YY1000,Fishing & Tackle,1,54.90,52.90,-2.00,-3.64,1,SINHENHUA
"DOR-FLU-SGD-2106""",PCS,6 Armor Flush Bolt,Fasteners & Fixings,6,25.90,23.90,-2.00,-7.72,6,VERTEX
PYE-FIL-L-CRACK-1KG,TIN,PYE Filla L-crack 1KG,Paint & Sundries,10,19.90,17.90,-2.00,-10.05,10,BENTON3
SHH-SINKER-NO.8,PCS,Single Head Sinker No. 8 (1PC/PCK),Fishing & Tackle,6,8.90,6.90,-2.00,-22.47,6,SINHENHUA
TOO-COM-IRO-BUL-25MM,PCS,25MM Iron Bull Spanner,Hand Tools,4,21.90,19.90,-2.00,-9.13,4,KIM KONG3
TOO-HAN-RAT-STA-12MM,PCS,"1/2 Round Head Ratchet 10""/254MM",Power Tools,2,99.00,97.00,-2.00,-2.02,2,YUNG KONG
DRI-UNI-26107(10),PCS,Br 6200 10MM Universal Drills (4 Flures),Power Tool Accessories,9,25.90,23.90,-2.00,-7.72,9,REXER3
NAI-COM-125MM-20KG,PCK,5 Wire Nail,Fasteners & Fixings,284,5.20,3.20,-2.00,-38.46,281,BENTON
TAP-CAB-CB9114,UNIT,Cabana Two Way Tap,Plumbing,1,134.00,132.00,-2.00,-1.49,1,HUE HOME
PYE-JNT-COM-SUR-1.5KG,TIN,PYE Joint Compound Surface 1.5KG,Building Materials,5,14.90,12.90,-2.00,-13.42,5,BENTON3
RIG-HOO-ALL-3.0TON,PCS,Alloy Hook 3.0TON,Lifting & Rigging,2,21.90,19.90,-2.00,-9.13,2,SONIC3
WOO-SIN-08',PCS,Mrtx List 8 (s),Building Materials,108,4.00,2.00,-2.00,-50.00,108,TONG DA
DOR-INS-MII-6172#,PCS,Mii Tct H/duty Hole Saw - 6172,Power Tool Accessories,2,56.90,54.90,-2.00,-3.51,2,JHT HARDWARE
"FIT-HDPE-TEE-FEM-20MMX1/2""",PCS,HDPE Tee Female 20MM X 1/2,Plumbing,37,5.00,3.00,-2.00,-40.00,37,HUA BAN
CHA-SAW-KEY,PCS,Prescott Spindle Key,Outdoor & Garden,14,9.90,7.90,-2.00,-20.20,14,WHA WEE
BRA-EPO-FOL-200MM,PCS,Epoxy Folding L Bracket - 200/8,Chemicals & Adhesives,8,15.50,13.50,-2.00,-12.90,8,BOON SENG
O-RING-22-26,PCS,O-ring 22-26,Other,111,0.50,2.50,2.00,400.00,111,SONIC3
"DC-6""-WGZ150060L",PCS,"6""-WGZ150060L 6 Saw Blade",Power Tool Accessories,2,41.90,39.90,-2.00,-4.77,2,GL BOSUN DIAMOND
HHD-VAL-FLO-BRA-VIP-18MM,PCS,136 - 3/4 Vip Float Valve (light),Fishing & Tackle,11,28.90,26.90,-2.00,-6.92,10,KIM KONG3
X-HHD-FLU-M0676/L100W-50MM,PCS,Techplas Liftup Outlet Valve White Lever,Plumbing,4,20.90,22.90,2.00,9.57,4,BENTON3
DRI-UNI-26107(8),PCS,Br 6200 8MM Universal Drills (4 Flures),Power Tool Accessories,6,21.90,19.90,-2.00,-9.13,6,REXER3
"FIT-YG228R-NIP-REC-1/2""X3/8""-BRA",PCS,"Brass Reduced Nipple 1/2""X3/8",Plumbing,10,6.70,4.70,-2.00,-29.85,10,SYN JING LEE
TOO-PLI-LON-CT956L,PCS,46CM Charcoal Pliers (long),Power Tools,4,21.90,19.90,-2.00,-9.13,4,L.F. WHOLESALER
O-RING-22-26-RED,PCS,O-ring 22-26 (red),Other,77,0.50,2.50,2.00,400.00,75,SONIC3
DOR-STO-RUB-RED-33MM,PCS,"Door Stopper Rubber Red 1-3/8""X3",Doors & Hardware,13,6.50,4.50,-2.00,-30.77,42,KWONG TECK CHIONG3
HHD-VAL-FLO-BRA-VIP-12MM,PCS,132 - 1/2 Vip Float Valve (light),Fishing & Tackle,10,23.90,21.90,-2.00,-8.37,10,KIM KONG3
SHH-ROD-BB200,PCS,Hytac Bumble Bee Reel,Fishing & Tackle,1,21.90,19.90,-2.00,-9.13,1,SINHENHUA
FIT-HDPE-SOC-32MMX25MM,PCS,HDPE Coupler Reducing (socket) 32MM X 25MM,Plumbing,15,6.70,4.70,-2.00,-29.85,15,HUA BAN
PUT-CAR-888-3.5KG-GREY,TIN,Sawada Car Putty 3.5KG Grey,Paint & Sundries,1,74.90,72.90,-2.00,-2.67,1,HUONG SING
FIT-UPVC-BEN-ELB-110MM,PCS,U-pvc Bend (elbow) 110MM 4,Plumbing,71,8.50,6.50,-2.00,-23.53,71,KIONG SING
CHI-FEE-SML-NCI24012,PCS,Feeder For Chicken (small),Outdoor & Garden,3,23.90,21.90,-2.00,-8.37,3,ING CHOON
LEO-SUS304-MB-LSSB201,PCS,Leon Sus 304 Bibtap,Plumbing,1,49.90,51.90,2.00,4.01,1,BOON SENG
BAT-BOSSMAN-20V,PCS,Bossman Economic Series 4.0AH 20V Battery,Electrical,4,134.00,132.00,-2.00,-1.49,3,WHA WEE
SMR-TCT-HOL-SAW-20MM,PCS,Smr Tct Holesaw 20MM,Power Tool Accessories,4,20.90,18.90,-2.00,-9.57,4,SYN JING LEE
PAI-SPR-KIMLAC-9611,TIN,Kimlac Brand Spray Paint 9611,Paint & Sundries,3,20.90,22.90,2.00,9.57,3,KANGAROO PAINT
SWI-PLU-GCE-128C-BLU,PCS,Gce 128C 13A Fuse Plugtop-blue,Electrical,1,6.70,4.70,-2.00,-29.85,1,ECO ENTERPRISE3
TOO-CLA-F-ATB120X600,PCS,24 X 120MM Arrow F Type Wood Clamp,Hand Tools,3,59.90,61.90,2.00,3.34,3,CHIN LAI
TOO-SPA-BEN-BLK-09MM,LGHT,BAR Bender: (m) Black 3/8,Power Tools,2,29.90,27.90,-2.00,-6.69,6,KWONG TECK CHIONG3
PAD-FIBR-DISC-BBU4,PCS,Bossman Fibre Disc Back-up Pad 4,Other,20,7.90,5.90,-2.00,-25.32,20,CHIN LAI
TOO-RUL-CAL-516,PCK,2PCS PVC Caliper,Hand Tools,14,10.90,8.90,-2.00,-18.35,14,DALMAX3
TOO-PLI-COM-STA-150,PCS,6 Dynagrip HD Combination Plier,Hand Tools,3,49.90,47.90,-2.00,-4.01,3,YUNG KONG
IND-CAS-GLI-RIG-38MM,EA,1 1/2 IN Glide Rigid Caster Wheel,Building Materials,19,7.30,5.30,-2.00,-27.40,19,CHIONG SENG
SMR-TCT-HOL-SAW-19MM,PCS,Smr Tct Holesaw 19MM,Power Tool Accessories,3,19.90,17.90,-2.00,-10.05,3,SYN JING LEE
TOO-TES-PEN-BT9001,PCS,Bt Multi Function Digital Tester-blue Light,Power Tools,2,22.90,20.90,-2.00,-8.73,2,DALMAX3
FIT-GAL-TEE-25MM,PCS,Galvanised Tee (130) 25MM,Plumbing,7,7.80,5.80,-2.00,-25.64,7,SONIC3
BIB-TAP-LUX-LT8523,PCS,Luxtec Wall Bibtap LT-8523,Plumbing,1,29.90,27.90,-2.00,-6.69,1,VERTEX
X-TOO-PLI-WT001,PCS,8 Wa-ti Cr-v Hand Tools Plier,Hand Tools,2,57.90,59.90,2.00,3.45,2,
IND-CAS-SWI5,PCS,Swivel Caster 5,Fishing & Tackle,8,13.60,11.60,-2.00,-14.71,8,SONIC3
NAI-AIR-LEO-T32,BOX,Leo Air Nail - T32,Fasteners & Fixings,1,27.90,25.90,-2.00,-7.17,1,BOON SENG
IND-DUS-ALI-240L-TYRE,PCS,Aliclean HDPE Dustbin Axles 240 (tyre),Automotive,3,32.90,34.90,2.00,6.08,3,ALIKE HARDWARE3
TOO-CLA-SPR-ASC225MM,PCS,Arrow Nylon Spring Clamp 9 (225MM),Hand Tools,9,10.80,8.80,-2.00,-18.52,9,CHIN LAI
BLI-HSS-HOL-SAW-60MM,PCS,Navato Hole Saw Cutter 60MM,Power Tool Accessories,1,42.90,44.90,2.00,4.66,3,BOON SENG
TOO-RUL-CAL-150,PCS,Vernier Caliper 6,Hand Tools,3,31.90,29.90,-2.00,-6.27,3,ALIKE HARDWARE3
CLI-HOS-80X85,PCS,Rb Super Hose Clamp 80 X 85,Hand Tools,12,7.70,5.70,-2.00,-25.97,12,ALIKE HARDWARE3
CLI-HOS-74X79,PCS,Rb Super Hose Clamp 74 X 79,Hand Tools,12,7.60,5.60,-2.00,-26.32,12,ALIKE HARDWARE3
IND-MES-EX,PCS,Ex-mesh,Building Materials,13,6.90,4.90,-2.00,-28.99,13,WHA WEE
"BRA-S/STEEL-L - 8""X6""",SET,"S/steel L Bracket - 8""X6",Plumbing,10,23.90,21.90,-2.00,-8.37,10,BOON SENG
CLI-HOS-68X73,PCS,Rb Super Hose Clamp 68 X 73,Hand Tools,9,7.50,5.50,-2.00,-26.67,9,ALIKE HARDWARE3
"BRA-SHE-8""x10""",PAIR,8 X 10 Shelf Bracket (PAIR),Housewares,9,6.90,4.90,-2.00,-28.99,21,WHA WEE
CAR-WAS-WAX-500ML,BTL,Aa Car Care Wash & Wax 500ML,Automotive,8,7.90,5.90,-2.00,-25.32,8,AVEREST
"SHH-CAGE-2RING-12""",PCS,2 Ring Cages 12,Fishing & Tackle,3,20.90,18.90,-2.00,-9.57,3,SINHENHUA
TOO-CHI-STA-12MM,PCS,"1/2""/12MM Dynagrip Wood Chisel",Hand Tools,2,29.90,27.90,-2.00,-6.69,2,YUNG KONG
TOO-PLU-COU-SMV-RND,PCS,Quick Coupler Two Way-round,Power Tool Accessories,4,38.90,36.90,-2.00,-5.14,4,DALMAX3
STR-NYL-12173,PCS,Br 6110 10M Japan Nylon Twine,"Rope, Chain & Netting",2,25.90,23.90,-2.00,-7.72,2,REXER3
SHH-ROD-S2692402,PCS,"Santec 2692-402 (4'0"") Tiger Prawn Solid Rod",Fishing & Tackle,2,23.90,21.90,-2.00,-8.37,2,SINHENHUA
SHH-REEL-SUG120,PCS,"Sin Udang Galah 120 (4'0"") Prawn Rod (4+1)(MIX Color)",Fishing & Tackle,2,21.90,19.90,-2.00,-9.13,2,SINHENHUA
SHH-ROD-S2904150,PCS,Santec 2696-562(165) (5'6'') Hornycorn Trans Solid Rod,Fishing & Tackle,1,36.90,34.90,-2.00,-5.42,1,SINHENHUA
COC-STO-PVC-12MM,EA,1/2 IN PVC Stop Cock,Plumbing,20,5.20,3.20,-2.00,-38.46,16,CHIONG SENG
CAR-WAX-MOS-CLE,PCS,Mcs Super Mosaic Clean - 500ML,Automotive,1,25.90,23.90,-2.00,-7.72,7,S LINE TECH
HAR-GI-LIFT-WHI,PCS,Sam Lee Oil Palm D-harvesting Lifter GI Pipe,Plumbing,2,31.90,29.90,-2.00,-6.27,2,DALMAX3
X-FLO-MOC-3030191-GGY,PCS,3030191 Ggy 12 X 12 Floor Tiles,Power Tools,1,5.40,3.40,-2.00,-37.04,1,FINECERA
"DRA-SLI-WHI-12""",SET,Drawer Slide (light Duty) 12,Plumbing,2,8.70,6.70,-2.00,-22.99,2,SYN JING LEE
GAR-CUT-SCI-GT04GS,PCS,Glotool Garden Scissors Gt- 04GS,Outdoor & Garden,11,8.80,6.90,-1.90,-21.59,11,SONIC3
DRI-SDS-GT02-14160,PCS,Glotool Sds Drill 14 X 160MM,Power Tool Accessories,5,8.80,6.90,-1.90,-21.59,5,SONIC3
BOS-2608-585-879,PCS,Hss-g Cobal Bit 3.5MM,Power Tools,11,8.30,6.40,-1.90,-22.89,6,CMW ENGINEERING
TAP-SAN-SWS-304-3977,PCS,Saniware Sliver Wall Bib Tap With Hose Connect,Plumbing,4,46.90,45.00,-1.90,-4.05,4,VTC HARDWARE
TOO-HAM-BAL-GT1.5LB,PCS,Glotool Ball Pein Hammer 1.5LB,Hand Tools,3,19.90,21.80,1.90,9.55,3,SONIC3
TOO-NIE-PLU-COU-30PF,PCS,Nietz Quick Coupler Plug 30PF,Electrical,13,9.60,7.70,-1.90,-19.79,13,SUNWAY WINSTAR
TOO-NIE-PLU-COU-20PM,PCS,Nietz Quick Coupler Plug 20PM,Electrical,12,9.30,7.40,-1.90,-20.43,11,SUNWAY WINSTAR
VAL-SAN-SW-SS-AV-77,PCS,Saniware Angle Valve SW-SS-AV-77,Plumbing,4,25.90,24.00,-1.90,-7.34,4,VTC HARDWARE
TOO-COM-GLO-20MM,PCS,Glotool Combination Wrench 20MM,Hand Tools,4,12.10,10.20,-1.90,-15.70,4,SONIC3
TAP-CAB-CB65SS-GM,PCS,Cabana S/s 304 Basin Cold Tap-gunmetal,Bathroom,3,66.90,65.00,-1.90,-2.84,3,SYNTALUN
VAL-SAN-SW-SS-AV-78,PCS,Saniware Angle Valve-blue,Plumbing,1,19.90,18.00,-1.90,-9.55,1,VTC HARDWARE
TOO-CHI-WOO-GT025,PCS,Glotool Wood Chisel 1,Hand Tools,10,12.80,10.90,-1.90,-14.84,10,SONIC3
GAS-STO-BGC-266,PCS,Butterfly Epoxy Single Gas Cooker BGC-266,Chemicals & Adhesives,5,59.90,58.00,-1.90,-3.17,5,LEA HIN 3%
GAS-STO-BGC-28,PCS,Butterfly Epoxy Single Gas Cooker BGC-268,Chemicals & Adhesives,5,59.90,58.00,-1.90,-3.17,5,LEA HIN 3%
ELE-D/L-LSM-96W-3CLR-SQ,PCS,LED Source Module 96W 3CLR (sq),Lighting,2,30.90,29.00,-1.90,-6.15,2,TOP GAN
ELE-CEI-LIG-9392-300-3CLR,PCS,Ceiling Light 9392-300 3CLR,Lighting,1,56.90,55.00,-1.90,-3.34,1,
TOO-WRE-ADJ-GT150,PCS,Glotool Adjustable Wrench 6,Hand Tools,4,12.40,10.50,-1.90,-15.32,4,SONIC3
"IND-CAS-SWI-INS-2""",PCS,2 DL5 Tpe Insertion Rod Swivel Caster,Fishing & Tackle,20,17.80,15.90,-1.90,-10.67,20,DALMAX3
TOO-COM-PLI-AC208,PCS,Combination Pliers 200MM AC208,Power Tools,6,19.40,17.50,-1.90,-9.79,6,JUMBO
SAF-LAS-CAR-GLO-50MM*,SET,Cargo Lashing 2 X 30FT (glolift),Safety & Workwear,6,49.90,48.00,-1.90,-3.81,16,ALIKE HARDWARE3
GAS-REG-SUM-LPG382,UNIT,Bossman Low Pressure Gas Regulator 182,Home Appliances,14,18.80,16.90,-1.90,-10.11,14,WHA WEE
TOO-ELE-GUN-R'KEY-3802-60W,PCS,60W R'key Electric Soldering Iron - 3802,Home Appliances,2,18.10,16.20,-1.90,-10.50,2,JHT HARDWARE
BNW-B&N-RBN-250-PCK,PCK,Sr G. I Boit & Nut 1/4 X 5 (10PCS/PCK),Fasteners & Fixings,8,11.80,9.90,-1.90,-16.10,7,SYARIKAT HUA KIONG3
CIMA-5867/L/24W,SET,L/ceiling Lamp 22W L/day Light (G2) 5867,Lighting,3,66.90,65.00,-1.90,-2.84,3,CIMA
TOO-SHE-PURW822B,PCS,SS By-pass Pruners 200MM,Power Tools,4,17.20,15.30,-1.90,-11.05,4,JUMBO
CUT-SCI-24052(S02),PCS,S02 8 1/2 Scissors W/rubber Handle,Doors & Hardware,10,6.80,4.90,-1.90,-27.94,9,REXER
ELE-HOL-260ET-E27,PCS,Sl E27 Lamp Holder,Lighting,3,5.80,3.90,-1.90,-32.76,3,FULL-LITE
SHH-HOOK-EWDX4007,PKT,No. 7 (20'S) Eagle Wave Hook,Fishing & Tackle,17,11.40,9.50,-1.90,-16.67,17,SINHENHUA
IND-CAN-CANVAS,PCS,Kingsjaw Pyramid Canopy Canvas Only,Building Materials,2,86.90,85.00,-1.90,-2.19,2,KIONG JOUNG3
MAR-PAI-BLUE,PCS,Mungyo Paint Marker:blue,Paint & Sundries,12,7.30,5.40,-1.90,-26.03,12,KWONG TECK CHIONG3
ELE-ADA-MS-PT13,PCS,"Morries Travel Adaptor For Uk,hk,sg& M'sia",Electrical,40,10.40,8.50,-1.90,-18.27,37,YUAN MING
TOO-RUL-IRN-BLACK,PCS,Iron Square (black) 24,Home Appliances,11,12.40,10.50,-1.90,-15.32,10,SONIC3
SWI-SOC-ULT-M0813BW,PCS,Ultra 13A Flat Pin Swi Soc (large Roc)-whi (M0813BW),Electrical,32,10.50,8.60,-1.90,-18.10,31,TRISTAR
CUT-ELE-EMC420,PCS,"4""X2.0 Gold Elephant Cutting Disc",Abrasives & Cutting,29,3.80,1.90,-1.90,-50.00,24,KIM KONG3
TOO-COM-IRO-BUL-24MM,PCS,24MM Iron Bull Spanner,Hand Tools,8,19.70,17.80,-1.90,-9.64,8,KIM KONG3
CAP-02.5UF-415V-CBB61,PCS,Capacitor 415V Blnch Square Black (sh-po),Electrical,42,6.20,4.30,-1.90,-30.65,38,SEBD3
SWI-SOC-ULT-M022MG,PCS,Ultra 16A 2 GANG 2 Way-matte Grey (M022MG),Electrical,13,19.90,18.00,-1.90,-9.55,13,TRISTAR
GLA-SUC-PLA-GH201,PCS,Glass Suction Plate - 2 Suction,Building Materials,1,64.90,63.00,-1.90,-2.93,1,SYN JING LEE
NUM-60MM-7,PCS,Acp Numbering 60MM - 7,Signage & Numbering,11,9.90,8.00,-1.90,-19.19,11,REXER3
NUM-60MM-9,PCS,Acp Numbering 60MM - 9,Signage & Numbering,11,9.90,8.00,-1.90,-19.19,11,REXER3
"FIT-HDPE-TEE-FEM-25MMX1/2""",PCS,HDPE Tee Female 25MM X 1/2,Plumbing,43,5.50,3.60,-1.90,-34.55,42,HUA BAN
NUM-60MM-2,PCS,Acp Numbering 60MM - 2,Signage & Numbering,8,9.90,8.00,-1.90,-19.19,8,REXER3
BRA-EPO-FOL-300MM,PCS,Epoxy Folding L Bracket - 300/12,Chemicals & Adhesives,9,18.70,16.80,-1.90,-10.16,9,BOON SENG
NUM-60MM-A,PCS,Acp Alphabet 60MM - A,Signage & Numbering,7,9.90,8.00,-1.90,-19.19,7,REXER3
NUM-60MM-3,PCS,Acp Numbering 60MM - 3,Signage & Numbering,6,9.90,8.00,-1.90,-19.19,6,REXER3
HOS-GAR-ORA-160330-MTR,MTR,Greenland Super Fancy Hose (gpi) 5/8 X 3MM,Outdoor & Garden,36,3.40,5.30,1.90,55.88,24.5,ALIKE HARDWARE3
STO-MOU-A25-25X25,PCS,Mounted Stone:k-prix Korea A25 (25X25),Abrasives & Cutting,4,7.90,6.00,-1.90,-24.05,4,KWONG TECK CHIONG3
SHH-SPOOL-108,PCS,Fishing Spool HP-108,Fishing & Tackle,4,7.60,5.70,-1.90,-25.00,4,SINHENHUA
GAR-CUT-17147,PCS,Br 2030 Multipurpose Snip,Hand Tools,15,20.90,19.00,-1.90,-9.09,15,REXER3
NUM-60MM-5,PCS,Acp Numbering 60MM - 5,Signage & Numbering,5,9.90,8.00,-1.90,-19.19,5,REXER3
NUM-60MM-C,PCS,Acp Alphabet 60MM - C,Signage & Numbering,5,9.90,8.00,-1.90,-19.19,5,REXER3
X-PUM-HAN-SDSF8818B,PCS,Hand Pump - SF8818B,Pumps & Water,1,9.10,7.20,-1.90,-20.88,1,L.F. WHOLESALER
GUM-SEL-SUPA-3ML,PCS,Selleys Supa Glue Twin Pack 3ML,Chemicals & Adhesives,10,8.80,6.90,-1.90,-21.59,10,PAINT MAR.
NUM-60MM-0,PCS,Venus Home Numbering 60MM - 0,Signage & Numbering,4,9.90,8.00,-1.90,-19.19,4,REXER3
NUM-60MM-F,PCS,Acp Alphabet 60MM - F,Signage & Numbering,4,9.90,8.00,-1.90,-19.19,4,REXER3
DRI-AUG-2WAY-18MM,PCS,T&t 2WAY Auger BIT-3/4,Power Tool Accessories,3,19.50,17.60,-1.90,-9.74,3,BOON SENG
NUM-60MM-6,PCS,Acp Numbering 60MM - 6,Signage & Numbering,3,9.90,8.00,-1.90,-19.19,3,REXER3
FIT-GAL-CAP-38MM,PCS,Galvanised Cap (301) 38MM,Plumbing,9,8.60,6.70,-1.90,-22.09,9,SONIC3
SHH-HOOK-21P8,PCS,21 Pontoon Treble Hook (8G),Fishing & Tackle,3,8.40,6.50,-1.90,-22.62,3,SINHENHUA
CLI-ELE-CAB-07MM,BOX,Cable Clip 7MM 100'S (bd),Electrical,13,5.10,3.20,-1.90,-37.25,13,SEBD3
ABR-PAP-HOL,PCS,Sand Paper Holder,Building Materials,18,7.80,5.90,-1.90,-24.36,18,KIONG JOUNG3
ELE-SWI-TOG-1021,PCS,"Toggle Switch 1021 (ON/OFF,2T)",Automotive,13,5.80,3.90,-1.90,-32.76,11,SEBD3
"FIT-SS237-SOC-1/2""-SUS304",PCS,SS Equal Socket 1/2,Electrical,3,6.40,4.50,-1.90,-29.69,3,SYN JING LEE
NUM-60MM-E,PCS,Acp Alphabet 60MM - E,Signage & Numbering,1,9.90,8.00,-1.90,-19.19,1,REXER3
"AER-BV-101(3"")",PCS,"Aerico Bv 101 (3"")",Other,3,21.90,20.00,-1.90,-8.68,3,AERICO
FLO-MOC-OSCARBR,PCS,"Oscar Brown 12""X12 Floor Tiles",Flooring,1,4.60,2.70,-1.90,-41.30,1,FINECERA
SHH-HOO-21P6,PCS,21 Pontoon Treble Hook (6G),Fishing & Tackle,1,8.40,6.50,-1.90,-22.62,1,SINHENHUA
FIT-PVC-VAL-SOC-50MM,PCS,PVC Fitting Socket Valve 50MM 2,Plumbing,25,5.80,3.90,-1.90,-32.76,25,KIONG SING
NUM-60MM-H,PCS,Acp Alphabet 60MM - H,Signage & Numbering,5,9.90,8.00,-1.90,-19.19,5,REXER3
SHH-LIG-NYL-210/9,PCS,210/9 100G Light Brown N. T.(LIVLON)(357),Fishing & Tackle,5,9.20,7.30,-1.90,-20.65,5,SINHENHUA
"FIT-HDPE-TEE-MAL-20MMX1/2""",PCS,HDPE Tee Male 20MM X 1/2,Plumbing,21,4.90,3.00,-1.90,-38.78,21,HUA BAN
"FIT-HDPE-TEE-MAL-20MMX3/4""",PCS,HDPE Tee Male 20MM X 3/4,Plumbing,21,5.00,3.10,-1.90,-38.00,21,HUA BAN
FIT-UPVC-BEN-ELB-W/D-50MM,PCS,U-pvc Bend (elbow) W/door 50MM 2,Plumbing,19,5.40,3.50,-1.90,-35.19,18,KIONG SING
"TOI-BAS-FIX-SCR-WHT-120-4.1/2""",PCS,4 1/2 Basin Screw Fixing Set,Fasteners & Fixings,12,8.40,6.50,-1.90,-22.62,12,DALMAX3
IND-SCP-PUT-15075(08),PCS,Br 2600 8 S/steel Putty Knife,Hand Tools,3,10.40,8.50,-1.90,-18.27,1,REXER3
NUM-60MM-G,PCS,Acp Alphabet 60MM - G,Signage & Numbering,3,9.90,8.00,-1.90,-19.19,3,REXER3
NUM-60MM-T,PCS,Venus Home Numbering 60MM - T,Signage & Numbering,3,9.90,8.00,-1.90,-19.19,3,REXER3
GUN-GRE-NIP-90 M8X1.0,PCS,S. K 90 Degree Grease Nipple M8 X 1.0,Fasteners & Fixings,15,5.60,3.70,-1.90,-33.93,15,HTC HARDWARE
"DOR-BOL-M'MAN-668#-6""",PCS,M'man 6 S/steel Bolt 668 - 6,Fasteners & Fixings,6,7.10,5.20,-1.90,-26.76,6,JHT HARDWARE
CUT-DIS-WOO-KNI-100MM,PCS,Sawman Wool Polishing Disc 4,Abrasives & Cutting,2,4.90,3.00,-1.90,-38.78,2,SYN JING LEE
SHH-BLK-NYL-210/9-BK,PCS,210/9 100G Black Nylon T. (308),Fishing & Tackle,1,9.20,7.30,-1.90,-20.65,1,SINHENHUA
SHH-LASTIK-KAYU,PCS,Lastik Kayu,Fishing & Tackle,1,8.80,6.90,-1.90,-21.59,1,SINHENHUA
ELE-COV-ELCB-(S),EA,Tc Elcb Cover,Electrical,4,5.10,3.20,-1.90,-37.25,4,SEBD3
"FIT-UPVC-U VENT- 4""",PCS,4 (110MM) U Vent Cowl,Plumbing,2,5.50,3.60,-1.90,-34.55,2,HUA BAN
X-FLO-MOC-SUANHAWA-BLUE,PCS,Suanhawa Blue 12 X 12 Floor Tiles,Power Tools,1,4.60,2.75,-1.85,-40.22,1,FINECERA
DRI-SDS-GT02-13160,PCS,Glotool Sds Drill 13 X 160MM,Power Tool Accessories,9,8.70,6.90,-1.80,-20.69,9,SONIC3
BOS-2608-578-115,PCS,Masonry Drill Bit 4MM X,Power Tool Accessories,8,6.90,5.10,-1.80,-26.09,7,CMW ENGINEERING
ELE-D/L-PHI-LED-5W-ESS,PCS,Philips Essential 5W E27 LED Bulb,Lighting,8,15.60,13.80,-1.80,-11.54,8,CIMA
BOS-2608-595-334,PCS,Hss-g Metal Bit 4.8MM,Power Tools,6,6.90,5.10,-1.80,-26.09,5,CMW ENGINEERING
IND-SCO-SMR-S503TY,PCS,Samurai King Steel Shovel S503TY (PCS),Building Materials,2,18.70,16.90,-1.80,-9.63,49,SYN JING LEE
BOS-2608-522-265,PCS,Screwdriver Bit (PH2-SL6-65),Power Tool Accessories,11,7.30,5.50,-1.80,-24.66,11,CMW ENGINEERING
BOS-2608-630-040,PCS,Jigsaw Blade T144D,Power Tool Accessories,5,9.30,7.50,-1.80,-19.35,5,CMW ENGINEERING
CUT-TIL-NYL-3.0MM,BAG,Tiles Nylon Spacer X200PCS-3.0MM,Abrasives & Cutting,47,6.90,5.10,-1.80,-26.09,76,BOON SENG
PYE-CEM-1KG-GREY,BAG,PYE Grout GREY-1KG,Chemicals & Adhesives,13,8.30,6.50,-1.80,-21.69,13,MULTICLASSIC
PYE-CEM-1KG-WHITE,BAG,PYE Grout WHITE-1KG,Chemicals & Adhesives,11,8.30,6.50,-1.80,-21.69,10,MULTICLASSIC
FIT-BUT-ELB-25X20MM,PCS,Buteline 25 X 20MM PE Elbow,Plumbing,46,7.00,5.20,-1.80,-25.71,46,HUA BAN
TOO-NIE-ALL-KEY-03MM,PCS,Nietz E/long Ball Point Satin Wrch 53252030 3MM,Power Tools,5,7.30,5.50,-1.80,-24.66,5,SUNWAY WINSTAR
TOO-PLI-COM-GT200,PCS,Glotool Combination Plier 8,Hand Tools,6,15.30,13.50,-1.80,-11.76,4,SONIC3
DOR-LOC-CAM-X16MMX90,PCS,Target 9007 CAMLOCK-16MM,Doors & Hardware,17,6.40,4.60,-1.80,-28.12,17,BOON SENG
PAI-BRU-NIP-TR841N,BAG,4 Roller Refill Polyester,Paint & Sundries,57,17.70,15.90,-1.80,-10.17,57,PAINT MAR.
ELE-ADA-EE2714,PCS,E27 To E14 Bakelite Spring Lamp Adaptor (bk),Lighting,4,5.30,3.50,-1.80,-33.96,4,FULL-LITE
"PAI-ROL-REF-PM7""",PCS,Paint Master Paint Roller Refill 7,Paint & Sundries,120,7.30,5.50,-1.80,-24.66,120,SONIC3
BLI-HSS-HOL-SAW-19MM,PCS,Blimax Hss Hole SAW-19MM,Power Tool Accessories,6,13.00,11.20,-1.80,-13.85,6,BOON SENG
ELE-ADA-EB2722,PCS,E27 To B22 Lamp Adaptor (black),Lighting,3,5.10,3.30,-1.80,-35.29,3,FULL-LITE
NAI-SQU-SUP-050MM-1KG,PCK,E. G Square Boat Nail 50MM - 1KGS,Fasteners & Fixings,7,11.10,9.30,-1.80,-16.22,5,SONIC
TOO-FIL-BCC-4.8200MM,PCS,Bahco Chain Saw File 168-8-4.8-3P 3/161IN (PCS),Hand Tools,3,8.20,6.40,-1.80,-21.95,31,SUNWAY WINSTAR
TOO-FIL-BCC-5.5200MM,PCS,Bahco Chain Saw File 168-8-5.5-3P 7/321IN,Hand Tools,15,8.20,6.40,-1.80,-21.95,15,SUNWAY WINSTAR
BRA-S/S-L-65383,PCS,Stainless Steel L Bracket 65383-65X65,Plumbing,41,7.70,5.90,-1.80,-23.38,41,BOON SENG
SHH-HOOK-SC4064,PKT,Surecatch Biru 406 No. 4(20'S),Fishing & Tackle,12,8.00,6.20,-1.80,-22.50,11,SINHENHUA
HOO-SNA-SS-6MM,PCS,S/s Snap Hook 6MM X 60MM,Doors & Hardware,7,7.70,5.90,-1.80,-23.38,7,HTC HARDWARE
SHH-HOO-4206-NO.4,PKT,4206 No. 4 Galah Hook (20'S),Fishing & Tackle,9,8.80,7.00,-1.80,-20.45,9,SINHENHUA
SHH-HOOK-SC4062,PKT,Surecatch Biru 406 No. 2(20'S),Fishing & Tackle,10,8.00,6.20,-1.80,-22.50,10,SINHENHUA
VER-MAR-3M-DG3SM,PCS,3M Side Marking,Other,136,6.30,4.50,-1.80,-28.57,135,SUNWAY WINSTAR
SHH-HOOK-45708-NO.8,PKT,2908 No. 3 Eupro Prawn Hook (15'S),Fishing & Tackle,11,6.70,4.90,-1.80,-26.87,11,SINHENHUA
TOO-COM-W0305D-8*10MM,PCS,2 Open Wrench (8*10MM),Hand Tools,8,8.30,6.50,-1.80,-21.69,8,JUMBO
"HHD-SOC-YG379MF-1/2""X40MM",PCS,Mxf S/steel Socket 1/2 X 40MM,Electrical,5,5.70,3.90,-1.80,-31.58,5,SYN JING LEE
HOS-SPR-05040,MTR,Mikasa Spring Hose - 50MM X 40M,Outdoor & Garden,13,18.70,16.90,-1.80,-9.63,13,SONIC
TOO-DRV-MAG-TTC8,PCS,Tajima TTC8 Magnetic Nut Driver M8 X 65MM,Fasteners & Fixings,17,10.10,8.30,-1.80,-17.82,17,SYN JING LEE
X-CIMA-DL-RML65A/RND/18W/DL,SET,Lite Me 8 18W L/dl (rnd/day Light),Power Tools,1,19.10,20.90,1.80,9.42,1,CIMA
PAI-BRU-NIP-TR833N,PCS,1.5 Synthetic Paint Brush 750,Paint & Sundries,24,8.70,6.90,-1.80,-20.69,23,PAINT MAR.
SHH-HOOK-45708-NO.9,PKT,2908 No. 4 Eupro Prawn Hook (15'S),Fishing & Tackle,8,6.70,4.90,-1.80,-26.87,7,SINHENHUA
ALUM-ROU-18MM,MTR,3/4 Alum. Round Tube X 6M,Building Materials,68,8.00,9.80,1.80,22.50,68,YUNG HUAT
"FAS-SCR-P/H-1"" X 8#",PCK,Sr P/h Self Drilling Screw 1 X 8 (20PCS/PCK),Fasteners & Fixings,40,0.50,2.30,1.80,360.00,37,SYARIKAT HUA KIONG3
HHD-VAL-PVC-12MM,PCS,Goldolphin PVC Float Valve 1/2 X 10,Fishing & Tackle,6,7.30,5.50,-1.80,-24.66,6,BOON SENG
RIG-TUR-12MM,PCS,Galvanised Turnbuckle 12MM,Lifting & Rigging,11,6.60,4.80,-1.80,-27.27,9,SONIC3
TOO-DRV-2WAY-38MMX6MM,PCS,Blimax 2WAY Screw 1/2,Fasteners & Fixings,17,7.30,5.50,-1.80,-24.66,17,BOON SENG
SHH-FROG-HLK30,PCS,Fishing Tackle Lures,Fishing & Tackle,5,6.90,5.10,-1.80,-26.09,5,SINHENHUA
"FIT-YG239R-SOC-MXF-1/2""X1/4""-BRA",PCS,"Reduced Mxf Brass Socket 1/2""X1/4",Electrical,12,5.90,4.10,-1.80,-30.51,12,SYN JING LEE
TOO-DRI-BIT-MAG-MD-02063,PCS,Mdsi (MD-02063) Magnetic Screw Bits 1/4 X 100MM (+),Fasteners & Fixings,9,7.20,5.40,-1.80,-25.00,8,HSIN NGIE
VAL-BAL-MMAN-7733#X1,PCS,M'man Ball Valve X 1,Plumbing,7,8.30,6.50,-1.80,-21.69,7,JHT HARDWARE
IND-SCO-WOO-501,PCS,501 Wooden Handle Shovel Head (PCS),Doors & Hardware,4,16.70,14.90,-1.80,-10.78,15,ALIKE HARDWARE3
X-FLO-MOC-KV951,PCS,12 X 12 Salto Guocera Tiles,Power Tools,1,5.30,3.50,-1.80,-33.96,1,CHEE LIAN
DRI-AUG-2WAY-09MM,PCS,T&t 2WAY Auger BIT-3/8,Power Tool Accessories,4,9.90,8.10,-1.80,-18.18,4,BOON SENG
TOO-HAM-RUB-16OZ,PCS,Rubber Mallet (cn) 16 Oz,Power Tools,5,10.10,8.30,-1.80,-17.82,5,SONIC3
CLI-ELE-CAB-08MM100S,BOX,Cable Clip 08MM 100'S,Electrical,11,5.50,3.70,-1.80,-32.73,11,SEBD3
FIT-PVC-ELB-PT50MM,PCS,PVC Fitting P/t Elbow 50MM 2,Plumbing,36,7.70,5.90,-1.80,-23.38,36,KIONG SING
SHH-LIG-NYL-210/12,PCS,210/12 100G L. Brown Nylon (LIVLON)(357),Fishing & Tackle,5,9.20,7.40,-1.80,-19.57,5,SINHENHUA
"SHH-PE.BAG-24""",PCS,P. E. Bags 24,Fishing & Tackle,5,8.70,6.90,-1.80,-20.69,5,SINHENHUA
MIDDY-SOCKET-G100S-W,PCS,Middy: Socket (white),Electrical,17,6.40,4.60,-1.80,-28.12,16,ING HING HONG
TOO-CHI-HTS250,PCS,10 Pointed Spring Chisel,Hand Tools,3,12.70,10.90,-1.80,-14.17,3,ING PING3
DOR-PAD-KTSS075,SET,3 King Top S/steel Surface Bolt,Fasteners & Fixings,15,5.50,3.70,-1.80,-32.73,15,LI HARDWARE
ELE-PVC-CON-TC3X10,PCS,Tc 3 X 10 PVC Conceal Box,Electrical,13,5.10,3.30,-1.80,-35.29,12,SEBD3
SWI-CHN-JK106,PCS,Switch Chnt Auto Jk 106,Electrical,10,4.60,2.83,-1.77,-38.48,10,GOLDEN DAY
FLO-MOC-30PS04,PCS,12 X 12 Floor Tiles 30PS04,Flooring,1,4.50,2.75,-1.75,-38.89,1,FINECERA
FLO-MOC-30PS05,PCS,12 X 12 Floor Tiles 30PS05,Flooring,1,4.50,2.75,-1.75,-38.89,1,FINECERA
ELE-BUL-E27-3W-GREEN,PCS,Taicon E27 3W LED Color Bulb-green,Lighting,26,4.20,2.50,-1.70,-40.48,26,ECO ENTERPRISE3
NIP-QSH-EXT-20L-P,DRUM,18L Nippon Q-shield Extra Pastel Base,Paint & Sundries,7,439.00,440.70,1.70,0.39,7,PAINT MAR.2
PIP-CON-WHI-20MM3M,LTH,"3/4""(20MM) X 2.9M Eep - White",Plumbing,925,3.70,2.00,-1.70,-45.95,921,HUA BAN
NIP-SAT-GLO-5L-D,CAN,5L Nippon Satin Glo Deep Base,Paint & Sundries,4,199.00,200.70,1.70,0.85,2,PAINT MAR.2
NIP-SAT-GLO-1L-T,CAN,1L Nippon Satin Glo Tint Base,Paint & Sundries,3,54.90,56.60,1.70,3.10,3,PAINT MAR.2
TOO-NIE-PLU-COU-30SH,PCS,Nietz Quick Coupler Socket 30SH,Electrical,17,22.90,21.20,-1.70,-7.42,17,SUNWAY WINSTAR
ELE-BUL-E27-3W-YEL,PCS,Rex 3W E27 LED Bulb-yellow,Lighting,274,4.20,2.50,-1.70,-40.48,244,ECO ENTERPRISE3
FIT-BUT-STR-COU-25MMX25MM,PCS,Buteline PE Straight Inline Coupling 25MMX25MM,Plumbing,28,6.40,4.70,-1.70,-26.56,12,HUA BAN
TOO-NIE-PLU-COU-20PH,PCS,Nietz Quick Coupler Plug 20PH,Electrical,17,9.20,7.50,-1.70,-18.48,17,SUNWAY WINSTAR
BOS-2608-680-272,PCS,Sds + Drill Bit S3 8 X 200/260MM,Power Tool Accessories,7,18.20,16.50,-1.70,-9.34,7,CMW ENGINEERING
TOO-HAM-CLA-GT25MM,PCS,Glotool Claw Hammer 25MM,Hand Tools,4,17.20,15.50,-1.70,-9.88,1,SONIC3
BOS-2608-600-091,PCS,4 Cutting Disc,Abrasives & Cutting,44,5.20,3.50,-1.70,-32.69,44,CMW ENGINEERING
TOO-SHE-PURW0437,PCS,Bypass Pruners 200MM,Power Tools,6,20.90,19.20,-1.70,-8.13,6,JUMBO
"IND-CAS-SWI-BRA-1.5""",PCS,1.5 DL5 Tpe 360 Degree Swivel Caster W Brakes,Fishing & Tackle,26,11.50,9.80,-1.70,-14.78,26,DALMAX3
TOO-PLI-COM-GT175,PCS,Glotool Combination Plier 7,Hand Tools,12,14.20,12.50,-1.70,-11.97,11,SONIC3
"DL5SS-HOS-NIPP-1/2""X12MM",PCS,DL5 Hose Nipple 1/2 X 12MM,Outdoor & Garden,7,9.90,8.20,-1.70,-17.17,7,DALMAX3
HOS-CON-ECO4113,PCS,Ecogreen- Hose Connector / 3/4,Outdoor & Garden,27,8.90,7.20,-1.70,-19.10,27,ZHONG YUAN3
WAL-PLU-JWP-6MM,PCK,Jaw Wall Plug 6MM (10PCS/PCK),Fasteners & Fixings,43,6.90,5.20,-1.70,-24.64,43,WEE TAT TRADING
TOO-NIE-ALL-KEY-02.5MM,PCS,Nietz E/long Ball Point Satin Wrch 53252025 2.5MM,Power Tools,3,6.60,4.90,-1.70,-25.76,3,SUNWAY WINSTAR
DOR-HAN-CF350-NA-L,PCS,Na-l Cresent Fastener,Doors & Hardware,31,5.80,4.10,-1.70,-29.31,31,SYN JING LEE
IND-FIL-100MM,ROLL,Stretch Film 4IN X,Building Materials,68,5.90,4.20,-1.70,-28.81,67,SUNWAY WINSTAR
"TOO-DRV-STA-PH2-1/4""X08""",PCS,"Cushion Grip S/dr PHILIPS-1/4""X8""X2PT ( 2X200MM)",Power Tools,7,17.60,15.90,-1.70,-9.66,7,YUNG KONG
LOC-CZS-30MM,PCS,30MM Czs 360 Padlock,Locks & Security,48,9.50,7.80,-1.70,-17.89,47,REXER3
TOO-ELE-TES-PEN-W0226,PCS,Auto Motive Circuit Tester,Power Tools,5,17.50,15.80,-1.70,-9.71,5,JUMBO
"HOS-FLE-VIP-PP30""",PCS,PP-30 White Nylon Vip Flexible Tube,Outdoor & Garden,6,13.00,14.70,1.70,13.08,6,KIM KONG3
GAR-SPR-G850,PCS,Water Sprayer 500CC,Outdoor & Garden,9,7.10,5.40,-1.70,-23.94,9,ING CHOON
BRA-S/S-L-85383,PCS,Stainless Steel L Bracket 85383-85X85,Plumbing,46,9.20,7.50,-1.70,-18.48,46,BOON SENG
SWI-SOC-ULT-M0813W,PCS,Ultra 13A Flat Pin Swi Soc Neon-wt (M0813W),Electrical,41,9.20,7.50,-1.70,-18.48,38,TRISTAR
TOO-COM-IRO-BUL-13MM,PCS,13MM Iron Bull Spanner,Hand Tools,29,7.10,5.40,-1.70,-23.94,29,KIM KONG3
PAI-BRU-RAD-2642R,PCS,"2""X642R Radiator Paint Brush",Automotive,20,5.30,3.60,-1.70,-32.08,20,ING PING3
WAL-PLU-S/S-CC227-M10X80MM,PCS,S/steel Wall Plug - K103-304 M10X80MM CC227,Fasteners & Fixings,48,6.20,4.50,-1.70,-27.42,48,SYN JING LEE
ELE-TUB-LED-4-60W-6500K,PCS,Cielo Frs -4T/T8/60W/DL LED T8 Tube,Automotive,5,19.20,17.50,-1.70,-8.85,154,CIMA
SHH-HOOK-SC4065,PKT,Surecatch Biru 406 No. 5(20'S),Fishing & Tackle,12,7.90,6.20,-1.70,-21.52,12,SINHENHUA
HHD-FLO-BAL-18MM,PCS,3/4 Poly Ball Only Black Colour,Bathroom,14,6.20,4.50,-1.70,-27.42,14,KIM KONG3
MDD-CON-MALE-YELLOW-10PC/PCK,PCK,Male Disconnects - Yellow (6MM) (10PCS/PCK),Electrical,7,5.50,7.20,1.70,30.91,7,ECO ENTERPRISE3
SHH-HOOK-45708-NO.11,PKT,2908 No. 6 Eupro Prawn Hook (15'S),Fishing & Tackle,13,6.60,4.90,-1.70,-25.76,13,SINHENHUA
SHH-SWIVEL-SNAP-NO.2,PKT,Nickel Snap Swivel No. 2,Fishing & Tackle,12,7.00,5.30,-1.70,-24.29,12,SINHENHUA
CUT-SAW-SM5100,PCS,Sawman Mini Hacksaw,Hand Tools,11,6.50,4.80,-1.70,-26.15,11,SYN JING LEE
SHH-HOOK-45708-NO.10,PKT,2908 No. 5 Eupro Prawn Hook (15'S),Fishing & Tackle,10,6.60,4.90,-1.70,-25.76,10,SINHENHUA
CAP-01.8UF-400V,EA,Capacitor Cpi- Black Square ITALY'/400V Bd 01.8UF,Electrical,31,5.50,3.80,-1.70,-30.91,28,SEBD3
SHH-HOOK-45708-NO.6,PKT,2908 No. 1 Eupro Prawn Hook (15'S),Fishing & Tackle,9,6.60,4.90,-1.70,-25.76,9,SINHENHUA
SHH-NET-0.15D-40MM-25MD,PCS,"40MM (1 1/2"") (25YDS) Net",Fishing & Tackle,3,18.50,16.80,-1.70,-9.19,3,SINHENHUA
SHH-HOOK-45708-NO.7,PKT,2908 No. 2 Eupro Prawn Hook (15'S),Fishing & Tackle,8,6.60,4.90,-1.70,-25.76,8,SINHENHUA
"PIP-UPVC-5255-1.1/4""",MTR,"1 1/4""(32MM) X 6M Upvc Pipe",Plumbing,45,3.20,4.90,1.70,53.12,45,HUA BAN
SPO-CAR-WASH-UNI2193,PCS,Car Wash Sponge,Automotive,7,6.50,4.80,-1.70,-26.15,6,L.F. WHOLESALER
HOS-FLE-SW-PVCH-48,PCS,48 PVC Flexible Hose With PVC Holder,Outdoor & Garden,8,19.80,21.50,1.70,8.59,6,VTC HARDWARE
SHH-BOX-ETB120,PCS,120 Exori Tackle Box (11.5CM X 7.5CM X3CM),Fishing & Tackle,5,6.60,4.90,-1.70,-25.76,5,SINHENHUA
CUT-TIL-NYL-5.0MM,PACK,5.0MM PVC Cross Tiles Spacer (200PCS+/-),Abrasives & Cutting,4,7.50,5.80,-1.70,-22.67,4,DALMAX
GAR-SHO-STEEL,PCS,Steel Garden Shovel,Outdoor & Garden,18,6.20,4.50,-1.70,-27.42,18,WHA WEE
FIT-HDPE-SOC-25MMX20MM,PCS,HDPE Coupler Reducing (socket) 25MM X 20MM,Plumbing,30,4.60,2.90,-1.70,-36.96,30,HUA BAN
"FIT-YG239R-SOC-MXF-1/2""X3/8""-BRA",PCS,"Reduced Mxf Brass Socket 1/2""X3/8",Electrical,13,5.90,4.20,-1.70,-28.81,13,SYN JING LEE
TOO-CHI-WOO-ARA-STC002-A,PCS,1/2 Aracut Impact Hdl Wood Chisel,Power Tools,6,14.60,12.90,-1.70,-11.64,6,CRYSTAL TRIUMPH S/B
"TOO-BAR-WRE-BEN-18""",PCS,Gd Wrecking BAR (bent) 18,Power Tools,6,14.20,12.50,-1.70,-11.97,6,SONIC3
MEA-TAP-00317W,PCS,Ex 5M Fung Shui Measuring Tape,Hand Tools,14,15.60,13.90,-1.70,-10.90,12,DALMAX3
BNW-WAS-COM-18MM,KGS,Zinc Plated Washer 3/4,Fasteners & Fixings,43,13.20,11.50,-1.70,-12.88,42.52,SONIC3
LEO-S/S-LOC-BOL-LB304-4,PCS,Leon 4 S/steel Lockble,Fasteners & Fixings,2,25.90,24.20,-1.70,-6.56,2,BOON SENG
SWI-SOC-ULT-M000W,PCS,Ultra 1 GANG Blank Plate-white (M000W),Electrical,8,6.30,4.60,-1.70,-26.98,8,TRISTAR
GAR-CUT-ROP-RAM,PCS,Rambutan Cutter Rope,"Rope, Chain & Netting",8,22.90,21.20,-1.70,-7.42,8,TIE BROTHER3
HOO-SINGLE-S/S-1363HB,CARD,Isano S/steel Single Hook BAR (2PCS Per Card),Doors & Hardware,7,8.50,6.80,-1.70,-20.00,7,CHIN LAI
"FIT-SS239-SOC-MXF-3/4""-SUS304",PCS,"Mxf Socket 3/4""X3/4",Electrical,7,5.90,4.20,-1.70,-28.81,7,SYN JING LEE
"TOO-BAR-WRE-STR-24""",PCS,Gd Wrecking BAR (straight) 24,Power Tools,3,17.20,15.50,-1.70,-9.88,3,SONIC3
TOO-WRE-1011#,PCS,Mii Angle Grinder Wrench 1011,Power Tools,5,10.20,8.50,-1.70,-16.67,5,JHT HARDWARE
FIT-PVC-ELB-PT40MM,PCS,PVC Fitting P/t Elbow 40MM 1-1/2,Plumbing,61,6.20,4.50,-1.70,-27.42,61,KIONG SING
TOO-CHI-WOO-ARA-STC002-B,PCS,5/8 Aracut Impact Hdl Wood Chisel,Power Tools,3,15.30,13.60,-1.70,-11.11,3,CRYSTAL TRIUMPH S/B
SHH-RING-2WAY-40LB,PKT,2 Way Wire Rig (i-fixh) 50LB (7CM) (631802),Electrical,5,6.50,4.80,-1.70,-26.15,5,SINHENHUA
BNW-BOL-HTM-M14-100MM,PCS,H/t Bolt - M 14 X 100MM,Fasteners & Fixings,10,5.30,3.60,-1.70,-32.08,10,SONIC3
FIT-UPVC-SLE-110MM,PCS,U-pvc Sleeve 110MM 4,Plumbing,42,7.30,5.60,-1.70,-23.29,42,KIONG SING
FLO-MOC-KH40ABA2L-P1,PCS,16 X 16 Ceramic Floor Tiles KH40ABA2L-P1,Flooring,1,7.90,6.20,-1.70,-21.52,1,CHEE LIAN
"SANDEX-VEL-SPO-7""",PCS,Sandex 7 Velcro Polish Sponge (thick),Abrasives & Cutting,5,18.60,16.90,-1.70,-9.14,5,CHUNG YANG3
"FIT-YG225-BUSH-3/4""X1/2""-BRA",PCS,"Brass Bushing 3/4""X1/2",Plumbing,4,5.90,4.20,-1.70,-28.81,3,SYN JING LEE
ROO-GUT-HOL,PCS,Gutter Hook (square),Building Materials,16,5.70,4.00,-1.70,-29.82,16,MENGTRA TRADING
BNW-B&N-ORI-09800,KGS,Mild Steel Bolt & Nut 3/8 X 8,Fasteners & Fixings,23,11.20,9.50,-1.70,-15.18,22.8,SONIC3
BNW-WAS-COM-12MM,KGS,Zinc Plated Washer 1/2,Fasteners & Fixings,18,13.20,11.50,-1.70,-12.88,17.13,SONIC3
FIT-PVC-ELB-45DEG50MM,PCS,PVC Fitting Elbow 50MM 2,Plumbing,4,5.10,3.40,-1.70,-33.33,4,KIONG SING
"FIT-YG239-SOC-MXF-1/2""-BRA",PCS,Brass Mxf Socket 1/2,Electrical,3,5.90,4.20,-1.70,-28.81,3,SYN JING LEE
FLO-MOC-30AAS50,PCS,"12""X12 Floor Tiles 30AAS50",Flooring,1,5.40,3.70,-1.70,-31.48,1,CHEE LIAN
BAT-WAT-1L,PCS,Battery Fluid,Electrical,43,4.20,2.50,-1.70,-40.48,35,CHIONG SENG
OIL-FUN-7008,PCS,8 Oil Funnel,Housewares,8,6.20,4.50,-1.70,-27.42,8,ING CHOON
"FIT-YG245-NIP-1/2""-BRA",PCS,Brass Equal Nipple 1/2,Plumbing,2,5.90,4.20,-1.70,-28.81,2,SYN JING LEE
BRA-S/S-MULTI-S,PCS,Multi Functional S/steel Angle Bracket S Size,Plumbing,14,7.90,6.20,-1.70,-21.52,14,DALMAX3
SHH-LIG-NYL-210/15,PCS,210/15 100G L. Brown Nylon (LIVLON)(357),Fishing & Tackle,4,9.20,7.50,-1.70,-18.48,3,SINHENHUA
"NAI-CON-WHI-38""",BOX,1 1/2 Hardened Steel Concrete Nail,Fasteners & Fixings,13,6.60,4.90,-1.70,-25.76,13,TIE BROTHER
SHH-BLK-NYL-210/15-BK,PCS,210/15 100G Black Nylon (308),Fishing & Tackle,1,9.20,7.50,-1.70,-18.48,1,SINHENHUA
OUT-CON-RUB-BLACK-60MM,PCS,60MM Rubber Cone-whi/blk,Other,1,5.90,4.20,-1.70,-28.81,1,TIE BROTHER3
HOR-LIO-24VDC,PCS,Lion Horn 24VDC,Other,2,21.90,23.58,1.68,7.67,2,GOLDEN DAY
FLO-MOC-30LS04,PCS,12 X 12 Floor Tiles 30LS04,Flooring,1,4.50,2.85,-1.65,-36.67,1,FINECERA
FLO-MOC-30LS05,PCS,12 X 12 Floor Tiles 30LS05,Flooring,1,4.50,2.85,-1.65,-36.67,1,FINECERA
FLO-MOC-30PS14,PCS,12 X 12 Floor Tiles 30PS14,Flooring,1,4.50,2.85,-1.65,-36.67,1,FINECERA
"HOS-FLE-GLO-60""",PCS,Glotool Flexible Tube F1/2 X F12 X 60,Outdoor & Garden,8,18.50,16.90,-1.60,-8.65,7,SONIC3
"SAN-SCO-KN411-4""-RED",PCK,Round Sanding Scotch 4 Red (2PCS/PCK),Abrasives & Cutting,10,5.50,3.90,-1.60,-29.09,10,SYN JING LEE
NIP-TIM-5L-A,CAN,5L Nippon Timbershade Accent Base,Paint & Sundries,1,194.00,195.60,1.60,0.82,1,PAINT MAR.2
DRI-SDS-GT02-12260,PCS,Glotool Sds Drill 12 X 260MM,Power Tool Accessories,9,7.90,6.30,-1.60,-20.25,9,SONIC3
ADH-TAP-WAR70,ROLL,Glotool Warning Tape 70MM X 70M,Chemicals & Adhesives,18,8.10,6.50,-1.60,-19.75,14,SONIC3
BOS-2608-578-114,PCS,Masonry Drill Bit 3MM X,Power Tool Accessories,4,5.90,4.30,-1.60,-27.12,4,CMW ENGINEERING
BOS-2609-110-357,PCS,Planning Knife Gho 6500,Power Tools,6,34.90,36.50,1.60,4.58,6,CMW ENGINEERING
CUT-TIL-NYL-2.0MM,BAG,Tiles Nylon Spacer X200PCS-2.0MM,Abrasives & Cutting,63,6.10,4.50,-1.60,-26.23,61,BOON SENG
CUT-TIL-NYL-2.5MM,BAG,Tiles Nylon Spacer X200PCS-2.5MM,Abrasives & Cutting,40,6.40,4.80,-1.60,-25.00,39,BOON SENG
ADH-TAP-WIR-SINO-24X20,ROLL,Sino PVC Tape,Chemicals & Adhesives,106,4.90,3.30,-1.60,-32.65,96,ECO ENTERPRISE3
"IND-CAS-SWI-BRA-1.25""",PCS,1.25 DL5 Tpe 360 Degree Swivel Caster W Brakes,Fishing & Tackle,19,11.10,9.50,-1.60,-14.41,19,DALMAX3
"DL5SS-HOS-NIPP-1/2""X14MM",PCS,DL5 Hose Nipple 1/2 X 14MM,Outdoor & Garden,6,9.90,8.30,-1.60,-16.16,5,DALMAX3
HOS-CON-STO-40200016,PCS,"Ecogreen Hose Quick Con. Wtr S. EG4110-1/2""-5/8",Outdoor & Garden,45,7.50,5.90,-1.60,-21.33,43,ZHONG YUAN3
DOR-ALU-LOC-NA4406,PCS,Aluminium Sliding Door NAJ6 (big),Doors & Hardware,5,59.90,58.30,-1.60,-2.67,4,YUNG HUAT
PAI-ROL-REF-CRI-7,PCS,"7""XD6 Cristin Rainbow Refill",Paint & Sundries,28,9.90,8.30,-1.60,-16.16,26,ING PING3
DOR-HAN-CF350-NA-R,PCS,Na-r Cresent Fastener,Doors & Hardware,46,5.70,4.10,-1.60,-28.07,45,SYN JING LEE
DOR-HAN-CH608-NA-L,PCS,Na-l Casement Handle,Doors & Hardware,35,5.80,4.20,-1.60,-27.59,34,SYN JING LEE
ELE-ADA-EE1427,PCS,E14 To E27 Lamp Adaptor,Lighting,12,4.40,2.80,-1.60,-36.36,12,FULL-LITE
TOO-PLI-DIA-W106T,PCS,Long Nose Pliers 150MM,Power Tools,9,19.10,17.50,-1.60,-8.38,9,JUMBO
MEA-TAP-CHTR-30011,PCS,Takado Measuring Tape PVC Case 5M X 19MM,Hand Tools,9,7.90,9.50,1.60,20.25,7,DALMAX
MEA-TAP-BLI-7.5M-B7,PCS,Blimax Measuring Ds Luban Tape 7.5M LB7,Hand Tools,21,19.50,17.90,-1.60,-8.21,21,BOON SENG
DOR-HAN-CH608-NA-R,PCS,Na-r Casement Handle,Doors & Hardware,23,5.80,4.20,-1.60,-27.59,23,SYN JING LEE
SHH-SINKER-NO.6,PCS,Single Head Sinker No. 6 (1PC/PCK),Fishing & Tackle,55,6.10,4.50,-1.60,-26.23,54,SINHENHUA
"SANDEX-VEL-PAD-M10-4""",PCS,"Sandex 4 Velcro Backing Pad, M10",Abrasives & Cutting,43,7.50,5.90,-1.60,-21.33,42,CHUNG YANG3
FIT-HDPE-TEE-25MM,PCS,HDPE Tee Equal 25MM,Plumbing,213,6.30,4.70,-1.60,-25.40,209,HUA BAN
TOO-COM-W0287B-09MM,PCS,Com Ratchet Wrench 09MM,Hand Tools,2,20.90,19.30,-1.60,-7.66,2,JUMBO
SHH-FOA-FLO-FF0225,PCS,X 17MM Exori Foam Float,Fishing & Tackle,6,6.60,5.00,-1.60,-24.24,6,SINHENHUA
SHH-FOA-FLO-FF0230,PKT,X 20MM Exori Foam Float,Fishing & Tackle,6,6.60,5.00,-1.60,-24.24,6,SINHENHUA
SHH-FOA-FLO-FF0235,PKT,X 22MM Exori Foam Float,Fishing & Tackle,6,6.60,5.00,-1.60,-24.24,6,SINHENHUA
SHH-FOA-FLO-FF0240,PKT,X 24MM Exori Foam Float,Fishing & Tackle,6,6.60,5.00,-1.60,-24.24,6,SINHENHUA
PAI-SPR-PMT-131,CAN,Paint Master Spray Paint - No. 131 Suzuki Red,Paint & Sundries,10,8.10,6.50,-1.60,-19.75,10,SONIC
PEN-TES-BLM452,PCS,Blimax Test PEN-BLM452,Housewares,30,5.30,3.70,-1.60,-30.19,29,BOON SENG
SHH-FROG-STFM-55MM,PCS,Huangxin/huizhu Frog W/spiner 3.0CM,Fishing & Tackle,21,7.30,5.70,-1.60,-21.92,21,SINHENHUA
SHH-SINKER-NO.4,PCK,Single Head Sinker No. 4 (2PCS/PCK),Fishing & Tackle,20,7.50,5.90,-1.60,-21.33,19,SINHENHUA
FIT-YG251-SOC-08MM-BRA,PCS,Y Brass Connector 8MM,Plumbing,13,5.00,3.40,-1.60,-32.00,13,SYN JING LEE
"TOO-CUT-BOL-GT12""",PCS,Glotool Bolt Clipper 12,Fasteners & Fixings,1,35.90,37.50,1.60,4.46,1,SONIC3
SHH-ROD-TKKT27032S,PCS,"Torikumu Kotai Ii Medium (7'0"") Rod",Fishing & Tackle,2,64.90,66.50,1.60,2.47,2,SINHENHUA
TOO-COM-IRO-BUL-34MM,PCS,34MM Iron Bull Spanner,Hand Tools,3,64.90,66.50,1.60,2.47,3,KIM KONG3
SHH-HOO-4206-NO.5,PKT,4206 No. 5 Galah Hook (20'S),Fishing & Tackle,14,8.10,6.50,-1.60,-19.75,14,SINHENHUA
X-CYL-LOC-EPO-CL011-SN,SET,Epo Cylindrical Lever Lock (CL011 Sn),Locks & Security,2,56.90,58.50,1.60,2.81,2,
TOO-COM-IRO-BUL-12MM,PCS,12MM Iron Bull Spanner,Hand Tools,21,6.90,5.30,-1.60,-23.19,20,KIM KONG3
SHH-ROD-TKKT9042S,PCS,"Torikumu Kotai Med-hvy Tk-kt (9'0"") Rod (m/heavy)",Fishing & Tackle,1,79.90,81.50,1.60,2.00,1,SINHENHUA
SHH-SWIVEL-SNAP-NO.4,PKT,Nickel Snap Swivel No. 4,Fishing & Tackle,12,6.40,4.80,-1.60,-25.00,12,SINHENHUA
BRA-L-SSS-90X90MM,PCS,S/steel L Bracket,Plumbing,29,7.10,5.50,-1.60,-22.54,29,BOON SENG
HOO-SNA-SS-5MM,PCS,S/s Snap Hook 5MM X 50MM,Doors & Hardware,6,6.60,5.00,-1.60,-24.24,6,HTC HARDWARE
SHH-HOOK-10829BL-NO.12,PKT,Eupro Fishing Hook No. 12 (13PC),Fishing & Tackle,11,5.50,3.90,-1.60,-29.09,10,SINHENHUA
SHH-NET-0.15D-25MM,PCS,"(0.11) 25MM (1"") (25YDS) Net",Fishing & Tackle,3,19.10,17.50,-1.60,-8.38,3,SINHENHUA
SHH-NET-0.15D-50MM-25MD,PCS,"50MM (2"") (25YDS) Net",Fishing & Tackle,3,18.50,16.90,-1.60,-8.65,3,SINHENHUA
CAP-01.2UF-400V-BD,PCS,Capacitor Cpi- Black Square ITALY'/400V Bd 01.2UF,Electrical,33,4.80,3.20,-1.60,-33.33,33,SEBD3
SHH-HOOK-10829BL-NO.10,PKT,Eupro Fishing Hook No. 10(13PC),Fishing & Tackle,10,5.50,3.90,-1.60,-29.09,10,SINHENHUA
SHH-HOOK-10829BL-NO.16,PKT,Eupro Fishing Hook No. 16 (10PC),Fishing & Tackle,10,5.50,3.90,-1.60,-29.09,9,SINHENHUA
"ELE-PVC-CAS-3/4""",LGTH,Kancil 3/4 X 6FT PVC Casing,Electrical,34,4.20,2.60,-1.60,-38.10,32,ECO ENTERPRISE3
SHH-HOOK-10829BL-NO.08,PKT,Eupro Fishing Hook No. 8 (14PC),Fishing & Tackle,9,5.50,3.90,-1.60,-29.09,8,SINHENHUA
MAR-CRA-BLUE,DOZ,Marking Crayon Blue,Hand Tools,9,8.80,7.20,-1.60,-18.18,9,PENGUIN CHALK3
CAP-02.0UF-400V,EA,Capacitor Uf Black Square ITALY'/400V Bd,Electrical,24,5.50,3.90,-1.60,-29.09,23,SEBD3
TOO-WRE-KEY-10PCSMM,SET,Hex Key Wrench,Hand Tools,6,7.30,5.70,-1.60,-21.92,6,SYN JING LEE
TOO-COM-IRO-BUL-20MM,PCS,20MM Iron Bull Spanner,Hand Tools,7,10.30,11.90,1.60,15.53,7,KIM KONG3
SHH-SPOOL-107,PCS,Fishing Spool HP-107,Fishing & Tackle,6,5.80,4.20,-1.60,-27.59,6,SINHENHUA
X-DOR-LOC-CYL-6871SS,SET,Plus A-class Cylindrical Lock,Locks & Security,1,30.90,32.50,1.60,5.18,1,AIK TA3
SWI-SOC-ULT-M011W,PCS,Ultra 16A 1 GANG 1 Way-white (M011W),Electrical,13,6.80,5.20,-1.60,-23.53,13,TRISTAR
NAI-CLI-777-S,PCS,Nail Clipper 12'S,Fasteners & Fixings,24,3.60,2.00,-1.60,-44.44,21,SA ENTERPRISE
SHH-HOOK-12146BN-2,PKT,No. 2 Hytac Hook 16'S,Fishing & Tackle,6,4.80,3.20,-1.60,-33.33,6,SINHENHUA
SPR-BID-06093,SET,Ets 302 Elise Toilet Sprayer Set,Bathroom,1,26.90,25.30,-1.60,-5.95,1,REXER3
ELE-PVC-NUT-TC3X10,PCS,Umc 3 X10 PVC Nut Box,Fasteners & Fixings,17,4.60,3.00,-1.60,-34.78,15,SEBD3
FAS-SCR-DS525HW-MET-PCK,PCK,10 X 1 Self Drilling Screw (50PCS/PCK),Fasteners & Fixings,7,11.10,9.50,-1.60,-14.41,7,REXER
TOO-RUL-SQU-TRY8,PCS,8 Try Square,Power Tools,16,5.50,3.90,-1.60,-29.09,15,WHA WEE
"WOO-TIM-1"" X 2"" 4'",PCS,Mlh Sawn Timber 1 X 2 X 4,Building Materials,55,4.50,2.90,-1.60,-35.56,37,TONG DA
SHH-HOOK-10829BL-NO.18,PKT,Eupro Fishing Hook No. 18 (8PC),Fishing & Tackle,4,5.50,3.90,-1.60,-29.09,4,SINHENHUA
DOR-HIN-SSS-65MM,PAIR,2 1/2 Stainless Steel Hinges,Doors & Hardware,16,5.10,3.50,-1.60,-31.37,16,WHA WEE
TOO-HOK-TIE-GD250,PCS,Gd Tie Hooks 250MM,Power Tools,7,9.10,7.50,-1.60,-17.58,7,SONIC3
X-FLO-MOC-M33806,PCS,M33806 30X30CM Tiles,Power Tools,1,4.50,2.90,-1.60,-35.56,1,BRAVO-LINE
X-FLO-MOC-M33807,PCS,M33807 30X30CM,Power Tools,1,4.50,2.90,-1.60,-35.56,1,BRAVO-LINE
ADH-TAP-NISSHO-HCH-SG0102,PCS,18MM X 1.5M 3M 1600 Foam Double Side Tape (white),Chemicals & Adhesives,6,7.30,5.70,-1.60,-21.92,3,REXER3
TOO-DRV-SET6PCS,SET,6PCS Precision Screw Driver,Fasteners & Fixings,8,7.10,5.50,-1.60,-22.54,8,WHA WEE
SWI-SOC-UMS2913A,PCS,Ums 13A Pc S/socket Outlet 2913A,Electrical,46,7.40,5.80,-1.60,-21.62,31,SEBD
FIT-PVC-ELB-PT32MM,PCS,PVC Fitting P/t Elbow 32MM - 1 1/4,Plumbing,55,5.10,3.50,-1.60,-31.37,54,HUA BAN
MAR-PEN-70-BLACK,PCS,Faster 70 Marker Pen-black,Hand Tools,25,0.60,2.20,1.60,266.67,25,MAJOR HARVEST3
CIS-HAN-PVCH/L,PCS,PVC H/l Cistern Handle,Doors & Hardware,5,6.50,4.90,-1.60,-24.62,15,BOON SENG
BRA-COU-WAS-MAC-66#,PCS,66 Activ Washing Machine Tsui,Plumbing,26,7.40,5.80,-1.60,-21.62,25,JHT HARDWARE
"CUT-PVC-FIL-9002C-4""",PCS,4 Prc PVC File Handle-circle,Hand Tools,9,6.80,5.20,-1.60,-23.53,9,DALMAX3
SHH-BLK-NYL-210/18-BK,PCS,210/18 100G Black Nylon Twine,"Rope, Chain & Netting",6,9.20,7.60,-1.60,-17.39,6,SINHENHUA
TOO-NYL-PLU-COU-NSMV-RND,PCS,Nylon Quick Coupler Two Way - Round,Power Tool Accessories,6,22.90,24.50,1.60,6.99,6,DALMAX3
ELE-SWI-SQ-GRE,EA,"On/off Switch 16A 250V 4T Square, Green",Automotive,8,5.80,4.20,-1.60,-27.59,8,SEBD3
SHH-LIG-NYL-210/18,PCS,210/18 100G L. Brown Nylon Twine (LIVLON)(357),"Rope, Chain & Netting",5,9.20,7.60,-1.60,-17.39,5,SINHENHUA
ELE-SWI-SQ-RED,EA,"On/off Switch 15A 250V 6T Square, Red KCD4",Electrical,2,5.80,4.20,-1.60,-27.59,2,SEBD3
SWI-ADA-MUL-NEO-7196,PCS,Cyberstar 13A Multi Neon Adaptor,Electrical,2,5.80,4.20,-1.60,-27.59,2,ECO ENTERPRISE3
FIT-PVC-SOC-50MM,PCS,PVC Fitting Socket P/t 50MM 2,Plumbing,15,5.80,4.20,-1.60,-27.59,15,KIONG SING
TOI-ACC-PLA-SCR-CJAC6002,SET,Cjac 6002 Close Couple Screw Set,Fasteners & Fixings,10,6.90,5.30,-1.60,-23.19,8,CRYSTAL TRIUMPH S/B
FIT-UPVC-BUSH-32X50MM,PCS,"U-pvc Reducing Bush 2""X1 1/4",Plumbing,1,5.50,3.90,-1.60,-29.09,1,HUA BAN
"FIT-UPVC-U VENT- 3""",PCS,3 (82MM) U Vent Cowl,Plumbing,10,5.10,3.50,-1.60,-31.37,4,HUA BAN
SWI-S/SKT-ACE-651,PCS,Ace 651 1G 1W Switch SIRIM,Electrical,9,5.50,3.90,-1.60,-29.09,9,FULL-LITE
X-FLO-MOC-30PS18,PCS,12 X 12 Floor Tiles 30PS18,Power Tools,1,4.40,2.85,-1.55,-35.23,1,FINECERA
"FIT-BUT-STR-MALE-20MMX3/4""",PCS,Buteline 20MMX3/4 PE Straight Male,Plumbing,29,4.40,2.90,-1.50,-34.09,29,HUA BAN
TOO-COM-GLO-19MM,PCS,Glotool Combination Wrench 19MM,Hand Tools,9,11.10,9.60,-1.50,-13.51,9,SONIC3
TOO-COM-GLO-18MM,PCS,Glotool Combination Wrench 18MM,Hand Tools,4,10.70,9.20,-1.50,-14.02,3,SONIC3
BOS-2602-025-067,PCS,Auxiliary Handle (gws 750),Doors & Hardware,5,16.40,14.90,-1.50,-9.15,5,CMW ENGINEERING
CIMA-DL-L-4111-RND-12W-SEN-840,SETS,Senco LED Panel Light-ir 12W Round 5,Lighting,12,19.40,17.90,-1.50,-7.73,12,
BOS-2608-630-033,PCS,Jigsaw Blade T111C,Power Tool Accessories,5,7.10,5.60,-1.50,-21.13,4,CMW ENGINEERING
TOO-WRE-ADJW375,PCS,Adjustable Wrench 375MM,Hand Tools,2,99.00,97.50,-1.50,-1.52,2,JUMBO
IND-TRO-PLA-STE-BM99999,PCS,"Blue Steel Plastering Trowel 4""X11",Hand Tools,78,12.40,10.90,-1.50,-12.10,73,BOON SENG
RIG-SHA-BOW-G209-16MM,PCS,Pin Type Bow Shackle (G209) 16 MM,Lifting & Rigging,14,11.00,9.50,-1.50,-13.64,13,SONIC3
MAC-SEA-SF-200-90200007,PCS,Spare Part-impulse Sealer Heat Element Kit,Paint & Sundries,3,9.30,7.80,-1.50,-16.13,3,ZHONG YUAN3
TOO-FIL-BCC-4.5200MM,PCS,Bahco Chain Saw File 168-8-4.5-3P 11/641IN (PCS),Hand Tools,9,7.90,6.40,-1.50,-18.99,24,SUNWAY WINSTAR
SCP-FIL-POW-464GM,BOX,Scin Powder Filla,Paint & Sundries,6,4.00,2.50,-1.50,-37.50,6,ING PING3
DOR-STO-TRANSP-38MM,PCS,Transparent Door Stopper,Doors & Hardware,31,4.90,3.40,-1.50,-30.61,31,ING PING3
IND-SCP-FR9788-2-1/2,PCS,2-1/2 Faris W Handle Finishing Scraper,Doors & Hardware,18,7.80,6.30,-1.50,-19.23,18,DALMAX3
"IND-CAS-SWI-LSCB-2""",PCS,2 DL5 Tpe L Base Swivel Caster W Brake,Fishing & Tackle,13,19.30,20.80,1.50,7.77,13,DALMAX3
TOO-DRI-ADA-13MM-3PCS,PCS,Sr Drill Chuck & Key Set,Power Tools,5,17.00,15.50,-1.50,-8.82,5,SYARIKAT HUA KIONG3
BNW-B&N-RBN-230,PCK,Sr G. I Boit & Nut 1/4 X 3 (10PCS/PCK),Fasteners & Fixings,13,7.30,5.80,-1.50,-20.55,13,SYARIKAT HUA KIONG3
"FIT-YG228R-NIP-REC-3/8""X1/4""-B",PCS,"Brass Reduced Nipple 3/8""X1/4 YG228R",Plumbing,17,5.00,3.50,-1.50,-30.00,17,SYN JING LEE
FIT-YG251-SOC-10MM-BRA,PCS,Y Brass Connector 10MM,Plumbing,17,5.00,3.50,-1.50,-30.00,16,SYN JING LEE
FIT-HDPE-BEN-ELB-25MM,PCS,HDPE Bend (elbow) 25MM,Plumbing,161,4.70,3.20,-1.50,-31.91,160,HUA BAN
CLI-ELE-CAB-05MM100S,BOX,Cable Clip 5MM/100'S (bd),Electrical,15,4.40,2.90,-1.50,-34.09,14,SEBD3
FIT-YG251A-SOC-10MM-BRA,PCS,T Brass Connector 10MM,Plumbing,13,5.00,3.50,-1.50,-30.00,13,SYN JING LEE
"FIT-YG228R-NIP-REC-3/8""X1/4""-BRA",PCS,"Brass Reduced Nipple 3/8""X1/4 YG228R (BRA)",Plumbing,10,5.00,3.50,-1.50,-30.00,10,SYN JING LEE
FDD-CON-FEM-YEL-5.5,PCK,Female Disconnect - Yellow (5.5) (20PCS/PCK),Electrical,18,15.40,13.90,-1.50,-9.74,18,ECO ENTERPRISE3
SWI-LAM-HOL-SE220E-E27,PCS,E27 Battern Holder - White,Electrical,59,4.60,3.10,-1.50,-32.61,59,FULL-LITE
FIT-YG251A-SOC-8MM-BRA,PCS,T Brass Connector 8MM,Plumbing,8,4.80,3.30,-1.50,-31.25,8,SYN JING LEE
CUT-KNI-HX18,BOX,Tct NT18 N. T Cutter Blade (10PCS/BOX),Abrasives & Cutting,15,4.80,3.30,-1.50,-31.25,15,SYN JING LEE
SHH-HOOK-SC4061,PKT,Surecatch Biru 406 No. 1(20'S),Fishing & Tackle,9,7.70,6.20,-1.50,-19.48,9,SINHENHUA
IND-SCP-FR9788-5,PCS,5 Faris W Handle Finishing Scraper,Doors & Hardware,2,10.30,8.80,-1.50,-14.56,2,DALMAX3
TOO-COM-IRO-BUL-11MM,PCS,11MM Iron Bull Spanner,Hand Tools,15,6.60,5.10,-1.50,-22.73,15,KIM KONG3
SHH-NET-0.15D-65MM,PCS,"65MM (2.1/2"") (25YDS) Net",Fishing & Tackle,3,18.50,17.00,-1.50,-8.11,3,SINHENHUA
SHH-HOOK-10829BL-NO.14,PKT,Eupro Fishing Hook No. 14 (12PC),Fishing & Tackle,8,5.40,3.90,-1.50,-27.78,8,SINHENHUA
SHH-HOOK-10829BL-NO.20,PKT,Eupro Fishing Hook No. 20 (6PC),Fishing & Tackle,8,5.40,3.90,-1.50,-27.78,8,SINHENHUA
DRI-BIT-SV005,PCS,2 (+-) Sensui Power Bit X110MM,Power Tool Accessories,17,6.70,5.20,-1.50,-22.39,16,CRYSTAL TRIUMPH S/B
"FIT-YG237-SOC-1/4""-BRA",PCS,Brass Equal Socket 1/4,Electrical,21,5.00,3.50,-1.50,-30.00,21,SYN JING LEE
SHH-SINKER-NO.3,PCK,Single Head Sinker No. 3 (2PCS/PCK),Fishing & Tackle,5,6.70,5.20,-1.50,-22.39,4,SINHENHUA
SWI-CON-PVC-20A,LTH,Sjp 20A PVC Connector,Electrical,29,5.30,3.80,-1.50,-28.30,29,FULL-LITE
O-RING-16-21,PCS,O-ring 16-21,Other,101,0.50,2.00,1.50,300.00,101,SONIC3
GAR-RAK-PVC-2022,PCS,PVC Garden Rake Head 2022,Outdoor & Garden,14,7.70,6.20,-1.50,-19.48,13,SONIC3
SHH-HOOK-10829BL-NO.22,PKT,Eupro Fishing Hook No. 22 (5PC),Fishing & Tackle,5,5.40,3.90,-1.50,-27.78,5,SINHENHUA
SHH-HOOK-10829BL-NO.24,PKT,Eupro Fishing Hook No. 24 (4PC),Fishing & Tackle,5,5.40,3.90,-1.50,-27.78,4,SINHENHUA
ADH-TAP-NISSHO-HCH-ES0002,ROLL,18MM X 1.5M Nissho Acyclic Foam Side Tape (red),Chemicals & Adhesives,12,8.20,6.70,-1.50,-18.29,10,REXER3
WEL-MAC-PAR-NOZ-GAS,PCS,Gas Nozzle MB15AK,Power Tool Accessories,9,8.40,6.90,-1.50,-17.86,9,CMW ENGINEERING
"FIT-YG239R-SOC-MXF-3/8""X1/4""-BRA",PCS,"Reduced Mxf Brass Socket 3/8""X1/4",Electrical,11,5.00,3.50,-1.50,-30.00,11,SYN JING LEE
"NAI-CON-BLA-25""",BOX,1 Black Hardened Steel Concrete Nail,Fasteners & Fixings,21,4.40,2.90,-1.50,-34.09,21,TIE BROTHER
O-RING-16-21-RED,PCS,O-ring 16-21 (red),Other,64,0.50,2.00,1.50,300.00,64,SONIC3
SWI-CON-PVC-15A,LTH,Sjp 15A 12MM PVC Connector,Electrical,19,4.40,2.90,-1.50,-34.09,17,FULL-LITE
"FIT-SS239R-SOC-REC-MXF-3/4""-SUS304",PCS,SS Mxf Reducing Socket 3/4,Electrical,9,5.00,3.50,-1.50,-30.00,8,SYN JING LEE
NUM-80MM-8,PCS,Acp Numbering 80MM - 8,Signage & Numbering,11,14.10,12.60,-1.50,-10.64,11,REXER3
CLI-ELE-CAB-06MM100S,BOX,Cable Clip 6MM 100'S (bd),Electrical,11,4.60,3.10,-1.50,-32.61,11,SEBD3
FIT-HDPE-SOC-COU-32MM,PCS,HDPE Coupler Straight Socket 32MM,Plumbing,7,6.40,4.90,-1.50,-23.44,7,HUA BAN
TOO-NAIL-AB222,PCS,Arrow Nail Bag (w/clip),Fasteners & Fixings,29,8.70,7.20,-1.50,-17.24,29,CHIN LAI
MIDDY-END-CAP-LEFT-WHT,PCS,Middy: End Cap - Left (white),Other,14,6.10,4.60,-1.50,-24.59,12,ING HING HONG
"FIT-SS233-PLU-1/2""-SUS304",PCS,SS Square Plug 1/2,Electrical,3,5.00,3.50,-1.50,-30.00,3,SYN JING LEE
MAR-PEN-70-BLUE,PCS,Faster 70 Marker Pen-blue,Hand Tools,10,0.70,2.20,1.50,214.29,10,MAJOR HARVEST3
SHH-BLK-NYL-210/21-BK,PCS,210/21 100G Black Nylon Twine (308),"Rope, Chain & Netting",5,9.20,7.70,-1.50,-16.30,5,SINHENHUA
SHH-LIG-NYL-210/21,PCS,210/21 100G L. Brown Nylon T.(LIVLON)(357),Fishing & Tackle,5,9.20,7.70,-1.50,-16.30,5,SINHENHUA
"SHH-CAGE-3RING-13""",PCS,3 Ring Cages 13,Fishing & Tackle,2,20.00,18.50,-1.50,-7.50,2,SINHENHUA
CAR-COO-GRN-500ML,EA,Aa Car Care Coolant 500ML (green),Automotive,3,11.40,9.90,-1.50,-13.16,15,AVEREST
"SHH-PE.BAG-20""",PCS,P. E. Bags 20,Fishing & Tackle,4,7.80,6.30,-1.50,-19.23,4,SINHENHUA
"FIT-UPVC-TEE-1 1/4""",PCS,1 1/4 (32MM) U Tee Plain (90'),Plumbing,16,4.20,2.70,-1.50,-35.71,16,HUA BAN
"HOI-PUL-SIN-1.1/2""",PCS,Single Pulley 1.1/2 (PCS),Lifting & Rigging,3,6.40,4.90,-1.50,-23.44,15,SONIC3
"BRU-WIR-SET-ATB-7""",SET,3PCS Steel Wire Brush (small),Electrical,9,5.60,4.10,-1.50,-26.79,8,LI HARDWARE
FSK-FAC-TAP-3320-3M,FTS,3M 3320 Fsk Facing Tape,Other,3,3.00,4.50,1.50,50.00,3,DELI YING FENG
"FIT-HDPE-ADA-MAL-32MMX1""",PCS,HDPE Adaptor Male 32MM X 1,Plumbing,6,4.20,2.70,-1.50,-35.71,6,HUA BAN
"DOR-BOL-MMAN-668#-4""",PCS,M'man 4 S/steel Bolt 668 - 4,Fasteners & Fixings,4,6.00,4.50,-1.50,-25.00,4,JHT HARDWARE
X-FLO-MOC-30LS02,PCS,12 X 12 Floor Tiles 30LS02,Power Tools,1,4.30,2.85,-1.45,-33.72,1,FINECERA
ELE-HOL-TC818-E27,PCS,Taicon Tc 818 E27 Lamp Holder,Lighting,196,4.20,2.80,-1.40,-33.33,194,ECO ENTERPRISE3
PAI-SPR-SAM-45,PCS,Samurai Spray Paint Metalic Red,Paint & Sundries,20,24.90,23.50,-1.40,-5.62,20,KIM KONG3
PAI-SPR-SAM-040,PCS,Samurai Spray Paint Sparkling Gold,Paint & Sundries,14,24.90,23.50,-1.40,-5.62,14,KIM KONG3
"SAN-SCO-KN411-4""-GRE",PCK,Round Sanding Scotch 4 Green (2PCS/PCK),Abrasives & Cutting,8,5.30,3.90,-1.40,-26.42,8,SYN JING LEE
GRA-CUT-BRU-1004526-16,PAIR,Brush Pair Type 1004526-16 Stanley,Outdoor & Garden,2,30.90,29.50,-1.40,-4.53,2,HUACHIAN ENGINEERING
ELE-D/L-LSM-36W-6500K,PCS,LED Source Module 36W-6500K,Lighting,13,23.90,22.50,-1.40,-5.86,13,TOP GAN
SHH-REEL-SW4000,PCS,Samurai Ocean Reel (8+1BB),Fishing & Tackle,1,89.90,88.50,-1.40,-1.56,1,SINHENHUA
TOO-NIE-PLU-COU-30SM,PCS,Nietz Quick Coupler Socket 30SM,Electrical,9,22.90,21.50,-1.40,-6.11,9,SUNWAY WINSTAR
TOO-HAM-BAL-GT1.0LB,PCS,Glotool Ball Pein Hammer 1.0LB,Hand Tools,3,19.90,18.50,-1.40,-7.04,3,SONIC3
TOO-COM-GLO-17MM,PCS,Glotool Combination Wrench 17MM,Hand Tools,12,10.10,8.70,-1.40,-13.86,11,SONIC3
SEN-VAC-BRA-DHS20,PCS,20MM X M10 Sensui Vacuum Brazed Diamo,Home Appliances,2,54.90,53.50,-1.40,-2.55,2,CRYSTAL TRIUMPH S/B
OIL-MOT-W2T-1L,BTL,Advance W2T - 1L,Automotive,37,22.90,21.50,-1.40,-6.11,37,SYARIKAT SRI MINYAK
ADH-TAP-NISSHO-HCH-SG0100,ROLL,24MM X 10Y Nissho Acyclic Foam Side Tape (red),Chemicals & Adhesives,8,32.90,31.50,-1.40,-4.26,8,REXER3
DOR-ROL-GAT-75MM,PCS,Galv. Gate Bearing With 2PCS Iron Plate (GR680)3,Home Appliances,13,29.90,28.50,-1.40,-4.68,13,HSIN NGIE
TOO-CUT-SNI-W1012B,PCS,Tin Cutter 300MM,Power Tools,4,45.90,44.50,-1.40,-3.05,4,JUMBO
TOI-HOL-GS-K6,PCS,K6 Toilet Paper Holder,Bathroom,6,49.90,48.50,-1.40,-2.81,6,DALMAX3
BOS-2608-595-059,PCS,Hss-g Metal Bit 4.0MM (PCS),Power Tools,2,6.30,4.90,-1.40,-22.22,10,CMW ENGINEERING
GLO-RUB-KOR-PINK,PAIR,Butterfly Household Glove (korea),Safety & Workwear,27,8.70,7.30,-1.40,-16.09,26,SUNWAY WINSTAR
RAINBOW-R007-1KG,BTL,1KG Rainbow Texture Paint R007 Black,Paint & Sundries,3,38.90,37.50,-1.40,-3.60,3,
WIN-ROLLER,PAIR,Sliding Window Roller (2PCS/PAIR),Doors & Hardware,140,5.20,3.80,-1.40,-26.92,138,YUNG HUAT
KGR-REM-PAI-500ML,TIN,910 Kangaroo Paint Remover,Paint & Sundries,18,25.90,24.50,-1.40,-5.41,16,KANGAROO PAINT
"TOO-DRV-BLI-IMP-6""(-)",PCS,"Blimax Impact Screw DRIVER-6""X6MM (-)",Power Tools,8,9.00,7.60,-1.40,-15.56,8,BOON SENG
KGR-ADH-0100ML,TIN,Kangaroo Brand 505 Super Adhesive 100ML,Chemicals & Adhesives,68,8.90,7.50,-1.40,-15.73,63,KANGAROO PAINT
ADH-TAP-VIP-2510,PCS,PTFE Thread Seal Tape VIP-2510,Chemicals & Adhesives,35,4.80,3.40,-1.40,-29.17,35,KIM KONG3
NAI-SQU-SUP-038MM-1KG,PKG,E. G Square Boat Nail 38MM - 1KGS,Fasteners & Fixings,26,7.90,9.30,1.40,17.72,26,SONIC
TOO-WRE-KEY-W0198A,SET,9PCS Extralong Ball Point W0198A,Power Tools,7,20.90,19.50,-1.40,-6.70,5,JUMBO
SHH-SINKER-NO.1,PCK,Single Head Sinker No. 1 (2PCS/PCK),Fishing & Tackle,72,4.40,3.00,-1.40,-31.82,72,SINHENHUA
"IND-CAS-SWI-LSC-2""",PCS,2 DL5 Tpe L Base Swivel Caster,Fishing & Tackle,13,19.90,18.50,-1.40,-7.04,13,DALMAX3
ELE-D/L-MGM-MQTL2048-4000K,PCS,Mgm 2 1/2 7W Eye Ball,Electrical,26,23.90,22.50,-1.40,-5.86,26,FULL-LITE
PAI-ROL-SPM175,SET,Paint Master Paint Roller Set 7,Paint & Sundries,94,8.20,6.80,-1.40,-17.07,91,SONIC3
GAR-SAW-XS9041,PCS,Asuma H/duty Pruning Saw,Outdoor & Garden,3,22.90,21.50,-1.40,-6.11,3,CRYSTAL TRIUMPH S/B
TOO-CLA-GW473200,PCS,Heavy G-shape Clamp 8,Hand Tools,4,48.90,47.50,-1.40,-2.86,4,JUMBO
HOS-FLE-VIP-PP08,PCS,PP-08 White Nylon Vip Flexible Tube,Outdoor & Garden,6,10.30,8.90,-1.40,-13.59,6,KIM KONG3
"TOO-DRV-BLI-IMP-6""(+)",PCS,"Blimax Impact Screw DRIVER-6""X6MM (+)",Power Tools,1,9.00,7.60,-1.40,-15.56,1,BOON SENG
IND-SCP-FR9788-2,PCS,2 Faris W Handle Finishing Scraper,Doors & Hardware,8,7.30,5.90,-1.40,-19.18,8,DALMAX3
HOS-FLE-DL5-FB30,PCS,DL5 30CM Flex. Extension Faucet (orange Tube),Electrical,3,22.90,21.50,-1.40,-6.11,3,DALMAX3
"PIP-HDPE-32MM-1""",MTR,PN 12.5 X 100M HDPE Pipe,Plumbing,49,7.90,6.50,-1.40,-17.72,49,HUA BAN
TOO-COM-IRO-BUL-10MM,PCS,10MM Iron Bull Spanner,Hand Tools,38,6.00,4.60,-1.40,-23.33,36,KIM KONG3
SPO-SCO-QB-3M-5PCS,PCS,Atlas 27NM 6 X 9 Handpad-maroon,Other,18,6.60,5.20,-1.40,-21.21,18,DALMAX3
DOR-LOC-CYL-02025(SS),SET,587 SS Czs Cylindrical Door Lock,Doors & Hardware,20,20.90,19.50,-1.40,-6.70,19,REXER3
SHH-FISH-NET-0.15D-25MM-50MD/5A,PCS,"25MM (1"") 50MD (4') /5A",Fishing & Tackle,4,27.90,26.50,-1.40,-5.02,4,SINHENHUA
KOYA-GLU-W5509,PCS,Koya White Glue 5509,Chemicals & Adhesives,45,8.90,7.50,-1.40,-15.73,44,HSIN NGIE
BEA-PUL-EAS-E0060,PCS,Eastman X 4 Bearing Puller,Other,5,20.90,19.50,-1.40,-6.70,5,JHT HARDWARE
TOO-WRE-ADJ-PIN-BLM185,PCS,Blimax Adj Pin,Hand Tools,11,8.90,7.50,-1.40,-15.73,10,BOON SENG
HOO-S-3PCS-ZT2093,PCK,Zheng Tu 3PCS S Shape Hook Small,Doors & Hardware,6,5.50,4.10,-1.40,-25.45,18,L.F. WHOLESALER
SWI-SOC-ULT-M08213W,PCS,Ultra 13A 2GANG Flat Pin Swi Soc Neon-whi (M08213W),Electrical,10,27.90,26.50,-1.40,-5.02,10,TRISTAR
BLI-HSS-HOL-SAW-32MM,PCS,Blimax Hss Hole SAW-32MM,Power Tool Accessories,2,18.50,19.90,1.40,7.57,2,BOON SENG
"HOS-FLE-OTO-966-69MB-36""",PCS,"OTOSANI""304 Nut 36 High Pressure Flex Hose (mb)",Fasteners & Fixings,10,21.90,20.50,-1.40,-6.39,10,CHUAN HONG
HOS-GAR-ORA-GREENLAND-2.5MM,ROLL,Mark-x Single Layer Hose Orange 16MMX2.5MMX10M,Outdoor & Garden,1,23.90,22.50,-1.40,-5.86,1,MAJOR HARVEST3
IND-PAI-BLA-V8120,PCS,12 Gallon Garbage Pail With Cover,Housewares,30,24.90,23.50,-1.40,-5.62,30,MAJOR HARVEST3
TOO-WRE-DOU-0810,PCS,Double Flexible Socket Wrench 08 X 10MM,Hand Tools,9,13.20,11.80,-1.40,-10.61,8,SONIC3
TOO-COM-IRO-BUL-08MM,PCS,8MM Iron Bull Spanner,Hand Tools,19,5.70,4.30,-1.40,-24.56,19,KIM KONG3
TOO-DRI-ADA-13MM,SETS,Mdsi (MD-04096) Drill Chuck Head With Adapter Chuck,Power Tool Accessories,8,20.90,19.50,-1.40,-6.70,8,HSIN NGIE
SHH-HOOK-406-NO.4,PKT,Saki Sepit Biru 406 No. 4 (20'S),Fishing & Tackle,8,6.60,5.20,-1.40,-21.21,8,SINHENHUA
HOO-SNA-SS-4MM,PCS,S/s Snap Hook 4MM X 40MM,Doors & Hardware,5,5.90,4.50,-1.40,-23.73,5,HTC HARDWARE
TOW-STB-08024,PAIR,Stb 3/4 S/steel Towel Bracket,Bathroom,9,5.30,3.90,-1.40,-26.42,9,REXER3
TOO-PLI-RIV-ST69799,PCS,St Hand Riveter 9.5,Power Tools,8,19.60,18.20,-1.40,-7.14,7,WHA WEE
SOC-PG9-GEW,PCS,PG9 Gewiss GW52002,Other,8,4.40,3.00,-1.40,-31.82,8,GOLDEN DAY
"AER-S/S-DIA-3""-2WAY",PCS,Aerico S/s Diawater (two Way) 3,Other,10,37.90,36.50,-1.40,-3.69,10,AERICO
ELE-D/L-HGD603-18W-3CLR,PCS,Hms Downlite Hgd 3CLR,Electrical,3,30.90,29.50,-1.40,-4.53,3,TOP GAN
SHH-FISH-NET-0.15D-20MM-50MD/5A,PCS,"20MM (3/4"") 50MD (3') /5A",Fishing & Tackle,1,30.90,29.50,-1.40,-4.53,1,SINHENHUA
"FIT-YG237-SOC-3/8""-BRA",PCS,Brass Equal Socket 3/8,Electrical,16,5.00,3.60,-1.40,-28.00,16,SYN JING LEE
BRA-S/STEEL-25MM-MMD25(D),PCS,25MM S/steel Bracket,Plumbing,14,7.60,6.20,-1.40,-18.42,14,CRYSTAL TRIUMPH S/B
"SANDEX-POL-WOO-5""",PCS,Sandex 5 Polishing Wool,Abrasives & Cutting,7,29.90,28.50,-1.40,-4.68,7,CHUNG YANG3
MEA-TAP-BLI-7.5M-BCR,PCS,Blimax Measuring Tape - Bcr 7 7.5M,Hand Tools,9,18.30,16.90,-1.40,-7.65,8,BOON SENG
SHH-RING-1WAY-50LB,PKT,1 Way Wire Rig (i-fixh) 50LB (7CM),Electrical,6,5.30,3.90,-1.40,-26.42,6,SINHENHUA
HOS-COU-BR-10MM,PCS,Br Hose Coupling (thick) 10MM,Outdoor & Garden,7,5.30,3.90,-1.40,-26.42,7,HSIN NGIE
FIT-HDPE-CAP-32MM,PCS,HDPE End Cap 32MM,Plumbing,10,4.30,2.90,-1.40,-32.56,10,HUA BAN
IND-PVC-TRO-BLA-4X11,PCS,4 X 11 Black PVC Trowel (power),Hand Tools,18,5.20,3.80,-1.40,-26.92,18,CHIONG SENG
"VAL-BAL-M'MAN-7755#X3/4""",PCS,M'man Ball X 3/4,Plumbing,4,5.60,4.20,-1.40,-25.00,4,JHT HARDWARE
GRA-CUT-BLA-4T,PCS,4T Blade Cut Grass Trimmer Head,Automotive,4,20.90,19.50,-1.40,-6.70,4,WHA WEE
MIDDY-END-CAP-RIGHT-WHT,PCS,Middy: End Cap - Right (white),Other,13,6.00,4.60,-1.40,-23.33,13,ING HING HONG
DRI-AUG-2WAY-11MM,PCS,T&t 2WAY Auger BIT-7/16,Power Tool Accessories,2,9.90,8.50,-1.40,-14.14,2,BOON SENG
TOO-TES-PEN-STA-(66-119),PCS,Spark Detecting Screwdriver - 1/8 X 5.1/2,Hand Tools,13,5.70,4.30,-1.40,-24.56,11,YUNG KONG
BRA-WAL-TOI-CIS,PCS,Techplas (1012B): Water Cistern Wall Bracket,Plumbing,3,5.70,4.30,-1.40,-24.56,3,HSIN NGIE
X-FIT-UPVC-TEE-W/D-110MMX82MM,PCS,U-pvc Reducing Tee W/door 110MM X 82MM 4 X 3,Plumbing,8,23.90,22.50,-1.40,-5.86,8,
CLI-HOS-60X63,PCS,Rb Super Hose Clamp 60 X 63,Hand Tools,10,5.90,4.50,-1.40,-23.73,10,ALIKE HARDWARE3
SHH-ROD-2692-362,PCS,"Santec 2692-362 (3'6"") Tiger Prawn Solid Rod",Fishing & Tackle,2,22.90,21.50,-1.40,-6.11,2,SINHENHUA
"SHH-CAGE-3RING-15""",PCS,3 Ring Cages 15 PE Net,Fishing & Tackle,2,21.90,20.50,-1.40,-6.39,2,SINHENHUA
FIT-GAL-NIP-25MM,PCS,Galv Nipple 1,Plumbing,10,5.30,3.90,-1.40,-26.42,10,HTC HARDWARE
"ELE-PVC-NUT-3""X6""",PCS,3 X 6 White Box W/nut,Fasteners & Fixings,5,3.00,1.60,-1.40,-46.67,5,GOLDEN DAY
FLO-MOC-30PS13,PCS,12 X 12 Floor Tiles 30PS13,Flooring,17,4.20,2.85,-1.35,-32.14,17,FINECERA
ELE-BUL-E27-3W-RED,PCS,Taicon E27 3W LED Color Bulb-red,Lighting,166,3.80,2.50,-1.30,-34.21,162,ECO ENTERPRISE3
CAR-BRU-875883,PAIR,Brush Pair Type Stanley,Automotive,11,19.20,17.90,-1.30,-6.77,11,HUACHIAN ENGINEERING
STA-HAN-GRI-N401305,PCS,Side Handle Type,Doors & Hardware,4,18.20,16.90,-1.30,-7.14,4,HUACHIAN ENGINEERING
DRI-SDS-GT02-06160,PCS,Glotool Sds Drill 6 X 160MM,Power Tool Accessories,11,5.30,4.00,-1.30,-24.53,11,SONIC3
BRU-END-GLO-509063-6MM,PCS,Glotool E/brush (b) 25MM,Power Tool Accessories,6,5.20,3.90,-1.30,-25.00,6,SONIC3
BOS-2608-595-051,PCS,Hss-g Metal Bit 2.0MM,Power Tools,15,4.40,3.10,-1.30,-29.55,15,CMW ENGINEERING
MEA-TAP-STE-GLO-03M,PCS,Glotool Steel Tape Type:b 3.0M,Hand Tools,23,6.90,5.60,-1.30,-18.84,21,SONIC3
BRU-END-HAW-509062,PCS,Glotool E/brush (b) 19MM,Power Tool Accessories,4,5.20,3.90,-1.30,-25.00,4,SONIC3
BOS-2608-585-875,PCS,Hss-g Cobal Bit 2.5MM (PCS),Power Tools,7,5.70,4.40,-1.30,-22.81,16,CMW ENGINEERING
TOO-HAM-CLA-GT21MM,PCS,Glotool Claw Hammer 21MM,Hand Tools,6,14.20,12.90,-1.30,-9.15,6,SONIC3
FIT-BUT-END-PLUG-25MM,PCS,Buteline 25MM PE Pipe End Plug,Plumbing,28,3.60,2.30,-1.30,-36.11,27,HUA BAN
TOW-CAR-MIN-JIN-3070,PCS,13 X 31 Cotton Face Towel,Bathroom,21,4.00,2.70,-1.30,-32.50,21,L.F. WHOLESALER
PAI-SPR-PMT-1007,CAN,Paint Master Spray Paint - No. 1007 Matt White,Paint & Sundries,34,7.80,6.50,-1.30,-16.67,32,SONIC
ELE-HOL-2727HD-E27,PCS,E27 To E27 Lamp Holder,Lighting,12,4.20,2.90,-1.30,-30.95,12,ECO ENTERPRISE3
"PAI-ROL-FRA-7""",PCS,Smr F380 Paint Roller Frame 7,Paint & Sundries,21,7.20,5.90,-1.30,-18.06,21,SYN JING LEE
TOO-PLI-CUTW106,PCS,Side Cut Pliers 150MM,Power Tools,6,19.20,17.90,-1.30,-6.77,6,JUMBO
HOS-GAR-GRE-160330-MTR,MTR,Br 83030 PVC Green Garden Hose 16X3.0MM,Outdoor & Garden,18,4.00,5.30,1.30,32.50,5.5,REXER3
TOO-WRE-KEY-ATHM-6,PCS,Arrow T Flat Hex Key (metric) With Plastic Handle - 6MM,Doors & Hardware,9,10.50,9.20,-1.30,-12.38,9,CHIN LAI
ELE-HOL-293-B22,PCS,Bm B22 Wedge Holder-black (ovl),Electrical,120,3.50,2.20,-1.30,-37.14,120,ECO ENTERPRISE3
"TOO-WRE-OIL-VIV-6""",PCS,Viviv Oil Filter WRENCH-6 Chain,Hand Tools,7,17.80,16.50,-1.30,-7.30,7,BOON SENG
CUT-ELE-ESS410D,PCS,"4""X1.0 Gold Elephant Cutting Disc",Abrasives & Cutting,42,2.80,1.50,-1.30,-46.43,32,KIM KONG3
MEA-TAP-BLI-7.5M-B7-CR,PCS,Blimax DM5 Measuring B7,Hand Tools,7,15.20,13.90,-1.30,-8.55,7,BOON SENG
SWI-SOC-ULT-M08213MG,PCS,Ultra 13A 2GANG Flat Pin Swi Soc Neon (M08213MG),Electrical,10,30.90,29.60,-1.30,-4.21,10,TRISTAR
CUT-DIS-MARK-12300-P120,PCS,Mr. Mark P120 Master Fibre Disc - Blk,Abrasives & Cutting,25,4.20,2.90,-1.30,-30.95,22,MAJOR HARVEST3
"IND-CAS-SWI-BRA-1""",PCS,1 DL5 Tpe 360 Degree Swivel Caster W Brakes,Fishing & Tackle,10,10.20,8.90,-1.30,-12.75,8,DALMAX3
CAP-01.5UF-415V-CBB61,PCS,Capacitor 415V Sh-po Square Black,Electrical,58,4.80,3.50,-1.30,-27.08,56,SEBD3
IND-WIR-PVC-BIRD-NET-BLK,MTR,Bird Netting (black),"Rope, Chain & Netting",12,7.20,5.90,-1.30,-18.06,12,ING PING3
SHH-SINKER-HOLE-NO.2,PCK,Hole Sinker No. 2 (10PCS/PCK),Fishing & Tackle,14,6.20,4.90,-1.30,-20.97,13,SINHENHUA
PAI-BRU-NIP-STEEL-TR880,PCS,Steel Wired Paint Brush (N10),Paint & Sundries,6,4.80,3.50,-1.30,-27.08,6,PAINT MAR.
TOO-COM-IRO-BUL-26MM,PCS,26MM Iron Bull Spanner,Hand Tools,6,23.90,22.60,-1.30,-5.44,6,KIM KONG3
TIE-CAB-BLA-200MM,PCK,"Black PVC Cable Ties 200MM (8"")",Electrical,51,7.60,6.30,-1.30,-17.11,44,SYN JING LEE
SHH-HOOK-406-NO.5,PKT,Saki Sepit Biru 406 No. 5 (20'S),Fishing & Tackle,12,6.50,5.20,-1.30,-20.00,12,SINHENHUA
TOO-WRE-DOU-0809,PCS,Double Flexible Socket Wrench 08 X 09MM,Hand Tools,10,12.10,10.80,-1.30,-10.74,9,SONIC3
SWI-SOC-ULT-M041W,PCS,Ultra 16A 4 GANG 1 Way-white (M041W),Electrical,8,21.90,20.60,-1.30,-5.94,8,TRISTAR
TIE-CAB-WHI-200MM,PCK,"White PVC Cable Ties 200MM (8"")",Electrical,35,7.60,6.30,-1.30,-17.11,34,SYN JING LEE
FAS-BAN-STE-12MM,ROLL,Sh Steel Band 12MM X 10M,Fasteners & Fixings,22,11.20,9.90,-1.30,-11.61,21,SONIC3
GUM-RAT-AIT-GEL,PCS,Aitachi Mouse Gel Paper,Chemicals & Adhesives,34,5.50,4.20,-1.30,-23.64,27,SYN JING LEE
"FIT-HDPE-BEN-MAL-25MMX1/2""",PCS,HDPE Bend Male 25MM X 1/2,Plumbing,54,3.90,2.60,-1.30,-33.33,53,HUA BAN
GUM-SEL-3ML,PCS,Selleys Supa Glue 3ML,Chemicals & Adhesives,25,6.10,4.80,-1.30,-21.31,25,PAINT MAR.
LOC-WAT-CS-508,PCS,Corsa Meter Lock,Locks & Security,3,13.20,11.90,-1.30,-9.85,3,REXER3
KGR-SOL-0.5LIT,TIN,500ML 508 High Solid Pva Glue,Chemicals & Adhesives,8,18.20,19.50,1.30,7.14,8,KANGAROO PAINT
"CLI-HOS-GP-3.1/2""",PCS,Gp S/steel Hose CLIP-3.1/2 (65-89MM),Outdoor & Garden,3,3.90,2.60,-1.30,-33.33,1,ALIKE HARDWARE3
FLO-MOC-J3030,PCS,J3030 30X30CM,Flooring,6,4.60,3.30,-1.30,-28.26,6,BRAVO-LINE
GAR-SPR-CR8411CPT,PCS,Shoulder Strap Complate,Outdoor & Garden,6,15.80,14.50,-1.30,-8.23,6,KTS TRADING
DOR-HIN-SSS-50MM,SET,2 Stainless Steel Hinges,Doors & Hardware,20,4.70,3.40,-1.30,-27.66,20,WHA WEE
NAI-FEL-SUP-25MM-500G,PKT,E. G Felt Nail 25MM - 500G,Fasteners & Fixings,18,6.50,5.20,-1.30,-20.00,15,SONIC
"VAL-BAL-MIN-MM-1/4""X1/4""",PCS,"MM Brass Mini Ball VALVE-1/4""X1/4",Plumbing,10,6.80,5.50,-1.30,-19.12,10,JHT HARDWARE
NAI-COM-100MM-20KG,PCK,4 Wire Nail (PCK),Fasteners & Fixings,159,4.50,3.20,-1.30,-28.89,236,BENTON
"VAL-BAL-MIN-FF-1/4""X1/4""",PCS,"Ff Brass Mini Ball VALVE-1/4""X1/4",Plumbing,9,6.80,5.50,-1.30,-19.12,9,JHT HARDWARE
NAI-CON-WHI-25MM,BOX,1 Hardened Steel Concrete Nail,Fasteners & Fixings,26,3.90,2.60,-1.30,-33.33,26,TIE BROTHER
"BNW-WAS-1/4""",PKT,1/4 Iron Washer (20PCS/PCK),Fasteners & Fixings,96,0.60,1.90,1.30,216.67,90,TIE BROTHER3
"FIT-SS233-PLU-3/4""-SUS304",PCS,SS Square Plug 3/4,Electrical,8,6.20,4.90,-1.30,-20.97,8,SYN JING LEE
CUT-VEG-N8003,PCS,Thumb Vegetable Cutter Gloves Large,Abrasives & Cutting,37,4.80,3.50,-1.30,-27.08,37,DALMAX
"TOO-BAR-WRE-STR-36""",PCS,Gd Wrecking BAR (straight) 36,Power Tools,2,25.90,24.60,-1.30,-5.02,2,SONIC3
BRA-S/STEEL-19MM-MMD19(D),PCS,19MM S/steel Bracket,Plumbing,10,6.60,5.30,-1.30,-19.70,10,CRYSTAL TRIUMPH S/B
SIN-WAS-00219S,PCS,1 1/2 Waste SS Bolt & Copper Nut,Fasteners & Fixings,43,9.00,7.70,-1.30,-14.44,42,DALMAX3
DRI-BIT-116D,PCS,25MM Hitmax Diamond Core Bit,Power Tool Accessories,3,19.80,18.50,-1.30,-6.57,3,CRYSTAL TRIUMPH S/B
TOO-FIL-15095(4),PCS,Br 2027 4 Slim Taper File,Hand Tools,16,8.10,6.80,-1.30,-16.05,16,REXER3
SIN-WAS-00219R,PCS,1 1/4 Waste SS Bolt & Copper Nut,Fasteners & Fixings,41,7.50,6.20,-1.30,-17.33,39,DALMAX3
TOO-ELE-TES-PEN-DB-17151A,PCS,Two-way Ph Test Pen (+/-) 17151A,Power Tools,6,5.50,4.20,-1.30,-23.64,6,LI HARDWARE
TOO-FIL-SLIM-125MM-BTSF5,PCS,5 Bossman Slim Taper Files,Power Tools,4,7.80,6.50,-1.30,-16.67,3,CHIN LAI
FIT-GAL-SOC-25MM,PCS,Galvanised Socket (270) 25MM,Electrical,7,5.50,4.20,-1.30,-23.64,7,SONIC3
CHA-ANI-6FT-35,PCS,Animal Chain 35 X 6,"Rope, Chain & Netting",9,8.80,7.50,-1.30,-14.77,9,SONIC3
FLO-MOC-R04,PCS,R04 30X30CM,Flooring,1,4.60,3.30,-1.30,-28.26,1,BRAVO-LINE
CLI-HOS-44X47,PCS,Rb Super Hose Clamp 44 X 47,Hand Tools,11,5.10,3.80,-1.30,-25.49,11,ALIKE HARDWARE3
INK-POT-BIG,PCS,Big Ink Pot,Other,12,4.60,3.30,-1.30,-28.26,12,WHA WEE
CHA-ANI-6FT-30,PCS,Animal Chain 30 X 6,"Rope, Chain & Netting",6,8.20,6.90,-1.30,-15.85,6,SONIC3
CLI-HOS-48X51,PCS,Rb Super Hose Clamp 48 X 51,Hand Tools,9,5.20,3.90,-1.30,-25.00,9,ALIKE HARDWARE3
FIT-GAL-TEE-18MM,PCS,Galvanised Tee (130) 18MM,Plumbing,4,4.80,3.50,-1.30,-27.08,4,SONIC3
CLI-HOS-40X43,PCS,Rb Super Hose Clamp 40 X 43,Hand Tools,8,5.00,3.70,-1.30,-26.00,8,ALIKE HARDWARE3
IND-DUS-GLO-120L-COV,PCS,120 LTR Dustbin Lids (cover),Housewares,2,17.60,18.90,1.30,7.39,2,SONIC3
CLI-HOS-52X55,PCS,Rb Super Hose Clamp 52 X 55,Hand Tools,6,5.30,4.00,-1.30,-24.53,16,ALIKE HARDWARE3
CLI-HOS-56X59,PCS,Rb Super Hose Clamp 56 X 59,Hand Tools,5,5.40,4.10,-1.30,-24.07,11,ALIKE HARDWARE3
FIT-HDPE-CON-20MM,PCS,3/4 HDPE Tank Connector,Plumbing,15,4.50,3.20,-1.30,-28.89,15,HUA BAN
"TOO-DRI-KEY-1/2""",PCS,Sr Drill Chuck Key Only 1/2,Power Tool Accessories,8,6.10,4.80,-1.30,-21.31,8,SYARIKAT HUA KIONG3
DOR-PAD-03019(2),PCS,2 777 S/steel Square Bolt,Fasteners & Fixings,8,5.30,4.00,-1.30,-24.53,8,REXER3
X-FLO-MOC-ZURICH-GREEN,PCS,Zurich Green 12 X 12 Floor Tiles,Power Tools,1,4.00,2.70,-1.30,-32.50,1,FINECERA
IND-GAL-WIRE-20#-500G,PKG,20 X 500G Wire,Electrical,1,3.60,4.90,1.30,36.11,0,TIE BROTHER
IND-GAL-WIR-PVC-30M,ROLL,30M Twist Tie Green PVC Wire,Electrical,4,5.20,3.90,-1.30,-25.00,4,TIE BROTHER
FLO-MOC-MARID.GRY,PCS,Madrid Grey 12 X 12 Floor Tiles,Flooring,1,3.90,2.65,-1.25,-32.05,1,FINECERA
ELE-BUL-B22-3W-YEL,PCS,Taicon B22 3W LED Color Bulb - Yellow,Lighting,16,3.70,2.50,-1.20,-32.43,16,ECO ENTERPRISE3
NIP-PHG-1L-P,CAN,1L Platone High Gloss Paster Base,Paint & Sundries,84,39.90,38.70,-1.20,-3.01,84,PAINT MAR.2
NIP-QSH-EXT-1L-D,CAN,1L Nippon Q-shield Extra Deep Base,Paint & Sundries,9,49.90,51.10,1.20,2.40,9,PAINT MAR.2
NIP-QSH-EXT-1L-A,TIN,1L Nippon Q-shield Extra Accent Base,Paint & Sundries,4,47.90,49.10,1.20,2.51,3,PAINT MAR.2
SWI-PLU-AER-13A,PCS,Taicon 13A Plugtop (white) SIRIM,Electrical,117,4.40,3.20,-1.20,-27.27,114,ECO ENTERPRISE3
BRU-END-GLO-509061,PCS,Glotool E/brush (b) 12MM,Power Tool Accessories,12,4.50,3.30,-1.20,-26.67,12,SONIC3
ELE-TUB-LED-22W-6500K,PCS,Ilite LED T8 1.2M 22W - 6500K,Lighting,194,9.10,7.90,-1.20,-13.19,188,TOP GAN
"FIT-BUT-STR-MALE-25MMX1/2""",PCS,Buteline 25MMX1/2 PE Straight Male,Plumbing,41,3.60,2.40,-1.20,-33.33,39,HUA BAN
"FIT-BUT-STR-MALE-20MMX1/2""",PCS,Buteline 20MMX1/2 PE Straight Male,Plumbing,39,3.70,2.50,-1.20,-32.43,38,HUA BAN
TOO-COM-GLO-15MM,PCS,Glotool Combination Wrench 15MM,Hand Tools,14,8.10,6.90,-1.20,-14.81,13,SONIC3
BOS-1619-P07-571,SET,Carbon Brush Gws 060,Power Tools,17,13.10,11.90,-1.20,-9.16,17,CMW ENGINEERING
TOO-COM-GLO-26MM,PCS,Glotool Combination Wrench 26MM,Hand Tools,5,18.70,19.90,1.20,6.42,5,SONIC3
TOO-COM-GLO-13MM,PCS,Glotool Combination Wrench 13MM,Hand Tools,12,7.10,5.90,-1.20,-16.90,10,SONIC3
HOS-MAC-WAS-OUT-3.0M,PCS,PVC Outlet HOSE-3.0M,Outdoor & Garden,16,17.30,18.50,1.20,6.94,15,JHT HARDWARE
PAI-TIG-75ML-YEL*,PC(S),75ML Tiger G. P Yellow,Paint & Sundries,13,9.70,8.50,-1.20,-12.37,13,ING PING3
TOO-PLI-LOC-GT250,PCS,Glotool Locking Plier 10,Hand Tools,8,17.00,15.80,-1.20,-7.06,8,SONIC3
STI-BRU-CUT-DEF,PCS,Deflector Brush Cutter,Outdoor & Garden,2,15.20,14.00,-1.20,-7.89,2,HOCK CHIONG LUNG
TOO-COM-GLO-12MM,PCS,Glotool Combination Wrench 12MM,Hand Tools,2,6.10,4.90,-1.20,-19.67,2,SONIC3
MAC-SEA-SF-200-90200005,PCS,Spare Part- Impulse Sealer Heat Element Kit,Paint & Sundries,3,7.20,6.00,-1.20,-16.67,3,ZHONG YUAN3
"HOS-CON-EG-314-13MM-1/2""",PCS,Eagle (EG-314) : Hose Connecter Adapter,Outdoor & Garden,18,7.00,5.80,-1.20,-17.14,17,HSIN NGIE
NAIL-TUFTING-TN-7225,PCK,U Clip Tufting Nail 25MM X 7.3MM (10PCS/PCK),Fasteners & Fixings,13,9.70,8.50,-1.20,-12.37,13,DALMAX3
TOO-WRE-KEY-ASUMA-MALK001-C,SET,10PCS (mm) Asuma Alenkey,Power Tools,20,7.70,6.50,-1.20,-15.58,20,CRYSTAL TRIUMPH S/B
FAS-SCR-TECH-METAL-50MM-PCK,PCK,Techscrew-metal Screw X 50MM (50PCS/PCK),Fasteners & Fixings,12,7.70,8.90,1.20,15.58,12,SONIC3
SAF-SPE-PIC-ST21-SMO,PCS,Picasaf Protective Eyewear-smoke ST21,Safety & Workwear,25,7.80,6.60,-1.20,-15.38,25,SUNWAY WINSTAR
HOS-CON-EG4027-40200009,PCS,Ecogreen-snap IN Dual Shut Off,Outdoor & Garden,3,19.90,18.70,-1.20,-6.03,3,ZHONG YUAN3
WOO-SQU-08',PCS,Mrtx List 8 (S4S),Building Materials,40,3.20,2.00,-1.20,-37.50,40,TONG DA
"IND-CAS-FIX-2""",PCS,2 DL5 Tpe Fixed Caster,Building Materials,11,11.10,9.90,-1.20,-10.81,11,DALMAX3
TOO-COM-W0305V-22*24MM,PCS,2 Open Wrench (22*24MM),Hand Tools,5,19.70,18.50,-1.20,-6.09,5,JUMBO
CUT-GRI-MJ021-100,PCS,Qs Grinding Wheel 4,Abrasives & Cutting,30,3.20,2.00,-1.20,-37.50,28,JUMBO
SHH-HOOK-9290BN14,PKT,Sode Hook No. 14(13'S),Fishing & Tackle,16,5.70,4.50,-1.20,-21.05,16,SINHENHUA
SHH-HOOK-9290BN12,PKT,Sode Hook No. 12(15'S),Fishing & Tackle,14,5.70,4.50,-1.20,-21.05,14,SINHENHUA
IND-SLO-ANG-RUB-SHO,PCK,Rubber Shoe For Boltless Upright (4PCS/PCK),Building Materials,8,9.10,7.90,-1.20,-13.19,8,GS SYSTEM
SHH-HOOK-9290BN10,PKT,Sode Hook No. 10(17'S),Fishing & Tackle,11,5.70,4.50,-1.20,-21.05,10,SINHENHUA
TOO-COM-IRO-BUL-07MM,PCS,7MM Iron Bull Spanner,Hand Tools,21,5.10,3.90,-1.20,-23.53,20,KIM KONG3
"FIT-HDPE-BEN-FEM-25MMX3/4""",PCS,HDPE Bend Female 25MM X 3/4,Plumbing,68,4.20,3.00,-1.20,-28.57,67,HUA BAN
SHH-SWIVEL-SNAP-NO.6,PKT,Nickel Snap Swivel No. 6,Fishing & Tackle,11,5.30,4.10,-1.20,-22.64,8,SINHENHUA
TIE-CAB-BLA-150MM,PCK,"Black PVC Cable Ties 150MM (6"")",Electrical,46,6.10,4.90,-1.20,-19.67,40,SYN JING LEE
TOW-STB-08023(3/4),PAIR,Stb 3/4 Centre S/steel Towel Bracket,Bathroom,10,5.70,4.50,-1.20,-21.05,10,REXER3
CUT-SAW-IND-14J,PCS,Sr India Junior Saw 14J,Abrasives & Cutting,13,4.00,2.80,-1.20,-30.00,7,SYARIKAT HUA KIONG3
SHH-HOOK-9290BN8,PKT,Sode Hook No. 8(18'S),Fishing & Tackle,9,5.70,4.50,-1.20,-21.05,9,SINHENHUA
HOS-FLE-SW-PVCH-08,PCS,8 PVC Flexible Hose With PVC Holder,Outdoor & Garden,19,9.80,8.60,-1.20,-12.24,19,VTC HARDWARE
NUM-80MM-C,PCS,Acp Alphabet 80MM - C,Signage & Numbering,6,13.80,12.60,-1.20,-8.70,6,REXER3
TIE-CAB-WHI-150MM,PCK,"White PVC Cable Ties 150MM (6"")",Electrical,36,6.10,4.90,-1.20,-19.67,34,SYN JING LEE
TOO-FIL-SLIM-100MM-BTSF4,PCS,4 Bossman Slim Taper Files,Power Tools,24,6.70,5.50,-1.20,-17.91,24,CHIN LAI
CAB-LUG-10-8,PCK,Cable Lug 10-8 (10PCS/PCK),Electrical,13,7.70,6.50,-1.20,-15.58,12,ECO ENTERPRISE3
SHH-HOOK-9290BN16,PKT,Sode Hook No. 16(10'S),Fishing & Tackle,6,5.70,4.50,-1.20,-21.05,6,SINHENHUA
IND-SCP-PVC-ASES,PCS,Arrow Silicone Edge Scraper,Chemicals & Adhesives,18,7.10,5.90,-1.20,-16.90,18,CHIN LAI
"FIT-HDPE-BEN-MAL-25MMX3/4""",PCS,HDPE Bend Male 25MM X 3/4,Plumbing,42,3.80,2.60,-1.20,-31.58,41,HUA BAN
WAL-PLU-H/DUTY-630A,PCK,6MM X 30MM H/duty PVC Wall Plug,Fasteners & Fixings,29,5.50,4.30,-1.20,-21.82,28,DALMAX3
"FIT-YG245-NIP-1/4""-BRA",PCS,Brass Equal Nipple 1/4,Plumbing,22,4.00,2.80,-1.20,-30.00,21,SYN JING LEE
FAS-RIV-PAT-5/32X3/8-PCK,PCK,Blind Rivet: Jaguar 5/32 X 3/8 (20PCS/PCK),Fasteners & Fixings,24,0.50,1.70,1.20,240.00,23,KWONG TECK CHIONG
LIQ-MOL-HAN-WAS-300G,CAN,HANDWASCHPASTE-300G,Other,3,9.10,7.90,-1.20,-13.19,3,
FAS-RIV-PAT-5/32X1/2-PCK,PCK,Blind Rivet: Jaguar 5/32 X 1/2 (20PCS/PCK),Fasteners & Fixings,23,0.50,1.70,1.20,240.00,23,KWONG TECK CHIONG
"FIT-YG225-BUSH-3/8""X1/4""-BRA",PCS,Brass Bushing 3/8 X 1/4,Plumbing,16,4.00,2.80,-1.20,-30.00,16,SYN JING LEE
CLI-HOS-ORB-3,PCS,Orbit Hose Clip No : 3,Outdoor & Garden,25,3.20,2.00,-1.20,-37.50,25,JHT HARDWARE
FIR-HOO-31150,PCS,Fire Extinguisher Bracket,Safety & Workwear,36,5.10,3.90,-1.20,-23.53,35,REXER3
RIG-NIP-38MM,PCS,K. C. Nipple 38 MM,Lifting & Rigging,5,5.70,4.50,-1.20,-21.05,5,SONIC3
DRI-HSS-TWI-06MM,PCS,Blimax Hss Twist Drill BIT-1/4,Power Tool Accessories,12,3.70,2.50,-1.20,-32.43,12,BOON SENG
NAI-CON-BLA-18MM,BOX,3/4 Black Hardened Steel Concrete Nail,Fasteners & Fixings,18,3.90,2.70,-1.20,-30.77,18,TIE BROTHER
"HHD-PIP-FLU-1 1/2""",PCS,1 1/2 Flush Pipe,Plumbing,74,5.70,4.50,-1.20,-21.05,74,BENTON3
GRA-CUT-LIN-YEL-4226#,PCS,Active Red Trimmer Line - Red 4226,Outdoor & Garden,7,5.80,4.60,-1.20,-20.69,7,JHT HARDWARE
TOO-SOC-CON-BFC24,PCS,"1/2""X75MMX6MM Socket Connector",Electrical,4,7.10,5.90,-1.20,-16.90,3,CRYSTAL TRIUMPH S/B
ARM-PADS,PAIR,Arm Pads,Other,18,5.50,4.30,-1.20,-21.82,18,DHAI SHENG
TOO-CLA-SPR-PM34226,PCS,Pumpkin 2 (120MM) Spring Clamp,Hand Tools,10,7.70,6.50,-1.20,-15.58,10,DALMAX3
SPR-NOZ-PI7-101#,PCS,PI7 Spray NOZZLE-101,Power Tool Accessories,3,6.10,4.90,-1.20,-19.67,15,BOON SENG
INK-POT-SMALL,PCS,Small Ink Pot,Other,14,3.90,2.70,-1.20,-30.77,13,WHA WEE
CLI-HOS-36X39,PCS,Rb Super Hose Clamp 36 X 39,Hand Tools,10,4.80,3.60,-1.20,-25.00,10,ALIKE HARDWARE3
HHD-HAN-LEV-HIGH,PCS,High Level Handle,Doors & Hardware,3,4.70,3.50,-1.20,-25.53,3,WHA WEE
IND-DUS-GLO-120L-CLIP,SET,120 Litre Dustbin Clip,Housewares,4,10.40,9.20,-1.20,-11.54,4,SONIC3
"FIT-UPVC-TEE-1 1/2""",PCS,1 1/2 (40MM) U Tee Plain (90'),Plumbing,23,4.60,3.40,-1.20,-26.09,23,HUA BAN
"NAI-COM-1/2""*",PCK,1/2 Wire Nails - 200G,Electrical,23,3.80,2.60,-1.20,-31.58,22,TIE BROTHER
FIT-PVC-PLU-50MM,PCS,PVC Fitting Plug 50MM 2,Plumbing,23,3.60,2.40,-1.20,-33.33,23,KIONG SING
TOO-DRV-MUL-13178,PCS,Br 1018 Multipurpose Screw Driver,Fasteners & Fixings,13,6.10,4.90,-1.20,-19.67,12,REXER3
"TOO-FIL-ORE-3/16""",PCS,3/16 Oregan Chainsaw File (b) (PCS),Hand Tools,5,5.10,3.90,-1.20,-23.53,39,WHA WEE
"FIT-SS245-NIP-1/2""-SUS304",PCS,SS Equal Nipple 1/2,Plumbing,1,4.30,3.10,-1.20,-27.91,1,SYN JING LEE
"X-ELE-PVC-NUT-3""X10""",PCS,"3""X10 White Box W/nut",Fasteners & Fixings,1,4.20,3.00,-1.20,-28.57,1,FULL-LITE
"FIT-UPVC-U-BEND-1 1/2""",PCS,"1 1/2""(40MM) U Bend I/opening (90')",Plumbing,11,4.70,3.50,-1.20,-25.53,11,HUA BAN
FIT-GAL-BUSH-18MMX25MM,PCS,Galv Bushing 1 X 3/4,Plumbing,7,4.40,3.20,-1.20,-27.27,7,HTC HARDWARE
X-FLO-MOC-30RCP14,PCS,12 X 12 Floor Tiles 30RCP14,Power Tools,1,3.90,2.75,-1.15,-29.49,1,FINECERA
X-FLO-MOC-30RCP24,PCS,12 X 12 Floor Tiles 30RCP24,Power Tools,1,3.90,2.75,-1.15,-29.49,1,FINECERA
ELE-BUL-E27-3W-BLUE,PCS,Taicon E27 3W LED Color Bulb-blue,Lighting,37,3.60,2.50,-1.10,-30.56,37,ECO ENTERPRISE3
BID-SOR-SRT201-BL,PCS,Sorento Bidet Spray 1.2M Flex Hose Blk,Bathroom,3,97.90,99.00,1.10,1.12,3,SYNTALUN
BOS-2608-585-903,PCS,Hss-g Cobal Bit 12.0MM,Power Tools,7,51.90,53.00,1.10,2.12,7,CMW ENGINEERING
BOS-2608-642-983,PCS,Circular Sawblade 7 1/4 X 30T Wood,Power Tools,1,69.90,68.80,-1.10,-1.57,1,CMW ENGINEERING
DRI-SDS-GT02-65160,PCS,Glotool Sds Drill 6.5 X 160MM,Power Tool Accessories,14,5.50,4.40,-1.10,-20.00,14,SONIC3
DRI-SDS-GT02-07160,PCS,Glotool Sds Drill 7 X 160MM,Power Tool Accessories,13,5.50,4.40,-1.10,-20.00,13,SONIC3
BOS-2608-585-873,PCS,Hss-g Cobal Bit 1.5MM,Power Tools,19,5.00,3.90,-1.10,-22.00,18,CMW ENGINEERING
PAI-SPR-SAM-Y016,PCS,Samurai Spray Paint Candy Yellow,Paint & Sundries,5,19.00,17.90,-1.10,-5.79,4,KIM KONG3
TOO-HAM-CLA-GT29MM,PCS,Glotool Claw Hammer 29MM,Hand Tools,11,19.90,18.80,-1.10,-5.53,7,SONIC3
ELE-PEN-170/BK-E27,PCS,Pendant Lamp 170-BK,Lighting,18,46.90,48.00,1.10,2.35,18,CIMA
BOS-2608-595-053,PCS,Hss-g Metal Bit 2.5MM (PCS),Power Tools,8,4.40,3.30,-1.10,-25.00,13,CMW ENGINEERING
TOI-TIS-CB318-BL,PCS,Cabana Paper Holder CB318-BLK,Bathroom,6,53.90,55.00,1.10,2.04,6,SYNTALUN
COC-BAS-L533,PCS,Leon SUS304 Basin TAP-L533,Bathroom,5,56.90,58.00,1.10,1.93,5,BOON SENG
TAP-CAB-CB2807,PCS,Cabana Basin Tap,Bathroom,3,83.90,85.00,1.10,1.31,3,SYNTALUN
TOO-COM-GLO-16MM,PCS,Glotool Combination Wrench 16MM,Hand Tools,4,8.40,7.30,-1.10,-13.10,3,SONIC3
HOO-CAB-CB806-5,UNIT,Cabana S/steel 5 Robe Hook (satin),Doors & Hardware,9,73.90,75.00,1.10,1.49,9,HUE HOME
DOR-LOC-CYL-A600SP,PCS,Cavallo Door Lock (v/p) A600SP,Doors & Hardware,29,19.90,18.80,-1.10,-5.53,29,SYN JING LEE
DOR-LOC-CYL-A600SS,PCS,Cavallo Door Lock (v/p) A600SS,Doors & Hardware,27,19.90,18.80,-1.10,-5.53,25,SYN JING LEE
LOC-SGD-HL99-50MM,PCS,Hard Anti Cut Padlock,Locks & Security,42,30.90,32.00,1.10,3.56,42,VERTEX
BOS-1.6MM-T/ELECTRODE,PCS,1.6MM Tungsten Electrode,Welding,15,6.50,5.40,-1.10,-16.92,15,CMW ENGINEERING
"DOR-HIN-STE-CLO-5/8""",PCS,Soft Close HINGES-5/8,Doors & Hardware,40,4.60,3.50,-1.10,-23.91,40,BOON SENG
ELE-CAB-WIR-ASIA-2.5BK*,MTR,"Asia PVC Cable, Black - MTR",Electrical,434,0.50,1.60,1.10,220.00,425.5,SEBD
PYE-FIL-WAL-PUTTY-0.5KG-B*,TIN,PYE Wall Filla E Putty 0.5KG (yellow Cap),Paint & Sundries,35,6.40,5.30,-1.10,-17.19,32,BENTON3
TOO-COM-W0287A-08MM,PCS,Com Ratchet Wrench 08MM,Hand Tools,3,19.90,18.80,-1.10,-5.53,3,JUMBO
"IND-CAS-SWI-BRA-2""",PCS,2 DL5 Tpe 360 Degree Swivel Caster W Brakes,Fishing & Tackle,25,14.00,12.90,-1.10,-7.86,25,DALMAX3
IND-SCP-FR9788-1,PCS,1 Faris W Handle Finishing Scraper,Doors & Hardware,19,6.00,4.90,-1.10,-18.33,19,DALMAX3
TOO-TYR-LEV-W0014D,PCS,"Type Lever 24""/600MM",Power Tools,2,57.90,56.80,-1.10,-1.90,2,JUMBO
SHH-SINKER-NO.2,PCK,Single Head Sinker No. 2 (2PCS/PCK),Fishing & Tackle,62,5.00,3.90,-1.10,-22.00,61,SINHENHUA
WAS-BAS-FIL-S90(185),PCS,S90 (185) Steel Washing Basin Filter,Bathroom,8,3.50,2.40,-1.10,-31.43,7,L.F. WHOLESALER
ADH-TAP-SEA-2915,PCS,Somax 19MM X 0.2MM X 15M Seal Tape,Chemicals & Adhesives,275,4.00,2.90,-1.10,-27.50,274,DALMAX3
TOO-PLI-DIA-D306-150MM,PCS,D306 Diagonal Pliers 150MM,Power Tools,5,18.40,17.30,-1.10,-5.98,5,JUMBO
EXH-FAN-FN25A,PCS,Dekka Apb 25A 10 Wall Exhaust Fan,Fans & Ventilation,3,83.90,85.00,1.10,1.31,3,HAN LIN
TAP-PIL-OTO-966-1,PCS,966-1 OTOSANI'304 S/steel Pillar Swan Tap,Plumbing,12,53.90,55.00,1.10,2.04,12,CHUAN HONG
X-HOO-CAB-CB8001-3,UNIT,Cabana 3 Robe Hook (satin) CB8001-3,Power Tools,2,37.90,39.00,1.10,2.90,2,
NAIL-TUFTING-TN-7220,PCK,U Clip Tufting Nail 20MM X 7.3MM (10PCS/PCK),Fasteners & Fixings,10,8.60,7.50,-1.10,-12.79,9,DALMAX3
SHE-CAB-CB505,UNIT,Cabana Glass Shelf CB505,Building Materials,2,88.90,90.00,1.10,1.24,2,HUE HOME
SHE-CAB-CB501A,UNIT,Cabana Glass Shelf CB501A,Building Materials,2,76.90,78.00,1.10,1.43,2,HUE HOME
CLI-HOS-ORB-1A,PCS,Orbit Hose Clip No : 1A,Outdoor & Garden,30,2.40,1.30,-1.10,-45.83,27,SYN JING LEE
SAF-SPE-PIC-ST21-CLE,PCS,Picasaf Protective Eyewear-clear ST21,Safety & Workwear,16,7.70,6.60,-1.10,-14.29,-6,SUNWAY WINSTAR
"FAS-SCR-DRY-WHI-6#1.1/4""",PCK,Hunter/wh - Drywall Screw 6 (20PCS/PCK) X1-1/4,Fasteners & Fixings,62,0.70,1.80,1.10,157.14,58,BENTON
NUM-80MM-9,PCS,Acp Numbering 80MM - 9,Signage & Numbering,12,13.70,12.60,-1.10,-8.03,12,REXER3
SHE-CAB-CB504A,UNIT,Cabana Glass Shelf CB504A,Building Materials,1,87.90,89.00,1.10,1.25,1,
HOS-SPA-NOZ-C882,PCS,C882 Quick Coupling Nozzle 3/4,Power Tool Accessories,32,6.60,5.50,-1.10,-16.67,31,SYN JING LEE
GRA-SSS-150MM-06084(6),PCS,6 Czs S/steel Floor Grating,Bathroom,10,6.60,5.50,-1.10,-16.67,9,REXER3
GUN-BLO-GAS-SM920,PCS,Gas Blow Gun,Fasteners & Fixings,9,20.90,19.80,-1.10,-5.26,9,SYN JING LEE
HOS-NOZ-TRI-ECO2100,PCS,Ecogreen- Adjustable Trigger Nozzle,Power Tool Accessories,8,21.90,20.80,-1.10,-5.02,8,ZHONG YUAN3
SHH-SWIVEL-SNAP-NO.10,PKT,Nickel Snap Swivel No. 10,Fishing & Tackle,12,4.80,3.70,-1.10,-22.92,12,SINHENHUA
BRA-S/S-L-50383,PCS,Stainless Steel L Bracket 50383-50X50,Plumbing,28,5.80,4.70,-1.10,-18.97,28,BOON SENG
NUM-80MM-7,PCS,Acp Numbering 80MM - 7,Signage & Numbering,7,13.70,12.60,-1.10,-8.03,7,REXER3
CEI-ROSE-408A-131-CR3,PCS,408A 131 CR3 Ceiling Rose,Building Materials,16,3.30,2.20,-1.10,-33.33,16,FULL-LITE
NUM-80MM-6,PCS,Acp Numbering 80MM - 6,Signage & Numbering,6,13.70,12.60,-1.10,-8.03,6,REXER3
NUM-80MM-E,PCS,Acp Alphabet 80MM - E,Signage & Numbering,6,13.70,12.60,-1.10,-8.03,6,REXER3
CAB-LUG-06-6,PCK,Cable Lug 6-6 (10PCS/PCK),Electrical,16,8.40,7.30,-1.10,-13.10,16,ECO ENTERPRISE3
SHH-SWIVEL-NO.6,PKT,Nickel Swivel No. 6,Fishing & Tackle,10,4.50,3.40,-1.10,-24.44,10,SINHENHUA
PAI-TIG-75ML-BLACK,TIN,75ML Tiger G. P 9103 Black,Paint & Sundries,17,9.60,8.50,-1.10,-11.46,17,ING PING3
"FIT-HDPE-ADA-MAL-25MMX1/2""",PCS,HDPE Adaptor Male 25MM X 1/2,Plumbing,67,2.90,1.80,-1.10,-37.93,67,HUA BAN
HOS-FLE-SW-PVCH-12,PCS,12 PVC Flexible Hose With PVC Holder,Outdoor & Garden,14,10.60,9.50,-1.10,-10.38,14,VTC HARDWARE
NUM-80MM-F,PCS,Acp Alphabet 80MM - F,Signage & Numbering,5,13.70,12.60,-1.10,-8.03,5,REXER3
IND-PAI-BLA-70L,PCS,Big Black Pail With Cover 70L,Housewares,7,59.90,58.80,-1.10,-1.84,7,SONIC3
HOS-FLE-SW-PVCH-10,PCS,10 PVC Flexible Hose With PVC Holder,Outdoor & Garden,14,10.30,9.20,-1.10,-10.68,14,VTC HARDWARE
"PAI-ROL-REF-ALI-7""-W/Y",PCS,Alipaint Y/w Roller Refill 7,Paint & Sundries,30,4.80,3.70,-1.10,-22.92,30,ALIKE HARDWARE3
GRA-CAB-CB6633,UNIT,Cabana Floor Trap (6X6),Plumbing,3,33.90,35.00,1.10,3.24,3,SYNTALUN
SHH-HOOK-12146BN-1,PKT,No. 1 Hytac Hook 14'S,Fishing & Tackle,8,4.30,3.20,-1.10,-25.58,8,SINHENHUA
HOS-CON-ADA-PI7-326#,PCS,PI7 Hose CONNECTOR-326,Outdoor & Garden,2,5.60,4.50,-1.10,-19.64,25,BOON SENG
SHH-SWIVEL-SNAP-NO.12,PKT,Nickel Snap Swivel No. 12,Fishing & Tackle,7,4.80,3.70,-1.10,-22.92,7,SINHENHUA
"FIT-HDPE-ADA-MAL-25MMX3/4""",PCS,HDPE Adaptor Male 25MM X 3/4,Plumbing,54,2.90,1.80,-1.10,-37.93,52,HUA BAN
DOR-HIN-SSS-75MM,PAIR,3 Stainless Steel Hinges,Doors & Hardware,19,6.30,5.20,-1.10,-17.46,19,WHA WEE
"FIT-HDPE-BEN-MAL-20MMX1/2""",PCS,HDPE Bend Male 20MM X 1/2,Plumbing,48,3.10,2.00,-1.10,-35.48,47,HUA BAN
"FAS-SCR-DRY-BLA-6#1-1/2""",PCK,Hunter/bk - Drywall Screw 6 (20PCS/PCK) X1-1/2,Fasteners & Fixings,16,0.80,1.90,1.10,137.50,3,BENTON
TOO-DRV-KT107+Z200,PCS,"200MM (8""+6)107 King Top (+) Screw Driver",Fasteners & Fixings,26,5.60,4.50,-1.10,-19.64,26,LI HARDWARE
CLI-BAT-CLI-0050AMP,SET,L/duty Battery Clip 50AMP,Electrical,18,4.60,3.50,-1.10,-23.91,16,TIE BROTHER3
X-FLO-MOC-30WM90,PCS,"12""X12 Floor Tiles 30WM90",Power Tools,2,4.00,2.90,-1.10,-27.50,2,CHEE LIAN
WOO-DOU-08',PCS,Mrtx List 8 (d),Building Materials,74,3.10,2.00,-1.10,-35.48,73,TONG DA
TOO-CUT-STA-992014562,PCS,10 (red) Aviation Snip-left,Hand Tools,3,61.90,63.00,1.10,1.78,3,YUNG KONG
X-FLO-MOC-KP106B,PCS,KP106B 300X300MM,Power Tools,1,4.70,3.60,-1.10,-23.40,1,BRAVO-LINE
X-FLO-MOC-KP106D,PCS,KP106D 300X300MM,Power Tools,1,4.70,3.60,-1.10,-23.40,1,BRAVO-LINE
X-FLO-MOC-KP106E,PCS,KP106E 300X300MM,Power Tools,1,4.70,3.60,-1.10,-23.40,1,BRAVO-LINE
MIDDY-CORNER OUT-G100CO-W,PCS,Middy:corner Out (white),Other,4,38.90,40.00,1.10,2.83,4,ING HING HONG
SAF-SHO-SAV-40/6#,PAIR,Savvi Safety Shoe 40/6,Safety & Workwear,2,74.90,76.00,1.10,1.47,2,FONG YUAN HUNG
SAF-SHO-SAV-42/8#,PAIR,Savvi Safety Shoe 42/8,Safety & Workwear,2,74.90,76.00,1.10,1.47,2,FONG YUAN HUNG
SAF-SHO-SAV-43/9#,PAIR,Savvi Safety Shoe 43/9,Safety & Workwear,2,74.90,76.00,1.10,1.47,2,FONG YUAN HUNG
SAF-SHO-SAV-44/10#,PAIR,Savvi Safety Shoe 44/10,Safety & Workwear,2,74.90,76.00,1.10,1.47,2,FONG YUAN HUNG
X-FLO-MOC-BR3030NSG,PCS,BR3030NSG 30CMX30CM,Power Tools,1,3.40,2.30,-1.10,-32.35,1,BRAVO-LINE
RIG-SHA-GAL-16MM,PCS,Galvanised D-shackle 16 MM,Lifting & Rigging,3,6.60,5.50,-1.10,-16.67,2,SONIC3
GAR-SPR-CR8441CPT,PCS,Auto Release Body Complete,Outdoor & Garden,2,20.90,19.80,-1.10,-5.26,2,KTS TRADING
"OIL-FUN-06""",PCS,Oil Funnel 6,Housewares,3,40.90,39.80,-1.10,-2.69,3,WEE TAT TRADING
FIT-PVC-ELB-PT25MM,PCS,PVC Fitting P/t Elbow 25MM 1,Plumbing,107,3.00,1.90,-1.10,-36.67,105,KIONG SING
FIT-PVC-CON-25MM,PCS,PVC Fitting Tank Connector 25MM 1,Plumbing,55,5.40,4.30,-1.10,-20.37,55,KIONG SING
CUT-DIS-MARK-12800-04C,PCS,Mr. Mark 4 Cutting Disc Abr. Wheel 12800,Abrasives & Cutting,31,3.30,2.20,-1.10,-33.33,29,MAJOR HARVEST3
GLA-MAR,PCK,Glass Marbles,Building Materials,19,5.20,4.10,-1.10,-21.15,19,SINHENHUA
SWI-CON-PVC-06A,LTH,Sino PVC Connector 5A,Electrical,92,2.80,1.70,-1.10,-39.29,88,FULL-LITE
"FIT-HDPE-ADA-FEM-20MMX1/2""",PCS,HDPE Adaptor Female 20MMX1/2,Plumbing,8,2.80,1.70,-1.10,-39.29,5,HUA BAN
OUT-CON-RUB-BLACK-318,PCS,38MM Rubber Inlet Connector-black,Other,14,5.30,4.20,-1.10,-20.75,13,TIE BROTHER3
TOO-CHI-15086(P),PCS,Sds Plus Shank Point Chisel,Power Tool Accessories,3,6.10,5.00,-1.10,-18.03,3,REXER3
"VAL-BAL-M'MAN-7733#X3/4""",PCS,M'man Ball Valve X 3/4,Plumbing,3,5.60,4.50,-1.10,-19.64,3,JHT HARDWARE
"FIT-YG225-BUSH-1/2""X1/4""-BRA",PCS,Brass Bushing 1/2 X 1/4,Plumbing,4,4.00,2.90,-1.10,-27.50,4,SYN JING LEE
"FIT-YG245-NIP-3/8""-BRA",PCS,Brass Equal Nipple 3/8,Plumbing,4,4.00,2.90,-1.10,-27.50,4,SYN JING LEE
SHH-REEL-AR30210,PCS,"Air Response 30-210(7'0"") Rod (casting Rod)",Fishing & Tackle,1,57.90,59.00,1.10,1.90,1,SINHENHUA
ELE-CAB-WIR-GRE-2.5MM*,MTR,2.5MM PVC Cable Green - MTR,Electrical,328,0.50,1.60,1.10,220.00,319.5,ECO ENTERP
CLI-HOS-32X35,PCS,Rb Super Hose Clamp 32 X 35,Hand Tools,12,4.60,3.50,-1.10,-23.91,10,ALIKE HARDWARE3
"FIT-HDPE-BEN-MAL-25MMX1""",PCS,HDPE Bend Male 25MM X 1,Plumbing,35,3.70,2.60,-1.10,-29.73,35,HUA BAN
COC-BIB-PVC-SY12MM,PCS,1/2 Sy PVC Bib Tap,Plumbing,32,3.40,2.30,-1.10,-32.35,23,TIE BROTHER3
TOO-CHI-THP250,PCS,Cold Chisel High Tensile 250MM Point,Hand Tools,6,5.80,4.70,-1.10,-18.97,6,SONIC3
"GUN-GRE-NIP-STR-1/2"" UNF 20",PCS,S. K Straight Grease Nipple 1/2 Unf 20,Fasteners & Fixings,12,5.90,4.80,-1.10,-18.64,12,HTC HARDWARE
"OIL-FUN-8""-129",PCS,Betterware PVC Liquid Funnel 8 129,Housewares,4,4.80,3.70,-1.10,-22.92,4,KIONG JOUNG3
"FIT-HDPE-BEN-FEM-25MMX1""",PCS,HDPE Bend Female 25MM X 1,Plumbing,9,4.20,3.10,-1.10,-26.19,9,HUA BAN
X-FLO-MOC-PRE-WHI,PCS,Premium White 12 X 12 Floor Tiles,Power Tools,1,3.40,2.30,-1.10,-32.35,1,FINECERA
IND-RIC-COO-RC7878,SET,5.6L Rice Cooker (cool Grey),Home Appliances,1,339.00,338.00,-1.00,-0.29,1,KHIND-MISTRAL
ELE-BUL-B22-3W-RED,PCS,Taicon B22 3W LED Color Bulb - Red,Lighting,56,3.50,2.50,-1.00,-28.57,56,ECO ENTERPRISE3
RAINBOW-G888-250GM,BTL,Nippon Gold Paint 999 Gold,Paint & Sundries,11,43.90,42.90,-1.00,-2.28,11,PAINT MAR.
ELE-BUL-B22-3W-BLU,PCS,Taicon B22 3W LED Color Bulb - Blue,Lighting,34,3.50,2.50,-1.00,-28.57,34,ECO ENTERPRISE3
ELE-BUL-B22-3W-GRE,PCS,Taicon B22 3W LED Color Bulb - Green,Lighting,30,3.50,2.50,-1.00,-28.57,30,ECO ENTERPRISE3
FAN-KHI-AF1801,SET,Khind 18 Auto Fan (white),Fans & Ventilation,2,289.00,288.00,-1.00,-0.35,2,KHIND-MISTRAL
FAN-WAL-TAICON-TC-11006,SET,Taicon 16 Wall Fan Sirim-whi,Fans & Ventilation,5,114.00,115.00,1.00,0.88,5,ECO ENTERPRISE3
KHI-COO-RCJ188,SET,Khind - Jar Rice Cooker 1.8L (mint),Home Appliances,4,144.00,145.00,1.00,0.69,4,KHIND-MISTRAL
ELE-D/L-TC-3260-32W-RND,PCS,Taicon 32W Adjusted LED Round (TC-3260),Lighting,13,35.90,36.90,1.00,2.79,12,ECO ENTERPRISE3
KHI-FRY-ARF35,SET,Khind Air Fryer (mint),Home Appliances,2,229.00,228.00,-1.00,-0.44,2,KHIND-MISTRAL
ELE-D/L-TC-2261-32W-SQ,PCS,Taicon 32W Adjusted LED Square (TC-2261),Lighting,12,36.90,35.90,-1.00,-2.71,12,ECO ENTERPRISE3
BID-SOR-SRT93-SS,PCS,Sorento Hand Bidet 1.2M Flex Hose,Bathroom,2,124.00,125.00,1.00,0.81,2,SYNTALUN
BLE-KHI-BL1220,SET,Khind Blender 1.2L (1J1M) (winter Grey),Home Appliances,2,114.00,115.00,1.00,0.88,2,KHIND-MISTRAL
SHO-SOR-SRTSH2623-GRY,PCS,Sorento 225MM ABS Rain Shower Head Gry,Bathroom,2,99.00,98.00,-1.00,-1.01,2,SYNTALUN
TOO-COM-SET-GT824,SET,Glotool Combination Wrench Set 14 X 8-24MM,Hand Tools,3,83.90,84.90,1.00,1.19,3,SONIC3
BOS-SMCV-45,UNIT,Sumo Concrete Vibrator 6M,Power Tools,1,354.00,355.00,1.00,0.28,1,CMW ENGINEERING
FAN-PSN-F-M14DZVBKH,PCS,Panasonic Bayu 5 Black,Fans & Ventilation,2,489.00,488.00,-1.00,-0.20,2,KIONG HUO
PAI-SPR-SAM-057,PCS,Samurai Spray Paint Fluorescent Red,Paint & Sundries,23,24.90,23.90,-1.00,-4.02,23,KIM KONG3
FAN-CEI-DEKA-CX146BK12,UNIT,Deka Ceiling Fan X-one 46 Black,Fans & Ventilation,6,159.00,158.00,-1.00,-0.63,6,DEKA
STA-HEA-STEL670,UNIT,Stanley Heatgun,Power Tools,1,189.00,188.00,-1.00,-0.53,1,HUACHIAN3
ELE-D/L-MGM-MQTL1119-RD,PCS,"Mgm 6""/RD LED Panel Light (sr) MQTL1119-Y/15W 15W/6500K",Lighting,41,28.90,27.90,-1.00,-3.46,39,FULL-LITE
BOS-F016-L73-832,PCS,Trigger For Aqt,Power Tools,1,124.00,125.00,1.00,0.81,1,CMW ENGINEERING
FAN-WAL-PSN-F-MU408-WT,PCS,Panasonic 16 Wall Fan,Fans & Ventilation,2,269.00,268.00,-1.00,-0.37,2,KIONG HUO
TOO-AXE-GLO-1.5LB,PCS,Glotool Axe 1.1/2LB,Power Tools,4,26.90,25.90,-1.00,-3.72,4,SONIC3
CIMA-SD-L/SC192Y/24W/WH/DL,SET,Cielo Iv 203Y 36W L/surface D/light (round) Dl,Lighting,19,44.90,43.90,-1.00,-2.23,19,CIMA
PAI-SPR-SAM-054,PCS,Samurai Spray Paint Fluorescent Green,Paint & Sundries,10,22.90,23.90,1.00,4.37,10,KIM KONG3
SHE-SOR-SRT2500,UNIT,Sorento Glass Shelf,Building Materials,2,104.00,105.00,1.00,0.96,2,SYNTALUN
PAI-SPR-SAM-Y111,PCS,Samurai Spray Paint Candy Blue,Paint & Sundries,10,18.90,17.90,-1.00,-5.29,10,KIM KONG3
TOO-HAM-SLE-GT04LB,PCS,Glotool Sledge Hammer 4LB,Hand Tools,6,30.90,29.90,-1.00,-3.24,6,SONIC3
TAR-SHT-GT2-12X15,SHT,Glotool PE Tarp Sheet - 12 X 15 (GT02),Building Materials,3,56.90,55.90,-1.00,-1.76,3,ALIKE HARDWARE3
TAP-SAN-SFC-6003950,PCS,S600 Flexible Hose Kitchen Pillar Sink Tap,Kitchen & Sinks,3,139.00,138.00,-1.00,-0.72,3,VTC HARDWARE
TAP-SIN-SRTKT1932SS-BL-DIY,PCS,Sorento Pillar Mou Kit Tap S/s 24MM Diameter Spout- Mb,Plumbing,2,154.00,155.00,1.00,0.65,1,SYNTALUN
TOO-HAM-SLE-GT03LB,PCS,Glotool Sledge Hammer 3LB,Hand Tools,4,26.90,25.90,-1.00,-3.72,4,SONIC3
DRI-SDS-GT02-09160,PCS,Glotool Sds Drill 9 X 160MM,Power Tool Accessories,7,5.70,4.70,-1.00,-17.54,7,SONIC3
TOO-HAM-SLE-GT02LB,PCS,Glotool Sledge Hammer 2LB,Hand Tools,4,21.90,20.90,-1.00,-4.57,4,SONIC3
DRI-SDS-GT02-08110,PCS,Glotool Sds Drill 8 X 110MM,Power Tool Accessories,6,5.50,4.50,-1.00,-18.18,6,SONIC3
ELE-D/L-LSM-36W-3CLR,PCS,LED Source Module 36W-3CLR,Lighting,6,26.90,25.90,-1.00,-3.72,6,TOP GAN
GAR-SHE-SB525-3M,PCS,Telescopic Tree Prunner Saw 3M,Outdoor & Garden,4,134.00,135.00,1.00,0.75,4,SYN JING LEE
RIC-COO-MID-MRD180B1BDN,PCS,"Midea 1.8L Digital Rice Cooker 760-905W, 6 Present Menus",Home Appliances,4,214.00,215.00,1.00,0.47,4,MIDEA
TOO-COM-GLO-32MM,PCS,Glotool Combination Wrench 32MM,Hand Tools,3,40.90,39.90,-1.00,-2.44,3,SONIC3
GAR-SHE-SB525-4M,PCS,Telescopic Tree Prunner Saw 4M,Outdoor & Garden,2,169.00,168.00,-1.00,-0.59,2,SYN JING LEE
FAN-TAB-DEKKA-FNBF-16,PCS,Dekka D/c Fan,Fans & Ventilation,3,189.00,188.00,-1.00,-0.53,3,HAN LIN
FOL-TAB-CN YX-Z122-3X,PCS,4FT. Folding Table (wooden Slats),Other,4,199.00,198.00,-1.00,-0.50,4,L.F. WHOLESALER
TOO-COM-GLO-30MM,PCS,Glotool Combination Wrench 30MM,Hand Tools,2,36.90,37.90,1.00,2.71,2,SONIC3
FAN-TAB-BTF-8001,SET,Butterfly 8 Table Fan (grey+white),Fans & Ventilation,4,114.00,115.00,1.00,0.88,4,LEA HIN 3%
TAP-SIN-CAV-CA3818P,PCS,Cavallo Double Tube Sink Tap-pillar,Kitchen & Sinks,4,104.00,103.00,-1.00,-0.96,4,SYN JING LEE
ADH-TAP-NISSHO-HCH-SG0077,ROLL,18MM X 10Y Nissho Acyclic Foam Side Tape (red),Chemicals & Adhesives,11,21.90,20.90,-1.00,-4.57,11,REXER3
BOS-0601-077-0K0,UNIT,Gvd 1000-17 Voltage Tester,Power Tools,1,144.00,145.00,1.00,0.69,1,CMW ENGINEERING3
TOO-LEV-SUN-9200MM,PCS,Glotool Magnetic Spirit Level 48,Power Tools,4,33.90,32.90,-1.00,-2.95,4,SONIC3
FAN-STA-MID-MF-16FS23C-BK,PCS,Midea 16 Stand Fan 50W Black,Fans & Ventilation,3,114.00,115.00,1.00,0.88,3,MIDEA
BOS-2608-615-114,PCS,9 Diamond Cutting Blade Standard,Power Tools,1,109.00,110.00,1.00,0.92,1,CMW ENGINEERING
GAS-TOR-20031,PCS,Br 5503 1300 C Fire Bird Torch,Lighting,11,28.90,29.90,1.00,3.46,11,REXER3
LOC-COL-RK505,SET,Colex Key-a-like Anti Cut Padlock RK-505,Locks & Security,2,214.00,215.00,1.00,0.47,2,KIM KONG3
COC-BASIN-LUX-LT9514,PCS,Luxtec Basin Pillar Tap LT-9514,Bathroom,7,33.90,32.90,-1.00,-2.95,6,VERTEX
X-FLO-MOC-KH40ADB20,PCS,16 X 16 Floor Tiles,Power Tools,118,7.20,6.20,-1.00,-13.89,118,CHEE LIAN
PUM-I-PUMP-QB80I,UNIT,I-pump Peripheral Pump 1.0HP,Pumps & Water,3,279.00,278.00,-1.00,-0.36,3,CMW ENGINEERING3
DOR-LOC-2077SS,PCS,Niko SS Door Lock,Doors & Hardware,31,22.90,23.90,1.00,4.37,31,JHT HARDWARE
TOO-BOX-NIE-H/D-175,PCS,Nietz 175 H/d Duty Tool Box 50523175,Hand Tools,4,46.90,45.90,-1.00,-2.13,4,SUNWAY WINSTAR
ELE-HOL-032,PCS,Lamp HOLDER-032,Lighting,24,6.90,5.90,-1.00,-14.49,24,TOP GAN
SUMO-SM200WI,UNIT,Sumo Inverter Gasoline Welder/gene. 6.5HP,Welding,1,1749.00,1748.00,-1.00,-0.06,1,CMW ENGINEERING
DRI-BIT-2500-80P-PH2,PCS,Best PH2 X 80MM Impact Driver Bit,Power Tools,14,6.50,5.50,-1.00,-15.38,13,BESMA3
SHO-CAB-CSA404,PCS,Cabana S/steel Shower Arm 450MM - Satin,Bathroom,4,38.90,37.90,-1.00,-2.57,4,SYNTALUN
TOO-DRV-BLI-IMP-4(-),PCS,"Blimax Impact Screw DRIVER-4""X6MM (-)",Power Tools,10,8.30,7.30,-1.00,-12.05,7,BOON SENG
SINK-TAP-K2B-LT8516H,PCS,Luxtec Flexible Hose Wall Sink Tap,Kitchen & Sinks,3,46.90,47.90,1.00,2.13,1,VERTEX
"IND-CAS-SWI-1.25""",PCS,1.25 DL5 Tpe 360 Degree Swivel Caster,Fishing & Tackle,22,9.80,8.80,-1.00,-10.20,22,DALMAX3
HOS-GAR-ORA-GREENLAND,ROLL,Mark-x Single Layer Hose Orange 16MMX2MMX10M,Outdoor & Garden,20,22.90,21.90,-1.00,-4.37,18,MAJOR HARVEST3
DRI-BIT-2500-36P-PH2,PCS,Best PH2 X 36MM Impact Driver Bit,Power Tools,14,4.90,3.90,-1.00,-20.41,14,BESMA3
GRA-CUT-BLA-GCB-1490SS,PCS,S/steel Grass Cutter Blade - 14,Outdoor & Garden,17,24.90,23.90,-1.00,-4.02,14,BESMA3
SHO-CAB-CSH7012,UNIT,Cabana ABS Rain Shower (200MM),Bathroom,1,109.00,110.00,1.00,0.92,1,HUE HOME
TAP-CAB-CB5109A,UNIT,Cabana Pillar-mounted Sink Tap CB5109A,Kitchen & Sinks,1,109.00,108.00,-1.00,-0.92,1,HUE HOME
TAP-CAB-CB9109A,UNIT,Cabana Pillar-mounted Sink Tap CB9109A,Kitchen & Sinks,1,109.00,108.00,-1.00,-0.92,1,HUE HOME
RAINBOW-R007-500GM,BTL,Rainbow Texture Paint R007 Black,Paint & Sundries,3,20.90,19.90,-1.00,-4.78,3,
HHD-TOI-COV-WHI,SET,Toilet Seat Cover:l/d PVC White Full,Bathroom,66,13.90,12.90,-1.00,-7.19,64,BENTON3
HHD-CIS-LOW,PCS,Weser Plastic Low Level Cristern,Bathroom,16,53.90,54.90,1.00,1.86,16,CHIONG SENG
X-FAN-TAB-KHI-TF12A06,SET,Butterfly 9 Table Fan (black),Power Tools,2,134.00,135.00,1.00,0.75,2,LEA HIN 3%
TOO-WRE-PIP-A350MM,PCS,Glotool Pipe Wrench American Type 14,Hand Tools,2,30.90,29.90,-1.00,-3.24,2,SONIC3
"IND-CAS-H/DUTY-MCLSC-4""",PCS,4 DL5 H/duty Mcl Swivel Caster,Fishing & Tackle,13,47.90,46.90,-1.00,-2.09,13,DALMAX3
KGR-ADH-0300ML,TIN,Kangaroo Brand 505 Super Adhesive 300ML,Chemicals & Adhesives,21,16.90,15.90,-1.00,-5.92,20,KANGAROO PAINT
LET-BOX-HW305A,PCS,0125 Metal Letter Box (200X75X260MM),Doors & Hardware,3,68.90,69.90,1.00,1.45,3,KANSSAN
TOO-HOL-PUN,SET,Hollow Punch Set (55600),Power Tools,9,19.90,18.90,-1.00,-5.03,8,WEE TAT TRADING
"HOS-FLE-VIP-PP48""",PCS,PP-48 White Nylon Vip Flexible Tube,Outdoor & Garden,9,18.50,19.50,1.00,5.41,9,KIM KONG3
PAI-ROL-SET-CRI-416,SET,"4""X15 Cristin Tiger Stripe Roller Set",Paint & Sundries,28,5.80,4.80,-1.00,-17.24,27,ING PING3
ELE-HOL-033,PCS,Lamp HOLDER-033,Lighting,6,6.90,5.90,-1.00,-14.49,6,TOP GAN
ELE-T5-4FT-CIELO-D/L,PCS,Cielo T5 LED Fitting 4FT 18W DL-860,Plumbing,70,18.80,19.80,1.00,5.32,70,CIMA
"IND-CAS-H/DUTY-MCLSCB-4""",PCS,4 DL5 H/duty Mcl Swivel Caster W Double Brake,Fishing & Tackle,6,69.90,68.90,-1.00,-1.43,6,DALMAX3
HOS-FLE-MMAN-F13X6,PCS,M'man S/steel Flexible Hose - F13 X 6,Outdoor & Garden,6,23.90,22.90,-1.00,-4.18,6,JHT HARDWARE
PAI-HAN-ROC-1158#,PCS,Rockey 5M Twist Paint Roller 1158,Paint & Sundries,31,40.90,39.90,-1.00,-2.44,30,JHT HARDWARE
LOC-CYL-SGD-C3010/70MM,PCS,Ss/privacy St. Guchi Cyl Lock,Locks & Security,7,47.90,46.90,-1.00,-2.09,7,VERTEX
TOO-TES-PEN-KT1960,PCS,Kingtoyo Auto,Power Tools,2,53.90,52.90,-1.00,-1.86,2,BOON SENG
"FAS-SCR-CSK-1 1/2"" X 8G",PCK,Sr Csk Tapping Screw 1 1/2 X 8G (20PCS/PCK),Fasteners & Fixings,41,3.20,4.20,1.00,31.25,41,SYARIKAT HUA KIONG3
SHO-HEA-LUX-LT8367,PCS,Luxtec Cp Shower Head Holder,Bathroom,1,25.90,24.90,-1.00,-3.86,1,VERTEX
TOO-CUT-BOLW0117A,PCS,Bolt Cutter 350MM,Fasteners & Fixings,2,63.90,62.90,-1.00,-1.56,1,JUMBO
DOR-STO-RUB-RED-38MM,PCS,"Door Stopper Rubber Red 1-1/2""X1-7/8",Doors & Hardware,26,3.70,2.70,-1.00,-27.03,23,KWONG TECK CHIONG3
DOR-STO-SGD-024SS,PCS,SS St. Guchi Hat & Coat Hook Door Stopper,Doors & Hardware,4,23.90,22.90,-1.00,-4.18,4,VERTEX
ABR-PAP-621-539,SHT,G800 Ewd Hand Sanding Sheet,Abrasives & Cutting,89,3.00,2.00,-1.00,-33.33,89,CMW ENGINEERING
SHH-SINKER-NO.5,PCS,Single Head Sinker No. 5 (1PCS/PCK),Fishing & Tackle,57,4.60,3.60,-1.00,-21.74,56,SINHENHUA
HOO-CAB-CB8006-3,UNIT,Cabana 3 Robe Hook (satin) CB8006-3,Doors & Hardware,2,42.90,41.90,-1.00,-2.33,2,HUE HOME
TOO-WRE-KEY-MD06218,SETS,Mdsi (MD-06218) Colourful Extra Long Hex. Key Wrench,Hand Tools,7,34.90,33.90,-1.00,-2.87,7,HSIN NGIE
TOO-COM-SET-GD824,SET,Gd Combination Wrench Set 14 X,Hand Tools,4,53.90,54.90,1.00,1.86,4,SONIC3
BLI-HSS-HOL-SAW-20MM,PCS,Blimax Hss Hole SAW-20MM,Power Tool Accessories,6,13.90,12.90,-1.00,-7.19,6,BOON SENG
TOPLUS-GOLD-5L-A,CAN,5L Toplus Gold A Base,Paint & Sundries,8,86.90,85.90,-1.00,-1.15,8,SMART PAINTS2
LOC-BR-TZ6491BH,SET,Bh/et *jtc* Tubular Lever,Locks & Security,3,59.90,60.90,1.00,1.67,3,REXER3
TOO-BOX-TYG-7710,SET,Toyogo Tool Box (L41XW23XH24CM),Hand Tools,5,35.90,36.90,1.00,2.79,5,L.F. WHOLESALER
SHO-PVC-ROSE-408#,SET,4 408 Cp PVC Shower Rose 8 Arm,Bathroom,11,15.50,14.50,-1.00,-6.45,10,VERTEX
LI-HEA-HX816,PCS,HX816 Head Light,Other,5,32.90,31.90,-1.00,-3.04,4,CRYSTAL TRIUMPH S/B
ELE-D/L-HOME-HGD604-18W-6500K,PCS,Hms Downlite Hgd 604/18W 6500K,Electrical,20,22.90,23.90,1.00,4.37,20,TOP GAN
HAN-BLI-STE-400MMX32MM,SET,Bliton Steel Pull Handle 400MMX32MM,Doors & Hardware,1,52.90,51.90,-1.00,-1.89,1,CRYSTAL TRIUMPH S/B
SAF-SHO-NK80-09,PAIR,Neuking NK80 Black 09,Safety & Workwear,1,154.00,155.00,1.00,0.65,1,KWONG TECK CHIONG3
TOO-DRV-ASD63-,PCS,6 X 3MM (-) Arrow High Grip Screwdriver,Hand Tools,37,7.00,6.00,-1.00,-14.29,37,CHIN LAI
GAS-REG-BTY182-CB,SET,Butterfly LPG Regulator 1.5M Blk Hose,Outdoor & Garden,21,25.90,24.90,-1.00,-3.86,20,CHAI KA
IND-DUS-SCH-120L,UNIT,Schaefer Waste Container (green) 120L,Plumbing,3,229.00,228.00,-1.00,-0.44,3,GS SYSTEM3
GAR-SPR-YEW-16L,PCS,16 LTR Yellow Sprayer (plantmate),Outdoor & Garden,4,129.00,128.00,-1.00,-0.78,4,SONIC3
NAI-SQU-SUP-100MM-1KGS,PKG,E. G Square Boat Nail 100MM 1KGS,Fasteners & Fixings,6,10.30,9.30,-1.00,-9.71,6,SONIC
SHO-HAN-SET-07133,SET,Ess 408 Shower Set 07133,Bathroom,5,27.90,26.90,-1.00,-3.58,5,REXER3
TOO-RUL-CAL-200,PCS,Vernier CALIPER-8,Hand Tools,3,45.90,46.90,1.00,2.18,3,SONIC3
TOO-WRE-CHAW0021B,PCS,"Chain Wrench 9""/225MM",Hand Tools,3,46.90,45.90,-1.00,-2.13,3,JUMBO
SHO-BLACKRINO-05387,PCS,Br 8012 1.5M Blackrino H/duty Shower Hose,Bathroom,4,32.90,31.90,-1.00,-3.04,4,REXER3
FIT-HDPE-TEE-20MM,PCS,HDPE Tee Equal 20MM,Plumbing,128,4.80,3.80,-1.00,-20.83,125,HUA BAN
TOO-WRE-OIL-MBSP007,PCS,"12""X300MM Sensui Oil Filter Wrench",Hand Tools,4,29.90,28.90,-1.00,-3.34,4,CRYSTAL TRIUMPH S/B
SHH-LINE-WHI-NO.120,PKT,(sf) Round White M. L. No. 120,Fishing & Tackle,20,5.80,4.80,-1.00,-17.24,10,SINHENHUA
FAS-SCR-TECH-METAL-19MM-PCK,PCK,Techscrew-metal Screw X 19MM (50PCS/PCK),Fasteners & Fixings,12,4.20,5.20,1.00,23.81,9,SONIC3
"SANDEX-PAD-6""-M14",PCS,"Sandex 6 Polishing Sponge Pad, M14",Abrasives & Cutting,5,21.90,20.90,-1.00,-4.57,5,CHUNG YANG3
TOO-WRE-MII-6120#,PCS,Mii Premium Nut Wrench - 6120,Hand Tools,3,35.90,36.90,1.00,2.79,3,JHT HARDWARE
OIL-CAN-1L,PCS,Oil Can 1L,Automotive,4,42.90,43.90,1.00,2.33,4,WEE TAT TRADING
CUT-DIS-W2451-100,PCS,4 Cutting Wheel,Abrasives & Cutting,31,2.90,1.90,-1.00,-34.48,30,JUMBO
BRU-RAD-4X642R,PCS,"1-1/2""X642R Radiator Brush",Automotive,22,4.00,3.00,-1.00,-25.00,22,ING PING3
"COC-BASIN-K400L-1/2""",PCS,Washbasin Tap:cp L/type Pillar 1/2,Plumbing,10,24.90,23.90,-1.00,-4.02,10,KWONG TECK CHIONG3
SHH-SINKER-HOLE-NO.4,PCK,Hole Sinker No. 4 (3PCS/PCK),Fishing & Tackle,22,3.90,2.90,-1.00,-25.64,20,SINHENHUA
TOO-DRV-ASD63+,PCS,6 X 3MM (+ ) Arrow High Grip Screwdriver,Hand Tools,21,7.00,6.00,-1.00,-14.29,20,CHIN LAI
TOO-WRE-AIR-RT1206K,UNIT,Rotake 1/4 Air Die Grinder Kit,Power Tools,3,109.00,108.00,-1.00,-0.92,3,CMW ENGINEERING3
SHH-PLA-NET-NEEDLE-NO.3-GRE,PCS,Plastic Net Needle No. 3 (green),Fishing & Tackle,4,3.10,2.10,-1.00,-32.26,0,SINHENHUA
GAS-REG-AZ181,PCS,"LPG High Pressure Regulator Nozzle (1/4"")",Power Tool Accessories,5,46.90,47.90,1.00,2.13,4,BESMA3
PRO-COAT-Z888-NANO-1KG,BTL,Pro Z 888 Nano Waterproofing (1KG),Paint & Sundries,1,289.00,288.00,-1.00,-0.35,1,WHA WEE
GAS-REG-ZR-2017BT,PCS,Zenne Gas Regulator,Home Appliances,2,33.90,34.90,1.00,2.95,2,KIONG HUO
"TOO-LEV-MAG-SENSUI-36""",PCS,36 Sensui (blue) Magnet Spirit Level,Power Tools,6,42.90,43.90,1.00,2.33,5,CRYSTAL TRIUMPH S/B
TOO-WRE-KEY-ATHM-5,PCS,Arrow T Flat Hex Key (metric) With Plastic Handle - 5MM,Doors & Hardware,5,7.90,6.90,-1.00,-12.66,5,CHIN LAI
GRA-CUT-BLA-GCB-1290SS,PCS,S/steel Grass Cutter Blade - 12 X 90MM,Outdoor & Garden,12,20.90,19.90,-1.00,-4.78,11,BESMA3
FIT-YG252-SOC-8MM-BRA,PCS,Straight Brass Connector 8MM,Plumbing,8,3.60,2.60,-1.00,-27.78,8,SYN JING LEE
TOO-DRI-BIC1312,SET,Bossman 13MM Keyless Drill Chuck W/adaptor For 1/2 Impact Wrench,Power Tools,10,23.90,24.90,1.00,4.18,10,CHIN LAI
TOO-RIV-HAND-8107#,PCS,M'man Professional Hand Riveter 8107,Power Tools,6,37.90,38.90,1.00,2.64,5,JHT HARDWARE
CUT-DIS-B04-FN03S(6027),PCS,4 Bosun Formula 3 Wet / 6027,Abrasives & Cutting,25,25.90,24.90,-1.00,-3.86,25,GL BOSUN DIAMOND
IND-PAI-BLA-E812B,PCS,12 Gallon Black Pail,Housewares,22,28.90,29.90,1.00,3.46,22,ING CHOON
LAD-H/D-STRO-SS12,UNIT,S/sided H/d Ladder 12 Step,Ladders & Access,1,639.00,638.00,-1.00,-0.16,1,SUNWAY WINSTAR
BOX-FISH-POLY-M,PCS,Polyfoam Fish Box (m),Fishing & Tackle,17,35.90,34.90,-1.00,-2.79,17,SINHENHUA
SHH-FIG-BRA-LIN-4X-25LB,PCS,Shuttle 4X Braided Line 100M (25LB) (dark Green),Fishing & Tackle,3,18.50,17.50,-1.00,-5.41,3,SINHENHUA
BOX-FISH-POLY-S,PCS,Polyfoam Fish Box,Fishing & Tackle,19,28.90,27.90,-1.00,-3.46,19,SINHENHUA
FIT-YG252-SOC-10MM-BRA,PCS,Straight Brass Connector 10MM,Plumbing,6,3.60,2.60,-1.00,-27.78,6,SYN JING LEE
PAI-SPR-KIMLAC-9614,TIN,Kimlac Brand Spray Paint 9614,Paint & Sundries,8,21.90,22.90,1.00,4.57,8,KANGAROO PAINT
ABR-PAP-SWA-0060,SHT,Swallow Abrasive Sand Paper 60,Abrasives & Cutting,127,3.80,2.80,-1.00,-26.32,123,SONIC3
TOO-ELE-GUN-GLU-60W,SET,60W Glue Gun,Chemicals & Adhesives,1,24.90,23.90,-1.00,-4.02,1,WHA WEE
"DRI-AUG-BIT-NO.1""",PCS,1 No. 1 Star-m Auger Bit (b),Power Tool Accessories,2,52.90,53.90,1.00,1.89,2,WHA WEE
SHH-FIG-BRA-LIN-4X-10LB,PCS,Shuttle 4X Braided Line 100M (10LB) (dark Green),Fishing & Tackle,2,18.50,17.50,-1.00,-5.41,2,SINHENHUA
SHH-FIG-BRA-LIN-4X-30LB,PCS,Shuttle 4X Braided Line 100M (30LB) (dark Green),Fishing & Tackle,2,18.50,17.50,-1.00,-5.41,1,SINHENHUA
SHH-FIG-BRA-LIN-4X-50LB,PCS,Shuttle 4X Braided Line 100M (50LB) (dark Green),Fishing & Tackle,2,18.50,17.50,-1.00,-5.41,2,SINHENHUA
"FIT-HDPE-ADA-FEM-20MMX3/4""",PCS,HDPE Adaptor Female 20MMX3/4,Plumbing,37,2.70,1.70,-1.00,-37.04,37,HUA BAN
KGR-KIM-300ML-9214,TIN,300ML Kangaroo Kimtone 9214,Paint & Sundries,7,18.80,17.80,-1.00,-5.32,7,KANGAROO PAINT
LOC-APL-99-50MM,PCS,Armor Anti-cut Padlock APL-99-50MM,Locks & Security,1,34.90,33.90,-1.00,-2.87,1,VERTEX
PAI-SPR-KIMLAC-9613,TIN,Kimlac Brand Spray Paint 9613,Paint & Sundries,6,21.90,22.90,1.00,4.57,6,KANGAROO PAINT
HEA-SPA-FAUCET-L661,PCS,L661 Faucet Spare Head,Other,7,4.70,3.70,-1.00,-21.28,6,SYN JING LEE
SWI-CON-PVC-10A,LTH,Sjp 10A PVC Connector,Electrical,47,3.50,2.50,-1.00,-28.57,45,FULL-LITE
FIT-UPVC-BEN-ELB-45-32MM,PCS,U-pvc Bend (elbow) 32MM 1-1/4 45-DEG,Plumbing,37,2.50,1.50,-1.00,-40.00,37,KIONG SING
NUM-80MM-3,PCS,Acp Numbering 80MM - 3,Signage & Numbering,4,13.60,12.60,-1.00,-7.35,4,REXER3
SHH-SWIVEL-NO.8,PKT,Nickel Swivel No. 8,Fishing & Tackle,8,4.00,3.00,-1.00,-25.00,8,SINHENHUA
HOS-NOZ-TWN-ECO-EG2012,PCS,Ecogreen-snap-in Twist Nozzle EG2012/5,Power Tool Accessories,12,7.50,6.50,-1.00,-13.33,34,ZHONG YUAN3
SIN-WAS-SS-DL5W4,PCS,DL5 2 1/2 Fully Slim Sink Waste,Plumbing,4,21.90,20.90,-1.00,-4.57,4,DALMAX3
TOO-DRV-KT107+Z125,PCS,"125MM (5""+6)107 King Top (+) Screw Driver",Fasteners & Fixings,28,5.10,4.10,-1.00,-19.61,27,LI HARDWARE
GAS-ROL-WK-PP9628-R5,PCS,5 Wheel Plastic Gas Cylinder Stand,Locks & Security,13,22.90,21.90,-1.00,-4.37,13,L.F. WHOLESALER
"FIT-HDPE-ADA-FEM-25MMX1/2""",PCS,HDPE Adaptor Female 25MMX1/2,Plumbing,24,3.20,2.20,-1.00,-31.25,24,HUA BAN
SAF-SHO-AVV-41#,PAIR,Avvio Safety Shoe 41/7,Safety & Workwear,2,144.00,145.00,1.00,0.69,2,FONG YUAN HUNG
"FIT-HDPE-BEN-FEM-25MMX1/2""",PCS,HDPE Bend Female 25MM X 1/2,Plumbing,37,3.40,2.40,-1.00,-29.41,36,HUA BAN
MEA-TAP-BLI-7.5M-BMT7,PCS,Blimax Measuring Tape -bmt 7 7.5M,Hand Tools,16,16.50,15.50,-1.00,-6.06,16,BOON SENG
WAT-FIL-FMS-WF0051-5WPMIX,SET,Watertec Water Filter 102 Starter Pack,Pumps & Water,4,22.90,21.90,-1.00,-4.37,4,DALMAX3
HOS-CON-00315K,PCS,1/2 X 1/4 Water Filter Connector,Pumps & Water,4,21.90,20.90,-1.00,-4.57,2,DALMAX3
"TOO-BAR-WRE-BEN-30""",PCS,Gd Wrecking BAR (bent) 30,Power Tools,4,21.90,22.90,1.00,4.57,4,SONIC3
TOO-ELE-GUN-PIN-60W,PCS,60W Soldering Iron Gun,Home Appliances,1,22.90,23.90,1.00,4.37,1,WHA WEE
IND-TRO-PLA-411,PCS,Gd Plastering Trowel 4 X 11,Hand Tools,38,6.50,5.50,-1.00,-15.38,38,SONIC3
SAF-SHO-PAS-40#,PAIR,Passen Safety Shoe 40/6,Safety & Workwear,2,124.00,125.00,1.00,0.81,2,FONG YUAN HUNG
SAF-SHO-PAS-42#,PAIR,Passen Safety Shoe 42/8,Safety & Workwear,2,124.00,125.00,1.00,0.81,2,FONG YUAN HUNG
SHH-SPOOL-106,PCS,Fishing Spool HP-106,Fishing & Tackle,6,3.70,2.70,-1.00,-27.03,6,SINHENHUA
BEAD-COR-2.5MTR,PCS,Karyon Brand PVC Corner Bead 2.5 MTR,Other,82,2.90,1.90,-1.00,-34.48,82,HSIN NGIE
IND-WHE-3IN1,PCS,3 IN 1 Wheel Barrow,Building Materials,2,119.00,118.00,-1.00,-0.84,2,TIE BROTHER3
SHH-FIG-BRA-LIN-4X-100LB,PCS,Shuttle 4X Braided Line 100M (100LB) (dark Green),Fishing & Tackle,1,18.50,17.50,-1.00,-5.41,1,SINHENHUA
TOO-DRV-KT107+Z100,PCS,"100MM (4""+6)107 King Top (+) Screw Driver",Fasteners & Fixings,19,4.90,3.90,-1.00,-20.41,19,LI HARDWARE
X-GUM-STA-9960GS10DT,PKT,4 X 0.45 Dual Temp Mini Glue Stick,Chemicals & Adhesives,3,22.90,21.90,-1.00,-4.37,3,YUNG KONG
"FIT-YG225-BUSH-1/2""X3/8""-BRA",PCS,Brass Bushing 1/2 X 3/8,Plumbing,12,4.00,3.00,-1.00,-25.00,12,SYN JING LEE
O-RING-12-15,PCS,O-ring 12-15,Other,56,0.50,1.50,1.00,200.00,56,SONIC3
CLI-BAT-CLI-0025AMP,SET,L/duty Battery Clip 25AMP,Electrical,13,3.50,2.50,-1.00,-28.57,12,TIE BROTHER3
TAP-SKC-M10X1.50,SET,Skc Hand Tap M10 X 1.50,Plumbing,1,41.90,40.90,-1.00,-2.39,1,SONIC3
"SIN-FLE-PVC-OUT-1.1/2""",PCS,Corsa Flexible Hose 1/2 (350-800MM),Plumbing,6,6.70,5.70,-1.00,-14.93,5,ALIKE HARDWARE3
TOO-WRE-OIL-FW-7008A,PCS,Fiesto Chain Oil Filter Wrench 9,Hand Tools,7,20.90,19.90,-1.00,-4.78,6,DALMAX3
"SANDEX-POL-WOO-4""",PCS,Sandex 4 Polishing Wool,Abrasives & Cutting,6,23.90,22.90,-1.00,-4.18,6,CHUNG YANG3
TOO-WRE-ADJ-STA-300,PCS,12 Adjustable Wrench,Hand Tools,2,63.90,62.90,-1.00,-1.56,2,YUNG KONG
SAF-SHO-PAS-41#,PAIR,Passen Safety Shoe 41/7,Safety & Workwear,1,124.00,125.00,1.00,0.81,0,FONG YUAN HUNG
SAF-SHO-PAS-44#,PAIR,Passen Safety Shoe 44/10,Safety & Workwear,1,124.00,125.00,1.00,0.81,1,FONG YUAN HUNG
TAP-PIL-ROONEY-988-01,PCS,988-01 Rooney-y Stainless Steel Pillar Swan Tap,Plumbing,12,28.90,29.90,1.00,3.46,9,CHUAN HONG
O-RING-12-15-RED,PCS,O-ring 12-15 (red),Other,35,0.50,1.50,1.00,200.00,35,SONIC3
FIT-GAL-NIP-18MM,PCS,Galvanised Nipple (280) 18MM,Plumbing,14,3.50,2.50,-1.00,-28.57,14,HTC HARDWARE
GAR-SPR-M'MAN-410#,PCS,M'man Water Spray Gun - 410,Power Tool Accessories,16,19.90,18.90,-1.00,-5.03,15,JHT HARDWARE
FIT-GAL-NIP-REC-12MMX18MM,PCS,%galvanised Reducing Nipple (281),Plumbing,5,5.60,4.60,-1.00,-17.86,5,SONIC3
FIT-GAL-TEE-12MM,PCS,Galvanised Tee (130) 12MM,Plumbing,12,3.80,2.80,-1.00,-26.32,12,HTC HARDWARE
HOS-MAC-WAS-OUT-MWP011-C,PCS,2.0M Elbow W/machine Outlet Hose,Plumbing,12,22.90,21.90,-1.00,-4.37,12,CRYSTAL TRIUMPH S/B
IND-CAS-RIG6,PCS,Rigid Caster 6,Building Materials,4,23.90,22.90,-1.00,-4.18,4,SONIC3
TOO-WRE-ADJ-STA-250,PCS,10 Adjustable Wrench,Hand Tools,2,47.90,46.90,-1.00,-2.09,2,YUNG KONG
ADH-TAP-MAS-OSCAR,PCS,Masking Tape Oscar,Packaging,20,4.40,3.40,-1.00,-22.73,10,HUONG SING
GUN-GRE-NOZ,PCS,Grease Gun Spray Nozzle,Automotive,13,5.90,4.90,-1.00,-16.95,12,HUI SHEN
SHH-HOOK-406-NO.6,PKT,Saki Sepit Biru 406 No. 6 (20'S),Fishing & Tackle,1,6.20,5.20,-1.00,-16.13,1,SINHENHUA
"IND-TRO-SSS-3350#-6""",PCS,R'key Steel Bricklaying Trowel 3350 - 6,Hand Tools,8,9.20,8.20,-1.00,-10.87,7,JHT HARDWARE
FLO-MOC-BR3030A6,PCS,BR3030A6 30X30CM,Flooring,1,4.60,3.60,-1.00,-21.74,1,BRAVO-LINE
TOO-FIL-15095(5),PCS,Br 2027 5 Slim Taper File,Hand Tools,7,8.50,7.50,-1.00,-11.76,7,REXER3
TOO-CHI-6077,PCS,Mii Sds Bull Point Chisel - 6077,Power Tool Accessories,25,6.70,5.70,-1.00,-14.93,25,JHT HARDWARE
TOO-CHI-STA-06MM,PCS,"1/4""/6MM Dynagrip Wood Chisel",Hand Tools,2,27.90,26.90,-1.00,-3.58,2,YUNG KONG
CAR-WIN-WIP-120ML,EA,Aa Car Care Windshield Wiper Fluild 120ML,Automotive,10,5.50,4.50,-1.00,-18.18,8,AVEREST
SHH-ROD-HSS602,PCS,"Ofmer Peacock 562M (5'6"") Rod",Fishing & Tackle,1,49.90,50.90,1.00,2.00,1,SINHENHUA
IND-SCP-PVC-75MM,PCS,Sr PVC Scraper 3,Building Materials,11,3.70,2.70,-1.00,-27.03,10,SYARIKAT HUA KIONG3
PLR-TIL-4017,PCS,Tile Leveling Plier,Hand Tools,2,19.90,18.90,-1.00,-5.03,2,DALMAX3
IND-TRO-BRI-226,PCS,Gd Bricklaying Trowel (2-2) 6,Hand Tools,8,4.80,3.80,-1.00,-20.83,4,SONIC3
TOO-NYL-PLU-COU-NSMY-RND,PCS,Nylon Quick Coupler Three Way - Round,Power Tool Accessories,4,27.90,28.90,1.00,3.58,4,DALMAX3
SIN-WAS-PVC-32MM,PCS,1 1/4 PVC Waste - 1412,Plumbing,27,4.10,3.10,-1.00,-24.39,27,JHT HARDWARE
"ELE-BRA-CLA-SML-5/8""",EA,Brass Clamp Small 5/8,Hand Tools,9,3.50,2.50,-1.00,-28.57,9,SEBD3
TOO-WRE-OIL-FW-7008B,PCS,Fiesto Chain Oil Filter Wrench 12,Hand Tools,1,27.90,26.90,-1.00,-3.58,1,DALMAX3
CAR-WAS-500ML,PCS,Aa Car Care Wash&shine 500ML,Automotive,3,7.30,6.30,-1.00,-13.70,7,AVEREST
IND-WHE-TYR-BEA-8126,PCS,8126 Wheel Barrow Bearing,Building Materials,4,4.90,3.90,-1.00,-20.41,4,ING PING3
TOO-DRI-SCR-SET-8928,SET,Micro Screw Driver Set- 8928,Fasteners & Fixings,2,22.90,23.90,1.00,4.37,2,BOON SENG
REM-CON-RC/M-AUN787,PCS,Huayu Multi Fan Remote Control,Other,1,13.50,12.50,-1.00,-7.41,1,ZENTEN AUDIO
FIT-UPVC-SOC-P/T-32MM,PCS,U-pvc Socket P/t 32MM 1-1/4,Electrical,11,3.50,2.50,-1.00,-28.57,10,KIONG SING
X-FLO-MOC-ARDESIA-BLUE,PCS,Ardesia Blue 12 X 12 Floor Tiles,Power Tools,1,3.40,2.40,-1.00,-29.41,1,FINECERA
VAL-RUB-WHI-1 1/2MM,PCS,1 1/2 IN Inlet Rubber Valve,Plumbing,6,5.20,4.20,-1.00,-19.23,6,CHIONG SENG
"DOR-TOW-BOL-4""",PCS,4 Aluminium Tower Bolt,Fasteners & Fixings,8,3.70,2.70,-1.00,-27.03,8,WHA WEE
"SHE-LEA-1""X3""",KGS,Lead Sheet 1 X 3,Other,0,25.90,26.90,1.00,3.86,0.19,SINHENHUA
LAM-E27-R80-RWG,PCS,"Tungsram E27 R80 (r,w,g)",Lighting,3,6.60,5.66,-0.94,-14.24,3,GOLDEN DAY
TOI-TIS-SOR-SRT360-HP,PCS,Sorento S/s Paper Holder SRT360-HP,Bathroom,3,59.90,59.00,-0.90,-1.50,3,SYNTALUN
"HOS-FLE-GLO-36""",PCS,Glotool Flexible Tube F1/2 X F12 X 36,Outdoor & Garden,8,11.00,11.90,0.90,8.18,7,SONIC3
"HOS-FLE-GLO-08""",PCS,Glotool Flexible Tube F1/2 X F12 X 8,Outdoor & Garden,10,7.80,6.90,-0.90,-11.54,10,SONIC3
TOI-TIS-SOR-SRT313,PCS,Sorento S/s Paper Holder SRT313,Bathroom,1,69.90,69.00,-0.90,-1.29,1,SYNTALUN
"HOS-FLE-GLO-12""",PCS,Glotool Flexible Tube F1/2 X F12 X 12,Outdoor & Garden,4,8.50,7.60,-0.90,-10.59,4,SONIC3
TOO-BOX-STE-TB503,PCS,Glotool Steel Tool Boxes - TB503,Power Tools,2,69.90,69.00,-0.90,-1.29,1,SONIC3
TAR-SHT-GT2-12X24,SHT,Glotool PE Tarp Sheet - 12 X 24 (GT02),Building Materials,3,89.90,89.00,-0.90,-1.00,3,ALIKE HARDWARE3
COC-BIB-SRTWT2215,PCS,Sorento 1/2 Hose Bib Tap - SRTWT2215,Plumbing,7,76.90,76.00,-0.90,-1.17,7,SYNTALUN
DRI-SDS-GT02-12160,PCS,Glotool Sds Drill 12 X 160MM,Power Tool Accessories,10,7.00,6.10,-0.90,-12.86,10,SONIC3
DRI-SDS-GT02-65110,PCS,Glotool Sds Drill 6.5 X 110MM,Power Tool Accessories,12,5.10,4.20,-0.90,-17.65,10,SONIC3
DRI-SDS-GT02-55160,PCS,Glotool Sds Drill 5.5 X 160MM,Power Tool Accessories,10,4.80,3.90,-0.90,-18.75,10,SONIC3
BOS-2608-595-050,PCS,Hss-g Metal Bit 1.5MM,Power Tools,18,3.70,2.80,-0.90,-24.32,13,CMW ENGINEERING
ELE-TUB-LED-32W-6500K,PCS,Ilite LED T8 1.2M 32W,Lighting,89,12.80,11.90,-0.90,-7.03,83,TOP GAN
TOO-HAM-CLA-GT27MM,PCS,Glotool Claw Hammer 27MM,Hand Tools,6,18.20,17.30,-0.90,-4.95,3,SONIC3
VAL-SAN-SW-SS-AV-80,PCS,Saniware Angle Valve SW-SS-AV-80,Plumbing,4,25.90,25.00,-0.90,-3.47,4,VTC HARDWARE
TOO-HAM-CHI-GT0.5KG,PCS,Glotool Chipping Hammer 0.5KG,Hand Tools,5,17.60,18.50,0.90,5.11,5,SONIC3
HDD-TOI-COV-TSS-4127,PCS,Soft Close Toilet Seat And Cover,Bathroom,10,54.90,55.80,0.90,1.64,10,LIKTHYE HARDWARE3
"FIT-BUT-STR-MALE-25MMX3/4""",PCS,Buteline 25MMX3/4 PE Straight Male,Plumbing,18,4.40,3.50,-0.90,-20.45,13,HUA BAN
BBQ-STO-ZC1129,PCS,"28""X10 Bbq Stove",Home Appliances,5,59.90,59.00,-0.90,-1.50,5,L.F. WHOLESALER
PAI-TIG-75ML-RED*,TIN,75ML Tiger G. P Red,Paint & Sundries,17,9.40,8.50,-0.90,-9.57,17,ING PING3
X-ELE-PLC-HOL-WHI,PCS,B22 Es Batten Holder-wh 1206 (grn-uk) 1130,Lighting,60,3.80,2.90,-0.90,-23.68,60,ECO ENTERPRISE3
BID-CAB-CB91SS-BL-DIY,PCS,Cabana Hand Bidet (matt Blk),Bathroom,3,69.90,69.00,-0.90,-1.29,3,SYNTALUN
TAP-CAB-CB9108,UNIT,Cabana Wall-mounted Sink Tap CB9108,Kitchen & Sinks,2,96.90,96.00,-0.90,-0.93,2,HUE HOME
BID-CAB-90SS-DIY,PCS,Cab 304 S/s Hand Bidet-matt,Bathroom,3,59.90,59.00,-0.90,-1.50,3,SYNTALUN
TOW-CON-MIN66A52,PCS,13 X30 Cotton Face Towel (37G) -min (PCS),Bathroom,24,5.20,4.30,-0.90,-17.31,36,L.F. WHOLESALER
TAP-CAB-CB65SS-BL,PCS,Cab Basin Cold Tap-matt Blk,Bathroom,2,59.90,59.00,-0.90,-1.50,2,SYNTALUN
RIG-SHA-BOW-G209-12MM,PCS,Pin Type Bow Shackle (G209) 12 MM,Lifting & Rigging,12,7.70,6.80,-0.90,-11.69,10,SONIC3
CHA-SAW-IETO-HD3012,SET,Ieto Electric Chain Saw Stand HD3012,"Rope, Chain & Netting",8,69.90,69.00,-0.90,-1.29,8,WHA WEE
KGR-OXI-53A1LIT,TIN,Stove Brand 53A Red Oxide Paint 1 Litre,Paint & Sundries,11,28.90,29.80,0.90,3.11,11,KANGAROO PAINT
DOR-HOL-SGD-020SN,PCS,Sn St. Guchi Door Holder,Doors & Hardware,4,25.90,25.00,-0.90,-3.47,4,VERTEX
TOO-PLI-CIRWSB175,PCS,External Circlip Pliers Bent Nose 175MM,Power Tools,6,17.40,16.50,-0.90,-5.17,6,JUMBO
GRA-CAB-CB6644,UNIT,Cabana S/steel Floor Grating 4,Bathroom,1,25.90,25.00,-0.90,-3.47,1,HUE HOME
RAI-BOO-KRK-B39M9000,PAIR,Korakoh Rain Shoes Blk - 6/39,Curtains & Blinds,14,19.40,18.50,-0.90,-4.64,14,MAJOR HARVEST3
PAI-SPR-PMT-030,CAN,Paint Master Spray Paint - No. 30 Peach Red,Paint & Sundries,12,7.40,6.50,-0.90,-12.16,12,SONIC
PAI-SPR-PMT-142,CAN,Paint Master Spray Paint - No. 142 Anti-rust Brown,Paint & Sundries,12,7.40,6.50,-0.90,-12.16,12,SONIC
ELE-HOL-SE3831,PCS,Kingsway E27 Wedge Holder,Electrical,147,4.70,3.80,-0.90,-19.15,117,ECO ENTERPRISE3
RAI-BOO-KRK-B42M9000,PAIR,Korakoh Rain Shoes Blk - 9/42,Curtains & Blinds,12,19.40,18.50,-0.90,-4.64,11,MAJOR HARVEST3
TOO-COM-IRO-BUL-41MM,PCS,41MM Iron Bull Spanner,Hand Tools,4,94.90,95.80,0.90,0.95,4,KIM KONG3
PAI-SPR-PMT-133,CAN,Paint Master Spray Paint - No. 133 Diamond Blue,Paint & Sundries,10,7.40,6.50,-0.90,-12.16,10,SONIC
CUT-DIS-MARK-12300-P024,PCS,Mr. Mark P24 Master Fibre Disc - Blk,Abrasives & Cutting,50,3.80,2.90,-0.90,-23.68,50,MAJOR HARVEST3
HOS-FLE-DL5-FB50,PCS,DL5 50CM Flex. Extension Faucet (orange Tube),Electrical,3,28.90,28.00,-0.90,-3.11,2,DALMAX3
RAI-BOO-KRK-B40M9000,PAIR,Korakoh Rain Shoes Blk - 7/40,Curtains & Blinds,9,19.40,18.50,-0.90,-4.64,9,MAJOR HARVEST3
RAI-BOO-KRK-B43M9000,PAIR,Korakoh Rain Shoes Blk - 10/43,Curtains & Blinds,9,19.40,18.50,-0.90,-4.64,9,MAJOR HARVEST3
RAI-BOO-KRK-B41M9000,PAIR,Korakoh Rain Shoes Blk - 8/41,Curtains & Blinds,8,19.40,18.50,-0.90,-4.64,7,MAJOR HARVEST3
RAI-BOO-KRK-B38M9000,PAIR,Korakoh Rain Shoes Blk - 5/38,Curtains & Blinds,7,19.40,18.50,-0.90,-4.64,6,MAJOR HARVEST3
X-FLO-MOC-KH40ADA40,PCS,16 X 16 Ceramic Floor Tiles KH40ADA40,Power Tools,6,7.10,6.20,-0.90,-12.68,6,CHEE LIAN
CUT-DIS-MARK-12300-P036,PCS,Mr. Mark P36 Master Fibre Disc - Blk,Abrasives & Cutting,31,3.80,2.90,-0.90,-23.68,30,MAJOR HARVEST3
GRA-CUT-BLA-12037(14),PCS,14 Grass Blade-b Trimmer Blade-big,Outdoor & Garden,2,18.80,17.90,-0.90,-4.79,2,REXER3
SWI-SOC-ELE-E012B,PCS,Elegance 16A 1 GANG 2 Way-black (E012B),Electrical,16,19.40,20.30,0.90,4.64,16,
VAL-CAB-CSK15A,UNIT,Cabana Stop Valve 3/4,Plumbing,3,88.90,88.00,-0.90,-1.01,3,HUE HOME
WIN-LOU-YNC-9B,SET,9B Yunco Louvres Window,Doors & Hardware,9,33.90,33.00,-0.90,-2.65,9,WHA WEE
MEA-TAP-SUN-3.6M,PCS,Sunlon M. Tape 3.6M/12,Hand Tools,9,8.40,7.50,-0.90,-10.71,9,FONG YUAN HUNG
NUM-80MM-4,PCS,Acp Numbering 80MM - 4,Signage & Numbering,9,13.50,12.60,-0.90,-6.67,9,REXER3
PAI-BRU-WOO-100MM,PCS,Gd Wool Brush 100 MM,Paint & Sundries,9,4.30,3.40,-0.90,-20.93,9,SONIC3
SHH-SWIVEL-SNAP-NO.8,PKT,Nickel Snap Swivel No. 8,Fishing & Tackle,13,4.80,3.90,-0.90,-18.75,11,SINHENHUA
SHH-HOOK-12146BN-8,PKT,No. 8 Hytac Hook 20'S,Fishing & Tackle,15,4.10,3.20,-0.90,-21.95,15,SINHENHUA
SHH-LINE-WHI-NO.20,PCS,(bs)long White M. L No. 20,Fishing & Tackle,14,4.30,3.40,-0.90,-20.93,13,SINHENHUA
SHH-HOOK-4310N-NO.8,PKT,No. 8 Exori Super Strong Hook (20'S),Fishing & Tackle,13,4.40,3.50,-0.90,-20.45,13,SINHENHUA
ELE-CAB-TWI-B/W-MAXWELL,MTR,"Scinet Twin Cable, Blue/white",Electrical,166,0.90,1.80,0.90,100.00,43.8,SEBD
TOO-ELE-GUN-PIN-40W,PCS,40W Pinsun Soldering Iron Gun,Home Appliances,3,17.00,17.90,0.90,5.29,3,WHA WEE
NUM-80MM-A,PCS,Acp Alphabet 80MM - A,Signage & Numbering,6,13.50,12.60,-0.90,-6.67,6,REXER3
SHH-HOOK-4310N-NO.1/0,PKT,No. 1/0 Exori Super Strong Hook (10'S),Fishing & Tackle,11,4.40,3.50,-0.90,-20.45,11,SINHENHUA
SHH-HOOK-4310N-NO.4,PKT,No. 4 Exori Super Strong Hook (20'S),Fishing & Tackle,11,4.40,3.50,-0.90,-20.45,11,SINHENHUA
NAIL-TUFTING-TN-8225-PCK,PCK,U Clip Tufting Nail 25MM X 8.5MM (10PCS/PCK),Fasteners & Fixings,2,9.70,8.80,-0.90,-9.28,2,DALMAX3
PAI-SPR-PMT-015,CAN,Paint Master Spray Paint - No. 15 Sky Blue (CAN),Paint & Sundries,2,7.40,6.50,-0.90,-12.16,26,SONIC
SHH-HOOK-4310N-NO.14,PKT,No. 14 Exori Super Strong Hook (20'S),Fishing & Tackle,10,4.40,3.50,-0.90,-20.45,8,SINHENHUA
SHH-HOOK-4310N-NO.2/0,PKT,No. 2/0 Exori Super Strong Hook (10'S),Fishing & Tackle,10,4.40,3.50,-0.90,-20.45,10,SINHENHUA
SHH-HOOK-4310N-NO.6,PKT,No. 6 Exori Super Strong Hook (20'S),Fishing & Tackle,10,4.40,3.50,-0.90,-20.45,9,SINHENHUA
ABR-PAP-SWA-0080,SHT,Swallow Abrasive Sand Paper 80,Abrasives & Cutting,139,3.40,2.50,-0.90,-26.47,136,SONIC3
SHH-SWIVEL-NO.12,PKT,Nickel Swivel No. 12,Fishing & Tackle,12,3.50,2.60,-0.90,-25.71,12,SINHENHUA
SHH-HOOK-4310N-NO.10,PKT,No. 10 Exori Super Strong Hook (20'S),Fishing & Tackle,9,4.40,3.50,-0.90,-20.45,7,SINHENHUA
SHH-HOOK-4310N-NO.12,PKT,No. 12 Exori Super Strong Hook (20'S),Fishing & Tackle,9,4.40,3.50,-0.90,-20.45,9,SINHENHUA
"AER-S/S-DIA-3""-1WAY",PCS,Aerico S/s Diawater (one Way) 3,Other,11,37.90,37.00,-0.90,-2.37,11,AERICO
"FAS-SCR-DRY-BLA-6#1-1/4""",PCK,Hunter/bk - Drywall Screw 6 (20PCS/PCK) X1-1/4,Fasteners & Fixings,28,0.60,1.50,0.90,150.00,28,BENTON
VAL-CAB-CB5100,UNIT,Cabana Angle Valve CB5100,Plumbing,2,53.90,53.00,-0.90,-1.67,2,HUE HOME
VAL-CAB-CB9100,UNIT,Cabana Angle Valve CB9100,Plumbing,2,53.90,53.00,-0.90,-1.67,2,HUE HOME
SHH-HOOK-4310N-NO.2,PKT,No. 2 Exori Super Strong Hook (20'S),Fishing & Tackle,8,4.40,3.50,-0.90,-20.45,8,SINHENHUA
SHH-SINKER-HOLE-NO.1,PCK,Hole Sinker No. 1 (10PCS/PCK),Fishing & Tackle,9,3.70,2.80,-0.90,-24.32,9,SINHENHUA
SHH-SWIVEL-NO.4,PKT,Nickel Swivel No. 4,Fishing & Tackle,7,4.60,3.70,-0.90,-19.57,7,SINHENHUA
NUM-80MM-5,PCS,Acp Numbering 80MM - 5,Signage & Numbering,4,13.50,12.60,-0.90,-6.67,4,REXER3
SHH-HOOK-4310N-NO.1,PKT,No. 1 Exori Super Strong Hook (20'S),Fishing & Tackle,7,4.40,3.50,-0.90,-20.45,7,SINHENHUA
TOO-DRV-KT107-Z100,PCS,"100MM (4""-6)107 King Top (-) Screw Driver",Fasteners & Fixings,31,4.80,3.90,-0.90,-18.75,31,LI HARDWARE
"SIN-FLE-PVC-OUT-1.1/4""",PCS,Corsa Flexible Hose Pipe - 1.1/4 (350-800MM),Plumbing,14,5.80,4.90,-0.90,-15.52,14,ALIKE HARDWARE3
VAL-CAB-CSK12A,UNIT,Cabana Stop Valve 1/2,Plumbing,1,81.90,81.00,-0.90,-1.10,1,HUE HOME
CAB-LUG-400AMP,PCK,Cable Lug (white) 400AMP 2PCS/PCK,Electrical,9,8.80,7.90,-0.90,-10.23,9,WHA WEE
PAI-BRU-NIP-TR832N,PCS,1 Synthetic Paint Brush 750,Paint & Sundries,16,6.40,5.50,-0.90,-14.06,15,PAINT MAR.
WAL-PLU-S/S-70MM,PCS,304 S/steel Wall Plug M8 X 70,Fasteners & Fixings,28,2.80,1.90,-0.90,-32.14,28,SYN JING LEE
SHH-LINE-WHI-NO.30,PCS,(bs)long White M. L No. 30,Fishing & Tackle,6,4.30,3.40,-0.90,-20.93,6,SINHENHUA
ELE-PVC-CON-TC3X7-TC022,PCS,Tc 3 X 7 PVC Conceal Box (TC022),Electrical,26,2.80,1.90,-0.90,-32.14,24,SEBD3
TOO-DRI-MAG-BSP037-F,PCS,Box Bit Socket,Electrical,13,5.10,4.20,-0.90,-17.65,13,CRYSTAL TRIUMPH S/B
TOO-DRI-MAG-BSP037-E,PCS,Asuma Box Bit Socket,Electrical,14,4.60,3.70,-0.90,-19.57,14,CRYSTAL TRIUMPH S/B
GAR-RAK-PVC-2021,PCS,PVC Garden Rake Head 2021,Outdoor & Garden,17,4.80,3.90,-0.90,-18.75,17,SONIC3
TOO-LEV-TOR-22057,PCS,Br 2021 9 Torpedo Level,Power Tools,13,6.10,5.20,-0.90,-14.75,12,REXER3
CLI-HOS-ORB-4X,PCS,Orbit Hose Clip No : 4X,Outdoor & Garden,18,3.90,3.00,-0.90,-23.08,18,JHT HARDWARE
SHH-FLOAT-FF125,PKT,"(1 1/4"") Plastic Float (2PCS/PCK)",Fishing & Tackle,6,2.90,2.00,-0.90,-31.03,6,SINHENHUA
TOO-CUT-STA-992014564,PCS,10 (green) Aviation Snip-right,Hand Tools,3,64.90,64.00,-0.90,-1.39,3,YUNG KONG
CAB-LUG-04-6,PCK,Cable Lug 4-6 (10PCS/PCK),Electrical,8,5.80,4.90,-0.90,-15.52,8,ECO ENTERPRISE3
FLO-MOC-DAD06,PCS,"12""X12 Sand Storm Grey Guocera Floor Tiles",Building Materials,3,5.20,4.30,-0.90,-17.31,3,CHEE LIAN
FIT-PVC-CON-20MM,PCS,PVC Fitting Tank Connector 20MM 3/4,Plumbing,143,3.40,2.50,-0.90,-26.47,143,KIONG SING
TOI-TRAP-AC15S,NOS,S-trap AC15S,Plumbing,1,39.90,39.00,-0.90,-2.26,1,IN CERAMICS SDN. BHD
"TOO-LEV-MAG-SENSUI-12""",PCS,12 Sensui (blue) Magnet Spirit Level,Power Tools,2,25.90,26.80,0.90,3.47,2,CRYSTAL TRIUMPH S/B
"FIT-HDPE-ADA-MAL-20MMX3/4""",PCS,HDPE Adaptor Male 20MM X 3/4,Plumbing,30,2.20,1.30,-0.90,-40.91,30,HUA BAN
GAS-SPR-CR8459N,PCS,Cleaning Chamber,Home Appliances,2,6.50,5.60,-0.90,-13.85,2,KTS TRADING
X-FLO-MOC-30QG30,PCS,"12""X12 Floor Tiles 30QG30",Power Tools,1,3.80,2.90,-0.90,-23.68,1,CHEE LIAN
FIT-HDPE-CAP-25MM,PCS,HDPE End Cap 25MM,Plumbing,21,2.90,2.00,-0.90,-31.03,18,HUA BAN
BLI-HSS-HOL-SAW-30MM,PCS,Navato Hole Saw Cutter 30MM,Power Tool Accessories,3,19.80,18.90,-0.90,-4.55,3,BOON SENG
NAI-COM-25MM-20KG,PCK,1 Wire Nail (PCK),Fasteners & Fixings,76,4.80,3.90,-0.90,-18.75,225,BENTON
TOO-CLA-SPR-ASC150MM,PCS,Arrow Nylon Spring Clamp 6 (150MM),Hand Tools,21,5.20,4.30,-0.90,-17.31,21,CHIN LAI
COC-BIB-PVC-3007,PCS,PVC R'key Colorant Tap - 3007,Plumbing,60,4.80,3.90,-0.90,-18.75,58,JHT HARDWARE
"FAS-SCR-DRY-BLA-6#1""",PCK,Hunter/bk - Drywall Screw 6 X1 (20PCS/PCK),Fasteners & Fixings,43,0.60,1.50,0.90,150.00,37,BENTON
"FIT-HDPE-ADA-MAL-20MMX1/2""",PCS,HDPE Adaptor Male 20MM X 1/2,Plumbing,20,2.20,1.30,-0.90,-40.91,20,HUA BAN
FIT-UPVC-SOC-110MM,PCS,U-pvc Socket 110MM 4,Electrical,47,5.90,5.00,-0.90,-15.25,43,KIONG SING
NUM-80MM-B,PCS,Acp Alphabet 80MM - B,Signage & Numbering,7,13.50,12.60,-0.90,-6.67,7,REXER3
FIT-PVC-SOC-20MM,PCS,PVC Fitting Socket P/t 20MM 3/4,Plumbing,240,1.10,2.00,0.90,81.82,237,KIONG SING
FIT-GAL-SOC-18MM,PCS,Galvanised Socket (270) 18MM,Electrical,11,3.60,2.70,-0.90,-25.00,11,SONIC3
BRA-S/S-MULTI-XL,PCS,Multi Functional S/steel Angle Bracket XL Size,Plumbing,4,59.90,59.00,-0.90,-1.50,4,DALMAX3
NAI-SQU-SUP-100MM-500G,PKT,E. G Square Boat Nail 100MM 500G,Fasteners & Fixings,6,6.20,5.30,-0.90,-14.52,6,SONIC
SAF-SPE-GOG-PVC,PCS,PVC Safety Goggles,Safety & Workwear,20,3.80,2.90,-0.90,-23.68,19,SONIC3
INK-POT-BIG-RED,PCS,PVC Ink Pot-big,Other,17,3.80,2.90,-0.90,-23.68,17,BOON SENG
ELE-PVC-NUT-U3X7,PCS,Umc 3 X 7 PVC Nut Box,Fasteners & Fixings,64,2.80,1.90,-0.90,-32.14,59,SEBD3
FLO-MOC-30WE40,PCS,"12""X12 Floor Tiles 30WE40",Flooring,1,4.60,3.70,-0.90,-19.57,1,CHEE LIAN
COC-BIB-PVC-3009,PCS,M'man ABS Faucet Bibcock - 3009,Plumbing,46,3.30,2.40,-0.90,-27.27,43,JHT HARDWARE
DRI-SET-HOLE-SAW-17PCS,SET,17PCS Hitmax Hss Hole Saw Set,Power Tool Accessories,2,69.90,69.00,-0.90,-1.29,1,CRYSTAL TRIUMPH S/B
ELE-PVC-NUT-3X6,PCS,"3""X6 White Box W/nut",Fasteners & Fixings,50,2.80,1.90,-0.90,-32.14,49,FULL-LITE
"FAS-SCR-DRY-WHI-6#1.1/2""",PCK,Hunter/wh - Drywall Screw 6 (20PCS/PCK) X1-1/2,Fasteners & Fixings,1,0.90,1.80,0.90,100.00,0,BENTON
"FIT-UPVC-TEE-2""",PCS,"2""(50MM) U Tee Plain (90)",Plumbing,20,5.40,4.50,-0.90,-16.67,20,HUA BAN
"FIT-HDPE-BEN-MAL-20MMX3/4""",PCS,HDPE Bend Male 20MM X 3/4,Plumbing,5,2.90,2.00,-0.90,-31.03,5,HUA BAN
"GUN-GRE-NIP-90 3/8""",PCS,S. K Unf 90 Degree Grease Nipple 3/8,Fasteners & Fixings,14,4.50,3.60,-0.90,-20.00,14,HTC HARDWARE
FIT-GAL-ELBW-18MM,PCS,Galvanised Elbow (90) 18MM,Plumbing,2,4.40,3.50,-0.90,-20.45,2,SONIC3
TOI-COV-SCREW-Y382,SET,Off Set Screw & Nut PVC -Y382,Fasteners & Fixings,1,4.80,3.90,-0.90,-18.75,1,CRYSTAL TRIUMPH S/B
BNW-BOL-U-ZP3/8X2.1/2,PCS,Zp U-bolt 3/8 X 2.1/2,Fasteners & Fixings,12,3.60,2.70,-0.90,-25.00,12,SONIC3
BNW-BOL-U-ZP3/8X4,PCS,Zp U-bolt 3/8 X 4,Fasteners & Fixings,10,4.10,3.20,-0.90,-21.95,10,SONIC3
BNW-BOL-HTM-M14-75MM,PCS,H/t Bolt - M 14 X 75MM,Fasteners & Fixings,1,3.90,3.00,-0.90,-23.08,21,SONIC3
"DOR-BOL-TOW-BLA-4""",PCS,4 Black Tower Bolt,Fasteners & Fixings,24,0.50,1.40,0.90,180.00,24,TIE BROTHER3
ELE-TUB-LED-CAS-TL-140,SET,Cielo D2 T8 LED Casing Fitting (empty) (big Hole),Plumbing,1,10.10,9.20,-0.90,-8.91,1,CIMA
BRU-PLA-E838,PCS,Plastic Brush,Other,1,2.60,1.70,-0.90,-34.62,1,
"DOR-TOW-BOL-3""",PCS,3 Aluminium Tower Bolt,Fasteners & Fixings,2,3.50,2.60,-0.90,-25.71,2,WHA WEE
X-FLO-MOC-KH19T01,PCS,"8""X8 Homogeneous Tiles",Power Tools,100,2.80,1.95,-0.85,-30.36,100,CHEE LIAN
SWI-CHN-JK107,PCS,Switch Chnt Auto Jk 107,Electrical,16,4.60,3.77,-0.83,-18.04,16,GOLDEN DAY
"HOS-FLE-GLO-20""",PCS,Glotool Flexible Tube F1/2 X F12 X 20,Outdoor & Garden,5,9.70,8.90,-0.80,-8.25,5,SONIC3
BOS-1607-000-CZ1,SET,Carbon Brush For Gsr,Power Tools,3,18.60,17.80,-0.80,-4.30,3,CMW ENGINEERING
DRI-SDS-GT02-55110,PCS,Glotool Sds Drill 5.5 X 110MM,Power Tool Accessories,13,4.40,3.60,-0.80,-18.18,11,SONIC3
DRI-SDS-GT02-10160,PCS,Glotool Sds Drill 10 X 160MM,Power Tool Accessories,9,6.20,5.40,-0.80,-12.90,4,SONIC3
CIMA-DL-L-199Y-RND-12W-CIE-DL,SET,Cielo Iii 199Y 12W L/dl (round/daylight),Lighting,93,12.70,11.90,-0.80,-6.30,86,CIMA
ELE-TUB-LED-22W-3000K,PCS,Ilite LED T8 1.2M 22W - 3000K,Lighting,72,8.70,7.90,-0.80,-9.20,72,TOP GAN
TOO-COM-GLO-25MM,PCS,Glotool Combination Wrench 25MM,Hand Tools,4,17.70,18.50,0.80,4.52,4,SONIC3
ELE-BUL-HERM-E27-W/W,PCS,Hermanns LED Candle E27,Lighting,53,6.70,5.90,-0.80,-11.94,53,TOP GAN
BOS-TER-MALE-CON-IW-TCM10/25,PCS,Terminal Male Connector 10-25,Power Tools,5,18.70,19.50,0.80,4.28,5,CMW ENGINEERING
ELE-CAB-P23163CW-MTR,METER,Yazaki X 3C PVC Flexible Cable 90M Whi,Electrical,28,1.40,2.20,0.80,57.14,28,MODERNVEST
X-CIMA-DL-L/RML65/RND/18W/DL,SET,Cielo Iii 199F 12W L/dl (square / Daylight),Power Tools,56,12.10,12.90,0.80,6.61,56,CIMA
ELE-CAB-PVC-4.00MM-BLK-MTR,MTR,Ktk PVC Cable Black 100M -mtr,Electrical,97,3.20,4.00,0.80,25.00,96.7,MODERNVEST
BRU-HAN0HAW-452135,PCS,Glotool 452135-3008 Steel Wire Brush,Electrical,25,6.70,5.90,-0.80,-11.94,24,SONIC3
"FAS-SCR-CSK-1 1/4"" X 8G",PCK,Sr Csk Tapping Screw 1 1/4 X 8G (20PCS/PCK),Fasteners & Fixings,68,2.80,3.60,0.80,28.57,64,SYARIKAT HUA KIONG3
ABR-PAP-621-533,SHT,G220 Ewd Hand Sanding Sheet,Abrasives & Cutting,136,2.80,2.00,-0.80,-28.57,136,CMW ENGINEERING
ABR-PAP-621-536,PCS,G400 Ewd Hand Sanding Sheet,Abrasives & Cutting,133,2.80,2.00,-0.80,-28.57,133,CMW ENGINEERING
ABR-PAP-621-537,SHT,G500 Ewd Hand Sanding Sheet,Abrasives & Cutting,122,2.80,2.00,-0.80,-28.57,122,CMW ENGINEERING
ABR-PAP-621-538,SHT,G600 Ewd Hand Sanding Sheet,Abrasives & Cutting,122,2.80,2.00,-0.80,-28.57,122,CMW ENGINEERING
ABR-PAP-621-540,SHT,Ewd Hand Sanding Sheet G1000,Abrasives & Cutting,107,2.80,2.00,-0.80,-28.57,107,CMW ENGINEERING
ELE-T5-4-CIELO-W/W,PCS,Cielo T5 LED Fitting 4FT 18W WW-830,Plumbing,43,19.60,18.80,-0.80,-4.08,43,CIMA
"IND-CAS-SWI-2""",PCS,2 DL5 Tpe 360 Degree Swivel Caster,Fishing & Tackle,23,11.70,10.90,-0.80,-6.84,23,DALMAX3
HOS-CON-MEN-40200012,PCS,Ecogreen- Hose Mender / 1/2,Outdoor & Garden,15,5.30,4.50,-0.80,-15.09,27,ZHONG YUAN3
ELE-CAB-PVC-4.00MM-GRE-MTR,MTR,Ktk PVC Cable Green 100M -mtr,Electrical,30,3.20,4.00,0.80,25.00,29.5,MODERNVEST
"TOO-NYL-PLU-COU-5/16""",PCS,Nylon Quick Coupler 5/16 Hose NSH-20,Outdoor & Garden,10,6.70,5.90,-0.80,-11.94,10,DALMAX3
HOS-CLE-00830,MTR,8MM X 30M Clear Hose (MTR),Outdoor & Garden,194,0.50,1.30,0.80,160.00,671,SHUN LI
FAS-SCR-TECH-METAL-65MM-PCK,PCK,Techscrew-metal Screw X 65MM (50PCS/PCK),Fasteners & Fixings,7,9.70,10.50,0.80,8.25,7,SONIC3
PAI-SPR-PMT-037,CAN,Paint Master Spray Paint - No. 37 Forest Green,Paint & Sundries,7,7.30,6.50,-0.80,-10.96,6,SONIC
"FAS-SCR-P/H-1 1/2"" X 8#",PCK,Sr P/h Self Drilling Screw 1 1/2 X 8 (20PCS/PCK),Fasteners & Fixings,24,2.70,3.50,0.80,29.63,24,SYARIKAT HUA KIONG3
"PAI-ROL-SET-1688-7""",SET,M'man 7 Paint Roller Set - 1688,Paint & Sundries,79,6.70,5.90,-0.80,-11.94,79,JHT HARDWARE
ABR-PAP-621-541,SHT,Ewd Hand Sanding Sheet G1200,Abrasives & Cutting,49,2.80,2.00,-0.80,-28.57,44,CMW ENGINEERING
ABR-PAP-621-534,PCS,G240 Ewd Hand Sanding Sheet,Abrasives & Cutting,47,2.80,2.00,-0.80,-28.57,47,CMW ENGINEERING
ABR-PAP-621-535,SHT,G320 Ewd Hand Sanding Sheet,Abrasives & Cutting,47,2.80,2.00,-0.80,-28.57,47,CMW ENGINEERING
PAI-SPR-PMT-013,CAN,Paint Master Spray Paint - No. 13 Fresh Green (CAN),Paint & Sundries,6,7.30,6.50,-0.80,-10.96,17,SONIC
BOS-1619-P09-976,PCS,Round Nut White (rplc 1603-340-037),Fasteners & Fixings,3,10.30,9.50,-0.80,-7.77,3,CMW ENGINEERING
GRA-SSS-06085(6),PCS,6 Elise S/steel Floor Grating,Bathroom,7,16.70,15.90,-0.80,-4.79,7,REXER3
FAS-SCR-TECH-WOOD-65MM-PCK,PCK,Techscrew-wood Screw X 65MM (50PCS/PCK),Fasteners & Fixings,5,9.70,8.90,-0.80,-8.25,5,SONIC3
CLI-ELE-CAB-04MM100'S,BOX,Cable Clip 4MM/100'S (bd),Electrical,14,3.20,2.40,-0.80,-25.00,14,SEBD3
"TIE-CAB-BLA-8""",PKT,8 Black Cable Tie (20PCS/PCK),"Rope, Chain & Netting",22,4.60,3.80,-0.80,-17.39,22,FULL-LITE
SHH-LINE-WHI-NO.40,PCS,(bs)long White M. L No. 40,Fishing & Tackle,20,4.30,3.50,-0.80,-18.60,20,SINHENHUA
NAIL-TUFTING-TN-8220-PCK,PCK,U Clip Tufting Nail 20MM X 8.5MM (10PCS/PCK),Fasteners & Fixings,4,8.60,7.80,-0.80,-9.30,4,DALMAX3
SWI-ADA-TRA-ES288T,PCS,Dlx 308N 13A Travel Adaptor Cw Neon,Electrical,37,6.00,5.20,-0.80,-13.33,33,ECO ENTERPRISE3
IND-RAG-COL-1KGS,KGS,Cotton Rag - Colour 1KGS,Building Materials,15,5.00,4.20,-0.80,-16.00,15,SONIC3
SHH-SINKER-HOLE-NO.3,PCK,Hole Sinker No. 3 (5PCS/PCK),Fishing & Tackle,16,4.10,3.30,-0.80,-19.51,16,SINHENHUA
SHH-LINE-WHI-NO.50,PCS,(bs)long White M. L No. 50,Fishing & Tackle,15,4.30,3.50,-0.80,-18.60,12,SINHENHUA
TOO-COM-IRO-BUL-06MM,PCS,6MM Iron Bull Spanner,Hand Tools,24,4.60,3.80,-0.80,-17.39,24,KIM KONG3
WAL-PLU-S/S-CC226-M8X70MM,PCS,S/steel Wall Plug - K103-304 M8X70MM CC226,Fasteners & Fixings,62,3.00,2.20,-0.80,-26.67,62,SYN JING LEE
"FAS-SCR-CSK-3"" X 8G-PCK",PCK,Sr Csk Tapping Screw 3 X 8G (10PCS/PCK),Fasteners & Fixings,47,3.40,4.20,0.80,23.53,47,SYARIKAT HUA KIONG3
TOO-DRV-MAG-M1065,PCS,Spandek Screw Adaptor M10X65MM,Fasteners & Fixings,19,6.70,5.90,-0.80,-11.94,19,SYN JING LEE
TOO-DRV-USA-06100,PCS,Usa 2 Way Sc Driver,Power Tools,2,7.30,6.50,-0.80,-10.96,2,SYN JING LEE
SHH-SWIVEL-NO.10,PKT,Nickel Swivel No. 10,Fishing & Tackle,12,3.50,2.70,-0.80,-22.86,11,SINHENHUA
DRI-BIT-SV003,PCS,2 (+-) Sensui Power Bit X65MM,Power Tool Accessories,32,3.70,2.90,-0.80,-21.62,32,CRYSTAL TRIUMPH S/B
CAB-PVC-FLE-CON-25MM-ECO,MTR,25MM PVC Flexible Conduit - Black 40M (kancil),Electrical,92,1.90,2.70,0.80,42.11,92.1,ECO ENTERP
CAB-LUG-300AMP,PCK,Cable Lug (white) 300AMP 2PCS/PCK,Electrical,15,6.70,5.90,-0.80,-11.94,15,WHA WEE
"IND-SCP-PVC-00627M-4""",PCS,4 Extreme Polished Scraper-pvc Handle,Doors & Hardware,22,6.00,5.20,-0.80,-13.33,22,DALMAX3
SHH-HOOK-4310N-NO.3/0,PKT,No. 3/0 Exori Super Strong Hook (10'S),Fishing & Tackle,8,4.30,3.50,-0.80,-18.60,8,SINHENHUA
ABR-PAP-SWA-0100,SHT,Swallow Abrasive Sand Paper 100,Abrasives & Cutting,116,2.90,2.10,-0.80,-27.59,115,SONIC3
"IND-SCP-PVC-00627L-3""",PCS,3 Extreme Polished Scraper-pvc Handle,Doors & Hardware,22,5.30,4.50,-0.80,-15.09,20,DALMAX3
NAI-FEL-SUP-38MM-500G,PKT,E. G Felt Nail 38MM - 500G,Fasteners & Fixings,24,6.00,5.20,-0.80,-13.33,22,SONIC
RIG-TUR-10MM,PCS,Galvanised Turnbuckle 10MM,Lifting & Rigging,14,3.50,2.70,-0.80,-22.86,14,SONIC3
"ACE-NUTS-1/2""X38MM",PCS,"Ace Brand Bsw Hexagon Long Nuts LN-1/2""X38MM",Fasteners & Fixings,27,2.90,2.10,-0.80,-27.59,25,KIM KONG3
ROP-STRAPS-ELASTIC-THAI-N05,PCS,45 Thai Elastic Straps,"Rope, Chain & Netting",87,3.30,2.50,-0.80,-24.24,81,CHUNS TRADING
"FIT-HDPE-ADA-FEM-25MMX3/4""",PCS,HDPE Adaptor Female 25MMX3/4,Plumbing,23,3.20,2.40,-0.80,-25.00,21,HUA BAN
GUN-GRE-NIP-90 M10X1.0,PCS,S. K 90 Degree Grease Nipple M10 X 1.0,Fasteners & Fixings,13,5.30,4.50,-0.80,-15.09,13,HTC HARDWARE
TOO-NAI-JEA-D11,PCS,Adjustable Tool Belt Bag (w/clip),Power Tools,11,8.00,7.20,-0.80,-10.00,10,JHT HARDWARE
WEL-NOZ-SET,PCS,Nozzle Cleaner Set,Chemicals & Adhesives,10,7.70,6.90,-0.80,-10.39,10,SONIC3
CUT-PVC-BIRD-HAN-NT,PCS,PVC Knife Handle (bird Head),Doors & Hardware,23,3.10,2.30,-0.80,-25.81,22,SYARIKAT HUA KIONG3
IND-GAL-WIR-PVC-0.6MM-1MM,ROLL,Arrow Green PVC Coated Wire 0.6MM-1MMX18M,Electrical,11,4.60,3.80,-0.80,-17.39,10,TIE BROTHER
"SPO-WAS-5""X8""X1.5""",PCS,Sponge 5 X 8 X 1.5,Other,56,3.30,2.50,-0.80,-24.24,52,HSIN NGIE
CHI-BIR-CUP,PCS,Bird Cup,Other,46,3.70,2.90,-0.80,-21.62,46,ING CHOON
X-FLO-MOC-30B140,PCS,"12""X12 Floor Tiles 30B140",Power Tools,1,4.50,3.70,-0.80,-17.78,1,CHEE LIAN
WIN-ROL-MAS-4002X10SET,SET,Sr Master Roller 4002 X 10 Sets,Doors & Hardware,17,3.30,2.50,-0.80,-24.24,17,SYARIKAT HUA KIONG3
VAL-BAL-MMAN-7733#X1/2,PCS,M'man Ball Valve X 1/2,Plumbing,9,4.10,3.30,-0.80,-19.51,8,JHT HARDWARE
SHH-PLA-NET-NEEDLE-NO.1-GRE,PCS,Plastic Net Needle No. 1 (green),Fishing & Tackle,3,3.70,2.90,-0.80,-21.62,3,SINHENHUA
"FAS-SCR-DRY-BLA-6#2""",PCK,Hunter/bk - Drywall Screw 6 X2 (20PCS/PCK),Fasteners & Fixings,24,1.10,1.90,0.80,72.73,21,BENTON
"FAS-SCR-DRY-WHI-6#3/4""",PCK,Hunter/wh - Drywall Screw 6 X3/4 (20PCS/PCK),Fasteners & Fixings,52,0.50,1.30,0.80,160.00,48,BENTON
"CUT-PVC-FIL-4""",PCS,PVC File Handle 4,Hand Tools,23,3.70,2.90,-0.80,-21.62,23,SYARIKAT HUA KIONG3
FIT-GAL-SOC-12MM,PCS,Galvanised Socket (270) 12MM,Electrical,12,3.00,2.20,-0.80,-26.67,12,HTC HARDWARE
HHD-FLO-BAL-12MM,PCS,1/2 Poly Float Ball Only Black Colour,Fishing & Tackle,20,4.00,3.20,-0.80,-20.00,20,KIM KONG3
SAF-EAR-PLU-3M-1110,PAIR,3M 1110 Disposable Ear Plug,Electrical,80,2.80,2.00,-0.80,-28.57,80,SUNWAY WINSTAR
FIT-UPVC-SOC-P/T-40MM,PCS,U-pvc Socket P/t 40MM 1-1/2,Electrical,37,4.60,3.80,-0.80,-17.39,37,KIONG SING
"FAS-SCR-DRY-BLA-6#3/4""",PCK,Hunter/bk - Drywall Screw 6 X3/4 (20PCS/PCK),Fasteners & Fixings,29,0.50,1.30,0.80,160.00,20,BENTON
FIT-PVC-CON-32MM,PCS,PVC Fitting Tank Connector 32MM 1-1/4,Plumbing,19,8.50,7.70,-0.80,-9.41,18,KIONG SING
FLO-MOC-BR3030A5,PCS,BR3030A5 30X30CM,Flooring,1,4.40,3.60,-0.80,-18.18,1,BRAVO-LINE
FLO-MOC-BR3030GLBR,PCS,BR3030GLBR 30X30CM,Flooring,1,4.40,3.60,-0.80,-18.18,1,BRAVO-LINE
FIT-GAL-NIP-12MM,PCS,Galvanised Nipple (280) 12MM,Plumbing,9,2.50,1.70,-0.80,-32.00,9,HTC HARDWARE
FIT-HDPE-ADA-MAL-25MMX1,PCS,25MM X 1 HDPE Male Threaded Adaptor,Plumbing,44,3.00,2.20,-0.80,-26.67,44,HUA BAN
CHA-ANI-6FT-25,PCS,Animal Chain 25 X 6,"Rope, Chain & Netting",7,6.30,5.50,-0.80,-12.70,7,SONIC3
"FAS-SCR-DRY-WHI-6#1""",PCK,Hunter/wh - Drywall Screw 6 X1 (20PCS/PCK),Fasteners & Fixings,19,0.50,1.30,0.80,160.00,15,BENTON
TOO-CHI-6078,PCS,Mii Sds Bull Point Chisel - 6078,Power Tool Accessories,16,6.70,5.90,-0.80,-11.94,16,JHT HARDWARE
OIL-FUN-7006,PCS,6 Funnel,Housewares,11,3.10,2.30,-0.80,-25.81,10,ING CHOON
SHH-BELL-DOUBLE,PCS,Double Fishing Bell,Fishing & Tackle,12,2.80,2.00,-0.80,-28.57,12,SINHENHUA
TOO-DRV-KT107-Z150,PCS,"150MM (6""-6)107 King Top (-) Screw Driver",Fasteners & Fixings,17,5.10,4.30,-0.80,-15.69,17,LI HARDWARE
TOO-CHI-THF250,PCS,Cold Chisel High Tensile 250MM Flat,Hand Tools,5,5.70,4.90,-0.80,-14.04,4,SONIC3
IND-WHE-BAR-SHA-5IN1,PCS,Wheel Barrow Shaft (5 IN 1),Building Materials,5,4.20,5.00,0.80,19.05,5,ING PING3
FIT-GAL-ELBW-12MM,PCS,Galv Equal Elbow 1/2,Plumbing,9,3.30,2.50,-0.80,-24.24,9,HTC HARDWARE
FIT-GAL-BUSH-12MMX18MM,PCS,Galv Bushing 3/4 X 1/2,Plumbing,5,2.80,2.00,-0.80,-28.57,5,HTC HARDWARE
BNW-BOL-U-ZP3/8X2,PCS,Zp U-bolt 3/8 X 2,Fasteners & Fixings,3,3.20,2.40,-0.80,-25.00,3,SONIC3
X-CAB-VGA-1.5M,PCS,Vga 1.5 Cable-b,Electrical,1,9.70,10.50,0.80,8.25,1,JAYAMAS
TOO-DRV-MAG-BES,PCS,Bestir Magnetic Socket 10MM X 65MM,Electrical,1,4.30,3.50,-0.80,-18.60,21,HTC HARDWARE
FLO-MOC-30PS12,PCS,12 X 12 Floor Tiles 30PS12,Flooring,1,2.10,2.85,0.75,35.71,1,FINECERA
BOS-2608-600-017,PCS,4 Grinding Disc,Abrasives & Cutting,1154,4.20,3.50,-0.70,-16.67,1152,CMW ENGINEERING
NIP-9000-GF-5L-P,CAN,5L Nippon 9000 Gf Pastel Base,Paint & Sundries,5,249.00,249.70,0.70,0.28,5,PAINT MAR.2
SWI-SOC-BS-13A,PCS,Taicon 13A Switch Socket (sr),Electrical,253,4.20,3.50,-0.70,-16.67,253,ECO ENTERPRISE3
NIP-WTRB-1L-D,CAN,1L Nippon Weatherbond Quartz Deep Base,Paint & Sundries,3,62.90,63.60,0.70,1.11,3,PAINT MAR.2
DRI-SDS-GT02-08160,PCS,Glotool Sds Drill 8 X 160MM,Power Tool Accessories,13,5.30,4.60,-0.70,-13.21,13,SONIC3
ADH-TAP-MAS-48MM,PCS,Glotool Masking Tape 48MM X 15 Yd,Packaging,155,2.60,1.90,-0.70,-26.92,150,SONIC3
ELE-BUL-D/L-HOM-12W-6500K,PCS,Ilite LED Bulb E27 12W,Lighting,170,6.20,6.90,0.70,11.29,169,TOP GAN
DRI-SDS-GT02-05110,PCS,Glotool Sds Drill 5 X 110MM,Power Tool Accessories,6,4.20,3.50,-0.70,-16.67,6,SONIC3
ADH-TAP-OPP-T80Y,PCS,Glotool Opp Tape 48 MM X 80 Yd (transp),Chemicals & Adhesives,51,4.80,4.10,-0.70,-14.58,45,SONIC3
TOO-DRV-MAG-GLO865,PCS,Glotool Magnetic Bit Holder 8 X 65MM,Power Tools,47,5.00,4.30,-0.70,-14.00,43,SONIC3
TOO-HAM-CLA-GT23MM,PCS,Glotool Claw Hammer 23MM,Hand Tools,7,15.20,14.50,-0.70,-4.61,6,SONIC3
ADH-TAP-OPP-B80Y,PCS,Glotool Opp Tape 48 MM X 80 Yd (brown),Chemicals & Adhesives,43,4.90,4.20,-0.70,-14.29,41,SONIC3
ELE-BUL-E27-16W-3CLR,PCS,LED Ens Jagung 3CLR,Lighting,66,7.60,6.90,-0.70,-9.21,66,TOP GAN
TOO-COM-GLO-14MM,PCS,Glotool Combination Wrench 14MM,Hand Tools,7,7.10,6.40,-0.70,-9.86,6,SONIC3
"ACE-HAM-ANC-1/4' X 1 1/2""",PCK,Ace Hammer Drive Anchor 640 1/4 X 1 1/2 (10PCS/PCK) (PCK),Hand Tools,56,6.60,5.90,-0.70,-10.61,95,SYN JING LEE
ADH-TAP-OPP-B40Y,PCS,Glotool Opp Tape 48 MM X 40 Yd (brown),Chemicals & Adhesives,17,3.50,2.80,-0.70,-20.00,15,SONIC3
ELE-CAB-VDE-WHI,MTR,Taicon 23/0.15 X 2 Core Vde Cable - White,Electrical,59,0.80,1.50,0.70,87.50,621,ECO ENTERP
TOW-CON-MIN96,PCS,Cotton Face Towel (37G),Bathroom,33,2.70,2.00,-0.70,-25.93,33,L.F. WHOLESALER
ACE-HAM-ANC-1/4X2,PCK,Ace Hammer Drive Anchor 650 1/4 X 2 (10PCS/PCK),Hand Tools,86,7.90,7.20,-0.70,-8.86,86,SYN JING LEE
BRA-BID-SHO-SA033,PCS,28 Milano Hand Shower Bracket,Bathroom,14,3.90,3.20,-0.70,-17.95,14,KANSSAN
GRA-CUT-BRU-4141406601,PAIR,Brush Pair - Spt 4141406601,Outdoor & Garden,10,18.70,18.00,-0.70,-3.74,10,HUACHIAN ENGINEERING
GAR-SPR-0063,PCS,Activ Garden Sprayer 2LTR - 0063,Outdoor & Garden,9,19.20,19.90,0.70,3.65,9,JHT HARDWARE
HOS-NET-MIK-15MM,MTR,Mikasa Net Hose - 15MM X 50M,Outdoor & Garden,97,2.90,2.20,-0.70,-24.14,97,SONIC
TOO-ELE-TESW0183,PCS,W0183 Tester,Power Tools,40,3.60,2.90,-0.70,-19.44,38,JUMBO
HOS-CON-EG-368-CLIPS,PCS,Eagle (EG-368) : Tap Adapter With Clips,Outdoor & Garden,12,10.60,9.90,-0.70,-6.60,12,HSIN NGIE
ELE-CAB-VDE-BLK,MTR,Taicon 23/0.15 X 2 Core Vde Cable - Black,Electrical,16,0.80,1.50,0.70,87.50,1211.5,ECO ENTERP
IND-IRON-HIN-3.0,PCS,3.0MM Iron Welding Hinges Pin,Home Appliances,78,3.20,2.50,-0.70,-21.88,78,WEE TAT TRADING
"BRU-CUP-3""-MR.MARK",PCS,Mr. Mark M10 X 1.5 Cup Brush,Other,14,16.60,15.90,-0.70,-4.22,14,MAJOR HARVEST3
ABR-PAP-621-529,SHT,G100 Ewd Hand Sanding Sheet,Abrasives & Cutting,74,3.00,2.30,-0.70,-23.33,71,CMW ENGINEERING
FAS-RIV-PAT-5/32X3/4-PCK,PCK,Blind Rivet: Jaguar 5/32 X 3/4 (20PCS/PCK),Fasteners & Fixings,35,2.50,3.20,0.70,28.00,35,KWONG TECK CHIONG
BNW-B&N-RBN-225,PCK,Sr G. I Boit & Nut 1/4 X 2 1/2 (10PCS/PCK),Fasteners & Fixings,12,7.00,6.30,-0.70,-10.00,12,SYARIKAT HUA KIONG3
"TOO-NYL-PLU-COU-3/8""",PCS,Nylon Quick Coupler 3/8 Hose NSH-30,Outdoor & Garden,9,6.90,6.20,-0.70,-10.14,9,DALMAX3
SWI-LAM-HOL-B218E27,PCS,E27 Hanging Holder Blk,Electrical,174,2.80,2.10,-0.70,-25.00,174,FULL-LITE
SWI-LAM-HOL-W218E27,PCS,E27 Hanging Holder Wh,Electrical,169,2.80,2.10,-0.70,-25.00,161,FULL-LITE
PAI-TIG-75MLALU*,PCS,75ML Tiger Aluminium,Paint & Sundries,6,9.20,8.50,-0.70,-7.61,6,ING PING3
"PIP-UPVC-5255-1.1/2""",MTR,"1 1/2""(40MM) X 6M Upvc Pipe",Plumbing,64,6.60,5.90,-0.70,-10.61,64,HUA BAN
IND-COA-SKI-WHI-PCK,PCK,1KG Scp Skim Top Coat White (OC-2),Building Materials,10,2.20,2.90,0.70,31.82,5,ING PING
MEA-TAP-SENSUI-JBM040-25FT,PCS,25FT Sensui Chrome Measuring Tape (S9),Hand Tools,7,19.90,19.20,-0.70,-3.52,7,CRYSTAL TRIUMPH S/B
PAI-BRU-LEON-830-25MM,PCS,Stag Paint Brush 1,Paint & Sundries,11,4.20,3.50,-0.70,-16.67,11,BOON SENG
PAI-ROL-SPM100,SET,Paint Master Paint Roller Set 4,Paint & Sundries,81,5.20,4.50,-0.70,-13.46,81,SONIC3
"IND-CAS-SWI-1""",PCS,1 DL5 Tpe 360 Degree Swivel Caster,Fishing & Tackle,13,8.20,7.50,-0.70,-8.54,13,DALMAX3
WAL-PLU-S/S-60MM,PCS,304 S/steel Wall Plug M6 X 60MM,Fasteners & Fixings,133,2.30,1.60,-0.70,-30.43,133,SYN JING LEE
TOO-WRE-KEY-ATHM-4,PCS,Arrow T Flat Hex Key (metric) With Plastic Handle - 4MM,Doors & Hardware,10,6.10,5.40,-0.70,-11.48,10,CHIN LAI
TOO-WRE-DOU-1417,PCS,Double Flexible Socket Wrench 14 X 17MM,Hand Tools,8,19.60,18.90,-0.70,-3.57,7,SONIC3
SHH-PLA-NET-NEEDLE-NO.4-GRE,PCS,Plastic Net Needle No. 4 (green),Fishing & Tackle,5,2.60,1.90,-0.70,-26.92,5,SINHENHUA
SHH-LINE-WHI-NO.100,PCS,(bs)long White M. L No. 100,Fishing & Tackle,19,4.30,3.60,-0.70,-16.28,19,SINHENHUA
SHH-LINE-WHI-NO.70,PCS,(bs)long White M. L No. 70,Fishing & Tackle,19,4.30,3.60,-0.70,-16.28,19,SINHENHUA
HOS-CON-ADA-PI7-320#,PCS,PI7 Hose Connector,Outdoor & Garden,5,3.60,2.90,-0.70,-19.44,17,BOON SENG
SHH-HOOK-12146BN-10,PKT,No. 10 Hytac Hook 20'S,Fishing & Tackle,12,3.90,3.20,-0.70,-17.95,12,SINHENHUA
IND-WHE-BEA-5009,PCS,Cn Wheel Barrow Puller Bearing,Building Materials,7,6.30,5.60,-0.70,-11.11,7,KIONG JOUNG3
"FIT-HDPE-BEN-FEM-20MMX1/2""",PCS,HDPE Bend Female 20MM X 1/2,Plumbing,62,3.10,2.40,-0.70,-22.58,62,HUA BAN
"PAI-BRU-680-4""",PCS,Arrow Nylon Brush 680 - 4,Paint & Sundries,36,3.80,4.50,0.70,18.42,36,CHIN LAI
SHH-HOOK-12146BN-1/0,PKT,No. 1/0 Hytac Hook 18'S,Fishing & Tackle,9,3.90,3.20,-0.70,-17.95,9,SINHENHUA
TOO-MAG-BIT-26173,PCS,Br 1020 Magnetic Power Bits (10PCS/PACK),Power Tools,3,3.60,2.90,-0.70,-19.44,3,REXER3
ABR-PAP-SWA-0120,SHT,Swallow Abrasive Sand Paper 120,Abrasives & Cutting,129,2.70,2.00,-0.70,-25.93,122,SONIC3
MAR-PEN-90-BLACK,PCS,Faster 90 Marker Pen-black,Hand Tools,19,2.90,2.20,-0.70,-24.14,16,MAJOR HARVEST3
CAB-LUG-25-8,PCK,Cable Lug 25-8 (4PCS/PCK),Electrical,13,6.60,5.90,-0.70,-10.61,12,ECO ENTERPRISE3
FIT-UPVC-BEN-ELB-45-40MM,PCS,U-pvc Bend (elbow) 40MM 1-1/2 45-DEG,Plumbing,25,3.20,2.50,-0.70,-21.88,25,KIONG SING
ABR-PAP-SWA-1000,SHT,Swallow Abrasive Sand Paper 1000,Abrasives & Cutting,109,2.70,2.00,-0.70,-25.93,109,SONIC3
"PIP-UPVC-3""",MTR,"3""(82MM) Ut X 6M Upvc Pipe",Plumbing,78,10.20,10.90,0.70,6.86,78,HUA BAN
ABR-PAP-SWA-1500,SHT,Swallow Abrasive Sand Paper 1500,Abrasives & Cutting,91,2.90,2.20,-0.70,-24.14,90,SONIC3
"TOO-NYL-PLU-COU-1/4""-NSF20",PCS,Nylon Quick Coupler 1/4 Female NSF-20,Power Tool Accessories,10,6.70,6.00,-0.70,-10.45,10,DALMAX3
"SANDEX-VEL-SAN-4""-060#",PCK,"Sandex 4 Velcro Sanding Disc, 60",Abrasives & Cutting,35,6.60,5.90,-0.70,-10.61,35,CHUNG YANG3
"TOO-NYL-PLU-COU-1/4""",PCS,Nylon Quick Coupler 1/4 Male NSM-20,Power Tool Accessories,9,6.70,6.00,-0.70,-10.45,9,DALMAX3
"SANDEX-VEL-SAN-4""-040#",PCK,"Sandex 4 Velcro Sanding Disc, 40",Abrasives & Cutting,34,6.60,5.90,-0.70,-10.61,33,CHUNG YANG3
FIT-PVC-CON-15MM,PCS,PVC Fitting Tank Connector 15MM 1/2,Plumbing,251,2.50,1.80,-0.70,-28.00,250,KIONG SING
ABR-PAP-SWA-1200,SHT,Swallow Abrasive Sand Paper 1200,Abrasives & Cutting,76,2.80,2.10,-0.70,-25.00,76,SONIC3
BNW-BOL-HTM-M16-65MM,PCS,H/t Bolt - M 16 X 65MM,Fasteners & Fixings,27,3.20,2.50,-0.70,-21.88,27,SONIC3
HOL-POR-E27,PCS,E27 Porcelin Holder Wire,Electrical,22,2.30,3.00,0.70,30.43,22,ECO ENTERPRISE3
CUT-PVC-BLK-HAN-99003,PCS,PVC Knife Handle (black),Doors & Hardware,21,2.90,2.20,-0.70,-24.14,20,SYARIKAT HUA KIONG3
DRI-HSS-TWI-05MM,PCS,Blimax Hss Twist Drill BIT-3/16,Power Tool Accessories,21,2.20,1.50,-0.70,-31.82,12,BOON SENG
"SANDEX-VEL-SAN-4""-240#",PCK,"Sandex 4 Velcro Sanding Disc, 240",Abrasives & Cutting,27,6.60,5.90,-0.70,-10.61,25,CHUNG YANG3
"SANDEX-VEL-SAN-4""-400#",PCK,"Sandex 4 Velcro Sanding Disc, 400",Abrasives & Cutting,26,6.60,5.90,-0.70,-10.61,26,CHUNG YANG3
INK-CHI-BLA(HUA),PCS,Chinese Writing Ink (chong Hua),Other,51,3.30,2.60,-0.70,-21.21,44,ING PING3
"SANDEX-VEL-SAN-4""-100#",PCK,"Sandex 4 Velcro Sanding Disc, 100",Abrasives & Cutting,25,6.60,5.90,-0.70,-10.61,25,CHUNG YANG3
ELE-HOL-MX660/A,PCS,13A E27 Night Light Holder,Electrical,9,4.60,3.90,-0.70,-15.22,9,FULL-LITE
IND-IRON-PLATE,PCS,M5 X 1.1/2 Gate Lock Holder,Doors & Hardware,58,0.90,1.60,0.70,77.78,58,WHA WEE
"SANDEX-VEL-SAN-4""-180#",PCK,"Sandex 4 Velcro Sanding Disc, 180",Abrasives & Cutting,22,6.60,5.90,-0.70,-10.61,22,CHUNG YANG3
BNW-BOL-HTM-M16-75MM,PCS,H/t Bolt - M 16 X 75MM,Fasteners & Fixings,16,3.70,3.00,-0.70,-18.92,16,SONIC3
BNW-BOL-HTM-M16-80MM,PCS,H/t Bolt - M 16 X 80MM,Fasteners & Fixings,16,3.60,2.90,-0.70,-19.44,16,SONIC3
TOO-DRV-KT107-Z125,PCS,"125MM (5""-6)107 King Top (-) Screw Driver",Fasteners & Fixings,12,4.80,4.10,-0.70,-14.58,11,LI HARDWARE
"SANDEX-VEL-SAN-4""-080#",PCK,"Sandex 4 Velcro Sanding Disc, 80",Abrasives & Cutting,19,6.60,5.90,-0.70,-10.61,19,CHUNG YANG3
"SANDEX-VEL-SAN-4""-150#",PCK,"Sandex 4 Velcro Sanding Disc, 150",Abrasives & Cutting,17,6.60,5.90,-0.70,-10.61,17,CHUNG YANG3
"FIT-UPVC-SOC-3""",PCS,U-pvc Socket 82MM 3,Electrical,60,5.20,4.50,-0.70,-13.46,57,KIONG SING
"SANDEX-VEL-SAN-4""-120#",PCK,"Sandex 4 Velcro Sanding Disc, 120",Abrasives & Cutting,16,6.60,5.90,-0.70,-10.61,16,CHUNG YANG3
FIT-HDPE-CAP-20MM,PCS,HDPE End Cap 20MM,Plumbing,20,2.30,1.60,-0.70,-30.43,20,HUA BAN
DOR-HIN-SSS-38MM,SET,1 1/2 Stainless Steel Hinges,Doors & Hardware,11,2.80,2.10,-0.70,-25.00,11,WHA WEE
HOS-CON-ADA-40200006,PCS,Ecogreen- Tap Adaptor / 3/4,Electrical,6,3.90,3.20,-0.70,-17.95,16,ZHONG YUAN3
FAS-ANC-PJA-12100,PCS,Sh P. J. Anchor 1/2 X 4 (PCS),Fasteners & Fixings,9,3.60,2.90,-0.70,-19.44,209,SONIC3
"SANDEX-VEL-SAN-4""-320#",PCK,"Sandex 4 Velcro Sanding Disc, 320",Abrasives & Cutting,11,6.60,5.90,-0.70,-10.61,11,CHUNG YANG3
IND-SCP-PVC-50MM,PCS,Sr PVC Scraper 2,Building Materials,23,2.60,1.90,-0.70,-26.92,22,SYARIKAT HUA KIONG3
X-SHH-HOOK-4310N-NO.3/0,PKT,No. 3/0 Exori Nickel Hook (10'S),Fishing & Tackle,1,4.00,3.30,-0.70,-17.50,1,SINHENHUA
FIT-GAL-CAP-18MM,PCS,Galvanised Cap (301) 18MM,Plumbing,7,3.20,2.50,-0.70,-21.88,7,SONIC3
NAI-ROO-SUP-T65MM-500G,PKT,E. G Roofing Nail - Twist 65MM 500G,Fasteners & Fixings,25,5.80,5.10,-0.70,-12.07,25,SONIC
TOO-CHI-6075,PCS,Mii Sds Bull Point Chisel - 6075,Power Tool Accessories,24,4.80,4.10,-0.70,-14.58,24,JHT HARDWARE
FIT-PVC-TEE-50MM,PCS,PVC Fitting Tee 50MM 2 Swv,Plumbing,17,6.60,5.90,-0.70,-10.61,16,KIONG SING
IND-CAS-RUB-100MM,PCS,4 Rubber Wheel Only,Building Materials,6,5.70,5.00,-0.70,-12.28,6,ING PING3
FLO-MOC-20UB80,PCS,"8""X8 Floor Tiles",Flooring,1,2.10,1.40,-0.70,-33.33,1,CHEE LIAN
"DOR-PUL-AC-4""",PCS,303 AC Door Pull 4,Doors & Hardware,3,2.90,2.20,-0.70,-24.14,3,SYN JING LEE
RIG-TUR-08MM,PCS,Galvanised Turnbuckle 08MM,Lifting & Rigging,1,2.90,2.20,-0.70,-24.14,1,SONIC3
FIT-UPVC-BEN-ELB-32MM,PCS,U-pvc Bend (elbow) 32MM 1-1/4,Plumbing,27,2.30,1.60,-0.70,-30.43,25,KIONG SING
BNW-BOL-U-ZP3/8X3,PCS,Zp U-bolt 3/8 X 3,Fasteners & Fixings,11,3.50,2.80,-0.70,-20.00,9,SONIC3
"HOS-FLE-GLO-18""",PCS,Glotool Flexible Tube F1/2 X F12 X 18,Outdoor & Garden,13,9.30,8.70,-0.60,-6.45,13,SONIC3
BUL-FFL-25W-E27-FROST,PCS,Taicon Standard Bulb E27 Forsted 25W,Lighting,46,3.70,3.10,-0.60,-16.22,44,ECO ENTERPRISE3
NIP-UND-9000-1L,CAN,1L Nippon 9000 Undercoat White,Paint & Sundries,13,48.90,49.50,0.60,1.23,13,PAINT MAR.
ELE-TUB-LED-CAS-1200MM,PCS,4FT T8 LED Empty Casing,Lighting,208,7.10,6.50,-0.60,-8.45,207,ECO ENTERPRISE3
DRI-SDS-GT02-06110,PCS,Glotool Sds Drill 6 X 110MM,Power Tool Accessories,12,4.70,4.10,-0.60,-12.77,12,SONIC3
DRI-SDS-GT02-10110,PCS,Glotool Sds Drill 10 X 110MM,Power Tool Accessories,7,5.30,4.70,-0.60,-11.32,6,SONIC3
TOO-NIE-PLU-COU-SOC-20SF,PCS,Nietz Quick Coupler Socket 20SF,Electrical,11,19.50,18.90,-0.60,-3.08,11,SUNWAY WINSTAR
BUL-FFL-40W-B22-FROST,PCS,Ffl 40W B22 Standard Bulb-frost,Lighting,32,3.70,3.10,-0.60,-16.22,30,ECO ENTERPRISE3
BUL-FFL-60W-B22-FROST,PCS,Ffl 60W B22 Standard Bulb-frost,Lighting,30,3.70,3.10,-0.60,-16.22,30,ECO ENTERPRISE3
CIMA-SD-L/200Y/36W/WH/3C,SET,36W L/surface D/light Round,Lighting,10,52.90,53.50,0.60,1.13,10,CIMA
BUT-NUL-ANC-BH02,PCK,BH02 Butterfly Anchor W/screw 10MM (10PCS/PCK),Fasteners & Fixings,18,3.90,4.50,0.60,15.38,17,SYN JING LEE
TOO-LEV-SUN-600MM,PCS,Glotool Magnetic Spirit Level 24,Power Tools,5,22.90,23.50,0.60,2.62,5,SONIC3
STO-BOSS-BMS1,PCS,Bossman Mini Lotus Stove 1 (K-202),Home Appliances,11,27.90,28.50,0.60,2.15,11,CHIN LAI
TOO-LEV-SUN-900MM,PCS,Glotool Magnetic Spirit Level 36,Power Tools,4,26.90,27.50,0.60,2.23,4,SONIC3
SWI-LAM-HOL-2001B22,PCS,Nylon B22 Lamp Holder Blk,Lighting,126,1.80,1.20,-0.60,-33.33,126,FULL-LITE
TOO-COM-GLO-09MM,PCS,Glotool Combination Wrench 09MM,Hand Tools,7,4.90,4.30,-0.60,-12.24,7,SONIC3
BUL-FFL-100W-B22-FROST,PCS,Ffl 100W B22 Standard Bulb-frost,Lighting,9,3.70,3.10,-0.60,-16.22,9,ECO ENTERPRISE3
ELE-HOL-E27-ROU-TOPGAN,PCS,Lamp Holder E27 (round),Lighting,67,3.10,2.50,-0.60,-19.35,63,TOP GAN
"IND-CAS-SWI-1.5""",PCS,1.5 DL5 Tpe 360 Degree Swivel Caster,Fishing & Tackle,30,10.10,9.50,-0.60,-5.94,26,DALMAX3
GAS-TOR-20032,PCS,Multi Purpose Torch,Lighting,7,24.90,25.50,0.60,2.41,6,REXER3
TOO-COM-GLO-06MM,PCS,Glotool Combination Wrench 06MM,Hand Tools,6,4.30,3.70,-0.60,-13.95,6,SONIC3
HOS-MAC-WAS-OUT-1.5M,PCS,PVC Outlet HOSE-1.5M,Outdoor & Garden,9,10.50,9.90,-0.60,-5.71,9,JHT HARDWARE
CUT-DIS-KCW-100,PCS,Qs Cutting Wheel 4,Abrasives & Cutting,909,1.80,1.20,-0.60,-33.33,674,JUMBO
NIE-KEY-BOX-MET-50528020,PCS,Nietz Metal Key Box 20,Hand Tools,2,72.90,73.50,0.60,0.82,2,SUNWAY WINSTAR
FIT-BUT-END-PLUG-20MM,PCS,Buteline 20MM PE Pipe End Plug,Plumbing,31,2.10,1.50,-0.60,-28.57,29,HUA BAN
TOO-COM-GLO-07MM,PCS,Glotool Combination Wrench 07MM,Hand Tools,4,4.50,3.90,-0.60,-13.33,4,SONIC3
HOS-SPA-RIN-C111,PKT,C111 Spare O-ring For Sink Tap,Kitchen & Sinks,36,2.80,2.20,-0.60,-21.43,36,SYN JING LEE
TOO-COM-GLO-10MM,PCS,Glotool Combination Wrench 10MM,Hand Tools,3,5.10,4.50,-0.60,-11.76,0,SONIC3
DOR-KEY-SGEP-S3030/60-SN,PCS,"Sn""st Guchi""single Key & Thumbturn Profile Cyl",Doors & Hardware,5,58.90,59.50,0.60,1.02,5,VERTEX
SINK-PROTECTOR-A90,PCS,Sink Protector A90,Kitchen & Sinks,18,2.60,2.00,-0.60,-23.08,18,L.F. WHOLESALER
"HOS-FLE-VIP-PP60""",PCS,PP-60 White Nylon Vip Flexible Tube,Outdoor & Garden,8,20.90,21.50,0.60,2.87,8,KIM KONG3
X-ELE-LED-SOL-GAR-7W,SET,Solar Garden Lamp,Lighting,1,43.90,44.50,0.60,1.37,1,
SWI-SOC-ELE-E0813B,PCS,Elegance 13A Flat Pin Double Pole Swi Soc-blk (E0813B),Electrical,51,20.90,21.50,0.60,2.87,51,
LOC-COL-ZK503,SET,Safety Chrome Plated Padlock ZK-503,Safety & Workwear,6,58.90,59.50,0.60,1.02,6,KIM KONG3
"TOO-HOL-MAG-VESIC-3""-BMWH-3",PCS,3 Bossman Magnetic Weld Holder (25-LBS),Power Tools,8,14.30,14.90,0.60,4.20,6,CHIN LAI
WIN-HOO-PIN-8430,PCK,Sr Pleak Hook 8430 (10PCS/PCK),Doors & Hardware,40,2.60,2.00,-0.60,-23.08,40,SYARIKAT HUA KIONG3
BOS-2607-010-079,PCS,Anti Splintering Device Gst 65,Power Tools,2,4.30,3.70,-0.60,-13.95,2,CMW ENGINEERING
"IND-CAS-FIX-1.5""",PCS,1.5 DL5 Tpe Fixed Caster,Building Materials,31,9.50,8.90,-0.60,-6.32,31,DALMAX3
TOO-TYR-LEV-W0014C,PCS,"Type Lever 20""/500MM",Power Tools,2,46.90,47.50,0.60,1.28,2,JUMBO
"HOS-FLE-VIP-PP14""",PCS,PP-14 White Nylon Vip Flexible Tube,Outdoor & Garden,8,10.40,9.80,-0.60,-5.77,8,KIM KONG3
ELE-T5-3'-CIELO-D/L,PCS,Cielo T5 LED Fitting 3FT 14W,Plumbing,31,19.60,19.00,-0.60,-3.06,27,CIMA
HOS-CON-MEN-ECO4036,PCS,Ecogreen- Hose Mender / 3/4,Outdoor & Garden,11,6.40,5.80,-0.60,-9.38,23,ZHONG YUAN3
CUT-DEW-DW4724,PCS,"Diamond Blade, Turbo",Abrasives & Cutting,7,26.90,27.50,0.60,2.23,7,HUACHIAN ENGINEERING
IND-CAS-SCR-10MM,PCK,2 Screw (4PCS/PCK) CASTER-10MM,Fasteners & Fixings,6,12.50,11.90,-0.60,-4.80,6,ENG HUAT TRADING
X-FLO-MOC-M66002-QC501AB,PCS,600MM X 600MM Polished Tiles (nano) M66002,Power Tools,2,24.90,25.50,0.60,2.41,2,MUDA
IND-CAS-SCR-08MM,PCK,2 Screw (4PCS/PCK) CASTER-8MM,Fasteners & Fixings,5,12.50,11.90,-0.60,-4.80,4,ENG HUAT TRADING
"FAS-RIV-PAT-3/16""X3/4""-PCK",PCK,Blind Rivet: Jaguar 3/16 X 3/4 (20PCS/PCK),Fasteners & Fixings,23,2.30,2.90,0.60,26.09,23,KWONG TECK CHIONG
WAL-PLU-S/S-CC225-M6X60MM,PCS,S/steel Wall Plug - K103-304 M6X60MM CC225,Fasteners & Fixings,147,2.30,1.70,-0.60,-26.09,147,SYN JING LEE
SHH-LINE-WHI-NO.12,PCS,(bs)long White M. L No. 12,Fishing & Tackle,26,4.30,3.70,-0.60,-13.95,24,SINHENHUA
TOO-DRV-ASD43-,PCS,4 X 3MM (-) Arrow High Grip Screwdriver,Hand Tools,30,5.40,4.80,-0.60,-11.11,30,CHIN LAI
CUT-KNI-HX338,BOX,Tct A80 N. T Cutter Blade (10PCS/BOX),Abrasives & Cutting,37,2.50,1.90,-0.60,-24.00,37,SYN JING LEE
SHH-LINE-WHI-NO.10,PCS,(bs)long White M. L No. 10,Fishing & Tackle,20,4.30,3.70,-0.60,-13.95,20,SINHENHUA
IND-FOI-D/S-1.2MX25M,MTR,Glofoil Alum Foil Double Side (GT120),Building Materials,25,3.30,2.70,-0.60,-18.18,25,SONIC3
FIT-HDPE-BEN-ELB-20MM,PCS,HDPE Bend (elbow) 20MM,Plumbing,99,3.60,3.00,-0.60,-16.67,98,HUA BAN
SOC-PVC-BOX-6MM,PCS,PVC 2WAY Box 3/4,Other,85,0.80,0.20,-0.60,-75.00,85,GOLDEN DAY
"TIE-CAB-BLA-6""",PKT,6 Black Cable Tie (20PCS/PCK),"Rope, Chain & Netting",15,4.20,3.60,-0.60,-14.29,13,FULL-LITE
SWI-SOC-ULT-M031MG,PCS,Ultra 16A 3 GANG 1 Way-matte Grey (M031MG),Electrical,9,19.40,18.80,-0.60,-3.09,9,TRISTAR
"ACE-NUTS-3/8""X38MM",PCS,"Ace Brand Bsw Hexagon Long Nuts LN-3/8""X38MM",Fasteners & Fixings,70,2.40,1.80,-0.60,-25.00,70,KIM KONG3
SHH-ROD-TKKT26632S,PCS,"Torikumu Kotai Ii Medium (6'6"")ROD",Fishing & Tackle,1,57.90,58.50,0.60,1.04,1,SINHENHUA
"TOO-LEV-MAG-SENSUI-18""",PCS,18 Sensui (blue) Magnet Spirit Level,Power Tools,7,27.90,28.50,0.60,2.15,7,CRYSTAL TRIUMPH S/B
TOO-DRV-ASD43+,PCS,4 X 3MM (+) Arrow High Grip Screwdriver,Hand Tools,15,5.40,4.80,-0.60,-11.11,15,CHIN LAI
"IND-SCP-PVC-00627J-2""",PCS,2 Extreme Polished Scraper-pvc Handle,Doors & Hardware,37,4.40,3.80,-0.60,-13.64,37,DALMAX3
X-DOR-LOC-CYL-2088AC,SET,Br 5862 AC Cylindrical Door Lock,Doors & Hardware,5,28.90,29.50,0.60,2.08,5,REXER3
TOO-ELE-GUN-MGG01-60W,PCS,60W Hot Glue Gun,Chemicals & Adhesives,4,33.90,34.50,0.60,1.77,4,CRYSTAL TRIUMPH S/B
SIN-BAS-VIP-NO.46,PCS,No. 46 Vip Basin Waste (rotate),Plumbing,3,30.90,31.50,0.60,1.94,3,KIM KONG3
"PAI-BRU-780-3""",PCS,3 780 Selleys Bristle Paint Brush,Paint & Sundries,6,19.10,18.50,-0.60,-3.14,6,KIONG JOUNG3
TOO-HAM-SLE-8P,PCS,Double Face Sledge Hammer - 8P,Hand Tools,4,83.90,84.50,0.60,0.72,4,JHT HARDWARE
BNW-BOL-HTM-M16-60MM,PCS,H/t Bolt - M 16 X 60MM,Fasteners & Fixings,40,3.10,2.50,-0.60,-19.35,40,SONIC3
TOO-COM-IRO-BUL-09MM,PCS,9MM Iron Bull Spanner,Hand Tools,11,3.90,4.50,0.60,15.38,11,KIM KONG3
NAIL-TUFTING-TN-7316-PCK,PCK,Round Plate Tufting Nail (10PCS/PCK) 16MMX7.3MM,Fasteners & Fixings,15,4.80,4.20,-0.60,-12.50,14,DALMAX3
"TOO-NYL-PLU-COU-3/8""-NSF30",PCS,Nylon Quick Coupler 3/8 Female NSF-30,Power Tool Accessories,10,6.90,6.30,-0.60,-8.70,10,DALMAX3
"TOO-NYL-PLU-COU-3/8""-NSM30",PCS,Nylon Quick Coupler 3/8 Male NSM-30,Power Tool Accessories,10,6.90,6.30,-0.60,-8.70,10,DALMAX3
TOO-CLA-F-ATB80X150,PCS,6 X 80MM Arrow F Type Wood Clamp,Hand Tools,10,23.90,24.50,0.60,2.51,10,CHIN LAI
"TOO-CLA-F-ATB80X8""",PCS,8 X 80MM Arrow F Type Wood Clamp,Hand Tools,8,26.90,27.50,0.60,2.23,8,CHIN LAI
RIG-CLI-GAL-25MM,PCS,Galvanised Wire Rope Clip 25MM,Lifting & Rigging,5,6.50,5.90,-0.60,-9.23,5,SONIC3
SHH-SPOOL-105,PCS,Fishing Spool HP-105,Fishing & Tackle,6,2.80,2.20,-0.60,-21.43,5,SINHENHUA
TOO-DRV-SET-APS355,SET,Arrow Electronics Bit Driver Set,Power Tools,3,21.90,22.50,0.60,2.74,3,CHIN LAI
"FAS-SCR-TAP-PAN-8#1.1/4""",PCK,8 X1-1/4 Ph Self Tapping Screw-pan Head (20PCS/PCK),Fasteners & Fixings,15,3.20,2.60,-0.60,-18.75,15,KIM KONG3
TOO-CHI-FLAT,PCS,12 Flat Chisel,Hand Tools,15,12.10,11.50,-0.60,-4.96,13,CHUONG LEE
TOO-RUL-STE-300,PCS,Steel Angle Square 12,Power Tools,10,6.10,5.50,-0.60,-9.84,7,SONIC3
STR-NYL-TWI-09S,ROLL,9 Nylon Twin,"Rope, Chain & Netting",54,3.10,2.50,-0.60,-19.35,52,WHA WEE
ABR-PAP-SWA-2000,SHT,Swallow Abrasive Sand Paper 2000,Abrasives & Cutting,53,3.10,2.50,-0.60,-19.35,53,SONIC3
SHH-BOX-TB10A,PCS,Tackle Box (adjust),Fishing & Tackle,5,2.90,2.30,-0.60,-20.69,5,SINHENHUA
STR-NYL-TWI-18S,ROLL,18 Nylon Twin,"Rope, Chain & Netting",52,3.10,2.50,-0.60,-19.35,51,WHA WEE
X-FLO-MOC-30AAS80,PCS,"12""X12 Floor Tiles KH30AAS80",Power Tools,1,4.30,3.70,-0.60,-13.95,1,CHEE LIAN
X-FLO-MOC-BR3030WW,PCS,300MM X 300MM BR3030WW,Power Tools,1,4.20,3.60,-0.60,-14.29,1,BRAVO-LINE
STR-NYL-TWI-06S,ROLL,6 Nylon Twin,"Rope, Chain & Netting",50,3.10,2.50,-0.60,-19.35,39,WHA WEE
"NAI-CON-WHI-3/4""",BOX,3/4 Hardened Steel Concrete Nail,Fasteners & Fixings,22,3.10,2.50,-0.60,-19.35,21,TIE BROTHER
X-FLO-MOC-A30FT40,PCS,A30FT40 300X300MM,Power Tools,1,3.90,3.30,-0.60,-15.38,1,BRAVO-LINE
TOO-WRE-DOU-1719,PCS,Double Flexible Socket Wrench 17 X 19MM,Hand Tools,6,22.90,23.50,0.60,2.62,6,SONIC3
STR-NYL-TWI-21S,ROLL,21 Nylon Twin,"Rope, Chain & Netting",44,3.10,2.50,-0.60,-19.35,36,WHA WEE
STR-NYL-TWI-12S,ROLL,12 Nylon Twin,"Rope, Chain & Netting",43,3.10,2.50,-0.60,-19.35,38,WHA WEE
STR-NYL-TWI-15S,ROLL,15 Nylon Twin,"Rope, Chain & Netting",43,3.10,2.50,-0.60,-19.35,43,WHA WEE
TOO-DRV-KT107,PCS,"200MM (8""-6) 107 King Top (-) Screw Driver",Fasteners & Fixings,11,5.10,4.50,-0.60,-11.76,11,LI HARDWARE
IND-SCP-PVC-4PCS,SET,Wp PVC Scraper 4PCS,Building Materials,18,5.90,5.30,-0.60,-10.17,18,HSIN NGIE
CUT-BLA-ECL-6IN,PCS,6 IN Eclipse Hacksaw Blade,Hand Tools,43,2.10,1.50,-0.60,-28.57,43,CHIONG SENG
"FIT-SS239-SOC-MXF-1/2""-SUS304",PCS,SS Mxf Socket 1/2,Electrical,5,4.10,3.50,-0.60,-14.63,5,SYN JING LEE
"PIP-PVC-3506-1.1/4""",MTR,"1 1/4""(42MM) Class 3506 X 6M PVC Pipe",Plumbing,45,5.10,4.50,-0.60,-11.76,42,HUA BAN
RIG-NIP-19MM,PCS,K. C. Nipple 19 MM,Lifting & Rigging,5,2.30,2.90,0.60,26.09,5,SONIC3
HOS-CLE-01930-MTR,MTR,19MM X 30M Clear Hose (MTR),Outdoor & Garden,1,2.90,3.50,0.60,20.69,1,SHUN LI
FLO-MOC-KV959,PCS,"Kv 959 12""X12 Homotiles",Flooring,1,5.40,4.80,-0.60,-11.11,1,CHEE LIAN
FIT-PVC-TEE-25MM,PCS,PVC Fitting Tee 25MM 1,Plumbing,73,2.60,2.00,-0.60,-23.08,71,KIONG SING
FIT-PVC-SOC-40MM,PCS,PVC Fitting Socket P/t 40MM 1-1/2,Plumbing,36,3.70,4.30,0.60,16.22,33,KIONG SING
NAI-FEL-SUP-18MM-500G,PCK,E. G Felt Nail 18MM - 500G,Fasteners & Fixings,3,5.80,5.20,-0.60,-10.34,2,SONIC
SHH-BELL-DOUBLE-PLA,PCS,Double Fishing Bell Plastic,Fishing & Tackle,13,2.30,1.70,-0.60,-26.09,13,SINHENHUA
SIN-WAS-PVC-38MM,PCS,1 1/2 PVC Waste,Plumbing,21,3.60,3.00,-0.60,-16.67,19,TIE BROTHER3
FIT-HDPE-BEN-FEM-20MMX34,PCS,HDPE Bend Female 20MM X 3/4,Plumbing,3,3.00,2.40,-0.60,-20.00,3,HUA BAN
SHH-BELL-SINGLE,PCS,Single Fishing Bell,Fishing & Tackle,9,2.30,1.70,-0.60,-26.09,9,SINHENHUA
"DOR-BOL-RAI-4""",PCS,4 Rainbows Tower Bolt (PCS),Fasteners & Fixings,20,2.90,2.30,-0.60,-20.69,80,WHA WEE
EAR-CHA-PVC,PCS,Tc Earth Chamber,Other,4,4.40,5.00,0.60,13.64,4,SEBD3
DOR-BOL-PVC,PCS,4 IN PVC Tower Bolt,Fasteners & Fixings,14,3.50,2.90,-0.60,-17.14,9,CHIONG SENG
GUN-GRE-NIP-90 M6X1.0,PCS,S. K 90 Degree Grease Nipple M6 X 1.0,Fasteners & Fixings,11,4.00,3.40,-0.60,-15.00,11,HTC HARDWARE
"GUN-GRE-NIP-90 1/4""",PCS,S. K Unf 90 Degree Grease Nipple 1/4,Fasteners & Fixings,6,3.60,3.00,-0.60,-16.67,6,HTC HARDWARE
ELE-FAJAR-FLX-2.5MM-GREY,MTR,Fajar 2.5MM (50/0.25) X Flexible Cable (grey) (MTR),Electrical,121,13.40,12.90,-0.50,-3.73,301.1,ECO ENTERP
NIP-VIN-EAS-5L-D,CAN,5L Nippon Vinilex Easywash Deep Base,Paint & Sundries,3,189.00,188.50,-0.50,-0.26,3,PAINT MAR.2
TOO-NIE-GRE-NIP-9077,PCS,Nietz Grease Nipple Of (straight),Power Tools,106,1.10,1.60,0.50,45.45,106,SUNWAY WINSTAR
ADH-TAP-WAR50,ROLL,Glotool Warning Tape 50MM X 50M,Chemicals & Adhesives,35,4.80,4.30,-0.50,-10.42,33,SONIC3
DRI-SDS-GT02-05160,PCS,Glotool Sds Drill 5 X 160MM,Power Tool Accessories,15,4.70,4.20,-0.50,-10.64,14,SONIC3
ADH-TAP-CLO-RED,PCS,Glotool Cloth Tape 48 MM X 7 Yd - Red,Chemicals & Adhesives,37,4.00,3.50,-0.50,-12.50,37,SONIC3
ADH-TAP-CLO-BLU,PCS,Glotool Cloth Tape 48 MM X 7 Yd - Blue,Chemicals & Adhesives,30,4.00,3.50,-0.50,-12.50,30,SONIC3
DRI-SDS-GT02-07110,PCS,Glotool Sds Drill 7 X 110MM,Power Tool Accessories,6,4.80,4.30,-0.50,-10.42,6,SONIC3
TOO-COM-GLO-11MM,PCS,Glotool Combination Wrench 11MM,Hand Tools,13,6.10,5.60,-0.50,-8.20,12,SONIC3
PAI-BRU-NIP-TR829N,PCS,4 Nippon Roller Refill Wb,Paint & Sundries,31,3.00,2.50,-0.50,-16.67,29,PAINT MAR.
HOS-MAC-WAS-OUT-2.0M,PCS,PVC Outlet HOSE-2.0M,Outdoor & Garden,12,13.00,12.50,-0.50,-3.85,12,JHT HARDWARE
ELE-BUL-HERM-E14-C35-4W,PCS,Hermanns LED Candle E14,Lighting,35,6.40,5.90,-0.50,-7.81,35,TOP GAN
FIT-HDPE-SOC-COU-25MM,PCS,HDPE Coupler Straight Socket,Plumbing,278,3.80,3.30,-0.50,-13.16,268,HUA BAN
BOS-TER-FEMALE-CON-IW-TCF35/50,PCS,Terminal Female Connector 35-50,Power Tools,3,21.90,21.40,-0.50,-2.28,3,CMW ENGINEERING
PAI-TIG-75MLWHI*,PCS,75ML Tiger G. P,Paint & Sundries,12,9.00,8.50,-0.50,-5.56,12,ING PING3
ELE-CON-TOO-A86-SIL,PCS,Taicon Nut Box Concealtools Iron,Fasteners & Fixings,12,2.30,1.80,-0.50,-21.74,12,ECO ENTERPRISE3
PAI-BRU-730-50MM,PCS,T&t Paint 2,Paint & Sundries,58,8.80,8.30,-0.50,-5.68,54,JHT HARDWARE
BRU-HAN-GLO-462091,PCS,Glotool 462091-3008 H/brush - Brass,Other,19,6.20,5.70,-0.50,-8.06,19,SONIC3
ACE-HAM-ANC-1/4X1 1/4,PCK,Ace Hammer Drive Anchor 630 1/4 X1 1/4 (10PCS/PCK) (PCK),Hand Tools,20,5.90,5.40,-0.50,-8.47,138,SYN JING LEE
SWI-LAM-ADA-3041B22,PCS,B22 Nylon Lamp Adaptor (blk),Lighting,35,1.80,1.30,-0.50,-27.78,35,FULL-LITE
HOS-FLE-BLI-B1201,SET,12CM Bliton S/steel Flexible Tube,Outdoor & Garden,10,19.30,18.80,-0.50,-2.59,10,CRYSTAL TRIUMPH S/B
WIN-HOO-PIN-8406,PCK,Sr Pin Hook 8406 (25PCS/PCK),Doors & Hardware,54,2.80,3.30,0.50,17.86,54,SYARIKAT HUA KIONG3
ABR-PAP-621-527,SHT,G60 Ewd Hand Sanding Sheet,Abrasives & Cutting,147,2.80,2.30,-0.50,-17.86,139,CMW ENGINEERING
ABR-PAP-621-532,SHT,G180 Ewd Hand Sanding Sheet,Abrasives & Cutting,134,2.80,2.30,-0.50,-17.86,134,CMW ENGINEERING
GAS-REF-RG2,PCS,RG-2 18ML Neon Mini Lighter Gas Refill,Home Appliances,10,3.40,2.90,-0.50,-14.71,10,CHUNS TRADING
HOS-CON-EG4111-40200017,PCS,Ecogreen - Hose Quick Connector / 1/2,Outdoor & Garden,21,6.10,5.60,-0.50,-8.20,43,ZHONG YUAN3
ABR-PAP-621-528,SHT,G80 Ewd Hand Sanding Sheet,Abrasives & Cutting,116,2.80,2.30,-0.50,-17.86,116,CMW ENGINEERING
ABR-PAP-621-530,SHT,G120 Ewd Hand Sanding Sheet,Abrasives & Cutting,101,2.80,2.30,-0.50,-17.86,101,CMW ENGINEERING
"HOS-FLE-VIP-PP18""",PCS,PP-18 White Nylon Vip Flexible Tube,Outdoor & Garden,8,10.80,10.30,-0.50,-4.63,8,KIM KONG3
ELE-CAB-WIR-ASIA-2.5Y*,MTR,"Asia PVC Cable, Yellow - MTR",Electrical,100,1.10,1.60,0.50,45.45,100.2,SEBD
CLI-HOS-ORB-2A,PCS,Orbit Hose Clip No : 2A,Outdoor & Garden,47,2.90,2.40,-0.50,-17.24,47,SYN JING LEE
"HOS-FLE-VIP-PP10""",PCS,PP-10 White Nylon Vip Flexible Tube,Outdoor & Garden,8,9.70,9.20,-0.50,-5.15,8,KIM KONG3
ELE-D/L-HOME-2103-18W-6500K,PCS,Hermanns Downlite -rd -6500K,Electrical,52,11.40,11.90,0.50,4.39,49,TOP GAN
DOR-KNO-CLEAR,PCK,Local PVC Cabinet Handle (2PCS/PCK),Doors & Hardware,22,3.00,2.50,-0.50,-16.67,22,SYN JING LEE
GAS-STO-RAC-BLA,PCS,Enamel Trivet Stove Rack,Home Appliances,24,7.40,6.90,-0.50,-6.76,23,TIE BROTHER3
CON-LVR-FR3001,PCS,Control Lever Complete (FR3001),Other,12,13.50,14.00,0.50,3.70,12,HOCK CHIONG LUNG
"FAS-SCR-CSK-1"" X 6G-PCK",PCK,Sr Csk Tapping Screw 1 X 6G (20PCS/PCK),Fasteners & Fixings,41,1.70,2.20,0.50,29.41,41,SYARIKAT HUA KIONG3
"FAS-RIV-PAT-1/8""X3/4""-PCK",PCK,Blind Rivet: Jaguar 1/8 X 3/4 (20PCS/PCK),Fasteners & Fixings,47,1.40,1.90,0.50,35.71,47,KWONG TECK CHIONG
ABR-PAP-621-531,SHT,G150 Ewd Hand Sanding Sheet,Abrasives & Cutting,51,2.80,2.30,-0.50,-17.86,48,CMW ENGINEERING
GLO-HAN-PVC-DOTS,PAIR,Cotton Glove W/side PVC Dots (PAIR),Safety & Workwear,5,2.40,1.90,-0.50,-20.83,53,CHUNS TRADING
FAS-SCR-TECH-METAL-45MM-PCK,PCK,Techscrew-metal Screw X 45MM (50PCS/PCK),Fasteners & Fixings,8,7.30,7.80,0.50,6.85,6,SONIC3
TOO-WRE-KEY-ASUMA-MALK001-A,SET,8PCS (mm) Asuma Alenkey,Power Tools,14,5.30,4.80,-0.50,-9.43,14,CRYSTAL TRIUMPH S/B
HOS-COU-CON-40200007,PCS,Ecogreen- One Way Snap-in Coupling,Outdoor & Garden,10,4.20,3.70,-0.50,-11.90,10,ZHONG YUAN3
SHH-SINKER-NO.1/2,PCK,Single Head Sinker No. 1/2 (2PCS/PCK),Fishing & Tackle,39,2.90,2.40,-0.50,-17.24,39,SINHENHUA
SHH-LINE-WHI-NO.08,PCS,(bs)long White M. L No. 8,Fishing & Tackle,26,4.20,3.70,-0.50,-11.90,24,SINHENHUA
SHH-LINE-WHI-NO.06,PCS,(bs)long White M. L No. 6,Fishing & Tackle,24,4.40,3.90,-0.50,-11.36,24,SINHENHUA
HHD-HAN-LEV-LOW,PCS,Low Level Handle,Doors & Hardware,81,4.70,5.20,0.50,10.64,80,BENTON3
BNW-B&N-RBN-112,PCK,Sr G. I Boit & Nut 3/16 X 1 1/4 (12PCS/PCK),Fasteners & Fixings,13,3.10,2.60,-0.50,-16.13,12,SYARIKAT HUA KIONG3
SHH-SINKER-HOLE-NO.6,PCK,Hole Sinker No. 6 (1PC/PCK),Fishing & Tackle,34,2.40,1.90,-0.50,-20.83,34,SINHENHUA
"FAS-RIV-PAT-1/8""X1/4""-PCK",PCK,Blind Rivet: Jaguar 1/8 X 1/4 (20PCS/PCK),Fasteners & Fixings,50,0.70,1.20,0.50,71.43,46,KWONG TECK CHIONG
FIT-HDPE-SOC-COU-20MM,PCS,HDPE Coupler Straight Socket 20MM,Plumbing,115,3.30,2.80,-0.50,-15.15,113,HUA BAN
ELE-CLI-CON-10A-2WAY,PCS,Double Sided Connector Clip-white (5PCS/PCK),Electrical,440,0.50,1.00,0.50,100.00,425,ECO ENTERPRISE3
"HOS-FLE-VIP-PP24""",PCS,PP-24 White Nylon Vip Flexible Tube,Outdoor & Garden,2,13.00,12.50,-0.50,-3.85,2,KIM KONG3
SHH-LINE-WHI-NO.80,PCS,(bs)long White M. L No. 80,Fishing & Tackle,18,4.10,3.60,-0.50,-12.20,18,SINHENHUA
PAI-TRA-BLU-BIG,PCS,PVC Roller Tray Big - Blue,Housewares,89,8.40,8.90,0.50,5.95,86,MAJOR HARVEST3
PAI-BRU-730-38MM,PCS,T&t Paint 1 1/2,Paint & Sundries,5,4.40,4.90,0.50,11.36,5,JHT HARDWARE
ROP-MANILA-9MM,MTR,Manila Rope -3/8 (9MM),"Rope, Chain & Netting",268,2.50,2.00,-0.50,-20.00,268.5,BESMA
BNW-B&N-RBN-110,PCK,Sr G. I Boit & Nut 3/16 X 1 (7PCS/PCK),Fasteners & Fixings,16,1.50,2.00,0.50,33.33,16,SYARIKAT HUA KIONG3
CLI-HOS-ORB-3X,PCS,Orbit Hose Clip No : 3X,Outdoor & Garden,72,2.70,2.20,-0.50,-18.52,72,JHT HARDWARE
DOR-HIN-BLA-65MM,PCS,Iron Hinges Black 2.1/2,Home Appliances,34,1.40,1.90,0.50,35.71,30,SONIC3
TOO-DRV-MAG-M865,PCS,Spandek Screw Adaptor M8X65MM,Fasteners & Fixings,25,4.00,3.50,-0.50,-12.50,22,SYN JING LEE
GRA-SSS-06085(4),PCS,4 Elise S/steel Floor Grating,Bathroom,4,8.40,7.90,-0.50,-5.95,4,REXER3
ABR-PAP-SWA-0180,SHT,Swallow Abrasive Sand Paper 180,Abrasives & Cutting,145,2.40,1.90,-0.50,-20.83,143,SONIC3
ABR-PAP-SWA-0240,SHT,Swallow Abrasive Sand Paper 240,Abrasives & Cutting,139,2.40,1.90,-0.50,-20.83,137,SONIC3
TOO-DRV-MAG-M845,PCS,Spandek Screw Adaptor M8X45MM,Fasteners & Fixings,26,3.40,2.90,-0.50,-14.71,24,SYN JING LEE
BNW-BOL-HTM-M14-60MM,PCS,H/t Bolt - M 14 X 60MM,Fasteners & Fixings,54,2.70,2.20,-0.50,-18.52,53,SONIC3
DOR-WED-SMALL,PCS,Small Door Wedge,Doors & Hardware,59,1.90,1.40,-0.50,-26.32,56,KIONG JOUNG3
ABR-PAP-SWA-0280,SHT,Swallow Abrasive Sand Paper 280,Abrasives & Cutting,130,2.40,1.90,-0.50,-20.83,129,SONIC3
ABR-PAP-SWA-0150,SHT,Swallow Abrasive Sand Paper 150,Abrasives & Cutting,124,2.40,1.90,-0.50,-20.83,120,SONIC3
ABR-PAP-SWA-0600,SHT,Swallow Abrasive Sand Paper 600,Abrasives & Cutting,121,2.40,1.90,-0.50,-20.83,121,SONIC3
BRO-HAN-WOO,PCS,1.2M Broom Wood Handle,Doors & Hardware,27,3.50,3.00,-0.50,-14.29,27,CHUNS TRADING
CLI-SPE-TER-FEM,PCK,Female Speaker Clip Gold (10PCS/PCK),Other,6,4.10,3.60,-0.50,-12.20,5,ECO ENTERPRISE3
NAIL-TUFTING-TN-8316-PCK,PCK,Round Plate Tufting Nail (10PCS/PCK) 16MMX8.5MM,Fasteners & Fixings,15,4.80,4.30,-0.50,-10.42,15,DALMAX3
NAI-SQU-SUP-065MM-1KG,PKG,E. G Square Boat Nail 65MM - 1KGS,Fasteners & Fixings,1,9.80,9.30,-0.50,-5.10,1,SONIC
"TIE-CAB-BLA-100MM-4""",PCK,"Black PVC Cable Ties 100MM (4"")",Electrical,38,2.80,2.30,-0.50,-17.86,37,SYN JING LEE
X-SHI-FAC,PCS,Face Shield,Power Tools,27,3.00,2.50,-0.50,-16.67,27,XINHE
ABR-PAP-SWA-0220,SHT,Swallow Abrasive Sand Paper 220,Abrasives & Cutting,96,2.40,1.90,-0.50,-20.83,92,SONIC3
GRA-PVC-100MM,PCS,4 X 4 PVC Grating,Outdoor & Garden,36,2.20,1.70,-0.50,-22.73,36,ING PING3
ABR-PAP-SWA-0320,SHT,Swallow Abrasive Sand Paper 320,Abrasives & Cutting,93,2.40,1.90,-0.50,-20.83,91,SONIC3
ELE-T5-3'-3000K,PCS,Ffl T5 3FT 14W LED Fitting Set,Plumbing,3,19.40,19.90,0.50,2.58,3,ECO ENTERPRISE3
ABR-PAP-SWA-0400,SHT,Swallow Abrasive Sand Paper 400,Abrasives & Cutting,86,2.40,1.90,-0.50,-20.83,84,SONIC3
NAI-SQU-SUP-038MM-500G,PCK,E. G Square Boat Nail 38MM - 500G,Fasteners & Fixings,16,5.80,5.30,-0.50,-8.62,15,SONIC
"SPO-WAS-2""",PCS,2 Washing Sponge,Other,90,2.10,1.60,-0.50,-23.81,72,ING CHOON
X-FLO-MOC-KV945,PCS,"Kv 945 12""X12 Homotiles",Power Tools,1,5.30,4.80,-0.50,-9.43,1,CHEE LIAN
TOO-ELE-TES-PEN-SP9810,PCS,Brass Head Colours Test Pen,Power Tools,16,4.00,3.50,-0.50,-12.50,12,DALMAX3
"DOR-HIN-STE-5/8""",PCS,Steel HINGES-5/8,Doors & Hardware,2,2.50,2.00,-0.50,-20.00,2,BOON SENG
SHH-SPOOL-104,PCS,Fishing Spool HP-104,Fishing & Tackle,7,2.30,1.80,-0.50,-21.74,7,SINHENHUA
ABR-PAP-SWA-0360,SHT,Swallow Abrasive Sand Paper 360,Abrasives & Cutting,70,2.40,1.90,-0.50,-20.83,66,SONIC3
ABR-PAP-SWA-0800,SHT,Swallow Abrasive Sand Paper 800,Abrasives & Cutting,67,2.40,1.90,-0.50,-20.83,63,SONIC3
ABR-PAP-SWA-0500,SHT,Swallow Abrasive Sand Paper 500,Abrasives & Cutting,63,2.40,1.90,-0.50,-20.83,63,SONIC3
RIG-SHA-GAL-12MM,PCS,Galvanised D-shackle 12 MM,Lifting & Rigging,7,3.30,2.80,-0.50,-15.15,4,SONIC3
BNW-BOL-HTM-M16-50MM,PCS,H/t Bolt - M 16 X 50MM,Fasteners & Fixings,23,2.90,2.40,-0.50,-17.24,23,SONIC3
X-FLO-MOC-A30FT20,PCS,A30FT20 300X300MM,Power Tools,1,3.80,3.30,-0.50,-13.16,1,BRAVO-LINE
TOO-MAG-BIT-BLIMAX,PCS,Blimax M2 Power (+)(-),Power Tools,1,3.60,3.10,-0.50,-13.89,1,BOON SENG
BNW-BOL-HTM-M16-70MM,PCS,H/t Bolt - M 16 X 70MM,Fasteners & Fixings,18,3.40,2.90,-0.50,-14.71,18,SONIC3
ELE-CLI-PIP-PVC-38MM,PCS,1.1/2 PVC Hose Clips,Outdoor & Garden,92,0.50,1.00,0.50,100.00,92,GOLDEN DAY
RIG-CLI-GAL-20MM,PCS,Galvanised Wire Rope Clip 20MM,Lifting & Rigging,6,3.10,2.60,-0.50,-16.13,6,SONIC3
GUN-GRE-NIP-STR-M10X1.0,PCS,S. K Straight Grease Nipple M10 X 1.0,Fasteners & Fixings,10,2.80,2.30,-0.50,-17.86,10,HTC HARDWARE
PEN-WOO-MIX,PCS,Carpenter Pencil - Mix,Housewares,64,1.60,1.10,-0.50,-31.25,58,TIE BROTHER3
FAN-HOOK-FH02,PCS,123 Fan Hook With Screw (j),Fasteners & Fixings,68,3.80,3.30,-0.50,-13.16,67,JHT HARDWARE
SOC-BOX-2G13A,PCS,13A Switch Soket 2GANG Box,Electrical,20,1.20,0.70,-0.50,-41.67,20,GOLDEN DAY
SHH-PLA-NET-NEEDLE-NO.1/0,PCS,Plastic Net Needle No. 1/0 (white),Fishing & Tackle,2,3.70,3.20,-0.50,-13.51,2,SINHENHUA
TOO-ELE-TES-PEN-M'MAN-2520,PCS,M'man Test Pen - 2520,Power Tools,9,3.40,2.90,-0.50,-14.71,5,JHT HARDWARE
IND-CEM-EC-1KG,KGS,Ec Bonding Powder 2 IN 1 1KG,Building Materials,4,3.00,3.50,0.50,16.67,-7,KIONG JOUNG
"FAS-SCR-CSK-3/4"" X 8G",PCK,Sr Csk Tapping Screw 3/4 X 8G (20PCS/PCK),Fasteners & Fixings,1,2.10,2.60,0.50,23.81,0,SYARIKAT HUA KIONG3
TIE-CAB-SS-200MM,PCK,SS Cable Ties (10PCS/PCK) SUS304 M4.6X200MM,Electrical,4,3.90,3.40,-0.50,-12.82,4,SYN JING LEE
SPR-BLUE,PCS,Spring Blue,Fasteners & Fixings,53,0.50,1.00,0.50,100.00,53,CRYSTAL TRIUMPH S/B
FIT-PVC-TEE-32MM,PCS,PVC Fitting Tee 32MM 1-1/4 Swv 1 Bag,Plumbing,56,2.90,2.40,-0.50,-17.24,56,KIONG SING
FLO-MOC-30AAS20,PCS,"12""X12 Floor Tiles KH30AAS20",Flooring,1,4.20,3.70,-0.50,-11.90,1,CHEE LIAN
FIT-PVC-CAP-40MM,PCS,PVC Fitting End Cap 40MM 1-1/2,Plumbing,51,3.00,2.50,-0.50,-16.67,51,KIONG SING
TOO-CHI-6076,PCS,Mii Sds Bull Point Chisel - 6076,Power Tool Accessories,33,4.70,4.20,-0.50,-10.64,31,JHT HARDWARE
FIT-PVC-ELB-32MM,PCS,PVC Fitting Elbow 32MM 1-1/4 Swv,Plumbing,83,1.80,2.30,0.50,27.78,80,KIONG SING
CUT-KNI-HAN-FISH TAIL,PCS,Sr PVC Parang Handle - Fish Tail,Fishing & Tackle,21,2.40,1.90,-0.50,-20.83,21,SYARIKAT HUA KIONG3
IND-CEM-2KG,PCK,2KG Cement,Building Materials,33,1.50,2.00,0.50,33.33,27,
FIT-GAL-PLUG-12MM,PCS,Galvanised Plug (291) 12MM,Electrical,10,2.10,1.60,-0.50,-23.81,10,HTC HARDWARE
WEL-MAC-PAR-CON-0.8MM,PCS,0.8MM X 25MM Contact Tip,Welding,10,4.40,3.90,-0.50,-11.36,10,CMW ENGINEERING
FIT-UPVC-CAP-82MM,PCS,U-pvc End Cap 82MM 3,Plumbing,18,6.40,5.90,-0.50,-7.81,15,KIONG SING
BNW-WAS-RUB-12MM-100G,PKT,1/2 Rubber Washer,Fasteners & Fixings,37,3.00,2.50,-0.50,-16.67,37,HUI SHEN
"WHE-NYL-CAS-2""-2268#",SET,M'man PVC Swivel Caster 2268,Fishing & Tackle,3,13.00,12.50,-0.50,-3.85,3,JHT HARDWARE
FIT-GAL-PLUG-18MM,PCS,Galvanised Plug (291) 18MM,Electrical,6,2.40,1.90,-0.50,-20.83,6,SONIC3
FIT-PVC-PLU-40MM,PCS,PVC Fitting Plug 40MM 1-1/2,Plumbing,35,2.40,1.90,-0.50,-20.83,34,KIONG SING
CUT-DIS-MARK-12830-04C,PCS,Mr. Mark 4 Cutting Disc Abr. Wheel 12830,Abrasives & Cutting,10,2.30,1.80,-0.50,-21.74,9,MAJOR HARVEST3
FAS-ANC-PJA-0980,PCS,Sh P. J. Anchor 3/8 X 4-1/2 (PCS),Fasteners & Fixings,4,2.40,1.90,-0.50,-20.83,224,SONIC3
FIT-UPVC-BEN-ELB-40MM,PCS,U-pvc Bend (elbow) 40MM 1-1/2,Plumbing,22,2.40,1.90,-0.50,-20.83,22,KIONG SING
GAR-SPR-CR8458F,PCS,Filter,Pumps & Water,1,4.00,3.50,-0.50,-12.50,1,KTS TRADING
FLO-MOC-31169,PCS,31169 12 X 12 Floor Tiles,Flooring,3,4.20,3.70,-0.50,-11.90,3,CHEE LIAN
"BNW-BOL-U-ZP5/16X2.1/2""",PCS,Zp U-bolt 5/16 X 2.1/2,Fasteners & Fixings,11,2.40,1.90,-0.50,-20.83,9,SONIC3
"FIT-PVC-NIP-1.1/2""X1.1/4""",PCS,"1.1/2""(40MM) X 1.1/4 (32MM) Reducing Socket",Electrical,7,3.50,3.00,-0.50,-14.29,7,HUA BAN
BRU-COP-204,PCS,204 Copper Brush,Other,1,2.60,2.10,-0.50,-19.23,1,ALIKE HARDWARE3
O-RING-7-11-RED,PCS,O-ring 7-11 (red),Other,4,0.50,1.00,0.50,100.00,4,SONIC3
WAL-PLU,PCS,Wall Plug Red,Fasteners & Fixings,12,0.50,1.00,0.50,100.00,12,GOLDEN DAY
CIMA-DL-L-199Y-RND-18W-CIELO-DL,SET,Cielo Iii 199Y 18W L/dl (rnd/daylight),Lighting,262,16.50,16.90,0.40,2.42,342,CIMA
BUL-FFL-60W-E27-FROST,PCS,Taicon Standard Bulb E27 Frosted 60W,Lighting,60,3.50,3.10,-0.40,-11.43,58,ECO ENTERPRISE3
TOO-AXE-GLO-2LB,PCS,Glotool Axe 2LB,Power Tools,4,28.90,28.50,-0.40,-1.38,4,SONIC3
TAR-SHT-GT2-12X18,SHT,Glotool PE Tarp Sheet - 12 X 18 (GT02),Building Materials,2,67.90,67.50,-0.40,-0.59,2,ALIKE HARDWARE3
CIMA-DL-L/199Y/RND/18W/SEN/840,SET,Ceilo Iii 199Y 18W L/dl (rnd/ 840 Cool Day Light),Lighting,136,16.50,16.90,0.40,2.42,136,CIMA
NIP-TIM-FIN-5L-TY,TIN,5L Nippon Timber Finish T/yellow Base,Building Materials,2,169.00,168.60,-0.40,-0.24,2,PAINT MAR.2
ADH-TAP-MAS-24MM,PCS,Glotool Masking Tape 24MM X 15 Yd,Packaging,161,1.40,1.00,-0.40,-28.57,157,SONIC3
DRI-SDS-GT02-09110,PCS,Glotool Sds Drill 9 X 110MM,Power Tool Accessories,6,5.30,4.90,-0.40,-7.55,6,SONIC3
ELE-D/L-LSM-24W-6500K,PCS,LED Source Module 24W-6500K,Lighting,10,19.90,19.50,-0.40,-2.01,10,TOP GAN
BUL-FFL-40W-E27-FROST,PCS,Ffl 40W E27 Standard Bulb-frost,Lighting,53,3.50,3.10,-0.40,-11.43,50,ECO ENTERPRISE3
BOS-2608-585-872,PCS,Hss-g Cobal Bit 1.0MM,Power Tools,15,4.10,3.70,-0.40,-9.76,15,CMW ENGINEERING
BOS-2608-595-049,PCS,Hss-g Metal Bit 1.0MM,Power Tools,12,3.00,2.60,-0.40,-13.33,9,CMW ENGINEERING
TOO-COM-GLO-27MM,PCS,Glotool Combination Wrench 27MM,Hand Tools,4,23.90,23.50,-0.40,-1.67,4,SONIC3
BUL-FFL-100W-E27-FROST,PCS,Ffl 100W E27 Standard Bulb-frost,Lighting,22,3.50,3.10,-0.40,-11.43,22,ECO ENTERPRISE3
TOO-COM-GLO-29MM,PCS,Glotool Combination Wrench 29MM,Hand Tools,2,36.90,36.50,-0.40,-1.08,2,SONIC3
GAS-REG-AER-AZ182,PCS,Aerogaz LPG Gas Regulator L/p,Home Appliances,22,19.90,19.50,-0.40,-2.01,22,BESMA3
TOI-HOL-GS-K7,PCS,K09 S/steel Paper Holder,Bathroom,8,49.90,49.50,-0.40,-0.80,8,DALMAX3
ADH-TAP-OPP-T40Y,PCS,Glotool Opp Tape 48 MM X 40 Yd (transp),Chemicals & Adhesives,37,2.70,2.30,-0.40,-14.81,35,SONIC3
TAP-WIR-3MSCTRD-150,PCS,3M Red Gu Vinyl Elec Tape 150,Plumbing,806,1.60,1.20,-0.40,-25.00,806,SUNWAY WINSTAR
BOS-TER-FEMALE-CON-IW-TCF10/25,PCS,Terminal Female Connector 10-25,Power Tools,4,20.90,20.50,-0.40,-1.91,4,CMW ENGINEERING
GAS-REG-BTY182-V,PCS,Butterfly LPG Regulator 182-V,Home Appliances,11,19.90,19.50,-0.40,-2.01,10,CHAI KA
BOS-TER-MALE-CON-IW-TCM35/50,PCS,Terminal Male Connector 35-50,Power Tools,3,21.90,21.50,-0.40,-1.83,3,CMW ENGINEERING
CUT-DIS-41WA-107X1.0X16-GRN,PCS,Cutting Disc (green),Abrasives & Cutting,1218,1.50,1.10,-0.40,-26.67,1001,GL BOSUN DIAMOND
BOS-1619-P02-870,SET,Carbon Brush Gws 7-100,Power Tools,2,15.80,16.20,0.40,2.53,2,CMW ENGINEERING
ADH-TAP-VIP-1215,PCS,PTFE Thread Seal Tape VIP-1215,Chemicals & Adhesives,236,1.40,1.00,-0.40,-28.57,216,KIM KONG3
ELE-CAB-WIR-2.5RED-MTR*,MTR,"Asia PVC Cable, Red - MTR",Electrical,340,1.20,1.60,0.40,33.33,324.1,SEBD
ELE-BUL-THL-15W-E14,PCS,Thl E14 15W Fridge Bulb,Lighting,37,2.10,1.70,-0.40,-19.05,37,FULL-LITE
TOO-COM-GLO-08MM,PCS,Glotool Combination Wrench 08MM,Hand Tools,2,4.60,4.20,-0.40,-8.70,1,SONIC3
TOO-WRE-PIP-A250MM,PCS,Glotool Pipe Wrench American Type 10,Hand Tools,3,19.90,19.50,-0.40,-2.01,3,SONIC3
ELE-D/L-MGM-MQTL1119-SQ-12W-4000K,PCS,"Mgm 5""/SQ LED Panel Light (sr)",Lighting,2,25.90,25.50,-0.40,-1.54,2,FULL-LITE
TOO-WRE-PIP-A300MM,PCS,Glotool Pipe Wrench American Type 12,Hand Tools,2,22.90,22.50,-0.40,-1.75,2,SONIC3
BUT-STOP-0201,PCS,Stop Button,Other,4,9.90,9.50,-0.40,-4.04,4,HOCK CHIONG LUNG
GAS-TOR-KT-2008,PCS,Kovea Rocket Torch,Lighting,18,18.90,18.50,-0.40,-2.12,18,BESMA3
LOC-SGD-PL100-40MM,PCS,Armor Solid Brass Cp Anti-cut Padlock APL1000-40MM,Locks & Security,1,49.90,49.50,-0.40,-0.80,1,VERTEX
"FAS-SCR-TAP-CSK-8#2 1/2""",PACK,8 X2-1/2 Csk Self Tapping Screw-flat Head (10PCS/PCK),Fasteners & Fixings,58,2.40,2.00,-0.40,-16.67,58,KIM KONG3
"FAS-SCR-F/H-1 1/4"" X 8#",PKT,Sr F/h Self Drilling Screw 1 1/4 X 8 (20PCS/PCK),Fasteners & Fixings,51,2.40,2.80,0.40,16.67,49,SYARIKAT HUA KIONG3
"HOS-FLE-VIP-PP16""",PCS,PP-16 White Nylon Vip Flexible Tube,Outdoor & Garden,9,10.40,10.00,-0.40,-3.85,6,KIM KONG3
PAI-BRU-NIP-18MM,PCS,7 Roller Refill Polyester 18MM,Paint & Sundries,187,5.30,4.90,-0.40,-7.55,182,PAINT MAR.
SHH-BELL-SINGL-PSC115,PCS,Single Fishing Bell PSC115,Fishing & Tackle,148,1.80,1.40,-0.40,-22.22,148,SINHENHUA
TOO-ELE-TES-PEN-K1304,PCS,Kakc Test Pen,Power Tools,32,2.90,3.30,0.40,13.79,30,SYN JING LEE
BNW-BOL-SS304-M12-25MM,PCS,SS 304 Bolt - M12 X 25MM,Fasteners & Fixings,41,2.90,2.50,-0.40,-13.79,41,SONIC3
"IND-CAS-FIX-1.25""",PCS,1.25 DL5 Tpe Fixed Caster,Building Materials,32,7.90,7.50,-0.40,-5.06,32,DALMAX3
ANT-KILL-BAIT,PCK,Ant Killing Bait 35GM,Other,62,3.90,3.50,-0.40,-10.26,51,CHUNS TRADING
IND-CAS-DL5-KRW-150,PCS,6 DL5 Yellow Blue H/duty Wheel Only,Building Materials,5,46.90,46.50,-0.40,-0.85,5,DALMAX3
BNW-BOL-SS304-M12-50MM,PCS,SS 304 Bolt - M12 X 50MM,Fasteners & Fixings,28,3.60,3.20,-0.40,-11.11,28,SONIC3
BRO-PLA-SB LD-1803S,PCS,200G Cs Plastic Broom,Housewares,27,8.30,7.90,-0.40,-4.82,25,CHUNS TRADING
TAP-WIR-3MSCTBLUE,PCS,3M Blue Gu Vinyl Elec Tape 150,Plumbing,57,1.60,1.20,-0.40,-25.00,56,SUNWAY WINSTAR
CHA-SAW-IETO-HD1012,SET,Ieto Electric Chain Saw Stand HD1012,"Rope, Chain & Netting",2,79.90,79.50,-0.40,-0.50,2,WHA WEE
"IND-CAS-H/DUTY-MCLFC-6""",PCS,6 DL5 H/duty Mcl Fixed Caster,Building Materials,3,52.90,52.50,-0.40,-0.76,3,DALMAX3
SWI-SOC-ULT-M20AMG,PCS,Ultra 20A Dou Pole Swi Neon-mat Grey (M20AMG),Electrical,15,28.90,28.50,-0.40,-1.38,15,TRISTAR
TOO-COM-IRO-BUL-36MM,PCS,36MM Iron Bull Spanner,Hand Tools,3,72.90,72.50,-0.40,-0.55,3,KIM KONG3
BNW-BOL-SS304-M12-35MM,PCS,SS 304 Bolt - M12 X 35MM,Fasteners & Fixings,18,3.10,2.70,-0.40,-12.90,18,SONIC3
HOS-CON-13-16MM,PCS,Power Hose Joint,Outdoor & Garden,66,0.60,1.00,0.40,66.67,60,TIE BROTHER3
SHH-LINE-WHI-NO.15,PCS,(bs)long White M. L No. 15,Fishing & Tackle,29,3.80,3.40,-0.40,-10.53,29,SINHENHUA
HOS-CON-19-25MM-1'',PCS,Power Hose Joint 1,Outdoor & Garden,32,1.10,1.50,0.40,36.36,31,TIE BROTHER3
"IND-CAS-FIX-1""",PCS,1 DL5 Tpe Fixed Caster,Building Materials,13,7.30,6.90,-0.40,-5.48,11,DALMAX3
LEO-SUS304-S/S-BIB-L133,PCS,Leon Sus 304 S/steel,Plumbing,6,43.90,43.50,-0.40,-0.91,6,BOON SENG
"FAS-RIV-PAT-3/16""X5/8""-PCK",PCK,Blind Rivet: Jaguar 3/16 X 5/8 (20PCS/PCK),Fasteners & Fixings,17,2.10,2.50,0.40,19.05,17,KWONG TECK CHIONG
BNW-B&N-RBN-206,PCK,Sr G. I Boit & Nut 1/4 X 3/4 (10PCS/PCK),Fasteners & Fixings,10,3.30,2.90,-0.40,-12.12,9,SYARIKAT HUA KIONG3
X-ELE-ROP-LIT-BLU,MTR,Rope Lite 5050-60(BLUE),"Rope, Chain & Netting",80,9.10,9.50,0.40,4.40,80,TOP GAN
SHH-HOOK-SC4066,PKT,Surecatch Biru 406 No. 6(20'S),Fishing & Tackle,10,6.60,6.20,-0.40,-6.06,10,SINHENHUA
HOO-SNA-GALV-6MM,PCS,Galv Snap Hook 6MM X 60MM,Doors & Hardware,16,2.20,1.80,-0.40,-18.18,16,HTC HARDWARE
TOO-RUL-TRI-A11012,PCS,Arrow 12 Triangle Ruler,Power Tools,6,35.90,35.50,-0.40,-1.11,6,CHIN LAI
HOO-SNA-GALV-5MM,PCS,Galv Snap Hook 5MM X 50MM,Doors & Hardware,18,1.80,1.40,-0.40,-22.22,18,HTC HARDWARE
IND-GAL-WIR-PVC-18#,ROLL,18 PVC Coated Wire X 5KGS,Electrical,3,54.90,54.50,-0.40,-0.73,3,ING PING
"FAS-RIV-PAT-1/8""X3/8""-PCK",PCK,Blind Rivet: Jaguar 1/8 X 3/8 (20PCS/PCK),Fasteners & Fixings,28,0.80,1.20,0.40,50.00,18,KWONG TECK CHIONG
SHH-ROD-2511500,PCS,Santec 2511-500 Puyu Solid Pole (5MTR),Fishing & Tackle,1,49.90,49.50,-0.40,-0.80,1,SINHENHUA
TAP-WIR-3MSCTBL,PCS,18MM X 5M Temflex Vinyl Elec Tape Blk,Plumbing,989,1.60,1.20,-0.40,-25.00,985,SUNWAY WINSTAR
TOO-COM-IRO-BUL-23MM,PCS,23MM Iron Bull Spanner,Hand Tools,5,17.00,16.60,-0.40,-2.35,5,KIM KONG3
BNW-B&N-RBN-105,PCK,Sr G. I Boit & Nut 3/16 X 5/8 (7PCS/PCK),Fasteners & Fixings,15,1.20,1.60,0.40,33.33,15,SYARIKAT HUA KIONG3
TOO-BAG-BHB506-A,PCS,Sensui Multi Tools Bag (blue),Power Tools,6,25.90,25.50,-0.40,-1.54,6,CRYSTAL TRIUMPH S/B
SHH-LINE-WHI-NO.25,PCS,(bs)long White M. L No. 25,Fishing & Tackle,10,3.80,3.40,-0.40,-10.53,10,SINHENHUA
GAR-HOE-WED-SQU,PCS,Square Hoe Wedges,Outdoor & Garden,40,3.30,2.90,-0.40,-12.12,40,CHUONG LEE
ELE-CAB-UC 2.5MM,MTR,Tonn 2.5MM X 2C Twin Flat Cable,Electrical,144,7.30,6.90,-0.40,-5.48,144.5,ECO ENTERP
MAR-PEN-90-RED,PCS,Faster 90 Marker Pen-red,Hand Tools,22,2.60,2.20,-0.40,-15.38,22,MAJOR HARVEST3
BNW-BOL-HTM-M14-65MM,PCS,H/t Bolt - M 14 X 65MM,Fasteners & Fixings,50,2.80,2.40,-0.40,-14.29,50,SONIC3
CLI-HOS-ORB-1,PCS,M'man Hose Clip No : 1,Outdoor & Garden,44,2.30,1.90,-0.40,-17.39,42,SYN JING LEE
TOO-FIL-SENSUI-SNF003-C,PCS,10 Sensui Metal Half Round File,Hand Tools,14,20.90,20.50,-0.40,-1.91,14,CRYSTAL TRIUMPH S/B
"IND-CAS-SCA-6""",PCS,Scaffold Caster 6,Ladders & Access,5,56.90,56.50,-0.40,-0.70,5,SONIC3
X-SWI-PLK-4G1W-1314,PCS,Plk 1314 10A 4G 1W Switch SIRIM,Electrical,39,20.90,20.50,-0.40,-1.91,38,FULL-LITE
DOR-HIN-BLA-75MM,PAIR,Iron Hinges Black 3 (PAIR),Home Appliances,12,2.10,2.50,0.40,19.05,35,SONIC3
PAI-BRU-WOO-040MM,PCS,Gd Wool Brush 40 MM,Paint & Sundries,8,1.70,1.30,-0.40,-23.53,6,SONIC3
BNW-BOL-HTM-M16-90MM,PCS,H/t Bolt - M 16 X 90MM,Fasteners & Fixings,27,4.20,3.80,-0.40,-9.52,27,SONIC3
DOR-STO-TYSON8988,PCS,Tyson 8988 Magnetic Door Holder,Doors & Hardware,4,19.90,19.50,-0.40,-2.01,4,SYN JING LEE
CAB-LUG-01.5-5,PCK,Cable Lug 1.5-5 (10PCS/PCK),Electrical,13,4.20,3.80,-0.40,-9.52,13,ECO ENTERPRISE3
BNW-BOL-HTM-M14-40MM,PCS,H/t Bolt - M 14 X 40MM,Fasteners & Fixings,43,2.10,1.70,-0.40,-19.05,43,SONIC3
SHH-SWIVEL-NO.2,PKT,Nickel Swivel No. 2,Fishing & Tackle,3,5.70,5.30,-0.40,-7.02,3,SINHENHUA
DRI-MIX-SDS-PAI,PCS,20 Asuma Putty & Paint Mixer BAR,Paint & Sundries,3,20.90,20.50,-0.40,-1.91,3,CRYSTAL TRIUMPH S/B
"PIP-UPVC-4514-6""",MTR,6 (160MM) 4514 X 6M Upvc Pipe,Plumbing,13,39.90,39.50,-0.40,-1.00,13,HUA BAN
FAS-RIV-PAT-3/16X1/2-PCK,PCK,Blind Rivet: Jaguar 3/16 X 1/2 (20PCS/PCK),Fasteners & Fixings,26,1.80,2.20,0.40,22.22,23,KWONG TECK CHIONG
TOO-DRV-2WAY,PCS,K 2WAY Screw Driver,Fasteners & Fixings,20,2.30,1.90,-0.40,-17.39,18,BOON SENG
RAI-BOO-TCS5-41#7,PAIR,Tc S5 Yellow Safety Rain Boots 7,Safety & Workwear,3,49.90,49.50,-0.40,-0.80,3,HTC HARDWARE
RAI-BOO-TCS5-45#11,PAIR,Tc S5 Yellow Safety Rain Boots 11,Safety & Workwear,3,49.90,49.50,-0.40,-0.80,3,HTC HARDWARE
BNW-BOL-HTM-M16-55MM,PCS,H/t Bolt - M 16 X 55MM,Fasteners & Fixings,22,2.90,2.50,-0.40,-13.79,22,SONIC3
CUT-BLA-LB39H,PCS,Tajima Spare Blade - 9MM,Abrasives & Cutting,6,2.00,1.60,-0.40,-20.00,6,BESMA3
"NAI-CON-GAL-3""-PCK",PCK,3 Galvanised Steel Nail (10PCS/PCK),Fasteners & Fixings,19,1.90,2.30,0.40,21.05,19,BENTON
SHH-ROD-ET602,PCS,Exori Trevally Solid Rod 180 (602) 6'0,Fishing & Tackle,2,59.90,59.50,-0.40,-0.67,2,SINHENHUA
SHH-PE-TWINE-38091GG,PCS,380/9 Gg P. E. Twine,Fishing & Tackle,40,2.70,2.30,-0.40,-14.81,40,SINHENHUA
TIE-CAB-SS-150MM,PCK,SS Cable Ties (10PCS/PCK) SUS304 M4.6X150MM,Electrical,8,3.60,3.20,-0.40,-11.11,8,SYN JING LEE
SHH-PLA-NET-NEEDLE-NO.5-GRE,PCS,Plastic Net Neddle No. 5 (green),Fishing & Tackle,4,2.20,1.80,-0.40,-18.18,4,SINHENHUA
HOS-AIR-TOK-8.5MM,MTR,Toko Spray Hose- 8.5MM X 90M,Outdoor & Garden,12,2.90,2.50,-0.40,-13.79,12,SONIC3
RAI-BOO-TCS5-39#5,PAIR,Tc S5 Yellow Safety Rain Boots 5,Safety & Workwear,2,49.90,49.50,-0.40,-0.80,2,HTC HARDWARE
RAI-BOO-TCS5-42#8,PAIR,Tc S5 Yellow Safety Rain Boots 8,Safety & Workwear,2,49.90,49.50,-0.40,-0.80,2,HTC HARDWARE
"FAS-SCR-DRY-WHI-6#2""",PCK,Hunter/wh - Drywall Screw 6 X2 (20PCS/PCK),Fasteners & Fixings,18,1.40,1.80,0.40,28.57,18,BENTON
FIT-PVC-ELB-40MM,PCS,PVC Fitting Elbow 40MM 1-1/2 Swv,Plumbing,96,2.90,2.50,-0.40,-13.79,94,KIONG SING
RAI-BOO-TCS5-44#10,PAIR,Tc S5 Yellow Safety Rain Boots 10,Safety & Workwear,1,49.90,49.50,-0.40,-0.80,3,HTC HARDWARE
FIT-PVC-CAP-32MM,PCS,PVC Fitting End Cap 32MM 1-1/4,Plumbing,53,2.60,2.20,-0.40,-15.38,53,KIONG SING
FIT-PVC-SOC-32MM,PCS,PVC Fitting Socket P/t 32MM 1-1/4,Plumbing,38,3.10,3.50,0.40,12.90,38,KIONG SING
SUP-ROL-WIN-CUR,PCK,Star Plastic Curtain Roller (25PCS/PCK),Curtains & Blinds,1,1.60,2.00,0.40,25.00,1,KIM KONG3
SAF-EAR-PLU-9017,PCS,9017 Ear Plug With Cord & Case,Electrical,29,2.40,2.00,-0.40,-16.67,27,SUNWAY WINSTAR
OIL-FUN-7004,PCS,4 Funnel,Housewares,11,1.80,1.40,-0.40,-22.22,11,ING CHOON
GUN-MII-6159#,PCS,Mii Red Spray Waxing Gun 6159,Fasteners & Fixings,1,42.90,42.50,-0.40,-0.93,1,JHT HARDWARE
FIT-UPVC-SOC-40MM,PCS,U-pvc Socket 40MM 1-1/2,Electrical,21,1.70,1.30,-0.40,-23.53,21,KIONG SING
TOO-DRI-MA039,PCS,26 Sds Auto Plug Locking Drill Chuck,Power Tool Accessories,1,32.90,32.50,-0.40,-1.22,1,CRYSTAL TRIUMPH S/B
"FIT-HDPE-NIP-1""X1/2""",PCS,HDPE Nipple 1 X 1/2,Plumbing,20,1.60,1.20,-0.40,-25.00,20,HUA BAN
"GUN-GRE-NIP-STR-3/8"" UNF 24",PCS,S. K Straight Grease Nipple 3/8 Unf 24,Fasteners & Fixings,10,2.60,2.20,-0.40,-15.38,10,HTC HARDWARE
TOO-DRI-BIT-45+-,PCS,Sr T/w Screw Bit 2 X 45+,Fasteners & Fixings,13,1.80,2.20,0.40,22.22,13,SYARIKAT HUA KIONG3
TOO-DRI-BIT-65++,PCS,Sr Rockey Screw Bit 2 X 65++,Fasteners & Fixings,5,2.00,2.40,0.40,20.00,4,SYARIKAT HUA KIONG3
FIT-PVC-SOC-DE15MM,PCS,PVC Fitting Socket D/e 15MM 1/2,Plumbing,17,0.50,0.90,0.40,80.00,305,KIONG SING
NIP-PHG-5L-P,CAN,5L Platone High Gloss Paster Base,Paint & Sundries,22,144.00,143.70,-0.30,-0.21,22,PAINT MAR.2
"HOS-FLE-GLO-24""",PCS,Glotool Flexible Tube F1/2 X F12 X 24,Outdoor & Garden,13,9.10,9.40,0.30,3.30,12,SONIC3
"HOS-FLE-GLO-16""",PCS,Glotool Flexible Tube F1/2 X F12 X 16,Outdoor & Garden,14,8.20,8.50,0.30,3.66,14,SONIC3
ELE-CAB-SPEAKER-COSTA-30/0.18MMX2C-MTR,MTR,Fajar Speaker Wire Pink,Electrical,162,3.50,3.20,-0.30,-8.57,162,SEBD
ADH-TAP-MAS-36MM,PCS,Glotool Masking Tape 36MM X 15 Yd,Packaging,179,2.10,1.80,-0.30,-14.29,177,SONIC3
CIMA-DL-L/D05/RND/18W/DL,SET,Lite Me D05 18W L/dl (rnd/day Light),Lighting,110,17.20,16.90,-0.30,-1.74,97,CIMA
RUB-BAN-38MM,PCK,1.5 Rubber Band,Home Appliances,27,2.70,3.00,0.30,11.11,25,SA GENERAL PLASTIC
ELE-TUB-LED-2FT-10W-6500K,PCS,9W LED Glass Tube,Lighting,96,7.80,7.50,-0.30,-3.85,93,CIMA
CLI-HOS-ORB-TS-M00,PCS,Orbit Wing Hose Clip (13-16MM),Outdoor & Garden,93,2.40,2.10,-0.30,-12.50,88,SYN JING LEE
ELE-HOL-E27-SQU-TOPGAN,PCS,Lamp Holder E27 (square),Lighting,76,3.80,3.50,-0.30,-7.89,75,TOP GAN
FAS-BOL-ANC09,PCK,Glotool Drop IN Anchor 3/8 X 1-1/2 (5PCS/PCK),Fasteners & Fixings,12,3.20,3.50,0.30,9.38,12,SONIC3
BOS-1619-P12-159,PCS,Flange For Gws 060/1605 703 113,Power Tools,7,8.50,8.20,-0.30,-3.53,7,CMW ENGINEERING
ELE-CAB-PVC-4.00MM-RED-MTR,MTR,Ktk PVC Cable Red 100M -mtr,Electrical,143,3.70,4.00,0.30,8.11,142.8,MODERNVEST
"ADH-OPP-CLE-1""X40YD",PCS,Neways/kramo Tape Opp Clear 1 X 40YD,Chemicals & Adhesives,141,2.40,2.10,-0.30,-12.50,141,KIONG JOUNG3
CHA-CAP-SQU-INT-16X51MM,PCK,Rectangular Internal Cap (4PCS/PCK),Outdoor & Garden,25,8.50,8.20,-0.30,-3.53,25,SYN JING LEE
TOO-MAG-MC03A,PCK,Magnetic Catch (4PCS/PCK),Power Tools,50,4.20,3.90,-0.30,-7.14,50,SYN JING LEE
ELE-CON-TOO-A86-BLK,PCS,Taicon Nut Box Conceal Tools,Fasteners & Fixings,3,1.40,1.10,-0.30,-21.43,0,ECO ENTERPRISE3
BNW-BOL-SS304-M10-50MM,PCS,SS 304 Bolt - M10 X 50MM,Fasteners & Fixings,54,2.70,2.40,-0.30,-11.11,54,SONIC3
CHA-CAP-ROU-EXT-16MM,PCK,Round External Cap 16MM (4PCS/PCK),Outdoor & Garden,10,1.60,1.30,-0.30,-18.75,10,SYN JING LEE
HOS-NET-MIK-12MM,MTR,Mikasa Net Hose - 12MM X 100M,Outdoor & Garden,96,1.90,1.60,-0.30,-15.79,96,SONIC
"CLI-HOS-GP-7/8""",PCS,Gp S/steel Hose Clip - 7/8 (13-23MM),Outdoor & Garden,83,1.00,1.30,0.30,30.00,79,ALIKE HARDWARE3
"FAS-SCR-P/H-3/4"" X 8#",PCK,Sr P/h Self Drilling Screw 3/4 X 8 (20PCS/PCK),Fasteners & Fixings,57,1.80,2.10,0.30,16.67,55,SYARIKAT HUA KIONG3
GRA-CUT-BRU-N465518,PAIR,Brush PAIR-SHR263K Spt N465518/N769626,Outdoor & Garden,4,19.20,19.50,0.30,1.56,4,HUACHIAN ENGINEERING
"HOS-FLE-VIP-PP12""",PCS,PP-12 White Nylon Vip Flexible Tube,Outdoor & Garden,7,9.80,9.50,-0.30,-3.06,7,KIM KONG3
TOI-PAP-ROL-PVC-9102,PCS,Toilet Paper Roller,Bathroom,8,2.20,1.90,-0.30,-13.64,8,DALMAX3
"FAS-SCR-F/H-5/8"" X 8#",PCK,Sr F/h Self Drilling Screw 5/8 X 8 (20PCS/PCK),Fasteners & Fixings,43,1.80,1.50,-0.30,-16.67,43,SYARIKAT HUA KIONG3
BNW-BOL-SS304-M12-40MM,PCS,SS 304 Bolt - M12 X 40MM,Fasteners & Fixings,21,3.20,2.90,-0.30,-9.38,21,SONIC3
"HOS-FLE-VIP-PP36""",PCS,PP-36 White Nylon Vip Flexible Tube,Outdoor & Garden,3,17.20,17.50,0.30,1.74,3,KIM KONG3
BNW-B&N-RBN-215,PCK,Sr G. I Boit & Nut 1/4 X 1 1/2 (5PCS/PCK),Fasteners & Fixings,27,2.40,2.70,0.30,12.50,27,SYARIKAT HUA KIONG3
BNW-BOL-SS304-M12-30MM,PCS,SS 304 Bolt - M12 X 30MM,Fasteners & Fixings,22,2.90,2.60,-0.30,-10.34,22,SONIC3
IND-FIL-1.0KG,ROLL,Stretch Film 1.0KG X 23 Micron X 500MM,Building Materials,12,19.50,19.80,0.30,1.54,12,SONIC3
"BRO-HAN-7/8"" X 72",PCS,7/8 X 6 Broom Handle,Doors & Hardware,109,4.60,4.90,0.30,6.52,103,HWA SOONG TIMBER
BNW-B&N-RBN-120,PCK,Sr G. I Boit & Nut 3/16 X 2 (7PCS/PCK),Fasteners & Fixings,26,2.30,2.60,0.30,13.04,24,SYARIKAT HUA KIONG3
"FAS-RIV-PAT-1/8""X1/2""-PCK",PCK,Blind Rivet: Jaguar 1/8 X 1/2 (20PCS/PCK),Fasteners & Fixings,52,1.10,1.40,0.30,27.27,45,KWONG TECK CHIONG
"FAS-RIV-PAT-1/8""X5/16""-PCK",PCK,Blind Rivet: Jaguar 1/8 X 5/16 (20PCS/PCK),Fasteners & Fixings,45,1.00,1.30,0.30,30.00,39,KWONG TECK CHIONG
"FAS-SCR-CSK-1"" X 8G-PCK",PCK,Sr Csk Tapping Screw 1 X 8G (20PCS/PCK),Fasteners & Fixings,15,2.60,2.30,-0.30,-11.54,15,SYARIKAT HUA KIONG3
FAS-RIV-PAT-5/32X5/8-PCK,PCK,Blind Rivet: Jaguar 5/32 X 5/8 (20PCS/PCK),Fasteners & Fixings,21,1.80,2.10,0.30,16.67,21,KWONG TECK CHIONG
"FAS-RIV-PAT-3/16""X3/8""-PCK",PCK,Blind Rivet: Jaguar 3/16 X 3/8 (20PCS/PCK),Fasteners & Fixings,23,1.50,1.80,0.30,20.00,23,KWONG TECK CHIONG
"IND-IRON-BUSH-1/2""",PCS,Coller Iron Bush 1/2,Home Appliances,14,4.20,3.90,-0.30,-7.14,14,KIONG JOUNG3
BNW-B&N-RBN-115,PCK,Sr G. I Boit & Nut 3/16 X 1 1/2 (7PCS/PCK),Fasteners & Fixings,13,2.00,2.30,0.30,15.00,13,SYARIKAT HUA KIONG3
KGR-KIM-300ML-9211,TIN,300ML Kangaroo Kimtone 9211,Paint & Sundries,12,18.10,17.80,-0.30,-1.66,12,KANGAROO PAINT
IND-CEM-GREY-1KG,KG,Topfit Adhesive Cement Grey 1KG,Chemicals & Adhesives,12,2.70,2.40,-0.30,-11.11,0,BRAVO-LINE
PAI-BRU-NYL-325-10#,PCS,10 Nylon Hair Color Brush,Paint & Sundries,58,2.70,2.40,-0.30,-11.11,58,DALMAX3
SWI-ADA-TRA-13A,PCS,Eurosafe 13A Travel Adaptor,Electrical,31,3.70,3.40,-0.30,-8.11,26,ECO ENTERPRISE3
FIT-UPVC-BEN-ELB-45-50MM,PCS,U-pvc Bend (elbow) 50MM 2 45-DEG,Plumbing,35,3.20,2.90,-0.30,-9.38,34,KIONG SING
BNW-B&N-RBN-106,PCK,Sr G. I Boit & Nut 3/16 X 3/4 (8PCS/PCK),Fasteners & Fixings,11,1.50,1.80,0.30,20.00,9,SYARIKAT HUA KIONG3
"ACE-NUTS-5/16""X38MM",PCS,"Ace Brand Bsw Hexagon Long Nuts LN-5/16""X38MM",Fasteners & Fixings,72,1.40,1.10,-0.30,-21.43,72,KIM KONG3
"PIP-PVC-E-3/4""",MTR,3/4 (26MM) Class E X 6M PVC Pipe (MTR),Plumbing,238,4.50,4.80,0.30,6.67,538,HUA BAN
ELE-CAB-WIR-1.5-YELLOW*,MTR,"Win PVC Cable, Yellow 100M",Electrical,130,0.70,1.00,0.30,42.86,130.5,SEBD
BNW-BOL-HTM-M14-45MM,PCS,H/t Bolt - M 14 X 45MM,Fasteners & Fixings,71,2.10,1.80,-0.30,-14.29,71,SONIC3
BNW-NUT-HTM-M06,PCS,H/t Nut- M 06,Fasteners & Fixings,1880,0.50,0.20,-0.30,-60.00,1871,SONIC3
FAS-SCR-ZPH-DSMHO525,PCK,Sr Zph Self Drilling Screw DSM-HO525(20PCS/PCK),Fasteners & Fixings,24,3.50,3.20,-0.30,-8.57,24,SYARIKAT HUA KIONG3
RIG-TUR-06MM,PCS,Galvanised Turnbuckle 06MM,Lifting & Rigging,27,1.80,1.50,-0.30,-16.67,27,SONIC3
BNW-BOL-HTM-M10-100MM,PCS,H/t Bolt - M 10 X 100MM,Fasteners & Fixings,78,1.80,1.50,-0.30,-16.67,76,SONIC3
SUNNY-HOSE-5090,MTR,PVC Sunny Hose - 50MM X 2 BAR X 90M,Outdoor & Garden,25,4.20,3.90,-0.30,-7.14,25,SONIC
CEMENT-TRAY,PCS,Cement Tray,Building Materials,65,4.20,3.90,-0.30,-7.14,61,ING PING3
GRA-SSS-100MM-06084(4),PCS,4 Czs S/steel Floor Grating,Bathroom,6,4.20,4.50,0.30,7.14,4,REXER3
"FAS-SCR-TAP-CSK-10#2-1/2""",PCK,10 X2-1/2 Csk Self Tapping Screw - Flat Head (10PCS/PCK),Fasteners & Fixings,3,3.20,2.90,-0.30,-9.38,3,KIM KONG3
SOC-6MM-3WAY,PCS,PVC 3/4 3WAY Box,Other,45,0.50,0.20,-0.30,-60.00,45,GOLDEN DAY
NAI-SQU-SUP-065MM-500G,PCK,E. G Square Boat Nail 65MM - 500G,Fasteners & Fixings,19,5.60,5.30,-0.30,-5.36,17,SONIC
"VAL-BAL-MIN-FH-1/4""X5/16""",PCS,"Fh Brass Mini Ball VALVE-1/4""X5/16",Plumbing,11,5.60,5.90,0.30,5.36,11,JHT HARDWARE
TOO-CHI-POINT,PCS,12 Point Chisel,Hand Tools,22,10.10,9.80,-0.30,-2.97,22,CHUONG LEE
PLA-MAT-EAW-MTR,MTR,Elephant-king Anti-weed Mat (pp) 1M,Packaging,100,2.20,1.90,-0.30,-13.64,100,CHIN LAI
KGR-KIM-300ML-9215,TIN,300ML Kangaroo Kimtone 9215,Paint & Sundries,4,18.10,17.80,-0.30,-1.66,4,KANGAROO PAINT
"IND-IRON-BUSH-3/8""",PCS,Coller Iron Bush 3/8,Home Appliances,6,3.00,2.70,-0.30,-10.00,6,KIONG JOUNG3
BNW-BOL-HTM-M12-100MM,PCS,H/t Bolt - M 12 X 100MM,Fasteners & Fixings,36,2.40,2.10,-0.30,-12.50,36,SONIC3
X-CUT-DIS-26172,PCS,"Br 6412 4""X1.0MM Green Cutting Disc",Abrasives & Cutting,10,1.60,1.30,-0.30,-18.75,10,REXER3
"NAI-LOS-HEA-1.1/2""-200G",PCK,1 1/2 Lost HD Nails 200G,Fasteners & Fixings,23,3.50,3.20,-0.30,-8.57,21,TIE BROTHER
FAS-BOL-ANC12,PCK,Sh Drop IN Anchor 1/2 X 2 (5PCS/PCK),Fasteners & Fixings,7,6.20,6.50,0.30,4.84,7,SONIC3
TIE-CAB-WHI-100MM,PCK,"White PVC Cable Ties 100MM (4"")",Electrical,26,2.60,2.30,-0.30,-11.54,26,SYN JING LEE
BNW-WAS-SPR-16MM,PCK,Bsw Spring Washer 5/8 (8PCS/PCK),Fasteners & Fixings,13,2.80,2.50,-0.30,-10.71,13,HTC HARDWARE
FIT-PVC-ELB-45DEG40MM,PCS,PVC Fitting Elbow 40MM (4.5') 1.1/2,Plumbing,19,1.90,1.60,-0.30,-15.79,16,HUA BAN
FAS-SCR-ZPH-DSMHO625,PCK,Sr Zph Self Drilling Screw DSM-HO625(20PCS/PCK),Fasteners & Fixings,8,4.50,4.20,-0.30,-6.67,8,SYARIKAT HUA KIONG3
WIN-CAP-4004,PCK,Sr End Cap 4004 X 10PCS,Doors & Hardware,13,3.60,3.30,-0.30,-8.33,13,SYARIKAT HUA KIONG3
FIT-HDPE-ORI-25MM,PCS,HDPE O-ring 25MM,Plumbing,32,1.80,1.50,-0.30,-16.67,32,HUA BAN
HOS-CON-ADA-ECOG4026,PCS,"Ecogreen- Tap Adaptor / 1/2""-3/4",Electrical,7,4.80,4.50,-0.30,-6.25,16,ZHONG YUAN3
SHH-FLOAT-FF150,PKT,"(1.1/2"") Plastic Float (2PCS/PCK)",Fishing & Tackle,3,3.50,3.20,-0.30,-8.57,3,SINHENHUA
SHH-PE-TWINE-380151GG,PCS,380/15 Gg P. E. Twine,Fishing & Tackle,45,2.70,2.40,-0.30,-11.11,37,SINHENHUA
ADH-ELE-3G,PCS,X'traseal Super Glue (economy PACK)3GX12 (PCS),Chemicals & Adhesives,2,1.40,1.70,0.30,21.43,286,FONG YUAN HUNG
FIT-PVC-ELB-PT20MM,PCS,PVC Fitting P/t Elbow 20MM 3/4,Plumbing,183,1.80,1.50,-0.30,-16.67,181,KIONG SING
ELE-PVC-NUT-B3X3*,PCS,Umc 3 X 3 PVC Nut Box,Fasteners & Fixings,261,1.20,0.90,-0.30,-25.00,248,SEBD3
BNW-BOL-HTM-M16-45MM,PCS,H/t Bolt - M 16 X 45MM,Fasteners & Fixings,17,2.70,2.40,-0.30,-11.11,17,SONIC3
HAN-WOO-CHIS-0055A,PCS,3 1/2 Chisel Wood Handle Only - Small,Hand Tools,44,2.20,1.90,-0.30,-13.64,42,DALMAX3
HOS-CON-ADA-ECO4011,PCS,Ecogreen- Tool Adaptor / 3/4,Electrical,6,4.20,3.90,-0.30,-7.14,6,ZHONG YUAN3
SHH-SINKER-ROUND-NO.3,PCK,Round Shape Sinker 3 (5PCS/PCK),Fishing & Tackle,4,1.90,1.60,-0.30,-15.79,4,SINHENHUA
ELE-CAB-WIR-1.5red-MTR*,MTR,1.5MM Electric Cable Red,Electrical,356,0.70,1.00,0.30,42.86,350,SEBD
FAN-HOOK-FH01,PCS,122 Fan Hook W/o Screw (j),Fasteners & Fixings,81,2.80,2.50,-0.30,-10.71,78,JHT HARDWARE
TIE-CAB-SS-100MM,PCK,SS Cable Ties (10PCS/PCK) SUS304 M4.6X100MM,Electrical,6,3.20,2.90,-0.30,-9.38,6,SYN JING LEE
FIT-PVC-SOC-25MM,PCS,PVC Fitting Socket P/t 25MM 1,Plumbing,103,2.00,2.30,0.30,15.00,102,KIONG SING
HHD-VAL-FLO-PVC-4SEA,PCS,1/2 PVC Float Valve's Seal,Fishing & Tackle,36,1.80,1.50,-0.30,-16.67,32,ING PING3
HOS-CLE-01630-MTR,MTR,16MM X 30M Clear Hose (MTR),Outdoor & Garden,1,2.60,2.90,0.30,11.54,-2.4,SHUN LI
NUM-80MM-D,PCS,Acp Alphabet 80MM - D,Signage & Numbering,5,12.90,12.60,-0.30,-2.33,5,REXER3
CHA-ANI-6FT-40,PCS,Animal Chain 40 X 6,"Rope, Chain & Netting",7,8.20,7.90,-0.30,-3.66,7,SONIC3
SHH-PE-TWINE-380121GG,PCS,380/12 Gg P. E. Twine,Fishing & Tackle,18,2.70,2.40,-0.30,-11.11,17,SINHENHUA
BNW-BOL-HTM-M14-35MM,PCS,H/t Bolt - M 14 X 35MM,Fasteners & Fixings,11,1.90,1.60,-0.30,-15.79,11,SONIC3
FIT-PVC-SOC-DE20MM,PCS,PVC Fitting Socket D/e 20MM 3/4,Plumbing,189,0.70,1.00,0.30,42.86,181,KIONG SING
FIT-UPVC-BEN-ELB-50MM,PCS,U-pvc Bend (elbow) 50MM 2,Plumbing,42,3.00,2.70,-0.30,-10.00,39,KIONG SING
BNW-NUT-HTM-M08,PCS,H/t Nut - M 08,Fasteners & Fixings,203,0.50,0.20,-0.30,-60.00,156.95,SONIC3
V-MORE-V15-PVC-KNIFE,PCS,V-more V-15 PVC Paper Knife,Hand Tools,1,2.20,1.90,-0.30,-13.64,1,SYARIKAT HUA KIONG3
BNW-WAS-SSS-06MM,PCS,SS 304 Flat Washer 1/4,Fasteners & Fixings,180,0.50,0.20,-0.30,-60.00,160,SONIC3
FIT-PVC-TEE-40MM,PCS,PVC Fitting Tee 40MM 1-1/2 Swv,Plumbing,26,3.30,3.00,-0.30,-9.09,24,KIONG SING
ELE-PVC-CON-U3X3,EA,Umc 3 X 3 PVC Conceal Box,Electrical,61,1.20,0.90,-0.30,-25.00,60,SEBD3
PIN-COT-GAJ,PCK,Gajah Cotter Pin 4 X 40MM,Other,23,1.00,1.30,0.30,30.00,22,KIONG JOUNG3
"ELE-PVC-COUPLIG-SOCKET-3/8""",PCS,Ele PVC Coupling Socket 3/8,Electrical,101,0.50,0.20,-0.30,-60.00,101,GOLDEN DAY
"ELE-PVC-MALE-SOCKET-3/8""",PCS,Ele PVC Male Socket 3/8,Electrical,99,0.50,0.20,-0.30,-60.00,95,GOLDEN DAY
"ELE-PVC-SOC-3/8""-GD",PCS,Ele PVC Socket 3/8,Electrical,86,0.50,0.20,-0.30,-60.00,86,GOLDEN DAY
TOI-BLA-RUB-FOR-25MM,PCS,25MM Foam Gasket,Plumbing,7,5.30,5.00,-0.30,-5.66,7,CRYSTAL TRIUMPH S/B
"FIT-PVC-NIP-1""X1.1/4""",PCS,"1.1/4""(32MM) X 1 (25MM) Red Socket",Electrical,12,2.90,2.60,-0.30,-10.34,11,HUA BAN
ELE-PVC-BLA-PLA,PCS,Umc 3 X 3 PVC Blank Plate,Electrical,25,1.30,1.00,-0.30,-23.08,24,SEBD3
"BNW-BOL-U-ZP5/16X3""",PCS,Zp U-bolt 5/16 X 3,Fasteners & Fixings,8,3.00,2.70,-0.30,-10.00,8,SONIC3
FIT-UPVC-SOC-32MM,PCS,U-pvc Socket 32MM 1-1/4,Electrical,16,1.40,1.10,-0.30,-21.43,16,KIONG SING
"GUN-GRE-NIP-STR-1/4"" UNF 28",PCS,S. K Straight Grease Nipple 1/4 Unf 28,Fasteners & Fixings,10,1.90,1.60,-0.30,-15.79,10,HTC HARDWARE
OIL-FUN-7003,PCS,3 Funnel,Housewares,5,1.10,0.80,-0.30,-27.27,5,KIONG JOUNG3
"FIT-HDPE-NIP-12""X12""",PCS,HDPE Nipple 1/2 X 1/2,Plumbing,26,0.60,0.90,0.30,50.00,26,HUA BAN
PLUG-2PIN-IN-OUT-342A,PCS,2 Pin IN Out Plug 342A,Electrical,9,1.70,2.00,0.30,17.65,9,FULL-LITE
SOC-PCS-L-25MM,PCS,1 L PVC Socket,Electrical,21,0.50,0.20,-0.30,-60.00,21,GOLDEN DAY
"ELE-PVC-MALE-SOCKET-3/4""",PC(S),Ele PVC Male Socket 3/4,Electrical,225,0.50,0.28,-0.22,-44.00,225,GOLDEN DAY
ADH-TAP-CLO-GRE,PCS,Glotool Cloth Tape 48 MM X 7 Yd - Green,Chemicals & Adhesives,52,3.70,3.50,-0.20,-5.41,52,SONIC3
ADH-TAP-CLO-YEL,PCS,Glotool Cloth Tape 48 MM X 7 Yd - Yellow,Chemicals & Adhesives,46,3.70,3.50,-0.20,-5.41,46,SONIC3
GRA-SAN-SWFG-SS304-6609,PCS,Saniware Premier Floor Grating (150MMX1500MM),Bathroom,1,14.80,15.00,0.20,1.35,1,VTC HARDWARE
X-ELE-BUL-D/L-HOM-18W-6500K,PCS,Hermanns LED Bulb E27 18W,Lighting,80,8.70,8.90,0.20,2.30,70,TOP GAN
TOO-LEV-SUN-300MM,PCS,Glotool Magnetic Spirit Level 12,Power Tools,8,17.10,16.90,-0.20,-1.17,6,SONIC3
CLI-HOS-ORB-TS-00,PCS,Orbit Wing Hose Clip (13-19MM),Outdoor & Garden,53,2.40,2.20,-0.20,-8.33,50,SYN JING LEE
BUT-NUL-ANC-METAL-MB0830,PCK,Metal Butterfly Anchor (10PCS/PCK),Fasteners & Fixings,10,2.00,2.20,0.20,10.00,8,SYN JING LEE
BOS-1619-PC0-389,PCS,Carbon Brush Gsb 600 (c),Power Tools,4,11.10,10.90,-0.20,-1.80,4,CMW ENGINEERING
ADH-TAP-SEA-G707,PCS,G707 Seal Tape,Chemicals & Adhesives,204,1.70,1.50,-0.20,-11.76,204,SYN JING LEE
PAI-ROL-SET-CRI-424,SET,"4""X20 Cristin Tiger Stripe Roller Set",Paint & Sundries,30,6.30,6.50,0.20,3.17,29,ING PING3
CLI-HOS-13-19,PCS,PVC Wing Hose Clip 13-19,Outdoor & Garden,86,1.60,1.80,0.20,12.50,81,SYN JING LEE
"CLI-HOS-GP-1""",PCS,Gp S/steel Hose CLIP-1 (16-25MM),Outdoor & Garden,114,1.20,1.40,0.20,16.67,113,ALIKE HARDWARE3
"CLI-HOS-GP-5/8""",PCS,Gp S/steel Hose CLIP-5/8 (9-16MM),Outdoor & Garden,145,0.90,1.10,0.20,22.22,143,ALIKE HARDWARE3
X-ADH-TAP-MWP037A,PCS,Vago Seal Tape,Power Tools,85,1.50,1.30,-0.20,-13.33,81,CRYSTAL TRIUMPH S/B
BRO-PLA-SB9226,PCS,Colourful Plastic Broom 180G,Housewares,40,8.80,8.60,-0.20,-2.27,38,CHUNS TRADING
"CLI-HOS-GP-1.1/2""",PCS,Gp S/steel Hose Clip- 1.1/2 (21-38MM),Outdoor & Garden,77,1.60,1.80,0.20,12.50,77,ALIKE HARDWARE3
"CLI-HOS-GP-1/2""",PCS,Gp S/steel Hose CLIP-1/2 (6-12MM),Outdoor & Garden,147,0.80,1.00,0.20,25.00,145,ALIKE HARDWARE3
ROP-WIR-GAL-6.0MM,MTR,Galv Wire Rope-cnn 6.0MMX6X19,Lifting & Rigging,124,2.60,2.80,0.20,7.69,124,SONIC3
BNW-BOL-SS304-M10-30MM,PCS,SS 304 Bolt - M10 X 30MM,Fasteners & Fixings,63,1.90,1.70,-0.20,-10.53,63,SONIC3
"CLI-HOS-GP-3/4""",PCS,Gp S/steel Hose CLIP-3/4 (13-19MM),Outdoor & Garden,91,1.00,1.20,0.20,20.00,89,ALIKE HARDWARE3
"CLI-HOS-GP-5""",PCS,Gp S/steel Hose CLIP-5 (76-127MM),Outdoor & Garden,27,3.20,3.40,0.20,6.25,27,ALIKE HARDWARE3
CHA-PVC-BEL-G6MM,MTR,Cn/kh PVC (green),"Rope, Chain & Netting",69,3.50,3.70,0.20,5.71,69,BOON SENG
PAI-ROL-SET-1644#,SET,7 Paint Roller Set 1644,Paint & Sundries,207,4.30,4.10,-0.20,-4.65,205,JHT HARDWARE
BNW-BOL-SS304-M10-35MM,PCS,SS 304 Bolt - M10 X 35MM,Fasteners & Fixings,47,2.20,2.00,-0.20,-9.09,47,SONIC3
FAS-SCR-TECH-WOOD-50MM-PCK,PCK,Techscrew-wood Screw X 50MM (50PCS/PCK),Fasteners & Fixings,12,7.70,7.90,0.20,2.60,11,SONIC3
ROP-PE-10MM,MTR,10MM P. E Rope,"Rope, Chain & Netting",347,1.00,1.20,0.20,20.00,346.93,TIE BROTHER3
"FAS-SCR-TAP-PAN-8#3/4""",PCK,8 X3/4 Ph Self Tapping Screw-pan Head (20PCS/PCK) (PCK),Fasteners & Fixings,36,2.40,2.20,-0.20,-8.33,85,KIM KONG3
ROP-PP-10MM,MTR,10MM P. P Rope,"Rope, Chain & Netting",262,1.20,1.40,0.20,16.67,261.85,TIE BROTHER3
DOR-ROL-CAT-RDL304,PCS,S/s Double Roller Catch (4PCS/PCK),Doors & Hardware,52,1.20,1.00,-0.20,-16.67,52,SYN JING LEE
"FAS-SCR-TAP-CSK-8#2""",PACK,8 X2 Csk Self Tapping Screw-flat Head (10PCS/PCK),Fasteners & Fixings,42,1.90,1.70,-0.20,-10.53,40,KIM KONG3
IND-IRON-HIN-2.0,PCS,2.0 Iron Welding Hinger Pin,Home Appliances,73,2.10,1.90,-0.20,-9.52,73,WEE TAT TRADING
"IND-BRA-ANGLE-4""X2""X2""X1.60MM",PCS,Bracket Angle 4 X 2 X 2 X 1.60MM,Building Materials,1158,1.40,1.20,-0.20,-14.29,1158,MESRA JAYA
SWI-SOC-ELE-E011B,PCS,Elegance 16A 1 GANG 1 Way-black (E011B),Electrical,30,13.20,13.40,0.20,1.52,30,
"CLI-HOS-GP-2.3/4""",PCS,Gp S/steel Hose CLIP-2.3/4 (44-67MM),Outdoor & Garden,22,2.10,2.30,0.20,9.52,22,ALIKE HARDWARE3
"CLI-HOS-GP-3""",PCS,Gp S/steel Hose CLIP-3 (52-76MM),Outdoor & Garden,16,2.30,2.50,0.20,8.70,15,ALIKE HARDWARE3
X-ELE-BUL-B225W-Y,PCS,Kobena 5W E27,Power Tools,5,7.10,6.90,-0.20,-2.82,5,FULL-LITE
BNW-B&N-RBN-212,PCK,Sr G. I Boit & Nut 1/4 X 1 1/4 (5PCS/PCK),Fasteners & Fixings,19,2.30,2.50,0.20,8.70,19,SYARIKAT HUA KIONG3
FIT-PVC-ELB-20MMX15MM,PCS,"PVC Fitting Elbow Reducing 3/4""X1/2",Plumbing,138,2.00,1.80,-0.20,-10.00,138,KIONG SING
CUT-DIS-MARK-12400-04G,PCS,Mr. Mark 4 X 16MM Grinder Disc./abr. Wheel,Power Tools,78,3.90,3.70,-0.20,-5.13,78,MAJOR HARVEST3
"BRO-HAN-7/8"" x 48 x(S)",PCS,7/8 X 4 X (s) Broom Handle,Doors & Hardware,93,3.20,3.40,0.20,6.25,91,HWA SOONG TIMBER
SUP-ROL-WIN,PCK,Super Airoller (25PCS/PCK),Other,35,2.20,2.00,-0.20,-9.09,35,SYARIKAT HUA KIONG3
BNW-B&N-RBN-205,PCK,Sr G. I Boit & Nut 1/4 X 5/8 (10PCS/PCK),Fasteners & Fixings,11,3.00,2.80,-0.20,-6.67,10,SYARIKAT HUA KIONG3
BNW-B&N-RBN-210,PCK,Sr G. I Boit & Nut 1/4 X 1 (5PCS/PCK),Fasteners & Fixings,15,1.90,2.10,0.20,10.53,15,SYARIKAT HUA KIONG3
CHA-PVC-BEL-R6MM,MTR,Bellea PVC (red) (MTR),"Rope, Chain & Netting",18,3.50,3.70,0.20,5.71,57.5,BOON SENG
"FAS-SCR-CSK-3/4"" X 6G",PCK,Sr Csk Tapping Screw 3/4 X 6G (20PCS/PCK),Fasteners & Fixings,18,1.40,1.60,0.20,14.29,18,SYARIKAT HUA KIONG3
FIT-PVC-TEE-20MMX15MM,PCS,PVC Fitting Tee Reducing 3/4 X1/2,Plumbing,86,1.90,2.10,0.20,10.53,83,KIONG SING
BNW-B&N-RBN-204,PCK,Sr G. I Boit & Nut 1/4 X 1/2 (5PCS/PCK),Fasteners & Fixings,15,1.40,1.60,0.20,14.29,15,SYARIKAT HUA KIONG3
PAI-BRU-NYL-325-12#,PCS,12 Nylon Hair Color Brush,Paint & Sundries,58,3.10,2.90,-0.20,-6.45,58,DALMAX3
BNW-BOL-HTM-M06-25MM,PCS,H/t Bolt - M 06 X 25MM,Fasteners & Fixings,442,0.50,0.30,-0.20,-40.00,442,SONIC3
BNW-BOL-HTM-M06-20MM,PCS,H/t Bolt - M 06 X 20MM,Fasteners & Fixings,440,0.50,0.30,-0.20,-40.00,432,SONIC3
"CLI-HOS-GP-2.1/2""",PCS,Gp S/steel Hose CLIP-2.1/2 (40-63MM),Outdoor & Garden,6,2.40,2.20,-0.20,-8.33,0,ALIKE HARDWARE3
DOR-HIN-BLK-100MM,PAIR,Iron Hinges Black 4 (PAIR),Home Appliances,13,3.30,3.10,-0.20,-6.06,35,SONIC3
FAS-SCR-COA-M6030,PCS,Sr Coach Screw M6 X 30MM,Fasteners & Fixings,390,0.50,0.30,-0.20,-40.00,388,SYARIKAT HUA KIONG3
"NAI-LOS-HEA-1""-200G",PCK,1 Lost HD Nails 200G,Fasteners & Fixings,62,3.20,3.40,0.20,6.25,59,TIE BROTHER
BNW-BOL-HTM-M06-30MM,PCS,H/t Bolt - M 06 X 30MM,Fasteners & Fixings,379,0.50,0.30,-0.20,-40.00,379,SONIC3
"FAS-SCR-F/H-2"" X 8#",PKT,Sr F/h Self Drilling Screw 2 X 8 (20PCS/PCK),Fasteners & Fixings,4,4.10,3.90,-0.20,-4.88,3,SYARIKAT HUA KIONG3
GLU-STI-BIG-TWN,PCS,Glue Stick-big/twn,Chemicals & Adhesives,92,1.50,1.30,-0.20,-13.33,91,BOON SENG
CLI-HOS-ORB-2X,PCS,Orbit Hose Clip No : 2X,Outdoor & Garden,45,2.80,2.60,-0.20,-7.14,45,SYN JING LEE
BNW-BOL-HTM-M14-50MM,PCS,H/t Bolt - M 14 X 50MM,Fasteners & Fixings,67,2.30,2.10,-0.20,-8.70,67,SONIC3
PAI-BRU-NYL-325-8#,PCS,8 Nylon Hair Color Brush,Paint & Sundries,57,2.10,1.90,-0.20,-9.52,57,DALMAX3
PAI-ROL-HAN-L418,PCS,Paint Roller Handle 4 X 18,Paint & Sundries,34,3.30,3.50,0.20,6.06,32,ALIKE HARDWARE3
RIG-CLI-GAL-16MM,PCS,Galvanised Wire Rope Clip 16MM,Lifting & Rigging,20,2.50,2.30,-0.20,-8.00,20,SONIC3
SWI-SOC-ELE-E000B,PCS,Elegance 1 GANG Blank Plate-black (E000B),Electrical,7,12.10,12.30,0.20,1.65,7,
CLI-HOS-ORB-000,PCS,Orbit Hose Clip No : 000,Outdoor & Garden,66,1.60,1.40,-0.20,-12.50,64,SYN JING LEE
BNW-BOL-HTM-M12-75MM,PCS,H/t Bolt - M 12 X 75MM,Fasteners & Fixings,71,1.90,1.70,-0.20,-10.53,65,SONIC3
FAS-SCR-COA-M6040,PCS,Sr Coach Screw M6 X 40MM,Fasteners & Fixings,268,0.50,0.30,-0.20,-40.00,268,SYARIKAT HUA KIONG3
PAI-TIG-75ML-GRN,PCS,75ML Tiger G. P (apple Green) - 6639,Paint & Sundries,12,8.70,8.50,-0.20,-2.30,12,ING PING3
"TIE-CAB-BLA-4""",PKT,4 Black Cable Tie (20PCS/PCK),"Rope, Chain & Netting",15,1.80,1.60,-0.20,-11.11,14,FULL-LITE
WAL-FOA-PE,SQFT,P. E. Foam,Lighting,49,0.50,0.30,-0.20,-40.00,49,AMHOME
BNW-BOL-HTM-M06-35MM,PCS,H/t Bolt - M 06 X 35MM,Fasteners & Fixings,224,0.50,0.30,-0.20,-40.00,222,SONIC3
BNW-BOL-HTM-M08-20MM,PCS,H/t Bolt - M 08 X 20MM,Fasteners & Fixings,226,0.50,0.30,-0.20,-40.00,226,SONIC3
SHH-FLOAT-FF100,PKT,"(1"") Plastic Float (2PCS/PCK)",Fishing & Tackle,10,2.20,2.00,-0.20,-9.09,8,SINHENHUA
ELE-PVC-TEE-3W,PCS,19MM Tee Box (3WAY Box),Plumbing,68,0.90,0.70,-0.20,-22.22,68,FULL-LITE
GRA-CUT-LIN-YEL,PCK,Square Trimer Line-yellow (PCK),Outdoor & Garden,14,5.70,5.50,-0.20,-3.51,33,TIE BROTHER3
SHH-FLOAT-FF75,PKT,"(3/4"") Plastic Float (2PCS/PCK)",Fishing & Tackle,10,2.00,1.80,-0.20,-10.00,7,SINHENHUA
SOC-BOX-28-13A,PCS,GI Socket Box,Electrical,47,1.20,1.00,-0.20,-16.67,47,GOLDEN DAY
ELE-PVC-CRO-4W,PCS,19MM Cross Box 4WAY,Electrical,61,0.90,0.70,-0.20,-22.22,61,FULL-LITE
KGR-KIM-300ML-9212,TIN,300ML Kangaroo Kimtone 9212,Paint & Sundries,4,17.60,17.80,0.20,1.14,4,KANGAROO PAINT
SHH-FLOAT-FF50,PKT,"(1/2"") Plastic Float (2PCS/PCK)",Fishing & Tackle,10,1.80,1.60,-0.20,-11.11,10,SINHENHUA
RIG-SHA-GAL-06MM,PCS,Galvanised D-shackle 06 MM,Lifting & Rigging,27,1.10,1.30,0.20,18.18,25,SONIC3
BNW-BOL-HTM-M16-100MM,PCS,H/t Bolt - M 16 X 100MM,Fasteners & Fixings,18,4.50,4.30,-0.20,-4.44,18,SONIC3
ABR-PAP-STAR-180#,PCS,Three Star Sandpaper 180,Abrasives & Cutting,105,1.70,1.90,0.20,11.76,105,SYN JING LEE
BNW-BOL-HTM-M12-70MM,PCS,H/t Bolt - M 12 X 70MM,Fasteners & Fixings,46,1.70,1.50,-0.20,-11.76,42,SONIC3
"FIT-HDPE-NIP-1""X1""",PCS,HDPE Nipple 1 X 1,Plumbing,32,1.40,1.20,-0.20,-14.29,32,HUA BAN
BNW-BOL-HTM-M08-25MM,PCS,H/t Bolt - M 08 X 25MM,Fasteners & Fixings,151,0.50,0.30,-0.20,-40.00,151,SONIC3
RIG-NIP-25MM,PCS,K. C. Nipple 25 MM,Lifting & Rigging,7,3.30,3.10,-0.20,-6.06,7,SONIC3
ROP-MANILA-6MM,MTR,Manila Rope -1/4 (6MM),"Rope, Chain & Netting",104,1.40,1.20,-0.20,-14.29,103.6,BESMA
IND-WHE-TYR-BEA,PCS,Wheel Barrow,Building Materials,7,1.70,1.50,-0.20,-11.76,47,BOON SENG
NAI-FEL-SUP-32MM-500G,PKT,E. G Felt Nail 32MM - 500G,Fasteners & Fixings,11,5.40,5.20,-0.20,-3.70,11,SONIC
X-FLO-MOC-BR3030BW,PCS,300MM X 300MM BR3030BW,Power Tools,1,3.40,3.60,0.20,5.88,1,BRAVO-LINE
BNW-BOL-HTM-M12-65MM,PCS,H/t Bolt - M 12 X 65MM,Fasteners & Fixings,33,1.70,1.50,-0.20,-11.76,33,SONIC3
BNW-WAS-SPR-9MM,PCK,Bsw Spring Washer 3/8 (8PCS/PCK),Fasteners & Fixings,35,0.90,0.70,-0.20,-22.22,34,HTC HARDWARE
RIG-SHA-GAL-10MM,PCS,Galvanised D-shackle 10 MM,Lifting & Rigging,8,2.20,2.00,-0.20,-9.09,6,SONIC3
BNW-BOL-SS304-M8-40MM,PCS,SS 304 Bolt - M8 X 40MM,Fasteners & Fixings,33,1.40,1.60,0.20,14.29,33,SONIC3
BNW-BOL-HTM-M12-35MM,PCS,H/t Bolt - M 12 X 35MM,Fasteners & Fixings,31,1.40,1.20,-0.20,-14.29,31,SONIC3
BNW-JCBC-SCRW-M6X50MM,PCS,M6 X 50MM Jcbc Screw (rb),Fasteners & Fixings,77,0.50,0.30,-0.20,-40.00,77,ENG HUAT TRADING
FIT-PVC-SOC-15MM,PCS,PVC Fitting Socket P/t 15MM 1/2,Plumbing,279,0.90,1.10,0.20,22.22,267,KIONG SING
FAS-BOL-ANC06,PCK,Sh Drop IN Anchor 1/4 X 1-1/8 (5PCS/PCK),Fasteners & Fixings,9,2.40,2.20,-0.20,-8.33,9,SONIC3
PAI-ROL-REF-L220*,PCS,Leon 2 Roller,Paint & Sundries,1,1.50,1.30,-0.20,-13.33,101,BOON SENG
SHH-PE-TWINE-380241GG,PCS,380/24 Gg P. E. Twine,Fishing & Tackle,26,2.70,2.50,-0.20,-7.41,26,SINHENHUA
IND-CAS-RUB-075MM,PCS,3 Rubber Wheel Only,Building Materials,16,3.80,3.60,-0.20,-5.26,16,ING PING3
ELE-PVC-INS-ELB*,PCS,19MM Inspection Elbow,Plumbing,134,1.20,1.00,-0.20,-16.67,109,ECO ENTERPRISE3
X-CAB-NET-WOR-1.0M,PCS,Dintek Cat 5 Patch Cord 1 Meter (grey),Power Tools,1,18.20,18.00,-0.20,-1.10,1,JAYAMAS
SHH-SPOOL-103,PCS,Fishing Spool HP-103,Fishing & Tackle,2,1.80,1.60,-0.20,-11.11,2,SINHENHUA
CHA-ANI-6FT-20,PCS,Animal Chain 20 X 6,"Rope, Chain & Netting",9,4.70,4.50,-0.20,-4.26,9,SONIC3
FIT-PVC-VAL-SOC-32MM,PCS,PVC Fitting Socket Valve 32MM 1-1/4,Plumbing,45,2.70,2.50,-0.20,-7.41,45,KIONG SING
FAS-HOO-EYE-18#,PCS,18 Hook & Eyes,Fasteners & Fixings,70,1.70,1.90,0.20,11.76,67,CHIONG SENG
BNW-WAS-SPR-11MM,PCK,Bsw Spring Washer 7/16 (8PCS/PCK),Fasteners & Fixings,11,0.90,1.10,0.20,22.22,11,HTC HARDWARE
FIT-PVC-PLU-32MM,PCS,PVC Fitting Plug 32MM 1-1/4 1 Bag,Plumbing,54,1.80,1.60,-0.20,-11.11,54,KIONG SING
SEA-GAS-B,FTS,Black Gasket 1601 X 500 (k),Plumbing,177,0.50,0.30,-0.20,-40.00,160.4,YUNG HUAT
FIT-PVC-VAL-SOC-40MM,PCS,PVC Fitting Socket Valve 40MM 1-1/2,Plumbing,28,3.10,2.90,-0.20,-6.45,28,KIONG SING
FIT-PVC-PLU-20MM,PCS,PVC Fitting Plug 20MM 3/4,Plumbing,131,0.60,0.80,0.20,33.33,131,KIONG SING
ELE-PVC-ANG-2WAY,PCS,19MM Angle Box (2 Way Box),Electrical,86,0.90,0.70,-0.20,-22.22,86,FULL-LITE
FIT-PVC-TEE-15MM,PCS,PVC Fitting Tee 15MM 1/2,Plumbing,87,0.90,1.10,0.20,22.22,283,KIONG SING
SHH-STR-RUB-LRS,PCS,Long Rubber String,Fishing & Tackle,11,2.20,2.00,-0.20,-9.09,11,SINHENHUA
FAS-HOO-EYE-12#,PCS,12 Hook & Eyes,Fasteners & Fixings,94,0.70,0.90,0.20,28.57,94,CHIONG SENG
"FIT-HDPE-BUS-1""X1/2""",PCS,HDPE Bush 1 X 1/2,Plumbing,49,1.30,1.10,-0.20,-15.38,47,HUA BAN
FIT-UPVC-CAP-50MM,PCS,U-pvc End Cap 50MM 2,Plumbing,26,2.50,2.70,0.20,8.00,25,KIONG SING
"FIT-HDPE-NIP-3/4""X1/2""",PCS,HDPE Nipple 3/4 X 1/2,Plumbing,62,1.00,0.80,-0.20,-20.00,62,HUA BAN
FIT-PVC-CAP-50MM,PCS,PVC Fitting End Cap 50MM 2,Plumbing,22,2.80,2.60,-0.20,-7.14,21,KIONG SING
ELE-PVC-THR-2W,PCS,19MM Through Box,Electrical,63,0.90,0.70,-0.20,-22.22,63,FULL-LITE
ELE-PVC-END-BOX,PCS,19MM PVC End Box,Electrical,58,0.90,0.70,-0.20,-22.22,58,FULL-LITE
BNW-NUT-HTM-M12,PCS,H/t Nut - M 12,Fasteners & Fixings,101,0.50,0.30,-0.20,-40.00,79,SONIC3
FIT-PVC-PLU-25MM,PCS,PVC Fitting Plug 25MM 1,Plumbing,39,1.30,1.10,-0.20,-15.38,89,KIONG SING
"PIP-PVC-1/2""",MTR,"1/2""(22MM) Bs X 6M PVC Pipe (MTR)",Plumbing,25,2.00,2.20,0.20,10.00,589,HUA BAN
BNW-WAS-SPR-6MM,PCK,Bsw Spring Washer 1/4 (8PCS/PCK),Fasteners & Fixings,7,0.50,0.30,-0.20,-40.00,25,HTC HARDWARE
"FIT-HDPE-NIP-3/4""X3/4""",PCS,HDPE Nipple 3/4 X 3/4,Plumbing,42,1.00,0.80,-0.20,-20.00,41,HUA BAN
FAS-HOO-EYE-2#,PCK,2 Hook & Eyes (24 Pcs/pck),Fishing & Tackle,5,2.60,2.40,-0.20,-7.69,5,CHIONG SENG
ELE-CLI-PIP-GAL-25MM,PCS,1 G. I Saddle BAR,Electrical,32,1.00,0.80,-0.20,-20.00,32,TIE BROTHER3
BNW-WAS-SSS-08MM,PCS,SS 304 Flat Washer 5/16,Fasteners & Fixings,63,0.50,0.30,-0.20,-40.00,59,SONIC3
FIT-UPVC-SOC-50MM,PCS,U-pvc Socket 50MM 2,Electrical,15,1.90,2.10,0.20,10.53,15,KIONG SING
OIL-FUN-7005,PCS,5 Funnel,Housewares,6,1.50,1.30,-0.20,-13.33,6,KIONG JOUNG3
PIP-ROU-BOX,PCS,Round Box PVC,Plumbing,54,0.50,0.30,-0.20,-40.00,54,GOLDEN DAY
"BNW-BOL-U-ZP1/4X1""",PCS,Zp U-bolt 1/4 X 1,Fasteners & Fixings,26,1.00,1.20,0.20,20.00,26,SONIC3
FIT-PVC-VAL-SOC-15MM,PCS,PVC Fitting Socket Valve 15MM 1/2,Plumbing,36,0.50,0.70,0.20,40.00,221,KIONG SING
"BNW-BOL-U-ZP5/16X2""",PCS,Zp U-bolt 5/16 X 2,Fasteners & Fixings,7,2.20,2.00,-0.20,-9.09,7,SONIC3
BNW-NUT-HTM-M10,PCS,H/t Nut - M 10,Fasteners & Fixings,10,0.50,0.30,-0.20,-40.00,-6,SONIC3
BOS-2608-619-701,PCS,Cutting Disc Metal,Abrasives & Cutting,2303,2.60,2.70,0.10,3.85,2293,CMW ENGINEERING
SPR-BID-SWSB-ABS-261,PCS,Saniware ABS Spray Bidet Set Holder & 1.2M Flexible Hose,Bathroom,3,37.90,38.00,0.10,0.26,3,VTC HARDWARE
TAP-SAN-SWS-304-3960,PCS,Saniware Sliver Basin Sink Tap,Bathroom,4,78.90,79.00,0.10,0.13,4,VTC HARDWARE
TOW-SOR-SRT349-HP,PCS,Sorento 75CM S/steel Towel BAR Satin,Bathroom,3,88.90,89.00,0.10,0.11,3,SYNTALUN
TOI-TIS-SOR-SRT314-BL,PCS,Sorento S/s Paper Holder SRT314-BL,Bathroom,3,78.90,79.00,0.10,0.13,3,SYNTALUN
TOI-TIS-SOR-SRT366-BL,PCS,Sorento S/s Paper Holder SRT366-BL,Bathroom,3,71.90,72.00,0.10,0.14,3,SYNTALUN
GRA-SOR-SRT384-6,PCS,Sorento Floor Grating 6,Bathroom,3,54.90,55.00,0.10,0.18,3,SYNTALUN
HOL-TUB-T8-G13,PCK,Taicon T8 G13 LED Single Tube Holder Only (2PCS/PCK),Lighting,46,2.00,1.90,-0.10,-5.00,46,ECO ENTERPRISE3
SPR-BID-SWSB-ABS-262,PCS,Saniware ABS Spray Bidet Only,Bathroom,4,18.90,19.00,0.10,0.53,4,VTC HARDWARE
BOS-1607-014-145,SET,Carbon Brush GWS750,Power Tools,8,19.90,19.80,-0.10,-0.50,8,CMW ENGINEERING
NIP-SAT-GLO-1L-P,CAN,1L Nippon Satin Glo Pastel Base,Paint & Sundries,5,56.90,56.80,-0.10,-0.18,5,PAINT MAR.2
ADH-TAP-CLO-BLA,PCS,Glotool Cloth Tape 48 MM X 7 Yd - Black,Chemicals & Adhesives,53,3.60,3.50,-0.10,-2.78,52,SONIC3
ADH-TAP-CLO-SIL,PCS,Glotool Cloth Tape 48 MM X 7 Yd - Silver,Chemicals & Adhesives,29,3.60,3.50,-0.10,-2.78,28,SONIC3
ELE-TUB-LED-EMP-2',PCS,T8 2FT LED Empty Casing,Lighting,38,6.00,5.90,-0.10,-1.67,85,CIMA
MEA-TAP-GLO-A050M,PCS,Glotool Measuring Tape (type A) 50M,Hand Tools,4,48.90,49.00,0.10,0.20,4,SONIC3
BOS-2608-608-N93,PCS,Fiber Sanding Disc 100MM P36,Abrasives & Cutting,32,1.80,1.90,0.10,5.56,31,CMW ENGINEERING
ADH-TAP-MAS-18MM,PCS,Glotool Masking Tape 18MM X 15 Yd,Packaging,138,1.00,0.90,-0.10,-10.00,129,SONIC3
TOO-NIE-SOC-HDL-10MM,PCS,Nietz T Hdl Deep Socket Wrch (6PT)50050210 10MM,Electrical,5,25.90,25.80,-0.10,-0.39,5,SUNWAY WINSTAR
TOO-COM-GLO-24MM,PCS,Glotool Combination Wrench 24MM,Hand Tools,5,17.00,16.90,-0.10,-0.59,5,SONIC3
BOS-2608-608-N92,PCS,Fiber Sanding Disc 100MM P24,Abrasives & Cutting,14,1.80,1.90,0.10,5.56,14,CMW ENGINEERING
SHO-CAB-CHS3140CP,UNIT,Cabana Hand Shower Set,Bathroom,3,94.90,95.00,0.10,0.11,3,HUE HOME
BOS-2608-901-468,PCS,4 Cutting Disc-s/steel,Abrasives & Cutting,71,3.90,3.80,-0.10,-2.56,71,CMW ENGINEERING
BOS-2608-608-N95,PCS,Fiber Sanding Disc 100MM P80,Abrasives & Cutting,6,1.80,1.90,0.10,5.56,6,CMW ENGINEERING
BID-SAN-SBD-304-60075,PCS,S600 S/s Spray Bidet Set HOLDER&1.2MM Flexible Hose,Bathroom,4,44.90,45.00,0.10,0.22,4,VTC HARDWARE
FAN-WAL-HOOK-31183,PCS,Wall Fan Bracket,Fans & Ventilation,32,4.10,4.00,-0.10,-2.44,28,REXER3
BOS-2608-680-796,PCS,Multi Purpose D/bit 10 X 80 X 120MM,Power Tools,2,17.60,17.50,-0.10,-0.57,2,CMW ENGINEERING
CHA-CAP-SQU-EXT-25MM,PCK,Square External Cap 25MM (4PCS/PCK),Outdoor & Garden,18,2.40,2.30,-0.10,-4.17,18,SYN JING LEE
CLI-HOS-16-25,PCS,PVC Wing Hose Clip 16-25,Outdoor & Garden,137,1.90,1.80,-0.10,-5.26,133,SYN JING LEE
"TOO-LEV-MAG-3805X24""",PCS,T&t Magnetic Flat Aluminium Level - 3805X24,Power Tools,6,35.90,35.80,-0.10,-0.28,6,JHT HARDWARE
BOS-2608-608-N96,PCS,Fiber Sanding Disc 100MM P100,Abrasives & Cutting,1,2.00,1.90,-0.10,-5.00,1,CMW ENGINEERING
ELE-PEN-81219/1-E27,PCS,81219/1 Pendant Lamp Round Base,Lighting,20,28.90,29.00,0.10,0.35,20,CIMA
CHA-CAP-ROU-EXT-22MM,PCK,Round External Cap 22MM (4PCS/PCK),Outdoor & Garden,14,2.10,2.20,0.10,4.76,14,SYN JING LEE
ELE-PEN-81225/1-E27,PCS,81225/1 Pendant Lamp Round Base,Lighting,19,28.90,29.00,0.10,0.35,19,CIMA
CHA-CAP-ROU-EXT-25MM,PCK,Round External Cap 25MM (4PCS/PCK),Outdoor & Garden,12,2.40,2.30,-0.10,-4.17,12,SYN JING LEE
GAS-STO-KD-120B,PCS,Dekka Gas Stove KD-120B,Kitchen & Sinks,1,44.90,45.00,0.10,0.22,1,HAN LIN
CLI-HOS-13-23,PCS,PVC Wing Hose Clip 13-23,Outdoor & Garden,99,1.70,1.80,0.10,5.88,96,SYN JING LEE
ELE-PEN-81218/1-E27,PCS,81218/1 Pendant Lamp Round Base,Lighting,15,28.90,29.00,0.10,0.35,15,CIMA
EXH-FAN-FN30A,PCS,Dekka Apb 30A 12 Wall Exhaust Fan,Fans & Ventilation,4,98.90,99.00,0.10,0.10,4,HAN LIN
PUL-GAT-6153X2T,PCS,R'key Gate Puller,Doors & Hardware,2,68.90,68.80,-0.10,-0.15,2,JHT HARDWARE
PLUG-TOP-SIR-13AMP,PCS,Isafe Plug Top With SIRIM,Electrical,277,4.00,3.90,-0.10,-2.50,269,MAJOR HARVEST3
ROP-PP-12MM,MTR,12MM P. P Rope,"Rope, Chain & Netting",251,1.80,1.90,0.10,5.56,250.58,TIE BROTHER3
CHA-CAP-ROU-EXT-19MM,PCK,Round External Cap 19MM (4PCS/PCK),Outdoor & Garden,6,1.90,1.80,-0.10,-5.26,6,SYN JING LEE
DOR-BEA-AGD-108/SN,PCS,Armor Ball Bearing Door Guard,Doors & Hardware,2,36.90,37.00,0.10,0.27,2,VERTEX
TOI-BAS-BRA,PCS,Basin Bracket,Bathroom,80,2.60,2.50,-0.10,-3.85,80,WHA WEE
"FAS-SCR-TAP-CSK-6#1-1/2""",PACK,"6 X1-1/2""CSK Self Tap Screw-flat Head (20PCS/PCK)",Fasteners & Fixings,39,2.00,2.10,0.10,5.00,39,KIM KONG3
"FAS-SCR-P/H-1 1/4"" X 8#",PCK,Sr P/h Self Drilling Screw 1 1/4 X 8 (20PCS/PCK),Fasteners & Fixings,29,2.60,2.50,-0.10,-3.85,29,SYARIKAT HUA KIONG3
"FAS-SCR-TAP-CSK-8#1""-PCK",PACK,"8 X1""CSK Self Tapping Screw-flat Head (10PCS/PCK)",Fasteners & Fixings,68,1.10,1.20,0.10,9.09,67,KIM KONG3
HOS-FLE-VIP-PP20,PCS,PP-20 White Nylon Vip Flexible Tube,Outdoor & Garden,5,11.60,11.50,-0.10,-0.86,4,KIM KONG3
"FAS-SCR-F/H-3/4"" X 8#",PCK,Sr F/h Self Drilling Screw 3/4 X 8 (20PCS/PCK),Fasteners & Fixings,40,1.70,1.80,0.10,5.88,40,SYARIKAT HUA KIONG3
"FAS-SCR-TAP-CSK-6#2""",PACK,6 X2 Csk Self Tapping Screw-flat Head (10PCS/PCK),Fasteners & Fixings,48,1.30,1.40,0.10,7.69,48,KIM KONG3
NAIL-RIVET-ARN2575-BOX,BOX,Arrow Rivet Gun Round Nail 25 X 7.5MM (200PCS/BOX),Fasteners & Fixings,10,38.90,39.00,0.10,0.26,9,CHIN LAI
"BRA-STEEL-L-1.5""X1.5""",PCS,"Steel L Bracket 1.5""X1.5 (BC185K)",Plumbing,464,0.80,0.90,0.10,12.50,454,HSIN NGIE
SHH-LINE-WHI-NO.250,PKT,(sf) Round White M. L. No. 250,Fishing & Tackle,13,9.40,9.30,-0.10,-1.06,13,SINHENHUA
BNW-BOL-SS304-M10-45MM,PCS,SS 304 Bolt - M10 X 45MM,Fasteners & Fixings,20,2.40,2.30,-0.10,-4.17,20,SONIC3
"BRA-STEEL-L-1""X1""",PCS,"Steel L Bracket 1""X1 (BC185K)",Plumbing,508,0.60,0.70,0.10,16.67,508,HSIN NGIE
"PIC-HAN-GOL-1-1/2""",PCK,Golden Picture Hanger-m'sia 1-1/2 (2PAIR/PCK),Housewares,67,1.60,1.70,0.10,6.25,67,SYN JING LEE
CLI-HOS-PVC-13-23,PCS,7/8 S/steel Hose Clip With PVC Handle 13-23,Doors & Hardware,192,1.80,1.90,0.10,5.56,185,DALMAX3
CLI-HOS-ORB-00,PCS,Orbit Hose Clip No : 00,Outdoor & Garden,185,1.70,1.60,-0.10,-5.88,175,SYN JING LEE
PAI-TRA,PCS,PVC Roller Tray,Housewares,239,3.80,3.90,0.10,2.63,236,MAJOR HARVEST3
TAP-CAB-CB2831,PCS,Hose Bib Tap,Plumbing,4,58.90,59.00,0.10,0.17,4,WEMA HOME PLT
"CLI-HOS-GP-2""",PCS,Gp S/steel Hose CLIP-2 (27-51MM),Outdoor & Garden,14,1.80,1.90,0.10,5.56,10,ALIKE HARDWARE3
"PIC-HAN-GOL-1""",PCK,Golden Picture Hanger-m'sia 1 (2PAIR/PCK),Housewares,56,1.30,1.40,0.10,7.69,56,SYN JING LEE
"FAS-SCR-TAP-CSK-10#1-1/2""",PCK,"10 X1-1/2""CSK Self Tapping Screw-flat Head (10PCS/PCK)",Fasteners & Fixings,15,2.10,2.00,-0.10,-4.76,15,KIM KONG3
"TOO-NYL-PLU-COU-3/8""-NPH30",PCS,Nylon Quick Coupler 3/8 Hose NPH-30,Outdoor & Garden,10,2.40,2.30,-0.10,-4.17,10,DALMAX3
SHH-LINE-WHI-NO.200,PKT,(sf) Round White M. L. No. 200,Fishing & Tackle,9,7.60,7.50,-0.10,-1.32,9,SINHENHUA
NAIL-RETAINING- CLIP-PVC-S110,PCK,PVC Retaining Nail Clip S110 (2PCS/PCK),Fasteners & Fixings,190,0.90,1.00,0.10,11.11,190,CHIN LAI
SHH-ROD-HSS662,PCS,Hytac Harmost Rod (6'6''),Fishing & Tackle,1,59.90,59.80,-0.10,-0.17,1,SINHENHUA
"TOO-NYL-PLU-COU-5/16""-NPH20",PCS,Nylon Quick Coupler 5/16 Hose NPH-20,Outdoor & Garden,10,2.00,1.90,-0.10,-5.00,10,DALMAX3
BNW-NUT-SS304-M12,PCS,SS 304 Nut - M12,Fasteners & Fixings,95,1.70,1.60,-0.10,-5.88,93,SONIC3
BNW-NUT-SS304-M10,PCS,SS 304 Nut - M10,Fasteners & Fixings,155,1.00,0.90,-0.10,-10.00,154,SONIC3
FAS-SCR-COA-M8070,PCS,Sr Coach Screw M8 X 70MM,Fasteners & Fixings,270,0.90,0.80,-0.10,-11.11,270,SYARIKAT HUA KIONG3
PAI-ROL-REF-R-0038,PCS,R'key Paint Roller Refill 2,Paint & Sundries,112,1.60,1.50,-0.10,-6.25,112,JHT HARDWARE
WEL-ELE-BRA-3MM,KGS,Brass Rod 3.0MM X 1,Welding,6,82.90,83.00,0.10,0.12,5.8,SONIC3
SHH-PLA-NET-NEEDLE-NO.4,PCS,Plastic Net Needle No. 4 (white),Fishing & Tackle,5,1.10,1.20,0.10,9.09,4,SINHENHUA
BRO-HAN-200MM,PCS,4 X 7/8 Broom Handle,Doors & Hardware,47,3.10,3.20,0.10,3.23,33,HWA SOONG TIMBER
CLI-HOS-ORB-1X,PCS,Orbit Hose Clip No : 1X,Outdoor & Garden,64,2.30,2.20,-0.10,-4.35,64,SYN JING LEE
"NAI-CON-GAL-2.1/2""-PCK",PCK,2-1/2 Galvanised Steel Nail- (20PCS/PCK),Fasteners & Fixings,47,2.30,2.40,0.10,4.35,47,BENTON
BNW-BOL-HTM-M08-35MM,PCS,H/t Bolt - M 08 X 35MM,Fasteners & Fixings,351,0.50,0.40,-0.10,-20.00,333,SONIC3
GAS-STO-LOC,PCS,Lucky Stove Lock On Off,Home Appliances,12,3.00,2.90,-0.10,-3.33,12,CHAI KA
MAR-PEN-90-BLUE,PCS,Faster 90 Marker Pen-blue,Hand Tools,27,2.10,2.20,0.10,4.76,26,MAJOR HARVEST3
FAS-SCR-COA-M8060,PCS,Sr Coach Screw M8 X 60MM,Fasteners & Fixings,199,0.80,0.70,-0.10,-12.50,199,SYARIKAT HUA KIONG3
"FAS-SCR-TAP-PAN-8#1""",PACK,8 X1 Ph Self Tapping Screw-pan Head (20PCS/PCK)),Fasteners & Fixings,50,1.80,1.90,0.10,5.56,50,KIM KONG3
"FAS-SCR-TAP-CSK-8#1 1/2""",PACK,8 X1-1/2 Csk Self Tapping Screw - Flat Head (10PCS/PCK),Fasteners & Fixings,59,1.50,1.40,-0.10,-6.67,58,KIM KONG3
FIT-PVC-SOC-REC-20MMX15MM,PCS,"PVC Fitting Soc Red 3/4""X1/2",Plumbing,146,0.60,0.70,0.10,16.67,146,KIONG SING
BNW-BOL-HTM-M12-25MM,PCS,H/t Bolt - M 12 X 25MM,Fasteners & Fixings,146,1.00,0.90,-0.10,-10.00,144,SONIC3
SHH-PLA-NET-NEEDLE-NO.3,PCS,Plastic Net Needle No. 3 (white),Fishing & Tackle,3,1.30,1.20,-0.10,-7.69,0,SINHENHUA
BRA-S/STEEL-40MM,PCS,40MM S/steel Flat L Bracket,Plumbing,94,1.50,1.60,0.10,6.67,94,DALMAX3
CAB-PVC-FLE-CON-20MM-ECO,MTR,20MM PVC Flexible Conduit - Black 40M (kancil),Electrical,99,1.40,1.50,0.10,7.14,97.2,ECO ENTERP
FAS-SCR-COA-M6070,PCS,Sr Coach Screw M6 X 70MM,Fasteners & Fixings,221,0.60,0.50,-0.10,-16.67,221,SYARIKAT HUA KIONG3
POL-EXT-ALM4M3P,PCS,4 Meter Monkey King Pole (aluminium),Other,3,94.90,95.00,0.10,0.11,3,DALMAX3
MAR-PEN-70-RED,PCS,Faster 70 Marker Pen-red,Hand Tools,20,2.10,2.20,0.10,4.76,19,MAJOR HARVEST3
NYLON-CORD-9042,MTR,Nylon Cord 9042 X 500G,Other,221,1.20,1.30,0.10,8.33,178,SYARIKAT HUA KIONG3
BNW-BOL-HTM-M10-30MM,PCS,H/t Bolt - M 10 X 30MM,Fasteners & Fixings,186,0.60,0.70,0.10,16.67,180,SONIC3
BNW-NUT-SS304-M08,PCS,SS 304 Nut - M08,Fasteners & Fixings,110,0.60,0.70,0.10,16.67,106,SONIC3
ELE-SOC-PLU-SATELITE,PCK,F Satelite Screw Plug (2PCS/PCK),Fasteners & Fixings,22,3.00,2.90,-0.10,-3.33,22,FULL-LITE
TOO-WRE-KEY-KTHEX12003,SET,King Top 9 PCS Hex Key Wrench Set 12003,Hand Tools,12,20.90,20.80,-0.10,-0.48,11,LI HARDWARE
ELE-PVC-SOC-TC1820MM,PCS,Tc PVC Socket,Electrical,129,0.50,0.40,-0.10,-20.00,119,SEBD3
"FAS-SCR-TAP-PAN-6#3/4""",PACK,6 X3/4 Self Tapping Screw-pan Head (20PCS/PCK),Fasteners & Fixings,49,1.30,1.20,-0.10,-7.69,49,KIM KONG3
BNW-BOL-HTM-M10-35MM,PCS,H/t Bolt - M 10 X 35MM,Fasteners & Fixings,173,0.60,0.70,0.10,16.67,173,SONIC3
BNW-WAS-SPR-18MM,PCK,Bsw Spring Washer 3/4 (8PCS/PCK),Fasteners & Fixings,17,3.60,3.50,-0.10,-2.78,17,HTC HARDWARE
FAS-SCR-COA-M8050,PCS,Sr Coach Screw M8 X 50MM,Fasteners & Fixings,148,0.70,0.60,-0.10,-14.29,148,SYARIKAT HUA KIONG3
PAI-ROL-SET-WK-RR54319,SET,Worker 4 X 18 Radiator Roller Set,Automotive,66,3.50,3.40,-0.10,-2.86,60,MAJOR HARVEST3
ABR-PAP-STAR-400#,PCS,Three Star Sandpaper 400,Abrasives & Cutting,125,1.80,1.90,0.10,5.56,125,SYN JING LEE
BNW-BOL-HTM-M10-25MM,PCS,H/t Bolt - M 10 X 25MM,Fasteners & Fixings,203,0.50,0.60,0.10,20.00,197,SONIC3
KGR-ALU-PAI-2.5L,TIN,Kangaroo Brand 250 Aluminium Paint 2.5 Litre,Paint & Sundries,1,76.90,77.00,0.10,0.13,1,KANGAROO PAINT
"FAS-SCR-TAP-CSK-6#1""",PACK,6 X1 Csk Self Tapping Screw-flat Head (20PCS/PCK),Fasteners & Fixings,39,1.50,1.60,0.10,6.67,39,KIM KONG3
FAS-SCR-COA-M8025,PCS,Sr Coach Screw M8 X 25MM,Fasteners & Fixings,194,0.50,0.40,-0.10,-20.00,194,SYARIKAT HUA KIONG3
IND-IRON-WEL-HAPS,PCS,Iron Welding Haps 1/8 X 4.1/2,Home Appliances,9,2.10,2.00,-0.10,-4.76,9,WHA WEE
ABR-PAP-STAR-320#,PCS,Three Star Sandpaper 320,Abrasives & Cutting,114,1.80,1.90,0.10,5.56,114,SYN JING LEE
GRA-PVC-150MM,PCS,6 X 6 PVC Grating,Outdoor & Garden,30,2.40,2.50,0.10,4.17,30,ING PING3
CLI-HOS-ORB-0X,PCS,Orbit Hose Clip No : 0X,Outdoor & Garden,36,1.90,2.00,0.10,5.26,26,SYN JING LEE
FAS-SHE-EYE-RING-4#,PCK,4 Sheep Eye Ring (10PCS/PCK),Fasteners & Fixings,32,1.60,1.70,0.10,6.25,32,CHIONG SENG
BNW-BOL-HTM-M08-30MM,PCS,H/t Bolt - M 08 X 30MM,Fasteners & Fixings,170,0.50,0.40,-0.10,-20.00,170,SONIC3
"FAS-SCR-TAP-CSK-8#3/8""-PCK",PCK,8 X3/8 Csk Self Tapping Screw-flat Head (20PCS/PCK),Fasteners & Fixings,40,1.20,1.30,0.10,8.33,39,KIM KONG3
BNW-BOL-HTM-M12-60MM,PCS,H/t Bolt - M 12 X 60MM,Fasteners & Fixings,46,1.60,1.50,-0.10,-6.25,42,SONIC3
"FAS-SCR-TAP-CSK-10#1""",PACK,10 X1 Csk Self Tapping Screw-flat Head (10PCS/PCK),Fasteners & Fixings,4,1.50,1.60,0.10,6.67,3,KIM KONG3
BNW-BOL-HTM-M10-40MM,PCS,H/t Bolt - M 10 X 40MM,Fasteners & Fixings,102,0.70,0.80,0.10,14.29,102,SONIC3
"MET-WAT-WASHER-1/2""",PCK,Water Meter Washer 1/2 (2PCS/PCK),Fasteners & Fixings,16,2.60,2.50,-0.10,-3.85,16,SYARIKAT HUA KIONG
AER-FIL-TUB-050MM,MTR,Aerico Filter Tube 2 1/2 5MM,Pumps & Water,12,4.40,4.30,-0.10,-2.27,12.5,AERICO
FIT-PVC-ELB-15MM*,PCS,PVC Fitting Elbow 15MM 1/2,Plumbing,561,0.80,0.70,-0.10,-12.50,536,KIONG SING
BNW-BOL-SS304-M6-30MM,PCS,SS 304 Bolt - M6 X 30MM,Fasteners & Fixings,96,0.70,0.60,-0.10,-14.29,95,SONIC3
FAS-SCR-COA-M6060,PCS,Sr Coach Screw M6 X 60MM,Fasteners & Fixings,121,0.50,0.40,-0.10,-20.00,121,SYARIKAT HUA KIONG3
RIG-CLI-GAL-10MM,PCS,Galvanised Wire Rope Clip 10MM,Lifting & Rigging,19,1.10,1.20,0.10,9.09,16,SONIC3
AER-FIL-TUB-065MM,MTR,Aerico Filter Tube 3 6.5MM,Pumps & Water,10,4.40,4.30,-0.10,-2.27,10.5,AERICO
BNW-BOL-HTM-M06-40MM,PCS,H/t Bolt - M 06 X 40MM,Fasteners & Fixings,117,0.50,0.40,-0.10,-20.00,117,SONIC3
PAI-ROL-REF-L420*,PCS,Leon 4 Paint Roller,Paint & Sundries,2,1.60,1.50,-0.10,-6.25,200,BOON SENG
FIT-HDPE-ORI-20MM,PCS,HDPE O-ring 20MM,Plumbing,46,1.20,1.10,-0.10,-8.33,46,HUA BAN
TOO-HAM-CLA-AH23,PCS,23MM Arrow Claw Hammer W/hickory Wooden Hammer,Hand Tools,7,17.60,17.50,-0.10,-0.57,7,CHIN LAI
BNW-WAS-SPR-14MM,PCK,Bsw Spring Washer 9/16 (8PCS/PCK),Fasteners & Fixings,13,2.40,2.50,0.10,4.17,13,HTC HARDWARE
MIDDY-CORNER IN-G100CI-W,PCS,Middy:corner IN (white),Other,3,39.90,40.00,0.10,0.25,3,ING HING HONG
BNW-BOL-HTM-M12-45MM,PCS,H/t Bolt - M 12 X 45MM,Fasteners & Fixings,35,1.50,1.40,-0.10,-6.67,35,SONIC3
BNW-BOL-HTM-M16-40MM,PCS,H/t Bolt - M 16 X 40MM,Fasteners & Fixings,21,2.50,2.40,-0.10,-4.00,21,SONIC3
"NAI-CON-GAL-2""-PCK",PCK,2 Galvanised Steel Nail (20PCS/PCK),Fasteners & Fixings,17,1.80,1.90,0.10,5.56,17,BENTON
SHH-SINKER-ROUND-NO.6,PCK,Round Shape Sinker 6 (1PC/PCK),Fishing & Tackle,6,1.50,1.40,-0.10,-6.67,6,SINHENHUA
FIT-PVC-TEE-PT15MM,PCS,PVC Fitting P/t Tee 15MM 1/2,Plumbing,185,1.60,1.50,-0.10,-6.25,181,KIONG SING
STR-NYL-MIX,PCS,Dozen Nylon String (PCS),"Rope, Chain & Netting",60,1.70,1.60,-0.10,-5.88,79,SA GENERAL PLASTIC
BNW-BOL-SS304-M8-20MM,PCS,SS 304 Bolt - M8 X 20MM,Fasteners & Fixings,39,1.10,1.00,-0.10,-9.09,39,SONIC3
FAS-SCR-COA-M8030,PCS,Sr Coach Screw M8 X 30MM,Fasteners & Fixings,83,0.50,0.40,-0.10,-20.00,83,SYARIKAT HUA KIONG3
FAS-BOL-ANC07,PCK,Sh Drop IN Anchor 5/16 X 1-3/16 (5PCS/PCK),Fasteners & Fixings,10,2.40,2.50,0.10,4.17,10,SONIC3
FAS-SCR-COA-M6050,PCS,Sr Coach Screw M6 X 50MM,Fasteners & Fixings,81,0.50,0.40,-0.10,-20.00,81,SYARIKAT HUA KIONG3
RIG-CLI-GAL-03MM,PCS,Galvanised Wire Rope Clip 03MM,Lifting & Rigging,27,0.50,0.60,0.10,20.00,27,SONIC3
"TOO-NYL-PLU-COU-3/8""-NPF30",PCS,Nylon Quick Coupler 3/8 Female NPF-30,Power Tool Accessories,10,2.40,2.30,-0.10,-4.17,10,DALMAX3
"TOO-NYL-PLU-COU-3/8""-NPM30",PCS,Nylon Quick Coupler 3/8 Male NPM-30,Power Tool Accessories,10,2.40,2.30,-0.10,-4.17,10,DALMAX3
STR-GUN-NED-5IN,PCS,5 IN Gunny Needle,Packaging,12,1.10,1.20,0.10,9.09,11,CHIONG SENG
RIG-CLI-GAL-08MM,PCS,Galvanised Wire Rope Clip 08MM,Lifting & Rigging,16,0.80,0.90,0.10,12.50,14,SONIC3
FIT-PVC-ELB-PT15MM,PCS,PVC Fitting P/t Elbow 15MM 1/2,Plumbing,204,1.20,1.30,0.10,8.33,200,KIONG SING
NAI-ROO-SUP-P50MM-500GRM,PCK,E. G Roofing Nail - Plain 50MM,Fasteners & Fixings,4,5.00,5.10,0.10,2.00,3,SONIC
"TOO-NYL-PLU-COU-1/4""-NPF20",PCS,Nylon Quick Coupler 1/4 Female NPF-20,Power Tool Accessories,10,2.00,1.90,-0.10,-5.00,10,DALMAX3
"TOO-NYL-PLU-COU-1/4""-NPM20",PCS,Nylon Quick Coupler 1/4 Male NPM-20,Power Tool Accessories,10,2.00,1.90,-0.10,-5.00,10,DALMAX3
BNW-BOL-SS304-M6-50MM,PCS,SS 304 Bolt - M6 X 50MM,Fasteners & Fixings,34,1.00,0.90,-0.10,-10.00,30,SONIC3
RIG-CLI-GAL-06MM,PCS,Galvanised Wire Rope Clip 06MM,Lifting & Rigging,15,0.70,0.80,0.10,14.29,15,SONIC3
BNW-BOL-HTM-M06-45MM,PCS,H/t Bolt - M 06 X 45MM,Fasteners & Fixings,63,0.50,0.40,-0.10,-20.00,63,SONIC3
BNW-BOL-HTM-M12-30MM,PCS,H/t Bolt - M 12 X 30MM,Fasteners & Fixings,22,1.20,1.10,-0.10,-8.33,22,SONIC3
BNW-BOL-HTM-M10-60MM,PCS,H/t Bolt - M 10 X 60MM,Fasteners & Fixings,28,0.90,0.80,-0.10,-11.11,28,SONIC3
"NAI-CON-GAL-3/4""-PCK",PCK,3/4 Galvanised Steel Nail (20CS/PCK),Fasteners & Fixings,24,0.60,0.70,0.10,16.67,23,BENTON
HOS-SPA-WAS-C555,PCS,C555 Washer & Nut (PCS),Fasteners & Fixings,5,2.80,2.70,-0.10,-3.57,34,SYN JING LEE
SHH-PE-TWINE-380421GG,PCS,380/42 Gg P. E. Twine,Fishing & Tackle,20,2.70,2.80,0.10,3.70,20,SINHENHUA
GAR-HOE-WED,PCS,Hoe Wedges,Outdoor & Garden,16,1.10,1.00,-0.10,-9.09,14,CHIONG SENG
PIP-HOO-GAL-20MM,PCS,Hook Pipe GI 20MM,Plumbing,207,0.70,0.60,-0.10,-14.29,207,KIONG SING
ROO-SHE-0.33MM-GALV,PCS,Roofing Galvzinc 0.33MM X 8 X 28G,Building Materials,1,48.90,49.00,0.10,0.20,1,JCH
RIG-CLI-GAL-05MM,PCS,Galvanised Wire Rope Clip 05MM,Lifting & Rigging,11,0.60,0.70,0.10,16.67,11,SONIC3
ELE-PVC-CAP,PCS,Box Lid - Screw Type,Fasteners & Fixings,258,0.50,0.40,-0.10,-20.00,252,FULL-LITE
FAS-HOO-EYE-14#,PCS,14 Hook & Eyes,Fasteners & Fixings,99,1.20,1.10,-0.10,-8.33,99,CHIONG SENG
BNW-BOL-HTM-M10-75MM,PCS,H/t Bolt - M 10 X 75MM,Fasteners & Fixings,15,1.10,1.00,-0.10,-9.09,15,SONIC3
ABR-PAP-CLO-3#,PCS,Cloth Abrasive Paper 3,Abrasives & Cutting,33,1.10,1.20,0.10,9.09,33,CHIONG SENG
BNW-WAS-SSS-12MM,PCS,SS 304 Flat Washer 1/2,Fasteners & Fixings,151,0.70,0.60,-0.10,-14.29,140.8,SONIC3
ELE-PVC-INS-TEE,PCS,19MM Inspection Tee,Plumbing,82,1.20,1.10,-0.10,-8.33,82,ECO ENTERPRISE3
BNW-BOL-HTM-M12-40MM,PCS,H/t Bolt - M 12 X 40MM,Fasteners & Fixings,10,1.40,1.30,-0.10,-7.14,8,SONIC3
IND-SCP-WOO-065MM,PCS,Gd Scraper 2.1/2,Building Materials,16,1.90,2.00,0.10,5.26,16,SONIC3
ELE-CLI-PIP-PVC-12MM,PCS,1/2 PVC Pipe Clips,Plumbing,138,0.60,0.50,-0.10,-16.67,131,TIE BROTHER3
SHH-PLA-NET-NEEDLE-NO.6,PCS,Plastic Net Needle No. 6 (white),Fishing & Tackle,2,0.90,1.00,0.10,11.11,2,SINHENHUA
IND-SLO-ANG-TRA-PLA,PCS,Slotted Angle Triangle Plate,Building Materials,45,0.60,0.70,0.10,16.67,44,SONIC
ABR-PAP-CLO-2#,PCS,Cloth Abrasive Paper 2,Abrasives & Cutting,24,1.10,1.20,0.10,9.09,24,CHIONG SENG
FIT-PVC-SOC-DE32MM,PCS,PVC Fitting Socket D/e 32MM 1-1/4 Swv,Plumbing,38,2.00,1.90,-0.10,-5.00,38,KIONG SING
SHH-PLA-NET-NEEDLE-NO.2,PCS,Plastic Net Needle No. 2 (white),Fishing & Tackle,1,1.50,1.40,-0.10,-6.67,1,SINHENHUA
"SOC-PVC-TEE-1""",PCS,PVC Socket Tee 1 White,Plumbing,22,0.50,0.40,-0.10,-20.00,22,GOLDEN DAY
BNW-NUT-HTM-M16,PCS,H/t Nut - M 16,Fasteners & Fixings,98,0.70,0.60,-0.10,-14.29,98,SONIC3
FAS-HOO-EYE-6#,PCK,6 Hook & Eyes (6 Pcs/pck),Fishing & Tackle,12,1.80,1.70,-0.10,-5.56,12,CHIONG SENG
FIT-HDPE-ORI-32MM,PCS,HDPE O-ring 32MM,Plumbing,5,1.80,1.90,0.10,5.56,5,HUA BAN
FIT-PVC-VAL-SOC-20MM,PCS,PVC Fitting Socket Valve 20MM 3/4,Plumbing,76,0.80,0.90,0.10,12.50,176,KIONG SING
"SOC-GI-2WAY-BOX-3/4""",PCS,GI 2WAY Box 3/4,Other,2,0.50,0.60,0.10,20.00,2,GOLDEN DAY
BNW-WAS-SSS-09MM,PCS,SS 304 Flat Washer 3/8,Fasteners & Fixings,115,0.50,0.40,-0.10,-20.00,114,SONIC3
FIT-PVC-CAP-20MM,PCS,PVC Fitting End Cap 20MM 3/4,Plumbing,95,0.60,0.70,0.10,16.67,95,KIONG SING
WEL-GLA-CLE,PCS,Clear Welding Glass 108 X 50,Welding,39,0.50,0.60,0.10,20.00,18,SONIC3
FAS-HOO-EYE-4#,PCK,4 Hook & Eyes (10 Pcs/pck),Fishing & Tackle,12,1.60,1.50,-0.10,-6.25,12,CHIONG SENG
FIT-PVC-CAP-25MM,PCS,PVC Fitting End Cap 25MM 1,Plumbing,55,1.00,0.90,-0.10,-10.00,55,KIONG SING
FIT-PVC-SOC-DE40MM,PCS,PVC Fitting Socket D/e 40MM 1-1/2 Swv,Plumbing,25,2.00,2.10,0.10,5.00,23,KIONG SING
"FAS-SCR-TAP-PAN-6#1""",PACK,6 X 1 Ph Self Tapping Screw - Pan Head,Fasteners & Fixings,31,1.60,1.70,0.10,6.25,31,KIM KONG3
CUT-SAW-BLA-C12MM,PCS,1/2 C Handsaw Blade,Abrasives & Cutting,29,0.50,0.60,0.10,20.00,29,CHIONG SENG
ELE-CLI-PIP-PVC-18MM,PCS,3/4 PVC Pipe Clips,Plumbing,61,0.70,0.60,-0.10,-14.29,57,TIE BROTHER3
FIT-HDPE-BUS-1X3/4,PCS,HDPE Bush 1 X 3/4,Plumbing,35,1.10,1.00,-0.10,-9.09,35,HUA BAN
X-STR-GUN-NED-6IN,PCS,6 IN Gunny Needle,Packaging,1,1.10,1.20,0.10,9.09,1,CHIONG SENG
"FIT-HDPE-NIP-1""X3/4""",PCS,HDPE Nipple 1 X 3/4,Plumbing,26,1.30,1.20,-0.10,-7.69,26,HUA BAN
"SOC-PVC-TEE-1""-BLUE",PCS,PVC Socket Tee 1 Blue,Plumbing,8,0.50,0.40,-0.10,-20.00,8,GOLDEN DAY
BNW-NUT-HTM-M14,PCS,H/t Nut - M 14,Fasteners & Fixings,47,0.60,0.50,-0.10,-16.67,45,SONIC3
BNW-JCBC-NUT-M6 X 13,PCS,M6 X 13 Nut,Fasteners & Fixings,49,0.50,0.40,-0.10,-20.00,49,ENG HUAT TRADING
"FAS-SCR-TAP-CSK-6#5/8""",PACK,"6 X5/8""CSK Self Tapping Screw-flat Head (20PCS/PCK)",Fasteners & Fixings,1,1.10,1.20,0.10,9.09,1,KIM KONG3
IND-SCP-WOO25,PCS,Gd Scraper 1 (PCS),Building Materials,4,1.40,1.30,-0.10,-7.14,16,SONIC3
FIT-PVC-PLU-15MM,PCS,PVC Fitting Plug 15MM 1/2,Plumbing,33,0.50,0.60,0.10,20.00,130,KIONG SING
"BNW-BOL-U-ZP1/4X1.1/2""",PCS,Zp U-bolt 1/4 X 1.1/2,Fasteners & Fixings,10,1.40,1.30,-0.10,-7.14,10,SONIC3
"FIT-HDPE-BUS-3/4""X1/2""",PCS,HDPE Bush 3/4 X 1/2,Plumbing,13,0.90,0.80,-0.10,-11.11,6,HUA BAN
BNW-BOL-HTM-M06-50MM,PCS,H/t Bolt - M 06 X 50MM,Fasteners & Fixings,2,0.50,0.40,-0.10,-20.00,102,SONIC3
SWI-PLU-KEY-13A,PKT,PVC 13A Plug Key,Electrical,9,0.90,1.00,0.10,11.11,9,FULL-LITE
"HOS-SPA-RUB-3/4""",PCK,3/4 IN Tap Rubber Fitting,Plumbing,15,0.50,0.60,0.10,20.00,14,CHIONG SENG
"BNW-BOL-U-ZP1/4X2""",PCS,Zp U-bolt 1/4 X 2,Fasteners & Fixings,4,1.60,1.50,-0.10,-6.25,4,SONIC3
GUN-GRE-NIP-STR-M8X1.0,PCS,S. K Straight Grease Nipple M8 X 1.0,Fasteners & Fixings,2,2.10,2.00,-0.10,-4.76,12,HTC HARDWARE
ELE-STA-HOL,PCS,Starter Holder,Electrical,1,1.60,1.50,-0.10,-6.25,1,SEBD3
"ELE-PVC-ELB-BLUE-3/4""",PCS,Ele PVC Elbow 3/4 Blue,Plumbing,1,0.50,0.40,-0.10,-20.00,1,GOLDEN DAY
